
======================================================================
🗄️  数据库模式运行
======================================================================
[INFO] 配置名称: OC_Paste_S1_20251224
📅 日期范围: 2025-12-15 到 2026-02-28
🔌 数据库: localhost:5432/test_db
======================================================================

🔍 检测数据库 'test_db'...
✅ 数据库已存在: test_db
🔍 测试数据库连接...
✅ 数据库连接成功 (版本: PostgreSQL 18.1 on x86_64-windows, compi...)

🔍 检测配置表 'OC_Paste_S1_20251224'...
✅ 找到 362388 个配置表
[DIR] 日志目录: D:\PG\Code\chainsight\outputs\db_OC_Paste_S1_20251224_20260206_231947
2026-02-06 23:19:47 [INFO] 日志系统已初始化，日志文件: D:\PG\Code\chainsight\outputs\db_OC_Paste_S1_20251224_20260206_231947\simulation_log_20260206_231947.txt
2026-02-06 23:19:47 [INFO] 
============================================================
2026-02-06 23:19:47 [INFO] 🕐 程序时间信息
2026-02-06 23:19:47 [INFO] ============================================================
2026-02-06 23:19:47 [INFO] 📅 程序开始时间: 2026-02-06 23:19:47
2026-02-06 23:19:47 [INFO] 
============================================================
2026-02-06 23:19:47 [INFO] 📥 步骤1: 从数据库加载配置
2026-02-06 23:19:47 [INFO] ============================================================
  [OK] 加载配置表: cfg_config_guide -> config_guide (116 行)
  [OK] 加载配置表: cfg_covalidation -> covalidation (0 行)
  [OK] 加载配置表: cfg_global_demandpriority -> global_demandpriority (22 行)
  [OK] 加载配置表: cfg_global_leadtime -> global_leadtime (46 行)
  [OK] 加载配置表: cfg_global_network -> global_network (4397 行)
  [OK] 加载配置表: cfg_global_network_old -> global_network_old (4605 行)
  [OK] 加载配置表: cfg_global_seed -> global_seed (6 行)
  [OK] 加载配置表: cfg_global_spacecapacity -> global_spacecapacity (0 行)
  [OK] 加载配置表: cfg_m1_aoconfig -> m1_aoconfig (9218 行)
  [OK] 加载配置表: cfg_m1_demandforecast -> m1_demandforecast (97416 行)
  [OK] 加载配置表: cfg_m1_dpsconfig -> m1_dpsconfig (0 行)
  [OK] 加载配置表: cfg_m1_forecasterror -> m1_forecasterror (6598 行)
  [OK] 加载配置表: cfg_m1_initialinventory -> m1_initialinventory (2368 行)
  [OK] 加载配置表: cfg_m1_initialinventory_30d -> m1_initialinventory_30d (0 行)
  [OK] 加载配置表: cfg_m1_ordercalendar -> m1_ordercalendar (76 行)
  [OK] 加载配置表: cfg_m1_supplychoiceconfig -> m1_supplychoiceconfig (0 行)
  [OK] 加载配置表: cfg_m3_safetystock -> m3_safetystock (180576 行)
  [OK] 加载配置表: cfg_m4_changeoverdefinition -> m4_changeoverdefinition (20 行)
  [OK] 加载配置表: cfg_m4_changeovermatrix -> m4_changeovermatrix (43929 行)
  [OK] 加载配置表: cfg_m4_linecapacity -> m4_linecapacity (1825 行)
  [OK] 加载配置表: cfg_m4_materiallocationlinecfg -> m4_materiallocationlinecfg (435 行)
  [OK] 加载配置表: cfg_m4_productionreliability -> m4_productionreliability (5 行)
  [OK] 加载配置表: cfg_m5_deployconfig -> m5_deployconfig (10045 行)
  [OK] 加载配置表: cfg_m5_pushpullmodel -> m5_pushpullmodel (304 行)
  [OK] 加载配置表: cfg_m6_deliverydelaydistribution -> m6_deliverydelaydistribution (2 行)
  [OK] 加载配置表: cfg_m6_materialmd -> m6_materialmd (305 行)
  [OK] 加载配置表: cfg_m6_mdqbypassrules -> m6_mdqbypassrules (1 行)
  [OK] 加载配置表: cfg_m6_truckcapacityplan -> m6_truckcapacityplan (0 行)
  [OK] 加载配置表: cfg_m6_truckreleasecon -> m6_truckreleasecon (46 行)
  [OK] 加载配置表: cfg_m6_trucktypespecs -> m6_trucktypespecs (3 行)
  [OK] 加载配置表: cfg_sheet1 -> sheet1 (0 行)
  [OK] 加载配置表: cfg_sit_design -> sit_design (24 行)
2026-02-06 23:19:48 [INFO] [OK] 已加载 32 个配置表
2026-02-06 23:19:48 [INFO] 
============================================================
2026-02-06 23:19:48 [INFO] [DUCK] 步骤2: DuckDB处理配置并运行仿真
2026-02-06 23:19:48 [INFO] ============================================================
2026-02-06 23:19:48 [INFO] [RUN] 使用标准仿真引擎运行（与文件模式一致）...

============================================================
🕐 程序时间信息
============================================================
📅 程序开始时间: 2026-02-06 23:19:48
🚀 开始集成仿真 (数据库模式): 2025-12-15 到 2026-02-28
📋 配置: OC_Paste_S1_20251224
============================================================
✅ DuckDB内存模式已启用 (threads=28, memory=7GB)
🦆 DuckDB内存模式已启用（7GB限制）
✅ 跳过预验证（数据库模式）
🦆 DuckDB处理配置数据...
📋 处理配置数据: OC_Paste_S1_20251224 (共 32 个表)
  ✅ 加载配置表: Config Guide (116 行)
  ✅ 加载配置表: COValidation (0 行)
  ✅ 加载配置表: Global_DemandPriority (22 行)
  ✅ 加载配置表: Global_LeadTime (46 行)
  ✅ 加载配置表: Global_Network (4397 行)
  ✅ 加载配置表: global_network_old (4605 行)
  ✅ 加载配置表: Global_seed (6 行)
  ✅ 加载配置表: Global_SpaceCapacity (0 行)
  ✅ 加载配置表: M1_AOConfig (9218 行)
  ✅ 加载配置表: M1_DemandForecast (97416 行)
  ✅ 加载配置表: M1_DPSConfig (0 行)
  ✅ 加载配置表: M1_ForecastError (6598 行)
  ✅ 加载配置表: M1_InitialInventory (2368 行)
  ✅ 加载配置表: M1_InitialInventory_30D (0 行)
  ✅ 加载配置表: M1_OrderCalendar (76 行)
  ✅ 加载配置表: M1_SupplyChoiceConfig (0 行)
  ✅ 加载配置表: M3_SafetyStock (180576 行)
  ✅ 加载配置表: M4_ChangeoverDefinition (20 行)
  ✅ 加载配置表: M4_ChangeoverMatrix (43929 行)
  ✅ 加载配置表: M4_LineCapacity (1825 行)
  ✅ 加载配置表: M4_MaterialLocationLineCfg (435 行)
  ✅ 加载配置表: M4_ProductionReliability (5 行)
  ✅ 加载配置表: M5_DeployConfig (10045 行)
  ✅ 加载配置表: M5_PushPullModel (304 行)
  ✅ 加载配置表: M6_DeliveryDelayDistribution (2 行)
  ✅ 加载配置表: M6_MaterialMD (305 行)
  ✅ 加载配置表: M6_MDQBypassRules (1 行)
  ✅ 加载配置表: M6_TruckCapacityPlan (0 行)
  ✅ 加载配置表: M6_TruckReleaseCon (46 行)
  ✅ 加载配置表: M6_TruckTypeSpecs (3 行)
  ✅ 加载配置表: Sheet1 (0 行)
  ✅ 加载配置表: SIT Design (24 行)
🔧 正在标准化标识符字段...

🔧 校验 Changeover Matrix 配置...
  ✅ Changeover Matrix 无重复定义

🔧 校验 Changeover Definition 配置...
  ✅ Changeover Definition 无重复定义

🔧 正在映射 Module4 配置表...
  🔧 映射 M4_MaterialLocationLineCfg → MaterialLocationLineCfg
  🔧 映射 M4_LineCapacity → LineCapacity
  🔧 映射 M4_ChangeoverMatrix → ChangeoverMatrix
  🔧 映射 M4_ChangeoverDefinition → ChangeoverDefinition
  🔧 映射 M4_ProductionReliability → ProductionReliability
✅ 已映射 5 个 Module4 配置表
⚠️未找到 Global_Seed 配置，使用默认值: 42
✨已为所有模块设置统一随机种子: 42
🎯 初始化Orchestrator
✅ Orchestrator initialized for simulation starting 2025-12-15
🆕全新开始：设置初始状态
⚠️未找到空间容量配置
📅 仿真日期范围: 76 天
==================== 第 1/76 天: 2025-12-15 ====================
🌅 每日开始状态更新
💾保存期初库存快照...
💾已保存 2025-12-15 期初库存: 2368 项
📦处理当日delivery GR到达...
🏭处理历史生产当日入库...
📦当日无历史生产入库
1️⃣ 运行 Module1 - 订单生成
[M1] 周度→日度拆分完成，生成天数: 681912，耗时: 0.056s
[M1] 周度→日度拆分完成，生成天数: 681912，耗时: 0.056s
[M1] 平均需求计算完成，ML数: 2376，耗时: 0.158s
[M1] 订单生成完成 (AO耗时: 0.020s, Normal耗时: 0.026s, 总耗时: 0.204s)，订单数: 4532
[M1] AO消耗完成(向量化)，耗时: 0.053s
[M1] Normal消耗完成(向量化)，耗时: 0.026s
[M1] 当日订单生成完成，订单数: 4532，耗时: 9.148s
[M1] 历史订单读取完成，文件数: 0，合并条目: 0
[M1] 历史订单合并前过滤完成，耗时: 0.000s
[M1] 发货与缺货计算完成，shipment: 1314，cut: 1314，耗时: 0.022s
[M1] 供需日志生成完成，条目: 213840，耗时: 1.961s
🚚立即处理M1 shipment，扣减库存...
✅ Processed 1314 M1 shipments for 2025-12-15
✅ 已扣减 1314 个shipment的库存
✅ Module1 完成 - 生成 4532 个订单, 1314 个发货
2️⃣ 运行 Module4 - 生产计划
Warning: No NetDemand data for 2025-12-15. Generating empty output.
🔄无前一天产线状态 - 全新开始
🔄无之前已分配产能 - 全新开始
Module4 daily output generated: C:\Users\admin\AppData\Local\Temp\tmp28izcmm6\output\module4\Module4Output_20251215.xlsx
📦M4当日未生成生产计划或缺少 available_date 列
✅ Module4 完成 - 生成生产计划: 0 条记录
3️⃣ 运行 Module5 - 部署计划
⚠️Orchestrator当日无历史生产GR数据
[M5] load_integrated_config 用时: 0.290s
✅缓存已初始化: PTF/LSK=435 | LeadTime=46 | Network=4397
✅索引已构建: SDL=2376 | SS=2376 | Order=2002 | DeployCfg=1230
[M5] Demand collection only 用时: 10.745s
[M5] Demand collection+allocation 总用时: 17.856s
[M5] push_softpush_allocation 用时: 2.560s，生成行数: 0
[M5] Full day total 用时: 26.260s
    🎯 有效部署计划: 69/31196 条

    📦 立即处理M5 deployment，更新open deployment...
✅ Added 69 M5 deployment plans to open deployment for 2025-12-15
    ✅ 已更新 69 条部署计划到open deployment

  ✅ Module5 完成 - 生成 69 条有效部署计划
4️⃣ 运行 Module6 - 物流执行
[M6] OpenDeployment rows=69 planned<=sim_date=69 min=2025-12-15 00:00:00 max=2025-12-15 00:00:00

  ✅ Module6 完成 - 生成 0 条交付计划
5️⃣ 运行 Module3 - 净需求计算
🔄 Module3 运行于集成模式
[M3] load_module1 total: 6.440s
[M3] assign_location_layers total: 0.124s, locations=4746
[M3-DuckDB] 批量计算 130 节点净需求: 185.2ms, input=130, output=130
[M3] batch layer 3: 130 nodes in 0.405s
[M3-DuckDB] 批量计算 2001 节点净需求: 226.3ms, input=2001, output=2001
[M3] batch layer 2: 2001 nodes in 3.558s
[M3-DuckDB] 批量计算 2266 节点净需求: 231.0ms, input=2266, output=2266
[M3] batch layer 1: 2266 nodes in 4.345s
[M3-DuckDB] 批量计算 349 节点净需求: 183.9ms, input=349, output=349
[M3] batch layer 0: 349 nodes in 0.550s
[M3] mrp_simulation: 9.207s, records=1227
✅ Module3 集成模式完成
[M3] total: 15.937s, days=1, records=1227
  ✅ Module3 完成
💾 每日结束状态保存
💾已保存 2025-12-15 期末库存: 2368 项
期初库存条目: 2368
生产入库条目: 0
交付入库条目: 0
发货出库条目: 1314
发运出库条目(M6): 0，数量合计: 0
期末库存条目: 2368
  📊 从内存获取发运出库 [2025-12-15]: 0 项
📊 当日统计: {'date': '2025-12-15', 'total_inventory_items': 2368, 'total_inventory_quantity': 460603, 'open_deployment_count': 69, 'in_transit_count': 0, 'production_gr_count': 0, 'delivery_gr_count': 0, 'shipment_count': 1314}
✅ 第 1 天处理完成
==================== 第 2/76 天: 2025-12-16 ====================
🌅 每日开始状态更新
💾保存期初库存快照...
💾已保存 2025-12-16 期初库存: 2368 项
📦处理当日delivery GR到达...
🏭处理历史生产当日入库...
📦当日无历史生产入库
1️⃣ 运行 Module1 - 订单生成
[M1] 周度→日度拆分完成，生成天数: 681912，耗时: 0.059s
[M1] 周度→日度拆分完成，生成天数: 681912，耗时: 0.057s
[M1] 平均需求计算完成，ML数: 2376，耗时: 0.159s
[M1] 订单生成完成 (AO耗时: 0.029s, Normal耗时: 0.027s, 总耗时: 0.215s)，订单数: 4682
[M1] AO消耗完成(向量化)，耗时: 0.052s
[M1] Normal消耗完成(向量化)，耗时: 0.029s
[M1] 当日订单生成完成，订单数: 4682，耗时: 9.162s
[M1] 历史订单读取完成，文件数: 1，合并条目: 4532
[M1] 历史订单合并前过滤完成，耗时: 0.147s
[M1] 发货与缺货计算完成，shipment: 1780，cut: 1780，耗时: 0.022s
[M1] 供需日志生成完成，条目: 213840，耗时: 2.069s
🚚立即处理M1 shipment，扣减库存...
✅ Processed 1780 M1 shipments for 2025-12-16
✅ 已扣减 1780 个shipment的库存
✅ Module1 完成 - 生成 7900 个订单, 1780 个发货
2️⃣ 运行 Module4 - 生产计划
🔄无前一天产线状态 - 全新开始
🔄无之前已分配产能 - 全新开始
[M4-Pandas] Production simulation 15 records: 1.0ms
💾保存当天产线状态: ['TPOCPACK', 'TPODPACK', 'TPOEPACK', 'TPOFPACK', 'TPOGPACK']
💾保存当天分配产能: 9 个产能分配 (小时单位)
Module4 daily output generated: C:\Users\admin\AppData\Local\Temp\tmp28izcmm6\output\module4\Module4Output_20251216.xlsx
🗂️ 持久化未来生产计划（不触发当日GR）...
✅已写入未来计划回补: 15 条
✅ Module4 完成 - 生成生产计划: 15 条记录
3️⃣ 运行 Module5 - 部署计划
⚠️Orchestrator当日无历史生产GR数据
[M5] load_integrated_config 用时: 0.300s
✅缓存已初始化: PTF/LSK=435 | LeadTime=46 | Network=4397
✅索引已构建: SDL=2376 | SS=2376 | Order=2152 | DeployCfg=1230
[M5] Demand collection only 用时: 11.372s
[M5] Demand collection+allocation 总用时: 18.949s
[M5] push_softpush_allocation 用时: 2.755s，生成行数: 0
[M5] Full day total 用时: 27.997s
    🎯 有效部署计划: 45/34775 条

    📦 立即处理M5 deployment，更新open deployment...
✅ Added 45 M5 deployment plans to open deployment for 2025-12-16
    ✅ 已更新 45 条部署计划到open deployment

  ✅ Module5 完成 - 生成 45 条有效部署计划
4️⃣ 运行 Module6 - 物流执行
[M6] OpenDeployment rows=114 planned<=sim_date=114 min=2025-12-15 00:00:00 max=2025-12-16 00:00:00
[M6-Pandas] Batch delay sampling 39 routes: 18.3ms
[M6->Orch] incoming rows: 39; date=2025-12-16
✅ Processed 39 M6 delivery plans for 2025-12-16
    ✅ 已处理 39 条delivery计划

  ✅ Module6 完成 - 生成 39 条交付计划
5️⃣ 运行 Module3 - 净需求计算
🔄 Module3 运行于集成模式
[M3] load_module1 total: 6.655s
[M3] assign_location_layers total: 0.120s, locations=4746
[M3-DuckDB] 批量计算 130 节点净需求: 180.7ms, input=130, output=130
[M3] batch layer 3: 130 nodes in 0.401s
[M3-DuckDB] 批量计算 2001 节点净需求: 292.5ms, input=2001, output=2001
[M3] batch layer 2: 2001 nodes in 3.663s
[M3-DuckDB] 批量计算 2266 节点净需求: 238.0ms, input=2266, output=2266
[M3] batch layer 1: 2266 nodes in 4.480s
[M3-DuckDB] 批量计算 349 节点净需求: 191.1ms, input=349, output=349
[M3] batch layer 0: 349 nodes in 0.554s
[M3] mrp_simulation: 9.482s, records=1331
✅ Module3 集成模式完成
[M3] total: 16.470s, days=1, records=1331
  ✅ Module3 完成
💾 每日结束状态保存
💾已保存 2025-12-16 期末库存: 2368 项
期初库存条目: 2368
生产入库条目: 0
交付入库条目: 0
发货出库条目: 1780
发运出库条目(M6): 39，数量合计: 868
期末库存条目: 2368
  📊 从内存获取发运出库 [2025-12-16]: 11 项
📊 当日统计: {'date': '2025-12-16', 'total_inventory_items': 2368, 'total_inventory_quantity': 444753, 'open_deployment_count': 75, 'in_transit_count': 39, 'production_gr_count': 0, 'delivery_gr_count': 0, 'shipment_count': 1780}
✅ 第 2 天处理完成
==================== 第 3/76 天: 2025-12-17 ====================
🌅 每日开始状态更新
💾保存期初库存快照...
💾已保存 2025-12-17 期初库存: 2368 项
📦处理当日delivery GR到达...
🏭处理历史生产当日入库...
📦当日无历史生产入库
1️⃣ 运行 Module1 - 订单生成
[M1] 周度→日度拆分完成，生成天数: 681912，耗时: 0.058s
[M1] 周度→日度拆分完成，生成天数: 681912，耗时: 0.061s
[M1] 平均需求计算完成，ML数: 2376，耗时: 0.155s
[M1] 订单生成完成 (AO耗时: 0.030s, Normal耗时: 0.026s, 总耗时: 0.211s)，订单数: 4680
[M1] AO消耗完成(向量化)，耗时: 0.052s
[M1] Normal消耗完成(向量化)，耗时: 0.031s
[M1] 当日订单生成完成，订单数: 4680，耗时: 9.490s
[M1] 历史订单读取完成，文件数: 2，合并条目: 12432
[M1] 历史订单合并前过滤完成，耗时: 0.424s
[M1] 发货与缺货计算完成，shipment: 2070，cut: 2070，耗时: 0.024s
[M1] 供需日志生成完成，条目: 213840，耗时: 2.160s
🚚立即处理M1 shipment，扣减库存...
✅ Processed 2070 M1 shipments for 2025-12-17
✅ 已扣减 2070 个shipment的库存
✅ Module1 完成 - 生成 10777 个订单, 2070 个发货
2️⃣ 运行 Module4 - 生产计划
🔄加载前一天产线状态: ['TPOCPACK', 'TPODPACK', 'TPOEPACK', 'TPOFPACK', 'TPOGPACK']
🔄加载之前已分配产能: 9 个产能分配
[M4-Pandas] Production simulation 7 records: 1.3ms
💾保存当天产线状态: ['TPOCPACK', 'TPODPACK', 'TPOEPACK', 'TPOFPACK']
💾保存当天分配产能: 4 个产能分配 (小时单位)
Module4 daily output generated: C:\Users\admin\AppData\Local\Temp\tmp28izcmm6\output\module4\Module4Output_20251217.xlsx
🗂️ 持久化未来生产计划（不触发当日GR）...
✅已写入未来计划回补: 7 条
✅ Module4 完成 - 生成生产计划: 7 条记录
3️⃣ 运行 Module5 - 部署计划
⚠️Orchestrator当日无历史生产GR数据
[M5] load_integrated_config 用时: 0.297s
✅缓存已初始化: PTF/LSK=435 | LeadTime=46 | Network=4397
✅索引已构建: SDL=2376 | SS=2376 | Order=2150 | DeployCfg=1230
[M5] Demand collection only 用时: 12.073s
[M5] Demand collection+allocation 总用时: 19.760s
[M5] push_softpush_allocation 用时: 2.952s，生成行数: 0
[M5] Full day total 用时: 29.637s
    🎯 有效部署计划: 29/38074 条

    📦 立即处理M5 deployment，更新open deployment...
✅ Added 29 M5 deployment plans to open deployment for 2025-12-17
    ✅ 已更新 29 条部署计划到open deployment

  ✅ Module5 完成 - 生成 29 条有效部署计划
4️⃣ 运行 Module6 - 物流执行
[M6] OpenDeployment rows=104 planned<=sim_date=104 min=2025-12-15 00:00:00 max=2025-12-17 00:00:00

  ✅ Module6 完成 - 生成 0 条交付计划
5️⃣ 运行 Module3 - 净需求计算
🔄 Module3 运行于集成模式
[M3] load_module1 total: 6.677s
[M3] assign_location_layers total: 0.119s, locations=4746
[M3-DuckDB] 批量计算 130 节点净需求: 177.8ms, input=130, output=130
[M3] batch layer 3: 130 nodes in 0.393s
[M3-DuckDB] 批量计算 2001 节点净需求: 225.3ms, input=2001, output=2001
[M3] batch layer 2: 2001 nodes in 3.586s
[M3-DuckDB] 批量计算 2266 节点净需求: 241.4ms, input=2266, output=2266
[M3] batch layer 1: 2266 nodes in 4.507s
[M3-DuckDB] 批量计算 349 节点净需求: 186.7ms, input=349, output=349
[M3] batch layer 0: 349 nodes in 0.545s
[M3] mrp_simulation: 9.429s, records=1492
✅ Module3 集成模式完成
[M3] total: 16.451s, days=1, records=1492
  ✅ Module3 完成
💾 每日结束状态保存
💾已保存 2025-12-17 期末库存: 2368 项
期初库存条目: 2368
生产入库条目: 0
交付入库条目: 0
发货出库条目: 2070
发运出库条目(M6): 0，数量合计: 0
期末库存条目: 2368
  📊 从内存获取发运出库 [2025-12-17]: 0 项
📊 当日统计: {'date': '2025-12-17', 'total_inventory_items': 2368, 'total_inventory_quantity': 420554, 'open_deployment_count': 104, 'in_transit_count': 39, 'production_gr_count': 0, 'delivery_gr_count': 0, 'shipment_count': 2070}
✅ 第 3 天处理完成
==================== 第 4/76 天: 2025-12-18 ====================
🌅 每日开始状态更新
💾保存期初库存快照...
💾已保存 2025-12-18 期初库存: 2368 项
📦处理当日delivery GR到达...
🏭处理历史生产当日入库...
📦当日无历史生产入库
1️⃣ 运行 Module1 - 订单生成
[M1] 周度→日度拆分完成，生成天数: 681912，耗时: 0.056s
[M1] 周度→日度拆分完成，生成天数: 681912，耗时: 0.053s
[M1] 平均需求计算完成，ML数: 2376，耗时: 0.154s
[M1] 订单生成完成 (AO耗时: 0.030s, Normal耗时: 0.027s, 总耗时: 0.210s)，订单数: 4677
[M1] AO消耗完成(向量化)，耗时: 0.054s
[M1] Normal消耗完成(向量化)，耗时: 0.032s
[M1] 当日订单生成完成，订单数: 4677，耗时: 9.061s
[M1] 历史订单读取完成，文件数: 3，合并条目: 23209
[M1] 历史订单合并前过滤完成，耗时: 0.757s
[M1] 发货与缺货计算完成，shipment: 2120，cut: 2120，耗时: 0.026s
[M1] 供需日志生成完成，条目: 213840，耗时: 2.039s
🚚立即处理M1 shipment，扣减库存...
✅ Processed 2120 M1 shipments for 2025-12-18
✅ 已扣减 2120 个shipment的库存
✅ Module1 完成 - 生成 13019 个订单, 2120 个发货
2️⃣ 运行 Module4 - 生产计划
🔄加载前一天产线状态: ['TPOCPACK', 'TPODPACK', 'TPOEPACK', 'TPOFPACK']
🔄加载之前已分配产能: 12 个产能分配
[M4-Pandas] Production simulation 9 records: 1.0ms
💾保存当天产线状态: ['TPOCPACK', 'TPODPACK', 'TPOEPACK', 'TPOFPACK']
💾保存当天分配产能: 4 个产能分配 (小时单位)
Module4 daily output generated: C:\Users\admin\AppData\Local\Temp\tmp28izcmm6\output\module4\Module4Output_20251218.xlsx
🗂️ 持久化未来生产计划（不触发当日GR）...
✅已写入未来计划回补: 9 条
✅ Module4 完成 - 生成生产计划: 9 条记录
3️⃣ 运行 Module5 - 部署计划
⚠️Orchestrator当日无历史生产GR数据
[M5] load_integrated_config 用时: 0.313s
✅缓存已初始化: PTF/LSK=435 | LeadTime=46 | Network=4397
✅索引已构建: SDL=2376 | SS=2376 | Order=2147 | DeployCfg=1230
[M5] Demand collection only 用时: 12.954s
[M5] Demand collection+allocation 总用时: 20.954s
[M5] push_softpush_allocation 用时: 3.064s，生成行数: 0
[M5] Full day total 用时: 31.472s
    🎯 有效部署计划: 22/40845 条

    📦 立即处理M5 deployment，更新open deployment...
✅ Added 22 M5 deployment plans to open deployment for 2025-12-18
    ✅ 已更新 22 条部署计划到open deployment

  ✅ Module5 完成 - 生成 22 条有效部署计划
4️⃣ 运行 Module6 - 物流执行
[M6] OpenDeployment rows=126 planned<=sim_date=126 min=2025-12-15 00:00:00 max=2025-12-18 00:00:00

  ✅ Module6 完成 - 生成 0 条交付计划
5️⃣ 运行 Module3 - 净需求计算
🔄 Module3 运行于集成模式
[M3] load_module1 total: 6.836s
[M3] assign_location_layers total: 0.126s, locations=4746
[M3-DuckDB] 批量计算 130 节点净需求: 182.2ms, input=130, output=130
[M3] batch layer 3: 130 nodes in 0.408s
[M3-DuckDB] 批量计算 2001 节点净需求: 228.3ms, input=2001, output=2001
[M3] batch layer 2: 2001 nodes in 3.730s
[M3-DuckDB] 批量计算 2266 节点净需求: 231.6ms, input=2266, output=2266
[M3] batch layer 1: 2266 nodes in 4.560s
[M3-DuckDB] 批量计算 349 节点净需求: 185.0ms, input=349, output=349
[M3] batch layer 0: 349 nodes in 0.550s
[M3] mrp_simulation: 9.662s, records=1644
✅ Module3 集成模式完成
[M3] total: 16.863s, days=1, records=1644
  ✅ Module3 完成
💾 每日结束状态保存
💾已保存 2025-12-18 期末库存: 2368 项
期初库存条目: 2368
生产入库条目: 0
交付入库条目: 0
发货出库条目: 2120
发运出库条目(M6): 0，数量合计: 0
期末库存条目: 2368
  📊 从内存获取发运出库 [2025-12-18]: 0 项
📊 当日统计: {'date': '2025-12-18', 'total_inventory_items': 2368, 'total_inventory_quantity': 393855, 'open_deployment_count': 126, 'in_transit_count': 39, 'production_gr_count': 0, 'delivery_gr_count': 0, 'shipment_count': 2120}
✅ 第 4 天处理完成
==================== 第 5/76 天: 2025-12-19 ====================
🌅 每日开始状态更新
💾保存期初库存快照...
💾已保存 2025-12-19 期初库存: 2368 项
📦处理当日delivery GR到达...
🏭处理历史生产当日入库...
📦当日需要入库的历史生产: 6 条记录
✅ Processed 6 M4 production receipts for 2025-12-19
1️⃣ 运行 Module1 - 订单生成
[M1] 周度→日度拆分完成，生成天数: 681912，耗时: 0.061s
[M1] 周度→日度拆分完成，生成天数: 681912，耗时: 0.061s
[M1] 平均需求计算完成，ML数: 2376，耗时: 0.158s
[M1] 订单生成完成 (AO耗时: 0.029s, Normal耗时: 0.026s, 总耗时: 0.213s)，订单数: 4676
[M1] AO消耗完成(向量化)，耗时: 0.052s
[M1] Normal消耗完成(向量化)，耗时: 0.031s
[M1] 当日订单生成完成，订单数: 4676，耗时: 9.364s
[M1] 历史订单读取完成，文件数: 4，合并条目: 36228
[M1] 历史订单合并前过滤完成，耗时: 1.184s
[M1] 发货与缺货计算完成，shipment: 2144，cut: 2144，耗时: 0.027s
[M1] 供需日志生成完成，条目: 213840，耗时: 2.190s
🚚立即处理M1 shipment，扣减库存...
✅ Processed 2144 M1 shipments for 2025-12-19
✅ 已扣减 2144 个shipment的库存
✅ Module1 完成 - 生成 14623 个订单, 2144 个发货
2️⃣ 运行 Module4 - 生产计划
🔄加载前一天产线状态: ['TPOCPACK', 'TPODPACK', 'TPOEPACK', 'TPOFPACK']
🔄加载之前已分配产能: 16 个产能分配
[M4-Pandas] Production simulation 11 records: 1.0ms
💾保存当天产线状态: ['TPOCPACK', 'TPODPACK', 'TPOEPACK', 'TPOFPACK', 'TPOGPACK']
💾保存当天分配产能: 5 个产能分配 (小时单位)
Module4 daily output generated: C:\Users\admin\AppData\Local\Temp\tmp28izcmm6\output\module4\Module4Output_20251219.xlsx
🗂️ 持久化未来生产计划（不触发当日GR）...
✅已写入未来计划回补: 11 条
✅ Module4 完成 - 生成生产计划: 11 条记录
3️⃣ 运行 Module5 - 部署计划
[M5] load_integrated_config 用时: 0.315s
✅缓存已初始化: PTF/LSK=435 | LeadTime=46 | Network=4397
✅索引已构建: SDL=2376 | SS=2376 | Order=2146 | DeployCfg=1230
[M5] Demand collection only 用时: 13.915s
[M5] Demand collection+allocation 总用时: 21.572s
[M5] push_softpush_allocation 用时: 3.272s，生成行数: 13
[M5] Full day total 用时: 32.852s
    🎯 有效部署计划: 572/43045 条

    📦 立即处理M5 deployment，更新open deployment...
✅ Added 572 M5 deployment plans to open deployment for 2025-12-19
    ✅ 已更新 572 条部署计划到open deployment

  ✅ Module5 完成 - 生成 572 条有效部署计划
4️⃣ 运行 Module6 - 物流执行
[M6] OpenDeployment rows=698 planned<=sim_date=698 min=2025-12-15 00:00:00 max=2025-12-19 00:00:00
[M6-Pandas] Batch delay sampling 70 routes: 33.5ms
[M6-Pandas] Batch delay sampling 52 routes: 24.3ms
[M6-Pandas] Batch delay sampling 18 routes: 8.9ms
[M6-Pandas] Batch delay sampling 37 routes: 16.8ms
[M6-Pandas] Batch delay sampling 26 routes: 12.4ms
[M6-Pandas] Batch delay sampling 79 routes: 36.6ms
[M6-Pandas] Batch delay sampling 80 routes: 37.3ms
[M6-Pandas] Batch delay sampling 90 routes: 43.0ms
[M6-Pandas] Batch delay sampling 60 routes: 29.0ms
[M6->Orch] incoming rows: 512; date=2025-12-19
✅ Processed 512 M6 delivery plans for 2025-12-19
    ✅ 已处理 512 条delivery计划

  ✅ Module6 完成 - 生成 512 条交付计划
5️⃣ 运行 Module3 - 净需求计算
🔄 Module3 运行于集成模式
[M3] load_module1 total: 6.910s
[M3] assign_location_layers total: 0.121s, locations=4746
[M3-DuckDB] 批量计算 130 节点净需求: 183.1ms, input=130, output=130
[M3] batch layer 3: 130 nodes in 0.403s
[M3-DuckDB] 批量计算 2001 节点净需求: 230.4ms, input=2001, output=2001
[M3] batch layer 2: 2001 nodes in 3.701s
[M3-DuckDB] 批量计算 2266 节点净需求: 239.6ms, input=2266, output=2266
[M3] batch layer 1: 2266 nodes in 4.609s
[M3-DuckDB] 批量计算 349 节点净需求: 192.2ms, input=349, output=349
[M3] batch layer 0: 349 nodes in 0.552s
[M3] mrp_simulation: 9.671s, records=1743
✅ Module3 集成模式完成
[M3] total: 16.929s, days=1, records=1743
  ✅ Module3 完成
💾 每日结束状态保存
💾已保存 2025-12-19 期末库存: 2374 项
期初库存条目: 2368
生产入库条目: 6
交付入库条目: 0
发货出库条目: 2144
发运出库条目(M6): 512，数量合计: 24288
期末库存条目: 2374
  📊 从内存获取发运出库 [2025-12-19]: 6 项
📊 当日统计: {'date': '2025-12-19', 'total_inventory_items': 2374, 'total_inventory_quantity': 367221, 'open_deployment_count': 188, 'in_transit_count': 551, 'production_gr_count': 6, 'delivery_gr_count': 0, 'shipment_count': 2144}
✅ 第 5 天处理完成
==================== 第 6/76 天: 2025-12-20 ====================
🌅 每日开始状态更新
💾保存期初库存快照...
💾已保存 2025-12-20 期初库存: 2374 项
📦处理当日delivery GR到达...
✅ Processed 48 delivery arrivals for 2025-12-20
🏭处理历史生产当日入库...
📦当日需要入库的历史生产: 5 条记录
✅ Processed 5 M4 production receipts for 2025-12-20
1️⃣ 运行 Module1 - 订单生成
[M1] 周度→日度拆分完成，生成天数: 681912，耗时: 0.071s
[M1] 周度→日度拆分完成，生成天数: 681912，耗时: 0.059s
[M1] 平均需求计算完成，ML数: 2376，耗时: 0.157s
[M1] 订单生成完成 (AO耗时: 0.028s, Normal耗时: 0.027s, 总耗时: 0.213s)，订单数: 4676
[M1] AO消耗完成(向量化)，耗时: 0.051s
[M1] Normal消耗完成(向量化)，耗时: 0.031s
[M1] 当日订单生成完成，订单数: 4676，耗时: 9.233s
[M1] 历史订单读取完成，文件数: 5，合并条目: 50851
[M1] 历史订单合并前过滤完成，耗时: 1.747s
[M1] 发货与缺货计算完成，shipment: 2145，cut: 2145，耗时: 0.033s
[M1] 供需日志生成完成，条目: 213840，耗时: 2.171s
🚚立即处理M1 shipment，扣减库存...
✅ Processed 2145 M1 shipments for 2025-12-20
✅ 已扣减 2145 个shipment的库存
✅ Module1 完成 - 生成 15669 个订单, 2145 个发货
2️⃣ 运行 Module4 - 生产计划
🔄加载前一天产线状态: ['TPOCPACK', 'TPODPACK', 'TPOEPACK', 'TPOFPACK', 'TPOGPACK']
🔄加载之前已分配产能: 20 个产能分配
[M4-Pandas] Production simulation 9 records: 0.9ms
💾保存当天产线状态: ['TPOCPACK', 'TPODPACK', 'TPOEPACK', 'TPOFPACK', 'TPOGPACK']
💾保存当天分配产能: 5 个产能分配 (小时单位)
Module4 daily output generated: C:\Users\admin\AppData\Local\Temp\tmp28izcmm6\output\module4\Module4Output_20251220.xlsx
🗂️ 持久化未来生产计划（不触发当日GR）...
✅已写入未来计划回补: 9 条
✅ Module4 完成 - 生成生产计划: 9 条记录
3️⃣ 运行 Module5 - 部署计划
[M5] load_integrated_config 用时: 0.332s
✅缓存已初始化: PTF/LSK=435 | LeadTime=46 | Network=4397
✅索引已构建: SDL=2376 | SS=2376 | Order=2146 | DeployCfg=1230
[M5] Demand collection only 用时: 14.653s
[M5] Demand collection+allocation 总用时: 22.488s
[M5] push_softpush_allocation 用时: 3.525s，生成行数: 15
[M5] Full day total 用时: 34.858s
    🎯 有效部署计划: 427/44803 条

    📦 立即处理M5 deployment，更新open deployment...
✅ Added 427 M5 deployment plans to open deployment for 2025-12-20
    ✅ 已更新 427 条部署计划到open deployment

  ✅ Module5 完成 - 生成 427 条有效部署计划
4️⃣ 运行 Module6 - 物流执行
[M6] OpenDeployment rows=615 planned<=sim_date=615 min=2025-12-15 00:00:00 max=2025-12-20 00:00:00
[M6-Pandas] Batch delay sampling 39 routes: 17.7ms
[M6-Pandas] Batch delay sampling 34 routes: 15.9ms
[M6-Pandas] Batch delay sampling 31 routes: 13.9ms
[M6-Pandas] Batch delay sampling 35 routes: 16.8ms
[M6-Pandas] Batch delay sampling 38 routes: 17.7ms
[M6-Pandas] Batch delay sampling 70 routes: 30.4ms
[M6->Orch] incoming rows: 247; date=2025-12-20
✅ Processed 247 M6 delivery plans for 2025-12-20
    ✅ 已处理 247 条delivery计划

  ✅ Module6 完成 - 生成 247 条交付计划
5️⃣ 运行 Module3 - 净需求计算
🔄 Module3 运行于集成模式
[M3] load_module1 total: 6.834s
[M3] assign_location_layers total: 0.125s, locations=4746
[M3-DuckDB] 批量计算 130 节点净需求: 180.0ms, input=130, output=130
[M3] batch layer 3: 130 nodes in 0.396s
[M3-DuckDB] 批量计算 2001 节点净需求: 230.3ms, input=2001, output=2001
[M3] batch layer 2: 2001 nodes in 3.779s
[M3-DuckDB] 批量计算 2266 节点净需求: 252.6ms, input=2266, output=2266
[M3] batch layer 1: 2266 nodes in 4.656s
[M3-DuckDB] 批量计算 349 节点净需求: 190.9ms, input=349, output=349
[M3] batch layer 0: 349 nodes in 0.556s
[M3] mrp_simulation: 9.800s, records=1888
✅ Module3 集成模式完成
[M3] total: 17.041s, days=1, records=1888
  ✅ Module3 完成
💾 每日结束状态保存
💾已保存 2025-12-20 期末库存: 2378 项
期初库存条目: 2374
生产入库条目: 5
交付入库条目: 48
发货出库条目: 2145
发运出库条目(M6): 247，数量合计: 12253
期末库存条目: 2378
  📊 从内存获取发运出库 [2025-12-20]: 8 项
📊 当日统计: {'date': '2025-12-20', 'total_inventory_items': 2378, 'total_inventory_quantity': 342599, 'open_deployment_count': 368, 'in_transit_count': 750, 'production_gr_count': 5, 'delivery_gr_count': 48, 'shipment_count': 2145}
✅ 第 6 天处理完成
==================== 第 7/76 天: 2025-12-21 ====================
🌅 每日开始状态更新
💾保存期初库存快照...
💾已保存 2025-12-21 期初库存: 2378 项
📦处理当日delivery GR到达...
✅ Processed 74 delivery arrivals for 2025-12-21
🏭处理历史生产当日入库...
📦当日需要入库的历史生产: 3 条记录
✅ Processed 3 M4 production receipts for 2025-12-21
1️⃣ 运行 Module1 - 订单生成
[M1] 周度→日度拆分完成，生成天数: 681912，耗时: 0.059s
[M1] 周度→日度拆分完成，生成天数: 681912，耗时: 0.058s
[M1] 平均需求计算完成，ML数: 2376，耗时: 0.164s
[M1] 订单生成完成 (AO耗时: 0.029s, Normal耗时: 0.027s, 总耗时: 0.220s)，订单数: 4676
[M1] AO消耗完成(向量化)，耗时: 0.066s
[M1] Normal消耗完成(向量化)，耗时: 0.030s
[M1] 当日订单生成完成，订单数: 4676，耗时: 9.425s
[M1] 历史订单读取完成，文件数: 6，合并条目: 66520
[M1] 历史订单合并前过滤完成，耗时: 2.382s
[M1] 发货与缺货计算完成，shipment: 2145，cut: 2145，耗时: 0.030s
[M1] 供需日志生成完成，条目: 213840，耗时: 2.233s
🚚立即处理M1 shipment，扣减库存...
✅ Processed 2145 M1 shipments for 2025-12-21
✅ 已扣减 2145 个shipment的库存
✅ Module1 完成 - 生成 16389 个订单, 2145 个发货
2️⃣ 运行 Module4 - 生产计划
🔄加载前一天产线状态: ['TPOCPACK', 'TPODPACK', 'TPOEPACK', 'TPOFPACK', 'TPOGPACK']
🔄加载之前已分配产能: 25 个产能分配
[M4-Pandas] Production simulation 11 records: 0.9ms
💾保存当天产线状态: ['TPOCPACK', 'TPODPACK', 'TPOEPACK', 'TPOFPACK', 'TPOGPACK']
💾保存当天分配产能: 5 个产能分配 (小时单位)
Module4 daily output generated: C:\Users\admin\AppData\Local\Temp\tmp28izcmm6\output\module4\Module4Output_20251221.xlsx
🗂️ 持久化未来生产计划（不触发当日GR）...
✅已写入未来计划回补: 11 条
✅ Module4 完成 - 生成生产计划: 11 条记录
3️⃣ 运行 Module5 - 部署计划
[M5] load_integrated_config 用时: 0.346s
✅缓存已初始化: PTF/LSK=435 | LeadTime=46 | Network=4397
✅索引已构建: SDL=2376 | SS=2376 | Order=2146 | DeployCfg=1230
[M5] Demand collection only 用时: 15.396s
[M5] Demand collection+allocation 总用时: 23.320s
[M5] push_softpush_allocation 用时: 3.134s，生成行数: 0
[M5] Full day total 用时: 35.174s
    🎯 有效部署计划: 464/46231 条

    📦 立即处理M5 deployment，更新open deployment...
✅ Added 464 M5 deployment plans to open deployment for 2025-12-21
    ✅ 已更新 464 条部署计划到open deployment

  ✅ Module5 完成 - 生成 464 条有效部署计划
4️⃣ 运行 Module6 - 物流执行
[M6] OpenDeployment rows=832 planned<=sim_date=832 min=2025-12-15 00:00:00 max=2025-12-21 00:00:00
[M6-Pandas] Batch delay sampling 60 routes: 28.3ms
[M6-Pandas] Batch delay sampling 33 routes: 14.9ms
[M6-Pandas] Batch delay sampling 48 routes: 21.1ms
[M6-Pandas] Batch delay sampling 35 routes: 17.2ms
[M6-Pandas] Batch delay sampling 60 routes: 27.2ms
[M6-Pandas] Batch delay sampling 49 routes: 22.8ms
[M6-Pandas] Batch delay sampling 54 routes: 24.0ms
[M6-Pandas] Batch delay sampling 70 routes: 32.5ms
[M6->Orch] incoming rows: 409; date=2025-12-21
✅ Processed 409 M6 delivery plans for 2025-12-21
    ✅ 已处理 409 条delivery计划

  ✅ Module6 完成 - 生成 409 条交付计划
5️⃣ 运行 Module3 - 净需求计算
🔄 Module3 运行于集成模式
[M3] load_module1 total: 6.911s
[M3] assign_location_layers total: 0.123s, locations=4746
[M3-DuckDB] 批量计算 130 节点净需求: 183.2ms, input=130, output=130
[M3] batch layer 3: 130 nodes in 0.400s
[M3-DuckDB] 批量计算 2001 节点净需求: 233.4ms, input=2001, output=2001
[M3] batch layer 2: 2001 nodes in 3.801s
[M3-DuckDB] 批量计算 2266 节点净需求: 244.2ms, input=2266, output=2266
[M3] batch layer 1: 2266 nodes in 4.662s
[M3-DuckDB] 批量计算 349 节点净需求: 193.6ms, input=349, output=349
[M3] batch layer 0: 349 nodes in 0.557s
[M3] mrp_simulation: 9.859s, records=2001
✅ Module3 集成模式完成
[M3] total: 17.173s, days=1, records=2001
  ✅ Module3 完成
💾 每日结束状态保存
💾已保存 2025-12-21 期末库存: 2382 项
期初库存条目: 2378
生产入库条目: 3
交付入库条目: 74
发货出库条目: 2145
发运出库条目(M6): 409，数量合计: 11742
期末库存条目: 2382
  📊 从内存获取发运出库 [2025-12-21]: 23 项
📊 当日统计: {'date': '2025-12-21', 'total_inventory_items': 2382, 'total_inventory_quantity': 318850, 'open_deployment_count': 423, 'in_transit_count': 1085, 'production_gr_count': 3, 'delivery_gr_count': 74, 'shipment_count': 2145}
✅ 第 7 天处理完成
==================== 第 8/76 天: 2025-12-22 ====================
🌅 每日开始状态更新
💾保存期初库存快照...
💾已保存 2025-12-22 期初库存: 2382 项
📦处理当日delivery GR到达...
✅ Processed 70 delivery arrivals for 2025-12-22
🏭处理历史生产当日入库...
📦当日需要入库的历史生产: 8 条记录
✅ Processed 8 M4 production receipts for 2025-12-22
1️⃣ 运行 Module1 - 订单生成
[M1] 周度→日度拆分完成，生成天数: 681912，耗时: 0.068s
[M1] 周度→日度拆分完成，生成天数: 681912，耗时: 0.060s
[M1] 平均需求计算完成，ML数: 2376，耗时: 0.160s
[M1] 订单生成完成 (AO耗时: 0.031s, Normal耗时: 0.029s, 总耗时: 0.220s)，订单数: 4673
[M1] AO消耗完成(向量化)，耗时: 0.050s
[M1] Normal消耗完成(向量化)，耗时: 0.028s
[M1] 当日订单生成完成，订单数: 4673，耗时: 9.311s
[M1] 历史订单读取完成，文件数: 7，合并条目: 82909
[M1] 历史订单合并前过滤完成，耗时: 3.057s
[M1] 发货与缺货计算完成，shipment: 2143，cut: 2143，耗时: 0.029s
[M1] 供需日志生成完成，条目: 213840，耗时: 2.308s
🚚立即处理M1 shipment，扣减库存...
✅ Processed 2143 M1 shipments for 2025-12-22
✅ 已扣减 2143 个shipment的库存
✅ Module1 完成 - 生成 16866 个订单, 2143 个发货
2️⃣ 运行 Module4 - 生产计划
🔄加载前一天产线状态: ['TPOCPACK', 'TPODPACK', 'TPOEPACK', 'TPOFPACK', 'TPOGPACK']
🔄加载之前已分配产能: 30 个产能分配
[M4-Pandas] Production simulation 8 records: 0.9ms
💾保存当天产线状态: ['TPOCPACK', 'TPODPACK', 'TPOEPACK', 'TPOFPACK', 'TPOGPACK']
💾保存当天分配产能: 5 个产能分配 (小时单位)
Module4 daily output generated: C:\Users\admin\AppData\Local\Temp\tmp28izcmm6\output\module4\Module4Output_20251222.xlsx
🗂️ 持久化未来生产计划（不触发当日GR）...
✅已写入未来计划回补: 8 条
✅ Module4 完成 - 生成生产计划: 8 条记录
3️⃣ 运行 Module5 - 部署计划
[M5] load_integrated_config 用时: 0.355s
✅缓存已初始化: PTF/LSK=435 | LeadTime=46 | Network=4397
✅索引已构建: SDL=2376 | SS=2376 | Order=2143 | DeployCfg=1230
[M5] Demand collection only 用时: 15.732s
[M5] Demand collection+allocation 总用时: 23.694s
[M5] push_softpush_allocation 用时: 3.719s，生成行数: 34
[M5] Full day total 用时: 36.583s
    🎯 有效部署计划: 735/47252 条

    📦 立即处理M5 deployment，更新open deployment...
✅ Added 735 M5 deployment plans to open deployment for 2025-12-22
    ✅ 已更新 735 条部署计划到open deployment

  ✅ Module5 完成 - 生成 735 条有效部署计划
4️⃣ 运行 Module6 - 物流执行
[M6] OpenDeployment rows=1158 planned<=sim_date=1158 min=2025-12-15 00:00:00 max=2025-12-22 00:00:00
[M6-Pandas] Batch delay sampling 33 routes: 16.1ms
[M6-Pandas] Batch delay sampling 50 routes: 23.9ms
[M6-Pandas] Batch delay sampling 57 routes: 28.4ms
[M6-Pandas] Batch delay sampling 66 routes: 32.4ms
[M6-Pandas] Batch delay sampling 47 routes: 24.7ms
[M6-Pandas] Batch delay sampling 106 routes: 50.1ms
[M6-Pandas] Batch delay sampling 123 routes: 59.6ms
[M6-Pandas] Batch delay sampling 156 routes: 72.5ms
[M6-Pandas] Batch delay sampling 28 routes: 13.7ms
[M6->Orch] incoming rows: 682; date=2025-12-22
✅ Processed 682 M6 delivery plans for 2025-12-22
    ✅ 已处理 682 条delivery计划

  ✅ Module6 完成 - 生成 682 条交付计划
5️⃣ 运行 Module3 - 净需求计算
🔄 Module3 运行于集成模式
[M3] load_module1 total: 7.084s
[M3] assign_location_layers total: 0.126s, locations=4746
[M3-DuckDB] 批量计算 130 节点净需求: 191.2ms, input=130, output=130
[M3] batch layer 3: 130 nodes in 0.425s
[M3-DuckDB] 批量计算 2001 节点净需求: 247.0ms, input=2001, output=2001
[M3] batch layer 2: 2001 nodes in 3.910s
[M3-DuckDB] 批量计算 2266 节点净需求: 253.7ms, input=2266, output=2266
[M3] batch layer 1: 2266 nodes in 4.652s
[M3-DuckDB] 批量计算 349 节点净需求: 194.0ms, input=349, output=349
[M3] batch layer 0: 349 nodes in 0.556s
[M3] mrp_simulation: 10.013s, records=2032
✅ Module3 集成模式完成
[M3] total: 17.579s, days=1, records=2032
  ✅ Module3 完成
💾 每日结束状态保存
💾已保存 2025-12-22 期末库存: 2389 项
期初库存条目: 2382
生产入库条目: 8
交付入库条目: 70
发货出库条目: 2143
发运出库条目(M6): 682，数量合计: 19430
期末库存条目: 2389
  📊 从内存获取发运出库 [2025-12-22]: 24 项
📊 当日统计: {'date': '2025-12-22', 'total_inventory_items': 2389, 'total_inventory_quantity': 293645, 'open_deployment_count': 476, 'in_transit_count': 1697, 'production_gr_count': 8, 'delivery_gr_count': 70, 'shipment_count': 2143}
✅ 第 8 天处理完成
==================== 第 9/76 天: 2025-12-23 ====================
🌅 每日开始状态更新
💾保存期初库存快照...
💾已保存 2025-12-23 期初库存: 2389 项
📦处理当日delivery GR到达...
✅ Processed 146 delivery arrivals for 2025-12-23
🏭处理历史生产当日入库...
📦当日需要入库的历史生产: 6 条记录
✅ Processed 6 M4 production receipts for 2025-12-23
1️⃣ 运行 Module1 - 订单生成
[M1] 周度→日度拆分完成，生成天数: 681912，耗时: 0.062s
[M1] 周度→日度拆分完成，生成天数: 681912，耗时: 0.061s
[M1] 平均需求计算完成，ML数: 2376，耗时: 0.156s
[M1] 订单生成完成 (AO耗时: 0.030s, Normal耗时: 0.028s, 总耗时: 0.214s)，订单数: 4636
[M1] AO消耗完成(向量化)，耗时: 0.051s
[M1] Normal消耗完成(向量化)，耗时: 0.028s
[M1] 当日订单生成完成，订单数: 4636，耗时: 9.315s
[M1] 历史订单读取完成，文件数: 8，合并条目: 99775
[M1] 历史订单合并前过滤完成，耗时: 3.694s
[M1] 发货与缺货计算完成，shipment: 2106，cut: 2106，耗时: 0.033s
[M1] 供需日志生成完成，条目: 213840，耗时: 2.323s
🚚立即处理M1 shipment，扣减库存...
✅ Processed 2106 M1 shipments for 2025-12-23
✅ 已扣减 2106 个shipment的库存
✅ Module1 完成 - 生成 17179 个订单, 2106 个发货
2️⃣ 运行 Module4 - 生产计划
🔄加载前一天产线状态: ['TPOCPACK', 'TPODPACK', 'TPOEPACK', 'TPOFPACK', 'TPOGPACK']
🔄加载之前已分配产能: 35 个产能分配
[M4-Pandas] Production simulation 11 records: 0.9ms
💾保存当天产线状态: ['TPOCPACK', 'TPODPACK', 'TPOFPACK', 'TPOGPACK']
💾保存当天分配产能: 5 个产能分配 (小时单位)
Module4 daily output generated: C:\Users\admin\AppData\Local\Temp\tmp28izcmm6\output\module4\Module4Output_20251223.xlsx
🗂️ 持久化未来生产计划（不触发当日GR）...
✅已写入未来计划回补: 11 条
✅ Module4 完成 - 生成生产计划: 11 条记录
3️⃣ 运行 Module5 - 部署计划
[M5] load_integrated_config 用时: 0.366s
✅缓存已初始化: PTF/LSK=435 | LeadTime=46 | Network=4397
✅索引已构建: SDL=2376 | SS=2376 | Order=2106 | DeployCfg=1230
[M5] Demand collection only 用时: 16.034s
[M5] Demand collection+allocation 总用时: 24.177s
[M5] push_softpush_allocation 用时: 3.854s，生成行数: 26
[M5] Full day total 用时: 36.997s
    🎯 有效部署计划: 570/47667 条

    📦 立即处理M5 deployment，更新open deployment...
✅ Added 570 M5 deployment plans to open deployment for 2025-12-23
    ✅ 已更新 570 条部署计划到open deployment

  ✅ Module5 完成 - 生成 570 条有效部署计划
4️⃣ 运行 Module6 - 物流执行
[M6] OpenDeployment rows=1046 planned<=sim_date=1046 min=2025-12-15 00:00:00 max=2025-12-23 00:00:00
[M6-Pandas] Batch delay sampling 126 routes: 58.3ms
[M6-Pandas] Batch delay sampling 39 routes: 18.3ms
[M6-Pandas] Batch delay sampling 56 routes: 27.3ms
[M6-Pandas] Batch delay sampling 47 routes: 22.1ms
[M6-Pandas] Batch delay sampling 42 routes: 18.8ms
[M6-Pandas] Batch delay sampling 40 routes: 18.4ms
[M6-Pandas] Batch delay sampling 58 routes: 28.2ms
[M6-Pandas] Batch delay sampling 68 routes: 31.3ms
[M6-Pandas] Batch delay sampling 26 routes: 12.0ms
[M6-Pandas] Batch delay sampling 29 routes: 13.5ms
[M6-Pandas] Batch delay sampling 41 routes: 19.6ms
[M6-Pandas] Batch delay sampling 39 routes: 18.3ms
[M6->Orch] incoming rows: 611; date=2025-12-23
✅ Processed 611 M6 delivery plans for 2025-12-23
    ✅ 已处理 611 条delivery计划

  ✅ Module6 完成 - 生成 611 条交付计划
5️⃣ 运行 Module3 - 净需求计算
🔄 Module3 运行于集成模式
[M3] load_module1 total: 7.032s
[M3] assign_location_layers total: 0.123s, locations=4746
[M3-DuckDB] 批量计算 130 节点净需求: 260.8ms, input=130, output=130
[M3] batch layer 3: 130 nodes in 0.489s
[M3-DuckDB] 批量计算 2001 节点净需求: 231.8ms, input=2001, output=2001
[M3] batch layer 2: 2001 nodes in 3.792s
[M3-DuckDB] 批量计算 2266 节点净需求: 237.8ms, input=2266, output=2266
[M3] batch layer 1: 2266 nodes in 4.551s
[M3-DuckDB] 批量计算 349 节点净需求: 192.9ms, input=349, output=349
[M3] batch layer 0: 349 nodes in 0.555s
[M3] mrp_simulation: 9.821s, records=2020
✅ Module3 集成模式完成
[M3] total: 17.260s, days=1, records=2020
  ✅ Module3 完成
💾 每日结束状态保存
💾已保存 2025-12-23 期末库存: 2394 项
期初库存条目: 2389
生产入库条目: 6
交付入库条目: 146
发货出库条目: 2106
发运出库条目(M6): 611，数量合计: 24928
期末库存条目: 2394
  📊 从内存获取发运出库 [2025-12-23]: 41 项
📊 当日统计: {'date': '2025-12-23', 'total_inventory_items': 2394, 'total_inventory_quantity': 272189, 'open_deployment_count': 435, 'in_transit_count': 2162, 'production_gr_count': 6, 'delivery_gr_count': 146, 'shipment_count': 2106}
✅ 第 9 天处理完成
==================== 第 10/76 天: 2025-12-24 ====================
🌅 每日开始状态更新
💾保存期初库存快照...
💾已保存 2025-12-24 期初库存: 2394 项
📦处理当日delivery GR到达...
✅ Processed 228 delivery arrivals for 2025-12-24
🏭处理历史生产当日入库...
📦当日需要入库的历史生产: 11 条记录
✅ Processed 11 M4 production receipts for 2025-12-24
1️⃣ 运行 Module1 - 订单生成
[M1] 周度→日度拆分完成，生成天数: 681912，耗时: 0.060s
[M1] 周度→日度拆分完成，生成天数: 681912，耗时: 0.062s
[M1] 平均需求计算完成，ML数: 2376，耗时: 0.157s
[M1] 订单生成完成 (AO耗时: 0.030s, Normal耗时: 0.027s, 总耗时: 0.214s)，订单数: 4632
[M1] AO消耗完成(向量化)，耗时: 0.052s
[M1] Normal消耗完成(向量化)，耗时: 0.028s
[M1] 当日订单生成完成，订单数: 4632，耗时: 9.286s
[M1] 历史订单读取完成，文件数: 9，合并条目: 116954
[M1] 历史订单合并前过滤完成，耗时: 4.521s
[M1] 发货与缺货计算完成，shipment: 2102，cut: 2102，耗时: 0.030s
[M1] 供需日志生成完成，条目: 213840，耗时: 2.360s
🚚立即处理M1 shipment，扣减库存...
✅ Processed 2102 M1 shipments for 2025-12-24
✅ 已扣减 2102 个shipment的库存
✅ Module1 完成 - 生成 17439 个订单, 2102 个发货
2️⃣ 运行 Module4 - 生产计划
🔄加载前一天产线状态: ['TPOCPACK', 'TPODPACK', 'TPOFPACK', 'TPOGPACK']
🔄加载之前已分配产能: 40 个产能分配
[M4-Pandas] Production simulation 10 records: 1.0ms
💾保存当天产线状态: ['TPOCPACK', 'TPODPACK', 'TPOEPACK', 'TPOFPACK', 'TPOGPACK']
💾保存当天分配产能: 5 个产能分配 (小时单位)
Module4 daily output generated: C:\Users\admin\AppData\Local\Temp\tmp28izcmm6\output\module4\Module4Output_20251224.xlsx
🗂️ 持久化未来生产计划（不触发当日GR）...
✅已写入未来计划回补: 10 条
✅ Module4 完成 - 生成生产计划: 10 条记录
3️⃣ 运行 Module5 - 部署计划
[M5] load_integrated_config 用时: 0.368s
✅缓存已初始化: PTF/LSK=435 | LeadTime=46 | Network=4397
✅索引已构建: SDL=2376 | SS=2376 | Order=2102 | DeployCfg=1230
[M5] Demand collection only 用时: 16.130s
[M5] Demand collection+allocation 总用时: 23.984s
[M5] push_softpush_allocation 用时: 3.797s，生成行数: 44
[M5] Full day total 用时: 37.296s
    🎯 有效部署计划: 756/47936 条

    📦 立即处理M5 deployment，更新open deployment...
✅ Added 756 M5 deployment plans to open deployment for 2025-12-24
    ✅ 已更新 756 条部署计划到open deployment

  ✅ Module5 完成 - 生成 756 条有效部署计划
4️⃣ 运行 Module6 - 物流执行
[M6] OpenDeployment rows=1191 planned<=sim_date=1191 min=2025-12-15 00:00:00 max=2025-12-24 00:00:00
[M6-Pandas] Batch delay sampling 32 routes: 15.8ms
[M6-Pandas] Batch delay sampling 41 routes: 19.1ms
[M6-Pandas] Batch delay sampling 50 routes: 23.7ms
[M6-Pandas] Batch delay sampling 40 routes: 18.2ms
[M6-Pandas] Batch delay sampling 42 routes: 20.4ms
[M6-Pandas] Batch delay sampling 35 routes: 17.2ms
[M6-Pandas] Batch delay sampling 154 routes: 69.9ms
[M6-Pandas] Batch delay sampling 152 routes: 68.7ms
[M6-Pandas] Batch delay sampling 83 routes: 37.7ms
[M6-Pandas] Batch delay sampling 10 routes: 5.7ms
[M6-Pandas] Batch delay sampling 32 routes: 14.4ms
[M6-Pandas] Batch delay sampling 17 routes: 7.5ms
[M6->Orch] incoming rows: 694; date=2025-12-24
✅ Processed 694 M6 delivery plans for 2025-12-24
    ✅ 已处理 694 条delivery计划

  ✅ Module6 完成 - 生成 694 条交付计划
5️⃣ 运行 Module3 - 净需求计算
🔄 Module3 运行于集成模式
[M3] load_module1 total: 7.028s
[M3] assign_location_layers total: 0.124s, locations=4746
[M3-DuckDB] 批量计算 130 节点净需求: 191.2ms, input=130, output=130
[M3] batch layer 3: 130 nodes in 0.421s
[M3-DuckDB] 批量计算 2001 节点净需求: 232.5ms, input=2001, output=2001
[M3] batch layer 2: 2001 nodes in 3.933s
[M3-DuckDB] 批量计算 2266 节点净需求: 246.7ms, input=2266, output=2266
[M3] batch layer 1: 2266 nodes in 4.588s
[M3-DuckDB] 批量计算 349 节点净需求: 191.8ms, input=349, output=349
[M3] batch layer 0: 349 nodes in 0.549s
[M3] mrp_simulation: 9.958s, records=2005
✅ Module3 集成模式完成
[M3] total: 17.467s, days=1, records=2005
  ✅ Module3 完成
💾 每日结束状态保存
💾已保存 2025-12-24 期末库存: 2404 项
期初库存条目: 2394
生产入库条目: 11
交付入库条目: 228
发货出库条目: 2102
发运出库条目(M6): 694，数量合计: 29549
期末库存条目: 2404
  📊 从内存获取发运出库 [2025-12-24]: 42 项
📊 当日统计: {'date': '2025-12-24', 'total_inventory_items': 2404, 'total_inventory_quantity': 260852, 'open_deployment_count': 500, 'in_transit_count': 2628, 'production_gr_count': 11, 'delivery_gr_count': 228, 'shipment_count': 2102}
✅ 第 10 天处理完成
==================== 第 11/76 天: 2025-12-25 ====================
🌅 每日开始状态更新
💾保存期初库存快照...
💾已保存 2025-12-25 期初库存: 2404 项
📦处理当日delivery GR到达...
✅ Processed 376 delivery arrivals for 2025-12-25
🏭处理历史生产当日入库...
📦当日需要入库的历史生产: 14 条记录
✅ Processed 14 M4 production receipts for 2025-12-25
1️⃣ 运行 Module1 - 订单生成
[M1] 周度→日度拆分完成，生成天数: 681912，耗时: 0.061s
[M1] 周度→日度拆分完成，生成天数: 681912，耗时: 0.059s
[M1] 平均需求计算完成，ML数: 2376，耗时: 0.181s
[M1] 订单生成完成 (AO耗时: 0.028s, Normal耗时: 0.028s, 总耗时: 0.238s)，订单数: 4631
[M1] AO消耗完成(向量化)，耗时: 0.058s
[M1] Normal消耗完成(向量化)，耗时: 0.028s
[M1] 当日订单生成完成，订单数: 4631，耗时: 9.339s
[M1] 历史订单读取完成，文件数: 10，合并条目: 134393
[M1] 历史订单合并前过滤完成，耗时: 5.256s
[M1] 发货与缺货计算完成，shipment: 2101，cut: 2101，耗时: 0.030s
[M1] 供需日志生成完成，条目: 213840，耗时: 2.238s
🚚立即处理M1 shipment，扣减库存...
✅ Processed 2101 M1 shipments for 2025-12-25
✅ 已扣减 2101 个shipment的库存
✅ Module1 完成 - 生成 17619 个订单, 2101 个发货
2️⃣ 运行 Module4 - 生产计划
🔄加载前一天产线状态: ['TPOCPACK', 'TPODPACK', 'TPOEPACK', 'TPOFPACK', 'TPOGPACK']
🔄加载之前已分配产能: 44 个产能分配
[M4-Pandas] Production simulation 10 records: 1.1ms
💾保存当天产线状态: ['TPOCPACK', 'TPODPACK', 'TPOFPACK', 'TPOGPACK']
💾保存当天分配产能: 4 个产能分配 (小时单位)
Module4 daily output generated: C:\Users\admin\AppData\Local\Temp\tmp28izcmm6\output\module4\Module4Output_20251225.xlsx
🗂️ 持久化未来生产计划（不触发当日GR）...
✅已写入未来计划回补: 10 条
✅ Module4 完成 - 生成生产计划: 10 条记录
3️⃣ 运行 Module5 - 部署计划
[M5] load_integrated_config 用时: 0.378s
✅缓存已初始化: PTF/LSK=435 | LeadTime=46 | Network=4397
✅索引已构建: SDL=2376 | SS=2376 | Order=2101 | DeployCfg=1230
[M5] Demand collection only 用时: 15.840s
[M5] Demand collection+allocation 总用时: 23.978s
[M5] push_softpush_allocation 用时: 4.140s，生成行数: 69
[M5] Full day total 用时: 37.301s
    🎯 有效部署计划: 997/47977 条

    📦 立即处理M5 deployment，更新open deployment...
✅ Added 997 M5 deployment plans to open deployment for 2025-12-25
    ✅ 已更新 997 条部署计划到open deployment

  ✅ Module5 完成 - 生成 997 条有效部署计划
4️⃣ 运行 Module6 - 物流执行
[M6] OpenDeployment rows=1497 planned<=sim_date=1497 min=2025-12-15 00:00:00 max=2025-12-25 00:00:00
[M6-Pandas] Batch delay sampling 62 routes: 29.5ms
[M6-Pandas] Batch delay sampling 116 routes: 52.9ms
[M6-Pandas] Batch delay sampling 49 routes: 22.4ms
[M6-Pandas] Batch delay sampling 97 routes: 44.8ms
[M6-Pandas] Batch delay sampling 151 routes: 70.7ms
[M6-Pandas] Batch delay sampling 132 routes: 62.5ms
[M6-Pandas] Batch delay sampling 20 routes: 9.4ms
[M6-Pandas] Batch delay sampling 18 routes: 8.4ms
[M6-Pandas] Batch delay sampling 39 routes: 17.3ms
[M6-Pandas] Batch delay sampling 24 routes: 11.4ms
[M6-Pandas] Batch delay sampling 45 routes: 20.8ms
[M6-Pandas] Batch delay sampling 45 routes: 21.6ms
[M6-Pandas] Batch delay sampling 107 routes: 48.6ms
[M6->Orch] incoming rows: 917; date=2025-12-25
✅ Processed 917 M6 delivery plans for 2025-12-25
    ✅ 已处理 917 条delivery计划

  ✅ Module6 完成 - 生成 917 条交付计划
5️⃣ 运行 Module3 - 净需求计算
🔄 Module3 运行于集成模式
[M3] load_module1 total: 7.072s
[M3] assign_location_layers total: 0.121s, locations=4746
[M3-DuckDB] 批量计算 130 节点净需求: 184.8ms, input=130, output=130
[M3] batch layer 3: 130 nodes in 0.408s
[M3-DuckDB] 批量计算 2001 节点净需求: 233.0ms, input=2001, output=2001
[M3] batch layer 2: 2001 nodes in 3.801s
[M3-DuckDB] 批量计算 2266 节点净需求: 243.2ms, input=2266, output=2266
[M3] batch layer 1: 2266 nodes in 4.499s
[M3-DuckDB] 批量计算 349 节点净需求: 191.7ms, input=349, output=349
[M3] batch layer 0: 349 nodes in 0.558s
[M3] mrp_simulation: 9.736s, records=1958
✅ Module3 集成模式完成
[M3] total: 17.234s, days=1, records=1958
  ✅ Module3 完成
💾 每日结束状态保存
💾已保存 2025-12-25 期末库存: 2413 项
期初库存条目: 2404
生产入库条目: 14
交付入库条目: 376
发货出库条目: 2101
发运出库条目(M6): 917，数量合计: 31760
期末库存条目: 2413
  📊 从内存获取发运出库 [2025-12-25]: 36 项
📊 当日统计: {'date': '2025-12-25', 'total_inventory_items': 2413, 'total_inventory_quantity': 256017, 'open_deployment_count': 583, 'in_transit_count': 3169, 'production_gr_count': 14, 'delivery_gr_count': 376, 'shipment_count': 2101}
✅ 第 11 天处理完成
==================== 第 12/76 天: 2025-12-26 ====================
🌅 每日开始状态更新
💾保存期初库存快照...
💾已保存 2025-12-26 期初库存: 2413 项
📦处理当日delivery GR到达...
✅ Processed 392 delivery arrivals for 2025-12-26
🏭处理历史生产当日入库...
📦当日需要入库的历史生产: 10 条记录
✅ Processed 10 M4 production receipts for 2025-12-26
1️⃣ 运行 Module1 - 订单生成
[M1] 周度→日度拆分完成，生成天数: 681912，耗时: 0.062s
[M1] 周度→日度拆分完成，生成天数: 681912，耗时: 0.062s
[M1] 平均需求计算完成，ML数: 2376，耗时: 0.157s
[M1] 订单生成完成 (AO耗时: 0.028s, Normal耗时: 0.026s, 总耗时: 0.212s)，订单数: 4631
[M1] AO消耗完成(向量化)，耗时: 0.051s
[M1] Normal消耗完成(向量化)，耗时: 0.027s
[M1] 当日订单生成完成，订单数: 4631，耗时: 9.316s
[M1] 历史订单读取完成，文件数: 11，合并条目: 152012
[M1] 历史订单合并前过滤完成，耗时: 5.971s
[M1] 发货与缺货计算完成，shipment: 2101，cut: 2101，耗时: 0.030s
[M1] 供需日志生成完成，条目: 213840，耗时: 2.385s
🚚立即处理M1 shipment，扣减库存...
✅ Processed 2101 M1 shipments for 2025-12-26
✅ 已扣减 2101 个shipment的库存
✅ Module1 完成 - 生成 17676 个订单, 2101 个发货
2️⃣ 运行 Module4 - 生产计划
🔄加载前一天产线状态: ['TPOCPACK', 'TPODPACK', 'TPOFPACK', 'TPOGPACK']
🔄加载之前已分配产能: 48 个产能分配
[M4-Pandas] Production simulation 10 records: 1.3ms
💾保存当天产线状态: ['TPOCPACK', 'TPODPACK', 'TPOFPACK', 'TPOGPACK']
💾保存当天分配产能: 4 个产能分配 (小时单位)
Module4 daily output generated: C:\Users\admin\AppData\Local\Temp\tmp28izcmm6\output\module4\Module4Output_20251226.xlsx
🗂️ 持久化未来生产计划（不触发当日GR）...
✅已写入未来计划回补: 10 条
✅ Module4 完成 - 生成生产计划: 10 条记录
3️⃣ 运行 Module5 - 部署计划
[M5] load_integrated_config 用时: 0.380s
✅缓存已初始化: PTF/LSK=435 | LeadTime=46 | Network=4397
✅索引已构建: SDL=2376 | SS=2376 | Order=2101 | DeployCfg=1230
[M5] Demand collection only 用时: 15.375s
[M5] Demand collection+allocation 总用时: 23.453s
[M5] push_softpush_allocation 用时: 4.010s，生成行数: 57
[M5] Full day total 用时: 36.745s
    🎯 有效部署计划: 837/47670 条

    📦 立即处理M5 deployment，更新open deployment...
✅ Added 837 M5 deployment plans to open deployment for 2025-12-26
    ✅ 已更新 837 条部署计划到open deployment

  ✅ Module5 完成 - 生成 837 条有效部署计划
4️⃣ 运行 Module6 - 物流执行
[M6] OpenDeployment rows=1420 planned<=sim_date=1420 min=2025-12-15 00:00:00 max=2025-12-26 00:00:00
[M6-Pandas] Batch delay sampling 61 routes: 28.5ms
[M6-Pandas] Batch delay sampling 103 routes: 49.0ms
[M6-Pandas] Batch delay sampling 63 routes: 29.6ms
[M6-Pandas] Batch delay sampling 69 routes: 32.9ms
[M6-Pandas] Batch delay sampling 86 routes: 41.4ms
[M6-Pandas] Batch delay sampling 31 routes: 15.3ms
[M6-Pandas] Batch delay sampling 43 routes: 19.3ms
[M6-Pandas] Batch delay sampling 95 routes: 43.5ms
[M6-Pandas] Batch delay sampling 109 routes: 49.8ms
[M6->Orch] incoming rows: 660; date=2025-12-26
✅ Processed 660 M6 delivery plans for 2025-12-26
    ✅ 已处理 660 条delivery计划

  ✅ Module6 完成 - 生成 660 条交付计划
5️⃣ 运行 Module3 - 净需求计算
🔄 Module3 运行于集成模式
[M3] load_module1 total: 7.247s
[M3] assign_location_layers total: 0.123s, locations=4746
[M3-DuckDB] 批量计算 130 节点净需求: 194.3ms, input=130, output=130
[M3] batch layer 3: 130 nodes in 0.423s
[M3-DuckDB] 批量计算 2001 节点净需求: 236.8ms, input=2001, output=2001
[M3] batch layer 2: 2001 nodes in 3.930s
[M3-DuckDB] 批量计算 2266 节点净需求: 247.8ms, input=2266, output=2266
[M3] batch layer 1: 2266 nodes in 4.642s
[M3-DuckDB] 批量计算 349 节点净需求: 202.9ms, input=349, output=349
[M3] batch layer 0: 349 nodes in 0.573s
[M3] mrp_simulation: 10.043s, records=1920
✅ Module3 集成模式完成
[M3] total: 17.782s, days=1, records=1920
  ✅ Module3 完成
💾 每日结束状态保存
💾已保存 2025-12-26 期末库存: 2421 项
期初库存条目: 2413
生产入库条目: 10
交付入库条目: 392
发货出库条目: 2101
发运出库条目(M6): 660，数量合计: 21796
期末库存条目: 2421
  📊 从内存获取发运出库 [2025-12-26]: 30 项
📊 当日统计: {'date': '2025-12-26', 'total_inventory_items': 2421, 'total_inventory_quantity': 253148, 'open_deployment_count': 760, 'in_transit_count': 3437, 'production_gr_count': 10, 'delivery_gr_count': 392, 'shipment_count': 2101}
✅ 第 12 天处理完成
==================== 第 13/76 天: 2025-12-27 ====================
🌅 每日开始状态更新
💾保存期初库存快照...
💾已保存 2025-12-27 期初库存: 2421 项
📦处理当日delivery GR到达...
✅ Processed 348 delivery arrivals for 2025-12-27
🏭处理历史生产当日入库...
📦当日需要入库的历史生产: 9 条记录
✅ Processed 9 M4 production receipts for 2025-12-27
1️⃣ 运行 Module1 - 订单生成
[M1] 周度→日度拆分完成，生成天数: 681912，耗时: 0.061s
[M1] 周度→日度拆分完成，生成天数: 681912，耗时: 0.057s
[M1] 平均需求计算完成，ML数: 2376，耗时: 0.159s
[M1] 订单生成完成 (AO耗时: 0.029s, Normal耗时: 0.028s, 总耗时: 0.216s)，订单数: 4631
[M1] AO消耗完成(向量化)，耗时: 0.052s
[M1] Normal消耗完成(向量化)，耗时: 0.027s
[M1] 当日订单生成完成，订单数: 4631，耗时: 9.486s
[M1] 历史订单读取完成，文件数: 12，合并条目: 169688
[M1] 历史订单合并前过滤完成，耗时: 6.632s
[M1] 发货与缺货计算完成，shipment: 2101，cut: 2101，耗时: 0.029s
[M1] 供需日志生成完成，条目: 213840，耗时: 2.240s
🚚立即处理M1 shipment，扣减库存...
✅ Processed 2101 M1 shipments for 2025-12-27
✅ 已扣减 2101 个shipment的库存
✅ Module1 完成 - 生成 17686 个订单, 2101 个发货
2️⃣ 运行 Module4 - 生产计划
🔄加载前一天产线状态: ['TPOCPACK', 'TPODPACK', 'TPOFPACK', 'TPOGPACK']
🔄加载之前已分配产能: 52 个产能分配
[M4-Pandas] Production simulation 11 records: 1.3ms
💾保存当天产线状态: ['TPOCPACK', 'TPODPACK', 'TPOFPACK', 'TPOGPACK']
💾保存当天分配产能: 4 个产能分配 (小时单位)
Module4 daily output generated: C:\Users\admin\AppData\Local\Temp\tmp28izcmm6\output\module4\Module4Output_20251227.xlsx
🗂️ 持久化未来生产计划（不触发当日GR）...
✅已写入未来计划回补: 11 条
✅ Module4 完成 - 生成生产计划: 11 条记录
3️⃣ 运行 Module5 - 部署计划
[M5] load_integrated_config 用时: 0.405s
✅缓存已初始化: PTF/LSK=435 | LeadTime=46 | Network=4397
✅索引已构建: SDL=2376 | SS=2376 | Order=2101 | DeployCfg=1230
[M5] Demand collection only 用时: 15.238s
[M5] Demand collection+allocation 总用时: 23.351s
[M5] push_softpush_allocation 用时: 3.892s，生成行数: 48
[M5] Full day total 用时: 36.249s
    🎯 有效部署计划: 747/47443 条

    📦 立即处理M5 deployment，更新open deployment...
✅ Added 747 M5 deployment plans to open deployment for 2025-12-27
    ✅ 已更新 747 条部署计划到open deployment

  ✅ Module5 完成 - 生成 747 条有效部署计划
4️⃣ 运行 Module6 - 物流执行
[M6] OpenDeployment rows=1507 planned<=sim_date=1507 min=2025-12-15 00:00:00 max=2025-12-27 00:00:00
[M6-Pandas] Batch delay sampling 59 routes: 28.7ms
[M6-Pandas] Batch delay sampling 43 routes: 19.3ms
[M6-Pandas] Batch delay sampling 54 routes: 24.1ms
[M6-Pandas] Batch delay sampling 57 routes: 27.0ms
[M6-Pandas] Batch delay sampling 84 routes: 40.4ms
[M6-Pandas] Batch delay sampling 26 routes: 12.7ms
[M6-Pandas] Batch delay sampling 53 routes: 23.5ms
[M6-Pandas] Batch delay sampling 87 routes: 38.7ms
[M6-Pandas] Batch delay sampling 93 routes: 43.7ms
[M6-Pandas] Batch delay sampling 105 routes: 47.7ms
[M6->Orch] incoming rows: 661; date=2025-12-27
✅ Processed 661 M6 delivery plans for 2025-12-27
    ✅ 已处理 661 条delivery计划

  ✅ Module6 完成 - 生成 661 条交付计划
5️⃣ 运行 Module3 - 净需求计算
🔄 Module3 运行于集成模式
[M3] load_module1 total: 6.984s
[M3] assign_location_layers total: 0.125s, locations=4746
[M3-DuckDB] 批量计算 130 节点净需求: 191.1ms, input=130, output=130
[M3] batch layer 3: 130 nodes in 0.418s
[M3-DuckDB] 批量计算 2001 节点净需求: 235.6ms, input=2001, output=2001
[M3] batch layer 2: 2001 nodes in 3.930s
[M3-DuckDB] 批量计算 2266 节点净需求: 239.7ms, input=2266, output=2266
[M3] batch layer 1: 2266 nodes in 4.467s
[M3-DuckDB] 批量计算 349 节点净需求: 195.4ms, input=349, output=349
[M3] batch layer 0: 349 nodes in 0.556s
[M3] mrp_simulation: 9.837s, records=1886
✅ Module3 集成模式完成
[M3] total: 17.305s, days=1, records=1886
  ✅ Module3 完成
💾 每日结束状态保存
💾已保存 2025-12-27 期末库存: 2428 项
期初库存条目: 2421
生产入库条目: 9
交付入库条目: 348
发货出库条目: 2101
发运出库条目(M6): 661，数量合计: 12829
期末库存条目: 2428
  📊 从内存获取发运出库 [2025-12-27]: 37 项
📊 当日统计: {'date': '2025-12-27', 'total_inventory_items': 2428, 'total_inventory_quantity': 249265, 'open_deployment_count': 846, 'in_transit_count': 3750, 'production_gr_count': 9, 'delivery_gr_count': 348, 'shipment_count': 2101}
✅ 第 13 天处理完成
==================== 第 14/76 天: 2025-12-28 ====================
🌅 每日开始状态更新
💾保存期初库存快照...
💾已保存 2025-12-28 期初库存: 2428 项
📦处理当日delivery GR到达...
✅ Processed 293 delivery arrivals for 2025-12-28
🏭处理历史生产当日入库...
📦当日需要入库的历史生产: 12 条记录
✅ Processed 12 M4 production receipts for 2025-12-28
1️⃣ 运行 Module1 - 订单生成
[M1] 周度→日度拆分完成，生成天数: 681912，耗时: 0.061s
[M1] 周度→日度拆分完成，生成天数: 681912，耗时: 0.059s
[M1] 平均需求计算完成，ML数: 2376，耗时: 0.160s
[M1] 订单生成完成 (AO耗时: 0.032s, Normal耗时: 0.027s, 总耗时: 0.219s)，订单数: 4631
[M1] AO消耗完成(向量化)，耗时: 0.050s
[M1] Normal消耗完成(向量化)，耗时: 0.026s
[M1] 当日订单生成完成，订单数: 4631，耗时: 9.395s
[M1] 历史订单读取完成，文件数: 13，合并条目: 187374
[M1] 历史订单合并前过滤完成，耗时: 7.478s
[M1] 发货与缺货计算完成，shipment: 2101，cut: 2101，耗时: 0.033s
[M1] 供需日志生成完成，条目: 213840，耗时: 2.280s
🚚立即处理M1 shipment，扣减库存...
✅ Processed 2101 M1 shipments for 2025-12-28
✅ 已扣减 2101 个shipment的库存
✅ Module1 完成 - 生成 17686 个订单, 2101 个发货
2️⃣ 运行 Module4 - 生产计划
🔄加载前一天产线状态: ['TPOCPACK', 'TPODPACK', 'TPOFPACK', 'TPOGPACK']
🔄加载之前已分配产能: 56 个产能分配
[M4-Pandas] Production simulation 8 records: 0.9ms
💾保存当天产线状态: ['TPOCPACK', 'TPODPACK', 'TPOFPACK', 'TPOGPACK']
💾保存当天分配产能: 4 个产能分配 (小时单位)
Module4 daily output generated: C:\Users\admin\AppData\Local\Temp\tmp28izcmm6\output\module4\Module4Output_20251228.xlsx
🗂️ 持久化未来生产计划（不触发当日GR）...
✅已写入未来计划回补: 8 条
✅ Module4 完成 - 生成生产计划: 8 条记录
3️⃣ 运行 Module5 - 部署计划
[M5] load_integrated_config 用时: 0.416s
✅缓存已初始化: PTF/LSK=435 | LeadTime=46 | Network=4397
✅索引已构建: SDL=2376 | SS=2376 | Order=2101 | DeployCfg=1230
[M5] Demand collection only 用时: 15.099s
[M5] Demand collection+allocation 总用时: 23.215s
[M5] push_softpush_allocation 用时: 3.844s，生成行数: 58
[M5] Full day total 用时: 36.148s
    🎯 有效部署计划: 956/47278 条

    📦 立即处理M5 deployment，更新open deployment...
✅ Added 956 M5 deployment plans to open deployment for 2025-12-28
    ✅ 已更新 956 条部署计划到open deployment

  ✅ Module5 完成 - 生成 956 条有效部署计划
4️⃣ 运行 Module6 - 物流执行
[M6] OpenDeployment rows=1802 planned<=sim_date=1802 min=2025-12-15 00:00:00 max=2025-12-28 00:00:00
[M6-Pandas] Batch delay sampling 169 routes: 78.1ms
[M6-Pandas] Batch delay sampling 35 routes: 15.7ms
[M6-Pandas] Batch delay sampling 90 routes: 41.8ms
[M6-Pandas] Batch delay sampling 103 routes: 51.9ms
[M6-Pandas] Batch delay sampling 187 routes: 91.3ms
[M6-Pandas] Batch delay sampling 179 routes: 85.4ms
[M6-Pandas] Batch delay sampling 84 routes: 40.9ms
[M6-Pandas] Batch delay sampling 72 routes: 32.6ms
[M6->Orch] incoming rows: 919; date=2025-12-28
✅ Processed 919 M6 delivery plans for 2025-12-28
    ✅ 已处理 919 条delivery计划

  ✅ Module6 完成 - 生成 919 条交付计划
5️⃣ 运行 Module3 - 净需求计算
🔄 Module3 运行于集成模式
[M3] load_module1 total: 7.101s
[M3] assign_location_layers total: 0.126s, locations=4746
[M3-DuckDB] 批量计算 130 节点净需求: 191.1ms, input=130, output=130
[M3] batch layer 3: 130 nodes in 0.425s
[M3-DuckDB] 批量计算 2001 节点净需求: 240.1ms, input=2001, output=2001
[M3] batch layer 2: 2001 nodes in 3.967s
[M3-DuckDB] 批量计算 2266 节点净需求: 239.8ms, input=2266, output=2266
[M3] batch layer 1: 2266 nodes in 4.438s
[M3-DuckDB] 批量计算 349 节点净需求: 195.6ms, input=349, output=349
[M3] batch layer 0: 349 nodes in 0.558s
[M3] mrp_simulation: 9.889s, records=1845
✅ Module3 集成模式完成
[M3] total: 17.488s, days=1, records=1845
  ✅ Module3 完成
💾 每日结束状态保存
💾已保存 2025-12-28 期末库存: 2439 项
期初库存条目: 2428
生产入库条目: 12
交付入库条目: 293
发货出库条目: 2101
发运出库条目(M6): 919，数量合计: 19683
期末库存条目: 2439
  📊 从内存获取发运出库 [2025-12-28]: 49 项
📊 当日统计: {'date': '2025-12-28', 'total_inventory_items': 2439, 'total_inventory_quantity': 244446, 'open_deployment_count': 883, 'in_transit_count': 4376, 'production_gr_count': 12, 'delivery_gr_count': 293, 'shipment_count': 2101}
✅ 第 14 天处理完成
==================== 第 15/76 天: 2025-12-29 ====================
🌅 每日开始状态更新
💾保存期初库存快照...
💾已保存 2025-12-29 期初库存: 2439 项
📦处理当日delivery GR到达...
✅ Processed 672 delivery arrivals for 2025-12-29
🏭处理历史生产当日入库...
📦当日需要入库的历史生产: 11 条记录
✅ Processed 11 M4 production receipts for 2025-12-29
1️⃣ 运行 Module1 - 订单生成
[M1] 周度→日度拆分完成，生成天数: 681912，耗时: 0.063s
[M1] 周度→日度拆分完成，生成天数: 681912，耗时: 0.064s
[M1] 平均需求计算完成，ML数: 2376，耗时: 0.166s
[M1] 订单生成完成 (AO耗时: 0.029s, Normal耗时: 0.027s, 总耗时: 0.221s)，订单数: 4630
[M1] AO消耗完成(向量化)，耗时: 0.050s
[M1] Normal消耗完成(向量化)，耗时: 0.027s
[M1] 当日订单生成完成，订单数: 4630，耗时: 9.378s
[M1] 历史订单读取完成，文件数: 13，合并条目: 200528
[M1] 历史订单合并前过滤完成，耗时: 7.932s
[M1] 发货与缺货计算完成，shipment: 2100，cut: 2100，耗时: 0.036s
[M1] 供需日志生成完成，条目: 213840，耗时: 2.454s
🚚立即处理M1 shipment，扣减库存...
✅ Processed 2100 M1 shipments for 2025-12-29
✅ 已扣减 2100 个shipment的库存
✅ Module1 完成 - 生成 17685 个订单, 2100 个发货
2️⃣ 运行 Module4 - 生产计划
🔄加载前一天产线状态: ['TPOCPACK', 'TPODPACK', 'TPOFPACK', 'TPOGPACK']
🔄加载之前已分配产能: 60 个产能分配
[M4-Pandas] Production simulation 11 records: 1.0ms
💾保存当天产线状态: ['TPOCPACK', 'TPODPACK', 'TPOEPACK', 'TPOFPACK', 'TPOGPACK']
💾保存当天分配产能: 5 个产能分配 (小时单位)
Module4 daily output generated: C:\Users\admin\AppData\Local\Temp\tmp28izcmm6\output\module4\Module4Output_20251229.xlsx
🗂️ 持久化未来生产计划（不触发当日GR）...
✅已写入未来计划回补: 11 条
✅ Module4 完成 - 生成生产计划: 11 条记录
3️⃣ 运行 Module5 - 部署计划
[M5] load_integrated_config 用时: 0.426s
✅缓存已初始化: PTF/LSK=435 | LeadTime=46 | Network=4397
✅索引已构建: SDL=2376 | SS=2376 | Order=2100 | DeployCfg=1230
[M5] Demand collection only 用时: 15.435s
[M5] Demand collection+allocation 总用时: 23.354s
[M5] push_softpush_allocation 用时: 3.832s，生成行数: 44
[M5] Full day total 用时: 36.390s
    🎯 有效部署计划: 791/47100 条

    📦 立即处理M5 deployment，更新open deployment...
✅ Added 791 M5 deployment plans to open deployment for 2025-12-29
    ✅ 已更新 791 条部署计划到open deployment

  ✅ Module5 完成 - 生成 791 条有效部署计划
4️⃣ 运行 Module6 - 物流执行
[M6] OpenDeployment rows=1674 planned<=sim_date=1674 min=2025-12-15 00:00:00 max=2025-12-29 00:00:00
[M6-Pandas] Batch delay sampling 142 routes: 66.4ms
[M6-Pandas] Batch delay sampling 86 routes: 39.2ms
[M6-Pandas] Batch delay sampling 38 routes: 17.1ms
[M6-Pandas] Batch delay sampling 31 routes: 14.0ms
[M6-Pandas] Batch delay sampling 59 routes: 27.5ms
[M6-Pandas] Batch delay sampling 50 routes: 22.5ms
[M6-Pandas] Batch delay sampling 48 routes: 21.8ms
[M6-Pandas] Batch delay sampling 95 routes: 44.2ms
[M6-Pandas] Batch delay sampling 110 routes: 51.0ms
[M6-Pandas] Batch delay sampling 68 routes: 31.8ms
[M6-Pandas] Batch delay sampling 46 routes: 21.8ms
[M6-Pandas] Batch delay sampling 33 routes: 15.9ms
[M6-Pandas] Batch delay sampling 28 routes: 13.3ms
[M6->Orch] incoming rows: 834; date=2025-12-29
✅ Processed 834 M6 delivery plans for 2025-12-29
    ✅ 已处理 834 条delivery计划

  ✅ Module6 完成 - 生成 834 条交付计划
5️⃣ 运行 Module3 - 净需求计算
🔄 Module3 运行于集成模式
[M3] load_module1 total: 7.078s
[M3] assign_location_layers total: 0.125s, locations=4746
[M3-DuckDB] 批量计算 130 节点净需求: 278.8ms, input=130, output=130
[M3] batch layer 3: 130 nodes in 0.516s
[M3-DuckDB] 批量计算 2001 节点净需求: 233.3ms, input=2001, output=2001
[M3] batch layer 2: 2001 nodes in 3.913s
[M3-DuckDB] 批量计算 2266 节点净需求: 249.7ms, input=2266, output=2266
[M3] batch layer 1: 2266 nodes in 4.453s
[M3-DuckDB] 批量计算 349 节点净需求: 193.8ms, input=349, output=349
[M3] batch layer 0: 349 nodes in 0.554s
[M3] mrp_simulation: 9.908s, records=1819
✅ Module3 集成模式完成
[M3] total: 17.435s, days=1, records=1819
  ✅ Module3 完成
💾 每日结束状态保存
💾已保存 2025-12-29 期末库存: 2447 项
期初库存条目: 2439
生产入库条目: 11
交付入库条目: 672
发货出库条目: 2100
发运出库条目(M6): 834，数量合计: 19167
期末库存条目: 2447
  📊 从内存获取发运出库 [2025-12-29]: 82 项
📊 当日统计: {'date': '2025-12-29', 'total_inventory_items': 2447, 'total_inventory_quantity': 252867, 'open_deployment_count': 840, 'in_transit_count': 4538, 'production_gr_count': 11, 'delivery_gr_count': 672, 'shipment_count': 2100}
✅ 第 15 天处理完成
==================== 第 16/76 天: 2025-12-30 ====================
🌅 每日开始状态更新
💾保存期初库存快照...
💾已保存 2025-12-30 期初库存: 2447 项
📦处理当日delivery GR到达...
✅ Processed 446 delivery arrivals for 2025-12-30
🏭处理历史生产当日入库...
📦当日需要入库的历史生产: 12 条记录
✅ Processed 12 M4 production receipts for 2025-12-30
1️⃣ 运行 Module1 - 订单生成
[M1] 周度→日度拆分完成，生成天数: 681912，耗时: 0.060s
[M1] 周度→日度拆分完成，生成天数: 681912，耗时: 0.057s
[M1] 平均需求计算完成，ML数: 2376，耗时: 0.155s
[M1] 订单生成完成 (AO耗时: 0.028s, Normal耗时: 0.026s, 总耗时: 0.209s)，订单数: 4644
[M1] AO消耗完成(向量化)，耗时: 0.052s
[M1] Normal消耗完成(向量化)，耗时: 0.029s
[M1] 当日订单生成完成，订单数: 4644，耗时: 9.345s
[M1] 历史订单读取完成，文件数: 13，合并条目: 210313
[M1] 历史订单合并前过滤完成，耗时: 8.544s
[M1] 发货与缺货计算完成，shipment: 2114，cut: 2114，耗时: 0.030s
[M1] 供需日志生成完成，条目: 213840，耗时: 2.460s
🚚立即处理M1 shipment，扣减库存...
✅ Processed 2114 M1 shipments for 2025-12-30
✅ 已扣减 2114 个shipment的库存
✅ Module1 完成 - 生成 17699 个订单, 2114 个发货
2️⃣ 运行 Module4 - 生产计划
🔄加载前一天产线状态: ['TPOCPACK', 'TPODPACK', 'TPOEPACK', 'TPOFPACK', 'TPOGPACK']
🔄加载之前已分配产能: 65 个产能分配
[M4-Pandas] Production simulation 14 records: 0.9ms
💾保存当天产线状态: ['TPOCPACK', 'TPODPACK', 'TPOEPACK', 'TPOFPACK', 'TPOGPACK']
💾保存当天分配产能: 6 个产能分配 (小时单位)
Module4 daily output generated: C:\Users\admin\AppData\Local\Temp\tmp28izcmm6\output\module4\Module4Output_20251230.xlsx
🗂️ 持久化未来生产计划（不触发当日GR）...
✅已写入未来计划回补: 14 条
✅ Module4 完成 - 生成生产计划: 14 条记录
3️⃣ 运行 Module5 - 部署计划
[M5] load_integrated_config 用时: 0.415s
✅缓存已初始化: PTF/LSK=435 | LeadTime=46 | Network=4397
✅索引已构建: SDL=2376 | SS=2376 | Order=2114 | DeployCfg=1230
[M5] Demand collection only 用时: 15.035s
[M5] Demand collection+allocation 总用时: 22.834s
[M5] push_softpush_allocation 用时: 3.642s，生成行数: 55
[M5] Full day total 用时: 35.839s
    🎯 有效部署计划: 1034/47257 条

    📦 立即处理M5 deployment，更新open deployment...
✅ Added 1034 M5 deployment plans to open deployment for 2025-12-30
    ✅ 已更新 1034 条部署计划到open deployment

  ✅ Module5 完成 - 生成 1034 条有效部署计划
4️⃣ 运行 Module6 - 物流执行
[M6] OpenDeployment rows=1874 planned<=sim_date=1874 min=2025-12-15 00:00:00 max=2025-12-30 00:00:00
[M6-Pandas] Batch delay sampling 47 routes: 22.2ms
[M6-Pandas] Batch delay sampling 188 routes: 85.0ms
[M6-Pandas] Batch delay sampling 68 routes: 30.9ms
[M6-Pandas] Batch delay sampling 108 routes: 53.3ms
[M6-Pandas] Batch delay sampling 81 routes: 38.1ms
[M6-Pandas] Batch delay sampling 92 routes: 41.2ms
[M6-Pandas] Batch delay sampling 130 routes: 64.4ms
[M6-Pandas] Batch delay sampling 80 routes: 35.6ms
[M6-Pandas] Batch delay sampling 127 routes: 61.9ms
[M6-Pandas] Batch delay sampling 34 routes: 16.1ms
[M6->Orch] incoming rows: 955; date=2025-12-30
✅ Processed 955 M6 delivery plans for 2025-12-30
    ✅ 已处理 955 条delivery计划

  ✅ Module6 完成 - 生成 955 条交付计划
5️⃣ 运行 Module3 - 净需求计算
🔄 Module3 运行于集成模式
[M3] load_module1 total: 7.479s
[M3] assign_location_layers total: 0.131s, locations=4746
[M3-DuckDB] 批量计算 130 节点净需求: 192.4ms, input=130, output=130
[M3] batch layer 3: 130 nodes in 0.427s
[M3-DuckDB] 批量计算 2001 节点净需求: 240.0ms, input=2001, output=2001
[M3] batch layer 2: 2001 nodes in 4.040s
[M3-DuckDB] 批量计算 2266 节点净需求: 253.2ms, input=2266, output=2266
[M3] batch layer 1: 2266 nodes in 4.572s
[M3-DuckDB] 批量计算 349 节点净需求: 198.5ms, input=349, output=349
[M3] batch layer 0: 349 nodes in 0.579s
[M3] mrp_simulation: 10.136s, records=1782
✅ Module3 集成模式完成
[M3] total: 18.153s, days=1, records=1782
  ✅ Module3 完成
💾 每日结束状态保存
💾已保存 2025-12-30 期末库存: 2455 项
期初库存条目: 2447
生产入库条目: 12
交付入库条目: 446
发货出库条目: 2114
发运出库条目(M6): 955，数量合计: 17770
期末库存条目: 2455
  📊 从内存获取发运出库 [2025-12-30]: 79 项
📊 当日统计: {'date': '2025-12-30', 'total_inventory_items': 2455, 'total_inventory_quantity': 258399, 'open_deployment_count': 919, 'in_transit_count': 5047, 'production_gr_count': 12, 'delivery_gr_count': 446, 'shipment_count': 2114}
✅ 第 16 天处理完成
==================== 第 17/76 天: 2025-12-31 ====================
🌅 每日开始状态更新
💾保存期初库存快照...
💾已保存 2025-12-31 期初库存: 2455 项
📦处理当日delivery GR到达...
✅ Processed 438 delivery arrivals for 2025-12-31
🏭处理历史生产当日入库...
📦当日需要入库的历史生产: 12 条记录
✅ Processed 12 M4 production receipts for 2025-12-31
1️⃣ 运行 Module1 - 订单生成
[M1] 周度→日度拆分完成，生成天数: 681912，耗时: 0.060s
[M1] 周度→日度拆分完成，生成天数: 681912，耗时: 0.056s
[M1] 平均需求计算完成，ML数: 2376，耗时: 0.159s
[M1] 订单生成完成 (AO耗时: 0.029s, Normal耗时: 0.029s, 总耗时: 0.218s)，订单数: 4641
[M1] AO消耗完成(向量化)，耗时: 0.052s
[M1] Normal消耗完成(向量化)，耗时: 0.029s
[M1] 当日订单生成完成，订单数: 4641，耗时: 9.431s
[M1] 历史订单读取完成，文件数: 13，合并条目: 217235
[M1] 历史订单合并前过滤完成，耗时: 8.750s
[M1] 发货与缺货计算完成，shipment: 2111，cut: 2111，耗时: 0.029s
[M1] 供需日志生成完成，条目: 213840，耗时: 2.446s
🚚立即处理M1 shipment，扣减库存...
✅ Processed 2111 M1 shipments for 2025-12-31
✅ 已扣减 2111 个shipment的库存
✅ Module1 完成 - 生成 17696 个订单, 2111 个发货
2️⃣ 运行 Module4 - 生产计划
🔄加载前一天产线状态: ['TPOCPACK', 'TPODPACK', 'TPOEPACK', 'TPOFPACK', 'TPOGPACK']
🔄加载之前已分配产能: 71 个产能分配
[M4-Pandas] Production simulation 7 records: 0.9ms
💾保存当天产线状态: ['TPOCPACK', 'TPODPACK', 'TPOFPACK', 'TPOGPACK']
💾保存当天分配产能: 4 个产能分配 (小时单位)
Module4 daily output generated: C:\Users\admin\AppData\Local\Temp\tmp28izcmm6\output\module4\Module4Output_20251231.xlsx
🗂️ 持久化未来生产计划（不触发当日GR）...
✅已写入未来计划回补: 7 条
✅ Module4 完成 - 生成生产计划: 7 条记录
3️⃣ 运行 Module5 - 部署计划
[M5] load_integrated_config 用时: 0.432s
✅缓存已初始化: PTF/LSK=435 | LeadTime=46 | Network=4397
✅索引已构建: SDL=2376 | SS=2376 | Order=2111 | DeployCfg=1230
[M5] Demand collection only 用时: 15.347s
[M5] Demand collection+allocation 总用时: 23.273s
[M5] push_softpush_allocation 用时: 3.541s，生成行数: 61
[M5] Full day total 用时: 36.350s
    🎯 有效部署计划: 1067/47228 条

    📦 立即处理M5 deployment，更新open deployment...
✅ Added 1067 M5 deployment plans to open deployment for 2025-12-31
    ✅ 已更新 1067 条部署计划到open deployment

  ✅ Module5 完成 - 生成 1067 条有效部署计划
4️⃣ 运行 Module6 - 物流执行
[M6] OpenDeployment rows=1986 planned<=sim_date=1986 min=2025-12-15 00:00:00 max=2025-12-31 00:00:00
[M6-Pandas] Batch delay sampling 121 routes: 54.0ms
[M6-Pandas] Batch delay sampling 126 routes: 55.6ms
[M6-Pandas] Batch delay sampling 30 routes: 14.4ms
[M6-Pandas] Batch delay sampling 63 routes: 28.0ms
[M6-Pandas] Batch delay sampling 125 routes: 57.1ms
[M6-Pandas] Batch delay sampling 82 routes: 38.8ms
[M6-Pandas] Batch delay sampling 80 routes: 35.2ms
[M6-Pandas] Batch delay sampling 121 routes: 53.7ms
[M6-Pandas] Batch delay sampling 48 routes: 21.6ms
[M6-Pandas] Batch delay sampling 162 routes: 71.7ms
[M6->Orch] incoming rows: 958; date=2025-12-31
✅ Processed 958 M6 delivery plans for 2025-12-31
    ✅ 已处理 958 条delivery计划

  ✅ Module6 完成 - 生成 958 条交付计划
5️⃣ 运行 Module3 - 净需求计算
🔄 Module3 运行于集成模式
[M3] load_module1 total: 7.083s
[M3] assign_location_layers total: 0.123s, locations=4746
[M3-DuckDB] 批量计算 130 节点净需求: 198.4ms, input=130, output=130
[M3] batch layer 3: 130 nodes in 0.430s
[M3-DuckDB] 批量计算 2001 节点净需求: 242.9ms, input=2001, output=2001
[M3] batch layer 2: 2001 nodes in 4.041s
[M3-DuckDB] 批量计算 2266 节点净需求: 246.8ms, input=2266, output=2266
[M3] batch layer 1: 2266 nodes in 4.406s
[M3-DuckDB] 批量计算 349 节点净需求: 196.0ms, input=349, output=349
[M3] batch layer 0: 349 nodes in 0.553s
[M3] mrp_simulation: 9.940s, records=1784
✅ Module3 集成模式完成
[M3] total: 17.558s, days=1, records=1784
  ✅ Module3 完成
💾 每日结束状态保存
💾已保存 2025-12-31 期末库存: 2464 项
期初库存条目: 2455
生产入库条目: 12
交付入库条目: 438
发货出库条目: 2111
发运出库条目(M6): 958，数量合计: 22416
期末库存条目: 2464
  📊 从内存获取发运出库 [2025-12-31]: 61 项
📊 当日统计: {'date': '2025-12-31', 'total_inventory_items': 2464, 'total_inventory_quantity': 265209, 'open_deployment_count': 1028, 'in_transit_count': 5567, 'production_gr_count': 12, 'delivery_gr_count': 438, 'shipment_count': 2111}
✅ 第 17 天处理完成
==================== 第 18/76 天: 2026-01-01 ====================
🌅 每日开始状态更新
💾保存期初库存快照...
💾已保存 2026-01-01 期初库存: 2464 项
📦处理当日delivery GR到达...
✅ Processed 573 delivery arrivals for 2026-01-01
🏭处理历史生产当日入库...
📦当日需要入库的历史生产: 8 条记录
✅ Processed 8 M4 production receipts for 2026-01-01
1️⃣ 运行 Module1 - 订单生成
[M1] 周度→日度拆分完成，生成天数: 681912，耗时: 0.056s
[M1] 周度→日度拆分完成，生成天数: 681912，耗时: 0.062s
[M1] 平均需求计算完成，ML数: 2376，耗时: 0.159s
[M1] 订单生成完成 (AO耗时: 0.029s, Normal耗时: 0.027s, 总耗时: 0.216s)，订单数: 4638
[M1] AO消耗完成(向量化)，耗时: 0.051s
[M1] Normal消耗完成(向量化)，耗时: 0.028s
[M1] 当日订单生成完成，订单数: 4638，耗时: 9.338s
[M1] 历史订单读取完成，文件数: 13，合并条目: 221912
[M1] 历史订单合并前过滤完成，耗时: 8.927s
[M1] 发货与缺货计算完成，shipment: 2108，cut: 2108，耗时: 0.031s
[M1] 供需日志生成完成，条目: 213840，耗时: 2.503s
🚚立即处理M1 shipment，扣减库存...
✅ Processed 2108 M1 shipments for 2026-01-01
✅ 已扣减 2108 个shipment的库存
✅ Module1 完成 - 生成 17693 个订单, 2108 个发货
2️⃣ 运行 Module4 - 生产计划
🔄加载前一天产线状态: ['TPOCPACK', 'TPODPACK', 'TPOFPACK', 'TPOGPACK']
🔄加载之前已分配产能: 74 个产能分配
[M4-Pandas] Production simulation 13 records: 0.9ms
💾保存当天产线状态: ['TPOCPACK', 'TPODPACK', 'TPOEPACK', 'TPOFPACK', 'TPOGPACK']
💾保存当天分配产能: 5 个产能分配 (小时单位)
Module4 daily output generated: C:\Users\admin\AppData\Local\Temp\tmp28izcmm6\output\module4\Module4Output_20260101.xlsx
🗂️ 持久化未来生产计划（不触发当日GR）...
✅已写入未来计划回补: 13 条
✅ Module4 完成 - 生成生产计划: 13 条记录
3️⃣ 运行 Module5 - 部署计划
[M5] load_integrated_config 用时: 0.443s
✅缓存已初始化: PTF/LSK=435 | LeadTime=46 | Network=4397
✅索引已构建: SDL=2376 | SS=2376 | Order=2108 | DeployCfg=1230
[M5] Demand collection only 用时: 15.010s
[M5] Demand collection+allocation 总用时: 23.168s
[M5] push_softpush_allocation 用时: 3.514s，生成行数: 43
[M5] Full day total 用时: 35.812s
    🎯 有效部署计划: 877/47224 条

    📦 立即处理M5 deployment，更新open deployment...
✅ Added 877 M5 deployment plans to open deployment for 2026-01-01
    ✅ 已更新 877 条部署计划到open deployment

  ✅ Module5 完成 - 生成 877 条有效部署计划
4️⃣ 运行 Module6 - 物流执行
[M6] OpenDeployment rows=1905 planned<=sim_date=1905 min=2025-12-15 00:00:00 max=2026-01-01 00:00:00
[M6-Pandas] Batch delay sampling 58 routes: 26.1ms
[M6-Pandas] Batch delay sampling 31 routes: 14.5ms
[M6-Pandas] Batch delay sampling 76 routes: 34.6ms
[M6-Pandas] Batch delay sampling 55 routes: 26.1ms
[M6-Pandas] Batch delay sampling 48 routes: 21.7ms
[M6-Pandas] Batch delay sampling 106 routes: 50.1ms
[M6->Orch] incoming rows: 374; date=2026-01-01
✅ Processed 374 M6 delivery plans for 2026-01-01
    ✅ 已处理 374 条delivery计划

  ✅ Module6 完成 - 生成 374 条交付计划
5️⃣ 运行 Module3 - 净需求计算
🔄 Module3 运行于集成模式
[M3] load_module1 total: 7.051s
[M3] assign_location_layers total: 0.124s, locations=4746
[M3-DuckDB] 批量计算 130 节点净需求: 191.7ms, input=130, output=130
[M3] batch layer 3: 130 nodes in 0.430s
[M3-DuckDB] 批量计算 2001 节点净需求: 238.1ms, input=2001, output=2001
[M3] batch layer 2: 2001 nodes in 4.048s
[M3-DuckDB] 批量计算 2266 节点净需求: 239.5ms, input=2266, output=2266
[M3] batch layer 1: 2266 nodes in 4.336s
[M3-DuckDB] 批量计算 349 节点净需求: 194.3ms, input=349, output=349
[M3] batch layer 0: 349 nodes in 0.559s
[M3] mrp_simulation: 9.878s, records=1835
✅ Module3 集成模式完成
[M3] total: 17.520s, days=1, records=1835
  ✅ Module3 完成
💾 每日结束状态保存
💾已保存 2026-01-01 期末库存: 2471 项
期初库存条目: 2464
生产入库条目: 8
交付入库条目: 573
发货出库条目: 2108
发运出库条目(M6): 374，数量合计: 8090
期末库存条目: 2471
  📊 从内存获取发运出库 [2026-01-01]: 47 项
📊 当日统计: {'date': '2026-01-01', 'total_inventory_items': 2471, 'total_inventory_quantity': 269519, 'open_deployment_count': 1532, 'in_transit_count': 5368, 'production_gr_count': 8, 'delivery_gr_count': 573, 'shipment_count': 2108}
✅ 第 18 天处理完成
==================== 第 19/76 天: 2026-01-02 ====================
🌅 每日开始状态更新
💾保存期初库存快照...
💾已保存 2026-01-02 期初库存: 2471 项
📦处理当日delivery GR到达...
✅ Processed 727 delivery arrivals for 2026-01-02
🏭处理历史生产当日入库...
📦当日需要入库的历史生产: 7 条记录
✅ Processed 7 M4 production receipts for 2026-01-02
1️⃣ 运行 Module1 - 订单生成
[M1] 周度→日度拆分完成，生成天数: 681912，耗时: 0.057s
[M1] 周度→日度拆分完成，生成天数: 681912，耗时: 0.057s
[M1] 平均需求计算完成，ML数: 2376，耗时: 0.157s
[M1] 订单生成完成 (AO耗时: 0.029s, Normal耗时: 0.027s, 总耗时: 0.213s)，订单数: 4636
[M1] AO消耗完成(向量化)，耗时: 0.051s
[M1] Normal消耗完成(向量化)，耗时: 0.028s
[M1] 当日订单生成完成，订单数: 4636，耗时: 9.248s
[M1] 历史订单读取完成，文件数: 13，合并条目: 224982
[M1] 历史订单合并前过滤完成，耗时: 9.103s
[M1] 发货与缺货计算完成，shipment: 2106，cut: 2106，耗时: 0.029s
[M1] 供需日志生成完成，条目: 213840，耗时: 2.282s
🚚立即处理M1 shipment，扣减库存...
✅ Processed 2106 M1 shipments for 2026-01-02
✅ 已扣减 2106 个shipment的库存
✅ Module1 完成 - 生成 17691 个订单, 2106 个发货
2️⃣ 运行 Module4 - 生产计划
🔄加载前一天产线状态: ['TPOCPACK', 'TPODPACK', 'TPOEPACK', 'TPOFPACK', 'TPOGPACK']
🔄加载之前已分配产能: 79 个产能分配
[M4-Pandas] Production simulation 11 records: 0.9ms
💾保存当天产线状态: ['TPOCPACK', 'TPODPACK', 'TPOEPACK', 'TPOFPACK', 'TPOGPACK']
💾保存当天分配产能: 5 个产能分配 (小时单位)
Module4 daily output generated: C:\Users\admin\AppData\Local\Temp\tmp28izcmm6\output\module4\Module4Output_20260102.xlsx
🗂️ 持久化未来生产计划（不触发当日GR）...
✅已写入未来计划回补: 11 条
✅ Module4 完成 - 生成生产计划: 11 条记录
3️⃣ 运行 Module5 - 部署计划
[M5] load_integrated_config 用时: 0.506s
✅缓存已初始化: PTF/LSK=435 | LeadTime=46 | Network=4397
✅索引已构建: SDL=2376 | SS=2376 | Order=2106 | DeployCfg=1230
[M5] Demand collection only 用时: 15.082s
[M5] Demand collection+allocation 总用时: 23.334s
[M5] push_softpush_allocation 用时: 3.206s，生成行数: 36
[M5] Full day total 用时: 35.665s
    🎯 有效部署计划: 762/47224 条

    📦 立即处理M5 deployment，更新open deployment...
✅ Added 762 M5 deployment plans to open deployment for 2026-01-02
    ✅ 已更新 762 条部署计划到open deployment

  ✅ Module5 完成 - 生成 762 条有效部署计划
4️⃣ 运行 Module6 - 物流执行
[M6] OpenDeployment rows=2294 planned<=sim_date=2294 min=2025-12-15 00:00:00 max=2026-01-02 00:00:00
[M6-Pandas] Batch delay sampling 43 routes: 19.9ms
[M6-Pandas] Batch delay sampling 87 routes: 40.1ms
[M6-Pandas] Batch delay sampling 191 routes: 85.0ms
[M6-Pandas] Batch delay sampling 45 routes: 19.7ms
[M6-Pandas] Batch delay sampling 151 routes: 67.2ms
[M6-Pandas] Batch delay sampling 167 routes: 76.4ms
[M6-Pandas] Batch delay sampling 53 routes: 24.5ms
[M6-Pandas] Batch delay sampling 60 routes: 26.5ms
[M6-Pandas] Batch delay sampling 30 routes: 13.3ms
[M6-Pandas] Batch delay sampling 58 routes: 25.9ms
[M6-Pandas] Batch delay sampling 92 routes: 42.9ms
[M6->Orch] incoming rows: 977; date=2026-01-02
✅ Processed 977 M6 delivery plans for 2026-01-02
    ✅ 已处理 977 条delivery计划

  ✅ Module6 完成 - 生成 977 条交付计划
5️⃣ 运行 Module3 - 净需求计算
🔄 Module3 运行于集成模式
[M3] load_module1 total: 7.073s
[M3] assign_location_layers total: 0.124s, locations=4746
[M3-DuckDB] 批量计算 130 节点净需求: 191.9ms, input=130, output=130
[M3] batch layer 3: 130 nodes in 0.429s
[M3-DuckDB] 批量计算 2001 节点净需求: 239.9ms, input=2001, output=2001
[M3] batch layer 2: 2001 nodes in 4.008s
[M3-DuckDB] 批量计算 2266 节点净需求: 250.6ms, input=2266, output=2266
[M3] batch layer 1: 2266 nodes in 4.384s
[M3-DuckDB] 批量计算 349 节点净需求: 199.0ms, input=349, output=349
[M3] batch layer 0: 349 nodes in 0.566s
[M3] mrp_simulation: 9.912s, records=1816
✅ Module3 集成模式完成
[M3] total: 17.501s, days=1, records=1816
  ✅ Module3 完成
💾 每日结束状态保存
💾已保存 2026-01-02 期末库存: 2474 项
期初库存条目: 2471
生产入库条目: 7
交付入库条目: 727
发货出库条目: 2106
发运出库条目(M6): 977，数量合计: 13199
期末库存条目: 2474
  📊 从内存获取发运出库 [2026-01-02]: 93 项
📊 当日统计: {'date': '2026-01-02', 'total_inventory_items': 2474, 'total_inventory_quantity': 273441, 'open_deployment_count': 1317, 'in_transit_count': 5618, 'production_gr_count': 7, 'delivery_gr_count': 727, 'shipment_count': 2106}
✅ 第 19 天处理完成
==================== 第 20/76 天: 2026-01-03 ====================
🌅 每日开始状态更新
💾保存期初库存快照...
💾已保存 2026-01-03 期初库存: 2474 项
📦处理当日delivery GR到达...
✅ Processed 745 delivery arrivals for 2026-01-03
🏭处理历史生产当日入库...
📦当日需要入库的历史生产: 7 条记录
✅ Processed 7 M4 production receipts for 2026-01-03
1️⃣ 运行 Module1 - 订单生成
[M1] 周度→日度拆分完成，生成天数: 681912，耗时: 0.061s
[M1] 周度→日度拆分完成，生成天数: 681912，耗时: 0.056s
[M1] 平均需求计算完成，ML数: 2376，耗时: 0.157s
[M1] 订单生成完成 (AO耗时: 0.029s, Normal耗时: 0.026s, 总耗时: 0.212s)，订单数: 4633
[M1] AO消耗完成(向量化)，耗时: 0.050s
[M1] Normal消耗完成(向量化)，耗时: 0.029s
[M1] 当日订单生成完成，订单数: 4633，耗时: 9.385s
[M1] 历史订单读取完成，文件数: 13，合并条目: 227004
[M1] 历史订单合并前过滤完成，耗时: 9.182s
[M1] 发货与缺货计算完成，shipment: 2103，cut: 2103，耗时: 0.037s
[M1] 供需日志生成完成，条目: 213840，耗时: 2.539s
🚚立即处理M1 shipment，扣减库存...
✅ Processed 2103 M1 shipments for 2026-01-03
✅ 已扣减 2103 个shipment的库存
✅ Module1 完成 - 生成 17688 个订单, 2103 个发货
2️⃣ 运行 Module4 - 生产计划
🔄加载前一天产线状态: ['TPOCPACK', 'TPODPACK', 'TPOEPACK', 'TPOFPACK', 'TPOGPACK']
🔄加载之前已分配产能: 84 个产能分配
[M4-Pandas] Production simulation 10 records: 0.9ms
💾保存当天产线状态: ['TPOCPACK', 'TPODPACK', 'TPOEPACK', 'TPOFPACK', 'TPOGPACK']
💾保存当天分配产能: 5 个产能分配 (小时单位)
Module4 daily output generated: C:\Users\admin\AppData\Local\Temp\tmp28izcmm6\output\module4\Module4Output_20260103.xlsx
🗂️ 持久化未来生产计划（不触发当日GR）...
✅已写入未来计划回补: 10 条
✅ Module4 完成 - 生成生产计划: 10 条记录
3️⃣ 运行 Module5 - 部署计划
[M5] load_integrated_config 用时: 0.484s
✅缓存已初始化: PTF/LSK=435 | LeadTime=46 | Network=4397
✅索引已构建: SDL=2376 | SS=2376 | Order=2103 | DeployCfg=1230
[M5] Demand collection only 用时: 15.094s
[M5] Demand collection+allocation 总用时: 22.913s
[M5] push_softpush_allocation 用时: 3.388s，生成行数: 42
[M5] Full day total 用时: 36.223s
    🎯 有效部署计划: 780/47421 条

    📦 立即处理M5 deployment，更新open deployment...
✅ Added 780 M5 deployment plans to open deployment for 2026-01-03
    ✅ 已更新 780 条部署计划到open deployment

  ✅ Module5 完成 - 生成 780 条有效部署计划
4️⃣ 运行 Module6 - 物流执行
[M6] OpenDeployment rows=2097 planned<=sim_date=2097 min=2025-12-15 00:00:00 max=2026-01-03 00:00:00
[M6-Pandas] Batch delay sampling 74 routes: 35.9ms
[M6-Pandas] Batch delay sampling 10 routes: 5.8ms
[M6-Pandas] Batch delay sampling 129 routes: 62.0ms
[M6-Pandas] Batch delay sampling 31 routes: 14.1ms
[M6-Pandas] Batch delay sampling 122 routes: 55.8ms
[M6-Pandas] Batch delay sampling 108 routes: 57.6ms
[M6-Pandas] Batch delay sampling 163 routes: 78.7ms
[M6-Pandas] Batch delay sampling 20 routes: 10.3ms
[M6-Pandas] Batch delay sampling 29 routes: 13.0ms
[M6-Pandas] Batch delay sampling 40 routes: 18.2ms
[M6-Pandas] Batch delay sampling 24 routes: 11.4ms
[M6-Pandas] Batch delay sampling 23 routes: 14.6ms
[M6-Pandas] Batch delay sampling 70 routes: 33.7ms
[M6-Pandas] Batch delay sampling 82 routes: 43.7ms
[M6-Pandas] Batch delay sampling 81 routes: 45.7ms
[M6-Pandas] Batch delay sampling 47 routes: 24.7ms
[M6->Orch] incoming rows: 1053; date=2026-01-03
✅ Processed 1053 M6 delivery plans for 2026-01-03
    ✅ 已处理 1053 条delivery计划

  ✅ Module6 完成 - 生成 1053 条交付计划
5️⃣ 运行 Module3 - 净需求计算
🔄 Module3 运行于集成模式
[M3] load_module1 total: 7.335s
[M3] assign_location_layers total: 0.130s, locations=4746
[M3-DuckDB] 批量计算 130 节点净需求: 205.3ms, input=130, output=130
[M3] batch layer 3: 130 nodes in 0.453s
[M3-DuckDB] 批量计算 2001 节点净需求: 247.3ms, input=2001, output=2001
[M3] batch layer 2: 2001 nodes in 4.138s
[M3-DuckDB] 批量计算 2266 节点净需求: 245.1ms, input=2266, output=2266
[M3] batch layer 1: 2266 nodes in 4.424s
[M3-DuckDB] 批量计算 349 节点净需求: 199.8ms, input=349, output=349
[M3] batch layer 0: 349 nodes in 0.565s
[M3] mrp_simulation: 10.168s, records=1799
✅ Module3 集成模式完成
[M3] total: 18.002s, days=1, records=1799
  ✅ Module3 完成
💾 每日结束状态保存
💾已保存 2026-01-03 期末库存: 2478 项
期初库存条目: 2474
生产入库条目: 7
交付入库条目: 745
发货出库条目: 2103
发运出库条目(M6): 1053，数量合计: 18337
期末库存条目: 2478
  📊 从内存获取发运出库 [2026-01-03]: 125 项
📊 当日统计: {'date': '2026-01-03', 'total_inventory_items': 2478, 'total_inventory_quantity': 273267, 'open_deployment_count': 1044, 'in_transit_count': 5926, 'production_gr_count': 7, 'delivery_gr_count': 745, 'shipment_count': 2103}
✅ 第 20 天处理完成
==================== 第 21/76 天: 2026-01-04 ====================
🌅 每日开始状态更新
💾保存期初库存快照...
💾已保存 2026-01-04 期初库存: 2478 项
📦处理当日delivery GR到达...
✅ Processed 949 delivery arrivals for 2026-01-04
🏭处理历史生产当日入库...
📦当日需要入库的历史生产: 7 条记录
✅ Processed 7 M4 production receipts for 2026-01-04
1️⃣ 运行 Module1 - 订单生成
[M1] 周度→日度拆分完成，生成天数: 681912，耗时: 0.063s
[M1] 周度→日度拆分完成，生成天数: 681912，耗时: 0.056s
[M1] 平均需求计算完成，ML数: 2376，耗时: 0.159s
[M1] 订单生成完成 (AO耗时: 0.028s, Normal耗时: 0.026s, 总耗时: 0.214s)，订单数: 4630
[M1] AO消耗完成(向量化)，耗时: 0.051s
[M1] Normal消耗完成(向量化)，耗时: 0.029s
[M1] 当日订单生成完成，订单数: 4630，耗时: 9.670s
[M1] 历史订单读取完成，文件数: 13，合并条目: 228303
[M1] 历史订单合并前过滤完成，耗时: 9.518s
[M1] 发货与缺货计算完成，shipment: 2100，cut: 2100，耗时: 0.030s
[M1] 供需日志生成完成，条目: 213840，耗时: 2.631s
🚚立即处理M1 shipment，扣减库存...
✅ Processed 2100 M1 shipments for 2026-01-04
✅ 已扣减 2100 个shipment的库存
✅ Module1 完成 - 生成 17685 个订单, 2100 个发货
2️⃣ 运行 Module4 - 生产计划
🔄加载前一天产线状态: ['TPOCPACK', 'TPODPACK', 'TPOEPACK', 'TPOFPACK', 'TPOGPACK']
🔄加载之前已分配产能: 89 个产能分配
[M4-Pandas] Production simulation 11 records: 1.1ms
💾保存当天产线状态: ['TPOCPACK', 'TPODPACK', 'TPOEPACK', 'TPOFPACK', 'TPOGPACK']
💾保存当天分配产能: 5 个产能分配 (小时单位)
Module4 daily output generated: C:\Users\admin\AppData\Local\Temp\tmp28izcmm6\output\module4\Module4Output_20260104.xlsx
🗂️ 持久化未来生产计划（不触发当日GR）...
✅已写入未来计划回补: 11 条
✅ Module4 完成 - 生成生产计划: 11 条记录
3️⃣ 运行 Module5 - 部署计划
[M5] load_integrated_config 用时: 0.456s
✅缓存已初始化: PTF/LSK=435 | LeadTime=46 | Network=4397
✅索引已构建: SDL=2376 | SS=2376 | Order=2100 | DeployCfg=1230
[M5] Demand collection only 用时: 16.773s
[M5] Demand collection+allocation 总用时: 25.320s
[M5] push_softpush_allocation 用时: 3.547s，生成行数: 43
[M5] Full day total 用时: 38.432s
    🎯 有效部署计划: 1042/47700 条

    📦 立即处理M5 deployment，更新open deployment...
✅ Added 1042 M5 deployment plans to open deployment for 2026-01-04
    ✅ 已更新 1042 条部署计划到open deployment

  ✅ Module5 完成 - 生成 1042 条有效部署计划
4️⃣ 运行 Module6 - 物流执行
[M6] OpenDeployment rows=2086 planned<=sim_date=2086 min=2025-12-15 00:00:00 max=2026-01-04 00:00:00
[M6-Pandas] Batch delay sampling 124 routes: 57.7ms
[M6-Pandas] Batch delay sampling 216 routes: 102.5ms
[M6-Pandas] Batch delay sampling 175 routes: 80.4ms
[M6-Pandas] Batch delay sampling 102 routes: 49.5ms
[M6-Pandas] Batch delay sampling 89 routes: 41.1ms
[M6-Pandas] Batch delay sampling 85 routes: 39.9ms
[M6-Pandas] Batch delay sampling 92 routes: 43.4ms
[M6-Pandas] Batch delay sampling 25 routes: 11.8ms
[M6-Pandas] Batch delay sampling 50 routes: 23.1ms
[M6-Pandas] Batch delay sampling 65 routes: 30.4ms
[M6-Pandas] Batch delay sampling 41 routes: 19.8ms
[M6->Orch] incoming rows: 1064; date=2026-01-04
✅ Processed 1064 M6 delivery plans for 2026-01-04
    ✅ 已处理 1064 条delivery计划

  ✅ Module6 完成 - 生成 1064 条交付计划
5️⃣ 运行 Module3 - 净需求计算
🔄 Module3 运行于集成模式
[M3] load_module1 total: 7.264s
[M3] assign_location_layers total: 0.130s, locations=4746
[M3-DuckDB] 批量计算 130 节点净需求: 204.8ms, input=130, output=130
[M3] batch layer 3: 130 nodes in 0.448s
[M3-DuckDB] 批量计算 2001 节点净需求: 257.7ms, input=2001, output=2001
[M3] batch layer 2: 2001 nodes in 4.145s
[M3-DuckDB] 批量计算 2266 节点净需求: 252.9ms, input=2266, output=2266
[M3] batch layer 1: 2266 nodes in 4.371s
[M3-DuckDB] 批量计算 349 节点净需求: 204.3ms, input=349, output=349
[M3] batch layer 0: 349 nodes in 0.573s
[M3] mrp_simulation: 10.134s, records=1815
✅ Module3 集成模式完成
[M3] total: 17.973s, days=1, records=1815
  ✅ Module3 完成
💾 每日结束状态保存
💾已保存 2026-01-04 期末库存: 2482 项
期初库存条目: 2478
生产入库条目: 7
交付入库条目: 949
发货出库条目: 2100
发运出库条目(M6): 1064，数量合计: 14868
期末库存条目: 2482
  📊 从内存获取发运出库 [2026-01-04]: 85 项
📊 当日统计: {'date': '2026-01-04', 'total_inventory_items': 2482, 'total_inventory_quantity': 278174, 'open_deployment_count': 1022, 'in_transit_count': 6041, 'production_gr_count': 7, 'delivery_gr_count': 949, 'shipment_count': 2100}
✅ 第 21 天处理完成
==================== 第 22/76 天: 2026-01-05 ====================
🌅 每日开始状态更新
💾保存期初库存快照...
💾已保存 2026-01-05 期初库存: 2482 项
📦处理当日delivery GR到达...
✅ Processed 951 delivery arrivals for 2026-01-05
🏭处理历史生产当日入库...
📦当日需要入库的历史生产: 13 条记录
✅ Processed 13 M4 production receipts for 2026-01-05
1️⃣ 运行 Module1 - 订单生成
[M1] 周度→日度拆分完成，生成天数: 681912，耗时: 0.059s
[M1] 周度→日度拆分完成，生成天数: 681912，耗时: 0.060s
[M1] 平均需求计算完成，ML数: 2376，耗时: 0.164s
[M1] 订单生成完成 (AO耗时: 0.029s, Normal耗时: 0.026s, 总耗时: 0.219s)，订单数: 4580
[M1] AO消耗完成(向量化)，耗时: 0.051s
[M1] Normal消耗完成(向量化)，耗时: 0.026s
[M1] 当日订单生成完成，订单数: 4580，耗时: 9.451s
[M1] 历史订单读取完成，文件数: 13，合并条目: 229122
[M1] 历史订单合并前过滤完成，耗时: 9.543s
[M1] 发货与缺货计算完成，shipment: 2050，cut: 2050，耗时: 0.031s
[M1] 供需日志生成完成，条目: 213840，耗时: 2.464s
🚚立即处理M1 shipment，扣减库存...
✅ Processed 2050 M1 shipments for 2026-01-05
✅ 已扣减 2050 个shipment的库存
✅ Module1 完成 - 生成 17635 个订单, 2050 个发货
2️⃣ 运行 Module4 - 生产计划
🔄加载前一天产线状态: ['TPOCPACK', 'TPODPACK', 'TPOEPACK', 'TPOFPACK', 'TPOGPACK']
🔄加载之前已分配产能: 94 个产能分配
[M4-Pandas] Production simulation 11 records: 0.9ms
💾保存当天产线状态: ['TPOCPACK', 'TPODPACK', 'TPOFPACK', 'TPOGPACK']
💾保存当天分配产能: 4 个产能分配 (小时单位)
Module4 daily output generated: C:\Users\admin\AppData\Local\Temp\tmp28izcmm6\output\module4\Module4Output_20260105.xlsx
🗂️ 持久化未来生产计划（不触发当日GR）...
✅已写入未来计划回补: 11 条
✅ Module4 完成 - 生成生产计划: 11 条记录
3️⃣ 运行 Module5 - 部署计划
[M5] load_integrated_config 用时: 0.445s
✅缓存已初始化: PTF/LSK=435 | LeadTime=46 | Network=4397
✅索引已构建: SDL=2376 | SS=2376 | Order=2050 | DeployCfg=1230
[M5] Demand collection only 用时: 15.888s
[M5] Demand collection+allocation 总用时: 24.282s
[M5] push_softpush_allocation 用时: 3.596s，生成行数: 64
[M5] Full day total 用时: 37.383s
    🎯 有效部署计划: 1551/47750 条

    📦 立即处理M5 deployment，更新open deployment...
✅ Added 1551 M5 deployment plans to open deployment for 2026-01-05
    ✅ 已更新 1551 条部署计划到open deployment

  ✅ Module5 完成 - 生成 1551 条有效部署计划
4️⃣ 运行 Module6 - 物流执行
[M6] OpenDeployment rows=2573 planned<=sim_date=2573 min=2025-12-15 00:00:00 max=2026-01-05 00:00:00
[M6-Pandas] Batch delay sampling 77 routes: 33.9ms
[M6-Pandas] Batch delay sampling 52 routes: 23.9ms
[M6-Pandas] Batch delay sampling 85 routes: 40.7ms
[M6-Pandas] Batch delay sampling 138 routes: 64.0ms
[M6-Pandas] Batch delay sampling 135 routes: 60.0ms
[M6-Pandas] Batch delay sampling 100 routes: 47.2ms
[M6-Pandas] Batch delay sampling 179 routes: 84.7ms
[M6-Pandas] Batch delay sampling 209 routes: 101.1ms
[M6-Pandas] Batch delay sampling 255 routes: 118.9ms
[M6-Pandas] Batch delay sampling 68 routes: 31.5ms
[M6->Orch] incoming rows: 1298; date=2026-01-05
✅ Processed 1298 M6 delivery plans for 2026-01-05
    ✅ 已处理 1298 条delivery计划

  ✅ Module6 完成 - 生成 1298 条交付计划
5️⃣ 运行 Module3 - 净需求计算
🔄 Module3 运行于集成模式
[M3] load_module1 total: 7.277s
[M3] assign_location_layers total: 0.131s, locations=4746
[M3-DuckDB] 批量计算 130 节点净需求: 198.2ms, input=130, output=130
[M3] batch layer 3: 130 nodes in 0.437s
[M3-DuckDB] 批量计算 2001 节点净需求: 248.4ms, input=2001, output=2001
[M3] batch layer 2: 2001 nodes in 4.129s
[M3-DuckDB] 批量计算 2266 节点净需求: 258.2ms, input=2266, output=2266
[M3] batch layer 1: 2266 nodes in 4.348s
[M3-DuckDB] 批量计算 349 节点净需求: 207.2ms, input=349, output=349
[M3] batch layer 0: 349 nodes in 0.575s
[M3] mrp_simulation: 10.094s, records=1796
✅ Module3 集成模式完成
[M3] total: 17.891s, days=1, records=1796
  ✅ Module3 完成
💾 每日结束状态保存
💾已保存 2026-01-05 期末库存: 2491 项
期初库存条目: 2482
生产入库条目: 13
交付入库条目: 951
发货出库条目: 2050
发运出库条目(M6): 1298，数量合计: 28014
期末库存条目: 2491
  📊 从内存获取发运出库 [2026-01-05]: 68 项
📊 当日统计: {'date': '2026-01-05', 'total_inventory_items': 2491, 'total_inventory_quantity': 284744, 'open_deployment_count': 1275, 'in_transit_count': 6388, 'production_gr_count': 13, 'delivery_gr_count': 951, 'shipment_count': 2050}
✅ 第 22 天处理完成
==================== 第 23/76 天: 2026-01-06 ====================
🌅 每日开始状态更新
💾保存期初库存快照...
💾已保存 2026-01-06 期初库存: 2491 项
📦处理当日delivery GR到达...
✅ Processed 929 delivery arrivals for 2026-01-06
🏭处理历史生产当日入库...
📦当日需要入库的历史生产: 12 条记录
✅ Processed 12 M4 production receipts for 2026-01-06
1️⃣ 运行 Module1 - 订单生成
[M1] 周度→日度拆分完成，生成天数: 681912，耗时: 0.090s
[M1] 周度→日度拆分完成，生成天数: 681912，耗时: 0.064s
[M1] 平均需求计算完成，ML数: 2376，耗时: 0.171s
[M1] 订单生成完成 (AO耗时: 0.029s, Normal耗时: 0.030s, 总耗时: 0.230s)，订单数: 4634
[M1] AO消耗完成(向量化)，耗时: 0.054s
[M1] Normal消耗完成(向量化)，耗时: 0.030s
[M1] 当日订单生成完成，订单数: 4634，耗时: 9.801s
[M1] 历史订单读取完成，文件数: 13，合并条目: 229578
[M1] 历史订单合并前过滤完成，耗时: 9.591s
[M1] 发货与缺货计算完成，shipment: 2100，cut: 2100，耗时: 0.033s
[M1] 供需日志生成完成，条目: 213840，耗时: 2.636s
🚚立即处理M1 shipment，扣减库存...
✅ Processed 2100 M1 shipments for 2026-01-06
✅ 已扣减 2100 个shipment的库存
✅ Module1 完成 - 生成 17689 个订单, 2100 个发货
2️⃣ 运行 Module4 - 生产计划
🔄加载前一天产线状态: ['TPOCPACK', 'TPODPACK', 'TPOFPACK', 'TPOGPACK']
🔄加载之前已分配产能: 98 个产能分配
[M4-Pandas] Production simulation 12 records: 0.9ms
💾保存当天产线状态: ['TPOCPACK', 'TPODPACK', 'TPOEPACK', 'TPOFPACK', 'TPOGPACK']
💾保存当天分配产能: 6 个产能分配 (小时单位)
Module4 daily output generated: C:\Users\admin\AppData\Local\Temp\tmp28izcmm6\output\module4\Module4Output_20260106.xlsx
🗂️ 持久化未来生产计划（不触发当日GR）...
✅已写入未来计划回补: 12 条
✅ Module4 完成 - 生成生产计划: 12 条记录
3️⃣ 运行 Module5 - 部署计划
[M5] load_integrated_config 用时: 0.490s
✅缓存已初始化: PTF/LSK=435 | LeadTime=46 | Network=4397
✅索引已构建: SDL=2376 | SS=2376 | Order=2100 | DeployCfg=1230
[M5] Demand collection only 用时: 16.093s
[M5] Demand collection+allocation 总用时: 24.601s
[M5] push_softpush_allocation 用时: 3.633s，生成行数: 70
[M5] Full day total 用时: 37.778s
    🎯 有效部署计划: 1453/47594 条

    📦 立即处理M5 deployment，更新open deployment...
✅ Added 1453 M5 deployment plans to open deployment for 2026-01-06
    ✅ 已更新 1453 条部署计划到open deployment

  ✅ Module5 完成 - 生成 1453 条有效部署计划
4️⃣ 运行 Module6 - 物流执行
[M6] OpenDeployment rows=2728 planned<=sim_date=2728 min=2025-12-15 00:00:00 max=2026-01-06 00:00:00
[M6-Pandas] Batch delay sampling 66 routes: 31.4ms
[M6-Pandas] Batch delay sampling 125 routes: 58.3ms
[M6-Pandas] Batch delay sampling 97 routes: 44.6ms
[M6-Pandas] Batch delay sampling 87 routes: 43.6ms
[M6-Pandas] Batch delay sampling 92 routes: 43.5ms
[M6-Pandas] Batch delay sampling 88 routes: 41.0ms
[M6-Pandas] Batch delay sampling 137 routes: 62.1ms
[M6-Pandas] Batch delay sampling 95 routes: 45.9ms
[M6-Pandas] Batch delay sampling 141 routes: 66.9ms
[M6-Pandas] Batch delay sampling 98 routes: 46.8ms
[M6-Pandas] Batch delay sampling 132 routes: 60.8ms
[M6-Pandas] Batch delay sampling 70 routes: 32.8ms
[M6->Orch] incoming rows: 1231; date=2026-01-06
✅ Processed 1231 M6 delivery plans for 2026-01-06
    ✅ 已处理 1231 条delivery计划

  ✅ Module6 完成 - 生成 1231 条交付计划
5️⃣ 运行 Module3 - 净需求计算
🔄 Module3 运行于集成模式
[M3] load_module1 total: 7.300s
[M3] assign_location_layers total: 0.128s, locations=4746
[M3-DuckDB] 批量计算 130 节点净需求: 203.7ms, input=130, output=130
[M3] batch layer 3: 130 nodes in 0.448s
[M3-DuckDB] 批量计算 2001 节点净需求: 248.2ms, input=2001, output=2001
[M3] batch layer 2: 2001 nodes in 4.158s
[M3-DuckDB] 批量计算 2266 节点净需求: 260.3ms, input=2266, output=2266
[M3] batch layer 1: 2266 nodes in 4.360s
[M3-DuckDB] 批量计算 349 节点净需求: 212.8ms, input=349, output=349
[M3] batch layer 0: 349 nodes in 0.588s
[M3] mrp_simulation: 10.122s, records=1753
✅ Module3 集成模式完成
[M3] total: 18.043s, days=1, records=1753
  ✅ Module3 完成
💾 每日结束状态保存
💾已保存 2026-01-06 期末库存: 2494 项
期初库存条目: 2491
生产入库条目: 12
交付入库条目: 929
发货出库条目: 2100
发运出库条目(M6): 1231，数量合计: 25848
期末库存条目: 2494
  📊 从内存获取发运出库 [2026-01-06]: 94 项
📊 当日统计: {'date': '2026-01-06', 'total_inventory_items': 2494, 'total_inventory_quantity': 288225, 'open_deployment_count': 1499, 'in_transit_count': 6690, 'production_gr_count': 12, 'delivery_gr_count': 929, 'shipment_count': 2100}
✅ 第 23 天处理完成
==================== 第 24/76 天: 2026-01-07 ====================
🌅 每日开始状态更新
💾保存期初库存快照...
💾已保存 2026-01-07 期初库存: 2494 项
📦处理当日delivery GR到达...
✅ Processed 1263 delivery arrivals for 2026-01-07
🏭处理历史生产当日入库...
📦当日需要入库的历史生产: 8 条记录
✅ Processed 8 M4 production receipts for 2026-01-07
1️⃣ 运行 Module1 - 订单生成
[M1] 周度→日度拆分完成，生成天数: 681912，耗时: 0.062s
[M1] 周度→日度拆分完成，生成天数: 681912，耗时: 0.061s
[M1] 平均需求计算完成，ML数: 2376，耗时: 0.165s
[M1] 订单生成完成 (AO耗时: 0.030s, Normal耗时: 0.029s, 总耗时: 0.224s)，订单数: 4634
[M1] AO消耗完成(向量化)，耗时: 0.054s
[M1] Normal消耗完成(向量化)，耗时: 0.030s
[M1] 当日订单生成完成，订单数: 4634，耗时: 9.595s
[M1] 历史订单读取完成，文件数: 13，合并条目: 229828
[M1] 历史订单合并前过滤完成，耗时: 9.444s
[M1] 发货与缺货计算完成，shipment: 2100，cut: 2100，耗时: 0.034s
[M1] 供需日志生成完成，条目: 213840，耗时: 2.739s
🚚立即处理M1 shipment，扣减库存...
✅ Processed 2100 M1 shipments for 2026-01-07
✅ 已扣减 2100 个shipment的库存
✅ Module1 完成 - 生成 17689 个订单, 2100 个发货
2️⃣ 运行 Module4 - 生产计划
🔄加载前一天产线状态: ['TPOCPACK', 'TPODPACK', 'TPOEPACK', 'TPOFPACK', 'TPOGPACK']
🔄加载之前已分配产能: 104 个产能分配
[M4-Pandas] Production simulation 9 records: 1.0ms
💾保存当天产线状态: ['TPOCPACK', 'TPODPACK', 'TPOFPACK', 'TPOGPACK']
💾保存当天分配产能: 4 个产能分配 (小时单位)
Module4 daily output generated: C:\Users\admin\AppData\Local\Temp\tmp28izcmm6\output\module4\Module4Output_20260107.xlsx
🗂️ 持久化未来生产计划（不触发当日GR）...
✅已写入未来计划回补: 9 条
✅ Module4 完成 - 生成生产计划: 9 条记录
3️⃣ 运行 Module5 - 部署计划
[M5] load_integrated_config 用时: 0.523s
✅缓存已初始化: PTF/LSK=435 | LeadTime=46 | Network=4397
✅索引已构建: SDL=2376 | SS=2376 | Order=2100 | DeployCfg=1230
[M5] Demand collection only 用时: 15.923s
[M5] Demand collection+allocation 总用时: 24.275s
[M5] push_softpush_allocation 用时: 3.285s，生成行数: 43
[M5] Full day total 用时: 36.983s
    🎯 有效部署计划: 1088/47367 条

    📦 立即处理M5 deployment，更新open deployment...
✅ Added 1088 M5 deployment plans to open deployment for 2026-01-07
    ✅ 已更新 1088 条部署计划到open deployment

  ✅ Module5 完成 - 生成 1088 条有效部署计划
4️⃣ 运行 Module6 - 物流执行
[M6] OpenDeployment rows=2587 planned<=sim_date=2587 min=2025-12-15 00:00:00 max=2026-01-07 00:00:00
[M6-Pandas] Batch delay sampling 62 routes: 30.2ms
[M6-Pandas] Batch delay sampling 98 routes: 48.1ms
[M6-Pandas] Batch delay sampling 230 routes: 106.5ms
[M6-Pandas] Batch delay sampling 113 routes: 53.2ms
[M6-Pandas] Batch delay sampling 170 routes: 78.2ms
[M6-Pandas] Batch delay sampling 97 routes: 47.0ms
[M6-Pandas] Batch delay sampling 24 routes: 11.3ms
[M6-Pandas] Batch delay sampling 55 routes: 26.4ms
[M6-Pandas] Batch delay sampling 61 routes: 26.9ms
[M6-Pandas] Batch delay sampling 62 routes: 27.5ms
[M6-Pandas] Batch delay sampling 82 routes: 40.3ms
[M6-Pandas] Batch delay sampling 35 routes: 16.1ms
[M6-Pandas] Batch delay sampling 118 routes: 53.2ms
[M6-Pandas] Batch delay sampling 43 routes: 20.8ms
[M6-Pandas] Batch delay sampling 209 routes: 95.1ms
[M6-Pandas] Batch delay sampling 58 routes: 27.5ms
[M6->Orch] incoming rows: 1517; date=2026-01-07
✅ Processed 1517 M6 delivery plans for 2026-01-07
    ✅ 已处理 1517 条delivery计划

  ✅ Module6 完成 - 生成 1517 条交付计划
5️⃣ 运行 Module3 - 净需求计算
🔄 Module3 运行于集成模式
[M3] load_module1 total: 7.192s
[M3] assign_location_layers total: 0.123s, locations=4746
[M3-DuckDB] 批量计算 130 节点净需求: 202.4ms, input=130, output=130
[M3] batch layer 3: 130 nodes in 0.445s
[M3-DuckDB] 批量计算 2001 节点净需求: 241.6ms, input=2001, output=2001
[M3] batch layer 2: 2001 nodes in 4.096s
[M3-DuckDB] 批量计算 2266 节点净需求: 250.6ms, input=2266, output=2266
[M3] batch layer 1: 2266 nodes in 4.412s
[M3-DuckDB] 批量计算 349 节点净需求: 205.6ms, input=349, output=349
[M3] batch layer 0: 349 nodes in 0.571s
[M3] mrp_simulation: 10.090s, records=1717
✅ Module3 集成模式完成
[M3] total: 17.841s, days=1, records=1717
  ✅ Module3 完成
💾 每日结束状态保存
💾已保存 2026-01-07 期末库存: 2499 项
期初库存条目: 2494
生产入库条目: 8
交付入库条目: 1263
发货出库条目: 2100
发运出库条目(M6): 1517，数量合计: 23603
期末库存条目: 2499
  📊 从内存获取发运出库 [2026-01-07]: 131 项
📊 当日统计: {'date': '2026-01-07', 'total_inventory_items': 2499, 'total_inventory_quantity': 294068, 'open_deployment_count': 1070, 'in_transit_count': 6944, 'production_gr_count': 8, 'delivery_gr_count': 1263, 'shipment_count': 2100}
✅ 第 24 天处理完成
==================== 第 25/76 天: 2026-01-08 ====================
🌅 每日开始状态更新
💾保存期初库存快照...
💾已保存 2026-01-08 期初库存: 2499 项
📦处理当日delivery GR到达...
✅ Processed 1062 delivery arrivals for 2026-01-08
🏭处理历史生产当日入库...
📦当日需要入库的历史生产: 15 条记录
✅ Processed 15 M4 production receipts for 2026-01-08
1️⃣ 运行 Module1 - 订单生成
[M1] 周度→日度拆分完成，生成天数: 681912，耗时: 0.065s
[M1] 周度→日度拆分完成，生成天数: 681912，耗时: 0.066s
[M1] 平均需求计算完成，ML数: 2376，耗时: 0.170s
[M1] 订单生成完成 (AO耗时: 0.031s, Normal耗时: 0.028s, 总耗时: 0.230s)，订单数: 4634
[M1] AO消耗完成(向量化)，耗时: 0.050s
[M1] Normal消耗完成(向量化)，耗时: 0.028s
[M1] 当日订单生成完成，订单数: 4634，耗时: 9.479s
[M1] 历史订单读取完成，文件数: 13，合并条目: 229898
[M1] 历史订单合并前过滤完成，耗时: 9.620s
[M1] 发货与缺货计算完成，shipment: 2100，cut: 2100，耗时: 0.031s
[M1] 供需日志生成完成，条目: 213840，耗时: 2.487s
🚚立即处理M1 shipment，扣减库存...
✅ Processed 2100 M1 shipments for 2026-01-08
✅ 已扣减 2100 个shipment的库存
✅ Module1 完成 - 生成 17689 个订单, 2100 个发货
2️⃣ 运行 Module4 - 生产计划
🔄加载前一天产线状态: ['TPOCPACK', 'TPODPACK', 'TPOFPACK', 'TPOGPACK']
🔄加载之前已分配产能: 107 个产能分配
[M4-Pandas] Production simulation 14 records: 1.1ms
💾保存当天产线状态: ['TPOCPACK', 'TPODPACK', 'TPOEPACK', 'TPOFPACK', 'TPOGPACK']
💾保存当天分配产能: 5 个产能分配 (小时单位)
Module4 daily output generated: C:\Users\admin\AppData\Local\Temp\tmp28izcmm6\output\module4\Module4Output_20260108.xlsx
🗂️ 持久化未来生产计划（不触发当日GR）...
✅已写入未来计划回补: 14 条
✅ Module4 完成 - 生成生产计划: 14 条记录
3️⃣ 运行 Module5 - 部署计划
[M5] load_integrated_config 用时: 0.458s
✅缓存已初始化: PTF/LSK=435 | LeadTime=46 | Network=4397
✅索引已构建: SDL=2376 | SS=2376 | Order=2100 | DeployCfg=1230
[M5] Demand collection only 用时: 15.845s
[M5] Demand collection+allocation 总用时: 24.078s
[M5] push_softpush_allocation 用时: 3.712s，生成行数: 70
[M5] Full day total 用时: 37.308s
    🎯 有效部署计划: 1545/47595 条

    📦 立即处理M5 deployment，更新open deployment...
✅ Added 1545 M5 deployment plans to open deployment for 2026-01-08
    ✅ 已更新 1545 条部署计划到open deployment

  ✅ Module5 完成 - 生成 1545 条有效部署计划
4️⃣ 运行 Module6 - 物流执行
[M6] OpenDeployment rows=2615 planned<=sim_date=2615 min=2025-12-15 00:00:00 max=2026-01-08 00:00:00
[M6-Pandas] Batch delay sampling 60 routes: 26.7ms
[M6-Pandas] Batch delay sampling 163 routes: 75.4ms
[M6-Pandas] Batch delay sampling 89 routes: 40.4ms
[M6-Pandas] Batch delay sampling 208 routes: 98.1ms
[M6-Pandas] Batch delay sampling 107 routes: 49.2ms
[M6-Pandas] Batch delay sampling 110 routes: 52.0ms
[M6-Pandas] Batch delay sampling 98 routes: 46.5ms
[M6-Pandas] Batch delay sampling 133 routes: 59.7ms
[M6-Pandas] Batch delay sampling 56 routes: 26.9ms
[M6-Pandas] Batch delay sampling 66 routes: 29.4ms
[M6-Pandas] Batch delay sampling 139 routes: 70.8ms
[M6-Pandas] Batch delay sampling 68 routes: 38.0ms
[M6-Pandas] Batch delay sampling 120 routes: 63.9ms
[M6->Orch] incoming rows: 1418; date=2026-01-08
✅ Processed 1418 M6 delivery plans for 2026-01-08
    ✅ 已处理 1418 条delivery计划

  ✅ Module6 完成 - 生成 1418 条交付计划
5️⃣ 运行 Module3 - 净需求计算
🔄 Module3 运行于集成模式
[M3] load_module1 total: 7.478s
[M3] assign_location_layers total: 0.127s, locations=4746
[M3-DuckDB] 批量计算 130 节点净需求: 218.1ms, input=130, output=130
[M3] batch layer 3: 130 nodes in 0.467s
[M3-DuckDB] 批量计算 2001 节点净需求: 242.2ms, input=2001, output=2001
[M3] batch layer 2: 2001 nodes in 4.105s
[M3-DuckDB] 批量计算 2266 节点净需求: 253.5ms, input=2266, output=2266
[M3] batch layer 1: 2266 nodes in 4.303s
[M3-DuckDB] 批量计算 349 节点净需求: 206.8ms, input=349, output=349
[M3] batch layer 0: 349 nodes in 0.569s
[M3] mrp_simulation: 10.063s, records=1694
✅ Module3 集成模式完成
[M3] total: 18.048s, days=1, records=1694
  ✅ Module3 完成
💾 每日结束状态保存
💾已保存 2026-01-08 期末库存: 2505 项
期初库存条目: 2499
生产入库条目: 15
交付入库条目: 1062
发货出库条目: 2100
发运出库条目(M6): 1418，数量合计: 27372
期末库存条目: 2505
  📊 从内存获取发运出库 [2026-01-08]: 140 项
📊 当日统计: {'date': '2026-01-08', 'total_inventory_items': 2505, 'total_inventory_quantity': 299739, 'open_deployment_count': 1198, 'in_transit_count': 7300, 'production_gr_count': 15, 'delivery_gr_count': 1062, 'shipment_count': 2100}
✅ 第 25 天处理完成
==================== 第 26/76 天: 2026-01-09 ====================
🌅 每日开始状态更新
💾保存期初库存快照...
💾已保存 2026-01-09 期初库存: 2505 项
📦处理当日delivery GR到达...
✅ Processed 977 delivery arrivals for 2026-01-09
🏭处理历史生产当日入库...
📦当日需要入库的历史生产: 10 条记录
✅ Processed 10 M4 production receipts for 2026-01-09
1️⃣ 运行 Module1 - 订单生成
[M1] 周度→日度拆分完成，生成天数: 681912，耗时: 0.065s
[M1] 周度→日度拆分完成，生成天数: 681912，耗时: 0.066s
[M1] 平均需求计算完成，ML数: 2376，耗时: 0.172s
[M1] 订单生成完成 (AO耗时: 0.029s, Normal耗时: 0.027s, 总耗时: 0.228s)，订单数: 4634
[M1] AO消耗完成(向量化)，耗时: 0.051s
[M1] Normal消耗完成(向量化)，耗时: 0.028s
[M1] 当日订单生成完成，订单数: 4634，耗时: 9.567s
[M1] 历史订单读取完成，文件数: 13，合并条目: 229911
[M1] 历史订单合并前过滤完成，耗时: 9.786s
[M1] 发货与缺货计算完成，shipment: 2100，cut: 2100，耗时: 0.032s
[M1] 供需日志生成完成，条目: 213840，耗时: 2.538s
🚚立即处理M1 shipment，扣减库存...
✅ Processed 2100 M1 shipments for 2026-01-09
✅ 已扣减 2100 个shipment的库存
✅ Module1 完成 - 生成 17689 个订单, 2100 个发货
2️⃣ 运行 Module4 - 生产计划
🔄加载前一天产线状态: ['TPOCPACK', 'TPODPACK', 'TPOEPACK', 'TPOFPACK', 'TPOGPACK']
🔄加载之前已分配产能: 112 个产能分配
[M4-Pandas] Production simulation 11 records: 1.1ms
💾保存当天产线状态: ['TPOCPACK', 'TPODPACK', 'TPOEPACK', 'TPOFPACK', 'TPOGPACK']
💾保存当天分配产能: 5 个产能分配 (小时单位)
Module4 daily output generated: C:\Users\admin\AppData\Local\Temp\tmp28izcmm6\output\module4\Module4Output_20260109.xlsx
🗂️ 持久化未来生产计划（不触发当日GR）...
✅已写入未来计划回补: 11 条
✅ Module4 完成 - 生成生产计划: 11 条记录
3️⃣ 运行 Module5 - 部署计划
[M5] load_integrated_config 用时: 0.473s
✅缓存已初始化: PTF/LSK=435 | LeadTime=46 | Network=4397
✅索引已构建: SDL=2376 | SS=2376 | Order=2100 | DeployCfg=1230
[M5] Demand collection only 用时: 16.021s
[M5] Demand collection+allocation 总用时: 23.746s
[M5] push_softpush_allocation 用时: 3.560s，生成行数: 67
[M5] Full day total 用时: 36.964s
    🎯 有效部署计划: 1215/47704 条

    📦 立即处理M5 deployment，更新open deployment...
✅ Added 1215 M5 deployment plans to open deployment for 2026-01-09
    ✅ 已更新 1215 条部署计划到open deployment

  ✅ Module5 完成 - 生成 1215 条有效部署计划
4️⃣ 运行 Module6 - 物流执行
[M6] OpenDeployment rows=2413 planned<=sim_date=2413 min=2025-12-15 00:00:00 max=2026-01-09 00:00:00
[M6-Pandas] Batch delay sampling 77 routes: 37.8ms
[M6-Pandas] Batch delay sampling 48 routes: 23.7ms
[M6-Pandas] Batch delay sampling 114 routes: 51.7ms
[M6-Pandas] Batch delay sampling 274 routes: 124.3ms
[M6-Pandas] Batch delay sampling 51 routes: 23.7ms
[M6-Pandas] Batch delay sampling 70 routes: 31.0ms
[M6-Pandas] Batch delay sampling 197 routes: 90.3ms
[M6-Pandas] Batch delay sampling 106 routes: 51.5ms
[M6-Pandas] Batch delay sampling 45 routes: 20.7ms
[M6-Pandas] Batch delay sampling 58 routes: 27.0ms
[M6-Pandas] Batch delay sampling 42 routes: 18.6ms
[M6-Pandas] Batch delay sampling 51 routes: 21.9ms
[M6-Pandas] Batch delay sampling 108 routes: 49.2ms
[M6->Orch] incoming rows: 1241; date=2026-01-09
✅ Processed 1241 M6 delivery plans for 2026-01-09
    ✅ 已处理 1241 条delivery计划

  ✅ Module6 完成 - 生成 1241 条交付计划
5️⃣ 运行 Module3 - 净需求计算
🔄 Module3 运行于集成模式
[M3] load_module1 total: 7.303s
[M3] assign_location_layers total: 0.123s, locations=4746
[M3-DuckDB] 批量计算 130 节点净需求: 189.3ms, input=130, output=130
[M3] batch layer 3: 130 nodes in 0.424s
[M3-DuckDB] 批量计算 2001 节点净需求: 249.2ms, input=2001, output=2001
[M3] batch layer 2: 2001 nodes in 4.086s
[M3-DuckDB] 批量计算 2266 节点净需求: 258.8ms, input=2266, output=2266
[M3] batch layer 1: 2266 nodes in 4.265s
[M3-DuckDB] 批量计算 349 节点净需求: 210.7ms, input=349, output=349
[M3] batch layer 0: 349 nodes in 0.574s
[M3] mrp_simulation: 9.959s, records=1689
✅ Module3 集成模式完成
[M3] total: 17.769s, days=1, records=1689
  ✅ Module3 完成
💾 每日结束状态保存
💾已保存 2026-01-09 期末库存: 2506 项
期初库存条目: 2505
生产入库条目: 10
交付入库条目: 977
发货出库条目: 2100
发运出库条目(M6): 1241，数量合计: 19814
期末库存条目: 2506
  📊 从内存获取发运出库 [2026-01-09]: 126 项
📊 当日统计: {'date': '2026-01-09', 'total_inventory_items': 2506, 'total_inventory_quantity': 302335, 'open_deployment_count': 1172, 'in_transit_count': 7564, 'production_gr_count': 10, 'delivery_gr_count': 977, 'shipment_count': 2100}
✅ 第 26 天处理完成
==================== 第 27/76 天: 2026-01-10 ====================
🌅 每日开始状态更新
💾保存期初库存快照...
💾已保存 2026-01-10 期初库存: 2506 项
📦处理当日delivery GR到达...
✅ Processed 1126 delivery arrivals for 2026-01-10
🏭处理历史生产当日入库...
📦当日需要入库的历史生产: 7 条记录
✅ Processed 7 M4 production receipts for 2026-01-10
1️⃣ 运行 Module1 - 订单生成
[M1] 周度→日度拆分完成，生成天数: 681912，耗时: 0.060s
[M1] 周度→日度拆分完成，生成天数: 681912，耗时: 0.056s
[M1] 平均需求计算完成，ML数: 2376，耗时: 0.162s
[M1] 订单生成完成 (AO耗时: 0.026s, Normal耗时: 0.028s, 总耗时: 0.217s)，订单数: 4634
[M1] AO消耗完成(向量化)，耗时: 0.053s
[M1] Normal消耗完成(向量化)，耗时: 0.029s
[M1] 当日订单生成完成，订单数: 4634，耗时: 9.664s
[M1] 历史订单读取完成，文件数: 13，合并条目: 229914
[M1] 历史订单合并前过滤完成，耗时: 9.483s
[M1] 发货与缺货计算完成，shipment: 2100，cut: 2100，耗时: 0.034s
[M1] 供需日志生成完成，条目: 213840，耗时: 2.543s
🚚立即处理M1 shipment，扣减库存...
✅ Processed 2100 M1 shipments for 2026-01-10
✅ 已扣减 2100 个shipment的库存
✅ Module1 完成 - 生成 17689 个订单, 2100 个发货
2️⃣ 运行 Module4 - 生产计划
🔄加载前一天产线状态: ['TPOCPACK', 'TPODPACK', 'TPOEPACK', 'TPOFPACK', 'TPOGPACK']
🔄加载之前已分配产能: 117 个产能分配
[M4-Pandas] Production simulation 7 records: 1.0ms
💾保存当天产线状态: ['TPOCPACK', 'TPODPACK', 'TPOFPACK', 'TPOGPACK']
💾保存当天分配产能: 4 个产能分配 (小时单位)
Module4 daily output generated: C:\Users\admin\AppData\Local\Temp\tmp28izcmm6\output\module4\Module4Output_20260110.xlsx
🗂️ 持久化未来生产计划（不触发当日GR）...
✅已写入未来计划回补: 7 条
✅ Module4 完成 - 生成生产计划: 7 条记录
3️⃣ 运行 Module5 - 部署计划
[M5] load_integrated_config 用时: 0.485s
✅缓存已初始化: PTF/LSK=435 | LeadTime=46 | Network=4397
✅索引已构建: SDL=2376 | SS=2376 | Order=2100 | DeployCfg=1230
[M5] Demand collection only 用时: 16.243s
[M5] Demand collection+allocation 总用时: 24.551s
[M5] push_softpush_allocation 用时: 3.496s，生成行数: 41
[M5] Full day total 用时: 37.782s
    🎯 有效部署计划: 1398/47906 条

    📦 立即处理M5 deployment，更新open deployment...
✅ Added 1398 M5 deployment plans to open deployment for 2026-01-10
    ✅ 已更新 1398 条部署计划到open deployment

  ✅ Module5 完成 - 生成 1398 条有效部署计划
4️⃣ 运行 Module6 - 物流执行
[M6] OpenDeployment rows=2570 planned<=sim_date=2570 min=2025-12-15 00:00:00 max=2026-01-10 00:00:00
[M6-Pandas] Batch delay sampling 93 routes: 47.2ms
[M6-Pandas] Batch delay sampling 116 routes: 56.2ms
[M6-Pandas] Batch delay sampling 90 routes: 40.8ms
[M6-Pandas] Batch delay sampling 61 routes: 35.6ms
[M6-Pandas] Batch delay sampling 28 routes: 14.2ms
[M6-Pandas] Batch delay sampling 62 routes: 29.2ms
[M6-Pandas] Batch delay sampling 91 routes: 43.9ms
[M6-Pandas] Batch delay sampling 74 routes: 32.3ms
[M6-Pandas] Batch delay sampling 223 routes: 103.8ms
[M6-Pandas] Batch delay sampling 79 routes: 38.1ms
[M6-Pandas] Batch delay sampling 61 routes: 28.3ms
[M6-Pandas] Batch delay sampling 14 routes: 6.2ms
[M6->Orch] incoming rows: 992; date=2026-01-10
✅ Processed 992 M6 delivery plans for 2026-01-10
    ✅ 已处理 992 条delivery计划

  ✅ Module6 完成 - 生成 992 条交付计划
5️⃣ 运行 Module3 - 净需求计算
🔄 Module3 运行于集成模式
[M3] load_module1 total: 7.533s
[M3] assign_location_layers total: 0.125s, locations=4746
[M3-DuckDB] 批量计算 130 节点净需求: 201.0ms, input=130, output=130
[M3] batch layer 3: 130 nodes in 0.435s
[M3-DuckDB] 批量计算 2001 节点净需求: 247.5ms, input=2001, output=2001
[M3] batch layer 2: 2001 nodes in 4.145s
[M3-DuckDB] 批量计算 2266 节点净需求: 266.2ms, input=2266, output=2266
[M3] batch layer 1: 2266 nodes in 4.296s
[M3-DuckDB] 批量计算 349 节点净需求: 208.3ms, input=349, output=349
[M3] batch layer 0: 349 nodes in 0.574s
[M3] mrp_simulation: 10.103s, records=1726
✅ Module3 集成模式完成
[M3] total: 18.223s, days=1, records=1726
  ✅ Module3 完成
💾 每日结束状态保存
💾已保存 2026-01-10 期末库存: 2509 项
期初库存条目: 2506
生产入库条目: 7
交付入库条目: 1126
发货出库条目: 2100
发运出库条目(M6): 992，数量合计: 17414
期末库存条目: 2509
  📊 从内存获取发运出库 [2026-01-10]: 125 项
📊 当日统计: {'date': '2026-01-10', 'total_inventory_items': 2509, 'total_inventory_quantity': 307091, 'open_deployment_count': 1578, 'in_transit_count': 7430, 'production_gr_count': 7, 'delivery_gr_count': 1126, 'shipment_count': 2100}
✅ 第 27 天处理完成
==================== 第 28/76 天: 2026-01-11 ====================
🌅 每日开始状态更新
💾保存期初库存快照...
💾已保存 2026-01-11 期初库存: 2509 项
📦处理当日delivery GR到达...
✅ Processed 1317 delivery arrivals for 2026-01-11
🏭处理历史生产当日入库...
📦当日需要入库的历史生产: 13 条记录
✅ Processed 13 M4 production receipts for 2026-01-11
1️⃣ 运行 Module1 - 订单生成
[M1] 周度→日度拆分完成，生成天数: 681912，耗时: 0.057s
[M1] 周度→日度拆分完成，生成天数: 681912，耗时: 0.070s
[M1] 平均需求计算完成，ML数: 2376，耗时: 0.163s
[M1] 订单生成完成 (AO耗时: 0.031s, Normal耗时: 0.028s, 总耗时: 0.221s)，订单数: 4634
[M1] AO消耗完成(向量化)，耗时: 0.051s
[M1] Normal消耗完成(向量化)，耗时: 0.032s
[M1] 当日订单生成完成，订单数: 4634，耗时: 9.618s
[M1] 历史订单读取完成，文件数: 13，合并条目: 229917
[M1] 历史订单合并前过滤完成，耗时: 11.031s
[M1] 发货与缺货计算完成，shipment: 2100，cut: 2100，耗时: 0.031s
[M1] 供需日志生成完成，条目: 213840，耗时: 2.587s
🚚立即处理M1 shipment，扣减库存...
✅ Processed 2100 M1 shipments for 2026-01-11
✅ 已扣减 2100 个shipment的库存
✅ Module1 完成 - 生成 17689 个订单, 2100 个发货
2️⃣ 运行 Module4 - 生产计划
🔄加载前一天产线状态: ['TPOCPACK', 'TPODPACK', 'TPOFPACK', 'TPOGPACK']
🔄加载之前已分配产能: 121 个产能分配
[M4-Pandas] Production simulation 15 records: 1.0ms
💾保存当天产线状态: ['TPOCPACK', 'TPODPACK', 'TPOEPACK', 'TPOFPACK', 'TPOGPACK']
💾保存当天分配产能: 5 个产能分配 (小时单位)
Module4 daily output generated: C:\Users\admin\AppData\Local\Temp\tmp28izcmm6\output\module4\Module4Output_20260111.xlsx
🗂️ 持久化未来生产计划（不触发当日GR）...
✅已写入未来计划回补: 15 条
✅ Module4 完成 - 生成生产计划: 15 条记录
3️⃣ 运行 Module5 - 部署计划
[M5] load_integrated_config 用时: 0.518s
✅缓存已初始化: PTF/LSK=435 | LeadTime=46 | Network=4397
✅索引已构建: SDL=2376 | SS=2376 | Order=2100 | DeployCfg=1230
[M5] Demand collection only 用时: 16.452s
[M5] Demand collection+allocation 总用时: 24.415s
[M5] push_softpush_allocation 用时: 3.880s，生成行数: 83
[M5] Full day total 用时: 38.408s
    🎯 有效部署计划: 1879/47893 条

    📦 立即处理M5 deployment，更新open deployment...
✅ Added 1879 M5 deployment plans to open deployment for 2026-01-11
    ✅ 已更新 1879 条部署计划到open deployment

  ✅ Module5 完成 - 生成 1879 条有效部署计划
4️⃣ 运行 Module6 - 物流执行
[M6] OpenDeployment rows=3457 planned<=sim_date=3457 min=2025-12-15 00:00:00 max=2026-01-11 00:00:00
[M6-Pandas] Batch delay sampling 99 routes: 45.6ms
[M6-Pandas] Batch delay sampling 97 routes: 45.9ms
[M6-Pandas] Batch delay sampling 168 routes: 78.9ms
[M6-Pandas] Batch delay sampling 219 routes: 102.5ms
[M6-Pandas] Batch delay sampling 124 routes: 60.9ms
[M6-Pandas] Batch delay sampling 282 routes: 135.3ms
[M6-Pandas] Batch delay sampling 80 routes: 43.8ms
[M6-Pandas] Batch delay sampling 103 routes: 65.7ms
[M6-Pandas] Batch delay sampling 159 routes: 70.7ms
[M6-Pandas] Batch delay sampling 70 routes: 35.3ms
[M6-Pandas] Batch delay sampling 135 routes: 63.0ms
[M6-Pandas] Batch delay sampling 75 routes: 34.4ms
[M6-Pandas] Batch delay sampling 74 routes: 36.4ms
[M6-Pandas] Batch delay sampling 150 routes: 69.6ms
[M6->Orch] incoming rows: 1835; date=2026-01-11
✅ Processed 1835 M6 delivery plans for 2026-01-11
    ✅ 已处理 1835 条delivery计划

  ✅ Module6 完成 - 生成 1835 条交付计划
5️⃣ 运行 Module3 - 净需求计算
🔄 Module3 运行于集成模式
[M3] load_module1 total: 7.567s
[M3] assign_location_layers total: 0.130s, locations=4746
[M3-DuckDB] 批量计算 130 节点净需求: 202.1ms, input=130, output=130
[M3] batch layer 3: 130 nodes in 0.450s
[M3-DuckDB] 批量计算 2001 节点净需求: 290.1ms, input=2001, output=2001
[M3] batch layer 2: 2001 nodes in 4.500s
[M3-DuckDB] 批量计算 2266 节点净需求: 294.8ms, input=2266, output=2266
[M3] batch layer 1: 2266 nodes in 4.452s
[M3-DuckDB] 批量计算 349 节点净需求: 228.0ms, input=349, output=349
[M3] batch layer 0: 349 nodes in 0.620s
[M3] mrp_simulation: 10.665s, records=1664
✅ Module3 集成模式完成
[M3] total: 18.827s, days=1, records=1664
  ✅ Module3 完成
💾 每日结束状态保存
💾已保存 2026-01-11 期末库存: 2513 项
期初库存条目: 2509
生产入库条目: 13
交付入库条目: 1317
发货出库条目: 2100
发运出库条目(M6): 1835，数量合计: 20364
期末库存条目: 2513
  📊 从内存获取发运出库 [2026-01-11]: 134 项
📊 当日统计: {'date': '2026-01-11', 'total_inventory_items': 2513, 'total_inventory_quantity': 312168, 'open_deployment_count': 1622, 'in_transit_count': 7948, 'production_gr_count': 13, 'delivery_gr_count': 1317, 'shipment_count': 2100}
✅ 第 28 天处理完成
==================== 第 29/76 天: 2026-01-12 ====================
🌅 每日开始状态更新
💾保存期初库存快照...
💾已保存 2026-01-12 期初库存: 2513 项
📦处理当日delivery GR到达...
✅ Processed 1641 delivery arrivals for 2026-01-12
🏭处理历史生产当日入库...
📦当日需要入库的历史生产: 11 条记录
✅ Processed 11 M4 production receipts for 2026-01-12
1️⃣ 运行 Module1 - 订单生成
[M1] 周度→日度拆分完成，生成天数: 681912，耗时: 0.064s
[M1] 周度→日度拆分完成，生成天数: 681912，耗时: 0.063s
[M1] 平均需求计算完成，ML数: 2376，耗时: 0.182s
[M1] 订单生成完成 (AO耗时: 0.030s, Normal耗时: 0.028s, 总耗时: 0.240s)，订单数: 4634
[M1] AO消耗完成(向量化)，耗时: 0.052s
[M1] Normal消耗完成(向量化)，耗时: 0.028s
[M1] 当日订单生成完成，订单数: 4634，耗时: 9.858s
[M1] 历史订单读取完成，文件数: 13，合并条目: 229921
[M1] 历史订单合并前过滤完成，耗时: 9.880s
[M1] 发货与缺货计算完成，shipment: 2100，cut: 2100，耗时: 0.033s
[M1] 供需日志生成完成，条目: 213840，耗时: 2.620s
🚚立即处理M1 shipment，扣减库存...
✅ Processed 2100 M1 shipments for 2026-01-12
✅ 已扣减 2100 个shipment的库存
✅ Module1 完成 - 生成 17689 个订单, 2100 个发货
2️⃣ 运行 Module4 - 生产计划
🔄加载前一天产线状态: ['TPOCPACK', 'TPODPACK', 'TPOEPACK', 'TPOFPACK', 'TPOGPACK']
🔄加载之前已分配产能: 126 个产能分配
[M4-Pandas] Production simulation 10 records: 1.0ms
💾保存当天产线状态: ['TPOCPACK', 'TPODPACK', 'TPOEPACK', 'TPOFPACK', 'TPOGPACK']
💾保存当天分配产能: 5 个产能分配 (小时单位)
Module4 daily output generated: C:\Users\admin\AppData\Local\Temp\tmp28izcmm6\output\module4\Module4Output_20260112.xlsx
🗂️ 持久化未来生产计划（不触发当日GR）...
✅已写入未来计划回补: 10 条
✅ Module4 完成 - 生成生产计划: 10 条记录
3️⃣ 运行 Module5 - 部署计划
[M5] load_integrated_config 用时: 0.533s
✅缓存已初始化: PTF/LSK=435 | LeadTime=46 | Network=4397
✅索引已构建: SDL=2376 | SS=2376 | Order=2100 | DeployCfg=1230
[M5] Demand collection only 用时: 15.484s
[M5] Demand collection+allocation 总用时: 23.345s
[M5] push_softpush_allocation 用时: 3.680s，生成行数: 64
[M5] Full day total 用时: 36.801s
    🎯 有效部署计划: 1471/47102 条

    📦 立即处理M5 deployment，更新open deployment...
✅ Added 1471 M5 deployment plans to open deployment for 2026-01-12
    ✅ 已更新 1471 条部署计划到open deployment

  ✅ Module5 完成 - 生成 1471 条有效部署计划
4️⃣ 运行 Module6 - 物流执行
[M6] OpenDeployment rows=3093 planned<=sim_date=3093 min=2025-12-15 00:00:00 max=2026-01-12 00:00:00
[M6-Pandas] Batch delay sampling 85 routes: 41.2ms
[M6-Pandas] Batch delay sampling 190 routes: 85.8ms
[M6-Pandas] Batch delay sampling 155 routes: 71.6ms
[M6-Pandas] Batch delay sampling 162 routes: 74.6ms
[M6-Pandas] Batch delay sampling 213 routes: 98.3ms
[M6-Pandas] Batch delay sampling 89 routes: 41.3ms
[M6-Pandas] Batch delay sampling 246 routes: 113.1ms
[M6-Pandas] Batch delay sampling 31 routes: 14.6ms
[M6-Pandas] Batch delay sampling 68 routes: 30.7ms
[M6-Pandas] Batch delay sampling 86 routes: 41.4ms
[M6-Pandas] Batch delay sampling 100 routes: 48.2ms
[M6-Pandas] Batch delay sampling 68 routes: 34.0ms
[M6-Pandas] Batch delay sampling 110 routes: 66.6ms
[M6-Pandas] Batch delay sampling 55 routes: 29.6ms
[M6-Pandas] Batch delay sampling 57 routes: 25.8ms
[M6-Pandas] Batch delay sampling 67 routes: 29.5ms
[M6->Orch] incoming rows: 1782; date=2026-01-12
✅ Processed 1782 M6 delivery plans for 2026-01-12
    ✅ 已处理 1782 条delivery计划

  ✅ Module6 完成 - 生成 1782 条交付计划
5️⃣ 运行 Module3 - 净需求计算
🔄 Module3 运行于集成模式
[M3] load_module1 total: 7.475s
[M3] assign_location_layers total: 0.133s, locations=4746
[M3-DuckDB] 批量计算 130 节点净需求: 191.5ms, input=130, output=130
[M3] batch layer 3: 130 nodes in 0.428s
[M3-DuckDB] 批量计算 2001 节点净需求: 245.4ms, input=2001, output=2001
[M3] batch layer 2: 2001 nodes in 4.041s
[M3-DuckDB] 批量计算 2266 节点净需求: 256.0ms, input=2266, output=2266
[M3] batch layer 1: 2266 nodes in 4.209s
[M3-DuckDB] 批量计算 349 节点净需求: 207.8ms, input=349, output=349
[M3] batch layer 0: 349 nodes in 0.582s
[M3] mrp_simulation: 9.938s, records=1515
✅ Module3 集成模式完成
[M3] total: 17.928s, days=1, records=1515
  ✅ Module3 完成
💾 每日结束状态保存
💾已保存 2026-01-12 期末库存: 2516 项
期初库存条目: 2513
生产入库条目: 11
交付入库条目: 1641
发货出库条目: 2100
发运出库条目(M6): 1782，数量合计: 18760
期末库存条目: 2516
  📊 从内存获取发运出库 [2026-01-12]: 176 项
📊 当日统计: {'date': '2026-01-12', 'total_inventory_items': 2516, 'total_inventory_quantity': 323752, 'open_deployment_count': 1312, 'in_transit_count': 8089, 'production_gr_count': 11, 'delivery_gr_count': 1641, 'shipment_count': 2100}
✅ 第 29 天处理完成
==================== 第 30/76 天: 2026-01-13 ====================
🌅 每日开始状态更新
💾保存期初库存快照...
💾已保存 2026-01-13 期初库存: 2516 项
📦处理当日delivery GR到达...
✅ Processed 1000 delivery arrivals for 2026-01-13
🏭处理历史生产当日入库...
📦当日需要入库的历史生产: 9 条记录
✅ Processed 9 M4 production receipts for 2026-01-13
1️⃣ 运行 Module1 - 订单生成
[M1] 周度→日度拆分完成，生成天数: 681912，耗时: 0.059s
[M1] 周度→日度拆分完成，生成天数: 681912，耗时: 0.059s
[M1] 平均需求计算完成，ML数: 2376，耗时: 0.161s
[M1] 订单生成完成 (AO耗时: 0.029s, Normal耗时: 0.030s, 总耗时: 0.220s)，订单数: 4636
[M1] AO消耗完成(向量化)，耗时: 0.061s
[M1] Normal消耗完成(向量化)，耗时: 0.027s
[M1] 当日订单生成完成，订单数: 4636，耗时: 9.807s
[M1] 历史订单读取完成，文件数: 13，合并条目: 229911
[M1] 历史订单合并前过滤完成，耗时: 9.760s
[M1] 发货与缺货计算完成，shipment: 2102，cut: 2102，耗时: 0.031s
[M1] 供需日志生成完成，条目: 213840，耗时: 2.708s
🚚立即处理M1 shipment，扣减库存...
✅ Processed 2102 M1 shipments for 2026-01-13
✅ 已扣减 2102 个shipment的库存
✅ Module1 完成 - 生成 17691 个订单, 2102 个发货
2️⃣ 运行 Module4 - 生产计划
🔄加载前一天产线状态: ['TPOCPACK', 'TPODPACK', 'TPOEPACK', 'TPOFPACK', 'TPOGPACK']
🔄加载之前已分配产能: 131 个产能分配
[M4-Pandas] Production simulation 11 records: 1.0ms
💾保存当天产线状态: ['TPOCPACK', 'TPODPACK', 'TPOEPACK', 'TPOFPACK', 'TPOGPACK']
💾保存当天分配产能: 6 个产能分配 (小时单位)
Module4 daily output generated: C:\Users\admin\AppData\Local\Temp\tmp28izcmm6\output\module4\Module4Output_20260113.xlsx
🗂️ 持久化未来生产计划（不触发当日GR）...
✅已写入未来计划回补: 11 条
✅ Module4 完成 - 生成生产计划: 11 条记录
3️⃣ 运行 Module5 - 部署计划
[M5] load_integrated_config 用时: 0.515s
✅缓存已初始化: PTF/LSK=435 | LeadTime=46 | Network=4397
✅索引已构建: SDL=2376 | SS=2376 | Order=2102 | DeployCfg=1230
[M5] Demand collection only 用时: 14.962s
[M5] Demand collection+allocation 总用时: 22.597s
[M5] push_softpush_allocation 用时: 3.261s，生成行数: 30
[M5] Full day total 用时: 35.426s
    🎯 有效部署计划: 1653/46598 条

    📦 立即处理M5 deployment，更新open deployment...
✅ Added 1653 M5 deployment plans to open deployment for 2026-01-13
    ✅ 已更新 1653 条部署计划到open deployment

  ✅ Module5 完成 - 生成 1653 条有效部署计划
4️⃣ 运行 Module6 - 物流执行
[M6] OpenDeployment rows=2965 planned<=sim_date=2965 min=2025-12-15 00:00:00 max=2026-01-13 00:00:00
[M6-Pandas] Batch delay sampling 85 routes: 39.3ms
[M6-Pandas] Batch delay sampling 68 routes: 33.9ms
[M6-Pandas] Batch delay sampling 301 routes: 137.6ms
[M6-Pandas] Batch delay sampling 175 routes: 81.5ms
[M6-Pandas] Batch delay sampling 153 routes: 69.4ms
[M6-Pandas] Batch delay sampling 45 routes: 21.4ms
[M6-Pandas] Batch delay sampling 158 routes: 71.6ms
[M6-Pandas] Batch delay sampling 83 routes: 38.0ms
[M6-Pandas] Batch delay sampling 46 routes: 21.5ms
[M6-Pandas] Batch delay sampling 172 routes: 79.9ms
[M6-Pandas] Batch delay sampling 45 routes: 20.1ms
[M6-Pandas] Batch delay sampling 57 routes: 26.3ms
[M6-Pandas] Batch delay sampling 103 routes: 46.7ms
[M6-Pandas] Batch delay sampling 102 routes: 46.4ms
[M6-Pandas] Batch delay sampling 92 routes: 42.1ms
[M6->Orch] incoming rows: 1685; date=2026-01-13
✅ Processed 1685 M6 delivery plans for 2026-01-13
    ✅ 已处理 1685 条delivery计划

  ✅ Module6 完成 - 生成 1685 条交付计划
5️⃣ 运行 Module3 - 净需求计算
🔄 Module3 运行于集成模式
[M3] load_module1 total: 7.298s
[M3] assign_location_layers total: 0.123s, locations=4746
[M3-DuckDB] 批量计算 130 节点净需求: 190.4ms, input=130, output=130
[M3] batch layer 3: 130 nodes in 0.427s
[M3-DuckDB] 批量计算 2001 节点净需求: 252.9ms, input=2001, output=2001
[M3] batch layer 2: 2001 nodes in 4.054s
[M3-DuckDB] 批量计算 2266 节点净需求: 253.0ms, input=2266, output=2266
[M3] batch layer 1: 2266 nodes in 4.212s
[M3-DuckDB] 批量计算 349 节点净需求: 209.8ms, input=349, output=349
[M3] batch layer 0: 349 nodes in 0.591s
[M3] mrp_simulation: 9.955s, records=1490
✅ Module3 集成模式完成
[M3] total: 17.749s, days=1, records=1490
  ✅ Module3 完成
💾 每日结束状态保存
💾已保存 2026-01-13 期末库存: 2520 项
期初库存条目: 2516
生产入库条目: 9
交付入库条目: 1000
发货出库条目: 2102
发运出库条目(M6): 1685，数量合计: 21311
期末库存条目: 2520
  📊 从内存获取发运出库 [2026-01-13]: 113 项
📊 当日统计: {'date': '2026-01-13', 'total_inventory_items': 2520, 'total_inventory_quantity': 329480, 'open_deployment_count': 1280, 'in_transit_count': 8774, 'production_gr_count': 9, 'delivery_gr_count': 1000, 'shipment_count': 2102}
✅ 第 30 天处理完成
==================== 第 31/76 天: 2026-01-14 ====================
🌅 每日开始状态更新
💾保存期初库存快照...
💾已保存 2026-01-14 期初库存: 2520 项
📦处理当日delivery GR到达...
✅ Processed 1550 delivery arrivals for 2026-01-14
🏭处理历史生产当日入库...
📦当日需要入库的历史生产: 18 条记录
✅ Processed 18 M4 production receipts for 2026-01-14
1️⃣ 运行 Module1 - 订单生成
[M1] 周度→日度拆分完成，生成天数: 681912，耗时: 0.070s
[M1] 周度→日度拆分完成，生成天数: 681912，耗时: 0.059s
[M1] 平均需求计算完成，ML数: 2376，耗时: 0.170s
[M1] 订单生成完成 (AO耗时: 0.035s, Normal耗时: 0.026s, 总耗时: 0.231s)，订单数: 4636
[M1] AO消耗完成(向量化)，耗时: 0.051s
[M1] Normal消耗完成(向量化)，耗时: 0.028s
[M1] 当日订单生成完成，订单数: 4636，耗时: 9.601s
[M1] 历史订单读取完成，文件数: 13，合并条目: 229906
[M1] 历史订单合并前过滤完成，耗时: 9.647s
[M1] 发货与缺货计算完成，shipment: 2102，cut: 2102，耗时: 0.032s
[M1] 供需日志生成完成，条目: 213840，耗时: 2.663s
🚚立即处理M1 shipment，扣减库存...
✅ Processed 2102 M1 shipments for 2026-01-14
✅ 已扣减 2102 个shipment的库存
✅ Module1 完成 - 生成 17691 个订单, 2102 个发货
2️⃣ 运行 Module4 - 生产计划
🔄加载前一天产线状态: ['TPOCPACK', 'TPODPACK', 'TPOEPACK', 'TPOFPACK', 'TPOGPACK']
🔄加载之前已分配产能: 137 个产能分配
[M4-Pandas] Production simulation 11 records: 0.9ms
💾保存当天产线状态: ['TPOCPACK', 'TPODPACK', 'TPOEPACK', 'TPOFPACK', 'TPOGPACK']
💾保存当天分配产能: 5 个产能分配 (小时单位)
Module4 daily output generated: C:\Users\admin\AppData\Local\Temp\tmp28izcmm6\output\module4\Module4Output_20260114.xlsx
🗂️ 持久化未来生产计划（不触发当日GR）...
✅已写入未来计划回补: 11 条
✅ Module4 完成 - 生成生产计划: 11 条记录
3️⃣ 运行 Module5 - 部署计划
[M5] load_integrated_config 用时: 0.507s
✅缓存已初始化: PTF/LSK=435 | LeadTime=46 | Network=4397
✅索引已构建: SDL=2376 | SS=2376 | Order=2102 | DeployCfg=1230
[M5] Demand collection only 用时: 14.998s
[M5] Demand collection+allocation 总用时: 22.647s
[M5] push_softpush_allocation 用时: 4.286s，生成行数: 93
[M5] Full day total 用时: 36.313s
    🎯 有效部署计划: 1605/46261 条

    📦 立即处理M5 deployment，更新open deployment...
✅ Added 1605 M5 deployment plans to open deployment for 2026-01-14
    ✅ 已更新 1605 条部署计划到open deployment

  ✅ Module5 完成 - 生成 1605 条有效部署计划
4️⃣ 运行 Module6 - 物流执行
[M6] OpenDeployment rows=2885 planned<=sim_date=2885 min=2025-12-15 00:00:00 max=2026-01-14 00:00:00
[M6-Pandas] Batch delay sampling 82 routes: 46.1ms
[M6-Pandas] Batch delay sampling 209 routes: 98.4ms
[M6-Pandas] Batch delay sampling 293 routes: 142.0ms
[M6-Pandas] Batch delay sampling 125 routes: 56.4ms
[M6-Pandas] Batch delay sampling 117 routes: 59.9ms
[M6-Pandas] Batch delay sampling 107 routes: 50.2ms
[M6-Pandas] Batch delay sampling 100 routes: 46.1ms
[M6-Pandas] Batch delay sampling 239 routes: 115.8ms
[M6-Pandas] Batch delay sampling 207 routes: 96.6ms
[M6-Pandas] Batch delay sampling 74 routes: 38.7ms
[M6-Pandas] Batch delay sampling 85 routes: 42.1ms
[M6-Pandas] Batch delay sampling 101 routes: 47.2ms
[M6-Pandas] Batch delay sampling 61 routes: 29.5ms
[M6-Pandas] Batch delay sampling 40 routes: 18.6ms
[M6-Pandas] Batch delay sampling 43 routes: 27.1ms
[M6->Orch] incoming rows: 1883; date=2026-01-14
✅ Processed 1883 M6 delivery plans for 2026-01-14
    ✅ 已处理 1883 条delivery计划

  ✅ Module6 完成 - 生成 1883 条交付计划
5️⃣ 运行 Module3 - 净需求计算
🔄 Module3 运行于集成模式
[M3] load_module1 total: 7.391s
[M3] assign_location_layers total: 0.123s, locations=4746
[M3-DuckDB] 批量计算 130 节点净需求: 194.8ms, input=130, output=130
[M3] batch layer 3: 130 nodes in 0.451s
[M3-DuckDB] 批量计算 2001 节点净需求: 240.8ms, input=2001, output=2001
[M3] batch layer 2: 2001 nodes in 4.030s
[M3-DuckDB] 批量计算 2266 节点净需求: 260.9ms, input=2266, output=2266
[M3] batch layer 1: 2266 nodes in 4.171s
[M3-DuckDB] 批量计算 349 节点净需求: 203.0ms, input=349, output=349
[M3] batch layer 0: 349 nodes in 0.572s
[M3] mrp_simulation: 9.867s, records=1379
✅ Module3 集成模式完成
[M3] total: 17.734s, days=1, records=1379
  ✅ Module3 完成
💾 每日结束状态保存
💾已保存 2026-01-14 期末库存: 2521 项
期初库存条目: 2520
生产入库条目: 18
交付入库条目: 1550
发货出库条目: 2102
发运出库条目(M6): 1883，数量合计: 25613
期末库存条目: 2521
  📊 从内存获取发运出库 [2026-01-14]: 185 项
📊 当日统计: {'date': '2026-01-14', 'total_inventory_items': 2521, 'total_inventory_quantity': 332086, 'open_deployment_count': 1002, 'in_transit_count': 9107, 'production_gr_count': 18, 'delivery_gr_count': 1550, 'shipment_count': 2102}
✅ 第 31 天处理完成
==================== 第 32/76 天: 2026-01-15 ====================
🌅 每日开始状态更新
💾保存期初库存快照...
💾已保存 2026-01-15 期初库存: 2521 项
📦处理当日delivery GR到达...
✅ Processed 1738 delivery arrivals for 2026-01-15
🏭处理历史生产当日入库...
📦当日需要入库的历史生产: 12 条记录
✅ Processed 12 M4 production receipts for 2026-01-15
1️⃣ 运行 Module1 - 订单生成
[M1] 周度→日度拆分完成，生成天数: 681912，耗时: 0.059s
[M1] 周度→日度拆分完成，生成天数: 681912，耗时: 0.056s
[M1] 平均需求计算完成，ML数: 2376，耗时: 0.166s
[M1] 订单生成完成 (AO耗时: 0.030s, Normal耗时: 0.028s, 总耗时: 0.225s)，订单数: 4636
[M1] AO消耗完成(向量化)，耗时: 0.055s
[M1] Normal消耗完成(向量化)，耗时: 0.028s
[M1] 当日订单生成完成，订单数: 4636，耗时: 9.632s
[M1] 历史订单读取完成，文件数: 13，合并条目: 229904
[M1] 历史订单合并前过滤完成，耗时: 9.691s
[M1] 发货与缺货计算完成，shipment: 2102，cut: 2102，耗时: 0.037s
[M1] 供需日志生成完成，条目: 213840，耗时: 2.588s
🚚立即处理M1 shipment，扣减库存...
✅ Processed 2102 M1 shipments for 2026-01-15
✅ 已扣减 2102 个shipment的库存
✅ Module1 完成 - 生成 17691 个订单, 2102 个发货
2️⃣ 运行 Module4 - 生产计划
🔄加载前一天产线状态: ['TPOCPACK', 'TPODPACK', 'TPOEPACK', 'TPOFPACK', 'TPOGPACK']
🔄加载之前已分配产能: 141 个产能分配
[M4-Pandas] Production simulation 9 records: 0.9ms
💾保存当天产线状态: ['TPOCPACK', 'TPODPACK', 'TPOFPACK', 'TPOGPACK']
💾保存当天分配产能: 4 个产能分配 (小时单位)
Module4 daily output generated: C:\Users\admin\AppData\Local\Temp\tmp28izcmm6\output\module4\Module4Output_20260115.xlsx
🗂️ 持久化未来生产计划（不触发当日GR）...
✅已写入未来计划回补: 9 条
✅ Module4 完成 - 生成生产计划: 9 条记录
3️⃣ 运行 Module5 - 部署计划
[M5] load_integrated_config 用时: 0.448s
✅缓存已初始化: PTF/LSK=435 | LeadTime=46 | Network=4397
✅索引已构建: SDL=2376 | SS=2376 | Order=2102 | DeployCfg=1230
[M5] Demand collection only 用时: 14.514s
[M5] Demand collection+allocation 总用时: 22.240s
[M5] push_softpush_allocation 用时: 3.536s，生成行数: 58
[M5] Full day total 用时: 34.694s
    🎯 有效部署计划: 1477/45934 条

    📦 立即处理M5 deployment，更新open deployment...
✅ Added 1477 M5 deployment plans to open deployment for 2026-01-15
    ✅ 已更新 1477 条部署计划到open deployment

  ✅ Module5 完成 - 生成 1477 条有效部署计划
4️⃣ 运行 Module6 - 物流执行
[M6] OpenDeployment rows=2479 planned<=sim_date=2479 min=2025-12-15 00:00:00 max=2026-01-15 00:00:00
[M6-Pandas] Batch delay sampling 69 routes: 33.6ms
[M6-Pandas] Batch delay sampling 161 routes: 72.3ms
[M6-Pandas] Batch delay sampling 80 routes: 36.9ms
[M6-Pandas] Batch delay sampling 149 routes: 65.1ms
[M6-Pandas] Batch delay sampling 142 routes: 63.4ms
[M6-Pandas] Batch delay sampling 42 routes: 18.9ms
[M6-Pandas] Batch delay sampling 71 routes: 31.9ms
[M6-Pandas] Batch delay sampling 78 routes: 36.2ms
[M6-Pandas] Batch delay sampling 45 routes: 20.6ms
[M6-Pandas] Batch delay sampling 75 routes: 35.6ms
[M6-Pandas] Batch delay sampling 68 routes: 32.5ms
[M6-Pandas] Batch delay sampling 157 routes: 71.1ms
[M6-Pandas] Batch delay sampling 75 routes: 34.3ms
[M6-Pandas] Batch delay sampling 42 routes: 21.0ms
[M6->Orch] incoming rows: 1254; date=2026-01-15
✅ Processed 1254 M6 delivery plans for 2026-01-15
    ✅ 已处理 1254 条delivery计划

  ✅ Module6 完成 - 生成 1254 条交付计划
5️⃣ 运行 Module3 - 净需求计算
🔄 Module3 运行于集成模式
[M3] load_module1 total: 7.279s
[M3] assign_location_layers total: 0.128s, locations=4746
[M3-DuckDB] 批量计算 130 节点净需求: 193.7ms, input=130, output=130
[M3] batch layer 3: 130 nodes in 0.440s
[M3-DuckDB] 批量计算 2001 节点净需求: 244.9ms, input=2001, output=2001
[M3] batch layer 2: 2001 nodes in 4.016s
[M3-DuckDB] 批量计算 2266 节点净需求: 265.7ms, input=2266, output=2266
[M3] batch layer 1: 2266 nodes in 4.145s
[M3-DuckDB] 批量计算 349 节点净需求: 199.4ms, input=349, output=349
[M3] batch layer 0: 349 nodes in 0.573s
[M3] mrp_simulation: 9.858s, records=1344
✅ Module3 集成模式完成
[M3] total: 17.626s, days=1, records=1344
  ✅ Module3 完成
💾 每日结束状态保存
💾已保存 2026-01-15 期末库存: 2528 项
期初库存条目: 2521
生产入库条目: 12
交付入库条目: 1738
发货出库条目: 2102
发运出库条目(M6): 1254，数量合计: 18861
期末库存条目: 2528
  📊 从内存获取发运出库 [2026-01-15]: 142 项
📊 当日统计: {'date': '2026-01-15', 'total_inventory_items': 2528, 'total_inventory_quantity': 340563, 'open_deployment_count': 1225, 'in_transit_count': 8623, 'production_gr_count': 12, 'delivery_gr_count': 1738, 'shipment_count': 2102}
✅ 第 32 天处理完成
==================== 第 33/76 天: 2026-01-16 ====================
🌅 每日开始状态更新
💾保存期初库存快照...
💾已保存 2026-01-16 期初库存: 2528 项
📦处理当日delivery GR到达...
✅ Processed 1598 delivery arrivals for 2026-01-16
🏭处理历史生产当日入库...
📦当日需要入库的历史生产: 5 条记录
✅ Processed 5 M4 production receipts for 2026-01-16
1️⃣ 运行 Module1 - 订单生成
[M1] 周度→日度拆分完成，生成天数: 681912，耗时: 0.062s
[M1] 周度→日度拆分完成，生成天数: 681912，耗时: 0.059s
[M1] 平均需求计算完成，ML数: 2376，耗时: 0.161s
[M1] 订单生成完成 (AO耗时: 0.030s, Normal耗时: 0.027s, 总耗时: 0.219s)，订单数: 4636
[M1] AO消耗完成(向量化)，耗时: 0.060s
[M1] Normal消耗完成(向量化)，耗时: 0.027s
[M1] 当日订单生成完成，订单数: 4636，耗时: 9.729s
[M1] 历史订单读取完成，文件数: 13，合并条目: 229904
[M1] 历史订单合并前过滤完成，耗时: 9.624s
[M1] 发货与缺货计算完成，shipment: 2102，cut: 2102，耗时: 0.031s
[M1] 供需日志生成完成，条目: 213840，耗时: 2.609s
🚚立即处理M1 shipment，扣减库存...
✅ Processed 2102 M1 shipments for 2026-01-16
✅ 已扣减 2102 个shipment的库存
✅ Module1 完成 - 生成 17691 个订单, 2102 个发货
2️⃣ 运行 Module4 - 生产计划
🔄加载前一天产线状态: ['TPOCPACK', 'TPODPACK', 'TPOFPACK', 'TPOGPACK']
🔄加载之前已分配产能: 145 个产能分配
[M4-Pandas] Production simulation 10 records: 1.0ms
💾保存当天产线状态: ['TPOCPACK', 'TPODPACK', 'TPOEPACK', 'TPOFPACK', 'TPOGPACK']
💾保存当天分配产能: 5 个产能分配 (小时单位)
Module4 daily output generated: C:\Users\admin\AppData\Local\Temp\tmp28izcmm6\output\module4\Module4Output_20260116.xlsx
🗂️ 持久化未来生产计划（不触发当日GR）...
✅已写入未来计划回补: 10 条
✅ Module4 完成 - 生成生产计划: 10 条记录
3️⃣ 运行 Module5 - 部署计划
[M5] load_integrated_config 用时: 0.482s
✅缓存已初始化: PTF/LSK=435 | LeadTime=46 | Network=4397
✅索引已构建: SDL=2376 | SS=2376 | Order=2102 | DeployCfg=1230
[M5] Demand collection only 用时: 14.080s
[M5] Demand collection+allocation 总用时: 21.494s
[M5] push_softpush_allocation 用时: 3.540s，生成行数: 38
[M5] Full day total 用时: 33.939s
    🎯 有效部署计划: 1264/45756 条

    📦 立即处理M5 deployment，更新open deployment...
✅ Added 1264 M5 deployment plans to open deployment for 2026-01-16
    ✅ 已更新 1264 条部署计划到open deployment

  ✅ Module5 完成 - 生成 1264 条有效部署计划
4️⃣ 运行 Module6 - 物流执行
[M6] OpenDeployment rows=2489 planned<=sim_date=2489 min=2025-12-15 00:00:00 max=2026-01-16 00:00:00
[M6-Pandas] Batch delay sampling 84 routes: 38.1ms
[M6-Pandas] Batch delay sampling 67 routes: 32.7ms
[M6-Pandas] Batch delay sampling 119 routes: 55.0ms
[M6-Pandas] Batch delay sampling 49 routes: 24.2ms
[M6-Pandas] Batch delay sampling 287 routes: 129.3ms
[M6-Pandas] Batch delay sampling 69 routes: 31.3ms
[M6-Pandas] Batch delay sampling 45 routes: 20.3ms
[M6-Pandas] Batch delay sampling 97 routes: 43.8ms
[M6-Pandas] Batch delay sampling 35 routes: 16.2ms
[M6-Pandas] Batch delay sampling 83 routes: 38.3ms
[M6-Pandas] Batch delay sampling 74 routes: 31.9ms
[M6-Pandas] Batch delay sampling 17 routes: 8.9ms
[M6-Pandas] Batch delay sampling 29 routes: 12.6ms
[M6-Pandas] Batch delay sampling 19 routes: 8.5ms
[M6->Orch] incoming rows: 1082; date=2026-01-16
✅ Processed 1082 M6 delivery plans for 2026-01-16
    ✅ 已处理 1082 条delivery计划

  ✅ Module6 完成 - 生成 1082 条交付计划
5️⃣ 运行 Module3 - 净需求计算
🔄 Module3 运行于集成模式
[M3] load_module1 total: 7.367s
[M3] assign_location_layers total: 0.127s, locations=4746
[M3-DuckDB] 批量计算 130 节点净需求: 190.1ms, input=130, output=130
[M3] batch layer 3: 130 nodes in 0.425s
[M3-DuckDB] 批量计算 2001 节点净需求: 248.6ms, input=2001, output=2001
[M3] batch layer 2: 2001 nodes in 4.054s
[M3-DuckDB] 批量计算 2266 节点净需求: 254.1ms, input=2266, output=2266
[M3] batch layer 1: 2266 nodes in 4.177s
[M3-DuckDB] 批量计算 349 节点净需求: 200.9ms, input=349, output=349
[M3] batch layer 0: 349 nodes in 0.565s
[M3] mrp_simulation: 9.771s, records=1376
✅ Module3 集成模式完成
[M3] total: 17.740s, days=1, records=1376
  ✅ Module3 完成
💾 每日结束状态保存
💾已保存 2026-01-16 期末库存: 2529 项
期初库存条目: 2528
生产入库条目: 5
交付入库条目: 1598
发货出库条目: 2102
发运出库条目(M6): 1082，数量合计: 16477
期末库存条目: 2529
  📊 从内存获取发运出库 [2026-01-16]: 154 项
📊 当日统计: {'date': '2026-01-16', 'total_inventory_items': 2529, 'total_inventory_quantity': 348201, 'open_deployment_count': 1407, 'in_transit_count': 8107, 'production_gr_count': 5, 'delivery_gr_count': 1598, 'shipment_count': 2102}
✅ 第 33 天处理完成
==================== 第 34/76 天: 2026-01-17 ====================
🌅 每日开始状态更新
💾保存期初库存快照...
💾已保存 2026-01-17 期初库存: 2529 项
📦处理当日delivery GR到达...
✅ Processed 1321 delivery arrivals for 2026-01-17
🏭处理历史生产当日入库...
📦当日需要入库的历史生产: 10 条记录
✅ Processed 10 M4 production receipts for 2026-01-17
1️⃣ 运行 Module1 - 订单生成
[M1] 周度→日度拆分完成，生成天数: 681912，耗时: 0.062s
[M1] 周度→日度拆分完成，生成天数: 681912，耗时: 0.075s
[M1] 平均需求计算完成，ML数: 2376，耗时: 0.174s
[M1] 订单生成完成 (AO耗时: 0.032s, Normal耗时: 0.026s, 总耗时: 0.232s)，订单数: 4636
[M1] AO消耗完成(向量化)，耗时: 0.055s
[M1] Normal消耗完成(向量化)，耗时: 0.030s
[M1] 当日订单生成完成，订单数: 4636，耗时: 9.653s
[M1] 历史订单读取完成，文件数: 13，合并条目: 229907
[M1] 历史订单合并前过滤完成，耗时: 9.424s
[M1] 发货与缺货计算完成，shipment: 2102，cut: 2102，耗时: 0.033s
[M1] 供需日志生成完成，条目: 213840，耗时: 2.662s
🚚立即处理M1 shipment，扣减库存...
✅ Processed 2102 M1 shipments for 2026-01-17
✅ 已扣减 2102 个shipment的库存
✅ Module1 完成 - 生成 17691 个订单, 2102 个发货
2️⃣ 运行 Module4 - 生产计划
🔄加载前一天产线状态: ['TPOCPACK', 'TPODPACK', 'TPOEPACK', 'TPOFPACK', 'TPOGPACK']
🔄加载之前已分配产能: 150 个产能分配
[M4-Pandas] Production simulation 13 records: 0.9ms
💾保存当天产线状态: ['TPOCPACK', 'TPODPACK', 'TPOEPACK', 'TPOFPACK', 'TPOGPACK']
💾保存当天分配产能: 5 个产能分配 (小时单位)
Module4 daily output generated: C:\Users\admin\AppData\Local\Temp\tmp28izcmm6\output\module4\Module4Output_20260117.xlsx
🗂️ 持久化未来生产计划（不触发当日GR）...
✅已写入未来计划回补: 13 条
✅ Module4 完成 - 生成生产计划: 13 条记录
3️⃣ 运行 Module5 - 部署计划
[M5] load_integrated_config 用时: 0.493s
✅缓存已初始化: PTF/LSK=435 | LeadTime=46 | Network=4397
✅索引已构建: SDL=2376 | SS=2376 | Order=2102 | DeployCfg=1230
[M5] Demand collection only 用时: 13.510s
[M5] Demand collection+allocation 总用时: 20.844s
[M5] push_softpush_allocation 用时: 3.663s，生成行数: 58
[M5] Full day total 用时: 33.835s
    🎯 有效部署计划: 1441/45665 条

    📦 立即处理M5 deployment，更新open deployment...
✅ Added 1441 M5 deployment plans to open deployment for 2026-01-17
    ✅ 已更新 1441 条部署计划到open deployment

  ✅ Module5 完成 - 生成 1441 条有效部署计划
4️⃣ 运行 Module6 - 物流执行
[M6] OpenDeployment rows=2848 planned<=sim_date=2848 min=2025-12-15 00:00:00 max=2026-01-17 00:00:00
[M6-Pandas] Batch delay sampling 110 routes: 50.6ms
[M6-Pandas] Batch delay sampling 126 routes: 58.4ms
[M6-Pandas] Batch delay sampling 360 routes: 164.9ms
[M6-Pandas] Batch delay sampling 127 routes: 59.8ms
[M6-Pandas] Batch delay sampling 125 routes: 57.2ms
[M6-Pandas] Batch delay sampling 189 routes: 89.0ms
[M6-Pandas] Batch delay sampling 62 routes: 28.7ms
[M6-Pandas] Batch delay sampling 125 routes: 57.7ms
[M6-Pandas] Batch delay sampling 71 routes: 33.8ms
[M6-Pandas] Batch delay sampling 39 routes: 17.5ms
[M6-Pandas] Batch delay sampling 101 routes: 46.5ms
[M6-Pandas] Batch delay sampling 63 routes: 29.9ms
[M6-Pandas] Batch delay sampling 64 routes: 29.5ms
[M6-Pandas] Batch delay sampling 145 routes: 67.8ms
[M6-Pandas] Batch delay sampling 19 routes: 8.3ms
[M6->Orch] incoming rows: 1727; date=2026-01-17
✅ Processed 1727 M6 delivery plans for 2026-01-17
    ✅ 已处理 1727 条delivery计划

  ✅ Module6 完成 - 生成 1727 条交付计划
5️⃣ 运行 Module3 - 净需求计算
🔄 Module3 运行于集成模式
[M3] load_module1 total: 7.406s
[M3] assign_location_layers total: 0.125s, locations=4746
[M3-DuckDB] 批量计算 130 节点净需求: 336.3ms, input=130, output=130
[M3] batch layer 3: 130 nodes in 0.581s
[M3-DuckDB] 批量计算 2001 节点净需求: 246.7ms, input=2001, output=2001
[M3] batch layer 2: 2001 nodes in 4.035s
[M3-DuckDB] 批量计算 2266 节点净需求: 252.0ms, input=2266, output=2266
[M3] batch layer 1: 2266 nodes in 4.123s
[M3-DuckDB] 批量计算 349 节点净需求: 204.7ms, input=349, output=349
[M3] batch layer 0: 349 nodes in 0.574s
[M3] mrp_simulation: 9.861s, records=1284
✅ Module3 集成模式完成
[M3] total: 17.739s, days=1, records=1284
  ✅ Module3 完成
💾 每日结束状态保存
💾已保存 2026-01-17 期末库存: 2532 项
期初库存条目: 2529
生产入库条目: 10
交付入库条目: 1321
发货出库条目: 2102
发运出库条目(M6): 1727，数量合计: 23755
期末库存条目: 2532
  📊 从内存获取发运出库 [2026-01-17]: 177 项
📊 当日统计: {'date': '2026-01-17', 'total_inventory_items': 2532, 'total_inventory_quantity': 348029, 'open_deployment_count': 1122, 'in_transit_count': 8513, 'production_gr_count': 10, 'delivery_gr_count': 1321, 'shipment_count': 2102}
✅ 第 34 天处理完成
==================== 第 35/76 天: 2026-01-18 ====================
🌅 每日开始状态更新
💾保存期初库存快照...
💾已保存 2026-01-18 期初库存: 2532 项
📦处理当日delivery GR到达...
✅ Processed 1562 delivery arrivals for 2026-01-18
🏭处理历史生产当日入库...
📦当日需要入库的历史生产: 9 条记录
✅ Processed 9 M4 production receipts for 2026-01-18
1️⃣ 运行 Module1 - 订单生成
[M1] 周度→日度拆分完成，生成天数: 681912，耗时: 0.060s
[M1] 周度→日度拆分完成，生成天数: 681912，耗时: 0.064s
[M1] 平均需求计算完成，ML数: 2376，耗时: 0.161s
[M1] 订单生成完成 (AO耗时: 0.029s, Normal耗时: 0.027s, 总耗时: 0.216s)，订单数: 4636
[M1] AO消耗完成(向量化)，耗时: 0.050s
[M1] Normal消耗完成(向量化)，耗时: 0.028s
[M1] 当日订单生成完成，订单数: 4636，耗时: 9.612s
[M1] 历史订单读取完成，文件数: 13，合并条目: 229913
[M1] 历史订单合并前过滤完成，耗时: 9.663s
[M1] 发货与缺货计算完成，shipment: 2102，cut: 2102，耗时: 0.030s
[M1] 供需日志生成完成，条目: 213840，耗时: 2.674s
🚚立即处理M1 shipment，扣减库存...
✅ Processed 2102 M1 shipments for 2026-01-18
✅ 已扣减 2102 个shipment的库存
✅ Module1 完成 - 生成 17691 个订单, 2102 个发货
2️⃣ 运行 Module4 - 生产计划
🔄加载前一天产线状态: ['TPOCPACK', 'TPODPACK', 'TPOEPACK', 'TPOFPACK', 'TPOGPACK']
🔄加载之前已分配产能: 155 个产能分配
[M4-Pandas] Production simulation 14 records: 0.9ms
💾保存当天产线状态: ['TPOCPACK', 'TPODPACK', 'TPOEPACK', 'TPOFPACK', 'TPOGPACK']
💾保存当天分配产能: 5 个产能分配 (小时单位)
Module4 daily output generated: C:\Users\admin\AppData\Local\Temp\tmp28izcmm6\output\module4\Module4Output_20260118.xlsx
🗂️ 持久化未来生产计划（不触发当日GR）...
✅已写入未来计划回补: 14 条
✅ Module4 完成 - 生成生产计划: 14 条记录
3️⃣ 运行 Module5 - 部署计划
[M5] load_integrated_config 用时: 0.483s
✅缓存已初始化: PTF/LSK=435 | LeadTime=46 | Network=4397
✅索引已构建: SDL=2376 | SS=2376 | Order=2102 | DeployCfg=1230
[M5] Demand collection only 用时: 13.658s
[M5] Demand collection+allocation 总用时: 21.043s
[M5] push_softpush_allocation 用时: 3.564s，生成行数: 38
[M5] Full day total 用时: 33.245s
    🎯 有效部署计划: 1252/45294 条

    📦 立即处理M5 deployment，更新open deployment...
✅ Added 1252 M5 deployment plans to open deployment for 2026-01-18
    ✅ 已更新 1252 条部署计划到open deployment

  ✅ Module5 完成 - 生成 1252 条有效部署计划
4️⃣ 运行 Module6 - 物流执行
[M6] OpenDeployment rows=2374 planned<=sim_date=2374 min=2025-12-15 00:00:00 max=2026-01-18 00:00:00
[M6-Pandas] Batch delay sampling 94 routes: 44.7ms
[M6-Pandas] Batch delay sampling 226 routes: 105.6ms
[M6-Pandas] Batch delay sampling 148 routes: 66.2ms
[M6-Pandas] Batch delay sampling 61 routes: 27.1ms
[M6-Pandas] Batch delay sampling 76 routes: 37.9ms
[M6-Pandas] Batch delay sampling 46 routes: 21.1ms
[M6-Pandas] Batch delay sampling 90 routes: 42.0ms
[M6-Pandas] Batch delay sampling 66 routes: 29.5ms
[M6-Pandas] Batch delay sampling 20 routes: 9.1ms
[M6-Pandas] Batch delay sampling 62 routes: 28.7ms
[M6-Pandas] Batch delay sampling 46 routes: 23.7ms
[M6->Orch] incoming rows: 935; date=2026-01-18
✅ Processed 935 M6 delivery plans for 2026-01-18
    ✅ 已处理 935 条delivery计划

  ✅ Module6 完成 - 生成 935 条交付计划
5️⃣ 运行 Module3 - 净需求计算
🔄 Module3 运行于集成模式
[M3] load_module1 total: 7.598s
[M3] assign_location_layers total: 0.134s, locations=4746
[M3-DuckDB] 批量计算 130 节点净需求: 223.6ms, input=130, output=130
[M3] batch layer 3: 130 nodes in 0.466s
[M3-DuckDB] 批量计算 2001 节点净需求: 256.6ms, input=2001, output=2001
[M3] batch layer 2: 2001 nodes in 4.183s
[M3-DuckDB] 批量计算 2266 节点净需求: 273.4ms, input=2266, output=2266
[M3] batch layer 1: 2266 nodes in 4.215s
[M3-DuckDB] 批量计算 349 节点净需求: 198.7ms, input=349, output=349
[M3] batch layer 0: 349 nodes in 0.566s
[M3] mrp_simulation: 10.100s, records=1286
✅ Module3 集成模式完成
[M3] total: 18.236s, days=1, records=1286
  ✅ Module3 完成
💾 每日结束状态保存
💾已保存 2026-01-18 期末库存: 2533 项
期初库存条目: 2532
生产入库条目: 9
交付入库条目: 1562
发货出库条目: 2102
发运出库条目(M6): 935，数量合计: 18427
期末库存条目: 2533
  📊 从内存获取发运出库 [2026-01-18]: 145 项
📊 当日统计: {'date': '2026-01-18', 'total_inventory_items': 2533, 'total_inventory_quantity': 358046, 'open_deployment_count': 1439, 'in_transit_count': 7886, 'production_gr_count': 9, 'delivery_gr_count': 1562, 'shipment_count': 2102}
✅ 第 35 天处理完成
==================== 第 36/76 天: 2026-01-19 ====================
🌅 每日开始状态更新
💾保存期初库存快照...
💾已保存 2026-01-19 期初库存: 2533 项
📦处理当日delivery GR到达...
✅ Processed 2044 delivery arrivals for 2026-01-19
🏭处理历史生产当日入库...
📦当日需要入库的历史生产: 11 条记录
✅ Processed 11 M4 production receipts for 2026-01-19
1️⃣ 运行 Module1 - 订单生成
[M1] 周度→日度拆分完成，生成天数: 681912，耗时: 0.067s
[M1] 周度→日度拆分完成，生成天数: 681912，耗时: 0.071s
[M1] 平均需求计算完成，ML数: 2376，耗时: 0.166s
[M1] 订单生成完成 (AO耗时: 0.030s, Normal耗时: 0.026s, 总耗时: 0.223s)，订单数: 4636
[M1] AO消耗完成(向量化)，耗时: 0.053s
[M1] Normal消耗完成(向量化)，耗时: 0.027s
[M1] 当日订单生成完成，订单数: 4636，耗时: 10.123s
[M1] 历史订单读取完成，文件数: 13，合并条目: 229969
[M1] 历史订单合并前过滤完成，耗时: 9.569s
[M1] 发货与缺货计算完成，shipment: 2102，cut: 2102，耗时: 0.032s
[M1] 供需日志生成完成，条目: 213840，耗时: 2.766s
🚚立即处理M1 shipment，扣减库存...
✅ Processed 2102 M1 shipments for 2026-01-19
✅ 已扣减 2102 个shipment的库存
✅ Module1 完成 - 生成 17691 个订单, 2102 个发货
2️⃣ 运行 Module4 - 生产计划
🔄加载前一天产线状态: ['TPOCPACK', 'TPODPACK', 'TPOEPACK', 'TPOFPACK', 'TPOGPACK']
🔄加载之前已分配产能: 160 个产能分配
[M4-Pandas] Production simulation 14 records: 0.9ms
💾保存当天产线状态: ['TPOCPACK', 'TPODPACK', 'TPOEPACK', 'TPOFPACK', 'TPOGPACK']
💾保存当天分配产能: 5 个产能分配 (小时单位)
Module4 daily output generated: C:\Users\admin\AppData\Local\Temp\tmp28izcmm6\output\module4\Module4Output_20260119.xlsx
🗂️ 持久化未来生产计划（不触发当日GR）...
✅已写入未来计划回补: 14 条
✅ Module4 完成 - 生成生产计划: 14 条记录
3️⃣ 运行 Module5 - 部署计划
[M5] load_integrated_config 用时: 0.553s
✅缓存已初始化: PTF/LSK=435 | LeadTime=46 | Network=4397
✅索引已构建: SDL=2376 | SS=2376 | Order=2102 | DeployCfg=1230
[M5] Demand collection only 用时: 12.466s
[M5] Demand collection+allocation 总用时: 20.341s
[M5] push_softpush_allocation 用时: 3.812s，生成行数: 67
[M5] Full day total 用时: 32.876s
    🎯 有效部署计划: 1084/44779 条

    📦 立即处理M5 deployment，更新open deployment...
✅ Added 1084 M5 deployment plans to open deployment for 2026-01-19
    ✅ 已更新 1084 条部署计划到open deployment

  ✅ Module5 完成 - 生成 1084 条有效部署计划
4️⃣ 运行 Module6 - 物流执行
[M6] OpenDeployment rows=2523 planned<=sim_date=2523 min=2025-12-15 00:00:00 max=2026-01-19 00:00:00
[M6-Pandas] Batch delay sampling 79 routes: 41.7ms
[M6-Pandas] Batch delay sampling 101 routes: 46.0ms
[M6-Pandas] Batch delay sampling 104 routes: 45.9ms
[M6-Pandas] Batch delay sampling 175 routes: 82.8ms
[M6-Pandas] Batch delay sampling 133 routes: 59.3ms
[M6-Pandas] Batch delay sampling 86 routes: 40.5ms
[M6-Pandas] Batch delay sampling 105 routes: 47.2ms
[M6-Pandas] Batch delay sampling 157 routes: 72.2ms
[M6-Pandas] Batch delay sampling 24 routes: 10.9ms
[M6-Pandas] Batch delay sampling 37 routes: 16.5ms
[M6-Pandas] Batch delay sampling 36 routes: 15.7ms
[M6-Pandas] Batch delay sampling 51 routes: 23.1ms
[M6-Pandas] Batch delay sampling 25 routes: 11.6ms
[M6->Orch] incoming rows: 1113; date=2026-01-19
✅ Processed 1113 M6 delivery plans for 2026-01-19
    ✅ 已处理 1113 条delivery计划

  ✅ Module6 完成 - 生成 1113 条交付计划
5️⃣ 运行 Module3 - 净需求计算
🔄 Module3 运行于集成模式
[M3] load_module1 total: 7.159s
[M3] assign_location_layers total: 0.125s, locations=4746
[M3-DuckDB] 批量计算 130 节点净需求: 197.3ms, input=130, output=130
[M3] batch layer 3: 130 nodes in 0.461s
[M3-DuckDB] 批量计算 2001 节点净需求: 237.1ms, input=2001, output=2001
[M3] batch layer 2: 2001 nodes in 3.976s
[M3-DuckDB] 批量计算 2266 节点净需求: 249.2ms, input=2266, output=2266
[M3] batch layer 1: 2266 nodes in 4.109s
[M3-DuckDB] 批量计算 349 节点净需求: 206.5ms, input=349, output=349
[M3] batch layer 0: 349 nodes in 0.601s
[M3] mrp_simulation: 9.828s, records=1159
✅ Module3 集成模式完成
[M3] total: 17.501s, days=1, records=1159
  ✅ Module3 完成
💾 每日结束状态保存
💾已保存 2026-01-19 期末库存: 2533 项
期初库存条目: 2533
生产入库条目: 11
交付入库条目: 2044
发货出库条目: 2102
发运出库条目(M6): 1113，数量合计: 28816
期末库存条目: 2533
  📊 从内存获取发运出库 [2026-01-19]: 148 项
📊 当日统计: {'date': '2026-01-19', 'total_inventory_items': 2533, 'total_inventory_quantity': 366215, 'open_deployment_count': 1411, 'in_transit_count': 6955, 'production_gr_count': 11, 'delivery_gr_count': 2044, 'shipment_count': 2102}
✅ 第 36 天处理完成
==================== 第 37/76 天: 2026-01-20 ====================
🌅 每日开始状态更新
💾保存期初库存快照...
💾已保存 2026-01-20 期初库存: 2533 项
📦处理当日delivery GR到达...
✅ Processed 1542 delivery arrivals for 2026-01-20
🏭处理历史生产当日入库...
📦当日需要入库的历史生产: 12 条记录
✅ Processed 12 M4 production receipts for 2026-01-20
1️⃣ 运行 Module1 - 订单生成
[M1] 周度→日度拆分完成，生成天数: 681912，耗时: 0.061s
[M1] 周度→日度拆分完成，生成天数: 681912，耗时: 0.064s
[M1] 平均需求计算完成，ML数: 2376，耗时: 0.162s
[M1] 订单生成完成 (AO耗时: 0.030s, Normal耗时: 0.027s, 总耗时: 0.219s)，订单数: 4634
[M1] AO消耗完成(向量化)，耗时: 0.050s
[M1] Normal消耗完成(向量化)，耗时: 0.026s
[M1] 当日订单生成完成，订单数: 4634，耗时: 9.587s
[M1] 历史订单读取完成，文件数: 13，合并条目: 229971
[M1] 历史订单合并前过滤完成，耗时: 9.388s
[M1] 发货与缺货计算完成，shipment: 2100，cut: 2100，耗时: 0.031s
[M1] 供需日志生成完成，条目: 213840，耗时: 2.672s
🚚立即处理M1 shipment，扣减库存...
✅ Processed 2100 M1 shipments for 2026-01-20
✅ 已扣减 2100 个shipment的库存
✅ Module1 完成 - 生成 17689 个订单, 2100 个发货
2️⃣ 运行 Module4 - 生产计划
🔄加载前一天产线状态: ['TPOCPACK', 'TPODPACK', 'TPOEPACK', 'TPOFPACK', 'TPOGPACK']
🔄加载之前已分配产能: 165 个产能分配
[M4-Pandas] Production simulation 8 records: 0.9ms
💾保存当天产线状态: ['TPOCPACK', 'TPODPACK', 'TPOEPACK', 'TPOGPACK']
💾保存当天分配产能: 5 个产能分配 (小时单位)
Module4 daily output generated: C:\Users\admin\AppData\Local\Temp\tmp28izcmm6\output\module4\Module4Output_20260120.xlsx
🗂️ 持久化未来生产计划（不触发当日GR）...
✅已写入未来计划回补: 8 条
✅ Module4 完成 - 生成生产计划: 8 条记录
3️⃣ 运行 Module5 - 部署计划
[M5] load_integrated_config 用时: 0.500s
✅缓存已初始化: PTF/LSK=435 | LeadTime=46 | Network=4397
✅索引已构建: SDL=2376 | SS=2376 | Order=2100 | DeployCfg=1230
[M5] Demand collection only 用时: 12.849s
[M5] Demand collection+allocation 总用时: 20.163s
[M5] push_softpush_allocation 用时: 3.642s，生成行数: 44
[M5] Full day total 用时: 32.458s
    🎯 有效部署计划: 1315/44495 条

    📦 立即处理M5 deployment，更新open deployment...
✅ Added 1315 M5 deployment plans to open deployment for 2026-01-20
    ✅ 已更新 1315 条部署计划到open deployment

  ✅ Module5 完成 - 生成 1315 条有效部署计划
4️⃣ 运行 Module6 - 物流执行
[M6] OpenDeployment rows=2726 planned<=sim_date=2726 min=2025-12-15 00:00:00 max=2026-01-20 00:00:00
[M6-Pandas] Batch delay sampling 82 routes: 37.5ms
[M6-Pandas] Batch delay sampling 298 routes: 138.6ms
[M6-Pandas] Batch delay sampling 144 routes: 65.9ms
[M6-Pandas] Batch delay sampling 70 routes: 32.2ms
[M6-Pandas] Batch delay sampling 86 routes: 39.3ms
[M6-Pandas] Batch delay sampling 125 routes: 57.1ms
[M6-Pandas] Batch delay sampling 123 routes: 55.5ms
[M6-Pandas] Batch delay sampling 125 routes: 61.2ms
[M6-Pandas] Batch delay sampling 80 routes: 37.2ms
[M6-Pandas] Batch delay sampling 58 routes: 29.0ms
[M6-Pandas] Batch delay sampling 59 routes: 26.2ms
[M6-Pandas] Batch delay sampling 70 routes: 32.4ms
[M6-Pandas] Batch delay sampling 56 routes: 25.7ms
[M6->Orch] incoming rows: 1377; date=2026-01-20
✅ Processed 1377 M6 delivery plans for 2026-01-20
    ✅ 已处理 1377 条delivery计划

  ✅ Module6 完成 - 生成 1377 条交付计划
5️⃣ 运行 Module3 - 净需求计算
🔄 Module3 运行于集成模式
[M3] load_module1 total: 7.294s
[M3] assign_location_layers total: 0.124s, locations=4746
[M3-DuckDB] 批量计算 130 节点净需求: 191.0ms, input=130, output=130
[M3] batch layer 3: 130 nodes in 0.424s
[M3-DuckDB] 批量计算 2001 节点净需求: 240.7ms, input=2001, output=2001
[M3] batch layer 2: 2001 nodes in 3.941s
[M3-DuckDB] 批量计算 2266 节点净需求: 247.5ms, input=2266, output=2266
[M3] batch layer 1: 2266 nodes in 4.050s
[M3-DuckDB] 批量计算 349 节点净需求: 208.3ms, input=349, output=349
[M3] batch layer 0: 349 nodes in 0.563s
[M3] mrp_simulation: 9.553s, records=1111
✅ Module3 集成模式完成
[M3] total: 17.362s, days=1, records=1111
  ✅ Module3 完成
💾 每日结束状态保存
💾已保存 2026-01-20 期末库存: 2538 项
期初库存条目: 2533
生产入库条目: 12
交付入库条目: 1542
发货出库条目: 2100
发运出库条目(M6): 1377，数量合计: 23853
期末库存条目: 2538
  📊 从内存获取发运出库 [2026-01-20]: 125 项
📊 当日统计: {'date': '2026-01-20', 'total_inventory_items': 2538, 'total_inventory_quantity': 373775, 'open_deployment_count': 1350, 'in_transit_count': 6790, 'production_gr_count': 12, 'delivery_gr_count': 1542, 'shipment_count': 2100}
✅ 第 37 天处理完成
==================== 第 38/76 天: 2026-01-21 ====================
🌅 每日开始状态更新
💾保存期初库存快照...
💾已保存 2026-01-21 期初库存: 2538 项
📦处理当日delivery GR到达...
✅ Processed 1511 delivery arrivals for 2026-01-21
🏭处理历史生产当日入库...
📦当日需要入库的历史生产: 12 条记录
✅ Processed 12 M4 production receipts for 2026-01-21
1️⃣ 运行 Module1 - 订单生成
[M1] 周度→日度拆分完成，生成天数: 681912，耗时: 0.075s
[M1] 周度→日度拆分完成，生成天数: 681912，耗时: 0.060s
[M1] 平均需求计算完成，ML数: 2376，耗时: 0.157s
[M1] 订单生成完成 (AO耗时: 0.028s, Normal耗时: 0.027s, 总耗时: 0.211s)，订单数: 4634
[M1] AO消耗完成(向量化)，耗时: 0.051s
[M1] Normal消耗完成(向量化)，耗时: 0.026s
[M1] 当日订单生成完成，订单数: 4634，耗时: 9.549s
[M1] 历史订单读取完成，文件数: 13，合并条目: 229971
[M1] 历史订单合并前过滤完成，耗时: 9.459s
[M1] 发货与缺货计算完成，shipment: 2100，cut: 2100，耗时: 0.036s
[M1] 供需日志生成完成，条目: 213840，耗时: 2.840s
🚚立即处理M1 shipment，扣减库存...
✅ Processed 2100 M1 shipments for 2026-01-21
✅ 已扣减 2100 个shipment的库存
✅ Module1 完成 - 生成 17689 个订单, 2100 个发货
2️⃣ 运行 Module4 - 生产计划
🔄加载前一天产线状态: ['TPOCPACK', 'TPODPACK', 'TPOEPACK', 'TPOGPACK']
🔄加载之前已分配产能: 170 个产能分配
[M4-Pandas] Production simulation 6 records: 0.9ms
💾保存当天产线状态: ['TPOCPACK', 'TPODPACK', 'TPOGPACK']
💾保存当天分配产能: 3 个产能分配 (小时单位)
Module4 daily output generated: C:\Users\admin\AppData\Local\Temp\tmp28izcmm6\output\module4\Module4Output_20260121.xlsx
🗂️ 持久化未来生产计划（不触发当日GR）...
✅已写入未来计划回补: 6 条
✅ Module4 完成 - 生成生产计划: 6 条记录
3️⃣ 运行 Module5 - 部署计划
[M5] load_integrated_config 用时: 0.487s
✅缓存已初始化: PTF/LSK=435 | LeadTime=46 | Network=4397
✅索引已构建: SDL=2376 | SS=2376 | Order=2100 | DeployCfg=1230
[M5] Demand collection only 用时: 11.633s
[M5] Demand collection+allocation 总用时: 18.898s
[M5] push_softpush_allocation 用时: 3.850s，生成行数: 65
[M5] Full day total 用时: 31.900s
    🎯 有效部署计划: 903/44052 条

    📦 立即处理M5 deployment，更新open deployment...
✅ Added 903 M5 deployment plans to open deployment for 2026-01-21
    ✅ 已更新 903 条部署计划到open deployment

  ✅ Module5 完成 - 生成 903 条有效部署计划
4️⃣ 运行 Module6 - 物流执行
[M6] OpenDeployment rows=2253 planned<=sim_date=2253 min=2025-12-15 00:00:00 max=2026-01-21 00:00:00
[M6-Pandas] Batch delay sampling 73 routes: 34.1ms
[M6-Pandas] Batch delay sampling 118 routes: 53.9ms
[M6-Pandas] Batch delay sampling 74 routes: 33.5ms
[M6-Pandas] Batch delay sampling 219 routes: 100.0ms
[M6-Pandas] Batch delay sampling 164 routes: 75.3ms
[M6-Pandas] Batch delay sampling 59 routes: 31.6ms
[M6-Pandas] Batch delay sampling 24 routes: 11.1ms
[M6-Pandas] Batch delay sampling 57 routes: 25.6ms
[M6-Pandas] Batch delay sampling 23 routes: 10.0ms
[M6-Pandas] Batch delay sampling 36 routes: 16.5ms
[M6-Pandas] Batch delay sampling 47 routes: 21.9ms
[M6-Pandas] Batch delay sampling 26 routes: 12.3ms
[M6->Orch] incoming rows: 927; date=2026-01-21
✅ Processed 927 M6 delivery plans for 2026-01-21
    ✅ 已处理 927 条delivery计划

  ✅ Module6 完成 - 生成 927 条交付计划
5️⃣ 运行 Module3 - 净需求计算
🔄 Module3 运行于集成模式
[M3] load_module1 total: 7.322s
[M3] assign_location_layers total: 0.126s, locations=4746
[M3-DuckDB] 批量计算 130 节点净需求: 197.7ms, input=130, output=130
[M3] batch layer 3: 130 nodes in 0.431s
[M3-DuckDB] 批量计算 2001 节点净需求: 247.7ms, input=2001, output=2001
[M3] batch layer 2: 2001 nodes in 3.994s
[M3-DuckDB] 批量计算 2266 节点净需求: 246.2ms, input=2266, output=2266
[M3] batch layer 1: 2266 nodes in 4.117s
[M3-DuckDB] 批量计算 349 节点净需求: 198.3ms, input=349, output=349
[M3] batch layer 0: 349 nodes in 0.556s
[M3] mrp_simulation: 9.710s, records=1122
✅ Module3 集成模式完成
[M3] total: 17.518s, days=1, records=1122
  ✅ Module3 完成
💾 每日结束状态保存
💾已保存 2026-01-21 期末库存: 2538 项
期初库存条目: 2538
生产入库条目: 12
交付入库条目: 1511
发货出库条目: 2100
发运出库条目(M6): 927，数量合计: 16235
期末库存条目: 2538
  📊 从内存获取发运出库 [2026-01-21]: 172 项
📊 当日统计: {'date': '2026-01-21', 'total_inventory_items': 2538, 'total_inventory_quantity': 379545, 'open_deployment_count': 1327, 'in_transit_count': 6206, 'production_gr_count': 12, 'delivery_gr_count': 1511, 'shipment_count': 2100}
✅ 第 38 天处理完成
==================== 第 39/76 天: 2026-01-22 ====================
🌅 每日开始状态更新
💾保存期初库存快照...
💾已保存 2026-01-22 期初库存: 2538 项
📦处理当日delivery GR到达...
✅ Processed 1173 delivery arrivals for 2026-01-22
🏭处理历史生产当日入库...
📦当日需要入库的历史生产: 16 条记录
✅ Processed 16 M4 production receipts for 2026-01-22
1️⃣ 运行 Module1 - 订单生成
[M1] 周度→日度拆分完成，生成天数: 681912，耗时: 0.061s
[M1] 周度→日度拆分完成，生成天数: 681912，耗时: 0.059s
[M1] 平均需求计算完成，ML数: 2376，耗时: 0.167s
[M1] 订单生成完成 (AO耗时: 0.028s, Normal耗时: 0.028s, 总耗时: 0.223s)，订单数: 4634
[M1] AO消耗完成(向量化)，耗时: 0.053s
[M1] Normal消耗完成(向量化)，耗时: 0.028s
[M1] 当日订单生成完成，订单数: 4634，耗时: 9.775s
[M1] 历史订单读取完成，文件数: 13，合并条目: 229971
[M1] 历史订单合并前过滤完成，耗时: 9.485s
[M1] 发货与缺货计算完成，shipment: 2100，cut: 2100，耗时: 0.036s
[M1] 供需日志生成完成，条目: 213840，耗时: 2.802s
🚚立即处理M1 shipment，扣减库存...
✅ Processed 2100 M1 shipments for 2026-01-22
✅ 已扣减 2100 个shipment的库存
✅ Module1 完成 - 生成 17689 个订单, 2100 个发货
2️⃣ 运行 Module4 - 生产计划
🔄加载前一天产线状态: ['TPOCPACK', 'TPODPACK', 'TPOGPACK']
🔄加载之前已分配产能: 172 个产能分配
[M4-Pandas] Production simulation 9 records: 1.1ms
💾保存当天产线状态: ['TPOCPACK', 'TPODPACK', 'TPOGPACK']
💾保存当天分配产能: 3 个产能分配 (小时单位)
Module4 daily output generated: C:\Users\admin\AppData\Local\Temp\tmp28izcmm6\output\module4\Module4Output_20260122.xlsx
🗂️ 持久化未来生产计划（不触发当日GR）...
✅已写入未来计划回补: 9 条
✅ Module4 完成 - 生成生产计划: 9 条记录
3️⃣ 运行 Module5 - 部署计划
[M5] load_integrated_config 用时: 0.491s
✅缓存已初始化: PTF/LSK=435 | LeadTime=46 | Network=4397
✅索引已构建: SDL=2376 | SS=2376 | Order=2100 | DeployCfg=1230
[M5] Demand collection only 用时: 11.732s
[M5] Demand collection+allocation 总用时: 19.141s
[M5] push_softpush_allocation 用时: 4.298s，生成行数: 73
[M5] Full day total 用时: 32.355s
    🎯 有效部署计划: 1030/43990 条

    📦 立即处理M5 deployment，更新open deployment...
✅ Added 1030 M5 deployment plans to open deployment for 2026-01-22
    ✅ 已更新 1030 条部署计划到open deployment

  ✅ Module5 完成 - 生成 1030 条有效部署计划
4️⃣ 运行 Module6 - 物流执行
[M6] OpenDeployment rows=2357 planned<=sim_date=2357 min=2025-12-15 00:00:00 max=2026-01-22 00:00:00
[M6-Pandas] Batch delay sampling 63 routes: 28.9ms
[M6-Pandas] Batch delay sampling 121 routes: 57.0ms
[M6-Pandas] Batch delay sampling 210 routes: 108.6ms
[M6-Pandas] Batch delay sampling 169 routes: 81.0ms
[M6-Pandas] Batch delay sampling 99 routes: 48.9ms
[M6-Pandas] Batch delay sampling 75 routes: 32.6ms
[M6-Pandas] Batch delay sampling 43 routes: 19.4ms
[M6-Pandas] Batch delay sampling 68 routes: 32.8ms
[M6-Pandas] Batch delay sampling 40 routes: 18.1ms
[M6-Pandas] Batch delay sampling 65 routes: 30.4ms
[M6-Pandas] Batch delay sampling 28 routes: 12.6ms
[M6-Pandas] Batch delay sampling 76 routes: 33.4ms
[M6->Orch] incoming rows: 1060; date=2026-01-22
✅ Processed 1060 M6 delivery plans for 2026-01-22
    ✅ 已处理 1060 条delivery计划

  ✅ Module6 完成 - 生成 1060 条交付计划
5️⃣ 运行 Module3 - 净需求计算
🔄 Module3 运行于集成模式
[M3] load_module1 total: 7.229s
[M3] assign_location_layers total: 0.139s, locations=4746
[M3-DuckDB] 批量计算 130 节点净需求: 195.8ms, input=130, output=130
[M3] batch layer 3: 130 nodes in 0.429s
[M3-DuckDB] 批量计算 2001 节点净需求: 250.8ms, input=2001, output=2001
[M3] batch layer 2: 2001 nodes in 4.060s
[M3-DuckDB] 批量计算 2266 节点净需求: 267.8ms, input=2266, output=2266
[M3] batch layer 1: 2266 nodes in 4.130s
[M3-DuckDB] 批量计算 349 节点净需求: 207.3ms, input=349, output=349
[M3] batch layer 0: 349 nodes in 0.567s
[M3] mrp_simulation: 9.897s, records=1088
✅ Module3 集成模式完成
[M3] total: 17.600s, days=1, records=1088
  ✅ Module3 完成
💾 每日结束状态保存
💾已保存 2026-01-22 期末库存: 2539 项
期初库存条目: 2538
生产入库条目: 16
交付入库条目: 1173
发货出库条目: 2100
发运出库条目(M6): 1060，数量合计: 24526
期末库存条目: 2539
  📊 从内存获取发运出库 [2026-01-22]: 127 项
📊 当日统计: {'date': '2026-01-22', 'total_inventory_items': 2539, 'total_inventory_quantity': 378268, 'open_deployment_count': 1298, 'in_transit_count': 6093, 'production_gr_count': 16, 'delivery_gr_count': 1173, 'shipment_count': 2100}
✅ 第 39 天处理完成
==================== 第 40/76 天: 2026-01-23 ====================
🌅 每日开始状态更新
💾保存期初库存快照...
💾已保存 2026-01-23 期初库存: 2539 项
📦处理当日delivery GR到达...
✅ Processed 921 delivery arrivals for 2026-01-23
🏭处理历史生产当日入库...
📦当日需要入库的历史生产: 6 条记录
✅ Processed 6 M4 production receipts for 2026-01-23
1️⃣ 运行 Module1 - 订单生成
[M1] 周度→日度拆分完成，生成天数: 681912，耗时: 0.061s
[M1] 周度→日度拆分完成，生成天数: 681912，耗时: 0.058s
[M1] 平均需求计算完成，ML数: 2376，耗时: 0.164s
[M1] 订单生成完成 (AO耗时: 0.029s, Normal耗时: 0.026s, 总耗时: 0.219s)，订单数: 4634
[M1] AO消耗完成(向量化)，耗时: 0.053s
[M1] Normal消耗完成(向量化)，耗时: 0.029s
[M1] 当日订单生成完成，订单数: 4634，耗时: 10.002s
[M1] 历史订单读取完成，文件数: 13，合并条目: 229971
[M1] 历史订单合并前过滤完成，耗时: 9.564s
[M1] 发货与缺货计算完成，shipment: 2100，cut: 2100，耗时: 0.031s
[M1] 供需日志生成完成，条目: 213840，耗时: 2.807s
🚚立即处理M1 shipment，扣减库存...
✅ Processed 2100 M1 shipments for 2026-01-23
✅ 已扣减 2100 个shipment的库存
✅ Module1 完成 - 生成 17689 个订单, 2100 个发货
2️⃣ 运行 Module4 - 生产计划
🔄加载前一天产线状态: ['TPOCPACK', 'TPODPACK', 'TPOGPACK']
🔄加载之前已分配产能: 175 个产能分配
[M4-Pandas] Production simulation 9 records: 0.9ms
💾保存当天产线状态: ['TPOCPACK', 'TPODPACK', 'TPOFPACK', 'TPOGPACK']
💾保存当天分配产能: 4 个产能分配 (小时单位)
Module4 daily output generated: C:\Users\admin\AppData\Local\Temp\tmp28izcmm6\output\module4\Module4Output_20260123.xlsx
🗂️ 持久化未来生产计划（不触发当日GR）...
✅已写入未来计划回补: 9 条
✅ Module4 完成 - 生成生产计划: 9 条记录
3️⃣ 运行 Module5 - 部署计划
[M5] load_integrated_config 用时: 0.490s
✅缓存已初始化: PTF/LSK=435 | LeadTime=46 | Network=4397
✅索引已构建: SDL=2376 | SS=2376 | Order=2100 | DeployCfg=1230
[M5] Demand collection only 用时: 11.874s
[M5] Demand collection+allocation 总用时: 19.109s
[M5] push_softpush_allocation 用时: 3.391s，生成行数: 33
[M5] Full day total 用时: 31.676s
    🎯 有效部署计划: 978/44183 条

    📦 立即处理M5 deployment，更新open deployment...
✅ Added 978 M5 deployment plans to open deployment for 2026-01-23
    ✅ 已更新 978 条部署计划到open deployment

  ✅ Module5 完成 - 生成 978 条有效部署计划
4️⃣ 运行 Module6 - 物流执行
[M6] OpenDeployment rows=2276 planned<=sim_date=2276 min=2025-12-15 00:00:00 max=2026-01-23 00:00:00
[M6-Pandas] Batch delay sampling 179 routes: 81.4ms
[M6-Pandas] Batch delay sampling 52 routes: 24.1ms
[M6-Pandas] Batch delay sampling 122 routes: 55.1ms
[M6-Pandas] Batch delay sampling 48 routes: 23.0ms
[M6-Pandas] Batch delay sampling 37 routes: 16.8ms
[M6-Pandas] Batch delay sampling 39 routes: 17.9ms
[M6-Pandas] Batch delay sampling 29 routes: 13.1ms
[M6-Pandas] Batch delay sampling 58 routes: 27.0ms
[M6-Pandas] Batch delay sampling 15 routes: 7.8ms
[M6->Orch] incoming rows: 579; date=2026-01-23
✅ Processed 579 M6 delivery plans for 2026-01-23
    ✅ 已处理 579 条delivery计划

  ✅ Module6 完成 - 生成 579 条交付计划
5️⃣ 运行 Module3 - 净需求计算
🔄 Module3 运行于集成模式
[M3] load_module1 total: 7.217s
[M3] assign_location_layers total: 0.124s, locations=4746
[M3-DuckDB] 批量计算 130 节点净需求: 200.0ms, input=130, output=130
[M3] batch layer 3: 130 nodes in 0.440s
[M3-DuckDB] 批量计算 2001 节点净需求: 243.8ms, input=2001, output=2001
[M3] batch layer 2: 2001 nodes in 4.057s
[M3-DuckDB] 批量计算 2266 节点净需求: 249.8ms, input=2266, output=2266
[M3] batch layer 1: 2266 nodes in 4.056s
[M3-DuckDB] 批量计算 349 节点净需求: 219.9ms, input=349, output=349
[M3] batch layer 0: 349 nodes in 0.587s
[M3] mrp_simulation: 9.845s, records=1184
✅ Module3 集成模式完成
[M3] total: 17.630s, days=1, records=1184
  ✅ Module3 完成
💾 每日结束状态保存
💾已保存 2026-01-23 期末库存: 2540 项
期初库存条目: 2539
生产入库条目: 6
交付入库条目: 921
发货出库条目: 2100
发运出库条目(M6): 579，数量合计: 13675
期末库存条目: 2540
  📊 从内存获取发运出库 [2026-01-23]: 75 项
📊 当日统计: {'date': '2026-01-23', 'total_inventory_items': 2540, 'total_inventory_quantity': 377564, 'open_deployment_count': 1697, 'in_transit_count': 5751, 'production_gr_count': 6, 'delivery_gr_count': 921, 'shipment_count': 2100}
✅ 第 40 天处理完成
==================== 第 41/76 天: 2026-01-24 ====================
🌅 每日开始状态更新
💾保存期初库存快照...
💾已保存 2026-01-24 期初库存: 2540 项
📦处理当日delivery GR到达...
✅ Processed 1380 delivery arrivals for 2026-01-24
🏭处理历史生产当日入库...
📦当日需要入库的历史生产: 14 条记录
✅ Processed 14 M4 production receipts for 2026-01-24
1️⃣ 运行 Module1 - 订单生成
[M1] 周度→日度拆分完成，生成天数: 681912，耗时: 0.065s
[M1] 周度→日度拆分完成，生成天数: 681912，耗时: 0.063s
[M1] 平均需求计算完成，ML数: 2376，耗时: 0.162s
[M1] 订单生成完成 (AO耗时: 0.030s, Normal耗时: 0.026s, 总耗时: 0.218s)，订单数: 4634
[M1] AO消耗完成(向量化)，耗时: 0.049s
[M1] Normal消耗完成(向量化)，耗时: 0.027s
[M1] 当日订单生成完成，订单数: 4634，耗时: 9.658s
[M1] 历史订单读取完成，文件数: 13，合并条目: 229971
[M1] 历史订单合并前过滤完成，耗时: 9.373s
[M1] 发货与缺货计算完成，shipment: 2100，cut: 2100，耗时: 0.031s
[M1] 供需日志生成完成，条目: 213840，耗时: 2.809s
🚚立即处理M1 shipment，扣减库存...
✅ Processed 2100 M1 shipments for 2026-01-24
✅ 已扣减 2100 个shipment的库存
✅ Module1 完成 - 生成 17689 个订单, 2100 个发货
2️⃣ 运行 Module4 - 生产计划
🔄加载前一天产线状态: ['TPOCPACK', 'TPODPACK', 'TPOFPACK', 'TPOGPACK']
🔄加载之前已分配产能: 179 个产能分配
[M4-Pandas] Production simulation 12 records: 0.9ms
💾保存当天产线状态: ['TPOCPACK', 'TPODPACK', 'TPOEPACK', 'TPOFPACK', 'TPOGPACK']
💾保存当天分配产能: 5 个产能分配 (小时单位)
Module4 daily output generated: C:\Users\admin\AppData\Local\Temp\tmp28izcmm6\output\module4\Module4Output_20260124.xlsx
🗂️ 持久化未来生产计划（不触发当日GR）...
✅已写入未来计划回补: 12 条
✅ Module4 完成 - 生成生产计划: 12 条记录
3️⃣ 运行 Module5 - 部署计划
[M5] load_integrated_config 用时: 0.543s
✅缓存已初始化: PTF/LSK=435 | LeadTime=46 | Network=4397
✅索引已构建: SDL=2376 | SS=2376 | Order=2100 | DeployCfg=1230
[M5] Demand collection only 用时: 11.884s
[M5] Demand collection+allocation 总用时: 19.277s
[M5] push_softpush_allocation 用时: 4.014s，生成行数: 63
[M5] Full day total 用时: 32.456s
    🎯 有效部署计划: 1333/44240 条

    📦 立即处理M5 deployment，更新open deployment...
✅ Added 1333 M5 deployment plans to open deployment for 2026-01-24
    ✅ 已更新 1333 条部署计划到open deployment

  ✅ Module5 完成 - 生成 1333 条有效部署计划
4️⃣ 运行 Module6 - 物流执行
[M6] OpenDeployment rows=3030 planned<=sim_date=3030 min=2025-12-15 00:00:00 max=2026-01-24 00:00:00
[M6-Pandas] Batch delay sampling 114 routes: 51.1ms
[M6-Pandas] Batch delay sampling 115 routes: 53.2ms
[M6-Pandas] Batch delay sampling 168 routes: 75.1ms
[M6-Pandas] Batch delay sampling 84 routes: 40.5ms
[M6-Pandas] Batch delay sampling 36 routes: 18.6ms
[M6-Pandas] Batch delay sampling 71 routes: 33.3ms
[M6-Pandas] Batch delay sampling 160 routes: 75.8ms
[M6-Pandas] Batch delay sampling 55 routes: 24.7ms
[M6-Pandas] Batch delay sampling 93 routes: 41.3ms
[M6-Pandas] Batch delay sampling 98 routes: 46.4ms
[M6-Pandas] Batch delay sampling 36 routes: 16.5ms
[M6-Pandas] Batch delay sampling 54 routes: 25.3ms
[M6->Orch] incoming rows: 1084; date=2026-01-24
✅ Processed 1084 M6 delivery plans for 2026-01-24
    ✅ 已处理 1084 条delivery计划

  ✅ Module6 完成 - 生成 1084 条交付计划
5️⃣ 运行 Module3 - 净需求计算
🔄 Module3 运行于集成模式
[M3] load_module1 total: 7.237s
[M3] assign_location_layers total: 0.127s, locations=4746
[M3-DuckDB] 批量计算 130 节点净需求: 194.2ms, input=130, output=130
[M3] batch layer 3: 130 nodes in 0.433s
[M3-DuckDB] 批量计算 2001 节点净需求: 248.4ms, input=2001, output=2001
[M3] batch layer 2: 2001 nodes in 4.057s
[M3-DuckDB] 批量计算 2266 节点净需求: 256.3ms, input=2266, output=2266
[M3] batch layer 1: 2266 nodes in 4.056s
[M3-DuckDB] 批量计算 349 节点净需求: 206.8ms, input=349, output=349
[M3] batch layer 0: 349 nodes in 0.572s
[M3] mrp_simulation: 9.830s, records=1188
✅ Module3 集成模式完成
[M3] total: 17.693s, days=1, records=1188
  ✅ Module3 完成
💾 每日结束状态保存
💾已保存 2026-01-24 期末库存: 2542 项
期初库存条目: 2540
生产入库条目: 14
交付入库条目: 1380
发货出库条目: 2100
发运出库条目(M6): 1084，数量合计: 22464
期末库存条目: 2542
  📊 从内存获取发运出库 [2026-01-24]: 135 项
📊 当日统计: {'date': '2026-01-24', 'total_inventory_items': 2542, 'total_inventory_quantity': 384656, 'open_deployment_count': 1946, 'in_transit_count': 5455, 'production_gr_count': 14, 'delivery_gr_count': 1380, 'shipment_count': 2100}
✅ 第 41 天处理完成
==================== 第 42/76 天: 2026-01-25 ====================
🌅 每日开始状态更新
💾保存期初库存快照...
💾已保存 2026-01-25 期初库存: 2542 项
📦处理当日delivery GR到达...
✅ Processed 1387 delivery arrivals for 2026-01-25
🏭处理历史生产当日入库...
📦当日需要入库的历史生产: 14 条记录
✅ Processed 14 M4 production receipts for 2026-01-25
1️⃣ 运行 Module1 - 订单生成
[M1] 周度→日度拆分完成，生成天数: 681912，耗时: 0.058s
[M1] 周度→日度拆分完成，生成天数: 681912，耗时: 0.055s
[M1] 平均需求计算完成，ML数: 2376，耗时: 0.161s
[M1] 订单生成完成 (AO耗时: 0.028s, Normal耗时: 0.031s, 总耗时: 0.220s)，订单数: 4634
[M1] AO消耗完成(向量化)，耗时: 0.050s
[M1] Normal消耗完成(向量化)，耗时: 0.028s
[M1] 当日订单生成完成，订单数: 4634，耗时: 9.635s
[M1] 历史订单读取完成，文件数: 13，合并条目: 229971
[M1] 历史订单合并前过滤完成，耗时: 9.434s
[M1] 发货与缺货计算完成，shipment: 2100，cut: 2100，耗时: 0.031s
[M1] 供需日志生成完成，条目: 213840，耗时: 2.821s
🚚立即处理M1 shipment，扣减库存...
✅ Processed 2100 M1 shipments for 2026-01-25
✅ 已扣减 2100 个shipment的库存
✅ Module1 完成 - 生成 17689 个订单, 2100 个发货
2️⃣ 运行 Module4 - 生产计划
🔄加载前一天产线状态: ['TPOCPACK', 'TPODPACK', 'TPOEPACK', 'TPOFPACK', 'TPOGPACK']
🔄加载之前已分配产能: 184 个产能分配
[M4-Pandas] Production simulation 8 records: 0.9ms
💾保存当天产线状态: ['TPOCPACK', 'TPODPACK', 'TPOFPACK', 'TPOGPACK']
💾保存当天分配产能: 4 个产能分配 (小时单位)
Module4 daily output generated: C:\Users\admin\AppData\Local\Temp\tmp28izcmm6\output\module4\Module4Output_20260125.xlsx
🗂️ 持久化未来生产计划（不触发当日GR）...
✅已写入未来计划回补: 8 条
✅ Module4 完成 - 生成生产计划: 8 条记录
3️⃣ 运行 Module5 - 部署计划
[M5] load_integrated_config 用时: 0.566s
✅缓存已初始化: PTF/LSK=435 | LeadTime=46 | Network=4397
✅索引已构建: SDL=2376 | SS=2376 | Order=2100 | DeployCfg=1230
[M5] Demand collection only 用时: 11.636s
[M5] Demand collection+allocation 总用时: 18.986s
[M5] push_softpush_allocation 用时: 3.929s，生成行数: 67
[M5] Full day total 用时: 32.292s
    🎯 有效部署计划: 1250/44044 条

    📦 立即处理M5 deployment，更新open deployment...
✅ Added 1250 M5 deployment plans to open deployment for 2026-01-25
    ✅ 已更新 1250 条部署计划到open deployment

  ✅ Module5 完成 - 生成 1250 条有效部署计划
4️⃣ 运行 Module6 - 物流执行
[M6] OpenDeployment rows=3196 planned<=sim_date=3196 min=2025-12-15 00:00:00 max=2026-01-25 00:00:00
[M6-Pandas] Batch delay sampling 75 routes: 35.5ms
[M6-Pandas] Batch delay sampling 173 routes: 78.9ms
[M6-Pandas] Batch delay sampling 188 routes: 88.0ms
[M6-Pandas] Batch delay sampling 304 routes: 141.3ms
[M6-Pandas] Batch delay sampling 261 routes: 118.4ms
[M6-Pandas] Batch delay sampling 203 routes: 98.9ms
[M6-Pandas] Batch delay sampling 95 routes: 43.1ms
[M6-Pandas] Batch delay sampling 97 routes: 45.5ms
[M6-Pandas] Batch delay sampling 95 routes: 46.5ms
[M6-Pandas] Batch delay sampling 69 routes: 32.1ms
[M6-Pandas] Batch delay sampling 48 routes: 24.3ms
[M6-Pandas] Batch delay sampling 98 routes: 49.5ms
[M6-Pandas] Batch delay sampling 187 routes: 88.7ms
[M6-Pandas] Batch delay sampling 21 routes: 10.3ms
[M6-Pandas] Batch delay sampling 37 routes: 16.8ms
[M6->Orch] incoming rows: 1959; date=2026-01-25
✅ Processed 1959 M6 delivery plans for 2026-01-25
    ✅ 已处理 1959 条delivery计划

  ✅ Module6 完成 - 生成 1959 条交付计划
5️⃣ 运行 Module3 - 净需求计算
🔄 Module3 运行于集成模式
[M3] load_module1 total: 7.504s
[M3] assign_location_layers total: 0.125s, locations=4746
[M3-DuckDB] 批量计算 130 节点净需求: 192.2ms, input=130, output=130
[M3] batch layer 3: 130 nodes in 0.426s
[M3-DuckDB] 批量计算 2001 节点净需求: 241.9ms, input=2001, output=2001
[M3] batch layer 2: 2001 nodes in 4.072s
[M3-DuckDB] 批量计算 2266 节点净需求: 247.8ms, input=2266, output=2266
[M3] batch layer 1: 2266 nodes in 4.033s
[M3-DuckDB] 批量计算 349 节点净需求: 199.9ms, input=349, output=349
[M3] batch layer 0: 349 nodes in 0.570s
[M3] mrp_simulation: 9.712s, records=1113
✅ Module3 集成模式完成
[M3] total: 17.691s, days=1, records=1113
  ✅ Module3 完成
💾 每日结束状态保存
💾已保存 2026-01-25 期末库存: 2545 项
期初库存条目: 2542
生产入库条目: 14
交付入库条目: 1387
发货出库条目: 2100
发运出库条目(M6): 1959，数量合计: 26634
期末库存条目: 2545
  📊 从内存获取发运出库 [2026-01-25]: 230 项
📊 当日统计: {'date': '2026-01-25', 'total_inventory_items': 2545, 'total_inventory_quantity': 386299, 'open_deployment_count': 1238, 'in_transit_count': 6027, 'production_gr_count': 14, 'delivery_gr_count': 1387, 'shipment_count': 2100}
✅ 第 42 天处理完成
==================== 第 43/76 天: 2026-01-26 ====================
🌅 每日开始状态更新
💾保存期初库存快照...
💾已保存 2026-01-26 期初库存: 2545 项
📦处理当日delivery GR到达...
✅ Processed 1019 delivery arrivals for 2026-01-26
🏭处理历史生产当日入库...
📦当日需要入库的历史生产: 11 条记录
✅ Processed 11 M4 production receipts for 2026-01-26
1️⃣ 运行 Module1 - 订单生成
[M1] 周度→日度拆分完成，生成天数: 681912，耗时: 0.057s
[M1] 周度→日度拆分完成，生成天数: 681912，耗时: 0.057s
[M1] 平均需求计算完成，ML数: 2376，耗时: 0.156s
[M1] 订单生成完成 (AO耗时: 0.029s, Normal耗时: 0.026s, 总耗时: 0.211s)，订单数: 4634
[M1] AO消耗完成(向量化)，耗时: 0.058s
[M1] Normal消耗完成(向量化)，耗时: 0.027s
[M1] 当日订单生成完成，订单数: 4634，耗时: 9.734s
[M1] 历史订单读取完成，文件数: 13，合并条目: 229971
[M1] 历史订单合并前过滤完成，耗时: 9.428s
[M1] 发货与缺货计算完成，shipment: 2100，cut: 2100，耗时: 0.031s
[M1] 供需日志生成完成，条目: 213840，耗时: 2.835s
🚚立即处理M1 shipment，扣减库存...
✅ Processed 2100 M1 shipments for 2026-01-26
✅ 已扣减 2100 个shipment的库存
✅ Module1 完成 - 生成 17689 个订单, 2100 个发货
2️⃣ 运行 Module4 - 生产计划
🔄加载前一天产线状态: ['TPOCPACK', 'TPODPACK', 'TPOFPACK', 'TPOGPACK']
🔄加载之前已分配产能: 188 个产能分配
[M4-Pandas] Production simulation 11 records: 0.9ms
💾保存当天产线状态: ['TPOCPACK', 'TPODPACK', 'TPOEPACK', 'TPOFPACK', 'TPOGPACK']
💾保存当天分配产能: 5 个产能分配 (小时单位)
Module4 daily output generated: C:\Users\admin\AppData\Local\Temp\tmp28izcmm6\output\module4\Module4Output_20260126.xlsx
🗂️ 持久化未来生产计划（不触发当日GR）...
✅已写入未来计划回补: 11 条
✅ Module4 完成 - 生成生产计划: 11 条记录
3️⃣ 运行 Module5 - 部署计划
[M5] load_integrated_config 用时: 0.481s
✅缓存已初始化: PTF/LSK=435 | LeadTime=46 | Network=4397
✅索引已构建: SDL=2376 | SS=2376 | Order=2100 | DeployCfg=1230
[M5] Demand collection only 用时: 11.348s
[M5] Demand collection+allocation 总用时: 18.659s
[M5] push_softpush_allocation 用时: 3.766s，生成行数: 54
[M5] Full day total 用时: 31.494s
    🎯 有效部署计划: 1065/43756 条

    📦 立即处理M5 deployment，更新open deployment...
✅ Added 1065 M5 deployment plans to open deployment for 2026-01-26
    ✅ 已更新 1065 条部署计划到open deployment

  ✅ Module5 完成 - 生成 1065 条有效部署计划
4️⃣ 运行 Module6 - 物流执行
[M6] OpenDeployment rows=2303 planned<=sim_date=2303 min=2025-12-15 00:00:00 max=2026-01-26 00:00:00
[M6-Pandas] Batch delay sampling 62 routes: 27.9ms
[M6-Pandas] Batch delay sampling 83 routes: 37.3ms
[M6-Pandas] Batch delay sampling 219 routes: 100.4ms
[M6-Pandas] Batch delay sampling 118 routes: 53.4ms
[M6-Pandas] Batch delay sampling 166 routes: 76.3ms
[M6-Pandas] Batch delay sampling 76 routes: 38.4ms
[M6-Pandas] Batch delay sampling 35 routes: 15.9ms
[M6-Pandas] Batch delay sampling 62 routes: 28.4ms
[M6-Pandas] Batch delay sampling 41 routes: 18.7ms
[M6-Pandas] Batch delay sampling 27 routes: 12.7ms
[M6-Pandas] Batch delay sampling 43 routes: 20.3ms
[M6-Pandas] Batch delay sampling 11 routes: 5.4ms
[M6-Pandas] Batch delay sampling 11 routes: 5.0ms
[M6->Orch] incoming rows: 954; date=2026-01-26
✅ Processed 954 M6 delivery plans for 2026-01-26
    ✅ 已处理 954 条delivery计划

  ✅ Module6 完成 - 生成 954 条交付计划
5️⃣ 运行 Module3 - 净需求计算
🔄 Module3 运行于集成模式
[M3] load_module1 total: 7.586s
[M3] assign_location_layers total: 0.124s, locations=4746
[M3-DuckDB] 批量计算 130 节点净需求: 194.3ms, input=130, output=130
[M3] batch layer 3: 130 nodes in 0.439s
[M3-DuckDB] 批量计算 2001 节点净需求: 247.0ms, input=2001, output=2001
[M3] batch layer 2: 2001 nodes in 4.094s
[M3-DuckDB] 批量计算 2266 节点净需求: 260.9ms, input=2266, output=2266
[M3] batch layer 1: 2266 nodes in 4.071s
[M3-DuckDB] 批量计算 349 节点净需求: 208.2ms, input=349, output=349
[M3] batch layer 0: 349 nodes in 0.568s
[M3] mrp_simulation: 9.749s, records=1051
✅ Module3 集成模式完成
[M3] total: 17.813s, days=1, records=1051
  ✅ Module3 完成
💾 每日结束状态保存
💾已保存 2026-01-26 期末库存: 2547 项
期初库存条目: 2545
生产入库条目: 11
交付入库条目: 1019
发货出库条目: 2100
发运出库条目(M6): 954，数量合计: 17388
期末库存条目: 2547
  📊 从内存获取发运出库 [2026-01-26]: 140 项
📊 当日统计: {'date': '2026-01-26', 'total_inventory_items': 2547, 'total_inventory_quantity': 393294, 'open_deployment_count': 1350, 'in_transit_count': 5962, 'production_gr_count': 11, 'delivery_gr_count': 1019, 'shipment_count': 2100}
✅ 第 43 天处理完成
==================== 第 44/76 天: 2026-01-27 ====================
🌅 每日开始状态更新
💾保存期初库存快照...
💾已保存 2026-01-27 期初库存: 2547 项
📦处理当日delivery GR到达...
✅ Processed 1030 delivery arrivals for 2026-01-27
🏭处理历史生产当日入库...
📦当日需要入库的历史生产: 11 条记录
✅ Processed 11 M4 production receipts for 2026-01-27
1️⃣ 运行 Module1 - 订单生成
[M1] 周度→日度拆分完成，生成天数: 681912，耗时: 0.057s
[M1] 周度→日度拆分完成，生成天数: 681912，耗时: 0.061s
[M1] 平均需求计算完成，ML数: 2376，耗时: 0.175s
[M1] 订单生成完成 (AO耗时: 0.032s, Normal耗时: 0.026s, 总耗时: 0.232s)，订单数: 4626
[M1] AO消耗完成(向量化)，耗时: 0.059s
[M1] Normal消耗完成(向量化)，耗时: 0.031s
[M1] 当日订单生成完成，订单数: 4626，耗时: 9.651s
[M1] 历史订单读取完成，文件数: 13，合并条目: 229969
[M1] 历史订单合并前过滤完成，耗时: 9.383s
[M1] 发货与缺货计算完成，shipment: 2092，cut: 2092，耗时: 0.031s
[M1] 供需日志生成完成，条目: 213840，耗时: 2.836s
🚚立即处理M1 shipment，扣减库存...
✅ Processed 2092 M1 shipments for 2026-01-27
✅ 已扣减 2092 个shipment的库存
✅ Module1 完成 - 生成 17681 个订单, 2092 个发货
2️⃣ 运行 Module4 - 生产计划
🔄加载前一天产线状态: ['TPOCPACK', 'TPODPACK', 'TPOEPACK', 'TPOFPACK', 'TPOGPACK']
🔄加载之前已分配产能: 193 个产能分配
[M4-Pandas] Production simulation 8 records: 0.9ms
💾保存当天产线状态: ['TPOCPACK', 'TPOEPACK', 'TPOFPACK', 'TPOGPACK']
💾保存当天分配产能: 4 个产能分配 (小时单位)
Module4 daily output generated: C:\Users\admin\AppData\Local\Temp\tmp28izcmm6\output\module4\Module4Output_20260127.xlsx
🗂️ 持久化未来生产计划（不触发当日GR）...
✅已写入未来计划回补: 8 条
✅ Module4 完成 - 生成生产计划: 8 条记录
3️⃣ 运行 Module5 - 部署计划
[M5] load_integrated_config 用时: 0.503s
✅缓存已初始化: PTF/LSK=435 | LeadTime=46 | Network=4397
✅索引已构建: SDL=2376 | SS=2376 | Order=2092 | DeployCfg=1230
[M5] Demand collection only 用时: 11.380s
[M5] Demand collection+allocation 总用时: 18.699s
[M5] push_softpush_allocation 用时: 3.545s，生成行数: 47
[M5] Full day total 用时: 30.910s
    🎯 有效部署计划: 1403/43686 条

    📦 立即处理M5 deployment，更新open deployment...
✅ Added 1403 M5 deployment plans to open deployment for 2026-01-27
    ✅ 已更新 1403 条部署计划到open deployment

  ✅ Module5 完成 - 生成 1403 条有效部署计划
4️⃣ 运行 Module6 - 物流执行
[M6] OpenDeployment rows=2753 planned<=sim_date=2753 min=2025-12-15 00:00:00 max=2026-01-27 00:00:00
[M6-Pandas] Batch delay sampling 71 routes: 33.1ms
[M6-Pandas] Batch delay sampling 58 routes: 25.6ms
[M6-Pandas] Batch delay sampling 155 routes: 72.0ms
[M6-Pandas] Batch delay sampling 413 routes: 185.4ms
[M6-Pandas] Batch delay sampling 171 routes: 79.9ms
[M6-Pandas] Batch delay sampling 145 routes: 65.2ms
[M6-Pandas] Batch delay sampling 102 routes: 44.8ms
[M6-Pandas] Batch delay sampling 114 routes: 50.7ms
[M6-Pandas] Batch delay sampling 64 routes: 28.6ms
[M6-Pandas] Batch delay sampling 102 routes: 46.4ms
[M6-Pandas] Batch delay sampling 94 routes: 41.0ms
[M6-Pandas] Batch delay sampling 53 routes: 24.6ms
[M6-Pandas] Batch delay sampling 24 routes: 10.9ms
[M6-Pandas] Batch delay sampling 29 routes: 12.6ms
[M6-Pandas] Batch delay sampling 105 routes: 48.5ms
[M6->Orch] incoming rows: 1703; date=2026-01-27
✅ Processed 1703 M6 delivery plans for 2026-01-27
    ✅ 已处理 1703 条delivery计划

  ✅ Module6 完成 - 生成 1703 条交付计划
5️⃣ 运行 Module3 - 净需求计算
🔄 Module3 运行于集成模式
[M3] load_module1 total: 7.832s
[M3] assign_location_layers total: 0.126s, locations=4746
[M3-DuckDB] 批量计算 130 节点净需求: 196.0ms, input=130, output=130
[M3] batch layer 3: 130 nodes in 0.426s
[M3-DuckDB] 批量计算 2001 节点净需求: 257.1ms, input=2001, output=2001
[M3] batch layer 2: 2001 nodes in 4.098s
[M3-DuckDB] 批量计算 2266 节点净需求: 245.9ms, input=2266, output=2266
[M3] batch layer 1: 2266 nodes in 3.976s
[M3-DuckDB] 批量计算 349 节点净需求: 209.6ms, input=349, output=349
[M3] batch layer 0: 349 nodes in 0.569s
[M3] mrp_simulation: 9.695s, records=1000
✅ Module3 集成模式完成
[M3] total: 17.964s, days=1, records=1000
  ✅ Module3 完成
💾 每日结束状态保存
💾已保存 2026-01-27 期末库存: 2547 项
期初库存条目: 2547
生产入库条目: 11
交付入库条目: 1030
发货出库条目: 2092
发运出库条目(M6): 1703，数量合计: 25208
期末库存条目: 2547
  📊 从内存获取发运出库 [2026-01-27]: 159 项
📊 当日统计: {'date': '2026-01-27', 'total_inventory_items': 2547, 'total_inventory_quantity': 402583, 'open_deployment_count': 1051, 'in_transit_count': 6635, 'production_gr_count': 11, 'delivery_gr_count': 1030, 'shipment_count': 2092}
✅ 第 44 天处理完成
==================== 第 45/76 天: 2026-01-28 ====================
🌅 每日开始状态更新
💾保存期初库存快照...
💾已保存 2026-01-28 期初库存: 2547 项
📦处理当日delivery GR到达...
✅ Processed 1524 delivery arrivals for 2026-01-28
🏭处理历史生产当日入库...
📦当日需要入库的历史生产: 4 条记录
✅ Processed 4 M4 production receipts for 2026-01-28
1️⃣ 运行 Module1 - 订单生成
[M1] 周度→日度拆分完成，生成天数: 681912，耗时: 0.056s
[M1] 周度→日度拆分完成，生成天数: 681912，耗时: 0.056s
[M1] 平均需求计算完成，ML数: 2376，耗时: 0.160s
[M1] 订单生成完成 (AO耗时: 0.028s, Normal耗时: 0.026s, 总耗时: 0.215s)，订单数: 4626
[M1] AO消耗完成(向量化)，耗时: 0.050s
[M1] Normal消耗完成(向量化)，耗时: 0.026s
[M1] 当日订单生成完成，订单数: 4626，耗时: 9.658s
[M1] 历史订单读取完成，文件数: 13，合并条目: 229959
[M1] 历史订单合并前过滤完成，耗时: 9.350s
[M1] 发货与缺货计算完成，shipment: 2092，cut: 2092，耗时: 0.030s
[M1] 供需日志生成完成，条目: 213840，耗时: 2.849s
🚚立即处理M1 shipment，扣减库存...
✅ Processed 2092 M1 shipments for 2026-01-28
✅ 已扣减 2092 个shipment的库存
✅ Module1 完成 - 生成 17681 个订单, 2092 个发货
2️⃣ 运行 Module4 - 生产计划
🔄加载前一天产线状态: ['TPOCPACK', 'TPOEPACK', 'TPOFPACK', 'TPOGPACK']
🔄加载之前已分配产能: 197 个产能分配
[M4-Pandas] Production simulation 11 records: 0.9ms
💾保存当天产线状态: ['TPOCPACK', 'TPODPACK', 'TPOEPACK', 'TPOFPACK', 'TPOGPACK']
💾保存当天分配产能: 5 个产能分配 (小时单位)
Module4 daily output generated: C:\Users\admin\AppData\Local\Temp\tmp28izcmm6\output\module4\Module4Output_20260128.xlsx
🗂️ 持久化未来生产计划（不触发当日GR）...
✅已写入未来计划回补: 11 条
✅ Module4 完成 - 生成生产计划: 11 条记录
3️⃣ 运行 Module5 - 部署计划
[M5] load_integrated_config 用时: 0.456s
✅缓存已初始化: PTF/LSK=435 | LeadTime=46 | Network=4397
✅索引已构建: SDL=2376 | SS=2376 | Order=2092 | DeployCfg=1230
[M5] Demand collection only 用时: 11.794s
[M5] Demand collection+allocation 总用时: 19.194s
[M5] push_softpush_allocation 用时: 3.279s，生成行数: 27
[M5] Full day total 用时: 31.177s
    🎯 有效部署计划: 925/43709 条

    📦 立即处理M5 deployment，更新open deployment...
✅ Added 925 M5 deployment plans to open deployment for 2026-01-28
    ✅ 已更新 925 条部署计划到open deployment

  ✅ Module5 完成 - 生成 925 条有效部署计划
4️⃣ 运行 Module6 - 物流执行
[M6] OpenDeployment rows=1976 planned<=sim_date=1976 min=2025-12-15 00:00:00 max=2026-01-28 00:00:00
[M6-Pandas] Batch delay sampling 92 routes: 41.9ms
[M6-Pandas] Batch delay sampling 171 routes: 92.4ms
[M6-Pandas] Batch delay sampling 239 routes: 107.1ms
[M6-Pandas] Batch delay sampling 249 routes: 112.5ms
[M6-Pandas] Batch delay sampling 205 routes: 94.0ms
[M6-Pandas] Batch delay sampling 51 routes: 22.6ms
[M6-Pandas] Batch delay sampling 71 routes: 32.8ms
[M6-Pandas] Batch delay sampling 11 routes: 5.0ms
[M6-Pandas] Batch delay sampling 26 routes: 12.6ms
[M6-Pandas] Batch delay sampling 17 routes: 7.6ms
[M6-Pandas] Batch delay sampling 68 routes: 30.3ms
[M6-Pandas] Batch delay sampling 14 routes: 6.6ms
[M6-Pandas] Batch delay sampling 16 routes: 7.3ms
[M6-Pandas] Batch delay sampling 18 routes: 8.5ms
[M6->Orch] incoming rows: 1252; date=2026-01-28
✅ Processed 1252 M6 delivery plans for 2026-01-28
    ✅ 已处理 1252 条delivery计划

  ✅ Module6 完成 - 生成 1252 条交付计划
5️⃣ 运行 Module3 - 净需求计算
🔄 Module3 运行于集成模式
[M3] load_module1 total: 7.308s
[M3] assign_location_layers total: 0.121s, locations=4746
[M3-DuckDB] 批量计算 130 节点净需求: 190.1ms, input=130, output=130
[M3] batch layer 3: 130 nodes in 0.434s
[M3-DuckDB] 批量计算 2001 节点净需求: 243.6ms, input=2001, output=2001
[M3] batch layer 2: 2001 nodes in 3.990s
[M3-DuckDB] 批量计算 2266 节点净需求: 245.0ms, input=2266, output=2266
[M3] batch layer 1: 2266 nodes in 4.017s
[M3-DuckDB] 批量计算 349 节点净需求: 195.9ms, input=349, output=349
[M3] batch layer 0: 349 nodes in 0.552s
[M3] mrp_simulation: 9.604s, records=997
✅ Module3 集成模式完成
[M3] total: 17.448s, days=1, records=997
  ✅ Module3 完成
💾 每日结束状态保存
💾已保存 2026-01-28 期末库存: 2547 项
期初库存条目: 2547
生产入库条目: 4
交付入库条目: 1524
发货出库条目: 2092
发运出库条目(M6): 1252，数量合计: 16356
期末库存条目: 2547
  📊 从内存获取发运出库 [2026-01-28]: 194 项
📊 当日统计: {'date': '2026-01-28', 'total_inventory_items': 2547, 'total_inventory_quantity': 400485, 'open_deployment_count': 724, 'in_transit_count': 6363, 'production_gr_count': 4, 'delivery_gr_count': 1524, 'shipment_count': 2092}
✅ 第 45 天处理完成
==================== 第 46/76 天: 2026-01-29 ====================
🌅 每日开始状态更新
💾保存期初库存快照...
💾已保存 2026-01-29 期初库存: 2547 项
📦处理当日delivery GR到达...
✅ Processed 964 delivery arrivals for 2026-01-29
🏭处理历史生产当日入库...
📦当日需要入库的历史生产: 12 条记录
✅ Processed 12 M4 production receipts for 2026-01-29
1️⃣ 运行 Module1 - 订单生成
[M1] 周度→日度拆分完成，生成天数: 681912，耗时: 0.058s
[M1] 周度→日度拆分完成，生成天数: 681912，耗时: 0.055s
[M1] 平均需求计算完成，ML数: 2376，耗时: 0.169s
[M1] 订单生成完成 (AO耗时: 0.030s, Normal耗时: 0.026s, 总耗时: 0.225s)，订单数: 4626
[M1] AO消耗完成(向量化)，耗时: 0.051s
[M1] Normal消耗完成(向量化)，耗时: 0.027s
[M1] 当日订单生成完成，订单数: 4626，耗时: 9.734s
[M1] 历史订单读取完成，文件数: 13，合并条目: 229949
[M1] 历史订单合并前过滤完成，耗时: 9.334s
[M1] 发货与缺货计算完成，shipment: 2092，cut: 2092，耗时: 0.031s
[M1] 供需日志生成完成，条目: 213840，耗时: 2.835s
🚚立即处理M1 shipment，扣减库存...
✅ Processed 2092 M1 shipments for 2026-01-29
✅ 已扣减 2092 个shipment的库存
✅ Module1 完成 - 生成 17681 个订单, 2092 个发货
2️⃣ 运行 Module4 - 生产计划
🔄加载前一天产线状态: ['TPOCPACK', 'TPODPACK', 'TPOEPACK', 'TPOFPACK', 'TPOGPACK']
🔄加载之前已分配产能: 202 个产能分配
[M4-Pandas] Production simulation 11 records: 0.9ms
💾保存当天产线状态: ['TPOCPACK', 'TPODPACK', 'TPOEPACK', 'TPOFPACK', 'TPOGPACK']
💾保存当天分配产能: 5 个产能分配 (小时单位)
Module4 daily output generated: C:\Users\admin\AppData\Local\Temp\tmp28izcmm6\output\module4\Module4Output_20260129.xlsx
🗂️ 持久化未来生产计划（不触发当日GR）...
✅已写入未来计划回补: 11 条
✅ Module4 完成 - 生成生产计划: 11 条记录
3️⃣ 运行 Module5 - 部署计划
[M5] load_integrated_config 用时: 0.431s
✅缓存已初始化: PTF/LSK=435 | LeadTime=46 | Network=4397
✅索引已构建: SDL=2376 | SS=2376 | Order=2092 | DeployCfg=1230
[M5] Demand collection only 用时: 11.421s
[M5] Demand collection+allocation 总用时: 18.735s
[M5] push_softpush_allocation 用时: 3.762s，生成行数: 67
[M5] Full day total 用时: 31.353s
    🎯 有效部署计划: 1351/43859 条

    📦 立即处理M5 deployment，更新open deployment...
✅ Added 1351 M5 deployment plans to open deployment for 2026-01-29
    ✅ 已更新 1351 条部署计划到open deployment

  ✅ Module5 完成 - 生成 1351 条有效部署计划
4️⃣ 运行 Module6 - 物流执行
[M6] OpenDeployment rows=2075 planned<=sim_date=2075 min=2025-12-15 00:00:00 max=2026-01-29 00:00:00
[M6-Pandas] Batch delay sampling 138 routes: 63.5ms
[M6-Pandas] Batch delay sampling 174 routes: 77.8ms
[M6-Pandas] Batch delay sampling 72 routes: 32.8ms
[M6-Pandas] Batch delay sampling 111 routes: 48.9ms
[M6-Pandas] Batch delay sampling 45 routes: 21.3ms
[M6-Pandas] Batch delay sampling 57 routes: 25.7ms
[M6-Pandas] Batch delay sampling 67 routes: 29.5ms
[M6-Pandas] Batch delay sampling 38 routes: 18.3ms
[M6-Pandas] Batch delay sampling 93 routes: 41.0ms
[M6-Pandas] Batch delay sampling 13 routes: 6.0ms
[M6->Orch] incoming rows: 808; date=2026-01-29
✅ Processed 808 M6 delivery plans for 2026-01-29
    ✅ 已处理 808 条delivery计划

  ✅ Module6 完成 - 生成 808 条交付计划
5️⃣ 运行 Module3 - 净需求计算
🔄 Module3 运行于集成模式
[M3] load_module1 total: 7.663s
[M3] assign_location_layers total: 0.128s, locations=4746
[M3-DuckDB] 批量计算 130 节点净需求: 197.0ms, input=130, output=130
[M3] batch layer 3: 130 nodes in 0.440s
[M3-DuckDB] 批量计算 2001 节点净需求: 242.9ms, input=2001, output=2001
[M3] batch layer 2: 2001 nodes in 4.051s
[M3-DuckDB] 批量计算 2266 节点净需求: 248.8ms, input=2266, output=2266
[M3] batch layer 1: 2266 nodes in 3.969s
[M3-DuckDB] 批量计算 349 节点净需求: 210.3ms, input=349, output=349
[M3] batch layer 0: 349 nodes in 0.603s
[M3] mrp_simulation: 9.680s, records=1012
✅ Module3 集成模式完成
[M3] total: 17.840s, days=1, records=1012
  ✅ Module3 完成
💾 每日结束状态保存
💾已保存 2026-01-29 期末库存: 2549 项
期初库存条目: 2547
生产入库条目: 12
交付入库条目: 964
发货出库条目: 2092
发运出库条目(M6): 808，数量合计: 16064
期末库存条目: 2549
  📊 从内存获取发运出库 [2026-01-29]: 119 项
📊 当日统计: {'date': '2026-01-29', 'total_inventory_items': 2549, 'total_inventory_quantity': 404042, 'open_deployment_count': 1268, 'in_transit_count': 6207, 'production_gr_count': 12, 'delivery_gr_count': 964, 'shipment_count': 2092}
✅ 第 46 天处理完成
==================== 第 47/76 天: 2026-01-30 ====================
🌅 每日开始状态更新
💾保存期初库存快照...
💾已保存 2026-01-30 期初库存: 2549 项
📦处理当日delivery GR到达...
✅ Processed 1180 delivery arrivals for 2026-01-30
🏭处理历史生产当日入库...
📦当日需要入库的历史生产: 8 条记录
✅ Processed 8 M4 production receipts for 2026-01-30
1️⃣ 运行 Module1 - 订单生成
[M1] 周度→日度拆分完成，生成天数: 681912，耗时: 0.057s
[M1] 周度→日度拆分完成，生成天数: 681912，耗时: 0.058s
[M1] 平均需求计算完成，ML数: 2376，耗时: 0.161s
[M1] 订单生成完成 (AO耗时: 0.031s, Normal耗时: 0.027s, 总耗时: 0.219s)，订单数: 4626
[M1] AO消耗完成(向量化)，耗时: 0.049s
[M1] Normal消耗完成(向量化)，耗时: 0.035s
[M1] 当日订单生成完成，订单数: 4626，耗时: 9.704s
[M1] 历史订单读取完成，文件数: 13，合并条目: 229939
[M1] 历史订单合并前过滤完成，耗时: 9.429s
[M1] 发货与缺货计算完成，shipment: 2092，cut: 2092，耗时: 0.032s
[M1] 供需日志生成完成，条目: 213840，耗时: 2.890s
🚚立即处理M1 shipment，扣减库存...
✅ Processed 2092 M1 shipments for 2026-01-30
✅ 已扣减 2092 个shipment的库存
✅ Module1 完成 - 生成 17681 个订单, 2092 个发货
2️⃣ 运行 Module4 - 生产计划
🔄加载前一天产线状态: ['TPOCPACK', 'TPODPACK', 'TPOEPACK', 'TPOFPACK', 'TPOGPACK']
🔄加载之前已分配产能: 207 个产能分配
[M4-Pandas] Production simulation 6 records: 0.8ms
💾保存当天产线状态: ['TPOCPACK', 'TPODPACK', 'TPOEPACK', 'TPOGPACK']
💾保存当天分配产能: 4 个产能分配 (小时单位)
Module4 daily output generated: C:\Users\admin\AppData\Local\Temp\tmp28izcmm6\output\module4\Module4Output_20260130.xlsx
🗂️ 持久化未来生产计划（不触发当日GR）...
✅已写入未来计划回补: 6 条
✅ Module4 完成 - 生成生产计划: 6 条记录
3️⃣ 运行 Module5 - 部署计划
[M5] load_integrated_config 用时: 0.473s
✅缓存已初始化: PTF/LSK=435 | LeadTime=46 | Network=4397
✅索引已构建: SDL=2376 | SS=2376 | Order=2092 | DeployCfg=1230
[M5] Demand collection only 用时: 11.366s
[M5] Demand collection+allocation 总用时: 18.519s
[M5] push_softpush_allocation 用时: 3.516s，生成行数: 26
[M5] Full day total 用时: 30.955s
    🎯 有效部署计划: 1318/43794 条

    📦 立即处理M5 deployment，更新open deployment...
✅ Added 1318 M5 deployment plans to open deployment for 2026-01-30
    ✅ 已更新 1318 条部署计划到open deployment

  ✅ Module5 完成 - 生成 1318 条有效部署计划
4️⃣ 运行 Module6 - 物流执行
[M6] OpenDeployment rows=2586 planned<=sim_date=2586 min=2025-12-15 00:00:00 max=2026-01-30 00:00:00
[M6-Pandas] Batch delay sampling 102 routes: 61.5ms
[M6-Pandas] Batch delay sampling 37 routes: 16.9ms
[M6-Pandas] Batch delay sampling 115 routes: 52.2ms
[M6-Pandas] Batch delay sampling 151 routes: 69.1ms
[M6-Pandas] Batch delay sampling 149 routes: 73.2ms
[M6-Pandas] Batch delay sampling 206 routes: 92.4ms
[M6-Pandas] Batch delay sampling 76 routes: 34.2ms
[M6-Pandas] Batch delay sampling 44 routes: 19.8ms
[M6-Pandas] Batch delay sampling 22 routes: 10.0ms
[M6-Pandas] Batch delay sampling 23 routes: 11.7ms
[M6->Orch] incoming rows: 925; date=2026-01-30
✅ Processed 925 M6 delivery plans for 2026-01-30
    ✅ 已处理 925 条delivery计划

  ✅ Module6 完成 - 生成 925 条交付计划
5️⃣ 运行 Module3 - 净需求计算
🔄 Module3 运行于集成模式
[M3] load_module1 total: 7.238s
[M3] assign_location_layers total: 0.127s, locations=4746
[M3-DuckDB] 批量计算 130 节点净需求: 207.8ms, input=130, output=130
[M3] batch layer 3: 130 nodes in 0.449s
[M3-DuckDB] 批量计算 2001 节点净需求: 239.0ms, input=2001, output=2001
[M3] batch layer 2: 2001 nodes in 4.093s
[M3-DuckDB] 批量计算 2266 节点净需求: 245.9ms, input=2266, output=2266
[M3] batch layer 1: 2266 nodes in 4.014s
[M3-DuckDB] 批量计算 349 节点净需求: 202.0ms, input=349, output=349
[M3] batch layer 0: 349 nodes in 0.574s
[M3] mrp_simulation: 9.750s, records=1060
✅ Module3 集成模式完成
[M3] total: 17.505s, days=1, records=1060
  ✅ Module3 完成
💾 每日结束状态保存
💾已保存 2026-01-30 期末库存: 2551 项
期初库存条目: 2549
生产入库条目: 8
交付入库条目: 1180
发货出库条目: 2092
发运出库条目(M6): 925，数量合计: 18164
期末库存条目: 2551
  📊 从内存获取发运出库 [2026-01-30]: 167 项
📊 当日统计: {'date': '2026-01-30', 'total_inventory_items': 2551, 'total_inventory_quantity': 400844, 'open_deployment_count': 1662, 'in_transit_count': 5952, 'production_gr_count': 8, 'delivery_gr_count': 1180, 'shipment_count': 2092}
✅ 第 47 天处理完成
==================== 第 48/76 天: 2026-01-31 ====================
🌅 每日开始状态更新
💾保存期初库存快照...
💾已保存 2026-01-31 期初库存: 2551 项
📦处理当日delivery GR到达...
✅ Processed 1172 delivery arrivals for 2026-01-31
🏭处理历史生产当日入库...
📦当日需要入库的历史生产: 14 条记录
✅ Processed 14 M4 production receipts for 2026-01-31
1️⃣ 运行 Module1 - 订单生成
[M1] 周度→日度拆分完成，生成天数: 681912，耗时: 0.058s
[M1] 周度→日度拆分完成，生成天数: 681912，耗时: 0.056s
[M1] 平均需求计算完成，ML数: 2376，耗时: 0.171s
[M1] 订单生成完成 (AO耗时: 0.029s, Normal耗时: 0.027s, 总耗时: 0.227s)，订单数: 4626
[M1] AO消耗完成(向量化)，耗时: 0.049s
[M1] Normal消耗完成(向量化)，耗时: 0.030s
[M1] 当日订单生成完成，订单数: 4626，耗时: 9.965s
[M1] 历史订单读取完成，文件数: 13，合并条目: 229929
[M1] 历史订单合并前过滤完成，耗时: 9.469s
[M1] 发货与缺货计算完成，shipment: 2092，cut: 2092，耗时: 0.032s
[M1] 供需日志生成完成，条目: 213840，耗时: 2.885s
🚚立即处理M1 shipment，扣减库存...
✅ Processed 2092 M1 shipments for 2026-01-31
✅ 已扣减 2092 个shipment的库存
✅ Module1 完成 - 生成 17681 个订单, 2092 个发货
2️⃣ 运行 Module4 - 生产计划
🔄加载前一天产线状态: ['TPOCPACK', 'TPODPACK', 'TPOEPACK', 'TPOGPACK']
🔄加载之前已分配产能: 211 个产能分配
[M4-Pandas] Production simulation 6 records: 0.9ms
💾保存当天产线状态: ['TPOCPACK', 'TPODPACK', 'TPOGPACK']
💾保存当天分配产能: 3 个产能分配 (小时单位)
Module4 daily output generated: C:\Users\admin\AppData\Local\Temp\tmp28izcmm6\output\module4\Module4Output_20260131.xlsx
🗂️ 持久化未来生产计划（不触发当日GR）...
✅已写入未来计划回补: 6 条
✅ Module4 完成 - 生成生产计划: 6 条记录
3️⃣ 运行 Module5 - 部署计划
[M5] load_integrated_config 用时: 0.525s
✅缓存已初始化: PTF/LSK=435 | LeadTime=46 | Network=4397
✅索引已构建: SDL=2376 | SS=2376 | Order=2092 | DeployCfg=1230
[M5] Demand collection only 用时: 11.490s
[M5] Demand collection+allocation 总用时: 18.738s
[M5] push_softpush_allocation 用时: 4.029s，生成行数: 80
[M5] Full day total 用时: 31.684s
    🎯 有效部署计划: 1476/43880 条

    📦 立即处理M5 deployment，更新open deployment...
✅ Added 1476 M5 deployment plans to open deployment for 2026-01-31
    ✅ 已更新 1476 条部署计划到open deployment

  ✅ Module5 完成 - 生成 1476 条有效部署计划
4️⃣ 运行 Module6 - 物流执行
[M6] OpenDeployment rows=3138 planned<=sim_date=3138 min=2025-12-15 00:00:00 max=2026-01-31 00:00:00
[M6-Pandas] Batch delay sampling 113 routes: 50.6ms
[M6-Pandas] Batch delay sampling 175 routes: 79.2ms
[M6-Pandas] Batch delay sampling 80 routes: 38.7ms
[M6-Pandas] Batch delay sampling 373 routes: 169.0ms
[M6-Pandas] Batch delay sampling 64 routes: 29.0ms
[M6-Pandas] Batch delay sampling 320 routes: 142.8ms
[M6-Pandas] Batch delay sampling 137 routes: 68.4ms
[M6-Pandas] Batch delay sampling 46 routes: 19.5ms
[M6-Pandas] Batch delay sampling 101 routes: 47.2ms
[M6-Pandas] Batch delay sampling 241 routes: 133.6ms
[M6-Pandas] Batch delay sampling 48 routes: 21.4ms
[M6-Pandas] Batch delay sampling 39 routes: 17.5ms
[M6-Pandas] Batch delay sampling 76 routes: 37.8ms
[M6-Pandas] Batch delay sampling 70 routes: 31.9ms
[M6-Pandas] Batch delay sampling 37 routes: 16.7ms
[M6-Pandas] Batch delay sampling 11 routes: 4.9ms
[M6->Orch] incoming rows: 1931; date=2026-01-31
✅ Processed 1931 M6 delivery plans for 2026-01-31
    ✅ 已处理 1931 条delivery计划

  ✅ Module6 完成 - 生成 1931 条交付计划
5️⃣ 运行 Module3 - 净需求计算
🔄 Module3 运行于集成模式
[M3] load_module1 total: 7.236s
[M3] assign_location_layers total: 0.124s, locations=4746
[M3-DuckDB] 批量计算 130 节点净需求: 401.4ms, input=130, output=130
[M3] batch layer 3: 130 nodes in 0.636s
[M3-DuckDB] 批量计算 2001 节点净需求: 235.9ms, input=2001, output=2001
[M3] batch layer 2: 2001 nodes in 4.072s
[M3-DuckDB] 批量计算 2266 节点净需求: 260.7ms, input=2266, output=2266
[M3] batch layer 1: 2266 nodes in 4.042s
[M3-DuckDB] 批量计算 349 节点净需求: 210.9ms, input=349, output=349
[M3] batch layer 0: 349 nodes in 0.606s
[M3] mrp_simulation: 9.996s, records=1014
✅ Module3 集成模式完成
[M3] total: 17.690s, days=1, records=1014
  ✅ Module3 完成
💾 每日结束状态保存
💾已保存 2026-01-31 期末库存: 2553 项
期初库存条目: 2551
生产入库条目: 14
交付入库条目: 1172
发货出库条目: 2092
发运出库条目(M6): 1931，数量合计: 27728
期末库存条目: 2553
  📊 从内存获取发运出库 [2026-01-31]: 227 项
📊 当日统计: {'date': '2026-01-31', 'total_inventory_items': 2553, 'total_inventory_quantity': 404682, 'open_deployment_count': 1207, 'in_transit_count': 6711, 'production_gr_count': 14, 'delivery_gr_count': 1172, 'shipment_count': 2092}
✅ 第 48 天处理完成
==================== 第 49/76 天: 2026-02-01 ====================
🌅 每日开始状态更新
💾保存期初库存快照...
💾已保存 2026-02-01 期初库存: 2553 项
📦处理当日delivery GR到达...
✅ Processed 994 delivery arrivals for 2026-02-01
🏭处理历史生产当日入库...
📦当日需要入库的历史生产: 11 条记录
✅ Processed 11 M4 production receipts for 2026-02-01
1️⃣ 运行 Module1 - 订单生成
[M1] 周度→日度拆分完成，生成天数: 681912，耗时: 0.066s
[M1] 周度→日度拆分完成，生成天数: 681912，耗时: 0.059s
[M1] 平均需求计算完成，ML数: 2376，耗时: 0.162s
[M1] 订单生成完成 (AO耗时: 0.029s, Normal耗时: 0.025s, 总耗时: 0.217s)，订单数: 4626
[M1] AO消耗完成(向量化)，耗时: 0.050s
[M1] Normal消耗完成(向量化)，耗时: 0.028s
[M1] 当日订单生成完成，订单数: 4626，耗时: 9.848s
[M1] 历史订单读取完成，文件数: 13，合并条目: 229919
[M1] 历史订单合并前过滤完成，耗时: 9.426s
[M1] 发货与缺货计算完成，shipment: 2092，cut: 2092，耗时: 0.033s
[M1] 供需日志生成完成，条目: 213840，耗时: 2.667s
🚚立即处理M1 shipment，扣减库存...
✅ Processed 2092 M1 shipments for 2026-02-01
✅ 已扣减 2092 个shipment的库存
✅ Module1 完成 - 生成 17681 个订单, 2092 个发货
2️⃣ 运行 Module4 - 生产计划
🔄加载前一天产线状态: ['TPOCPACK', 'TPODPACK', 'TPOGPACK']
🔄加载之前已分配产能: 214 个产能分配
[M4-Pandas] Production simulation 7 records: 1.2ms
💾保存当天产线状态: ['TPOCPACK', 'TPOFPACK', 'TPOGPACK']
💾保存当天分配产能: 3 个产能分配 (小时单位)
Module4 daily output generated: C:\Users\admin\AppData\Local\Temp\tmp28izcmm6\output\module4\Module4Output_20260201.xlsx
🗂️ 持久化未来生产计划（不触发当日GR）...
✅已写入未来计划回补: 7 条
✅ Module4 完成 - 生成生产计划: 7 条记录
3️⃣ 运行 Module5 - 部署计划
[M5] load_integrated_config 用时: 0.480s
✅缓存已初始化: PTF/LSK=435 | LeadTime=46 | Network=4397
✅索引已构建: SDL=2376 | SS=2376 | Order=2092 | DeployCfg=1230
[M5] Demand collection only 用时: 11.184s
[M5] Demand collection+allocation 总用时: 18.370s
[M5] push_softpush_allocation 用时: 3.623s，生成行数: 47
[M5] Full day total 用时: 30.903s
    🎯 有效部署计划: 1448/43687 条

    📦 立即处理M5 deployment，更新open deployment...
✅ Added 1448 M5 deployment plans to open deployment for 2026-02-01
    ✅ 已更新 1448 条部署计划到open deployment

  ✅ Module5 完成 - 生成 1448 条有效部署计划
4️⃣ 运行 Module6 - 物流执行
[M6] OpenDeployment rows=2655 planned<=sim_date=2655 min=2025-12-15 00:00:00 max=2026-02-01 00:00:00
[M6-Pandas] Batch delay sampling 99 routes: 45.9ms
[M6-Pandas] Batch delay sampling 219 routes: 102.0ms
[M6-Pandas] Batch delay sampling 181 routes: 90.8ms
[M6-Pandas] Batch delay sampling 71 routes: 33.1ms
[M6-Pandas] Batch delay sampling 148 routes: 68.6ms
[M6-Pandas] Batch delay sampling 97 routes: 44.8ms
[M6-Pandas] Batch delay sampling 20 routes: 8.9ms
[M6-Pandas] Batch delay sampling 78 routes: 35.2ms
[M6-Pandas] Batch delay sampling 48 routes: 24.1ms
[M6-Pandas] Batch delay sampling 23 routes: 10.6ms
[M6-Pandas] Batch delay sampling 40 routes: 18.6ms
[M6-Pandas] Batch delay sampling 45 routes: 20.4ms
[M6-Pandas] Batch delay sampling 50 routes: 23.2ms
[M6->Orch] incoming rows: 1119; date=2026-02-01
✅ Processed 1119 M6 delivery plans for 2026-02-01
    ✅ 已处理 1119 条delivery计划

  ✅ Module6 完成 - 生成 1119 条交付计划
5️⃣ 运行 Module3 - 净需求计算
🔄 Module3 运行于集成模式
[M3] load_module1 total: 7.437s
[M3] assign_location_layers total: 0.125s, locations=4746
[M3-DuckDB] 批量计算 130 节点净需求: 202.8ms, input=130, output=130
[M3] batch layer 3: 130 nodes in 0.440s
[M3-DuckDB] 批量计算 2001 节点净需求: 240.9ms, input=2001, output=2001
[M3] batch layer 2: 2001 nodes in 4.038s
[M3-DuckDB] 批量计算 2266 节点净需求: 248.3ms, input=2266, output=2266
[M3] batch layer 1: 2266 nodes in 3.998s
[M3-DuckDB] 批量计算 349 节点净需求: 199.1ms, input=349, output=349
[M3] batch layer 0: 349 nodes in 0.584s
[M3] mrp_simulation: 9.687s, records=1022
✅ Module3 集成模式完成
[M3] total: 17.627s, days=1, records=1022
  ✅ Module3 完成
💾 每日结束状态保存
💾已保存 2026-02-01 期末库存: 2554 项
期初库存条目: 2553
生产入库条目: 11
交付入库条目: 994
发货出库条目: 2092
发运出库条目(M6): 1119，数量合计: 21940
期末库存条目: 2554
  📊 从内存获取发运出库 [2026-02-01]: 137 项
📊 当日统计: {'date': '2026-02-01', 'total_inventory_items': 2554, 'total_inventory_quantity': 411075, 'open_deployment_count': 1536, 'in_transit_count': 6836, 'production_gr_count': 11, 'delivery_gr_count': 994, 'shipment_count': 2092}
✅ 第 49 天处理完成
==================== 第 50/76 天: 2026-02-02 ====================
🌅 每日开始状态更新
💾保存期初库存快照...
💾已保存 2026-02-02 期初库存: 2554 项
📦处理当日delivery GR到达...
✅ Processed 2023 delivery arrivals for 2026-02-02
🏭处理历史生产当日入库...
📦当日需要入库的历史生产: 5 条记录
✅ Processed 5 M4 production receipts for 2026-02-02
1️⃣ 运行 Module1 - 订单生成
[M1] 周度→日度拆分完成，生成天数: 681912，耗时: 0.056s
[M1] 周度→日度拆分完成，生成天数: 681912，耗时: 0.065s
[M1] 平均需求计算完成，ML数: 2376，耗时: 0.156s
[M1] 订单生成完成 (AO耗时: 0.029s, Normal耗时: 0.026s, 总耗时: 0.210s)，订单数: 4626
[M1] AO消耗完成(向量化)，耗时: 0.050s
[M1] Normal消耗完成(向量化)，耗时: 0.026s
[M1] 当日订单生成完成，订单数: 4626，耗时: 9.933s
[M1] 历史订单读取完成，文件数: 13，合并条目: 229909
[M1] 历史订单合并前过滤完成，耗时: 9.261s
[M1] 发货与缺货计算完成，shipment: 2092，cut: 2092，耗时: 0.034s
[M1] 供需日志生成完成，条目: 213840，耗时: 2.937s
🚚立即处理M1 shipment，扣减库存...
✅ Processed 2092 M1 shipments for 2026-02-02
✅ 已扣减 2092 个shipment的库存
✅ Module1 完成 - 生成 17681 个订单, 2092 个发货
2️⃣ 运行 Module4 - 生产计划
🔄加载前一天产线状态: ['TPOCPACK', 'TPOFPACK', 'TPOGPACK']
🔄加载之前已分配产能: 217 个产能分配
[M4-Pandas] Production simulation 13 records: 0.9ms
💾保存当天产线状态: ['TPOCPACK', 'TPODPACK', 'TPOEPACK', 'TPOGPACK']
💾保存当天分配产能: 4 个产能分配 (小时单位)
Module4 daily output generated: C:\Users\admin\AppData\Local\Temp\tmp28izcmm6\output\module4\Module4Output_20260202.xlsx
🗂️ 持久化未来生产计划（不触发当日GR）...
✅已写入未来计划回补: 13 条
✅ Module4 完成 - 生成生产计划: 13 条记录
3️⃣ 运行 Module5 - 部署计划
[M5] load_integrated_config 用时: 0.519s
✅缓存已初始化: PTF/LSK=435 | LeadTime=46 | Network=4397
✅索引已构建: SDL=2376 | SS=2376 | Order=2092 | DeployCfg=1230
[M5] Demand collection only 用时: 10.952s
[M5] Demand collection+allocation 总用时: 18.166s
[M5] push_softpush_allocation 用时: 3.275s，生成行数: 14
[M5] Full day total 用时: 30.367s
    🎯 有效部署计划: 993/43316 条

    📦 立即处理M5 deployment，更新open deployment...
✅ Added 993 M5 deployment plans to open deployment for 2026-02-02
    ✅ 已更新 993 条部署计划到open deployment

  ✅ Module5 完成 - 生成 993 条有效部署计划
4️⃣ 运行 Module6 - 物流执行
[M6] OpenDeployment rows=2529 planned<=sim_date=2529 min=2025-12-15 00:00:00 max=2026-02-02 00:00:00
[M6-Pandas] Batch delay sampling 85 routes: 41.8ms
[M6-Pandas] Batch delay sampling 144 routes: 66.5ms
[M6-Pandas] Batch delay sampling 217 routes: 106.6ms
[M6-Pandas] Batch delay sampling 193 routes: 95.4ms
[M6-Pandas] Batch delay sampling 218 routes: 99.0ms
[M6-Pandas] Batch delay sampling 214 routes: 97.2ms
[M6-Pandas] Batch delay sampling 59 routes: 26.8ms
[M6-Pandas] Batch delay sampling 34 routes: 15.5ms
[M6-Pandas] Batch delay sampling 11 routes: 5.6ms
[M6->Orch] incoming rows: 1179; date=2026-02-02
✅ Processed 1179 M6 delivery plans for 2026-02-02
    ✅ 已处理 1179 条delivery计划

  ✅ Module6 完成 - 生成 1179 条交付计划
5️⃣ 运行 Module3 - 净需求计算
🔄 Module3 运行于集成模式
[M3] load_module1 total: 7.422s
[M3] assign_location_layers total: 0.124s, locations=4746
[M3-DuckDB] 批量计算 130 节点净需求: 196.4ms, input=130, output=130
[M3] batch layer 3: 130 nodes in 0.439s
[M3-DuckDB] 批量计算 2001 节点净需求: 242.3ms, input=2001, output=2001
[M3] batch layer 2: 2001 nodes in 4.003s
[M3-DuckDB] 批量计算 2266 节点净需求: 243.1ms, input=2266, output=2266
[M3] batch layer 1: 2266 nodes in 3.984s
[M3-DuckDB] 批量计算 349 节点净需求: 203.8ms, input=349, output=349
[M3] batch layer 0: 349 nodes in 0.574s
[M3] mrp_simulation: 9.670s, records=986
✅ Module3 集成模式完成
[M3] total: 17.560s, days=1, records=986
  ✅ Module3 完成
💾 每日结束状态保存
💾已保存 2026-02-02 期末库存: 2555 项
期初库存条目: 2554
生产入库条目: 5
交付入库条目: 2023
发货出库条目: 2092
发运出库条目(M6): 1179，数量合计: 8623
期末库存条目: 2555
  📊 从内存获取发运出库 [2026-02-02]: 179 项
📊 当日统计: {'date': '2026-02-02', 'total_inventory_items': 2555, 'total_inventory_quantity': 415538, 'open_deployment_count': 1350, 'in_transit_count': 5992, 'production_gr_count': 5, 'delivery_gr_count': 2023, 'shipment_count': 2092}
✅ 第 50 天处理完成
==================== 第 51/76 天: 2026-02-03 ====================
🌅 每日开始状态更新
💾保存期初库存快照...
💾已保存 2026-02-03 期初库存: 2555 项
📦处理当日delivery GR到达...
✅ Processed 1117 delivery arrivals for 2026-02-03
🏭处理历史生产当日入库...
📦当日需要入库的历史生产: 6 条记录
✅ Processed 6 M4 production receipts for 2026-02-03
1️⃣ 运行 Module1 - 订单生成
[M1] 周度→日度拆分完成，生成天数: 681912，耗时: 0.059s
[M1] 周度→日度拆分完成，生成天数: 681912，耗时: 0.054s
[M1] 平均需求计算完成，ML数: 2376，耗时: 0.160s
[M1] 订单生成完成 (AO耗时: 0.028s, Normal耗时: 0.026s, 总耗时: 0.214s)，订单数: 4611
[M1] AO消耗完成(向量化)，耗时: 0.050s
[M1] Normal消耗完成(向量化)，耗时: 0.026s
[M1] 当日订单生成完成，订单数: 4611，耗时: 9.879s
[M1] 历史订单读取完成，文件数: 13，合并条目: 229901
[M1] 历史订单合并前过滤完成，耗时: 9.656s
[M1] 发货与缺货计算完成，shipment: 2077，cut: 2077，耗时: 0.029s
[M1] 供需日志生成完成，条目: 213840，耗时: 2.709s
🚚立即处理M1 shipment，扣减库存...
✅ Processed 2077 M1 shipments for 2026-02-03
✅ 已扣减 2077 个shipment的库存
✅ Module1 完成 - 生成 17666 个订单, 2077 个发货
2️⃣ 运行 Module4 - 生产计划
🔄加载前一天产线状态: ['TPOCPACK', 'TPODPACK', 'TPOEPACK', 'TPOGPACK']
🔄加载之前已分配产能: 221 个产能分配
[M4-Pandas] Production simulation 11 records: 0.9ms
💾保存当天产线状态: ['TPOCPACK', 'TPODPACK', 'TPOEPACK', 'TPOFPACK', 'TPOGPACK']
💾保存当天分配产能: 5 个产能分配 (小时单位)
Module4 daily output generated: C:\Users\admin\AppData\Local\Temp\tmp28izcmm6\output\module4\Module4Output_20260203.xlsx
🗂️ 持久化未来生产计划（不触发当日GR）...
✅已写入未来计划回补: 11 条
✅ Module4 完成 - 生成生产计划: 11 条记录
3️⃣ 运行 Module5 - 部署计划
[M5] load_integrated_config 用时: 0.501s
✅缓存已初始化: PTF/LSK=435 | LeadTime=46 | Network=4397
✅索引已构建: SDL=2376 | SS=2376 | Order=2077 | DeployCfg=1230
[M5] Demand collection only 用时: 10.588s
[M5] Demand collection+allocation 总用时: 17.776s
[M5] push_softpush_allocation 用时: 3.481s，生成行数: 38
[M5] Full day total 用时: 30.034s
    🎯 有效部署计划: 1156/43006 条

    📦 立即处理M5 deployment，更新open deployment...
✅ Added 1156 M5 deployment plans to open deployment for 2026-02-03
    ✅ 已更新 1156 条部署计划到open deployment

  ✅ Module5 完成 - 生成 1156 条有效部署计划
4️⃣ 运行 Module6 - 物流执行
[M6] OpenDeployment rows=2506 planned<=sim_date=2506 min=2025-12-15 00:00:00 max=2026-02-03 00:00:00
[M6-Pandas] Batch delay sampling 79 routes: 39.8ms
[M6-Pandas] Batch delay sampling 141 routes: 63.1ms
[M6-Pandas] Batch delay sampling 275 routes: 132.5ms
[M6-Pandas] Batch delay sampling 52 routes: 24.0ms
[M6-Pandas] Batch delay sampling 104 routes: 49.2ms
[M6-Pandas] Batch delay sampling 130 routes: 58.7ms
[M6-Pandas] Batch delay sampling 29 routes: 13.4ms
[M6-Pandas] Batch delay sampling 32 routes: 14.5ms
[M6-Pandas] Batch delay sampling 29 routes: 13.5ms
[M6-Pandas] Batch delay sampling 46 routes: 21.1ms
[M6-Pandas] Batch delay sampling 51 routes: 21.8ms
[M6-Pandas] Batch delay sampling 24 routes: 11.0ms
[M6-Pandas] Batch delay sampling 12 routes: 5.9ms
[M6->Orch] incoming rows: 1011; date=2026-02-03
✅ Processed 1011 M6 delivery plans for 2026-02-03
    ✅ 已处理 1011 条delivery计划

  ✅ Module6 完成 - 生成 1011 条交付计划
5️⃣ 运行 Module3 - 净需求计算
🔄 Module3 运行于集成模式
[M3] load_module1 total: 7.303s
[M3] assign_location_layers total: 0.125s, locations=4746
[M3-DuckDB] 批量计算 130 节点净需求: 192.1ms, input=130, output=130
[M3] batch layer 3: 130 nodes in 0.428s
[M3-DuckDB] 批量计算 2001 节点净需求: 243.0ms, input=2001, output=2001
[M3] batch layer 2: 2001 nodes in 3.996s
[M3-DuckDB] 批量计算 2266 节点净需求: 264.6ms, input=2266, output=2266
[M3] batch layer 1: 2266 nodes in 3.978s
[M3-DuckDB] 批量计算 349 节点净需求: 198.8ms, input=349, output=349
[M3] batch layer 0: 349 nodes in 0.560s
[M3] mrp_simulation: 9.616s, records=953
✅ Module3 集成模式完成
[M3] total: 17.405s, days=1, records=953
  ✅ Module3 完成
💾 每日结束状态保存
💾已保存 2026-02-03 期末库存: 2555 项
期初库存条目: 2555
生产入库条目: 6
交付入库条目: 1117
发货出库条目: 2077
发运出库条目(M6): 1011，数量合计: 14427
期末库存条目: 2555
  📊 从内存获取发运出库 [2026-02-03]: 185 项
📊 当日统计: {'date': '2026-02-03', 'total_inventory_items': 2555, 'total_inventory_quantity': 413942, 'open_deployment_count': 1495, 'in_transit_count': 5886, 'production_gr_count': 6, 'delivery_gr_count': 1117, 'shipment_count': 2077}
✅ 第 51 天处理完成
==================== 第 52/76 天: 2026-02-04 ====================
🌅 每日开始状态更新
💾保存期初库存快照...
💾已保存 2026-02-04 期初库存: 2555 项
📦处理当日delivery GR到达...
✅ Processed 1226 delivery arrivals for 2026-02-04
🏭处理历史生产当日入库...
📦当日需要入库的历史生产: 7 条记录
✅ Processed 7 M4 production receipts for 2026-02-04
1️⃣ 运行 Module1 - 订单生成
[M1] 周度→日度拆分完成，生成天数: 681912，耗时: 0.057s
[M1] 周度→日度拆分完成，生成天数: 681912，耗时: 0.064s
[M1] 平均需求计算完成，ML数: 2376，耗时: 0.156s
[M1] 订单生成完成 (AO耗时: 0.030s, Normal耗时: 0.026s, 总耗时: 0.213s)，订单数: 4610
[M1] AO消耗完成(向量化)，耗时: 0.050s
[M1] Normal消耗完成(向量化)，耗时: 0.027s
[M1] 当日订单生成完成，订单数: 4610，耗时: 9.920s
[M1] 历史订单读取完成，文件数: 13，合并条目: 229878
[M1] 历史订单合并前过滤完成，耗时: 9.367s
[M1] 发货与缺货计算完成，shipment: 2076，cut: 2076，耗时: 0.032s
[M1] 供需日志生成完成，条目: 213840，耗时: 3.047s
🚚立即处理M1 shipment，扣减库存...
✅ Processed 2076 M1 shipments for 2026-02-04
✅ 已扣减 2076 个shipment的库存
✅ Module1 完成 - 生成 17665 个订单, 2076 个发货
2️⃣ 运行 Module4 - 生产计划
🔄加载前一天产线状态: ['TPOCPACK', 'TPODPACK', 'TPOEPACK', 'TPOFPACK', 'TPOGPACK']
🔄加载之前已分配产能: 226 个产能分配
[M4-Pandas] Production simulation 11 records: 1.0ms
💾保存当天产线状态: ['TPOCPACK', 'TPODPACK', 'TPOEPACK', 'TPOFPACK', 'TPOGPACK']
💾保存当天分配产能: 5 个产能分配 (小时单位)
Module4 daily output generated: C:\Users\admin\AppData\Local\Temp\tmp28izcmm6\output\module4\Module4Output_20260204.xlsx
🗂️ 持久化未来生产计划（不触发当日GR）...
✅已写入未来计划回补: 11 条
✅ Module4 完成 - 生成生产计划: 11 条记录
3️⃣ 运行 Module5 - 部署计划
[M5] load_integrated_config 用时: 0.505s
✅缓存已初始化: PTF/LSK=435 | LeadTime=46 | Network=4397
✅索引已构建: SDL=2376 | SS=2376 | Order=2076 | DeployCfg=1230
[M5] Demand collection only 用时: 10.505s
[M5] Demand collection+allocation 总用时: 17.654s
[M5] push_softpush_allocation 用时: 3.592s，生成行数: 42
[M5] Full day total 用时: 30.082s
    🎯 有效部署计划: 992/42995 条

    📦 立即处理M5 deployment，更新open deployment...
✅ Added 992 M5 deployment plans to open deployment for 2026-02-04
    ✅ 已更新 992 条部署计划到open deployment

  ✅ Module5 完成 - 生成 992 条有效部署计划
4️⃣ 运行 Module6 - 物流执行
[M6] OpenDeployment rows=2487 planned<=sim_date=2487 min=2025-12-15 00:00:00 max=2026-02-04 00:00:00
[M6-Pandas] Batch delay sampling 66 routes: 32.8ms
[M6-Pandas] Batch delay sampling 139 routes: 64.0ms
[M6-Pandas] Batch delay sampling 200 routes: 93.7ms
[M6-Pandas] Batch delay sampling 241 routes: 117.3ms
[M6-Pandas] Batch delay sampling 257 routes: 120.0ms
[M6-Pandas] Batch delay sampling 140 routes: 63.1ms
[M6-Pandas] Batch delay sampling 21 routes: 9.7ms
[M6-Pandas] Batch delay sampling 30 routes: 14.5ms
[M6-Pandas] Batch delay sampling 26 routes: 11.9ms
[M6-Pandas] Batch delay sampling 10 routes: 4.5ms
[M6->Orch] incoming rows: 1142; date=2026-02-04
✅ Processed 1142 M6 delivery plans for 2026-02-04
    ✅ 已处理 1142 条delivery计划

  ✅ Module6 完成 - 生成 1142 条交付计划
5️⃣ 运行 Module3 - 净需求计算
🔄 Module3 运行于集成模式
[M3] load_module1 total: 7.371s
[M3] assign_location_layers total: 0.160s, locations=4746
[M3-DuckDB] 批量计算 130 节点净需求: 197.7ms, input=130, output=130
[M3] batch layer 3: 130 nodes in 0.439s
[M3-DuckDB] 批量计算 2001 节点净需求: 246.0ms, input=2001, output=2001
[M3] batch layer 2: 2001 nodes in 3.967s
[M3-DuckDB] 批量计算 2266 节点净需求: 258.1ms, input=2266, output=2266
[M3] batch layer 1: 2266 nodes in 4.020s
[M3-DuckDB] 批量计算 349 节点净需求: 198.4ms, input=349, output=349
[M3] batch layer 0: 349 nodes in 0.558s
[M3] mrp_simulation: 9.655s, records=956
✅ Module3 集成模式完成
[M3] total: 17.490s, days=1, records=956
  ✅ Module3 完成
💾 每日结束状态保存
💾已保存 2026-02-04 期末库存: 2556 项
期初库存条目: 2555
生产入库条目: 7
交付入库条目: 1226
发货出库条目: 2076
发运出库条目(M6): 1142，数量合计: 11943
期末库存条目: 2556
  📊 从内存获取发运出库 [2026-02-04]: 148 项
📊 当日统计: {'date': '2026-02-04', 'total_inventory_items': 2556, 'total_inventory_quantity': 410042, 'open_deployment_count': 1345, 'in_transit_count': 5802, 'production_gr_count': 7, 'delivery_gr_count': 1226, 'shipment_count': 2076}
✅ 第 52 天处理完成
==================== 第 53/76 天: 2026-02-05 ====================
🌅 每日开始状态更新
💾保存期初库存快照...
💾已保存 2026-02-05 期初库存: 2556 项
📦处理当日delivery GR到达...
✅ Processed 1455 delivery arrivals for 2026-02-05
🏭处理历史生产当日入库...
📦当日需要入库的历史生产: 15 条记录
✅ Processed 15 M4 production receipts for 2026-02-05
1️⃣ 运行 Module1 - 订单生成
[M1] 周度→日度拆分完成，生成天数: 681912，耗时: 0.066s
[M1] 周度→日度拆分完成，生成天数: 681912，耗时: 0.054s
[M1] 平均需求计算完成，ML数: 2376，耗时: 0.160s
[M1] 订单生成完成 (AO耗时: 0.020s, Normal耗时: 0.026s, 总耗时: 0.206s)，订单数: 4610
[M1] AO消耗完成(向量化)，耗时: 0.050s
[M1] Normal消耗完成(向量化)，耗时: 0.027s
[M1] 当日订单生成完成，订单数: 4610，耗时: 9.985s
[M1] 历史订单读取完成，文件数: 13，合并条目: 229854
[M1] 历史订单合并前过滤完成，耗时: 9.295s
[M1] 发货与缺货计算完成，shipment: 2076，cut: 2076，耗时: 0.031s
[M1] 供需日志生成完成，条目: 213840，耗时: 2.963s
🚚立即处理M1 shipment，扣减库存...
✅ Processed 2076 M1 shipments for 2026-02-05
✅ 已扣减 2076 个shipment的库存
✅ Module1 完成 - 生成 17665 个订单, 2076 个发货
2️⃣ 运行 Module4 - 生产计划
🔄加载前一天产线状态: ['TPOCPACK', 'TPODPACK', 'TPOEPACK', 'TPOFPACK', 'TPOGPACK']
🔄加载之前已分配产能: 231 个产能分配
[M4-Pandas] Production simulation 7 records: 0.9ms
💾保存当天产线状态: ['TPOCPACK', 'TPODPACK', 'TPOGPACK']
💾保存当天分配产能: 3 个产能分配 (小时单位)
Module4 daily output generated: C:\Users\admin\AppData\Local\Temp\tmp28izcmm6\output\module4\Module4Output_20260205.xlsx
🗂️ 持久化未来生产计划（不触发当日GR）...
✅已写入未来计划回补: 7 条
✅ Module4 完成 - 生成生产计划: 7 条记录
3️⃣ 运行 Module5 - 部署计划
[M5] load_integrated_config 用时: 0.482s
✅缓存已初始化: PTF/LSK=435 | LeadTime=46 | Network=4397
✅索引已构建: SDL=2376 | SS=2376 | Order=2076 | DeployCfg=1230
[M5] Demand collection only 用时: 10.895s
[M5] Demand collection+allocation 总用时: 17.958s
[M5] push_softpush_allocation 用时: 3.963s，生成行数: 76
[M5] Full day total 用时: 30.190s
    🎯 有效部署计划: 1069/42780 条

    📦 立即处理M5 deployment，更新open deployment...
✅ Added 1069 M5 deployment plans to open deployment for 2026-02-05
    ✅ 已更新 1069 条部署计划到open deployment

  ✅ Module5 完成 - 生成 1069 条有效部署计划
4️⃣ 运行 Module6 - 物流执行
[M6] OpenDeployment rows=2414 planned<=sim_date=2414 min=2025-12-15 00:00:00 max=2026-02-05 00:00:00
[M6-Pandas] Batch delay sampling 61 routes: 27.1ms
[M6-Pandas] Batch delay sampling 199 routes: 85.6ms
[M6-Pandas] Batch delay sampling 115 routes: 52.5ms
[M6-Pandas] Batch delay sampling 164 routes: 74.4ms
[M6-Pandas] Batch delay sampling 26 routes: 13.3ms
[M6-Pandas] Batch delay sampling 74 routes: 34.1ms
[M6-Pandas] Batch delay sampling 51 routes: 23.0ms
[M6-Pandas] Batch delay sampling 40 routes: 18.2ms
[M6-Pandas] Batch delay sampling 65 routes: 30.0ms
[M6-Pandas] Batch delay sampling 19 routes: 8.9ms
[M6-Pandas] Batch delay sampling 17 routes: 7.9ms
[M6->Orch] incoming rows: 838; date=2026-02-05
✅ Processed 838 M6 delivery plans for 2026-02-05
    ✅ 已处理 838 条delivery计划

  ✅ Module6 完成 - 生成 838 条交付计划
5️⃣ 运行 Module3 - 净需求计算
🔄 Module3 运行于集成模式
[M3] load_module1 total: 7.329s
[M3] assign_location_layers total: 0.122s, locations=4746
[M3-DuckDB] 批量计算 130 节点净需求: 195.8ms, input=130, output=130
[M3] batch layer 3: 130 nodes in 0.432s
[M3-DuckDB] 批量计算 2001 节点净需求: 249.5ms, input=2001, output=2001
[M3] batch layer 2: 2001 nodes in 4.046s
[M3-DuckDB] 批量计算 2266 节点净需求: 242.0ms, input=2266, output=2266
[M3] batch layer 1: 2266 nodes in 4.015s
[M3-DuckDB] 批量计算 349 节点净需求: 206.6ms, input=349, output=349
[M3] batch layer 0: 349 nodes in 0.594s
[M3] mrp_simulation: 9.743s, records=930
✅ Module3 集成模式完成
[M3] total: 17.565s, days=1, records=930
  ✅ Module3 完成
💾 每日结束状态保存
💾已保存 2026-02-05 期末库存: 2557 项
期初库存条目: 2556
生产入库条目: 15
交付入库条目: 1455
发货出库条目: 2076
发运出库条目(M6): 838，数量合计: 28759
期末库存条目: 2557
  📊 从内存获取发运出库 [2026-02-05]: 126 项
📊 当日统计: {'date': '2026-02-05', 'total_inventory_items': 2557, 'total_inventory_quantity': 412911, 'open_deployment_count': 1578, 'in_transit_count': 5185, 'production_gr_count': 15, 'delivery_gr_count': 1455, 'shipment_count': 2076}
✅ 第 53 天处理完成
==================== 第 54/76 天: 2026-02-06 ====================
🌅 每日开始状态更新
💾保存期初库存快照...
💾已保存 2026-02-06 期初库存: 2557 项
📦处理当日delivery GR到达...
✅ Processed 980 delivery arrivals for 2026-02-06
🏭处理历史生产当日入库...
📦当日需要入库的历史生产: 7 条记录
✅ Processed 7 M4 production receipts for 2026-02-06
1️⃣ 运行 Module1 - 订单生成
[M1] 周度→日度拆分完成，生成天数: 681912，耗时: 0.055s
[M1] 周度→日度拆分完成，生成天数: 681912，耗时: 0.056s
[M1] 平均需求计算完成，ML数: 2376，耗时: 0.157s
[M1] 订单生成完成 (AO耗时: 0.028s, Normal耗时: 0.025s, 总耗时: 0.211s)，订单数: 4610
[M1] AO消耗完成(向量化)，耗时: 0.050s
[M1] Normal消耗完成(向量化)，耗时: 0.026s
[M1] 当日订单生成完成，订单数: 4610，耗时: 9.871s
[M1] 历史订单读取完成，文件数: 13，合并条目: 229830
[M1] 历史订单合并前过滤完成，耗时: 9.232s
[M1] 发货与缺货计算完成，shipment: 2076，cut: 2076，耗时: 0.039s
[M1] 供需日志生成完成，条目: 213840，耗时: 3.018s
🚚立即处理M1 shipment，扣减库存...
✅ Processed 2076 M1 shipments for 2026-02-06
✅ 已扣减 2076 个shipment的库存
✅ Module1 完成 - 生成 17665 个订单, 2076 个发货
2️⃣ 运行 Module4 - 生产计划
🔄加载前一天产线状态: ['TPOCPACK', 'TPODPACK', 'TPOGPACK']
🔄加载之前已分配产能: 234 个产能分配
[M4-Pandas] Production simulation 4 records: 0.8ms
💾保存当天产线状态: ['TPOCPACK', 'TPOGPACK']
💾保存当天分配产能: 2 个产能分配 (小时单位)
Module4 daily output generated: C:\Users\admin\AppData\Local\Temp\tmp28izcmm6\output\module4\Module4Output_20260206.xlsx
🗂️ 持久化未来生产计划（不触发当日GR）...
✅已写入未来计划回补: 4 条
✅ Module4 完成 - 生成生产计划: 4 条记录
3️⃣ 运行 Module5 - 部署计划
[M5] load_integrated_config 用时: 0.520s
✅缓存已初始化: PTF/LSK=435 | LeadTime=46 | Network=4397
✅索引已构建: SDL=2376 | SS=2376 | Order=2076 | DeployCfg=1230
[M5] Demand collection only 用时: 10.087s
[M5] Demand collection+allocation 总用时: 17.247s
[M5] push_softpush_allocation 用时: 3.394s，生成行数: 39
[M5] Full day total 用时: 29.266s
    🎯 有效部署计划: 792/42646 条

    📦 立即处理M5 deployment，更新open deployment...
✅ Added 792 M5 deployment plans to open deployment for 2026-02-06
    ✅ 已更新 792 条部署计划到open deployment

  ✅ Module5 完成 - 生成 792 条有效部署计划
4️⃣ 运行 Module6 - 物流执行
[M6] OpenDeployment rows=2370 planned<=sim_date=2370 min=2025-12-15 00:00:00 max=2026-02-06 00:00:00
[M6-Pandas] Batch delay sampling 65 routes: 31.6ms
[M6-Pandas] Batch delay sampling 294 routes: 141.4ms
[M6-Pandas] Batch delay sampling 170 routes: 81.3ms
[M6-Pandas] Batch delay sampling 94 routes: 42.3ms
[M6-Pandas] Batch delay sampling 55 routes: 25.3ms
[M6-Pandas] Batch delay sampling 230 routes: 103.1ms
[M6-Pandas] Batch delay sampling 39 routes: 17.7ms
[M6-Pandas] Batch delay sampling 50 routes: 23.3ms
[M6-Pandas] Batch delay sampling 18 routes: 8.4ms
[M6->Orch] incoming rows: 1039; date=2026-02-06
✅ Processed 1039 M6 delivery plans for 2026-02-06
    ✅ 已处理 1039 条delivery计划

  ✅ Module6 完成 - 生成 1039 条交付计划
5️⃣ 运行 Module3 - 净需求计算
🔄 Module3 运行于集成模式
[M3] load_module1 total: 7.221s
[M3] assign_location_layers total: 0.126s, locations=4746
[M3-DuckDB] 批量计算 130 节点净需求: 203.2ms, input=130, output=130
[M3] batch layer 3: 130 nodes in 0.433s
[M3-DuckDB] 批量计算 2001 节点净需求: 242.9ms, input=2001, output=2001
[M3] batch layer 2: 2001 nodes in 3.979s
[M3-DuckDB] 批量计算 2266 节点净需求: 246.4ms, input=2266, output=2266
[M3] batch layer 1: 2266 nodes in 3.922s
[M3-DuckDB] 批量计算 349 节点净需求: 411.4ms, input=349, output=349
[M3] batch layer 0: 349 nodes in 0.778s
[M3] mrp_simulation: 9.737s, records=919
✅ Module3 集成模式完成
[M3] total: 17.438s, days=1, records=919
  ✅ Module3 完成
💾 每日结束状态保存
💾已保存 2026-02-06 期末库存: 2557 项
期初库存条目: 2557
生产入库条目: 7
交付入库条目: 980
发货出库条目: 2076
发运出库条目(M6): 1039，数量合计: 17610
期末库存条目: 2557
  📊 从内存获取发运出库 [2026-02-06]: 158 项
📊 当日统计: {'date': '2026-02-06', 'total_inventory_items': 2557, 'total_inventory_quantity': 418333, 'open_deployment_count': 1331, 'in_transit_count': 5244, 'production_gr_count': 7, 'delivery_gr_count': 980, 'shipment_count': 2076}
✅ 第 54 天处理完成
==================== 第 55/76 天: 2026-02-07 ====================
🌅 每日开始状态更新
💾保存期初库存快照...
💾已保存 2026-02-07 期初库存: 2557 项
📦处理当日delivery GR到达...
✅ Processed 878 delivery arrivals for 2026-02-07
🏭处理历史生产当日入库...
📦当日需要入库的历史生产: 6 条记录
✅ Processed 6 M4 production receipts for 2026-02-07
1️⃣ 运行 Module1 - 订单生成
[M1] 周度→日度拆分完成，生成天数: 681912，耗时: 0.072s
[M1] 周度→日度拆分完成，生成天数: 681912，耗时: 0.057s
[M1] 平均需求计算完成，ML数: 2376，耗时: 0.157s
[M1] 订单生成完成 (AO耗时: 0.030s, Normal耗时: 0.027s, 总耗时: 0.215s)，订单数: 4610
[M1] AO消耗完成(向量化)，耗时: 0.049s
[M1] Normal消耗完成(向量化)，耗时: 0.027s
[M1] 当日订单生成完成，订单数: 4610，耗时: 9.872s
[M1] 历史订单读取完成，文件数: 13，合并条目: 229806
[M1] 历史订单合并前过滤完成，耗时: 9.412s
[M1] 发货与缺货计算完成，shipment: 2076，cut: 2076，耗时: 0.034s
[M1] 供需日志生成完成，条目: 213840，耗时: 3.053s
🚚立即处理M1 shipment，扣减库存...
✅ Processed 2076 M1 shipments for 2026-02-07
✅ 已扣减 2076 个shipment的库存
✅ Module1 完成 - 生成 17665 个订单, 2076 个发货
2️⃣ 运行 Module4 - 生产计划
🔄加载前一天产线状态: ['TPOCPACK', 'TPOGPACK']
🔄加载之前已分配产能: 236 个产能分配
[M4-Pandas] Production simulation 11 records: 0.9ms
💾保存当天产线状态: ['TPOCPACK', 'TPODPACK', 'TPOEPACK', 'TPOFPACK', 'TPOGPACK']
💾保存当天分配产能: 5 个产能分配 (小时单位)
Module4 daily output generated: C:\Users\admin\AppData\Local\Temp\tmp28izcmm6\output\module4\Module4Output_20260207.xlsx
🗂️ 持久化未来生产计划（不触发当日GR）...
✅已写入未来计划回补: 11 条
✅ Module4 完成 - 生成生产计划: 11 条记录
3️⃣ 运行 Module5 - 部署计划
[M5] load_integrated_config 用时: 0.484s
✅缓存已初始化: PTF/LSK=435 | LeadTime=46 | Network=4397
✅索引已构建: SDL=2376 | SS=2376 | Order=2076 | DeployCfg=1230
[M5] Demand collection only 用时: 9.907s
[M5] Demand collection+allocation 总用时: 17.023s
[M5] push_softpush_allocation 用时: 3.257s，生成行数: 30
[M5] Full day total 用时: 29.094s
    🎯 有效部署计划: 916/42518 条

    📦 立即处理M5 deployment，更新open deployment...
✅ Added 916 M5 deployment plans to open deployment for 2026-02-07
    ✅ 已更新 916 条部署计划到open deployment

  ✅ Module5 完成 - 生成 916 条有效部署计划
4️⃣ 运行 Module6 - 物流执行
[M6] OpenDeployment rows=2247 planned<=sim_date=2247 min=2025-12-15 00:00:00 max=2026-02-07 00:00:00
[M6-Pandas] Batch delay sampling 76 routes: 34.4ms
[M6-Pandas] Batch delay sampling 123 routes: 54.8ms
[M6-Pandas] Batch delay sampling 57 routes: 27.2ms
[M6-Pandas] Batch delay sampling 73 routes: 32.7ms
[M6-Pandas] Batch delay sampling 108 routes: 46.8ms
[M6-Pandas] Batch delay sampling 19 routes: 8.8ms
[M6-Pandas] Batch delay sampling 51 routes: 22.2ms
[M6-Pandas] Batch delay sampling 43 routes: 19.1ms
[M6-Pandas] Batch delay sampling 20 routes: 8.7ms
[M6-Pandas] Batch delay sampling 27 routes: 13.7ms
[M6->Orch] incoming rows: 616; date=2026-02-07
✅ Processed 616 M6 delivery plans for 2026-02-07
    ✅ 已处理 616 条delivery计划

  ✅ Module6 完成 - 生成 616 条交付计划
5️⃣ 运行 Module3 - 净需求计算
🔄 Module3 运行于集成模式
[M3] load_module1 total: 7.358s
[M3] assign_location_layers total: 0.124s, locations=4746
[M3-DuckDB] 批量计算 130 节点净需求: 187.4ms, input=130, output=130
[M3] batch layer 3: 130 nodes in 0.441s
[M3-DuckDB] 批量计算 2001 节点净需求: 238.2ms, input=2001, output=2001
[M3] batch layer 2: 2001 nodes in 4.059s
[M3-DuckDB] 批量计算 2266 节点净需求: 243.8ms, input=2266, output=2266
[M3] batch layer 1: 2266 nodes in 3.970s
[M3-DuckDB] 批量计算 349 节点净需求: 197.1ms, input=349, output=349
[M3] batch layer 0: 349 nodes in 0.566s
[M3] mrp_simulation: 9.689s, records=924
✅ Module3 集成模式完成
[M3] total: 17.554s, days=1, records=924
  ✅ Module3 完成
💾 每日结束状态保存
💾已保存 2026-02-07 期末库存: 2557 项
期初库存条目: 2557
生产入库条目: 6
交付入库条目: 878
发货出库条目: 2076
发运出库条目(M6): 616，数量合计: 13715
期末库存条目: 2557
  📊 从内存获取发运出库 [2026-02-07]: 197 项
📊 当日统计: {'date': '2026-02-07', 'total_inventory_items': 2557, 'total_inventory_quantity': 420383, 'open_deployment_count': 1631, 'in_transit_count': 4982, 'production_gr_count': 6, 'delivery_gr_count': 878, 'shipment_count': 2076}
✅ 第 55 天处理完成
==================== 第 56/76 天: 2026-02-08 ====================
🌅 每日开始状态更新
💾保存期初库存快照...
💾已保存 2026-02-08 期初库存: 2557 项
📦处理当日delivery GR到达...
✅ Processed 1304 delivery arrivals for 2026-02-08
🏭处理历史生产当日入库...
📦当日需要入库的历史生产: 9 条记录
✅ Processed 9 M4 production receipts for 2026-02-08
1️⃣ 运行 Module1 - 订单生成
[M1] 周度→日度拆分完成，生成天数: 681912，耗时: 0.058s
[M1] 周度→日度拆分完成，生成天数: 681912，耗时: 0.063s
[M1] 平均需求计算完成，ML数: 2376，耗时: 0.157s
[M1] 订单生成完成 (AO耗时: 0.028s, Normal耗时: 0.028s, 总耗时: 0.213s)，订单数: 4610
[M1] AO消耗完成(向量化)，耗时: 0.049s
[M1] Normal消耗完成(向量化)，耗时: 0.026s
[M1] 当日订单生成完成，订单数: 4610，耗时: 9.800s
[M1] 历史订单读取完成，文件数: 13，合并条目: 229782
[M1] 历史订单合并前过滤完成，耗时: 9.248s
[M1] 发货与缺货计算完成，shipment: 2076，cut: 2076，耗时: 0.033s
[M1] 供需日志生成完成，条目: 213840，耗时: 3.066s
🚚立即处理M1 shipment，扣减库存...
✅ Processed 2076 M1 shipments for 2026-02-08
✅ 已扣减 2076 个shipment的库存
✅ Module1 完成 - 生成 17665 个订单, 2076 个发货
2️⃣ 运行 Module4 - 生产计划
🔄加载前一天产线状态: ['TPOCPACK', 'TPODPACK', 'TPOEPACK', 'TPOFPACK', 'TPOGPACK']
🔄加载之前已分配产能: 241 个产能分配
[M4-Pandas] Production simulation 7 records: 1.0ms
💾保存当天产线状态: ['TPOCPACK', 'TPODPACK', 'TPOFPACK', 'TPOGPACK']
💾保存当天分配产能: 4 个产能分配 (小时单位)
Module4 daily output generated: C:\Users\admin\AppData\Local\Temp\tmp28izcmm6\output\module4\Module4Output_20260208.xlsx
🗂️ 持久化未来生产计划（不触发当日GR）...
✅已写入未来计划回补: 7 条
✅ Module4 完成 - 生成生产计划: 7 条记录
3️⃣ 运行 Module5 - 部署计划
[M5] load_integrated_config 用时: 0.531s
✅缓存已初始化: PTF/LSK=435 | LeadTime=46 | Network=4397
✅索引已构建: SDL=2376 | SS=2376 | Order=2076 | DeployCfg=1230
[M5] Demand collection only 用时: 10.475s
[M5] Demand collection+allocation 总用时: 17.622s
[M5] push_softpush_allocation 用时: 3.660s，生成行数: 50
[M5] Full day total 用时: 29.571s
    🎯 有效部署计划: 969/42378 条

    📦 立即处理M5 deployment，更新open deployment...
✅ Added 969 M5 deployment plans to open deployment for 2026-02-08
    ✅ 已更新 969 条部署计划到open deployment

  ✅ Module5 完成 - 生成 969 条有效部署计划
4️⃣ 运行 Module6 - 物流执行
[M6] OpenDeployment rows=2600 planned<=sim_date=2600 min=2025-12-15 00:00:00 max=2026-02-08 00:00:00
[M6-Pandas] Batch delay sampling 86 routes: 38.5ms
[M6-Pandas] Batch delay sampling 324 routes: 154.6ms
[M6-Pandas] Batch delay sampling 262 routes: 120.8ms
[M6-Pandas] Batch delay sampling 157 routes: 70.7ms
[M6-Pandas] Batch delay sampling 262 routes: 119.6ms
[M6-Pandas] Batch delay sampling 27 routes: 12.9ms
[M6-Pandas] Batch delay sampling 49 routes: 21.6ms
[M6-Pandas] Batch delay sampling 41 routes: 18.5ms
[M6-Pandas] Batch delay sampling 16 routes: 7.7ms
[M6-Pandas] Batch delay sampling 11 routes: 5.2ms
[M6-Pandas] Batch delay sampling 16 routes: 7.5ms
[M6-Pandas] Batch delay sampling 19 routes: 10.3ms
[M6->Orch] incoming rows: 1280; date=2026-02-08
✅ Processed 1280 M6 delivery plans for 2026-02-08
    ✅ 已处理 1280 条delivery计划

  ✅ Module6 完成 - 生成 1280 条交付计划
5️⃣ 运行 Module3 - 净需求计算
🔄 Module3 运行于集成模式
[M3] load_module1 total: 7.068s
[M3] assign_location_layers total: 0.125s, locations=4746
[M3-DuckDB] 批量计算 130 节点净需求: 192.0ms, input=130, output=130
[M3] batch layer 3: 130 nodes in 0.417s
[M3-DuckDB] 批量计算 2001 节点净需求: 239.7ms, input=2001, output=2001
[M3] batch layer 2: 2001 nodes in 4.058s
[M3-DuckDB] 批量计算 2266 节点净需求: 248.5ms, input=2266, output=2266
[M3] batch layer 1: 2266 nodes in 3.984s
[M3-DuckDB] 批量计算 349 节点净需求: 201.3ms, input=349, output=349
[M3] batch layer 0: 349 nodes in 0.575s
[M3] mrp_simulation: 9.680s, records=866
✅ Module3 集成模式完成
[M3] total: 17.369s, days=1, records=866
  ✅ Module3 完成
💾 每日结束状态保存
💾已保存 2026-02-08 期末库存: 2557 项
期初库存条目: 2557
生产入库条目: 9
交付入库条目: 1304
发货出库条目: 2076
发运出库条目(M6): 1280，数量合计: 19700
期末库存条目: 2557
  📊 从内存获取发运出库 [2026-02-08]: 141 项
📊 当日统计: {'date': '2026-02-08', 'total_inventory_items': 2557, 'total_inventory_quantity': 426469, 'open_deployment_count': 1320, 'in_transit_count': 4958, 'production_gr_count': 9, 'delivery_gr_count': 1304, 'shipment_count': 2076}
✅ 第 56 天处理完成
==================== 第 57/76 天: 2026-02-09 ====================
🌅 每日开始状态更新
💾保存期初库存快照...
💾已保存 2026-02-09 期初库存: 2557 项
📦处理当日delivery GR到达...
✅ Processed 1028 delivery arrivals for 2026-02-09
🏭处理历史生产当日入库...
📦当日需要入库的历史生产: 9 条记录
✅ Processed 9 M4 production receipts for 2026-02-09
1️⃣ 运行 Module1 - 订单生成
[M1] 周度→日度拆分完成，生成天数: 681912，耗时: 0.064s
[M1] 周度→日度拆分完成，生成天数: 681912，耗时: 0.057s
[M1] 平均需求计算完成，ML数: 2376，耗时: 0.160s
[M1] 订单生成完成 (AO耗时: 0.029s, Normal耗时: 0.026s, 总耗时: 0.215s)，订单数: 4610
[M1] AO消耗完成(向量化)，耗时: 0.053s
[M1] Normal消耗完成(向量化)，耗时: 0.027s
[M1] 当日订单生成完成，订单数: 4610，耗时: 9.803s
[M1] 历史订单读取完成，文件数: 13，合并条目: 229758
[M1] 历史订单合并前过滤完成，耗时: 9.379s
[M1] 发货与缺货计算完成，shipment: 2076，cut: 2076，耗时: 0.030s
[M1] 供需日志生成完成，条目: 213840，耗时: 3.102s
🚚立即处理M1 shipment，扣减库存...
✅ Processed 2076 M1 shipments for 2026-02-09
✅ 已扣减 2076 个shipment的库存
✅ Module1 完成 - 生成 17665 个订单, 2076 个发货
2️⃣ 运行 Module4 - 生产计划
🔄加载前一天产线状态: ['TPOCPACK', 'TPODPACK', 'TPOFPACK', 'TPOGPACK']
🔄加载之前已分配产能: 245 个产能分配
[M4-Pandas] Production simulation 7 records: 0.8ms
💾保存当天产线状态: ['TPOCPACK', 'TPODPACK', 'TPOEPACK', 'TPOFPACK', 'TPOGPACK']
💾保存当天分配产能: 5 个产能分配 (小时单位)
Module4 daily output generated: C:\Users\admin\AppData\Local\Temp\tmp28izcmm6\output\module4\Module4Output_20260209.xlsx
🗂️ 持久化未来生产计划（不触发当日GR）...
✅已写入未来计划回补: 7 条
✅ Module4 完成 - 生成生产计划: 7 条记录
3️⃣ 运行 Module5 - 部署计划
[M5] load_integrated_config 用时: 0.521s
✅缓存已初始化: PTF/LSK=435 | LeadTime=46 | Network=4397
✅索引已构建: SDL=2376 | SS=2376 | Order=2076 | DeployCfg=1230
[M5] Demand collection only 用时: 9.771s
[M5] Demand collection+allocation 总用时: 16.813s
[M5] push_softpush_allocation 用时: 3.759s，生成行数: 69
[M5] Full day total 用时: 29.276s
    🎯 有效部署计划: 782/42241 条

    📦 立即处理M5 deployment，更新open deployment...
✅ Added 782 M5 deployment plans to open deployment for 2026-02-09
    ✅ 已更新 782 条部署计划到open deployment

  ✅ Module5 完成 - 生成 782 条有效部署计划
4️⃣ 运行 Module6 - 物流执行
[M6] OpenDeployment rows=2102 planned<=sim_date=2102 min=2025-12-15 00:00:00 max=2026-02-09 00:00:00
[M6-Pandas] Batch delay sampling 71 routes: 32.6ms
[M6-Pandas] Batch delay sampling 98 routes: 42.3ms
[M6-Pandas] Batch delay sampling 150 routes: 68.0ms
[M6-Pandas] Batch delay sampling 286 routes: 132.7ms
[M6-Pandas] Batch delay sampling 110 routes: 53.6ms
[M6-Pandas] Batch delay sampling 96 routes: 44.5ms
[M6-Pandas] Batch delay sampling 40 routes: 19.5ms
[M6-Pandas] Batch delay sampling 39 routes: 18.0ms
[M6-Pandas] Batch delay sampling 53 routes: 24.8ms
[M6-Pandas] Batch delay sampling 13 routes: 6.2ms
[M6-Pandas] Batch delay sampling 18 routes: 8.5ms
[M6-Pandas] Batch delay sampling 21 routes: 10.2ms
[M6-Pandas] Batch delay sampling 11 routes: 5.4ms
[M6-Pandas] Batch delay sampling 10 routes: 4.8ms
[M6-Pandas] Batch delay sampling 11 routes: 5.6ms
[M6->Orch] incoming rows: 1027; date=2026-02-09
✅ Processed 1027 M6 delivery plans for 2026-02-09
    ✅ 已处理 1027 条delivery计划

  ✅ Module6 完成 - 生成 1027 条交付计划
5️⃣ 运行 Module3 - 净需求计算
🔄 Module3 运行于集成模式
[M3] load_module1 total: 7.328s
[M3] assign_location_layers total: 0.121s, locations=4746
[M3-DuckDB] 批量计算 130 节点净需求: 199.3ms, input=130, output=130
[M3] batch layer 3: 130 nodes in 0.427s
[M3-DuckDB] 批量计算 2001 节点净需求: 239.4ms, input=2001, output=2001
[M3] batch layer 2: 2001 nodes in 3.931s
[M3-DuckDB] 批量计算 2266 节点净需求: 245.4ms, input=2266, output=2266
[M3] batch layer 1: 2266 nodes in 3.904s
[M3-DuckDB] 批量计算 349 节点净需求: 204.4ms, input=349, output=349
[M3] batch layer 0: 349 nodes in 0.559s
[M3] mrp_simulation: 9.494s, records=843
✅ Module3 集成模式完成
[M3] total: 17.239s, days=1, records=843
  ✅ Module3 完成
💾 每日结束状态保存
💾已保存 2026-02-09 期末库存: 2557 项
期初库存条目: 2557
生产入库条目: 9
交付入库条目: 1028
发货出库条目: 2076
发运出库条目(M6): 1027，数量合计: 16596
期末库存条目: 2557
  📊 从内存获取发运出库 [2026-02-09]: 182 项
📊 当日统计: {'date': '2026-02-09', 'total_inventory_items': 2557, 'total_inventory_quantity': 418210, 'open_deployment_count': 1075, 'in_transit_count': 4957, 'production_gr_count': 9, 'delivery_gr_count': 1028, 'shipment_count': 2076}
✅ 第 57 天处理完成
==================== 第 58/76 天: 2026-02-10 ====================
🌅 每日开始状态更新
💾保存期初库存快照...
💾已保存 2026-02-10 期初库存: 2557 项
📦处理当日delivery GR到达...
✅ Processed 1258 delivery arrivals for 2026-02-10
🏭处理历史生产当日入库...
📦当日需要入库的历史生产: 14 条记录
✅ Processed 14 M4 production receipts for 2026-02-10
1️⃣ 运行 Module1 - 订单生成
[M1] 周度→日度拆分完成，生成天数: 681912，耗时: 0.055s
[M1] 周度→日度拆分完成，生成天数: 681912，耗时: 0.060s
[M1] 平均需求计算完成，ML数: 2376，耗时: 0.156s
[M1] 订单生成完成 (AO耗时: 0.028s, Normal耗时: 0.027s, 总耗时: 0.211s)，订单数: 4543
[M1] AO消耗完成(向量化)，耗时: 0.049s
[M1] Normal消耗完成(向量化)，耗时: 0.027s
[M1] 当日订单生成完成，订单数: 4543，耗时: 9.786s
[M1] 历史订单读取完成，文件数: 13，合并条目: 229742
[M1] 历史订单合并前过滤完成，耗时: 9.418s
[M1] 发货与缺货计算完成，shipment: 2009，cut: 2009，耗时: 0.032s
[M1] 供需日志生成完成，条目: 213840，耗时: 3.093s
🚚立即处理M1 shipment，扣减库存...
✅ Processed 2009 M1 shipments for 2026-02-10
✅ 已扣减 2009 个shipment的库存
✅ Module1 完成 - 生成 17598 个订单, 2009 个发货
2️⃣ 运行 Module4 - 生产计划
🔄加载前一天产线状态: ['TPOCPACK', 'TPODPACK', 'TPOEPACK', 'TPOFPACK', 'TPOGPACK']
🔄加载之前已分配产能: 250 个产能分配
[M4-Pandas] Production simulation 9 records: 0.9ms
💾保存当天产线状态: ['TPOCPACK', 'TPODPACK', 'TPOEPACK', 'TPOGPACK']
💾保存当天分配产能: 6 个产能分配 (小时单位)
Module4 daily output generated: C:\Users\admin\AppData\Local\Temp\tmp28izcmm6\output\module4\Module4Output_20260210.xlsx
🗂️ 持久化未来生产计划（不触发当日GR）...
✅已写入未来计划回补: 9 条
✅ Module4 完成 - 生成生产计划: 9 条记录
3️⃣ 运行 Module5 - 部署计划
[M5] load_integrated_config 用时: 0.443s
✅缓存已初始化: PTF/LSK=435 | LeadTime=46 | Network=4397
✅索引已构建: SDL=2376 | SS=2376 | Order=2009 | DeployCfg=1230
[M5] Demand collection only 用时: 9.199s
[M5] Demand collection+allocation 总用时: 16.139s
[M5] push_softpush_allocation 用时: 4.233s，生成行数: 68
[M5] Full day total 用时: 28.952s
    🎯 有效部署计划: 762/41750 条

    📦 立即处理M5 deployment，更新open deployment...
✅ Added 762 M5 deployment plans to open deployment for 2026-02-10
    ✅ 已更新 762 条部署计划到open deployment

  ✅ Module5 完成 - 生成 762 条有效部署计划
4️⃣ 运行 Module6 - 物流执行
[M6] OpenDeployment rows=1837 planned<=sim_date=1837 min=2025-12-15 00:00:00 max=2026-02-10 00:00:00
[M6-Pandas] Batch delay sampling 60 routes: 27.7ms
[M6-Pandas] Batch delay sampling 87 routes: 38.5ms
[M6-Pandas] Batch delay sampling 99 routes: 44.5ms
[M6-Pandas] Batch delay sampling 169 routes: 80.1ms
[M6-Pandas] Batch delay sampling 29 routes: 13.2ms
[M6-Pandas] Batch delay sampling 84 routes: 37.6ms
[M6-Pandas] Batch delay sampling 48 routes: 22.3ms
[M6-Pandas] Batch delay sampling 54 routes: 26.0ms
[M6-Pandas] Batch delay sampling 21 routes: 10.6ms
[M6-Pandas] Batch delay sampling 11 routes: 5.1ms
[M6-Pandas] Batch delay sampling 26 routes: 11.6ms
[M6->Orch] incoming rows: 699; date=2026-02-10
✅ Processed 699 M6 delivery plans for 2026-02-10
    ✅ 已处理 699 条delivery计划

  ✅ Module6 完成 - 生成 699 条交付计划
5️⃣ 运行 Module3 - 净需求计算
🔄 Module3 运行于集成模式
[M3] load_module1 total: 7.295s
[M3] assign_location_layers total: 0.124s, locations=4746
[M3-DuckDB] 批量计算 130 节点净需求: 192.8ms, input=130, output=130
[M3] batch layer 3: 130 nodes in 0.413s
[M3-DuckDB] 批量计算 2001 节点净需求: 238.3ms, input=2001, output=2001
[M3] batch layer 2: 2001 nodes in 3.929s
[M3-DuckDB] 批量计算 2266 节点净需求: 262.0ms, input=2266, output=2266
[M3] batch layer 1: 2266 nodes in 3.909s
[M3-DuckDB] 批量计算 349 节点净需求: 202.2ms, input=349, output=349
[M3] batch layer 0: 349 nodes in 0.563s
[M3] mrp_simulation: 9.526s, records=769
✅ Module3 集成模式完成
[M3] total: 17.247s, days=1, records=769
  ✅ Module3 完成
💾 每日结束状态保存
💾已保存 2026-02-10 期末库存: 2557 项
期初库存条目: 2557
生产入库条目: 14
交付入库条目: 1258
发货出库条目: 2009
发运出库条目(M6): 699，数量合计: 30899
期末库存条目: 2557
  📊 从内存获取发运出库 [2026-02-10]: 118 项
📊 当日统计: {'date': '2026-02-10', 'total_inventory_items': 2557, 'total_inventory_quantity': 424511, 'open_deployment_count': 1141, 'in_transit_count': 4398, 'production_gr_count': 14, 'delivery_gr_count': 1258, 'shipment_count': 2009}
✅ 第 58 天处理完成
==================== 第 59/76 天: 2026-02-11 ====================
🌅 每日开始状态更新
💾保存期初库存快照...
💾已保存 2026-02-11 期初库存: 2557 项
📦处理当日delivery GR到达...
✅ Processed 721 delivery arrivals for 2026-02-11
🏭处理历史生产当日入库...
📦当日需要入库的历史生产: 13 条记录
✅ Processed 13 M4 production receipts for 2026-02-11
1️⃣ 运行 Module1 - 订单生成
[M1] 周度→日度拆分完成，生成天数: 681912，耗时: 0.056s
[M1] 周度→日度拆分完成，生成天数: 681912，耗时: 0.058s
[M1] 平均需求计算完成，ML数: 2376，耗时: 0.186s
[M1] 订单生成完成 (AO耗时: 0.037s, Normal耗时: 0.034s, 总耗时: 0.257s)，订单数: 4517
[M1] AO消耗完成(向量化)，耗时: 0.056s
[M1] Normal消耗完成(向量化)，耗时: 0.024s
[M1] 当日订单生成完成，订单数: 4517，耗时: 10.001s
[M1] 历史订单读取完成，文件数: 13，合并条目: 229659
[M1] 历史订单合并前过滤完成，耗时: 9.591s
[M1] 发货与缺货计算完成，shipment: 1983，cut: 1983，耗时: 0.029s
[M1] 供需日志生成完成，条目: 213840，耗时: 2.816s
🚚立即处理M1 shipment，扣减库存...
✅ Processed 1983 M1 shipments for 2026-02-11
✅ 已扣减 1983 个shipment的库存
✅ Module1 完成 - 生成 17572 个订单, 1983 个发货
2️⃣ 运行 Module4 - 生产计划
🔄加载前一天产线状态: ['TPOCPACK', 'TPODPACK', 'TPOEPACK', 'TPOGPACK']
🔄加载之前已分配产能: 256 个产能分配
[M4-Pandas] Production simulation 3 records: 0.9ms
💾保存当天产线状态: ['TPOGPACK']
💾保存当天分配产能: 1 个产能分配 (小时单位)
Module4 daily output generated: C:\Users\admin\AppData\Local\Temp\tmp28izcmm6\output\module4\Module4Output_20260211.xlsx
🗂️ 持久化未来生产计划（不触发当日GR）...
✅已写入未来计划回补: 3 条
✅ Module4 完成 - 生成生产计划: 3 条记录
3️⃣ 运行 Module5 - 部署计划
[M5] load_integrated_config 用时: 0.453s
✅缓存已初始化: PTF/LSK=435 | LeadTime=46 | Network=4397
✅索引已构建: SDL=2376 | SS=2376 | Order=1983 | DeployCfg=1230
[M5] Demand collection only 用时: 9.567s
[M5] Demand collection+allocation 总用时: 16.455s
[M5] push_softpush_allocation 用时: 3.942s，生成行数: 37
[M5] Full day total 用时: 28.551s
    🎯 有效部署计划: 688/41560 条

    📦 立即处理M5 deployment，更新open deployment...
✅ Added 688 M5 deployment plans to open deployment for 2026-02-11
    ✅ 已更新 688 条部署计划到open deployment

  ✅ Module5 完成 - 生成 688 条有效部署计划
4️⃣ 运行 Module6 - 物流执行
[M6] OpenDeployment rows=1829 planned<=sim_date=1829 min=2025-12-15 00:00:00 max=2026-02-11 00:00:00
[M6-Pandas] Batch delay sampling 68 routes: 30.4ms
[M6-Pandas] Batch delay sampling 150 routes: 69.8ms
[M6-Pandas] Batch delay sampling 101 routes: 45.6ms
[M6-Pandas] Batch delay sampling 83 routes: 39.0ms
[M6-Pandas] Batch delay sampling 37 routes: 16.8ms
[M6-Pandas] Batch delay sampling 67 routes: 30.1ms
[M6-Pandas] Batch delay sampling 71 routes: 32.8ms
[M6-Pandas] Batch delay sampling 16 routes: 7.1ms
[M6-Pandas] Batch delay sampling 21 routes: 9.6ms
[M6->Orch] incoming rows: 635; date=2026-02-11
✅ Processed 635 M6 delivery plans for 2026-02-11
    ✅ 已处理 635 条delivery计划

  ✅ Module6 完成 - 生成 635 条交付计划
5️⃣ 运行 Module3 - 净需求计算
🔄 Module3 运行于集成模式
[M3] load_module1 total: 7.396s
[M3] assign_location_layers total: 0.121s, locations=4746
[M3-DuckDB] 批量计算 130 节点净需求: 192.1ms, input=130, output=130
[M3] batch layer 3: 130 nodes in 0.414s
[M3-DuckDB] 批量计算 2001 节点净需求: 250.2ms, input=2001, output=2001
[M3] batch layer 2: 2001 nodes in 3.917s
[M3-DuckDB] 批量计算 2266 节点净需求: 259.1ms, input=2266, output=2266
[M3] batch layer 1: 2266 nodes in 3.830s
[M3-DuckDB] 批量计算 349 节点净需求: 199.9ms, input=349, output=349
[M3] batch layer 0: 349 nodes in 0.558s
[M3] mrp_simulation: 9.200s, records=730
✅ Module3 集成模式完成
[M3] total: 17.184s, days=1, records=730
  ✅ Module3 完成
💾 每日结束状态保存
💾已保存 2026-02-11 期末库存: 2557 项
期初库存条目: 2557
生产入库条目: 13
交付入库条目: 721
发货出库条目: 1983
发运出库条目(M6): 635，数量合计: 18871
期末库存条目: 2557
  📊 从内存获取发运出库 [2026-02-11]: 195 项
📊 当日统计: {'date': '2026-02-11', 'total_inventory_items': 2557, 'total_inventory_quantity': 439734, 'open_deployment_count': 1194, 'in_transit_count': 4312, 'production_gr_count': 13, 'delivery_gr_count': 721, 'shipment_count': 1983}
✅ 第 59 天处理完成
==================== 第 60/76 天: 2026-02-12 ====================
🌅 每日开始状态更新
💾保存期初库存快照...
💾已保存 2026-02-12 期初库存: 2557 项
📦处理当日delivery GR到达...
✅ Processed 835 delivery arrivals for 2026-02-12
🏭处理历史生产当日入库...
📦当日需要入库的历史生产: 3 条记录
✅ Processed 3 M4 production receipts for 2026-02-12
1️⃣ 运行 Module1 - 订单生成
[M1] 周度→日度拆分完成，生成天数: 681912，耗时: 0.055s
[M1] 周度→日度拆分完成，生成天数: 681912，耗时: 0.054s
[M1] 平均需求计算完成，ML数: 2376，耗时: 0.155s
[M1] 订单生成完成 (AO耗时: 0.029s, Normal耗时: 0.026s, 总耗时: 0.210s)，订单数: 4505
[M1] AO消耗完成(向量化)，耗时: 0.050s
[M1] Normal消耗完成(向量化)，耗时: 0.024s
[M1] 当日订单生成完成，订单数: 4505，耗时: 9.733s
[M1] 历史订单读取完成，文件数: 13，合并条目: 229550
[M1] 历史订单合并前过滤完成，耗时: 9.357s
[M1] 发货与缺货计算完成，shipment: 1971，cut: 1971，耗时: 0.032s
[M1] 供需日志生成完成，条目: 213840，耗时: 2.817s
🚚立即处理M1 shipment，扣减库存...
✅ Processed 1971 M1 shipments for 2026-02-12
✅ 已扣减 1971 个shipment的库存
✅ Module1 完成 - 生成 17560 个订单, 1971 个发货
2️⃣ 运行 Module4 - 生产计划
🔄加载前一天产线状态: ['TPOGPACK']
🔄加载之前已分配产能: 256 个产能分配
[M4-Pandas] Production simulation 7 records: 0.9ms
💾保存当天产线状态: ['TPOCPACK', 'TPODPACK', 'TPOEPACK', 'TPOGPACK']
💾保存当天分配产能: 4 个产能分配 (小时单位)
Module4 daily output generated: C:\Users\admin\AppData\Local\Temp\tmp28izcmm6\output\module4\Module4Output_20260212.xlsx
🗂️ 持久化未来生产计划（不触发当日GR）...
✅已写入未来计划回补: 7 条
✅ Module4 完成 - 生成生产计划: 7 条记录
3️⃣ 运行 Module5 - 部署计划
[M5] load_integrated_config 用时: 0.486s
✅缓存已初始化: PTF/LSK=435 | LeadTime=46 | Network=4397
✅索引已构建: SDL=2376 | SS=2376 | Order=1971 | DeployCfg=1230
[M5] Demand collection only 用时: 9.265s
[M5] Demand collection+allocation 总用时: 16.047s
[M5] push_softpush_allocation 用时: 3.390s，生成行数: 18
[M5] Full day total 用时: 27.706s
    🎯 有效部署计划: 529/41339 条

    📦 立即处理M5 deployment，更新open deployment...
✅ Added 529 M5 deployment plans to open deployment for 2026-02-12
    ✅ 已更新 529 条部署计划到open deployment

  ✅ Module5 完成 - 生成 529 条有效部署计划
4️⃣ 运行 Module6 - 物流执行
[M6] OpenDeployment rows=1723 planned<=sim_date=1723 min=2025-12-15 00:00:00 max=2026-02-12 00:00:00
[M6-Pandas] Batch delay sampling 53 routes: 23.9ms
[M6-Pandas] Batch delay sampling 26 routes: 12.9ms
[M6-Pandas] Batch delay sampling 115 routes: 51.4ms
[M6-Pandas] Batch delay sampling 24 routes: 10.7ms
[M6-Pandas] Batch delay sampling 50 routes: 22.5ms
[M6-Pandas] Batch delay sampling 154 routes: 69.4ms
[M6-Pandas] Batch delay sampling 65 routes: 29.5ms
[M6-Pandas] Batch delay sampling 10 routes: 4.7ms
[M6-Pandas] Batch delay sampling 10 routes: 4.7ms
[M6-Pandas] Batch delay sampling 21 routes: 9.7ms
[M6->Orch] incoming rows: 542; date=2026-02-12
✅ Processed 542 M6 delivery plans for 2026-02-12
    ✅ 已处理 542 条delivery计划

  ✅ Module6 完成 - 生成 542 条交付计划
5️⃣ 运行 Module3 - 净需求计算
🔄 Module3 运行于集成模式
[M3] load_module1 total: 7.424s
[M3] assign_location_layers total: 0.123s, locations=4746
[M3-DuckDB] 批量计算 130 节点净需求: 195.3ms, input=130, output=130
[M3] batch layer 3: 130 nodes in 0.418s
[M3-DuckDB] 批量计算 2001 节点净需求: 240.3ms, input=2001, output=2001
[M3] batch layer 2: 2001 nodes in 3.931s
[M3-DuckDB] 批量计算 2266 节点净需求: 253.5ms, input=2266, output=2266
[M3] batch layer 1: 2266 nodes in 3.869s
[M3-DuckDB] 批量计算 349 节点净需求: 200.3ms, input=349, output=349
[M3] batch layer 0: 349 nodes in 0.562s
[M3] mrp_simulation: 9.454s, records=715
✅ Module3 集成模式完成
[M3] total: 17.297s, days=1, records=715
  ✅ Module3 完成
💾 每日结束状态保存
💾已保存 2026-02-12 期末库存: 2557 项
期初库存条目: 2557
生产入库条目: 3
交付入库条目: 835
发货出库条目: 1971
发运出库条目(M6): 542，数量合计: 12493
期末库存条目: 2557
  📊 从内存获取发运出库 [2026-02-12]: 144 项
📊 当日统计: {'date': '2026-02-12', 'total_inventory_items': 2557, 'total_inventory_quantity': 446413, 'open_deployment_count': 1181, 'in_transit_count': 4019, 'production_gr_count': 3, 'delivery_gr_count': 835, 'shipment_count': 1971}
✅ 第 60 天处理完成
==================== 第 61/76 天: 2026-02-13 ====================
🌅 每日开始状态更新
💾保存期初库存快照...
💾已保存 2026-02-13 期初库存: 2557 项
📦处理当日delivery GR到达...
✅ Processed 861 delivery arrivals for 2026-02-13
🏭处理历史生产当日入库...
📦当日需要入库的历史生产: 2 条记录
✅ Processed 2 M4 production receipts for 2026-02-13
1️⃣ 运行 Module1 - 订单生成
[M1] 周度→日度拆分完成，生成天数: 681912，耗时: 0.053s
[M1] 周度→日度拆分完成，生成天数: 681912，耗时: 0.055s
[M1] 平均需求计算完成，ML数: 2376，耗时: 0.156s
[M1] 订单生成完成 (AO耗时: 0.029s, Normal耗时: 0.028s, 总耗时: 0.213s)，订单数: 4501
[M1] AO消耗完成(向量化)，耗时: 0.049s
[M1] Normal消耗完成(向量化)，耗时: 0.025s
[M1] 当日订单生成完成，订单数: 4501，耗时: 9.822s
[M1] 历史订单读取完成，文件数: 13，合并条目: 229429
[M1] 历史订单合并前过滤完成，耗时: 9.458s
[M1] 发货与缺货计算完成，shipment: 1967，cut: 1967，耗时: 0.030s
[M1] 供需日志生成完成，条目: 213840，耗时: 2.826s
🚚立即处理M1 shipment，扣减库存...
✅ Processed 1967 M1 shipments for 2026-02-13
✅ 已扣减 1967 个shipment的库存
✅ Module1 完成 - 生成 17556 个订单, 1967 个发货
2️⃣ 运行 Module4 - 生产计划
🔄加载前一天产线状态: ['TPOCPACK', 'TPODPACK', 'TPOEPACK', 'TPOGPACK']
🔄加载之前已分配产能: 260 个产能分配
[M4-Pandas] Production simulation 9 records: 1.4ms
💾保存当天产线状态: ['TPOCPACK', 'TPODPACK', 'TPOFPACK', 'TPOGPACK']
💾保存当天分配产能: 4 个产能分配 (小时单位)
Module4 daily output generated: C:\Users\admin\AppData\Local\Temp\tmp28izcmm6\output\module4\Module4Output_20260213.xlsx
🗂️ 持久化未来生产计划（不触发当日GR）...
✅已写入未来计划回补: 9 条
✅ Module4 完成 - 生成生产计划: 9 条记录
3️⃣ 运行 Module5 - 部署计划
[M5] load_integrated_config 用时: 0.460s
✅缓存已初始化: PTF/LSK=435 | LeadTime=46 | Network=4397
✅索引已构建: SDL=2376 | SS=2376 | Order=1967 | DeployCfg=1230
[M5] Demand collection only 用时: 8.626s
[M5] Demand collection+allocation 总用时: 15.391s
[M5] push_softpush_allocation 用时: 3.321s，生成行数: 22
[M5] Full day total 用时: 26.894s
    🎯 有效部署计划: 439/41184 条

    📦 立即处理M5 deployment，更新open deployment...
✅ Added 439 M5 deployment plans to open deployment for 2026-02-13
    ✅ 已更新 439 条部署计划到open deployment

  ✅ Module5 完成 - 生成 439 条有效部署计划
4️⃣ 运行 Module6 - 物流执行
[M6] OpenDeployment rows=1620 planned<=sim_date=1620 min=2025-12-15 00:00:00 max=2026-02-13 00:00:00
[M6-Pandas] Batch delay sampling 35 routes: 17.7ms
[M6->Orch] incoming rows: 74; date=2026-02-13
✅ Processed 74 M6 delivery plans for 2026-02-13
    ✅ 已处理 74 条delivery计划

  ✅ Module6 完成 - 生成 74 条交付计划
5️⃣ 运行 Module3 - 净需求计算
🔄 Module3 运行于集成模式
[M3] load_module1 total: 7.252s
[M3] assign_location_layers total: 0.123s, locations=4746
[M3-DuckDB] 批量计算 130 节点净需求: 200.7ms, input=130, output=130
[M3] batch layer 3: 130 nodes in 0.427s
[M3-DuckDB] 批量计算 2001 节点净需求: 267.0ms, input=2001, output=2001
[M3] batch layer 2: 2001 nodes in 3.924s
[M3-DuckDB] 批量计算 2266 节点净需求: 258.8ms, input=2266, output=2266
[M3] batch layer 1: 2266 nodes in 3.940s
[M3-DuckDB] 批量计算 349 节点净需求: 203.1ms, input=349, output=349
[M3] batch layer 0: 349 nodes in 0.570s
[M3] mrp_simulation: 9.554s, records=699
✅ Module3 集成模式完成
[M3] total: 17.281s, days=1, records=699
  ✅ Module3 完成
💾 每日结束状态保存
💾已保存 2026-02-13 期末库存: 2557 项
期初库存条目: 2557
生产入库条目: 2
交付入库条目: 861
发货出库条目: 1967
发运出库条目(M6): 74，数量合计: 7600
期末库存条目: 2557
  📊 从内存获取发运出库 [2026-02-13]: 44 项
📊 当日统计: {'date': '2026-02-13', 'total_inventory_items': 2557, 'total_inventory_quantity': 448554, 'open_deployment_count': 1546, 'in_transit_count': 3232, 'production_gr_count': 2, 'delivery_gr_count': 861, 'shipment_count': 1967}
✅ 第 61 天处理完成
==================== 第 62/76 天: 2026-02-14 ====================
🌅 每日开始状态更新
💾保存期初库存快照...
💾已保存 2026-02-14 期初库存: 2557 项
📦处理当日delivery GR到达...
✅ Processed 1535 delivery arrivals for 2026-02-14
🏭处理历史生产当日入库...
📦当日需要入库的历史生产: 6 条记录
✅ Processed 6 M4 production receipts for 2026-02-14
1️⃣ 运行 Module1 - 订单生成
[M1] 周度→日度拆分完成，生成天数: 681912，耗时: 0.055s
[M1] 周度→日度拆分完成，生成天数: 681912，耗时: 0.055s
[M1] 平均需求计算完成，ML数: 2376，耗时: 0.159s
[M1] 订单生成完成 (AO耗时: 0.028s, Normal耗时: 0.028s, 总耗时: 0.215s)，订单数: 4500
[M1] AO消耗完成(向量化)，耗时: 0.051s
[M1] Normal消耗完成(向量化)，耗时: 0.023s
[M1] 当日订单生成完成，订单数: 4500，耗时: 9.939s
[M1] 历史订单读取完成，文件数: 13，合并条目: 229304
[M1] 历史订单合并前过滤完成，耗时: 9.119s
[M1] 发货与缺货计算完成，shipment: 1966，cut: 1966，耗时: 0.031s
[M1] 供需日志生成完成，条目: 213840，耗时: 3.173s
🚚立即处理M1 shipment，扣减库存...
✅ Processed 1966 M1 shipments for 2026-02-14
✅ 已扣减 1966 个shipment的库存
✅ Module1 完成 - 生成 17555 个订单, 1966 个发货
2️⃣ 运行 Module4 - 生产计划
🔄加载前一天产线状态: ['TPOCPACK', 'TPODPACK', 'TPOFPACK', 'TPOGPACK']
🔄加载之前已分配产能: 264 个产能分配
[M4-Pandas] Production simulation 8 records: 0.9ms
💾保存当天产线状态: ['TPOCPACK', 'TPODPACK', 'TPOGPACK']
💾保存当天分配产能: 3 个产能分配 (小时单位)
Module4 daily output generated: C:\Users\admin\AppData\Local\Temp\tmp28izcmm6\output\module4\Module4Output_20260214.xlsx
🗂️ 持久化未来生产计划（不触发当日GR）...
✅已写入未来计划回补: 8 条
✅ Module4 完成 - 生成生产计划: 8 条记录
3️⃣ 运行 Module5 - 部署计划
[M5] load_integrated_config 用时: 0.500s
✅缓存已初始化: PTF/LSK=435 | LeadTime=46 | Network=4397
✅索引已构建: SDL=2376 | SS=2376 | Order=1966 | DeployCfg=1230
[M5] Demand collection only 用时: 8.312s
[M5] Demand collection+allocation 总用时: 14.940s
[M5] push_softpush_allocation 用时: 3.564s，生成行数: 31
[M5] Full day total 用时: 26.720s
    🎯 有效部署计划: 321/40849 条

    📦 立即处理M5 deployment，更新open deployment...
✅ Added 321 M5 deployment plans to open deployment for 2026-02-14
    ✅ 已更新 321 条部署计划到open deployment

  ✅ Module5 完成 - 生成 321 条有效部署计划
4️⃣ 运行 Module6 - 物流执行
[M6] OpenDeployment rows=1867 planned<=sim_date=1867 min=2025-12-15 00:00:00 max=2026-02-14 00:00:00
[M6-Pandas] Batch delay sampling 111 routes: 52.0ms
[M6-Pandas] Batch delay sampling 27 routes: 12.0ms
[M6-Pandas] Batch delay sampling 34 routes: 16.2ms
[M6-Pandas] Batch delay sampling 10 routes: 4.5ms
[M6-Pandas] Batch delay sampling 10 routes: 4.6ms
[M6-Pandas] Batch delay sampling 20 routes: 9.3ms
[M6->Orch] incoming rows: 224; date=2026-02-14
✅ Processed 224 M6 delivery plans for 2026-02-14
    ✅ 已处理 224 条delivery计划

  ✅ Module6 完成 - 生成 224 条交付计划
5️⃣ 运行 Module3 - 净需求计算
🔄 Module3 运行于集成模式
[M3] load_module1 total: 7.394s
[M3] assign_location_layers total: 0.126s, locations=4746
[M3-DuckDB] 批量计算 130 节点净需求: 195.5ms, input=130, output=130
[M3] batch layer 3: 130 nodes in 0.420s
[M3-DuckDB] 批量计算 2001 节点净需求: 251.5ms, input=2001, output=2001
[M3] batch layer 2: 2001 nodes in 3.899s
[M3-DuckDB] 批量计算 2266 节点净需求: 248.0ms, input=2266, output=2266
[M3] batch layer 1: 2266 nodes in 3.901s
[M3-DuckDB] 批量计算 349 节点净需求: 201.5ms, input=349, output=349
[M3] batch layer 0: 349 nodes in 0.598s
[M3] mrp_simulation: 9.332s, records=671
✅ Module3 集成模式完成
[M3] total: 17.238s, days=1, records=671
  ✅ Module3 完成
💾 每日结束状态保存
💾已保存 2026-02-14 期末库存: 2557 项
期初库存条目: 2557
生产入库条目: 6
交付入库条目: 1535
发货出库条目: 1966
发运出库条目(M6): 224，数量合计: 12076
期末库存条目: 2557
  📊 从内存获取发运出库 [2026-02-14]: 59 项
📊 当日统计: {'date': '2026-02-14', 'total_inventory_items': 2557, 'total_inventory_quantity': 452247, 'open_deployment_count': 1643, 'in_transit_count': 1921, 'production_gr_count': 6, 'delivery_gr_count': 1535, 'shipment_count': 1966}
✅ 第 62 天处理完成
==================== 第 63/76 天: 2026-02-15 ====================
🌅 每日开始状态更新
💾保存期初库存快照...
💾已保存 2026-02-15 期初库存: 2557 项
📦处理当日delivery GR到达...
✅ Processed 358 delivery arrivals for 2026-02-15
🏭处理历史生产当日入库...
📦当日需要入库的历史生产: 6 条记录
✅ Processed 6 M4 production receipts for 2026-02-15
1️⃣ 运行 Module1 - 订单生成
[M1] 周度→日度拆分完成，生成天数: 681912，耗时: 0.057s
[M1] 周度→日度拆分完成，生成天数: 681912，耗时: 0.056s
[M1] 平均需求计算完成，ML数: 2376，耗时: 0.159s
[M1] 订单生成完成 (AO耗时: 0.030s, Normal耗时: 0.029s, 总耗时: 0.218s)，订单数: 4500
[M1] AO消耗完成(向量化)，耗时: 0.048s
[M1] Normal消耗完成(向量化)，耗时: 0.023s
[M1] 当日订单生成完成，订单数: 4500，耗时: 9.977s
[M1] 历史订单读取完成，文件数: 13，合并条目: 229178
[M1] 历史订单合并前过滤完成，耗时: 9.110s
[M1] 发货与缺货计算完成，shipment: 1966，cut: 1966，耗时: 0.034s
[M1] 供需日志生成完成，条目: 213840，耗时: 3.186s
🚚立即处理M1 shipment，扣减库存...
✅ Processed 1966 M1 shipments for 2026-02-15
✅ 已扣减 1966 个shipment的库存
✅ Module1 完成 - 生成 17555 个订单, 1966 个发货
2️⃣ 运行 Module4 - 生产计划
🔄加载前一天产线状态: ['TPOCPACK', 'TPODPACK', 'TPOGPACK']
🔄加载之前已分配产能: 267 个产能分配
[M4-Pandas] Production simulation 3 records: 0.8ms
💾保存当天产线状态: ['TPOFPACK', 'TPOGPACK']
💾保存当天分配产能: 2 个产能分配 (小时单位)
Module4 daily output generated: C:\Users\admin\AppData\Local\Temp\tmp28izcmm6\output\module4\Module4Output_20260215.xlsx
🗂️ 持久化未来生产计划（不触发当日GR）...
✅已写入未来计划回补: 3 条
✅ Module4 完成 - 生成生产计划: 3 条记录
3️⃣ 运行 Module5 - 部署计划
[M5] load_integrated_config 用时: 0.504s
✅缓存已初始化: PTF/LSK=435 | LeadTime=46 | Network=4397
✅索引已构建: SDL=2376 | SS=2376 | Order=1966 | DeployCfg=1230
[M5] Demand collection only 用时: 8.577s
[M5] Demand collection+allocation 总用时: 15.330s
[M5] push_softpush_allocation 用时: 3.698s，生成行数: 19
[M5] Full day total 用时: 27.387s
    🎯 有效部署计划: 336/40958 条

    📦 立即处理M5 deployment，更新open deployment...
✅ Added 336 M5 deployment plans to open deployment for 2026-02-15
    ✅ 已更新 336 条部署计划到open deployment

  ✅ Module5 完成 - 生成 336 条有效部署计划
4️⃣ 运行 Module6 - 物流执行
[M6] OpenDeployment rows=1979 planned<=sim_date=1979 min=2025-12-15 00:00:00 max=2026-02-15 00:00:00
[M6-Pandas] Batch delay sampling 94 routes: 43.0ms
[M6-Pandas] Batch delay sampling 242 routes: 117.4ms
[M6-Pandas] Batch delay sampling 181 routes: 81.4ms
[M6-Pandas] Batch delay sampling 10 routes: 5.8ms
[M6-Pandas] Batch delay sampling 10 routes: 5.8ms
[M6-Pandas] Batch delay sampling 11 routes: 5.6ms
[M6-Pandas] Batch delay sampling 13 routes: 5.9ms
[M6->Orch] incoming rows: 561; date=2026-02-15
✅ Processed 561 M6 delivery plans for 2026-02-15
    ✅ 已处理 561 条delivery计划

  ✅ Module6 完成 - 生成 561 条交付计划
5️⃣ 运行 Module3 - 净需求计算
🔄 Module3 运行于集成模式
[M3] load_module1 total: 7.386s
[M3] assign_location_layers total: 0.124s, locations=4746
[M3-DuckDB] 批量计算 130 节点净需求: 197.9ms, input=130, output=130
[M3] batch layer 3: 130 nodes in 0.424s
[M3-DuckDB] 批量计算 2001 节点净需求: 244.9ms, input=2001, output=2001
[M3] batch layer 2: 2001 nodes in 3.846s
[M3-DuckDB] 批量计算 2266 节点净需求: 261.0ms, input=2266, output=2266
[M3] batch layer 1: 2266 nodes in 3.904s
[M3-DuckDB] 批量计算 349 节点净需求: 210.8ms, input=349, output=349
[M3] batch layer 0: 349 nodes in 0.607s
[M3] mrp_simulation: 9.275s, records=683
✅ Module3 集成模式完成
[M3] total: 17.279s, days=1, records=683
  ✅ Module3 完成
💾 每日结束状态保存
💾已保存 2026-02-15 期末库存: 2557 项
期初库存条目: 2557
生产入库条目: 6
交付入库条目: 358
发货出库条目: 1966
发运出库条目(M6): 561，数量合计: 10678
期末库存条目: 2557
  📊 从内存获取发运出库 [2026-02-15]: 43 项
📊 当日统计: {'date': '2026-02-15', 'total_inventory_items': 2557, 'total_inventory_quantity': 462525, 'open_deployment_count': 1418, 'in_transit_count': 2124, 'production_gr_count': 6, 'delivery_gr_count': 358, 'shipment_count': 1966}
✅ 第 63 天处理完成
==================== 第 64/76 天: 2026-02-16 ====================
🌅 每日开始状态更新
💾保存期初库存快照...
💾已保存 2026-02-16 期初库存: 2557 项
📦处理当日delivery GR到达...
✅ Processed 353 delivery arrivals for 2026-02-16
🏭处理历史生产当日入库...
📦当日需要入库的历史生产: 12 条记录
✅ Processed 12 M4 production receipts for 2026-02-16
1️⃣ 运行 Module1 - 订单生成
[M1] 周度→日度拆分完成，生成天数: 681912，耗时: 0.058s
[M1] 周度→日度拆分完成，生成天数: 681912，耗时: 0.059s
[M1] 平均需求计算完成，ML数: 2376，耗时: 0.157s
[M1] 订单生成完成 (AO耗时: 0.031s, Normal耗时: 0.027s, 总耗时: 0.215s)，订单数: 4500
[M1] AO消耗完成(向量化)，耗时: 0.050s
[M1] Normal消耗完成(向量化)，耗时: 0.022s
[M1] 当日订单生成完成，订单数: 4500，耗时: 10.177s
[M1] 历史订单读取完成，文件数: 13，合并条目: 229052
[M1] 历史订单合并前过滤完成，耗时: 9.285s
[M1] 发货与缺货计算完成，shipment: 1966，cut: 1966，耗时: 0.031s
[M1] 供需日志生成完成，条目: 213840，耗时: 3.195s
🚚立即处理M1 shipment，扣减库存...
✅ Processed 1966 M1 shipments for 2026-02-16
✅ 已扣减 1966 个shipment的库存
✅ Module1 完成 - 生成 17555 个订单, 1966 个发货
2️⃣ 运行 Module4 - 生产计划
🔄加载前一天产线状态: ['TPOFPACK', 'TPOGPACK']
🔄加载之前已分配产能: 269 个产能分配
[M4-Pandas] Production simulation 8 records: 1.1ms
💾保存当天产线状态: ['TPOCPACK', 'TPODPACK', 'TPOEPACK', 'TPOFPACK', 'TPOGPACK']
💾保存当天分配产能: 5 个产能分配 (小时单位)
Module4 daily output generated: C:\Users\admin\AppData\Local\Temp\tmp28izcmm6\output\module4\Module4Output_20260216.xlsx
🗂️ 持久化未来生产计划（不触发当日GR）...
✅已写入未来计划回补: 8 条
✅ Module4 完成 - 生成生产计划: 8 条记录
3️⃣ 运行 Module5 - 部署计划
[M5] load_integrated_config 用时: 0.505s
✅缓存已初始化: PTF/LSK=435 | LeadTime=46 | Network=4397
✅索引已构建: SDL=2376 | SS=2376 | Order=1966 | DeployCfg=1230
[M5] Demand collection only 用时: 8.677s
[M5] Demand collection+allocation 总用时: 15.445s
[M5] push_softpush_allocation 用时: 4.167s，生成行数: 51
[M5] Full day total 用时: 27.806s
    🎯 有效部署计划: 603/41226 条

    📦 立即处理M5 deployment，更新open deployment...
✅ Added 603 M5 deployment plans to open deployment for 2026-02-16
    ✅ 已更新 603 条部署计划到open deployment

  ✅ Module5 完成 - 生成 603 条有效部署计划
4️⃣ 运行 Module6 - 物流执行
[M6] OpenDeployment rows=2021 planned<=sim_date=2021 min=2025-12-15 00:00:00 max=2026-02-16 00:00:00
[M6-Pandas] Batch delay sampling 185 routes: 88.5ms
[M6-Pandas] Batch delay sampling 147 routes: 66.7ms
[M6-Pandas] Batch delay sampling 121 routes: 55.5ms
[M6-Pandas] Batch delay sampling 69 routes: 30.8ms
[M6-Pandas] Batch delay sampling 49 routes: 22.1ms
[M6-Pandas] Batch delay sampling 12 routes: 6.0ms
[M6-Pandas] Batch delay sampling 13 routes: 5.8ms
[M6-Pandas] Batch delay sampling 16 routes: 7.0ms
[M6-Pandas] Batch delay sampling 12 routes: 7.0ms
[M6-Pandas] Batch delay sampling 17 routes: 7.8ms
[M6->Orch] incoming rows: 641; date=2026-02-16
✅ Processed 641 M6 delivery plans for 2026-02-16
    ✅ 已处理 641 条delivery计划

  ✅ Module6 完成 - 生成 641 条交付计划
5️⃣ 运行 Module3 - 净需求计算
🔄 Module3 运行于集成模式
[M3] load_module1 total: 7.212s
[M3] assign_location_layers total: 0.126s, locations=4746
[M3-DuckDB] 批量计算 130 节点净需求: 191.2ms, input=130, output=130
[M3] batch layer 3: 130 nodes in 0.413s
[M3-DuckDB] 批量计算 2001 节点净需求: 256.4ms, input=2001, output=2001
[M3] batch layer 2: 2001 nodes in 3.937s
[M3-DuckDB] 批量计算 2266 节点净需求: 268.4ms, input=2266, output=2266
[M3] batch layer 1: 2266 nodes in 3.974s
[M3-DuckDB] 批量计算 349 节点净需求: 202.9ms, input=349, output=349
[M3] batch layer 0: 349 nodes in 0.567s
[M3] mrp_simulation: 9.596s, records=788
✅ Module3 集成模式完成
[M3] total: 17.258s, days=1, records=788
  ✅ Module3 完成
💾 每日结束状态保存
💾已保存 2026-02-16 期末库存: 2557 项
期初库存条目: 2557
生产入库条目: 12
交付入库条目: 353
发货出库条目: 1966
发运出库条目(M6): 641，数量合计: 25343
期末库存条目: 2557
  📊 从内存获取发运出库 [2026-02-16]: 106 项
📊 当日统计: {'date': '2026-02-16', 'total_inventory_items': 2557, 'total_inventory_quantity': 462800, 'open_deployment_count': 1380, 'in_transit_count': 2412, 'production_gr_count': 12, 'delivery_gr_count': 353, 'shipment_count': 1966}
✅ 第 64 天处理完成
==================== 第 65/76 天: 2026-02-17 ====================
🌅 每日开始状态更新
💾保存期初库存快照...
💾已保存 2026-02-17 期初库存: 2557 项
📦处理当日delivery GR到达...
✅ Processed 638 delivery arrivals for 2026-02-17
🏭处理历史生产当日入库...
📦当日需要入库的历史生产: 10 条记录
✅ Processed 10 M4 production receipts for 2026-02-17
1️⃣ 运行 Module1 - 订单生成
[M1] 周度→日度拆分完成，生成天数: 681912，耗时: 0.056s
[M1] 周度→日度拆分完成，生成天数: 681912，耗时: 0.057s
[M1] 平均需求计算完成，ML数: 2376，耗时: 0.172s
[M1] 订单生成完成 (AO耗时: 0.028s, Normal耗时: 0.026s, 总耗时: 0.226s)，订单数: 4632
[M1] AO消耗完成(向量化)，耗时: 0.049s
[M1] Normal消耗完成(向量化)，耗时: 0.026s
[M1] 当日订单生成完成，订单数: 4632，耗时: 9.983s
[M1] 历史订单读取完成，文件数: 13，合并条目: 228941
[M1] 历史订单合并前过滤完成，耗时: 9.266s
[M1] 发货与缺货计算完成，shipment: 2098，cut: 2098，耗时: 0.030s
[M1] 供需日志生成完成，条目: 213840，耗时: 3.193s
🚚立即处理M1 shipment，扣减库存...
✅ Processed 2098 M1 shipments for 2026-02-17
✅ 已扣减 2098 个shipment的库存
✅ Module1 完成 - 生成 17687 个订单, 2098 个发货
2️⃣ 运行 Module4 - 生产计划
🔄加载前一天产线状态: ['TPOCPACK', 'TPODPACK', 'TPOEPACK', 'TPOFPACK', 'TPOGPACK']
🔄加载之前已分配产能: 274 个产能分配
[M4-Pandas] Production simulation 9 records: 1.0ms
💾保存当天产线状态: ['TPOCPACK', 'TPODPACK', 'TPOEPACK', 'TPOFPACK', 'TPOGPACK']
💾保存当天分配产能: 5 个产能分配 (小时单位)
Module4 daily output generated: C:\Users\admin\AppData\Local\Temp\tmp28izcmm6\output\module4\Module4Output_20260217.xlsx
🗂️ 持久化未来生产计划（不触发当日GR）...
✅已写入未来计划回补: 9 条
✅ Module4 完成 - 生成生产计划: 9 条记录
3️⃣ 运行 Module5 - 部署计划
[M5] load_integrated_config 用时: 0.480s
✅缓存已初始化: PTF/LSK=435 | LeadTime=46 | Network=4397
✅索引已构建: SDL=2376 | SS=2376 | Order=2098 | DeployCfg=1230
[M5] Demand collection only 用时: 8.930s
[M5] Demand collection+allocation 总用时: 15.846s
[M5] push_softpush_allocation 用时: 4.117s，生成行数: 30
[M5] Full day total 用时: 28.664s
    🎯 有效部署计划: 653/41117 条

    📦 立即处理M5 deployment，更新open deployment...
✅ Added 653 M5 deployment plans to open deployment for 2026-02-17
    ✅ 已更新 653 条部署计划到open deployment

  ✅ Module5 完成 - 生成 653 条有效部署计划
4️⃣ 运行 Module6 - 物流执行
[M6] OpenDeployment rows=2033 planned<=sim_date=2033 min=2025-12-15 00:00:00 max=2026-02-17 00:00:00
[M6-Pandas] Batch delay sampling 185 routes: 87.9ms
[M6-Pandas] Batch delay sampling 196 routes: 91.0ms
[M6-Pandas] Batch delay sampling 182 routes: 91.3ms
[M6-Pandas] Batch delay sampling 91 routes: 47.9ms
[M6-Pandas] Batch delay sampling 48 routes: 22.6ms
[M6-Pandas] Batch delay sampling 17 routes: 8.7ms
[M6-Pandas] Batch delay sampling 52 routes: 25.2ms
[M6-Pandas] Batch delay sampling 33 routes: 15.0ms
[M6-Pandas] Batch delay sampling 20 routes: 9.2ms
[M6->Orch] incoming rows: 824; date=2026-02-17
✅ Processed 824 M6 delivery plans for 2026-02-17
    ✅ 已处理 824 条delivery计划

  ✅ Module6 完成 - 生成 824 条交付计划
5️⃣ 运行 Module3 - 净需求计算
🔄 Module3 运行于集成模式
[M3] load_module1 total: 7.446s
[M3] assign_location_layers total: 0.124s, locations=4746
[M3-DuckDB] 批量计算 130 节点净需求: 203.4ms, input=130, output=130
[M3] batch layer 3: 130 nodes in 0.431s
[M3-DuckDB] 批量计算 2001 节点净需求: 238.8ms, input=2001, output=2001
[M3] batch layer 2: 2001 nodes in 4.022s
[M3-DuckDB] 批量计算 2266 节点净需求: 254.3ms, input=2266, output=2266
[M3] batch layer 1: 2266 nodes in 3.988s
[M3-DuckDB] 批量计算 349 节点净需求: 203.7ms, input=349, output=349
[M3] batch layer 0: 349 nodes in 0.579s
[M3] mrp_simulation: 9.532s, records=794
✅ Module3 集成模式完成
[M3] total: 17.426s, days=1, records=794
  ✅ Module3 完成
💾 每日结束状态保存
💾已保存 2026-02-17 期末库存: 2557 项
期初库存条目: 2557
生产入库条目: 10
交付入库条目: 638
发货出库条目: 2098
发运出库条目(M6): 824，数量合计: 17185
期末库存条目: 2557
  📊 从内存获取发运出库 [2026-02-17]: 138 项
📊 当日统计: {'date': '2026-02-17', 'total_inventory_items': 2557, 'total_inventory_quantity': 477249, 'open_deployment_count': 1210, 'in_transit_count': 2598, 'production_gr_count': 10, 'delivery_gr_count': 638, 'shipment_count': 2098}
✅ 第 65 天处理完成
==================== 第 66/76 天: 2026-02-18 ====================
🌅 每日开始状态更新
💾保存期初库存快照...
💾已保存 2026-02-18 期初库存: 2557 项
📦处理当日delivery GR到达...
✅ Processed 238 delivery arrivals for 2026-02-18
🏭处理历史生产当日入库...
📦当日需要入库的历史生产: 5 条记录
✅ Processed 5 M4 production receipts for 2026-02-18
1️⃣ 运行 Module1 - 订单生成
[M1] 周度→日度拆分完成，生成天数: 681912，耗时: 0.064s
[M1] 周度→日度拆分完成，生成天数: 681912，耗时: 0.061s
[M1] 平均需求计算完成，ML数: 2376，耗时: 0.161s
[M1] 订单生成完成 (AO耗时: 0.030s, Normal耗时: 0.027s, 总耗时: 0.218s)，订单数: 4632
[M1] AO消耗完成(向量化)，耗时: 0.050s
[M1] Normal消耗完成(向量化)，耗时: 0.028s
[M1] 当日订单生成完成，订单数: 4632，耗时: 10.192s
[M1] 历史订单读取完成，文件数: 13，合并条目: 228963
[M1] 历史订单合并前过滤完成，耗时: 9.174s
[M1] 发货与缺货计算完成，shipment: 2098，cut: 2098，耗时: 0.030s
[M1] 供需日志生成完成，条目: 213840，耗时: 3.308s
🚚立即处理M1 shipment，扣减库存...
✅ Processed 2098 M1 shipments for 2026-02-18
✅ 已扣减 2098 个shipment的库存
✅ Module1 完成 - 生成 17687 个订单, 2098 个发货
2️⃣ 运行 Module4 - 生产计划
🔄加载前一天产线状态: ['TPOCPACK', 'TPODPACK', 'TPOEPACK', 'TPOFPACK', 'TPOGPACK']
🔄加载之前已分配产能: 279 个产能分配
[M4-Pandas] Production simulation 8 records: 0.9ms
💾保存当天产线状态: ['TPOCPACK', 'TPODPACK', 'TPOEPACK', 'TPOFPACK', 'TPOGPACK']
💾保存当天分配产能: 5 个产能分配 (小时单位)
Module4 daily output generated: C:\Users\admin\AppData\Local\Temp\tmp28izcmm6\output\module4\Module4Output_20260218.xlsx
🗂️ 持久化未来生产计划（不触发当日GR）...
✅已写入未来计划回补: 8 条
✅ Module4 完成 - 生成生产计划: 8 条记录
3️⃣ 运行 Module5 - 部署计划
[M5] load_integrated_config 用时: 0.493s
✅缓存已初始化: PTF/LSK=435 | LeadTime=46 | Network=4397
✅索引已构建: SDL=2376 | SS=2376 | Order=2098 | DeployCfg=1230
[M5] Demand collection only 用时: 9.123s
[M5] Demand collection+allocation 总用时: 16.142s
[M5] push_softpush_allocation 用时: 3.587s，生成行数: 8
[M5] Full day total 用时: 28.054s
    🎯 有效部署计划: 763/41256 条

    📦 立即处理M5 deployment，更新open deployment...
✅ Added 763 M5 deployment plans to open deployment for 2026-02-18
    ✅ 已更新 763 条部署计划到open deployment

  ✅ Module5 完成 - 生成 763 条有效部署计划
4️⃣ 运行 Module6 - 物流执行
[M6] OpenDeployment rows=1973 planned<=sim_date=1973 min=2025-12-15 00:00:00 max=2026-02-18 00:00:00
[M6-Pandas] Batch delay sampling 104 routes: 47.2ms
[M6-Pandas] Batch delay sampling 75 routes: 35.1ms
[M6-Pandas] Batch delay sampling 114 routes: 51.1ms
[M6-Pandas] Batch delay sampling 136 routes: 61.6ms
[M6-Pandas] Batch delay sampling 26 routes: 13.3ms
[M6-Pandas] Batch delay sampling 249 routes: 113.1ms
[M6-Pandas] Batch delay sampling 124 routes: 57.9ms
[M6-Pandas] Batch delay sampling 42 routes: 18.9ms
[M6-Pandas] Batch delay sampling 23 routes: 10.1ms
[M6-Pandas] Batch delay sampling 36 routes: 16.8ms
[M6->Orch] incoming rows: 938; date=2026-02-18
✅ Processed 938 M6 delivery plans for 2026-02-18
    ✅ 已处理 938 条delivery计划

  ✅ Module6 完成 - 生成 938 条交付计划
5️⃣ 运行 Module3 - 净需求计算
🔄 Module3 运行于集成模式
[M3] load_module1 total: 7.351s
[M3] assign_location_layers total: 0.125s, locations=4746
[M3-DuckDB] 批量计算 130 节点净需求: 198.1ms, input=130, output=130
[M3] batch layer 3: 130 nodes in 0.427s
[M3-DuckDB] 批量计算 2001 节点净需求: 244.3ms, input=2001, output=2001
[M3] batch layer 2: 2001 nodes in 4.084s
[M3-DuckDB] 批量计算 2266 节点净需求: 254.8ms, input=2266, output=2266
[M3] batch layer 1: 2266 nodes in 3.942s
[M3-DuckDB] 批量计算 349 节点净需求: 198.6ms, input=349, output=349
[M3] batch layer 0: 349 nodes in 0.574s
[M3] mrp_simulation: 9.537s, records=845
✅ Module3 集成模式完成
[M3] total: 17.307s, days=1, records=845
  ✅ Module3 完成
💾 每日结束状态保存
💾已保存 2026-02-18 期末库存: 2557 项
期初库存条目: 2557
生产入库条目: 5
交付入库条目: 238
发货出库条目: 2098
发运出库条目(M6): 938，数量合计: 8169
期末库存条目: 2557
  📊 从内存获取发运出库 [2026-02-18]: 257 项
📊 当日统计: {'date': '2026-02-18', 'total_inventory_items': 2557, 'total_inventory_quantity': 485520, 'open_deployment_count': 1035, 'in_transit_count': 3298, 'production_gr_count': 5, 'delivery_gr_count': 238, 'shipment_count': 2098}
✅ 第 66 天处理完成
==================== 第 67/76 天: 2026-02-19 ====================
🌅 每日开始状态更新
💾保存期初库存快照...
💾已保存 2026-02-19 期初库存: 2557 项
📦处理当日delivery GR到达...
✅ Processed 596 delivery arrivals for 2026-02-19
🏭处理历史生产当日入库...
📦当日需要入库的历史生产: 8 条记录
✅ Processed 8 M4 production receipts for 2026-02-19
1️⃣ 运行 Module1 - 订单生成
[M1] 周度→日度拆分完成，生成天数: 681912，耗时: 0.055s
[M1] 周度→日度拆分完成，生成天数: 681912，耗时: 0.054s
[M1] 平均需求计算完成，ML数: 2376，耗时: 0.161s
[M1] 订单生成完成 (AO耗时: 0.209s, Normal耗时: 0.032s, 总耗时: 0.402s)，订单数: 4632
[M1] AO消耗完成(向量化)，耗时: 0.054s
[M1] Normal消耗完成(向量化)，耗时: 0.031s
[M1] 当日订单生成完成，订单数: 4632，耗时: 9.743s
[M1] 历史订单读取完成，文件数: 13，合并条目: 228985
[M1] 历史订单合并前过滤完成，耗时: 9.636s
[M1] 发货与缺货计算完成，shipment: 2098，cut: 2098，耗时: 0.033s
[M1] 供需日志生成完成，条目: 213840，耗时: 3.360s
🚚立即处理M1 shipment，扣减库存...
✅ Processed 2098 M1 shipments for 2026-02-19
✅ 已扣减 2098 个shipment的库存
✅ Module1 完成 - 生成 17687 个订单, 2098 个发货
2️⃣ 运行 Module4 - 生产计划
🔄加载前一天产线状态: ['TPOCPACK', 'TPODPACK', 'TPOEPACK', 'TPOFPACK', 'TPOGPACK']
🔄加载之前已分配产能: 284 个产能分配
[M4-Pandas] Production simulation 9 records: 0.8ms
💾保存当天产线状态: ['TPODPACK', 'TPOEPACK', 'TPOFPACK', 'TPOGPACK']
💾保存当天分配产能: 4 个产能分配 (小时单位)
Module4 daily output generated: C:\Users\admin\AppData\Local\Temp\tmp28izcmm6\output\module4\Module4Output_20260219.xlsx
🗂️ 持久化未来生产计划（不触发当日GR）...
✅已写入未来计划回补: 9 条
✅ Module4 完成 - 生成生产计划: 9 条记录
3️⃣ 运行 Module5 - 部署计划
[M5] load_integrated_config 用时: 0.445s
✅缓存已初始化: PTF/LSK=435 | LeadTime=46 | Network=4397
✅索引已构建: SDL=2376 | SS=2376 | Order=2098 | DeployCfg=1230
[M5] Demand collection only 用时: 9.209s
[M5] Demand collection+allocation 总用时: 16.256s
[M5] push_softpush_allocation 用时: 3.651s，生成行数: 8
[M5] Full day total 用时: 28.562s
    🎯 有效部署计划: 881/41070 条

    📦 立即处理M5 deployment，更新open deployment...
✅ Added 881 M5 deployment plans to open deployment for 2026-02-19
    ✅ 已更新 881 条部署计划到open deployment

  ✅ Module5 完成 - 生成 881 条有效部署计划
4️⃣ 运行 Module6 - 物流执行
[M6] OpenDeployment rows=1916 planned<=sim_date=1916 min=2025-12-15 00:00:00 max=2026-02-19 00:00:00
[M6-Pandas] Batch delay sampling 70 routes: 32.1ms
[M6-Pandas] Batch delay sampling 43 routes: 21.8ms
[M6-Pandas] Batch delay sampling 193 routes: 88.7ms
[M6-Pandas] Batch delay sampling 56 routes: 25.2ms
[M6-Pandas] Batch delay sampling 24 routes: 16.1ms
[M6-Pandas] Batch delay sampling 25 routes: 11.6ms
[M6-Pandas] Batch delay sampling 40 routes: 17.8ms
[M6->Orch] incoming rows: 454; date=2026-02-19
✅ Processed 454 M6 delivery plans for 2026-02-19
    ✅ 已处理 454 条delivery计划

  ✅ Module6 完成 - 生成 454 条交付计划
5️⃣ 运行 Module3 - 净需求计算
🔄 Module3 运行于集成模式
[M3] load_module1 total: 7.292s
[M3] assign_location_layers total: 0.123s, locations=4746
[M3-DuckDB] 批量计算 130 节点净需求: 194.1ms, input=130, output=130
[M3] batch layer 3: 130 nodes in 0.421s
[M3-DuckDB] 批量计算 2001 节点净需求: 244.4ms, input=2001, output=2001
[M3] batch layer 2: 2001 nodes in 4.144s
[M3-DuckDB] 批量计算 2266 节点净需求: 242.3ms, input=2266, output=2266
[M3] batch layer 1: 2266 nodes in 3.860s
[M3-DuckDB] 批量计算 349 节点净需求: 206.9ms, input=349, output=349
[M3] batch layer 0: 349 nodes in 0.570s
[M3] mrp_simulation: 9.699s, records=922
✅ Module3 集成模式完成
[M3] total: 17.464s, days=1, records=922
  ✅ Module3 完成
💾 每日结束状态保存
💾已保存 2026-02-19 期末库存: 2557 项
期初库存条目: 2557
生产入库条目: 8
交付入库条目: 596
发货出库条目: 2098
发运出库条目(M6): 454，数量合计: 15395
期末库存条目: 2557
  📊 从内存获取发运出库 [2026-02-19]: 209 项
📊 当日统计: {'date': '2026-02-19', 'total_inventory_items': 2557, 'total_inventory_quantity': 488837, 'open_deployment_count': 1463, 'in_transit_count': 3156, 'production_gr_count': 8, 'delivery_gr_count': 596, 'shipment_count': 2098}
✅ 第 67 天处理完成
==================== 第 68/76 天: 2026-02-20 ====================
🌅 每日开始状态更新
💾保存期初库存快照...
💾已保存 2026-02-20 期初库存: 2557 项
📦处理当日delivery GR到达...
✅ Processed 741 delivery arrivals for 2026-02-20
🏭处理历史生产当日入库...
📦当日需要入库的历史生产: 5 条记录
✅ Processed 5 M4 production receipts for 2026-02-20
1️⃣ 运行 Module1 - 订单生成
[M1] 周度→日度拆分完成，生成天数: 681912，耗时: 0.054s
[M1] 周度→日度拆分完成，生成天数: 681912，耗时: 0.065s
[M1] 平均需求计算完成，ML数: 2376，耗时: 0.165s
[M1] 订单生成完成 (AO耗时: 0.029s, Normal耗时: 0.026s, 总耗时: 0.220s)，订单数: 4632
[M1] AO消耗完成(向量化)，耗时: 0.051s
[M1] Normal消耗完成(向量化)，耗时: 0.032s
[M1] 当日订单生成完成，订单数: 4632，耗时: 9.886s
[M1] 历史订单读取完成，文件数: 13，合并条目: 229007
[M1] 历史订单合并前过滤完成，耗时: 9.320s
[M1] 发货与缺货计算完成，shipment: 2098，cut: 2098，耗时: 0.032s
[M1] 供需日志生成完成，条目: 213840，耗时: 3.273s
🚚立即处理M1 shipment，扣减库存...
✅ Processed 2098 M1 shipments for 2026-02-20
✅ 已扣减 2098 个shipment的库存
✅ Module1 完成 - 生成 17687 个订单, 2098 个发货
2️⃣ 运行 Module4 - 生产计划
🔄加载前一天产线状态: ['TPODPACK', 'TPOEPACK', 'TPOFPACK', 'TPOGPACK']
🔄加载之前已分配产能: 288 个产能分配
[M4-Pandas] Production simulation 9 records: 0.9ms
💾保存当天产线状态: ['TPOCPACK', 'TPODPACK', 'TPOEPACK', 'TPOFPACK', 'TPOGPACK']
💾保存当天分配产能: 5 个产能分配 (小时单位)
Module4 daily output generated: C:\Users\admin\AppData\Local\Temp\tmp28izcmm6\output\module4\Module4Output_20260220.xlsx
🗂️ 持久化未来生产计划（不触发当日GR）...
✅已写入未来计划回补: 9 条
✅ Module4 完成 - 生成生产计划: 9 条记录
3️⃣ 运行 Module5 - 部署计划
[M5] load_integrated_config 用时: 0.493s
✅缓存已初始化: PTF/LSK=435 | LeadTime=46 | Network=4397
✅索引已构建: SDL=2376 | SS=2376 | Order=2098 | DeployCfg=1230
[M5] Demand collection only 用时: 9.211s
[M5] Demand collection+allocation 总用时: 16.177s
[M5] push_softpush_allocation 用时: 3.302s，生成行数: 7
[M5] Full day total 用时: 27.727s
    🎯 有效部署计划: 847/41108 条

    📦 立即处理M5 deployment，更新open deployment...
✅ Added 847 M5 deployment plans to open deployment for 2026-02-20
    ✅ 已更新 847 条部署计划到open deployment

  ✅ Module5 完成 - 生成 847 条有效部署计划
4️⃣ 运行 Module6 - 物流执行
[M6] OpenDeployment rows=2310 planned<=sim_date=2310 min=2025-12-15 00:00:00 max=2026-02-20 00:00:00
[M6-Pandas] Batch delay sampling 70 routes: 34.3ms
[M6-Pandas] Batch delay sampling 146 routes: 64.3ms
[M6-Pandas] Batch delay sampling 385 routes: 184.6ms
[M6-Pandas] Batch delay sampling 112 routes: 51.1ms
[M6-Pandas] Batch delay sampling 114 routes: 53.0ms
[M6-Pandas] Batch delay sampling 34 routes: 15.2ms
[M6-Pandas] Batch delay sampling 124 routes: 58.2ms
[M6-Pandas] Batch delay sampling 49 routes: 22.4ms
[M6-Pandas] Batch delay sampling 37 routes: 17.5ms
[M6->Orch] incoming rows: 1073; date=2026-02-20
✅ Processed 1073 M6 delivery plans for 2026-02-20
    ✅ 已处理 1073 条delivery计划

  ✅ Module6 完成 - 生成 1073 条交付计划
5️⃣ 运行 Module3 - 净需求计算
🔄 Module3 运行于集成模式
[M3] load_module1 total: 7.328s
[M3] assign_location_layers total: 0.122s, locations=4746
[M3-DuckDB] 批量计算 130 节点净需求: 186.7ms, input=130, output=130
[M3] batch layer 3: 130 nodes in 0.421s
[M3-DuckDB] 批量计算 2001 节点净需求: 238.6ms, input=2001, output=2001
[M3] batch layer 2: 2001 nodes in 4.094s
[M3-DuckDB] 批量计算 2266 节点净需求: 243.7ms, input=2266, output=2266
[M3] batch layer 1: 2266 nodes in 3.850s
[M3-DuckDB] 批量计算 349 节点净需求: 197.1ms, input=349, output=349
[M3] batch layer 0: 349 nodes in 0.565s
[M3] mrp_simulation: 9.441s, records=921
✅ Module3 集成模式完成
[M3] total: 17.391s, days=1, records=921
  ✅ Module3 完成
💾 每日结束状态保存
💾已保存 2026-02-20 期末库存: 2557 项
期初库存条目: 2557
生产入库条目: 5
交付入库条目: 741
发货出库条目: 2098
发运出库条目(M6): 1073，数量合计: 15132
期末库存条目: 2557
  📊 从内存获取发运出库 [2026-02-20]: 229 项
📊 当日统计: {'date': '2026-02-20', 'total_inventory_items': 2557, 'total_inventory_quantity': 489397, 'open_deployment_count': 1238, 'in_transit_count': 3488, 'production_gr_count': 5, 'delivery_gr_count': 741, 'shipment_count': 2098}
✅ 第 68 天处理完成
==================== 第 69/76 天: 2026-02-21 ====================
🌅 每日开始状态更新
💾保存期初库存快照...
💾已保存 2026-02-21 期初库存: 2557 项
📦处理当日delivery GR到达...
✅ Processed 1002 delivery arrivals for 2026-02-21
🏭处理历史生产当日入库...
📦当日需要入库的历史生产: 7 条记录
✅ Processed 7 M4 production receipts for 2026-02-21
1️⃣ 运行 Module1 - 订单生成
[M1] 周度→日度拆分完成，生成天数: 681912，耗时: 0.057s
[M1] 周度→日度拆分完成，生成天数: 681912，耗时: 0.057s
[M1] 平均需求计算完成，ML数: 2376，耗时: 0.155s
[M1] 订单生成完成 (AO耗时: 0.028s, Normal耗时: 0.028s, 总耗时: 0.211s)，订单数: 4632
[M1] AO消耗完成(向量化)，耗时: 0.051s
[M1] Normal消耗完成(向量化)，耗时: 0.033s
[M1] 当日订单生成完成，订单数: 4632，耗时: 10.118s
[M1] 历史订单读取完成，文件数: 13，合并条目: 229029
[M1] 历史订单合并前过滤完成，耗时: 9.248s
[M1] 发货与缺货计算完成，shipment: 2098，cut: 2098，耗时: 0.032s
[M1] 供需日志生成完成，条目: 213840，耗时: 3.004s
🚚立即处理M1 shipment，扣减库存...
✅ Processed 2098 M1 shipments for 2026-02-21
✅ 已扣减 2098 个shipment的库存
✅ Module1 完成 - 生成 17687 个订单, 2098 个发货
2️⃣ 运行 Module4 - 生产计划
🔄加载前一天产线状态: ['TPOCPACK', 'TPODPACK', 'TPOEPACK', 'TPOFPACK', 'TPOGPACK']
🔄加载之前已分配产能: 293 个产能分配
[M4-Pandas] Production simulation 10 records: 0.9ms
💾保存当天产线状态: ['TPOCPACK', 'TPODPACK', 'TPOEPACK', 'TPOGPACK']
💾保存当天分配产能: 4 个产能分配 (小时单位)
Module4 daily output generated: C:\Users\admin\AppData\Local\Temp\tmp28izcmm6\output\module4\Module4Output_20260221.xlsx
🗂️ 持久化未来生产计划（不触发当日GR）...
✅已写入未来计划回补: 10 条
✅ Module4 完成 - 生成生产计划: 10 条记录
3️⃣ 运行 Module5 - 部署计划
[M5] load_integrated_config 用时: 0.473s
✅缓存已初始化: PTF/LSK=435 | LeadTime=46 | Network=4397
✅索引已构建: SDL=2376 | SS=2376 | Order=2098 | DeployCfg=1230
[M5] Demand collection only 用时: 9.370s
[M5] Demand collection+allocation 总用时: 16.479s
[M5] push_softpush_allocation 用时: 3.720s，生成行数: 9
[M5] Full day total 用时: 28.904s
    🎯 有效部署计划: 769/41077 条

    📦 立即处理M5 deployment，更新open deployment...
✅ Added 769 M5 deployment plans to open deployment for 2026-02-21
    ✅ 已更新 769 条部署计划到open deployment

  ✅ Module5 完成 - 生成 769 条有效部署计划
4️⃣ 运行 Module6 - 物流执行
[M6] OpenDeployment rows=2007 planned<=sim_date=2007 min=2025-12-15 00:00:00 max=2026-02-21 00:00:00
[M6-Pandas] Batch delay sampling 69 routes: 33.5ms
[M6-Pandas] Batch delay sampling 217 routes: 100.8ms
[M6-Pandas] Batch delay sampling 157 routes: 70.3ms
[M6-Pandas] Batch delay sampling 241 routes: 109.2ms
[M6-Pandas] Batch delay sampling 104 routes: 48.4ms
[M6-Pandas] Batch delay sampling 53 routes: 25.0ms
[M6-Pandas] Batch delay sampling 40 routes: 17.6ms
[M6-Pandas] Batch delay sampling 41 routes: 19.0ms
[M6-Pandas] Batch delay sampling 59 routes: 27.7ms
[M6-Pandas] Batch delay sampling 11 routes: 5.1ms
[M6->Orch] incoming rows: 995; date=2026-02-21
✅ Processed 995 M6 delivery plans for 2026-02-21
    ✅ 已处理 995 条delivery计划

  ✅ Module6 完成 - 生成 995 条交付计划
5️⃣ 运行 Module3 - 净需求计算
🔄 Module3 运行于集成模式
[M3] load_module1 total: 7.404s
[M3] assign_location_layers total: 0.132s, locations=4746
[M3-DuckDB] 批量计算 130 节点净需求: 199.9ms, input=130, output=130
[M3] batch layer 3: 130 nodes in 0.438s
[M3-DuckDB] 批量计算 2001 节点净需求: 237.1ms, input=2001, output=2001
[M3] batch layer 2: 2001 nodes in 4.090s
[M3-DuckDB] 批量计算 2266 节点净需求: 248.8ms, input=2266, output=2266
[M3] batch layer 1: 2266 nodes in 3.890s
[M3-DuckDB] 批量计算 349 节点净需求: 206.7ms, input=349, output=349
[M3] batch layer 0: 349 nodes in 0.582s
[M3] mrp_simulation: 9.754s, records=847
✅ Module3 集成模式完成
[M3] total: 17.590s, days=1, records=847
  ✅ Module3 完成
💾 每日结束状态保存
💾已保存 2026-02-21 期末库存: 2557 项
期初库存条目: 2557
生产入库条目: 7
交付入库条目: 1002
发货出库条目: 2098
发运出库条目(M6): 995，数量合计: 14521
期末库存条目: 2557
  📊 从内存获取发运出库 [2026-02-21]: 248 项
📊 当日统计: {'date': '2026-02-21', 'total_inventory_items': 2557, 'total_inventory_quantity': 506813, 'open_deployment_count': 1013, 'in_transit_count': 3481, 'production_gr_count': 7, 'delivery_gr_count': 1002, 'shipment_count': 2098}
✅ 第 69 天处理完成
==================== 第 70/76 天: 2026-02-22 ====================
🌅 每日开始状态更新
💾保存期初库存快照...
💾已保存 2026-02-22 期初库存: 2557 项
📦处理当日delivery GR到达...
✅ Processed 339 delivery arrivals for 2026-02-22
🏭处理历史生产当日入库...
📦当日需要入库的历史生产: 8 条记录
✅ Processed 8 M4 production receipts for 2026-02-22
1️⃣ 运行 Module1 - 订单生成
[M1] 周度→日度拆分完成，生成天数: 681912，耗时: 0.055s
[M1] 周度→日度拆分完成，生成天数: 681912，耗时: 0.063s
[M1] 平均需求计算完成，ML数: 2376，耗时: 0.159s
[M1] 订单生成完成 (AO耗时: 0.029s, Normal耗时: 0.026s, 总耗时: 0.215s)，订单数: 4632
[M1] AO消耗完成(向量化)，耗时: 0.057s
[M1] Normal消耗完成(向量化)，耗时: 0.034s
[M1] 当日订单生成完成，订单数: 4632，耗时: 9.708s
[M1] 历史订单读取完成，文件数: 13，合并条目: 229051
[M1] 历史订单合并前过滤完成，耗时: 9.777s
[M1] 发货与缺货计算完成，shipment: 2098，cut: 2098，耗时: 0.031s
[M1] 供需日志生成完成，条目: 213840，耗时: 3.311s
🚚立即处理M1 shipment，扣减库存...
✅ Processed 2098 M1 shipments for 2026-02-22
✅ 已扣减 2098 个shipment的库存
✅ Module1 完成 - 生成 17687 个订单, 2098 个发货
2️⃣ 运行 Module4 - 生产计划
🔄加载前一天产线状态: ['TPOCPACK', 'TPODPACK', 'TPOEPACK', 'TPOGPACK']
🔄加载之前已分配产能: 297 个产能分配
[M4-Pandas] Production simulation 10 records: 0.9ms
💾保存当天产线状态: ['TPOCPACK', 'TPODPACK', 'TPOEPACK', 'TPOFPACK', 'TPOGPACK']
💾保存当天分配产能: 5 个产能分配 (小时单位)
Module4 daily output generated: C:\Users\admin\AppData\Local\Temp\tmp28izcmm6\output\module4\Module4Output_20260222.xlsx
🗂️ 持久化未来生产计划（不触发当日GR）...
✅已写入未来计划回补: 10 条
✅ Module4 完成 - 生成生产计划: 10 条记录
3️⃣ 运行 Module5 - 部署计划
[M5] load_integrated_config 用时: 0.452s
✅缓存已初始化: PTF/LSK=435 | LeadTime=46 | Network=4397
✅索引已构建: SDL=2376 | SS=2376 | Order=2098 | DeployCfg=1230
[M5] Demand collection only 用时: 9.128s
[M5] Demand collection+allocation 总用时: 15.812s
[M5] push_softpush_allocation 用时: 3.557s，生成行数: 0
[M5] Full day total 用时: 27.467s
    🎯 有效部署计划: 697/40334 条

    📦 立即处理M5 deployment，更新open deployment...
✅ Added 697 M5 deployment plans to open deployment for 2026-02-22
    ✅ 已更新 697 条部署计划到open deployment

  ✅ Module5 完成 - 生成 697 条有效部署计划
4️⃣ 运行 Module6 - 物流执行
[M6] OpenDeployment rows=1710 planned<=sim_date=1710 min=2025-12-15 00:00:00 max=2026-02-22 00:00:00
[M6-Pandas] Batch delay sampling 75 routes: 33.6ms
[M6-Pandas] Batch delay sampling 102 routes: 46.1ms
[M6-Pandas] Batch delay sampling 291 routes: 138.8ms
[M6-Pandas] Batch delay sampling 89 routes: 42.2ms
[M6-Pandas] Batch delay sampling 67 routes: 29.5ms
[M6-Pandas] Batch delay sampling 37 routes: 16.5ms
[M6->Orch] incoming rows: 664; date=2026-02-22
✅ Processed 664 M6 delivery plans for 2026-02-22
    ✅ 已处理 664 条delivery计划

  ✅ Module6 完成 - 生成 664 条交付计划
5️⃣ 运行 Module3 - 净需求计算
🔄 Module3 运行于集成模式
[M3] load_module1 total: 7.391s
[M3] assign_location_layers total: 0.124s, locations=4746
[M3-DuckDB] 批量计算 130 节点净需求: 188.0ms, input=130, output=130
[M3] batch layer 3: 130 nodes in 0.409s
[M3-DuckDB] 批量计算 2001 节点净需求: 242.7ms, input=2001, output=2001
[M3] batch layer 2: 2001 nodes in 3.834s
[M3-DuckDB] 批量计算 2266 节点净需求: 261.3ms, input=2266, output=2266
[M3] batch layer 1: 2266 nodes in 3.893s
[M3-DuckDB] 批量计算 349 节点净需求: 201.6ms, input=349, output=349
[M3] batch layer 0: 349 nodes in 0.577s
[M3] mrp_simulation: 9.242s, records=527
✅ Module3 集成模式完成
[M3] total: 17.032s, days=1, records=527
  ✅ Module3 完成
💾 每日结束状态保存
💾已保存 2026-02-22 期末库存: 2557 项
期初库存条目: 2557
生产入库条目: 8
交付入库条目: 339
发货出库条目: 2098
发运出库条目(M6): 664，数量合计: 4904
期末库存条目: 2557
  📊 从内存获取发运出库 [2026-02-22]: 212 项
📊 当日统计: {'date': '2026-02-22', 'total_inventory_items': 2557, 'total_inventory_quantity': 522086, 'open_deployment_count': 1046, 'in_transit_count': 3806, 'production_gr_count': 8, 'delivery_gr_count': 339, 'shipment_count': 2098}
✅ 第 70 天处理完成
==================== 第 71/76 天: 2026-02-23 ====================
🌅 每日开始状态更新
💾保存期初库存快照...
💾已保存 2026-02-23 期初库存: 2557 项
📦处理当日delivery GR到达...
✅ Processed 1154 delivery arrivals for 2026-02-23
🏭处理历史生产当日入库...
📦当日需要入库的历史生产: 5 条记录
✅ Processed 5 M4 production receipts for 2026-02-23
1️⃣ 运行 Module1 - 订单生成
[M1] 周度→日度拆分完成，生成天数: 681912，耗时: 0.057s
[M1] 周度→日度拆分完成，生成天数: 681912，耗时: 0.055s
[M1] 平均需求计算完成，ML数: 2376，耗时: 0.162s
[M1] 订单生成完成 (AO耗时: 0.029s, Normal耗时: 0.026s, 总耗时: 0.217s)，订单数: 4632
[M1] AO消耗完成(向量化)，耗时: 0.049s
[M1] Normal消耗完成(向量化)，耗时: 0.028s
[M1] 当日订单生成完成，订单数: 4632，耗时: 9.970s
[M1] 历史订单读取完成，文件数: 13，合并条目: 229073
[M1] 历史订单合并前过滤完成，耗时: 9.339s
[M1] 发货与缺货计算完成，shipment: 2098，cut: 2098，耗时: 0.033s
[M1] 供需日志生成完成，条目: 213840，耗时: 3.107s
🚚立即处理M1 shipment，扣减库存...
✅ Processed 2098 M1 shipments for 2026-02-23
✅ 已扣减 2098 个shipment的库存
✅ Module1 完成 - 生成 17687 个订单, 2098 个发货
2️⃣ 运行 Module4 - 生产计划
🔄加载前一天产线状态: ['TPOCPACK', 'TPODPACK', 'TPOEPACK', 'TPOFPACK', 'TPOGPACK']
🔄加载之前已分配产能: 302 个产能分配
[M4-Pandas] Production simulation 4 records: 0.8ms
💾保存当天产线状态: ['TPOCPACK', 'TPOGPACK']
💾保存当天分配产能: 2 个产能分配 (小时单位)
Module4 daily output generated: C:\Users\admin\AppData\Local\Temp\tmp28izcmm6\output\module4\Module4Output_20260223.xlsx
🗂️ 持久化未来生产计划（不触发当日GR）...
✅已写入未来计划回补: 4 条
✅ Module4 完成 - 生成生产计划: 4 条记录
3️⃣ 运行 Module5 - 部署计划
[M5] load_integrated_config 用时: 0.458s
✅缓存已初始化: PTF/LSK=435 | LeadTime=46 | Network=4397
✅索引已构建: SDL=2376 | SS=2376 | Order=2098 | DeployCfg=1230
[M5] Demand collection only 用时: 9.491s
[M5] Demand collection+allocation 总用时: 16.159s
[M5] push_softpush_allocation 用时: 3.924s，生成行数: 0
[M5] Full day total 用时: 27.940s
    🎯 有效部署计划: 587/40444 条

    📦 立即处理M5 deployment，更新open deployment...
✅ Added 587 M5 deployment plans to open deployment for 2026-02-23
    ✅ 已更新 587 条部署计划到open deployment

  ✅ Module5 完成 - 生成 587 条有效部署计划
4️⃣ 运行 Module6 - 物流执行
[M6] OpenDeployment rows=1633 planned<=sim_date=1633 min=2025-12-15 00:00:00 max=2026-02-23 00:00:00
[M6-Pandas] Batch delay sampling 95 routes: 45.4ms
[M6-Pandas] Batch delay sampling 114 routes: 51.9ms
[M6-Pandas] Batch delay sampling 78 routes: 34.5ms
[M6-Pandas] Batch delay sampling 142 routes: 63.9ms
[M6->Orch] incoming rows: 429; date=2026-02-23
✅ Processed 429 M6 delivery plans for 2026-02-23
    ✅ 已处理 429 条delivery计划

  ✅ Module6 完成 - 生成 429 条交付计划
5️⃣ 运行 Module3 - 净需求计算
🔄 Module3 运行于集成模式
[M3] load_module1 total: 7.546s
[M3] assign_location_layers total: 0.120s, locations=4746
[M3-DuckDB] 批量计算 130 节点净需求: 188.8ms, input=130, output=130
[M3] batch layer 3: 130 nodes in 0.405s
[M3-DuckDB] 批量计算 2001 节点净需求: 244.9ms, input=2001, output=2001
[M3] batch layer 2: 2001 nodes in 3.745s
[M3-DuckDB] 批量计算 2266 节点净需求: 242.8ms, input=2266, output=2266
[M3] batch layer 1: 2266 nodes in 3.912s
[M3-DuckDB] 批量计算 349 节点净需求: 199.6ms, input=349, output=349
[M3] batch layer 0: 349 nodes in 0.569s
[M3] mrp_simulation: 9.367s, records=476
✅ Module3 集成模式完成
[M3] total: 17.349s, days=1, records=476
  ✅ Module3 完成
💾 每日结束状态保存
💾已保存 2026-02-23 期末库存: 2557 项
期初库存条目: 2557
生产入库条目: 5
交付入库条目: 1154
发货出库条目: 2098
发运出库条目(M6): 429，数量合计: 2559
期末库存条目: 2557
  📊 从内存获取发运出库 [2026-02-23]: 85 项
📊 当日统计: {'date': '2026-02-23', 'total_inventory_items': 2557, 'total_inventory_quantity': 527922, 'open_deployment_count': 1204, 'in_transit_count': 3081, 'production_gr_count': 5, 'delivery_gr_count': 1154, 'shipment_count': 2098}
✅ 第 71 天处理完成
==================== 第 72/76 天: 2026-02-24 ====================
🌅 每日开始状态更新
💾保存期初库存快照...
💾已保存 2026-02-24 期初库存: 2557 项
📦处理当日delivery GR到达...
✅ Processed 778 delivery arrivals for 2026-02-24
🏭处理历史生产当日入库...
📦当日需要入库的历史生产: 13 条记录
✅ Processed 13 M4 production receipts for 2026-02-24
1️⃣ 运行 Module1 - 订单生成
[M1] 周度→日度拆分完成，生成天数: 681912，耗时: 0.055s
[M1] 周度→日度拆分完成，生成天数: 681912，耗时: 0.057s
[M1] 平均需求计算完成，ML数: 2376，耗时: 0.162s
[M1] 订单生成完成 (AO耗时: 0.029s, Normal耗时: 0.028s, 总耗时: 0.219s)，订单数: 4617
[M1] AO消耗完成(向量化)，耗时: 0.056s
[M1] Normal消耗完成(向量化)，耗时: 0.376s
[M1] 当日订单生成完成，订单数: 4617，耗时: 10.064s
[M1] 历史订单读取完成，文件数: 13，合并条目: 229162
[M1] 历史订单合并前过滤完成，耗时: 9.368s
[M1] 发货与缺货计算完成，shipment: 2083，cut: 2083，耗时: 0.030s
[M1] 供需日志生成完成，条目: 213840，耗时: 3.041s
🚚立即处理M1 shipment，扣减库存...
✅ Processed 2083 M1 shipments for 2026-02-24
✅ 已扣减 2083 个shipment的库存
✅ Module1 完成 - 生成 17672 个订单, 2083 个发货
2️⃣ 运行 Module4 - 生产计划
🔄加载前一天产线状态: ['TPOCPACK', 'TPOGPACK']
🔄加载之前已分配产能: 304 个产能分配
[M4-Pandas] Production simulation 6 records: 0.8ms
💾保存当天产线状态: ['TPODPACK', 'TPOEPACK', 'TPOFPACK', 'TPOGPACK']
💾保存当天分配产能: 4 个产能分配 (小时单位)
Module4 daily output generated: C:\Users\admin\AppData\Local\Temp\tmp28izcmm6\output\module4\Module4Output_20260224.xlsx
🗂️ 持久化未来生产计划（不触发当日GR）...
✅已写入未来计划回补: 6 条
✅ Module4 完成 - 生成生产计划: 6 条记录
3️⃣ 运行 Module5 - 部署计划
[M5] load_integrated_config 用时: 0.465s
✅缓存已初始化: PTF/LSK=435 | LeadTime=46 | Network=4397
✅索引已构建: SDL=2376 | SS=2376 | Order=2083 | DeployCfg=1230
[M5] Demand collection only 用时: 10.065s
[M5] Demand collection+allocation 总用时: 16.536s
[M5] push_softpush_allocation 用时: 5.227s，生成行数: 0
[M5] Full day total 用时: 29.542s
    🎯 有效部署计划: 882/40445 条

    📦 立即处理M5 deployment，更新open deployment...
✅ Added 882 M5 deployment plans to open deployment for 2026-02-24
    ✅ 已更新 882 条部署计划到open deployment

  ✅ Module5 完成 - 生成 882 条有效部署计划
4️⃣ 运行 Module6 - 物流执行
[M6] OpenDeployment rows=2086 planned<=sim_date=2086 min=2025-12-15 00:00:00 max=2026-02-24 00:00:00
[M6-Pandas] Batch delay sampling 82 routes: 36.6ms
[M6-Pandas] Batch delay sampling 155 routes: 71.5ms
[M6-Pandas] Batch delay sampling 141 routes: 64.2ms
[M6-Pandas] Batch delay sampling 77 routes: 41.4ms
[M6-Pandas] Batch delay sampling 48 routes: 22.8ms
[M6-Pandas] Batch delay sampling 205 routes: 99.8ms
[M6-Pandas] Batch delay sampling 68 routes: 30.6ms
[M6->Orch] incoming rows: 776; date=2026-02-24
✅ Processed 776 M6 delivery plans for 2026-02-24
    ✅ 已处理 776 条delivery计划

  ✅ Module6 完成 - 生成 776 条交付计划
5️⃣ 运行 Module3 - 净需求计算
🔄 Module3 运行于集成模式
[M3] load_module1 total: 7.372s
[M3] assign_location_layers total: 0.129s, locations=4746
[M3-DuckDB] 批量计算 130 节点净需求: 203.2ms, input=130, output=130
[M3] batch layer 3: 130 nodes in 0.422s
[M3-DuckDB] 批量计算 2001 节点净需求: 239.9ms, input=2001, output=2001
[M3] batch layer 2: 2001 nodes in 3.605s
[M3-DuckDB] 批量计算 2266 节点净需求: 257.2ms, input=2266, output=2266
[M3] batch layer 1: 2266 nodes in 3.894s
[M3-DuckDB] 批量计算 349 节点净需求: 205.9ms, input=349, output=349
[M3] batch layer 0: 349 nodes in 0.582s
[M3] mrp_simulation: 9.024s, records=394
✅ Module3 集成模式完成
[M3] total: 16.811s, days=1, records=394
  ✅ Module3 完成
💾 每日结束状态保存
💾已保存 2026-02-24 期末库存: 2557 项
期初库存条目: 2557
生产入库条目: 13
交付入库条目: 778
发货出库条目: 2083
发运出库条目(M6): 776，数量合计: 6223
期末库存条目: 2557
  📊 从内存获取发运出库 [2026-02-24]: 83 项
📊 当日统计: {'date': '2026-02-24', 'total_inventory_items': 2557, 'total_inventory_quantity': 536539, 'open_deployment_count': 1310, 'in_transit_count': 3079, 'production_gr_count': 13, 'delivery_gr_count': 778, 'shipment_count': 2083}
✅ 第 72 天处理完成
==================== 第 73/76 天: 2026-02-25 ====================
🌅 每日开始状态更新
💾保存期初库存快照...
💾已保存 2026-02-25 期初库存: 2557 项
📦处理当日delivery GR到达...
✅ Processed 394 delivery arrivals for 2026-02-25
🏭处理历史生产当日入库...
📦当日需要入库的历史生产: 6 条记录
✅ Processed 6 M4 production receipts for 2026-02-25
1️⃣ 运行 Module1 - 订单生成
[M1] 周度→日度拆分完成，生成天数: 681912，耗时: 0.060s
[M1] 周度→日度拆分完成，生成天数: 681912，耗时: 0.056s
[M1] 平均需求计算完成，ML数: 2376，耗时: 0.161s
[M1] 订单生成完成 (AO耗时: 0.028s, Normal耗时: 0.026s, 总耗时: 0.215s)，订单数: 4609
[M1] AO消耗完成(向量化)，耗时: 0.059s
[M1] Normal消耗完成(向量化)，耗时: 0.378s
[M1] 当日订单生成完成，订单数: 4609，耗时: 9.949s
[M1] 历史订单读取完成，文件数: 13，合并条目: 229262
[M1] 历史订单合并前过滤完成，耗时: 9.282s
[M1] 发货与缺货计算完成，shipment: 2075，cut: 2075，耗时: 0.030s
[M1] 供需日志生成完成，条目: 213840，耗时: 3.028s
🚚立即处理M1 shipment，扣减库存...
✅ Processed 2075 M1 shipments for 2026-02-25
✅ 已扣减 2075 个shipment的库存
✅ Module1 完成 - 生成 17664 个订单, 2075 个发货
2️⃣ 运行 Module4 - 生产计划
🔄加载前一天产线状态: ['TPODPACK', 'TPOEPACK', 'TPOFPACK', 'TPOGPACK']
🔄加载之前已分配产能: 308 个产能分配
[M4-Pandas] Production simulation 1 records: 0.8ms
💾保存当天产线状态: ['TPOGPACK']
💾保存当天分配产能: 1 个产能分配 (小时单位)
Module4 daily output generated: C:\Users\admin\AppData\Local\Temp\tmp28izcmm6\output\module4\Module4Output_20260225.xlsx
🗂️ 持久化未来生产计划（不触发当日GR）...
✅已写入未来计划回补: 1 条
✅ Module4 完成 - 生成生产计划: 1 条记录
3️⃣ 运行 Module5 - 部署计划
[M5] load_integrated_config 用时: 0.488s
✅缓存已初始化: PTF/LSK=435 | LeadTime=46 | Network=4397
✅索引已构建: SDL=2376 | SS=2376 | Order=2075 | DeployCfg=1230
[M5] Demand collection only 用时: 9.688s
[M5] Demand collection+allocation 总用时: 16.159s
[M5] push_softpush_allocation 用时: 5.244s，生成行数: 0
[M5] Full day total 用时: 29.501s
    🎯 有效部署计划: 811/40258 条

    📦 立即处理M5 deployment，更新open deployment...
✅ Added 811 M5 deployment plans to open deployment for 2026-02-25
    ✅ 已更新 811 条部署计划到open deployment

  ✅ Module5 完成 - 生成 811 条有效部署计划
4️⃣ 运行 Module6 - 物流执行
[M6] OpenDeployment rows=2121 planned<=sim_date=2121 min=2025-12-15 00:00:00 max=2026-02-25 00:00:00
[M6-Pandas] Batch delay sampling 253 routes: 116.0ms
[M6-Pandas] Batch delay sampling 69 routes: 33.7ms
[M6-Pandas] Batch delay sampling 169 routes: 77.1ms
[M6-Pandas] Batch delay sampling 125 routes: 60.4ms
[M6-Pandas] Batch delay sampling 50 routes: 22.8ms
[M6->Orch] incoming rows: 666; date=2026-02-25
✅ Processed 666 M6 delivery plans for 2026-02-25
    ✅ 已处理 666 条delivery计划

  ✅ Module6 完成 - 生成 666 条交付计划
5️⃣ 运行 Module3 - 净需求计算
🔄 Module3 运行于集成模式
[M3] load_module1 total: 7.321s
[M3] assign_location_layers total: 0.133s, locations=4746
[M3-DuckDB] 批量计算 130 节点净需求: 195.4ms, input=130, output=130
[M3] batch layer 3: 130 nodes in 0.419s
[M3-DuckDB] 批量计算 2001 节点净需求: 240.4ms, input=2001, output=2001
[M3] batch layer 2: 2001 nodes in 3.565s
[M3-DuckDB] 批量计算 2266 节点净需求: 248.5ms, input=2266, output=2266
[M3] batch layer 1: 2266 nodes in 3.868s
[M3-DuckDB] 批量计算 349 节点净需求: 197.4ms, input=349, output=349
[M3] batch layer 0: 349 nodes in 0.573s
[M3] mrp_simulation: 8.959s, records=225
✅ Module3 集成模式完成
[M3] total: 16.703s, days=1, records=225
  ✅ Module3 完成
💾 每日结束状态保存
💾已保存 2026-02-25 期末库存: 2557 项
期初库存条目: 2557
生产入库条目: 6
交付入库条目: 394
发货出库条目: 2075
发运出库条目(M6): 666，数量合计: 2497
期末库存条目: 2557
  📊 从内存获取发运出库 [2026-02-25]: 47 项
📊 当日统计: {'date': '2026-02-25', 'total_inventory_items': 2557, 'total_inventory_quantity': 533542, 'open_deployment_count': 1455, 'in_transit_count': 3351, 'production_gr_count': 6, 'delivery_gr_count': 394, 'shipment_count': 2075}
✅ 第 73 天处理完成
==================== 第 74/76 天: 2026-02-26 ====================
🌅 每日开始状态更新
💾保存期初库存快照...
💾已保存 2026-02-26 期初库存: 2557 项
📦处理当日delivery GR到达...
✅ Processed 1619 delivery arrivals for 2026-02-26
🏭处理历史生产当日入库...
📦当日需要入库的历史生产: 2 条记录
✅ Processed 2 M4 production receipts for 2026-02-26
1️⃣ 运行 Module1 - 订单生成
[M1] 周度→日度拆分完成，生成天数: 681912，耗时: 0.056s
[M1] 周度→日度拆分完成，生成天数: 681912，耗时: 0.062s
[M1] 平均需求计算完成，ML数: 2376，耗时: 0.160s
[M1] 订单生成完成 (AO耗时: 0.028s, Normal耗时: 0.026s, 总耗时: 0.214s)，订单数: 4605
[M1] AO消耗完成(向量化)，耗时: 0.054s
[M1] Normal消耗完成(向量化)，耗时: 0.027s
[M1] 当日订单生成完成，订单数: 4605，耗时: 10.017s
[M1] 历史订单读取完成，文件数: 13，合并条目: 229366
[M1] 历史订单合并前过滤完成，耗时: 9.941s
[M1] 发货与缺货计算完成，shipment: 2071，cut: 2071，耗时: 0.031s
[M1] 供需日志生成完成，条目: 213840，耗时: 3.054s
🚚立即处理M1 shipment，扣减库存...
✅ Processed 2071 M1 shipments for 2026-02-26
✅ 已扣减 2071 个shipment的库存
✅ Module1 完成 - 生成 17660 个订单, 2071 个发货
2️⃣ 运行 Module4 - 生产计划
🔄加载前一天产线状态: ['TPOGPACK']
🔄加载之前已分配产能: 309 个产能分配
[M4-Pandas] Production simulation 1 records: 0.8ms
💾保存当天产线状态: ['TPOCPACK']
💾保存当天分配产能: 1 个产能分配 (小时单位)
Module4 daily output generated: C:\Users\admin\AppData\Local\Temp\tmp28izcmm6\output\module4\Module4Output_20260226.xlsx
🗂️ 持久化未来生产计划（不触发当日GR）...
✅已写入未来计划回补: 1 条
✅ Module4 完成 - 生成生产计划: 1 条记录
3️⃣ 运行 Module5 - 部署计划
[M5] load_integrated_config 用时: 0.493s
✅缓存已初始化: PTF/LSK=435 | LeadTime=46 | Network=4397
✅索引已构建: SDL=2376 | SS=2376 | Order=2071 | DeployCfg=1230
[M5] Demand collection only 用时: 9.808s
[M5] Demand collection+allocation 总用时: 16.362s
[M5] push_softpush_allocation 用时: 5.013s，生成行数: 0
[M5] Full day total 用时: 29.556s
    🎯 有效部署计划: 918/40483 条

    📦 立即处理M5 deployment，更新open deployment...
✅ Added 918 M5 deployment plans to open deployment for 2026-02-26
    ✅ 已更新 918 条部署计划到open deployment

  ✅ Module5 完成 - 生成 918 条有效部署计划
4️⃣ 运行 Module6 - 物流执行
[M6] OpenDeployment rows=2373 planned<=sim_date=2373 min=2025-12-15 00:00:00 max=2026-02-26 00:00:00
[M6-Pandas] Batch delay sampling 399 routes: 552.1ms
[M6-Pandas] Batch delay sampling 192 routes: 88.1ms
[M6-Pandas] Batch delay sampling 177 routes: 80.6ms
[M6-Pandas] Batch delay sampling 193 routes: 89.6ms
[M6-Pandas] Batch delay sampling 115 routes: 52.8ms
[M6-Pandas] Batch delay sampling 104 routes: 49.1ms
[M6->Orch] incoming rows: 1180; date=2026-02-26
✅ Processed 1180 M6 delivery plans for 2026-02-26
    ✅ 已处理 1180 条delivery计划

  ✅ Module6 完成 - 生成 1180 条交付计划
5️⃣ 运行 Module3 - 净需求计算
🔄 Module3 运行于集成模式
[M3] load_module1 total: 7.703s
[M3] assign_location_layers total: 0.123s, locations=4746
[M3-DuckDB] 批量计算 130 节点净需求: 187.1ms, input=130, output=130
[M3] batch layer 3: 130 nodes in 0.400s
[M3-DuckDB] 批量计算 2001 节点净需求: 239.0ms, input=2001, output=2001
[M3] batch layer 2: 2001 nodes in 3.523s
[M3-DuckDB] 批量计算 2266 节点净需求: 267.6ms, input=2266, output=2266
[M3] batch layer 1: 2266 nodes in 3.993s
[M3-DuckDB] 批量计算 349 节点净需求: 199.2ms, input=349, output=349
[M3] batch layer 0: 349 nodes in 0.566s
[M3] mrp_simulation: 9.205s, records=238
✅ Module3 集成模式完成
[M3] total: 17.304s, days=1, records=238
  ✅ Module3 完成
💾 每日结束状态保存
💾已保存 2026-02-26 期末库存: 2557 项
期初库存条目: 2557
生产入库条目: 2
交付入库条目: 1619
发货出库条目: 2071
发运出库条目(M6): 1180，数量合计: 3207
期末库存条目: 2557
  📊 从内存获取发运出库 [2026-02-26]: 84 项
📊 当日统计: {'date': '2026-02-26', 'total_inventory_items': 2557, 'total_inventory_quantity': 527925, 'open_deployment_count': 1193, 'in_transit_count': 2912, 'production_gr_count': 2, 'delivery_gr_count': 1619, 'shipment_count': 2071}
✅ 第 74 天处理完成
==================== 第 75/76 天: 2026-02-27 ====================
🌅 每日开始状态更新
💾保存期初库存快照...
💾已保存 2026-02-27 期初库存: 2557 项
📦处理当日delivery GR到达...
✅ Processed 199 delivery arrivals for 2026-02-27
🏭处理历史生产当日入库...
📦当日需要入库的历史生产: 9 条记录
✅ Processed 9 M4 production receipts for 2026-02-27
1️⃣ 运行 Module1 - 订单生成
[M1] 周度→日度拆分完成，生成天数: 681912，耗时: 0.061s
[M1] 周度→日度拆分完成，生成天数: 681912，耗时: 0.059s
[M1] 平均需求计算完成，ML数: 2376，耗时: 0.161s
[M1] 订单生成完成 (AO耗时: 0.031s, Normal耗时: 0.027s, 总耗时: 0.219s)，订单数: 4603
[M1] AO消耗完成(向量化)，耗时: 0.051s
[M1] Normal消耗完成(向量化)，耗时: 0.029s
[M1] 当日订单生成完成，订单数: 4603，耗时: 9.667s
[M1] 历史订单读取完成，文件数: 13，合并条目: 229470
[M1] 历史订单合并前过滤完成，耗时: 9.945s
[M1] 发货与缺货计算完成，shipment: 2069，cut: 2069，耗时: 0.028s
[M1] 供需日志生成完成，条目: 213840，耗时: 3.081s
🚚立即处理M1 shipment，扣减库存...
✅ Processed 2069 M1 shipments for 2026-02-27
✅ 已扣减 2069 个shipment的库存
✅ Module1 完成 - 生成 17658 个订单, 2069 个发货
2️⃣ 运行 Module4 - 生产计划
🔄加载前一天产线状态: ['TPOCPACK']
🔄加载之前已分配产能: 310 个产能分配
[M4-Pandas] Production simulation 5 records: 1.0ms
💾保存当天产线状态: ['TPOCPACK', 'TPODPACK', 'TPOGPACK']
💾保存当天分配产能: 3 个产能分配 (小时单位)
Module4 daily output generated: C:\Users\admin\AppData\Local\Temp\tmp28izcmm6\output\module4\Module4Output_20260227.xlsx
🗂️ 持久化未来生产计划（不触发当日GR）...
✅已写入未来计划回补: 5 条
✅ Module4 完成 - 生成生产计划: 5 条记录
3️⃣ 运行 Module5 - 部署计划
[M5] load_integrated_config 用时: 0.449s
✅缓存已初始化: PTF/LSK=435 | LeadTime=46 | Network=4397
✅索引已构建: SDL=2376 | SS=2376 | Order=2069 | DeployCfg=1230
[M5] Demand collection only 用时: 10.130s
[M5] Demand collection+allocation 总用时: 16.663s
[M5] push_softpush_allocation 用时: 5.930s，生成行数: 0
[M5] Full day total 用时: 30.797s
    🎯 有效部署计划: 1137/40833 条

    📦 立即处理M5 deployment，更新open deployment...
✅ Added 1137 M5 deployment plans to open deployment for 2026-02-27
    ✅ 已更新 1137 条部署计划到open deployment

  ✅ Module5 完成 - 生成 1137 条有效部署计划
4️⃣ 运行 Module6 - 物流执行
[M6] OpenDeployment rows=2330 planned<=sim_date=2330 min=2025-12-15 00:00:00 max=2026-02-27 00:00:00
[M6-Pandas] Batch delay sampling 101 routes: 44.7ms
[M6-Pandas] Batch delay sampling 199 routes: 89.0ms
[M6-Pandas] Batch delay sampling 319 routes: 142.7ms
[M6-Pandas] Batch delay sampling 135 routes: 61.0ms
[M6->Orch] incoming rows: 754; date=2026-02-27
✅ Processed 754 M6 delivery plans for 2026-02-27
    ✅ 已处理 754 条delivery计划

  ✅ Module6 完成 - 生成 754 条交付计划
5️⃣ 运行 Module3 - 净需求计算
🔄 Module3 运行于集成模式
[M3] load_module1 total: 7.308s
[M3] assign_location_layers total: 0.125s, locations=4746
[M3-DuckDB] 批量计算 130 节点净需求: 191.7ms, input=130, output=130
[M3] batch layer 3: 130 nodes in 0.428s
[M3-DuckDB] 批量计算 2001 节点净需求: 241.3ms, input=2001, output=2001
[M3] batch layer 2: 2001 nodes in 3.595s
[M3-DuckDB] 批量计算 2266 节点净需求: 252.5ms, input=2266, output=2266
[M3] batch layer 1: 2266 nodes in 3.988s
[M3-DuckDB] 批量计算 349 节点净需求: 210.2ms, input=349, output=349
[M3] batch layer 0: 349 nodes in 0.607s
[M3] mrp_simulation: 9.139s, records=277
✅ Module3 集成模式完成
[M3] total: 16.892s, days=1, records=277
  ✅ Module3 完成
💾 每日结束状态保存
💾已保存 2026-02-27 期末库存: 2557 项
期初库存条目: 2557
生产入库条目: 9
交付入库条目: 199
发货出库条目: 2069
发运出库条目(M6): 754，数量合计: 3603
期末库存条目: 2557
  📊 从内存获取发运出库 [2026-02-27]: 69 项
📊 当日统计: {'date': '2026-02-27', 'total_inventory_items': 2557, 'total_inventory_quantity': 527623, 'open_deployment_count': 1576, 'in_transit_count': 3467, 'production_gr_count': 9, 'delivery_gr_count': 199, 'shipment_count': 2069}
✅ 第 75 天处理完成
==================== 第 76/76 天: 2026-02-28 ====================
🌅 每日开始状态更新
💾保存期初库存快照...
💾已保存 2026-02-28 期初库存: 2557 项
📦处理当日delivery GR到达...
✅ Processed 545 delivery arrivals for 2026-02-28
🏭处理历史生产当日入库...
📦当日需要入库的历史生产: 5 条记录
✅ Processed 5 M4 production receipts for 2026-02-28
1️⃣ 运行 Module1 - 订单生成
[M1] 周度→日度拆分完成，生成天数: 681912，耗时: 0.054s
[M1] 周度→日度拆分完成，生成天数: 681912，耗时: 0.056s
[M1] 平均需求计算完成，ML数: 2376，耗时: 0.162s
[M1] 订单生成完成 (AO耗时: 0.029s, Normal耗时: 0.026s, 总耗时: 0.218s)，订单数: 4599
[M1] AO消耗完成(向量化)，耗时: 0.050s
[M1] Normal消耗完成(向量化)，耗时: 0.029s
[M1] 当日订单生成完成，订单数: 4599，耗时: 9.533s
[M1] 历史订单读取完成，文件数: 13，合并条目: 229573
[M1] 历史订单合并前过滤完成，耗时: 9.837s
[M1] 发货与缺货计算完成，shipment: 2065，cut: 2065，耗时: 0.030s
[M1] 供需日志生成完成，条目: 213840，耗时: 3.078s
🚚立即处理M1 shipment，扣减库存...
✅ Processed 2065 M1 shipments for 2026-02-28
✅ 已扣减 2065 个shipment的库存
✅ Module1 完成 - 生成 17654 个订单, 2065 个发货
2️⃣ 运行 Module4 - 生产计划
🔄加载前一天产线状态: ['TPOCPACK', 'TPODPACK', 'TPOGPACK']
🔄加载之前已分配产能: 313 个产能分配
[M4-Pandas] Production simulation 5 records: 0.8ms
💾保存当天产线状态: ['TPODPACK', 'TPOEPACK', 'TPOGPACK']
💾保存当天分配产能: 3 个产能分配 (小时单位)
Module4 daily output generated: C:\Users\admin\AppData\Local\Temp\tmp28izcmm6\output\module4\Module4Output_20260228.xlsx
🗂️ 持久化未来生产计划（不触发当日GR）...
✅已写入未来计划回补: 5 条
✅ Module4 完成 - 生成生产计划: 5 条记录
3️⃣ 运行 Module5 - 部署计划
[M5] load_integrated_config 用时: 0.512s
✅缓存已初始化: PTF/LSK=435 | LeadTime=46 | Network=4397
✅索引已构建: SDL=2376 | SS=2376 | Order=2065 | DeployCfg=1230
[M5] Demand collection only 用时: 10.466s
[M5] Demand collection+allocation 总用时: 17.115s
[M5] push_softpush_allocation 用时: 6.238s，生成行数: 0
[M5] Full day total 用时: 31.629s
    🎯 有效部署计划: 1538/41240 条

    📦 立即处理M5 deployment，更新open deployment...
✅ Added 1538 M5 deployment plans to open deployment for 2026-02-28
    ✅ 已更新 1538 条部署计划到open deployment

  ✅ Module5 完成 - 生成 1538 条有效部署计划
4️⃣ 运行 Module6 - 物流执行
[M6] OpenDeployment rows=3114 planned<=sim_date=3114 min=2025-12-15 00:00:00 max=2026-02-28 00:00:00
[M6-Pandas] Batch delay sampling 278 routes: 127.6ms
[M6-Pandas] Batch delay sampling 242 routes: 109.4ms
[M6-Pandas] Batch delay sampling 230 routes: 102.7ms
[M6-Pandas] Batch delay sampling 240 routes: 108.7ms
[M6-Pandas] Batch delay sampling 173 routes: 76.6ms
[M6-Pandas] Batch delay sampling 130 routes: 59.8ms
[M6-Pandas] Batch delay sampling 145 routes: 67.0ms
[M6-Pandas] Batch delay sampling 209 routes: 94.6ms
[M6->Orch] incoming rows: 1647; date=2026-02-28
✅ Processed 1647 M6 delivery plans for 2026-02-28
    ✅ 已处理 1647 条delivery计划

  ✅ Module6 完成 - 生成 1647 条交付计划
5️⃣ 运行 Module3 - 净需求计算
🔄 Module3 运行于集成模式
[M3] load_module1 total: 7.408s
[M3] assign_location_layers total: 0.123s, locations=4746
[M3-DuckDB] 批量计算 130 节点净需求: 186.5ms, input=130, output=130
[M3] batch layer 3: 130 nodes in 0.408s
[M3-DuckDB] 批量计算 2001 节点净需求: 242.8ms, input=2001, output=2001
[M3] batch layer 2: 2001 nodes in 3.579s
[M3-DuckDB] 批量计算 2266 节点净需求: 247.9ms, input=2266, output=2266
[M3] batch layer 1: 2266 nodes in 3.925s
[M3-DuckDB] 批量计算 349 节点净需求: 196.6ms, input=349, output=349
[M3] batch layer 0: 349 nodes in 0.558s
[M3] mrp_simulation: 8.992s, records=319
✅ Module3 集成模式完成
[M3] total: 16.839s, days=1, records=319
  ✅ Module3 完成
💾 每日结束状态保存
💾已保存 2026-02-28 期末库存: 2557 项
期初库存条目: 2557
生产入库条目: 5
交付入库条目: 545
发货出库条目: 2065
发运出库条目(M6): 1647，数量合计: 6194
期末库存条目: 2557
  📊 从内存获取发运出库 [2026-02-28]: 98 项
📊 当日统计: {'date': '2026-02-28', 'total_inventory_items': 2557, 'total_inventory_quantity': 521171, 'open_deployment_count': 1467, 'in_transit_count': 4569, 'production_gr_count': 5, 'delivery_gr_count': 545, 'shipment_count': 2065}
✅ 第 76 天处理完成
📊 正在生成汇总报告...
📊 开始生成汇总报告 (2025-12-15 到 2026-02-28)
📊 OrderLog 去重：原始 1300506 条 → 去重后 715186 条（移除了 585320 条重复的 AO 订单）
📊 过滤超出日期范围的记录：467886 条 → 451507 条（移除了 16379 条超出 2026-02-28 的记录）

⚠️  发现 125222 条 cut_qty 不一致的记录，已自动修正
  (cut_qty 已修正为 = max(0, order_qty - shipment_qty))
📊 Deployment Plan 数据量 (3336330 行) 超过 Excel 限制，使用 CSV 格式
📊 Production Plan 过滤：685 条 → 659 条（移除了 26 条超出日期范围的记录）
📊 历史库存记录已生成: C:\Users\admin\AppData\Local\Temp\tmp28izcmm6\output\summary\historical_inventory_record.csv (191461 条记录)
✅ 汇总报告生成完成，输出目录: C:\Users\admin\AppData\Local\Temp\tmp28izcmm6\output\summary
✅ 汇总报告生成完成，输出目录: C:\Users\admin\AppData\Local\Temp\tmp28izcmm6\output\summary
🎯 最终Orchestrator状态:
date: 2026-02-28
total_inventory_items: 2557
total_inventory_quantity: 521171
open_deployment_count: 1467
in_transit_count: 4569
production_gr_count: 5
delivery_gr_count: 545
shipment_count: 2065
🎉 集成仿真完成!
总共处理: 76 天

============================================================
🦆 DuckDB内存模式统计
============================================================

📊 DuckDB内存存储统计:
   状态: ✅ 启用
   表数量: 294
   写入次数: 294 (97911 行)
   读取次数: 0 (0 行)
   平均写入耗时: 2.69ms
   平均读取耗时: 0.00ms
🔒 DuckDB内存模式已禁用
🦆 DuckDB内存模式已禁用

============================================================
🕐 程序时间统计
============================================================
📅 开始时间: 2026-02-06 23:19:48
📅 结束时间: 2026-02-07 01:33:30
⏱️  总运行时间: 117分钟 13.29秒
📊 平均每天耗时: 92.54秒
============================================================
2026-02-07 01:33:30 [INFO] 
============================================================
2026-02-07 01:33:30 [INFO] [OUT] 步骤3: 写入输出到数据库（完整模式）
2026-02-07 01:33:30 [INFO] ============================================================
2026-02-07 01:33:30 [INFO] ============================================================
2026-02-07 01:33:30 [INFO] [DEBUG] DEBUG: 检查 all_results 结构
2026-02-07 01:33:30 [INFO] ============================================================
2026-02-07 01:33:30 [INFO] all_results 类型: <class 'dict'>
2026-02-07 01:33:30 [INFO] all_results 键: ['module1', 'module3', 'module4', 'module5', 'module6']
2026-02-07 01:33:30 [INFO]   module1: 76 天的结果
2026-02-07 01:33:30 [INFO]     第一天的键: ['orders_df', 'shipment_df', 'cut_df', 'supply_demand_df', 'summary_df', 'output_file', 'all_orders_for_next_day', 'simulation_date']
2026-02-07 01:33:30 [INFO]       orders_df: DataFrame shape=(4532, 7)
2026-02-07 01:33:30 [INFO]       shipment_df: DataFrame shape=(1314, 6)
2026-02-07 01:33:30 [INFO]       cut_df: DataFrame shape=(1314, 4)
2026-02-07 01:33:30 [INFO]       supply_demand_df: DataFrame shape=(213840, 5)
2026-02-07 01:33:30 [INFO]       summary_df: DataFrame shape=(1, 5)
2026-02-07 01:33:30 [INFO]       output_file: type=str, len=89
2026-02-07 01:33:30 [INFO]       all_orders_for_next_day: DataFrame shape=(4532, 7)
2026-02-07 01:33:30 [INFO]       simulation_date: type=Timestamp
2026-02-07 01:33:30 [INFO]   module3: 76 天的结果
2026-02-07 01:33:30 [INFO]     第一天的键: ['net_demand_df', 'net_demand_count', 'processed_dates', 'output_files', 'simulation_date']
2026-02-07 01:33:30 [INFO]       net_demand_df: DataFrame shape=(1227, 8)
2026-02-07 01:33:30 [INFO]       net_demand_count: type=int
2026-02-07 01:33:30 [INFO]       processed_dates: type=int
2026-02-07 01:33:30 [INFO]       output_files: type=list, len=1
2026-02-07 01:33:30 [INFO]       simulation_date: type=Timestamp
2026-02-07 01:33:30 [INFO]   module4: 76 天的结果
2026-02-07 01:33:30 [INFO]     第一天的键: ['production_df', 'exceed_log', 'issues_df', 'changeover_log', 'simulation_date']
2026-02-07 01:33:30 [INFO]       production_df: DataFrame shape=(0, 0)
2026-02-07 01:33:30 [INFO]       exceed_log: DataFrame shape=(0, 0)
2026-02-07 01:33:30 [INFO]       issues_df: DataFrame shape=(0, 0)
2026-02-07 01:33:30 [INFO]       changeover_log: DataFrame shape=(0, 8)
2026-02-07 01:33:30 [INFO]       simulation_date: type=Timestamp
2026-02-07 01:33:30 [INFO]   module5: 76 天的结果
2026-02-07 01:33:30 [INFO]     第一天的键: ['deployment_plan', 'unfulfilled_log', 'stock_on_hand_log', 'validation_log', 'statistics', 'simulation_date']
2026-02-07 01:33:30 [INFO]       deployment_plan: DataFrame shape=(31196, 18)
2026-02-07 01:33:30 [INFO]       unfulfilled_log: DataFrame shape=(6179, 7)
2026-02-07 01:33:30 [INFO]       stock_on_hand_log: DataFrame shape=(5079, 10)
2026-02-07 01:33:30 [INFO]       validation_log: DataFrame shape=(8200, 2)
2026-02-07 01:33:30 [INFO]       statistics: type=dict, len=3
2026-02-07 01:33:30 [INFO]       simulation_date: type=Timestamp
2026-02-07 01:33:30 [INFO]   module6: 76 天的结果
2026-02-07 01:33:30 [INFO]     第一天的键: ['daily_output_file', 'delivery_plan', 'vehicle_log', 'truck_usage', 'unsatisfied_log', 'validation_log', 'bypass_log', 'statistics', 'simulation_date']
2026-02-07 01:33:30 [INFO]       daily_output_file: type=str, len=88
2026-02-07 01:33:30 [INFO]       delivery_plan: DataFrame shape=(0, 0)
2026-02-07 01:33:30 [INFO]       vehicle_log: DataFrame shape=(0, 12)
2026-02-07 01:33:30 [INFO]       truck_usage: DataFrame shape=(0, 5)
2026-02-07 01:33:30 [INFO]       unsatisfied_log: DataFrame shape=(0, 0)
2026-02-07 01:33:30 [INFO]       validation_log: DataFrame shape=(2, 3)
2026-02-07 01:33:30 [INFO]       bypass_log: DataFrame shape=(0, 0)
2026-02-07 01:33:30 [INFO]       statistics: type=dict, len=4
2026-02-07 01:33:30 [INFO]       simulation_date: type=Timestamp
2026-02-07 01:33:30 [INFO] ============================================================
2026-02-07 01:33:30 [INFO] [OUT] 从内存直接写入模块输出到数据库...

============================================================
[DEL]  清空数据库输出表
============================================================
  [v] 已清空: module1_output_orderlog
  [v] 已清空: module1_output_shipmentlog
  [v] 已清空: module1_output_cutlog
  [v] 已清空: module1_output_supplydemandlog
  [v] 已清空: module1_output_summary
  [v] 已清空: module3_output_netdemand
  [v] 已清空: module4_output_productionplan
  [v] 已清空: module4_output_capacityexceed
  [v] 已清空: module4_output_validation
  [v] 已清空: module4_output_changeoverlog
  [v] 已清空: module5_output_deploymentplan
  [v] 已清空: module5_output_unfulfilledlog
  [v] 已清空: module5_output_stockonhandlog
  [v] 已清空: module5_output_validation
  [v] 已清空: module6_output_deliveryplan
  [v] 已清空: module6_output_vehiclelog
  [v] 已清空: module6_output_truckusagelog
  [v] 已清空: module6_output_unsatisfiedmdqlog
  [v] 已清空: module6_output_validationlog
  [v] 已清空: module6_output_bypassrulehitlog
  [v] 已清空: summary_output_ordershipmentcutsummary
  [v] 已清空: summary_output_fullchangeoverlog
  [v] 已清空: summary_output_fullcapacityexceed
  [v] 已清空: summary_output_fullproductionplan
  [v] 已清空: summary_output_fulldeploymentplan
  [v] 已清空: summary_output_fulldeliveryplan
  [v] 已清空: summary_output_fulltruckusage
  [v] 已清空: orchestrator_unrestricted_inventory
  [v] 已清空: orchestrator_open_deployment
  [v] 已清空: orchestrator_open_deployment_pastdue_cleanup
  [v] 已清空: orchestrator_planning_intransit
  [v] 已清空: orchestrator_space_quota
  [v] 已清空: orchestrator_delivery_gr
  [v] 已清空: orchestrator_production_gr
  [v] 已清空: orchestrator_production_plan_backlog
  [v] 已清空: orchestrator_shipment_log
  [v] 已清空: orchestrator_delivery_shipment_log
  [v] 已清空: orchestrator_inventory_change_log
  [v] 已清空: orchestrator_daily_logs

[OK] 共清空 39 个表

============================================================
[OUT] 从内存写入模块输出到数据库
运行ID: OC_Paste_S1_20251224_20260206_231947
============================================================

[DEBUG] DEBUG: module1 结果检查:
   module_results 类型: <class 'list'>
   module_results 长度: 76
   第一天结果的键: ['orders_df', 'shipment_df', 'cut_df', 'supply_demand_df', 'summary_df', 'output_file', 'all_orders_for_next_day', 'simulation_date']
   期望的键 (df_mapping): ['orders_df', 'shipment_df', 'cut_df', 'supply_demand_df', 'summary_df']
   匹配的键: {'supply_demand_df', 'shipment_df', 'summary_df', 'cut_df', 'orders_df'}
   额外的键: {'all_orders_for_next_day', 'output_file', 'simulation_date'}

[DIR] 写入 module1 输出...
      [v] orders_df -> module1_output_orderlog: DataFrame shape=(4532, 7)
      [v] shipment_df -> module1_output_shipmentlog: DataFrame shape=(1314, 6)
      [v] cut_df -> module1_output_cutlog: DataFrame shape=(1314, 4)
      [v] supply_demand_df -> module1_output_supplydemandlog: DataFrame shape=(213840, 5)
      [v] summary_df -> module1_output_summary: DataFrame shape=(1, 5)
      [v] orders_df -> module1_output_orderlog: DataFrame shape=(7900, 7)
      [v] shipment_df -> module1_output_shipmentlog: DataFrame shape=(1780, 6)
      [v] cut_df -> module1_output_cutlog: DataFrame shape=(1780, 4)
      [v] supply_demand_df -> module1_output_supplydemandlog: DataFrame shape=(213840, 5)
      [v] summary_df -> module1_output_summary: DataFrame shape=(1, 5)
      [v] orders_df -> module1_output_orderlog: DataFrame shape=(10777, 7)
      [v] shipment_df -> module1_output_shipmentlog: DataFrame shape=(2070, 6)
      [v] cut_df -> module1_output_cutlog: DataFrame shape=(2070, 4)
      [v] supply_demand_df -> module1_output_supplydemandlog: DataFrame shape=(213840, 5)
      [v] summary_df -> module1_output_summary: DataFrame shape=(1, 5)
      [v] orders_df -> module1_output_orderlog: DataFrame shape=(13019, 7)
      [v] shipment_df -> module1_output_shipmentlog: DataFrame shape=(2120, 6)
      [v] cut_df -> module1_output_cutlog: DataFrame shape=(2120, 4)
      [v] supply_demand_df -> module1_output_supplydemandlog: DataFrame shape=(213840, 5)
      [v] summary_df -> module1_output_summary: DataFrame shape=(1, 5)
      [v] orders_df -> module1_output_orderlog: DataFrame shape=(14623, 7)
      [v] shipment_df -> module1_output_shipmentlog: DataFrame shape=(2144, 6)
      [v] cut_df -> module1_output_cutlog: DataFrame shape=(2144, 4)
      [v] supply_demand_df -> module1_output_supplydemandlog: DataFrame shape=(213840, 5)
      [v] summary_df -> module1_output_summary: DataFrame shape=(1, 5)
      [v] orders_df -> module1_output_orderlog: DataFrame shape=(15669, 7)
      [v] shipment_df -> module1_output_shipmentlog: DataFrame shape=(2145, 6)
      [v] cut_df -> module1_output_cutlog: DataFrame shape=(2145, 4)
      [v] supply_demand_df -> module1_output_supplydemandlog: DataFrame shape=(213840, 5)
      [v] summary_df -> module1_output_summary: DataFrame shape=(1, 5)
      [v] orders_df -> module1_output_orderlog: DataFrame shape=(16389, 7)
      [v] shipment_df -> module1_output_shipmentlog: DataFrame shape=(2145, 6)
      [v] cut_df -> module1_output_cutlog: DataFrame shape=(2145, 4)
      [v] supply_demand_df -> module1_output_supplydemandlog: DataFrame shape=(213840, 5)
      [v] summary_df -> module1_output_summary: DataFrame shape=(1, 5)
      [v] orders_df -> module1_output_orderlog: DataFrame shape=(16866, 7)
      [v] shipment_df -> module1_output_shipmentlog: DataFrame shape=(2143, 6)
      [v] cut_df -> module1_output_cutlog: DataFrame shape=(2143, 4)
      [v] supply_demand_df -> module1_output_supplydemandlog: DataFrame shape=(213840, 5)
      [v] summary_df -> module1_output_summary: DataFrame shape=(1, 5)
      [v] orders_df -> module1_output_orderlog: DataFrame shape=(17179, 7)
      [v] shipment_df -> module1_output_shipmentlog: DataFrame shape=(2106, 6)
      [v] cut_df -> module1_output_cutlog: DataFrame shape=(2106, 4)
      [v] supply_demand_df -> module1_output_supplydemandlog: DataFrame shape=(213840, 5)
      [v] summary_df -> module1_output_summary: DataFrame shape=(1, 5)
      [v] orders_df -> module1_output_orderlog: DataFrame shape=(17439, 7)
      [v] shipment_df -> module1_output_shipmentlog: DataFrame shape=(2102, 6)
      [v] cut_df -> module1_output_cutlog: DataFrame shape=(2102, 4)
      [v] supply_demand_df -> module1_output_supplydemandlog: DataFrame shape=(213840, 5)
      [v] summary_df -> module1_output_summary: DataFrame shape=(1, 5)
      [v] orders_df -> module1_output_orderlog: DataFrame shape=(17619, 7)
      [v] shipment_df -> module1_output_shipmentlog: DataFrame shape=(2101, 6)
      [v] cut_df -> module1_output_cutlog: DataFrame shape=(2101, 4)
      [v] supply_demand_df -> module1_output_supplydemandlog: DataFrame shape=(213840, 5)
      [v] summary_df -> module1_output_summary: DataFrame shape=(1, 5)
      [v] orders_df -> module1_output_orderlog: DataFrame shape=(17676, 7)
      [v] shipment_df -> module1_output_shipmentlog: DataFrame shape=(2101, 6)
      [v] cut_df -> module1_output_cutlog: DataFrame shape=(2101, 4)
      [v] supply_demand_df -> module1_output_supplydemandlog: DataFrame shape=(213840, 5)
      [v] summary_df -> module1_output_summary: DataFrame shape=(1, 5)
      [v] orders_df -> module1_output_orderlog: DataFrame shape=(17686, 7)
      [v] shipment_df -> module1_output_shipmentlog: DataFrame shape=(2101, 6)
      [v] cut_df -> module1_output_cutlog: DataFrame shape=(2101, 4)
      [v] supply_demand_df -> module1_output_supplydemandlog: DataFrame shape=(213840, 5)
      [v] summary_df -> module1_output_summary: DataFrame shape=(1, 5)
      [v] orders_df -> module1_output_orderlog: DataFrame shape=(17686, 7)
      [v] shipment_df -> module1_output_shipmentlog: DataFrame shape=(2101, 6)
      [v] cut_df -> module1_output_cutlog: DataFrame shape=(2101, 4)
      [v] supply_demand_df -> module1_output_supplydemandlog: DataFrame shape=(213840, 5)
      [v] summary_df -> module1_output_summary: DataFrame shape=(1, 5)
      [v] orders_df -> module1_output_orderlog: DataFrame shape=(17685, 7)
      [v] shipment_df -> module1_output_shipmentlog: DataFrame shape=(2100, 6)
      [v] cut_df -> module1_output_cutlog: DataFrame shape=(2100, 4)
      [v] supply_demand_df -> module1_output_supplydemandlog: DataFrame shape=(213840, 5)
      [v] summary_df -> module1_output_summary: DataFrame shape=(1, 5)
      [v] orders_df -> module1_output_orderlog: DataFrame shape=(17699, 7)
      [v] shipment_df -> module1_output_shipmentlog: DataFrame shape=(2114, 6)
      [v] cut_df -> module1_output_cutlog: DataFrame shape=(2114, 4)
      [v] supply_demand_df -> module1_output_supplydemandlog: DataFrame shape=(213840, 5)
      [v] summary_df -> module1_output_summary: DataFrame shape=(1, 5)
      [v] orders_df -> module1_output_orderlog: DataFrame shape=(17696, 7)
      [v] shipment_df -> module1_output_shipmentlog: DataFrame shape=(2111, 6)
      [v] cut_df -> module1_output_cutlog: DataFrame shape=(2111, 4)
      [v] supply_demand_df -> module1_output_supplydemandlog: DataFrame shape=(213840, 5)
      [v] summary_df -> module1_output_summary: DataFrame shape=(1, 5)
      [v] orders_df -> module1_output_orderlog: DataFrame shape=(17693, 7)
      [v] shipment_df -> module1_output_shipmentlog: DataFrame shape=(2108, 6)
      [v] cut_df -> module1_output_cutlog: DataFrame shape=(2108, 4)
      [v] supply_demand_df -> module1_output_supplydemandlog: DataFrame shape=(213840, 5)
      [v] summary_df -> module1_output_summary: DataFrame shape=(1, 5)
      [v] orders_df -> module1_output_orderlog: DataFrame shape=(17691, 7)
      [v] shipment_df -> module1_output_shipmentlog: DataFrame shape=(2106, 6)
      [v] cut_df -> module1_output_cutlog: DataFrame shape=(2106, 4)
      [v] supply_demand_df -> module1_output_supplydemandlog: DataFrame shape=(213840, 5)
      [v] summary_df -> module1_output_summary: DataFrame shape=(1, 5)
      [v] orders_df -> module1_output_orderlog: DataFrame shape=(17688, 7)
      [v] shipment_df -> module1_output_shipmentlog: DataFrame shape=(2103, 6)
      [v] cut_df -> module1_output_cutlog: DataFrame shape=(2103, 4)
      [v] supply_demand_df -> module1_output_supplydemandlog: DataFrame shape=(213840, 5)
      [v] summary_df -> module1_output_summary: DataFrame shape=(1, 5)
      [v] orders_df -> module1_output_orderlog: DataFrame shape=(17685, 7)
      [v] shipment_df -> module1_output_shipmentlog: DataFrame shape=(2100, 6)
      [v] cut_df -> module1_output_cutlog: DataFrame shape=(2100, 4)
      [v] supply_demand_df -> module1_output_supplydemandlog: DataFrame shape=(213840, 5)
      [v] summary_df -> module1_output_summary: DataFrame shape=(1, 5)
      [v] orders_df -> module1_output_orderlog: DataFrame shape=(17635, 7)
      [v] shipment_df -> module1_output_shipmentlog: DataFrame shape=(2050, 6)
      [v] cut_df -> module1_output_cutlog: DataFrame shape=(2050, 4)
      [v] supply_demand_df -> module1_output_supplydemandlog: DataFrame shape=(213840, 5)
      [v] summary_df -> module1_output_summary: DataFrame shape=(1, 5)
      [v] orders_df -> module1_output_orderlog: DataFrame shape=(17689, 7)
      [v] shipment_df -> module1_output_shipmentlog: DataFrame shape=(2100, 6)
      [v] cut_df -> module1_output_cutlog: DataFrame shape=(2100, 4)
      [v] supply_demand_df -> module1_output_supplydemandlog: DataFrame shape=(213840, 5)
      [v] summary_df -> module1_output_summary: DataFrame shape=(1, 5)
      [v] orders_df -> module1_output_orderlog: DataFrame shape=(17689, 7)
      [v] shipment_df -> module1_output_shipmentlog: DataFrame shape=(2100, 6)
      [v] cut_df -> module1_output_cutlog: DataFrame shape=(2100, 4)
      [v] supply_demand_df -> module1_output_supplydemandlog: DataFrame shape=(213840, 5)
      [v] summary_df -> module1_output_summary: DataFrame shape=(1, 5)
      [v] orders_df -> module1_output_orderlog: DataFrame shape=(17689, 7)
      [v] shipment_df -> module1_output_shipmentlog: DataFrame shape=(2100, 6)
      [v] cut_df -> module1_output_cutlog: DataFrame shape=(2100, 4)
      [v] supply_demand_df -> module1_output_supplydemandlog: DataFrame shape=(213840, 5)
      [v] summary_df -> module1_output_summary: DataFrame shape=(1, 5)
      [v] orders_df -> module1_output_orderlog: DataFrame shape=(17689, 7)
      [v] shipment_df -> module1_output_shipmentlog: DataFrame shape=(2100, 6)
      [v] cut_df -> module1_output_cutlog: DataFrame shape=(2100, 4)
      [v] supply_demand_df -> module1_output_supplydemandlog: DataFrame shape=(213840, 5)
      [v] summary_df -> module1_output_summary: DataFrame shape=(1, 5)
      [v] orders_df -> module1_output_orderlog: DataFrame shape=(17689, 7)
      [v] shipment_df -> module1_output_shipmentlog: DataFrame shape=(2100, 6)
      [v] cut_df -> module1_output_cutlog: DataFrame shape=(2100, 4)
      [v] supply_demand_df -> module1_output_supplydemandlog: DataFrame shape=(213840, 5)
      [v] summary_df -> module1_output_summary: DataFrame shape=(1, 5)
      [v] orders_df -> module1_output_orderlog: DataFrame shape=(17689, 7)
      [v] shipment_df -> module1_output_shipmentlog: DataFrame shape=(2100, 6)
      [v] cut_df -> module1_output_cutlog: DataFrame shape=(2100, 4)
      [v] supply_demand_df -> module1_output_supplydemandlog: DataFrame shape=(213840, 5)
      [v] summary_df -> module1_output_summary: DataFrame shape=(1, 5)
      [v] orders_df -> module1_output_orderlog: DataFrame shape=(17689, 7)
      [v] shipment_df -> module1_output_shipmentlog: DataFrame shape=(2100, 6)
      [v] cut_df -> module1_output_cutlog: DataFrame shape=(2100, 4)
      [v] supply_demand_df -> module1_output_supplydemandlog: DataFrame shape=(213840, 5)
      [v] summary_df -> module1_output_summary: DataFrame shape=(1, 5)
      [v] orders_df -> module1_output_orderlog: DataFrame shape=(17691, 7)
      [v] shipment_df -> module1_output_shipmentlog: DataFrame shape=(2102, 6)
      [v] cut_df -> module1_output_cutlog: DataFrame shape=(2102, 4)
      [v] supply_demand_df -> module1_output_supplydemandlog: DataFrame shape=(213840, 5)
      [v] summary_df -> module1_output_summary: DataFrame shape=(1, 5)
      [v] orders_df -> module1_output_orderlog: DataFrame shape=(17691, 7)
      [v] shipment_df -> module1_output_shipmentlog: DataFrame shape=(2102, 6)
      [v] cut_df -> module1_output_cutlog: DataFrame shape=(2102, 4)
      [v] supply_demand_df -> module1_output_supplydemandlog: DataFrame shape=(213840, 5)
      [v] summary_df -> module1_output_summary: DataFrame shape=(1, 5)
      [v] orders_df -> module1_output_orderlog: DataFrame shape=(17691, 7)
      [v] shipment_df -> module1_output_shipmentlog: DataFrame shape=(2102, 6)
      [v] cut_df -> module1_output_cutlog: DataFrame shape=(2102, 4)
      [v] supply_demand_df -> module1_output_supplydemandlog: DataFrame shape=(213840, 5)
      [v] summary_df -> module1_output_summary: DataFrame shape=(1, 5)
      [v] orders_df -> module1_output_orderlog: DataFrame shape=(17691, 7)
      [v] shipment_df -> module1_output_shipmentlog: DataFrame shape=(2102, 6)
      [v] cut_df -> module1_output_cutlog: DataFrame shape=(2102, 4)
      [v] supply_demand_df -> module1_output_supplydemandlog: DataFrame shape=(213840, 5)
      [v] summary_df -> module1_output_summary: DataFrame shape=(1, 5)
      [v] orders_df -> module1_output_orderlog: DataFrame shape=(17691, 7)
      [v] shipment_df -> module1_output_shipmentlog: DataFrame shape=(2102, 6)
      [v] cut_df -> module1_output_cutlog: DataFrame shape=(2102, 4)
      [v] supply_demand_df -> module1_output_supplydemandlog: DataFrame shape=(213840, 5)
      [v] summary_df -> module1_output_summary: DataFrame shape=(1, 5)
      [v] orders_df -> module1_output_orderlog: DataFrame shape=(17691, 7)
      [v] shipment_df -> module1_output_shipmentlog: DataFrame shape=(2102, 6)
      [v] cut_df -> module1_output_cutlog: DataFrame shape=(2102, 4)
      [v] supply_demand_df -> module1_output_supplydemandlog: DataFrame shape=(213840, 5)
      [v] summary_df -> module1_output_summary: DataFrame shape=(1, 5)
      [v] orders_df -> module1_output_orderlog: DataFrame shape=(17691, 7)
      [v] shipment_df -> module1_output_shipmentlog: DataFrame shape=(2102, 6)
      [v] cut_df -> module1_output_cutlog: DataFrame shape=(2102, 4)
      [v] supply_demand_df -> module1_output_supplydemandlog: DataFrame shape=(213840, 5)
      [v] summary_df -> module1_output_summary: DataFrame shape=(1, 5)
      [v] orders_df -> module1_output_orderlog: DataFrame shape=(17689, 7)
      [v] shipment_df -> module1_output_shipmentlog: DataFrame shape=(2100, 6)
      [v] cut_df -> module1_output_cutlog: DataFrame shape=(2100, 4)
      [v] supply_demand_df -> module1_output_supplydemandlog: DataFrame shape=(213840, 5)
      [v] summary_df -> module1_output_summary: DataFrame shape=(1, 5)
      [v] orders_df -> module1_output_orderlog: DataFrame shape=(17689, 7)
      [v] shipment_df -> module1_output_shipmentlog: DataFrame shape=(2100, 6)
      [v] cut_df -> module1_output_cutlog: DataFrame shape=(2100, 4)
      [v] supply_demand_df -> module1_output_supplydemandlog: DataFrame shape=(213840, 5)
      [v] summary_df -> module1_output_summary: DataFrame shape=(1, 5)
      [v] orders_df -> module1_output_orderlog: DataFrame shape=(17689, 7)
      [v] shipment_df -> module1_output_shipmentlog: DataFrame shape=(2100, 6)
      [v] cut_df -> module1_output_cutlog: DataFrame shape=(2100, 4)
      [v] supply_demand_df -> module1_output_supplydemandlog: DataFrame shape=(213840, 5)
      [v] summary_df -> module1_output_summary: DataFrame shape=(1, 5)
      [v] orders_df -> module1_output_orderlog: DataFrame shape=(17689, 7)
      [v] shipment_df -> module1_output_shipmentlog: DataFrame shape=(2100, 6)
      [v] cut_df -> module1_output_cutlog: DataFrame shape=(2100, 4)
      [v] supply_demand_df -> module1_output_supplydemandlog: DataFrame shape=(213840, 5)
      [v] summary_df -> module1_output_summary: DataFrame shape=(1, 5)
      [v] orders_df -> module1_output_orderlog: DataFrame shape=(17689, 7)
      [v] shipment_df -> module1_output_shipmentlog: DataFrame shape=(2100, 6)
      [v] cut_df -> module1_output_cutlog: DataFrame shape=(2100, 4)
      [v] supply_demand_df -> module1_output_supplydemandlog: DataFrame shape=(213840, 5)
      [v] summary_df -> module1_output_summary: DataFrame shape=(1, 5)
      [v] orders_df -> module1_output_orderlog: DataFrame shape=(17689, 7)
      [v] shipment_df -> module1_output_shipmentlog: DataFrame shape=(2100, 6)
      [v] cut_df -> module1_output_cutlog: DataFrame shape=(2100, 4)
      [v] supply_demand_df -> module1_output_supplydemandlog: DataFrame shape=(213840, 5)
      [v] summary_df -> module1_output_summary: DataFrame shape=(1, 5)
      [v] orders_df -> module1_output_orderlog: DataFrame shape=(17689, 7)
      [v] shipment_df -> module1_output_shipmentlog: DataFrame shape=(2100, 6)
      [v] cut_df -> module1_output_cutlog: DataFrame shape=(2100, 4)
      [v] supply_demand_df -> module1_output_supplydemandlog: DataFrame shape=(213840, 5)
      [v] summary_df -> module1_output_summary: DataFrame shape=(1, 5)
      [v] orders_df -> module1_output_orderlog: DataFrame shape=(17681, 7)
      [v] shipment_df -> module1_output_shipmentlog: DataFrame shape=(2092, 6)
      [v] cut_df -> module1_output_cutlog: DataFrame shape=(2092, 4)
      [v] supply_demand_df -> module1_output_supplydemandlog: DataFrame shape=(213840, 5)
      [v] summary_df -> module1_output_summary: DataFrame shape=(1, 5)
      [v] orders_df -> module1_output_orderlog: DataFrame shape=(17681, 7)
      [v] shipment_df -> module1_output_shipmentlog: DataFrame shape=(2092, 6)
      [v] cut_df -> module1_output_cutlog: DataFrame shape=(2092, 4)
      [v] supply_demand_df -> module1_output_supplydemandlog: DataFrame shape=(213840, 5)
      [v] summary_df -> module1_output_summary: DataFrame shape=(1, 5)
      [v] orders_df -> module1_output_orderlog: DataFrame shape=(17681, 7)
      [v] shipment_df -> module1_output_shipmentlog: DataFrame shape=(2092, 6)
      [v] cut_df -> module1_output_cutlog: DataFrame shape=(2092, 4)
      [v] supply_demand_df -> module1_output_supplydemandlog: DataFrame shape=(213840, 5)
      [v] summary_df -> module1_output_summary: DataFrame shape=(1, 5)
      [v] orders_df -> module1_output_orderlog: DataFrame shape=(17681, 7)
      [v] shipment_df -> module1_output_shipmentlog: DataFrame shape=(2092, 6)
      [v] cut_df -> module1_output_cutlog: DataFrame shape=(2092, 4)
      [v] supply_demand_df -> module1_output_supplydemandlog: DataFrame shape=(213840, 5)
      [v] summary_df -> module1_output_summary: DataFrame shape=(1, 5)
      [v] orders_df -> module1_output_orderlog: DataFrame shape=(17681, 7)
      [v] shipment_df -> module1_output_shipmentlog: DataFrame shape=(2092, 6)
      [v] cut_df -> module1_output_cutlog: DataFrame shape=(2092, 4)
      [v] supply_demand_df -> module1_output_supplydemandlog: DataFrame shape=(213840, 5)
      [v] summary_df -> module1_output_summary: DataFrame shape=(1, 5)
      [v] orders_df -> module1_output_orderlog: DataFrame shape=(17681, 7)
      [v] shipment_df -> module1_output_shipmentlog: DataFrame shape=(2092, 6)
      [v] cut_df -> module1_output_cutlog: DataFrame shape=(2092, 4)
      [v] supply_demand_df -> module1_output_supplydemandlog: DataFrame shape=(213840, 5)
      [v] summary_df -> module1_output_summary: DataFrame shape=(1, 5)
      [v] orders_df -> module1_output_orderlog: DataFrame shape=(17681, 7)
      [v] shipment_df -> module1_output_shipmentlog: DataFrame shape=(2092, 6)
      [v] cut_df -> module1_output_cutlog: DataFrame shape=(2092, 4)
      [v] supply_demand_df -> module1_output_supplydemandlog: DataFrame shape=(213840, 5)
      [v] summary_df -> module1_output_summary: DataFrame shape=(1, 5)
      [v] orders_df -> module1_output_orderlog: DataFrame shape=(17666, 7)
      [v] shipment_df -> module1_output_shipmentlog: DataFrame shape=(2077, 6)
      [v] cut_df -> module1_output_cutlog: DataFrame shape=(2077, 4)
      [v] supply_demand_df -> module1_output_supplydemandlog: DataFrame shape=(213840, 5)
      [v] summary_df -> module1_output_summary: DataFrame shape=(1, 5)
      [v] orders_df -> module1_output_orderlog: DataFrame shape=(17665, 7)
      [v] shipment_df -> module1_output_shipmentlog: DataFrame shape=(2076, 6)
      [v] cut_df -> module1_output_cutlog: DataFrame shape=(2076, 4)
      [v] supply_demand_df -> module1_output_supplydemandlog: DataFrame shape=(213840, 5)
      [v] summary_df -> module1_output_summary: DataFrame shape=(1, 5)
      [v] orders_df -> module1_output_orderlog: DataFrame shape=(17665, 7)
      [v] shipment_df -> module1_output_shipmentlog: DataFrame shape=(2076, 6)
      [v] cut_df -> module1_output_cutlog: DataFrame shape=(2076, 4)
      [v] supply_demand_df -> module1_output_supplydemandlog: DataFrame shape=(213840, 5)
      [v] summary_df -> module1_output_summary: DataFrame shape=(1, 5)
      [v] orders_df -> module1_output_orderlog: DataFrame shape=(17665, 7)
      [v] shipment_df -> module1_output_shipmentlog: DataFrame shape=(2076, 6)
      [v] cut_df -> module1_output_cutlog: DataFrame shape=(2076, 4)
      [v] supply_demand_df -> module1_output_supplydemandlog: DataFrame shape=(213840, 5)
      [v] summary_df -> module1_output_summary: DataFrame shape=(1, 5)
      [v] orders_df -> module1_output_orderlog: DataFrame shape=(17665, 7)
      [v] shipment_df -> module1_output_shipmentlog: DataFrame shape=(2076, 6)
      [v] cut_df -> module1_output_cutlog: DataFrame shape=(2076, 4)
      [v] supply_demand_df -> module1_output_supplydemandlog: DataFrame shape=(213840, 5)
      [v] summary_df -> module1_output_summary: DataFrame shape=(1, 5)
      [v] orders_df -> module1_output_orderlog: DataFrame shape=(17665, 7)
      [v] shipment_df -> module1_output_shipmentlog: DataFrame shape=(2076, 6)
      [v] cut_df -> module1_output_cutlog: DataFrame shape=(2076, 4)
      [v] supply_demand_df -> module1_output_supplydemandlog: DataFrame shape=(213840, 5)
      [v] summary_df -> module1_output_summary: DataFrame shape=(1, 5)
      [v] orders_df -> module1_output_orderlog: DataFrame shape=(17665, 7)
      [v] shipment_df -> module1_output_shipmentlog: DataFrame shape=(2076, 6)
      [v] cut_df -> module1_output_cutlog: DataFrame shape=(2076, 4)
      [v] supply_demand_df -> module1_output_supplydemandlog: DataFrame shape=(213840, 5)
      [v] summary_df -> module1_output_summary: DataFrame shape=(1, 5)
      [v] orders_df -> module1_output_orderlog: DataFrame shape=(17598, 7)
      [v] shipment_df -> module1_output_shipmentlog: DataFrame shape=(2009, 6)
      [v] cut_df -> module1_output_cutlog: DataFrame shape=(2009, 4)
      [v] supply_demand_df -> module1_output_supplydemandlog: DataFrame shape=(213840, 5)
      [v] summary_df -> module1_output_summary: DataFrame shape=(1, 5)
      [v] orders_df -> module1_output_orderlog: DataFrame shape=(17572, 7)
      [v] shipment_df -> module1_output_shipmentlog: DataFrame shape=(1983, 6)
      [v] cut_df -> module1_output_cutlog: DataFrame shape=(1983, 4)
      [v] supply_demand_df -> module1_output_supplydemandlog: DataFrame shape=(213840, 5)
      [v] summary_df -> module1_output_summary: DataFrame shape=(1, 5)
      [v] orders_df -> module1_output_orderlog: DataFrame shape=(17560, 7)
      [v] shipment_df -> module1_output_shipmentlog: DataFrame shape=(1971, 6)
      [v] cut_df -> module1_output_cutlog: DataFrame shape=(1971, 4)
      [v] supply_demand_df -> module1_output_supplydemandlog: DataFrame shape=(213840, 5)
      [v] summary_df -> module1_output_summary: DataFrame shape=(1, 5)
      [v] orders_df -> module1_output_orderlog: DataFrame shape=(17556, 7)
      [v] shipment_df -> module1_output_shipmentlog: DataFrame shape=(1967, 6)
      [v] cut_df -> module1_output_cutlog: DataFrame shape=(1967, 4)
      [v] supply_demand_df -> module1_output_supplydemandlog: DataFrame shape=(213840, 5)
      [v] summary_df -> module1_output_summary: DataFrame shape=(1, 5)
      [v] orders_df -> module1_output_orderlog: DataFrame shape=(17555, 7)
      [v] shipment_df -> module1_output_shipmentlog: DataFrame shape=(1966, 6)
      [v] cut_df -> module1_output_cutlog: DataFrame shape=(1966, 4)
      [v] supply_demand_df -> module1_output_supplydemandlog: DataFrame shape=(213840, 5)
      [v] summary_df -> module1_output_summary: DataFrame shape=(1, 5)
      [v] orders_df -> module1_output_orderlog: DataFrame shape=(17555, 7)
      [v] shipment_df -> module1_output_shipmentlog: DataFrame shape=(1966, 6)
      [v] cut_df -> module1_output_cutlog: DataFrame shape=(1966, 4)
      [v] supply_demand_df -> module1_output_supplydemandlog: DataFrame shape=(213840, 5)
      [v] summary_df -> module1_output_summary: DataFrame shape=(1, 5)
      [v] orders_df -> module1_output_orderlog: DataFrame shape=(17555, 7)
      [v] shipment_df -> module1_output_shipmentlog: DataFrame shape=(1966, 6)
      [v] cut_df -> module1_output_cutlog: DataFrame shape=(1966, 4)
      [v] supply_demand_df -> module1_output_supplydemandlog: DataFrame shape=(213840, 5)
      [v] summary_df -> module1_output_summary: DataFrame shape=(1, 5)
      [v] orders_df -> module1_output_orderlog: DataFrame shape=(17687, 7)
      [v] shipment_df -> module1_output_shipmentlog: DataFrame shape=(2098, 6)
      [v] cut_df -> module1_output_cutlog: DataFrame shape=(2098, 4)
      [v] supply_demand_df -> module1_output_supplydemandlog: DataFrame shape=(213840, 5)
      [v] summary_df -> module1_output_summary: DataFrame shape=(1, 5)
      [v] orders_df -> module1_output_orderlog: DataFrame shape=(17687, 7)
      [v] shipment_df -> module1_output_shipmentlog: DataFrame shape=(2098, 6)
      [v] cut_df -> module1_output_cutlog: DataFrame shape=(2098, 4)
      [v] supply_demand_df -> module1_output_supplydemandlog: DataFrame shape=(213840, 5)
      [v] summary_df -> module1_output_summary: DataFrame shape=(1, 5)
      [v] orders_df -> module1_output_orderlog: DataFrame shape=(17687, 7)
      [v] shipment_df -> module1_output_shipmentlog: DataFrame shape=(2098, 6)
      [v] cut_df -> module1_output_cutlog: DataFrame shape=(2098, 4)
      [v] supply_demand_df -> module1_output_supplydemandlog: DataFrame shape=(213840, 5)
      [v] summary_df -> module1_output_summary: DataFrame shape=(1, 5)
      [v] orders_df -> module1_output_orderlog: DataFrame shape=(17687, 7)
      [v] shipment_df -> module1_output_shipmentlog: DataFrame shape=(2098, 6)
      [v] cut_df -> module1_output_cutlog: DataFrame shape=(2098, 4)
      [v] supply_demand_df -> module1_output_supplydemandlog: DataFrame shape=(213840, 5)
      [v] summary_df -> module1_output_summary: DataFrame shape=(1, 5)
      [v] orders_df -> module1_output_orderlog: DataFrame shape=(17687, 7)
      [v] shipment_df -> module1_output_shipmentlog: DataFrame shape=(2098, 6)
      [v] cut_df -> module1_output_cutlog: DataFrame shape=(2098, 4)
      [v] supply_demand_df -> module1_output_supplydemandlog: DataFrame shape=(213840, 5)
      [v] summary_df -> module1_output_summary: DataFrame shape=(1, 5)
      [v] orders_df -> module1_output_orderlog: DataFrame shape=(17687, 7)
      [v] shipment_df -> module1_output_shipmentlog: DataFrame shape=(2098, 6)
      [v] cut_df -> module1_output_cutlog: DataFrame shape=(2098, 4)
      [v] supply_demand_df -> module1_output_supplydemandlog: DataFrame shape=(213840, 5)
      [v] summary_df -> module1_output_summary: DataFrame shape=(1, 5)
      [v] orders_df -> module1_output_orderlog: DataFrame shape=(17687, 7)
      [v] shipment_df -> module1_output_shipmentlog: DataFrame shape=(2098, 6)
      [v] cut_df -> module1_output_cutlog: DataFrame shape=(2098, 4)
      [v] supply_demand_df -> module1_output_supplydemandlog: DataFrame shape=(213840, 5)
      [v] summary_df -> module1_output_summary: DataFrame shape=(1, 5)
      [v] orders_df -> module1_output_orderlog: DataFrame shape=(17672, 7)
      [v] shipment_df -> module1_output_shipmentlog: DataFrame shape=(2083, 6)
      [v] cut_df -> module1_output_cutlog: DataFrame shape=(2083, 4)
      [v] supply_demand_df -> module1_output_supplydemandlog: DataFrame shape=(213840, 5)
      [v] summary_df -> module1_output_summary: DataFrame shape=(1, 5)
      [v] orders_df -> module1_output_orderlog: DataFrame shape=(17664, 7)
      [v] shipment_df -> module1_output_shipmentlog: DataFrame shape=(2075, 6)
      [v] cut_df -> module1_output_cutlog: DataFrame shape=(2075, 4)
      [v] supply_demand_df -> module1_output_supplydemandlog: DataFrame shape=(213840, 5)
      [v] summary_df -> module1_output_summary: DataFrame shape=(1, 5)
      [v] orders_df -> module1_output_orderlog: DataFrame shape=(17660, 7)
      [v] shipment_df -> module1_output_shipmentlog: DataFrame shape=(2071, 6)
      [v] cut_df -> module1_output_cutlog: DataFrame shape=(2071, 4)
      [v] supply_demand_df -> module1_output_supplydemandlog: DataFrame shape=(213840, 5)
      [v] summary_df -> module1_output_summary: DataFrame shape=(1, 5)
      [v] orders_df -> module1_output_orderlog: DataFrame shape=(17658, 7)
      [v] shipment_df -> module1_output_shipmentlog: DataFrame shape=(2069, 6)
      [v] cut_df -> module1_output_cutlog: DataFrame shape=(2069, 4)
      [v] supply_demand_df -> module1_output_supplydemandlog: DataFrame shape=(213840, 5)
      [v] summary_df -> module1_output_summary: DataFrame shape=(1, 5)
      [v] orders_df -> module1_output_orderlog: DataFrame shape=(17654, 7)
      [v] shipment_df -> module1_output_shipmentlog: DataFrame shape=(2065, 6)
      [v] cut_df -> module1_output_cutlog: DataFrame shape=(2065, 4)
      [v] supply_demand_df -> module1_output_supplydemandlog: DataFrame shape=(213840, 5)
      [v] summary_df -> module1_output_summary: DataFrame shape=(1, 5)
[OK]追加数据到表: module1_output_orderlog (+1300506 行)
  [DATA] 写入完成: 1300506 行数据
  [FAST] 性能优化：单次事务提交
[OK]追加数据到表: module1_output_shipmentlog (+157433 行)
  [DATA] 写入完成: 157433 行数据
  [FAST] 性能优化：单次事务提交
[OK]追加数据到表: module1_output_cutlog (+157433 行)
  [DATA] 写入完成: 157433 行数据
  [FAST] 性能优化：单次事务提交
[OK]追加数据到表: module1_output_supplydemandlog (+16251840 行)
  [DATA] 写入完成: 16251840 行数据
  [FAST] 性能优化：单次事务提交
[OK]追加数据到表: module1_output_summary (+76 行)

[DEBUG] DEBUG: module3 结果检查:
   module_results 类型: <class 'list'>
   module_results 长度: 76
   第一天结果的键: ['net_demand_df', 'net_demand_count', 'processed_dates', 'output_files', 'simulation_date']
   期望的键 (df_mapping): ['net_demand_df']
   匹配的键: {'net_demand_df'}
   额外的键: {'processed_dates', 'simulation_date', 'net_demand_count', 'output_files'}

[DIR] 写入 module3 输出...
      [v] net_demand_df -> module3_output_netdemand: DataFrame shape=(1227, 8)
      [v] net_demand_df -> module3_output_netdemand: DataFrame shape=(1331, 8)
      [v] net_demand_df -> module3_output_netdemand: DataFrame shape=(1492, 8)
      [v] net_demand_df -> module3_output_netdemand: DataFrame shape=(1644, 8)
      [v] net_demand_df -> module3_output_netdemand: DataFrame shape=(1743, 8)
      [v] net_demand_df -> module3_output_netdemand: DataFrame shape=(1888, 8)
      [v] net_demand_df -> module3_output_netdemand: DataFrame shape=(2001, 8)
      [v] net_demand_df -> module3_output_netdemand: DataFrame shape=(2032, 8)
      [v] net_demand_df -> module3_output_netdemand: DataFrame shape=(2020, 8)
      [v] net_demand_df -> module3_output_netdemand: DataFrame shape=(2005, 8)
      [v] net_demand_df -> module3_output_netdemand: DataFrame shape=(1958, 8)
      [v] net_demand_df -> module3_output_netdemand: DataFrame shape=(1920, 8)
      [v] net_demand_df -> module3_output_netdemand: DataFrame shape=(1886, 8)
      [v] net_demand_df -> module3_output_netdemand: DataFrame shape=(1845, 8)
      [v] net_demand_df -> module3_output_netdemand: DataFrame shape=(1819, 8)
      [v] net_demand_df -> module3_output_netdemand: DataFrame shape=(1782, 8)
      [v] net_demand_df -> module3_output_netdemand: DataFrame shape=(1784, 8)
      [v] net_demand_df -> module3_output_netdemand: DataFrame shape=(1835, 8)
      [v] net_demand_df -> module3_output_netdemand: DataFrame shape=(1816, 8)
      [v] net_demand_df -> module3_output_netdemand: DataFrame shape=(1799, 8)
      [v] net_demand_df -> module3_output_netdemand: DataFrame shape=(1815, 8)
      [v] net_demand_df -> module3_output_netdemand: DataFrame shape=(1796, 8)
      [v] net_demand_df -> module3_output_netdemand: DataFrame shape=(1753, 8)
      [v] net_demand_df -> module3_output_netdemand: DataFrame shape=(1717, 8)
      [v] net_demand_df -> module3_output_netdemand: DataFrame shape=(1694, 8)
      [v] net_demand_df -> module3_output_netdemand: DataFrame shape=(1689, 8)
      [v] net_demand_df -> module3_output_netdemand: DataFrame shape=(1726, 8)
      [v] net_demand_df -> module3_output_netdemand: DataFrame shape=(1664, 8)
      [v] net_demand_df -> module3_output_netdemand: DataFrame shape=(1515, 8)
      [v] net_demand_df -> module3_output_netdemand: DataFrame shape=(1490, 8)
      [v] net_demand_df -> module3_output_netdemand: DataFrame shape=(1379, 8)
      [v] net_demand_df -> module3_output_netdemand: DataFrame shape=(1344, 8)
      [v] net_demand_df -> module3_output_netdemand: DataFrame shape=(1376, 8)
      [v] net_demand_df -> module3_output_netdemand: DataFrame shape=(1284, 8)
      [v] net_demand_df -> module3_output_netdemand: DataFrame shape=(1286, 8)
      [v] net_demand_df -> module3_output_netdemand: DataFrame shape=(1159, 8)
      [v] net_demand_df -> module3_output_netdemand: DataFrame shape=(1111, 8)
      [v] net_demand_df -> module3_output_netdemand: DataFrame shape=(1122, 8)
      [v] net_demand_df -> module3_output_netdemand: DataFrame shape=(1088, 8)
      [v] net_demand_df -> module3_output_netdemand: DataFrame shape=(1184, 8)
      [v] net_demand_df -> module3_output_netdemand: DataFrame shape=(1188, 8)
      [v] net_demand_df -> module3_output_netdemand: DataFrame shape=(1113, 8)
      [v] net_demand_df -> module3_output_netdemand: DataFrame shape=(1051, 8)
      [v] net_demand_df -> module3_output_netdemand: DataFrame shape=(1000, 8)
      [v] net_demand_df -> module3_output_netdemand: DataFrame shape=(997, 8)
      [v] net_demand_df -> module3_output_netdemand: DataFrame shape=(1012, 8)
      [v] net_demand_df -> module3_output_netdemand: DataFrame shape=(1060, 8)
      [v] net_demand_df -> module3_output_netdemand: DataFrame shape=(1014, 8)
      [v] net_demand_df -> module3_output_netdemand: DataFrame shape=(1022, 8)
      [v] net_demand_df -> module3_output_netdemand: DataFrame shape=(986, 8)
      [v] net_demand_df -> module3_output_netdemand: DataFrame shape=(953, 8)
      [v] net_demand_df -> module3_output_netdemand: DataFrame shape=(956, 8)
      [v] net_demand_df -> module3_output_netdemand: DataFrame shape=(930, 8)
      [v] net_demand_df -> module3_output_netdemand: DataFrame shape=(919, 8)
      [v] net_demand_df -> module3_output_netdemand: DataFrame shape=(924, 8)
      [v] net_demand_df -> module3_output_netdemand: DataFrame shape=(866, 8)
      [v] net_demand_df -> module3_output_netdemand: DataFrame shape=(843, 8)
      [v] net_demand_df -> module3_output_netdemand: DataFrame shape=(769, 8)
      [v] net_demand_df -> module3_output_netdemand: DataFrame shape=(730, 8)
      [v] net_demand_df -> module3_output_netdemand: DataFrame shape=(715, 8)
      [v] net_demand_df -> module3_output_netdemand: DataFrame shape=(699, 8)
      [v] net_demand_df -> module3_output_netdemand: DataFrame shape=(671, 8)
      [v] net_demand_df -> module3_output_netdemand: DataFrame shape=(683, 8)
      [v] net_demand_df -> module3_output_netdemand: DataFrame shape=(788, 8)
      [v] net_demand_df -> module3_output_netdemand: DataFrame shape=(794, 8)
      [v] net_demand_df -> module3_output_netdemand: DataFrame shape=(845, 8)
      [v] net_demand_df -> module3_output_netdemand: DataFrame shape=(922, 8)
      [v] net_demand_df -> module3_output_netdemand: DataFrame shape=(921, 8)
      [v] net_demand_df -> module3_output_netdemand: DataFrame shape=(847, 8)
      [v] net_demand_df -> module3_output_netdemand: DataFrame shape=(527, 8)
      [v] net_demand_df -> module3_output_netdemand: DataFrame shape=(476, 8)
      [v] net_demand_df -> module3_output_netdemand: DataFrame shape=(394, 8)
      [v] net_demand_df -> module3_output_netdemand: DataFrame shape=(225, 8)
      [v] net_demand_df -> module3_output_netdemand: DataFrame shape=(238, 8)
      [v] net_demand_df -> module3_output_netdemand: DataFrame shape=(277, 8)
      [v] net_demand_df -> module3_output_netdemand: DataFrame shape=(319, 8)
[OK]追加数据到表: module3_output_netdemand (+93693 行)
  [DATA] 写入完成: 93693 行数据
  [FAST] 性能优化：单次事务提交

[DEBUG] DEBUG: module4 结果检查:
   module_results 类型: <class 'list'>
   module_results 长度: 76
   第一天结果的键: ['production_df', 'exceed_log', 'issues_df', 'changeover_log', 'simulation_date']
   期望的键 (df_mapping): ['production_df', 'exceed_log', 'issues_df', 'changeover_log']
   匹配的键: {'production_df', 'changeover_log', 'issues_df', 'exceed_log'}
   额外的键: {'simulation_date'}

[DIR] 写入 module4 输出...
      [v] production_df -> module4_output_productionplan: DataFrame shape=(0, 0)
      [v] exceed_log -> module4_output_capacityexceed: DataFrame shape=(0, 0)
      [v] issues_df -> module4_output_validation: DataFrame shape=(0, 0)
      [v] changeover_log -> module4_output_changeoverlog: DataFrame shape=(0, 8)
      [v] production_df -> module4_output_productionplan: DataFrame shape=(15, 13)
      [v] exceed_log -> module4_output_capacityexceed: DataFrame shape=(155, 8)
      [v] issues_df -> module4_output_validation: DataFrame shape=(0, 0)
      [v] changeover_log -> module4_output_changeoverlog: DataFrame shape=(6, 8)
      [v] production_df -> module4_output_productionplan: DataFrame shape=(7, 13)
      [v] exceed_log -> module4_output_capacityexceed: DataFrame shape=(149, 8)
      [v] issues_df -> module4_output_validation: DataFrame shape=(0, 0)
      [v] changeover_log -> module4_output_changeoverlog: DataFrame shape=(6, 8)
      [v] production_df -> module4_output_productionplan: DataFrame shape=(9, 13)
      [v] exceed_log -> module4_output_capacityexceed: DataFrame shape=(147, 8)
      [v] issues_df -> module4_output_validation: DataFrame shape=(0, 0)
      [v] changeover_log -> module4_output_changeoverlog: DataFrame shape=(7, 8)
      [v] production_df -> module4_output_productionplan: DataFrame shape=(11, 13)
      [v] exceed_log -> module4_output_capacityexceed: DataFrame shape=(142, 8)
      [v] issues_df -> module4_output_validation: DataFrame shape=(0, 0)
      [v] changeover_log -> module4_output_changeoverlog: DataFrame shape=(7, 8)
      [v] production_df -> module4_output_productionplan: DataFrame shape=(9, 13)
      [v] exceed_log -> module4_output_capacityexceed: DataFrame shape=(131, 8)
      [v] issues_df -> module4_output_validation: DataFrame shape=(0, 0)
      [v] changeover_log -> module4_output_changeoverlog: DataFrame shape=(8, 8)
      [v] production_df -> module4_output_productionplan: DataFrame shape=(11, 13)
      [v] exceed_log -> module4_output_capacityexceed: DataFrame shape=(126, 8)
      [v] issues_df -> module4_output_validation: DataFrame shape=(0, 0)
      [v] changeover_log -> module4_output_changeoverlog: DataFrame shape=(9, 8)
      [v] production_df -> module4_output_productionplan: DataFrame shape=(8, 13)
      [v] exceed_log -> module4_output_capacityexceed: DataFrame shape=(125, 8)
      [v] issues_df -> module4_output_validation: DataFrame shape=(0, 0)
      [v] changeover_log -> module4_output_changeoverlog: DataFrame shape=(7, 8)
      [v] production_df -> module4_output_productionplan: DataFrame shape=(11, 13)
      [v] exceed_log -> module4_output_capacityexceed: DataFrame shape=(117, 8)
      [v] issues_df -> module4_output_validation: DataFrame shape=(0, 0)
      [v] changeover_log -> module4_output_changeoverlog: DataFrame shape=(9, 8)
      [v] production_df -> module4_output_productionplan: DataFrame shape=(10, 13)
      [v] exceed_log -> module4_output_capacityexceed: DataFrame shape=(110, 8)
      [v] issues_df -> module4_output_validation: DataFrame shape=(0, 0)
      [v] changeover_log -> module4_output_changeoverlog: DataFrame shape=(7, 8)
      [v] production_df -> module4_output_productionplan: DataFrame shape=(10, 13)
      [v] exceed_log -> module4_output_capacityexceed: DataFrame shape=(104, 8)
      [v] issues_df -> module4_output_validation: DataFrame shape=(0, 0)
      [v] changeover_log -> module4_output_changeoverlog: DataFrame shape=(8, 8)
      [v] production_df -> module4_output_productionplan: DataFrame shape=(10, 13)
      [v] exceed_log -> module4_output_capacityexceed: DataFrame shape=(99, 8)
      [v] issues_df -> module4_output_validation: DataFrame shape=(0, 0)
      [v] changeover_log -> module4_output_changeoverlog: DataFrame shape=(8, 8)
      [v] production_df -> module4_output_productionplan: DataFrame shape=(11, 13)
      [v] exceed_log -> module4_output_capacityexceed: DataFrame shape=(88, 8)
      [v] issues_df -> module4_output_validation: DataFrame shape=(0, 0)
      [v] changeover_log -> module4_output_changeoverlog: DataFrame shape=(8, 8)
      [v] production_df -> module4_output_productionplan: DataFrame shape=(8, 13)
      [v] exceed_log -> module4_output_capacityexceed: DataFrame shape=(83, 8)
      [v] issues_df -> module4_output_validation: DataFrame shape=(0, 0)
      [v] changeover_log -> module4_output_changeoverlog: DataFrame shape=(5, 8)
      [v] production_df -> module4_output_productionplan: DataFrame shape=(11, 13)
      [v] exceed_log -> module4_output_capacityexceed: DataFrame shape=(78, 8)
      [v] issues_df -> module4_output_validation: DataFrame shape=(0, 0)
      [v] changeover_log -> module4_output_changeoverlog: DataFrame shape=(9, 8)
      [v] production_df -> module4_output_productionplan: DataFrame shape=(14, 13)
      [v] exceed_log -> module4_output_capacityexceed: DataFrame shape=(74, 8)
      [v] issues_df -> module4_output_validation: DataFrame shape=(0, 0)
      [v] changeover_log -> module4_output_changeoverlog: DataFrame shape=(12, 8)
      [v] production_df -> module4_output_productionplan: DataFrame shape=(7, 13)
      [v] exceed_log -> module4_output_capacityexceed: DataFrame shape=(73, 8)
      [v] issues_df -> module4_output_validation: DataFrame shape=(0, 0)
      [v] changeover_log -> module4_output_changeoverlog: DataFrame shape=(7, 8)
      [v] production_df -> module4_output_productionplan: DataFrame shape=(13, 13)
      [v] exceed_log -> module4_output_capacityexceed: DataFrame shape=(69, 8)
      [v] issues_df -> module4_output_validation: DataFrame shape=(0, 0)
      [v] changeover_log -> module4_output_changeoverlog: DataFrame shape=(9, 8)
      [v] production_df -> module4_output_productionplan: DataFrame shape=(11, 13)
      [v] exceed_log -> module4_output_capacityexceed: DataFrame shape=(72, 8)
      [v] issues_df -> module4_output_validation: DataFrame shape=(0, 0)
      [v] changeover_log -> module4_output_changeoverlog: DataFrame shape=(8, 8)
      [v] production_df -> module4_output_productionplan: DataFrame shape=(10, 13)
      [v] exceed_log -> module4_output_capacityexceed: DataFrame shape=(68, 8)
      [v] issues_df -> module4_output_validation: DataFrame shape=(0, 0)
      [v] changeover_log -> module4_output_changeoverlog: DataFrame shape=(9, 8)
      [v] production_df -> module4_output_productionplan: DataFrame shape=(11, 13)
      [v] exceed_log -> module4_output_capacityexceed: DataFrame shape=(57, 8)
      [v] issues_df -> module4_output_validation: DataFrame shape=(0, 0)
      [v] changeover_log -> module4_output_changeoverlog: DataFrame shape=(7, 8)
      [v] production_df -> module4_output_productionplan: DataFrame shape=(11, 13)
      [v] exceed_log -> module4_output_capacityexceed: DataFrame shape=(55, 8)
      [v] issues_df -> module4_output_validation: DataFrame shape=(0, 0)
      [v] changeover_log -> module4_output_changeoverlog: DataFrame shape=(9, 8)
      [v] production_df -> module4_output_productionplan: DataFrame shape=(12, 13)
      [v] exceed_log -> module4_output_capacityexceed: DataFrame shape=(55, 8)
      [v] issues_df -> module4_output_validation: DataFrame shape=(0, 0)
      [v] changeover_log -> module4_output_changeoverlog: DataFrame shape=(11, 8)
      [v] production_df -> module4_output_productionplan: DataFrame shape=(9, 13)
      [v] exceed_log -> module4_output_capacityexceed: DataFrame shape=(54, 8)
      [v] issues_df -> module4_output_validation: DataFrame shape=(0, 0)
      [v] changeover_log -> module4_output_changeoverlog: DataFrame shape=(8, 8)
      [v] production_df -> module4_output_productionplan: DataFrame shape=(14, 13)
      [v] exceed_log -> module4_output_capacityexceed: DataFrame shape=(44, 8)
      [v] issues_df -> module4_output_validation: DataFrame shape=(0, 0)
      [v] changeover_log -> module4_output_changeoverlog: DataFrame shape=(9, 8)
      [v] production_df -> module4_output_productionplan: DataFrame shape=(11, 13)
      [v] exceed_log -> module4_output_capacityexceed: DataFrame shape=(40, 8)
      [v] issues_df -> module4_output_validation: DataFrame shape=(0, 0)
      [v] changeover_log -> module4_output_changeoverlog: DataFrame shape=(10, 8)
      [v] production_df -> module4_output_productionplan: DataFrame shape=(7, 13)
      [v] exceed_log -> module4_output_capacityexceed: DataFrame shape=(44, 8)
      [v] issues_df -> module4_output_validation: DataFrame shape=(0, 0)
      [v] changeover_log -> module4_output_changeoverlog: DataFrame shape=(7, 8)
      [v] production_df -> module4_output_productionplan: DataFrame shape=(15, 13)
      [v] exceed_log -> module4_output_capacityexceed: DataFrame shape=(34, 8)
      [v] issues_df -> module4_output_validation: DataFrame shape=(0, 0)
      [v] changeover_log -> module4_output_changeoverlog: DataFrame shape=(11, 8)
      [v] production_df -> module4_output_productionplan: DataFrame shape=(10, 13)
      [v] exceed_log -> module4_output_capacityexceed: DataFrame shape=(34, 8)
      [v] issues_df -> module4_output_validation: DataFrame shape=(0, 0)
      [v] changeover_log -> module4_output_changeoverlog: DataFrame shape=(9, 8)
      [v] production_df -> module4_output_productionplan: DataFrame shape=(11, 13)
      [v] exceed_log -> module4_output_capacityexceed: DataFrame shape=(32, 8)
      [v] issues_df -> module4_output_validation: DataFrame shape=(0, 0)
      [v] changeover_log -> module4_output_changeoverlog: DataFrame shape=(9, 8)
      [v] production_df -> module4_output_productionplan: DataFrame shape=(11, 13)
      [v] exceed_log -> module4_output_capacityexceed: DataFrame shape=(31, 8)
      [v] issues_df -> module4_output_validation: DataFrame shape=(0, 0)
      [v] changeover_log -> module4_output_changeoverlog: DataFrame shape=(10, 8)
      [v] production_df -> module4_output_productionplan: DataFrame shape=(9, 13)
      [v] exceed_log -> module4_output_capacityexceed: DataFrame shape=(33, 8)
      [v] issues_df -> module4_output_validation: DataFrame shape=(0, 0)
      [v] changeover_log -> module4_output_changeoverlog: DataFrame shape=(7, 8)
      [v] production_df -> module4_output_productionplan: DataFrame shape=(10, 13)
      [v] exceed_log -> module4_output_capacityexceed: DataFrame shape=(39, 8)
      [v] issues_df -> module4_output_validation: DataFrame shape=(0, 0)
      [v] changeover_log -> module4_output_changeoverlog: DataFrame shape=(8, 8)
      [v] production_df -> module4_output_productionplan: DataFrame shape=(13, 13)
      [v] exceed_log -> module4_output_capacityexceed: DataFrame shape=(35, 8)
      [v] issues_df -> module4_output_validation: DataFrame shape=(0, 0)
      [v] changeover_log -> module4_output_changeoverlog: DataFrame shape=(12, 8)
      [v] production_df -> module4_output_productionplan: DataFrame shape=(14, 13)
      [v] exceed_log -> module4_output_capacityexceed: DataFrame shape=(28, 8)
      [v] issues_df -> module4_output_validation: DataFrame shape=(0, 0)
      [v] changeover_log -> module4_output_changeoverlog: DataFrame shape=(9, 8)
      [v] production_df -> module4_output_productionplan: DataFrame shape=(14, 13)
      [v] exceed_log -> module4_output_capacityexceed: DataFrame shape=(22, 8)
      [v] issues_df -> module4_output_validation: DataFrame shape=(0, 0)
      [v] changeover_log -> module4_output_changeoverlog: DataFrame shape=(9, 8)
      [v] production_df -> module4_output_productionplan: DataFrame shape=(8, 13)
      [v] exceed_log -> module4_output_capacityexceed: DataFrame shape=(19, 8)
      [v] issues_df -> module4_output_validation: DataFrame shape=(0, 0)
      [v] changeover_log -> module4_output_changeoverlog: DataFrame shape=(6, 8)
      [v] production_df -> module4_output_productionplan: DataFrame shape=(6, 13)
      [v] exceed_log -> module4_output_capacityexceed: DataFrame shape=(15, 8)
      [v] issues_df -> module4_output_validation: DataFrame shape=(0, 0)
      [v] changeover_log -> module4_output_changeoverlog: DataFrame shape=(4, 8)
      [v] production_df -> module4_output_productionplan: DataFrame shape=(9, 13)
      [v] exceed_log -> module4_output_capacityexceed: DataFrame shape=(17, 8)
      [v] issues_df -> module4_output_validation: DataFrame shape=(0, 0)
      [v] changeover_log -> module4_output_changeoverlog: DataFrame shape=(7, 8)
      [v] production_df -> module4_output_productionplan: DataFrame shape=(9, 13)
      [v] exceed_log -> module4_output_capacityexceed: DataFrame shape=(13, 8)
      [v] issues_df -> module4_output_validation: DataFrame shape=(0, 0)
      [v] changeover_log -> module4_output_changeoverlog: DataFrame shape=(6, 8)
      [v] production_df -> module4_output_productionplan: DataFrame shape=(12, 13)
      [v] exceed_log -> module4_output_capacityexceed: DataFrame shape=(11, 8)
      [v] issues_df -> module4_output_validation: DataFrame shape=(0, 0)
      [v] changeover_log -> module4_output_changeoverlog: DataFrame shape=(8, 8)
      [v] production_df -> module4_output_productionplan: DataFrame shape=(8, 13)
      [v] exceed_log -> module4_output_capacityexceed: DataFrame shape=(18, 8)
      [v] issues_df -> module4_output_validation: DataFrame shape=(0, 0)
      [v] changeover_log -> module4_output_changeoverlog: DataFrame shape=(6, 8)
      [v] production_df -> module4_output_productionplan: DataFrame shape=(11, 13)
      [v] exceed_log -> module4_output_capacityexceed: DataFrame shape=(10, 8)
      [v] issues_df -> module4_output_validation: DataFrame shape=(0, 0)
      [v] changeover_log -> module4_output_changeoverlog: DataFrame shape=(8, 8)
      [v] production_df -> module4_output_productionplan: DataFrame shape=(8, 13)
      [v] exceed_log -> module4_output_capacityexceed: DataFrame shape=(12, 8)
      [v] issues_df -> module4_output_validation: DataFrame shape=(0, 0)
      [v] changeover_log -> module4_output_changeoverlog: DataFrame shape=(6, 8)
      [v] production_df -> module4_output_productionplan: DataFrame shape=(11, 13)
      [v] exceed_log -> module4_output_capacityexceed: DataFrame shape=(15, 8)
      [v] issues_df -> module4_output_validation: DataFrame shape=(0, 0)
      [v] changeover_log -> module4_output_changeoverlog: DataFrame shape=(7, 8)
      [v] production_df -> module4_output_productionplan: DataFrame shape=(11, 13)
      [v] exceed_log -> module4_output_capacityexceed: DataFrame shape=(15, 8)
      [v] issues_df -> module4_output_validation: DataFrame shape=(0, 0)
      [v] changeover_log -> module4_output_changeoverlog: DataFrame shape=(8, 8)
      [v] production_df -> module4_output_productionplan: DataFrame shape=(6, 13)
      [v] exceed_log -> module4_output_capacityexceed: DataFrame shape=(13, 8)
      [v] issues_df -> module4_output_validation: DataFrame shape=(0, 0)
      [v] changeover_log -> module4_output_changeoverlog: DataFrame shape=(6, 8)
      [v] production_df -> module4_output_productionplan: DataFrame shape=(6, 13)
      [v] exceed_log -> module4_output_capacityexceed: DataFrame shape=(17, 8)
      [v] issues_df -> module4_output_validation: DataFrame shape=(0, 0)
      [v] changeover_log -> module4_output_changeoverlog: DataFrame shape=(6, 8)
      [v] production_df -> module4_output_productionplan: DataFrame shape=(7, 13)
      [v] exceed_log -> module4_output_capacityexceed: DataFrame shape=(17, 8)
      [v] issues_df -> module4_output_validation: DataFrame shape=(0, 0)
      [v] changeover_log -> module4_output_changeoverlog: DataFrame shape=(4, 8)
      [v] production_df -> module4_output_productionplan: DataFrame shape=(13, 13)
      [v] exceed_log -> module4_output_capacityexceed: DataFrame shape=(15, 8)
      [v] issues_df -> module4_output_validation: DataFrame shape=(0, 0)
      [v] changeover_log -> module4_output_changeoverlog: DataFrame shape=(6, 8)
      [v] production_df -> module4_output_productionplan: DataFrame shape=(11, 13)
      [v] exceed_log -> module4_output_capacityexceed: DataFrame shape=(20, 8)
      [v] issues_df -> module4_output_validation: DataFrame shape=(0, 0)
      [v] changeover_log -> module4_output_changeoverlog: DataFrame shape=(9, 8)
      [v] production_df -> module4_output_productionplan: DataFrame shape=(11, 13)
      [v] exceed_log -> module4_output_capacityexceed: DataFrame shape=(13, 8)
      [v] issues_df -> module4_output_validation: DataFrame shape=(0, 0)
      [v] changeover_log -> module4_output_changeoverlog: DataFrame shape=(8, 8)
      [v] production_df -> module4_output_productionplan: DataFrame shape=(7, 13)
      [v] exceed_log -> module4_output_capacityexceed: DataFrame shape=(10, 8)
      [v] issues_df -> module4_output_validation: DataFrame shape=(0, 0)
      [v] changeover_log -> module4_output_changeoverlog: DataFrame shape=(7, 8)
      [v] production_df -> module4_output_productionplan: DataFrame shape=(4, 13)
      [v] exceed_log -> module4_output_capacityexceed: DataFrame shape=(8, 8)
      [v] issues_df -> module4_output_validation: DataFrame shape=(0, 0)
      [v] changeover_log -> module4_output_changeoverlog: DataFrame shape=(4, 8)
      [v] production_df -> module4_output_productionplan: DataFrame shape=(11, 13)
      [v] exceed_log -> module4_output_capacityexceed: DataFrame shape=(11, 8)
      [v] issues_df -> module4_output_validation: DataFrame shape=(0, 0)
      [v] changeover_log -> module4_output_changeoverlog: DataFrame shape=(7, 8)
      [v] production_df -> module4_output_productionplan: DataFrame shape=(7, 13)
      [v] exceed_log -> module4_output_capacityexceed: DataFrame shape=(4, 8)
      [v] issues_df -> module4_output_validation: DataFrame shape=(0, 0)
      [v] changeover_log -> module4_output_changeoverlog: DataFrame shape=(6, 8)
      [v] production_df -> module4_output_productionplan: DataFrame shape=(7, 13)
      [v] exceed_log -> module4_output_capacityexceed: DataFrame shape=(4, 8)
      [v] issues_df -> module4_output_validation: DataFrame shape=(0, 0)
      [v] changeover_log -> module4_output_changeoverlog: DataFrame shape=(4, 8)
      [v] production_df -> module4_output_productionplan: DataFrame shape=(9, 13)
      [v] exceed_log -> module4_output_capacityexceed: DataFrame shape=(6, 8)
      [v] issues_df -> module4_output_validation: DataFrame shape=(0, 0)
      [v] changeover_log -> module4_output_changeoverlog: DataFrame shape=(7, 8)
      [v] production_df -> module4_output_productionplan: DataFrame shape=(3, 13)
      [v] exceed_log -> module4_output_capacityexceed: DataFrame shape=(5, 8)
      [v] issues_df -> module4_output_validation: DataFrame shape=(0, 0)
      [v] changeover_log -> module4_output_changeoverlog: DataFrame shape=(2, 8)
      [v] production_df -> module4_output_productionplan: DataFrame shape=(7, 13)
      [v] exceed_log -> module4_output_capacityexceed: DataFrame shape=(5, 8)
      [v] issues_df -> module4_output_validation: DataFrame shape=(0, 0)
      [v] changeover_log -> module4_output_changeoverlog: DataFrame shape=(3, 8)
      [v] production_df -> module4_output_productionplan: DataFrame shape=(9, 13)
      [v] exceed_log -> module4_output_capacityexceed: DataFrame shape=(1, 8)
      [v] issues_df -> module4_output_validation: DataFrame shape=(0, 0)
      [v] changeover_log -> module4_output_changeoverlog: DataFrame shape=(7, 8)
      [v] production_df -> module4_output_productionplan: DataFrame shape=(8, 13)
      [v] exceed_log -> module4_output_capacityexceed: DataFrame shape=(2, 8)
      [v] issues_df -> module4_output_validation: DataFrame shape=(0, 0)
      [v] changeover_log -> module4_output_changeoverlog: DataFrame shape=(4, 8)
      [v] production_df -> module4_output_productionplan: DataFrame shape=(3, 13)
      [v] exceed_log -> module4_output_capacityexceed: DataFrame shape=(0, 0)
      [v] issues_df -> module4_output_validation: DataFrame shape=(0, 0)
      [v] changeover_log -> module4_output_changeoverlog: DataFrame shape=(2, 8)
      [v] production_df -> module4_output_productionplan: DataFrame shape=(8, 13)
      [v] exceed_log -> module4_output_capacityexceed: DataFrame shape=(0, 0)
      [v] issues_df -> module4_output_validation: DataFrame shape=(0, 0)
      [v] changeover_log -> module4_output_changeoverlog: DataFrame shape=(4, 8)
      [v] production_df -> module4_output_productionplan: DataFrame shape=(9, 13)
      [v] exceed_log -> module4_output_capacityexceed: DataFrame shape=(12, 8)
      [v] issues_df -> module4_output_validation: DataFrame shape=(0, 0)
      [v] changeover_log -> module4_output_changeoverlog: DataFrame shape=(8, 8)
      [v] production_df -> module4_output_productionplan: DataFrame shape=(8, 13)
      [v] exceed_log -> module4_output_capacityexceed: DataFrame shape=(16, 8)
      [v] issues_df -> module4_output_validation: DataFrame shape=(0, 0)
      [v] changeover_log -> module4_output_changeoverlog: DataFrame shape=(7, 8)
      [v] production_df -> module4_output_productionplan: DataFrame shape=(9, 13)
      [v] exceed_log -> module4_output_capacityexceed: DataFrame shape=(9, 8)
      [v] issues_df -> module4_output_validation: DataFrame shape=(0, 0)
      [v] changeover_log -> module4_output_changeoverlog: DataFrame shape=(8, 8)
      [v] production_df -> module4_output_productionplan: DataFrame shape=(9, 13)
      [v] exceed_log -> module4_output_capacityexceed: DataFrame shape=(13, 8)
      [v] issues_df -> module4_output_validation: DataFrame shape=(0, 0)
      [v] changeover_log -> module4_output_changeoverlog: DataFrame shape=(7, 8)
      [v] production_df -> module4_output_productionplan: DataFrame shape=(10, 13)
      [v] exceed_log -> module4_output_capacityexceed: DataFrame shape=(12, 8)
      [v] issues_df -> module4_output_validation: DataFrame shape=(0, 0)
      [v] changeover_log -> module4_output_changeoverlog: DataFrame shape=(7, 8)
      [v] production_df -> module4_output_productionplan: DataFrame shape=(10, 13)
      [v] exceed_log -> module4_output_capacityexceed: DataFrame shape=(11, 8)
      [v] issues_df -> module4_output_validation: DataFrame shape=(0, 0)
      [v] changeover_log -> module4_output_changeoverlog: DataFrame shape=(8, 8)
      [v] production_df -> module4_output_productionplan: DataFrame shape=(4, 13)
      [v] exceed_log -> module4_output_capacityexceed: DataFrame shape=(1, 8)
      [v] issues_df -> module4_output_validation: DataFrame shape=(0, 0)
      [v] changeover_log -> module4_output_changeoverlog: DataFrame shape=(3, 8)
      [v] production_df -> module4_output_productionplan: DataFrame shape=(6, 13)
      [v] exceed_log -> module4_output_capacityexceed: DataFrame shape=(1, 8)
      [v] issues_df -> module4_output_validation: DataFrame shape=(0, 0)
      [v] changeover_log -> module4_output_changeoverlog: DataFrame shape=(3, 8)
      [v] production_df -> module4_output_productionplan: DataFrame shape=(1, 13)
      [v] exceed_log -> module4_output_capacityexceed: DataFrame shape=(0, 0)
      [v] issues_df -> module4_output_validation: DataFrame shape=(0, 0)
      [v] changeover_log -> module4_output_changeoverlog: DataFrame shape=(1, 8)
      [v] production_df -> module4_output_productionplan: DataFrame shape=(1, 13)
      [v] exceed_log -> module4_output_capacityexceed: DataFrame shape=(0, 0)
      [v] issues_df -> module4_output_validation: DataFrame shape=(0, 0)
      [v] changeover_log -> module4_output_changeoverlog: DataFrame shape=(0, 0)
      [v] production_df -> module4_output_productionplan: DataFrame shape=(5, 13)
      [v] exceed_log -> module4_output_capacityexceed: DataFrame shape=(0, 0)
      [v] issues_df -> module4_output_validation: DataFrame shape=(0, 0)
      [v] changeover_log -> module4_output_changeoverlog: DataFrame shape=(3, 8)
      [v] production_df -> module4_output_productionplan: DataFrame shape=(5, 13)
      [v] exceed_log -> module4_output_capacityexceed: DataFrame shape=(0, 0)
      [v] issues_df -> module4_output_validation: DataFrame shape=(0, 0)
      [v] changeover_log -> module4_output_changeoverlog: DataFrame shape=(4, 8)
[OK]追加数据到表: module4_output_productionplan (+685 行)
[OK]追加数据到表: module4_output_capacityexceed (+3018 行)
[OK]表已存在（空表）: module4_output_validation
D:\PG\Code\chainsight\pgsql_db\module_data_writer.py:780: FutureWarning: The behavior of DataFrame concatenation with empty or all-NA entries is deprecated. In a future version, this will no longer exclude empty or all-NA columns when determining the result dtypes. To retain the old behavior, exclude the relevant entries before the concat operation.
  combined_df = pd.concat(dfs, ignore_index=True)
[OK]追加数据到表: module4_output_changeoverlog (+515 行)

[DEBUG] DEBUG: module5 结果检查:
   module_results 类型: <class 'list'>
   module_results 长度: 76
   第一天结果的键: ['deployment_plan', 'unfulfilled_log', 'stock_on_hand_log', 'validation_log', 'statistics', 'simulation_date']
   期望的键 (df_mapping): ['deployment_plan', 'unfulfilled_log', 'stock_on_hand_log', 'validation_log']
   匹配的键: {'stock_on_hand_log', 'validation_log', 'deployment_plan', 'unfulfilled_log'}
   额外的键: {'simulation_date', 'statistics'}

[DIR] 写入 module5 输出...
      [v] deployment_plan -> module5_output_deploymentplan: DataFrame shape=(31196, 18)
      [v] unfulfilled_log -> module5_output_unfulfilledlog: DataFrame shape=(6179, 7)
      [v] stock_on_hand_log -> module5_output_stockonhandlog: DataFrame shape=(5079, 10)
      [v] validation_log -> module5_output_validation: DataFrame shape=(8200, 2)
      [v] deployment_plan -> module5_output_deploymentplan: DataFrame shape=(34775, 18)
      [v] unfulfilled_log -> module5_output_unfulfilledlog: DataFrame shape=(6917, 7)
      [v] stock_on_hand_log -> module5_output_stockonhandlog: DataFrame shape=(5078, 10)
      [v] validation_log -> module5_output_validation: DataFrame shape=(8200, 2)
      [v] deployment_plan -> module5_output_deploymentplan: DataFrame shape=(38074, 18)
      [v] unfulfilled_log -> module5_output_unfulfilledlog: DataFrame shape=(8019, 7)
      [v] stock_on_hand_log -> module5_output_stockonhandlog: DataFrame shape=(5081, 10)
      [v] validation_log -> module5_output_validation: DataFrame shape=(8200, 2)
      [v] deployment_plan -> module5_output_deploymentplan: DataFrame shape=(40845, 18)
      [v] unfulfilled_log -> module5_output_unfulfilledlog: DataFrame shape=(9205, 7)
      [v] stock_on_hand_log -> module5_output_stockonhandlog: DataFrame shape=(5088, 10)
      [v] validation_log -> module5_output_validation: DataFrame shape=(8200, 2)
      [v] deployment_plan -> module5_output_deploymentplan: DataFrame shape=(43045, 19)
      [v] unfulfilled_log -> module5_output_unfulfilledlog: DataFrame shape=(10038, 7)
      [v] stock_on_hand_log -> module5_output_stockonhandlog: DataFrame shape=(5091, 10)
      [v] validation_log -> module5_output_validation: DataFrame shape=(8200, 2)
      [v] deployment_plan -> module5_output_deploymentplan: DataFrame shape=(44803, 19)
      [v] unfulfilled_log -> module5_output_unfulfilledlog: DataFrame shape=(11372, 7)
      [v] stock_on_hand_log -> module5_output_stockonhandlog: DataFrame shape=(5091, 10)
      [v] validation_log -> module5_output_validation: DataFrame shape=(8200, 2)
      [v] deployment_plan -> module5_output_deploymentplan: DataFrame shape=(46231, 18)
      [v] unfulfilled_log -> module5_output_unfulfilledlog: DataFrame shape=(12689, 7)
      [v] stock_on_hand_log -> module5_output_stockonhandlog: DataFrame shape=(5096, 10)
      [v] validation_log -> module5_output_validation: DataFrame shape=(8200, 2)
      [v] deployment_plan -> module5_output_deploymentplan: DataFrame shape=(47252, 19)
      [v] unfulfilled_log -> module5_output_unfulfilledlog: DataFrame shape=(13476, 7)
      [v] stock_on_hand_log -> module5_output_stockonhandlog: DataFrame shape=(5096, 10)
      [v] validation_log -> module5_output_validation: DataFrame shape=(8200, 2)
      [v] deployment_plan -> module5_output_deploymentplan: DataFrame shape=(47667, 19)
      [v] unfulfilled_log -> module5_output_unfulfilledlog: DataFrame shape=(13813, 7)
      [v] stock_on_hand_log -> module5_output_stockonhandlog: DataFrame shape=(5095, 10)
      [v] validation_log -> module5_output_validation: DataFrame shape=(8200, 2)
      [v] deployment_plan -> module5_output_deploymentplan: DataFrame shape=(47936, 19)
      [v] unfulfilled_log -> module5_output_unfulfilledlog: DataFrame shape=(13629, 7)
      [v] stock_on_hand_log -> module5_output_stockonhandlog: DataFrame shape=(5096, 10)
      [v] validation_log -> module5_output_validation: DataFrame shape=(8200, 2)
      [v] deployment_plan -> module5_output_deploymentplan: DataFrame shape=(47977, 19)
      [v] unfulfilled_log -> module5_output_unfulfilledlog: DataFrame shape=(13127, 7)
      [v] stock_on_hand_log -> module5_output_stockonhandlog: DataFrame shape=(5096, 10)
      [v] validation_log -> module5_output_validation: DataFrame shape=(8200, 2)
      [v] deployment_plan -> module5_output_deploymentplan: DataFrame shape=(47670, 19)
      [v] unfulfilled_log -> module5_output_unfulfilledlog: DataFrame shape=(12648, 7)
      [v] stock_on_hand_log -> module5_output_stockonhandlog: DataFrame shape=(5097, 10)
      [v] validation_log -> module5_output_validation: DataFrame shape=(8200, 2)
      [v] deployment_plan -> module5_output_deploymentplan: DataFrame shape=(47443, 19)
      [v] unfulfilled_log -> module5_output_unfulfilledlog: DataFrame shape=(12307, 7)
      [v] stock_on_hand_log -> module5_output_stockonhandlog: DataFrame shape=(5096, 10)
      [v] validation_log -> module5_output_validation: DataFrame shape=(8200, 2)
      [v] deployment_plan -> module5_output_deploymentplan: DataFrame shape=(47278, 19)
      [v] unfulfilled_log -> module5_output_unfulfilledlog: DataFrame shape=(11839, 7)
      [v] stock_on_hand_log -> module5_output_stockonhandlog: DataFrame shape=(5096, 10)
      [v] validation_log -> module5_output_validation: DataFrame shape=(8200, 2)
      [v] deployment_plan -> module5_output_deploymentplan: DataFrame shape=(47100, 19)
      [v] unfulfilled_log -> module5_output_unfulfilledlog: DataFrame shape=(11827, 7)
      [v] stock_on_hand_log -> module5_output_stockonhandlog: DataFrame shape=(5094, 10)
      [v] validation_log -> module5_output_validation: DataFrame shape=(8200, 2)
      [v] deployment_plan -> module5_output_deploymentplan: DataFrame shape=(47257, 19)
      [v] unfulfilled_log -> module5_output_unfulfilledlog: DataFrame shape=(11759, 7)
      [v] stock_on_hand_log -> module5_output_stockonhandlog: DataFrame shape=(5096, 10)
      [v] validation_log -> module5_output_validation: DataFrame shape=(8200, 2)
      [v] deployment_plan -> module5_output_deploymentplan: DataFrame shape=(47228, 19)
      [v] unfulfilled_log -> module5_output_unfulfilledlog: DataFrame shape=(11651, 7)
      [v] stock_on_hand_log -> module5_output_stockonhandlog: DataFrame shape=(5097, 10)
      [v] validation_log -> module5_output_validation: DataFrame shape=(8200, 2)
      [v] deployment_plan -> module5_output_deploymentplan: DataFrame shape=(47224, 19)
      [v] unfulfilled_log -> module5_output_unfulfilledlog: DataFrame shape=(11790, 7)
      [v] stock_on_hand_log -> module5_output_stockonhandlog: DataFrame shape=(5097, 10)
      [v] validation_log -> module5_output_validation: DataFrame shape=(8200, 2)
      [v] deployment_plan -> module5_output_deploymentplan: DataFrame shape=(47224, 19)
      [v] unfulfilled_log -> module5_output_unfulfilledlog: DataFrame shape=(11841, 7)
      [v] stock_on_hand_log -> module5_output_stockonhandlog: DataFrame shape=(5097, 10)
      [v] validation_log -> module5_output_validation: DataFrame shape=(8200, 2)
      [v] deployment_plan -> module5_output_deploymentplan: DataFrame shape=(47421, 19)
      [v] unfulfilled_log -> module5_output_unfulfilledlog: DataFrame shape=(12152, 7)
      [v] stock_on_hand_log -> module5_output_stockonhandlog: DataFrame shape=(5097, 10)
      [v] validation_log -> module5_output_validation: DataFrame shape=(8200, 2)
      [v] deployment_plan -> module5_output_deploymentplan: DataFrame shape=(47700, 19)
      [v] unfulfilled_log -> module5_output_unfulfilledlog: DataFrame shape=(12450, 7)
      [v] stock_on_hand_log -> module5_output_stockonhandlog: DataFrame shape=(5097, 10)
      [v] validation_log -> module5_output_validation: DataFrame shape=(8200, 2)
      [v] deployment_plan -> module5_output_deploymentplan: DataFrame shape=(47750, 19)
      [v] unfulfilled_log -> module5_output_unfulfilledlog: DataFrame shape=(11974, 7)
      [v] stock_on_hand_log -> module5_output_stockonhandlog: DataFrame shape=(5097, 10)
      [v] validation_log -> module5_output_validation: DataFrame shape=(8200, 2)
      [v] deployment_plan -> module5_output_deploymentplan: DataFrame shape=(47594, 19)
      [v] unfulfilled_log -> module5_output_unfulfilledlog: DataFrame shape=(11716, 7)
      [v] stock_on_hand_log -> module5_output_stockonhandlog: DataFrame shape=(5098, 10)
      [v] validation_log -> module5_output_validation: DataFrame shape=(8200, 2)
      [v] deployment_plan -> module5_output_deploymentplan: DataFrame shape=(47367, 19)
      [v] unfulfilled_log -> module5_output_unfulfilledlog: DataFrame shape=(11563, 7)
      [v] stock_on_hand_log -> module5_output_stockonhandlog: DataFrame shape=(5098, 10)
      [v] validation_log -> module5_output_validation: DataFrame shape=(8200, 2)
      [v] deployment_plan -> module5_output_deploymentplan: DataFrame shape=(47595, 19)
      [v] unfulfilled_log -> module5_output_unfulfilledlog: DataFrame shape=(11543, 7)
      [v] stock_on_hand_log -> module5_output_stockonhandlog: DataFrame shape=(5098, 10)
      [v] validation_log -> module5_output_validation: DataFrame shape=(8200, 2)
      [v] deployment_plan -> module5_output_deploymentplan: DataFrame shape=(47704, 19)
      [v] unfulfilled_log -> module5_output_unfulfilledlog: DataFrame shape=(11940, 7)
      [v] stock_on_hand_log -> module5_output_stockonhandlog: DataFrame shape=(5098, 10)
      [v] validation_log -> module5_output_validation: DataFrame shape=(8200, 2)
      [v] deployment_plan -> module5_output_deploymentplan: DataFrame shape=(47906, 19)
      [v] unfulfilled_log -> module5_output_unfulfilledlog: DataFrame shape=(12090, 7)
      [v] stock_on_hand_log -> module5_output_stockonhandlog: DataFrame shape=(5098, 10)
      [v] validation_log -> module5_output_validation: DataFrame shape=(8200, 2)
      [v] deployment_plan -> module5_output_deploymentplan: DataFrame shape=(47893, 19)
      [v] unfulfilled_log -> module5_output_unfulfilledlog: DataFrame shape=(11652, 7)
      [v] stock_on_hand_log -> module5_output_stockonhandlog: DataFrame shape=(5098, 10)
      [v] validation_log -> module5_output_validation: DataFrame shape=(8200, 2)
      [v] deployment_plan -> module5_output_deploymentplan: DataFrame shape=(47102, 19)
      [v] unfulfilled_log -> module5_output_unfulfilledlog: DataFrame shape=(10595, 7)
      [v] stock_on_hand_log -> module5_output_stockonhandlog: DataFrame shape=(5098, 10)
      [v] validation_log -> module5_output_validation: DataFrame shape=(8200, 2)
      [v] deployment_plan -> module5_output_deploymentplan: DataFrame shape=(46598, 19)
      [v] unfulfilled_log -> module5_output_unfulfilledlog: DataFrame shape=(9529, 7)
      [v] stock_on_hand_log -> module5_output_stockonhandlog: DataFrame shape=(5098, 10)
      [v] validation_log -> module5_output_validation: DataFrame shape=(8200, 2)
      [v] deployment_plan -> module5_output_deploymentplan: DataFrame shape=(46261, 19)
      [v] unfulfilled_log -> module5_output_unfulfilledlog: DataFrame shape=(8880, 7)
      [v] stock_on_hand_log -> module5_output_stockonhandlog: DataFrame shape=(5098, 10)
      [v] validation_log -> module5_output_validation: DataFrame shape=(8200, 2)
      [v] deployment_plan -> module5_output_deploymentplan: DataFrame shape=(45934, 19)
      [v] unfulfilled_log -> module5_output_unfulfilledlog: DataFrame shape=(8525, 7)
      [v] stock_on_hand_log -> module5_output_stockonhandlog: DataFrame shape=(5098, 10)
      [v] validation_log -> module5_output_validation: DataFrame shape=(8200, 2)
      [v] deployment_plan -> module5_output_deploymentplan: DataFrame shape=(45756, 19)
      [v] unfulfilled_log -> module5_output_unfulfilledlog: DataFrame shape=(8377, 7)
      [v] stock_on_hand_log -> module5_output_stockonhandlog: DataFrame shape=(5099, 10)
      [v] validation_log -> module5_output_validation: DataFrame shape=(8200, 2)
      [v] deployment_plan -> module5_output_deploymentplan: DataFrame shape=(45665, 19)
      [v] unfulfilled_log -> module5_output_unfulfilledlog: DataFrame shape=(8066, 7)
      [v] stock_on_hand_log -> module5_output_stockonhandlog: DataFrame shape=(5099, 10)
      [v] validation_log -> module5_output_validation: DataFrame shape=(8200, 2)
      [v] deployment_plan -> module5_output_deploymentplan: DataFrame shape=(45294, 19)
      [v] unfulfilled_log -> module5_output_unfulfilledlog: DataFrame shape=(7602, 7)
      [v] stock_on_hand_log -> module5_output_stockonhandlog: DataFrame shape=(5099, 10)
      [v] validation_log -> module5_output_validation: DataFrame shape=(8200, 2)
      [v] deployment_plan -> module5_output_deploymentplan: DataFrame shape=(44779, 19)
      [v] unfulfilled_log -> module5_output_unfulfilledlog: DataFrame shape=(6810, 7)
      [v] stock_on_hand_log -> module5_output_stockonhandlog: DataFrame shape=(5099, 10)
      [v] validation_log -> module5_output_validation: DataFrame shape=(8200, 2)
      [v] deployment_plan -> module5_output_deploymentplan: DataFrame shape=(44495, 19)
      [v] unfulfilled_log -> module5_output_unfulfilledlog: DataFrame shape=(6103, 7)
      [v] stock_on_hand_log -> module5_output_stockonhandlog: DataFrame shape=(5099, 10)
      [v] validation_log -> module5_output_validation: DataFrame shape=(8200, 2)
      [v] deployment_plan -> module5_output_deploymentplan: DataFrame shape=(44052, 19)
      [v] unfulfilled_log -> module5_output_unfulfilledlog: DataFrame shape=(5702, 7)
      [v] stock_on_hand_log -> module5_output_stockonhandlog: DataFrame shape=(5100, 10)
      [v] validation_log -> module5_output_validation: DataFrame shape=(8200, 2)
      [v] deployment_plan -> module5_output_deploymentplan: DataFrame shape=(43990, 19)
      [v] unfulfilled_log -> module5_output_unfulfilledlog: DataFrame shape=(5479, 7)
      [v] stock_on_hand_log -> module5_output_stockonhandlog: DataFrame shape=(5102, 10)
      [v] validation_log -> module5_output_validation: DataFrame shape=(8200, 2)
      [v] deployment_plan -> module5_output_deploymentplan: DataFrame shape=(44183, 19)
      [v] unfulfilled_log -> module5_output_unfulfilledlog: DataFrame shape=(5840, 7)
      [v] stock_on_hand_log -> module5_output_stockonhandlog: DataFrame shape=(5102, 10)
      [v] validation_log -> module5_output_validation: DataFrame shape=(8200, 2)
      [v] deployment_plan -> module5_output_deploymentplan: DataFrame shape=(44240, 19)
      [v] unfulfilled_log -> module5_output_unfulfilledlog: DataFrame shape=(5623, 7)
      [v] stock_on_hand_log -> module5_output_stockonhandlog: DataFrame shape=(5102, 10)
      [v] validation_log -> module5_output_validation: DataFrame shape=(8200, 2)
      [v] deployment_plan -> module5_output_deploymentplan: DataFrame shape=(44044, 19)
      [v] unfulfilled_log -> module5_output_unfulfilledlog: DataFrame shape=(5331, 7)
      [v] stock_on_hand_log -> module5_output_stockonhandlog: DataFrame shape=(5104, 10)
      [v] validation_log -> module5_output_validation: DataFrame shape=(8200, 2)
      [v] deployment_plan -> module5_output_deploymentplan: DataFrame shape=(43756, 19)
      [v] unfulfilled_log -> module5_output_unfulfilledlog: DataFrame shape=(4983, 7)
      [v] stock_on_hand_log -> module5_output_stockonhandlog: DataFrame shape=(5105, 10)
      [v] validation_log -> module5_output_validation: DataFrame shape=(8200, 2)
      [v] deployment_plan -> module5_output_deploymentplan: DataFrame shape=(43686, 19)
      [v] unfulfilled_log -> module5_output_unfulfilledlog: DataFrame shape=(4585, 7)
      [v] stock_on_hand_log -> module5_output_stockonhandlog: DataFrame shape=(5107, 10)
      [v] validation_log -> module5_output_validation: DataFrame shape=(8200, 2)
      [v] deployment_plan -> module5_output_deploymentplan: DataFrame shape=(43709, 19)
      [v] unfulfilled_log -> module5_output_unfulfilledlog: DataFrame shape=(5037, 7)
      [v] stock_on_hand_log -> module5_output_stockonhandlog: DataFrame shape=(5108, 10)
      [v] validation_log -> module5_output_validation: DataFrame shape=(8200, 2)
      [v] deployment_plan -> module5_output_deploymentplan: DataFrame shape=(43859, 19)
      [v] unfulfilled_log -> module5_output_unfulfilledlog: DataFrame shape=(4901, 7)
      [v] stock_on_hand_log -> module5_output_stockonhandlog: DataFrame shape=(5108, 10)
      [v] validation_log -> module5_output_validation: DataFrame shape=(8200, 2)
      [v] deployment_plan -> module5_output_deploymentplan: DataFrame shape=(43794, 19)
      [v] unfulfilled_log -> module5_output_unfulfilledlog: DataFrame shape=(4882, 7)
      [v] stock_on_hand_log -> module5_output_stockonhandlog: DataFrame shape=(5108, 10)
      [v] validation_log -> module5_output_validation: DataFrame shape=(8200, 2)
      [v] deployment_plan -> module5_output_deploymentplan: DataFrame shape=(43880, 19)
      [v] unfulfilled_log -> module5_output_unfulfilledlog: DataFrame shape=(4846, 7)
      [v] stock_on_hand_log -> module5_output_stockonhandlog: DataFrame shape=(5109, 10)
      [v] validation_log -> module5_output_validation: DataFrame shape=(8200, 2)
      [v] deployment_plan -> module5_output_deploymentplan: DataFrame shape=(43687, 19)
      [v] unfulfilled_log -> module5_output_unfulfilledlog: DataFrame shape=(4474, 7)
      [v] stock_on_hand_log -> module5_output_stockonhandlog: DataFrame shape=(5109, 10)
      [v] validation_log -> module5_output_validation: DataFrame shape=(8200, 2)
      [v] deployment_plan -> module5_output_deploymentplan: DataFrame shape=(43316, 19)
      [v] unfulfilled_log -> module5_output_unfulfilledlog: DataFrame shape=(4265, 7)
      [v] stock_on_hand_log -> module5_output_stockonhandlog: DataFrame shape=(5109, 10)
      [v] validation_log -> module5_output_validation: DataFrame shape=(8200, 2)
      [v] deployment_plan -> module5_output_deploymentplan: DataFrame shape=(43006, 19)
      [v] unfulfilled_log -> module5_output_unfulfilledlog: DataFrame shape=(3639, 7)
      [v] stock_on_hand_log -> module5_output_stockonhandlog: DataFrame shape=(5109, 10)
      [v] validation_log -> module5_output_validation: DataFrame shape=(8200, 2)
      [v] deployment_plan -> module5_output_deploymentplan: DataFrame shape=(42995, 19)
      [v] unfulfilled_log -> module5_output_unfulfilledlog: DataFrame shape=(3806, 7)
      [v] stock_on_hand_log -> module5_output_stockonhandlog: DataFrame shape=(5109, 10)
      [v] validation_log -> module5_output_validation: DataFrame shape=(8200, 2)
      [v] deployment_plan -> module5_output_deploymentplan: DataFrame shape=(42780, 19)
      [v] unfulfilled_log -> module5_output_unfulfilledlog: DataFrame shape=(3282, 7)
      [v] stock_on_hand_log -> module5_output_stockonhandlog: DataFrame shape=(5109, 10)
      [v] validation_log -> module5_output_validation: DataFrame shape=(8200, 2)
      [v] deployment_plan -> module5_output_deploymentplan: DataFrame shape=(42646, 19)
      [v] unfulfilled_log -> module5_output_unfulfilledlog: DataFrame shape=(3294, 7)
      [v] stock_on_hand_log -> module5_output_stockonhandlog: DataFrame shape=(5109, 10)
      [v] validation_log -> module5_output_validation: DataFrame shape=(8200, 2)
      [v] deployment_plan -> module5_output_deploymentplan: DataFrame shape=(42518, 19)
      [v] unfulfilled_log -> module5_output_unfulfilledlog: DataFrame shape=(3025, 7)
      [v] stock_on_hand_log -> module5_output_stockonhandlog: DataFrame shape=(5109, 10)
      [v] validation_log -> module5_output_validation: DataFrame shape=(8200, 2)
      [v] deployment_plan -> module5_output_deploymentplan: DataFrame shape=(42378, 19)
      [v] unfulfilled_log -> module5_output_unfulfilledlog: DataFrame shape=(2719, 7)
      [v] stock_on_hand_log -> module5_output_stockonhandlog: DataFrame shape=(5109, 10)
      [v] validation_log -> module5_output_validation: DataFrame shape=(8200, 2)
      [v] deployment_plan -> module5_output_deploymentplan: DataFrame shape=(42241, 19)
      [v] unfulfilled_log -> module5_output_unfulfilledlog: DataFrame shape=(2612, 7)
      [v] stock_on_hand_log -> module5_output_stockonhandlog: DataFrame shape=(5109, 10)
      [v] validation_log -> module5_output_validation: DataFrame shape=(8200, 2)
      [v] deployment_plan -> module5_output_deploymentplan: DataFrame shape=(41750, 19)
      [v] unfulfilled_log -> module5_output_unfulfilledlog: DataFrame shape=(2080, 7)
      [v] stock_on_hand_log -> module5_output_stockonhandlog: DataFrame shape=(5109, 10)
      [v] validation_log -> module5_output_validation: DataFrame shape=(8200, 2)
      [v] deployment_plan -> module5_output_deploymentplan: DataFrame shape=(41560, 19)
      [v] unfulfilled_log -> module5_output_unfulfilledlog: DataFrame shape=(1905, 7)
      [v] stock_on_hand_log -> module5_output_stockonhandlog: DataFrame shape=(5109, 10)
      [v] validation_log -> module5_output_validation: DataFrame shape=(8200, 2)
      [v] deployment_plan -> module5_output_deploymentplan: DataFrame shape=(41339, 19)
      [v] unfulfilled_log -> module5_output_unfulfilledlog: DataFrame shape=(1739, 7)
      [v] stock_on_hand_log -> module5_output_stockonhandlog: DataFrame shape=(5109, 10)
      [v] validation_log -> module5_output_validation: DataFrame shape=(8200, 2)
      [v] deployment_plan -> module5_output_deploymentplan: DataFrame shape=(41184, 19)
      [v] unfulfilled_log -> module5_output_unfulfilledlog: DataFrame shape=(1600, 7)
      [v] stock_on_hand_log -> module5_output_stockonhandlog: DataFrame shape=(5109, 10)
      [v] validation_log -> module5_output_validation: DataFrame shape=(8200, 2)
      [v] deployment_plan -> module5_output_deploymentplan: DataFrame shape=(40849, 19)
      [v] unfulfilled_log -> module5_output_unfulfilledlog: DataFrame shape=(1348, 7)
      [v] stock_on_hand_log -> module5_output_stockonhandlog: DataFrame shape=(5109, 10)
      [v] validation_log -> module5_output_validation: DataFrame shape=(8200, 2)
      [v] deployment_plan -> module5_output_deploymentplan: DataFrame shape=(40958, 19)
      [v] unfulfilled_log -> module5_output_unfulfilledlog: DataFrame shape=(1560, 7)
      [v] stock_on_hand_log -> module5_output_stockonhandlog: DataFrame shape=(5109, 10)
      [v] validation_log -> module5_output_validation: DataFrame shape=(8200, 2)
      [v] deployment_plan -> module5_output_deploymentplan: DataFrame shape=(41226, 19)
      [v] unfulfilled_log -> module5_output_unfulfilledlog: DataFrame shape=(1815, 7)
      [v] stock_on_hand_log -> module5_output_stockonhandlog: DataFrame shape=(5109, 10)
      [v] validation_log -> module5_output_validation: DataFrame shape=(8200, 2)
      [v] deployment_plan -> module5_output_deploymentplan: DataFrame shape=(41117, 19)
      [v] unfulfilled_log -> module5_output_unfulfilledlog: DataFrame shape=(1802, 7)
      [v] stock_on_hand_log -> module5_output_stockonhandlog: DataFrame shape=(5109, 10)
      [v] validation_log -> module5_output_validation: DataFrame shape=(8200, 2)
      [v] deployment_plan -> module5_output_deploymentplan: DataFrame shape=(41256, 19)
      [v] unfulfilled_log -> module5_output_unfulfilledlog: DataFrame shape=(1991, 7)
      [v] stock_on_hand_log -> module5_output_stockonhandlog: DataFrame shape=(5109, 10)
      [v] validation_log -> module5_output_validation: DataFrame shape=(8200, 2)
      [v] deployment_plan -> module5_output_deploymentplan: DataFrame shape=(41070, 19)
      [v] unfulfilled_log -> module5_output_unfulfilledlog: DataFrame shape=(2012, 7)
      [v] stock_on_hand_log -> module5_output_stockonhandlog: DataFrame shape=(5109, 10)
      [v] validation_log -> module5_output_validation: DataFrame shape=(8200, 2)
      [v] deployment_plan -> module5_output_deploymentplan: DataFrame shape=(41108, 19)
      [v] unfulfilled_log -> module5_output_unfulfilledlog: DataFrame shape=(2161, 7)
      [v] stock_on_hand_log -> module5_output_stockonhandlog: DataFrame shape=(5109, 10)
      [v] validation_log -> module5_output_validation: DataFrame shape=(8200, 2)
      [v] deployment_plan -> module5_output_deploymentplan: DataFrame shape=(41077, 19)
      [v] unfulfilled_log -> module5_output_unfulfilledlog: DataFrame shape=(2304, 7)
      [v] stock_on_hand_log -> module5_output_stockonhandlog: DataFrame shape=(5109, 10)
      [v] validation_log -> module5_output_validation: DataFrame shape=(8200, 2)
      [v] deployment_plan -> module5_output_deploymentplan: DataFrame shape=(40334, 18)
      [v] unfulfilled_log -> module5_output_unfulfilledlog: DataFrame shape=(2206, 7)
      [v] stock_on_hand_log -> module5_output_stockonhandlog: DataFrame shape=(5109, 10)
      [v] validation_log -> module5_output_validation: DataFrame shape=(8200, 2)
      [v] deployment_plan -> module5_output_deploymentplan: DataFrame shape=(40444, 18)
      [v] unfulfilled_log -> module5_output_unfulfilledlog: DataFrame shape=(2679, 7)
      [v] stock_on_hand_log -> module5_output_stockonhandlog: DataFrame shape=(5109, 10)
      [v] validation_log -> module5_output_validation: DataFrame shape=(8200, 2)
      [v] deployment_plan -> module5_output_deploymentplan: DataFrame shape=(40445, 18)
      [v] unfulfilled_log -> module5_output_unfulfilledlog: DataFrame shape=(2585, 7)
      [v] stock_on_hand_log -> module5_output_stockonhandlog: DataFrame shape=(5109, 10)
      [v] validation_log -> module5_output_validation: DataFrame shape=(8200, 2)
      [v] deployment_plan -> module5_output_deploymentplan: DataFrame shape=(40258, 18)
      [v] unfulfilled_log -> module5_output_unfulfilledlog: DataFrame shape=(2697, 7)
      [v] stock_on_hand_log -> module5_output_stockonhandlog: DataFrame shape=(5109, 10)
      [v] validation_log -> module5_output_validation: DataFrame shape=(8200, 2)
      [v] deployment_plan -> module5_output_deploymentplan: DataFrame shape=(40483, 18)
      [v] unfulfilled_log -> module5_output_unfulfilledlog: DataFrame shape=(3178, 7)
      [v] stock_on_hand_log -> module5_output_stockonhandlog: DataFrame shape=(5109, 10)
      [v] validation_log -> module5_output_validation: DataFrame shape=(8200, 2)
      [v] deployment_plan -> module5_output_deploymentplan: DataFrame shape=(40833, 18)
      [v] unfulfilled_log -> module5_output_unfulfilledlog: DataFrame shape=(3494, 7)
      [v] stock_on_hand_log -> module5_output_stockonhandlog: DataFrame shape=(5109, 10)
      [v] validation_log -> module5_output_validation: DataFrame shape=(8200, 2)
      [v] deployment_plan -> module5_output_deploymentplan: DataFrame shape=(41240, 18)
      [v] unfulfilled_log -> module5_output_unfulfilledlog: DataFrame shape=(3990, 7)
      [v] stock_on_hand_log -> module5_output_stockonhandlog: DataFrame shape=(5109, 10)
      [v] validation_log -> module5_output_validation: DataFrame shape=(8200, 2)
[OK]追加数据到表: module5_output_deploymentplan (+3336330 行)
  [DATA] 写入完成: 3336330 行数据
  [FAST] 性能优化：单次事务提交
[OK]追加数据到表: module5_output_unfulfilledlog (+527164 行)
  [DATA] 写入完成: 527164 行数据
  [FAST] 性能优化：单次事务提交
[OK]追加数据到表: module5_output_stockonhandlog (+387730 行)
  [DATA] 写入完成: 387730 行数据
  [FAST] 性能优化：单次事务提交
[OK]追加数据到表: module5_output_validation (+623200 行)
  [DATA] 写入完成: 623200 行数据
  [FAST] 性能优化：单次事务提交

[DEBUG] DEBUG: module6 结果检查:
   module_results 类型: <class 'list'>
   module_results 长度: 76
   第一天结果的键: ['daily_output_file', 'delivery_plan', 'vehicle_log', 'truck_usage', 'unsatisfied_log', 'validation_log', 'bypass_log', 'statistics', 'simulation_date']
   期望的键 (df_mapping): ['delivery_plan', 'vehicle_log', 'truck_usage', 'unsatisfied_log', 'validation_log', 'bypass_log']
   匹配的键: {'unsatisfied_log', 'delivery_plan', 'vehicle_log', 'truck_usage', 'bypass_log', 'validation_log'}
   额外的键: {'daily_output_file', 'simulation_date', 'statistics'}

[DIR] 写入 module6 输出...
      [v] delivery_plan -> module6_output_deliveryplan: DataFrame shape=(0, 0)
      [v] vehicle_log -> module6_output_vehiclelog: DataFrame shape=(0, 12)
      [v] truck_usage -> module6_output_truckusagelog: DataFrame shape=(0, 5)
      [v] unsatisfied_log -> module6_output_unsatisfiedmdqlog: DataFrame shape=(0, 0)
      [v] validation_log -> module6_output_validationlog: DataFrame shape=(2, 3)
      [v] bypass_log -> module6_output_bypassrulehitlog: DataFrame shape=(0, 0)
      [v] delivery_plan -> module6_output_deliveryplan: DataFrame shape=(39, 13)
      [v] vehicle_log -> module6_output_vehiclelog: DataFrame shape=(1, 12)
      [v] truck_usage -> module6_output_truckusagelog: DataFrame shape=(1, 5)
      [v] unsatisfied_log -> module6_output_unsatisfiedmdqlog: DataFrame shape=(0, 0)
      [v] validation_log -> module6_output_validationlog: DataFrame shape=(2, 3)
      [v] bypass_log -> module6_output_bypassrulehitlog: DataFrame shape=(0, 0)
      [v] delivery_plan -> module6_output_deliveryplan: DataFrame shape=(0, 0)
      [v] vehicle_log -> module6_output_vehiclelog: DataFrame shape=(0, 12)
      [v] truck_usage -> module6_output_truckusagelog: DataFrame shape=(0, 5)
      [v] unsatisfied_log -> module6_output_unsatisfiedmdqlog: DataFrame shape=(0, 0)
      [v] validation_log -> module6_output_validationlog: DataFrame shape=(2, 3)
      [v] bypass_log -> module6_output_bypassrulehitlog: DataFrame shape=(0, 0)
      [v] delivery_plan -> module6_output_deliveryplan: DataFrame shape=(0, 0)
      [v] vehicle_log -> module6_output_vehiclelog: DataFrame shape=(0, 12)
      [v] truck_usage -> module6_output_truckusagelog: DataFrame shape=(0, 5)
      [v] unsatisfied_log -> module6_output_unsatisfiedmdqlog: DataFrame shape=(0, 0)
      [v] validation_log -> module6_output_validationlog: DataFrame shape=(2, 3)
      [v] bypass_log -> module6_output_bypassrulehitlog: DataFrame shape=(0, 0)
      [v] delivery_plan -> module6_output_deliveryplan: DataFrame shape=(512, 13)
      [v] vehicle_log -> module6_output_vehiclelog: DataFrame shape=(9, 12)
      [v] truck_usage -> module6_output_truckusagelog: DataFrame shape=(7, 5)
      [v] unsatisfied_log -> module6_output_unsatisfiedmdqlog: DataFrame shape=(0, 0)
      [v] validation_log -> module6_output_validationlog: DataFrame shape=(2, 3)
      [v] bypass_log -> module6_output_bypassrulehitlog: DataFrame shape=(0, 0)
      [v] delivery_plan -> module6_output_deliveryplan: DataFrame shape=(247, 13)
      [v] vehicle_log -> module6_output_vehiclelog: DataFrame shape=(6, 12)
      [v] truck_usage -> module6_output_truckusagelog: DataFrame shape=(6, 5)
      [v] unsatisfied_log -> module6_output_unsatisfiedmdqlog: DataFrame shape=(0, 0)
      [v] validation_log -> module6_output_validationlog: DataFrame shape=(2, 3)
      [v] bypass_log -> module6_output_bypassrulehitlog: DataFrame shape=(0, 0)
      [v] delivery_plan -> module6_output_deliveryplan: DataFrame shape=(409, 13)
      [v] vehicle_log -> module6_output_vehiclelog: DataFrame shape=(8, 12)
      [v] truck_usage -> module6_output_truckusagelog: DataFrame shape=(8, 5)
      [v] unsatisfied_log -> module6_output_unsatisfiedmdqlog: DataFrame shape=(0, 0)
      [v] validation_log -> module6_output_validationlog: DataFrame shape=(2, 3)
      [v] bypass_log -> module6_output_bypassrulehitlog: DataFrame shape=(0, 0)
      [v] delivery_plan -> module6_output_deliveryplan: DataFrame shape=(682, 13)
      [v] vehicle_log -> module6_output_vehiclelog: DataFrame shape=(11, 12)
      [v] truck_usage -> module6_output_truckusagelog: DataFrame shape=(11, 5)
      [v] unsatisfied_log -> module6_output_unsatisfiedmdqlog: DataFrame shape=(0, 0)
      [v] validation_log -> module6_output_validationlog: DataFrame shape=(2, 3)
      [v] bypass_log -> module6_output_bypassrulehitlog: DataFrame shape=(0, 0)
      [v] delivery_plan -> module6_output_deliveryplan: DataFrame shape=(611, 13)
      [v] vehicle_log -> module6_output_vehiclelog: DataFrame shape=(12, 12)
      [v] truck_usage -> module6_output_truckusagelog: DataFrame shape=(12, 5)
      [v] unsatisfied_log -> module6_output_unsatisfiedmdqlog: DataFrame shape=(0, 0)
      [v] validation_log -> module6_output_validationlog: DataFrame shape=(2, 3)
      [v] bypass_log -> module6_output_bypassrulehitlog: DataFrame shape=(0, 0)
      [v] delivery_plan -> module6_output_deliveryplan: DataFrame shape=(694, 13)
      [v] vehicle_log -> module6_output_vehiclelog: DataFrame shape=(14, 12)
      [v] truck_usage -> module6_output_truckusagelog: DataFrame shape=(12, 5)
      [v] unsatisfied_log -> module6_output_unsatisfiedmdqlog: DataFrame shape=(0, 0)
      [v] validation_log -> module6_output_validationlog: DataFrame shape=(2, 3)
      [v] bypass_log -> module6_output_bypassrulehitlog: DataFrame shape=(0, 0)
      [v] delivery_plan -> module6_output_deliveryplan: DataFrame shape=(917, 13)
      [v] vehicle_log -> module6_output_vehiclelog: DataFrame shape=(16, 12)
      [v] truck_usage -> module6_output_truckusagelog: DataFrame shape=(13, 5)
      [v] unsatisfied_log -> module6_output_unsatisfiedmdqlog: DataFrame shape=(0, 0)
      [v] validation_log -> module6_output_validationlog: DataFrame shape=(2, 3)
      [v] bypass_log -> module6_output_bypassrulehitlog: DataFrame shape=(0, 0)
      [v] delivery_plan -> module6_output_deliveryplan: DataFrame shape=(660, 13)
      [v] vehicle_log -> module6_output_vehiclelog: DataFrame shape=(9, 12)
      [v] truck_usage -> module6_output_truckusagelog: DataFrame shape=(9, 5)
      [v] unsatisfied_log -> module6_output_unsatisfiedmdqlog: DataFrame shape=(0, 0)
      [v] validation_log -> module6_output_validationlog: DataFrame shape=(2, 3)
      [v] bypass_log -> module6_output_bypassrulehitlog: DataFrame shape=(0, 0)
      [v] delivery_plan -> module6_output_deliveryplan: DataFrame shape=(661, 13)
      [v] vehicle_log -> module6_output_vehiclelog: DataFrame shape=(10, 12)
      [v] truck_usage -> module6_output_truckusagelog: DataFrame shape=(10, 5)
      [v] unsatisfied_log -> module6_output_unsatisfiedmdqlog: DataFrame shape=(0, 0)
      [v] validation_log -> module6_output_validationlog: DataFrame shape=(2, 3)
      [v] bypass_log -> module6_output_bypassrulehitlog: DataFrame shape=(0, 0)
      [v] delivery_plan -> module6_output_deliveryplan: DataFrame shape=(919, 13)
      [v] vehicle_log -> module6_output_vehiclelog: DataFrame shape=(8, 12)
      [v] truck_usage -> module6_output_truckusagelog: DataFrame shape=(8, 5)
      [v] unsatisfied_log -> module6_output_unsatisfiedmdqlog: DataFrame shape=(0, 0)
      [v] validation_log -> module6_output_validationlog: DataFrame shape=(2, 3)
      [v] bypass_log -> module6_output_bypassrulehitlog: DataFrame shape=(0, 0)
      [v] delivery_plan -> module6_output_deliveryplan: DataFrame shape=(834, 13)
      [v] vehicle_log -> module6_output_vehiclelog: DataFrame shape=(13, 12)
      [v] truck_usage -> module6_output_truckusagelog: DataFrame shape=(13, 5)
      [v] unsatisfied_log -> module6_output_unsatisfiedmdqlog: DataFrame shape=(0, 0)
      [v] validation_log -> module6_output_validationlog: DataFrame shape=(2, 3)
      [v] bypass_log -> module6_output_bypassrulehitlog: DataFrame shape=(0, 0)
      [v] delivery_plan -> module6_output_deliveryplan: DataFrame shape=(955, 13)
      [v] vehicle_log -> module6_output_vehiclelog: DataFrame shape=(10, 12)
      [v] truck_usage -> module6_output_truckusagelog: DataFrame shape=(10, 5)
      [v] unsatisfied_log -> module6_output_unsatisfiedmdqlog: DataFrame shape=(0, 0)
      [v] validation_log -> module6_output_validationlog: DataFrame shape=(2, 3)
      [v] bypass_log -> module6_output_bypassrulehitlog: DataFrame shape=(0, 0)
      [v] delivery_plan -> module6_output_deliveryplan: DataFrame shape=(958, 13)
      [v] vehicle_log -> module6_output_vehiclelog: DataFrame shape=(10, 12)
      [v] truck_usage -> module6_output_truckusagelog: DataFrame shape=(10, 5)
      [v] unsatisfied_log -> module6_output_unsatisfiedmdqlog: DataFrame shape=(0, 0)
      [v] validation_log -> module6_output_validationlog: DataFrame shape=(2, 3)
      [v] bypass_log -> module6_output_bypassrulehitlog: DataFrame shape=(0, 0)
      [v] delivery_plan -> module6_output_deliveryplan: DataFrame shape=(374, 13)
      [v] vehicle_log -> module6_output_vehiclelog: DataFrame shape=(6, 12)
      [v] truck_usage -> module6_output_truckusagelog: DataFrame shape=(6, 5)
      [v] unsatisfied_log -> module6_output_unsatisfiedmdqlog: DataFrame shape=(0, 0)
      [v] validation_log -> module6_output_validationlog: DataFrame shape=(2, 3)
      [v] bypass_log -> module6_output_bypassrulehitlog: DataFrame shape=(0, 0)
      [v] delivery_plan -> module6_output_deliveryplan: DataFrame shape=(977, 13)
      [v] vehicle_log -> module6_output_vehiclelog: DataFrame shape=(11, 12)
      [v] truck_usage -> module6_output_truckusagelog: DataFrame shape=(11, 5)
      [v] unsatisfied_log -> module6_output_unsatisfiedmdqlog: DataFrame shape=(0, 0)
      [v] validation_log -> module6_output_validationlog: DataFrame shape=(2, 3)
      [v] bypass_log -> module6_output_bypassrulehitlog: DataFrame shape=(130, 5)
      [v] delivery_plan -> module6_output_deliveryplan: DataFrame shape=(1053, 13)
      [v] vehicle_log -> module6_output_vehiclelog: DataFrame shape=(16, 12)
      [v] truck_usage -> module6_output_truckusagelog: DataFrame shape=(16, 5)
      [v] unsatisfied_log -> module6_output_unsatisfiedmdqlog: DataFrame shape=(0, 0)
      [v] validation_log -> module6_output_validationlog: DataFrame shape=(2, 3)
      [v] bypass_log -> module6_output_bypassrulehitlog: DataFrame shape=(170, 5)
      [v] delivery_plan -> module6_output_deliveryplan: DataFrame shape=(1064, 13)
      [v] vehicle_log -> module6_output_vehiclelog: DataFrame shape=(11, 12)
      [v] truck_usage -> module6_output_truckusagelog: DataFrame shape=(11, 5)
      [v] unsatisfied_log -> module6_output_unsatisfiedmdqlog: DataFrame shape=(0, 0)
      [v] validation_log -> module6_output_validationlog: DataFrame shape=(2, 3)
      [v] bypass_log -> module6_output_bypassrulehitlog: DataFrame shape=(0, 0)
      [v] delivery_plan -> module6_output_deliveryplan: DataFrame shape=(1298, 13)
      [v] vehicle_log -> module6_output_vehiclelog: DataFrame shape=(10, 12)
      [v] truck_usage -> module6_output_truckusagelog: DataFrame shape=(10, 5)
      [v] unsatisfied_log -> module6_output_unsatisfiedmdqlog: DataFrame shape=(0, 0)
      [v] validation_log -> module6_output_validationlog: DataFrame shape=(2, 3)
      [v] bypass_log -> module6_output_bypassrulehitlog: DataFrame shape=(0, 0)
      [v] delivery_plan -> module6_output_deliveryplan: DataFrame shape=(1231, 13)
      [v] vehicle_log -> module6_output_vehiclelog: DataFrame shape=(13, 12)
      [v] truck_usage -> module6_output_truckusagelog: DataFrame shape=(12, 5)
      [v] unsatisfied_log -> module6_output_unsatisfiedmdqlog: DataFrame shape=(0, 0)
      [v] validation_log -> module6_output_validationlog: DataFrame shape=(2, 3)
      [v] bypass_log -> module6_output_bypassrulehitlog: DataFrame shape=(97, 5)
      [v] delivery_plan -> module6_output_deliveryplan: DataFrame shape=(1517, 13)
      [v] vehicle_log -> module6_output_vehiclelog: DataFrame shape=(16, 12)
      [v] truck_usage -> module6_output_truckusagelog: DataFrame shape=(16, 5)
      [v] unsatisfied_log -> module6_output_unsatisfiedmdqlog: DataFrame shape=(0, 0)
      [v] validation_log -> module6_output_validationlog: DataFrame shape=(2, 3)
      [v] bypass_log -> module6_output_bypassrulehitlog: DataFrame shape=(0, 0)
      [v] delivery_plan -> module6_output_deliveryplan: DataFrame shape=(1418, 13)
      [v] vehicle_log -> module6_output_vehiclelog: DataFrame shape=(14, 12)
      [v] truck_usage -> module6_output_truckusagelog: DataFrame shape=(13, 5)
      [v] unsatisfied_log -> module6_output_unsatisfiedmdqlog: DataFrame shape=(0, 0)
      [v] validation_log -> module6_output_validationlog: DataFrame shape=(2, 3)
      [v] bypass_log -> module6_output_bypassrulehitlog: DataFrame shape=(0, 0)
      [v] delivery_plan -> module6_output_deliveryplan: DataFrame shape=(1241, 13)
      [v] vehicle_log -> module6_output_vehiclelog: DataFrame shape=(13, 12)
      [v] truck_usage -> module6_output_truckusagelog: DataFrame shape=(13, 5)
      [v] unsatisfied_log -> module6_output_unsatisfiedmdqlog: DataFrame shape=(0, 0)
      [v] validation_log -> module6_output_validationlog: DataFrame shape=(2, 3)
      [v] bypass_log -> module6_output_bypassrulehitlog: DataFrame shape=(48, 5)
      [v] delivery_plan -> module6_output_deliveryplan: DataFrame shape=(992, 13)
      [v] vehicle_log -> module6_output_vehiclelog: DataFrame shape=(12, 12)
      [v] truck_usage -> module6_output_truckusagelog: DataFrame shape=(12, 5)
      [v] unsatisfied_log -> module6_output_unsatisfiedmdqlog: DataFrame shape=(0, 0)
      [v] validation_log -> module6_output_validationlog: DataFrame shape=(2, 3)
      [v] bypass_log -> module6_output_bypassrulehitlog: DataFrame shape=(0, 0)
      [v] delivery_plan -> module6_output_deliveryplan: DataFrame shape=(1835, 13)
      [v] vehicle_log -> module6_output_vehiclelog: DataFrame shape=(14, 12)
      [v] truck_usage -> module6_output_truckusagelog: DataFrame shape=(14, 5)
      [v] unsatisfied_log -> module6_output_unsatisfiedmdqlog: DataFrame shape=(0, 0)
      [v] validation_log -> module6_output_validationlog: DataFrame shape=(2, 3)
      [v] bypass_log -> module6_output_bypassrulehitlog: DataFrame shape=(168, 5)
      [v] delivery_plan -> module6_output_deliveryplan: DataFrame shape=(1782, 13)
      [v] vehicle_log -> module6_output_vehiclelog: DataFrame shape=(16, 12)
      [v] truck_usage -> module6_output_truckusagelog: DataFrame shape=(16, 5)
      [v] unsatisfied_log -> module6_output_unsatisfiedmdqlog: DataFrame shape=(0, 0)
      [v] validation_log -> module6_output_validationlog: DataFrame shape=(2, 3)
      [v] bypass_log -> module6_output_bypassrulehitlog: DataFrame shape=(155, 5)
      [v] delivery_plan -> module6_output_deliveryplan: DataFrame shape=(1685, 13)
      [v] vehicle_log -> module6_output_vehiclelog: DataFrame shape=(15, 12)
      [v] truck_usage -> module6_output_truckusagelog: DataFrame shape=(15, 5)
      [v] unsatisfied_log -> module6_output_unsatisfiedmdqlog: DataFrame shape=(0, 0)
      [v] validation_log -> module6_output_validationlog: DataFrame shape=(2, 3)
      [v] bypass_log -> module6_output_bypassrulehitlog: DataFrame shape=(0, 0)
      [v] delivery_plan -> module6_output_deliveryplan: DataFrame shape=(1883, 13)
      [v] vehicle_log -> module6_output_vehiclelog: DataFrame shape=(15, 12)
      [v] truck_usage -> module6_output_truckusagelog: DataFrame shape=(15, 5)
      [v] unsatisfied_log -> module6_output_unsatisfiedmdqlog: DataFrame shape=(2, 11)
      [v] validation_log -> module6_output_validationlog: DataFrame shape=(2, 3)
      [v] bypass_log -> module6_output_bypassrulehitlog: DataFrame shape=(0, 0)
      [v] delivery_plan -> module6_output_deliveryplan: DataFrame shape=(1254, 13)
      [v] vehicle_log -> module6_output_vehiclelog: DataFrame shape=(14, 12)
      [v] truck_usage -> module6_output_truckusagelog: DataFrame shape=(14, 5)
      [v] unsatisfied_log -> module6_output_unsatisfiedmdqlog: DataFrame shape=(1, 11)
      [v] validation_log -> module6_output_validationlog: DataFrame shape=(2, 3)
      [v] bypass_log -> module6_output_bypassrulehitlog: DataFrame shape=(161, 5)
      [v] delivery_plan -> module6_output_deliveryplan: DataFrame shape=(1082, 13)
      [v] vehicle_log -> module6_output_vehiclelog: DataFrame shape=(15, 12)
      [v] truck_usage -> module6_output_truckusagelog: DataFrame shape=(15, 5)
      [v] unsatisfied_log -> module6_output_unsatisfiedmdqlog: DataFrame shape=(1, 11)
      [v] validation_log -> module6_output_validationlog: DataFrame shape=(2, 3)
      [v] bypass_log -> module6_output_bypassrulehitlog: DataFrame shape=(67, 5)
      [v] delivery_plan -> module6_output_deliveryplan: DataFrame shape=(1727, 13)
      [v] vehicle_log -> module6_output_vehiclelog: DataFrame shape=(16, 12)
      [v] truck_usage -> module6_output_truckusagelog: DataFrame shape=(15, 5)
      [v] unsatisfied_log -> module6_output_unsatisfiedmdqlog: DataFrame shape=(1, 11)
      [v] validation_log -> module6_output_validationlog: DataFrame shape=(2, 3)
      [v] bypass_log -> module6_output_bypassrulehitlog: DataFrame shape=(0, 0)
      [v] delivery_plan -> module6_output_deliveryplan: DataFrame shape=(935, 13)
      [v] vehicle_log -> module6_output_vehiclelog: DataFrame shape=(11, 12)
      [v] truck_usage -> module6_output_truckusagelog: DataFrame shape=(11, 5)
      [v] unsatisfied_log -> module6_output_unsatisfiedmdqlog: DataFrame shape=(1, 11)
      [v] validation_log -> module6_output_validationlog: DataFrame shape=(2, 3)
      [v] bypass_log -> module6_output_bypassrulehitlog: DataFrame shape=(0, 0)
      [v] delivery_plan -> module6_output_deliveryplan: DataFrame shape=(1113, 13)
      [v] vehicle_log -> module6_output_vehiclelog: DataFrame shape=(13, 12)
      [v] truck_usage -> module6_output_truckusagelog: DataFrame shape=(13, 5)
      [v] unsatisfied_log -> module6_output_unsatisfiedmdqlog: DataFrame shape=(2, 11)
      [v] validation_log -> module6_output_validationlog: DataFrame shape=(2, 3)
      [v] bypass_log -> module6_output_bypassrulehitlog: DataFrame shape=(101, 5)
      [v] delivery_plan -> module6_output_deliveryplan: DataFrame shape=(1377, 13)
      [v] vehicle_log -> module6_output_vehiclelog: DataFrame shape=(14, 12)
      [v] truck_usage -> module6_output_truckusagelog: DataFrame shape=(13, 5)
      [v] unsatisfied_log -> module6_output_unsatisfiedmdqlog: DataFrame shape=(2, 11)
      [v] validation_log -> module6_output_validationlog: DataFrame shape=(2, 3)
      [v] bypass_log -> module6_output_bypassrulehitlog: DataFrame shape=(0, 0)
      [v] delivery_plan -> module6_output_deliveryplan: DataFrame shape=(927, 13)
      [v] vehicle_log -> module6_output_vehiclelog: DataFrame shape=(13, 12)
      [v] truck_usage -> module6_output_truckusagelog: DataFrame shape=(13, 5)
      [v] unsatisfied_log -> module6_output_unsatisfiedmdqlog: DataFrame shape=(2, 11)
      [v] validation_log -> module6_output_validationlog: DataFrame shape=(2, 3)
      [v] bypass_log -> module6_output_bypassrulehitlog: DataFrame shape=(0, 0)
      [v] delivery_plan -> module6_output_deliveryplan: DataFrame shape=(1060, 13)
      [v] vehicle_log -> module6_output_vehiclelog: DataFrame shape=(13, 12)
      [v] truck_usage -> module6_output_truckusagelog: DataFrame shape=(12, 5)
      [v] unsatisfied_log -> module6_output_unsatisfiedmdqlog: DataFrame shape=(2, 11)
      [v] validation_log -> module6_output_validationlog: DataFrame shape=(2, 3)
      [v] bypass_log -> module6_output_bypassrulehitlog: DataFrame shape=(121, 5)
      [v] delivery_plan -> module6_output_deliveryplan: DataFrame shape=(579, 13)
      [v] vehicle_log -> module6_output_vehiclelog: DataFrame shape=(9, 12)
      [v] truck_usage -> module6_output_truckusagelog: DataFrame shape=(9, 5)
      [v] unsatisfied_log -> module6_output_unsatisfiedmdqlog: DataFrame shape=(2, 11)
      [v] validation_log -> module6_output_validationlog: DataFrame shape=(2, 3)
      [v] bypass_log -> module6_output_bypassrulehitlog: DataFrame shape=(0, 0)
      [v] delivery_plan -> module6_output_deliveryplan: DataFrame shape=(1084, 13)
      [v] vehicle_log -> module6_output_vehiclelog: DataFrame shape=(12, 12)
      [v] truck_usage -> module6_output_truckusagelog: DataFrame shape=(12, 5)
      [v] unsatisfied_log -> module6_output_unsatisfiedmdqlog: DataFrame shape=(2, 11)
      [v] validation_log -> module6_output_validationlog: DataFrame shape=(2, 3)
      [v] bypass_log -> module6_output_bypassrulehitlog: DataFrame shape=(0, 0)
      [v] delivery_plan -> module6_output_deliveryplan: DataFrame shape=(1959, 13)
      [v] vehicle_log -> module6_output_vehiclelog: DataFrame shape=(16, 12)
      [v] truck_usage -> module6_output_truckusagelog: DataFrame shape=(16, 5)
      [v] unsatisfied_log -> module6_output_unsatisfiedmdqlog: DataFrame shape=(2, 11)
      [v] validation_log -> module6_output_validationlog: DataFrame shape=(2, 3)
      [v] bypass_log -> module6_output_bypassrulehitlog: DataFrame shape=(0, 0)
      [v] delivery_plan -> module6_output_deliveryplan: DataFrame shape=(954, 13)
      [v] vehicle_log -> module6_output_vehiclelog: DataFrame shape=(13, 12)
      [v] truck_usage -> module6_output_truckusagelog: DataFrame shape=(13, 5)
      [v] unsatisfied_log -> module6_output_unsatisfiedmdqlog: DataFrame shape=(2, 11)
      [v] validation_log -> module6_output_validationlog: DataFrame shape=(2, 3)
      [v] bypass_log -> module6_output_bypassrulehitlog: DataFrame shape=(337, 5)
      [v] delivery_plan -> module6_output_deliveryplan: DataFrame shape=(1703, 13)
      [v] vehicle_log -> module6_output_vehiclelog: DataFrame shape=(16, 12)
      [v] truck_usage -> module6_output_truckusagelog: DataFrame shape=(15, 5)
      [v] unsatisfied_log -> module6_output_unsatisfiedmdqlog: DataFrame shape=(2, 11)
      [v] validation_log -> module6_output_validationlog: DataFrame shape=(2, 3)
      [v] bypass_log -> module6_output_bypassrulehitlog: DataFrame shape=(213, 5)
      [v] delivery_plan -> module6_output_deliveryplan: DataFrame shape=(1252, 13)
      [v] vehicle_log -> module6_output_vehiclelog: DataFrame shape=(15, 12)
      [v] truck_usage -> module6_output_truckusagelog: DataFrame shape=(15, 5)
      [v] unsatisfied_log -> module6_output_unsatisfiedmdqlog: DataFrame shape=(2, 11)
      [v] validation_log -> module6_output_validationlog: DataFrame shape=(2, 3)
      [v] bypass_log -> module6_output_bypassrulehitlog: DataFrame shape=(109, 5)
      [v] delivery_plan -> module6_output_deliveryplan: DataFrame shape=(808, 13)
      [v] vehicle_log -> module6_output_vehiclelog: DataFrame shape=(10, 12)
      [v] truck_usage -> module6_output_truckusagelog: DataFrame shape=(10, 5)
      [v] unsatisfied_log -> module6_output_unsatisfiedmdqlog: DataFrame shape=(2, 11)
      [v] validation_log -> module6_output_validationlog: DataFrame shape=(2, 3)
      [v] bypass_log -> module6_output_bypassrulehitlog: DataFrame shape=(0, 0)
      [v] delivery_plan -> module6_output_deliveryplan: DataFrame shape=(925, 13)
      [v] vehicle_log -> module6_output_vehiclelog: DataFrame shape=(10, 12)
      [v] truck_usage -> module6_output_truckusagelog: DataFrame shape=(10, 5)
      [v] unsatisfied_log -> module6_output_unsatisfiedmdqlog: DataFrame shape=(2, 11)
      [v] validation_log -> module6_output_validationlog: DataFrame shape=(2, 3)
      [v] bypass_log -> module6_output_bypassrulehitlog: DataFrame shape=(37, 5)
      [v] delivery_plan -> module6_output_deliveryplan: DataFrame shape=(1931, 13)
      [v] vehicle_log -> module6_output_vehiclelog: DataFrame shape=(16, 12)
      [v] truck_usage -> module6_output_truckusagelog: DataFrame shape=(16, 5)
      [v] unsatisfied_log -> module6_output_unsatisfiedmdqlog: DataFrame shape=(2, 11)
      [v] validation_log -> module6_output_validationlog: DataFrame shape=(2, 3)
      [v] bypass_log -> module6_output_bypassrulehitlog: DataFrame shape=(0, 0)
      [v] delivery_plan -> module6_output_deliveryplan: DataFrame shape=(1119, 13)
      [v] vehicle_log -> module6_output_vehiclelog: DataFrame shape=(13, 12)
      [v] truck_usage -> module6_output_truckusagelog: DataFrame shape=(13, 5)
      [v] unsatisfied_log -> module6_output_unsatisfiedmdqlog: DataFrame shape=(2, 11)
      [v] validation_log -> module6_output_validationlog: DataFrame shape=(2, 3)
      [v] bypass_log -> module6_output_bypassrulehitlog: DataFrame shape=(0, 0)
      [v] delivery_plan -> module6_output_deliveryplan: DataFrame shape=(1179, 13)
      [v] vehicle_log -> module6_output_vehiclelog: DataFrame shape=(10, 12)
      [v] truck_usage -> module6_output_truckusagelog: DataFrame shape=(10, 5)
      [v] unsatisfied_log -> module6_output_unsatisfiedmdqlog: DataFrame shape=(2, 11)
      [v] validation_log -> module6_output_validationlog: DataFrame shape=(2, 3)
      [v] bypass_log -> module6_output_bypassrulehitlog: DataFrame shape=(217, 5)
      [v] delivery_plan -> module6_output_deliveryplan: DataFrame shape=(1011, 13)
      [v] vehicle_log -> module6_output_vehiclelog: DataFrame shape=(14, 12)
      [v] truck_usage -> module6_output_truckusagelog: DataFrame shape=(14, 5)
      [v] unsatisfied_log -> module6_output_unsatisfiedmdqlog: DataFrame shape=(2, 11)
      [v] validation_log -> module6_output_validationlog: DataFrame shape=(2, 3)
      [v] bypass_log -> module6_output_bypassrulehitlog: DataFrame shape=(0, 0)
      [v] delivery_plan -> module6_output_deliveryplan: DataFrame shape=(1142, 13)
      [v] vehicle_log -> module6_output_vehiclelog: DataFrame shape=(12, 12)
      [v] truck_usage -> module6_output_truckusagelog: DataFrame shape=(12, 5)
      [v] unsatisfied_log -> module6_output_unsatisfiedmdqlog: DataFrame shape=(2, 11)
      [v] validation_log -> module6_output_validationlog: DataFrame shape=(2, 3)
      [v] bypass_log -> module6_output_bypassrulehitlog: DataFrame shape=(0, 0)
      [v] delivery_plan -> module6_output_deliveryplan: DataFrame shape=(838, 13)
      [v] vehicle_log -> module6_output_vehiclelog: DataFrame shape=(13, 12)
      [v] truck_usage -> module6_output_truckusagelog: DataFrame shape=(11, 5)
      [v] unsatisfied_log -> module6_output_unsatisfiedmdqlog: DataFrame shape=(2, 11)
      [v] validation_log -> module6_output_validationlog: DataFrame shape=(2, 3)
      [v] bypass_log -> module6_output_bypassrulehitlog: DataFrame shape=(0, 0)
      [v] delivery_plan -> module6_output_deliveryplan: DataFrame shape=(1039, 13)
      [v] vehicle_log -> module6_output_vehiclelog: DataFrame shape=(13, 12)
      [v] truck_usage -> module6_output_truckusagelog: DataFrame shape=(13, 5)
      [v] unsatisfied_log -> module6_output_unsatisfiedmdqlog: DataFrame shape=(2, 11)
      [v] validation_log -> module6_output_validationlog: DataFrame shape=(2, 3)
      [v] bypass_log -> module6_output_bypassrulehitlog: DataFrame shape=(464, 5)
      [v] delivery_plan -> module6_output_deliveryplan: DataFrame shape=(616, 13)
      [v] vehicle_log -> module6_output_vehiclelog: DataFrame shape=(13, 12)
      [v] truck_usage -> module6_output_truckusagelog: DataFrame shape=(13, 5)
      [v] unsatisfied_log -> module6_output_unsatisfiedmdqlog: DataFrame shape=(2, 11)
      [v] validation_log -> module6_output_validationlog: DataFrame shape=(2, 3)
      [v] bypass_log -> module6_output_bypassrulehitlog: DataFrame shape=(0, 0)
      [v] delivery_plan -> module6_output_deliveryplan: DataFrame shape=(1280, 13)
      [v] vehicle_log -> module6_output_vehiclelog: DataFrame shape=(14, 12)
      [v] truck_usage -> module6_output_truckusagelog: DataFrame shape=(14, 5)
      [v] unsatisfied_log -> module6_output_unsatisfiedmdqlog: DataFrame shape=(2, 11)
      [v] validation_log -> module6_output_validationlog: DataFrame shape=(2, 3)
      [v] bypass_log -> module6_output_bypassrulehitlog: DataFrame shape=(1, 5)
      [v] delivery_plan -> module6_output_deliveryplan: DataFrame shape=(1027, 13)
      [v] vehicle_log -> module6_output_vehiclelog: DataFrame shape=(15, 12)
      [v] truck_usage -> module6_output_truckusagelog: DataFrame shape=(15, 5)
      [v] unsatisfied_log -> module6_output_unsatisfiedmdqlog: DataFrame shape=(7, 11)
      [v] validation_log -> module6_output_validationlog: DataFrame shape=(2, 3)
      [v] bypass_log -> module6_output_bypassrulehitlog: DataFrame shape=(0, 0)
      [v] delivery_plan -> module6_output_deliveryplan: DataFrame shape=(699, 13)
      [v] vehicle_log -> module6_output_vehiclelog: DataFrame shape=(13, 12)
      [v] truck_usage -> module6_output_truckusagelog: DataFrame shape=(11, 5)
      [v] unsatisfied_log -> module6_output_unsatisfiedmdqlog: DataFrame shape=(8, 11)
      [v] validation_log -> module6_output_validationlog: DataFrame shape=(2, 3)
      [v] bypass_log -> module6_output_bypassrulehitlog: DataFrame shape=(256, 5)
      [v] delivery_plan -> module6_output_deliveryplan: DataFrame shape=(635, 13)
      [v] vehicle_log -> module6_output_vehiclelog: DataFrame shape=(12, 12)
      [v] truck_usage -> module6_output_truckusagelog: DataFrame shape=(12, 5)
      [v] unsatisfied_log -> module6_output_unsatisfiedmdqlog: DataFrame shape=(8, 11)
      [v] validation_log -> module6_output_validationlog: DataFrame shape=(2, 3)
      [v] bypass_log -> module6_output_bypassrulehitlog: DataFrame shape=(0, 0)
      [v] delivery_plan -> module6_output_deliveryplan: DataFrame shape=(542, 13)
      [v] vehicle_log -> module6_output_vehiclelog: DataFrame shape=(13, 12)
      [v] truck_usage -> module6_output_truckusagelog: DataFrame shape=(13, 5)
      [v] unsatisfied_log -> module6_output_unsatisfiedmdqlog: DataFrame shape=(8, 11)
      [v] validation_log -> module6_output_validationlog: DataFrame shape=(2, 3)
      [v] bypass_log -> module6_output_bypassrulehitlog: DataFrame shape=(26, 5)
      [v] delivery_plan -> module6_output_deliveryplan: DataFrame shape=(74, 13)
      [v] vehicle_log -> module6_output_vehiclelog: DataFrame shape=(7, 12)
      [v] truck_usage -> module6_output_truckusagelog: DataFrame shape=(7, 5)
      [v] unsatisfied_log -> module6_output_unsatisfiedmdqlog: DataFrame shape=(8, 11)
      [v] validation_log -> module6_output_validationlog: DataFrame shape=(2, 3)
      [v] bypass_log -> module6_output_bypassrulehitlog: DataFrame shape=(0, 0)
      [v] delivery_plan -> module6_output_deliveryplan: DataFrame shape=(224, 13)
      [v] vehicle_log -> module6_output_vehiclelog: DataFrame shape=(8, 12)
      [v] truck_usage -> module6_output_truckusagelog: DataFrame shape=(8, 5)
      [v] unsatisfied_log -> module6_output_unsatisfiedmdqlog: DataFrame shape=(8, 11)
      [v] validation_log -> module6_output_validationlog: DataFrame shape=(2, 3)
      [v] bypass_log -> module6_output_bypassrulehitlog: DataFrame shape=(0, 0)
      [v] delivery_plan -> module6_output_deliveryplan: DataFrame shape=(561, 13)
      [v] vehicle_log -> module6_output_vehiclelog: DataFrame shape=(7, 12)
      [v] truck_usage -> module6_output_truckusagelog: DataFrame shape=(7, 5)
      [v] unsatisfied_log -> module6_output_unsatisfiedmdqlog: DataFrame shape=(8, 11)
      [v] validation_log -> module6_output_validationlog: DataFrame shape=(2, 3)
      [v] bypass_log -> module6_output_bypassrulehitlog: DataFrame shape=(94, 5)
      [v] delivery_plan -> module6_output_deliveryplan: DataFrame shape=(641, 13)
      [v] vehicle_log -> module6_output_vehiclelog: DataFrame shape=(10, 12)
      [v] truck_usage -> module6_output_truckusagelog: DataFrame shape=(10, 5)
      [v] unsatisfied_log -> module6_output_unsatisfiedmdqlog: DataFrame shape=(8, 11)
      [v] validation_log -> module6_output_validationlog: DataFrame shape=(2, 3)
      [v] bypass_log -> module6_output_bypassrulehitlog: DataFrame shape=(185, 5)
      [v] delivery_plan -> module6_output_deliveryplan: DataFrame shape=(824, 13)
      [v] vehicle_log -> module6_output_vehiclelog: DataFrame shape=(9, 12)
      [v] truck_usage -> module6_output_truckusagelog: DataFrame shape=(9, 5)
      [v] unsatisfied_log -> module6_output_unsatisfiedmdqlog: DataFrame shape=(8, 11)
      [v] validation_log -> module6_output_validationlog: DataFrame shape=(2, 3)
      [v] bypass_log -> module6_output_bypassrulehitlog: DataFrame shape=(196, 5)
      [v] delivery_plan -> module6_output_deliveryplan: DataFrame shape=(938, 13)
      [v] vehicle_log -> module6_output_vehiclelog: DataFrame shape=(12, 12)
      [v] truck_usage -> module6_output_truckusagelog: DataFrame shape=(12, 5)
      [v] unsatisfied_log -> module6_output_unsatisfiedmdqlog: DataFrame shape=(8, 11)
      [v] validation_log -> module6_output_validationlog: DataFrame shape=(2, 3)
      [v] bypass_log -> module6_output_bypassrulehitlog: DataFrame shape=(0, 0)
      [v] delivery_plan -> module6_output_deliveryplan: DataFrame shape=(454, 13)
      [v] vehicle_log -> module6_output_vehiclelog: DataFrame shape=(8, 12)
      [v] truck_usage -> module6_output_truckusagelog: DataFrame shape=(7, 5)
      [v] unsatisfied_log -> module6_output_unsatisfiedmdqlog: DataFrame shape=(8, 11)
      [v] validation_log -> module6_output_validationlog: DataFrame shape=(2, 3)
      [v] bypass_log -> module6_output_bypassrulehitlog: DataFrame shape=(0, 0)
      [v] delivery_plan -> module6_output_deliveryplan: DataFrame shape=(1073, 13)
      [v] vehicle_log -> module6_output_vehiclelog: DataFrame shape=(10, 12)
      [v] truck_usage -> module6_output_truckusagelog: DataFrame shape=(9, 5)
      [v] unsatisfied_log -> module6_output_unsatisfiedmdqlog: DataFrame shape=(8, 11)
      [v] validation_log -> module6_output_validationlog: DataFrame shape=(2, 3)
      [v] bypass_log -> module6_output_bypassrulehitlog: DataFrame shape=(0, 0)
      [v] delivery_plan -> module6_output_deliveryplan: DataFrame shape=(995, 13)
      [v] vehicle_log -> module6_output_vehiclelog: DataFrame shape=(11, 12)
      [v] truck_usage -> module6_output_truckusagelog: DataFrame shape=(10, 5)
      [v] unsatisfied_log -> module6_output_unsatisfiedmdqlog: DataFrame shape=(8, 11)
      [v] validation_log -> module6_output_validationlog: DataFrame shape=(2, 3)
      [v] bypass_log -> module6_output_bypassrulehitlog: DataFrame shape=(374, 5)
      [v] delivery_plan -> module6_output_deliveryplan: DataFrame shape=(664, 13)
      [v] vehicle_log -> module6_output_vehiclelog: DataFrame shape=(7, 12)
      [v] truck_usage -> module6_output_truckusagelog: DataFrame shape=(7, 5)
      [v] unsatisfied_log -> module6_output_unsatisfiedmdqlog: DataFrame shape=(8, 11)
      [v] validation_log -> module6_output_validationlog: DataFrame shape=(2, 3)
      [v] bypass_log -> module6_output_bypassrulehitlog: DataFrame shape=(3, 5)
      [v] delivery_plan -> module6_output_deliveryplan: DataFrame shape=(429, 13)
      [v] vehicle_log -> module6_output_vehiclelog: DataFrame shape=(4, 12)
      [v] truck_usage -> module6_output_truckusagelog: DataFrame shape=(4, 5)
      [v] unsatisfied_log -> module6_output_unsatisfiedmdqlog: DataFrame shape=(8, 11)
      [v] validation_log -> module6_output_validationlog: DataFrame shape=(2, 3)
      [v] bypass_log -> module6_output_bypassrulehitlog: DataFrame shape=(114, 5)
      [v] delivery_plan -> module6_output_deliveryplan: DataFrame shape=(776, 13)
      [v] vehicle_log -> module6_output_vehiclelog: DataFrame shape=(7, 12)
      [v] truck_usage -> module6_output_truckusagelog: DataFrame shape=(7, 5)
      [v] unsatisfied_log -> module6_output_unsatisfiedmdqlog: DataFrame shape=(8, 11)
      [v] validation_log -> module6_output_validationlog: DataFrame shape=(2, 3)
      [v] bypass_log -> module6_output_bypassrulehitlog: DataFrame shape=(0, 0)
      [v] delivery_plan -> module6_output_deliveryplan: DataFrame shape=(666, 13)
      [v] vehicle_log -> module6_output_vehiclelog: DataFrame shape=(5, 12)
      [v] truck_usage -> module6_output_truckusagelog: DataFrame shape=(5, 5)
      [v] unsatisfied_log -> module6_output_unsatisfiedmdqlog: DataFrame shape=(8, 11)
      [v] validation_log -> module6_output_validationlog: DataFrame shape=(2, 3)
      [v] bypass_log -> module6_output_bypassrulehitlog: DataFrame shape=(69, 5)
      [v] delivery_plan -> module6_output_deliveryplan: DataFrame shape=(1180, 13)
      [v] vehicle_log -> module6_output_vehiclelog: DataFrame shape=(6, 12)
      [v] truck_usage -> module6_output_truckusagelog: DataFrame shape=(6, 5)
      [v] unsatisfied_log -> module6_output_unsatisfiedmdqlog: DataFrame shape=(8, 11)
      [v] validation_log -> module6_output_validationlog: DataFrame shape=(2, 3)
      [v] bypass_log -> module6_output_bypassrulehitlog: DataFrame shape=(0, 0)
      [v] delivery_plan -> module6_output_deliveryplan: DataFrame shape=(754, 13)
      [v] vehicle_log -> module6_output_vehiclelog: DataFrame shape=(4, 12)
      [v] truck_usage -> module6_output_truckusagelog: DataFrame shape=(4, 5)
      [v] unsatisfied_log -> module6_output_unsatisfiedmdqlog: DataFrame shape=(8, 11)
      [v] validation_log -> module6_output_validationlog: DataFrame shape=(2, 3)
      [v] bypass_log -> module6_output_bypassrulehitlog: DataFrame shape=(0, 0)
      [v] delivery_plan -> module6_output_deliveryplan: DataFrame shape=(1647, 13)
      [v] vehicle_log -> module6_output_vehiclelog: DataFrame shape=(8, 12)
      [v] truck_usage -> module6_output_truckusagelog: DataFrame shape=(8, 5)
      [v] unsatisfied_log -> module6_output_unsatisfiedmdqlog: DataFrame shape=(8, 11)
      [v] validation_log -> module6_output_validationlog: DataFrame shape=(2, 3)
      [v] bypass_log -> module6_output_bypassrulehitlog: DataFrame shape=(0, 0)
[OK]追加数据到表: module6_output_deliveryplan (+71145 行)
  [DATA] 写入完成: 71145 行数据
  [FAST] 性能优化：单次事务提交
D:\PG\Code\chainsight\pgsql_db\module_data_writer.py:780: FutureWarning: The behavior of DataFrame concatenation with empty or all-NA entries is deprecated. In a future version, this will no longer exclude empty or all-NA columns when determining the result dtypes. To retain the old behavior, exclude the relevant entries before the concat operation.
  combined_df = pd.concat(dfs, ignore_index=True)
[OK]追加数据到表: module6_output_vehiclelog (+823 行)
D:\PG\Code\chainsight\pgsql_db\module_data_writer.py:780: FutureWarning: The behavior of DataFrame concatenation with empty or all-NA entries is deprecated. In a future version, this will no longer exclude empty or all-NA columns when determining the result dtypes. To retain the old behavior, exclude the relevant entries before the concat operation.
  combined_df = pd.concat(dfs, ignore_index=True)
[OK]追加数据到表: module6_output_truckusagelog (+803 行)
🔧 表 module6_output_unsatisfiedmdqlog 缺少列: {'receiving', 'waiting_days', 'reason', 'accumulated_qty', 'simulation_date', 'demand_element', 'sending', 'material', 'min_mdq', 'planned_deployment_date', 'ori_deployment_uid'}，自动补齐...
[OK]追加数据到表: module6_output_unsatisfiedmdqlog (+207 行)
[OK]追加数据到表: module6_output_validationlog (+152 行)
🔧 表 module6_output_bypassrulehitlog 缺少列: {'context_snapshot', 'rule_id', 'simulation_date', 'vehicle_uid', 'ori_deployment_uid'}，自动补齐...
[OK]追加数据到表: module6_output_bypassrulehitlog (+3913 行)

[OK] 模块输出写入完成:
   表数量: 19
   总行数: 22916666
2026-02-07 01:35:45 [INFO] [OUT] 写入 Orchestrator 状态数据到数据库...

[INFO] 写入Orchestrator数据...
[OK]追加数据到表: orchestrator_unrestricted_inventory (+190618 行)
  [DATA] 写入完成: 190618 行数据
  [FAST] 性能优化：单次事务提交
[OK]追加数据到表: orchestrator_open_deployment (+86642 行)
  [DATA] 写入完成: 86642 行数据
  [FAST] 性能优化：单次事务提交
[OK]表已存在（空表）: orchestrator_open_deployment_pastdue_cleanup
[OK]追加数据到表: orchestrator_planning_intransit (+364843 行)
  [DATA] 写入完成: 364843 行数据
  [FAST] 性能优化：单次事务提交
[OK]表已存在（空表）: orchestrator_space_quota
[OK]追加数据到表: orchestrator_delivery_gr (+66576 行)
  [DATA] 写入完成: 66576 行数据
  [FAST] 性能优化：单次事务提交
[OK]追加数据到表: orchestrator_production_gr (+659 行)
[OK]追加数据到表: orchestrator_production_plan_backlog (+28579 行)
  [DATA] 写入完成: 28579 行数据
  [FAST] 性能优化：单次事务提交
[OK]追加数据到表: orchestrator_shipment_log (+157433 行)
  [DATA] 写入完成: 157433 行数据
  [FAST] 性能优化：单次事务提交
[OK]追加数据到表: orchestrator_delivery_shipment_log (+71145 行)
  [DATA] 写入完成: 71145 行数据
  [FAST] 性能优化：单次事务提交
[OK]追加数据到表: orchestrator_inventory_change_log (+159838 行)
  [DATA] 写入完成: 159838 行数据
  [FAST] 性能优化：单次事务提交
[OK]追加数据到表: orchestrator_daily_logs (+16741 行)
  [DATA] 写入完成: 16741 行数据
  [FAST] 性能优化：单次事务提交
2026-02-07 01:35:56 [INFO] [DATA] 从数据库生成 Summary 汇总报告...

============================================================
[DATA] 从数据库生成Summary汇总报告
运行ID: OC_Paste_S1_20251224_20260206_231947
日期范围: 2025-12-15 到 2026-02-28
============================================================
[OK]追加数据到表: summary_output_ordershipmentcutsummary (+451507 行)
  [DATA] 写入完成: 451507 行数据
  [FAST] 性能优化：单次事务提交
  [OK] summary_output_ordershipmentcutsummary: 451,507 行
[OK]追加数据到表: summary_output_fullchangeoverlog (+508 行)
  [OK] summary_output_fullchangeoverlog: 508 行
[OK]追加数据到表: summary_output_fullcapacityexceed (+3018 行)
  [OK] summary_output_fullcapacityexceed: 3,018 行
[OK]追加数据到表: summary_output_fullproductionplan (+659 行)
  [OK] summary_output_fullproductionplan: 659 行
[OK]追加数据到表: summary_output_fulldeploymentplan (+3336330 行)
  [DATA] 写入完成: 3336330 行数据
  [FAST] 性能优化：单次事务提交
  [OK] summary_output_fulldeploymentplan: 3,336,330 行
[OK]追加数据到表: summary_output_fulldeliveryplan (+71145 行)
  [DATA] 写入完成: 71145 行数据
  [FAST] 性能优化：单次事务提交
  [OK] summary_output_fulldeliveryplan: 71,145 行
[OK]追加数据到表: summary_output_fulltruckusage (+803 行)
  [OK] summary_output_fulltruckusage: 803 行

============================================================
[OK] Summary汇总报告生成完成!
   表数量: 7
   总行数: 3,863,970
   耗时: 59.43秒
============================================================
2026-02-07 01:36:55 [INFO] [TIME]  数据库写入耗时: 204.87秒
2026-02-07 01:36:55 [INFO] 
============================================================
2026-02-07 01:36:55 [INFO] [OK] 数据库模式运行完成 (DuckDB)
2026-02-07 01:36:55 [INFO] ============================================================
2026-02-07 01:36:55 [INFO] 🕐 程序时间统计:
2026-02-07 01:36:55 [INFO]    📅 开始时间: 2026-02-06 23:19:47
2026-02-07 01:36:55 [INFO]    📅 结束时间: 2026-02-07 01:36:55
2026-02-07 01:36:55 [INFO]    [TIME]  总运行时间: 2小时 17分钟 8.16秒
2026-02-07 01:36:55 [INFO]    [TIME]  其中DB写入: 204.87秒
2026-02-07 01:36:55 [INFO]    [DIR] 日志目录: D:\PG\Code\chainsight\outputs\db_OC_Paste_S1_20251224_20260206_231947
2026-02-07 01:36:55 [INFO] [DATA] 数据存储:
2026-02-07 01:36:55 [INFO]    [SAVE] 所有输出数据已写入 PostgreSQL 数据库
2026-02-07 01:36:55 [INFO]    🔗 连接: postgresql://localhost:5432/test_db
2026-02-07 01:36:55 [INFO]    [INFO] 表前缀: OC_Paste_S1_20251224_20260206_231947
2026-02-07 01:36:55 [INFO] ============================================================
2026-02-07 01:36:55 [INFO] 🔌 数据库连接已关闭
