date,material,receiving,quantity,ori_deployment_uid,vehicle_uid,actual_ship_date
2026-02-06,80848026,A716,1,80848026|0386|A716|2026-01-22|net demand for forecast|038131,20260122-0386-A716-Train-#1,2026-01-22
2026-02-06,80848026,A716,2,80848026|0386|A716|2026-01-22|net demand for forecast|038146,20260122-0386-A716-Train-#1,2026-01-22
2026-02-06,80812845,A716,57,80812845|0386|A716|2026-01-22|net demand for safety|037869,20260122-0386-A716-Train-#1,2026-01-22
2026-02-06,21128377,A716,54,21128377|0386|A716|2026-01-22|push replenishment|037216,20260122-0386-A716-Train-#1,2026-01-22
2026-02-06,80804138,A716,37,80804138|0386|A716|2026-01-22|push replenishment|037575,20260122-0386-A716-Train-#1,2026-01-22
2026-02-06,80838165,A716,1,80838165|0386|A716|2026-01-23|net demand for AO|039089,20260123-0386-A716-Train-#1,2026-01-23
2026-02-06,80838165,A716,2,80838165|0386|A716|2026-01-23|net demand for AO|039091,20260123-0386-A716-Train-#1,2026-01-23
2026-02-06,80838165,A716,1,80838165|0386|A716|2026-01-23|net demand for forecast|039092,20260123-0386-A716-Train-#1,2026-01-23
2026-02-06,80838165,A716,1,80838165|0386|A716|2026-01-23|net demand for forecast|039093,20260123-0386-A716-Train-#1,2026-01-23
2026-02-06,80838165,A716,1,80838165|0386|A716|2026-01-23|net demand for forecast|039094,20260123-0386-A716-Train-#1,2026-01-23
2026-02-06,80838165,A716,1,80838165|0386|A716|2026-01-23|net demand for forecast|039095,20260123-0386-A716-Train-#1,2026-01-23
2026-02-06,80838165,A716,1,80838165|0386|A716|2026-01-23|net demand for forecast|039096,20260123-0386-A716-Train-#1,2026-01-23
2026-02-06,80838165,A716,1,80838165|0386|A716|2026-01-23|net demand for forecast|039098,20260123-0386-A716-Train-#1,2026-01-23
2026-02-06,80838165,A716,1,80838165|0386|A716|2026-01-23|net demand for forecast|039099,20260123-0386-A716-Train-#1,2026-01-23
2026-02-06,80838165,A716,1,80838165|0386|A716|2026-01-23|net demand for forecast|039101,20260123-0386-A716-Train-#1,2026-01-23
2026-02-06,80838165,A716,1,80838165|0386|A716|2026-01-23|net demand for forecast|039102,20260123-0386-A716-Train-#1,2026-01-23
2026-02-06,80838165,A716,1,80838165|0386|A716|2026-01-23|net demand for forecast|039103,20260123-0386-A716-Train-#1,2026-01-23
2026-02-06,80838165,A716,1,80838165|0386|A716|2026-01-23|net demand for forecast|039104,20260123-0386-A716-Train-#1,2026-01-23
2026-02-06,80838165,A716,1,80838165|0386|A716|2026-01-23|net demand for forecast|039105,20260123-0386-A716-Train-#1,2026-01-23
2026-02-06,80838165,A716,2,80838165|0386|A716|2026-01-23|net demand for forecast|039106,20260123-0386-A716-Train-#1,2026-01-23
2026-02-06,80838165,A716,2,80838165|0386|A716|2026-01-23|net demand for forecast|039107,20260123-0386-A716-Train-#1,2026-01-23
2026-02-06,80838165,A716,2,80838165|0386|A716|2026-01-23|net demand for forecast|039108,20260123-0386-A716-Train-#1,2026-01-23
2026-02-06,80838165,A716,2,80838165|0386|A716|2026-01-23|net demand for forecast|039109,20260123-0386-A716-Train-#1,2026-01-23
2026-02-06,21143103,A716,6,21143103|0386|A716|2026-01-23|push replenishment|038297,20260123-0386-A716-Train-#1,2026-01-23
2026-02-06,21434952,A716,30,21434952|0386|A716|2026-01-23|push replenishment|038437,20260123-0386-A716-Train-#1,2026-01-23
2026-02-06,80804134,A716,9,80804134|0386|A716|2026-01-23|push replenishment|038555,20260123-0386-A716-Train-#1,2026-01-23
2026-02-06,80804698,A716,323,80804698|0386|A716|2026-01-23|push replenishment|038630,20260123-0386-A716-Train-#1,2026-01-23
2026-02-06,80804705,A716,1664,80804705|0386|A716|2026-01-23|push replenishment|038748,20260123-0386-A716-Train-#1,2026-01-23
2026-02-06,80838165,A716,23,80838165|0386|A716|2026-01-23|push replenishment|039111,20260123-0386-A716-Train-#1,2026-01-23
2026-02-06,21151196,A715,1,21151196|0386|A715|2026-01-26|net demand for forecast|041924,20260127-0386-A715-Train-#1,2026-01-27
2026-02-06,21151196,A715,1,21151196|0386|A715|2026-01-26|net demand for forecast|041925,20260127-0386-A715-Train-#1,2026-01-27
2026-02-06,21151196,A715,1,21151196|0386|A715|2026-01-26|net demand for forecast|041926,20260127-0386-A715-Train-#1,2026-01-27
2026-02-06,21151196,A715,1,21151196|0386|A715|2026-01-26|net demand for forecast|041927,20260127-0386-A715-Train-#1,2026-01-27
2026-02-06,21151196,A715,1,21151196|0386|A715|2026-01-26|net demand for forecast|041928,20260127-0386-A715-Train-#1,2026-01-27
2026-02-06,21151196,A715,1,21151196|0386|A715|2026-01-26|net demand for forecast|041929,20260127-0386-A715-Train-#1,2026-01-27
2026-02-06,21151196,A715,1,21151196|0386|A715|2026-01-26|net demand for forecast|041930,20260127-0386-A715-Train-#1,2026-01-27
2026-02-06,21151196,A715,1,21151196|0386|A715|2026-01-26|net demand for forecast|041931,20260127-0386-A715-Train-#1,2026-01-27
2026-02-06,21151196,A715,1,21151196|0386|A715|2026-01-26|net demand for forecast|041932,20260127-0386-A715-Train-#1,2026-01-27
2026-02-06,21151196,A715,1,21151196|0386|A715|2026-01-26|net demand for forecast|041933,20260127-0386-A715-Train-#1,2026-01-27
2026-02-06,21151196,A715,1,21151196|0386|A715|2026-01-26|net demand for forecast|041934,20260127-0386-A715-Train-#1,2026-01-27
2026-02-06,21151196,A715,1,21151196|0386|A715|2026-01-26|net demand for forecast|041935,20260127-0386-A715-Train-#1,2026-01-27
2026-02-06,21151196,A715,1,21151196|0386|A715|2026-01-26|net demand for forecast|041936,20260127-0386-A715-Train-#1,2026-01-27
2026-02-06,21151196,A715,1,21151196|0386|A715|2026-01-26|net demand for forecast|041937,20260127-0386-A715-Train-#1,2026-01-27
2026-02-06,21151196,A715,1,21151196|0386|A715|2026-01-26|net demand for forecast|041938,20260127-0386-A715-Train-#1,2026-01-27
2026-02-06,80863643,A715,1,80863643|0386|A715|2026-01-26|net demand for forecast|042765,20260127-0386-A715-Train-#1,2026-01-27
2026-02-06,80863643,A715,1,80863643|0386|A715|2026-01-26|net demand for forecast|042766,20260127-0386-A715-Train-#1,2026-01-27
2026-02-06,80863643,A715,1,80863643|0386|A715|2026-01-26|net demand for forecast|042768,20260127-0386-A715-Train-#1,2026-01-27
2026-02-06,80805856,A715,1,80805856|0386|A715|2026-01-27|net demand for forecast|043506,20260127-0386-A715-Train-#1,2026-01-27
2026-02-06,80805856,A715,1,80805856|0386|A715|2026-01-27|net demand for forecast|043507,20260127-0386-A715-Train-#1,2026-01-27
2026-02-06,80805856,A715,1,80805856|0386|A715|2026-01-27|net demand for forecast|043509,20260127-0386-A715-Train-#1,2026-01-27
2026-02-06,80805856,A715,1,80805856|0386|A715|2026-01-27|net demand for forecast|043510,20260127-0386-A715-Train-#1,2026-01-27
2026-02-06,80805856,A715,1,80805856|0386|A715|2026-01-27|net demand for forecast|043511,20260127-0386-A715-Train-#1,2026-01-27
2026-02-06,80805856,A715,1,80805856|0386|A715|2026-01-27|net demand for forecast|043512,20260127-0386-A715-Train-#1,2026-01-27
2026-02-06,80805856,A715,1,80805856|0386|A715|2026-01-27|net demand for forecast|043515,20260127-0386-A715-Train-#1,2026-01-27
2026-02-06,80805856,A715,1,80805856|0386|A715|2026-01-27|net demand for forecast|043517,20260127-0386-A715-Train-#1,2026-01-27
2026-02-06,80805856,A715,1,80805856|0386|A715|2026-01-27|net demand for forecast|043518,20260127-0386-A715-Train-#1,2026-01-27
2026-02-06,80805856,A715,1,80805856|0386|A715|2026-01-27|net demand for forecast|043519,20260127-0386-A715-Train-#1,2026-01-27
2026-02-06,80805856,A715,1,80805856|0386|A715|2026-01-27|net demand for forecast|043520,20260127-0386-A715-Train-#1,2026-01-27
2026-02-06,80805856,A715,1,80805856|0386|A715|2026-01-27|net demand for forecast|043521,20260127-0386-A715-Train-#1,2026-01-27
2026-02-06,80805856,A715,1,80805856|0386|A715|2026-01-27|net demand for forecast|043522,20260127-0386-A715-Train-#1,2026-01-27
2026-02-06,80805856,A715,1,80805856|0386|A715|2026-01-27|net demand for forecast|043523,20260127-0386-A715-Train-#1,2026-01-27
2026-02-06,80805856,A715,1,80805856|0386|A715|2026-01-27|net demand for forecast|043524,20260127-0386-A715-Train-#1,2026-01-27
2026-02-06,80805856,A715,1,80805856|0386|A715|2026-01-27|net demand for forecast|043525,20260127-0386-A715-Train-#1,2026-01-27
2026-02-06,80805856,A715,1,80805856|0386|A715|2026-01-27|net demand for forecast|043526,20260127-0386-A715-Train-#1,2026-01-27
2026-02-06,80812841,A715,2,80812841|0386|A715|2026-01-27|net demand for forecast|043858,20260127-0386-A715-Train-#1,2026-01-27
2026-02-06,80812841,A715,3,80812841|0386|A715|2026-01-27|net demand for forecast|043859,20260127-0386-A715-Train-#1,2026-01-27
2026-02-06,80812841,A715,3,80812841|0386|A715|2026-01-27|net demand for forecast|043861,20260127-0386-A715-Train-#1,2026-01-27
2026-02-06,80812841,A715,3,80812841|0386|A715|2026-01-27|net demand for forecast|043862,20260127-0386-A715-Train-#1,2026-01-27
2026-02-06,80812841,A715,3,80812841|0386|A715|2026-01-27|net demand for forecast|043863,20260127-0386-A715-Train-#1,2026-01-27
2026-02-06,80812841,A715,3,80812841|0386|A715|2026-01-27|net demand for forecast|043864,20260127-0386-A715-Train-#1,2026-01-27
2026-02-06,80812841,A715,3,80812841|0386|A715|2026-01-27|net demand for forecast|043865,20260127-0386-A715-Train-#1,2026-01-27
2026-02-06,80812841,A715,3,80812841|0386|A715|2026-01-27|net demand for forecast|043866,20260127-0386-A715-Train-#1,2026-01-27
2026-02-06,80812841,A715,3,80812841|0386|A715|2026-01-27|net demand for forecast|043867,20260127-0386-A715-Train-#1,2026-01-27
2026-02-06,80812841,A715,3,80812841|0386|A715|2026-01-27|net demand for forecast|043869,20260127-0386-A715-Train-#1,2026-01-27
2026-02-06,80812841,A715,3,80812841|0386|A715|2026-01-27|net demand for forecast|043870,20260127-0386-A715-Train-#1,2026-01-27
2026-02-06,80812841,A715,3,80812841|0386|A715|2026-01-27|net demand for forecast|043871,20260127-0386-A715-Train-#1,2026-01-27
2026-02-06,80812841,A715,3,80812841|0386|A715|2026-01-27|net demand for forecast|043872,20260127-0386-A715-Train-#1,2026-01-27
2026-02-06,80812841,A715,3,80812841|0386|A715|2026-01-27|net demand for forecast|043873,20260127-0386-A715-Train-#1,2026-01-27
2026-02-06,80812841,A715,3,80812841|0386|A715|2026-01-27|net demand for forecast|043874,20260127-0386-A715-Train-#1,2026-01-27
2026-02-06,80812841,A715,3,80812841|0386|A715|2026-01-27|net demand for forecast|043876,20260127-0386-A715-Train-#1,2026-01-27
2026-02-06,80812841,A715,3,80812841|0386|A715|2026-01-27|net demand for forecast|043877,20260127-0386-A715-Train-#1,2026-01-27
2026-02-06,80812841,A715,3,80812841|0386|A715|2026-01-27|net demand for forecast|043878,20260127-0386-A715-Train-#1,2026-01-27
2026-02-06,80848026,A715,3,80848026|0386|A715|2026-01-27|net demand for forecast|044092,20260127-0386-A715-Train-#1,2026-01-27
2026-02-06,80848026,A715,5,80848026|0386|A715|2026-01-27|net demand for forecast|044093,20260127-0386-A715-Train-#1,2026-01-27
2026-02-06,80848026,A715,5,80848026|0386|A715|2026-01-27|net demand for forecast|044094,20260127-0386-A715-Train-#1,2026-01-27
2026-02-06,80848026,A715,5,80848026|0386|A715|2026-01-27|net demand for forecast|044095,20260127-0386-A715-Train-#1,2026-01-27
2026-02-06,80848026,A715,5,80848026|0386|A715|2026-01-27|net demand for forecast|044096,20260127-0386-A715-Train-#1,2026-01-27
2026-02-06,80848026,A715,5,80848026|0386|A715|2026-01-27|net demand for forecast|044098,20260127-0386-A715-Train-#1,2026-01-27
2026-02-06,80848026,A715,7,80848026|0386|A715|2026-01-27|net demand for forecast|044100,20260127-0386-A715-Train-#1,2026-01-27
2026-02-06,80848026,A715,7,80848026|0386|A715|2026-01-27|net demand for forecast|044101,20260127-0386-A715-Train-#1,2026-01-27
2026-02-06,80848026,A715,7,80848026|0386|A715|2026-01-27|net demand for forecast|044102,20260127-0386-A715-Train-#1,2026-01-27
2026-02-06,80848026,A715,7,80848026|0386|A715|2026-01-27|net demand for forecast|044103,20260127-0386-A715-Train-#1,2026-01-27
2026-02-06,80848026,A715,7,80848026|0386|A715|2026-01-27|net demand for forecast|044104,20260127-0386-A715-Train-#1,2026-01-27
2026-02-06,80848026,A715,7,80848026|0386|A715|2026-01-27|net demand for forecast|044105,20260127-0386-A715-Train-#1,2026-01-27
2026-02-06,80848026,A715,7,80848026|0386|A715|2026-01-27|net demand for forecast|044106,20260127-0386-A715-Train-#1,2026-01-27
2026-02-06,21151196,A715,30,21151196|0386|A715|2026-01-26|net demand for safety|041939,20260127-0386-A715-Train-#1,2026-01-27
2026-02-06,80804137,A715,3,80804137|0386|A715|2026-01-26|net demand for safety|042212,20260127-0386-A715-Train-#1,2026-01-27
2026-02-06,80807115,A715,23,80807115|0386|A715|2026-01-26|net demand for safety|042522,20260127-0386-A715-Train-#1,2026-01-27
2026-02-06,80863643,A715,3,80863643|0386|A715|2026-01-26|net demand for safety|042769,20260127-0386-A715-Train-#1,2026-01-27
2026-02-06,80805856,A715,25,80805856|0386|A715|2026-01-27|net demand for safety|043527,20260127-0386-A715-Train-#1,2026-01-27
2026-02-06,80807116,A715,28,80807116|0386|A715|2026-01-27|net demand for safety|043705,20260127-0386-A715-Train-#1,2026-01-27
2026-02-06,80812841,A715,109,80812841|0386|A715|2026-01-27|net demand for safety|043879,20260127-0386-A715-Train-#1,2026-01-27
2026-02-06,80848026,A715,72,80848026|0386|A715|2026-01-27|net demand for safety|044107,20260127-0386-A715-Train-#1,2026-01-27
2026-02-06,21137866,A715,36,21137866|0386|A715|2026-01-26|push replenishment|041850,20260127-0386-A715-Train-#1,2026-01-27
2026-02-06,21151196,A715,29,21151196|0386|A715|2026-01-26|push replenishment|041940,20260127-0386-A715-Train-#1,2026-01-27
2026-02-06,80804133,A715,45,80804133|0386|A715|2026-01-26|push replenishment|042152,20260127-0386-A715-Train-#1,2026-01-27
2026-02-06,80804137,A715,62,80804137|0386|A715|2026-01-26|push replenishment|042213,20260127-0386-A715-Train-#1,2026-01-27
2026-02-06,80807115,A715,23,80807115|0386|A715|2026-01-26|push replenishment|042523,20260127-0386-A715-Train-#1,2026-01-27
2026-02-06,80863643,A715,8,80863643|0386|A715|2026-01-26|push replenishment|042770,20260127-0386-A715-Train-#1,2026-01-27
2026-02-06,21103371,A715,78,21103371|0386|A715|2026-01-27|push replenishment|042839,20260127-0386-A715-Train-#1,2026-01-27
2026-02-06,80804132,A715,60,80804132|0386|A715|2026-01-27|push replenishment|043209,20260127-0386-A715-Train-#1,2026-01-27
2026-02-06,80805852,A715,2,80805852|0386|A715|2026-01-27|push replenishment|043439,20260127-0386-A715-Train-#1,2026-01-27
2026-02-06,80812841,A715,61,80812841|0386|A715|2026-01-27|push replenishment|043880,20260127-0386-A715-Train-#1,2026-01-27
2026-02-06,21139445,A672,3,21139445|C816|A672|2026-01-26|net demand for forecast|041875,20260128-C816-A672-Train-#1,2026-01-28
2026-02-06,21139445,A672,3,21139445|C816|A672|2026-01-26|net demand for forecast|041877,20260128-C816-A672-Train-#1,2026-01-28
2026-02-06,21307836,A672,1,21307836|C816|A672|2026-01-26|net demand for forecast|042015,20260128-C816-A672-Train-#1,2026-01-28
2026-02-06,21307836,A672,1,21307836|C816|A672|2026-01-26|net demand for forecast|042021,20260128-C816-A672-Train-#1,2026-01-28
2026-02-06,21442896,A672,4,21442896|C816|A672|2026-01-26|net demand for forecast|042112,20260128-C816-A672-Train-#1,2026-01-28
2026-02-06,21442897,A672,8,21442897|C816|A672|2026-01-26|net demand for forecast|042122,20260128-C816-A672-Train-#1,2026-01-28
2026-02-06,21442897,A672,9,21442897|C816|A672|2026-01-26|net demand for forecast|042123,20260128-C816-A672-Train-#1,2026-01-28
2026-02-06,80804698,A672,1,80804698|C816|A672|2026-01-26|net demand for forecast|042241,20260128-C816-A672-Train-#1,2026-01-28
2026-02-06,80804701,A672,3,80804701|C816|A672|2026-01-26|net demand for forecast|042262,20260128-C816-A672-Train-#1,2026-01-28
2026-02-06,80885920,A672,8,80885920|C816|A672|2026-01-26|net demand for forecast|042824,20260128-C816-A672-Train-#1,2026-01-28
2026-02-06,21139445,A672,3,21139445|C816|A672|2026-01-27|net demand for forecast|042925,20260128-C816-A672-Train-#1,2026-01-28
2026-02-06,21139445,A672,3,21139445|C816|A672|2026-01-27|net demand for forecast|042927,20260128-C816-A672-Train-#1,2026-01-28
2026-02-06,21307836,A672,1,21307836|C816|A672|2026-01-27|net demand for forecast|043007,20260128-C816-A672-Train-#1,2026-01-28
2026-02-06,80804699,A672,1,80804699|C816|A672|2026-01-27|net demand for forecast|043331,20260128-C816-A672-Train-#1,2026-01-28
2026-02-06,21307836,A672,1,21307836|C816|A672|2026-01-28|net demand for forecast|044385,20260128-C816-A672-Train-#1,2026-01-28
2026-02-06,21442897,A672,6,21442897|C816|A672|2026-01-28|net demand for forecast|044500,20260128-C816-A672-Train-#1,2026-01-28
2026-02-06,21442897,A672,8,21442897|C816|A672|2026-01-28|net demand for forecast|044503,20260128-C816-A672-Train-#1,2026-01-28
2026-02-06,80804698,A672,2,80804698|C816|A672|2026-01-28|net demand for forecast|044609,20260128-C816-A672-Train-#1,2026-01-28
2026-02-06,80804705,A672,13,80804705|C816|A672|2026-01-28|net demand for forecast|044687,20260128-C816-A672-Train-#1,2026-01-28
2026-02-06,80885920,A672,7,80885920|C816|A672|2026-01-28|net demand for forecast|045146,20260128-C816-A672-Train-#1,2026-01-28
2026-02-06,80885920,A672,11,80885920|C816|A672|2026-01-28|net demand for forecast|045148,20260128-C816-A672-Train-#1,2026-01-28
2026-02-06,80804704,A672,1,80804704|C816|A672|2026-01-26|net demand for net demand for forecast|042320,20260128-C816-A672-Train-#1,2026-01-28
2026-02-06,80864469,A672,4,80864469|C816|A672|2026-01-27|net demand for net demand for safety|044179,20260128-C816-A672-Train-#1,2026-01-28
2026-02-06,21133312,A672,7,21133312|0386|A672|2026-01-29|net demand for forecast|045369,20260129-0386-A672-Train-#1,2026-01-29
2026-02-06,21421149,A672,1085,21421149|0386|A672|2026-01-29|push replenishment|045710,20260129-0386-A672-Train-#1,2026-01-29
2026-02-06,21132758,A680,2,21132758|0386|A680|2026-01-29|net demand for forecast|045257,20260129-0386-A680-Train-#1,2026-01-29
2026-02-06,21133312,A680,1,21133312|0386|A680|2026-01-29|net demand for forecast|045382,20260129-0386-A680-Train-#1,2026-01-29
2026-02-06,21133312,A680,1,21133312|0386|A680|2026-01-29|net demand for forecast|045388,20260129-0386-A680-Train-#1,2026-01-29
2026-02-06,21314875,A672,1,21314875|0386|A672|2026-01-30|net demand for forecast|046779,20260130-0386-A672-Train-#1,2026-01-30
2026-02-06,21314875,A672,1,21314875|0386|A672|2026-01-30|net demand for forecast|046780,20260130-0386-A672-Train-#1,2026-01-30
2026-02-06,21314875,A672,1,21314875|0386|A672|2026-01-30|net demand for forecast|046781,20260130-0386-A672-Train-#1,2026-01-30
2026-02-06,21314875,A672,1,21314875|0386|A672|2026-01-30|net demand for forecast|046782,20260130-0386-A672-Train-#1,2026-01-30
2026-02-06,21314875,A672,1,21314875|0386|A672|2026-01-30|net demand for forecast|046783,20260130-0386-A672-Train-#1,2026-01-30
2026-02-06,21314875,A672,1,21314875|0386|A672|2026-01-30|net demand for forecast|046784,20260130-0386-A672-Train-#1,2026-01-30
2026-02-06,21314875,A672,1,21314875|0386|A672|2026-01-30|net demand for forecast|046785,20260130-0386-A672-Train-#1,2026-01-30
2026-02-06,21314875,A672,1,21314875|0386|A672|2026-01-30|net demand for forecast|046786,20260130-0386-A672-Train-#1,2026-01-30
2026-02-06,21314875,A672,1,21314875|0386|A672|2026-01-30|net demand for forecast|046787,20260130-0386-A672-Train-#1,2026-01-30
2026-02-06,21314875,A672,1,21314875|0386|A672|2026-01-30|net demand for forecast|046788,20260130-0386-A672-Train-#1,2026-01-30
2026-02-06,21314875,A672,1,21314875|0386|A672|2026-01-30|net demand for forecast|046789,20260130-0386-A672-Train-#1,2026-01-30
2026-02-06,21314875,A672,1,21314875|0386|A672|2026-01-30|net demand for forecast|046790,20260130-0386-A672-Train-#1,2026-01-30
2026-02-06,21138340,A672,338,21138340|0386|A672|2026-01-30|net demand for safety|046636,20260130-0386-A672-Train-#1,2026-01-30
2026-02-06,21314875,A672,39,21314875|0386|A672|2026-01-30|net demand for safety|046791,20260130-0386-A672-Train-#1,2026-01-30
2026-02-06,21179704,A672,2,21179704|0386|A672|2026-01-30|net demand for net demand for safety|046728,20260130-0386-A672-Train-#1,2026-01-30
2026-02-06,21315474,A672,1,21315474|0386|A672|2026-01-30|net demand for net demand for safety|046856,20260130-0386-A672-Train-#1,2026-01-30
2026-02-06,80807089,A672,41,80807089|0386|A672|2026-01-29|push replenishment|046066,20260130-0386-A672-Train-#1,2026-01-30
2026-02-06,80812110,A672,21,80812110|0386|A672|2026-01-29|push replenishment|046247,20260130-0386-A672-Train-#1,2026-01-30
2026-02-06,21138340,A672,711,21138340|0386|A672|2026-01-30|push replenishment|046637,20260130-0386-A672-Train-#1,2026-01-30
2026-02-06,21314875,A672,84,21314875|0386|A672|2026-01-30|push replenishment|046792,20260130-0386-A672-Train-#1,2026-01-30
2026-02-06,21352461,A672,480,21352461|0386|A672|2026-01-30|push replenishment|046881,20260130-0386-A672-Train-#1,2026-01-30
2026-02-06,80807092,A672,509,80807092|0386|A672|2026-01-30|push replenishment|047374,20260130-0386-A672-Train-#1,2026-01-30
2026-02-06,80804704,A680,6,80804704|C816|A680|2026-01-28|net demand for normal|044678,20260131-C816-A680-Train-#1,2026-01-31
2026-02-06,21139445,A680,2,21139445|C816|A680|2026-01-29|net demand for normal|045468,20260131-C816-A680-Train-#1,2026-01-31
2026-02-06,80804701,A680,1,80804701|C816|A680|2026-01-29|net demand for normal|045911,20260131-C816-A680-Train-#1,2026-01-31
2026-02-06,80804704,A680,11,80804704|C816|A680|2026-01-29|net demand for normal|045976,20260131-C816-A680-Train-#1,2026-01-31
2026-02-06,21139445,A680,3,21139445|C816|A680|2026-01-30|net demand for normal|046666,20260131-C816-A680-Train-#1,2026-01-31
2026-02-06,80804704,A680,5,80804704|C816|A680|2026-01-30|net demand for normal|047270,20260131-C816-A680-Train-#1,2026-01-31
2026-02-06,21447518,A680,2,21447518|C816|A680|2026-01-31|net demand for normal|048348,20260131-C816-A680-Train-#1,2026-01-31
2026-02-06,80804701,A680,1,80804701|C816|A680|2026-01-31|net demand for normal|048546,20260131-C816-A680-Train-#1,2026-01-31
2026-02-06,80804704,A680,5,80804704|C816|A680|2026-01-31|net demand for normal|048620,20260131-C816-A680-Train-#1,2026-01-31
2026-02-06,80807092,A680,1,80807092|C816|A680|2026-01-31|net demand for AO|048734,20260131-C816-A680-Train-#1,2026-01-31
2026-02-06,80807092,A680,1,80807092|C816|A680|2026-01-31|net demand for AO|048735,20260131-C816-A680-Train-#1,2026-01-31
2026-02-06,80807092,A680,1,80807092|C816|A680|2026-01-31|net demand for AO|048736,20260131-C816-A680-Train-#1,2026-01-31
2026-02-06,80807092,A680,2,80807092|C816|A680|2026-01-31|net demand for AO|048737,20260131-C816-A680-Train-#1,2026-01-31
2026-02-06,80807092,A680,2,80807092|C816|A680|2026-01-31|net demand for AO|048738,20260131-C816-A680-Train-#1,2026-01-31
2026-02-06,80807092,A680,2,80807092|C816|A680|2026-01-31|net demand for AO|048739,20260131-C816-A680-Train-#1,2026-01-31
2026-02-06,80868102,A680,1,80868102|C816|A680|2026-01-31|net demand for AO|049248,20260131-C816-A680-Train-#1,2026-01-31
2026-02-06,80868102,A680,1,80868102|C816|A680|2026-01-31|net demand for AO|049249,20260131-C816-A680-Train-#1,2026-01-31
2026-02-06,80868102,A680,1,80868102|C816|A680|2026-01-31|net demand for AO|049250,20260131-C816-A680-Train-#1,2026-01-31
2026-02-06,21139445,A680,2,21139445|C816|A680|2026-01-28|net demand for forecast|044302,20260131-C816-A680-Train-#1,2026-01-31
2026-02-06,21139445,A680,2,21139445|C816|A680|2026-01-28|net demand for forecast|044303,20260131-C816-A680-Train-#1,2026-01-31
2026-02-06,21139445,A680,2,21139445|C816|A680|2026-01-28|net demand for forecast|044304,20260131-C816-A680-Train-#1,2026-01-31
2026-02-06,21139445,A680,2,21139445|C816|A680|2026-01-28|net demand for forecast|044305,20260131-C816-A680-Train-#1,2026-01-31
2026-02-06,21139445,A680,3,21139445|C816|A680|2026-01-28|net demand for forecast|044307,20260131-C816-A680-Train-#1,2026-01-31
2026-02-06,21139445,A680,3,21139445|C816|A680|2026-01-28|net demand for forecast|044308,20260131-C816-A680-Train-#1,2026-01-31
2026-02-06,21419500,A680,1,21419500|C816|A680|2026-01-28|net demand for forecast|044463,20260131-C816-A680-Train-#1,2026-01-31
2026-02-06,21419500,A680,1,21419500|C816|A680|2026-01-28|net demand for forecast|044464,20260131-C816-A680-Train-#1,2026-01-31
2026-02-06,21419500,A680,1,21419500|C816|A680|2026-01-28|net demand for forecast|044466,20260131-C816-A680-Train-#1,2026-01-31
2026-02-06,21419500,A680,1,21419500|C816|A680|2026-01-28|net demand for forecast|044467,20260131-C816-A680-Train-#1,2026-01-31
2026-02-06,21419500,A680,1,21419500|C816|A680|2026-01-28|net demand for forecast|044468,20260131-C816-A680-Train-#1,2026-01-31
2026-02-06,21419500,A680,1,21419500|C816|A680|2026-01-28|net demand for forecast|044469,20260131-C816-A680-Train-#1,2026-01-31
2026-02-06,21442422,A680,3,21442422|C816|A680|2026-01-28|net demand for forecast|044475,20260131-C816-A680-Train-#1,2026-01-31
2026-02-06,21442422,A680,3,21442422|C816|A680|2026-01-28|net demand for forecast|044477,20260131-C816-A680-Train-#1,2026-01-31
2026-02-06,21442422,A680,3,21442422|C816|A680|2026-01-28|net demand for forecast|044478,20260131-C816-A680-Train-#1,2026-01-31
2026-02-06,21442422,A680,4,21442422|C816|A680|2026-01-28|net demand for forecast|044479,20260131-C816-A680-Train-#1,2026-01-31
2026-02-06,21442422,A680,4,21442422|C816|A680|2026-01-28|net demand for forecast|044480,20260131-C816-A680-Train-#1,2026-01-31
2026-02-06,21442422,A680,4,21442422|C816|A680|2026-01-28|net demand for forecast|044481,20260131-C816-A680-Train-#1,2026-01-31
2026-02-06,21442896,A680,1,21442896|C816|A680|2026-01-28|net demand for forecast|044489,20260131-C816-A680-Train-#1,2026-01-31
2026-02-06,21442896,A680,1,21442896|C816|A680|2026-01-28|net demand for forecast|044491,20260131-C816-A680-Train-#1,2026-01-31
2026-02-06,21442896,A680,1,21442896|C816|A680|2026-01-28|net demand for forecast|044492,20260131-C816-A680-Train-#1,2026-01-31
2026-02-06,21442896,A680,1,21442896|C816|A680|2026-01-28|net demand for forecast|044495,20260131-C816-A680-Train-#1,2026-01-31
2026-02-06,21442897,A680,3,21442897|C816|A680|2026-01-28|net demand for forecast|044505,20260131-C816-A680-Train-#1,2026-01-31
2026-02-06,21442897,A680,4,21442897|C816|A680|2026-01-28|net demand for forecast|044506,20260131-C816-A680-Train-#1,2026-01-31
2026-02-06,21442897,A680,4,21442897|C816|A680|2026-01-28|net demand for forecast|044507,20260131-C816-A680-Train-#1,2026-01-31
2026-02-06,21442897,A680,4,21442897|C816|A680|2026-01-28|net demand for forecast|044508,20260131-C816-A680-Train-#1,2026-01-31
2026-02-06,21442897,A680,4,21442897|C816|A680|2026-01-28|net demand for forecast|044509,20260131-C816-A680-Train-#1,2026-01-31
2026-02-06,21442897,A680,4,21442897|C816|A680|2026-01-28|net demand for forecast|044510,20260131-C816-A680-Train-#1,2026-01-31
2026-02-06,21442897,A680,4,21442897|C816|A680|2026-01-28|net demand for forecast|044511,20260131-C816-A680-Train-#1,2026-01-31
2026-02-06,80804701,A680,1,80804701|C816|A680|2026-01-28|net demand for forecast|044628,20260131-C816-A680-Train-#1,2026-01-31
2026-02-06,80804701,A680,1,80804701|C816|A680|2026-01-28|net demand for forecast|044629,20260131-C816-A680-Train-#1,2026-01-31
2026-02-06,80804701,A680,1,80804701|C816|A680|2026-01-28|net demand for forecast|044630,20260131-C816-A680-Train-#1,2026-01-31
2026-02-06,80804701,A680,1,80804701|C816|A680|2026-01-28|net demand for forecast|044631,20260131-C816-A680-Train-#1,2026-01-31
2026-02-06,80804701,A680,1,80804701|C816|A680|2026-01-28|net demand for forecast|044632,20260131-C816-A680-Train-#1,2026-01-31
2026-02-06,80804701,A680,1,80804701|C816|A680|2026-01-28|net demand for forecast|044633,20260131-C816-A680-Train-#1,2026-01-31
2026-02-06,80804701,A680,1,80804701|C816|A680|2026-01-28|net demand for forecast|044634,20260131-C816-A680-Train-#1,2026-01-31
2026-02-06,80804703,A680,1,80804703|C816|A680|2026-01-28|net demand for forecast|044657,20260131-C816-A680-Train-#1,2026-01-31
2026-02-06,80804703,A680,1,80804703|C816|A680|2026-01-28|net demand for forecast|044658,20260131-C816-A680-Train-#1,2026-01-31
2026-02-06,80804703,A680,1,80804703|C816|A680|2026-01-28|net demand for forecast|044659,20260131-C816-A680-Train-#1,2026-01-31
2026-02-06,80804703,A680,1,80804703|C816|A680|2026-01-28|net demand for forecast|044660,20260131-C816-A680-Train-#1,2026-01-31
2026-02-06,80804703,A680,2,80804703|C816|A680|2026-01-28|net demand for forecast|044661,20260131-C816-A680-Train-#1,2026-01-31
2026-02-06,80804703,A680,2,80804703|C816|A680|2026-01-28|net demand for forecast|044662,20260131-C816-A680-Train-#1,2026-01-31
2026-02-06,80804703,A680,2,80804703|C816|A680|2026-01-28|net demand for forecast|044663,20260131-C816-A680-Train-#1,2026-01-31
2026-02-06,80804705,A680,2,80804705|C816|A680|2026-01-28|net demand for forecast|044696,20260131-C816-A680-Train-#1,2026-01-31
2026-02-06,80804705,A680,2,80804705|C816|A680|2026-01-28|net demand for forecast|044697,20260131-C816-A680-Train-#1,2026-01-31
2026-02-06,80804705,A680,2,80804705|C816|A680|2026-01-28|net demand for forecast|044698,20260131-C816-A680-Train-#1,2026-01-31
2026-02-06,80804705,A680,2,80804705|C816|A680|2026-01-28|net demand for forecast|044699,20260131-C816-A680-Train-#1,2026-01-31
2026-02-06,80804705,A680,3,80804705|C816|A680|2026-01-28|net demand for forecast|044700,20260131-C816-A680-Train-#1,2026-01-31
2026-02-06,80804705,A680,3,80804705|C816|A680|2026-01-28|net demand for forecast|044701,20260131-C816-A680-Train-#1,2026-01-31
2026-02-06,80804706,A680,2,80804706|C816|A680|2026-01-28|net demand for forecast|044717,20260131-C816-A680-Train-#1,2026-01-31
2026-02-06,80804706,A680,2,80804706|C816|A680|2026-01-28|net demand for forecast|044718,20260131-C816-A680-Train-#1,2026-01-31
2026-02-06,80804706,A680,2,80804706|C816|A680|2026-01-28|net demand for forecast|044719,20260131-C816-A680-Train-#1,2026-01-31
2026-02-06,80804706,A680,2,80804706|C816|A680|2026-01-28|net demand for forecast|044722,20260131-C816-A680-Train-#1,2026-01-31
2026-02-06,80804706,A680,2,80804706|C816|A680|2026-01-28|net demand for forecast|044723,20260131-C816-A680-Train-#1,2026-01-31
2026-02-06,80848021,A680,1,80848021|C816|A680|2026-01-28|net demand for forecast|044957,20260131-C816-A680-Train-#1,2026-01-31
2026-02-06,80848021,A680,1,80848021|C816|A680|2026-01-28|net demand for forecast|044958,20260131-C816-A680-Train-#1,2026-01-31
2026-02-06,80848021,A680,1,80848021|C816|A680|2026-01-28|net demand for forecast|044959,20260131-C816-A680-Train-#1,2026-01-31
2026-02-06,80868102,A680,1,80868102|C816|A680|2026-01-28|net demand for forecast|045107,20260131-C816-A680-Train-#1,2026-01-31
2026-02-06,80868102,A680,1,80868102|C816|A680|2026-01-28|net demand for forecast|045109,20260131-C816-A680-Train-#1,2026-01-31
2026-02-06,80868102,A680,1,80868102|C816|A680|2026-01-28|net demand for forecast|045110,20260131-C816-A680-Train-#1,2026-01-31
2026-02-06,80868102,A680,1,80868102|C816|A680|2026-01-28|net demand for forecast|045111,20260131-C816-A680-Train-#1,2026-01-31
2026-02-06,21139445,A680,2,21139445|C816|A680|2026-01-29|net demand for forecast|045461,20260131-C816-A680-Train-#1,2026-01-31
2026-02-06,21139445,A680,2,21139445|C816|A680|2026-01-29|net demand for forecast|045462,20260131-C816-A680-Train-#1,2026-01-31
2026-02-06,21139445,A680,2,21139445|C816|A680|2026-01-29|net demand for forecast|045463,20260131-C816-A680-Train-#1,2026-01-31
2026-02-06,21139445,A680,2,21139445|C816|A680|2026-01-29|net demand for forecast|045464,20260131-C816-A680-Train-#1,2026-01-31
2026-02-06,21139445,A680,2,21139445|C816|A680|2026-01-29|net demand for forecast|045465,20260131-C816-A680-Train-#1,2026-01-31
2026-02-06,21139445,A680,2,21139445|C816|A680|2026-01-29|net demand for forecast|045466,20260131-C816-A680-Train-#1,2026-01-31
2026-02-06,21139445,A680,2,21139445|C816|A680|2026-01-29|net demand for forecast|045467,20260131-C816-A680-Train-#1,2026-01-31
2026-02-06,21419500,A680,1,21419500|C816|A680|2026-01-29|net demand for forecast|045703,20260131-C816-A680-Train-#1,2026-01-31
2026-02-06,21419500,A680,1,21419500|C816|A680|2026-01-29|net demand for forecast|045704,20260131-C816-A680-Train-#1,2026-01-31
2026-02-06,21419500,A680,1,21419500|C816|A680|2026-01-29|net demand for forecast|045705,20260131-C816-A680-Train-#1,2026-01-31
2026-02-06,21419500,A680,1,21419500|C816|A680|2026-01-29|net demand for forecast|045706,20260131-C816-A680-Train-#1,2026-01-31
2026-02-06,21419500,A680,2,21419500|C816|A680|2026-01-29|net demand for forecast|045708,20260131-C816-A680-Train-#1,2026-01-31
2026-02-06,21442422,A680,6,21442422|C816|A680|2026-01-29|net demand for forecast|045729,20260131-C816-A680-Train-#1,2026-01-31
2026-02-06,21442422,A680,6,21442422|C816|A680|2026-01-29|net demand for forecast|045730,20260131-C816-A680-Train-#1,2026-01-31
2026-02-06,21442422,A680,8,21442422|C816|A680|2026-01-29|net demand for forecast|045731,20260131-C816-A680-Train-#1,2026-01-31
2026-02-06,21442422,A680,8,21442422|C816|A680|2026-01-29|net demand for forecast|045733,20260131-C816-A680-Train-#1,2026-01-31
2026-02-06,21442422,A680,8,21442422|C816|A680|2026-01-29|net demand for forecast|045734,20260131-C816-A680-Train-#1,2026-01-31
2026-02-06,21442896,A680,1,21442896|C816|A680|2026-01-29|net demand for forecast|045743,20260131-C816-A680-Train-#1,2026-01-31
2026-02-06,21442896,A680,1,21442896|C816|A680|2026-01-29|net demand for forecast|045744,20260131-C816-A680-Train-#1,2026-01-31
2026-02-06,21442896,A680,1,21442896|C816|A680|2026-01-29|net demand for forecast|045745,20260131-C816-A680-Train-#1,2026-01-31
2026-02-06,21442896,A680,1,21442896|C816|A680|2026-01-29|net demand for forecast|045746,20260131-C816-A680-Train-#1,2026-01-31
2026-02-06,21442896,A680,1,21442896|C816|A680|2026-01-29|net demand for forecast|045747,20260131-C816-A680-Train-#1,2026-01-31
2026-02-06,21442896,A680,1,21442896|C816|A680|2026-01-29|net demand for forecast|045748,20260131-C816-A680-Train-#1,2026-01-31
2026-02-06,21442897,A680,4,21442897|C816|A680|2026-01-29|net demand for forecast|045759,20260131-C816-A680-Train-#1,2026-01-31
2026-02-06,21442897,A680,4,21442897|C816|A680|2026-01-29|net demand for forecast|045760,20260131-C816-A680-Train-#1,2026-01-31
2026-02-06,21442897,A680,5,21442897|C816|A680|2026-01-29|net demand for forecast|045762,20260131-C816-A680-Train-#1,2026-01-31
2026-02-06,21442897,A680,5,21442897|C816|A680|2026-01-29|net demand for forecast|045763,20260131-C816-A680-Train-#1,2026-01-31
2026-02-06,21442897,A680,5,21442897|C816|A680|2026-01-29|net demand for forecast|045764,20260131-C816-A680-Train-#1,2026-01-31
2026-02-06,80804701,A680,1,80804701|C816|A680|2026-01-29|net demand for forecast|045904,20260131-C816-A680-Train-#1,2026-01-31
2026-02-06,80804701,A680,1,80804701|C816|A680|2026-01-29|net demand for forecast|045905,20260131-C816-A680-Train-#1,2026-01-31
2026-02-06,80804701,A680,1,80804701|C816|A680|2026-01-29|net demand for forecast|045906,20260131-C816-A680-Train-#1,2026-01-31
2026-02-06,80804701,A680,1,80804701|C816|A680|2026-01-29|net demand for forecast|045907,20260131-C816-A680-Train-#1,2026-01-31
2026-02-06,80804701,A680,1,80804701|C816|A680|2026-01-29|net demand for forecast|045908,20260131-C816-A680-Train-#1,2026-01-31
2026-02-06,80804701,A680,1,80804701|C816|A680|2026-01-29|net demand for forecast|045909,20260131-C816-A680-Train-#1,2026-01-31
2026-02-06,80804703,A680,1,80804703|C816|A680|2026-01-29|net demand for forecast|045937,20260131-C816-A680-Train-#1,2026-01-31
2026-02-06,80804703,A680,2,80804703|C816|A680|2026-01-29|net demand for forecast|045938,20260131-C816-A680-Train-#1,2026-01-31
2026-02-06,80804703,A680,2,80804703|C816|A680|2026-01-29|net demand for forecast|045939,20260131-C816-A680-Train-#1,2026-01-31
2026-02-06,80804703,A680,2,80804703|C816|A680|2026-01-29|net demand for forecast|045940,20260131-C816-A680-Train-#1,2026-01-31
2026-02-06,80804703,A680,2,80804703|C816|A680|2026-01-29|net demand for forecast|045941,20260131-C816-A680-Train-#1,2026-01-31
2026-02-06,80804703,A680,2,80804703|C816|A680|2026-01-29|net demand for forecast|045942,20260131-C816-A680-Train-#1,2026-01-31
2026-02-06,80804705,A680,4,80804705|C816|A680|2026-01-29|net demand for forecast|046003,20260131-C816-A680-Train-#1,2026-01-31
2026-02-06,80804705,A680,5,80804705|C816|A680|2026-01-29|net demand for forecast|046005,20260131-C816-A680-Train-#1,2026-01-31
2026-02-06,80804705,A680,5,80804705|C816|A680|2026-01-29|net demand for forecast|046006,20260131-C816-A680-Train-#1,2026-01-31
2026-02-06,80804705,A680,5,80804705|C816|A680|2026-01-29|net demand for forecast|046007,20260131-C816-A680-Train-#1,2026-01-31
2026-02-06,80804706,A680,3,80804706|C816|A680|2026-01-29|net demand for forecast|046014,20260131-C816-A680-Train-#1,2026-01-31
2026-02-06,80804706,A680,3,80804706|C816|A680|2026-01-29|net demand for forecast|046015,20260131-C816-A680-Train-#1,2026-01-31
2026-02-06,80804706,A680,3,80804706|C816|A680|2026-01-29|net demand for forecast|046016,20260131-C816-A680-Train-#1,2026-01-31
2026-02-06,80804706,A680,3,80804706|C816|A680|2026-01-29|net demand for forecast|046017,20260131-C816-A680-Train-#1,2026-01-31
2026-02-06,80804706,A680,3,80804706|C816|A680|2026-01-29|net demand for forecast|046018,20260131-C816-A680-Train-#1,2026-01-31
2026-02-06,80804706,A680,3,80804706|C816|A680|2026-01-29|net demand for forecast|046020,20260131-C816-A680-Train-#1,2026-01-31
2026-02-06,80868102,A680,1,80868102|C816|A680|2026-01-29|net demand for forecast|046480,20260131-C816-A680-Train-#1,2026-01-31
2026-02-06,80868102,A680,1,80868102|C816|A680|2026-01-29|net demand for forecast|046481,20260131-C816-A680-Train-#1,2026-01-31
2026-02-06,80868102,A680,1,80868102|C816|A680|2026-01-29|net demand for forecast|046483,20260131-C816-A680-Train-#1,2026-01-31
2026-02-06,80868102,A680,1,80868102|C816|A680|2026-01-29|net demand for forecast|046484,20260131-C816-A680-Train-#1,2026-01-31
2026-02-06,80868102,A680,1,80868102|C816|A680|2026-01-29|net demand for forecast|046485,20260131-C816-A680-Train-#1,2026-01-31
2026-02-06,21139445,A680,2,21139445|C816|A680|2026-01-30|net demand for forecast|046659,20260131-C816-A680-Train-#1,2026-01-31
2026-02-06,21139445,A680,2,21139445|C816|A680|2026-01-30|net demand for forecast|046660,20260131-C816-A680-Train-#1,2026-01-31
2026-02-06,21139445,A680,2,21139445|C816|A680|2026-01-30|net demand for forecast|046661,20260131-C816-A680-Train-#1,2026-01-31
2026-02-06,21139445,A680,2,21139445|C816|A680|2026-01-30|net demand for forecast|046662,20260131-C816-A680-Train-#1,2026-01-31
2026-02-06,21139445,A680,2,21139445|C816|A680|2026-01-30|net demand for forecast|046663,20260131-C816-A680-Train-#1,2026-01-31
2026-02-06,21307836,A680,1,21307836|C816|A680|2026-01-30|net demand for forecast|046750,20260131-C816-A680-Train-#1,2026-01-31
2026-02-06,21307836,A680,1,21307836|C816|A680|2026-01-30|net demand for forecast|046751,20260131-C816-A680-Train-#1,2026-01-31
2026-02-06,21307836,A680,1,21307836|C816|A680|2026-01-30|net demand for forecast|046753,20260131-C816-A680-Train-#1,2026-01-31
2026-02-06,21307836,A680,1,21307836|C816|A680|2026-01-30|net demand for forecast|046754,20260131-C816-A680-Train-#1,2026-01-31
2026-02-06,21307836,A680,1,21307836|C816|A680|2026-01-30|net demand for forecast|046755,20260131-C816-A680-Train-#1,2026-01-31
2026-02-06,21307836,A680,1,21307836|C816|A680|2026-01-30|net demand for forecast|046756,20260131-C816-A680-Train-#1,2026-01-31
2026-02-06,21419500,A680,2,21419500|C816|A680|2026-01-30|net demand for forecast|046928,20260131-C816-A680-Train-#1,2026-01-31
2026-02-06,21419500,A680,2,21419500|C816|A680|2026-01-30|net demand for forecast|046929,20260131-C816-A680-Train-#1,2026-01-31
2026-02-06,21419500,A680,2,21419500|C816|A680|2026-01-30|net demand for forecast|046930,20260131-C816-A680-Train-#1,2026-01-31
2026-02-06,21419500,A680,2,21419500|C816|A680|2026-01-30|net demand for forecast|046931,20260131-C816-A680-Train-#1,2026-01-31
2026-02-06,21419500,A680,2,21419500|C816|A680|2026-01-30|net demand for forecast|046932,20260131-C816-A680-Train-#1,2026-01-31
2026-02-06,21419500,A680,2,21419500|C816|A680|2026-01-30|net demand for forecast|046933,20260131-C816-A680-Train-#1,2026-01-31
2026-02-06,21442422,A680,5,21442422|C816|A680|2026-01-30|net demand for forecast|046939,20260131-C816-A680-Train-#1,2026-01-31
2026-02-06,21442422,A680,5,21442422|C816|A680|2026-01-30|net demand for forecast|046940,20260131-C816-A680-Train-#1,2026-01-31
2026-02-06,21442422,A680,7,21442422|C816|A680|2026-01-30|net demand for forecast|046941,20260131-C816-A680-Train-#1,2026-01-31
2026-02-06,21442422,A680,7,21442422|C816|A680|2026-01-30|net demand for forecast|046942,20260131-C816-A680-Train-#1,2026-01-31
2026-02-06,21442422,A680,7,21442422|C816|A680|2026-01-30|net demand for forecast|046943,20260131-C816-A680-Train-#1,2026-01-31
2026-02-06,21442422,A680,7,21442422|C816|A680|2026-01-30|net demand for forecast|046944,20260131-C816-A680-Train-#1,2026-01-31
2026-02-06,21442422,A680,7,21442422|C816|A680|2026-01-30|net demand for forecast|046945,20260131-C816-A680-Train-#1,2026-01-31
2026-02-06,21442896,A680,1,21442896|C816|A680|2026-01-30|net demand for forecast|046971,20260131-C816-A680-Train-#1,2026-01-31
2026-02-06,21442896,A680,1,21442896|C816|A680|2026-01-30|net demand for forecast|046972,20260131-C816-A680-Train-#1,2026-01-31
2026-02-06,21442896,A680,1,21442896|C816|A680|2026-01-30|net demand for forecast|046973,20260131-C816-A680-Train-#1,2026-01-31
2026-02-06,21442896,A680,1,21442896|C816|A680|2026-01-30|net demand for forecast|046974,20260131-C816-A680-Train-#1,2026-01-31
2026-02-06,21442896,A680,1,21442896|C816|A680|2026-01-30|net demand for forecast|046975,20260131-C816-A680-Train-#1,2026-01-31
2026-02-06,21442896,A680,1,21442896|C816|A680|2026-01-30|net demand for forecast|046976,20260131-C816-A680-Train-#1,2026-01-31
2026-02-06,21442896,A680,1,21442896|C816|A680|2026-01-30|net demand for forecast|046977,20260131-C816-A680-Train-#1,2026-01-31
2026-02-06,21442897,A680,3,21442897|C816|A680|2026-01-30|net demand for forecast|046987,20260131-C816-A680-Train-#1,2026-01-31
2026-02-06,21442897,A680,4,21442897|C816|A680|2026-01-30|net demand for forecast|046988,20260131-C816-A680-Train-#1,2026-01-31
2026-02-06,21442897,A680,4,21442897|C816|A680|2026-01-30|net demand for forecast|046989,20260131-C816-A680-Train-#1,2026-01-31
2026-02-06,21442897,A680,4,21442897|C816|A680|2026-01-30|net demand for forecast|046990,20260131-C816-A680-Train-#1,2026-01-31
2026-02-06,21442897,A680,4,21442897|C816|A680|2026-01-30|net demand for forecast|046991,20260131-C816-A680-Train-#1,2026-01-31
2026-02-06,21442897,A680,4,21442897|C816|A680|2026-01-30|net demand for forecast|046992,20260131-C816-A680-Train-#1,2026-01-31
2026-02-06,21442897,A680,4,21442897|C816|A680|2026-01-30|net demand for forecast|046993,20260131-C816-A680-Train-#1,2026-01-31
2026-02-06,80804703,A680,1,80804703|C816|A680|2026-01-30|net demand for forecast|047186,20260131-C816-A680-Train-#1,2026-01-31
2026-02-06,80804703,A680,1,80804703|C816|A680|2026-01-30|net demand for forecast|047187,20260131-C816-A680-Train-#1,2026-01-31
2026-02-06,80804703,A680,1,80804703|C816|A680|2026-01-30|net demand for forecast|047188,20260131-C816-A680-Train-#1,2026-01-31
2026-02-06,80804703,A680,2,80804703|C816|A680|2026-01-30|net demand for forecast|047189,20260131-C816-A680-Train-#1,2026-01-31
2026-02-06,80804703,A680,2,80804703|C816|A680|2026-01-30|net demand for forecast|047190,20260131-C816-A680-Train-#1,2026-01-31
2026-02-06,80804703,A680,2,80804703|C816|A680|2026-01-30|net demand for forecast|047191,20260131-C816-A680-Train-#1,2026-01-31
2026-02-06,80804704,A680,2,80804704|C816|A680|2026-01-30|net demand for forecast|047264,20260131-C816-A680-Train-#1,2026-01-31
2026-02-06,80804704,A680,3,80804704|C816|A680|2026-01-30|net demand for forecast|047266,20260131-C816-A680-Train-#1,2026-01-31
2026-02-06,80804704,A680,3,80804704|C816|A680|2026-01-30|net demand for forecast|047267,20260131-C816-A680-Train-#1,2026-01-31
2026-02-06,80804704,A680,3,80804704|C816|A680|2026-01-30|net demand for forecast|047268,20260131-C816-A680-Train-#1,2026-01-31
2026-02-06,80804705,A680,5,80804705|C816|A680|2026-01-30|net demand for forecast|047297,20260131-C816-A680-Train-#1,2026-01-31
2026-02-06,80804705,A680,5,80804705|C816|A680|2026-01-30|net demand for forecast|047298,20260131-C816-A680-Train-#1,2026-01-31
2026-02-06,80804705,A680,6,80804705|C816|A680|2026-01-30|net demand for forecast|047299,20260131-C816-A680-Train-#1,2026-01-31
2026-02-06,80804705,A680,6,80804705|C816|A680|2026-01-30|net demand for forecast|047300,20260131-C816-A680-Train-#1,2026-01-31
2026-02-06,80804705,A680,6,80804705|C816|A680|2026-01-30|net demand for forecast|047301,20260131-C816-A680-Train-#1,2026-01-31
2026-02-06,80804705,A680,6,80804705|C816|A680|2026-01-30|net demand for forecast|047302,20260131-C816-A680-Train-#1,2026-01-31
2026-02-06,80804705,A680,6,80804705|C816|A680|2026-01-30|net demand for forecast|047303,20260131-C816-A680-Train-#1,2026-01-31
2026-02-06,80804706,A680,1,80804706|C816|A680|2026-01-30|net demand for forecast|047312,20260131-C816-A680-Train-#1,2026-01-31
2026-02-06,80804706,A680,1,80804706|C816|A680|2026-01-30|net demand for forecast|047313,20260131-C816-A680-Train-#1,2026-01-31
2026-02-06,80804706,A680,1,80804706|C816|A680|2026-01-30|net demand for forecast|047314,20260131-C816-A680-Train-#1,2026-01-31
2026-02-06,80804706,A680,2,80804706|C816|A680|2026-01-30|net demand for forecast|047315,20260131-C816-A680-Train-#1,2026-01-31
2026-02-06,80804706,A680,2,80804706|C816|A680|2026-01-30|net demand for forecast|047316,20260131-C816-A680-Train-#1,2026-01-31
2026-02-06,80804706,A680,2,80804706|C816|A680|2026-01-30|net demand for forecast|047317,20260131-C816-A680-Train-#1,2026-01-31
2026-02-06,80804706,A680,2,80804706|C816|A680|2026-01-30|net demand for forecast|047318,20260131-C816-A680-Train-#1,2026-01-31
2026-02-06,80807089,A680,2,80807089|C816|A680|2026-01-30|net demand for forecast|047354,20260131-C816-A680-Train-#1,2026-01-31
2026-02-06,80807089,A680,4,80807089|C816|A680|2026-01-30|net demand for forecast|047355,20260131-C816-A680-Train-#1,2026-01-31
2026-02-06,80807089,A680,4,80807089|C816|A680|2026-01-30|net demand for forecast|047356,20260131-C816-A680-Train-#1,2026-01-31
2026-02-06,80807089,A680,4,80807089|C816|A680|2026-01-30|net demand for forecast|047357,20260131-C816-A680-Train-#1,2026-01-31
2026-02-06,80807089,A680,4,80807089|C816|A680|2026-01-30|net demand for forecast|047358,20260131-C816-A680-Train-#1,2026-01-31
2026-02-06,80807089,A680,4,80807089|C816|A680|2026-01-30|net demand for forecast|047359,20260131-C816-A680-Train-#1,2026-01-31
2026-02-06,80807089,A680,4,80807089|C816|A680|2026-01-30|net demand for forecast|047360,20260131-C816-A680-Train-#1,2026-01-31
2026-02-06,80848021,A680,1,80848021|C816|A680|2026-01-30|net demand for forecast|047692,20260131-C816-A680-Train-#1,2026-01-31
2026-02-06,80848021,A680,1,80848021|C816|A680|2026-01-30|net demand for forecast|047693,20260131-C816-A680-Train-#1,2026-01-31
2026-02-06,80848021,A680,1,80848021|C816|A680|2026-01-30|net demand for forecast|047694,20260131-C816-A680-Train-#1,2026-01-31
2026-02-06,80868101,A680,1,80868101|C816|A680|2026-01-30|net demand for forecast|047794,20260131-C816-A680-Train-#1,2026-01-31
2026-02-06,80868101,A680,1,80868101|C816|A680|2026-01-30|net demand for forecast|047795,20260131-C816-A680-Train-#1,2026-01-31
2026-02-06,80868101,A680,1,80868101|C816|A680|2026-01-30|net demand for forecast|047796,20260131-C816-A680-Train-#1,2026-01-31
2026-02-06,80868101,A680,1,80868101|C816|A680|2026-01-30|net demand for forecast|047797,20260131-C816-A680-Train-#1,2026-01-31
2026-02-06,80868101,A680,1,80868101|C816|A680|2026-01-30|net demand for forecast|047798,20260131-C816-A680-Train-#1,2026-01-31
2026-02-06,80885920,A680,1,80885920|C816|A680|2026-01-30|net demand for forecast|047820,20260131-C816-A680-Train-#1,2026-01-31
2026-02-06,80885920,A680,1,80885920|C816|A680|2026-01-30|net demand for forecast|047821,20260131-C816-A680-Train-#1,2026-01-31
2026-02-06,80885920,A680,2,80885920|C816|A680|2026-01-30|net demand for forecast|047822,20260131-C816-A680-Train-#1,2026-01-31
2026-02-06,80885920,A680,2,80885920|C816|A680|2026-01-30|net demand for forecast|047823,20260131-C816-A680-Train-#1,2026-01-31
2026-02-06,80885920,A680,2,80885920|C816|A680|2026-01-30|net demand for forecast|047825,20260131-C816-A680-Train-#1,2026-01-31
2026-02-06,80885920,A680,2,80885920|C816|A680|2026-01-30|net demand for forecast|047826,20260131-C816-A680-Train-#1,2026-01-31
2026-02-06,21307836,A680,1,21307836|C816|A680|2026-01-31|net demand for forecast|048067,20260131-C816-A680-Train-#1,2026-01-31
2026-02-06,21307836,A680,1,21307836|C816|A680|2026-01-31|net demand for forecast|048068,20260131-C816-A680-Train-#1,2026-01-31
2026-02-06,21307836,A680,1,21307836|C816|A680|2026-01-31|net demand for forecast|048069,20260131-C816-A680-Train-#1,2026-01-31
2026-02-06,21307836,A680,1,21307836|C816|A680|2026-01-31|net demand for forecast|048070,20260131-C816-A680-Train-#1,2026-01-31
2026-02-06,21307836,A680,1,21307836|C816|A680|2026-01-31|net demand for forecast|048071,20260131-C816-A680-Train-#1,2026-01-31
2026-02-06,21307836,A680,1,21307836|C816|A680|2026-01-31|net demand for forecast|048072,20260131-C816-A680-Train-#1,2026-01-31
2026-02-06,21307836,A680,1,21307836|C816|A680|2026-01-31|net demand for forecast|048073,20260131-C816-A680-Train-#1,2026-01-31
2026-02-06,21419485,A680,2,21419485|C816|A680|2026-01-31|net demand for forecast|048241,20260131-C816-A680-Train-#1,2026-01-31
2026-02-06,21419485,A680,3,21419485|C816|A680|2026-01-31|net demand for forecast|048242,20260131-C816-A680-Train-#1,2026-01-31
2026-02-06,21419485,A680,3,21419485|C816|A680|2026-01-31|net demand for forecast|048243,20260131-C816-A680-Train-#1,2026-01-31
2026-02-06,21419485,A680,3,21419485|C816|A680|2026-01-31|net demand for forecast|048244,20260131-C816-A680-Train-#1,2026-01-31
2026-02-06,21419485,A680,3,21419485|C816|A680|2026-01-31|net demand for forecast|048245,20260131-C816-A680-Train-#1,2026-01-31
2026-02-06,21419485,A680,3,21419485|C816|A680|2026-01-31|net demand for forecast|048246,20260131-C816-A680-Train-#1,2026-01-31
2026-02-06,21419485,A680,3,21419485|C816|A680|2026-01-31|net demand for forecast|048247,20260131-C816-A680-Train-#1,2026-01-31
2026-02-06,21419500,A680,1,21419500|C816|A680|2026-01-31|net demand for forecast|048257,20260131-C816-A680-Train-#1,2026-01-31
2026-02-06,21419500,A680,2,21419500|C816|A680|2026-01-31|net demand for forecast|048258,20260131-C816-A680-Train-#1,2026-01-31
2026-02-06,21419500,A680,2,21419500|C816|A680|2026-01-31|net demand for forecast|048259,20260131-C816-A680-Train-#1,2026-01-31
2026-02-06,21419500,A680,2,21419500|C816|A680|2026-01-31|net demand for forecast|048260,20260131-C816-A680-Train-#1,2026-01-31
2026-02-06,21419500,A680,2,21419500|C816|A680|2026-01-31|net demand for forecast|048261,20260131-C816-A680-Train-#1,2026-01-31
2026-02-06,21419500,A680,2,21419500|C816|A680|2026-01-31|net demand for forecast|048262,20260131-C816-A680-Train-#1,2026-01-31
2026-02-06,21419500,A680,2,21419500|C816|A680|2026-01-31|net demand for forecast|048263,20260131-C816-A680-Train-#1,2026-01-31
2026-02-06,21428668,A680,2,21428668|C816|A680|2026-01-31|net demand for forecast|048266,20260131-C816-A680-Train-#1,2026-01-31
2026-02-06,21428668,A680,2,21428668|C816|A680|2026-01-31|net demand for forecast|048267,20260131-C816-A680-Train-#1,2026-01-31
2026-02-06,21428668,A680,2,21428668|C816|A680|2026-01-31|net demand for forecast|048268,20260131-C816-A680-Train-#1,2026-01-31
2026-02-06,21428668,A680,2,21428668|C816|A680|2026-01-31|net demand for forecast|048269,20260131-C816-A680-Train-#1,2026-01-31
2026-02-06,21428668,A680,2,21428668|C816|A680|2026-01-31|net demand for forecast|048270,20260131-C816-A680-Train-#1,2026-01-31
2026-02-06,21428668,A680,2,21428668|C816|A680|2026-01-31|net demand for forecast|048271,20260131-C816-A680-Train-#1,2026-01-31
2026-02-06,21428668,A680,2,21428668|C816|A680|2026-01-31|net demand for forecast|048272,20260131-C816-A680-Train-#1,2026-01-31
2026-02-06,21442422,A680,5,21442422|C816|A680|2026-01-31|net demand for forecast|048275,20260131-C816-A680-Train-#1,2026-01-31
2026-02-06,21442422,A680,6,21442422|C816|A680|2026-01-31|net demand for forecast|048276,20260131-C816-A680-Train-#1,2026-01-31
2026-02-06,21442422,A680,7,21442422|C816|A680|2026-01-31|net demand for forecast|048277,20260131-C816-A680-Train-#1,2026-01-31
2026-02-06,21442422,A680,7,21442422|C816|A680|2026-01-31|net demand for forecast|048278,20260131-C816-A680-Train-#1,2026-01-31
2026-02-06,21442422,A680,7,21442422|C816|A680|2026-01-31|net demand for forecast|048279,20260131-C816-A680-Train-#1,2026-01-31
2026-02-06,21442422,A680,7,21442422|C816|A680|2026-01-31|net demand for forecast|048280,20260131-C816-A680-Train-#1,2026-01-31
2026-02-06,21442422,A680,7,21442422|C816|A680|2026-01-31|net demand for forecast|048281,20260131-C816-A680-Train-#1,2026-01-31
2026-02-06,21442896,A680,2,21442896|C816|A680|2026-01-31|net demand for forecast|048292,20260131-C816-A680-Train-#1,2026-01-31
2026-02-06,21442896,A680,2,21442896|C816|A680|2026-01-31|net demand for forecast|048293,20260131-C816-A680-Train-#1,2026-01-31
2026-02-06,21442896,A680,2,21442896|C816|A680|2026-01-31|net demand for forecast|048294,20260131-C816-A680-Train-#1,2026-01-31
2026-02-06,21442896,A680,2,21442896|C816|A680|2026-01-31|net demand for forecast|048295,20260131-C816-A680-Train-#1,2026-01-31
2026-02-06,21442896,A680,2,21442896|C816|A680|2026-01-31|net demand for forecast|048296,20260131-C816-A680-Train-#1,2026-01-31
2026-02-06,21442896,A680,2,21442896|C816|A680|2026-01-31|net demand for forecast|048297,20260131-C816-A680-Train-#1,2026-01-31
2026-02-06,21442896,A680,2,21442896|C816|A680|2026-01-31|net demand for forecast|048298,20260131-C816-A680-Train-#1,2026-01-31
2026-02-06,21442897,A680,2,21442897|C816|A680|2026-01-31|net demand for forecast|048308,20260131-C816-A680-Train-#1,2026-01-31
2026-02-06,21442897,A680,3,21442897|C816|A680|2026-01-31|net demand for forecast|048310,20260131-C816-A680-Train-#1,2026-01-31
2026-02-06,21442897,A680,3,21442897|C816|A680|2026-01-31|net demand for forecast|048311,20260131-C816-A680-Train-#1,2026-01-31
2026-02-06,21442897,A680,3,21442897|C816|A680|2026-01-31|net demand for forecast|048312,20260131-C816-A680-Train-#1,2026-01-31
2026-02-06,21442897,A680,3,21442897|C816|A680|2026-01-31|net demand for forecast|048313,20260131-C816-A680-Train-#1,2026-01-31
2026-02-06,21442897,A680,3,21442897|C816|A680|2026-01-31|net demand for forecast|048314,20260131-C816-A680-Train-#1,2026-01-31
2026-02-06,21447518,A680,1,21447518|C816|A680|2026-01-31|net demand for forecast|048342,20260131-C816-A680-Train-#1,2026-01-31
2026-02-06,21447518,A680,1,21447518|C816|A680|2026-01-31|net demand for forecast|048343,20260131-C816-A680-Train-#1,2026-01-31
2026-02-06,21447518,A680,1,21447518|C816|A680|2026-01-31|net demand for forecast|048344,20260131-C816-A680-Train-#1,2026-01-31
2026-02-06,21447518,A680,1,21447518|C816|A680|2026-01-31|net demand for forecast|048345,20260131-C816-A680-Train-#1,2026-01-31
2026-02-06,21447518,A680,1,21447518|C816|A680|2026-01-31|net demand for forecast|048346,20260131-C816-A680-Train-#1,2026-01-31
2026-02-06,21447518,A680,1,21447518|C816|A680|2026-01-31|net demand for forecast|048347,20260131-C816-A680-Train-#1,2026-01-31
2026-02-06,80804699,A680,1,80804699|C816|A680|2026-01-31|net demand for forecast|048515,20260131-C816-A680-Train-#1,2026-01-31
2026-02-06,80804699,A680,1,80804699|C816|A680|2026-01-31|net demand for forecast|048516,20260131-C816-A680-Train-#1,2026-01-31
2026-02-06,80804699,A680,1,80804699|C816|A680|2026-01-31|net demand for forecast|048518,20260131-C816-A680-Train-#1,2026-01-31
2026-02-06,80804699,A680,1,80804699|C816|A680|2026-01-31|net demand for forecast|048519,20260131-C816-A680-Train-#1,2026-01-31
2026-02-06,80804699,A680,1,80804699|C816|A680|2026-01-31|net demand for forecast|048521,20260131-C816-A680-Train-#1,2026-01-31
2026-02-06,80804701,A680,1,80804701|C816|A680|2026-01-31|net demand for forecast|048539,20260131-C816-A680-Train-#1,2026-01-31
2026-02-06,80804701,A680,1,80804701|C816|A680|2026-01-31|net demand for forecast|048540,20260131-C816-A680-Train-#1,2026-01-31
2026-02-06,80804701,A680,1,80804701|C816|A680|2026-01-31|net demand for forecast|048541,20260131-C816-A680-Train-#1,2026-01-31
2026-02-06,80804701,A680,1,80804701|C816|A680|2026-01-31|net demand for forecast|048542,20260131-C816-A680-Train-#1,2026-01-31
2026-02-06,80804701,A680,1,80804701|C816|A680|2026-01-31|net demand for forecast|048544,20260131-C816-A680-Train-#1,2026-01-31
2026-02-06,80804701,A680,1,80804701|C816|A680|2026-01-31|net demand for forecast|048545,20260131-C816-A680-Train-#1,2026-01-31
2026-02-06,80804703,A680,1,80804703|C816|A680|2026-01-31|net demand for forecast|048579,20260131-C816-A680-Train-#1,2026-01-31
2026-02-06,80804703,A680,1,80804703|C816|A680|2026-01-31|net demand for forecast|048580,20260131-C816-A680-Train-#1,2026-01-31
2026-02-06,80804703,A680,1,80804703|C816|A680|2026-01-31|net demand for forecast|048581,20260131-C816-A680-Train-#1,2026-01-31
2026-02-06,80804703,A680,1,80804703|C816|A680|2026-01-31|net demand for forecast|048582,20260131-C816-A680-Train-#1,2026-01-31
2026-02-06,80804703,A680,1,80804703|C816|A680|2026-01-31|net demand for forecast|048583,20260131-C816-A680-Train-#1,2026-01-31
2026-02-06,80804703,A680,1,80804703|C816|A680|2026-01-31|net demand for forecast|048584,20260131-C816-A680-Train-#1,2026-01-31
2026-02-06,80804703,A680,1,80804703|C816|A680|2026-01-31|net demand for forecast|048585,20260131-C816-A680-Train-#1,2026-01-31
2026-02-06,80804704,A680,6,80804704|C816|A680|2026-01-31|net demand for forecast|048613,20260131-C816-A680-Train-#1,2026-01-31
2026-02-06,80804704,A680,8,80804704|C816|A680|2026-01-31|net demand for forecast|048614,20260131-C816-A680-Train-#1,2026-01-31
2026-02-06,80804704,A680,8,80804704|C816|A680|2026-01-31|net demand for forecast|048615,20260131-C816-A680-Train-#1,2026-01-31
2026-02-06,80804704,A680,8,80804704|C816|A680|2026-01-31|net demand for forecast|048616,20260131-C816-A680-Train-#1,2026-01-31
2026-02-06,80804704,A680,8,80804704|C816|A680|2026-01-31|net demand for forecast|048617,20260131-C816-A680-Train-#1,2026-01-31
2026-02-06,80804704,A680,8,80804704|C816|A680|2026-01-31|net demand for forecast|048618,20260131-C816-A680-Train-#1,2026-01-31
2026-02-06,80804704,A680,8,80804704|C816|A680|2026-01-31|net demand for forecast|048619,20260131-C816-A680-Train-#1,2026-01-31
2026-02-06,80804705,A680,5,80804705|C816|A680|2026-01-31|net demand for forecast|048654,20260131-C816-A680-Train-#1,2026-01-31
2026-02-06,80804705,A680,7,80804705|C816|A680|2026-01-31|net demand for forecast|048655,20260131-C816-A680-Train-#1,2026-01-31
2026-02-06,80804705,A680,7,80804705|C816|A680|2026-01-31|net demand for forecast|048656,20260131-C816-A680-Train-#1,2026-01-31
2026-02-06,80804705,A680,7,80804705|C816|A680|2026-01-31|net demand for forecast|048657,20260131-C816-A680-Train-#1,2026-01-31
2026-02-06,80804705,A680,7,80804705|C816|A680|2026-01-31|net demand for forecast|048659,20260131-C816-A680-Train-#1,2026-01-31
2026-02-06,80804705,A680,7,80804705|C816|A680|2026-01-31|net demand for forecast|048660,20260131-C816-A680-Train-#1,2026-01-31
2026-02-06,80804706,A680,1,80804706|C816|A680|2026-01-31|net demand for forecast|048669,20260131-C816-A680-Train-#1,2026-01-31
2026-02-06,80804706,A680,1,80804706|C816|A680|2026-01-31|net demand for forecast|048670,20260131-C816-A680-Train-#1,2026-01-31
2026-02-06,80804706,A680,1,80804706|C816|A680|2026-01-31|net demand for forecast|048671,20260131-C816-A680-Train-#1,2026-01-31
2026-02-06,80804706,A680,1,80804706|C816|A680|2026-01-31|net demand for forecast|048672,20260131-C816-A680-Train-#1,2026-01-31
2026-02-06,80804706,A680,1,80804706|C816|A680|2026-01-31|net demand for forecast|048673,20260131-C816-A680-Train-#1,2026-01-31
2026-02-06,80804706,A680,1,80804706|C816|A680|2026-01-31|net demand for forecast|048674,20260131-C816-A680-Train-#1,2026-01-31
2026-02-06,80804706,A680,1,80804706|C816|A680|2026-01-31|net demand for forecast|048675,20260131-C816-A680-Train-#1,2026-01-31
2026-02-06,80807089,A680,4,80807089|C816|A680|2026-01-31|net demand for forecast|048706,20260131-C816-A680-Train-#1,2026-01-31
2026-02-06,80807089,A680,5,80807089|C816|A680|2026-01-31|net demand for forecast|048708,20260131-C816-A680-Train-#1,2026-01-31
2026-02-06,80807089,A680,5,80807089|C816|A680|2026-01-31|net demand for forecast|048709,20260131-C816-A680-Train-#1,2026-01-31
2026-02-06,80807089,A680,5,80807089|C816|A680|2026-01-31|net demand for forecast|048711,20260131-C816-A680-Train-#1,2026-01-31
2026-02-06,80807092,A680,1,80807092|C816|A680|2026-01-31|net demand for forecast|048740,20260131-C816-A680-Train-#1,2026-01-31
2026-02-06,80807092,A680,2,80807092|C816|A680|2026-01-31|net demand for forecast|048741,20260131-C816-A680-Train-#1,2026-01-31
2026-02-06,80807092,A680,2,80807092|C816|A680|2026-01-31|net demand for forecast|048742,20260131-C816-A680-Train-#1,2026-01-31
2026-02-06,80807092,A680,2,80807092|C816|A680|2026-01-31|net demand for forecast|048743,20260131-C816-A680-Train-#1,2026-01-31
2026-02-06,80807092,A680,2,80807092|C816|A680|2026-01-31|net demand for forecast|048744,20260131-C816-A680-Train-#1,2026-01-31
2026-02-06,80807092,A680,2,80807092|C816|A680|2026-01-31|net demand for forecast|048745,20260131-C816-A680-Train-#1,2026-01-31
2026-02-06,80807092,A680,2,80807092|C816|A680|2026-01-31|net demand for forecast|048746,20260131-C816-A680-Train-#1,2026-01-31
2026-02-06,80868101,A680,1,80868101|C816|A680|2026-01-31|net demand for forecast|049241,20260131-C816-A680-Train-#1,2026-01-31
2026-02-06,80868101,A680,1,80868101|C816|A680|2026-01-31|net demand for forecast|049242,20260131-C816-A680-Train-#1,2026-01-31
2026-02-06,80868101,A680,1,80868101|C816|A680|2026-01-31|net demand for forecast|049243,20260131-C816-A680-Train-#1,2026-01-31
2026-02-06,80868101,A680,1,80868101|C816|A680|2026-01-31|net demand for forecast|049244,20260131-C816-A680-Train-#1,2026-01-31
2026-02-06,80868101,A680,1,80868101|C816|A680|2026-01-31|net demand for forecast|049245,20260131-C816-A680-Train-#1,2026-01-31
2026-02-06,80868101,A680,1,80868101|C816|A680|2026-01-31|net demand for forecast|049246,20260131-C816-A680-Train-#1,2026-01-31
2026-02-06,80868102,A680,1,80868102|C816|A680|2026-01-31|net demand for forecast|049251,20260131-C816-A680-Train-#1,2026-01-31
2026-02-06,80868102,A680,1,80868102|C816|A680|2026-01-31|net demand for forecast|049252,20260131-C816-A680-Train-#1,2026-01-31
2026-02-06,80868102,A680,1,80868102|C816|A680|2026-01-31|net demand for forecast|049253,20260131-C816-A680-Train-#1,2026-01-31
2026-02-06,80868102,A680,1,80868102|C816|A680|2026-01-31|net demand for forecast|049254,20260131-C816-A680-Train-#1,2026-01-31
2026-02-06,80868102,A680,1,80868102|C816|A680|2026-01-31|net demand for forecast|049255,20260131-C816-A680-Train-#1,2026-01-31
2026-02-06,80868102,A680,1,80868102|C816|A680|2026-01-31|net demand for forecast|049256,20260131-C816-A680-Train-#1,2026-01-31
2026-02-06,80804134,E295,1,80804134|C810|E295|2026-01-30|net demand for AO|047088,20260131-C810-E295-SMALL-#1,2026-01-31
2026-02-06,21143110,E295,1,21143110|C810|E295|2026-01-29|net demand for forecast|045545,20260131-C810-E295-SMALL-#1,2026-01-31
2026-02-06,21143110,E295,1,21143110|C810|E295|2026-01-31|net demand for forecast|048023,20260131-C810-E295-SMALL-#1,2026-01-31
2026-02-06,21143110,E295,1,21143110|C810|E295|2026-01-31|net demand for forecast|048027,20260131-C810-E295-SMALL-#1,2026-01-31
2026-02-06,80863643,E295,1,80863643|C810|E295|2026-01-31|net demand for forecast|049205,20260131-C810-E295-SMALL-#1,2026-01-31
2026-02-06,80863643,E295,4,80863643|C810|E295|2026-01-29|net demand for safety|046447,20260131-C810-E295-SMALL-#1,2026-01-31
2026-02-06,80804132,E569,1,80804132|C816|E569|2026-01-29|net demand for forecast|045801,20260131-C816-E569-SMALL-#1,2026-01-31
2026-02-06,80804132,E569,1,80804132|C816|E569|2026-01-29|net demand for forecast|045805,20260131-C816-E569-SMALL-#1,2026-01-31
2026-02-06,80804133,E569,1,80804133|C816|E569|2026-01-29|net demand for forecast|045830,20260131-C816-E569-SMALL-#1,2026-01-31
2026-02-06,80804133,E569,1,80804133|C816|E569|2026-01-29|net demand for forecast|045831,20260131-C816-E569-SMALL-#1,2026-01-31
2026-02-06,80804133,E569,1,80804133|C816|E569|2026-01-29|net demand for forecast|045833,20260131-C816-E569-SMALL-#1,2026-01-31
2026-02-06,80805856,E569,1,80805856|C816|E569|2026-01-29|net demand for forecast|046047,20260131-C816-E569-SMALL-#1,2026-01-31
2026-02-06,80807110,E569,1,80807110|C816|E569|2026-01-29|net demand for forecast|046159,20260131-C816-E569-SMALL-#1,2026-01-31
2026-02-06,80807112,E569,1,80807112|C816|E569|2026-01-29|net demand for forecast|046171,20260131-C816-E569-SMALL-#1,2026-01-31
2026-02-06,80807115,E569,1,80807115|C816|E569|2026-01-29|net demand for forecast|046197,20260131-C816-E569-SMALL-#1,2026-01-31
2026-02-06,80807115,E569,1,80807115|C816|E569|2026-01-29|net demand for forecast|046199,20260131-C816-E569-SMALL-#1,2026-01-31
2026-02-06,80807110,E569,1,80807110|C816|E569|2026-01-30|net demand for forecast|047486,20260131-C816-E569-SMALL-#1,2026-01-31
2026-02-06,80807114,E569,1,80807114|C816|E569|2026-01-30|net demand for forecast|047504,20260131-C816-E569-SMALL-#1,2026-01-31
2026-02-06,80807116,E569,1,80807116|C816|E569|2026-01-30|net demand for forecast|047536,20260131-C816-E569-SMALL-#1,2026-01-31
2026-02-06,21325292,E569,1,21325292|C816|E569|2026-01-31|net demand for forecast|048224,20260131-C816-E569-SMALL-#1,2026-01-31
2026-02-06,80804128,E569,1,80804128|C816|E569|2026-01-31|net demand for forecast|048371,20260131-C816-E569-SMALL-#1,2026-01-31
2026-02-06,80807092,E569,2,80807092|C816|E569|2026-01-31|net demand for forecast|048751,20260131-C816-E569-SMALL-#1,2026-01-31
2026-02-06,80848026,E569,4,80848026|C816|E569|2026-01-31|net demand for forecast|049161,20260131-C816-E569-SMALL-#1,2026-01-31
2026-02-06,80848028,E569,1,80848028|C816|E569|2026-01-31|net demand for forecast|049183,20260131-C816-E569-SMALL-#1,2026-01-31
2026-02-06,80848023,E569,6,80848023|C816|E569|2026-01-29|net demand for safety|046406,20260131-C816-E569-SMALL-#1,2026-01-31
2026-02-06,21315474,E569,2,21315474|C816|E569|2026-01-30|net demand for safety|046871,20260131-C816-E569-SMALL-#1,2026-01-31
2026-02-06,80864470,E569,1,80864470|C816|E569|2026-01-30|net demand for safety|047791,20260131-C816-E569-SMALL-#1,2026-01-31
2026-02-06,80804128,E569,5,80804128|C816|E569|2026-01-31|net demand for safety|048377,20260131-C816-E569-SMALL-#1,2026-01-31
2026-02-06,80804701,E569,1,80804701|C816|E569|2026-01-31|net demand for safety|048548,20260131-C816-E569-SMALL-#1,2026-01-31
2026-02-06,21314875,A668,1,21314875|0386|A668|2026-01-30|net demand for forecast|046772,20260131-0386-A668-Train-#1,2026-01-31
2026-02-06,80812103,A668,1,80812103|0386|A668|2026-01-31|net demand for forecast|048908,20260131-0386-A668-Train-#1,2026-01-31
2026-02-06,80812103,A668,1,80812103|0386|A668|2026-01-31|net demand for forecast|048910,20260131-0386-A668-Train-#1,2026-01-31
2026-02-06,80812103,A668,1,80812103|0386|A668|2026-01-31|net demand for forecast|048913,20260131-0386-A668-Train-#1,2026-01-31
2026-02-06,21315352,A668,5,21315352|0386|A668|2026-01-31|net demand for safety|048126,20260131-0386-A668-Train-#1,2026-01-31
2026-02-06,80885921,A668,26,80885921|0386|A668|2026-01-31|net demand for safety|049291,20260131-0386-A668-Train-#1,2026-01-31
2026-02-06,80804136,A673,1,80804136|0386|A673|2026-01-31|net demand for net demand for forecast|048427,20260131-0386-A673-LARGE-#1,2026-01-31
2026-02-06,21315352,A673,16,21315352|0386|A673|2026-01-31|net demand for net demand for safety|048148,20260131-0386-A673-LARGE-#1,2026-01-31
2026-02-06,21315350,A673,287,21315350|0386|A673|2026-01-31|push replenishment|048103,20260131-0386-A673-LARGE-#1,2026-01-31
2026-02-06,21315474,E564,1,21315474|C816|E564|2026-01-31|net demand for normal|048181,20260201-C816-E564-SMALL-#1,2026-02-01
2026-02-06,80807116,E564,1,80807116|C816|E564|2026-01-31|net demand for normal|048865,20260201-C816-E564-SMALL-#1,2026-02-01
2026-02-06,80805856,E564,1,80805856|C816|E564|2026-02-01|net demand for normal|050074,20260201-C816-E564-SMALL-#1,2026-02-01
2026-02-06,21132988,E564,1,21132988|C816|E564|2026-01-31|net demand for forecast|047921,20260201-C816-E564-SMALL-#1,2026-02-01
2026-02-06,21132988,E564,1,21132988|C816|E564|2026-01-31|net demand for forecast|047922,20260201-C816-E564-SMALL-#1,2026-02-01
2026-02-06,21132988,E564,1,21132988|C816|E564|2026-01-31|net demand for forecast|047923,20260201-C816-E564-SMALL-#1,2026-02-01
2026-02-06,21132988,E564,1,21132988|C816|E564|2026-01-31|net demand for forecast|047925,20260201-C816-E564-SMALL-#1,2026-02-01
2026-02-06,21132988,E564,1,21132988|C816|E564|2026-01-31|net demand for forecast|047926,20260201-C816-E564-SMALL-#1,2026-02-01
2026-02-06,21132988,E564,1,21132988|C816|E564|2026-01-31|net demand for forecast|047927,20260201-C816-E564-SMALL-#1,2026-02-01
2026-02-06,21314875,E564,1,21314875|C816|E564|2026-01-31|net demand for forecast|048085,20260201-C816-E564-SMALL-#1,2026-02-01
2026-02-06,21314875,E564,1,21314875|C816|E564|2026-01-31|net demand for forecast|048086,20260201-C816-E564-SMALL-#1,2026-02-01
2026-02-06,21314875,E564,1,21314875|C816|E564|2026-01-31|net demand for forecast|048087,20260201-C816-E564-SMALL-#1,2026-02-01
2026-02-06,21314875,E564,1,21314875|C816|E564|2026-01-31|net demand for forecast|048088,20260201-C816-E564-SMALL-#1,2026-02-01
2026-02-06,21314875,E564,1,21314875|C816|E564|2026-01-31|net demand for forecast|048089,20260201-C816-E564-SMALL-#1,2026-02-01
2026-02-06,21314875,E564,1,21314875|C816|E564|2026-01-31|net demand for forecast|048090,20260201-C816-E564-SMALL-#1,2026-02-01
2026-02-06,21314875,E564,1,21314875|C816|E564|2026-01-31|net demand for forecast|048091,20260201-C816-E564-SMALL-#1,2026-02-01
2026-02-06,21315474,E564,1,21315474|C816|E564|2026-01-31|net demand for forecast|048174,20260201-C816-E564-SMALL-#1,2026-02-01
2026-02-06,21315474,E564,1,21315474|C816|E564|2026-01-31|net demand for forecast|048175,20260201-C816-E564-SMALL-#1,2026-02-01
2026-02-06,21315474,E564,1,21315474|C816|E564|2026-01-31|net demand for forecast|048176,20260201-C816-E564-SMALL-#1,2026-02-01
2026-02-06,21315474,E564,1,21315474|C816|E564|2026-01-31|net demand for forecast|048177,20260201-C816-E564-SMALL-#1,2026-02-01
2026-02-06,21315474,E564,1,21315474|C816|E564|2026-01-31|net demand for forecast|048178,20260201-C816-E564-SMALL-#1,2026-02-01
2026-02-06,21315474,E564,1,21315474|C816|E564|2026-01-31|net demand for forecast|048179,20260201-C816-E564-SMALL-#1,2026-02-01
2026-02-06,21315474,E564,1,21315474|C816|E564|2026-01-31|net demand for forecast|048180,20260201-C816-E564-SMALL-#1,2026-02-01
2026-02-06,80804132,E564,1,80804132|C816|E564|2026-01-31|net demand for forecast|048385,20260201-C816-E564-SMALL-#1,2026-02-01
2026-02-06,80804132,E564,1,80804132|C816|E564|2026-01-31|net demand for forecast|048386,20260201-C816-E564-SMALL-#1,2026-02-01
2026-02-06,80804132,E564,1,80804132|C816|E564|2026-01-31|net demand for forecast|048387,20260201-C816-E564-SMALL-#1,2026-02-01
2026-02-06,80804132,E564,1,80804132|C816|E564|2026-01-31|net demand for forecast|048388,20260201-C816-E564-SMALL-#1,2026-02-01
2026-02-06,80804132,E564,1,80804132|C816|E564|2026-01-31|net demand for forecast|048389,20260201-C816-E564-SMALL-#1,2026-02-01
2026-02-06,80804132,E564,1,80804132|C816|E564|2026-01-31|net demand for forecast|048390,20260201-C816-E564-SMALL-#1,2026-02-01
2026-02-06,80804132,E564,1,80804132|C816|E564|2026-01-31|net demand for forecast|048391,20260201-C816-E564-SMALL-#1,2026-02-01
2026-02-06,80804133,E564,1,80804133|C816|E564|2026-01-31|net demand for forecast|048403,20260201-C816-E564-SMALL-#1,2026-02-01
2026-02-06,80804133,E564,1,80804133|C816|E564|2026-01-31|net demand for forecast|048404,20260201-C816-E564-SMALL-#1,2026-02-01
2026-02-06,80804133,E564,1,80804133|C816|E564|2026-01-31|net demand for forecast|048405,20260201-C816-E564-SMALL-#1,2026-02-01
2026-02-06,80804133,E564,1,80804133|C816|E564|2026-01-31|net demand for forecast|048406,20260201-C816-E564-SMALL-#1,2026-02-01
2026-02-06,80804133,E564,1,80804133|C816|E564|2026-01-31|net demand for forecast|048407,20260201-C816-E564-SMALL-#1,2026-02-01
2026-02-06,80804133,E564,1,80804133|C816|E564|2026-01-31|net demand for forecast|048408,20260201-C816-E564-SMALL-#1,2026-02-01
2026-02-06,80804133,E564,1,80804133|C816|E564|2026-01-31|net demand for forecast|048409,20260201-C816-E564-SMALL-#1,2026-02-01
2026-02-06,80804704,E564,1,80804704|C816|E564|2026-01-31|net demand for forecast|048623,20260201-C816-E564-SMALL-#1,2026-02-01
2026-02-06,80804704,E564,1,80804704|C816|E564|2026-01-31|net demand for forecast|048624,20260201-C816-E564-SMALL-#1,2026-02-01
2026-02-06,80804704,E564,1,80804704|C816|E564|2026-01-31|net demand for forecast|048626,20260201-C816-E564-SMALL-#1,2026-02-01
2026-02-06,80804704,E564,1,80804704|C816|E564|2026-01-31|net demand for forecast|048627,20260201-C816-E564-SMALL-#1,2026-02-01
2026-02-06,80804704,E564,1,80804704|C816|E564|2026-01-31|net demand for forecast|048628,20260201-C816-E564-SMALL-#1,2026-02-01
2026-02-06,80804704,E564,1,80804704|C816|E564|2026-01-31|net demand for forecast|048629,20260201-C816-E564-SMALL-#1,2026-02-01
2026-02-06,80807113,E564,1,80807113|C816|E564|2026-01-31|net demand for forecast|048810,20260201-C816-E564-SMALL-#1,2026-02-01
2026-02-06,80807113,E564,1,80807113|C816|E564|2026-01-31|net demand for forecast|048812,20260201-C816-E564-SMALL-#1,2026-02-01
2026-02-06,80807113,E564,1,80807113|C816|E564|2026-01-31|net demand for forecast|048815,20260201-C816-E564-SMALL-#1,2026-02-01
2026-02-06,80807113,E564,1,80807113|C816|E564|2026-01-31|net demand for forecast|048816,20260201-C816-E564-SMALL-#1,2026-02-01
2026-02-06,80807116,E564,1,80807116|C816|E564|2026-01-31|net demand for forecast|048858,20260201-C816-E564-SMALL-#1,2026-02-01
2026-02-06,80807116,E564,1,80807116|C816|E564|2026-01-31|net demand for forecast|048859,20260201-C816-E564-SMALL-#1,2026-02-01
2026-02-06,80807116,E564,1,80807116|C816|E564|2026-01-31|net demand for forecast|048860,20260201-C816-E564-SMALL-#1,2026-02-01
2026-02-06,80807116,E564,1,80807116|C816|E564|2026-01-31|net demand for forecast|048861,20260201-C816-E564-SMALL-#1,2026-02-01
2026-02-06,80807116,E564,1,80807116|C816|E564|2026-01-31|net demand for forecast|048862,20260201-C816-E564-SMALL-#1,2026-02-01
2026-02-06,80807116,E564,1,80807116|C816|E564|2026-01-31|net demand for forecast|048863,20260201-C816-E564-SMALL-#1,2026-02-01
2026-02-06,80807116,E564,1,80807116|C816|E564|2026-01-31|net demand for forecast|048864,20260201-C816-E564-SMALL-#1,2026-02-01
2026-02-06,80807119,E564,1,80807119|C816|E564|2026-01-31|net demand for forecast|048878,20260201-C816-E564-SMALL-#1,2026-02-01
2026-02-06,80807119,E564,1,80807119|C816|E564|2026-01-31|net demand for forecast|048879,20260201-C816-E564-SMALL-#1,2026-02-01
2026-02-06,80807119,E564,1,80807119|C816|E564|2026-01-31|net demand for forecast|048880,20260201-C816-E564-SMALL-#1,2026-02-01
2026-02-06,80807119,E564,1,80807119|C816|E564|2026-01-31|net demand for forecast|048881,20260201-C816-E564-SMALL-#1,2026-02-01
2026-02-06,80807119,E564,1,80807119|C816|E564|2026-01-31|net demand for forecast|048882,20260201-C816-E564-SMALL-#1,2026-02-01
2026-02-06,80807119,E564,1,80807119|C816|E564|2026-01-31|net demand for forecast|048883,20260201-C816-E564-SMALL-#1,2026-02-01
2026-02-06,80807119,E564,1,80807119|C816|E564|2026-01-31|net demand for forecast|048884,20260201-C816-E564-SMALL-#1,2026-02-01
2026-02-06,80812841,E564,1,80812841|C816|E564|2026-01-31|net demand for forecast|048995,20260201-C816-E564-SMALL-#1,2026-02-01
2026-02-06,80812841,E564,1,80812841|C816|E564|2026-01-31|net demand for forecast|048996,20260201-C816-E564-SMALL-#1,2026-02-01
2026-02-06,80812841,E564,1,80812841|C816|E564|2026-01-31|net demand for forecast|048997,20260201-C816-E564-SMALL-#1,2026-02-01
2026-02-06,80812841,E564,1,80812841|C816|E564|2026-01-31|net demand for forecast|048998,20260201-C816-E564-SMALL-#1,2026-02-01
2026-02-06,80812841,E564,1,80812841|C816|E564|2026-01-31|net demand for forecast|048999,20260201-C816-E564-SMALL-#1,2026-02-01
2026-02-06,80812841,E564,1,80812841|C816|E564|2026-01-31|net demand for forecast|049000,20260201-C816-E564-SMALL-#1,2026-02-01
2026-02-06,21132988,E564,1,21132988|C816|E564|2026-02-01|net demand for forecast|049419,20260201-C816-E564-SMALL-#1,2026-02-01
2026-02-06,21132988,E564,1,21132988|C816|E564|2026-02-01|net demand for forecast|049420,20260201-C816-E564-SMALL-#1,2026-02-01
2026-02-06,21132988,E564,1,21132988|C816|E564|2026-02-01|net demand for forecast|049421,20260201-C816-E564-SMALL-#1,2026-02-01
2026-02-06,21132988,E564,1,21132988|C816|E564|2026-02-01|net demand for forecast|049422,20260201-C816-E564-SMALL-#1,2026-02-01
2026-02-06,21132988,E564,1,21132988|C816|E564|2026-02-01|net demand for forecast|049424,20260201-C816-E564-SMALL-#1,2026-02-01
2026-02-06,21132988,E564,1,21132988|C816|E564|2026-02-01|net demand for forecast|049425,20260201-C816-E564-SMALL-#1,2026-02-01
2026-02-06,80804132,E564,1,80804132|C816|E564|2026-02-01|net demand for forecast|049733,20260201-C816-E564-SMALL-#1,2026-02-01
2026-02-06,80804132,E564,1,80804132|C816|E564|2026-02-01|net demand for forecast|049734,20260201-C816-E564-SMALL-#1,2026-02-01
2026-02-06,80804132,E564,1,80804132|C816|E564|2026-02-01|net demand for forecast|049735,20260201-C816-E564-SMALL-#1,2026-02-01
2026-02-06,80804132,E564,1,80804132|C816|E564|2026-02-01|net demand for forecast|049737,20260201-C816-E564-SMALL-#1,2026-02-01
2026-02-06,80804132,E564,1,80804132|C816|E564|2026-02-01|net demand for forecast|049738,20260201-C816-E564-SMALL-#1,2026-02-01
2026-02-06,80804132,E564,1,80804132|C816|E564|2026-02-01|net demand for forecast|049739,20260201-C816-E564-SMALL-#1,2026-02-01
2026-02-06,80804133,E564,2,80804133|C816|E564|2026-02-01|net demand for forecast|049763,20260201-C816-E564-SMALL-#1,2026-02-01
2026-02-06,80804133,E564,2,80804133|C816|E564|2026-02-01|net demand for forecast|049764,20260201-C816-E564-SMALL-#1,2026-02-01
2026-02-06,80804133,E564,2,80804133|C816|E564|2026-02-01|net demand for forecast|049765,20260201-C816-E564-SMALL-#1,2026-02-01
2026-02-06,80804133,E564,3,80804133|C816|E564|2026-02-01|net demand for forecast|049767,20260201-C816-E564-SMALL-#1,2026-02-01
2026-02-06,80804133,E564,3,80804133|C816|E564|2026-02-01|net demand for forecast|049768,20260201-C816-E564-SMALL-#1,2026-02-01
2026-02-06,80804136,E564,7,80804136|C816|E564|2026-02-01|net demand for forecast|049864,20260201-C816-E564-SMALL-#1,2026-02-01
2026-02-06,80804136,E564,8,80804136|C816|E564|2026-02-01|net demand for forecast|049865,20260201-C816-E564-SMALL-#1,2026-02-01
2026-02-06,80804136,E564,8,80804136|C816|E564|2026-02-01|net demand for forecast|049866,20260201-C816-E564-SMALL-#1,2026-02-01
2026-02-06,80804136,E564,8,80804136|C816|E564|2026-02-01|net demand for forecast|049867,20260201-C816-E564-SMALL-#1,2026-02-01
2026-02-06,80804136,E564,8,80804136|C816|E564|2026-02-01|net demand for forecast|049868,20260201-C816-E564-SMALL-#1,2026-02-01
2026-02-06,80804136,E564,8,80804136|C816|E564|2026-02-01|net demand for forecast|049869,20260201-C816-E564-SMALL-#1,2026-02-01
2026-02-06,80804704,E564,1,80804704|C816|E564|2026-02-01|net demand for forecast|050003,20260201-C816-E564-SMALL-#1,2026-02-01
2026-02-06,80804704,E564,1,80804704|C816|E564|2026-02-01|net demand for forecast|050004,20260201-C816-E564-SMALL-#1,2026-02-01
2026-02-06,80804704,E564,1,80804704|C816|E564|2026-02-01|net demand for forecast|050005,20260201-C816-E564-SMALL-#1,2026-02-01
2026-02-06,80804704,E564,1,80804704|C816|E564|2026-02-01|net demand for forecast|050006,20260201-C816-E564-SMALL-#1,2026-02-01
2026-02-06,80804704,E564,1,80804704|C816|E564|2026-02-01|net demand for forecast|050007,20260201-C816-E564-SMALL-#1,2026-02-01
2026-02-06,80804704,E564,1,80804704|C816|E564|2026-02-01|net demand for forecast|050008,20260201-C816-E564-SMALL-#1,2026-02-01
2026-02-06,80804704,E564,1,80804704|C816|E564|2026-02-01|net demand for forecast|050009,20260201-C816-E564-SMALL-#1,2026-02-01
2026-02-06,80807114,E564,1,80807114|C816|E564|2026-02-01|net demand for forecast|050269,20260201-C816-E564-SMALL-#1,2026-02-01
2026-02-06,80807114,E564,1,80807114|C816|E564|2026-02-01|net demand for forecast|050270,20260201-C816-E564-SMALL-#1,2026-02-01
2026-02-06,80807114,E564,1,80807114|C816|E564|2026-02-01|net demand for forecast|050271,20260201-C816-E564-SMALL-#1,2026-02-01
2026-02-06,80807114,E564,1,80807114|C816|E564|2026-02-01|net demand for forecast|050272,20260201-C816-E564-SMALL-#1,2026-02-01
2026-02-06,80807114,E564,1,80807114|C816|E564|2026-02-01|net demand for forecast|050273,20260201-C816-E564-SMALL-#1,2026-02-01
2026-02-06,80807114,E564,1,80807114|C816|E564|2026-02-01|net demand for forecast|050274,20260201-C816-E564-SMALL-#1,2026-02-01
2026-02-06,80807114,E564,1,80807114|C816|E564|2026-02-01|net demand for forecast|050275,20260201-C816-E564-SMALL-#1,2026-02-01
2026-02-06,80807116,E564,1,80807116|C816|E564|2026-02-01|net demand for forecast|050298,20260201-C816-E564-SMALL-#1,2026-02-01
2026-02-06,80807116,E564,1,80807116|C816|E564|2026-02-01|net demand for forecast|050299,20260201-C816-E564-SMALL-#1,2026-02-01
2026-02-06,80807116,E564,1,80807116|C816|E564|2026-02-01|net demand for forecast|050300,20260201-C816-E564-SMALL-#1,2026-02-01
2026-02-06,80807116,E564,1,80807116|C816|E564|2026-02-01|net demand for forecast|050301,20260201-C816-E564-SMALL-#1,2026-02-01
2026-02-06,80807116,E564,1,80807116|C816|E564|2026-02-01|net demand for forecast|050302,20260201-C816-E564-SMALL-#1,2026-02-01
2026-02-06,80807116,E564,1,80807116|C816|E564|2026-02-01|net demand for forecast|050303,20260201-C816-E564-SMALL-#1,2026-02-01
2026-02-06,80807116,E564,1,80807116|C816|E564|2026-02-01|net demand for forecast|050304,20260201-C816-E564-SMALL-#1,2026-02-01
2026-02-06,80812841,E564,1,80812841|C816|E564|2026-02-01|net demand for forecast|050346,20260201-C816-E564-SMALL-#1,2026-02-01
2026-02-06,80812841,E564,1,80812841|C816|E564|2026-02-01|net demand for forecast|050348,20260201-C816-E564-SMALL-#1,2026-02-01
2026-02-06,80812841,E564,1,80812841|C816|E564|2026-02-01|net demand for forecast|050349,20260201-C816-E564-SMALL-#1,2026-02-01
2026-02-06,80812841,E564,1,80812841|C816|E564|2026-02-01|net demand for forecast|050350,20260201-C816-E564-SMALL-#1,2026-02-01
2026-02-06,21098519,E564,3,21098519|C816|E564|2026-01-31|net demand for safety|047830,20260201-C816-E564-SMALL-#1,2026-02-01
2026-02-06,21128067,E564,3,21128067|C816|E564|2026-01-31|net demand for safety|047865,20260201-C816-E564-SMALL-#1,2026-02-01
2026-02-06,21132988,E564,28,21132988|C816|E564|2026-01-31|net demand for safety|047928,20260201-C816-E564-SMALL-#1,2026-02-01
2026-02-06,21170683,E564,2,21170683|C816|E564|2026-01-31|net demand for safety|048046,20260201-C816-E564-SMALL-#1,2026-02-01
2026-02-06,21314875,E564,9,21314875|C816|E564|2026-01-31|net demand for safety|048092,20260201-C816-E564-SMALL-#1,2026-02-01
2026-02-06,21315474,E564,1,21315474|C816|E564|2026-01-31|net demand for safety|048182,20260201-C816-E564-SMALL-#1,2026-02-01
2026-02-06,80804130,E564,4,80804130|C816|E564|2026-01-31|net demand for safety|048382,20260201-C816-E564-SMALL-#1,2026-02-01
2026-02-06,80804132,E564,20,80804132|C816|E564|2026-01-31|net demand for safety|048392,20260201-C816-E564-SMALL-#1,2026-02-01
2026-02-06,80804133,E564,21,80804133|C816|E564|2026-01-31|net demand for safety|048410,20260201-C816-E564-SMALL-#1,2026-02-01
2026-02-06,80804138,E564,2,80804138|C816|E564|2026-01-31|net demand for safety|048490,20260201-C816-E564-SMALL-#1,2026-02-01
2026-02-06,80804701,E564,1,80804701|C816|E564|2026-01-31|net demand for safety|048547,20260201-C816-E564-SMALL-#1,2026-02-01
2026-02-06,80804704,E564,102,80804704|C816|E564|2026-01-31|net demand for safety|048630,20260201-C816-E564-SMALL-#1,2026-02-01
2026-02-06,80804705,E564,17,80804705|C816|E564|2026-01-31|net demand for safety|048662,20260201-C816-E564-SMALL-#1,2026-02-01
2026-02-06,80807089,E564,1,80807089|C816|E564|2026-01-31|net demand for safety|048712,20260201-C816-E564-SMALL-#1,2026-02-01
2026-02-06,80807090,E564,2,80807090|C816|E564|2026-01-31|net demand for safety|048714,20260201-C816-E564-SMALL-#1,2026-02-01
2026-02-06,80807091,E564,7,80807091|C816|E564|2026-01-31|net demand for safety|048726,20260201-C816-E564-SMALL-#1,2026-02-01
2026-02-06,80807110,E564,14,80807110|C816|E564|2026-01-31|net demand for safety|048795,20260201-C816-E564-SMALL-#1,2026-02-01
2026-02-06,80807112,E564,4,80807112|C816|E564|2026-01-31|net demand for safety|048799,20260201-C816-E564-SMALL-#1,2026-02-01
2026-02-06,80807113,E564,10,80807113|C816|E564|2026-01-31|net demand for safety|048817,20260201-C816-E564-SMALL-#1,2026-02-01
2026-02-06,80807114,E564,7,80807114|C816|E564|2026-01-31|net demand for safety|048822,20260201-C816-E564-SMALL-#1,2026-02-01
2026-02-06,80807120,E564,3,80807120|C816|E564|2026-01-31|net demand for safety|048903,20260201-C816-E564-SMALL-#1,2026-02-01
2026-02-06,80812840,E564,1,80812840|C816|E564|2026-01-31|net demand for safety|048994,20260201-C816-E564-SMALL-#1,2026-02-01
2026-02-06,21128067,E564,2,21128067|C816|E564|2026-02-01|net demand for safety|049375,20260201-C816-E564-SMALL-#1,2026-02-01
2026-02-06,21132988,E564,7,21132988|C816|E564|2026-02-01|net demand for safety|049426,20260201-C816-E564-SMALL-#1,2026-02-01
2026-02-06,21325292,E564,16,21325292|C816|E564|2026-02-01|net demand for safety|049589,20260201-C816-E564-SMALL-#1,2026-02-01
2026-02-06,80804128,E564,2,80804128|C816|E564|2026-02-01|net demand for safety|049717,20260201-C816-E564-SMALL-#1,2026-02-01
2026-02-06,80804132,E564,4,80804132|C816|E564|2026-02-01|net demand for safety|049740,20260201-C816-E564-SMALL-#1,2026-02-01
2026-02-06,80804133,E564,21,80804133|C816|E564|2026-02-01|net demand for safety|049770,20260201-C816-E564-SMALL-#1,2026-02-01
2026-02-06,80804138,E564,4,80804138|C816|E564|2026-02-01|net demand for safety|049896,20260201-C816-E564-SMALL-#1,2026-02-01
2026-02-06,80804701,E564,1,80804701|C816|E564|2026-02-01|net demand for safety|049931,20260201-C816-E564-SMALL-#1,2026-02-01
2026-02-06,80804702,E564,2,80804702|C816|E564|2026-02-01|net demand for safety|049934,20260201-C816-E564-SMALL-#1,2026-02-01
2026-02-06,80804704,E564,7,80804704|C816|E564|2026-02-01|net demand for safety|050010,20260201-C816-E564-SMALL-#1,2026-02-01
2026-02-06,80807089,E564,1,80807089|C816|E564|2026-02-01|net demand for safety|050095,20260201-C816-E564-SMALL-#1,2026-02-01
2026-02-06,80807090,E564,3,80807090|C816|E564|2026-02-01|net demand for safety|050096,20260201-C816-E564-SMALL-#1,2026-02-01
2026-02-06,80807092,E564,3,80807092|C816|E564|2026-02-01|net demand for safety|050120,20260201-C816-E564-SMALL-#1,2026-02-01
2026-02-06,80807097,E564,1,80807097|C816|E564|2026-02-01|net demand for safety|050217,20260201-C816-E564-SMALL-#1,2026-02-01
2026-02-06,80807110,E564,2,80807110|C816|E564|2026-02-01|net demand for safety|050250,20260201-C816-E564-SMALL-#1,2026-02-01
2026-02-06,80807112,E564,3,80807112|C816|E564|2026-02-01|net demand for safety|050263,20260201-C816-E564-SMALL-#1,2026-02-01
2026-02-06,80807114,E564,14,80807114|C816|E564|2026-02-01|net demand for safety|050276,20260201-C816-E564-SMALL-#1,2026-02-01
2026-02-06,80807118,E564,5,80807118|C816|E564|2026-02-01|net demand for safety|050316,20260201-C816-E564-SMALL-#1,2026-02-01
2026-02-06,80807120,E564,7,80807120|C816|E564|2026-02-01|net demand for safety|050321,20260201-C816-E564-SMALL-#1,2026-02-01
2026-02-06,80812839,E564,4,80812839|C816|E564|2026-02-01|net demand for safety|050336,20260201-C816-E564-SMALL-#1,2026-02-01
2026-02-06,80812840,E564,3,80812840|C816|E564|2026-02-01|net demand for safety|050344,20260201-C816-E564-SMALL-#1,2026-02-01
2026-02-06,21447518,A673,1,21447518|C816|A673|2026-02-01|net demand for normal|049698,20260201-C816-A673-LARGE-#1,2026-02-01
2026-02-06,80804704,A673,1,80804704|C816|A673|2026-02-01|net demand for forecast|049970,20260201-C816-A673-LARGE-#1,2026-02-01
2026-02-06,80804704,A673,2,80804704|C816|A673|2026-02-01|net demand for forecast|049972,20260201-C816-A673-LARGE-#1,2026-02-01
2026-02-06,80848025,A673,8,80848025|C816|A673|2026-02-01|net demand for forecast|050429,20260201-C816-A673-LARGE-#1,2026-02-01
2026-02-06,80804704,A673,1,80804704|C816|A673|2026-02-01|net demand for net demand for forecast|049976,20260201-C816-A673-LARGE-#1,2026-02-01
2026-02-06,80804704,A673,1,80804704|C816|A673|2026-02-01|net demand for net demand for forecast|049980,20260201-C816-A673-LARGE-#1,2026-02-01
2026-02-06,80807089,A673,14,80807089|C816|A673|2026-02-01|net demand for net demand for forecast|050086,20260201-C816-A673-LARGE-#1,2026-02-01
2026-02-06,21139445,A673,11,21139445|C816|A673|2026-02-01|net demand for safety|049452,20260201-C816-A673-LARGE-#1,2026-02-01
2026-02-06,21419485,A673,42,21419485|C816|A673|2026-02-01|net demand for safety|049600,20260201-C816-A673-LARGE-#1,2026-02-01
2026-02-06,21442897,A673,41,21442897|C816|A673|2026-02-01|net demand for safety|049669,20260201-C816-A673-LARGE-#1,2026-02-01
2026-02-06,80848021,A673,15,80848021|C816|A673|2026-02-01|net demand for net demand for safety|050397,20260201-C816-A673-LARGE-#1,2026-02-01
2026-02-06,80848025,A668,1,80848025|C816|A668|2026-02-01|net demand for AO|050418,20260201-C816-A668-LARGE-#1,2026-02-01
2026-02-06,80804704,A668,2,80804704|C816|A668|2026-02-01|net demand for forecast|049957,20260201-C816-A668-LARGE-#1,2026-02-01
2026-02-06,80804704,A668,2,80804704|C816|A668|2026-02-01|net demand for forecast|049960,20260201-C816-A668-LARGE-#1,2026-02-01
2026-02-06,80804704,A668,266,80804704|C816|A668|2026-01-31|net demand for safety|048602,20260201-C816-A668-LARGE-#1,2026-02-01
2026-02-06,80807092,A668,79,80807092|C816|A668|2026-01-31|net demand for safety|048733,20260201-C816-A668-LARGE-#1,2026-02-01
2026-02-06,21419485,A668,9,21419485|C816|A668|2026-02-01|net demand for safety|049592,20260201-C816-A668-LARGE-#1,2026-02-01
2026-02-06,21442422,A668,18,21442422|C816|A668|2026-02-01|net demand for safety|049634,20260201-C816-A668-LARGE-#1,2026-02-01
2026-02-06,80804705,A668,28,80804705|C816|A668|2026-02-01|net demand for safety|050025,20260201-C816-A668-LARGE-#1,2026-02-01
2026-02-06,80804706,A668,10,80804706|C816|A668|2026-02-01|net demand for safety|050068,20260201-C816-A668-LARGE-#1,2026-02-01
2026-02-06,80848021,A668,1,80848021|C816|A668|2026-02-01|net demand for safety|050389,20260201-C816-A668-LARGE-#1,2026-02-01
2026-02-06,80868100,A668,2,80868100|C816|A668|2026-02-01|net demand for safety|050723,20260201-C816-A668-LARGE-#1,2026-02-01
2026-02-06,80848026,A668,8,80848026|0386|A668|2026-02-01|net demand for forecast|050445,20260201-0386-A668-Train-#1,2026-02-01
2026-02-06,80848026,A668,11,80848026|0386|A668|2026-02-01|net demand for forecast|050446,20260201-0386-A668-Train-#1,2026-02-01
2026-02-06,80848026,A668,11,80848026|0386|A668|2026-02-01|net demand for forecast|050447,20260201-0386-A668-Train-#1,2026-02-01
2026-02-06,80848026,A668,11,80848026|0386|A668|2026-02-01|net demand for forecast|050448,20260201-0386-A668-Train-#1,2026-02-01
2026-02-06,80848026,A668,11,80848026|0386|A668|2026-02-01|net demand for forecast|050449,20260201-0386-A668-Train-#1,2026-02-01
2026-02-06,80848026,A668,13,80848026|0386|A668|2026-02-01|net demand for forecast|050450,20260201-0386-A668-Train-#1,2026-02-01
2026-02-06,80848026,A668,14,80848026|0386|A668|2026-02-01|net demand for forecast|050451,20260201-0386-A668-Train-#1,2026-02-01
2026-02-06,80848026,A668,14,80848026|0386|A668|2026-02-01|net demand for forecast|050452,20260201-0386-A668-Train-#1,2026-02-01
2026-02-06,80848026,A668,14,80848026|0386|A668|2026-02-01|net demand for forecast|050453,20260201-0386-A668-Train-#1,2026-02-01
2026-02-06,80848026,A668,14,80848026|0386|A668|2026-02-01|net demand for forecast|050454,20260201-0386-A668-Train-#1,2026-02-01
2026-02-06,80804134,A668,199,80804134|0386|A668|2026-02-01|net demand for safety|049771,20260201-0386-A668-Train-#1,2026-02-01
2026-02-06,80807095,A668,64,80807095|0386|A668|2026-02-01|net demand for safety|050123,20260201-0386-A668-Train-#1,2026-02-01
2026-02-06,80848026,A668,283,80848026|0386|A668|2026-02-01|net demand for safety|050455,20260201-0386-A668-Train-#1,2026-02-01
2026-02-06,80848029,A668,17,80848029|0386|A668|2026-02-01|net demand for safety|050597,20260201-0386-A668-Train-#1,2026-02-01
2026-02-06,21103372,A668,97,21103372|0386|A668|2026-02-01|push replenishment|049311,20260201-0386-A668-Train-#1,2026-02-01
2026-02-06,80804134,A668,94,80804134|0386|A668|2026-02-01|push replenishment|049772,20260201-0386-A668-Train-#1,2026-02-01
2026-02-06,80804138,A668,81,80804138|0386|A668|2026-02-01|push replenishment|049871,20260201-0386-A668-Train-#1,2026-02-01
2026-02-06,80807095,A668,131,80807095|0386|A668|2026-02-01|push replenishment|050124,20260201-0386-A668-Train-#1,2026-02-01
2026-02-06,80848029,A668,222,80848029|0386|A668|2026-02-01|push replenishment|050598,20260201-0386-A668-Train-#1,2026-02-01
2026-02-06,80848029,A673,2,80848029|0386|A673|2026-02-01|net demand for forecast|050603,20260201-0386-A673-LARGE-#1,2026-02-01
2026-02-06,80848029,A673,2,80848029|0386|A673|2026-02-01|net demand for forecast|050604,20260201-0386-A673-LARGE-#1,2026-02-01
2026-02-06,80848029,A673,3,80848029|0386|A673|2026-02-01|net demand for forecast|050605,20260201-0386-A673-LARGE-#1,2026-02-01
2026-02-06,80848029,A673,3,80848029|0386|A673|2026-02-01|net demand for forecast|050606,20260201-0386-A673-LARGE-#1,2026-02-01
2026-02-06,80848029,A673,4,80848029|0386|A673|2026-02-01|net demand for forecast|050608,20260201-0386-A673-LARGE-#1,2026-02-01
2026-02-06,80848029,A673,4,80848029|0386|A673|2026-02-01|net demand for forecast|050609,20260201-0386-A673-LARGE-#1,2026-02-01
2026-02-06,80848029,A673,5,80848029|0386|A673|2026-02-01|net demand for forecast|050610,20260201-0386-A673-LARGE-#1,2026-02-01
2026-02-06,80848029,A673,5,80848029|0386|A673|2026-02-01|net demand for forecast|050611,20260201-0386-A673-LARGE-#1,2026-02-01
2026-02-06,80848029,A673,5,80848029|0386|A673|2026-02-01|net demand for forecast|050612,20260201-0386-A673-LARGE-#1,2026-02-01
2026-02-06,80848026,A673,9,80848026|0386|A673|2026-02-01|net demand for net demand for forecast|050487,20260201-0386-A673-LARGE-#1,2026-02-01
2026-02-06,80848026,A673,9,80848026|0386|A673|2026-02-01|net demand for net demand for forecast|050488,20260201-0386-A673-LARGE-#1,2026-02-01
2026-02-06,80848026,A673,10,80848026|0386|A673|2026-02-01|net demand for net demand for forecast|050489,20260201-0386-A673-LARGE-#1,2026-02-01
2026-02-06,80848026,A673,10,80848026|0386|A673|2026-02-01|net demand for net demand for forecast|050490,20260201-0386-A673-LARGE-#1,2026-02-01
2026-02-06,80848029,A673,1,80848029|0386|A673|2026-02-01|net demand for net demand for forecast|050613,20260201-0386-A673-LARGE-#1,2026-02-01
2026-02-06,80848029,A673,1,80848029|0386|A673|2026-02-01|net demand for net demand for forecast|050614,20260201-0386-A673-LARGE-#1,2026-02-01
2026-02-06,80848029,A673,2,80848029|0386|A673|2026-02-01|net demand for net demand for forecast|050615,20260201-0386-A673-LARGE-#1,2026-02-01
2026-02-06,80848029,A673,2,80848029|0386|A673|2026-02-01|net demand for net demand for forecast|050616,20260201-0386-A673-LARGE-#1,2026-02-01
2026-02-06,80848029,A673,2,80848029|0386|A673|2026-02-01|net demand for net demand for forecast|050617,20260201-0386-A673-LARGE-#1,2026-02-01
2026-02-06,80848029,A673,2,80848029|0386|A673|2026-02-01|net demand for net demand for forecast|050619,20260201-0386-A673-LARGE-#1,2026-02-01
2026-02-06,80848029,A673,2,80848029|0386|A673|2026-02-01|net demand for net demand for forecast|050620,20260201-0386-A673-LARGE-#1,2026-02-01
2026-02-06,80848029,A673,2,80848029|0386|A673|2026-02-01|net demand for net demand for forecast|050621,20260201-0386-A673-LARGE-#1,2026-02-01
2026-02-06,80848029,A673,11,80848029|0386|A673|2026-02-01|net demand for net demand for forecast|050622,20260201-0386-A673-LARGE-#1,2026-02-01
2026-02-06,80848029,A673,12,80848029|0386|A673|2026-02-01|net demand for net demand for forecast|050624,20260201-0386-A673-LARGE-#1,2026-02-01
2026-02-06,80848029,A673,12,80848029|0386|A673|2026-02-01|net demand for net demand for forecast|050625,20260201-0386-A673-LARGE-#1,2026-02-01
2026-02-06,21103372,A673,151,21103372|0386|A673|2026-02-01|net demand for safety|049316,20260201-0386-A673-LARGE-#1,2026-02-01
2026-02-06,80804134,A673,552,80804134|0386|A673|2026-02-01|net demand for safety|049778,20260201-0386-A673-LARGE-#1,2026-02-01
2026-02-06,80807095,A673,193,80807095|0386|A673|2026-02-01|net demand for safety|050155,20260201-0386-A673-LARGE-#1,2026-02-01
2026-02-06,80807105,A673,176,80807105|0386|A673|2026-02-01|net demand for safety|050220,20260201-0386-A673-LARGE-#1,2026-02-01
2026-02-06,80848026,A673,1127,80848026|0386|A673|2026-02-01|net demand for safety|050491,20260201-0386-A673-LARGE-#1,2026-02-01
2026-02-06,80848029,A673,136,80848029|0386|A673|2026-02-01|net demand for safety|050628,20260201-0386-A673-LARGE-#1,2026-02-01
2026-02-06,21103372,A673,19,21103372|0386|A673|2026-02-01|net demand for net demand for safety|049314,20260201-0386-A673-LARGE-#1,2026-02-01
2026-02-06,21315352,A673,1,21315352|0386|A673|2026-02-01|net demand for net demand for safety|049560,20260201-0386-A673-LARGE-#1,2026-02-01
2026-02-06,21325292,A673,1,21325292|0386|A673|2026-02-01|net demand for net demand for safety|049579,20260201-0386-A673-LARGE-#1,2026-02-01
2026-02-06,80804134,A673,10,80804134|0386|A673|2026-02-01|net demand for net demand for safety|049777,20260201-0386-A673-LARGE-#1,2026-02-01
2026-02-06,80807095,A673,167,80807095|0386|A673|2026-02-01|net demand for net demand for safety|050154,20260201-0386-A673-LARGE-#1,2026-02-01
2026-02-06,80848022,A673,1,80848022|0386|A673|2026-02-01|net demand for net demand for safety|050399,20260201-0386-A673-LARGE-#1,2026-02-01
2026-02-06,80848029,A673,95,80848029|0386|A673|2026-02-01|net demand for net demand for safety|050627,20260201-0386-A673-LARGE-#1,2026-02-01
2026-02-06,21103372,A673,244,21103372|0386|A673|2026-02-01|push replenishment|049317,20260201-0386-A673-LARGE-#1,2026-02-01
2026-02-06,21303404,A673,410,21303404|0386|A673|2026-02-01|push replenishment|049514,20260201-0386-A673-LARGE-#1,2026-02-01
2026-02-06,80804134,A673,362,80804134|0386|A673|2026-02-01|push replenishment|049779,20260201-0386-A673-LARGE-#1,2026-02-01
2026-02-06,80804138,A673,289,80804138|0386|A673|2026-02-01|push replenishment|049873,20260201-0386-A673-LARGE-#1,2026-02-01
2026-02-06,80807095,A673,331,80807095|0386|A673|2026-02-01|push replenishment|050156,20260201-0386-A673-LARGE-#1,2026-02-01
2026-02-06,80848029,A673,414,80848029|0386|A673|2026-02-01|push replenishment|050629,20260201-0386-A673-LARGE-#1,2026-02-01
2026-02-06,21315474,E556,2,21315474|A672|E556|2026-02-01|net demand for forecast|049571,20260202-A672-E556-SMALL-#1,2026-02-02
2026-02-06,80804127,E556,1,80804127|A672|E556|2026-02-01|net demand for forecast|049712,20260202-A672-E556-SMALL-#1,2026-02-02
2026-02-06,21315352,E556,1,21315352|A672|E556|2026-02-02|net demand for forecast|050935,20260202-A672-E556-SMALL-#1,2026-02-02
2026-02-06,21315474,E556,1,21315474|A672|E556|2026-02-02|net demand for forecast|050941,20260202-A672-E556-SMALL-#1,2026-02-02
2026-02-06,21315474,E556,1,21315474|A672|E556|2026-02-02|net demand for forecast|050942,20260202-A672-E556-SMALL-#1,2026-02-02
2026-02-06,80804137,E556,2,80804137|A672|E556|2026-02-02|net demand for forecast|051149,20260202-A672-E556-SMALL-#1,2026-02-02
2026-02-06,80807097,E556,1,80807097|A672|E556|2026-02-02|net demand for forecast|051402,20260202-A672-E556-SMALL-#1,2026-02-02
2026-02-06,80812846,E556,1,80812846|A672|E556|2026-02-02|net demand for forecast|051548,20260202-A672-E556-SMALL-#1,2026-02-02
2026-02-06,80848022,E556,1,80848022|A672|E556|2026-02-02|net demand for forecast|051575,20260202-A672-E556-SMALL-#1,2026-02-02
2026-02-06,80804128,E556,4,80804128|A672|E556|2026-02-01|net demand for safety|049716,20260202-A672-E556-SMALL-#1,2026-02-02
2026-02-06,80812846,E556,8,80812846|A672|E556|2026-02-02|net demand for safety|051549,20260202-A672-E556-SMALL-#1,2026-02-02
2026-02-06,80807089,A673,2,80807089|C816|A673|2026-02-02|net demand for net demand for normal|051332,20260202-C816-A673-LARGE-#1,2026-02-02
2026-02-06,80804698,A673,1,80804698|C816|A673|2026-02-02|net demand for forecast|051167,20260202-C816-A673-LARGE-#1,2026-02-02
2026-02-06,80804698,A673,1,80804698|C816|A673|2026-02-02|net demand for forecast|051168,20260202-C816-A673-LARGE-#1,2026-02-02
2026-02-06,80804698,A673,1,80804698|C816|A673|2026-02-02|net demand for forecast|051170,20260202-C816-A673-LARGE-#1,2026-02-02
2026-02-06,80804698,A673,1,80804698|C816|A673|2026-02-02|net demand for forecast|051171,20260202-C816-A673-LARGE-#1,2026-02-02
2026-02-06,80804698,A673,1,80804698|C816|A673|2026-02-02|net demand for forecast|051172,20260202-C816-A673-LARGE-#1,2026-02-02
2026-02-06,80848025,A673,1,80848025|C816|A673|2026-02-02|net demand for forecast|051626,20260202-C816-A673-LARGE-#1,2026-02-02
2026-02-06,80848025,A673,1,80848025|C816|A673|2026-02-02|net demand for forecast|051628,20260202-C816-A673-LARGE-#1,2026-02-02
2026-02-06,80848025,A673,1,80848025|C816|A673|2026-02-02|net demand for forecast|051629,20260202-C816-A673-LARGE-#1,2026-02-02
2026-02-06,80848025,A673,1,80848025|C816|A673|2026-02-02|net demand for forecast|051630,20260202-C816-A673-LARGE-#1,2026-02-02
2026-02-06,80848025,A673,1,80848025|C816|A673|2026-02-02|net demand for forecast|051631,20260202-C816-A673-LARGE-#1,2026-02-02
2026-02-06,80804704,A673,1,80804704|C816|A673|2026-02-02|net demand for net demand for forecast|051252,20260202-C816-A673-LARGE-#1,2026-02-02
2026-02-06,80804704,A673,1,80804704|C816|A673|2026-02-02|net demand for net demand for forecast|051253,20260202-C816-A673-LARGE-#1,2026-02-02
2026-02-06,80804704,A673,1,80804704|C816|A673|2026-02-02|net demand for net demand for forecast|051254,20260202-C816-A673-LARGE-#1,2026-02-02
2026-02-06,80804704,A673,1,80804704|C816|A673|2026-02-02|net demand for net demand for forecast|051256,20260202-C816-A673-LARGE-#1,2026-02-02
2026-02-06,80804704,A673,3,80804704|C816|A673|2026-02-02|net demand for net demand for forecast|051258,20260202-C816-A673-LARGE-#1,2026-02-02
2026-02-06,80804704,A673,3,80804704|C816|A673|2026-02-02|net demand for net demand for forecast|051259,20260202-C816-A673-LARGE-#1,2026-02-02
2026-02-06,80804704,A673,3,80804704|C816|A673|2026-02-02|net demand for net demand for forecast|051260,20260202-C816-A673-LARGE-#1,2026-02-02
2026-02-06,80807089,A673,13,80807089|C816|A673|2026-02-02|net demand for net demand for forecast|051328,20260202-C816-A673-LARGE-#1,2026-02-02
2026-02-06,80807089,A673,13,80807089|C816|A673|2026-02-02|net demand for net demand for forecast|051329,20260202-C816-A673-LARGE-#1,2026-02-02
2026-02-06,80807089,A673,13,80807089|C816|A673|2026-02-02|net demand for net demand for forecast|051330,20260202-C816-A673-LARGE-#1,2026-02-02
2026-02-06,80807089,A673,13,80807089|C816|A673|2026-02-02|net demand for net demand for forecast|051331,20260202-C816-A673-LARGE-#1,2026-02-02
2026-02-06,21307836,A673,11,21307836|C816|A673|2026-02-02|net demand for safety|050897,20260202-C816-A673-LARGE-#1,2026-02-02
2026-02-06,21414747,A673,26,21414747|C816|A673|2026-02-02|net demand for safety|050974,20260202-C816-A673-LARGE-#1,2026-02-02
2026-02-06,21419500,A673,46,21419500|C816|A673|2026-02-02|net demand for safety|050997,20260202-C816-A673-LARGE-#1,2026-02-02
2026-02-06,21442422,A673,47,21442422|C816|A673|2026-02-02|net demand for safety|051015,20260202-C816-A673-LARGE-#1,2026-02-02
2026-02-06,80804699,A673,13,80804699|C816|A673|2026-02-02|net demand for safety|051177,20260202-C816-A673-LARGE-#1,2026-02-02
2026-02-06,80804702,A673,3,80804702|C816|A673|2026-02-02|net demand for safety|051199,20260202-C816-A673-LARGE-#1,2026-02-02
2026-02-06,80804706,A673,7,80804706|C816|A673|2026-02-02|net demand for safety|051317,20260202-C816-A673-LARGE-#1,2026-02-02
2026-02-06,80807093,A673,8,80807093|C816|A673|2026-02-02|net demand for safety|051386,20260202-C816-A673-LARGE-#1,2026-02-02
2026-02-06,80807117,A673,5,80807117|C816|A673|2026-02-02|net demand for safety|051481,20260202-C816-A673-LARGE-#1,2026-02-02
2026-02-06,80807122,A673,2,80807122|C816|A673|2026-02-02|net demand for safety|051495,20260202-C816-A673-LARGE-#1,2026-02-02
2026-02-06,80848021,A673,9,80848021|C816|A673|2026-02-02|net demand for safety|051570,20260202-C816-A673-LARGE-#1,2026-02-02
2026-02-06,80848025,A673,5,80848025|C816|A673|2026-02-02|net demand for safety|051632,20260202-C816-A673-LARGE-#1,2026-02-02
2026-02-06,80848031,A673,6,80848031|C816|A673|2026-02-02|net demand for safety|051654,20260202-C816-A673-LARGE-#1,2026-02-02
2026-02-06,80864469,A673,39,80864469|C816|A673|2026-02-02|net demand for safety|051675,20260202-C816-A673-LARGE-#1,2026-02-02
2026-02-06,80868100,A673,3,80868100|C816|A673|2026-02-02|net demand for safety|051693,20260202-C816-A673-LARGE-#1,2026-02-02
2026-02-06,80868101,A673,4,80868101|C816|A673|2026-02-02|net demand for safety|051694,20260202-C816-A673-LARGE-#1,2026-02-02
2026-02-06,80868102,A673,3,80868102|C816|A673|2026-02-02|net demand for safety|051707,20260202-C816-A673-LARGE-#1,2026-02-02
2026-02-06,80884846,A673,1,80884846|C816|A673|2026-02-02|net demand for safety|051715,20260202-C816-A673-LARGE-#1,2026-02-02
2026-02-06,80884848,A673,3,80884848|C816|A673|2026-02-02|net demand for safety|051716,20260202-C816-A673-LARGE-#1,2026-02-02
2026-02-06,80884852,A673,6,80884852|C816|A673|2026-02-02|net demand for safety|051718,20260202-C816-A673-LARGE-#1,2026-02-02
2026-02-06,80804701,A673,25,80804701|C816|A673|2026-02-02|net demand for net demand for safety|051197,20260202-C816-A673-LARGE-#1,2026-02-02
2026-02-06,80804703,A673,7,80804703|C816|A673|2026-02-02|net demand for net demand for safety|051208,20260202-C816-A673-LARGE-#1,2026-02-02
2026-02-06,80804704,A673,49,80804704|C816|A673|2026-02-02|net demand for net demand for safety|051261,20260202-C816-A673-LARGE-#1,2026-02-02
2026-02-06,80804705,A673,126,80804705|C816|A673|2026-02-02|net demand for net demand for safety|051295,20260202-C816-A673-LARGE-#1,2026-02-02
2026-02-06,80804706,A673,8,80804706|C816|A673|2026-02-02|net demand for net demand for safety|051316,20260202-C816-A673-LARGE-#1,2026-02-02
2026-02-06,80807093,A673,3,80807093|C816|A673|2026-02-02|net demand for net demand for safety|051385,20260202-C816-A673-LARGE-#1,2026-02-02
2026-02-06,80848021,A673,22,80848021|C816|A673|2026-02-02|net demand for net demand for safety|051569,20260202-C816-A673-LARGE-#1,2026-02-02
2026-02-06,80848031,A673,5,80848031|C816|A673|2026-02-02|net demand for net demand for safety|051653,20260202-C816-A673-LARGE-#1,2026-02-02
2026-02-06,21314875,D901,1,21314875|A673|D901|2026-02-03|net demand for normal|052011,20260203-A673-D901-SMALL-#1,2026-02-03
2026-02-06,21132988,D901,2,21132988|A673|D901|2026-02-03|net demand for forecast|051785,20260203-A673-D901-SMALL-#1,2026-02-03
2026-02-06,80804705,D901,7,80804705|A673|D901|2026-02-03|net demand for forecast|052340,20260203-A673-D901-SMALL-#1,2026-02-03
2026-02-06,80804705,D901,7,80804705|A673|D901|2026-02-03|net demand for forecast|052341,20260203-A673-D901-SMALL-#1,2026-02-03
2026-02-06,80807095,D901,5,80807095|A673|D901|2026-02-03|net demand for forecast|052546,20260203-A673-D901-SMALL-#1,2026-02-03
2026-02-06,80848031,D901,1,80848031|A673|D901|2026-02-03|net demand for forecast|052831,20260203-A673-D901-SMALL-#1,2026-02-03
2026-02-06,21128067,D901,1,21128067|A673|D901|2026-02-03|net demand for safety|051765,20260203-A673-D901-SMALL-#1,2026-02-03
2026-02-06,21143103,D901,20,21143103|A673|D901|2026-02-03|net demand for safety|051876,20260203-A673-D901-SMALL-#1,2026-02-03
2026-02-06,80807091,D901,8,80807091|A673|D901|2026-02-03|net demand for safety|052509,20260203-A673-D901-SMALL-#1,2026-02-03
2026-02-06,80848028,D767,1,80848028|C810|D767|2026-02-01|net demand for forecast|050584,20260203-C810-D767-SMALL-#1,2026-02-03
2026-02-06,21315350,D767,3,21315350|C810|D767|2026-02-02|net demand for forecast|050930,20260203-C810-D767-SMALL-#1,2026-02-03
2026-02-06,21141769,D767,3,21141769|C810|D767|2026-02-03|net demand for forecast|051856,20260203-C810-D767-SMALL-#1,2026-02-03
2026-02-06,21315350,D767,1,21315350|C810|D767|2026-02-03|net demand for forecast|052019,20260203-C810-D767-SMALL-#1,2026-02-03
2026-02-06,21315350,D767,1,21315350|C810|D767|2026-02-03|net demand for forecast|052020,20260203-C810-D767-SMALL-#1,2026-02-03
2026-02-06,80804704,D767,2,80804704|C810|D767|2026-02-03|net demand for forecast|052279,20260203-C810-D767-SMALL-#1,2026-02-03
2026-02-06,80807095,D767,5,80807095|C810|D767|2026-02-03|net demand for forecast|052556,20260203-C810-D767-SMALL-#1,2026-02-03
2026-02-06,80807112,D767,1,80807112|C810|D767|2026-02-01|net demand for safety|050262,20260203-C810-D767-SMALL-#1,2026-02-03
2026-02-06,80812839,D767,1,80812839|C810|D767|2026-02-01|net demand for safety|050335,20260203-C810-D767-SMALL-#1,2026-02-03
2026-02-06,80804698,D767,1,80804698|C810|D767|2026-02-02|net demand for safety|051158,20260203-C810-D767-SMALL-#1,2026-02-03
2026-02-06,21148509,C810,2,21148509|0386|C810|2026-02-03|net demand for forecast|051914,20260203-0386-C810-LARGE-#1,2026-02-03
2026-02-06,21151196,C810,1,21151196|0386|C810|2026-02-03|net demand for forecast|051960,20260203-0386-C810-LARGE-#1,2026-02-03
2026-02-06,21151196,C810,1,21151196|0386|C810|2026-02-03|net demand for forecast|051962,20260203-0386-C810-LARGE-#1,2026-02-03
2026-02-06,80805856,C810,2,80805856|0386|C810|2026-02-03|net demand for forecast|052435,20260203-0386-C810-LARGE-#1,2026-02-03
2026-02-06,80805856,C810,6,80805856|0386|C810|2026-02-03|net demand for net demand for forecast|052455,20260203-0386-C810-LARGE-#1,2026-02-03
2026-02-06,21314875,D901,4,21314875|A673|D901|2026-02-04|net demand for normal|053061,20260204-A673-D901-SMALL-#1,2026-02-04
2026-02-06,21132758,D901,10,21132758|A673|D901|2026-02-04|net demand for forecast|052949,20260204-A673-D901-SMALL-#1,2026-02-04
2026-02-06,21132758,D901,10,21132758|A673|D901|2026-02-04|net demand for forecast|052950,20260204-A673-D901-SMALL-#1,2026-02-04
2026-02-06,21132758,D901,10,21132758|A673|D901|2026-02-04|net demand for forecast|052951,20260204-A673-D901-SMALL-#1,2026-02-04
2026-02-06,21132758,D901,10,21132758|A673|D901|2026-02-04|net demand for forecast|052952,20260204-A673-D901-SMALL-#1,2026-02-04
2026-02-06,21132988,D901,6,21132988|A673|D901|2026-02-04|net demand for forecast|052955,20260204-A673-D901-SMALL-#1,2026-02-04
2026-02-06,21132988,D901,6,21132988|A673|D901|2026-02-04|net demand for forecast|052956,20260204-A673-D901-SMALL-#1,2026-02-04
2026-02-06,21132988,D901,6,21132988|A673|D901|2026-02-04|net demand for forecast|052957,20260204-A673-D901-SMALL-#1,2026-02-04
2026-02-06,21132988,D901,6,21132988|A673|D901|2026-02-04|net demand for forecast|052958,20260204-A673-D901-SMALL-#1,2026-02-04
2026-02-06,21133312,D901,2,21133312|A673|D901|2026-02-04|net demand for forecast|052962,20260204-A673-D901-SMALL-#1,2026-02-04
2026-02-06,21133312,D901,2,21133312|A673|D901|2026-02-04|net demand for forecast|052964,20260204-A673-D901-SMALL-#1,2026-02-04
2026-02-06,21133312,D901,2,21133312|A673|D901|2026-02-04|net demand for forecast|052965,20260204-A673-D901-SMALL-#1,2026-02-04
2026-02-06,21137866,D901,4,21137866|A673|D901|2026-02-04|net demand for forecast|052968,20260204-A673-D901-SMALL-#1,2026-02-04
2026-02-06,21137866,D901,4,21137866|A673|D901|2026-02-04|net demand for forecast|052969,20260204-A673-D901-SMALL-#1,2026-02-04
2026-02-06,21137866,D901,4,21137866|A673|D901|2026-02-04|net demand for forecast|052970,20260204-A673-D901-SMALL-#1,2026-02-04
2026-02-06,21137866,D901,4,21137866|A673|D901|2026-02-04|net demand for forecast|052971,20260204-A673-D901-SMALL-#1,2026-02-04
2026-02-06,21151196,D901,6,21151196|A673|D901|2026-02-04|net demand for forecast|053021,20260204-A673-D901-SMALL-#1,2026-02-04
2026-02-06,21151196,D901,6,21151196|A673|D901|2026-02-04|net demand for forecast|053022,20260204-A673-D901-SMALL-#1,2026-02-04
2026-02-06,21151196,D901,6,21151196|A673|D901|2026-02-04|net demand for forecast|053023,20260204-A673-D901-SMALL-#1,2026-02-04
2026-02-06,21151196,D901,6,21151196|A673|D901|2026-02-04|net demand for forecast|053024,20260204-A673-D901-SMALL-#1,2026-02-04
2026-02-06,21314875,D901,2,21314875|A673|D901|2026-02-04|net demand for forecast|053057,20260204-A673-D901-SMALL-#1,2026-02-04
2026-02-06,21314875,D901,2,21314875|A673|D901|2026-02-04|net demand for forecast|053058,20260204-A673-D901-SMALL-#1,2026-02-04
2026-02-06,21314875,D901,2,21314875|A673|D901|2026-02-04|net demand for forecast|053059,20260204-A673-D901-SMALL-#1,2026-02-04
2026-02-06,21314875,D901,2,21314875|A673|D901|2026-02-04|net demand for forecast|053060,20260204-A673-D901-SMALL-#1,2026-02-04
2026-02-06,21315350,D901,2,21315350|A673|D901|2026-02-04|net demand for forecast|053064,20260204-A673-D901-SMALL-#1,2026-02-04
2026-02-06,21315350,D901,2,21315350|A673|D901|2026-02-04|net demand for forecast|053065,20260204-A673-D901-SMALL-#1,2026-02-04
2026-02-06,21315350,D901,2,21315350|A673|D901|2026-02-04|net demand for forecast|053066,20260204-A673-D901-SMALL-#1,2026-02-04
2026-02-06,21315350,D901,2,21315350|A673|D901|2026-02-04|net demand for forecast|053067,20260204-A673-D901-SMALL-#1,2026-02-04
2026-02-06,80804704,D901,6,80804704|A673|D901|2026-02-04|net demand for forecast|053332,20260204-A673-D901-SMALL-#1,2026-02-04
2026-02-06,80804704,D901,7,80804704|A673|D901|2026-02-04|net demand for forecast|053333,20260204-A673-D901-SMALL-#1,2026-02-04
2026-02-06,80804704,D901,7,80804704|A673|D901|2026-02-04|net demand for forecast|053334,20260204-A673-D901-SMALL-#1,2026-02-04
2026-02-06,80807089,D901,5,80807089|A673|D901|2026-02-04|net demand for forecast|053436,20260204-A673-D901-SMALL-#1,2026-02-04
2026-02-06,80807089,D901,5,80807089|A673|D901|2026-02-04|net demand for forecast|053437,20260204-A673-D901-SMALL-#1,2026-02-04
2026-02-06,80807089,D901,5,80807089|A673|D901|2026-02-04|net demand for forecast|053438,20260204-A673-D901-SMALL-#1,2026-02-04
2026-02-06,21121751,D901,1,21121751|A673|D901|2026-02-04|net demand for safety|052913,20260204-A673-D901-SMALL-#1,2026-02-04
2026-02-06,21128067,D901,16,21128067|A673|D901|2026-02-04|net demand for safety|052917,20260204-A673-D901-SMALL-#1,2026-02-04
2026-02-06,21132988,D901,32,21132988|A673|D901|2026-02-04|net demand for safety|052959,20260204-A673-D901-SMALL-#1,2026-02-04
2026-02-06,21143103,D901,5,21143103|A673|D901|2026-02-04|net demand for safety|053013,20260204-A673-D901-SMALL-#1,2026-02-04
2026-02-06,21155895,D901,2,21155895|A673|D901|2026-02-04|net demand for safety|053025,20260204-A673-D901-SMALL-#1,2026-02-04
2026-02-06,21170683,D901,5,21170683|A673|D901|2026-02-04|net demand for safety|053029,20260204-A673-D901-SMALL-#1,2026-02-04
2026-02-06,21314593,D901,2,21314593|A673|D901|2026-02-04|net demand for safety|053049,20260204-A673-D901-SMALL-#1,2026-02-04
2026-02-06,21314594,D901,3,21314594|A673|D901|2026-02-04|net demand for safety|053051,20260204-A673-D901-SMALL-#1,2026-02-04
2026-02-06,21314595,D901,1,21314595|A673|D901|2026-02-04|net demand for safety|053052,20260204-A673-D901-SMALL-#1,2026-02-04
2026-02-06,21314875,D901,16,21314875|A673|D901|2026-02-04|net demand for safety|053062,20260204-A673-D901-SMALL-#1,2026-02-04
2026-02-06,21315474,D901,6,21315474|A673|D901|2026-02-04|net demand for safety|053086,20260204-A673-D901-SMALL-#1,2026-02-04
2026-02-06,80795932,D901,1,80795932|A673|D901|2026-02-04|net demand for safety|053195,20260204-A673-D901-SMALL-#1,2026-02-04
2026-02-06,80804133,D901,13,80804133|A673|D901|2026-02-04|net demand for safety|053225,20260204-A673-D901-SMALL-#1,2026-02-04
2026-02-06,80804138,D901,4,80804138|A673|D901|2026-02-04|net demand for safety|053267,20260204-A673-D901-SMALL-#1,2026-02-04
2026-02-06,80804705,D901,102,80804705|A673|D901|2026-02-04|net demand for safety|053392,20260204-A673-D901-SMALL-#1,2026-02-04
2026-02-06,80807089,D901,51,80807089|A673|D901|2026-02-04|net demand for safety|053439,20260204-A673-D901-SMALL-#1,2026-02-04
2026-02-06,80807091,D901,6,80807091|A673|D901|2026-02-04|net demand for safety|053463,20260204-A673-D901-SMALL-#1,2026-02-04
2026-02-06,80807112,D901,9,80807112|A673|D901|2026-02-04|net demand for safety|053577,20260204-A673-D901-SMALL-#1,2026-02-04
2026-02-06,80807118,D901,5,80807118|A673|D901|2026-02-04|net demand for safety|053611,20260204-A673-D901-SMALL-#1,2026-02-04
2026-02-06,80807119,D901,12,80807119|A673|D901|2026-02-04|net demand for safety|053628,20260204-A673-D901-SMALL-#1,2026-02-04
2026-02-06,80807120,D901,7,80807120|A673|D901|2026-02-04|net demand for safety|053630,20260204-A673-D901-SMALL-#1,2026-02-04
2026-02-06,80840976,D901,2,80840976|A673|D901|2026-02-04|net demand for safety|053682,20260204-A673-D901-SMALL-#1,2026-02-04
2026-02-06,80848027,D901,3,80848027|A673|D901|2026-02-04|net demand for safety|053779,20260204-A673-D901-SMALL-#1,2026-02-04
2026-02-06,80848028,D901,9,80848028|A673|D901|2026-02-04|net demand for safety|053787,20260204-A673-D901-SMALL-#1,2026-02-04
2026-02-06,21128377,C816,104,21128377|0386|C816|2026-02-04|net demand for safety|052946,20260204-0386-C816-LARGE-#1,2026-02-04
2026-02-06,21142560,C816,31,21142560|0386|C816|2026-02-04|net demand for safety|053009,20260204-0386-C816-LARGE-#1,2026-02-04
2026-02-06,21307836,C816,1,21307836|0386|C816|2026-02-04|net demand for safety|053035,20260204-0386-C816-LARGE-#1,2026-02-04
2026-02-06,80807116,C816,4,80807116|0386|C816|2026-02-05|net demand for forecast|054657,20260205-0386-C816-LARGE-#1,2026-02-05
2026-02-06,80807116,C816,6,80807116|0386|C816|2026-02-05|net demand for forecast|054658,20260205-0386-C816-LARGE-#1,2026-02-05
2026-02-06,80807116,C816,7,80807116|0386|C816|2026-02-05|net demand for forecast|054659,20260205-0386-C816-LARGE-#1,2026-02-05
2026-02-06,80807116,C816,10,80807116|0386|C816|2026-02-05|net demand for forecast|054660,20260205-0386-C816-LARGE-#1,2026-02-05
2026-02-06,80807116,C816,10,80807116|0386|C816|2026-02-05|net demand for forecast|054661,20260205-0386-C816-LARGE-#1,2026-02-05
2026-02-06,80807116,C816,10,80807116|0386|C816|2026-02-05|net demand for forecast|054662,20260205-0386-C816-LARGE-#1,2026-02-05
2026-02-06,80807116,C816,12,80807116|0386|C816|2026-02-05|net demand for forecast|054663,20260205-0386-C816-LARGE-#1,2026-02-05
2026-02-06,21419485,C816,2,21419485|0386|C816|2026-02-05|net demand for net demand for forecast|054120,20260205-0386-C816-LARGE-#1,2026-02-05
2026-02-06,21419485,C816,2,21419485|0386|C816|2026-02-05|net demand for net demand for forecast|054121,20260205-0386-C816-LARGE-#1,2026-02-05
2026-02-06,21419485,C816,2,21419485|0386|C816|2026-02-05|net demand for net demand for forecast|054122,20260205-0386-C816-LARGE-#1,2026-02-05
2026-02-06,21419485,C816,2,21419485|0386|C816|2026-02-05|net demand for net demand for forecast|054123,20260205-0386-C816-LARGE-#1,2026-02-05
2026-02-06,21419485,C816,2,21419485|0386|C816|2026-02-05|net demand for net demand for forecast|054125,20260205-0386-C816-LARGE-#1,2026-02-05
2026-02-06,21419485,C816,2,21419485|0386|C816|2026-02-05|net demand for net demand for forecast|054126,20260205-0386-C816-LARGE-#1,2026-02-05
2026-02-06,21419485,C816,3,21419485|0386|C816|2026-02-05|net demand for net demand for forecast|054128,20260205-0386-C816-LARGE-#1,2026-02-05
2026-02-06,21419485,C816,3,21419485|0386|C816|2026-02-05|net demand for net demand for forecast|054129,20260205-0386-C816-LARGE-#1,2026-02-05
2026-02-06,21419485,C816,3,21419485|0386|C816|2026-02-05|net demand for net demand for forecast|054130,20260205-0386-C816-LARGE-#1,2026-02-05
2026-02-06,21419485,C816,3,21419485|0386|C816|2026-02-05|net demand for net demand for forecast|054131,20260205-0386-C816-LARGE-#1,2026-02-05
2026-02-06,21419485,C816,3,21419485|0386|C816|2026-02-05|net demand for net demand for forecast|054132,20260205-0386-C816-LARGE-#1,2026-02-05
2026-02-06,21419485,C816,3,21419485|0386|C816|2026-02-05|net demand for net demand for forecast|054133,20260205-0386-C816-LARGE-#1,2026-02-05
2026-02-06,80804136,C816,1,80804136|0386|C816|2026-02-05|net demand for net demand for forecast|054288,20260205-0386-C816-LARGE-#1,2026-02-05
2026-02-06,80804136,C816,1,80804136|0386|C816|2026-02-05|net demand for net demand for forecast|054289,20260205-0386-C816-LARGE-#1,2026-02-05
2026-02-06,80804136,C816,1,80804136|0386|C816|2026-02-05|net demand for net demand for forecast|054290,20260205-0386-C816-LARGE-#1,2026-02-05
2026-02-06,80804136,C816,1,80804136|0386|C816|2026-02-05|net demand for net demand for forecast|054291,20260205-0386-C816-LARGE-#1,2026-02-05
2026-02-06,80804136,C816,1,80804136|0386|C816|2026-02-05|net demand for net demand for forecast|054292,20260205-0386-C816-LARGE-#1,2026-02-05
2026-02-06,80804136,C816,1,80804136|0386|C816|2026-02-05|net demand for net demand for forecast|054293,20260205-0386-C816-LARGE-#1,2026-02-05
2026-02-06,80804136,C816,1,80804136|0386|C816|2026-02-05|net demand for net demand for forecast|054294,20260205-0386-C816-LARGE-#1,2026-02-05
2026-02-06,80807116,C816,1,80807116|0386|C816|2026-02-05|net demand for net demand for forecast|054664,20260205-0386-C816-LARGE-#1,2026-02-05
2026-02-06,80807116,C816,1,80807116|0386|C816|2026-02-05|net demand for net demand for forecast|054665,20260205-0386-C816-LARGE-#1,2026-02-05
2026-02-06,21132758,C816,202,21132758|0386|C816|2026-02-05|net demand for safety|053956,20260205-0386-C816-LARGE-#1,2026-02-05
2026-02-06,21133312,C816,70,21133312|0386|C816|2026-02-05|net demand for safety|054006,20260205-0386-C816-LARGE-#1,2026-02-05
2026-02-06,21143110,C816,11,21143110|0386|C816|2026-02-05|net demand for safety|054028,20260205-0386-C816-LARGE-#1,2026-02-05
2026-02-06,21151196,C816,1,21151196|0386|C816|2026-02-05|net demand for safety|054044,20260205-0386-C816-LARGE-#1,2026-02-05
2026-02-06,21162696,C816,18,21162696|0386|C816|2026-02-05|net demand for safety|054074,20260205-0386-C816-LARGE-#1,2026-02-05
2026-02-06,21419485,C816,145,21419485|0386|C816|2026-02-05|net demand for safety|054136,20260205-0386-C816-LARGE-#1,2026-02-05
2026-02-06,80804136,C816,57,80804136|0386|C816|2026-02-05|net demand for safety|054295,20260205-0386-C816-LARGE-#1,2026-02-05
2026-02-06,80804137,C816,27,80804137|0386|C816|2026-02-05|net demand for safety|054313,20260205-0386-C816-LARGE-#1,2026-02-05
2026-02-06,80807089,C816,3,80807089|0386|C816|2026-02-05|net demand for safety|054452,20260205-0386-C816-LARGE-#1,2026-02-05
2026-02-06,80807116,C816,146,80807116|0386|C816|2026-02-05|net demand for safety|054669,20260205-0386-C816-LARGE-#1,2026-02-05
2026-02-06,80812099,C816,15,80812099|0386|C816|2026-02-05|net demand for safety|054694,20260205-0386-C816-LARGE-#1,2026-02-05
2026-02-06,80848026,C816,587,80848026|0386|C816|2026-02-05|net demand for safety|054876,20260205-0386-C816-LARGE-#1,2026-02-05
2026-02-06,21132758,C816,10,21132758|0386|C816|2026-02-05|net demand for net demand for safety|053955,20260205-0386-C816-LARGE-#1,2026-02-05
2026-02-06,21133312,C816,4,21133312|0386|C816|2026-02-05|net demand for net demand for safety|054005,20260205-0386-C816-LARGE-#1,2026-02-05
2026-02-06,21143110,C816,4,21143110|0386|C816|2026-02-05|net demand for net demand for safety|054027,20260205-0386-C816-LARGE-#1,2026-02-05
2026-02-06,21419485,C816,17,21419485|0386|C816|2026-02-05|net demand for net demand for safety|054134,20260205-0386-C816-LARGE-#1,2026-02-05
2026-02-06,21419485,C816,68,21419485|0386|C816|2026-02-05|net demand for net demand for safety|054135,20260205-0386-C816-LARGE-#1,2026-02-05
2026-02-06,80804137,C816,10,80804137|0386|C816|2026-02-05|net demand for net demand for safety|054312,20260205-0386-C816-LARGE-#1,2026-02-05
2026-02-06,80807116,C816,23,80807116|0386|C816|2026-02-05|net demand for net demand for safety|054667,20260205-0386-C816-LARGE-#1,2026-02-05
2026-02-06,80807116,C816,105,80807116|0386|C816|2026-02-05|net demand for net demand for safety|054668,20260205-0386-C816-LARGE-#1,2026-02-05
2026-02-06,80884852,C816,2,80884852|0386|C816|2026-02-05|net demand for net demand for safety|054941,20260205-0386-C816-LARGE-#1,2026-02-05
2026-02-06,21132758,C816,110,21132758|0386|C816|2026-02-05|push replenishment|053957,20260205-0386-C816-LARGE-#1,2026-02-05
2026-02-06,21133312,C816,71,21133312|0386|C816|2026-02-05|push replenishment|054007,20260205-0386-C816-LARGE-#1,2026-02-05
2026-02-06,21143110,C816,697,21143110|0386|C816|2026-02-05|push replenishment|054029,20260205-0386-C816-LARGE-#1,2026-02-05
2026-02-06,21162696,C816,23,21162696|0386|C816|2026-02-05|push replenishment|054075,20260205-0386-C816-LARGE-#1,2026-02-05
2026-02-06,21291975,C816,19,21291975|0386|C816|2026-02-05|push replenishment|054088,20260205-0386-C816-LARGE-#1,2026-02-05
2026-02-06,21419485,C816,2781,21419485|0386|C816|2026-02-05|push replenishment|054137,20260205-0386-C816-LARGE-#1,2026-02-05
2026-02-06,80804137,C816,115,80804137|0386|C816|2026-02-05|push replenishment|054314,20260205-0386-C816-LARGE-#1,2026-02-05
2026-02-06,80807110,C816,265,80807110|0386|C816|2026-02-05|push replenishment|054563,20260205-0386-C816-LARGE-#1,2026-02-05
2026-02-06,80812099,C816,37,80812099|0386|C816|2026-02-05|push replenishment|054695,20260205-0386-C816-LARGE-#1,2026-02-05
2026-02-06,80863643,C816,121,80863643|0386|C816|2026-02-05|push replenishment|054913,20260205-0386-C816-LARGE-#1,2026-02-05
