date,material,sending,receiving,quantity,ori_deployment_uid,actual_ship_date,actual_delivery_date,type
2026-02-18,80807096,A673,D901,1,80807096|A673|D901|2026-02-16|net demand for normal|061883,2026-02-18,2026-02-20,delivery_shipment
2026-02-18,80807096,A673,D901,1,80807096|A673|D901|2026-02-17|net demand for normal|062529,2026-02-18,2026-02-21,delivery_shipment
2026-02-18,21121756,A673,D901,1,21121756|A673|D901|2026-02-15|net demand for forecast|061179,2026-02-18,2026-02-20,delivery_shipment
2026-02-18,21121756,A673,D901,1,21121756|A673|D901|2026-02-15|net demand for forecast|061180,2026-02-18,2026-02-20,delivery_shipment
2026-02-18,21121756,A673,D901,1,21121756|A673|D901|2026-02-15|net demand for forecast|061181,2026-02-18,2026-02-20,delivery_shipment
2026-02-18,21121756,A673,D901,1,21121756|A673|D901|2026-02-15|net demand for forecast|061182,2026-02-18,2026-02-20,delivery_shipment
2026-02-18,21113405,A673,D901,1,21113405|A673|D901|2026-02-16|net demand for forecast|061503,2026-02-18,2026-02-20,delivery_shipment
2026-02-18,21113405,A673,D901,1,21113405|A673|D901|2026-02-16|net demand for forecast|061504,2026-02-18,2026-02-20,delivery_shipment
2026-02-18,21113405,A673,D901,1,21113405|A673|D901|2026-02-16|net demand for forecast|061505,2026-02-18,2026-02-20,delivery_shipment
2026-02-18,21113405,A673,D901,1,21113405|A673|D901|2026-02-16|net demand for forecast|061506,2026-02-18,2026-02-20,delivery_shipment
2026-02-18,80807096,A673,D901,1,80807096|A673|D901|2026-02-16|net demand for forecast|061879,2026-02-18,2026-02-20,delivery_shipment
2026-02-18,80807096,A673,D901,2,80807096|A673|D901|2026-02-16|net demand for forecast|061880,2026-02-18,2026-02-21,delivery_shipment
2026-02-18,80807096,A673,D901,2,80807096|A673|D901|2026-02-16|net demand for forecast|061881,2026-02-18,2026-02-20,delivery_shipment
2026-02-18,80807096,A673,D901,2,80807096|A673|D901|2026-02-16|net demand for forecast|061882,2026-02-18,2026-02-20,delivery_shipment
2026-02-18,80807096,A673,D901,1,80807096|A673|D901|2026-02-17|net demand for forecast|062525,2026-02-18,2026-02-20,delivery_shipment
2026-02-18,80807096,A673,D901,1,80807096|A673|D901|2026-02-17|net demand for forecast|062526,2026-02-18,2026-02-20,delivery_shipment
2026-02-18,80807096,A673,D901,1,80807096|A673|D901|2026-02-17|net demand for forecast|062527,2026-02-18,2026-02-20,delivery_shipment
2026-02-18,80807096,A673,D901,1,80807096|A673|D901|2026-02-17|net demand for forecast|062528,2026-02-18,2026-02-20,delivery_shipment
2026-02-18,21171453,A673,D901,1,21171453|A673|D901|2026-02-18|net demand for forecast|062850,2026-02-18,2026-02-20,delivery_shipment
2026-02-18,21171453,A673,D901,1,21171453|A673|D901|2026-02-18|net demand for forecast|062851,2026-02-18,2026-02-20,delivery_shipment
2026-02-18,21171453,A673,D901,1,21171453|A673|D901|2026-02-18|net demand for forecast|062852,2026-02-18,2026-02-20,delivery_shipment
2026-02-18,21171453,A673,D901,1,21171453|A673|D901|2026-02-18|net demand for forecast|062853,2026-02-18,2026-02-20,delivery_shipment
2026-02-18,21103372,A673,D901,1,21103372|A673|D901|2026-02-14|net demand for safety|060840,2026-02-18,2026-02-20,delivery_shipment
2026-02-18,21113405,A673,D901,1,21113405|A673|D901|2026-02-14|net demand for safety|060843,2026-02-18,2026-02-20,delivery_shipment
2026-02-18,21121751,A673,D901,4,21121751|A673|D901|2026-02-14|net demand for safety|060850,2026-02-18,2026-02-20,delivery_shipment
2026-02-18,21121756,A673,D901,2,21121756|A673|D901|2026-02-14|net demand for safety|060854,2026-02-18,2026-02-20,delivery_shipment
2026-02-18,21127730,A673,D901,2,21127730|A673|D901|2026-02-14|net demand for safety|060855,2026-02-18,2026-02-20,delivery_shipment
2026-02-18,21143103,A673,D901,2,21143103|A673|D901|2026-02-14|net demand for safety|060873,2026-02-18,2026-02-20,delivery_shipment
2026-02-18,21165816,A673,D901,1,21165816|A673|D901|2026-02-14|net demand for safety|060886,2026-02-18,2026-02-20,delivery_shipment
2026-02-18,21165868,A673,D901,1,21165868|A673|D901|2026-02-14|net demand for safety|060887,2026-02-18,2026-02-20,delivery_shipment
2026-02-18,21170683,A673,D901,18,21170683|A673|D901|2026-02-14|net demand for safety|060888,2026-02-18,2026-02-20,delivery_shipment
2026-02-18,21170686,A673,D901,1,21170686|A673|D901|2026-02-14|net demand for safety|060889,2026-02-18,2026-02-20,delivery_shipment
2026-02-18,21171453,A673,D901,4,21171453|A673|D901|2026-02-14|net demand for safety|060890,2026-02-18,2026-02-20,delivery_shipment
2026-02-18,21176384,A673,D901,1,21176384|A673|D901|2026-02-14|net demand for safety|060891,2026-02-18,2026-02-21,delivery_shipment
2026-02-18,21314876,A673,D901,1,21314876|A673|D901|2026-02-14|net demand for safety|060906,2026-02-18,2026-02-21,delivery_shipment
2026-02-18,21325292,A673,D901,1,21325292|A673|D901|2026-02-14|net demand for safety|060934,2026-02-18,2026-02-20,delivery_shipment
2026-02-18,80793613,A673,D901,1,80793613|A673|D901|2026-02-14|net demand for safety|060990,2026-02-18,2026-02-20,delivery_shipment
2026-02-18,80795932,A673,D901,2,80795932|A673|D901|2026-02-14|net demand for safety|060991,2026-02-18,2026-02-20,delivery_shipment
2026-02-18,80804701,A673,D901,13,80804701|A673|D901|2026-02-14|net demand for safety|061027,2026-02-18,2026-02-20,delivery_shipment
2026-02-18,80804703,A673,D901,4,80804703|A673|D901|2026-02-14|net demand for safety|061028,2026-02-18,2026-02-20,delivery_shipment
2026-02-18,80807092,A673,D901,13,80807092|A673|D901|2026-02-14|net demand for safety|061045,2026-02-18,2026-02-20,delivery_shipment
2026-02-18,80807100,A673,D901,1,80807100|A673|D901|2026-02-14|net demand for safety|061047,2026-02-18,2026-02-20,delivery_shipment
2026-02-18,80848027,A673,D901,1,80848027|A673|D901|2026-02-14|net demand for safety|061092,2026-02-18,2026-02-20,delivery_shipment
2026-02-18,21113405,A673,D901,2,21113405|A673|D901|2026-02-15|net demand for safety|061176,2026-02-18,2026-02-21,delivery_shipment
2026-02-18,21121756,A673,D901,3,21121756|A673|D901|2026-02-15|net demand for safety|061183,2026-02-18,2026-02-20,delivery_shipment
2026-02-18,21127730,A673,D901,1,21127730|A673|D901|2026-02-15|net demand for safety|061187,2026-02-18,2026-02-20,delivery_shipment
2026-02-18,21128067,A673,D901,1,21128067|A673|D901|2026-02-15|net demand for safety|061205,2026-02-18,2026-02-20,delivery_shipment
2026-02-18,21143103,A673,D901,2,21143103|A673|D901|2026-02-15|net demand for safety|061215,2026-02-18,2026-02-20,delivery_shipment
2026-02-18,21170686,A673,D901,1,21170686|A673|D901|2026-02-15|net demand for safety|061221,2026-02-18,2026-02-20,delivery_shipment
2026-02-18,21170691,A673,D901,1,21170691|A673|D901|2026-02-15|net demand for safety|061222,2026-02-18,2026-02-20,delivery_shipment
2026-02-18,21171453,A673,D901,4,21171453|A673|D901|2026-02-15|net demand for safety|061224,2026-02-18,2026-02-21,delivery_shipment
2026-02-18,21315352,A673,D901,14,21315352|A673|D901|2026-02-15|net demand for safety|061258,2026-02-18,2026-02-20,delivery_shipment
2026-02-18,80793613,A673,D901,4,80793613|A673|D901|2026-02-15|net demand for safety|061320,2026-02-18,2026-02-21,delivery_shipment
2026-02-18,80795932,A673,D901,2,80795932|A673|D901|2026-02-15|net demand for safety|061321,2026-02-18,2026-02-20,delivery_shipment
2026-02-18,80807092,A673,D901,1,80807092|A673|D901|2026-02-15|net demand for safety|061375,2026-02-18,2026-02-20,delivery_shipment
2026-02-18,21113405,A673,D901,2,21113405|A673|D901|2026-02-16|net demand for safety|061507,2026-02-18,2026-02-21,delivery_shipment
2026-02-18,21128067,A673,D901,1,21128067|A673|D901|2026-02-16|net demand for safety|061534,2026-02-18,2026-02-20,delivery_shipment
2026-02-18,21132758,A673,D901,2,21132758|A673|D901|2026-02-16|net demand for safety|061537,2026-02-18,2026-02-20,delivery_shipment
2026-02-18,21143103,A673,D901,1,21143103|A673|D901|2026-02-16|net demand for safety|061597,2026-02-18,2026-02-20,delivery_shipment
2026-02-18,21165946,A673,D901,2,21165946|A673|D901|2026-02-16|net demand for safety|061614,2026-02-18,2026-02-20,delivery_shipment
2026-02-18,80804134,A673,D901,19,80804134|A673|D901|2026-02-16|net demand for safety|061796,2026-02-18,2026-02-20,delivery_shipment
2026-02-18,80804701,A673,D901,1,80804701|A673|D901|2026-02-16|net demand for safety|061843,2026-02-18,2026-02-20,delivery_shipment
2026-02-18,80807096,A673,D901,68,80807096|A673|D901|2026-02-16|net demand for safety|061884,2026-02-18,2026-02-20,delivery_shipment
2026-02-18,80807097,A673,D901,2,80807097|A673|D901|2026-02-16|net demand for safety|061891,2026-02-18,2026-02-20,delivery_shipment
2026-02-18,21127730,A673,D901,1,21127730|A673|D901|2026-02-17|net demand for safety|062151,2026-02-18,2026-02-20,delivery_shipment
2026-02-18,21128067,A673,D901,1,21128067|A673|D901|2026-02-17|net demand for safety|062154,2026-02-18,2026-02-20,delivery_shipment
2026-02-18,21132988,A673,D901,3,21132988|A673|D901|2026-02-17|net demand for safety|062178,2026-02-18,2026-02-20,delivery_shipment
2026-02-18,21137866,A673,D901,8,21137866|A673|D901|2026-02-17|net demand for safety|062190,2026-02-18,2026-02-20,delivery_shipment
2026-02-18,21143103,A673,D901,1,21143103|A673|D901|2026-02-17|net demand for safety|062211,2026-02-18,2026-02-20,delivery_shipment
2026-02-18,21165946,A673,D901,4,21165946|A673|D901|2026-02-17|net demand for safety|062220,2026-02-18,2026-02-21,delivery_shipment
2026-02-18,21171453,A673,D901,2,21171453|A673|D901|2026-02-17|net demand for safety|062224,2026-02-18,2026-02-20,delivery_shipment
2026-02-18,21314593,A673,D901,1,21314593|A673|D901|2026-02-17|net demand for safety|062237,2026-02-18,2026-02-20,delivery_shipment
2026-02-18,21315350,A673,D901,10,21315350|A673|D901|2026-02-17|net demand for safety|062266,2026-02-18,2026-02-20,delivery_shipment
2026-02-18,80793613,A673,D901,1,80793613|A673|D901|2026-02-17|net demand for safety|062375,2026-02-18,2026-02-20,delivery_shipment
2026-02-18,80807096,A673,D901,1,80807096|A673|D901|2026-02-17|net demand for safety|062530,2026-02-18,2026-02-20,delivery_shipment
2026-02-18,80812846,A673,D901,1,80812846|A673|D901|2026-02-17|net demand for safety|062642,2026-02-18,2026-02-20,delivery_shipment
2026-02-18,80848021,A673,D901,1,80848021|A673|D901|2026-02-17|net demand for safety|062651,2026-02-18,2026-02-20,delivery_shipment
2026-02-18,21103372,A673,D901,6,21103372|A673|D901|2026-02-18|net demand for safety|062757,2026-02-18,2026-02-20,delivery_shipment
2026-02-18,21128067,A673,D901,2,21128067|A673|D901|2026-02-18|net demand for safety|062775,2026-02-18,2026-02-20,delivery_shipment
2026-02-18,21128377,A673,D901,5,21128377|A673|D901|2026-02-18|net demand for safety|062783,2026-02-18,2026-02-20,delivery_shipment
2026-02-18,21132988,A673,D901,5,21132988|A673|D901|2026-02-18|net demand for safety|062790,2026-02-18,2026-02-20,delivery_shipment
2026-02-18,21137866,A673,D901,6,21137866|A673|D901|2026-02-18|net demand for safety|062805,2026-02-18,2026-02-20,delivery_shipment
2026-02-18,21143103,A673,D901,1,21143103|A673|D901|2026-02-18|net demand for safety|062824,2026-02-18,2026-02-20,delivery_shipment
2026-02-18,21143110,A673,D901,3,21143110|A673|D901|2026-02-18|net demand for safety|062826,2026-02-18,2026-02-20,delivery_shipment
2026-02-18,21148509,A673,D901,4,21148509|A673|D901|2026-02-18|net demand for safety|062830,2026-02-18,2026-02-20,delivery_shipment
2026-02-18,21155895,A673,D901,3,21155895|A673|D901|2026-02-18|net demand for safety|062837,2026-02-18,2026-02-20,delivery_shipment
2026-02-18,21165946,A673,D901,4,21165946|A673|D901|2026-02-18|net demand for safety|062843,2026-02-18,2026-02-20,delivery_shipment
2026-02-18,21170683,A673,D901,1,21170683|A673|D901|2026-02-18|net demand for safety|062847,2026-02-18,2026-02-20,delivery_shipment
2026-02-18,21171453,A673,D901,4,21171453|A673|D901|2026-02-18|net demand for safety|062854,2026-02-18,2026-02-20,delivery_shipment
2026-02-18,21314593,A673,D901,2,21314593|A673|D901|2026-02-18|net demand for safety|062866,2026-02-18,2026-02-20,delivery_shipment
2026-02-18,21315350,A673,D901,2,21315350|A673|D901|2026-02-18|net demand for safety|062879,2026-02-18,2026-02-20,delivery_shipment
2026-02-18,21325292,A673,D901,4,21325292|A673|D901|2026-02-18|net demand for safety|062894,2026-02-18,2026-02-20,delivery_shipment
2026-02-18,80793613,A673,D901,6,80793613|A673|D901|2026-02-18|net demand for safety|062986,2026-02-18,2026-02-20,delivery_shipment
2026-02-18,80795932,A673,D901,2,80795932|A673|D901|2026-02-18|net demand for safety|062987,2026-02-18,2026-02-20,delivery_shipment
2026-02-18,80807089,A673,D901,1,80807089|A673|D901|2026-02-18|net demand for safety|063190,2026-02-18,2026-02-20,delivery_shipment
2026-02-18,80807092,A673,D901,3,80807092|A673|D901|2026-02-18|net demand for safety|063202,2026-02-18,2026-02-20,delivery_shipment
2026-02-18,80807095,A673,D901,5,80807095|A673|D901|2026-02-18|net demand for safety|063211,2026-02-18,2026-02-20,delivery_shipment
2026-02-18,80807097,A673,D901,4,80807097|A673|D901|2026-02-18|net demand for safety|063225,2026-02-18,2026-02-20,delivery_shipment
2026-02-18,80807100,A673,D901,5,80807100|A673|D901|2026-02-18|net demand for safety|063230,2026-02-18,2026-02-20,delivery_shipment
2026-02-18,80807102,A673,D901,5,80807102|A673|D901|2026-02-18|net demand for safety|063234,2026-02-18,2026-02-20,delivery_shipment
2026-02-18,80807120,A673,D901,2,80807120|A673|D901|2026-02-18|net demand for safety|063297,2026-02-18,2026-02-20,delivery_shipment
2026-02-18,80812845,A673,D901,6,80812845|A673|D901|2026-02-18|net demand for safety|063363,2026-02-18,2026-02-20,delivery_shipment
2026-02-18,80812846,A673,D901,6,80812846|A673|D901|2026-02-18|net demand for safety|063373,2026-02-18,2026-02-20,delivery_shipment
2026-02-18,80848021,A673,D901,3,80848021|A673|D901|2026-02-18|net demand for safety|063382,2026-02-18,2026-02-20,delivery_shipment
2026-02-18,21315350,A672,E556,1,21315350|A672|E556|2026-02-18|net demand for normal|062878,2026-02-18,2026-02-22,delivery_shipment
2026-02-18,21133493,A672,E556,1,21133493|A672|E556|2026-02-18|net demand for forecast|062797,2026-02-18,2026-02-21,delivery_shipment
2026-02-18,21133493,A672,E556,1,21133493|A672|E556|2026-02-18|net demand for forecast|062798,2026-02-18,2026-02-21,delivery_shipment
2026-02-18,21133493,A672,E556,1,21133493|A672|E556|2026-02-18|net demand for forecast|062799,2026-02-18,2026-02-21,delivery_shipment
2026-02-18,21133493,A672,E556,1,21133493|A672|E556|2026-02-18|net demand for forecast|062800,2026-02-18,2026-02-21,delivery_shipment
2026-02-18,21133493,A672,E556,1,21133493|A672|E556|2026-02-18|net demand for forecast|062801,2026-02-18,2026-02-21,delivery_shipment
2026-02-18,80804127,A672,E556,1,80804127|A672|E556|2026-02-18|net demand for forecast|062989,2026-02-18,2026-02-21,delivery_shipment
2026-02-18,80804127,A672,E556,1,80804127|A672|E556|2026-02-18|net demand for forecast|062990,2026-02-18,2026-02-21,delivery_shipment
2026-02-18,80804127,A672,E556,1,80804127|A672|E556|2026-02-18|net demand for forecast|062991,2026-02-18,2026-02-22,delivery_shipment
2026-02-18,80804127,A672,E556,1,80804127|A672|E556|2026-02-18|net demand for forecast|062992,2026-02-18,2026-02-21,delivery_shipment
2026-02-18,80804134,A672,E556,2,80804134|A672|E556|2026-02-18|net demand for forecast|063023,2026-02-18,2026-02-21,delivery_shipment
2026-02-18,80804134,A672,E556,3,80804134|A672|E556|2026-02-18|net demand for forecast|063024,2026-02-18,2026-02-21,delivery_shipment
2026-02-18,80804134,A672,E556,3,80804134|A672|E556|2026-02-18|net demand for forecast|063025,2026-02-18,2026-02-21,delivery_shipment
2026-02-18,80804134,A672,E556,3,80804134|A672|E556|2026-02-18|net demand for forecast|063026,2026-02-18,2026-02-21,delivery_shipment
2026-02-18,80804134,A672,E556,3,80804134|A672|E556|2026-02-18|net demand for forecast|063027,2026-02-18,2026-02-21,delivery_shipment
2026-02-18,80807105,A672,E556,1,80807105|A672|E556|2026-02-18|net demand for forecast|063240,2026-02-18,2026-02-21,delivery_shipment
2026-02-18,80807105,A672,E556,1,80807105|A672|E556|2026-02-18|net demand for forecast|063241,2026-02-18,2026-02-21,delivery_shipment
2026-02-18,80807105,A672,E556,1,80807105|A672|E556|2026-02-18|net demand for forecast|063242,2026-02-18,2026-02-21,delivery_shipment
2026-02-18,80812841,A672,E556,1,80812841|A672|E556|2026-02-18|net demand for forecast|063351,2026-02-18,2026-02-21,delivery_shipment
2026-02-18,80812841,A672,E556,1,80812841|A672|E556|2026-02-18|net demand for forecast|063352,2026-02-18,2026-02-21,delivery_shipment
2026-02-18,80812841,A672,E556,1,80812841|A672|E556|2026-02-18|net demand for forecast|063353,2026-02-18,2026-02-21,delivery_shipment
2026-02-18,80812841,A672,E556,1,80812841|A672|E556|2026-02-18|net demand for forecast|063354,2026-02-18,2026-02-21,delivery_shipment
2026-02-18,80812841,A672,E556,1,80812841|A672|E556|2026-02-18|net demand for forecast|063355,2026-02-18,2026-02-21,delivery_shipment
2026-02-18,21127799,A672,E556,5,21127799|A672|E556|2026-02-18|net demand for safety|062773,2026-02-18,2026-02-21,delivery_shipment
2026-02-18,21127800,A672,E556,5,21127800|A672|E556|2026-02-18|net demand for safety|062774,2026-02-18,2026-02-21,delivery_shipment
2026-02-18,21133493,A672,E556,13,21133493|A672|E556|2026-02-18|net demand for safety|062802,2026-02-18,2026-02-21,delivery_shipment
2026-02-18,21138340,A672,E556,19,21138340|A672|E556|2026-02-18|net demand for safety|062812,2026-02-18,2026-02-21,delivery_shipment
2026-02-18,21162696,A672,E556,1,21162696|A672|E556|2026-02-18|net demand for safety|062841,2026-02-18,2026-02-21,delivery_shipment
2026-02-18,21179704,A672,E556,4,21179704|A672|E556|2026-02-18|net demand for safety|062855,2026-02-18,2026-02-21,delivery_shipment
2026-02-18,21303404,A672,E556,2,21303404|A672|E556|2026-02-18|net demand for safety|062860,2026-02-18,2026-02-21,delivery_shipment
2026-02-18,21314593,A672,E556,12,21314593|A672|E556|2026-02-18|net demand for safety|062865,2026-02-18,2026-02-22,delivery_shipment
2026-02-18,21314594,A672,E556,3,21314594|A672|E556|2026-02-18|net demand for safety|062869,2026-02-18,2026-02-21,delivery_shipment
2026-02-18,21315474,A672,E556,15,21315474|A672|E556|2026-02-18|net demand for safety|062888,2026-02-18,2026-02-21,delivery_shipment
2026-02-18,21325164,A672,E556,5,21325164|A672|E556|2026-02-18|net demand for safety|062892,2026-02-18,2026-02-21,delivery_shipment
2026-02-18,21325292,A672,E556,14,21325292|A672|E556|2026-02-18|net demand for safety|062893,2026-02-18,2026-02-21,delivery_shipment
2026-02-18,80804127,A672,E556,5,80804127|A672|E556|2026-02-18|net demand for safety|062993,2026-02-18,2026-02-22,delivery_shipment
2026-02-18,80804128,A672,E556,4,80804128|A672|E556|2026-02-18|net demand for safety|062994,2026-02-18,2026-02-22,delivery_shipment
2026-02-18,80804130,A672,E556,4,80804130|A672|E556|2026-02-18|net demand for safety|062998,2026-02-18,2026-02-21,delivery_shipment
2026-02-18,80804132,A672,E556,13,80804132|A672|E556|2026-02-18|net demand for safety|063002,2026-02-18,2026-02-21,delivery_shipment
2026-02-18,80804133,A672,E556,5,80804133|A672|E556|2026-02-18|net demand for safety|063007,2026-02-18,2026-02-21,delivery_shipment
2026-02-18,80804134,A672,E556,29,80804134|A672|E556|2026-02-18|net demand for safety|063028,2026-02-18,2026-02-21,delivery_shipment
2026-02-18,80804136,A672,E556,2,80804136|A672|E556|2026-02-18|net demand for safety|063053,2026-02-18,2026-02-21,delivery_shipment
2026-02-18,80804137,A672,E556,6,80804137|A672|E556|2026-02-18|net demand for safety|063061,2026-02-18,2026-02-21,delivery_shipment
2026-02-18,80804138,A672,E556,11,80804138|A672|E556|2026-02-18|net demand for safety|063065,2026-02-18,2026-02-21,delivery_shipment
2026-02-18,80805856,A672,E556,9,80805856|A672|E556|2026-02-18|net demand for safety|063189,2026-02-18,2026-02-21,delivery_shipment
2026-02-18,80807091,A672,E556,4,80807091|A672|E556|2026-02-18|net demand for safety|063197,2026-02-18,2026-02-21,delivery_shipment
2026-02-18,80807092,A672,E556,7,80807092|A672|E556|2026-02-18|net demand for safety|063201,2026-02-18,2026-02-22,delivery_shipment
2026-02-18,80807095,A672,E556,12,80807095|A672|E556|2026-02-18|net demand for safety|063210,2026-02-18,2026-02-21,delivery_shipment
2026-02-18,80807096,A672,E556,60,80807096|A672|E556|2026-02-18|net demand for safety|063215,2026-02-18,2026-02-21,delivery_shipment
2026-02-18,80807097,A672,E556,2,80807097|A672|E556|2026-02-18|net demand for safety|063224,2026-02-18,2026-02-21,delivery_shipment
2026-02-18,80807100,A672,E556,35,80807100|A672|E556|2026-02-18|net demand for safety|063229,2026-02-18,2026-02-22,delivery_shipment
2026-02-18,80807102,A672,E556,2,80807102|A672|E556|2026-02-18|net demand for safety|063233,2026-02-18,2026-02-21,delivery_shipment
2026-02-18,80807105,A672,E556,13,80807105|A672|E556|2026-02-18|net demand for safety|063243,2026-02-18,2026-02-21,delivery_shipment
2026-02-18,80807110,A672,E556,16,80807110|A672|E556|2026-02-18|net demand for safety|063248,2026-02-18,2026-02-21,delivery_shipment
2026-02-18,80807112,A672,E556,11,80807112|A672|E556|2026-02-18|net demand for safety|063253,2026-02-18,2026-02-21,delivery_shipment
2026-02-18,80807113,A672,E556,2,80807113|A672|E556|2026-02-18|net demand for safety|063258,2026-02-18,2026-02-21,delivery_shipment
2026-02-18,80807115,A672,E556,22,80807115|A672|E556|2026-02-18|net demand for safety|063278,2026-02-18,2026-02-21,delivery_shipment
2026-02-18,80807116,A672,E556,11,80807116|A672|E556|2026-02-18|net demand for safety|063281,2026-02-18,2026-02-21,delivery_shipment
2026-02-18,80807118,A672,E556,17,80807118|A672|E556|2026-02-18|net demand for safety|063287,2026-02-18,2026-02-21,delivery_shipment
2026-02-18,80807119,A672,E556,9,80807119|A672|E556|2026-02-18|net demand for safety|063292,2026-02-18,2026-02-21,delivery_shipment
2026-02-18,80807120,A672,E556,4,80807120|A672|E556|2026-02-18|net demand for safety|063296,2026-02-18,2026-02-21,delivery_shipment
2026-02-18,80812099,A672,E556,3,80812099|A672|E556|2026-02-18|net demand for safety|063305,2026-02-18,2026-02-21,delivery_shipment
2026-02-18,80812103,A672,E556,1,80812103|A672|E556|2026-02-18|net demand for safety|063308,2026-02-18,2026-02-21,delivery_shipment
2026-02-18,80812154,A672,E556,2,80812154|A672|E556|2026-02-18|net demand for safety|063315,2026-02-18,2026-02-21,delivery_shipment
2026-02-18,80812840,A672,E556,7,80812840|A672|E556|2026-02-18|net demand for safety|063339,2026-02-18,2026-02-21,delivery_shipment
2026-02-18,80812841,A672,E556,8,80812841|A672|E556|2026-02-18|net demand for safety|063356,2026-02-18,2026-02-21,delivery_shipment
2026-02-18,80812845,A672,E556,12,80812845|A672|E556|2026-02-18|net demand for safety|063361,2026-02-18,2026-02-21,delivery_shipment
2026-02-18,80812846,A672,E556,14,80812846|A672|E556|2026-02-18|net demand for safety|063371,2026-02-18,2026-02-21,delivery_shipment
2026-02-18,80840975,A672,E556,4,80840975|A672|E556|2026-02-18|net demand for safety|063377,2026-02-18,2026-02-21,delivery_shipment
2026-02-18,80848022,A672,E556,5,80848022|A672|E556|2026-02-18|net demand for safety|063383,2026-02-18,2026-02-21,delivery_shipment
2026-02-18,80848023,A672,E556,2,80848023|A672|E556|2026-02-18|net demand for safety|063388,2026-02-18,2026-02-21,delivery_shipment
2026-02-18,80848025,A672,E556,2,80848025|A672|E556|2026-02-18|net demand for safety|063390,2026-02-18,2026-02-21,delivery_shipment
2026-02-18,80848026,A672,E556,18,80848026|A672|E556|2026-02-18|net demand for safety|063395,2026-02-18,2026-02-21,delivery_shipment
2026-02-18,80848028,A672,E556,3,80848028|A672|E556|2026-02-18|net demand for safety|063407,2026-02-18,2026-02-21,delivery_shipment
2026-02-18,80848029,A672,E556,1,80848029|A672|E556|2026-02-18|net demand for safety|063410,2026-02-18,2026-02-22,delivery_shipment
2026-02-18,80807096,C810,D767,1,80807096|C810|D767|2026-02-13|net demand for normal|060706,2026-02-18,2026-02-20,delivery_shipment
2026-02-18,21325164,C810,D767,1,21325164|C810|D767|2026-02-14|net demand for normal|060932,2026-02-18,2026-02-20,delivery_shipment
2026-02-18,80804134,C810,D767,1,80804134|C810|D767|2026-02-16|net demand for normal|061801,2026-02-18,2026-02-20,delivery_shipment
2026-02-18,80812839,C810,D767,1,80812839|C810|D767|2026-02-16|net demand for normal|061928,2026-02-18,2026-02-21,delivery_shipment
2026-02-18,80804134,C810,D767,2,80804134|C810|D767|2026-02-17|net demand for normal|062404,2026-02-18,2026-02-20,delivery_shipment
2026-02-18,80812839,C810,D767,1,80812839|C810|D767|2026-02-17|net demand for normal|062619,2026-02-18,2026-02-20,delivery_shipment
2026-02-18,80804134,C810,D767,1,80804134|C810|D767|2026-02-18|net demand for normal|063029,2026-02-18,2026-02-20,delivery_shipment
2026-02-18,80812839,C810,D767,1,80812839|C810|D767|2026-02-18|net demand for normal|063327,2026-02-18,2026-02-20,delivery_shipment
2026-02-18,21325164,C810,D767,1,21325164|C810|D767|2026-02-13|net demand for forecast|060514,2026-02-18,2026-02-20,delivery_shipment
2026-02-18,21325164,C810,D767,1,21325164|C810|D767|2026-02-13|net demand for forecast|060515,2026-02-18,2026-02-20,delivery_shipment
2026-02-18,21325164,C810,D767,2,21325164|C810|D767|2026-02-13|net demand for forecast|060516,2026-02-18,2026-02-20,delivery_shipment
2026-02-18,21325164,C810,D767,2,21325164|C810|D767|2026-02-13|net demand for forecast|060517,2026-02-18,2026-02-20,delivery_shipment
2026-02-18,80804134,C810,D767,4,80804134|C810|D767|2026-02-13|net demand for forecast|060618,2026-02-18,2026-02-20,delivery_shipment
2026-02-18,80804134,C810,D767,4,80804134|C810|D767|2026-02-13|net demand for forecast|060619,2026-02-18,2026-02-21,delivery_shipment
2026-02-18,80804134,C810,D767,5,80804134|C810|D767|2026-02-13|net demand for forecast|060620,2026-02-18,2026-02-20,delivery_shipment
2026-02-18,80804134,C810,D767,5,80804134|C810|D767|2026-02-13|net demand for forecast|060621,2026-02-18,2026-02-20,delivery_shipment
2026-02-18,80805856,C810,D767,3,80805856|C810|D767|2026-02-13|net demand for forecast|060676,2026-02-18,2026-02-20,delivery_shipment
2026-02-18,80805856,C810,D767,3,80805856|C810|D767|2026-02-13|net demand for forecast|060677,2026-02-18,2026-02-20,delivery_shipment
2026-02-18,80805856,C810,D767,3,80805856|C810|D767|2026-02-13|net demand for forecast|060678,2026-02-18,2026-02-20,delivery_shipment
2026-02-18,80805856,C810,D767,3,80805856|C810|D767|2026-02-13|net demand for forecast|060679,2026-02-18,2026-02-20,delivery_shipment
2026-02-18,80807096,C810,D767,1,80807096|C810|D767|2026-02-13|net demand for forecast|060702,2026-02-18,2026-02-20,delivery_shipment
2026-02-18,80807096,C810,D767,1,80807096|C810|D767|2026-02-13|net demand for forecast|060703,2026-02-18,2026-02-20,delivery_shipment
2026-02-18,80807096,C810,D767,1,80807096|C810|D767|2026-02-13|net demand for forecast|060704,2026-02-18,2026-02-20,delivery_shipment
2026-02-18,80807096,C810,D767,2,80807096|C810|D767|2026-02-13|net demand for forecast|060705,2026-02-18,2026-02-20,delivery_shipment
2026-02-18,80812841,C810,D767,2,80812841|C810|D767|2026-02-13|net demand for forecast|060739,2026-02-18,2026-02-20,delivery_shipment
2026-02-18,80812841,C810,D767,2,80812841|C810|D767|2026-02-13|net demand for forecast|060740,2026-02-18,2026-02-20,delivery_shipment
2026-02-18,80812841,C810,D767,2,80812841|C810|D767|2026-02-13|net demand for forecast|060741,2026-02-18,2026-02-20,delivery_shipment
2026-02-18,80812841,C810,D767,2,80812841|C810|D767|2026-02-13|net demand for forecast|060742,2026-02-18,2026-02-20,delivery_shipment
2026-02-18,21315350,C810,D767,1,21315350|C810|D767|2026-02-14|net demand for forecast|060916,2026-02-18,2026-02-20,delivery_shipment
2026-02-18,21315350,C810,D767,1,21315350|C810|D767|2026-02-14|net demand for forecast|060917,2026-02-18,2026-02-20,delivery_shipment
2026-02-18,21315350,C810,D767,1,21315350|C810|D767|2026-02-14|net demand for forecast|060918,2026-02-18,2026-02-20,delivery_shipment
2026-02-18,21315350,C810,D767,1,21315350|C810|D767|2026-02-14|net demand for forecast|060919,2026-02-18,2026-02-20,delivery_shipment
2026-02-18,21325164,C810,D767,1,21325164|C810|D767|2026-02-14|net demand for forecast|060928,2026-02-18,2026-02-20,delivery_shipment
2026-02-18,21325164,C810,D767,1,21325164|C810|D767|2026-02-14|net demand for forecast|060929,2026-02-18,2026-02-20,delivery_shipment
2026-02-18,21325164,C810,D767,1,21325164|C810|D767|2026-02-14|net demand for forecast|060930,2026-02-18,2026-02-20,delivery_shipment
2026-02-18,21325164,C810,D767,1,21325164|C810|D767|2026-02-14|net demand for forecast|060931,2026-02-18,2026-02-20,delivery_shipment
2026-02-18,80804134,C810,D767,1,80804134|C810|D767|2026-02-14|net demand for forecast|061014,2026-02-18,2026-02-20,delivery_shipment
2026-02-18,80804134,C810,D767,1,80804134|C810|D767|2026-02-14|net demand for forecast|061015,2026-02-18,2026-02-20,delivery_shipment
2026-02-18,80804134,C810,D767,1,80804134|C810|D767|2026-02-14|net demand for forecast|061016,2026-02-18,2026-02-20,delivery_shipment
2026-02-18,80804134,C810,D767,1,80804134|C810|D767|2026-02-14|net demand for forecast|061017,2026-02-18,2026-02-20,delivery_shipment
2026-02-18,80812839,C810,D767,1,80812839|C810|D767|2026-02-14|net demand for forecast|061067,2026-02-18,2026-02-20,delivery_shipment
2026-02-18,80812839,C810,D767,1,80812839|C810|D767|2026-02-14|net demand for forecast|061068,2026-02-18,2026-02-20,delivery_shipment
2026-02-18,80812839,C810,D767,1,80812839|C810|D767|2026-02-14|net demand for forecast|061069,2026-02-18,2026-02-20,delivery_shipment
2026-02-18,21315350,C810,D767,1,21315350|C810|D767|2026-02-15|net demand for forecast|061247,2026-02-18,2026-02-20,delivery_shipment
2026-02-18,21315350,C810,D767,1,21315350|C810|D767|2026-02-15|net demand for forecast|061248,2026-02-18,2026-02-20,delivery_shipment
2026-02-18,21315350,C810,D767,1,21315350|C810|D767|2026-02-15|net demand for forecast|061249,2026-02-18,2026-02-20,delivery_shipment
2026-02-18,21315350,C810,D767,1,21315350|C810|D767|2026-02-15|net demand for forecast|061250,2026-02-18,2026-02-20,delivery_shipment
2026-02-18,80804134,C810,D767,1,80804134|C810|D767|2026-02-15|net demand for forecast|061343,2026-02-18,2026-02-21,delivery_shipment
2026-02-18,80804134,C810,D767,1,80804134|C810|D767|2026-02-15|net demand for forecast|061344,2026-02-18,2026-02-20,delivery_shipment
2026-02-18,80804134,C810,D767,1,80804134|C810|D767|2026-02-15|net demand for forecast|061345,2026-02-18,2026-02-20,delivery_shipment
2026-02-18,80804134,C810,D767,1,80804134|C810|D767|2026-02-15|net demand for forecast|061346,2026-02-18,2026-02-20,delivery_shipment
2026-02-18,80804130,C810,D767,1,80804130|C810|D767|2026-02-16|net demand for forecast|061774,2026-02-18,2026-02-20,delivery_shipment
2026-02-18,80804130,C810,D767,1,80804130|C810|D767|2026-02-16|net demand for forecast|061775,2026-02-18,2026-02-20,delivery_shipment
2026-02-18,80804130,C810,D767,1,80804130|C810|D767|2026-02-16|net demand for forecast|061776,2026-02-18,2026-02-20,delivery_shipment
2026-02-18,80804130,C810,D767,1,80804130|C810|D767|2026-02-16|net demand for forecast|061777,2026-02-18,2026-02-20,delivery_shipment
2026-02-18,80804134,C810,D767,1,80804134|C810|D767|2026-02-16|net demand for forecast|061797,2026-02-18,2026-02-20,delivery_shipment
2026-02-18,80804134,C810,D767,1,80804134|C810|D767|2026-02-16|net demand for forecast|061798,2026-02-18,2026-02-20,delivery_shipment
2026-02-18,80804134,C810,D767,1,80804134|C810|D767|2026-02-16|net demand for forecast|061799,2026-02-18,2026-02-20,delivery_shipment
2026-02-18,80804134,C810,D767,1,80804134|C810|D767|2026-02-16|net demand for forecast|061800,2026-02-18,2026-02-20,delivery_shipment
2026-02-18,80804130,C810,D767,1,80804130|C810|D767|2026-02-17|net demand for forecast|062389,2026-02-18,2026-02-20,delivery_shipment
2026-02-18,80804130,C810,D767,1,80804130|C810|D767|2026-02-17|net demand for forecast|062390,2026-02-18,2026-02-20,delivery_shipment
2026-02-18,80804130,C810,D767,1,80804130|C810|D767|2026-02-17|net demand for forecast|062391,2026-02-18,2026-02-21,delivery_shipment
2026-02-18,80804130,C810,D767,1,80804130|C810|D767|2026-02-17|net demand for forecast|062392,2026-02-18,2026-02-21,delivery_shipment
2026-02-18,21098519,C810,D767,1,21098519|C810|D767|2026-02-13|net demand for safety|060411,2026-02-18,2026-02-21,delivery_shipment
2026-02-18,21103372,C810,D767,2,21103372|C810|D767|2026-02-13|net demand for safety|060414,2026-02-18,2026-02-20,delivery_shipment
2026-02-18,21132758,C810,D767,4,21132758|C810|D767|2026-02-13|net demand for safety|060449,2026-02-18,2026-02-20,delivery_shipment
2026-02-18,21314593,C810,D767,2,21314593|C810|D767|2026-02-13|net demand for safety|060486,2026-02-18,2026-02-21,delivery_shipment
2026-02-18,21325164,C810,D767,15,21325164|C810|D767|2026-02-13|net demand for safety|060518,2026-02-18,2026-02-20,delivery_shipment
2026-02-18,80804128,C810,D767,4,80804128|C810|D767|2026-02-13|net demand for safety|060606,2026-02-18,2026-02-21,delivery_shipment
2026-02-18,80804134,C810,D767,53,80804134|C810|D767|2026-02-13|net demand for safety|060622,2026-02-18,2026-02-21,delivery_shipment
2026-02-18,80804138,C810,D767,6,80804138|C810|D767|2026-02-13|net demand for safety|060646,2026-02-18,2026-02-20,delivery_shipment
2026-02-18,80804698,C810,D767,3,80804698|C810|D767|2026-02-13|net demand for safety|060647,2026-02-18,2026-02-20,delivery_shipment
2026-02-18,80807089,C810,D767,7,80807089|C810|D767|2026-02-13|net demand for safety|060695,2026-02-18,2026-02-20,delivery_shipment
2026-02-18,80807096,C810,D767,19,80807096|C810|D767|2026-02-13|net demand for safety|060707,2026-02-18,2026-02-20,delivery_shipment
2026-02-18,80807102,C810,D767,1,80807102|C810|D767|2026-02-13|net demand for safety|060710,2026-02-18,2026-02-20,delivery_shipment
2026-02-18,80807110,C810,D767,1,80807110|C810|D767|2026-02-13|net demand for safety|060712,2026-02-18,2026-02-20,delivery_shipment
2026-02-18,80807114,C810,D767,2,80807114|C810|D767|2026-02-13|net demand for safety|060715,2026-02-18,2026-02-20,delivery_shipment
2026-02-18,80807118,C810,D767,1,80807118|C810|D767|2026-02-13|net demand for safety|060720,2026-02-18,2026-02-21,delivery_shipment
2026-02-18,80848025,C810,D767,1,80848025|C810|D767|2026-02-13|net demand for safety|060759,2026-02-18,2026-02-20,delivery_shipment
2026-02-18,80848029,C810,D767,1,80848029|C810|D767|2026-02-13|net demand for safety|060780,2026-02-18,2026-02-20,delivery_shipment
2026-02-18,21098519,C810,D767,2,21098519|C810|D767|2026-02-14|net demand for safety|060838,2026-02-18,2026-02-20,delivery_shipment
2026-02-18,21103372,C810,D767,1,21103372|C810|D767|2026-02-14|net demand for safety|060842,2026-02-18,2026-02-20,delivery_shipment
2026-02-18,21314593,C810,D767,1,21314593|C810|D767|2026-02-14|net demand for safety|060898,2026-02-18,2026-02-21,delivery_shipment
2026-02-18,21315350,C810,D767,43,21315350|C810|D767|2026-02-14|net demand for safety|060920,2026-02-18,2026-02-20,delivery_shipment
2026-02-18,21325164,C810,D767,5,21325164|C810|D767|2026-02-14|net demand for safety|060933,2026-02-18,2026-02-20,delivery_shipment
2026-02-18,21325292,C810,D767,1,21325292|C810|D767|2026-02-14|net demand for safety|060935,2026-02-18,2026-02-20,delivery_shipment
2026-02-18,80804133,C810,D767,2,80804133|C810|D767|2026-02-14|net demand for safety|061012,2026-02-18,2026-02-20,delivery_shipment
2026-02-18,80807102,C810,D767,1,80807102|C810|D767|2026-02-14|net demand for safety|061048,2026-02-18,2026-02-20,delivery_shipment
2026-02-18,80807112,C810,D767,1,80807112|C810|D767|2026-02-14|net demand for safety|061058,2026-02-18,2026-02-20,delivery_shipment
2026-02-18,80807118,C810,D767,1,80807118|C810|D767|2026-02-14|net demand for safety|061066,2026-02-18,2026-02-20,delivery_shipment
2026-02-18,80848022,C810,D767,13,80848022|C810|D767|2026-02-14|net demand for safety|061090,2026-02-18,2026-02-20,delivery_shipment
2026-02-18,21098519,C810,D767,2,21098519|C810|D767|2026-02-15|net demand for safety|061159,2026-02-18,2026-02-20,delivery_shipment
2026-02-18,21103372,C810,D767,1,21103372|C810|D767|2026-02-15|net demand for safety|061169,2026-02-18,2026-02-20,delivery_shipment
2026-02-18,21314593,C810,D767,1,21314593|C810|D767|2026-02-15|net demand for safety|061233,2026-02-18,2026-02-20,delivery_shipment
2026-02-18,80804133,C810,D767,3,80804133|C810|D767|2026-02-15|net demand for safety|061329,2026-02-18,2026-02-21,delivery_shipment
2026-02-18,21098519,C810,D767,1,21098519|C810|D767|2026-02-16|net demand for safety|061496,2026-02-18,2026-02-20,delivery_shipment
2026-02-18,21141769,C810,D767,4,21141769|C810|D767|2026-02-16|net demand for safety|061588,2026-02-18,2026-02-20,delivery_shipment
2026-02-18,80804130,C810,D767,16,80804130|C810|D767|2026-02-16|net demand for safety|061778,2026-02-18,2026-02-20,delivery_shipment
2026-02-18,80807112,C810,D767,8,80807112|C810|D767|2026-02-16|net demand for safety|061903,2026-02-18,2026-02-20,delivery_shipment
2026-02-18,80812840,C810,D767,5,80812840|C810|D767|2026-02-16|net demand for safety|061932,2026-02-18,2026-02-20,delivery_shipment
2026-02-18,21137866,C810,D767,1,21137866|C810|D767|2026-02-17|net demand for safety|062193,2026-02-18,2026-02-20,delivery_shipment
2026-02-18,80807095,C810,D767,2,80807095|C810|D767|2026-02-17|net demand for safety|062522,2026-02-18,2026-02-20,delivery_shipment
2026-02-18,80807112,C810,D767,1,80807112|C810|D767|2026-02-17|net demand for safety|062553,2026-02-18,2026-02-20,delivery_shipment
2026-02-18,80807113,C810,D767,3,80807113|C810|D767|2026-02-17|net demand for safety|062557,2026-02-18,2026-02-20,delivery_shipment
2026-02-18,21132988,C810,D767,5,21132988|C810|D767|2026-02-18|net demand for safety|062793,2026-02-18,2026-02-20,delivery_shipment
2026-02-18,21137866,C810,D767,2,21137866|C810|D767|2026-02-18|net demand for safety|062808,2026-02-18,2026-02-20,delivery_shipment
2026-02-18,21314593,C810,D767,1,21314593|C810|D767|2026-02-18|net demand for safety|062867,2026-02-18,2026-02-20,delivery_shipment
2026-02-18,80804133,C810,D767,1,80804133|C810|D767|2026-02-18|net demand for safety|063010,2026-02-18,2026-02-20,delivery_shipment
2026-02-18,80804137,C810,D767,2,80804137|C810|D767|2026-02-18|net demand for safety|063062,2026-02-18,2026-02-20,delivery_shipment
2026-02-18,80807097,C810,D767,3,80807097|C810|D767|2026-02-18|net demand for safety|063226,2026-02-18,2026-02-20,delivery_shipment
2026-02-18,80807113,C810,D767,2,80807113|C810|D767|2026-02-18|net demand for safety|063260,2026-02-18,2026-02-20,delivery_shipment
2026-02-18,80807114,C810,D767,1,80807114|C810|D767|2026-02-18|net demand for safety|063263,2026-02-18,2026-02-20,delivery_shipment
2026-02-18,80807120,C810,D767,1,80807120|C810|D767|2026-02-18|net demand for safety|063299,2026-02-18,2026-02-20,delivery_shipment
2026-02-18,80848022,C810,D767,1,80848022|C810|D767|2026-02-18|net demand for safety|063385,2026-02-18,2026-02-20,delivery_shipment
2026-02-18,21315350,C810,C937,3,21315350|C810|C937|2026-02-18|net demand for normal|062880,2026-02-18,2026-02-23,delivery_shipment
2026-02-18,21314593,C810,C937,1,21314593|C810|C937|2026-02-16|net demand for forecast|061633,2026-02-18,2026-02-23,delivery_shipment
2026-02-18,21314593,C810,C937,1,21314593|C810|C937|2026-02-16|net demand for forecast|061634,2026-02-18,2026-02-23,delivery_shipment
2026-02-18,21314593,C810,C937,1,21314593|C810|C937|2026-02-16|net demand for forecast|061635,2026-02-18,2026-02-23,delivery_shipment
2026-02-18,21314593,C810,C937,1,21314593|C810|C937|2026-02-16|net demand for forecast|061636,2026-02-18,2026-02-23,delivery_shipment
2026-02-18,21314593,C810,C937,1,21314593|C810|C937|2026-02-16|net demand for forecast|061637,2026-02-18,2026-02-23,delivery_shipment
2026-02-18,21314593,C810,C937,1,21314593|C810|C937|2026-02-16|net demand for forecast|061638,2026-02-18,2026-02-23,delivery_shipment
2026-02-18,21314593,C810,C937,1,21314593|C810|C937|2026-02-16|net demand for forecast|061639,2026-02-18,2026-02-23,delivery_shipment
2026-02-18,21315350,C810,C937,1,21315350|C810|C937|2026-02-16|net demand for forecast|061657,2026-02-18,2026-02-23,delivery_shipment
2026-02-18,21315350,C810,C937,1,21315350|C810|C937|2026-02-16|net demand for forecast|061658,2026-02-18,2026-02-23,delivery_shipment
2026-02-18,21315350,C810,C937,1,21315350|C810|C937|2026-02-16|net demand for forecast|061659,2026-02-18,2026-02-23,delivery_shipment
2026-02-18,21315350,C810,C937,1,21315350|C810|C937|2026-02-16|net demand for forecast|061660,2026-02-18,2026-02-23,delivery_shipment
2026-02-18,21315350,C810,C937,1,21315350|C810|C937|2026-02-16|net demand for forecast|061661,2026-02-18,2026-02-24,delivery_shipment
2026-02-18,21315350,C810,C937,1,21315350|C810|C937|2026-02-16|net demand for forecast|061662,2026-02-18,2026-02-23,delivery_shipment
2026-02-18,21315350,C810,C937,2,21315350|C810|C937|2026-02-16|net demand for forecast|061663,2026-02-18,2026-02-23,delivery_shipment
2026-02-18,21325164,C810,C937,1,21325164|C810|C937|2026-02-16|net demand for forecast|061675,2026-02-18,2026-02-23,delivery_shipment
2026-02-18,21325164,C810,C937,1,21325164|C810|C937|2026-02-16|net demand for forecast|061676,2026-02-18,2026-02-23,delivery_shipment
2026-02-18,21325164,C810,C937,1,21325164|C810|C937|2026-02-16|net demand for forecast|061677,2026-02-18,2026-02-23,delivery_shipment
2026-02-18,21325164,C810,C937,1,21325164|C810|C937|2026-02-16|net demand for forecast|061678,2026-02-18,2026-02-23,delivery_shipment
2026-02-18,21314593,C810,C937,1,21314593|C810|C937|2026-02-17|net demand for forecast|062238,2026-02-18,2026-02-23,delivery_shipment
2026-02-18,21314593,C810,C937,1,21314593|C810|C937|2026-02-17|net demand for forecast|062239,2026-02-18,2026-02-24,delivery_shipment
2026-02-18,21314593,C810,C937,1,21314593|C810|C937|2026-02-17|net demand for forecast|062240,2026-02-18,2026-02-23,delivery_shipment
2026-02-18,21314593,C810,C937,1,21314593|C810|C937|2026-02-17|net demand for forecast|062241,2026-02-18,2026-02-23,delivery_shipment
2026-02-18,21314593,C810,C937,1,21314593|C810|C937|2026-02-17|net demand for forecast|062242,2026-02-18,2026-02-23,delivery_shipment
2026-02-18,21314593,C810,C937,1,21314593|C810|C937|2026-02-17|net demand for forecast|062243,2026-02-18,2026-02-23,delivery_shipment
2026-02-18,21314593,C810,C937,1,21314593|C810|C937|2026-02-17|net demand for forecast|062244,2026-02-18,2026-02-23,delivery_shipment
2026-02-18,21315350,C810,C937,3,21315350|C810|C937|2026-02-17|net demand for forecast|062267,2026-02-18,2026-02-23,delivery_shipment
2026-02-18,21315350,C810,C937,3,21315350|C810|C937|2026-02-17|net demand for forecast|062268,2026-02-18,2026-02-23,delivery_shipment
2026-02-18,21315350,C810,C937,3,21315350|C810|C937|2026-02-17|net demand for forecast|062269,2026-02-18,2026-02-23,delivery_shipment
2026-02-18,21315350,C810,C937,3,21315350|C810|C937|2026-02-17|net demand for forecast|062270,2026-02-18,2026-02-23,delivery_shipment
2026-02-18,21315350,C810,C937,3,21315350|C810|C937|2026-02-17|net demand for forecast|062271,2026-02-18,2026-02-23,delivery_shipment
2026-02-18,21315350,C810,C937,4,21315350|C810|C937|2026-02-17|net demand for forecast|062272,2026-02-18,2026-02-24,delivery_shipment
2026-02-18,21315350,C810,C937,4,21315350|C810|C937|2026-02-17|net demand for forecast|062273,2026-02-18,2026-02-23,delivery_shipment
2026-02-18,80848031,C810,C937,1,80848031|C810|C937|2026-02-18|net demand for forecast|063413,2026-02-18,2026-02-23,delivery_shipment
2026-02-18,80848031,C810,C937,2,80848031|C810|C937|2026-02-18|net demand for forecast|063414,2026-02-18,2026-02-23,delivery_shipment
2026-02-18,80848031,C810,C937,2,80848031|C810|C937|2026-02-18|net demand for forecast|063415,2026-02-18,2026-02-23,delivery_shipment
2026-02-18,21255844,C810,C937,12,21255844|C810|C937|2026-02-15|net demand for safety|061227,2026-02-18,2026-02-23,delivery_shipment
2026-02-18,21098519,C810,C937,8,21098519|C810|C937|2026-02-16|net demand for safety|061495,2026-02-18,2026-02-23,delivery_shipment
2026-02-18,21103372,C810,C937,6,21103372|C810|C937|2026-02-16|net demand for safety|061500,2026-02-18,2026-02-23,delivery_shipment
2026-02-18,21128377,C810,C937,5,21128377|C810|C937|2026-02-16|net demand for safety|061536,2026-02-18,2026-02-23,delivery_shipment
2026-02-18,21132758,C810,C937,1,21132758|C810|C937|2026-02-16|net demand for safety|061546,2026-02-18,2026-02-23,delivery_shipment
2026-02-18,21137866,C810,C937,12,21137866|C810|C937|2026-02-16|net demand for safety|061575,2026-02-18,2026-02-23,delivery_shipment
2026-02-18,21141769,C810,C937,8,21141769|C810|C937|2026-02-16|net demand for safety|061587,2026-02-18,2026-02-23,delivery_shipment
2026-02-18,21148509,C810,C937,1,21148509|C810|C937|2026-02-16|net demand for safety|061600,2026-02-18,2026-02-23,delivery_shipment
2026-02-18,21151196,C810,C937,2,21151196|C810|C937|2026-02-16|net demand for safety|061602,2026-02-18,2026-02-23,delivery_shipment
2026-02-18,21155895,C810,C937,2,21155895|C810|C937|2026-02-16|net demand for safety|061605,2026-02-18,2026-02-23,delivery_shipment
2026-02-18,21314593,C810,C937,4,21314593|C810|C937|2026-02-16|net demand for safety|061640,2026-02-18,2026-02-23,delivery_shipment
2026-02-18,21314875,C810,C937,1,21314875|C810|C937|2026-02-16|net demand for safety|061645,2026-02-18,2026-02-23,delivery_shipment
2026-02-18,21314876,C810,C937,2,21314876|C810|C937|2026-02-16|net demand for safety|061646,2026-02-18,2026-02-23,delivery_shipment
2026-02-18,21315474,C810,C937,2,21315474|C810|C937|2026-02-16|net demand for safety|061672,2026-02-18,2026-02-23,delivery_shipment
2026-02-18,21325164,C810,C937,1,21325164|C810|C937|2026-02-16|net demand for safety|061679,2026-02-18,2026-02-23,delivery_shipment
2026-02-18,80804130,C810,C937,3,80804130|C810|C937|2026-02-16|net demand for safety|061773,2026-02-18,2026-02-23,delivery_shipment
2026-02-18,80804132,C810,C937,10,80804132|C810|C937|2026-02-16|net demand for safety|061782,2026-02-18,2026-02-23,delivery_shipment
2026-02-18,80804138,C810,C937,1,80804138|C810|C937|2026-02-16|net demand for safety|061832,2026-02-18,2026-02-23,delivery_shipment
2026-02-18,80804701,C810,C937,1,80804701|C810|C937|2026-02-16|net demand for safety|061844,2026-02-18,2026-02-23,delivery_shipment
2026-02-18,80804704,C810,C937,3,80804704|C810|C937|2026-02-16|net demand for safety|061858,2026-02-18,2026-02-23,delivery_shipment
2026-02-18,80804705,C810,C937,7,80804705|C810|C937|2026-02-16|net demand for safety|061860,2026-02-18,2026-02-23,delivery_shipment
2026-02-18,80804706,C810,C937,1,80804706|C810|C937|2026-02-16|net demand for safety|061863,2026-02-18,2026-02-23,delivery_shipment
2026-02-18,80807089,C810,C937,13,80807089|C810|C937|2026-02-16|net demand for safety|061865,2026-02-18,2026-02-23,delivery_shipment
2026-02-18,80807091,C810,C937,3,80807091|C810|C937|2026-02-16|net demand for safety|061870,2026-02-18,2026-02-23,delivery_shipment
2026-02-18,80807095,C810,C937,6,80807095|C810|C937|2026-02-16|net demand for safety|061876,2026-02-18,2026-02-23,delivery_shipment
2026-02-18,80807110,C810,C937,6,80807110|C810|C937|2026-02-16|net demand for safety|061898,2026-02-18,2026-02-23,delivery_shipment
2026-02-18,80807112,C810,C937,1,80807112|C810|C937|2026-02-16|net demand for safety|061902,2026-02-18,2026-02-23,delivery_shipment
2026-02-18,80807113,C810,C937,5,80807113|C810|C937|2026-02-16|net demand for safety|061906,2026-02-18,2026-02-23,delivery_shipment
2026-02-18,80807120,C810,C937,9,80807120|C810|C937|2026-02-16|net demand for safety|061919,2026-02-18,2026-02-23,delivery_shipment
2026-02-18,80807122,C810,C937,1,80807122|C810|C937|2026-02-16|net demand for safety|061921,2026-02-18,2026-02-24,delivery_shipment
2026-02-18,80812845,C810,C937,5,80812845|C810|C937|2026-02-16|net demand for safety|061937,2026-02-18,2026-02-23,delivery_shipment
2026-02-18,80812846,C810,C937,6,80812846|C810|C937|2026-02-16|net demand for safety|061957,2026-02-18,2026-02-23,delivery_shipment
2026-02-18,80848022,C810,C937,18,80848022|C810|C937|2026-02-16|net demand for safety|061963,2026-02-18,2026-02-23,delivery_shipment
2026-02-18,80848025,C810,C937,2,80848025|C810|C937|2026-02-16|net demand for safety|061967,2026-02-18,2026-02-23,delivery_shipment
2026-02-18,80848028,C810,C937,2,80848028|C810|C937|2026-02-16|net demand for safety|061969,2026-02-18,2026-02-23,delivery_shipment
2026-02-18,80864469,C810,C937,1,80864469|C810|C937|2026-02-16|net demand for safety|061997,2026-02-18,2026-02-24,delivery_shipment
2026-02-18,21098519,C810,C937,5,21098519|C810|C937|2026-02-17|net demand for safety|062100,2026-02-18,2026-02-23,delivery_shipment
2026-02-18,21128377,C810,C937,1,21128377|C810|C937|2026-02-17|net demand for safety|062157,2026-02-18,2026-02-24,delivery_shipment
2026-02-18,21137866,C810,C937,5,21137866|C810|C937|2026-02-17|net demand for safety|062192,2026-02-18,2026-02-24,delivery_shipment
2026-02-18,21148509,C810,C937,3,21148509|C810|C937|2026-02-17|net demand for safety|062214,2026-02-18,2026-02-23,delivery_shipment
2026-02-18,21155895,C810,C937,1,21155895|C810|C937|2026-02-17|net demand for safety|062218,2026-02-18,2026-02-23,delivery_shipment
2026-02-18,21165946,C810,C937,1,21165946|C810|C937|2026-02-17|net demand for safety|062221,2026-02-18,2026-02-23,delivery_shipment
2026-02-18,21314875,C810,C937,1,21314875|C810|C937|2026-02-17|net demand for safety|062248,2026-02-18,2026-02-23,delivery_shipment
2026-02-18,21315474,C810,C937,2,21315474|C810|C937|2026-02-17|net demand for safety|062282,2026-02-18,2026-02-23,delivery_shipment
2026-02-18,80804132,C810,C937,2,80804132|C810|C937|2026-02-17|net demand for safety|062396,2026-02-18,2026-02-23,delivery_shipment
2026-02-18,80804138,C810,C937,2,80804138|C810|C937|2026-02-17|net demand for safety|062434,2026-02-18,2026-02-23,delivery_shipment
2026-02-18,80804701,C810,C937,1,80804701|C810|C937|2026-02-17|net demand for safety|062450,2026-02-18,2026-02-23,delivery_shipment
2026-02-18,80804704,C810,C937,6,80804704|C810|C937|2026-02-17|net demand for safety|062460,2026-02-18,2026-02-23,delivery_shipment
2026-02-18,80804705,C810,C937,9,80804705|C810|C937|2026-02-17|net demand for safety|062473,2026-02-18,2026-02-23,delivery_shipment
2026-02-18,80804706,C810,C937,1,80804706|C810|C937|2026-02-17|net demand for safety|062484,2026-02-18,2026-02-23,delivery_shipment
2026-02-18,80807089,C810,C937,5,80807089|C810|C937|2026-02-17|net demand for safety|062498,2026-02-18,2026-02-23,delivery_shipment
2026-02-18,80807090,C810,C937,1,80807090|C810|C937|2026-02-17|net demand for safety|062502,2026-02-18,2026-02-23,delivery_shipment
2026-02-18,80807091,C810,C937,2,80807091|C810|C937|2026-02-17|net demand for safety|062511,2026-02-18,2026-02-23,delivery_shipment
2026-02-18,80807095,C810,C937,5,80807095|C810|C937|2026-02-17|net demand for safety|062521,2026-02-18,2026-02-23,delivery_shipment
2026-02-18,80807110,C810,C937,2,80807110|C810|C937|2026-02-17|net demand for safety|062548,2026-02-18,2026-02-23,delivery_shipment
2026-02-18,80807112,C810,C937,2,80807112|C810|C937|2026-02-17|net demand for safety|062552,2026-02-18,2026-02-23,delivery_shipment
2026-02-18,80807113,C810,C937,3,80807113|C810|C937|2026-02-17|net demand for safety|062556,2026-02-18,2026-02-23,delivery_shipment
2026-02-18,80807118,C810,C937,1,80807118|C810|C937|2026-02-17|net demand for safety|062569,2026-02-18,2026-02-23,delivery_shipment
2026-02-18,80807120,C810,C937,4,80807120|C810|C937|2026-02-17|net demand for safety|062575,2026-02-18,2026-02-23,delivery_shipment
2026-02-18,80812845,C810,C937,7,80812845|C810|C937|2026-02-17|net demand for safety|062638,2026-02-18,2026-02-23,delivery_shipment
2026-02-18,80848022,C810,C937,6,80848022|C810|C937|2026-02-17|net demand for safety|062652,2026-02-18,2026-02-23,delivery_shipment
2026-02-18,80848025,C810,C937,1,80848025|C810|C937|2026-02-17|net demand for safety|062657,2026-02-18,2026-02-24,delivery_shipment
2026-02-18,80848028,C810,C937,4,80848028|C810|C937|2026-02-17|net demand for safety|062676,2026-02-18,2026-02-23,delivery_shipment
2026-02-18,21098519,C810,C937,5,21098519|C810|C937|2026-02-18|net demand for safety|062752,2026-02-18,2026-02-23,delivery_shipment
2026-02-18,21128377,C810,C937,1,21128377|C810|C937|2026-02-18|net demand for safety|062784,2026-02-18,2026-02-23,delivery_shipment
2026-02-18,21132988,C810,C937,11,21132988|C810|C937|2026-02-18|net demand for safety|062792,2026-02-18,2026-02-23,delivery_shipment
2026-02-18,21137866,C810,C937,1,21137866|C810|C937|2026-02-18|net demand for safety|062807,2026-02-18,2026-02-24,delivery_shipment
2026-02-18,21143102,C810,C937,1,21143102|C810|C937|2026-02-18|net demand for safety|062823,2026-02-18,2026-02-23,delivery_shipment
2026-02-18,21143103,C810,C937,3,21143103|C810|C937|2026-02-18|net demand for safety|062825,2026-02-18,2026-02-23,delivery_shipment
2026-02-18,21148509,C810,C937,3,21148509|C810|C937|2026-02-18|net demand for safety|062831,2026-02-18,2026-02-23,delivery_shipment
2026-02-18,21155895,C810,C937,1,21155895|C810|C937|2026-02-18|net demand for safety|062839,2026-02-18,2026-02-23,delivery_shipment
2026-02-18,21165946,C810,C937,1,21165946|C810|C937|2026-02-18|net demand for safety|062844,2026-02-18,2026-02-23,delivery_shipment
2026-02-18,21170683,C810,C937,1,21170683|C810|C937|2026-02-18|net demand for safety|062848,2026-02-18,2026-02-24,delivery_shipment
2026-02-18,21255844,C810,C937,11,21255844|C810|C937|2026-02-18|net demand for safety|062857,2026-02-18,2026-02-23,delivery_shipment
2026-02-18,21275914,C810,C937,26,21275914|C810|C937|2026-02-18|net demand for safety|062859,2026-02-18,2026-02-23,delivery_shipment
2026-02-18,21314594,C810,C937,3,21314594|C810|C937|2026-02-18|net demand for safety|062870,2026-02-18,2026-02-23,delivery_shipment
2026-02-18,21315474,C810,C937,2,21315474|C810|C937|2026-02-18|net demand for safety|062889,2026-02-18,2026-02-23,delivery_shipment
2026-02-18,80804133,C810,C937,25,80804133|C810|C937|2026-02-18|net demand for safety|063009,2026-02-18,2026-02-23,delivery_shipment
2026-02-18,80804138,C810,C937,3,80804138|C810|C937|2026-02-18|net demand for safety|063066,2026-02-18,2026-02-23,delivery_shipment
2026-02-18,80804701,C810,C937,2,80804701|C810|C937|2026-02-18|net demand for safety|063083,2026-02-18,2026-02-24,delivery_shipment
2026-02-18,80804704,C810,C937,9,80804704|C810|C937|2026-02-18|net demand for safety|063098,2026-02-18,2026-02-23,delivery_shipment
2026-02-18,80804705,C810,C937,6,80804705|C810|C937|2026-02-18|net demand for safety|063113,2026-02-18,2026-02-23,delivery_shipment
2026-02-18,80804706,C810,C937,2,80804706|C810|C937|2026-02-18|net demand for safety|063125,2026-02-18,2026-02-24,delivery_shipment
2026-02-18,80807089,C810,C937,7,80807089|C810|C937|2026-02-18|net demand for safety|063191,2026-02-18,2026-02-24,delivery_shipment
2026-02-18,80807090,C810,C937,1,80807090|C810|C937|2026-02-18|net demand for safety|063195,2026-02-18,2026-02-23,delivery_shipment
2026-02-18,80807091,C810,C937,3,80807091|C810|C937|2026-02-18|net demand for safety|063198,2026-02-18,2026-02-23,delivery_shipment
2026-02-18,80807093,C810,C937,1,80807093|C810|C937|2026-02-18|net demand for safety|063206,2026-02-18,2026-02-23,delivery_shipment
2026-02-18,80807095,C810,C937,6,80807095|C810|C937|2026-02-18|net demand for safety|063212,2026-02-18,2026-02-23,delivery_shipment
2026-02-18,80807102,C810,C937,3,80807102|C810|C937|2026-02-18|net demand for safety|063235,2026-02-18,2026-02-23,delivery_shipment
2026-02-18,80807110,C810,C937,4,80807110|C810|C937|2026-02-18|net demand for safety|063249,2026-02-18,2026-02-23,delivery_shipment
2026-02-18,80807112,C810,C937,2,80807112|C810|C937|2026-02-18|net demand for safety|063255,2026-02-18,2026-02-23,delivery_shipment
2026-02-18,80807113,C810,C937,4,80807113|C810|C937|2026-02-18|net demand for safety|063259,2026-02-18,2026-02-23,delivery_shipment
2026-02-18,80807118,C810,C937,2,80807118|C810|C937|2026-02-18|net demand for safety|063288,2026-02-18,2026-02-23,delivery_shipment
2026-02-18,80807119,C810,C937,1,80807119|C810|C937|2026-02-18|net demand for safety|063293,2026-02-18,2026-02-23,delivery_shipment
2026-02-18,80807120,C810,C937,4,80807120|C810|C937|2026-02-18|net demand for safety|063298,2026-02-18,2026-02-23,delivery_shipment
2026-02-18,80848022,C810,C937,10,80848022|C810|C937|2026-02-18|net demand for safety|063384,2026-02-18,2026-02-23,delivery_shipment
2026-02-18,80848025,C810,C937,3,80848025|C810|C937|2026-02-18|net demand for safety|063391,2026-02-18,2026-02-23,delivery_shipment
2026-02-18,80848028,C810,C937,5,80848028|C810|C937|2026-02-18|net demand for safety|063408,2026-02-18,2026-02-23,delivery_shipment
2026-02-18,80848031,C810,C937,12,80848031|C810|C937|2026-02-18|net demand for safety|063416,2026-02-18,2026-02-23,delivery_shipment
2026-02-18,80864469,C810,C937,1,80864469|C810|C937|2026-02-18|net demand for safety|063429,2026-02-18,2026-02-23,delivery_shipment
2026-02-18,80804134,C810,E295,1,80804134|C810|E295|2026-02-17|net demand for AO|062405,2026-02-18,2026-02-23,delivery_shipment
2026-02-18,80804134,C810,E295,1,80804134|C810|E295|2026-02-17|net demand for AO|062406,2026-02-18,2026-02-23,delivery_shipment
2026-02-18,80804134,C810,E295,1,80804134|C810|E295|2026-02-17|net demand for AO|062407,2026-02-18,2026-02-23,delivery_shipment
2026-02-18,80804134,C810,E295,1,80804134|C810|E295|2026-02-18|net demand for AO|063030,2026-02-18,2026-02-23,delivery_shipment
2026-02-18,80804134,C810,E295,1,80804134|C810|E295|2026-02-18|net demand for AO|063031,2026-02-18,2026-02-23,delivery_shipment
2026-02-18,80804134,C810,E295,1,80804134|C810|E295|2026-02-18|net demand for AO|063032,2026-02-18,2026-02-23,delivery_shipment
2026-02-18,21127730,C810,E295,1,21127730|C810|E295|2026-02-18|net demand for forecast|062765,2026-02-18,2026-02-23,delivery_shipment
2026-02-18,21127730,C810,E295,1,21127730|C810|E295|2026-02-18|net demand for forecast|062766,2026-02-18,2026-02-23,delivery_shipment
2026-02-18,21127730,C810,E295,1,21127730|C810|E295|2026-02-18|net demand for forecast|062767,2026-02-18,2026-02-23,delivery_shipment
2026-02-18,21127730,C810,E295,1,21127730|C810|E295|2026-02-18|net demand for forecast|062768,2026-02-18,2026-02-23,delivery_shipment
2026-02-18,21127730,C810,E295,1,21127730|C810|E295|2026-02-18|net demand for forecast|062769,2026-02-18,2026-02-23,delivery_shipment
2026-02-18,21127730,C810,E295,1,21127730|C810|E295|2026-02-18|net demand for forecast|062770,2026-02-18,2026-02-23,delivery_shipment
2026-02-18,21127730,C810,E295,1,21127730|C810|E295|2026-02-18|net demand for forecast|062771,2026-02-18,2026-02-24,delivery_shipment
2026-02-18,80863643,C810,E295,2,80863643|C810|E295|2026-02-18|net demand for forecast|063421,2026-02-18,2026-02-23,delivery_shipment
2026-02-18,80863643,C810,E295,3,80863643|C810|E295|2026-02-18|net demand for forecast|063422,2026-02-18,2026-02-23,delivery_shipment
2026-02-18,80863643,C810,E295,3,80863643|C810|E295|2026-02-18|net demand for forecast|063423,2026-02-18,2026-02-23,delivery_shipment
2026-02-18,80863643,C810,E295,3,80863643|C810|E295|2026-02-18|net demand for forecast|063424,2026-02-18,2026-02-24,delivery_shipment
2026-02-18,80863643,C810,E295,3,80863643|C810|E295|2026-02-18|net demand for forecast|063425,2026-02-18,2026-02-24,delivery_shipment
2026-02-18,80863643,C810,E295,3,80863643|C810|E295|2026-02-18|net demand for forecast|063426,2026-02-18,2026-02-23,delivery_shipment
2026-02-18,80863643,C810,E295,3,80863643|C810|E295|2026-02-18|net demand for forecast|063427,2026-02-18,2026-02-23,delivery_shipment
2026-02-18,21143110,C810,E295,20,21143110|C810|E295|2026-02-17|net demand for safety|062212,2026-02-18,2026-02-23,delivery_shipment
2026-02-18,80804704,C810,E295,12,80804704|C810|E295|2026-02-17|net demand for safety|062461,2026-02-18,2026-02-23,delivery_shipment
2026-02-18,21127730,C810,E295,44,21127730|C810|E295|2026-02-18|net demand for safety|062772,2026-02-18,2026-02-23,delivery_shipment
2026-02-18,21143110,C810,E295,23,21143110|C810|E295|2026-02-18|net demand for safety|062827,2026-02-18,2026-02-23,delivery_shipment
2026-02-18,80804704,C810,E295,17,80804704|C810|E295|2026-02-18|net demand for safety|063099,2026-02-18,2026-02-24,delivery_shipment
2026-02-18,80863643,C810,E295,292,80863643|C810|E295|2026-02-18|net demand for safety|063428,2026-02-18,2026-02-23,delivery_shipment
2026-02-18,21139445,C816,A672,1,21139445|C816|A672|2026-02-16|net demand for forecast|061579,2026-02-18,2026-02-26,delivery_shipment
2026-02-18,21139445,C816,A672,1,21139445|C816|A672|2026-02-16|net demand for forecast|061580,2026-02-18,2026-02-26,delivery_shipment
2026-02-18,21139445,C816,A672,1,21139445|C816|A672|2026-02-16|net demand for forecast|061581,2026-02-18,2026-02-26,delivery_shipment
2026-02-18,21139445,C816,A672,1,21139445|C816|A672|2026-02-16|net demand for forecast|061582,2026-02-18,2026-02-26,delivery_shipment
2026-02-18,21139445,C816,A672,1,21139445|C816|A672|2026-02-16|net demand for forecast|061583,2026-02-18,2026-02-26,delivery_shipment
2026-02-18,21139445,C816,A672,1,21139445|C816|A672|2026-02-16|net demand for forecast|061584,2026-02-18,2026-02-26,delivery_shipment
2026-02-18,21139445,C816,A672,4,21139445|C816|A672|2026-02-16|net demand for forecast|061585,2026-02-18,2026-02-26,delivery_shipment
2026-02-18,21414747,C816,A672,6,21414747|C816|A672|2026-02-16|net demand for forecast|061686,2026-02-18,2026-02-26,delivery_shipment
2026-02-18,21414747,C816,A672,6,21414747|C816|A672|2026-02-16|net demand for forecast|061687,2026-02-18,2026-02-26,delivery_shipment
2026-02-18,21414747,C816,A672,6,21414747|C816|A672|2026-02-16|net demand for forecast|061688,2026-02-18,2026-02-27,delivery_shipment
2026-02-18,21414747,C816,A672,6,21414747|C816|A672|2026-02-16|net demand for forecast|061689,2026-02-18,2026-02-26,delivery_shipment
2026-02-18,21414747,C816,A672,6,21414747|C816|A672|2026-02-16|net demand for forecast|061690,2026-02-18,2026-02-26,delivery_shipment
2026-02-18,21414747,C816,A672,6,21414747|C816|A672|2026-02-16|net demand for forecast|061691,2026-02-18,2026-02-26,delivery_shipment
2026-02-18,21414747,C816,A672,6,21414747|C816|A672|2026-02-16|net demand for forecast|061692,2026-02-18,2026-02-26,delivery_shipment
2026-02-18,21419485,C816,A672,5,21419485|C816|A672|2026-02-16|net demand for forecast|061702,2026-02-18,2026-02-27,delivery_shipment
2026-02-18,21419485,C816,A672,5,21419485|C816|A672|2026-02-16|net demand for forecast|061703,2026-02-18,2026-02-26,delivery_shipment
2026-02-18,21419485,C816,A672,5,21419485|C816|A672|2026-02-16|net demand for forecast|061704,2026-02-18,2026-02-27,delivery_shipment
2026-02-18,21419485,C816,A672,5,21419485|C816|A672|2026-02-16|net demand for forecast|061705,2026-02-18,2026-02-26,delivery_shipment
2026-02-18,21419485,C816,A672,5,21419485|C816|A672|2026-02-16|net demand for forecast|061706,2026-02-18,2026-02-26,delivery_shipment
2026-02-18,21419485,C816,A672,5,21419485|C816|A672|2026-02-16|net demand for forecast|061707,2026-02-18,2026-02-26,delivery_shipment
2026-02-18,21419485,C816,A672,5,21419485|C816|A672|2026-02-16|net demand for forecast|061708,2026-02-18,2026-02-27,delivery_shipment
2026-02-18,21428668,C816,A672,6,21428668|C816|A672|2026-02-16|net demand for forecast|061719,2026-02-18,2026-02-26,delivery_shipment
2026-02-18,21428668,C816,A672,6,21428668|C816|A672|2026-02-16|net demand for forecast|061720,2026-02-18,2026-02-26,delivery_shipment
2026-02-18,21428668,C816,A672,6,21428668|C816|A672|2026-02-16|net demand for forecast|061721,2026-02-18,2026-02-27,delivery_shipment
2026-02-18,21428668,C816,A672,6,21428668|C816|A672|2026-02-16|net demand for forecast|061722,2026-02-18,2026-02-26,delivery_shipment
2026-02-18,21428668,C816,A672,6,21428668|C816|A672|2026-02-16|net demand for forecast|061723,2026-02-18,2026-02-26,delivery_shipment
2026-02-18,21428668,C816,A672,6,21428668|C816|A672|2026-02-16|net demand for forecast|061724,2026-02-18,2026-02-26,delivery_shipment
2026-02-18,21428668,C816,A672,7,21428668|C816|A672|2026-02-16|net demand for forecast|061725,2026-02-18,2026-02-26,delivery_shipment
2026-02-18,21442422,C816,A672,4,21442422|C816|A672|2026-02-16|net demand for forecast|061731,2026-02-18,2026-02-26,delivery_shipment
2026-02-18,21442422,C816,A672,4,21442422|C816|A672|2026-02-16|net demand for forecast|061732,2026-02-18,2026-02-26,delivery_shipment
2026-02-18,21442422,C816,A672,4,21442422|C816|A672|2026-02-16|net demand for forecast|061733,2026-02-18,2026-02-27,delivery_shipment
2026-02-18,21442422,C816,A672,4,21442422|C816|A672|2026-02-16|net demand for forecast|061734,2026-02-18,2026-02-26,delivery_shipment
2026-02-18,21442422,C816,A672,4,21442422|C816|A672|2026-02-16|net demand for forecast|061735,2026-02-18,2026-02-26,delivery_shipment
2026-02-18,21442422,C816,A672,4,21442422|C816|A672|2026-02-16|net demand for forecast|061736,2026-02-18,2026-02-27,delivery_shipment
2026-02-18,21442422,C816,A672,4,21442422|C816|A672|2026-02-16|net demand for forecast|061737,2026-02-18,2026-02-26,delivery_shipment
2026-02-18,21442896,C816,A672,5,21442896|C816|A672|2026-02-16|net demand for forecast|061746,2026-02-18,2026-02-26,delivery_shipment
2026-02-18,21442896,C816,A672,5,21442896|C816|A672|2026-02-16|net demand for forecast|061747,2026-02-18,2026-02-26,delivery_shipment
2026-02-18,21442896,C816,A672,5,21442896|C816|A672|2026-02-16|net demand for forecast|061748,2026-02-18,2026-02-26,delivery_shipment
2026-02-18,21442896,C816,A672,5,21442896|C816|A672|2026-02-16|net demand for forecast|061749,2026-02-18,2026-02-26,delivery_shipment
2026-02-18,21442896,C816,A672,5,21442896|C816|A672|2026-02-16|net demand for forecast|061750,2026-02-18,2026-02-26,delivery_shipment
2026-02-18,21442896,C816,A672,5,21442896|C816|A672|2026-02-16|net demand for forecast|061751,2026-02-18,2026-02-26,delivery_shipment
2026-02-18,21442896,C816,A672,5,21442896|C816|A672|2026-02-16|net demand for forecast|061752,2026-02-18,2026-02-26,delivery_shipment
2026-02-18,80804699,C816,A672,1,80804699|C816|A672|2026-02-16|net demand for forecast|061836,2026-02-18,2026-02-26,delivery_shipment
2026-02-18,80804699,C816,A672,1,80804699|C816|A672|2026-02-16|net demand for forecast|061837,2026-02-18,2026-02-27,delivery_shipment
2026-02-18,80804699,C816,A672,1,80804699|C816|A672|2026-02-16|net demand for forecast|061838,2026-02-18,2026-02-27,delivery_shipment
2026-02-18,80804699,C816,A672,1,80804699|C816|A672|2026-02-16|net demand for forecast|061839,2026-02-18,2026-02-26,delivery_shipment
2026-02-18,80804699,C816,A672,1,80804699|C816|A672|2026-02-16|net demand for forecast|061840,2026-02-18,2026-02-26,delivery_shipment
2026-02-18,80804699,C816,A672,1,80804699|C816|A672|2026-02-16|net demand for forecast|061841,2026-02-18,2026-02-26,delivery_shipment
2026-02-18,80804699,C816,A672,1,80804699|C816|A672|2026-02-16|net demand for forecast|061842,2026-02-18,2026-02-26,delivery_shipment
2026-02-18,80804702,C816,A672,1,80804702|C816|A672|2026-02-16|net demand for forecast|061846,2026-02-18,2026-02-26,delivery_shipment
2026-02-18,80804702,C816,A672,1,80804702|C816|A672|2026-02-16|net demand for forecast|061847,2026-02-18,2026-02-26,delivery_shipment
2026-02-18,80804702,C816,A672,1,80804702|C816|A672|2026-02-16|net demand for forecast|061848,2026-02-18,2026-02-27,delivery_shipment
2026-02-18,80804702,C816,A672,1,80804702|C816|A672|2026-02-16|net demand for forecast|061849,2026-02-18,2026-02-26,delivery_shipment
2026-02-18,80864469,C816,A672,1,80864469|C816|A672|2026-02-16|net demand for forecast|062005,2026-02-18,2026-02-27,delivery_shipment
2026-02-18,80864469,C816,A672,2,80864469|C816|A672|2026-02-16|net demand for forecast|062006,2026-02-18,2026-02-26,delivery_shipment
2026-02-18,80864469,C816,A672,2,80864469|C816|A672|2026-02-16|net demand for forecast|062007,2026-02-18,2026-02-26,delivery_shipment
2026-02-18,80864469,C816,A672,2,80864469|C816|A672|2026-02-16|net demand for forecast|062008,2026-02-18,2026-02-26,delivery_shipment
2026-02-18,80864469,C816,A672,2,80864469|C816|A672|2026-02-16|net demand for forecast|062009,2026-02-18,2026-02-27,delivery_shipment
2026-02-18,80864469,C816,A672,2,80864469|C816|A672|2026-02-16|net demand for forecast|062010,2026-02-18,2026-02-26,delivery_shipment
2026-02-18,80864469,C816,A672,2,80864469|C816|A672|2026-02-16|net demand for forecast|062011,2026-02-18,2026-02-26,delivery_shipment
2026-02-18,80868100,C816,A672,1,80868100|C816|A672|2026-02-16|net demand for forecast|062042,2026-02-18,2026-02-26,delivery_shipment
2026-02-18,80868100,C816,A672,1,80868100|C816|A672|2026-02-16|net demand for forecast|062043,2026-02-18,2026-02-26,delivery_shipment
2026-02-18,80868100,C816,A672,1,80868100|C816|A672|2026-02-16|net demand for forecast|062044,2026-02-18,2026-02-26,delivery_shipment
2026-02-18,80868100,C816,A672,1,80868100|C816|A672|2026-02-16|net demand for forecast|062045,2026-02-18,2026-02-27,delivery_shipment
2026-02-18,80868100,C816,A672,1,80868100|C816|A672|2026-02-16|net demand for forecast|062046,2026-02-18,2026-02-26,delivery_shipment
2026-02-18,80868100,C816,A672,2,80868100|C816|A672|2026-02-16|net demand for forecast|062047,2026-02-18,2026-02-26,delivery_shipment
2026-02-18,80868100,C816,A672,2,80868100|C816|A672|2026-02-16|net demand for forecast|062048,2026-02-18,2026-02-26,delivery_shipment
2026-02-18,80884848,C816,A672,1,80884848|C816|A672|2026-02-16|net demand for forecast|062074,2026-02-18,2026-02-27,delivery_shipment
2026-02-18,80884848,C816,A672,1,80884848|C816|A672|2026-02-16|net demand for forecast|062075,2026-02-18,2026-02-26,delivery_shipment
2026-02-18,80884848,C816,A672,1,80884848|C816|A672|2026-02-16|net demand for forecast|062076,2026-02-18,2026-02-26,delivery_shipment
2026-02-18,80884848,C816,A672,1,80884848|C816|A672|2026-02-16|net demand for forecast|062077,2026-02-18,2026-02-26,delivery_shipment
2026-02-18,80884848,C816,A672,1,80884848|C816|A672|2026-02-16|net demand for forecast|062078,2026-02-18,2026-02-26,delivery_shipment
2026-02-18,80884848,C816,A672,1,80884848|C816|A672|2026-02-16|net demand for forecast|062079,2026-02-18,2026-02-26,delivery_shipment
2026-02-18,80884848,C816,A672,1,80884848|C816|A672|2026-02-16|net demand for forecast|062080,2026-02-18,2026-02-26,delivery_shipment
2026-02-18,80885920,C816,A672,6,80885920|C816|A672|2026-02-16|net demand for forecast|062090,2026-02-18,2026-02-26,delivery_shipment
2026-02-18,80885920,C816,A672,6,80885920|C816|A672|2026-02-16|net demand for forecast|062091,2026-02-18,2026-02-26,delivery_shipment
2026-02-18,80885920,C816,A672,6,80885920|C816|A672|2026-02-16|net demand for forecast|062092,2026-02-18,2026-02-27,delivery_shipment
2026-02-18,80885920,C816,A672,6,80885920|C816|A672|2026-02-16|net demand for forecast|062093,2026-02-18,2026-02-27,delivery_shipment
2026-02-18,80885920,C816,A672,6,80885920|C816|A672|2026-02-16|net demand for forecast|062094,2026-02-18,2026-02-26,delivery_shipment
2026-02-18,80885920,C816,A672,6,80885920|C816|A672|2026-02-16|net demand for forecast|062095,2026-02-18,2026-02-26,delivery_shipment
2026-02-18,80885920,C816,A672,6,80885920|C816|A672|2026-02-16|net demand for forecast|062096,2026-02-18,2026-02-27,delivery_shipment
2026-02-18,21139445,C816,A672,1,21139445|C816|A672|2026-02-17|net demand for forecast|062198,2026-02-18,2026-02-26,delivery_shipment
2026-02-18,21139445,C816,A672,1,21139445|C816|A672|2026-02-17|net demand for forecast|062199,2026-02-18,2026-02-26,delivery_shipment
2026-02-18,21139445,C816,A672,1,21139445|C816|A672|2026-02-17|net demand for forecast|062200,2026-02-18,2026-02-26,delivery_shipment
2026-02-18,21139445,C816,A672,1,21139445|C816|A672|2026-02-17|net demand for forecast|062201,2026-02-18,2026-02-26,delivery_shipment
2026-02-18,21139445,C816,A672,1,21139445|C816|A672|2026-02-17|net demand for forecast|062202,2026-02-18,2026-02-27,delivery_shipment
2026-02-18,21139445,C816,A672,3,21139445|C816|A672|2026-02-17|net demand for forecast|062203,2026-02-18,2026-02-26,delivery_shipment
2026-02-18,21139445,C816,A672,3,21139445|C816|A672|2026-02-17|net demand for forecast|062204,2026-02-18,2026-02-26,delivery_shipment
2026-02-18,21414747,C816,A672,6,21414747|C816|A672|2026-02-17|net demand for forecast|062287,2026-02-18,2026-02-26,delivery_shipment
2026-02-18,21414747,C816,A672,6,21414747|C816|A672|2026-02-17|net demand for forecast|062288,2026-02-18,2026-02-26,delivery_shipment
2026-02-18,21414747,C816,A672,6,21414747|C816|A672|2026-02-17|net demand for forecast|062289,2026-02-18,2026-02-26,delivery_shipment
2026-02-18,21414747,C816,A672,6,21414747|C816|A672|2026-02-17|net demand for forecast|062290,2026-02-18,2026-02-26,delivery_shipment
2026-02-18,21414747,C816,A672,6,21414747|C816|A672|2026-02-17|net demand for forecast|062291,2026-02-18,2026-02-26,delivery_shipment
2026-02-18,21414747,C816,A672,6,21414747|C816|A672|2026-02-17|net demand for forecast|062292,2026-02-18,2026-02-26,delivery_shipment
2026-02-18,21414747,C816,A672,6,21414747|C816|A672|2026-02-17|net demand for forecast|062293,2026-02-18,2026-02-26,delivery_shipment
2026-02-18,21419485,C816,A672,2,21419485|C816|A672|2026-02-17|net demand for forecast|062304,2026-02-18,2026-02-26,delivery_shipment
2026-02-18,21419485,C816,A672,2,21419485|C816|A672|2026-02-17|net demand for forecast|062305,2026-02-18,2026-02-26,delivery_shipment
2026-02-18,21419485,C816,A672,2,21419485|C816|A672|2026-02-17|net demand for forecast|062306,2026-02-18,2026-02-26,delivery_shipment
2026-02-18,21419485,C816,A672,2,21419485|C816|A672|2026-02-17|net demand for forecast|062307,2026-02-18,2026-02-26,delivery_shipment
2026-02-18,21419485,C816,A672,2,21419485|C816|A672|2026-02-17|net demand for forecast|062308,2026-02-18,2026-02-26,delivery_shipment
2026-02-18,21419485,C816,A672,2,21419485|C816|A672|2026-02-17|net demand for forecast|062309,2026-02-18,2026-02-26,delivery_shipment
2026-02-18,21419485,C816,A672,2,21419485|C816|A672|2026-02-17|net demand for forecast|062310,2026-02-18,2026-02-26,delivery_shipment
2026-02-18,21428668,C816,A672,4,21428668|C816|A672|2026-02-17|net demand for forecast|062318,2026-02-18,2026-02-26,delivery_shipment
2026-02-18,21428668,C816,A672,4,21428668|C816|A672|2026-02-17|net demand for forecast|062319,2026-02-18,2026-02-26,delivery_shipment
2026-02-18,21428668,C816,A672,4,21428668|C816|A672|2026-02-17|net demand for forecast|062320,2026-02-18,2026-02-26,delivery_shipment
2026-02-18,21428668,C816,A672,4,21428668|C816|A672|2026-02-17|net demand for forecast|062321,2026-02-18,2026-02-26,delivery_shipment
2026-02-18,21428668,C816,A672,4,21428668|C816|A672|2026-02-17|net demand for forecast|062322,2026-02-18,2026-02-26,delivery_shipment
2026-02-18,21428668,C816,A672,4,21428668|C816|A672|2026-02-17|net demand for forecast|062323,2026-02-18,2026-02-26,delivery_shipment
2026-02-18,21428668,C816,A672,4,21428668|C816|A672|2026-02-17|net demand for forecast|062324,2026-02-18,2026-02-26,delivery_shipment
2026-02-18,21442422,C816,A672,7,21442422|C816|A672|2026-02-17|net demand for forecast|062327,2026-02-18,2026-02-26,delivery_shipment
2026-02-18,21442422,C816,A672,7,21442422|C816|A672|2026-02-17|net demand for forecast|062328,2026-02-18,2026-02-26,delivery_shipment
2026-02-18,21442422,C816,A672,7,21442422|C816|A672|2026-02-17|net demand for forecast|062329,2026-02-18,2026-02-26,delivery_shipment
2026-02-18,21442422,C816,A672,7,21442422|C816|A672|2026-02-17|net demand for forecast|062330,2026-02-18,2026-02-26,delivery_shipment
2026-02-18,21442422,C816,A672,7,21442422|C816|A672|2026-02-17|net demand for forecast|062331,2026-02-18,2026-02-27,delivery_shipment
2026-02-18,21442422,C816,A672,7,21442422|C816|A672|2026-02-17|net demand for forecast|062332,2026-02-18,2026-02-26,delivery_shipment
2026-02-18,21442422,C816,A672,8,21442422|C816|A672|2026-02-17|net demand for forecast|062333,2026-02-18,2026-02-26,delivery_shipment
2026-02-18,21442896,C816,A672,4,21442896|C816|A672|2026-02-17|net demand for forecast|062343,2026-02-18,2026-02-26,delivery_shipment
2026-02-18,21442896,C816,A672,4,21442896|C816|A672|2026-02-17|net demand for forecast|062344,2026-02-18,2026-02-26,delivery_shipment
2026-02-18,21442896,C816,A672,4,21442896|C816|A672|2026-02-17|net demand for forecast|062345,2026-02-18,2026-02-26,delivery_shipment
2026-02-18,21442896,C816,A672,4,21442896|C816|A672|2026-02-17|net demand for forecast|062346,2026-02-18,2026-02-26,delivery_shipment
2026-02-18,21442896,C816,A672,4,21442896|C816|A672|2026-02-17|net demand for forecast|062347,2026-02-18,2026-02-27,delivery_shipment
2026-02-18,21442896,C816,A672,4,21442896|C816|A672|2026-02-17|net demand for forecast|062348,2026-02-18,2026-02-26,delivery_shipment
2026-02-18,21442896,C816,A672,4,21442896|C816|A672|2026-02-17|net demand for forecast|062349,2026-02-18,2026-02-27,delivery_shipment
2026-02-18,21442897,C816,A672,4,21442897|C816|A672|2026-02-17|net demand for forecast|062359,2026-02-18,2026-02-26,delivery_shipment
2026-02-18,21442897,C816,A672,4,21442897|C816|A672|2026-02-17|net demand for forecast|062360,2026-02-18,2026-02-26,delivery_shipment
2026-02-18,21442897,C816,A672,4,21442897|C816|A672|2026-02-17|net demand for forecast|062361,2026-02-18,2026-02-26,delivery_shipment
2026-02-18,21442897,C816,A672,4,21442897|C816|A672|2026-02-17|net demand for forecast|062362,2026-02-18,2026-02-27,delivery_shipment
2026-02-18,21442897,C816,A672,4,21442897|C816|A672|2026-02-17|net demand for forecast|062363,2026-02-18,2026-02-26,delivery_shipment
2026-02-18,21442897,C816,A672,4,21442897|C816|A672|2026-02-17|net demand for forecast|062364,2026-02-18,2026-02-26,delivery_shipment
2026-02-18,21442897,C816,A672,4,21442897|C816|A672|2026-02-17|net demand for forecast|062365,2026-02-18,2026-02-26,delivery_shipment
2026-02-18,80804699,C816,A672,1,80804699|C816|A672|2026-02-17|net demand for forecast|062441,2026-02-18,2026-02-26,delivery_shipment
2026-02-18,80804699,C816,A672,1,80804699|C816|A672|2026-02-17|net demand for forecast|062442,2026-02-18,2026-02-26,delivery_shipment
2026-02-18,80804699,C816,A672,1,80804699|C816|A672|2026-02-17|net demand for forecast|062443,2026-02-18,2026-02-26,delivery_shipment
2026-02-18,80804699,C816,A672,1,80804699|C816|A672|2026-02-17|net demand for forecast|062444,2026-02-18,2026-02-26,delivery_shipment
2026-02-18,80804699,C816,A672,1,80804699|C816|A672|2026-02-17|net demand for forecast|062445,2026-02-18,2026-02-26,delivery_shipment
2026-02-18,80804699,C816,A672,1,80804699|C816|A672|2026-02-17|net demand for forecast|062446,2026-02-18,2026-02-26,delivery_shipment
2026-02-18,80804699,C816,A672,1,80804699|C816|A672|2026-02-17|net demand for forecast|062447,2026-02-18,2026-02-26,delivery_shipment
2026-02-18,80804705,C816,A672,1,80804705|C816|A672|2026-02-17|net demand for forecast|062475,2026-02-18,2026-02-26,delivery_shipment
2026-02-18,80804705,C816,A672,1,80804705|C816|A672|2026-02-17|net demand for forecast|062476,2026-02-18,2026-02-26,delivery_shipment
2026-02-18,80804705,C816,A672,1,80804705|C816|A672|2026-02-17|net demand for forecast|062477,2026-02-18,2026-02-26,delivery_shipment
2026-02-18,80804705,C816,A672,1,80804705|C816|A672|2026-02-17|net demand for forecast|062478,2026-02-18,2026-02-26,delivery_shipment
2026-02-18,80804705,C816,A672,1,80804705|C816|A672|2026-02-17|net demand for forecast|062479,2026-02-18,2026-02-26,delivery_shipment
2026-02-18,80804705,C816,A672,1,80804705|C816|A672|2026-02-17|net demand for forecast|062480,2026-02-18,2026-02-26,delivery_shipment
2026-02-18,80804705,C816,A672,1,80804705|C816|A672|2026-02-17|net demand for forecast|062481,2026-02-18,2026-02-26,delivery_shipment
2026-02-18,80868100,C816,A672,1,80868100|C816|A672|2026-02-17|net demand for forecast|062700,2026-02-18,2026-02-26,delivery_shipment
2026-02-18,80868100,C816,A672,1,80868100|C816|A672|2026-02-17|net demand for forecast|062701,2026-02-18,2026-02-26,delivery_shipment
2026-02-18,80868100,C816,A672,1,80868100|C816|A672|2026-02-17|net demand for forecast|062702,2026-02-18,2026-02-26,delivery_shipment
2026-02-18,80868100,C816,A672,1,80868100|C816|A672|2026-02-17|net demand for forecast|062703,2026-02-18,2026-02-26,delivery_shipment
2026-02-18,80868100,C816,A672,1,80868100|C816|A672|2026-02-17|net demand for forecast|062704,2026-02-18,2026-02-26,delivery_shipment
2026-02-18,80868100,C816,A672,2,80868100|C816|A672|2026-02-17|net demand for forecast|062705,2026-02-18,2026-02-26,delivery_shipment
2026-02-18,80868100,C816,A672,2,80868100|C816|A672|2026-02-17|net demand for forecast|062706,2026-02-18,2026-02-26,delivery_shipment
2026-02-18,80884848,C816,A672,1,80884848|C816|A672|2026-02-17|net demand for forecast|062727,2026-02-18,2026-02-26,delivery_shipment
2026-02-18,80884848,C816,A672,1,80884848|C816|A672|2026-02-17|net demand for forecast|062728,2026-02-18,2026-02-26,delivery_shipment
2026-02-18,80884848,C816,A672,1,80884848|C816|A672|2026-02-17|net demand for forecast|062729,2026-02-18,2026-02-26,delivery_shipment
2026-02-18,80884848,C816,A672,1,80884848|C816|A672|2026-02-17|net demand for forecast|062730,2026-02-18,2026-02-26,delivery_shipment
2026-02-18,80884848,C816,A672,1,80884848|C816|A672|2026-02-17|net demand for forecast|062731,2026-02-18,2026-02-26,delivery_shipment
2026-02-18,80884848,C816,A672,1,80884848|C816|A672|2026-02-17|net demand for forecast|062732,2026-02-18,2026-02-26,delivery_shipment
2026-02-18,80884848,C816,A672,1,80884848|C816|A672|2026-02-17|net demand for forecast|062733,2026-02-18,2026-02-26,delivery_shipment
2026-02-18,80885920,C816,A672,4,80885920|C816|A672|2026-02-17|net demand for forecast|062744,2026-02-18,2026-02-26,delivery_shipment
2026-02-18,80885920,C816,A672,4,80885920|C816|A672|2026-02-17|net demand for forecast|062745,2026-02-18,2026-02-26,delivery_shipment
2026-02-18,80885920,C816,A672,4,80885920|C816|A672|2026-02-17|net demand for forecast|062746,2026-02-18,2026-02-27,delivery_shipment
2026-02-18,80885920,C816,A672,4,80885920|C816|A672|2026-02-17|net demand for forecast|062747,2026-02-18,2026-02-26,delivery_shipment
2026-02-18,80885920,C816,A672,4,80885920|C816|A672|2026-02-17|net demand for forecast|062748,2026-02-18,2026-02-26,delivery_shipment
2026-02-18,80885920,C816,A672,4,80885920|C816|A672|2026-02-17|net demand for forecast|062749,2026-02-18,2026-02-26,delivery_shipment
2026-02-18,80885920,C816,A672,4,80885920|C816|A672|2026-02-17|net demand for forecast|062750,2026-02-18,2026-02-26,delivery_shipment
2026-02-18,21139445,C816,A672,2,21139445|C816|A672|2026-02-18|net demand for forecast|062814,2026-02-18,2026-02-26,delivery_shipment
2026-02-18,21139445,C816,A672,11,21139445|C816|A672|2026-02-18|net demand for forecast|062815,2026-02-18,2026-02-26,delivery_shipment
2026-02-18,21139445,C816,A672,11,21139445|C816|A672|2026-02-18|net demand for forecast|062816,2026-02-18,2026-02-26,delivery_shipment
2026-02-18,21139445,C816,A672,11,21139445|C816|A672|2026-02-18|net demand for forecast|062817,2026-02-18,2026-02-26,delivery_shipment
2026-02-18,21414747,C816,A672,5,21414747|C816|A672|2026-02-18|net demand for forecast|062898,2026-02-18,2026-02-26,delivery_shipment
2026-02-18,21414747,C816,A672,5,21414747|C816|A672|2026-02-18|net demand for forecast|062899,2026-02-18,2026-02-26,delivery_shipment
2026-02-18,21414747,C816,A672,5,21414747|C816|A672|2026-02-18|net demand for forecast|062900,2026-02-18,2026-02-26,delivery_shipment
2026-02-18,21414747,C816,A672,5,21414747|C816|A672|2026-02-18|net demand for forecast|062901,2026-02-18,2026-02-26,delivery_shipment
2026-02-18,21414747,C816,A672,6,21414747|C816|A672|2026-02-18|net demand for forecast|062902,2026-02-18,2026-02-26,delivery_shipment
2026-02-18,21414747,C816,A672,6,21414747|C816|A672|2026-02-18|net demand for forecast|062903,2026-02-18,2026-02-26,delivery_shipment
2026-02-18,21414747,C816,A672,6,21414747|C816|A672|2026-02-18|net demand for forecast|062904,2026-02-18,2026-02-26,delivery_shipment
2026-02-18,21419485,C816,A672,3,21419485|C816|A672|2026-02-18|net demand for forecast|062915,2026-02-18,2026-02-26,delivery_shipment
2026-02-18,21419485,C816,A672,3,21419485|C816|A672|2026-02-18|net demand for forecast|062916,2026-02-18,2026-02-26,delivery_shipment
2026-02-18,21419485,C816,A672,3,21419485|C816|A672|2026-02-18|net demand for forecast|062917,2026-02-18,2026-02-26,delivery_shipment
2026-02-18,21419485,C816,A672,3,21419485|C816|A672|2026-02-18|net demand for forecast|062918,2026-02-18,2026-02-26,delivery_shipment
2026-02-18,21419485,C816,A672,3,21419485|C816|A672|2026-02-18|net demand for forecast|062919,2026-02-18,2026-02-26,delivery_shipment
2026-02-18,21419485,C816,A672,3,21419485|C816|A672|2026-02-18|net demand for forecast|062920,2026-02-18,2026-02-26,delivery_shipment
2026-02-18,21419485,C816,A672,3,21419485|C816|A672|2026-02-18|net demand for forecast|062921,2026-02-18,2026-02-26,delivery_shipment
2026-02-18,21428668,C816,A672,4,21428668|C816|A672|2026-02-18|net demand for forecast|062928,2026-02-18,2026-02-26,delivery_shipment
2026-02-18,21428668,C816,A672,4,21428668|C816|A672|2026-02-18|net demand for forecast|062929,2026-02-18,2026-02-26,delivery_shipment
2026-02-18,21428668,C816,A672,4,21428668|C816|A672|2026-02-18|net demand for forecast|062930,2026-02-18,2026-02-26,delivery_shipment
2026-02-18,21428668,C816,A672,4,21428668|C816|A672|2026-02-18|net demand for forecast|062931,2026-02-18,2026-02-26,delivery_shipment
2026-02-18,21428668,C816,A672,4,21428668|C816|A672|2026-02-18|net demand for forecast|062932,2026-02-18,2026-02-26,delivery_shipment
2026-02-18,21428668,C816,A672,4,21428668|C816|A672|2026-02-18|net demand for forecast|062933,2026-02-18,2026-02-26,delivery_shipment
2026-02-18,21428668,C816,A672,4,21428668|C816|A672|2026-02-18|net demand for forecast|062934,2026-02-18,2026-02-26,delivery_shipment
2026-02-18,21442422,C816,A672,6,21442422|C816|A672|2026-02-18|net demand for forecast|062939,2026-02-18,2026-02-26,delivery_shipment
2026-02-18,21442422,C816,A672,6,21442422|C816|A672|2026-02-18|net demand for forecast|062940,2026-02-18,2026-02-26,delivery_shipment
2026-02-18,21442422,C816,A672,6,21442422|C816|A672|2026-02-18|net demand for forecast|062941,2026-02-18,2026-02-26,delivery_shipment
2026-02-18,21442422,C816,A672,6,21442422|C816|A672|2026-02-18|net demand for forecast|062942,2026-02-18,2026-02-26,delivery_shipment
2026-02-18,21442422,C816,A672,6,21442422|C816|A672|2026-02-18|net demand for forecast|062943,2026-02-18,2026-02-26,delivery_shipment
2026-02-18,21442422,C816,A672,6,21442422|C816|A672|2026-02-18|net demand for forecast|062944,2026-02-18,2026-02-26,delivery_shipment
2026-02-18,21442422,C816,A672,7,21442422|C816|A672|2026-02-18|net demand for forecast|062945,2026-02-18,2026-02-26,delivery_shipment
2026-02-18,21442896,C816,A672,5,21442896|C816|A672|2026-02-18|net demand for forecast|062954,2026-02-18,2026-02-26,delivery_shipment
2026-02-18,21442896,C816,A672,5,21442896|C816|A672|2026-02-18|net demand for forecast|062955,2026-02-18,2026-02-26,delivery_shipment
2026-02-18,21442896,C816,A672,5,21442896|C816|A672|2026-02-18|net demand for forecast|062956,2026-02-18,2026-02-26,delivery_shipment
2026-02-18,21442896,C816,A672,5,21442896|C816|A672|2026-02-18|net demand for forecast|062957,2026-02-18,2026-02-26,delivery_shipment
2026-02-18,21442896,C816,A672,6,21442896|C816|A672|2026-02-18|net demand for forecast|062958,2026-02-18,2026-02-26,delivery_shipment
2026-02-18,21442896,C816,A672,6,21442896|C816|A672|2026-02-18|net demand for forecast|062959,2026-02-18,2026-02-26,delivery_shipment
2026-02-18,21442896,C816,A672,6,21442896|C816|A672|2026-02-18|net demand for forecast|062960,2026-02-18,2026-02-26,delivery_shipment
2026-02-18,21442897,C816,A672,5,21442897|C816|A672|2026-02-18|net demand for forecast|062969,2026-02-18,2026-02-26,delivery_shipment
2026-02-18,21442897,C816,A672,5,21442897|C816|A672|2026-02-18|net demand for forecast|062970,2026-02-18,2026-02-26,delivery_shipment
2026-02-18,21442897,C816,A672,5,21442897|C816|A672|2026-02-18|net demand for forecast|062971,2026-02-18,2026-02-27,delivery_shipment
2026-02-18,21442897,C816,A672,5,21442897|C816|A672|2026-02-18|net demand for forecast|062972,2026-02-18,2026-02-26,delivery_shipment
2026-02-18,21442897,C816,A672,5,21442897|C816|A672|2026-02-18|net demand for forecast|062973,2026-02-18,2026-02-26,delivery_shipment
2026-02-18,21442897,C816,A672,5,21442897|C816|A672|2026-02-18|net demand for forecast|062974,2026-02-18,2026-02-26,delivery_shipment
2026-02-18,21442897,C816,A672,5,21442897|C816|A672|2026-02-18|net demand for forecast|062975,2026-02-18,2026-02-26,delivery_shipment
2026-02-18,80804699,C816,A672,1,80804699|C816|A672|2026-02-18|net demand for forecast|063074,2026-02-18,2026-02-26,delivery_shipment
2026-02-18,80804699,C816,A672,1,80804699|C816|A672|2026-02-18|net demand for forecast|063075,2026-02-18,2026-02-26,delivery_shipment
2026-02-18,80804699,C816,A672,1,80804699|C816|A672|2026-02-18|net demand for forecast|063076,2026-02-18,2026-02-26,delivery_shipment
2026-02-18,80804699,C816,A672,1,80804699|C816|A672|2026-02-18|net demand for forecast|063077,2026-02-18,2026-02-26,delivery_shipment
2026-02-18,80804699,C816,A672,1,80804699|C816|A672|2026-02-18|net demand for forecast|063078,2026-02-18,2026-02-26,delivery_shipment
2026-02-18,80804699,C816,A672,2,80804699|C816|A672|2026-02-18|net demand for forecast|063079,2026-02-18,2026-02-26,delivery_shipment
2026-02-18,80804699,C816,A672,2,80804699|C816|A672|2026-02-18|net demand for forecast|063080,2026-02-18,2026-02-26,delivery_shipment
2026-02-18,80804702,C816,A672,1,80804702|C816|A672|2026-02-18|net demand for forecast|063090,2026-02-18,2026-02-26,delivery_shipment
2026-02-18,80804702,C816,A672,1,80804702|C816|A672|2026-02-18|net demand for forecast|063091,2026-02-18,2026-02-26,delivery_shipment
2026-02-18,80804702,C816,A672,1,80804702|C816|A672|2026-02-18|net demand for forecast|063092,2026-02-18,2026-02-27,delivery_shipment
2026-02-18,80804702,C816,A672,1,80804702|C816|A672|2026-02-18|net demand for forecast|063093,2026-02-18,2026-02-26,delivery_shipment
2026-02-18,80804705,C816,A672,1,80804705|C816|A672|2026-02-18|net demand for forecast|063115,2026-02-18,2026-02-26,delivery_shipment
2026-02-18,80804705,C816,A672,2,80804705|C816|A672|2026-02-18|net demand for forecast|063116,2026-02-18,2026-02-27,delivery_shipment
2026-02-18,80804705,C816,A672,7,80804705|C816|A672|2026-02-18|net demand for forecast|063117,2026-02-18,2026-02-26,delivery_shipment
2026-02-18,80804705,C816,A672,7,80804705|C816|A672|2026-02-18|net demand for forecast|063118,2026-02-18,2026-02-26,delivery_shipment
2026-02-18,80804705,C816,A672,7,80804705|C816|A672|2026-02-18|net demand for forecast|063119,2026-02-18,2026-02-26,delivery_shipment
2026-02-18,80868100,C816,A672,2,80868100|C816|A672|2026-02-18|net demand for forecast|063452,2026-02-18,2026-02-26,delivery_shipment
2026-02-18,80868100,C816,A672,2,80868100|C816|A672|2026-02-18|net demand for forecast|063453,2026-02-18,2026-02-26,delivery_shipment
2026-02-18,80868100,C816,A672,2,80868100|C816|A672|2026-02-18|net demand for forecast|063454,2026-02-18,2026-02-27,delivery_shipment
2026-02-18,80868100,C816,A672,2,80868100|C816|A672|2026-02-18|net demand for forecast|063455,2026-02-18,2026-02-26,delivery_shipment
2026-02-18,80868100,C816,A672,2,80868100|C816|A672|2026-02-18|net demand for forecast|063456,2026-02-18,2026-02-26,delivery_shipment
2026-02-18,80868100,C816,A672,2,80868100|C816|A672|2026-02-18|net demand for forecast|063457,2026-02-18,2026-02-26,delivery_shipment
2026-02-18,80884848,C816,A672,1,80884848|C816|A672|2026-02-18|net demand for forecast|063488,2026-02-18,2026-02-26,delivery_shipment
2026-02-18,80884848,C816,A672,1,80884848|C816|A672|2026-02-18|net demand for forecast|063489,2026-02-18,2026-02-26,delivery_shipment
2026-02-18,80884848,C816,A672,1,80884848|C816|A672|2026-02-18|net demand for forecast|063490,2026-02-18,2026-02-26,delivery_shipment
2026-02-18,80884848,C816,A672,1,80884848|C816|A672|2026-02-18|net demand for forecast|063491,2026-02-18,2026-02-26,delivery_shipment
2026-02-18,80884848,C816,A672,1,80884848|C816|A672|2026-02-18|net demand for forecast|063492,2026-02-18,2026-02-26,delivery_shipment
2026-02-18,80884848,C816,A672,1,80884848|C816|A672|2026-02-18|net demand for forecast|063493,2026-02-18,2026-02-26,delivery_shipment
2026-02-18,80884848,C816,A672,1,80884848|C816|A672|2026-02-18|net demand for forecast|063494,2026-02-18,2026-02-26,delivery_shipment
2026-02-18,80885920,C816,A672,6,80885920|C816|A672|2026-02-18|net demand for forecast|063506,2026-02-18,2026-02-26,delivery_shipment
2026-02-18,80885920,C816,A672,6,80885920|C816|A672|2026-02-18|net demand for forecast|063507,2026-02-18,2026-02-26,delivery_shipment
2026-02-18,80885920,C816,A672,6,80885920|C816|A672|2026-02-18|net demand for forecast|063508,2026-02-18,2026-02-26,delivery_shipment
2026-02-18,80885920,C816,A672,6,80885920|C816|A672|2026-02-18|net demand for forecast|063509,2026-02-18,2026-02-26,delivery_shipment
2026-02-18,80885920,C816,A672,6,80885920|C816|A672|2026-02-18|net demand for forecast|063510,2026-02-18,2026-02-26,delivery_shipment
2026-02-18,80885920,C816,A672,6,80885920|C816|A672|2026-02-18|net demand for forecast|063511,2026-02-18,2026-02-26,delivery_shipment
2026-02-18,80885920,C816,A672,6,80885920|C816|A672|2026-02-18|net demand for forecast|063512,2026-02-18,2026-02-26,delivery_shipment
2026-02-18,80864469,C816,A672,1,80864469|C816|A672|2026-02-17|net demand for net demand for safety|062683,2026-02-18,2026-02-26,delivery_shipment
2026-02-18,80864469,C816,A672,1,80864469|C816|A672|2026-02-18|net demand for net demand for safety|063437,2026-02-18,2026-02-26,delivery_shipment
2026-02-18,80804134,C816,E564,1,80804134|C816|E564|2026-02-17|net demand for forecast|062413,2026-02-18,2026-02-23,delivery_shipment
2026-02-18,80804134,C816,E564,1,80804134|C816|E564|2026-02-17|net demand for forecast|062414,2026-02-18,2026-02-24,delivery_shipment
2026-02-18,80804134,C816,E564,1,80804134|C816|E564|2026-02-17|net demand for forecast|062415,2026-02-18,2026-02-23,delivery_shipment
2026-02-18,80804134,C816,E564,1,80804134|C816|E564|2026-02-17|net demand for forecast|062416,2026-02-18,2026-02-23,delivery_shipment
2026-02-18,80804134,C816,E564,1,80804134|C816|E564|2026-02-17|net demand for forecast|062417,2026-02-18,2026-02-23,delivery_shipment
2026-02-18,80804134,C816,E564,1,80804134|C816|E564|2026-02-17|net demand for forecast|062418,2026-02-18,2026-02-23,delivery_shipment
2026-02-18,80804134,C816,E564,1,80804134|C816|E564|2026-02-17|net demand for forecast|062419,2026-02-18,2026-02-23,delivery_shipment
2026-02-18,80804134,C816,E564,2,80804134|C816|E564|2026-02-18|net demand for forecast|063038,2026-02-18,2026-02-23,delivery_shipment
2026-02-18,80804134,C816,E564,2,80804134|C816|E564|2026-02-18|net demand for forecast|063039,2026-02-18,2026-02-23,delivery_shipment
2026-02-18,80804134,C816,E564,2,80804134|C816|E564|2026-02-18|net demand for forecast|063040,2026-02-18,2026-02-23,delivery_shipment
2026-02-18,80804134,C816,E564,2,80804134|C816|E564|2026-02-18|net demand for forecast|063041,2026-02-18,2026-02-23,delivery_shipment
2026-02-18,80804134,C816,E564,2,80804134|C816|E564|2026-02-18|net demand for forecast|063042,2026-02-18,2026-02-24,delivery_shipment
2026-02-18,80804134,C816,E564,2,80804134|C816|E564|2026-02-18|net demand for forecast|063043,2026-02-18,2026-02-23,delivery_shipment
2026-02-18,80804134,C816,E564,2,80804134|C816|E564|2026-02-18|net demand for forecast|063044,2026-02-18,2026-02-24,delivery_shipment
2026-02-18,80807096,C816,E564,1,80807096|C816|E564|2026-02-18|net demand for forecast|063216,2026-02-18,2026-02-23,delivery_shipment
2026-02-18,80807096,C816,E564,1,80807096|C816|E564|2026-02-18|net demand for forecast|063217,2026-02-18,2026-02-23,delivery_shipment
2026-02-18,80807096,C816,E564,1,80807096|C816|E564|2026-02-18|net demand for forecast|063218,2026-02-18,2026-02-24,delivery_shipment
2026-02-18,80812839,C816,E564,1,80812839|C816|E564|2026-02-18|net demand for forecast|063328,2026-02-18,2026-02-23,delivery_shipment
2026-02-18,80812839,C816,E564,1,80812839|C816|E564|2026-02-18|net demand for forecast|063329,2026-02-18,2026-02-23,delivery_shipment
2026-02-18,80812839,C816,E564,1,80812839|C816|E564|2026-02-18|net demand for forecast|063330,2026-02-18,2026-02-23,delivery_shipment
2026-02-18,80812839,C816,E564,1,80812839|C816|E564|2026-02-18|net demand for forecast|063331,2026-02-18,2026-02-23,delivery_shipment
2026-02-18,80812839,C816,E564,1,80812839|C816|E564|2026-02-18|net demand for forecast|063332,2026-02-18,2026-02-23,delivery_shipment
2026-02-18,80812839,C816,E564,1,80812839|C816|E564|2026-02-18|net demand for forecast|063333,2026-02-18,2026-02-23,delivery_shipment
2026-02-18,80812839,C816,E564,1,80812839|C816|E564|2026-02-18|net demand for forecast|063334,2026-02-18,2026-02-23,delivery_shipment
2026-02-18,21098519,C816,E564,2,21098519|C816|E564|2026-02-17|net demand for safety|062101,2026-02-18,2026-02-23,delivery_shipment
2026-02-18,21103371,C816,E564,1,21103371|C816|E564|2026-02-17|net demand for safety|062111,2026-02-18,2026-02-23,delivery_shipment
2026-02-18,21103372,C816,E564,1,21103372|C816|E564|2026-02-17|net demand for safety|062113,2026-02-18,2026-02-23,delivery_shipment
2026-02-18,21128067,C816,E564,4,21128067|C816|E564|2026-02-17|net demand for safety|062156,2026-02-18,2026-02-23,delivery_shipment
2026-02-18,21132758,C816,E564,1,21132758|C816|E564|2026-02-17|net demand for safety|062175,2026-02-18,2026-02-23,delivery_shipment
2026-02-18,21132988,C816,E564,10,21132988|C816|E564|2026-02-17|net demand for safety|062180,2026-02-18,2026-02-23,delivery_shipment
2026-02-18,21137866,C816,E564,13,21137866|C816|E564|2026-02-17|net demand for safety|062194,2026-02-18,2026-02-23,delivery_shipment
2026-02-18,21141769,C816,E564,5,21141769|C816|E564|2026-02-17|net demand for safety|062207,2026-02-18,2026-02-23,delivery_shipment
2026-02-18,21143102,C816,E564,1,21143102|C816|E564|2026-02-17|net demand for safety|062209,2026-02-18,2026-02-23,delivery_shipment
2026-02-18,21148509,C816,E564,6,21148509|C816|E564|2026-02-17|net demand for safety|062215,2026-02-18,2026-02-23,delivery_shipment
2026-02-18,21155895,C816,E564,1,21155895|C816|E564|2026-02-17|net demand for safety|062219,2026-02-18,2026-02-23,delivery_shipment
2026-02-18,21165946,C816,E564,1,21165946|C816|E564|2026-02-17|net demand for safety|062222,2026-02-18,2026-02-23,delivery_shipment
2026-02-18,21170683,C816,E564,2,21170683|C816|E564|2026-02-17|net demand for safety|062223,2026-02-18,2026-02-23,delivery_shipment
2026-02-18,21315474,C816,E564,11,21315474|C816|E564|2026-02-17|net demand for safety|062283,2026-02-18,2026-02-23,delivery_shipment
2026-02-18,21325292,C816,E564,13,21325292|C816|E564|2026-02-17|net demand for safety|062284,2026-02-18,2026-02-23,delivery_shipment
2026-02-18,80804128,C816,E564,2,80804128|C816|E564|2026-02-17|net demand for safety|062385,2026-02-18,2026-02-23,delivery_shipment
2026-02-18,80804130,C816,E564,2,80804130|C816|E564|2026-02-17|net demand for safety|062393,2026-02-18,2026-02-23,delivery_shipment
2026-02-18,80804132,C816,E564,7,80804132|C816|E564|2026-02-17|net demand for safety|062397,2026-02-18,2026-02-23,delivery_shipment
2026-02-18,80804133,C816,E564,14,80804133|C816|E564|2026-02-17|net demand for safety|062402,2026-02-18,2026-02-23,delivery_shipment
2026-02-18,80804137,C816,E564,7,80804137|C816|E564|2026-02-17|net demand for safety|062432,2026-02-18,2026-02-23,delivery_shipment
2026-02-18,80804138,C816,E564,3,80804138|C816|E564|2026-02-17|net demand for safety|062435,2026-02-18,2026-02-24,delivery_shipment
2026-02-18,80804698,C816,E564,4,80804698|C816|E564|2026-02-17|net demand for safety|062439,2026-02-18,2026-02-23,delivery_shipment
2026-02-18,80804699,C816,E564,1,80804699|C816|E564|2026-02-17|net demand for safety|062449,2026-02-18,2026-02-23,delivery_shipment
2026-02-18,80804701,C816,E564,1,80804701|C816|E564|2026-02-17|net demand for safety|062454,2026-02-18,2026-02-24,delivery_shipment
2026-02-18,80804702,C816,E564,1,80804702|C816|E564|2026-02-17|net demand for safety|062457,2026-02-18,2026-02-23,delivery_shipment
2026-02-18,80804703,C816,E564,1,80804703|C816|E564|2026-02-17|net demand for safety|062459,2026-02-18,2026-02-23,delivery_shipment
2026-02-18,80804704,C816,E564,11,80804704|C816|E564|2026-02-17|net demand for safety|062471,2026-02-18,2026-02-23,delivery_shipment
2026-02-18,80804705,C816,E564,9,80804705|C816|E564|2026-02-17|net demand for safety|062482,2026-02-18,2026-02-23,delivery_shipment
2026-02-18,80805856,C816,E564,5,80805856|C816|E564|2026-02-17|net demand for safety|062497,2026-02-18,2026-02-23,delivery_shipment
2026-02-18,80807089,C816,E564,3,80807089|C816|E564|2026-02-17|net demand for safety|062500,2026-02-18,2026-02-23,delivery_shipment
2026-02-18,80807090,C816,E564,1,80807090|C816|E564|2026-02-17|net demand for safety|062503,2026-02-18,2026-02-23,delivery_shipment
2026-02-18,80807092,C816,E564,4,80807092|C816|E564|2026-02-17|net demand for safety|062516,2026-02-18,2026-02-23,delivery_shipment
2026-02-18,80807093,C816,E564,2,80807093|C816|E564|2026-02-17|net demand for safety|062519,2026-02-18,2026-02-23,delivery_shipment
2026-02-18,80807095,C816,E564,8,80807095|C816|E564|2026-02-17|net demand for safety|062523,2026-02-18,2026-02-23,delivery_shipment
2026-02-18,80807097,C816,E564,1,80807097|C816|E564|2026-02-17|net demand for safety|062534,2026-02-18,2026-02-23,delivery_shipment
2026-02-18,80807100,C816,E564,11,80807100|C816|E564|2026-02-17|net demand for safety|062535,2026-02-18,2026-02-23,delivery_shipment
2026-02-18,80807102,C816,E564,24,80807102|C816|E564|2026-02-17|net demand for safety|062537,2026-02-18,2026-02-23,delivery_shipment
2026-02-18,80807105,C816,E564,12,80807105|C816|E564|2026-02-17|net demand for safety|062545,2026-02-18,2026-02-23,delivery_shipment
2026-02-18,80807110,C816,E564,9,80807110|C816|E564|2026-02-17|net demand for safety|062549,2026-02-18,2026-02-23,delivery_shipment
2026-02-18,80807112,C816,E564,7,80807112|C816|E564|2026-02-17|net demand for safety|062554,2026-02-18,2026-02-23,delivery_shipment
2026-02-18,80807113,C816,E564,11,80807113|C816|E564|2026-02-17|net demand for safety|062558,2026-02-18,2026-02-23,delivery_shipment
2026-02-18,80807114,C816,E564,5,80807114|C816|E564|2026-02-17|net demand for safety|062560,2026-02-18,2026-02-23,delivery_shipment
2026-02-18,80807118,C816,E564,8,80807118|C816|E564|2026-02-17|net demand for safety|062570,2026-02-18,2026-02-23,delivery_shipment
2026-02-18,80807119,C816,E564,2,80807119|C816|E564|2026-02-17|net demand for safety|062573,2026-02-18,2026-02-23,delivery_shipment
2026-02-18,80807120,C816,E564,4,80807120|C816|E564|2026-02-17|net demand for safety|062576,2026-02-18,2026-02-23,delivery_shipment
2026-02-18,80812840,C816,E564,4,80812840|C816|E564|2026-02-17|net demand for safety|062624,2026-02-18,2026-02-23,delivery_shipment
2026-02-18,80812841,C816,E564,1,80812841|C816|E564|2026-02-17|net demand for safety|062634,2026-02-18,2026-02-23,delivery_shipment
2026-02-18,80812845,C816,E564,14,80812845|C816|E564|2026-02-17|net demand for safety|062639,2026-02-18,2026-02-23,delivery_shipment
2026-02-18,80812846,C816,E564,6,80812846|C816|E564|2026-02-17|net demand for safety|062643,2026-02-18,2026-02-23,delivery_shipment
2026-02-18,21098519,C816,E564,1,21098519|C816|E564|2026-02-18|net demand for safety|062753,2026-02-18,2026-02-23,delivery_shipment
2026-02-18,21103371,C816,E564,1,21103371|C816|E564|2026-02-18|net demand for safety|062756,2026-02-18,2026-02-23,delivery_shipment
2026-02-18,21103372,C816,E564,1,21103372|C816|E564|2026-02-18|net demand for safety|062759,2026-02-18,2026-02-23,delivery_shipment
2026-02-18,21128067,C816,E564,3,21128067|C816|E564|2026-02-18|net demand for safety|062778,2026-02-18,2026-02-23,delivery_shipment
2026-02-18,21128377,C816,E564,1,21128377|C816|E564|2026-02-18|net demand for safety|062785,2026-02-18,2026-02-23,delivery_shipment
2026-02-18,21132758,C816,E564,3,21132758|C816|E564|2026-02-18|net demand for safety|062788,2026-02-18,2026-02-23,delivery_shipment
2026-02-18,21132988,C816,E564,12,21132988|C816|E564|2026-02-18|net demand for safety|062795,2026-02-18,2026-02-23,delivery_shipment
2026-02-18,21137866,C816,E564,14,21137866|C816|E564|2026-02-18|net demand for safety|062810,2026-02-18,2026-02-23,delivery_shipment
2026-02-18,21141769,C816,E564,7,21141769|C816|E564|2026-02-18|net demand for safety|062822,2026-02-18,2026-02-24,delivery_shipment
2026-02-18,21148509,C816,E564,7,21148509|C816|E564|2026-02-18|net demand for safety|062832,2026-02-18,2026-02-23,delivery_shipment
2026-02-18,21155895,C816,E564,1,21155895|C816|E564|2026-02-18|net demand for safety|062840,2026-02-18,2026-02-23,delivery_shipment
2026-02-18,21165946,C816,E564,2,21165946|C816|E564|2026-02-18|net demand for safety|062846,2026-02-18,2026-02-23,delivery_shipment
2026-02-18,21170683,C816,E564,2,21170683|C816|E564|2026-02-18|net demand for safety|062849,2026-02-18,2026-02-24,delivery_shipment
2026-02-18,21314875,C816,E564,1,21314875|C816|E564|2026-02-18|net demand for safety|062873,2026-02-18,2026-02-23,delivery_shipment
2026-02-18,21315474,C816,E564,10,21315474|C816|E564|2026-02-18|net demand for safety|062891,2026-02-18,2026-02-23,delivery_shipment
2026-02-18,21325292,C816,E564,8,21325292|C816|E564|2026-02-18|net demand for safety|062896,2026-02-18,2026-02-23,delivery_shipment
2026-02-18,80804128,C816,E564,2,80804128|C816|E564|2026-02-18|net demand for safety|062996,2026-02-18,2026-02-23,delivery_shipment
2026-02-18,80804130,C816,E564,2,80804130|C816|E564|2026-02-18|net demand for safety|062999,2026-02-18,2026-02-23,delivery_shipment
2026-02-18,80804132,C816,E564,10,80804132|C816|E564|2026-02-18|net demand for safety|063004,2026-02-18,2026-02-23,delivery_shipment
2026-02-18,80804133,C816,E564,18,80804133|C816|E564|2026-02-18|net demand for safety|063012,2026-02-18,2026-02-24,delivery_shipment
2026-02-18,80804137,C816,E564,7,80804137|C816|E564|2026-02-18|net demand for safety|063063,2026-02-18,2026-02-23,delivery_shipment
2026-02-18,80804138,C816,E564,2,80804138|C816|E564|2026-02-18|net demand for safety|063067,2026-02-18,2026-02-23,delivery_shipment
2026-02-18,80804698,C816,E564,5,80804698|C816|E564|2026-02-18|net demand for safety|063071,2026-02-18,2026-02-24,delivery_shipment
2026-02-18,80804699,C816,E564,1,80804699|C816|E564|2026-02-18|net demand for safety|063082,2026-02-18,2026-02-23,delivery_shipment
2026-02-18,80804701,C816,E564,2,80804701|C816|E564|2026-02-18|net demand for safety|063087,2026-02-18,2026-02-23,delivery_shipment
2026-02-18,80804702,C816,E564,2,80804702|C816|E564|2026-02-18|net demand for safety|063095,2026-02-18,2026-02-23,delivery_shipment
2026-02-18,80804704,C816,E564,12,80804704|C816|E564|2026-02-18|net demand for safety|063111,2026-02-18,2026-02-23,delivery_shipment
2026-02-18,80804705,C816,E564,13,80804705|C816|E564|2026-02-18|net demand for safety|063123,2026-02-18,2026-02-23,delivery_shipment
2026-02-18,80807089,C816,E564,2,80807089|C816|E564|2026-02-18|net demand for safety|063193,2026-02-18,2026-02-23,delivery_shipment
2026-02-18,80807090,C816,E564,3,80807090|C816|E564|2026-02-18|net demand for safety|063196,2026-02-18,2026-02-24,delivery_shipment
2026-02-18,80807091,C816,E564,29,80807091|C816|E564|2026-02-18|net demand for safety|063199,2026-02-18,2026-02-24,delivery_shipment
2026-02-18,80807092,C816,E564,3,80807092|C816|E564|2026-02-18|net demand for safety|063204,2026-02-18,2026-02-23,delivery_shipment
2026-02-18,80807093,C816,E564,2,80807093|C816|E564|2026-02-18|net demand for safety|063208,2026-02-18,2026-02-23,delivery_shipment
2026-02-18,80807095,C816,E564,10,80807095|C816|E564|2026-02-18|net demand for safety|063213,2026-02-18,2026-02-24,delivery_shipment
2026-02-18,80807096,C816,E564,1,80807096|C816|E564|2026-02-18|net demand for safety|063219,2026-02-18,2026-02-23,delivery_shipment
2026-02-18,80807097,C816,E564,1,80807097|C816|E564|2026-02-18|net demand for safety|063227,2026-02-18,2026-02-23,delivery_shipment
2026-02-18,80807100,C816,E564,7,80807100|C816|E564|2026-02-18|net demand for safety|063231,2026-02-18,2026-02-24,delivery_shipment
2026-02-18,80807102,C816,E564,19,80807102|C816|E564|2026-02-18|net demand for safety|063236,2026-02-18,2026-02-23,delivery_shipment
2026-02-18,80807105,C816,E564,13,80807105|C816|E564|2026-02-18|net demand for safety|063245,2026-02-18,2026-02-23,delivery_shipment
2026-02-18,80807110,C816,E564,13,80807110|C816|E564|2026-02-18|net demand for safety|063250,2026-02-18,2026-02-23,delivery_shipment
2026-02-18,80807112,C816,E564,6,80807112|C816|E564|2026-02-18|net demand for safety|063256,2026-02-18,2026-02-23,delivery_shipment
2026-02-18,80807113,C816,E564,8,80807113|C816|E564|2026-02-18|net demand for safety|063261,2026-02-18,2026-02-23,delivery_shipment
2026-02-18,80807114,C816,E564,4,80807114|C816|E564|2026-02-18|net demand for safety|063264,2026-02-18,2026-02-23,delivery_shipment
2026-02-18,80807118,C816,E564,7,80807118|C816|E564|2026-02-18|net demand for safety|063289,2026-02-18,2026-02-23,delivery_shipment
2026-02-18,80807119,C816,E564,2,80807119|C816|E564|2026-02-18|net demand for safety|063294,2026-02-18,2026-02-23,delivery_shipment
2026-02-18,80807120,C816,E564,4,80807120|C816|E564|2026-02-18|net demand for safety|063301,2026-02-18,2026-02-23,delivery_shipment
2026-02-18,80812839,C816,E564,34,80812839|C816|E564|2026-02-18|net demand for safety|063335,2026-02-18,2026-02-23,delivery_shipment
2026-02-18,80812840,C816,E564,2,80812840|C816|E564|2026-02-18|net demand for safety|063348,2026-02-18,2026-02-23,delivery_shipment
2026-02-18,80812841,C816,E564,7,80812841|C816|E564|2026-02-18|net demand for safety|063358,2026-02-18,2026-02-24,delivery_shipment
2026-02-18,80812845,C816,E564,15,80812845|C816|E564|2026-02-18|net demand for safety|063369,2026-02-18,2026-02-23,delivery_shipment
2026-02-18,80812846,C816,E564,7,80812846|C816|E564|2026-02-18|net demand for safety|063374,2026-02-18,2026-02-23,delivery_shipment
2026-02-18,80805856,0386,C810,1,80805856|0386|C810|2026-02-18|net demand for forecast|063153,2026-02-18,2026-02-20,delivery_shipment
2026-02-18,80805856,0386,C810,1,80805856|0386|C810|2026-02-18|net demand for forecast|063154,2026-02-18,2026-02-20,delivery_shipment
2026-02-18,80805856,0386,C810,1,80805856|0386|C810|2026-02-18|net demand for forecast|063155,2026-02-18,2026-02-20,delivery_shipment
2026-02-18,80805856,0386,C810,1,80805856|0386|C810|2026-02-18|net demand for forecast|063156,2026-02-18,2026-02-20,delivery_shipment
2026-02-18,80805856,0386,C810,1,80805856|0386|C810|2026-02-18|net demand for forecast|063157,2026-02-18,2026-02-20,delivery_shipment
2026-02-18,80805856,0386,C810,1,80805856|0386|C810|2026-02-18|net demand for forecast|063158,2026-02-18,2026-02-20,delivery_shipment
2026-02-18,80805856,0386,C810,1,80805856|0386|C810|2026-02-18|net demand for forecast|063159,2026-02-18,2026-02-20,delivery_shipment
2026-02-18,80805856,0386,C810,1,80805856|0386|C810|2026-02-18|net demand for forecast|063160,2026-02-18,2026-02-20,delivery_shipment
2026-02-18,80805856,0386,C810,1,80805856|0386|C810|2026-02-18|net demand for forecast|063161,2026-02-18,2026-02-21,delivery_shipment
2026-02-18,80805856,0386,C810,1,80805856|0386|C810|2026-02-18|net demand for forecast|063162,2026-02-18,2026-02-20,delivery_shipment
2026-02-18,80805856,0386,C810,1,80805856|0386|C810|2026-02-18|net demand for forecast|063163,2026-02-18,2026-02-20,delivery_shipment
2026-02-18,80805856,0386,C810,1,80805856|0386|C810|2026-02-18|net demand for forecast|063164,2026-02-18,2026-02-20,delivery_shipment
2026-02-18,80805856,0386,C810,1,80805856|0386|C810|2026-02-18|net demand for forecast|063165,2026-02-18,2026-02-20,delivery_shipment
2026-02-18,21314876,0386,C810,1,21314876|0386|C810|2026-02-18|net demand for net demand for forecast|062874,2026-02-18,2026-02-20,delivery_shipment
2026-02-18,21314876,0386,C810,1,21314876|0386|C810|2026-02-18|net demand for net demand for forecast|062875,2026-02-18,2026-02-20,delivery_shipment
2026-02-18,21314876,0386,C810,1,21314876|0386|C810|2026-02-18|net demand for net demand for forecast|062876,2026-02-18,2026-02-21,delivery_shipment
2026-02-18,80805856,0386,C810,1,80805856|0386|C810|2026-02-18|net demand for net demand for forecast|063166,2026-02-18,2026-02-20,delivery_shipment
2026-02-18,80805856,0386,C810,1,80805856|0386|C810|2026-02-18|net demand for net demand for forecast|063167,2026-02-18,2026-02-20,delivery_shipment
2026-02-18,80805856,0386,C810,1,80805856|0386|C810|2026-02-18|net demand for net demand for forecast|063168,2026-02-18,2026-02-20,delivery_shipment
2026-02-18,80805856,0386,C810,1,80805856|0386|C810|2026-02-18|net demand for net demand for forecast|063169,2026-02-18,2026-02-21,delivery_shipment
2026-02-18,80805856,0386,C810,1,80805856|0386|C810|2026-02-18|net demand for net demand for forecast|063170,2026-02-18,2026-02-20,delivery_shipment
2026-02-18,80805856,0386,C810,1,80805856|0386|C810|2026-02-18|net demand for net demand for forecast|063171,2026-02-18,2026-02-20,delivery_shipment
2026-02-18,80805856,0386,C810,1,80805856|0386|C810|2026-02-18|net demand for net demand for forecast|063172,2026-02-18,2026-02-20,delivery_shipment
2026-02-18,80812839,0386,C810,1,80812839|0386|C810|2026-02-18|net demand for net demand for forecast|063318,2026-02-18,2026-02-20,delivery_shipment
2026-02-18,80812839,0386,C810,1,80812839|0386|C810|2026-02-18|net demand for net demand for forecast|063319,2026-02-18,2026-02-20,delivery_shipment
2026-02-18,80812839,0386,C810,1,80812839|0386|C810|2026-02-18|net demand for net demand for forecast|063320,2026-02-18,2026-02-20,delivery_shipment
2026-02-18,80812839,0386,C810,1,80812839|0386|C810|2026-02-18|net demand for net demand for forecast|063321,2026-02-18,2026-02-20,delivery_shipment
2026-02-18,80807115,0386,C810,29,80807115|0386|C810|2026-02-18|net demand for safety|063271,2026-02-18,2026-02-20,delivery_shipment
2026-02-18,21103371,0386,C810,1,21103371|0386|C810|2026-02-18|net demand for net demand for safety|062755,2026-02-18,2026-02-20,delivery_shipment
2026-02-18,21128377,0386,C810,1,21128377|0386|C810|2026-02-18|net demand for net demand for safety|062781,2026-02-18,2026-02-20,delivery_shipment
2026-02-18,21132758,0386,C810,1,21132758|0386|C810|2026-02-18|net demand for net demand for safety|062786,2026-02-18,2026-02-20,delivery_shipment
2026-02-18,21275914,0386,C810,12,21275914|0386|C810|2026-02-18|net demand for net demand for safety|062858,2026-02-18,2026-02-20,delivery_shipment
2026-02-18,21314876,0386,C810,2,21314876|0386|C810|2026-02-18|net demand for net demand for safety|062877,2026-02-18,2026-02-20,delivery_shipment
2026-02-18,80805856,0386,C810,14,80805856|0386|C810|2026-02-18|net demand for net demand for safety|063173,2026-02-18,2026-02-20,delivery_shipment
2026-02-18,80805856,0386,C810,58,80805856|0386|C810|2026-02-18|net demand for net demand for safety|063174,2026-02-18,2026-02-20,delivery_shipment
2026-02-18,80807105,0386,C810,1,80807105|0386|C810|2026-02-18|net demand for net demand for safety|063238,2026-02-18,2026-02-20,delivery_shipment
2026-02-18,80807115,0386,C810,42,80807115|0386|C810|2026-02-18|net demand for net demand for safety|063270,2026-02-18,2026-02-20,delivery_shipment
2026-02-18,80812839,0386,C810,3,80812839|0386|C810|2026-02-18|net demand for net demand for safety|063322,2026-02-18,2026-02-20,delivery_shipment
2026-02-18,80812839,0386,C810,5,80812839|0386|C810|2026-02-18|net demand for net demand for safety|063323,2026-02-18,2026-02-20,delivery_shipment
2026-02-18,80812840,0386,C810,12,80812840|0386|C810|2026-02-18|net demand for net demand for safety|063337,2026-02-18,2026-02-20,delivery_shipment
2026-02-18,80812840,0386,C810,60,80812840|0386|C810|2026-02-18|net demand for net demand for safety|063338,2026-02-18,2026-02-20,delivery_shipment
2026-02-18,80807115,0386,C810,114,80807115|0386|C810|2026-02-18|push replenishment|063272,2026-02-18,2026-02-21,delivery_shipment
2026-02-18,80805856,0386,C816,1,80805856|0386|C816|2026-02-18|net demand for forecast|063175,2026-02-18,2026-02-19,delivery_shipment
2026-02-18,80805856,0386,C816,2,80805856|0386|C816|2026-02-18|net demand for forecast|063176,2026-02-18,2026-02-19,delivery_shipment
2026-02-18,80805856,0386,C816,2,80805856|0386|C816|2026-02-18|net demand for forecast|063177,2026-02-18,2026-02-19,delivery_shipment
2026-02-18,80805856,0386,C816,2,80805856|0386|C816|2026-02-18|net demand for forecast|063178,2026-02-18,2026-02-19,delivery_shipment
2026-02-18,80805856,0386,C816,2,80805856|0386|C816|2026-02-18|net demand for forecast|063179,2026-02-18,2026-02-19,delivery_shipment
2026-02-18,80805856,0386,C816,2,80805856|0386|C816|2026-02-18|net demand for forecast|063180,2026-02-18,2026-02-19,delivery_shipment
2026-02-18,80805856,0386,C816,2,80805856|0386|C816|2026-02-18|net demand for forecast|063181,2026-02-18,2026-02-19,delivery_shipment
2026-02-18,80805856,0386,C816,2,80805856|0386|C816|2026-02-18|net demand for forecast|063182,2026-02-18,2026-02-19,delivery_shipment
2026-02-18,80805856,0386,C816,2,80805856|0386|C816|2026-02-18|net demand for forecast|063183,2026-02-18,2026-02-19,delivery_shipment
2026-02-18,80805856,0386,C816,2,80805856|0386|C816|2026-02-18|net demand for forecast|063184,2026-02-18,2026-02-19,delivery_shipment
2026-02-18,80805856,0386,C816,2,80805856|0386|C816|2026-02-18|net demand for forecast|063185,2026-02-18,2026-02-19,delivery_shipment
2026-02-18,80805856,0386,C816,2,80805856|0386|C816|2026-02-18|net demand for forecast|063186,2026-02-18,2026-02-19,delivery_shipment
2026-02-18,80805856,0386,C816,2,80805856|0386|C816|2026-02-18|net demand for forecast|063187,2026-02-18,2026-02-19,delivery_shipment
2026-02-18,21121752,0386,C816,17,21121752|0386|C816|2026-02-18|net demand for safety|062761,2026-02-18,2026-02-19,delivery_shipment
2026-02-18,80807115,0386,C816,88,80807115|0386|C816|2026-02-18|net demand for safety|063275,2026-02-18,2026-02-19,delivery_shipment
2026-02-18,80805856,0386,C816,9,80805856|0386|C816|2026-02-18|net demand for net demand for safety|063188,2026-02-18,2026-02-19,delivery_shipment
2026-02-18,80807115,0386,C816,28,80807115|0386|C816|2026-02-18|net demand for net demand for safety|063273,2026-02-18,2026-02-19,delivery_shipment
2026-02-18,80807115,0386,C816,66,80807115|0386|C816|2026-02-18|net demand for net demand for safety|063274,2026-02-18,2026-02-19,delivery_shipment
2026-02-18,80812839,0386,C816,1,80812839|0386|C816|2026-02-18|net demand for net demand for safety|063324,2026-02-18,2026-02-19,delivery_shipment
2026-02-18,80812839,0386,C816,7,80812839|0386|C816|2026-02-18|net demand for net demand for safety|063325,2026-02-18,2026-02-19,delivery_shipment
2026-02-18,21121752,0386,C816,301,21121752|0386|C816|2026-02-18|push replenishment|062762,2026-02-18,2026-02-19,delivery_shipment
2026-02-18,21128377,0386,C816,1,21128377|0386|C816|2026-02-18|push replenishment|062782,2026-02-18,2026-02-19,delivery_shipment
2026-02-18,80807115,0386,C816,563,80807115|0386|C816|2026-02-18|push replenishment|063276,2026-02-18,2026-02-19,delivery_shipment
2026-02-18,80807115,0386,A668,36,80807115|0386|A668|2026-02-18|net demand for safety|063265,2026-02-18,2026-02-23,delivery_shipment
2026-02-18,80807115,0386,A668,466,80807115|0386|A668|2026-02-18|push replenishment|063266,2026-02-18,2026-02-23,delivery_shipment
2026-02-18,80807115,0386,A673,162,80807115|0386|A673|2026-02-18|net demand for safety|063268,2026-02-18,2026-02-23,delivery_shipment
2026-02-18,80807115,0386,A673,9,80807115|0386|A673|2026-02-18|net demand for net demand for safety|063267,2026-02-18,2026-02-23,delivery_shipment
2026-02-18,80807105,0386,A673,143,80807105|0386|A673|2026-02-17|push replenishment|062540,2026-02-18,2026-02-23,delivery_shipment
2026-02-18,80848026,0386,A673,167,80848026|0386|A673|2026-02-17|push replenishment|062664,2026-02-18,2026-02-23,delivery_shipment
2026-02-18,21121752,0386,A673,132,21121752|0386|A673|2026-02-18|push replenishment|062760,2026-02-18,2026-02-23,delivery_shipment
2026-02-18,21128377,0386,A673,1,21128377|0386|A673|2026-02-18|push replenishment|062780,2026-02-18,2026-02-23,delivery_shipment
2026-02-18,80807115,0386,A673,1095,80807115|0386|A673|2026-02-18|push replenishment|063269,2026-02-18,2026-02-23,delivery_shipment
2026-02-18,21139445,C816,A673,20,21139445|C816|A673|2026-02-18|net demand for safety|062819,2026-02-18,2026-02-22,delivery_shipment
2026-02-18,21307836,C816,A673,22,21307836|C816|A673|2026-02-18|net demand for safety|062864,2026-02-18,2026-02-22,delivery_shipment
2026-02-18,21414747,C816,A673,6,21414747|C816|A673|2026-02-18|net demand for safety|062905,2026-02-18,2026-02-22,delivery_shipment
2026-02-18,21419485,C816,A673,52,21419485|C816|A673|2026-02-18|net demand for safety|062922,2026-02-18,2026-02-22,delivery_shipment
2026-02-18,21419490,C816,A673,8,21419490|C816|A673|2026-02-18|net demand for safety|062924,2026-02-18,2026-02-22,delivery_shipment
2026-02-18,21419500,C816,A673,129,21419500|C816|A673|2026-02-18|net demand for safety|062926,2026-02-18,2026-02-22,delivery_shipment
2026-02-18,21428668,C816,A673,51,21428668|C816|A673|2026-02-18|net demand for safety|062935,2026-02-18,2026-02-22,delivery_shipment
2026-02-18,21442422,C816,A673,2,21442422|C816|A673|2026-02-18|net demand for safety|062946,2026-02-18,2026-02-22,delivery_shipment
2026-02-18,21442897,C816,A673,93,21442897|C816|A673|2026-02-18|net demand for safety|062976,2026-02-18,2026-02-22,delivery_shipment
2026-02-18,21447518,C816,A673,3,21447518|C816|A673|2026-02-18|net demand for safety|062985,2026-02-18,2026-02-22,delivery_shipment
2026-02-18,80804698,C816,A673,14,80804698|C816|A673|2026-02-18|net demand for safety|063070,2026-02-18,2026-02-22,delivery_shipment
2026-02-18,80804699,C816,A673,5,80804699|C816|A673|2026-02-18|net demand for safety|063081,2026-02-18,2026-02-22,delivery_shipment
2026-02-18,80804701,C816,A673,35,80804701|C816|A673|2026-02-18|net demand for safety|063086,2026-02-18,2026-02-22,delivery_shipment
2026-02-18,80804702,C816,A673,5,80804702|C816|A673|2026-02-18|net demand for safety|063094,2026-02-18,2026-02-22,delivery_shipment
2026-02-18,80804703,C816,A673,13,80804703|C816|A673|2026-02-18|net demand for safety|063097,2026-02-18,2026-02-22,delivery_shipment
2026-02-18,80804704,C816,A673,120,80804704|C816|A673|2026-02-18|net demand for safety|063102,2026-02-18,2026-02-23,delivery_shipment
2026-02-18,80804705,C816,A673,34,80804705|C816|A673|2026-02-18|net demand for safety|063121,2026-02-18,2026-02-22,delivery_shipment
2026-02-18,80804706,C816,A673,2,80804706|C816|A673|2026-02-18|net demand for safety|063127,2026-02-18,2026-02-22,delivery_shipment
2026-02-18,80807093,C816,A673,12,80807093|C816|A673|2026-02-18|net demand for safety|063207,2026-02-18,2026-02-22,delivery_shipment
2026-02-18,80807117,C816,A673,14,80807117|C816|A673|2026-02-18|net demand for safety|063282,2026-02-18,2026-02-22,delivery_shipment
2026-02-18,80807122,C816,A673,12,80807122|C816|A673|2026-02-18|net demand for safety|063304,2026-02-18,2026-02-22,delivery_shipment
2026-02-18,80848025,C816,A673,33,80848025|C816|A673|2026-02-18|net demand for safety|063393,2026-02-18,2026-02-22,delivery_shipment
2026-02-18,80848031,C816,A673,8,80848031|C816|A673|2026-02-18|net demand for safety|063418,2026-02-18,2026-02-22,delivery_shipment
2026-02-18,80857738,C816,A673,1,80857738|C816|A673|2026-02-18|net demand for safety|063420,2026-02-18,2026-02-22,delivery_shipment
2026-02-18,80864469,C816,A673,18,80864469|C816|A673|2026-02-18|net demand for safety|063438,2026-02-18,2026-02-22,delivery_shipment
2026-02-18,80868101,C816,A673,7,80868101|C816|A673|2026-02-18|net demand for safety|063473,2026-02-18,2026-02-22,delivery_shipment
2026-02-18,80868102,C816,A673,11,80868102|C816|A673|2026-02-18|net demand for safety|063482,2026-02-18,2026-02-22,delivery_shipment
2026-02-18,80884845,C816,A673,2,80884845|C816|A673|2026-02-18|net demand for safety|063484,2026-02-18,2026-02-22,delivery_shipment
2026-02-18,80884846,C816,A673,2,80884846|C816|A673|2026-02-18|net demand for safety|063486,2026-02-18,2026-02-22,delivery_shipment
2026-02-18,80884848,C816,A673,3,80884848|C816|A673|2026-02-18|net demand for safety|063495,2026-02-18,2026-02-22,delivery_shipment
2026-02-18,80884852,C816,A673,2,80884852|C816|A673|2026-02-18|net demand for safety|063497,2026-02-18,2026-02-23,delivery_shipment
2026-02-18,80885920,C816,A673,5,80885920|C816|A673|2026-02-18|net demand for safety|063513,2026-02-18,2026-02-22,delivery_shipment
2026-02-18,21139445,C816,A673,1,21139445|C816|A673|2026-02-18|net demand for net demand for safety|062818,2026-02-18,2026-02-22,delivery_shipment
2026-02-18,80804701,C816,A673,4,80804701|C816|A673|2026-02-18|net demand for net demand for safety|063085,2026-02-18,2026-02-22,delivery_shipment
2026-02-18,80804704,C816,A673,2,80804704|C816|A673|2026-02-18|net demand for net demand for safety|063101,2026-02-18,2026-02-22,delivery_shipment
2026-02-18,80804705,C816,A673,2,80804705|C816|A673|2026-02-18|net demand for net demand for safety|063120,2026-02-18,2026-02-23,delivery_shipment
