date,material,sending,receiving,quantity,ori_deployment_uid,actual_ship_date,actual_delivery_date,type
2026-01-12,21314594,A673,D901,1,21314594|A673|D901|2026-01-12|net demand for normal|024102,2026-01-12,2026-01-14,delivery_shipment
2026-01-12,80804704,A673,D901,2,80804704|A673|D901|2026-01-12|net demand for normal|024359,2026-01-12,2026-01-15,delivery_shipment
2026-01-12,80804705,A673,D901,24,80804705|A673|D901|2026-01-12|net demand for normal|024380,2026-01-12,2026-01-14,delivery_shipment
2026-01-12,80807110,A673,D901,7,80807110|A673|D901|2026-01-12|net demand for normal|024551,2026-01-12,2026-01-14,delivery_shipment
2026-01-12,80807119,A673,D901,27,80807119|A673|D901|2026-01-12|net demand for normal|024765,2026-01-12,2026-01-14,delivery_shipment
2026-01-12,80848022,A673,D901,5,80848022|A673|D901|2026-01-12|net demand for normal|024917,2026-01-12,2026-01-14,delivery_shipment
2026-01-12,21132988,A673,D901,2,21132988|A673|D901|2026-01-12|net demand for forecast|023860,2026-01-12,2026-01-14,delivery_shipment
2026-01-12,21132988,A673,D901,2,21132988|A673|D901|2026-01-12|net demand for forecast|023861,2026-01-12,2026-01-14,delivery_shipment
2026-01-12,21132988,A673,D901,2,21132988|A673|D901|2026-01-12|net demand for forecast|023862,2026-01-12,2026-01-14,delivery_shipment
2026-01-12,21132988,A673,D901,2,21132988|A673|D901|2026-01-12|net demand for forecast|023863,2026-01-12,2026-01-14,delivery_shipment
2026-01-12,21314594,A673,D901,1,21314594|A673|D901|2026-01-12|net demand for forecast|024098,2026-01-12,2026-01-14,delivery_shipment
2026-01-12,21314594,A673,D901,1,21314594|A673|D901|2026-01-12|net demand for forecast|024099,2026-01-12,2026-01-15,delivery_shipment
2026-01-12,21314594,A673,D901,1,21314594|A673|D901|2026-01-12|net demand for forecast|024100,2026-01-12,2026-01-14,delivery_shipment
2026-01-12,21314594,A673,D901,1,21314594|A673|D901|2026-01-12|net demand for forecast|024101,2026-01-12,2026-01-14,delivery_shipment
2026-01-12,21314595,A673,D901,3,21314595|A673|D901|2026-01-12|net demand for forecast|024104,2026-01-12,2026-01-14,delivery_shipment
2026-01-12,21314595,A673,D901,3,21314595|A673|D901|2026-01-12|net demand for forecast|024105,2026-01-12,2026-01-14,delivery_shipment
2026-01-12,21314595,A673,D901,3,21314595|A673|D901|2026-01-12|net demand for forecast|024106,2026-01-12,2026-01-14,delivery_shipment
2026-01-12,21314595,A673,D901,3,21314595|A673|D901|2026-01-12|net demand for forecast|024107,2026-01-12,2026-01-14,delivery_shipment
2026-01-12,80804130,A673,D901,1,80804130|A673|D901|2026-01-12|net demand for forecast|024199,2026-01-12,2026-01-14,delivery_shipment
2026-01-12,80804130,A673,D901,1,80804130|A673|D901|2026-01-12|net demand for forecast|024200,2026-01-12,2026-01-14,delivery_shipment
2026-01-12,80804130,A673,D901,1,80804130|A673|D901|2026-01-12|net demand for forecast|024201,2026-01-12,2026-01-14,delivery_shipment
2026-01-12,80804130,A673,D901,1,80804130|A673|D901|2026-01-12|net demand for forecast|024202,2026-01-12,2026-01-14,delivery_shipment
2026-01-12,80804132,A673,D901,2,80804132|A673|D901|2026-01-12|net demand for forecast|024206,2026-01-12,2026-01-14,delivery_shipment
2026-01-12,80804132,A673,D901,2,80804132|A673|D901|2026-01-12|net demand for forecast|024207,2026-01-12,2026-01-14,delivery_shipment
2026-01-12,80804132,A673,D901,2,80804132|A673|D901|2026-01-12|net demand for forecast|024208,2026-01-12,2026-01-14,delivery_shipment
2026-01-12,80804132,A673,D901,2,80804132|A673|D901|2026-01-12|net demand for forecast|024209,2026-01-12,2026-01-14,delivery_shipment
2026-01-12,80804134,A673,D901,1,80804134|A673|D901|2026-01-12|net demand for forecast|024246,2026-01-12,2026-01-14,delivery_shipment
2026-01-12,80804134,A673,D901,1,80804134|A673|D901|2026-01-12|net demand for forecast|024247,2026-01-12,2026-01-14,delivery_shipment
2026-01-12,80804134,A673,D901,2,80804134|A673|D901|2026-01-12|net demand for forecast|024248,2026-01-12,2026-01-14,delivery_shipment
2026-01-12,80804134,A673,D901,2,80804134|A673|D901|2026-01-12|net demand for forecast|024249,2026-01-12,2026-01-14,delivery_shipment
2026-01-12,80804137,A673,D901,1,80804137|A673|D901|2026-01-12|net demand for forecast|024269,2026-01-12,2026-01-14,delivery_shipment
2026-01-12,80804137,A673,D901,1,80804137|A673|D901|2026-01-12|net demand for forecast|024270,2026-01-12,2026-01-14,delivery_shipment
2026-01-12,80804137,A673,D901,1,80804137|A673|D901|2026-01-12|net demand for forecast|024271,2026-01-12,2026-01-14,delivery_shipment
2026-01-12,80804137,A673,D901,1,80804137|A673|D901|2026-01-12|net demand for forecast|024272,2026-01-12,2026-01-15,delivery_shipment
2026-01-12,80804704,A673,D901,4,80804704|A673|D901|2026-01-12|net demand for forecast|024355,2026-01-12,2026-01-15,delivery_shipment
2026-01-12,80804704,A673,D901,4,80804704|A673|D901|2026-01-12|net demand for forecast|024356,2026-01-12,2026-01-14,delivery_shipment
2026-01-12,80804704,A673,D901,4,80804704|A673|D901|2026-01-12|net demand for forecast|024357,2026-01-12,2026-01-14,delivery_shipment
2026-01-12,80804704,A673,D901,4,80804704|A673|D901|2026-01-12|net demand for forecast|024358,2026-01-12,2026-01-14,delivery_shipment
2026-01-12,80804706,A673,D901,2,80804706|A673|D901|2026-01-12|net demand for forecast|024456,2026-01-12,2026-01-14,delivery_shipment
2026-01-12,80804706,A673,D901,2,80804706|A673|D901|2026-01-12|net demand for forecast|024457,2026-01-12,2026-01-14,delivery_shipment
2026-01-12,80804706,A673,D901,2,80804706|A673|D901|2026-01-12|net demand for forecast|024458,2026-01-12,2026-01-14,delivery_shipment
2026-01-12,80804706,A673,D901,2,80804706|A673|D901|2026-01-12|net demand for forecast|024459,2026-01-12,2026-01-14,delivery_shipment
2026-01-12,80807095,A673,D901,10,80807095|A673|D901|2026-01-12|net demand for forecast|024522,2026-01-12,2026-01-14,delivery_shipment
2026-01-12,80807095,A673,D901,10,80807095|A673|D901|2026-01-12|net demand for forecast|024523,2026-01-12,2026-01-15,delivery_shipment
2026-01-12,80807095,A673,D901,10,80807095|A673|D901|2026-01-12|net demand for forecast|024524,2026-01-12,2026-01-14,delivery_shipment
2026-01-12,80807095,A673,D901,10,80807095|A673|D901|2026-01-12|net demand for forecast|024525,2026-01-12,2026-01-14,delivery_shipment
2026-01-12,80807110,A673,D901,20,80807110|A673|D901|2026-01-12|net demand for forecast|024547,2026-01-12,2026-01-14,delivery_shipment
2026-01-12,80807110,A673,D901,20,80807110|A673|D901|2026-01-12|net demand for forecast|024548,2026-01-12,2026-01-14,delivery_shipment
2026-01-12,80807110,A673,D901,20,80807110|A673|D901|2026-01-12|net demand for forecast|024549,2026-01-12,2026-01-14,delivery_shipment
2026-01-12,80807110,A673,D901,20,80807110|A673|D901|2026-01-12|net demand for forecast|024550,2026-01-12,2026-01-14,delivery_shipment
2026-01-12,80807115,A673,D901,2,80807115|A673|D901|2026-01-12|net demand for forecast|024573,2026-01-12,2026-01-15,delivery_shipment
2026-01-12,80807115,A673,D901,2,80807115|A673|D901|2026-01-12|net demand for forecast|024574,2026-01-12,2026-01-14,delivery_shipment
2026-01-12,80807115,A673,D901,2,80807115|A673|D901|2026-01-12|net demand for forecast|024575,2026-01-12,2026-01-15,delivery_shipment
2026-01-12,80807115,A673,D901,2,80807115|A673|D901|2026-01-12|net demand for forecast|024576,2026-01-12,2026-01-14,delivery_shipment
2026-01-12,80848022,A673,D901,9,80848022|A673|D901|2026-01-12|net demand for forecast|024913,2026-01-12,2026-01-14,delivery_shipment
2026-01-12,80848022,A673,D901,9,80848022|A673|D901|2026-01-12|net demand for forecast|024914,2026-01-12,2026-01-15,delivery_shipment
2026-01-12,80848022,A673,D901,9,80848022|A673|D901|2026-01-12|net demand for forecast|024915,2026-01-12,2026-01-14,delivery_shipment
2026-01-12,80848022,A673,D901,9,80848022|A673|D901|2026-01-12|net demand for forecast|024916,2026-01-12,2026-01-14,delivery_shipment
2026-01-12,80848026,A673,D901,23,80848026|A673|D901|2026-01-12|net demand for forecast|025018,2026-01-12,2026-01-14,delivery_shipment
2026-01-12,80848026,A673,D901,23,80848026|A673|D901|2026-01-12|net demand for forecast|025019,2026-01-12,2026-01-14,delivery_shipment
2026-01-12,80848026,A673,D901,23,80848026|A673|D901|2026-01-12|net demand for forecast|025020,2026-01-12,2026-01-14,delivery_shipment
2026-01-12,80848026,A673,D901,23,80848026|A673|D901|2026-01-12|net demand for forecast|025021,2026-01-12,2026-01-14,delivery_shipment
2026-01-12,21098519,A673,D901,12,21098519|A673|D901|2026-01-12|net demand for safety|023709,2026-01-12,2026-01-14,delivery_shipment
2026-01-12,21113405,A673,D901,1,21113405|A673|D901|2026-01-12|net demand for safety|023735,2026-01-12,2026-01-14,delivery_shipment
2026-01-12,21143103,A673,D901,4,21143103|A673|D901|2026-01-12|net demand for safety|024026,2026-01-12,2026-01-14,delivery_shipment
2026-01-12,21143110,A673,D901,8,21143110|A673|D901|2026-01-12|net demand for safety|024027,2026-01-12,2026-01-14,delivery_shipment
2026-01-12,21155895,A673,D901,20,21155895|A673|D901|2026-01-12|net demand for safety|024041,2026-01-12,2026-01-14,delivery_shipment
2026-01-12,21165816,A673,D901,1,21165816|A673|D901|2026-01-12|net demand for safety|024046,2026-01-12,2026-01-14,delivery_shipment
2026-01-12,21165868,A673,D901,1,21165868|A673|D901|2026-01-12|net demand for safety|024047,2026-01-12,2026-01-14,delivery_shipment
2026-01-12,21165946,A673,D901,4,21165946|A673|D901|2026-01-12|net demand for safety|024048,2026-01-12,2026-01-15,delivery_shipment
2026-01-12,21170686,A673,D901,1,21170686|A673|D901|2026-01-12|net demand for safety|024053,2026-01-12,2026-01-14,delivery_shipment
2026-01-12,21170691,A673,D901,1,21170691|A673|D901|2026-01-12|net demand for safety|024054,2026-01-12,2026-01-14,delivery_shipment
2026-01-12,21171453,A673,D901,1,21171453|A673|D901|2026-01-12|net demand for safety|024055,2026-01-12,2026-01-14,delivery_shipment
2026-01-12,21314594,A673,D901,1,21314594|A673|D901|2026-01-12|net demand for safety|024103,2026-01-12,2026-01-14,delivery_shipment
2026-01-12,21314595,A673,D901,24,21314595|A673|D901|2026-01-12|net demand for safety|024108,2026-01-12,2026-01-14,delivery_shipment
2026-01-12,21315352,A673,D901,1,21315352|A673|D901|2026-01-12|net demand for safety|024118,2026-01-12,2026-01-14,delivery_shipment
2026-01-12,80793613,A673,D901,3,80793613|A673|D901|2026-01-12|net demand for safety|024174,2026-01-12,2026-01-14,delivery_shipment
2026-01-12,80804132,A673,D901,34,80804132|A673|D901|2026-01-12|net demand for safety|024210,2026-01-12,2026-01-14,delivery_shipment
2026-01-12,80804133,A673,D901,6,80804133|A673|D901|2026-01-12|net demand for safety|024237,2026-01-12,2026-01-14,delivery_shipment
2026-01-12,80807089,A673,D901,13,80807089|A673|D901|2026-01-12|net demand for safety|024480,2026-01-12,2026-01-14,delivery_shipment
2026-01-12,80807102,A673,D901,4,80807102|A673|D901|2026-01-12|net demand for safety|024540,2026-01-12,2026-01-14,delivery_shipment
2026-01-12,80807110,A673,D901,182,80807110|A673|D901|2026-01-12|net demand for safety|024552,2026-01-12,2026-01-14,delivery_shipment
2026-01-12,80807113,A673,D901,1,80807113|A673|D901|2026-01-12|net demand for safety|024558,2026-01-12,2026-01-14,delivery_shipment
2026-01-12,80807118,A673,D901,5,80807118|A673|D901|2026-01-12|net demand for safety|024760,2026-01-12,2026-01-14,delivery_shipment
2026-01-12,80807120,A673,D901,3,80807120|A673|D901|2026-01-12|net demand for safety|024768,2026-01-12,2026-01-14,delivery_shipment
2026-01-12,21354246,A672,E556,1,21354246|A672|E556|2025-12-24|net demand for normal|003111,2026-01-12,2026-01-15,delivery_shipment
2026-01-12,21354246,A672,E556,1,21354246|A672|E556|2025-12-25|net demand for normal|004043,2026-01-12,2026-01-15,delivery_shipment
2026-01-12,21121752,A672,E556,1,21121752|A672|E556|2026-01-09|net demand for normal|019292,2026-01-12,2026-01-15,delivery_shipment
2026-01-12,21314593,A672,E556,4,21314593|A672|E556|2026-01-09|net demand for normal|019441,2026-01-12,2026-01-15,delivery_shipment
2026-01-12,80804128,A672,E556,2,80804128|A672|E556|2026-01-09|net demand for normal|019544,2026-01-12,2026-01-15,delivery_shipment
2026-01-12,80807095,A672,E556,1,80807095|A672|E556|2026-01-09|net demand for normal|019876,2026-01-12,2026-01-15,delivery_shipment
2026-01-12,80839736,A672,E556,8,80839736|A672|E556|2026-01-09|net demand for normal|020128,2026-01-12,2026-01-15,delivery_shipment
2026-01-12,21314593,A672,E556,2,21314593|A672|E556|2026-01-10|net demand for normal|020629,2026-01-12,2026-01-15,delivery_shipment
2026-01-12,80804128,A672,E556,1,80804128|A672|E556|2026-01-10|net demand for normal|020779,2026-01-12,2026-01-15,delivery_shipment
2026-01-12,80804134,A672,E556,4,80804134|A672|E556|2026-01-10|net demand for normal|020825,2026-01-12,2026-01-15,delivery_shipment
2026-01-12,80807095,A672,E556,2,80807095|A672|E556|2026-01-10|net demand for normal|021351,2026-01-12,2026-01-15,delivery_shipment
2026-01-12,21315474,A672,E556,2,21315474|A672|E556|2026-01-11|net demand for normal|022402,2026-01-12,2026-01-15,delivery_shipment
2026-01-12,80804128,A672,E556,2,80804128|A672|E556|2026-01-11|net demand for normal|022782,2026-01-12,2026-01-15,delivery_shipment
2026-01-12,80807110,A672,E556,6,80807110|A672|E556|2026-01-11|net demand for normal|023233,2026-01-12,2026-01-15,delivery_shipment
2026-01-12,80812841,A672,E556,6,80812841|A672|E556|2026-01-11|net demand for normal|023376,2026-01-12,2026-01-15,delivery_shipment
2026-01-12,21314593,A672,E556,1,21314593|A672|E556|2026-01-12|net demand for normal|024096,2026-01-12,2026-01-15,delivery_shipment
2026-01-12,21315474,A672,E556,5,21315474|A672|E556|2026-01-12|net demand for normal|024124,2026-01-12,2026-01-15,delivery_shipment
2026-01-12,80804128,A672,E556,2,80804128|A672|E556|2026-01-12|net demand for normal|024189,2026-01-12,2026-01-15,delivery_shipment
2026-01-12,80807110,A672,E556,6,80807110|A672|E556|2026-01-12|net demand for normal|024546,2026-01-12,2026-01-15,delivery_shipment
2026-01-12,80812841,A672,E556,7,80812841|A672|E556|2026-01-12|net demand for normal|024784,2026-01-12,2026-01-16,delivery_shipment
2026-01-12,21121752,A672,E556,1,21121752|A672|E556|2026-01-09|net demand for forecast|019289,2026-01-12,2026-01-15,delivery_shipment
2026-01-12,21121752,A672,E556,1,21121752|A672|E556|2026-01-09|net demand for forecast|019290,2026-01-12,2026-01-15,delivery_shipment
2026-01-12,21121752,A672,E556,1,21121752|A672|E556|2026-01-09|net demand for forecast|019291,2026-01-12,2026-01-15,delivery_shipment
2026-01-12,21162696,A672,E556,1,21162696|A672|E556|2026-01-09|net demand for forecast|019407,2026-01-12,2026-01-15,delivery_shipment
2026-01-12,21162696,A672,E556,1,21162696|A672|E556|2026-01-09|net demand for forecast|019408,2026-01-12,2026-01-15,delivery_shipment
2026-01-12,21162696,A672,E556,1,21162696|A672|E556|2026-01-09|net demand for forecast|019409,2026-01-12,2026-01-15,delivery_shipment
2026-01-12,21162696,A672,E556,1,21162696|A672|E556|2026-01-09|net demand for forecast|019410,2026-01-12,2026-01-15,delivery_shipment
2026-01-12,21162696,A672,E556,1,21162696|A672|E556|2026-01-09|net demand for forecast|019411,2026-01-12,2026-01-16,delivery_shipment
2026-01-12,80804136,A672,E556,1,80804136|A672|E556|2026-01-09|net demand for forecast|019672,2026-01-12,2026-01-15,delivery_shipment
2026-01-12,80804136,A672,E556,1,80804136|A672|E556|2026-01-09|net demand for forecast|019673,2026-01-12,2026-01-15,delivery_shipment
2026-01-12,80804136,A672,E556,1,80804136|A672|E556|2026-01-09|net demand for forecast|019674,2026-01-12,2026-01-15,delivery_shipment
2026-01-12,80804136,A672,E556,1,80804136|A672|E556|2026-01-09|net demand for forecast|019675,2026-01-12,2026-01-15,delivery_shipment
2026-01-12,80804136,A672,E556,1,80804136|A672|E556|2026-01-09|net demand for forecast|019676,2026-01-12,2026-01-15,delivery_shipment
2026-01-12,80804138,A672,E556,1,80804138|A672|E556|2026-01-09|net demand for forecast|019693,2026-01-12,2026-01-15,delivery_shipment
2026-01-12,80804138,A672,E556,1,80804138|A672|E556|2026-01-09|net demand for forecast|019694,2026-01-12,2026-01-15,delivery_shipment
2026-01-12,80804138,A672,E556,1,80804138|A672|E556|2026-01-09|net demand for forecast|019695,2026-01-12,2026-01-15,delivery_shipment
2026-01-12,80804138,A672,E556,1,80804138|A672|E556|2026-01-09|net demand for forecast|019696,2026-01-12,2026-01-15,delivery_shipment
2026-01-12,80804138,A672,E556,1,80804138|A672|E556|2026-01-09|net demand for forecast|019697,2026-01-12,2026-01-15,delivery_shipment
2026-01-12,80807091,A672,E556,1,80807091|A672|E556|2026-01-09|net demand for forecast|019852,2026-01-12,2026-01-15,delivery_shipment
2026-01-12,80807091,A672,E556,1,80807091|A672|E556|2026-01-09|net demand for forecast|019853,2026-01-12,2026-01-15,delivery_shipment
2026-01-12,80807091,A672,E556,1,80807091|A672|E556|2026-01-09|net demand for forecast|019854,2026-01-12,2026-01-15,delivery_shipment
2026-01-12,80807091,A672,E556,1,80807091|A672|E556|2026-01-09|net demand for forecast|019855,2026-01-12,2026-01-15,delivery_shipment
2026-01-12,80807091,A672,E556,1,80807091|A672|E556|2026-01-09|net demand for forecast|019856,2026-01-12,2026-01-15,delivery_shipment
2026-01-12,80807095,A672,E556,1,80807095|A672|E556|2026-01-09|net demand for forecast|019871,2026-01-12,2026-01-15,delivery_shipment
2026-01-12,80807095,A672,E556,1,80807095|A672|E556|2026-01-09|net demand for forecast|019872,2026-01-12,2026-01-15,delivery_shipment
2026-01-12,80807095,A672,E556,2,80807095|A672|E556|2026-01-09|net demand for forecast|019873,2026-01-12,2026-01-15,delivery_shipment
2026-01-12,80807095,A672,E556,2,80807095|A672|E556|2026-01-09|net demand for forecast|019874,2026-01-12,2026-01-15,delivery_shipment
2026-01-12,80807095,A672,E556,2,80807095|A672|E556|2026-01-09|net demand for forecast|019875,2026-01-12,2026-01-15,delivery_shipment
2026-01-12,80812845,A672,E556,1,80812845|A672|E556|2026-01-09|net demand for forecast|020121,2026-01-12,2026-01-15,delivery_shipment
2026-01-12,80812845,A672,E556,2,80812845|A672|E556|2026-01-09|net demand for forecast|020122,2026-01-12,2026-01-16,delivery_shipment
2026-01-12,80812845,A672,E556,2,80812845|A672|E556|2026-01-09|net demand for forecast|020123,2026-01-12,2026-01-15,delivery_shipment
2026-01-12,80812845,A672,E556,2,80812845|A672|E556|2026-01-09|net demand for forecast|020124,2026-01-12,2026-01-15,delivery_shipment
2026-01-12,80812845,A672,E556,2,80812845|A672|E556|2026-01-09|net demand for forecast|020125,2026-01-12,2026-01-15,delivery_shipment
2026-01-12,21162696,A672,E556,1,21162696|A672|E556|2026-01-10|net demand for forecast|020597,2026-01-12,2026-01-15,delivery_shipment
2026-01-12,21162696,A672,E556,1,21162696|A672|E556|2026-01-10|net demand for forecast|020598,2026-01-12,2026-01-16,delivery_shipment
2026-01-12,21162696,A672,E556,1,21162696|A672|E556|2026-01-10|net demand for forecast|020599,2026-01-12,2026-01-16,delivery_shipment
2026-01-12,21162696,A672,E556,1,21162696|A672|E556|2026-01-10|net demand for forecast|020600,2026-01-12,2026-01-15,delivery_shipment
2026-01-12,21162696,A672,E556,1,21162696|A672|E556|2026-01-10|net demand for forecast|020601,2026-01-12,2026-01-15,delivery_shipment
2026-01-12,80804136,A672,E556,1,80804136|A672|E556|2026-01-10|net demand for forecast|020858,2026-01-12,2026-01-15,delivery_shipment
2026-01-12,80804136,A672,E556,1,80804136|A672|E556|2026-01-10|net demand for forecast|020859,2026-01-12,2026-01-15,delivery_shipment
2026-01-12,80804136,A672,E556,1,80804136|A672|E556|2026-01-10|net demand for forecast|020860,2026-01-12,2026-01-15,delivery_shipment
2026-01-12,80804136,A672,E556,2,80804136|A672|E556|2026-01-10|net demand for forecast|020861,2026-01-12,2026-01-15,delivery_shipment
2026-01-12,80804136,A672,E556,2,80804136|A672|E556|2026-01-10|net demand for forecast|020862,2026-01-12,2026-01-15,delivery_shipment
2026-01-12,80804138,A672,E556,1,80804138|A672|E556|2026-01-10|net demand for forecast|020882,2026-01-12,2026-01-15,delivery_shipment
2026-01-12,80804138,A672,E556,1,80804138|A672|E556|2026-01-10|net demand for forecast|020883,2026-01-12,2026-01-15,delivery_shipment
2026-01-12,80804138,A672,E556,1,80804138|A672|E556|2026-01-10|net demand for forecast|020884,2026-01-12,2026-01-16,delivery_shipment
2026-01-12,80804138,A672,E556,1,80804138|A672|E556|2026-01-10|net demand for forecast|020885,2026-01-12,2026-01-15,delivery_shipment
2026-01-12,80804138,A672,E556,1,80804138|A672|E556|2026-01-10|net demand for forecast|020886,2026-01-12,2026-01-15,delivery_shipment
2026-01-12,80807091,A672,E556,1,80807091|A672|E556|2026-01-10|net demand for forecast|021311,2026-01-12,2026-01-15,delivery_shipment
2026-01-12,80807091,A672,E556,1,80807091|A672|E556|2026-01-10|net demand for forecast|021312,2026-01-12,2026-01-16,delivery_shipment
2026-01-12,80807091,A672,E556,1,80807091|A672|E556|2026-01-10|net demand for forecast|021313,2026-01-12,2026-01-15,delivery_shipment
2026-01-12,80807091,A672,E556,1,80807091|A672|E556|2026-01-10|net demand for forecast|021314,2026-01-12,2026-01-15,delivery_shipment
2026-01-12,80807091,A672,E556,1,80807091|A672|E556|2026-01-10|net demand for forecast|021315,2026-01-12,2026-01-15,delivery_shipment
2026-01-12,80807095,A672,E556,2,80807095|A672|E556|2026-01-10|net demand for forecast|021346,2026-01-12,2026-01-15,delivery_shipment
2026-01-12,80807095,A672,E556,2,80807095|A672|E556|2026-01-10|net demand for forecast|021347,2026-01-12,2026-01-15,delivery_shipment
2026-01-12,80807095,A672,E556,2,80807095|A672|E556|2026-01-10|net demand for forecast|021348,2026-01-12,2026-01-15,delivery_shipment
2026-01-12,80807095,A672,E556,2,80807095|A672|E556|2026-01-10|net demand for forecast|021349,2026-01-12,2026-01-15,delivery_shipment
2026-01-12,80807095,A672,E556,2,80807095|A672|E556|2026-01-10|net demand for forecast|021350,2026-01-12,2026-01-15,delivery_shipment
2026-01-12,80812845,A672,E556,1,80812845|A672|E556|2026-01-10|net demand for forecast|021529,2026-01-12,2026-01-15,delivery_shipment
2026-01-12,80812845,A672,E556,2,80812845|A672|E556|2026-01-10|net demand for forecast|021530,2026-01-12,2026-01-15,delivery_shipment
2026-01-12,80812845,A672,E556,2,80812845|A672|E556|2026-01-10|net demand for forecast|021531,2026-01-12,2026-01-15,delivery_shipment
2026-01-12,80812845,A672,E556,2,80812845|A672|E556|2026-01-10|net demand for forecast|021532,2026-01-12,2026-01-15,delivery_shipment
2026-01-12,80812845,A672,E556,2,80812845|A672|E556|2026-01-10|net demand for forecast|021533,2026-01-12,2026-01-15,delivery_shipment
2026-01-12,21314593,A672,E556,4,21314593|A672|E556|2026-01-11|net demand for forecast|022373,2026-01-12,2026-01-15,delivery_shipment
2026-01-12,21314593,A672,E556,4,21314593|A672|E556|2026-01-11|net demand for forecast|022374,2026-01-12,2026-01-15,delivery_shipment
2026-01-12,21314593,A672,E556,4,21314593|A672|E556|2026-01-11|net demand for forecast|022375,2026-01-12,2026-01-15,delivery_shipment
2026-01-12,21314593,A672,E556,4,21314593|A672|E556|2026-01-11|net demand for forecast|022376,2026-01-12,2026-01-15,delivery_shipment
2026-01-12,21314593,A672,E556,4,21314593|A672|E556|2026-01-11|net demand for forecast|022377,2026-01-12,2026-01-15,delivery_shipment
2026-01-12,21315474,A672,E556,3,21315474|A672|E556|2026-01-11|net demand for forecast|022397,2026-01-12,2026-01-15,delivery_shipment
2026-01-12,21315474,A672,E556,3,21315474|A672|E556|2026-01-11|net demand for forecast|022398,2026-01-12,2026-01-15,delivery_shipment
2026-01-12,21315474,A672,E556,3,21315474|A672|E556|2026-01-11|net demand for forecast|022399,2026-01-12,2026-01-15,delivery_shipment
2026-01-12,21315474,A672,E556,3,21315474|A672|E556|2026-01-11|net demand for forecast|022400,2026-01-12,2026-01-15,delivery_shipment
2026-01-12,21315474,A672,E556,3,21315474|A672|E556|2026-01-11|net demand for forecast|022401,2026-01-12,2026-01-15,delivery_shipment
2026-01-12,80804136,A672,E556,1,80804136|A672|E556|2026-01-11|net demand for forecast|022859,2026-01-12,2026-01-16,delivery_shipment
2026-01-12,80804136,A672,E556,1,80804136|A672|E556|2026-01-11|net demand for forecast|022860,2026-01-12,2026-01-15,delivery_shipment
2026-01-12,80804136,A672,E556,1,80804136|A672|E556|2026-01-11|net demand for forecast|022861,2026-01-12,2026-01-15,delivery_shipment
2026-01-12,80804136,A672,E556,2,80804136|A672|E556|2026-01-11|net demand for forecast|022862,2026-01-12,2026-01-15,delivery_shipment
2026-01-12,80804136,A672,E556,2,80804136|A672|E556|2026-01-11|net demand for forecast|022863,2026-01-12,2026-01-16,delivery_shipment
2026-01-12,21314593,A672,E556,1,21314593|A672|E556|2026-01-12|net demand for forecast|024091,2026-01-12,2026-01-15,delivery_shipment
2026-01-12,21314593,A672,E556,1,21314593|A672|E556|2026-01-12|net demand for forecast|024092,2026-01-12,2026-01-15,delivery_shipment
2026-01-12,21314593,A672,E556,1,21314593|A672|E556|2026-01-12|net demand for forecast|024093,2026-01-12,2026-01-15,delivery_shipment
2026-01-12,21314593,A672,E556,1,21314593|A672|E556|2026-01-12|net demand for forecast|024094,2026-01-12,2026-01-15,delivery_shipment
2026-01-12,21314593,A672,E556,1,21314593|A672|E556|2026-01-12|net demand for forecast|024095,2026-01-12,2026-01-15,delivery_shipment
2026-01-12,21315474,A672,E556,2,21315474|A672|E556|2026-01-12|net demand for forecast|024119,2026-01-12,2026-01-15,delivery_shipment
2026-01-12,21315474,A672,E556,2,21315474|A672|E556|2026-01-12|net demand for forecast|024120,2026-01-12,2026-01-15,delivery_shipment
2026-01-12,21315474,A672,E556,2,21315474|A672|E556|2026-01-12|net demand for forecast|024121,2026-01-12,2026-01-15,delivery_shipment
2026-01-12,21315474,A672,E556,2,21315474|A672|E556|2026-01-12|net demand for forecast|024122,2026-01-12,2026-01-15,delivery_shipment
2026-01-12,21315474,A672,E556,2,21315474|A672|E556|2026-01-12|net demand for forecast|024123,2026-01-12,2026-01-16,delivery_shipment
2026-01-12,21354246,A672,E556,1,21354246|A672|E556|2026-01-12|net demand for forecast|024140,2026-01-12,2026-01-15,delivery_shipment
2026-01-12,21354246,A672,E556,1,21354246|A672|E556|2026-01-12|net demand for forecast|024141,2026-01-12,2026-01-15,delivery_shipment
2026-01-12,80804133,A672,E556,2,80804133|A672|E556|2026-01-12|net demand for forecast|024231,2026-01-12,2026-01-15,delivery_shipment
2026-01-12,80804133,A672,E556,2,80804133|A672|E556|2026-01-12|net demand for forecast|024232,2026-01-12,2026-01-15,delivery_shipment
2026-01-12,80804133,A672,E556,2,80804133|A672|E556|2026-01-12|net demand for forecast|024233,2026-01-12,2026-01-15,delivery_shipment
2026-01-12,80804133,A672,E556,2,80804133|A672|E556|2026-01-12|net demand for forecast|024234,2026-01-12,2026-01-15,delivery_shipment
2026-01-12,80804133,A672,E556,2,80804133|A672|E556|2026-01-12|net demand for forecast|024235,2026-01-12,2026-01-15,delivery_shipment
2026-01-12,80804134,A672,E556,3,80804134|A672|E556|2026-01-12|net demand for forecast|024238,2026-01-12,2026-01-15,delivery_shipment
2026-01-12,80804134,A672,E556,4,80804134|A672|E556|2026-01-12|net demand for forecast|024239,2026-01-12,2026-01-15,delivery_shipment
2026-01-12,80804134,A672,E556,4,80804134|A672|E556|2026-01-12|net demand for forecast|024240,2026-01-12,2026-01-15,delivery_shipment
2026-01-12,80804134,A672,E556,4,80804134|A672|E556|2026-01-12|net demand for forecast|024241,2026-01-12,2026-01-15,delivery_shipment
2026-01-12,80804134,A672,E556,4,80804134|A672|E556|2026-01-12|net demand for forecast|024242,2026-01-12,2026-01-15,delivery_shipment
2026-01-12,80804137,A672,E556,2,80804137|A672|E556|2026-01-12|net demand for forecast|024264,2026-01-12,2026-01-15,delivery_shipment
2026-01-12,80804137,A672,E556,2,80804137|A672|E556|2026-01-12|net demand for forecast|024265,2026-01-12,2026-01-15,delivery_shipment
2026-01-12,80804137,A672,E556,3,80804137|A672|E556|2026-01-12|net demand for forecast|024266,2026-01-12,2026-01-15,delivery_shipment
2026-01-12,80804137,A672,E556,3,80804137|A672|E556|2026-01-12|net demand for forecast|024267,2026-01-12,2026-01-15,delivery_shipment
2026-01-12,80804137,A672,E556,3,80804137|A672|E556|2026-01-12|net demand for forecast|024268,2026-01-12,2026-01-15,delivery_shipment
2026-01-12,80807092,A672,E556,1,80807092|A672|E556|2026-01-12|net demand for forecast|024499,2026-01-12,2026-01-15,delivery_shipment
2026-01-12,80807092,A672,E556,1,80807092|A672|E556|2026-01-12|net demand for forecast|024500,2026-01-12,2026-01-15,delivery_shipment
2026-01-12,80807092,A672,E556,1,80807092|A672|E556|2026-01-12|net demand for forecast|024501,2026-01-12,2026-01-15,delivery_shipment
2026-01-12,80807092,A672,E556,1,80807092|A672|E556|2026-01-12|net demand for forecast|024502,2026-01-12,2026-01-15,delivery_shipment
2026-01-12,80807092,A672,E556,1,80807092|A672|E556|2026-01-12|net demand for forecast|024503,2026-01-12,2026-01-15,delivery_shipment
2026-01-12,80807115,A672,E556,1,80807115|A672|E556|2026-01-12|net demand for forecast|024568,2026-01-12,2026-01-15,delivery_shipment
2026-01-12,80807115,A672,E556,1,80807115|A672|E556|2026-01-12|net demand for forecast|024569,2026-01-12,2026-01-15,delivery_shipment
2026-01-12,80807115,A672,E556,1,80807115|A672|E556|2026-01-12|net demand for forecast|024570,2026-01-12,2026-01-15,delivery_shipment
2026-01-12,80807115,A672,E556,1,80807115|A672|E556|2026-01-12|net demand for forecast|024571,2026-01-12,2026-01-15,delivery_shipment
2026-01-12,80807115,A672,E556,2,80807115|A672|E556|2026-01-12|net demand for forecast|024572,2026-01-12,2026-01-15,delivery_shipment
2026-01-12,80848026,A672,E556,1,80848026|A672|E556|2026-01-12|net demand for forecast|025005,2026-01-12,2026-01-15,delivery_shipment
2026-01-12,80848026,A672,E556,1,80848026|A672|E556|2026-01-12|net demand for forecast|025006,2026-01-12,2026-01-15,delivery_shipment
2026-01-12,80848026,A672,E556,1,80848026|A672|E556|2026-01-12|net demand for forecast|025007,2026-01-12,2026-01-15,delivery_shipment
2026-01-12,80848026,A672,E556,1,80848026|A672|E556|2026-01-12|net demand for forecast|025008,2026-01-12,2026-01-15,delivery_shipment
2026-01-12,80848026,A672,E556,1,80848026|A672|E556|2026-01-12|net demand for forecast|025009,2026-01-12,2026-01-15,delivery_shipment
2026-01-12,80848029,A672,E556,1,80848029|A672|E556|2026-01-12|net demand for forecast|025105,2026-01-12,2026-01-15,delivery_shipment
2026-01-12,80848029,A672,E556,1,80848029|A672|E556|2026-01-12|net demand for forecast|025106,2026-01-12,2026-01-16,delivery_shipment
2026-01-12,80848029,A672,E556,1,80848029|A672|E556|2026-01-12|net demand for forecast|025107,2026-01-12,2026-01-15,delivery_shipment
2026-01-12,80848029,A672,E556,1,80848029|A672|E556|2026-01-12|net demand for forecast|025108,2026-01-12,2026-01-15,delivery_shipment
2026-01-12,80848029,A672,E556,1,80848029|A672|E556|2026-01-12|net demand for forecast|025109,2026-01-12,2026-01-15,delivery_shipment
2026-01-12,21121751,A672,E556,1,21121751|A672|E556|2026-01-09|net demand for safety|019277,2026-01-12,2026-01-15,delivery_shipment
2026-01-12,21121752,A672,E556,1,21121752|A672|E556|2026-01-09|net demand for safety|019293,2026-01-12,2026-01-15,delivery_shipment
2026-01-12,21315352,A672,E556,2,21315352|A672|E556|2026-01-09|net demand for safety|019472,2026-01-12,2026-01-15,delivery_shipment
2026-01-12,21325292,A672,E556,5,21325292|A672|E556|2026-01-09|net demand for safety|019480,2026-01-12,2026-01-15,delivery_shipment
2026-01-12,80807089,A672,E556,1,80807089|A672|E556|2026-01-09|net demand for safety|019844,2026-01-12,2026-01-15,delivery_shipment
2026-01-12,80807112,A672,E556,1,80807112|A672|E556|2026-01-09|net demand for safety|019930,2026-01-12,2026-01-15,delivery_shipment
2026-01-12,80807113,A672,E556,1,80807113|A672|E556|2026-01-09|net demand for safety|019937,2026-01-12,2026-01-15,delivery_shipment
2026-01-12,80807118,A672,E556,7,80807118|A672|E556|2026-01-09|net demand for safety|020052,2026-01-12,2026-01-15,delivery_shipment
2026-01-12,80807119,A672,E556,3,80807119|A672|E556|2026-01-09|net demand for safety|020056,2026-01-12,2026-01-15,delivery_shipment
2026-01-12,80812846,A672,E556,2,80812846|A672|E556|2026-01-09|net demand for safety|020126,2026-01-12,2026-01-15,delivery_shipment
2026-01-12,21121751,A672,E556,1,21121751|A672|E556|2026-01-10|net demand for safety|020460,2026-01-12,2026-01-16,delivery_shipment
2026-01-12,21325292,A672,E556,4,21325292|A672|E556|2026-01-10|net demand for safety|020734,2026-01-12,2026-01-16,delivery_shipment
2026-01-12,80807089,A672,E556,2,80807089|A672|E556|2026-01-10|net demand for safety|021255,2026-01-12,2026-01-16,delivery_shipment
2026-01-12,80807092,A672,E556,18,80807092|A672|E556|2026-01-10|net demand for safety|021327,2026-01-12,2026-01-15,delivery_shipment
2026-01-12,80807112,A672,E556,9,80807112|A672|E556|2026-01-10|net demand for safety|021390,2026-01-12,2026-01-15,delivery_shipment
2026-01-12,80807113,A672,E556,1,80807113|A672|E556|2026-01-10|net demand for safety|021407,2026-01-12,2026-01-16,delivery_shipment
2026-01-12,80807118,A672,E556,5,80807118|A672|E556|2026-01-10|net demand for safety|021435,2026-01-12,2026-01-15,delivery_shipment
2026-01-12,80807120,A672,E556,4,80807120|A672|E556|2026-01-10|net demand for safety|021453,2026-01-12,2026-01-16,delivery_shipment
2026-01-12,80812846,A672,E556,7,80812846|A672|E556|2026-01-10|net demand for safety|021561,2026-01-12,2026-01-16,delivery_shipment
2026-01-12,21121751,A672,E556,2,21121751|A672|E556|2026-01-11|net demand for safety|021968,2026-01-12,2026-01-15,delivery_shipment
2026-01-12,21314593,A672,E556,37,21314593|A672|E556|2026-01-11|net demand for safety|022378,2026-01-12,2026-01-15,delivery_shipment
2026-01-12,21315352,A672,E556,1,21315352|A672|E556|2026-01-11|net demand for safety|022395,2026-01-12,2026-01-15,delivery_shipment
2026-01-12,21315474,A672,E556,8,21315474|A672|E556|2026-01-11|net demand for safety|022403,2026-01-12,2026-01-15,delivery_shipment
2026-01-12,21325292,A672,E556,1,21325292|A672|E556|2026-01-11|net demand for safety|022411,2026-01-12,2026-01-15,delivery_shipment
2026-01-12,80807089,A672,E556,1,80807089|A672|E556|2026-01-11|net demand for safety|023111,2026-01-12,2026-01-15,delivery_shipment
2026-01-12,80807092,A672,E556,1,80807092|A672|E556|2026-01-11|net demand for safety|023168,2026-01-12,2026-01-15,delivery_shipment
2026-01-12,80807102,A672,E556,2,80807102|A672|E556|2026-01-11|net demand for safety|023213,2026-01-12,2026-01-16,delivery_shipment
2026-01-12,80807112,A672,E556,5,80807112|A672|E556|2026-01-11|net demand for safety|023255,2026-01-12,2026-01-15,delivery_shipment
2026-01-12,80807113,A672,E556,2,80807113|A672|E556|2026-01-11|net demand for safety|023274,2026-01-12,2026-01-15,delivery_shipment
2026-01-12,80807118,A672,E556,8,80807118|A672|E556|2026-01-11|net demand for safety|023329,2026-01-12,2026-01-15,delivery_shipment
2026-01-12,80807120,A672,E556,3,80807120|A672|E556|2026-01-11|net demand for safety|023347,2026-01-12,2026-01-15,delivery_shipment
2026-01-12,21121751,A672,E556,1,21121751|A672|E556|2026-01-12|net demand for safety|023757,2026-01-12,2026-01-16,delivery_shipment
2026-01-12,21314593,A672,E556,4,21314593|A672|E556|2026-01-12|net demand for safety|024097,2026-01-12,2026-01-15,delivery_shipment
2026-01-12,21315352,A672,E556,3,21315352|A672|E556|2026-01-12|net demand for safety|024117,2026-01-12,2026-01-15,delivery_shipment
2026-01-12,21315474,A672,E556,19,21315474|A672|E556|2026-01-12|net demand for safety|024125,2026-01-12,2026-01-15,delivery_shipment
2026-01-12,21354246,A672,E556,3,21354246|A672|E556|2026-01-12|net demand for safety|024142,2026-01-12,2026-01-15,delivery_shipment
2026-01-12,80804133,A672,E556,16,80804133|A672|E556|2026-01-12|net demand for safety|024236,2026-01-12,2026-01-15,delivery_shipment
2026-01-12,80807089,A672,E556,1,80807089|A672|E556|2026-01-12|net demand for safety|024479,2026-01-12,2026-01-15,delivery_shipment
2026-01-12,80807092,A672,E556,6,80807092|A672|E556|2026-01-12|net demand for safety|024504,2026-01-12,2026-01-15,delivery_shipment
2026-01-12,80807112,A672,E556,3,80807112|A672|E556|2026-01-12|net demand for safety|024554,2026-01-12,2026-01-15,delivery_shipment
2026-01-12,80807113,A672,E556,1,80807113|A672|E556|2026-01-12|net demand for safety|024557,2026-01-12,2026-01-15,delivery_shipment
2026-01-12,80807118,A672,E556,2,80807118|A672|E556|2026-01-12|net demand for safety|024759,2026-01-12,2026-01-15,delivery_shipment
2026-01-12,80807120,A672,E556,2,80807120|A672|E556|2026-01-12|net demand for safety|024767,2026-01-12,2026-01-15,delivery_shipment
2026-01-12,80812154,A672,E556,2,80812154|A672|E556|2026-01-12|net demand for safety|024782,2026-01-12,2026-01-16,delivery_shipment
2026-01-12,80848029,A672,E556,8,80848029|A672|E556|2026-01-12|net demand for safety|025110,2026-01-12,2026-01-15,delivery_shipment
2026-01-12,21132758,C816,D191,1,21132758|C816|D191|2025-12-29|net demand for normal|007397,2026-01-12,2026-01-14,delivery_shipment
2026-01-12,21133312,C816,D191,1,21133312|C816|D191|2025-12-30|net demand for normal|008180,2026-01-12,2026-01-14,delivery_shipment
2026-01-12,21133312,C816,D191,1,21133312|C816|D191|2025-12-31|net demand for normal|009267,2026-01-12,2026-01-14,delivery_shipment
2026-01-12,21128377,C816,D191,1,21128377|C816|D191|2026-01-01|net demand for normal|010244,2026-01-12,2026-01-14,delivery_shipment
2026-01-12,21128377,C816,D191,1,21128377|C816|D191|2026-01-02|net demand for normal|011129,2026-01-12,2026-01-14,delivery_shipment
2026-01-12,21132988,C816,D191,1,21132988|C816|D191|2026-01-09|net demand for normal|019319,2026-01-12,2026-01-14,delivery_shipment
2026-01-12,21132988,C816,D191,1,21132988|C816|D191|2026-01-10|net demand for normal|020517,2026-01-12,2026-01-14,delivery_shipment
2026-01-12,80804134,C816,D191,1,80804134|C816|D191|2026-01-02|net demand for AO|011450,2026-01-12,2026-01-14,delivery_shipment
2026-01-12,80804134,C816,D191,1,80804134|C816|D191|2026-01-02|net demand for AO|011451,2026-01-12,2026-01-14,delivery_shipment
2026-01-12,80804134,C816,D191,1,80804134|C816|D191|2026-01-02|net demand for AO|011452,2026-01-12,2026-01-14,delivery_shipment
2026-01-12,80804134,C816,D191,1,80804134|C816|D191|2026-01-02|net demand for AO|011453,2026-01-12,2026-01-14,delivery_shipment
2026-01-12,80804134,C816,D191,1,80804134|C816|D191|2026-01-03|net demand for AO|012192,2026-01-12,2026-01-14,delivery_shipment
2026-01-12,80804134,C816,D191,1,80804134|C816|D191|2026-01-03|net demand for AO|012193,2026-01-12,2026-01-14,delivery_shipment
2026-01-12,80804134,C816,D191,1,80804134|C816|D191|2026-01-03|net demand for AO|012194,2026-01-12,2026-01-14,delivery_shipment
2026-01-12,80804134,C816,D191,1,80804134|C816|D191|2026-01-03|net demand for AO|012195,2026-01-12,2026-01-14,delivery_shipment
2026-01-12,80804134,C816,D191,1,80804134|C816|D191|2026-01-04|net demand for AO|013113,2026-01-12,2026-01-14,delivery_shipment
2026-01-12,80804134,C816,D191,1,80804134|C816|D191|2026-01-04|net demand for AO|013114,2026-01-12,2026-01-14,delivery_shipment
2026-01-12,80804134,C816,D191,1,80804134|C816|D191|2026-01-04|net demand for AO|013115,2026-01-12,2026-01-14,delivery_shipment
2026-01-12,80804134,C816,D191,1,80804134|C816|D191|2026-01-04|net demand for AO|013116,2026-01-12,2026-01-14,delivery_shipment
2026-01-12,80804136,C816,D191,1,80804136|C816|D191|2026-01-09|net demand for AO|019681,2026-01-12,2026-01-14,delivery_shipment
2026-01-12,80804136,C816,D191,1,80804136|C816|D191|2026-01-09|net demand for AO|019682,2026-01-12,2026-01-14,delivery_shipment
2026-01-12,80804136,C816,D191,1,80804136|C816|D191|2026-01-09|net demand for AO|019683,2026-01-12,2026-01-14,delivery_shipment
2026-01-12,80804136,C816,D191,1,80804136|C816|D191|2026-01-09|net demand for AO|019684,2026-01-12,2026-01-14,delivery_shipment
2026-01-12,80804136,C816,D191,1,80804136|C816|D191|2026-01-10|net demand for AO|020863,2026-01-12,2026-01-14,delivery_shipment
2026-01-12,80804136,C816,D191,1,80804136|C816|D191|2026-01-10|net demand for AO|020864,2026-01-12,2026-01-14,delivery_shipment
2026-01-12,80804136,C816,D191,1,80804136|C816|D191|2026-01-10|net demand for AO|020865,2026-01-12,2026-01-14,delivery_shipment
2026-01-12,21132758,C816,D191,1,21132758|C816|D191|2025-12-26|net demand for forecast|004852,2026-01-12,2026-01-14,delivery_shipment
2026-01-12,21132758,C816,D191,1,21132758|C816|D191|2025-12-26|net demand for forecast|004853,2026-01-12,2026-01-14,delivery_shipment
2026-01-12,21132758,C816,D191,1,21132758|C816|D191|2025-12-26|net demand for forecast|004854,2026-01-12,2026-01-14,delivery_shipment
2026-01-12,21132758,C816,D191,1,21132758|C816|D191|2025-12-26|net demand for forecast|004855,2026-01-12,2026-01-14,delivery_shipment
2026-01-12,21132758,C816,D191,1,21132758|C816|D191|2025-12-27|net demand for forecast|005773,2026-01-12,2026-01-15,delivery_shipment
2026-01-12,21132758,C816,D191,2,21132758|C816|D191|2025-12-27|net demand for forecast|005774,2026-01-12,2026-01-14,delivery_shipment
2026-01-12,21132758,C816,D191,2,21132758|C816|D191|2025-12-27|net demand for forecast|005775,2026-01-12,2026-01-14,delivery_shipment
2026-01-12,21132758,C816,D191,2,21132758|C816|D191|2025-12-27|net demand for forecast|005776,2026-01-12,2026-01-14,delivery_shipment
2026-01-12,21151196,C816,D191,1,21151196|C816|D191|2025-12-27|net demand for forecast|005837,2026-01-12,2026-01-14,delivery_shipment
2026-01-12,21151196,C816,D191,1,21151196|C816|D191|2025-12-27|net demand for forecast|005838,2026-01-12,2026-01-14,delivery_shipment
2026-01-12,21151196,C816,D191,1,21151196|C816|D191|2025-12-27|net demand for forecast|005839,2026-01-12,2026-01-14,delivery_shipment
2026-01-12,21151196,C816,D191,1,21151196|C816|D191|2025-12-27|net demand for forecast|005840,2026-01-12,2026-01-14,delivery_shipment
2026-01-12,21132758,C816,D191,1,21132758|C816|D191|2025-12-28|net demand for forecast|006321,2026-01-12,2026-01-15,delivery_shipment
2026-01-12,21132758,C816,D191,1,21132758|C816|D191|2025-12-28|net demand for forecast|006322,2026-01-12,2026-01-14,delivery_shipment
2026-01-12,21132758,C816,D191,1,21132758|C816|D191|2025-12-28|net demand for forecast|006323,2026-01-12,2026-01-14,delivery_shipment
2026-01-12,21132758,C816,D191,1,21132758|C816|D191|2025-12-28|net demand for forecast|006324,2026-01-12,2026-01-14,delivery_shipment
2026-01-12,21143102,C816,D191,1,21143102|C816|D191|2025-12-28|net demand for forecast|006356,2026-01-12,2026-01-14,delivery_shipment
2026-01-12,21143102,C816,D191,1,21143102|C816|D191|2025-12-28|net demand for forecast|006357,2026-01-12,2026-01-14,delivery_shipment
2026-01-12,21143102,C816,D191,1,21143102|C816|D191|2025-12-28|net demand for forecast|006358,2026-01-12,2026-01-14,delivery_shipment
2026-01-12,21143102,C816,D191,1,21143102|C816|D191|2025-12-28|net demand for forecast|006359,2026-01-12,2026-01-14,delivery_shipment
2026-01-12,21151196,C816,D191,1,21151196|C816|D191|2025-12-28|net demand for forecast|006368,2026-01-12,2026-01-14,delivery_shipment
2026-01-12,21151196,C816,D191,1,21151196|C816|D191|2025-12-28|net demand for forecast|006369,2026-01-12,2026-01-14,delivery_shipment
2026-01-12,21151196,C816,D191,1,21151196|C816|D191|2025-12-28|net demand for forecast|006370,2026-01-12,2026-01-14,delivery_shipment
2026-01-12,21151196,C816,D191,1,21151196|C816|D191|2025-12-28|net demand for forecast|006371,2026-01-12,2026-01-15,delivery_shipment
2026-01-12,21132758,C816,D191,1,21132758|C816|D191|2025-12-29|net demand for forecast|007393,2026-01-12,2026-01-14,delivery_shipment
2026-01-12,21132758,C816,D191,1,21132758|C816|D191|2025-12-29|net demand for forecast|007394,2026-01-12,2026-01-14,delivery_shipment
2026-01-12,21132758,C816,D191,1,21132758|C816|D191|2025-12-29|net demand for forecast|007395,2026-01-12,2026-01-14,delivery_shipment
2026-01-12,21132758,C816,D191,1,21132758|C816|D191|2025-12-29|net demand for forecast|007396,2026-01-12,2026-01-14,delivery_shipment
2026-01-12,21143102,C816,D191,1,21143102|C816|D191|2025-12-29|net demand for forecast|007536,2026-01-12,2026-01-14,delivery_shipment
2026-01-12,21143102,C816,D191,1,21143102|C816|D191|2025-12-29|net demand for forecast|007537,2026-01-12,2026-01-14,delivery_shipment
2026-01-12,21143102,C816,D191,1,21143102|C816|D191|2025-12-29|net demand for forecast|007538,2026-01-12,2026-01-14,delivery_shipment
2026-01-12,21143102,C816,D191,1,21143102|C816|D191|2025-12-29|net demand for forecast|007539,2026-01-12,2026-01-14,delivery_shipment
2026-01-12,21151196,C816,D191,1,21151196|C816|D191|2025-12-29|net demand for forecast|007558,2026-01-12,2026-01-14,delivery_shipment
2026-01-12,21151196,C816,D191,2,21151196|C816|D191|2025-12-29|net demand for forecast|007559,2026-01-12,2026-01-14,delivery_shipment
2026-01-12,21151196,C816,D191,2,21151196|C816|D191|2025-12-29|net demand for forecast|007560,2026-01-12,2026-01-14,delivery_shipment
2026-01-12,21151196,C816,D191,2,21151196|C816|D191|2025-12-29|net demand for forecast|007561,2026-01-12,2026-01-14,delivery_shipment
2026-01-12,21133312,C816,D191,1,21133312|C816|D191|2025-12-30|net demand for forecast|008176,2026-01-12,2026-01-14,delivery_shipment
2026-01-12,21133312,C816,D191,1,21133312|C816|D191|2025-12-30|net demand for forecast|008177,2026-01-12,2026-01-14,delivery_shipment
2026-01-12,21133312,C816,D191,2,21133312|C816|D191|2025-12-30|net demand for forecast|008178,2026-01-12,2026-01-14,delivery_shipment
2026-01-12,21133312,C816,D191,2,21133312|C816|D191|2025-12-30|net demand for forecast|008179,2026-01-12,2026-01-14,delivery_shipment
2026-01-12,21143102,C816,D191,1,21143102|C816|D191|2025-12-30|net demand for forecast|008386,2026-01-12,2026-01-14,delivery_shipment
2026-01-12,21143102,C816,D191,1,21143102|C816|D191|2025-12-30|net demand for forecast|008387,2026-01-12,2026-01-14,delivery_shipment
2026-01-12,21143102,C816,D191,1,21143102|C816|D191|2025-12-30|net demand for forecast|008388,2026-01-12,2026-01-14,delivery_shipment
2026-01-12,21143102,C816,D191,1,21143102|C816|D191|2025-12-30|net demand for forecast|008389,2026-01-12,2026-01-14,delivery_shipment
2026-01-12,21151196,C816,D191,1,21151196|C816|D191|2025-12-30|net demand for forecast|008541,2026-01-12,2026-01-14,delivery_shipment
2026-01-12,21151196,C816,D191,1,21151196|C816|D191|2025-12-30|net demand for forecast|008542,2026-01-12,2026-01-14,delivery_shipment
2026-01-12,21151196,C816,D191,1,21151196|C816|D191|2025-12-30|net demand for forecast|008543,2026-01-12,2026-01-14,delivery_shipment
2026-01-12,21151196,C816,D191,1,21151196|C816|D191|2025-12-30|net demand for forecast|008544,2026-01-12,2026-01-14,delivery_shipment
2026-01-12,21133312,C816,D191,1,21133312|C816|D191|2025-12-31|net demand for forecast|009263,2026-01-12,2026-01-14,delivery_shipment
2026-01-12,21133312,C816,D191,1,21133312|C816|D191|2025-12-31|net demand for forecast|009264,2026-01-12,2026-01-14,delivery_shipment
2026-01-12,21133312,C816,D191,1,21133312|C816|D191|2025-12-31|net demand for forecast|009265,2026-01-12,2026-01-14,delivery_shipment
2026-01-12,21133312,C816,D191,1,21133312|C816|D191|2025-12-31|net demand for forecast|009266,2026-01-12,2026-01-14,delivery_shipment
2026-01-12,21143102,C816,D191,1,21143102|C816|D191|2025-12-31|net demand for forecast|009304,2026-01-12,2026-01-14,delivery_shipment
2026-01-12,21143102,C816,D191,1,21143102|C816|D191|2025-12-31|net demand for forecast|009305,2026-01-12,2026-01-14,delivery_shipment
2026-01-12,21143102,C816,D191,1,21143102|C816|D191|2025-12-31|net demand for forecast|009306,2026-01-12,2026-01-14,delivery_shipment
2026-01-12,21143102,C816,D191,1,21143102|C816|D191|2025-12-31|net demand for forecast|009307,2026-01-12,2026-01-14,delivery_shipment
2026-01-12,21128377,C816,D191,1,21128377|C816|D191|2026-01-01|net demand for forecast|010240,2026-01-12,2026-01-14,delivery_shipment
2026-01-12,21128377,C816,D191,1,21128377|C816|D191|2026-01-01|net demand for forecast|010241,2026-01-12,2026-01-15,delivery_shipment
2026-01-12,21128377,C816,D191,1,21128377|C816|D191|2026-01-01|net demand for forecast|010242,2026-01-12,2026-01-14,delivery_shipment
2026-01-12,21128377,C816,D191,1,21128377|C816|D191|2026-01-01|net demand for forecast|010243,2026-01-12,2026-01-14,delivery_shipment
2026-01-12,80804134,C816,D191,1,80804134|C816|D191|2026-01-01|net demand for forecast|010684,2026-01-12,2026-01-14,delivery_shipment
2026-01-12,80804134,C816,D191,1,80804134|C816|D191|2026-01-01|net demand for forecast|010685,2026-01-12,2026-01-14,delivery_shipment
2026-01-12,21128377,C816,D191,1,21128377|C816|D191|2026-01-02|net demand for forecast|011125,2026-01-12,2026-01-14,delivery_shipment
2026-01-12,21128377,C816,D191,1,21128377|C816|D191|2026-01-02|net demand for forecast|011126,2026-01-12,2026-01-15,delivery_shipment
2026-01-12,21128377,C816,D191,1,21128377|C816|D191|2026-01-02|net demand for forecast|011127,2026-01-12,2026-01-14,delivery_shipment
2026-01-12,21128377,C816,D191,1,21128377|C816|D191|2026-01-02|net demand for forecast|011128,2026-01-12,2026-01-15,delivery_shipment
2026-01-12,80804134,C816,D191,1,80804134|C816|D191|2026-01-02|net demand for forecast|011454,2026-01-12,2026-01-15,delivery_shipment
2026-01-12,80804134,C816,D191,1,80804134|C816|D191|2026-01-02|net demand for forecast|011455,2026-01-12,2026-01-14,delivery_shipment
2026-01-12,80804134,C816,D191,1,80804134|C816|D191|2026-01-03|net demand for forecast|012196,2026-01-12,2026-01-14,delivery_shipment
2026-01-12,80804134,C816,D191,1,80804134|C816|D191|2026-01-03|net demand for forecast|012197,2026-01-12,2026-01-14,delivery_shipment
2026-01-12,80804134,C816,D191,1,80804134|C816|D191|2026-01-03|net demand for forecast|012198,2026-01-12,2026-01-14,delivery_shipment
2026-01-12,80804134,C816,D191,1,80804134|C816|D191|2026-01-04|net demand for forecast|013117,2026-01-12,2026-01-14,delivery_shipment
2026-01-12,80804134,C816,D191,1,80804134|C816|D191|2026-01-04|net demand for forecast|013118,2026-01-12,2026-01-14,delivery_shipment
2026-01-12,80804134,C816,D191,1,80804134|C816|D191|2026-01-04|net demand for forecast|013119,2026-01-12,2026-01-14,delivery_shipment
2026-01-12,80804134,C816,D191,1,80804134|C816|D191|2026-01-04|net demand for forecast|013120,2026-01-12,2026-01-14,delivery_shipment
2026-01-12,21132988,C816,D191,1,21132988|C816|D191|2026-01-08|net demand for forecast|017942,2026-01-12,2026-01-14,delivery_shipment
2026-01-12,21132988,C816,D191,1,21132988|C816|D191|2026-01-08|net demand for forecast|017943,2026-01-12,2026-01-14,delivery_shipment
2026-01-12,21132988,C816,D191,1,21132988|C816|D191|2026-01-08|net demand for forecast|017944,2026-01-12,2026-01-14,delivery_shipment
2026-01-12,80804136,C816,D191,1,80804136|C816|D191|2026-01-08|net demand for forecast|018526,2026-01-12,2026-01-14,delivery_shipment
2026-01-12,80804136,C816,D191,2,80804136|C816|D191|2026-01-08|net demand for forecast|018527,2026-01-12,2026-01-14,delivery_shipment
2026-01-12,80807116,C816,D191,1,80807116|C816|D191|2026-01-08|net demand for forecast|019036,2026-01-12,2026-01-14,delivery_shipment
2026-01-12,80807116,C816,D191,1,80807116|C816|D191|2026-01-08|net demand for forecast|019037,2026-01-12,2026-01-14,delivery_shipment
2026-01-12,80807116,C816,D191,1,80807116|C816|D191|2026-01-08|net demand for forecast|019038,2026-01-12,2026-01-14,delivery_shipment
2026-01-12,80807116,C816,D191,1,80807116|C816|D191|2026-01-08|net demand for forecast|019039,2026-01-12,2026-01-14,delivery_shipment
2026-01-12,80804136,C816,D191,1,80804136|C816|D191|2026-01-09|net demand for forecast|019685,2026-01-12,2026-01-14,delivery_shipment
2026-01-12,80804136,C816,D191,1,80804136|C816|D191|2026-01-09|net demand for forecast|019686,2026-01-12,2026-01-14,delivery_shipment
2026-01-12,80807116,C816,D191,1,80807116|C816|D191|2026-01-09|net demand for forecast|020047,2026-01-12,2026-01-14,delivery_shipment
2026-01-12,80807116,C816,D191,2,80807116|C816|D191|2026-01-09|net demand for forecast|020048,2026-01-12,2026-01-14,delivery_shipment
2026-01-12,80804136,C816,D191,1,80804136|C816|D191|2026-01-10|net demand for forecast|020866,2026-01-12,2026-01-14,delivery_shipment
2026-01-12,80804136,C816,D191,1,80804136|C816|D191|2026-01-10|net demand for forecast|020867,2026-01-12,2026-01-15,delivery_shipment
2026-01-12,80804136,C816,D191,1,80804136|C816|D191|2026-01-10|net demand for forecast|020868,2026-01-12,2026-01-14,delivery_shipment
2026-01-12,80807116,C816,D191,2,80807116|C816|D191|2026-01-10|net demand for forecast|021424,2026-01-12,2026-01-14,delivery_shipment
2026-01-12,80807116,C816,D191,3,80807116|C816|D191|2026-01-10|net demand for forecast|021425,2026-01-12,2026-01-14,delivery_shipment
2026-01-12,80807116,C816,D191,3,80807116|C816|D191|2026-01-10|net demand for forecast|021426,2026-01-12,2026-01-14,delivery_shipment
2026-01-12,80807116,C816,D191,3,80807116|C816|D191|2026-01-10|net demand for forecast|021427,2026-01-12,2026-01-15,delivery_shipment
2026-01-12,80807116,C816,D191,1,80807116|C816|D191|2026-01-11|net demand for forecast|023319,2026-01-12,2026-01-14,delivery_shipment
2026-01-12,80807116,C816,D191,2,80807116|C816|D191|2026-01-11|net demand for forecast|023320,2026-01-12,2026-01-14,delivery_shipment
2026-01-12,80807116,C816,D191,2,80807116|C816|D191|2026-01-11|net demand for forecast|023321,2026-01-12,2026-01-14,delivery_shipment
2026-01-12,80807116,C816,D191,2,80807116|C816|D191|2026-01-11|net demand for forecast|023322,2026-01-12,2026-01-14,delivery_shipment
2026-01-12,80807116,C816,D191,1,80807116|C816|D191|2026-01-12|net demand for forecast|024747,2026-01-12,2026-01-14,delivery_shipment
2026-01-12,80807116,C816,D191,1,80807116|C816|D191|2026-01-12|net demand for forecast|024748,2026-01-12,2026-01-15,delivery_shipment
2026-01-12,80807116,C816,D191,1,80807116|C816|D191|2026-01-12|net demand for forecast|024749,2026-01-12,2026-01-14,delivery_shipment
2026-01-12,80807116,C816,D191,1,80807116|C816|D191|2026-01-12|net demand for forecast|024750,2026-01-12,2026-01-14,delivery_shipment
2026-01-12,21132758,C816,D191,1,21132758|C816|D191|2025-12-19|net demand for safety|000181,2026-01-12,2026-01-14,delivery_shipment
2026-01-12,80804134,C816,D191,4,80804134|C816|D191|2025-12-21|net demand for safety|001574,2026-01-12,2026-01-14,delivery_shipment
2026-01-12,80804134,C816,D191,2,80804134|C816|D191|2025-12-22|net demand for safety|002335,2026-01-12,2026-01-14,delivery_shipment
2026-01-12,80804134,C816,D191,2,80804134|C816|D191|2025-12-23|net demand for safety|002879,2026-01-12,2026-01-14,delivery_shipment
2026-01-12,80804134,C816,D191,3,80804134|C816|D191|2025-12-24|net demand for safety|003336,2026-01-12,2026-01-15,delivery_shipment
2026-01-12,80804134,C816,D191,5,80804134|C816|D191|2025-12-28|net demand for safety|007052,2026-01-12,2026-01-14,delivery_shipment
2026-01-12,21133312,C816,D191,3,21133312|C816|D191|2025-12-30|net demand for safety|008181,2026-01-12,2026-01-14,delivery_shipment
2026-01-12,21143102,C816,D191,2,21143102|C816|D191|2025-12-31|net demand for safety|009308,2026-01-12,2026-01-15,delivery_shipment
2026-01-12,80804136,C816,D191,3,80804136|C816|D191|2025-12-31|net demand for safety|009742,2026-01-12,2026-01-15,delivery_shipment
2026-01-12,80804136,C816,D191,1,80804136|C816|D191|2026-01-01|net demand for safety|010794,2026-01-12,2026-01-14,delivery_shipment
2026-01-12,80807116,C816,D191,11,80807116|C816|D191|2026-01-01|net demand for safety|010869,2026-01-12,2026-01-14,delivery_shipment
2026-01-12,21128377,C816,D191,6,21128377|C816|D191|2026-01-02|net demand for safety|011130,2026-01-12,2026-01-14,delivery_shipment
2026-01-12,80807116,C816,D191,4,80807116|C816|D191|2026-01-02|net demand for safety|011515,2026-01-12,2026-01-14,delivery_shipment
2026-01-12,80807105,C816,D191,2,80807105|C816|D191|2026-01-03|net demand for safety|012338,2026-01-12,2026-01-14,delivery_shipment
2026-01-12,80807116,C816,D191,4,80807116|C816|D191|2026-01-03|net demand for safety|012347,2026-01-12,2026-01-14,delivery_shipment
2026-01-12,80807105,C816,D191,2,80807105|C816|D191|2026-01-04|net demand for safety|013211,2026-01-12,2026-01-14,delivery_shipment
2026-01-12,80804704,C816,D191,4,80804704|C816|D191|2026-01-06|net demand for safety|015761,2026-01-12,2026-01-14,delivery_shipment
2026-01-12,80848029,C816,D191,3,80848029|C816|D191|2026-01-06|net demand for safety|016540,2026-01-12,2026-01-14,delivery_shipment
2026-01-12,80804704,C816,D191,5,80804704|C816|D191|2026-01-07|net demand for safety|017219,2026-01-12,2026-01-14,delivery_shipment
2026-01-12,80807105,C816,D191,4,80807105|C816|D191|2026-01-07|net demand for safety|017400,2026-01-12,2026-01-14,delivery_shipment
2026-01-12,80848029,C816,D191,1,80848029|C816|D191|2026-01-08|net demand for safety|019188,2026-01-12,2026-01-14,delivery_shipment
2026-01-12,80848029,C816,D191,1,80848029|C816|D191|2026-01-10|net demand for safety|021788,2026-01-12,2026-01-14,delivery_shipment
2026-01-12,21137866,C816,D191,1,21137866|C816|D191|2026-01-11|net demand for safety|022096,2026-01-12,2026-01-14,delivery_shipment
2026-01-12,80848029,C816,D191,1,80848029|C816|D191|2026-01-11|net demand for safety|023540,2026-01-12,2026-01-14,delivery_shipment
2026-01-12,21137866,C816,D191,1,21137866|C816|D191|2026-01-12|net demand for safety|023880,2026-01-12,2026-01-14,delivery_shipment
2026-01-12,80848029,C816,D191,2,80848029|C816|D191|2026-01-12|net demand for safety|025112,2026-01-12,2026-01-14,delivery_shipment
2026-01-12,21139445,C816,A668,1,21139445|C816|A668|2026-01-08|net demand for normal|017965,2026-01-12,2026-01-16,delivery_shipment
2026-01-12,21419500,C816,A668,3,21419500|C816|A668|2026-01-08|net demand for normal|018124,2026-01-12,2026-01-16,delivery_shipment
2026-01-12,80804706,C816,A668,5,80804706|C816|A668|2026-01-08|net demand for normal|018724,2026-01-12,2026-01-16,delivery_shipment
2026-01-12,21419500,C816,A668,1,21419500|C816|A668|2026-01-09|net demand for normal|019488,2026-01-12,2026-01-16,delivery_shipment
2026-01-12,21442896,C816,A668,7,21442896|C816|A668|2026-01-09|net demand for normal|019520,2026-01-12,2026-01-16,delivery_shipment
2026-01-12,80804705,C816,A668,7,80804705|C816|A668|2026-01-09|net demand for normal|019816,2026-01-12,2026-01-16,delivery_shipment
2026-01-12,80804704,C816,A668,6,80804704|C816|A668|2026-01-10|net demand for normal|021084,2026-01-12,2026-01-16,delivery_shipment
2026-01-12,80804705,C816,A668,18,80804705|C816|A668|2026-01-10|net demand for normal|021231,2026-01-12,2026-01-16,delivery_shipment
2026-01-12,80804698,C816,A668,4,80804698|C816|A668|2026-01-11|net demand for normal|022895,2026-01-12,2026-01-16,delivery_shipment
2026-01-12,80804698,C816,A668,1,80804698|C816|A668|2026-01-12|net demand for normal|024323,2026-01-12,2026-01-16,delivery_shipment
2026-01-12,80848025,C816,A668,1,80848025|C816|A668|2026-01-11|net demand for AO|023449,2026-01-12,2026-01-16,delivery_shipment
2026-01-12,80848025,C816,A668,1,80848025|C816|A668|2026-01-11|net demand for AO|023450,2026-01-12,2026-01-17,delivery_shipment
2026-01-12,80848025,C816,A668,1,80848025|C816|A668|2026-01-11|net demand for AO|023451,2026-01-12,2026-01-16,delivery_shipment
2026-01-12,80848025,C816,A668,3,80848025|C816|A668|2026-01-11|net demand for AO|023452,2026-01-12,2026-01-16,delivery_shipment
2026-01-12,80848025,C816,A668,1,80848025|C816|A668|2026-01-12|net demand for AO|024957,2026-01-12,2026-01-16,delivery_shipment
2026-01-12,80848025,C816,A668,1,80848025|C816|A668|2026-01-12|net demand for AO|024958,2026-01-12,2026-01-17,delivery_shipment
2026-01-12,80848025,C816,A668,1,80848025|C816|A668|2026-01-12|net demand for AO|024959,2026-01-12,2026-01-17,delivery_shipment
2026-01-12,80848025,C816,A668,1,80848025|C816|A668|2026-01-12|net demand for AO|024960,2026-01-12,2026-01-16,delivery_shipment
2026-01-12,80848025,C816,A668,1,80848025|C816|A668|2026-01-12|net demand for AO|024961,2026-01-12,2026-01-16,delivery_shipment
2026-01-12,21139445,C816,A668,1,21139445|C816|A668|2026-01-08|net demand for forecast|017959,2026-01-12,2026-01-16,delivery_shipment
2026-01-12,21139445,C816,A668,1,21139445|C816|A668|2026-01-08|net demand for forecast|017960,2026-01-12,2026-01-16,delivery_shipment
2026-01-12,21139445,C816,A668,1,21139445|C816|A668|2026-01-08|net demand for forecast|017961,2026-01-12,2026-01-16,delivery_shipment
2026-01-12,21139445,C816,A668,1,21139445|C816|A668|2026-01-08|net demand for forecast|017962,2026-01-12,2026-01-16,delivery_shipment
2026-01-12,21139445,C816,A668,1,21139445|C816|A668|2026-01-08|net demand for forecast|017963,2026-01-12,2026-01-17,delivery_shipment
2026-01-12,21139445,C816,A668,1,21139445|C816|A668|2026-01-08|net demand for forecast|017964,2026-01-12,2026-01-16,delivery_shipment
2026-01-12,21419500,C816,A668,2,21419500|C816|A668|2026-01-08|net demand for forecast|018118,2026-01-12,2026-01-16,delivery_shipment
2026-01-12,21419500,C816,A668,2,21419500|C816|A668|2026-01-08|net demand for forecast|018119,2026-01-12,2026-01-16,delivery_shipment
2026-01-12,21419500,C816,A668,2,21419500|C816|A668|2026-01-08|net demand for forecast|018120,2026-01-12,2026-01-16,delivery_shipment
2026-01-12,21419500,C816,A668,2,21419500|C816|A668|2026-01-08|net demand for forecast|018121,2026-01-12,2026-01-16,delivery_shipment
2026-01-12,21419500,C816,A668,2,21419500|C816|A668|2026-01-08|net demand for forecast|018122,2026-01-12,2026-01-16,delivery_shipment
2026-01-12,21419500,C816,A668,2,21419500|C816|A668|2026-01-08|net demand for forecast|018123,2026-01-12,2026-01-16,delivery_shipment
2026-01-12,80804704,C816,A668,2,80804704|C816|A668|2026-01-08|net demand for forecast|018645,2026-01-12,2026-01-16,delivery_shipment
2026-01-12,80804704,C816,A668,2,80804704|C816|A668|2026-01-08|net demand for forecast|018646,2026-01-12,2026-01-16,delivery_shipment
2026-01-12,80804704,C816,A668,2,80804704|C816|A668|2026-01-08|net demand for forecast|018647,2026-01-12,2026-01-16,delivery_shipment
2026-01-12,80804704,C816,A668,2,80804704|C816|A668|2026-01-08|net demand for forecast|018648,2026-01-12,2026-01-17,delivery_shipment
2026-01-12,80804704,C816,A668,2,80804704|C816|A668|2026-01-08|net demand for forecast|018649,2026-01-12,2026-01-16,delivery_shipment
2026-01-12,80804704,C816,A668,2,80804704|C816|A668|2026-01-08|net demand for forecast|018650,2026-01-12,2026-01-16,delivery_shipment
2026-01-12,80804706,C816,A668,2,80804706|C816|A668|2026-01-08|net demand for forecast|018718,2026-01-12,2026-01-16,delivery_shipment
2026-01-12,80804706,C816,A668,2,80804706|C816|A668|2026-01-08|net demand for forecast|018719,2026-01-12,2026-01-16,delivery_shipment
2026-01-12,80804706,C816,A668,3,80804706|C816|A668|2026-01-08|net demand for forecast|018720,2026-01-12,2026-01-17,delivery_shipment
2026-01-12,80804706,C816,A668,3,80804706|C816|A668|2026-01-08|net demand for forecast|018721,2026-01-12,2026-01-16,delivery_shipment
2026-01-12,80804706,C816,A668,4,80804706|C816|A668|2026-01-08|net demand for forecast|018722,2026-01-12,2026-01-17,delivery_shipment
2026-01-12,80804706,C816,A668,4,80804706|C816|A668|2026-01-08|net demand for forecast|018723,2026-01-12,2026-01-16,delivery_shipment
2026-01-12,21419500,C816,A668,1,21419500|C816|A668|2026-01-09|net demand for forecast|019482,2026-01-12,2026-01-16,delivery_shipment
2026-01-12,21419500,C816,A668,1,21419500|C816|A668|2026-01-09|net demand for forecast|019483,2026-01-12,2026-01-16,delivery_shipment
2026-01-12,21419500,C816,A668,1,21419500|C816|A668|2026-01-09|net demand for forecast|019484,2026-01-12,2026-01-17,delivery_shipment
2026-01-12,21419500,C816,A668,1,21419500|C816|A668|2026-01-09|net demand for forecast|019485,2026-01-12,2026-01-16,delivery_shipment
2026-01-12,21419500,C816,A668,1,21419500|C816|A668|2026-01-09|net demand for forecast|019486,2026-01-12,2026-01-16,delivery_shipment
2026-01-12,21419500,C816,A668,1,21419500|C816|A668|2026-01-09|net demand for forecast|019487,2026-01-12,2026-01-17,delivery_shipment
2026-01-12,21442896,C816,A668,4,21442896|C816|A668|2026-01-09|net demand for forecast|019514,2026-01-12,2026-01-16,delivery_shipment
2026-01-12,21442896,C816,A668,4,21442896|C816|A668|2026-01-09|net demand for forecast|019515,2026-01-12,2026-01-16,delivery_shipment
2026-01-12,21442896,C816,A668,4,21442896|C816|A668|2026-01-09|net demand for forecast|019516,2026-01-12,2026-01-16,delivery_shipment
2026-01-12,21442896,C816,A668,4,21442896|C816|A668|2026-01-09|net demand for forecast|019517,2026-01-12,2026-01-16,delivery_shipment
2026-01-12,21442896,C816,A668,4,21442896|C816|A668|2026-01-09|net demand for forecast|019518,2026-01-12,2026-01-16,delivery_shipment
2026-01-12,21442896,C816,A668,4,21442896|C816|A668|2026-01-09|net demand for forecast|019519,2026-01-12,2026-01-16,delivery_shipment
2026-01-12,80804704,C816,A668,1,80804704|C816|A668|2026-01-09|net demand for forecast|019770,2026-01-12,2026-01-17,delivery_shipment
2026-01-12,80804704,C816,A668,1,80804704|C816|A668|2026-01-09|net demand for forecast|019771,2026-01-12,2026-01-16,delivery_shipment
2026-01-12,80804704,C816,A668,1,80804704|C816|A668|2026-01-09|net demand for forecast|019772,2026-01-12,2026-01-16,delivery_shipment
2026-01-12,80804704,C816,A668,2,80804704|C816|A668|2026-01-09|net demand for forecast|019773,2026-01-12,2026-01-17,delivery_shipment
2026-01-12,80804704,C816,A668,2,80804704|C816|A668|2026-01-09|net demand for forecast|019774,2026-01-12,2026-01-16,delivery_shipment
2026-01-12,80804704,C816,A668,2,80804704|C816|A668|2026-01-09|net demand for forecast|019775,2026-01-12,2026-01-16,delivery_shipment
2026-01-12,80807089,C816,A668,1,80807089|C816|A668|2026-01-09|net demand for forecast|019845,2026-01-12,2026-01-16,delivery_shipment
2026-01-12,80807089,C816,A668,1,80807089|C816|A668|2026-01-09|net demand for forecast|019846,2026-01-12,2026-01-16,delivery_shipment
2026-01-12,80807089,C816,A668,1,80807089|C816|A668|2026-01-09|net demand for forecast|019847,2026-01-12,2026-01-16,delivery_shipment
2026-01-12,80807089,C816,A668,1,80807089|C816|A668|2026-01-09|net demand for forecast|019848,2026-01-12,2026-01-16,delivery_shipment
2026-01-12,80807089,C816,A668,1,80807089|C816|A668|2026-01-09|net demand for forecast|019849,2026-01-12,2026-01-16,delivery_shipment
2026-01-12,80807089,C816,A668,1,80807089|C816|A668|2026-01-09|net demand for forecast|019850,2026-01-12,2026-01-16,delivery_shipment
2026-01-12,80885920,C816,A668,1,80885920|C816|A668|2026-01-09|net demand for forecast|020409,2026-01-12,2026-01-16,delivery_shipment
2026-01-12,80885920,C816,A668,1,80885920|C816|A668|2026-01-09|net demand for forecast|020410,2026-01-12,2026-01-17,delivery_shipment
2026-01-12,80885920,C816,A668,1,80885920|C816|A668|2026-01-09|net demand for forecast|020411,2026-01-12,2026-01-17,delivery_shipment
2026-01-12,80885920,C816,A668,1,80885920|C816|A668|2026-01-09|net demand for forecast|020412,2026-01-12,2026-01-16,delivery_shipment
2026-01-12,80885920,C816,A668,1,80885920|C816|A668|2026-01-09|net demand for forecast|020413,2026-01-12,2026-01-16,delivery_shipment
2026-01-12,80885920,C816,A668,1,80885920|C816|A668|2026-01-09|net demand for forecast|020414,2026-01-12,2026-01-16,delivery_shipment
2026-01-12,80804701,C816,A668,1,80804701|C816|A668|2026-01-10|net demand for forecast|021007,2026-01-12,2026-01-16,delivery_shipment
2026-01-12,80804701,C816,A668,1,80804701|C816|A668|2026-01-10|net demand for forecast|021008,2026-01-12,2026-01-16,delivery_shipment
2026-01-12,80804701,C816,A668,1,80804701|C816|A668|2026-01-10|net demand for forecast|021009,2026-01-12,2026-01-16,delivery_shipment
2026-01-12,80804701,C816,A668,1,80804701|C816|A668|2026-01-10|net demand for forecast|021010,2026-01-12,2026-01-17,delivery_shipment
2026-01-12,80804701,C816,A668,1,80804701|C816|A668|2026-01-10|net demand for forecast|021011,2026-01-12,2026-01-16,delivery_shipment
2026-01-12,80804701,C816,A668,1,80804701|C816|A668|2026-01-10|net demand for forecast|021012,2026-01-12,2026-01-17,delivery_shipment
2026-01-12,80807089,C816,A668,1,80807089|C816|A668|2026-01-10|net demand for forecast|021257,2026-01-12,2026-01-16,delivery_shipment
2026-01-12,80807089,C816,A668,1,80807089|C816|A668|2026-01-10|net demand for forecast|021258,2026-01-12,2026-01-16,delivery_shipment
2026-01-12,80807089,C816,A668,2,80807089|C816|A668|2026-01-10|net demand for forecast|021259,2026-01-12,2026-01-16,delivery_shipment
2026-01-12,80807089,C816,A668,2,80807089|C816|A668|2026-01-10|net demand for forecast|021260,2026-01-12,2026-01-17,delivery_shipment
2026-01-12,80807089,C816,A668,2,80807089|C816|A668|2026-01-10|net demand for forecast|021261,2026-01-12,2026-01-16,delivery_shipment
2026-01-12,80807089,C816,A668,2,80807089|C816|A668|2026-01-10|net demand for forecast|021262,2026-01-12,2026-01-16,delivery_shipment
2026-01-12,80885920,C816,A668,1,80885920|C816|A668|2026-01-10|net demand for forecast|021815,2026-01-12,2026-01-16,delivery_shipment
2026-01-12,80885920,C816,A668,1,80885920|C816|A668|2026-01-10|net demand for forecast|021816,2026-01-12,2026-01-16,delivery_shipment
2026-01-12,80885920,C816,A668,1,80885920|C816|A668|2026-01-10|net demand for forecast|021817,2026-01-12,2026-01-16,delivery_shipment
2026-01-12,80885920,C816,A668,1,80885920|C816|A668|2026-01-10|net demand for forecast|021818,2026-01-12,2026-01-17,delivery_shipment
2026-01-12,80885920,C816,A668,1,80885920|C816|A668|2026-01-10|net demand for forecast|021819,2026-01-12,2026-01-16,delivery_shipment
2026-01-12,80885920,C816,A668,1,80885920|C816|A668|2026-01-10|net demand for forecast|021820,2026-01-12,2026-01-16,delivery_shipment
2026-01-12,80804698,C816,A668,2,80804698|C816|A668|2026-01-11|net demand for forecast|022889,2026-01-12,2026-01-16,delivery_shipment
2026-01-12,80804698,C816,A668,3,80804698|C816|A668|2026-01-11|net demand for forecast|022890,2026-01-12,2026-01-17,delivery_shipment
2026-01-12,80804698,C816,A668,3,80804698|C816|A668|2026-01-11|net demand for forecast|022891,2026-01-12,2026-01-16,delivery_shipment
2026-01-12,80804698,C816,A668,3,80804698|C816|A668|2026-01-11|net demand for forecast|022892,2026-01-12,2026-01-16,delivery_shipment
2026-01-12,80804698,C816,A668,3,80804698|C816|A668|2026-01-11|net demand for forecast|022893,2026-01-12,2026-01-16,delivery_shipment
2026-01-12,80804698,C816,A668,3,80804698|C816|A668|2026-01-11|net demand for forecast|022894,2026-01-12,2026-01-16,delivery_shipment
2026-01-12,80804701,C816,A668,1,80804701|C816|A668|2026-01-11|net demand for forecast|022946,2026-01-12,2026-01-16,delivery_shipment
2026-01-12,80804701,C816,A668,1,80804701|C816|A668|2026-01-11|net demand for forecast|022947,2026-01-12,2026-01-16,delivery_shipment
2026-01-12,80804701,C816,A668,1,80804701|C816|A668|2026-01-11|net demand for forecast|022948,2026-01-12,2026-01-16,delivery_shipment
2026-01-12,80804701,C816,A668,1,80804701|C816|A668|2026-01-11|net demand for forecast|022949,2026-01-12,2026-01-16,delivery_shipment
2026-01-12,80804701,C816,A668,1,80804701|C816|A668|2026-01-11|net demand for forecast|022950,2026-01-12,2026-01-17,delivery_shipment
2026-01-12,80804701,C816,A668,1,80804701|C816|A668|2026-01-11|net demand for forecast|022951,2026-01-12,2026-01-17,delivery_shipment
2026-01-12,80804705,C816,A668,6,80804705|C816|A668|2026-01-11|net demand for forecast|023011,2026-01-12,2026-01-16,delivery_shipment
2026-01-12,80804705,C816,A668,7,80804705|C816|A668|2026-01-11|net demand for forecast|023012,2026-01-12,2026-01-16,delivery_shipment
2026-01-12,80804705,C816,A668,7,80804705|C816|A668|2026-01-11|net demand for forecast|023013,2026-01-12,2026-01-17,delivery_shipment
2026-01-12,80804705,C816,A668,7,80804705|C816|A668|2026-01-11|net demand for forecast|023014,2026-01-12,2026-01-16,delivery_shipment
2026-01-12,80804705,C816,A668,7,80804705|C816|A668|2026-01-11|net demand for forecast|023015,2026-01-12,2026-01-16,delivery_shipment
2026-01-12,80804705,C816,A668,7,80804705|C816|A668|2026-01-11|net demand for forecast|023016,2026-01-12,2026-01-16,delivery_shipment
2026-01-12,80848025,C816,A668,2,80848025|C816|A668|2026-01-11|net demand for forecast|023453,2026-01-12,2026-01-16,delivery_shipment
2026-01-12,80848025,C816,A668,4,80848025|C816|A668|2026-01-11|net demand for forecast|023454,2026-01-12,2026-01-17,delivery_shipment
2026-01-12,80848025,C816,A668,5,80848025|C816|A668|2026-01-11|net demand for forecast|023455,2026-01-12,2026-01-16,delivery_shipment
2026-01-12,80848025,C816,A668,5,80848025|C816|A668|2026-01-11|net demand for forecast|023456,2026-01-12,2026-01-16,delivery_shipment
2026-01-12,80848025,C816,A668,5,80848025|C816|A668|2026-01-11|net demand for forecast|023457,2026-01-12,2026-01-16,delivery_shipment
2026-01-12,80848025,C816,A668,5,80848025|C816|A668|2026-01-11|net demand for forecast|023458,2026-01-12,2026-01-16,delivery_shipment
2026-01-12,80804698,C816,A668,1,80804698|C816|A668|2026-01-12|net demand for forecast|024317,2026-01-12,2026-01-16,delivery_shipment
2026-01-12,80804698,C816,A668,1,80804698|C816|A668|2026-01-12|net demand for forecast|024318,2026-01-12,2026-01-16,delivery_shipment
2026-01-12,80804698,C816,A668,1,80804698|C816|A668|2026-01-12|net demand for forecast|024319,2026-01-12,2026-01-16,delivery_shipment
2026-01-12,80804698,C816,A668,1,80804698|C816|A668|2026-01-12|net demand for forecast|024320,2026-01-12,2026-01-16,delivery_shipment
2026-01-12,80804698,C816,A668,1,80804698|C816|A668|2026-01-12|net demand for forecast|024321,2026-01-12,2026-01-16,delivery_shipment
2026-01-12,80804698,C816,A668,1,80804698|C816|A668|2026-01-12|net demand for forecast|024322,2026-01-12,2026-01-16,delivery_shipment
2026-01-12,80804705,C816,A668,1,80804705|C816|A668|2026-01-12|net demand for forecast|024394,2026-01-12,2026-01-16,delivery_shipment
2026-01-12,80804705,C816,A668,1,80804705|C816|A668|2026-01-12|net demand for forecast|024395,2026-01-12,2026-01-16,delivery_shipment
2026-01-12,80804705,C816,A668,1,80804705|C816|A668|2026-01-12|net demand for forecast|024396,2026-01-12,2026-01-16,delivery_shipment
2026-01-12,80804705,C816,A668,1,80804705|C816|A668|2026-01-12|net demand for forecast|024397,2026-01-12,2026-01-16,delivery_shipment
2026-01-12,80804705,C816,A668,1,80804705|C816|A668|2026-01-12|net demand for forecast|024398,2026-01-12,2026-01-16,delivery_shipment
2026-01-12,80804705,C816,A668,1,80804705|C816|A668|2026-01-12|net demand for forecast|024399,2026-01-12,2026-01-16,delivery_shipment
2026-01-12,80848025,C816,A668,1,80848025|C816|A668|2026-01-12|net demand for forecast|024962,2026-01-12,2026-01-16,delivery_shipment
2026-01-12,80848025,C816,A668,1,80848025|C816|A668|2026-01-12|net demand for forecast|024963,2026-01-12,2026-01-16,delivery_shipment
2026-01-12,80848025,C816,A668,1,80848025|C816|A668|2026-01-12|net demand for forecast|024964,2026-01-12,2026-01-16,delivery_shipment
2026-01-12,80848025,C816,A668,1,80848025|C816|A668|2026-01-12|net demand for forecast|024965,2026-01-12,2026-01-16,delivery_shipment
2026-01-12,80848025,C816,A668,1,80848025|C816|A668|2026-01-12|net demand for forecast|024966,2026-01-12,2026-01-16,delivery_shipment
2026-01-12,21139445,C816,A668,6,21139445|C816|A668|2026-01-08|net demand for safety|017966,2026-01-12,2026-01-16,delivery_shipment
2026-01-12,21307836,C816,A668,1,21307836|C816|A668|2026-01-08|net demand for safety|018077,2026-01-12,2026-01-16,delivery_shipment
2026-01-12,21419500,C816,A668,18,21419500|C816|A668|2026-01-08|net demand for safety|018125,2026-01-12,2026-01-16,delivery_shipment
2026-01-12,21442897,C816,A668,2,21442897|C816|A668|2026-01-08|net demand for safety|018176,2026-01-12,2026-01-16,delivery_shipment
2026-01-12,80804706,C816,A668,36,80804706|C816|A668|2026-01-08|net demand for safety|018725,2026-01-12,2026-01-16,delivery_shipment
2026-01-12,80807092,C816,A668,6,80807092|C816|A668|2026-01-08|net demand for safety|018761,2026-01-12,2026-01-16,delivery_shipment
2026-01-12,80884846,C816,A668,1,80884846|C816|A668|2026-01-08|net demand for safety|019199,2026-01-12,2026-01-17,delivery_shipment
2026-01-12,21307836,C816,A668,2,21307836|C816|A668|2026-01-09|net demand for safety|019428,2026-01-12,2026-01-16,delivery_shipment
2026-01-12,21419500,C816,A668,3,21419500|C816|A668|2026-01-09|net demand for safety|019489,2026-01-12,2026-01-16,delivery_shipment
2026-01-12,21442896,C816,A668,38,21442896|C816|A668|2026-01-09|net demand for safety|019521,2026-01-12,2026-01-16,delivery_shipment
2026-01-12,80804701,C816,A668,3,80804701|C816|A668|2026-01-09|net demand for safety|019706,2026-01-12,2026-01-16,delivery_shipment
2026-01-12,80884846,C816,A668,1,80884846|C816|A668|2026-01-09|net demand for safety|020406,2026-01-12,2026-01-16,delivery_shipment
2026-01-12,80884848,C816,A668,1,80884848|C816|A668|2026-01-09|net demand for safety|020408,2026-01-12,2026-01-16,delivery_shipment
2026-01-12,80885920,C816,A668,10,80885920|C816|A668|2026-01-09|net demand for safety|020415,2026-01-12,2026-01-17,delivery_shipment
2026-01-12,21307836,C816,A668,4,21307836|C816|A668|2026-01-10|net demand for safety|020621,2026-01-12,2026-01-16,delivery_shipment
2026-01-12,80804701,C816,A668,24,80804701|C816|A668|2026-01-10|net demand for safety|021013,2026-01-12,2026-01-17,delivery_shipment
2026-01-12,80885920,C816,A668,3,80885920|C816|A668|2026-01-10|net demand for safety|021821,2026-01-12,2026-01-16,delivery_shipment
2026-01-12,21307836,C816,A668,4,21307836|C816|A668|2026-01-11|net demand for safety|022357,2026-01-12,2026-01-16,delivery_shipment
2026-01-12,21428668,C816,A668,11,21428668|C816|A668|2026-01-11|net demand for safety|022431,2026-01-12,2026-01-16,delivery_shipment
2026-01-12,80804698,C816,A668,31,80804698|C816|A668|2026-01-11|net demand for safety|022896,2026-01-12,2026-01-17,delivery_shipment
2026-01-12,80804705,C816,A668,154,80804705|C816|A668|2026-01-11|net demand for safety|023017,2026-01-12,2026-01-16,delivery_shipment
2026-01-12,80848025,C816,A668,62,80848025|C816|A668|2026-01-11|net demand for safety|023459,2026-01-12,2026-01-16,delivery_shipment
2026-01-12,21428668,C816,A668,3,21428668|C816|A668|2026-01-12|net demand for safety|024156,2026-01-12,2026-01-16,delivery_shipment
2026-01-12,21442897,C816,A668,7,21442897|C816|A668|2026-01-12|net demand for safety|024165,2026-01-12,2026-01-16,delivery_shipment
2026-01-12,80804698,C816,A668,1,80804698|C816|A668|2026-01-12|net demand for safety|024324,2026-01-12,2026-01-16,delivery_shipment
2026-01-12,80804705,C816,A668,12,80804705|C816|A668|2026-01-12|net demand for safety|024400,2026-01-12,2026-01-16,delivery_shipment
2026-01-12,80848025,C816,A668,2,80848025|C816|A668|2026-01-12|net demand for safety|024967,2026-01-12,2026-01-16,delivery_shipment
2026-01-12,80864469,C816,A668,27,80864469|C816|A668|2026-01-12|net demand for safety|025115,2026-01-12,2026-01-16,delivery_shipment
2026-01-12,80884848,C816,A668,1,80884848|C816|A668|2026-01-12|net demand for safety|025162,2026-01-12,2026-01-16,delivery_shipment
2026-01-12,80885920,C816,A668,3,80885920|C816|A668|2026-01-12|net demand for safety|025163,2026-01-12,2026-01-16,delivery_shipment
2026-01-12,21121752,A672,C819,1,21121752|A672|C819|2026-01-09|net demand for normal|019287,2026-01-12,2026-01-18,delivery_shipment
2026-01-12,80805856,A672,C819,1,80805856|A672|C819|2026-01-11|net demand for normal|023110,2026-01-12,2026-01-18,delivery_shipment
2026-01-12,80807115,A672,C819,1,80807115|A672|C819|2026-01-09|net demand for AO|019945,2026-01-12,2026-01-18,delivery_shipment
2026-01-12,80807115,A672,C819,2,80807115|A672|C819|2026-01-09|net demand for AO|019946,2026-01-12,2026-01-18,delivery_shipment
2026-01-12,80807115,A672,C819,4,80807115|A672|C819|2026-01-09|net demand for AO|019947,2026-01-12,2026-01-18,delivery_shipment
2026-01-12,80812845,A672,C819,1,80812845|A672|C819|2026-01-09|net demand for AO|020110,2026-01-12,2026-01-18,delivery_shipment
2026-01-12,80812845,A672,C819,1,80812845|A672|C819|2026-01-09|net demand for AO|020111,2026-01-12,2026-01-18,delivery_shipment
2026-01-12,80812845,A672,C819,1,80812845|A672|C819|2026-01-09|net demand for AO|020112,2026-01-12,2026-01-18,delivery_shipment
2026-01-12,80812845,A672,C819,2,80812845|A672|C819|2026-01-09|net demand for AO|020113,2026-01-12,2026-01-18,delivery_shipment
2026-01-12,80812845,A672,C819,1,80812845|A672|C819|2026-01-10|net demand for AO|021518,2026-01-12,2026-01-18,delivery_shipment
2026-01-12,80812845,A672,C819,2,80812845|A672|C819|2026-01-10|net demand for AO|021519,2026-01-12,2026-01-18,delivery_shipment
2026-01-12,80812845,A672,C819,2,80812845|A672|C819|2026-01-10|net demand for AO|021520,2026-01-12,2026-01-18,delivery_shipment
2026-01-12,80812845,A672,C819,2,80812845|A672|C819|2026-01-10|net demand for AO|021521,2026-01-12,2026-01-18,delivery_shipment
2026-01-12,80848026,A672,C819,1,80848026|A672|C819|2026-01-11|net demand for AO|023489,2026-01-12,2026-01-18,delivery_shipment
2026-01-12,80848026,A672,C819,1,80848026|A672|C819|2026-01-11|net demand for AO|023490,2026-01-12,2026-01-18,delivery_shipment
2026-01-12,80848026,A672,C819,4,80848026|A672|C819|2026-01-11|net demand for AO|023491,2026-01-12,2026-01-18,delivery_shipment
2026-01-12,80848026,A672,C819,7,80848026|A672|C819|2026-01-11|net demand for AO|023492,2026-01-12,2026-01-18,delivery_shipment
2026-01-12,80804132,A672,C819,1,80804132|A672|C819|2026-01-12|net demand for AO|024203,2026-01-12,2026-01-18,delivery_shipment
2026-01-12,80804132,A672,C819,1,80804132|A672|C819|2026-01-12|net demand for AO|024204,2026-01-12,2026-01-18,delivery_shipment
2026-01-12,80804132,A672,C819,1,80804132|A672|C819|2026-01-12|net demand for AO|024205,2026-01-12,2026-01-18,delivery_shipment
2026-01-12,80812845,A672,C819,1,80812845|A672|C819|2026-01-12|net demand for AO|024793,2026-01-12,2026-01-18,delivery_shipment
2026-01-12,80812845,A672,C819,1,80812845|A672|C819|2026-01-12|net demand for AO|024794,2026-01-12,2026-01-18,delivery_shipment
2026-01-12,80812845,A672,C819,1,80812845|A672|C819|2026-01-12|net demand for AO|024795,2026-01-12,2026-01-18,delivery_shipment
2026-01-12,80812845,A672,C819,1,80812845|A672|C819|2026-01-12|net demand for AO|024796,2026-01-12,2026-01-19,delivery_shipment
2026-01-12,80848026,A672,C819,3,80848026|A672|C819|2026-01-12|net demand for AO|024997,2026-01-12,2026-01-18,delivery_shipment
2026-01-12,80848026,A672,C819,3,80848026|A672|C819|2026-01-12|net demand for AO|024998,2026-01-12,2026-01-18,delivery_shipment
2026-01-12,80848026,A672,C819,19,80848026|A672|C819|2026-01-12|net demand for AO|024999,2026-01-12,2026-01-18,delivery_shipment
2026-01-12,80848026,A672,C819,24,80848026|A672|C819|2026-01-12|net demand for AO|025000,2026-01-12,2026-01-18,delivery_shipment
2026-01-12,21121752,A672,C819,1,21121752|A672|C819|2026-01-09|net demand for forecast|019280,2026-01-12,2026-01-18,delivery_shipment
2026-01-12,21121752,A672,C819,1,21121752|A672|C819|2026-01-09|net demand for forecast|019281,2026-01-12,2026-01-18,delivery_shipment
2026-01-12,21121752,A672,C819,1,21121752|A672|C819|2026-01-09|net demand for forecast|019282,2026-01-12,2026-01-18,delivery_shipment
2026-01-12,21121752,A672,C819,1,21121752|A672|C819|2026-01-09|net demand for forecast|019283,2026-01-12,2026-01-18,delivery_shipment
2026-01-12,21121752,A672,C819,1,21121752|A672|C819|2026-01-09|net demand for forecast|019284,2026-01-12,2026-01-18,delivery_shipment
2026-01-12,21121752,A672,C819,1,21121752|A672|C819|2026-01-09|net demand for forecast|019285,2026-01-12,2026-01-18,delivery_shipment
2026-01-12,21121752,A672,C819,1,21121752|A672|C819|2026-01-09|net demand for forecast|019286,2026-01-12,2026-01-18,delivery_shipment
2026-01-12,80804132,A672,C819,1,80804132|A672|C819|2026-01-09|net demand for forecast|019552,2026-01-12,2026-01-18,delivery_shipment
2026-01-12,80804132,A672,C819,1,80804132|A672|C819|2026-01-09|net demand for forecast|019553,2026-01-12,2026-01-18,delivery_shipment
2026-01-12,80804132,A672,C819,1,80804132|A672|C819|2026-01-09|net demand for forecast|019554,2026-01-12,2026-01-18,delivery_shipment
2026-01-12,80804132,A672,C819,1,80804132|A672|C819|2026-01-09|net demand for forecast|019555,2026-01-12,2026-01-18,delivery_shipment
2026-01-12,80804132,A672,C819,1,80804132|A672|C819|2026-01-09|net demand for forecast|019556,2026-01-12,2026-01-18,delivery_shipment
2026-01-12,80804132,A672,C819,1,80804132|A672|C819|2026-01-09|net demand for forecast|019557,2026-01-12,2026-01-18,delivery_shipment
2026-01-12,80804132,A672,C819,1,80804132|A672|C819|2026-01-09|net demand for forecast|019558,2026-01-12,2026-01-18,delivery_shipment
2026-01-12,80804132,A672,C819,1,80804132|A672|C819|2026-01-09|net demand for forecast|019559,2026-01-12,2026-01-18,delivery_shipment
2026-01-12,80804136,A672,C819,1,80804136|A672|C819|2026-01-09|net demand for forecast|019664,2026-01-12,2026-01-18,delivery_shipment
2026-01-12,80804136,A672,C819,1,80804136|A672|C819|2026-01-09|net demand for forecast|019665,2026-01-12,2026-01-18,delivery_shipment
2026-01-12,80804136,A672,C819,2,80804136|A672|C819|2026-01-09|net demand for forecast|019666,2026-01-12,2026-01-18,delivery_shipment
2026-01-12,80804136,A672,C819,2,80804136|A672|C819|2026-01-09|net demand for forecast|019667,2026-01-12,2026-01-18,delivery_shipment
2026-01-12,80804136,A672,C819,2,80804136|A672|C819|2026-01-09|net demand for forecast|019668,2026-01-12,2026-01-18,delivery_shipment
2026-01-12,80804136,A672,C819,2,80804136|A672|C819|2026-01-09|net demand for forecast|019669,2026-01-12,2026-01-18,delivery_shipment
2026-01-12,80804136,A672,C819,2,80804136|A672|C819|2026-01-09|net demand for forecast|019670,2026-01-12,2026-01-18,delivery_shipment
2026-01-12,80804136,A672,C819,2,80804136|A672|C819|2026-01-09|net demand for forecast|019671,2026-01-12,2026-01-18,delivery_shipment
2026-01-12,80812845,A672,C819,1,80812845|A672|C819|2026-01-09|net demand for forecast|020114,2026-01-12,2026-01-18,delivery_shipment
2026-01-12,80812845,A672,C819,1,80812845|A672|C819|2026-01-09|net demand for forecast|020115,2026-01-12,2026-01-18,delivery_shipment
2026-01-12,80812845,A672,C819,1,80812845|A672|C819|2026-01-09|net demand for forecast|020116,2026-01-12,2026-01-18,delivery_shipment
2026-01-12,80812845,A672,C819,2,80812845|A672|C819|2026-01-09|net demand for forecast|020117,2026-01-12,2026-01-18,delivery_shipment
2026-01-12,80812845,A672,C819,2,80812845|A672|C819|2026-01-09|net demand for forecast|020118,2026-01-12,2026-01-18,delivery_shipment
2026-01-12,80812845,A672,C819,2,80812845|A672|C819|2026-01-09|net demand for forecast|020119,2026-01-12,2026-01-18,delivery_shipment
2026-01-12,80812845,A672,C819,2,80812845|A672|C819|2026-01-09|net demand for forecast|020120,2026-01-12,2026-01-18,delivery_shipment
2026-01-12,80804132,A672,C819,1,80804132|A672|C819|2026-01-10|net demand for forecast|020788,2026-01-12,2026-01-18,delivery_shipment
2026-01-12,80804132,A672,C819,1,80804132|A672|C819|2026-01-10|net demand for forecast|020789,2026-01-12,2026-01-18,delivery_shipment
2026-01-12,80804132,A672,C819,1,80804132|A672|C819|2026-01-10|net demand for forecast|020790,2026-01-12,2026-01-18,delivery_shipment
2026-01-12,80804132,A672,C819,1,80804132|A672|C819|2026-01-10|net demand for forecast|020791,2026-01-12,2026-01-18,delivery_shipment
2026-01-12,80804132,A672,C819,1,80804132|A672|C819|2026-01-10|net demand for forecast|020792,2026-01-12,2026-01-18,delivery_shipment
2026-01-12,80804132,A672,C819,2,80804132|A672|C819|2026-01-10|net demand for forecast|020793,2026-01-12,2026-01-18,delivery_shipment
2026-01-12,80804133,A672,C819,1,80804133|A672|C819|2026-01-10|net demand for forecast|020803,2026-01-12,2026-01-18,delivery_shipment
2026-01-12,80804133,A672,C819,1,80804133|A672|C819|2026-01-10|net demand for forecast|020804,2026-01-12,2026-01-18,delivery_shipment
2026-01-12,80804133,A672,C819,1,80804133|A672|C819|2026-01-10|net demand for forecast|020805,2026-01-12,2026-01-18,delivery_shipment
2026-01-12,80804133,A672,C819,1,80804133|A672|C819|2026-01-10|net demand for forecast|020806,2026-01-12,2026-01-18,delivery_shipment
2026-01-12,80804133,A672,C819,1,80804133|A672|C819|2026-01-10|net demand for forecast|020807,2026-01-12,2026-01-18,delivery_shipment
2026-01-12,80804133,A672,C819,1,80804133|A672|C819|2026-01-10|net demand for forecast|020808,2026-01-12,2026-01-19,delivery_shipment
2026-01-12,80804133,A672,C819,1,80804133|A672|C819|2026-01-10|net demand for forecast|020809,2026-01-12,2026-01-18,delivery_shipment
2026-01-12,80804136,A672,C819,1,80804136|A672|C819|2026-01-10|net demand for forecast|020851,2026-01-12,2026-01-18,delivery_shipment
2026-01-12,80804136,A672,C819,1,80804136|A672|C819|2026-01-10|net demand for forecast|020852,2026-01-12,2026-01-18,delivery_shipment
2026-01-12,80804136,A672,C819,1,80804136|A672|C819|2026-01-10|net demand for forecast|020853,2026-01-12,2026-01-18,delivery_shipment
2026-01-12,80804136,A672,C819,1,80804136|A672|C819|2026-01-10|net demand for forecast|020854,2026-01-12,2026-01-18,delivery_shipment
2026-01-12,80804136,A672,C819,1,80804136|A672|C819|2026-01-10|net demand for forecast|020855,2026-01-12,2026-01-18,delivery_shipment
2026-01-12,80804136,A672,C819,1,80804136|A672|C819|2026-01-10|net demand for forecast|020856,2026-01-12,2026-01-18,delivery_shipment
2026-01-12,80804136,A672,C819,1,80804136|A672|C819|2026-01-10|net demand for forecast|020857,2026-01-12,2026-01-18,delivery_shipment
2026-01-12,80807095,A672,C819,1,80807095|A672|C819|2026-01-10|net demand for forecast|021338,2026-01-12,2026-01-18,delivery_shipment
2026-01-12,80807095,A672,C819,1,80807095|A672|C819|2026-01-10|net demand for forecast|021339,2026-01-12,2026-01-18,delivery_shipment
2026-01-12,80807095,A672,C819,1,80807095|A672|C819|2026-01-10|net demand for forecast|021340,2026-01-12,2026-01-18,delivery_shipment
2026-01-12,80807095,A672,C819,1,80807095|A672|C819|2026-01-10|net demand for forecast|021341,2026-01-12,2026-01-18,delivery_shipment
2026-01-12,80807095,A672,C819,1,80807095|A672|C819|2026-01-10|net demand for forecast|021342,2026-01-12,2026-01-18,delivery_shipment
2026-01-12,80807095,A672,C819,1,80807095|A672|C819|2026-01-10|net demand for forecast|021343,2026-01-12,2026-01-19,delivery_shipment
2026-01-12,80807095,A672,C819,1,80807095|A672|C819|2026-01-10|net demand for forecast|021344,2026-01-12,2026-01-18,delivery_shipment
2026-01-12,80807095,A672,C819,1,80807095|A672|C819|2026-01-10|net demand for forecast|021345,2026-01-12,2026-01-18,delivery_shipment
2026-01-12,80812845,A672,C819,1,80812845|A672|C819|2026-01-10|net demand for forecast|021522,2026-01-12,2026-01-19,delivery_shipment
2026-01-12,80812845,A672,C819,2,80812845|A672|C819|2026-01-10|net demand for forecast|021523,2026-01-12,2026-01-18,delivery_shipment
2026-01-12,80812845,A672,C819,2,80812845|A672|C819|2026-01-10|net demand for forecast|021524,2026-01-12,2026-01-18,delivery_shipment
2026-01-12,80812845,A672,C819,2,80812845|A672|C819|2026-01-10|net demand for forecast|021525,2026-01-12,2026-01-18,delivery_shipment
2026-01-12,80812845,A672,C819,2,80812845|A672|C819|2026-01-10|net demand for forecast|021526,2026-01-12,2026-01-18,delivery_shipment
2026-01-12,80812845,A672,C819,2,80812845|A672|C819|2026-01-10|net demand for forecast|021527,2026-01-12,2026-01-18,delivery_shipment
2026-01-12,80812845,A672,C819,2,80812845|A672|C819|2026-01-10|net demand for forecast|021528,2026-01-12,2026-01-19,delivery_shipment
2026-01-12,80804132,A672,C819,1,80804132|A672|C819|2026-01-11|net demand for forecast|022794,2026-01-12,2026-01-18,delivery_shipment
2026-01-12,80804132,A672,C819,1,80804132|A672|C819|2026-01-11|net demand for forecast|022795,2026-01-12,2026-01-18,delivery_shipment
2026-01-12,80804132,A672,C819,1,80804132|A672|C819|2026-01-11|net demand for forecast|022796,2026-01-12,2026-01-18,delivery_shipment
2026-01-12,80804132,A672,C819,1,80804132|A672|C819|2026-01-11|net demand for forecast|022797,2026-01-12,2026-01-18,delivery_shipment
2026-01-12,80804132,A672,C819,1,80804132|A672|C819|2026-01-11|net demand for forecast|022798,2026-01-12,2026-01-18,delivery_shipment
2026-01-12,80804132,A672,C819,1,80804132|A672|C819|2026-01-11|net demand for forecast|022799,2026-01-12,2026-01-18,delivery_shipment
2026-01-12,80804132,A672,C819,2,80804132|A672|C819|2026-01-11|net demand for forecast|022800,2026-01-12,2026-01-18,delivery_shipment
2026-01-12,80804136,A672,C819,1,80804136|A672|C819|2026-01-11|net demand for forecast|022851,2026-01-12,2026-01-18,delivery_shipment
2026-01-12,80804136,A672,C819,1,80804136|A672|C819|2026-01-11|net demand for forecast|022852,2026-01-12,2026-01-18,delivery_shipment
2026-01-12,80804136,A672,C819,1,80804136|A672|C819|2026-01-11|net demand for forecast|022853,2026-01-12,2026-01-18,delivery_shipment
2026-01-12,80804136,A672,C819,1,80804136|A672|C819|2026-01-11|net demand for forecast|022854,2026-01-12,2026-01-18,delivery_shipment
2026-01-12,80804136,A672,C819,1,80804136|A672|C819|2026-01-11|net demand for forecast|022855,2026-01-12,2026-01-18,delivery_shipment
2026-01-12,80804136,A672,C819,1,80804136|A672|C819|2026-01-11|net demand for forecast|022856,2026-01-12,2026-01-18,delivery_shipment
2026-01-12,80804136,A672,C819,1,80804136|A672|C819|2026-01-11|net demand for forecast|022857,2026-01-12,2026-01-18,delivery_shipment
2026-01-12,80804136,A672,C819,1,80804136|A672|C819|2026-01-11|net demand for forecast|022858,2026-01-12,2026-01-18,delivery_shipment
2026-01-12,80807095,A672,C819,1,80807095|A672|C819|2026-01-11|net demand for forecast|023179,2026-01-12,2026-01-18,delivery_shipment
2026-01-12,80807095,A672,C819,1,80807095|A672|C819|2026-01-11|net demand for forecast|023180,2026-01-12,2026-01-18,delivery_shipment
2026-01-12,80807095,A672,C819,1,80807095|A672|C819|2026-01-11|net demand for forecast|023181,2026-01-12,2026-01-18,delivery_shipment
2026-01-12,80807095,A672,C819,1,80807095|A672|C819|2026-01-11|net demand for forecast|023182,2026-01-12,2026-01-18,delivery_shipment
2026-01-12,80807095,A672,C819,1,80807095|A672|C819|2026-01-11|net demand for forecast|023183,2026-01-12,2026-01-18,delivery_shipment
2026-01-12,80807095,A672,C819,1,80807095|A672|C819|2026-01-11|net demand for forecast|023184,2026-01-12,2026-01-19,delivery_shipment
2026-01-12,80807095,A672,C819,1,80807095|A672|C819|2026-01-11|net demand for forecast|023185,2026-01-12,2026-01-18,delivery_shipment
2026-01-12,80807095,A672,C819,1,80807095|A672|C819|2026-01-11|net demand for forecast|023186,2026-01-12,2026-01-18,delivery_shipment
2026-01-12,80807113,A672,C819,1,80807113|A672|C819|2026-01-11|net demand for forecast|023270,2026-01-12,2026-01-18,delivery_shipment
2026-01-12,80807113,A672,C819,1,80807113|A672|C819|2026-01-11|net demand for forecast|023271,2026-01-12,2026-01-18,delivery_shipment
2026-01-12,80807113,A672,C819,1,80807113|A672|C819|2026-01-11|net demand for forecast|023272,2026-01-12,2026-01-18,delivery_shipment
2026-01-12,80807115,A672,C819,4,80807115|A672|C819|2026-01-11|net demand for forecast|023291,2026-01-12,2026-01-18,delivery_shipment
2026-01-12,80807115,A672,C819,5,80807115|A672|C819|2026-01-11|net demand for forecast|023292,2026-01-12,2026-01-18,delivery_shipment
2026-01-12,80807115,A672,C819,5,80807115|A672|C819|2026-01-11|net demand for forecast|023293,2026-01-12,2026-01-18,delivery_shipment
2026-01-12,80807115,A672,C819,5,80807115|A672|C819|2026-01-11|net demand for forecast|023294,2026-01-12,2026-01-18,delivery_shipment
2026-01-12,80807115,A672,C819,5,80807115|A672|C819|2026-01-11|net demand for forecast|023295,2026-01-12,2026-01-19,delivery_shipment
2026-01-12,80807115,A672,C819,5,80807115|A672|C819|2026-01-11|net demand for forecast|023296,2026-01-12,2026-01-18,delivery_shipment
2026-01-12,80807115,A672,C819,5,80807115|A672|C819|2026-01-11|net demand for forecast|023297,2026-01-12,2026-01-19,delivery_shipment
2026-01-12,80848023,A672,C819,2,80848023|A672|C819|2026-01-11|net demand for forecast|023420,2026-01-12,2026-01-18,delivery_shipment
2026-01-12,80848023,A672,C819,2,80848023|A672|C819|2026-01-11|net demand for forecast|023421,2026-01-12,2026-01-18,delivery_shipment
2026-01-12,80848023,A672,C819,2,80848023|A672|C819|2026-01-11|net demand for forecast|023422,2026-01-12,2026-01-19,delivery_shipment
2026-01-12,80848023,A672,C819,2,80848023|A672|C819|2026-01-11|net demand for forecast|023423,2026-01-12,2026-01-18,delivery_shipment
2026-01-12,80848023,A672,C819,3,80848023|A672|C819|2026-01-11|net demand for forecast|023424,2026-01-12,2026-01-18,delivery_shipment
2026-01-12,80848023,A672,C819,3,80848023|A672|C819|2026-01-11|net demand for forecast|023425,2026-01-12,2026-01-18,delivery_shipment
2026-01-12,80848023,A672,C819,3,80848023|A672|C819|2026-01-11|net demand for forecast|023426,2026-01-12,2026-01-18,delivery_shipment
2026-01-12,80848023,A672,C819,3,80848023|A672|C819|2026-01-11|net demand for forecast|023427,2026-01-12,2026-01-18,delivery_shipment
2026-01-12,80848026,A672,C819,6,80848026|A672|C819|2026-01-11|net demand for forecast|023493,2026-01-12,2026-01-18,delivery_shipment
2026-01-12,80848026,A672,C819,11,80848026|A672|C819|2026-01-11|net demand for forecast|023494,2026-01-12,2026-01-18,delivery_shipment
2026-01-12,80848026,A672,C819,11,80848026|A672|C819|2026-01-11|net demand for forecast|023495,2026-01-12,2026-01-18,delivery_shipment
2026-01-12,80848026,A672,C819,11,80848026|A672|C819|2026-01-11|net demand for forecast|023496,2026-01-12,2026-01-18,delivery_shipment
2026-01-12,80848026,A672,C819,12,80848026|A672|C819|2026-01-11|net demand for forecast|023497,2026-01-12,2026-01-18,delivery_shipment
2026-01-12,21132988,A672,C819,1,21132988|A672|C819|2026-01-12|net demand for forecast|023844,2026-01-12,2026-01-18,delivery_shipment
2026-01-12,21132988,A672,C819,2,21132988|A672|C819|2026-01-12|net demand for forecast|023845,2026-01-12,2026-01-18,delivery_shipment
2026-01-12,21132988,A672,C819,2,21132988|A672|C819|2026-01-12|net demand for forecast|023846,2026-01-12,2026-01-18,delivery_shipment
2026-01-12,21132988,A672,C819,2,21132988|A672|C819|2026-01-12|net demand for forecast|023847,2026-01-12,2026-01-18,delivery_shipment
2026-01-12,21132988,A672,C819,2,21132988|A672|C819|2026-01-12|net demand for forecast|023848,2026-01-12,2026-01-18,delivery_shipment
2026-01-12,21132988,A672,C819,2,21132988|A672|C819|2026-01-12|net demand for forecast|023849,2026-01-12,2026-01-18,delivery_shipment
2026-01-12,21132988,A672,C819,2,21132988|A672|C819|2026-01-12|net demand for forecast|023850,2026-01-12,2026-01-18,delivery_shipment
2026-01-12,21132988,A672,C819,2,21132988|A672|C819|2026-01-12|net demand for forecast|023851,2026-01-12,2026-01-18,delivery_shipment
2026-01-12,80804133,A672,C819,1,80804133|A672|C819|2026-01-12|net demand for forecast|024223,2026-01-12,2026-01-18,delivery_shipment
2026-01-12,80804133,A672,C819,1,80804133|A672|C819|2026-01-12|net demand for forecast|024224,2026-01-12,2026-01-18,delivery_shipment
2026-01-12,80804133,A672,C819,1,80804133|A672|C819|2026-01-12|net demand for forecast|024225,2026-01-12,2026-01-18,delivery_shipment
2026-01-12,80804133,A672,C819,1,80804133|A672|C819|2026-01-12|net demand for forecast|024226,2026-01-12,2026-01-18,delivery_shipment
2026-01-12,80804133,A672,C819,1,80804133|A672|C819|2026-01-12|net demand for forecast|024227,2026-01-12,2026-01-18,delivery_shipment
2026-01-12,80804133,A672,C819,1,80804133|A672|C819|2026-01-12|net demand for forecast|024228,2026-01-12,2026-01-18,delivery_shipment
2026-01-12,80804133,A672,C819,1,80804133|A672|C819|2026-01-12|net demand for forecast|024229,2026-01-12,2026-01-18,delivery_shipment
2026-01-12,80804137,A672,C819,1,80804137|A672|C819|2026-01-12|net demand for forecast|024258,2026-01-12,2026-01-18,delivery_shipment
2026-01-12,80804137,A672,C819,1,80804137|A672|C819|2026-01-12|net demand for forecast|024259,2026-01-12,2026-01-18,delivery_shipment
2026-01-12,80804137,A672,C819,1,80804137|A672|C819|2026-01-12|net demand for forecast|024260,2026-01-12,2026-01-19,delivery_shipment
2026-01-12,80804137,A672,C819,1,80804137|A672|C819|2026-01-12|net demand for forecast|024261,2026-01-12,2026-01-18,delivery_shipment
2026-01-12,80804137,A672,C819,1,80804137|A672|C819|2026-01-12|net demand for forecast|024262,2026-01-12,2026-01-18,delivery_shipment
2026-01-12,80804137,A672,C819,1,80804137|A672|C819|2026-01-12|net demand for forecast|024263,2026-01-12,2026-01-19,delivery_shipment
2026-01-12,80807095,A672,C819,1,80807095|A672|C819|2026-01-12|net demand for forecast|024514,2026-01-12,2026-01-18,delivery_shipment
2026-01-12,80807095,A672,C819,1,80807095|A672|C819|2026-01-12|net demand for forecast|024515,2026-01-12,2026-01-18,delivery_shipment
2026-01-12,80807095,A672,C819,1,80807095|A672|C819|2026-01-12|net demand for forecast|024516,2026-01-12,2026-01-18,delivery_shipment
2026-01-12,80807095,A672,C819,1,80807095|A672|C819|2026-01-12|net demand for forecast|024517,2026-01-12,2026-01-18,delivery_shipment
2026-01-12,80807095,A672,C819,1,80807095|A672|C819|2026-01-12|net demand for forecast|024518,2026-01-12,2026-01-18,delivery_shipment
2026-01-12,80807095,A672,C819,1,80807095|A672|C819|2026-01-12|net demand for forecast|024519,2026-01-12,2026-01-18,delivery_shipment
2026-01-12,80807095,A672,C819,1,80807095|A672|C819|2026-01-12|net demand for forecast|024520,2026-01-12,2026-01-18,delivery_shipment
2026-01-12,80807095,A672,C819,1,80807095|A672|C819|2026-01-12|net demand for forecast|024521,2026-01-12,2026-01-18,delivery_shipment
2026-01-12,80807115,A672,C819,3,80807115|A672|C819|2026-01-12|net demand for forecast|024560,2026-01-12,2026-01-18,delivery_shipment
2026-01-12,80807115,A672,C819,3,80807115|A672|C819|2026-01-12|net demand for forecast|024561,2026-01-12,2026-01-18,delivery_shipment
2026-01-12,80807115,A672,C819,3,80807115|A672|C819|2026-01-12|net demand for forecast|024562,2026-01-12,2026-01-18,delivery_shipment
2026-01-12,80807115,A672,C819,3,80807115|A672|C819|2026-01-12|net demand for forecast|024563,2026-01-12,2026-01-18,delivery_shipment
2026-01-12,80807115,A672,C819,3,80807115|A672|C819|2026-01-12|net demand for forecast|024564,2026-01-12,2026-01-18,delivery_shipment
2026-01-12,80807115,A672,C819,3,80807115|A672|C819|2026-01-12|net demand for forecast|024565,2026-01-12,2026-01-18,delivery_shipment
2026-01-12,80807115,A672,C819,3,80807115|A672|C819|2026-01-12|net demand for forecast|024566,2026-01-12,2026-01-18,delivery_shipment
2026-01-12,80807115,A672,C819,3,80807115|A672|C819|2026-01-12|net demand for forecast|024567,2026-01-12,2026-01-18,delivery_shipment
2026-01-12,80812845,A672,C819,1,80812845|A672|C819|2026-01-12|net demand for forecast|024797,2026-01-12,2026-01-18,delivery_shipment
2026-01-12,80812845,A672,C819,1,80812845|A672|C819|2026-01-12|net demand for forecast|024798,2026-01-12,2026-01-18,delivery_shipment
2026-01-12,80812845,A672,C819,1,80812845|A672|C819|2026-01-12|net demand for forecast|024799,2026-01-12,2026-01-18,delivery_shipment
2026-01-12,80812845,A672,C819,1,80812845|A672|C819|2026-01-12|net demand for forecast|024800,2026-01-12,2026-01-18,delivery_shipment
2026-01-12,80812845,A672,C819,1,80812845|A672|C819|2026-01-12|net demand for forecast|024801,2026-01-12,2026-01-18,delivery_shipment
2026-01-12,80812845,A672,C819,1,80812845|A672|C819|2026-01-12|net demand for forecast|024802,2026-01-12,2026-01-18,delivery_shipment
2026-01-12,80812845,A672,C819,1,80812845|A672|C819|2026-01-12|net demand for forecast|024803,2026-01-12,2026-01-18,delivery_shipment
2026-01-12,80812845,A672,C819,1,80812845|A672|C819|2026-01-12|net demand for forecast|024804,2026-01-12,2026-01-18,delivery_shipment
2026-01-12,80848023,A672,C819,2,80848023|A672|C819|2026-01-12|net demand for forecast|024918,2026-01-12,2026-01-18,delivery_shipment
2026-01-12,80848023,A672,C819,2,80848023|A672|C819|2026-01-12|net demand for forecast|024919,2026-01-12,2026-01-18,delivery_shipment
2026-01-12,80848023,A672,C819,2,80848023|A672|C819|2026-01-12|net demand for forecast|024920,2026-01-12,2026-01-18,delivery_shipment
2026-01-12,80848023,A672,C819,2,80848023|A672|C819|2026-01-12|net demand for forecast|024921,2026-01-12,2026-01-18,delivery_shipment
2026-01-12,80848023,A672,C819,2,80848023|A672|C819|2026-01-12|net demand for forecast|024922,2026-01-12,2026-01-18,delivery_shipment
2026-01-12,80848023,A672,C819,2,80848023|A672|C819|2026-01-12|net demand for forecast|024923,2026-01-12,2026-01-18,delivery_shipment
2026-01-12,80848023,A672,C819,2,80848023|A672|C819|2026-01-12|net demand for forecast|024924,2026-01-12,2026-01-18,delivery_shipment
2026-01-12,80848026,A672,C819,6,80848026|A672|C819|2026-01-12|net demand for forecast|025001,2026-01-12,2026-01-18,delivery_shipment
2026-01-12,80848026,A672,C819,8,80848026|A672|C819|2026-01-12|net demand for forecast|025002,2026-01-12,2026-01-18,delivery_shipment
2026-01-12,80848026,A672,C819,8,80848026|A672|C819|2026-01-12|net demand for forecast|025003,2026-01-12,2026-01-19,delivery_shipment
2026-01-12,80848026,A672,C819,8,80848026|A672|C819|2026-01-12|net demand for forecast|025004,2026-01-12,2026-01-18,delivery_shipment
2026-01-12,21121752,A672,C819,2,21121752|A672|C819|2026-01-09|net demand for safety|019288,2026-01-12,2026-01-18,delivery_shipment
2026-01-12,80807113,A672,C819,1,80807113|A672|C819|2026-01-09|net demand for safety|019936,2026-01-12,2026-01-18,delivery_shipment
2026-01-12,80807118,A672,C819,2,80807118|A672|C819|2026-01-09|net demand for safety|020051,2026-01-12,2026-01-19,delivery_shipment
2026-01-12,80807120,A672,C819,17,80807120|A672|C819|2026-01-09|net demand for safety|020057,2026-01-12,2026-01-18,delivery_shipment
2026-01-12,80807112,A672,C819,1,80807112|A672|C819|2026-01-10|net demand for safety|021389,2026-01-12,2026-01-18,delivery_shipment
2026-01-12,80807118,A672,C819,2,80807118|A672|C819|2026-01-10|net demand for safety|021434,2026-01-12,2026-01-18,delivery_shipment
2026-01-12,80807120,A672,C819,2,80807120|A672|C819|2026-01-10|net demand for safety|021452,2026-01-12,2026-01-18,delivery_shipment
2026-01-12,21171453,A672,C819,1,21171453|A672|C819|2026-01-11|net demand for safety|022261,2026-01-12,2026-01-18,delivery_shipment
2026-01-12,80807113,A672,C819,2,80807113|A672|C819|2026-01-11|net demand for safety|023273,2026-01-12,2026-01-18,delivery_shipment
2026-01-12,80807118,A672,C819,2,80807118|A672|C819|2026-01-11|net demand for safety|023328,2026-01-12,2026-01-19,delivery_shipment
2026-01-12,80807120,A672,C819,1,80807120|A672|C819|2026-01-11|net demand for safety|023346,2026-01-12,2026-01-18,delivery_shipment
2026-01-12,80812154,A672,C819,1,80812154|A672|C819|2026-01-11|net demand for safety|023366,2026-01-12,2026-01-18,delivery_shipment
2026-01-12,80812839,A672,C819,1,80812839|A672|C819|2026-01-11|net demand for safety|023367,2026-01-12,2026-01-19,delivery_shipment
2026-01-12,80804133,A672,C819,3,80804133|A672|C819|2026-01-12|net demand for safety|024230,2026-01-12,2026-01-18,delivery_shipment
2026-01-12,80807112,A672,C819,2,80807112|A672|C819|2026-01-12|net demand for safety|024553,2026-01-12,2026-01-18,delivery_shipment
2026-01-12,80807118,A672,C819,2,80807118|A672|C819|2026-01-12|net demand for safety|024758,2026-01-12,2026-01-18,delivery_shipment
2026-01-12,80807120,A672,C819,3,80807120|A672|C819|2026-01-12|net demand for safety|024766,2026-01-12,2026-01-18,delivery_shipment
2026-01-12,80851898,A672,C819,3,80851898|A672|C819|2026-01-12|net demand for safety|025113,2026-01-12,2026-01-18,delivery_shipment
2026-01-12,21137866,C810,D767,4,21137866|C810|D767|2026-01-11|net demand for normal|022093,2026-01-12,2026-01-14,delivery_shipment
2026-01-12,80812840,C810,D767,3,80812840|C810|D767|2026-01-11|net demand for normal|023372,2026-01-12,2026-01-15,delivery_shipment
2026-01-12,21137866,C810,D767,5,21137866|C810|D767|2026-01-12|net demand for normal|023877,2026-01-12,2026-01-15,delivery_shipment
2026-01-12,21325164,C810,D767,1,21325164|C810|D767|2026-01-12|net demand for normal|024138,2026-01-12,2026-01-14,delivery_shipment
2026-01-12,80804128,C810,D767,1,80804128|C810|D767|2026-01-12|net demand for normal|024190,2026-01-12,2026-01-14,delivery_shipment
2026-01-12,80804698,C810,D767,1,80804698|C810|D767|2026-01-12|net demand for normal|024315,2026-01-12,2026-01-15,delivery_shipment
2026-01-12,21137866,C810,D767,2,21137866|C810|D767|2026-01-04|net demand for forecast|012656,2026-01-12,2026-01-14,delivery_shipment
2026-01-12,21137866,C810,D767,2,21137866|C810|D767|2026-01-04|net demand for forecast|012657,2026-01-12,2026-01-14,delivery_shipment
2026-01-12,21137866,C810,D767,11,21137866|C810|D767|2026-01-11|net demand for forecast|022089,2026-01-12,2026-01-15,delivery_shipment
2026-01-12,21137866,C810,D767,11,21137866|C810|D767|2026-01-11|net demand for forecast|022090,2026-01-12,2026-01-14,delivery_shipment
2026-01-12,21137866,C810,D767,11,21137866|C810|D767|2026-01-11|net demand for forecast|022091,2026-01-12,2026-01-14,delivery_shipment
2026-01-12,21137866,C810,D767,12,21137866|C810|D767|2026-01-11|net demand for forecast|022092,2026-01-12,2026-01-14,delivery_shipment
2026-01-12,80804701,C810,D767,1,80804701|C810|D767|2026-01-11|net demand for forecast|022942,2026-01-12,2026-01-14,delivery_shipment
2026-01-12,80804701,C810,D767,1,80804701|C810|D767|2026-01-11|net demand for forecast|022943,2026-01-12,2026-01-14,delivery_shipment
2026-01-12,80804701,C810,D767,1,80804701|C810|D767|2026-01-11|net demand for forecast|022944,2026-01-12,2026-01-14,delivery_shipment
2026-01-12,80804701,C810,D767,1,80804701|C810|D767|2026-01-11|net demand for forecast|022945,2026-01-12,2026-01-14,delivery_shipment
2026-01-12,80807112,C810,D767,1,80807112|C810|D767|2026-01-11|net demand for forecast|023256,2026-01-12,2026-01-14,delivery_shipment
2026-01-12,80807112,C810,D767,1,80807112|C810|D767|2026-01-11|net demand for forecast|023257,2026-01-12,2026-01-14,delivery_shipment
2026-01-12,80807112,C810,D767,1,80807112|C810|D767|2026-01-11|net demand for forecast|023258,2026-01-12,2026-01-14,delivery_shipment
2026-01-12,80807112,C810,D767,1,80807112|C810|D767|2026-01-11|net demand for forecast|023259,2026-01-12,2026-01-14,delivery_shipment
2026-01-12,80807113,C810,D767,1,80807113|C810|D767|2026-01-11|net demand for forecast|023284,2026-01-12,2026-01-15,delivery_shipment
2026-01-12,80807113,C810,D767,1,80807113|C810|D767|2026-01-11|net demand for forecast|023285,2026-01-12,2026-01-14,delivery_shipment
2026-01-12,80807113,C810,D767,1,80807113|C810|D767|2026-01-11|net demand for forecast|023286,2026-01-12,2026-01-14,delivery_shipment
2026-01-12,80807113,C810,D767,1,80807113|C810|D767|2026-01-11|net demand for forecast|023287,2026-01-12,2026-01-14,delivery_shipment
2026-01-12,80807116,C810,D767,1,80807116|C810|D767|2026-01-11|net demand for forecast|023315,2026-01-12,2026-01-14,delivery_shipment
2026-01-12,80807116,C810,D767,1,80807116|C810|D767|2026-01-11|net demand for forecast|023316,2026-01-12,2026-01-14,delivery_shipment
2026-01-12,80807116,C810,D767,1,80807116|C810|D767|2026-01-11|net demand for forecast|023317,2026-01-12,2026-01-14,delivery_shipment
2026-01-12,80807116,C810,D767,1,80807116|C810|D767|2026-01-11|net demand for forecast|023318,2026-01-12,2026-01-14,delivery_shipment
2026-01-12,80807118,C810,D767,1,80807118|C810|D767|2026-01-11|net demand for forecast|023331,2026-01-12,2026-01-14,delivery_shipment
2026-01-12,80807118,C810,D767,1,80807118|C810|D767|2026-01-11|net demand for forecast|023332,2026-01-12,2026-01-14,delivery_shipment
2026-01-12,80807118,C810,D767,1,80807118|C810|D767|2026-01-11|net demand for forecast|023333,2026-01-12,2026-01-14,delivery_shipment
2026-01-12,80807118,C810,D767,1,80807118|C810|D767|2026-01-11|net demand for forecast|023334,2026-01-12,2026-01-15,delivery_shipment
2026-01-12,80812840,C810,D767,1,80812840|C810|D767|2026-01-11|net demand for forecast|023368,2026-01-12,2026-01-14,delivery_shipment
2026-01-12,80812840,C810,D767,1,80812840|C810|D767|2026-01-11|net demand for forecast|023369,2026-01-12,2026-01-14,delivery_shipment
2026-01-12,80812840,C810,D767,1,80812840|C810|D767|2026-01-11|net demand for forecast|023370,2026-01-12,2026-01-14,delivery_shipment
2026-01-12,80812840,C810,D767,2,80812840|C810|D767|2026-01-11|net demand for forecast|023371,2026-01-12,2026-01-14,delivery_shipment
2026-01-12,21137866,C810,D767,7,21137866|C810|D767|2026-01-12|net demand for forecast|023873,2026-01-12,2026-01-14,delivery_shipment
2026-01-12,21137866,C810,D767,7,21137866|C810|D767|2026-01-12|net demand for forecast|023874,2026-01-12,2026-01-14,delivery_shipment
2026-01-12,21137866,C810,D767,7,21137866|C810|D767|2026-01-12|net demand for forecast|023875,2026-01-12,2026-01-15,delivery_shipment
2026-01-12,21137866,C810,D767,7,21137866|C810|D767|2026-01-12|net demand for forecast|023876,2026-01-12,2026-01-14,delivery_shipment
2026-01-12,21325164,C810,D767,1,21325164|C810|D767|2026-01-12|net demand for forecast|024134,2026-01-12,2026-01-14,delivery_shipment
2026-01-12,21325164,C810,D767,1,21325164|C810|D767|2026-01-12|net demand for forecast|024135,2026-01-12,2026-01-14,delivery_shipment
2026-01-12,21325164,C810,D767,1,21325164|C810|D767|2026-01-12|net demand for forecast|024136,2026-01-12,2026-01-15,delivery_shipment
2026-01-12,21325164,C810,D767,2,21325164|C810|D767|2026-01-12|net demand for forecast|024137,2026-01-12,2026-01-14,delivery_shipment
2026-01-12,80804698,C810,D767,1,80804698|C810|D767|2026-01-12|net demand for forecast|024311,2026-01-12,2026-01-14,delivery_shipment
2026-01-12,80804698,C810,D767,1,80804698|C810|D767|2026-01-12|net demand for forecast|024312,2026-01-12,2026-01-14,delivery_shipment
2026-01-12,80804698,C810,D767,1,80804698|C810|D767|2026-01-12|net demand for forecast|024313,2026-01-12,2026-01-14,delivery_shipment
2026-01-12,80804698,C810,D767,1,80804698|C810|D767|2026-01-12|net demand for forecast|024314,2026-01-12,2026-01-14,delivery_shipment
2026-01-12,80804705,C810,D767,1,80804705|C810|D767|2026-01-12|net demand for forecast|024389,2026-01-12,2026-01-14,delivery_shipment
2026-01-12,80804705,C810,D767,1,80804705|C810|D767|2026-01-12|net demand for forecast|024390,2026-01-12,2026-01-14,delivery_shipment
2026-01-12,80804705,C810,D767,1,80804705|C810|D767|2026-01-12|net demand for forecast|024391,2026-01-12,2026-01-14,delivery_shipment
2026-01-12,80804705,C810,D767,1,80804705|C810|D767|2026-01-12|net demand for forecast|024392,2026-01-12,2026-01-14,delivery_shipment
2026-01-12,80807118,C810,D767,1,80807118|C810|D767|2026-01-12|net demand for forecast|024761,2026-01-12,2026-01-14,delivery_shipment
2026-01-12,80807118,C810,D767,1,80807118|C810|D767|2026-01-12|net demand for forecast|024762,2026-01-12,2026-01-14,delivery_shipment
2026-01-12,80807118,C810,D767,1,80807118|C810|D767|2026-01-12|net demand for forecast|024763,2026-01-12,2026-01-14,delivery_shipment
2026-01-12,80807118,C810,D767,1,80807118|C810|D767|2026-01-12|net demand for forecast|024764,2026-01-12,2026-01-14,delivery_shipment
2026-01-12,80812846,C810,D767,5,80812846|C810|D767|2026-01-12|net demand for forecast|024828,2026-01-12,2026-01-14,delivery_shipment
2026-01-12,80812846,C810,D767,5,80812846|C810|D767|2026-01-12|net demand for forecast|024829,2026-01-12,2026-01-14,delivery_shipment
2026-01-12,80812846,C810,D767,5,80812846|C810|D767|2026-01-12|net demand for forecast|024830,2026-01-12,2026-01-14,delivery_shipment
2026-01-12,80812846,C810,D767,5,80812846|C810|D767|2026-01-12|net demand for forecast|024831,2026-01-12,2026-01-14,delivery_shipment
2026-01-12,80848025,C810,D767,1,80848025|C810|D767|2026-01-12|net demand for forecast|024952,2026-01-12,2026-01-14,delivery_shipment
2026-01-12,80848025,C810,D767,1,80848025|C810|D767|2026-01-12|net demand for forecast|024953,2026-01-12,2026-01-14,delivery_shipment
2026-01-12,80848025,C810,D767,1,80848025|C810|D767|2026-01-12|net demand for forecast|024954,2026-01-12,2026-01-14,delivery_shipment
2026-01-12,80848025,C810,D767,1,80848025|C810|D767|2026-01-12|net demand for forecast|024955,2026-01-12,2026-01-14,delivery_shipment
2026-01-12,21098519,C810,D767,2,21098519|C810|D767|2026-01-11|net demand for safety|021840,2026-01-12,2026-01-15,delivery_shipment
2026-01-12,21103371,C810,D767,4,21103371|C810|D767|2026-01-11|net demand for safety|021844,2026-01-12,2026-01-14,delivery_shipment
2026-01-12,21103372,C810,D767,2,21103372|C810|D767|2026-01-11|net demand for safety|021855,2026-01-12,2026-01-14,delivery_shipment
2026-01-12,21128067,C810,D767,3,21128067|C810|D767|2026-01-11|net demand for safety|021985,2026-01-12,2026-01-14,delivery_shipment
2026-01-12,21137866,C810,D767,7,21137866|C810|D767|2026-01-11|net demand for safety|022094,2026-01-12,2026-01-14,delivery_shipment
2026-01-12,21165946,C810,D767,1,21165946|C810|D767|2026-01-11|net demand for safety|022238,2026-01-12,2026-01-14,delivery_shipment
2026-01-12,80804136,C810,D767,40,80804136|C810|D767|2026-01-11|net demand for safety|022864,2026-01-12,2026-01-14,delivery_shipment
2026-01-12,80807100,C810,D767,3,80807100|C810|D767|2026-01-11|net demand for safety|023195,2026-01-12,2026-01-14,delivery_shipment
2026-01-12,80807102,C810,D767,10,80807102|C810|D767|2026-01-11|net demand for safety|023223,2026-01-12,2026-01-14,delivery_shipment
2026-01-12,80807112,C810,D767,3,80807112|C810|D767|2026-01-11|net demand for safety|023260,2026-01-12,2026-01-14,delivery_shipment
2026-01-12,80807113,C810,D767,1,80807113|C810|D767|2026-01-11|net demand for safety|023288,2026-01-12,2026-01-14,delivery_shipment
2026-01-12,80807118,C810,D767,3,80807118|C810|D767|2026-01-11|net demand for safety|023335,2026-01-12,2026-01-14,delivery_shipment
2026-01-12,80812840,C810,D767,10,80812840|C810|D767|2026-01-11|net demand for safety|023373,2026-01-12,2026-01-14,delivery_shipment
2026-01-12,80848028,C810,D767,14,80848028|C810|D767|2026-01-11|net demand for safety|023530,2026-01-12,2026-01-14,delivery_shipment
2026-01-12,21103372,C810,D767,2,21103372|C810|D767|2026-01-12|net demand for safety|023716,2026-01-12,2026-01-14,delivery_shipment
2026-01-12,21128067,C810,D767,9,21128067|C810|D767|2026-01-12|net demand for safety|023766,2026-01-12,2026-01-14,delivery_shipment
2026-01-12,21137866,C810,D767,53,21137866|C810|D767|2026-01-12|net demand for safety|023878,2026-01-12,2026-01-14,delivery_shipment
2026-01-12,21325164,C810,D767,13,21325164|C810|D767|2026-01-12|net demand for safety|024139,2026-01-12,2026-01-14,delivery_shipment
2026-01-12,80804698,C810,D767,11,80804698|C810|D767|2026-01-12|net demand for safety|024316,2026-01-12,2026-01-14,delivery_shipment
2026-01-12,80804705,C810,D767,61,80804705|C810|D767|2026-01-12|net demand for safety|024393,2026-01-12,2026-01-14,delivery_shipment
2026-01-12,80807091,C810,D767,26,80807091|C810|D767|2026-01-12|net demand for safety|024498,2026-01-12,2026-01-14,delivery_shipment
2026-01-12,80807100,C810,D767,1,80807100|C810|D767|2026-01-12|net demand for safety|024531,2026-01-12,2026-01-14,delivery_shipment
2026-01-12,80807113,C810,D767,1,80807113|C810|D767|2026-01-12|net demand for safety|024559,2026-01-12,2026-01-14,delivery_shipment
2026-01-12,80812846,C810,D767,44,80812846|C810|D767|2026-01-12|net demand for safety|024832,2026-01-12,2026-01-14,delivery_shipment
2026-01-12,80848025,C810,D767,11,80848025|C810|D767|2026-01-12|net demand for safety|024956,2026-01-12,2026-01-14,delivery_shipment
2026-01-12,21121756,C810,C937,1,21121756|C810|C937|2026-01-10|net demand for normal|020471,2026-01-12,2026-01-17,delivery_shipment
2026-01-12,80804130,C810,C937,1,80804130|C810|C937|2026-01-10|net demand for normal|020780,2026-01-12,2026-01-17,delivery_shipment
2026-01-12,80804703,C810,C937,1,80804703|C810|C937|2026-01-10|net demand for normal|021056,2026-01-12,2026-01-17,delivery_shipment
2026-01-12,21121756,C810,C937,1,21121756|C810|C937|2026-01-11|net demand for normal|021976,2026-01-12,2026-01-17,delivery_shipment
2026-01-12,80807115,C810,C937,2,80807115|C810|C937|2026-01-11|net demand for normal|023302,2026-01-12,2026-01-17,delivery_shipment
2026-01-12,80807116,C810,C937,4,80807116|C810|C937|2026-01-11|net demand for normal|023314,2026-01-12,2026-01-17,delivery_shipment
2026-01-12,80848028,C810,C937,2,80848028|C810|C937|2026-01-11|net demand for normal|023528,2026-01-12,2026-01-17,delivery_shipment
2026-01-12,21132758,C810,C937,3,21132758|C810|C937|2026-01-12|net demand for normal|023785,2026-01-12,2026-01-17,delivery_shipment
2026-01-12,80805856,C810,C937,1,80805856|C810|C937|2026-01-12|net demand for normal|024478,2026-01-12,2026-01-17,delivery_shipment
2026-01-12,80807116,C810,C937,16,80807116|C810|C937|2026-01-12|net demand for normal|024746,2026-01-12,2026-01-17,delivery_shipment
2026-01-12,21121756,C810,C937,1,21121756|C810|C937|2026-01-10|net demand for forecast|020466,2026-01-12,2026-01-17,delivery_shipment
2026-01-12,21121756,C810,C937,1,21121756|C810|C937|2026-01-10|net demand for forecast|020467,2026-01-12,2026-01-17,delivery_shipment
2026-01-12,21121756,C810,C937,1,21121756|C810|C937|2026-01-10|net demand for forecast|020468,2026-01-12,2026-01-17,delivery_shipment
2026-01-12,21121756,C810,C937,1,21121756|C810|C937|2026-01-10|net demand for forecast|020469,2026-01-12,2026-01-17,delivery_shipment
2026-01-12,21121756,C810,C937,1,21121756|C810|C937|2026-01-10|net demand for forecast|020470,2026-01-12,2026-01-17,delivery_shipment
2026-01-12,21132758,C810,C937,2,21132758|C810|C937|2026-01-10|net demand for forecast|020484,2026-01-12,2026-01-17,delivery_shipment
2026-01-12,21132758,C810,C937,3,21132758|C810|C937|2026-01-10|net demand for forecast|020485,2026-01-12,2026-01-17,delivery_shipment
2026-01-12,21132758,C810,C937,3,21132758|C810|C937|2026-01-10|net demand for forecast|020486,2026-01-12,2026-01-17,delivery_shipment
2026-01-12,21132758,C810,C937,3,21132758|C810|C937|2026-01-10|net demand for forecast|020487,2026-01-12,2026-01-17,delivery_shipment
2026-01-12,21132758,C810,C937,3,21132758|C810|C937|2026-01-10|net demand for forecast|020488,2026-01-12,2026-01-17,delivery_shipment
2026-01-12,21132758,C810,C937,3,21132758|C810|C937|2026-01-10|net demand for forecast|020489,2026-01-12,2026-01-17,delivery_shipment
2026-01-12,21132758,C810,C937,3,21132758|C810|C937|2026-01-10|net demand for forecast|020490,2026-01-12,2026-01-17,delivery_shipment
2026-01-12,21315350,C810,C937,2,21315350|C810|C937|2026-01-10|net demand for forecast|020639,2026-01-12,2026-01-17,delivery_shipment
2026-01-12,21315350,C810,C937,2,21315350|C810|C937|2026-01-10|net demand for forecast|020640,2026-01-12,2026-01-18,delivery_shipment
2026-01-12,21315350,C810,C937,2,21315350|C810|C937|2026-01-10|net demand for forecast|020641,2026-01-12,2026-01-17,delivery_shipment
2026-01-12,21315350,C810,C937,2,21315350|C810|C937|2026-01-10|net demand for forecast|020642,2026-01-12,2026-01-17,delivery_shipment
2026-01-12,21315350,C810,C937,2,21315350|C810|C937|2026-01-10|net demand for forecast|020643,2026-01-12,2026-01-17,delivery_shipment
2026-01-12,21315350,C810,C937,2,21315350|C810|C937|2026-01-10|net demand for forecast|020644,2026-01-12,2026-01-17,delivery_shipment
2026-01-12,21315350,C810,C937,2,21315350|C810|C937|2026-01-10|net demand for forecast|020645,2026-01-12,2026-01-17,delivery_shipment
2026-01-12,80804133,C810,C937,1,80804133|C810|C937|2026-01-10|net demand for forecast|020811,2026-01-12,2026-01-17,delivery_shipment
2026-01-12,80804133,C810,C937,1,80804133|C810|C937|2026-01-10|net demand for forecast|020812,2026-01-12,2026-01-17,delivery_shipment
2026-01-12,80804133,C810,C937,1,80804133|C810|C937|2026-01-10|net demand for forecast|020813,2026-01-12,2026-01-17,delivery_shipment
2026-01-12,80804133,C810,C937,1,80804133|C810|C937|2026-01-10|net demand for forecast|020814,2026-01-12,2026-01-17,delivery_shipment
2026-01-12,80804133,C810,C937,1,80804133|C810|C937|2026-01-10|net demand for forecast|020815,2026-01-12,2026-01-17,delivery_shipment
2026-01-12,80804133,C810,C937,1,80804133|C810|C937|2026-01-10|net demand for forecast|020816,2026-01-12,2026-01-17,delivery_shipment
2026-01-12,80804133,C810,C937,1,80804133|C810|C937|2026-01-10|net demand for forecast|020817,2026-01-12,2026-01-17,delivery_shipment
2026-01-12,80804701,C810,C937,1,80804701|C810|C937|2026-01-10|net demand for forecast|021001,2026-01-12,2026-01-17,delivery_shipment
2026-01-12,80804701,C810,C937,1,80804701|C810|C937|2026-01-10|net demand for forecast|021002,2026-01-12,2026-01-17,delivery_shipment
2026-01-12,80804701,C810,C937,1,80804701|C810|C937|2026-01-10|net demand for forecast|021003,2026-01-12,2026-01-18,delivery_shipment
2026-01-12,80804701,C810,C937,1,80804701|C810|C937|2026-01-10|net demand for forecast|021004,2026-01-12,2026-01-17,delivery_shipment
2026-01-12,80804701,C810,C937,1,80804701|C810|C937|2026-01-10|net demand for forecast|021005,2026-01-12,2026-01-17,delivery_shipment
2026-01-12,80804701,C810,C937,1,80804701|C810|C937|2026-01-10|net demand for forecast|021006,2026-01-12,2026-01-17,delivery_shipment
2026-01-12,80804703,C810,C937,1,80804703|C810|C937|2026-01-10|net demand for forecast|021050,2026-01-12,2026-01-17,delivery_shipment
2026-01-12,80804703,C810,C937,1,80804703|C810|C937|2026-01-10|net demand for forecast|021051,2026-01-12,2026-01-18,delivery_shipment
2026-01-12,80804703,C810,C937,1,80804703|C810|C937|2026-01-10|net demand for forecast|021052,2026-01-12,2026-01-17,delivery_shipment
2026-01-12,80804703,C810,C937,1,80804703|C810|C937|2026-01-10|net demand for forecast|021053,2026-01-12,2026-01-17,delivery_shipment
2026-01-12,80804703,C810,C937,1,80804703|C810|C937|2026-01-10|net demand for forecast|021054,2026-01-12,2026-01-17,delivery_shipment
2026-01-12,80804703,C810,C937,1,80804703|C810|C937|2026-01-10|net demand for forecast|021055,2026-01-12,2026-01-17,delivery_shipment
2026-01-12,80804704,C810,C937,1,80804704|C810|C937|2026-01-10|net demand for forecast|021070,2026-01-12,2026-01-17,delivery_shipment
2026-01-12,80804704,C810,C937,1,80804704|C810|C937|2026-01-10|net demand for forecast|021071,2026-01-12,2026-01-17,delivery_shipment
2026-01-12,80804704,C810,C937,1,80804704|C810|C937|2026-01-10|net demand for forecast|021072,2026-01-12,2026-01-17,delivery_shipment
2026-01-12,80804704,C810,C937,1,80804704|C810|C937|2026-01-10|net demand for forecast|021073,2026-01-12,2026-01-17,delivery_shipment
2026-01-12,80804704,C810,C937,1,80804704|C810|C937|2026-01-10|net demand for forecast|021074,2026-01-12,2026-01-17,delivery_shipment
2026-01-12,80804704,C810,C937,1,80804704|C810|C937|2026-01-10|net demand for forecast|021075,2026-01-12,2026-01-18,delivery_shipment
2026-01-12,80804704,C810,C937,1,80804704|C810|C937|2026-01-10|net demand for forecast|021076,2026-01-12,2026-01-17,delivery_shipment
2026-01-12,80807110,C810,C937,1,80807110|C810|C937|2026-01-10|net demand for forecast|021373,2026-01-12,2026-01-17,delivery_shipment
2026-01-12,80807110,C810,C937,1,80807110|C810|C937|2026-01-10|net demand for forecast|021374,2026-01-12,2026-01-17,delivery_shipment
2026-01-12,80807110,C810,C937,1,80807110|C810|C937|2026-01-10|net demand for forecast|021375,2026-01-12,2026-01-17,delivery_shipment
2026-01-12,80807110,C810,C937,1,80807110|C810|C937|2026-01-10|net demand for forecast|021376,2026-01-12,2026-01-17,delivery_shipment
2026-01-12,80807110,C810,C937,1,80807110|C810|C937|2026-01-10|net demand for forecast|021377,2026-01-12,2026-01-18,delivery_shipment
2026-01-12,80807110,C810,C937,1,80807110|C810|C937|2026-01-10|net demand for forecast|021378,2026-01-12,2026-01-17,delivery_shipment
2026-01-12,80807110,C810,C937,1,80807110|C810|C937|2026-01-10|net demand for forecast|021379,2026-01-12,2026-01-17,delivery_shipment
2026-01-12,80807112,C810,C937,1,80807112|C810|C937|2026-01-10|net demand for forecast|021392,2026-01-12,2026-01-17,delivery_shipment
2026-01-12,80807112,C810,C937,1,80807112|C810|C937|2026-01-10|net demand for forecast|021393,2026-01-12,2026-01-17,delivery_shipment
2026-01-12,80807112,C810,C937,1,80807112|C810|C937|2026-01-10|net demand for forecast|021394,2026-01-12,2026-01-17,delivery_shipment
2026-01-12,80807112,C810,C937,1,80807112|C810|C937|2026-01-10|net demand for forecast|021395,2026-01-12,2026-01-17,delivery_shipment
2026-01-12,80807112,C810,C937,1,80807112|C810|C937|2026-01-10|net demand for forecast|021396,2026-01-12,2026-01-17,delivery_shipment
2026-01-12,80807112,C810,C937,1,80807112|C810|C937|2026-01-10|net demand for forecast|021397,2026-01-12,2026-01-17,delivery_shipment
2026-01-12,80807112,C810,C937,2,80807112|C810|C937|2026-01-10|net demand for forecast|021398,2026-01-12,2026-01-17,delivery_shipment
2026-01-12,80807118,C810,C937,1,80807118|C810|C937|2026-01-10|net demand for forecast|021437,2026-01-12,2026-01-17,delivery_shipment
2026-01-12,80807118,C810,C937,1,80807118|C810|C937|2026-01-10|net demand for forecast|021438,2026-01-12,2026-01-17,delivery_shipment
2026-01-12,80807118,C810,C937,1,80807118|C810|C937|2026-01-10|net demand for forecast|021439,2026-01-12,2026-01-17,delivery_shipment
2026-01-12,80807118,C810,C937,1,80807118|C810|C937|2026-01-10|net demand for forecast|021440,2026-01-12,2026-01-17,delivery_shipment
2026-01-12,80807118,C810,C937,1,80807118|C810|C937|2026-01-10|net demand for forecast|021441,2026-01-12,2026-01-17,delivery_shipment
2026-01-12,80807118,C810,C937,1,80807118|C810|C937|2026-01-10|net demand for forecast|021442,2026-01-12,2026-01-17,delivery_shipment
2026-01-12,80807118,C810,C937,1,80807118|C810|C937|2026-01-10|net demand for forecast|021443,2026-01-12,2026-01-17,delivery_shipment
2026-01-12,80812840,C810,C937,1,80812840|C810|C937|2026-01-10|net demand for forecast|021488,2026-01-12,2026-01-17,delivery_shipment
2026-01-12,80812840,C810,C937,1,80812840|C810|C937|2026-01-10|net demand for forecast|021489,2026-01-12,2026-01-18,delivery_shipment
2026-01-12,80812840,C810,C937,1,80812840|C810|C937|2026-01-10|net demand for forecast|021490,2026-01-12,2026-01-17,delivery_shipment
2026-01-12,80812840,C810,C937,1,80812840|C810|C937|2026-01-10|net demand for forecast|021491,2026-01-12,2026-01-17,delivery_shipment
2026-01-12,80812840,C810,C937,1,80812840|C810|C937|2026-01-10|net demand for forecast|021492,2026-01-12,2026-01-17,delivery_shipment
2026-01-12,80812840,C810,C937,1,80812840|C810|C937|2026-01-10|net demand for forecast|021493,2026-01-12,2026-01-17,delivery_shipment
2026-01-12,80812840,C810,C937,1,80812840|C810|C937|2026-01-10|net demand for forecast|021494,2026-01-12,2026-01-17,delivery_shipment
2026-01-12,80848022,C810,C937,1,80848022|C810|C937|2026-01-10|net demand for forecast|021565,2026-01-12,2026-01-17,delivery_shipment
2026-01-12,80848022,C810,C937,1,80848022|C810|C937|2026-01-10|net demand for forecast|021566,2026-01-12,2026-01-17,delivery_shipment
2026-01-12,80848022,C810,C937,1,80848022|C810|C937|2026-01-10|net demand for forecast|021567,2026-01-12,2026-01-17,delivery_shipment
2026-01-12,80848022,C810,C937,1,80848022|C810|C937|2026-01-10|net demand for forecast|021568,2026-01-12,2026-01-17,delivery_shipment
2026-01-12,80848022,C810,C937,1,80848022|C810|C937|2026-01-10|net demand for forecast|021569,2026-01-12,2026-01-17,delivery_shipment
2026-01-12,80848022,C810,C937,1,80848022|C810|C937|2026-01-10|net demand for forecast|021570,2026-01-12,2026-01-17,delivery_shipment
2026-01-12,80848022,C810,C937,1,80848022|C810|C937|2026-01-10|net demand for forecast|021571,2026-01-12,2026-01-17,delivery_shipment
2026-01-12,80848026,C810,C937,2,80848026|C810|C937|2026-01-10|net demand for forecast|021739,2026-01-12,2026-01-17,delivery_shipment
2026-01-12,80848026,C810,C937,2,80848026|C810|C937|2026-01-10|net demand for forecast|021740,2026-01-12,2026-01-17,delivery_shipment
2026-01-12,80848026,C810,C937,2,80848026|C810|C937|2026-01-10|net demand for forecast|021741,2026-01-12,2026-01-17,delivery_shipment
2026-01-12,80848026,C810,C937,2,80848026|C810|C937|2026-01-10|net demand for forecast|021742,2026-01-12,2026-01-17,delivery_shipment
2026-01-12,80848026,C810,C937,2,80848026|C810|C937|2026-01-10|net demand for forecast|021743,2026-01-12,2026-01-17,delivery_shipment
2026-01-12,80848026,C810,C937,2,80848026|C810|C937|2026-01-10|net demand for forecast|021744,2026-01-12,2026-01-17,delivery_shipment
2026-01-12,80848026,C810,C937,2,80848026|C810|C937|2026-01-10|net demand for forecast|021745,2026-01-12,2026-01-17,delivery_shipment
2026-01-12,21029016,C810,C937,1,21029016|C810|C937|2026-01-11|net demand for forecast|021830,2026-01-12,2026-01-17,delivery_shipment
2026-01-12,21029016,C810,C937,1,21029016|C810|C937|2026-01-11|net demand for forecast|021831,2026-01-12,2026-01-17,delivery_shipment
2026-01-12,21029016,C810,C937,1,21029016|C810|C937|2026-01-11|net demand for forecast|021832,2026-01-12,2026-01-17,delivery_shipment
2026-01-12,21029016,C810,C937,1,21029016|C810|C937|2026-01-11|net demand for forecast|021833,2026-01-12,2026-01-17,delivery_shipment
2026-01-12,21121756,C810,C937,1,21121756|C810|C937|2026-01-11|net demand for forecast|021971,2026-01-12,2026-01-17,delivery_shipment
2026-01-12,21121756,C810,C937,1,21121756|C810|C937|2026-01-11|net demand for forecast|021972,2026-01-12,2026-01-18,delivery_shipment
2026-01-12,21121756,C810,C937,1,21121756|C810|C937|2026-01-11|net demand for forecast|021973,2026-01-12,2026-01-17,delivery_shipment
2026-01-12,21121756,C810,C937,1,21121756|C810|C937|2026-01-11|net demand for forecast|021974,2026-01-12,2026-01-18,delivery_shipment
2026-01-12,21121756,C810,C937,1,21121756|C810|C937|2026-01-11|net demand for forecast|021975,2026-01-12,2026-01-17,delivery_shipment
2026-01-12,21132758,C810,C937,1,21132758|C810|C937|2026-01-11|net demand for forecast|022062,2026-01-12,2026-01-17,delivery_shipment
2026-01-12,21315350,C810,C937,1,21315350|C810|C937|2026-01-11|net demand for forecast|022387,2026-01-12,2026-01-17,delivery_shipment
2026-01-12,21315350,C810,C937,1,21315350|C810|C937|2026-01-11|net demand for forecast|022388,2026-01-12,2026-01-17,delivery_shipment
2026-01-12,21315350,C810,C937,1,21315350|C810|C937|2026-01-11|net demand for forecast|022389,2026-01-12,2026-01-17,delivery_shipment
2026-01-12,21315350,C810,C937,1,21315350|C810|C937|2026-01-11|net demand for forecast|022390,2026-01-12,2026-01-17,delivery_shipment
2026-01-12,21315350,C810,C937,1,21315350|C810|C937|2026-01-11|net demand for forecast|022391,2026-01-12,2026-01-17,delivery_shipment
2026-01-12,21315350,C810,C937,1,21315350|C810|C937|2026-01-11|net demand for forecast|022392,2026-01-12,2026-01-17,delivery_shipment
2026-01-12,21315350,C810,C937,1,21315350|C810|C937|2026-01-11|net demand for forecast|022393,2026-01-12,2026-01-17,delivery_shipment
2026-01-12,80804133,C810,C937,1,80804133|C810|C937|2026-01-11|net demand for forecast|022824,2026-01-12,2026-01-17,delivery_shipment
2026-01-12,80804133,C810,C937,1,80804133|C810|C937|2026-01-11|net demand for forecast|022825,2026-01-12,2026-01-17,delivery_shipment
2026-01-12,80804133,C810,C937,1,80804133|C810|C937|2026-01-11|net demand for forecast|022826,2026-01-12,2026-01-17,delivery_shipment
2026-01-12,80804133,C810,C937,1,80804133|C810|C937|2026-01-11|net demand for forecast|022827,2026-01-12,2026-01-18,delivery_shipment
2026-01-12,80804133,C810,C937,1,80804133|C810|C937|2026-01-11|net demand for forecast|022828,2026-01-12,2026-01-18,delivery_shipment
2026-01-12,80804133,C810,C937,1,80804133|C810|C937|2026-01-11|net demand for forecast|022829,2026-01-12,2026-01-17,delivery_shipment
2026-01-12,80804133,C810,C937,1,80804133|C810|C937|2026-01-11|net demand for forecast|022830,2026-01-12,2026-01-17,delivery_shipment
2026-01-12,80804701,C810,C937,1,80804701|C810|C937|2026-01-11|net demand for forecast|022936,2026-01-12,2026-01-18,delivery_shipment
2026-01-12,80804701,C810,C937,1,80804701|C810|C937|2026-01-11|net demand for forecast|022937,2026-01-12,2026-01-17,delivery_shipment
2026-01-12,80804701,C810,C937,1,80804701|C810|C937|2026-01-11|net demand for forecast|022938,2026-01-12,2026-01-17,delivery_shipment
2026-01-12,80804701,C810,C937,1,80804701|C810|C937|2026-01-11|net demand for forecast|022939,2026-01-12,2026-01-18,delivery_shipment
2026-01-12,80804701,C810,C937,1,80804701|C810|C937|2026-01-11|net demand for forecast|022940,2026-01-12,2026-01-17,delivery_shipment
2026-01-12,80804701,C810,C937,1,80804701|C810|C937|2026-01-11|net demand for forecast|022941,2026-01-12,2026-01-17,delivery_shipment
2026-01-12,80804704,C810,C937,1,80804704|C810|C937|2026-01-11|net demand for forecast|022998,2026-01-12,2026-01-17,delivery_shipment
2026-01-12,80804704,C810,C937,1,80804704|C810|C937|2026-01-11|net demand for forecast|022999,2026-01-12,2026-01-18,delivery_shipment
2026-01-12,80804704,C810,C937,1,80804704|C810|C937|2026-01-11|net demand for forecast|023000,2026-01-12,2026-01-18,delivery_shipment
2026-01-12,80804704,C810,C937,1,80804704|C810|C937|2026-01-11|net demand for forecast|023001,2026-01-12,2026-01-18,delivery_shipment
2026-01-12,80804704,C810,C937,1,80804704|C810|C937|2026-01-11|net demand for forecast|023002,2026-01-12,2026-01-17,delivery_shipment
2026-01-12,80804704,C810,C937,1,80804704|C810|C937|2026-01-11|net demand for forecast|023003,2026-01-12,2026-01-17,delivery_shipment
2026-01-12,80804704,C810,C937,1,80804704|C810|C937|2026-01-11|net demand for forecast|023004,2026-01-12,2026-01-17,delivery_shipment
2026-01-12,80804706,C810,C937,1,80804706|C810|C937|2026-01-11|net demand for forecast|023087,2026-01-12,2026-01-17,delivery_shipment
2026-01-12,80804706,C810,C937,1,80804706|C810|C937|2026-01-11|net demand for forecast|023088,2026-01-12,2026-01-17,delivery_shipment
2026-01-12,80807102,C810,C937,1,80807102|C810|C937|2026-01-11|net demand for forecast|023215,2026-01-12,2026-01-17,delivery_shipment
2026-01-12,80807102,C810,C937,1,80807102|C810|C937|2026-01-11|net demand for forecast|023216,2026-01-12,2026-01-17,delivery_shipment
2026-01-12,80807102,C810,C937,1,80807102|C810|C937|2026-01-11|net demand for forecast|023217,2026-01-12,2026-01-17,delivery_shipment
2026-01-12,80807102,C810,C937,1,80807102|C810|C937|2026-01-11|net demand for forecast|023218,2026-01-12,2026-01-17,delivery_shipment
2026-01-12,80807102,C810,C937,1,80807102|C810|C937|2026-01-11|net demand for forecast|023219,2026-01-12,2026-01-17,delivery_shipment
2026-01-12,80807102,C810,C937,1,80807102|C810|C937|2026-01-11|net demand for forecast|023220,2026-01-12,2026-01-17,delivery_shipment
2026-01-12,80807102,C810,C937,1,80807102|C810|C937|2026-01-11|net demand for forecast|023221,2026-01-12,2026-01-17,delivery_shipment
2026-01-12,80807110,C810,C937,1,80807110|C810|C937|2026-01-11|net demand for forecast|023239,2026-01-12,2026-01-17,delivery_shipment
2026-01-12,80807110,C810,C937,1,80807110|C810|C937|2026-01-11|net demand for forecast|023240,2026-01-12,2026-01-17,delivery_shipment
2026-01-12,80807110,C810,C937,1,80807110|C810|C937|2026-01-11|net demand for forecast|023241,2026-01-12,2026-01-17,delivery_shipment
2026-01-12,80807110,C810,C937,1,80807110|C810|C937|2026-01-11|net demand for forecast|023242,2026-01-12,2026-01-17,delivery_shipment
2026-01-12,80807110,C810,C937,1,80807110|C810|C937|2026-01-11|net demand for forecast|023243,2026-01-12,2026-01-17,delivery_shipment
2026-01-12,80807110,C810,C937,1,80807110|C810|C937|2026-01-11|net demand for forecast|023244,2026-01-12,2026-01-17,delivery_shipment
2026-01-12,80807110,C810,C937,1,80807110|C810|C937|2026-01-11|net demand for forecast|023245,2026-01-12,2026-01-17,delivery_shipment
2026-01-12,80807113,C810,C937,1,80807113|C810|C937|2026-01-11|net demand for forecast|023276,2026-01-12,2026-01-17,delivery_shipment
2026-01-12,80807113,C810,C937,1,80807113|C810|C937|2026-01-11|net demand for forecast|023277,2026-01-12,2026-01-17,delivery_shipment
2026-01-12,80807113,C810,C937,1,80807113|C810|C937|2026-01-11|net demand for forecast|023278,2026-01-12,2026-01-17,delivery_shipment
2026-01-12,80807113,C810,C937,1,80807113|C810|C937|2026-01-11|net demand for forecast|023279,2026-01-12,2026-01-17,delivery_shipment
2026-01-12,80807113,C810,C937,1,80807113|C810|C937|2026-01-11|net demand for forecast|023280,2026-01-12,2026-01-17,delivery_shipment
2026-01-12,80807113,C810,C937,1,80807113|C810|C937|2026-01-11|net demand for forecast|023281,2026-01-12,2026-01-17,delivery_shipment
2026-01-12,80807113,C810,C937,1,80807113|C810|C937|2026-01-11|net demand for forecast|023282,2026-01-12,2026-01-17,delivery_shipment
2026-01-12,80807116,C810,C937,2,80807116|C810|C937|2026-01-11|net demand for forecast|023307,2026-01-12,2026-01-17,delivery_shipment
2026-01-12,80807116,C810,C937,2,80807116|C810|C937|2026-01-11|net demand for forecast|023308,2026-01-12,2026-01-18,delivery_shipment
2026-01-12,80807116,C810,C937,2,80807116|C810|C937|2026-01-11|net demand for forecast|023309,2026-01-12,2026-01-17,delivery_shipment
2026-01-12,80807116,C810,C937,2,80807116|C810|C937|2026-01-11|net demand for forecast|023310,2026-01-12,2026-01-18,delivery_shipment
2026-01-12,80807116,C810,C937,2,80807116|C810|C937|2026-01-11|net demand for forecast|023311,2026-01-12,2026-01-17,delivery_shipment
2026-01-12,80807116,C810,C937,3,80807116|C810|C937|2026-01-11|net demand for forecast|023312,2026-01-12,2026-01-17,delivery_shipment
2026-01-12,80807116,C810,C937,3,80807116|C810|C937|2026-01-11|net demand for forecast|023313,2026-01-12,2026-01-17,delivery_shipment
2026-01-12,80848022,C810,C937,1,80848022|C810|C937|2026-01-11|net demand for forecast|023413,2026-01-12,2026-01-17,delivery_shipment
2026-01-12,80848022,C810,C937,1,80848022|C810|C937|2026-01-11|net demand for forecast|023414,2026-01-12,2026-01-17,delivery_shipment
2026-01-12,80848022,C810,C937,1,80848022|C810|C937|2026-01-11|net demand for forecast|023415,2026-01-12,2026-01-17,delivery_shipment
2026-01-12,80848022,C810,C937,1,80848022|C810|C937|2026-01-11|net demand for forecast|023416,2026-01-12,2026-01-18,delivery_shipment
2026-01-12,80848022,C810,C937,1,80848022|C810|C937|2026-01-11|net demand for forecast|023417,2026-01-12,2026-01-17,delivery_shipment
2026-01-12,80848022,C810,C937,1,80848022|C810|C937|2026-01-11|net demand for forecast|023418,2026-01-12,2026-01-17,delivery_shipment
2026-01-12,80848022,C810,C937,1,80848022|C810|C937|2026-01-11|net demand for forecast|023419,2026-01-12,2026-01-17,delivery_shipment
2026-01-12,80848028,C810,C937,2,80848028|C810|C937|2026-01-11|net demand for forecast|023521,2026-01-12,2026-01-17,delivery_shipment
2026-01-12,80848028,C810,C937,2,80848028|C810|C937|2026-01-11|net demand for forecast|023522,2026-01-12,2026-01-17,delivery_shipment
2026-01-12,80848028,C810,C937,3,80848028|C810|C937|2026-01-11|net demand for forecast|023523,2026-01-12,2026-01-17,delivery_shipment
2026-01-12,80848028,C810,C937,3,80848028|C810|C937|2026-01-11|net demand for forecast|023524,2026-01-12,2026-01-17,delivery_shipment
2026-01-12,80848028,C810,C937,3,80848028|C810|C937|2026-01-11|net demand for forecast|023525,2026-01-12,2026-01-17,delivery_shipment
2026-01-12,80848028,C810,C937,3,80848028|C810|C937|2026-01-11|net demand for forecast|023526,2026-01-12,2026-01-17,delivery_shipment
2026-01-12,80848028,C810,C937,3,80848028|C810|C937|2026-01-11|net demand for forecast|023527,2026-01-12,2026-01-17,delivery_shipment
2026-01-12,80804132,C810,C937,1,80804132|C810|C937|2026-01-12|net demand for forecast|024211,2026-01-12,2026-01-17,delivery_shipment
2026-01-12,80804132,C810,C937,1,80804132|C810|C937|2026-01-12|net demand for forecast|024212,2026-01-12,2026-01-17,delivery_shipment
2026-01-12,80804132,C810,C937,1,80804132|C810|C937|2026-01-12|net demand for forecast|024213,2026-01-12,2026-01-18,delivery_shipment
2026-01-12,80804132,C810,C937,1,80804132|C810|C937|2026-01-12|net demand for forecast|024214,2026-01-12,2026-01-17,delivery_shipment
2026-01-12,80804132,C810,C937,1,80804132|C810|C937|2026-01-12|net demand for forecast|024215,2026-01-12,2026-01-17,delivery_shipment
2026-01-12,80804132,C810,C937,1,80804132|C810|C937|2026-01-12|net demand for forecast|024216,2026-01-12,2026-01-17,delivery_shipment
2026-01-12,80804132,C810,C937,1,80804132|C810|C937|2026-01-12|net demand for forecast|024217,2026-01-12,2026-01-17,delivery_shipment
2026-01-12,80804698,C810,C937,1,80804698|C810|C937|2026-01-12|net demand for forecast|024306,2026-01-12,2026-01-18,delivery_shipment
2026-01-12,80804698,C810,C937,1,80804698|C810|C937|2026-01-12|net demand for forecast|024307,2026-01-12,2026-01-17,delivery_shipment
2026-01-12,80804698,C810,C937,1,80804698|C810|C937|2026-01-12|net demand for forecast|024308,2026-01-12,2026-01-17,delivery_shipment
2026-01-12,80804698,C810,C937,1,80804698|C810|C937|2026-01-12|net demand for forecast|024309,2026-01-12,2026-01-17,delivery_shipment
2026-01-12,80804705,C810,C937,2,80804705|C810|C937|2026-01-12|net demand for forecast|024381,2026-01-12,2026-01-17,delivery_shipment
2026-01-12,80804705,C810,C937,2,80804705|C810|C937|2026-01-12|net demand for forecast|024382,2026-01-12,2026-01-18,delivery_shipment
2026-01-12,80804705,C810,C937,2,80804705|C810|C937|2026-01-12|net demand for forecast|024383,2026-01-12,2026-01-17,delivery_shipment
2026-01-12,80804705,C810,C937,2,80804705|C810|C937|2026-01-12|net demand for forecast|024384,2026-01-12,2026-01-17,delivery_shipment
2026-01-12,80804705,C810,C937,2,80804705|C810|C937|2026-01-12|net demand for forecast|024385,2026-01-12,2026-01-17,delivery_shipment
2026-01-12,80804705,C810,C937,2,80804705|C810|C937|2026-01-12|net demand for forecast|024386,2026-01-12,2026-01-18,delivery_shipment
2026-01-12,80804705,C810,C937,2,80804705|C810|C937|2026-01-12|net demand for forecast|024387,2026-01-12,2026-01-17,delivery_shipment
2026-01-12,80812846,C810,C937,1,80812846|C810|C937|2026-01-12|net demand for forecast|024820,2026-01-12,2026-01-18,delivery_shipment
2026-01-12,80812846,C810,C937,1,80812846|C810|C937|2026-01-12|net demand for forecast|024821,2026-01-12,2026-01-17,delivery_shipment
2026-01-12,80812846,C810,C937,1,80812846|C810|C937|2026-01-12|net demand for forecast|024822,2026-01-12,2026-01-17,delivery_shipment
2026-01-12,80812846,C810,C937,1,80812846|C810|C937|2026-01-12|net demand for forecast|024823,2026-01-12,2026-01-17,delivery_shipment
2026-01-12,80812846,C810,C937,1,80812846|C810|C937|2026-01-12|net demand for forecast|024824,2026-01-12,2026-01-17,delivery_shipment
2026-01-12,80812846,C810,C937,1,80812846|C810|C937|2026-01-12|net demand for forecast|024825,2026-01-12,2026-01-17,delivery_shipment
2026-01-12,80812846,C810,C937,1,80812846|C810|C937|2026-01-12|net demand for forecast|024826,2026-01-12,2026-01-17,delivery_shipment
2026-01-12,80848025,C810,C937,1,80848025|C810|C937|2026-01-12|net demand for forecast|024944,2026-01-12,2026-01-17,delivery_shipment
2026-01-12,80848025,C810,C937,1,80848025|C810|C937|2026-01-12|net demand for forecast|024945,2026-01-12,2026-01-17,delivery_shipment
2026-01-12,80848025,C810,C937,1,80848025|C810|C937|2026-01-12|net demand for forecast|024946,2026-01-12,2026-01-17,delivery_shipment
2026-01-12,80848025,C810,C937,1,80848025|C810|C937|2026-01-12|net demand for forecast|024947,2026-01-12,2026-01-17,delivery_shipment
2026-01-12,80848025,C810,C937,1,80848025|C810|C937|2026-01-12|net demand for forecast|024948,2026-01-12,2026-01-18,delivery_shipment
2026-01-12,80848025,C810,C937,1,80848025|C810|C937|2026-01-12|net demand for forecast|024949,2026-01-12,2026-01-17,delivery_shipment
2026-01-12,80848025,C810,C937,2,80848025|C810|C937|2026-01-12|net demand for forecast|024950,2026-01-12,2026-01-18,delivery_shipment
2026-01-12,21098519,C810,C937,4,21098519|C810|C937|2026-01-10|net demand for safety|020441,2026-01-12,2026-01-18,delivery_shipment
2026-01-12,21103372,C810,C937,3,21103372|C810|C937|2026-01-10|net demand for safety|020455,2026-01-12,2026-01-17,delivery_shipment
2026-01-12,21121756,C810,C937,4,21121756|C810|C937|2026-01-10|net demand for safety|020472,2026-01-12,2026-01-17,delivery_shipment
2026-01-12,21128067,C810,C937,13,21128067|C810|C937|2026-01-10|net demand for safety|020480,2026-01-12,2026-01-17,delivery_shipment
2026-01-12,21143103,C810,C937,1,21143103|C810|C937|2026-01-10|net demand for safety|020559,2026-01-12,2026-01-17,delivery_shipment
2026-01-12,21165868,C810,C937,1,21165868|C810|C937|2026-01-10|net demand for safety|020604,2026-01-12,2026-01-17,delivery_shipment
2026-01-12,21275914,C810,C937,1,21275914|C810|C937|2026-01-10|net demand for safety|020618,2026-01-12,2026-01-17,delivery_shipment
2026-01-12,80804703,C810,C937,1,80804703|C810|C937|2026-01-10|net demand for safety|021057,2026-01-12,2026-01-17,delivery_shipment
2026-01-12,80804706,C810,C937,1,80804706|C810|C937|2026-01-10|net demand for safety|021233,2026-01-12,2026-01-17,delivery_shipment
2026-01-12,80807112,C810,C937,20,80807112|C810|C937|2026-01-10|net demand for safety|021399,2026-01-12,2026-01-17,delivery_shipment
2026-01-12,80807113,C810,C937,22,80807113|C810|C937|2026-01-10|net demand for safety|021409,2026-01-12,2026-01-17,delivery_shipment
2026-01-12,80807118,C810,C937,13,80807118|C810|C937|2026-01-10|net demand for safety|021444,2026-01-12,2026-01-17,delivery_shipment
2026-01-12,80812840,C810,C937,4,80812840|C810|C937|2026-01-10|net demand for safety|021495,2026-01-12,2026-01-17,delivery_shipment
2026-01-12,21098519,C810,C937,3,21098519|C810|C937|2026-01-11|net demand for safety|021839,2026-01-12,2026-01-17,delivery_shipment
2026-01-12,21103371,C810,C937,10,21103371|C810|C937|2026-01-11|net demand for safety|021843,2026-01-12,2026-01-17,delivery_shipment
2026-01-12,21103372,C810,C937,7,21103372|C810|C937|2026-01-11|net demand for safety|021854,2026-01-12,2026-01-17,delivery_shipment
2026-01-12,21128067,C810,C937,2,21128067|C810|C937|2026-01-11|net demand for safety|021984,2026-01-12,2026-01-17,delivery_shipment
2026-01-12,21137866,C810,C937,1,21137866|C810|C937|2026-01-11|net demand for safety|022088,2026-01-12,2026-01-18,delivery_shipment
2026-01-12,21139445,C810,C937,1,21139445|C810|C937|2026-01-11|net demand for safety|022106,2026-01-12,2026-01-17,delivery_shipment
2026-01-12,21165868,C810,C937,1,21165868|C810|C937|2026-01-11|net demand for safety|022236,2026-01-12,2026-01-17,delivery_shipment
2026-01-12,80804706,C810,C937,2,80804706|C810|C937|2026-01-11|net demand for safety|023089,2026-01-12,2026-01-17,delivery_shipment
2026-01-12,80807102,C810,C937,2,80807102|C810|C937|2026-01-11|net demand for safety|023222,2026-01-12,2026-01-17,delivery_shipment
2026-01-12,80807113,C810,C937,3,80807113|C810|C937|2026-01-11|net demand for safety|023283,2026-01-12,2026-01-17,delivery_shipment
2026-01-12,80848028,C810,C937,27,80848028|C810|C937|2026-01-11|net demand for safety|023529,2026-01-12,2026-01-17,delivery_shipment
2026-01-12,21098519,C810,C937,4,21098519|C810|C937|2026-01-12|net demand for safety|023711,2026-01-12,2026-01-17,delivery_shipment
2026-01-12,21103372,C810,C937,2,21103372|C810|C937|2026-01-12|net demand for safety|023715,2026-01-12,2026-01-17,delivery_shipment
2026-01-12,21137866,C810,C937,18,21137866|C810|C937|2026-01-12|net demand for safety|023872,2026-01-12,2026-01-17,delivery_shipment
2026-01-12,21165946,C810,C937,2,21165946|C810|C937|2026-01-12|net demand for safety|024049,2026-01-12,2026-01-17,delivery_shipment
2026-01-12,21176384,C810,C937,1,21176384|C810|C937|2026-01-12|net demand for safety|024056,2026-01-12,2026-01-17,delivery_shipment
2026-01-12,21275914,C810,C937,2,21275914|C810|C937|2026-01-12|net demand for safety|024075,2026-01-12,2026-01-17,delivery_shipment
2026-01-12,80804698,C810,C937,6,80804698|C810|C937|2026-01-12|net demand for safety|024310,2026-01-12,2026-01-17,delivery_shipment
2026-01-12,80804705,C810,C937,33,80804705|C810|C937|2026-01-12|net demand for safety|024388,2026-01-12,2026-01-17,delivery_shipment
2026-01-12,80807091,C810,C937,15,80807091|C810|C937|2026-01-12|net demand for safety|024497,2026-01-12,2026-01-17,delivery_shipment
2026-01-12,80807093,C810,C937,1,80807093|C810|C937|2026-01-12|net demand for safety|024511,2026-01-12,2026-01-17,delivery_shipment
2026-01-12,80812846,C810,C937,21,80812846|C810|C937|2026-01-12|net demand for safety|024827,2026-01-12,2026-01-17,delivery_shipment
2026-01-12,80848025,C810,C937,12,80848025|C810|C937|2026-01-12|net demand for safety|024951,2026-01-12,2026-01-17,delivery_shipment
2026-01-12,21325164,0386,A668,1,21325164|0386|A668|2026-01-12|net demand for normal|024132,2026-01-12,2026-01-17,delivery_shipment
2026-01-12,80807116,0386,A668,8,80807116|0386|A668|2026-01-12|net demand for forecast|024577,2026-01-12,2026-01-17,delivery_shipment
2026-01-12,80807116,0386,A668,11,80807116|0386|A668|2026-01-12|net demand for forecast|024578,2026-01-12,2026-01-17,delivery_shipment
2026-01-12,80807116,0386,A668,18,80807116|0386|A668|2026-01-12|net demand for forecast|024579,2026-01-12,2026-01-17,delivery_shipment
2026-01-12,80807116,0386,A668,21,80807116|0386|A668|2026-01-12|net demand for forecast|024580,2026-01-12,2026-01-17,delivery_shipment
2026-01-12,80807116,0386,A668,23,80807116|0386|A668|2026-01-12|net demand for forecast|024581,2026-01-12,2026-01-17,delivery_shipment
2026-01-12,80807116,0386,A668,23,80807116|0386|A668|2026-01-12|net demand for forecast|024582,2026-01-12,2026-01-17,delivery_shipment
2026-01-12,80807116,0386,A668,24,80807116|0386|A668|2026-01-12|net demand for forecast|024583,2026-01-12,2026-01-17,delivery_shipment
2026-01-12,80807116,0386,A668,24,80807116|0386|A668|2026-01-12|net demand for forecast|024584,2026-01-12,2026-01-17,delivery_shipment
2026-01-12,80807116,0386,A668,24,80807116|0386|A668|2026-01-12|net demand for forecast|024585,2026-01-12,2026-01-17,delivery_shipment
2026-01-12,80807116,0386,A668,24,80807116|0386|A668|2026-01-12|net demand for forecast|024586,2026-01-12,2026-01-17,delivery_shipment
2026-01-12,80848027,0386,A668,1,80848027|0386|A668|2026-01-12|net demand for forecast|025034,2026-01-12,2026-01-17,delivery_shipment
2026-01-12,80848027,0386,A668,1,80848027|0386|A668|2026-01-12|net demand for forecast|025035,2026-01-12,2026-01-17,delivery_shipment
2026-01-12,80848027,0386,A668,1,80848027|0386|A668|2026-01-12|net demand for forecast|025036,2026-01-12,2026-01-17,delivery_shipment
2026-01-12,80848027,0386,A668,1,80848027|0386|A668|2026-01-12|net demand for forecast|025037,2026-01-12,2026-01-17,delivery_shipment
2026-01-12,80848027,0386,A668,1,80848027|0386|A668|2026-01-12|net demand for forecast|025038,2026-01-12,2026-01-17,delivery_shipment
2026-01-12,21128377,0386,A668,50,21128377|0386|A668|2026-01-12|net demand for safety|023768,2026-01-12,2026-01-17,delivery_shipment
2026-01-12,21132988,0386,A668,19,21132988|0386|A668|2026-01-12|net demand for safety|023791,2026-01-12,2026-01-17,delivery_shipment
2026-01-12,21141769,0386,A668,32,21141769|0386|A668|2026-01-12|net demand for safety|023897,2026-01-12,2026-01-17,delivery_shipment
2026-01-12,21143102,0386,A668,3,21143102|0386|A668|2026-01-12|net demand for safety|024002,2026-01-12,2026-01-17,delivery_shipment
2026-01-12,21255844,0386,A668,10,21255844|0386|A668|2026-01-12|net demand for safety|024058,2026-01-12,2026-01-17,delivery_shipment
2026-01-12,80807116,0386,A668,218,80807116|0386|A668|2026-01-12|net demand for safety|024587,2026-01-12,2026-01-17,delivery_shipment
2026-01-12,80848027,0386,A668,4,80848027|0386|A668|2026-01-12|net demand for safety|025039,2026-01-12,2026-01-17,delivery_shipment
2026-01-12,21113405,0386,A668,100,21113405|0386|A668|2026-01-12|push replenishment|023726,2026-01-12,2026-01-17,delivery_shipment
2026-01-12,21128377,0386,A668,64,21128377|0386|A668|2026-01-12|push replenishment|023769,2026-01-12,2026-01-17,delivery_shipment
2026-01-12,21141769,0386,A668,12,21141769|0386|A668|2026-01-12|push replenishment|023898,2026-01-12,2026-01-17,delivery_shipment
2026-01-12,21143102,0386,A668,87,21143102|0386|A668|2026-01-12|push replenishment|024003,2026-01-12,2026-01-17,delivery_shipment
2026-01-12,21255844,0386,A668,126,21255844|0386|A668|2026-01-12|push replenishment|024059,2026-01-12,2026-01-17,delivery_shipment
2026-01-12,80804138,0386,A668,51,80804138|0386|A668|2026-01-12|push replenishment|024273,2026-01-12,2026-01-17,delivery_shipment
2026-01-12,80807116,0386,A668,279,80807116|0386|A668|2026-01-12|push replenishment|024588,2026-01-12,2026-01-17,delivery_shipment
2026-01-12,80848027,0386,A668,42,80848027|0386|A668|2026-01-12|push replenishment|025040,2026-01-12,2026-01-17,delivery_shipment
2026-01-12,80848027,0386,A672,1,80848027|0386|A672|2026-01-12|net demand for normal|025053,2026-01-12,2026-01-20,delivery_shipment
2026-01-12,21325164,0386,A672,2,21325164|0386|A672|2026-01-12|net demand for net demand for normal|024133,2026-01-12,2026-01-19,delivery_shipment
2026-01-12,80807096,0386,A672,1,80807096|0386|A672|2026-01-12|net demand for net demand for normal|024529,2026-01-12,2026-01-19,delivery_shipment
2026-01-12,80807096,0386,A672,1,80807096|0386|A672|2026-01-12|net demand for AO|024526,2026-01-12,2026-01-19,delivery_shipment
2026-01-12,80807096,0386,A672,1,80807096|0386|A672|2026-01-12|net demand for AO|024527,2026-01-12,2026-01-19,delivery_shipment
2026-01-12,80807096,0386,A672,1,80807096|0386|A672|2026-01-12|net demand for AO|024528,2026-01-12,2026-01-19,delivery_shipment
2026-01-12,80807116,0386,A672,23,80807116|0386|A672|2026-01-12|net demand for forecast|024589,2026-01-12,2026-01-19,delivery_shipment
2026-01-12,80807116,0386,A672,33,80807116|0386|A672|2026-01-12|net demand for forecast|024590,2026-01-12,2026-01-19,delivery_shipment
2026-01-12,80807116,0386,A672,34,80807116|0386|A672|2026-01-12|net demand for forecast|024591,2026-01-12,2026-01-19,delivery_shipment
2026-01-12,80807116,0386,A672,35,80807116|0386|A672|2026-01-12|net demand for forecast|024592,2026-01-12,2026-01-20,delivery_shipment
2026-01-12,80807116,0386,A672,35,80807116|0386|A672|2026-01-12|net demand for forecast|024593,2026-01-12,2026-01-19,delivery_shipment
2026-01-12,80807116,0386,A672,35,80807116|0386|A672|2026-01-12|net demand for forecast|024594,2026-01-12,2026-01-19,delivery_shipment
2026-01-12,80807116,0386,A672,35,80807116|0386|A672|2026-01-12|net demand for forecast|024595,2026-01-12,2026-01-20,delivery_shipment
2026-01-12,80807116,0386,A672,35,80807116|0386|A672|2026-01-12|net demand for forecast|024596,2026-01-12,2026-01-19,delivery_shipment
2026-01-12,80807116,0386,A672,35,80807116|0386|A672|2026-01-12|net demand for forecast|024597,2026-01-12,2026-01-20,delivery_shipment
2026-01-12,80807116,0386,A672,35,80807116|0386|A672|2026-01-12|net demand for forecast|024598,2026-01-12,2026-01-19,delivery_shipment
2026-01-12,80807116,0386,A672,35,80807116|0386|A672|2026-01-12|net demand for forecast|024599,2026-01-12,2026-01-19,delivery_shipment
2026-01-12,80807116,0386,A672,35,80807116|0386|A672|2026-01-12|net demand for forecast|024600,2026-01-12,2026-01-19,delivery_shipment
2026-01-12,80848027,0386,A672,1,80848027|0386|A672|2026-01-12|net demand for forecast|025041,2026-01-12,2026-01-19,delivery_shipment
2026-01-12,80848027,0386,A672,2,80848027|0386|A672|2026-01-12|net demand for forecast|025042,2026-01-12,2026-01-19,delivery_shipment
2026-01-12,80848027,0386,A672,2,80848027|0386|A672|2026-01-12|net demand for forecast|025043,2026-01-12,2026-01-19,delivery_shipment
2026-01-12,80848027,0386,A672,2,80848027|0386|A672|2026-01-12|net demand for forecast|025044,2026-01-12,2026-01-19,delivery_shipment
2026-01-12,80848027,0386,A672,2,80848027|0386|A672|2026-01-12|net demand for forecast|025045,2026-01-12,2026-01-19,delivery_shipment
2026-01-12,80848027,0386,A672,2,80848027|0386|A672|2026-01-12|net demand for forecast|025046,2026-01-12,2026-01-19,delivery_shipment
2026-01-12,80848027,0386,A672,2,80848027|0386|A672|2026-01-12|net demand for forecast|025047,2026-01-12,2026-01-19,delivery_shipment
2026-01-12,80848027,0386,A672,2,80848027|0386|A672|2026-01-12|net demand for forecast|025048,2026-01-12,2026-01-20,delivery_shipment
2026-01-12,80848027,0386,A672,2,80848027|0386|A672|2026-01-12|net demand for forecast|025049,2026-01-12,2026-01-20,delivery_shipment
2026-01-12,80848027,0386,A672,2,80848027|0386|A672|2026-01-12|net demand for forecast|025050,2026-01-12,2026-01-19,delivery_shipment
2026-01-12,80848027,0386,A672,2,80848027|0386|A672|2026-01-12|net demand for forecast|025051,2026-01-12,2026-01-19,delivery_shipment
2026-01-12,80848027,0386,A672,2,80848027|0386|A672|2026-01-12|net demand for forecast|025052,2026-01-12,2026-01-19,delivery_shipment
2026-01-12,80807116,0386,A672,1,80807116|0386|A672|2026-01-12|net demand for net demand for forecast|024601,2026-01-12,2026-01-19,delivery_shipment
2026-01-12,80807116,0386,A672,1,80807116|0386|A672|2026-01-12|net demand for net demand for forecast|024602,2026-01-12,2026-01-19,delivery_shipment
2026-01-12,80807116,0386,A672,1,80807116|0386|A672|2026-01-12|net demand for net demand for forecast|024603,2026-01-12,2026-01-19,delivery_shipment
2026-01-12,80807116,0386,A672,1,80807116|0386|A672|2026-01-12|net demand for net demand for forecast|024604,2026-01-12,2026-01-19,delivery_shipment
2026-01-12,80807116,0386,A672,1,80807116|0386|A672|2026-01-12|net demand for net demand for forecast|024605,2026-01-12,2026-01-19,delivery_shipment
2026-01-12,80807116,0386,A672,1,80807116|0386|A672|2026-01-12|net demand for net demand for forecast|024606,2026-01-12,2026-01-19,delivery_shipment
2026-01-12,80807116,0386,A672,1,80807116|0386|A672|2026-01-12|net demand for net demand for forecast|024607,2026-01-12,2026-01-19,delivery_shipment
2026-01-12,80807116,0386,A672,1,80807116|0386|A672|2026-01-12|net demand for net demand for forecast|024608,2026-01-12,2026-01-19,delivery_shipment
2026-01-12,80807116,0386,A672,1,80807116|0386|A672|2026-01-12|net demand for net demand for forecast|024609,2026-01-12,2026-01-20,delivery_shipment
2026-01-12,80807116,0386,A672,2,80807116|0386|A672|2026-01-12|net demand for net demand for forecast|024610,2026-01-12,2026-01-19,delivery_shipment
2026-01-12,80807116,0386,A672,4,80807116|0386|A672|2026-01-12|net demand for net demand for forecast|024611,2026-01-12,2026-01-19,delivery_shipment
2026-01-12,80807116,0386,A672,4,80807116|0386|A672|2026-01-12|net demand for net demand for forecast|024612,2026-01-12,2026-01-19,delivery_shipment
2026-01-12,80807116,0386,A672,4,80807116|0386|A672|2026-01-12|net demand for net demand for forecast|024613,2026-01-12,2026-01-19,delivery_shipment
2026-01-12,80807116,0386,A672,4,80807116|0386|A672|2026-01-12|net demand for net demand for forecast|024614,2026-01-12,2026-01-19,delivery_shipment
2026-01-12,80807116,0386,A672,4,80807116|0386|A672|2026-01-12|net demand for net demand for forecast|024615,2026-01-12,2026-01-19,delivery_shipment
2026-01-12,80807116,0386,A672,4,80807116|0386|A672|2026-01-12|net demand for net demand for forecast|024616,2026-01-12,2026-01-19,delivery_shipment
2026-01-12,21128377,0386,A672,199,21128377|0386|A672|2026-01-12|net demand for safety|023770,2026-01-12,2026-01-19,delivery_shipment
2026-01-12,21132988,0386,A672,44,21132988|0386|A672|2026-01-12|net demand for safety|023792,2026-01-12,2026-01-19,delivery_shipment
2026-01-12,21141769,0386,A672,270,21141769|0386|A672|2026-01-12|net demand for safety|023901,2026-01-12,2026-01-19,delivery_shipment
2026-01-12,21255844,0386,A672,11,21255844|0386|A672|2026-01-12|net demand for safety|024060,2026-01-12,2026-01-20,delivery_shipment
2026-01-12,80804138,0386,A672,95,80804138|0386|A672|2026-01-12|net demand for safety|024275,2026-01-12,2026-01-19,delivery_shipment
2026-01-12,80807116,0386,A672,369,80807116|0386|A672|2026-01-12|net demand for safety|024620,2026-01-12,2026-01-19,delivery_shipment
2026-01-12,80848027,0386,A672,21,80848027|0386|A672|2026-01-12|net demand for safety|025054,2026-01-12,2026-01-20,delivery_shipment
2026-01-12,21141769,0386,A672,5,21141769|0386|A672|2026-01-12|net demand for net demand for safety|023899,2026-01-12,2026-01-19,delivery_shipment
2026-01-12,21141769,0386,A672,7,21141769|0386|A672|2026-01-12|net demand for net demand for safety|023900,2026-01-12,2026-01-19,delivery_shipment
2026-01-12,80804138,0386,A672,1,80804138|0386|A672|2026-01-12|net demand for net demand for safety|024274,2026-01-12,2026-01-19,delivery_shipment
2026-01-12,80807116,0386,A672,4,80807116|0386|A672|2026-01-12|net demand for net demand for safety|024617,2026-01-12,2026-01-19,delivery_shipment
2026-01-12,80807116,0386,A672,49,80807116|0386|A672|2026-01-12|net demand for net demand for safety|024618,2026-01-12,2026-01-20,delivery_shipment
2026-01-12,80807116,0386,A672,58,80807116|0386|A672|2026-01-12|net demand for net demand for safety|024619,2026-01-12,2026-01-19,delivery_shipment
2026-01-12,80812099,0386,A672,1,80812099|0386|A672|2026-01-12|net demand for net demand for safety|024771,2026-01-12,2026-01-19,delivery_shipment
2026-01-12,21113405,0386,A672,161,21113405|0386|A672|2026-01-12|push replenishment|023727,2026-01-12,2026-01-19,delivery_shipment
2026-01-12,21128377,0386,A672,188,21128377|0386|A672|2026-01-12|push replenishment|023771,2026-01-12,2026-01-19,delivery_shipment
2026-01-12,21141769,0386,A672,53,21141769|0386|A672|2026-01-12|push replenishment|023902,2026-01-12,2026-01-19,delivery_shipment
2026-01-12,21143102,0386,A672,254,21143102|0386|A672|2026-01-12|push replenishment|024004,2026-01-12,2026-01-19,delivery_shipment
2026-01-12,21255844,0386,A672,158,21255844|0386|A672|2026-01-12|push replenishment|024061,2026-01-12,2026-01-19,delivery_shipment
2026-01-12,80804138,0386,A672,483,80804138|0386|A672|2026-01-12|push replenishment|024276,2026-01-12,2026-01-19,delivery_shipment
2026-01-12,80807116,0386,A672,471,80807116|0386|A672|2026-01-12|push replenishment|024621,2026-01-12,2026-01-19,delivery_shipment
2026-01-12,80848027,0386,A672,221,80848027|0386|A672|2026-01-12|push replenishment|025055,2026-01-12,2026-01-20,delivery_shipment
2026-01-12,80848027,0386,A673,1,80848027|0386|A673|2026-01-12|net demand for normal|025072,2026-01-12,2026-01-17,delivery_shipment
2026-01-12,80804127,0386,A673,1,80804127|0386|A673|2026-01-12|net demand for net demand for normal|024175,2026-01-12,2026-01-17,delivery_shipment
2026-01-12,80848027,0386,A673,1,80848027|0386|A673|2026-01-12|net demand for net demand for normal|025070,2026-01-12,2026-01-17,delivery_shipment
2026-01-12,21141769,0386,A673,3,21141769|0386|A673|2026-01-12|net demand for forecast|023903,2026-01-12,2026-01-17,delivery_shipment
2026-01-12,21141769,0386,A673,3,21141769|0386|A673|2026-01-12|net demand for forecast|023904,2026-01-12,2026-01-17,delivery_shipment
2026-01-12,21141769,0386,A673,3,21141769|0386|A673|2026-01-12|net demand for forecast|023905,2026-01-12,2026-01-17,delivery_shipment
2026-01-12,21141769,0386,A673,3,21141769|0386|A673|2026-01-12|net demand for forecast|023906,2026-01-12,2026-01-17,delivery_shipment
2026-01-12,21141769,0386,A673,3,21141769|0386|A673|2026-01-12|net demand for forecast|023907,2026-01-12,2026-01-17,delivery_shipment
2026-01-12,21141769,0386,A673,3,21141769|0386|A673|2026-01-12|net demand for forecast|023908,2026-01-12,2026-01-17,delivery_shipment
2026-01-12,21141769,0386,A673,3,21141769|0386|A673|2026-01-12|net demand for forecast|023909,2026-01-12,2026-01-18,delivery_shipment
2026-01-12,21141769,0386,A673,3,21141769|0386|A673|2026-01-12|net demand for forecast|023910,2026-01-12,2026-01-17,delivery_shipment
2026-01-12,21141769,0386,A673,3,21141769|0386|A673|2026-01-12|net demand for forecast|023911,2026-01-12,2026-01-17,delivery_shipment
2026-01-12,21141769,0386,A673,3,21141769|0386|A673|2026-01-12|net demand for forecast|023912,2026-01-12,2026-01-17,delivery_shipment
2026-01-12,80807116,0386,A673,7,80807116|0386|A673|2026-01-12|net demand for forecast|024622,2026-01-12,2026-01-17,delivery_shipment
2026-01-12,80807116,0386,A673,9,80807116|0386|A673|2026-01-12|net demand for forecast|024623,2026-01-12,2026-01-17,delivery_shipment
2026-01-12,80807116,0386,A673,14,80807116|0386|A673|2026-01-12|net demand for forecast|024624,2026-01-12,2026-01-17,delivery_shipment
2026-01-12,80807116,0386,A673,14,80807116|0386|A673|2026-01-12|net demand for forecast|024625,2026-01-12,2026-01-17,delivery_shipment
2026-01-12,80807116,0386,A673,14,80807116|0386|A673|2026-01-12|net demand for forecast|024626,2026-01-12,2026-01-17,delivery_shipment
2026-01-12,80807116,0386,A673,14,80807116|0386|A673|2026-01-12|net demand for forecast|024627,2026-01-12,2026-01-17,delivery_shipment
2026-01-12,80807116,0386,A673,14,80807116|0386|A673|2026-01-12|net demand for forecast|024628,2026-01-12,2026-01-17,delivery_shipment
2026-01-12,80807116,0386,A673,14,80807116|0386|A673|2026-01-12|net demand for forecast|024629,2026-01-12,2026-01-17,delivery_shipment
2026-01-12,80807116,0386,A673,14,80807116|0386|A673|2026-01-12|net demand for forecast|024630,2026-01-12,2026-01-17,delivery_shipment
2026-01-12,80848027,0386,A673,1,80848027|0386|A673|2026-01-12|net demand for forecast|025056,2026-01-12,2026-01-17,delivery_shipment
2026-01-12,80848027,0386,A673,1,80848027|0386|A673|2026-01-12|net demand for forecast|025057,2026-01-12,2026-01-17,delivery_shipment
2026-01-12,80848027,0386,A673,2,80848027|0386|A673|2026-01-12|net demand for forecast|025058,2026-01-12,2026-01-17,delivery_shipment
2026-01-12,80848027,0386,A673,2,80848027|0386|A673|2026-01-12|net demand for forecast|025059,2026-01-12,2026-01-17,delivery_shipment
2026-01-12,80848027,0386,A673,2,80848027|0386|A673|2026-01-12|net demand for forecast|025060,2026-01-12,2026-01-17,delivery_shipment
2026-01-12,80848027,0386,A673,2,80848027|0386|A673|2026-01-12|net demand for forecast|025061,2026-01-12,2026-01-17,delivery_shipment
2026-01-12,80848027,0386,A673,2,80848027|0386|A673|2026-01-12|net demand for forecast|025062,2026-01-12,2026-01-17,delivery_shipment
2026-01-12,80848027,0386,A673,2,80848027|0386|A673|2026-01-12|net demand for forecast|025063,2026-01-12,2026-01-17,delivery_shipment
2026-01-12,80848027,0386,A673,2,80848027|0386|A673|2026-01-12|net demand for forecast|025064,2026-01-12,2026-01-17,delivery_shipment
2026-01-12,80848027,0386,A673,2,80848027|0386|A673|2026-01-12|net demand for forecast|025065,2026-01-12,2026-01-17,delivery_shipment
2026-01-12,21118867,0386,A673,1,21118867|0386|A673|2026-01-12|net demand for net demand for forecast|023745,2026-01-12,2026-01-17,delivery_shipment
2026-01-12,21118867,0386,A673,1,21118867|0386|A673|2026-01-12|net demand for net demand for forecast|023746,2026-01-12,2026-01-17,delivery_shipment
2026-01-12,21118867,0386,A673,1,21118867|0386|A673|2026-01-12|net demand for net demand for forecast|023747,2026-01-12,2026-01-17,delivery_shipment
2026-01-12,21118867,0386,A673,1,21118867|0386|A673|2026-01-12|net demand for net demand for forecast|023748,2026-01-12,2026-01-17,delivery_shipment
2026-01-12,21118867,0386,A673,1,21118867|0386|A673|2026-01-12|net demand for net demand for forecast|023749,2026-01-12,2026-01-17,delivery_shipment
2026-01-12,21141769,0386,A673,1,21141769|0386|A673|2026-01-12|net demand for net demand for forecast|023913,2026-01-12,2026-01-17,delivery_shipment
2026-01-12,21141769,0386,A673,1,21141769|0386|A673|2026-01-12|net demand for net demand for forecast|023914,2026-01-12,2026-01-18,delivery_shipment
2026-01-12,21141769,0386,A673,1,21141769|0386|A673|2026-01-12|net demand for net demand for forecast|023915,2026-01-12,2026-01-17,delivery_shipment
2026-01-12,21141769,0386,A673,1,21141769|0386|A673|2026-01-12|net demand for net demand for forecast|023916,2026-01-12,2026-01-17,delivery_shipment
2026-01-12,21141769,0386,A673,1,21141769|0386|A673|2026-01-12|net demand for net demand for forecast|023917,2026-01-12,2026-01-17,delivery_shipment
2026-01-12,21141769,0386,A673,1,21141769|0386|A673|2026-01-12|net demand for net demand for forecast|023918,2026-01-12,2026-01-17,delivery_shipment
2026-01-12,21141769,0386,A673,1,21141769|0386|A673|2026-01-12|net demand for net demand for forecast|023919,2026-01-12,2026-01-17,delivery_shipment
2026-01-12,21141769,0386,A673,7,21141769|0386|A673|2026-01-12|net demand for net demand for forecast|023920,2026-01-12,2026-01-17,delivery_shipment
2026-01-12,21141769,0386,A673,7,21141769|0386|A673|2026-01-12|net demand for net demand for forecast|023921,2026-01-12,2026-01-17,delivery_shipment
2026-01-12,21141769,0386,A673,7,21141769|0386|A673|2026-01-12|net demand for net demand for forecast|023922,2026-01-12,2026-01-17,delivery_shipment
2026-01-12,21141769,0386,A673,7,21141769|0386|A673|2026-01-12|net demand for net demand for forecast|023923,2026-01-12,2026-01-17,delivery_shipment
2026-01-12,80807116,0386,A673,11,80807116|0386|A673|2026-01-12|net demand for net demand for forecast|024631,2026-01-12,2026-01-17,delivery_shipment
2026-01-12,80807116,0386,A673,24,80807116|0386|A673|2026-01-12|net demand for net demand for forecast|024632,2026-01-12,2026-01-17,delivery_shipment
2026-01-12,80807116,0386,A673,24,80807116|0386|A673|2026-01-12|net demand for net demand for forecast|024633,2026-01-12,2026-01-17,delivery_shipment
2026-01-12,80807116,0386,A673,25,80807116|0386|A673|2026-01-12|net demand for net demand for forecast|024634,2026-01-12,2026-01-17,delivery_shipment
2026-01-12,80812846,0386,A673,1,80812846|0386|A673|2026-01-12|net demand for net demand for forecast|024816,2026-01-12,2026-01-17,delivery_shipment
2026-01-12,80812846,0386,A673,1,80812846|0386|A673|2026-01-12|net demand for net demand for forecast|024817,2026-01-12,2026-01-17,delivery_shipment
2026-01-12,80812846,0386,A673,1,80812846|0386|A673|2026-01-12|net demand for net demand for forecast|024818,2026-01-12,2026-01-17,delivery_shipment
2026-01-12,80812846,0386,A673,1,80812846|0386|A673|2026-01-12|net demand for net demand for forecast|024819,2026-01-12,2026-01-17,delivery_shipment
2026-01-12,80848027,0386,A673,1,80848027|0386|A673|2026-01-12|net demand for net demand for forecast|025066,2026-01-12,2026-01-17,delivery_shipment
2026-01-12,80848027,0386,A673,2,80848027|0386|A673|2026-01-12|net demand for net demand for forecast|025067,2026-01-12,2026-01-17,delivery_shipment
2026-01-12,80848027,0386,A673,2,80848027|0386|A673|2026-01-12|net demand for net demand for forecast|025068,2026-01-12,2026-01-17,delivery_shipment
2026-01-12,80848027,0386,A673,2,80848027|0386|A673|2026-01-12|net demand for net demand for forecast|025069,2026-01-12,2026-01-17,delivery_shipment
2026-01-12,21128377,0386,A673,241,21128377|0386|A673|2026-01-12|net demand for safety|023773,2026-01-12,2026-01-17,delivery_shipment
2026-01-12,21132988,0386,A673,54,21132988|0386|A673|2026-01-12|net demand for safety|023793,2026-01-12,2026-01-17,delivery_shipment
2026-01-12,21141769,0386,A673,177,21141769|0386|A673|2026-01-12|net demand for safety|023926,2026-01-12,2026-01-18,delivery_shipment
2026-01-12,21143102,0386,A673,29,21143102|0386|A673|2026-01-12|net demand for safety|024006,2026-01-12,2026-01-17,delivery_shipment
2026-01-12,21255844,0386,A673,5,21255844|0386|A673|2026-01-12|net demand for safety|024062,2026-01-12,2026-01-17,delivery_shipment
2026-01-12,80804138,0386,A673,66,80804138|0386|A673|2026-01-12|net demand for safety|024278,2026-01-12,2026-01-17,delivery_shipment
2026-01-12,80807116,0386,A673,572,80807116|0386|A673|2026-01-12|net demand for safety|024636,2026-01-12,2026-01-17,delivery_shipment
2026-01-12,80848027,0386,A673,19,80848027|0386|A673|2026-01-12|net demand for safety|025073,2026-01-12,2026-01-17,delivery_shipment
2026-01-12,21128377,0386,A673,70,21128377|0386|A673|2026-01-12|net demand for net demand for safety|023772,2026-01-12,2026-01-17,delivery_shipment
2026-01-12,21141769,0386,A673,13,21141769|0386|A673|2026-01-12|net demand for net demand for safety|023924,2026-01-12,2026-01-17,delivery_shipment
2026-01-12,21141769,0386,A673,105,21141769|0386|A673|2026-01-12|net demand for net demand for safety|023925,2026-01-12,2026-01-17,delivery_shipment
2026-01-12,21143102,0386,A673,41,21143102|0386|A673|2026-01-12|net demand for net demand for safety|024005,2026-01-12,2026-01-17,delivery_shipment
2026-01-12,21170683,0386,A673,2,21170683|0386|A673|2026-01-12|net demand for net demand for safety|024051,2026-01-12,2026-01-17,delivery_shipment
2026-01-12,80804138,0386,A673,75,80804138|0386|A673|2026-01-12|net demand for net demand for safety|024277,2026-01-12,2026-01-17,delivery_shipment
2026-01-12,80807116,0386,A673,241,80807116|0386|A673|2026-01-12|net demand for net demand for safety|024635,2026-01-12,2026-01-17,delivery_shipment
2026-01-12,80812099,0386,A673,1,80812099|0386|A673|2026-01-12|net demand for net demand for safety|024772,2026-01-12,2026-01-17,delivery_shipment
2026-01-12,80848027,0386,A673,17,80848027|0386|A673|2026-01-12|net demand for net demand for safety|025071,2026-01-12,2026-01-17,delivery_shipment
2026-01-12,21113405,0386,A673,220,21113405|0386|A673|2026-01-12|push replenishment|023728,2026-01-12,2026-01-17,delivery_shipment
2026-01-12,21128377,0386,A673,177,21128377|0386|A673|2026-01-12|push replenishment|023774,2026-01-12,2026-01-17,delivery_shipment
2026-01-12,21141769,0386,A673,31,21141769|0386|A673|2026-01-12|push replenishment|023927,2026-01-12,2026-01-17,delivery_shipment
2026-01-12,21143102,0386,A673,223,21143102|0386|A673|2026-01-12|push replenishment|024007,2026-01-12,2026-01-17,delivery_shipment
2026-01-12,21255844,0386,A673,284,21255844|0386|A673|2026-01-12|push replenishment|024063,2026-01-12,2026-01-17,delivery_shipment
2026-01-12,80804138,0386,A673,138,80804138|0386|A673|2026-01-12|push replenishment|024279,2026-01-12,2026-01-17,delivery_shipment
2026-01-12,80807090,0386,A673,1,80807090|0386|A673|2026-01-12|push replenishment|024487,2026-01-12,2026-01-17,delivery_shipment
2026-01-12,80807116,0386,A673,489,80807116|0386|A673|2026-01-12|push replenishment|024637,2026-01-12,2026-01-17,delivery_shipment
2026-01-12,80848027,0386,A673,200,80848027|0386|A673|2026-01-12|push replenishment|025074,2026-01-12,2026-01-18,delivery_shipment
2026-01-12,21141769,0386,A716,1,21141769|0386|A716|2026-01-12|net demand for normal|023978,2026-01-12,2026-01-26,delivery_shipment
2026-01-12,80807116,0386,A716,1,80807116|0386|A716|2026-01-12|net demand for AO|024685,2026-01-12,2026-01-26,delivery_shipment
2026-01-12,80807116,0386,A716,1,80807116|0386|A716|2026-01-12|net demand for AO|024686,2026-01-12,2026-01-26,delivery_shipment
2026-01-12,80807116,0386,A716,1,80807116|0386|A716|2026-01-12|net demand for AO|024687,2026-01-12,2026-01-26,delivery_shipment
2026-01-12,80807116,0386,A716,1,80807116|0386|A716|2026-01-12|net demand for AO|024688,2026-01-12,2026-01-26,delivery_shipment
2026-01-12,80807116,0386,A716,1,80807116|0386|A716|2026-01-12|net demand for AO|024689,2026-01-12,2026-01-26,delivery_shipment
2026-01-12,80807116,0386,A716,1,80807116|0386|A716|2026-01-12|net demand for AO|024690,2026-01-12,2026-01-26,delivery_shipment
2026-01-12,80807116,0386,A716,1,80807116|0386|A716|2026-01-12|net demand for AO|024691,2026-01-12,2026-01-26,delivery_shipment
2026-01-12,80807116,0386,A716,1,80807116|0386|A716|2026-01-12|net demand for AO|024692,2026-01-12,2026-01-27,delivery_shipment
2026-01-12,80807116,0386,A716,1,80807116|0386|A716|2026-01-12|net demand for AO|024693,2026-01-12,2026-01-27,delivery_shipment
2026-01-12,80807116,0386,A716,1,80807116|0386|A716|2026-01-12|net demand for AO|024694,2026-01-12,2026-01-26,delivery_shipment
2026-01-12,80807116,0386,A716,1,80807116|0386|A716|2026-01-12|net demand for AO|024695,2026-01-12,2026-01-26,delivery_shipment
2026-01-12,80807116,0386,A716,1,80807116|0386|A716|2026-01-12|net demand for AO|024696,2026-01-12,2026-01-26,delivery_shipment
2026-01-12,21132988,0386,A716,1,21132988|0386|A716|2026-01-12|net demand for forecast|023795,2026-01-12,2026-01-26,delivery_shipment
2026-01-12,21132988,0386,A716,1,21132988|0386|A716|2026-01-12|net demand for forecast|023796,2026-01-12,2026-01-26,delivery_shipment
2026-01-12,21132988,0386,A716,1,21132988|0386|A716|2026-01-12|net demand for forecast|023797,2026-01-12,2026-01-26,delivery_shipment
2026-01-12,21132988,0386,A716,1,21132988|0386|A716|2026-01-12|net demand for forecast|023798,2026-01-12,2026-01-26,delivery_shipment
2026-01-12,21132988,0386,A716,1,21132988|0386|A716|2026-01-12|net demand for forecast|023799,2026-01-12,2026-01-26,delivery_shipment
2026-01-12,21132988,0386,A716,1,21132988|0386|A716|2026-01-12|net demand for forecast|023800,2026-01-12,2026-01-26,delivery_shipment
2026-01-12,21132988,0386,A716,1,21132988|0386|A716|2026-01-12|net demand for forecast|023801,2026-01-12,2026-01-26,delivery_shipment
2026-01-12,21132988,0386,A716,1,21132988|0386|A716|2026-01-12|net demand for forecast|023802,2026-01-12,2026-01-26,delivery_shipment
2026-01-12,21132988,0386,A716,1,21132988|0386|A716|2026-01-12|net demand for forecast|023803,2026-01-12,2026-01-26,delivery_shipment
2026-01-12,21132988,0386,A716,1,21132988|0386|A716|2026-01-12|net demand for forecast|023804,2026-01-12,2026-01-26,delivery_shipment
2026-01-12,21132988,0386,A716,1,21132988|0386|A716|2026-01-12|net demand for forecast|023805,2026-01-12,2026-01-27,delivery_shipment
2026-01-12,21132988,0386,A716,1,21132988|0386|A716|2026-01-12|net demand for forecast|023806,2026-01-12,2026-01-26,delivery_shipment
2026-01-12,21132988,0386,A716,1,21132988|0386|A716|2026-01-12|net demand for forecast|023807,2026-01-12,2026-01-26,delivery_shipment
2026-01-12,21132988,0386,A716,1,21132988|0386|A716|2026-01-12|net demand for forecast|023808,2026-01-12,2026-01-26,delivery_shipment
2026-01-12,21132988,0386,A716,1,21132988|0386|A716|2026-01-12|net demand for forecast|023809,2026-01-12,2026-01-26,delivery_shipment
2026-01-12,21132988,0386,A716,1,21132988|0386|A716|2026-01-12|net demand for forecast|023810,2026-01-12,2026-01-26,delivery_shipment
2026-01-12,21132988,0386,A716,1,21132988|0386|A716|2026-01-12|net demand for forecast|023811,2026-01-12,2026-01-26,delivery_shipment
2026-01-12,21132988,0386,A716,1,21132988|0386|A716|2026-01-12|net demand for forecast|023812,2026-01-12,2026-01-26,delivery_shipment
2026-01-12,21132988,0386,A716,1,21132988|0386|A716|2026-01-12|net demand for forecast|023813,2026-01-12,2026-01-27,delivery_shipment
2026-01-12,21141769,0386,A716,1,21141769|0386|A716|2026-01-12|net demand for forecast|023959,2026-01-12,2026-01-26,delivery_shipment
2026-01-12,21141769,0386,A716,1,21141769|0386|A716|2026-01-12|net demand for forecast|023960,2026-01-12,2026-01-26,delivery_shipment
2026-01-12,21141769,0386,A716,1,21141769|0386|A716|2026-01-12|net demand for forecast|023961,2026-01-12,2026-01-26,delivery_shipment
2026-01-12,21141769,0386,A716,1,21141769|0386|A716|2026-01-12|net demand for forecast|023962,2026-01-12,2026-01-27,delivery_shipment
2026-01-12,21141769,0386,A716,1,21141769|0386|A716|2026-01-12|net demand for forecast|023963,2026-01-12,2026-01-26,delivery_shipment
2026-01-12,21141769,0386,A716,1,21141769|0386|A716|2026-01-12|net demand for forecast|023964,2026-01-12,2026-01-26,delivery_shipment
2026-01-12,21141769,0386,A716,1,21141769|0386|A716|2026-01-12|net demand for forecast|023965,2026-01-12,2026-01-26,delivery_shipment
2026-01-12,21141769,0386,A716,1,21141769|0386|A716|2026-01-12|net demand for forecast|023966,2026-01-12,2026-01-26,delivery_shipment
2026-01-12,21141769,0386,A716,1,21141769|0386|A716|2026-01-12|net demand for forecast|023967,2026-01-12,2026-01-26,delivery_shipment
2026-01-12,21141769,0386,A716,1,21141769|0386|A716|2026-01-12|net demand for forecast|023968,2026-01-12,2026-01-26,delivery_shipment
2026-01-12,21141769,0386,A716,1,21141769|0386|A716|2026-01-12|net demand for forecast|023969,2026-01-12,2026-01-27,delivery_shipment
2026-01-12,21141769,0386,A716,1,21141769|0386|A716|2026-01-12|net demand for forecast|023970,2026-01-12,2026-01-26,delivery_shipment
2026-01-12,21141769,0386,A716,1,21141769|0386|A716|2026-01-12|net demand for forecast|023971,2026-01-12,2026-01-26,delivery_shipment
2026-01-12,21141769,0386,A716,1,21141769|0386|A716|2026-01-12|net demand for forecast|023972,2026-01-12,2026-01-27,delivery_shipment
2026-01-12,21141769,0386,A716,1,21141769|0386|A716|2026-01-12|net demand for forecast|023973,2026-01-12,2026-01-26,delivery_shipment
2026-01-12,21141769,0386,A716,1,21141769|0386|A716|2026-01-12|net demand for forecast|023974,2026-01-12,2026-01-26,delivery_shipment
2026-01-12,21141769,0386,A716,1,21141769|0386|A716|2026-01-12|net demand for forecast|023975,2026-01-12,2026-01-26,delivery_shipment
2026-01-12,21141769,0386,A716,1,21141769|0386|A716|2026-01-12|net demand for forecast|023976,2026-01-12,2026-01-26,delivery_shipment
2026-01-12,21141769,0386,A716,1,21141769|0386|A716|2026-01-12|net demand for forecast|023977,2026-01-12,2026-01-26,delivery_shipment
2026-01-12,80807116,0386,A716,2,80807116|0386|A716|2026-01-12|net demand for forecast|024697,2026-01-12,2026-01-26,delivery_shipment
2026-01-12,80807116,0386,A716,3,80807116|0386|A716|2026-01-12|net demand for forecast|024698,2026-01-12,2026-01-26,delivery_shipment
2026-01-12,80807116,0386,A716,3,80807116|0386|A716|2026-01-12|net demand for forecast|024699,2026-01-12,2026-01-26,delivery_shipment
2026-01-12,80807116,0386,A716,3,80807116|0386|A716|2026-01-12|net demand for forecast|024700,2026-01-12,2026-01-26,delivery_shipment
2026-01-12,80807116,0386,A716,3,80807116|0386|A716|2026-01-12|net demand for forecast|024701,2026-01-12,2026-01-26,delivery_shipment
2026-01-12,80807116,0386,A716,3,80807116|0386|A716|2026-01-12|net demand for forecast|024702,2026-01-12,2026-01-26,delivery_shipment
2026-01-12,80807116,0386,A716,3,80807116|0386|A716|2026-01-12|net demand for forecast|024703,2026-01-12,2026-01-27,delivery_shipment
2026-01-12,80807116,0386,A716,3,80807116|0386|A716|2026-01-12|net demand for forecast|024704,2026-01-12,2026-01-26,delivery_shipment
2026-01-12,80807116,0386,A716,3,80807116|0386|A716|2026-01-12|net demand for forecast|024705,2026-01-12,2026-01-26,delivery_shipment
2026-01-12,80807116,0386,A716,3,80807116|0386|A716|2026-01-12|net demand for forecast|024706,2026-01-12,2026-01-26,delivery_shipment
2026-01-12,80807116,0386,A716,3,80807116|0386|A716|2026-01-12|net demand for forecast|024707,2026-01-12,2026-01-26,delivery_shipment
2026-01-12,80807116,0386,A716,3,80807116|0386|A716|2026-01-12|net demand for forecast|024708,2026-01-12,2026-01-26,delivery_shipment
2026-01-12,80807116,0386,A716,3,80807116|0386|A716|2026-01-12|net demand for forecast|024709,2026-01-12,2026-01-27,delivery_shipment
2026-01-12,80807116,0386,A716,3,80807116|0386|A716|2026-01-12|net demand for forecast|024710,2026-01-12,2026-01-26,delivery_shipment
2026-01-12,80807116,0386,A716,3,80807116|0386|A716|2026-01-12|net demand for forecast|024711,2026-01-12,2026-01-26,delivery_shipment
2026-01-12,80807116,0386,A716,3,80807116|0386|A716|2026-01-12|net demand for forecast|024712,2026-01-12,2026-01-26,delivery_shipment
2026-01-12,80807116,0386,A716,3,80807116|0386|A716|2026-01-12|net demand for forecast|024713,2026-01-12,2026-01-26,delivery_shipment
2026-01-12,80807116,0386,A716,3,80807116|0386|A716|2026-01-12|net demand for forecast|024714,2026-01-12,2026-01-26,delivery_shipment
2026-01-12,80807116,0386,A716,3,80807116|0386|A716|2026-01-12|net demand for forecast|024715,2026-01-12,2026-01-26,delivery_shipment
2026-01-12,80848021,0386,A716,1,80848021|0386|A716|2026-01-12|net demand for forecast|024844,2026-01-12,2026-01-26,delivery_shipment
2026-01-12,80848021,0386,A716,1,80848021|0386|A716|2026-01-12|net demand for forecast|024845,2026-01-12,2026-01-26,delivery_shipment
2026-01-12,80848021,0386,A716,1,80848021|0386|A716|2026-01-12|net demand for forecast|024846,2026-01-12,2026-01-26,delivery_shipment
2026-01-12,80848021,0386,A716,1,80848021|0386|A716|2026-01-12|net demand for forecast|024847,2026-01-12,2026-01-26,delivery_shipment
2026-01-12,80848021,0386,A716,1,80848021|0386|A716|2026-01-12|net demand for forecast|024848,2026-01-12,2026-01-26,delivery_shipment
2026-01-12,80848021,0386,A716,1,80848021|0386|A716|2026-01-12|net demand for forecast|024849,2026-01-12,2026-01-26,delivery_shipment
2026-01-12,80848021,0386,A716,1,80848021|0386|A716|2026-01-12|net demand for forecast|024850,2026-01-12,2026-01-26,delivery_shipment
2026-01-12,80848021,0386,A716,1,80848021|0386|A716|2026-01-12|net demand for forecast|024851,2026-01-12,2026-01-26,delivery_shipment
2026-01-12,80848021,0386,A716,1,80848021|0386|A716|2026-01-12|net demand for forecast|024852,2026-01-12,2026-01-26,delivery_shipment
2026-01-12,80848021,0386,A716,1,80848021|0386|A716|2026-01-12|net demand for forecast|024853,2026-01-12,2026-01-26,delivery_shipment
2026-01-12,80848021,0386,A716,1,80848021|0386|A716|2026-01-12|net demand for forecast|024854,2026-01-12,2026-01-26,delivery_shipment
2026-01-12,80848021,0386,A716,1,80848021|0386|A716|2026-01-12|net demand for forecast|024855,2026-01-12,2026-01-26,delivery_shipment
2026-01-12,80848021,0386,A716,1,80848021|0386|A716|2026-01-12|net demand for forecast|024856,2026-01-12,2026-01-26,delivery_shipment
2026-01-12,80848021,0386,A716,1,80848021|0386|A716|2026-01-12|net demand for forecast|024857,2026-01-12,2026-01-26,delivery_shipment
2026-01-12,80848021,0386,A716,2,80848021|0386|A716|2026-01-12|net demand for forecast|024858,2026-01-12,2026-01-26,delivery_shipment
2026-01-12,80848021,0386,A716,2,80848021|0386|A716|2026-01-12|net demand for forecast|024859,2026-01-12,2026-01-26,delivery_shipment
2026-01-12,80848021,0386,A716,2,80848021|0386|A716|2026-01-12|net demand for forecast|024860,2026-01-12,2026-01-26,delivery_shipment
2026-01-12,80848021,0386,A716,2,80848021|0386|A716|2026-01-12|net demand for forecast|024861,2026-01-12,2026-01-26,delivery_shipment
2026-01-12,21132988,0386,A716,2,21132988|0386|A716|2026-01-12|net demand for safety|023814,2026-01-12,2026-01-26,delivery_shipment
2026-01-12,21141769,0386,A716,4,21141769|0386|A716|2026-01-12|net demand for safety|023979,2026-01-12,2026-01-26,delivery_shipment
2026-01-12,80807116,0386,A716,23,80807116|0386|A716|2026-01-12|net demand for safety|024716,2026-01-12,2026-01-27,delivery_shipment
2026-01-12,80848021,0386,A716,14,80848021|0386|A716|2026-01-12|net demand for safety|024862,2026-01-12,2026-01-26,delivery_shipment
2026-01-12,21113405,0386,A716,65,21113405|0386|A716|2026-01-12|push replenishment|023731,2026-01-12,2026-01-26,delivery_shipment
2026-01-12,21128377,0386,A716,32,21128377|0386|A716|2026-01-12|push replenishment|023778,2026-01-12,2026-01-26,delivery_shipment
2026-01-12,21141769,0386,A716,8,21141769|0386|A716|2026-01-12|push replenishment|023980,2026-01-12,2026-01-27,delivery_shipment
2026-01-12,21143102,0386,A716,45,21143102|0386|A716|2026-01-12|push replenishment|024023,2026-01-12,2026-01-26,delivery_shipment
2026-01-12,80804138,0386,A716,18,80804138|0386|A716|2026-01-12|push replenishment|024282,2026-01-12,2026-01-26,delivery_shipment
2026-01-12,80807116,0386,A716,58,80807116|0386|A716|2026-01-12|push replenishment|024717,2026-01-12,2026-01-26,delivery_shipment
2026-01-12,80848021,0386,A716,282,80848021|0386|A716|2026-01-12|push replenishment|024863,2026-01-12,2026-01-26,delivery_shipment
2026-01-12,80848027,0386,A716,7,80848027|0386|A716|2026-01-12|push replenishment|025097,2026-01-12,2026-01-27,delivery_shipment
2026-01-12,80807116,0386,A715,1,80807116|0386|A715|2026-01-12|net demand for AO|024652,2026-01-12,2026-01-23,delivery_shipment
2026-01-12,80807116,0386,A715,1,80807116|0386|A715|2026-01-12|net demand for AO|024653,2026-01-12,2026-01-22,delivery_shipment
2026-01-12,80807116,0386,A715,1,80807116|0386|A715|2026-01-12|net demand for AO|024654,2026-01-12,2026-01-23,delivery_shipment
2026-01-12,80807116,0386,A715,1,80807116|0386|A715|2026-01-12|net demand for AO|024655,2026-01-12,2026-01-22,delivery_shipment
2026-01-12,80807116,0386,A715,1,80807116|0386|A715|2026-01-12|net demand for AO|024656,2026-01-12,2026-01-22,delivery_shipment
2026-01-12,80807116,0386,A715,1,80807116|0386|A715|2026-01-12|net demand for AO|024657,2026-01-12,2026-01-22,delivery_shipment
2026-01-12,80807116,0386,A715,1,80807116|0386|A715|2026-01-12|net demand for AO|024658,2026-01-12,2026-01-22,delivery_shipment
2026-01-12,80807116,0386,A715,1,80807116|0386|A715|2026-01-12|net demand for AO|024659,2026-01-12,2026-01-22,delivery_shipment
2026-01-12,80807116,0386,A715,1,80807116|0386|A715|2026-01-12|net demand for AO|024660,2026-01-12,2026-01-22,delivery_shipment
2026-01-12,80807116,0386,A715,1,80807116|0386|A715|2026-01-12|net demand for AO|024661,2026-01-12,2026-01-22,delivery_shipment
2026-01-12,80807116,0386,A715,1,80807116|0386|A715|2026-01-12|net demand for AO|024662,2026-01-12,2026-01-22,delivery_shipment
2026-01-12,80807116,0386,A715,1,80807116|0386|A715|2026-01-12|net demand for AO|024663,2026-01-12,2026-01-22,delivery_shipment
2026-01-12,80807116,0386,A715,1,80807116|0386|A715|2026-01-12|net demand for AO|024664,2026-01-12,2026-01-22,delivery_shipment
2026-01-12,80807116,0386,A715,1,80807116|0386|A715|2026-01-12|net demand for AO|024665,2026-01-12,2026-01-22,delivery_shipment
2026-01-12,80807116,0386,A715,1,80807116|0386|A715|2026-01-12|net demand for AO|024666,2026-01-12,2026-01-22,delivery_shipment
2026-01-12,80807116,0386,A715,1,80807116|0386|A715|2026-01-12|net demand for AO|024667,2026-01-12,2026-01-23,delivery_shipment
2026-01-12,21141769,0386,A715,2,21141769|0386|A715|2026-01-12|net demand for forecast|023942,2026-01-12,2026-01-22,delivery_shipment
2026-01-12,21141769,0386,A715,2,21141769|0386|A715|2026-01-12|net demand for forecast|023943,2026-01-12,2026-01-22,delivery_shipment
2026-01-12,21141769,0386,A715,2,21141769|0386|A715|2026-01-12|net demand for forecast|023944,2026-01-12,2026-01-22,delivery_shipment
2026-01-12,21141769,0386,A715,2,21141769|0386|A715|2026-01-12|net demand for forecast|023945,2026-01-12,2026-01-22,delivery_shipment
2026-01-12,21141769,0386,A715,2,21141769|0386|A715|2026-01-12|net demand for forecast|023946,2026-01-12,2026-01-22,delivery_shipment
2026-01-12,21141769,0386,A715,2,21141769|0386|A715|2026-01-12|net demand for forecast|023947,2026-01-12,2026-01-22,delivery_shipment
2026-01-12,21141769,0386,A715,2,21141769|0386|A715|2026-01-12|net demand for forecast|023948,2026-01-12,2026-01-22,delivery_shipment
2026-01-12,21141769,0386,A715,2,21141769|0386|A715|2026-01-12|net demand for forecast|023949,2026-01-12,2026-01-23,delivery_shipment
2026-01-12,21141769,0386,A715,2,21141769|0386|A715|2026-01-12|net demand for forecast|023950,2026-01-12,2026-01-22,delivery_shipment
2026-01-12,21141769,0386,A715,2,21141769|0386|A715|2026-01-12|net demand for forecast|023951,2026-01-12,2026-01-22,delivery_shipment
2026-01-12,21141769,0386,A715,2,21141769|0386|A715|2026-01-12|net demand for forecast|023952,2026-01-12,2026-01-22,delivery_shipment
2026-01-12,21141769,0386,A715,2,21141769|0386|A715|2026-01-12|net demand for forecast|023953,2026-01-12,2026-01-22,delivery_shipment
2026-01-12,21141769,0386,A715,2,21141769|0386|A715|2026-01-12|net demand for forecast|023954,2026-01-12,2026-01-22,delivery_shipment
2026-01-12,21141769,0386,A715,2,21141769|0386|A715|2026-01-12|net demand for forecast|023955,2026-01-12,2026-01-22,delivery_shipment
2026-01-12,21141769,0386,A715,2,21141769|0386|A715|2026-01-12|net demand for forecast|023956,2026-01-12,2026-01-23,delivery_shipment
2026-01-12,80807116,0386,A715,2,80807116|0386|A715|2026-01-12|net demand for forecast|024668,2026-01-12,2026-01-22,delivery_shipment
2026-01-12,80807116,0386,A715,2,80807116|0386|A715|2026-01-12|net demand for forecast|024669,2026-01-12,2026-01-22,delivery_shipment
2026-01-12,80807116,0386,A715,2,80807116|0386|A715|2026-01-12|net demand for forecast|024670,2026-01-12,2026-01-22,delivery_shipment
2026-01-12,80807116,0386,A715,3,80807116|0386|A715|2026-01-12|net demand for forecast|024671,2026-01-12,2026-01-22,delivery_shipment
2026-01-12,80807116,0386,A715,3,80807116|0386|A715|2026-01-12|net demand for forecast|024672,2026-01-12,2026-01-22,delivery_shipment
2026-01-12,80807116,0386,A715,3,80807116|0386|A715|2026-01-12|net demand for forecast|024673,2026-01-12,2026-01-22,delivery_shipment
2026-01-12,80807116,0386,A715,3,80807116|0386|A715|2026-01-12|net demand for forecast|024674,2026-01-12,2026-01-22,delivery_shipment
2026-01-12,80807116,0386,A715,3,80807116|0386|A715|2026-01-12|net demand for forecast|024675,2026-01-12,2026-01-22,delivery_shipment
2026-01-12,80807116,0386,A715,3,80807116|0386|A715|2026-01-12|net demand for forecast|024676,2026-01-12,2026-01-23,delivery_shipment
2026-01-12,80807116,0386,A715,3,80807116|0386|A715|2026-01-12|net demand for forecast|024677,2026-01-12,2026-01-22,delivery_shipment
2026-01-12,80807116,0386,A715,3,80807116|0386|A715|2026-01-12|net demand for forecast|024678,2026-01-12,2026-01-23,delivery_shipment
2026-01-12,80807116,0386,A715,3,80807116|0386|A715|2026-01-12|net demand for forecast|024679,2026-01-12,2026-01-22,delivery_shipment
2026-01-12,80807116,0386,A715,3,80807116|0386|A715|2026-01-12|net demand for forecast|024680,2026-01-12,2026-01-22,delivery_shipment
2026-01-12,80807116,0386,A715,3,80807116|0386|A715|2026-01-12|net demand for forecast|024681,2026-01-12,2026-01-22,delivery_shipment
2026-01-12,80807116,0386,A715,3,80807116|0386|A715|2026-01-12|net demand for forecast|024682,2026-01-12,2026-01-22,delivery_shipment
2026-01-12,80848027,0386,A715,1,80848027|0386|A715|2026-01-12|net demand for forecast|025084,2026-01-12,2026-01-22,delivery_shipment
2026-01-12,80848027,0386,A715,1,80848027|0386|A715|2026-01-12|net demand for forecast|025085,2026-01-12,2026-01-22,delivery_shipment
2026-01-12,80848027,0386,A715,1,80848027|0386|A715|2026-01-12|net demand for forecast|025086,2026-01-12,2026-01-22,delivery_shipment
2026-01-12,80848027,0386,A715,1,80848027|0386|A715|2026-01-12|net demand for forecast|025087,2026-01-12,2026-01-22,delivery_shipment
2026-01-12,80848027,0386,A715,1,80848027|0386|A715|2026-01-12|net demand for forecast|025088,2026-01-12,2026-01-22,delivery_shipment
2026-01-12,80848027,0386,A715,1,80848027|0386|A715|2026-01-12|net demand for forecast|025089,2026-01-12,2026-01-22,delivery_shipment
2026-01-12,80848027,0386,A715,1,80848027|0386|A715|2026-01-12|net demand for forecast|025090,2026-01-12,2026-01-22,delivery_shipment
2026-01-12,80848027,0386,A715,1,80848027|0386|A715|2026-01-12|net demand for forecast|025091,2026-01-12,2026-01-22,delivery_shipment
2026-01-12,80848027,0386,A715,1,80848027|0386|A715|2026-01-12|net demand for forecast|025092,2026-01-12,2026-01-22,delivery_shipment
2026-01-12,80848027,0386,A715,1,80848027|0386|A715|2026-01-12|net demand for forecast|025093,2026-01-12,2026-01-22,delivery_shipment
2026-01-12,80848027,0386,A715,1,80848027|0386|A715|2026-01-12|net demand for forecast|025094,2026-01-12,2026-01-22,delivery_shipment
2026-01-12,21141769,0386,A715,12,21141769|0386|A715|2026-01-12|net demand for safety|023957,2026-01-12,2026-01-22,delivery_shipment
2026-01-12,80807116,0386,A715,20,80807116|0386|A715|2026-01-12|net demand for safety|024683,2026-01-12,2026-01-22,delivery_shipment
2026-01-12,80848027,0386,A715,8,80848027|0386|A715|2026-01-12|net demand for safety|025095,2026-01-12,2026-01-22,delivery_shipment
2026-01-12,21113405,0386,A715,50,21113405|0386|A715|2026-01-12|push replenishment|023730,2026-01-12,2026-01-22,delivery_shipment
2026-01-12,21128377,0386,A715,17,21128377|0386|A715|2026-01-12|push replenishment|023777,2026-01-12,2026-01-22,delivery_shipment
2026-01-12,21141769,0386,A715,7,21141769|0386|A715|2026-01-12|push replenishment|023958,2026-01-12,2026-01-22,delivery_shipment
2026-01-12,21143102,0386,A715,30,21143102|0386|A715|2026-01-12|push replenishment|024022,2026-01-12,2026-01-22,delivery_shipment
2026-01-12,80804138,0386,A715,43,80804138|0386|A715|2026-01-12|push replenishment|024281,2026-01-12,2026-01-22,delivery_shipment
2026-01-12,80807116,0386,A715,52,80807116|0386|A715|2026-01-12|push replenishment|024684,2026-01-12,2026-01-22,delivery_shipment
2026-01-12,80848021,0386,A715,40,80848021|0386|A715|2026-01-12|push replenishment|024843,2026-01-12,2026-01-22,delivery_shipment
2026-01-12,80848027,0386,A715,84,80848027|0386|A715|2026-01-12|push replenishment|025096,2026-01-12,2026-01-22,delivery_shipment
2026-01-12,80848021,0386,C816,2,80848021|0386|C816|2026-01-12|net demand for AO|024867,2026-01-12,2026-01-13,delivery_shipment
2026-01-12,80848021,0386,C816,3,80848021|0386|C816|2026-01-12|net demand for AO|024868,2026-01-12,2026-01-13,delivery_shipment
2026-01-12,80848021,0386,C816,4,80848021|0386|C816|2026-01-12|net demand for AO|024869,2026-01-12,2026-01-13,delivery_shipment
2026-01-12,80848021,0386,C816,1,80848021|0386|C816|2026-01-12|net demand for net demand for AO|024876,2026-01-12,2026-01-13,delivery_shipment
2026-01-12,80848021,0386,C816,1,80848021|0386|C816|2026-01-12|net demand for net demand for AO|024877,2026-01-12,2026-01-13,delivery_shipment
2026-01-12,80848021,0386,C816,1,80848021|0386|C816|2026-01-12|net demand for net demand for AO|024878,2026-01-12,2026-01-13,delivery_shipment
2026-01-12,80848021,0386,C816,1,80848021|0386|C816|2026-01-12|net demand for net demand for AO|024879,2026-01-12,2026-01-13,delivery_shipment
2026-01-12,80848021,0386,C816,1,80848021|0386|C816|2026-01-12|net demand for net demand for AO|024880,2026-01-12,2026-01-13,delivery_shipment
2026-01-12,80848021,0386,C816,2,80848021|0386|C816|2026-01-12|net demand for net demand for AO|024881,2026-01-12,2026-01-13,delivery_shipment
2026-01-12,80848021,0386,C816,2,80848021|0386|C816|2026-01-12|net demand for net demand for AO|024882,2026-01-12,2026-01-13,delivery_shipment
2026-01-12,80848021,0386,C816,2,80848021|0386|C816|2026-01-12|net demand for net demand for AO|024883,2026-01-12,2026-01-13,delivery_shipment
2026-01-12,80848021,0386,C816,4,80848021|0386|C816|2026-01-12|net demand for net demand for AO|024884,2026-01-12,2026-01-13,delivery_shipment
2026-01-12,80848021,0386,C816,6,80848021|0386|C816|2026-01-12|net demand for net demand for AO|024885,2026-01-12,2026-01-13,delivery_shipment
2026-01-12,80848021,0386,C816,6,80848021|0386|C816|2026-01-12|net demand for net demand for AO|024886,2026-01-12,2026-01-13,delivery_shipment
2026-01-12,80848021,0386,C816,8,80848021|0386|C816|2026-01-12|net demand for net demand for AO|024887,2026-01-12,2026-01-13,delivery_shipment
2026-01-12,80848021,0386,C816,8,80848021|0386|C816|2026-01-12|net demand for net demand for AO|024888,2026-01-12,2026-01-13,delivery_shipment
2026-01-12,80848021,0386,C816,11,80848021|0386|C816|2026-01-12|net demand for net demand for AO|024889,2026-01-12,2026-01-13,delivery_shipment
2026-01-12,21132988,0386,C816,7,21132988|0386|C816|2026-01-12|net demand for forecast|023823,2026-01-12,2026-01-13,delivery_shipment
2026-01-12,21132988,0386,C816,7,21132988|0386|C816|2026-01-12|net demand for forecast|023824,2026-01-12,2026-01-13,delivery_shipment
2026-01-12,21132988,0386,C816,7,21132988|0386|C816|2026-01-12|net demand for forecast|023825,2026-01-12,2026-01-14,delivery_shipment
2026-01-12,21132988,0386,C816,7,21132988|0386|C816|2026-01-12|net demand for forecast|023826,2026-01-12,2026-01-13,delivery_shipment
2026-01-12,21132988,0386,C816,7,21132988|0386|C816|2026-01-12|net demand for forecast|023827,2026-01-12,2026-01-13,delivery_shipment
2026-01-12,21132988,0386,C816,7,21132988|0386|C816|2026-01-12|net demand for forecast|023828,2026-01-12,2026-01-13,delivery_shipment
2026-01-12,21132988,0386,C816,7,21132988|0386|C816|2026-01-12|net demand for forecast|023829,2026-01-12,2026-01-13,delivery_shipment
2026-01-12,21141769,0386,C816,7,21141769|0386|C816|2026-01-12|net demand for forecast|023985,2026-01-12,2026-01-13,delivery_shipment
2026-01-12,21141769,0386,C816,7,21141769|0386|C816|2026-01-12|net demand for forecast|023986,2026-01-12,2026-01-13,delivery_shipment
2026-01-12,21141769,0386,C816,7,21141769|0386|C816|2026-01-12|net demand for forecast|023987,2026-01-12,2026-01-14,delivery_shipment
2026-01-12,21141769,0386,C816,7,21141769|0386|C816|2026-01-12|net demand for forecast|023988,2026-01-12,2026-01-13,delivery_shipment
2026-01-12,21141769,0386,C816,7,21141769|0386|C816|2026-01-12|net demand for forecast|023989,2026-01-12,2026-01-14,delivery_shipment
2026-01-12,21141769,0386,C816,8,21141769|0386|C816|2026-01-12|net demand for forecast|023990,2026-01-12,2026-01-13,delivery_shipment
2026-01-12,21141769,0386,C816,8,21141769|0386|C816|2026-01-12|net demand for forecast|023991,2026-01-12,2026-01-13,delivery_shipment
2026-01-12,80848021,0386,C816,1,80848021|0386|C816|2026-01-12|net demand for forecast|024870,2026-01-12,2026-01-13,delivery_shipment
2026-01-12,80848021,0386,C816,2,80848021|0386|C816|2026-01-12|net demand for forecast|024871,2026-01-12,2026-01-13,delivery_shipment
2026-01-12,80848021,0386,C816,2,80848021|0386|C816|2026-01-12|net demand for forecast|024872,2026-01-12,2026-01-13,delivery_shipment
2026-01-12,80848021,0386,C816,2,80848021|0386|C816|2026-01-12|net demand for forecast|024873,2026-01-12,2026-01-13,delivery_shipment
2026-01-12,80848021,0386,C816,2,80848021|0386|C816|2026-01-12|net demand for forecast|024874,2026-01-12,2026-01-13,delivery_shipment
2026-01-12,80848021,0386,C816,3,80848021|0386|C816|2026-01-12|net demand for forecast|024875,2026-01-12,2026-01-13,delivery_shipment
2026-01-12,80848027,0386,C816,1,80848027|0386|C816|2026-01-12|net demand for forecast|025098,2026-01-12,2026-01-13,delivery_shipment
2026-01-12,80848027,0386,C816,1,80848027|0386|C816|2026-01-12|net demand for forecast|025099,2026-01-12,2026-01-13,delivery_shipment
2026-01-12,80848027,0386,C816,1,80848027|0386|C816|2026-01-12|net demand for forecast|025100,2026-01-12,2026-01-13,delivery_shipment
2026-01-12,80848027,0386,C816,1,80848027|0386|C816|2026-01-12|net demand for forecast|025101,2026-01-12,2026-01-13,delivery_shipment
2026-01-12,21132988,0386,C816,1,21132988|0386|C816|2026-01-12|net demand for net demand for forecast|023830,2026-01-12,2026-01-13,delivery_shipment
2026-01-12,21132988,0386,C816,1,21132988|0386|C816|2026-01-12|net demand for net demand for forecast|023831,2026-01-12,2026-01-13,delivery_shipment
2026-01-12,21132988,0386,C816,1,21132988|0386|C816|2026-01-12|net demand for net demand for forecast|023832,2026-01-12,2026-01-13,delivery_shipment
2026-01-12,21132988,0386,C816,1,21132988|0386|C816|2026-01-12|net demand for net demand for forecast|023833,2026-01-12,2026-01-13,delivery_shipment
2026-01-12,21132988,0386,C816,1,21132988|0386|C816|2026-01-12|net demand for net demand for forecast|023834,2026-01-12,2026-01-13,delivery_shipment
2026-01-12,21132988,0386,C816,1,21132988|0386|C816|2026-01-12|net demand for net demand for forecast|023835,2026-01-12,2026-01-13,delivery_shipment
2026-01-12,21132988,0386,C816,1,21132988|0386|C816|2026-01-12|net demand for net demand for forecast|023836,2026-01-12,2026-01-13,delivery_shipment
2026-01-12,21132988,0386,C816,1,21132988|0386|C816|2026-01-12|net demand for net demand for forecast|023837,2026-01-12,2026-01-13,delivery_shipment
2026-01-12,21132988,0386,C816,1,21132988|0386|C816|2026-01-12|net demand for net demand for forecast|023838,2026-01-12,2026-01-13,delivery_shipment
2026-01-12,21132988,0386,C816,1,21132988|0386|C816|2026-01-12|net demand for net demand for forecast|023839,2026-01-12,2026-01-13,delivery_shipment
2026-01-12,21132988,0386,C816,1,21132988|0386|C816|2026-01-12|net demand for net demand for forecast|023840,2026-01-12,2026-01-14,delivery_shipment
2026-01-12,21132988,0386,C816,1,21132988|0386|C816|2026-01-12|net demand for net demand for forecast|023841,2026-01-12,2026-01-13,delivery_shipment
2026-01-12,21132988,0386,C816,1,21132988|0386|C816|2026-01-12|net demand for net demand for forecast|023842,2026-01-12,2026-01-13,delivery_shipment
2026-01-12,80804138,0386,C816,1,80804138|0386|C816|2026-01-12|net demand for net demand for forecast|024295,2026-01-12,2026-01-13,delivery_shipment
2026-01-12,80804138,0386,C816,1,80804138|0386|C816|2026-01-12|net demand for net demand for forecast|024296,2026-01-12,2026-01-13,delivery_shipment
2026-01-12,80804138,0386,C816,1,80804138|0386|C816|2026-01-12|net demand for net demand for forecast|024297,2026-01-12,2026-01-13,delivery_shipment
2026-01-12,80804138,0386,C816,1,80804138|0386|C816|2026-01-12|net demand for net demand for forecast|024298,2026-01-12,2026-01-14,delivery_shipment
2026-01-12,80804138,0386,C816,1,80804138|0386|C816|2026-01-12|net demand for net demand for forecast|024299,2026-01-12,2026-01-13,delivery_shipment
2026-01-12,80804138,0386,C816,1,80804138|0386|C816|2026-01-12|net demand for net demand for forecast|024300,2026-01-12,2026-01-13,delivery_shipment
2026-01-12,80804138,0386,C816,1,80804138|0386|C816|2026-01-12|net demand for net demand for forecast|024301,2026-01-12,2026-01-13,delivery_shipment
2026-01-12,80848021,0386,C816,2,80848021|0386|C816|2026-01-12|net demand for net demand for forecast|024890,2026-01-12,2026-01-13,delivery_shipment
2026-01-12,80848021,0386,C816,6,80848021|0386|C816|2026-01-12|net demand for net demand for forecast|024891,2026-01-12,2026-01-13,delivery_shipment
2026-01-12,80848021,0386,C816,7,80848021|0386|C816|2026-01-12|net demand for net demand for forecast|024892,2026-01-12,2026-01-13,delivery_shipment
2026-01-12,80848021,0386,C816,7,80848021|0386|C816|2026-01-12|net demand for net demand for forecast|024893,2026-01-12,2026-01-13,delivery_shipment
2026-01-12,80848021,0386,C816,8,80848021|0386|C816|2026-01-12|net demand for net demand for forecast|024894,2026-01-12,2026-01-13,delivery_shipment
2026-01-12,80848021,0386,C816,8,80848021|0386|C816|2026-01-12|net demand for net demand for forecast|024895,2026-01-12,2026-01-14,delivery_shipment
2026-01-12,80848021,0386,C816,9,80848021|0386|C816|2026-01-12|net demand for net demand for forecast|024896,2026-01-12,2026-01-13,delivery_shipment
2026-01-12,80848021,0386,C816,10,80848021|0386|C816|2026-01-12|net demand for net demand for forecast|024897,2026-01-12,2026-01-13,delivery_shipment
2026-01-12,80848021,0386,C816,10,80848021|0386|C816|2026-01-12|net demand for net demand for forecast|024898,2026-01-12,2026-01-13,delivery_shipment
2026-01-12,80848021,0386,C816,10,80848021|0386|C816|2026-01-12|net demand for net demand for forecast|024899,2026-01-12,2026-01-13,delivery_shipment
2026-01-12,80848021,0386,C816,10,80848021|0386|C816|2026-01-12|net demand for net demand for forecast|024900,2026-01-12,2026-01-13,delivery_shipment
2026-01-12,80848021,0386,C816,11,80848021|0386|C816|2026-01-12|net demand for net demand for forecast|024901,2026-01-12,2026-01-13,delivery_shipment
2026-01-12,80848021,0386,C816,1,80848021|0386|C816|2026-01-12|net demand for net demand for net demand for forecast|024902,2026-01-12,2026-01-13,delivery_shipment
2026-01-12,80848021,0386,C816,1,80848021|0386|C816|2026-01-12|net demand for net demand for net demand for forecast|024903,2026-01-12,2026-01-13,delivery_shipment
2026-01-12,80848021,0386,C816,7,80848021|0386|C816|2026-01-12|net demand for net demand for net demand for forecast|024904,2026-01-12,2026-01-13,delivery_shipment
2026-01-12,80848021,0386,C816,7,80848021|0386|C816|2026-01-12|net demand for net demand for net demand for forecast|024905,2026-01-12,2026-01-13,delivery_shipment
2026-01-12,80848021,0386,C816,7,80848021|0386|C816|2026-01-12|net demand for net demand for net demand for forecast|024906,2026-01-12,2026-01-13,delivery_shipment
2026-01-12,80848021,0386,C816,7,80848021|0386|C816|2026-01-12|net demand for net demand for net demand for forecast|024907,2026-01-12,2026-01-13,delivery_shipment
2026-01-12,21128377,0386,C816,86,21128377|0386|C816|2026-01-12|net demand for safety|023783,2026-01-12,2026-01-13,delivery_shipment
2026-01-12,21132988,0386,C816,34,21132988|0386|C816|2026-01-12|net demand for safety|023843,2026-01-12,2026-01-13,delivery_shipment
2026-01-12,21141769,0386,C816,128,21141769|0386|C816|2026-01-12|net demand for safety|023994,2026-01-12,2026-01-13,delivery_shipment
2026-01-12,21255844,0386,C816,13,21255844|0386|C816|2026-01-12|net demand for safety|024073,2026-01-12,2026-01-13,delivery_shipment
2026-01-12,80804138,0386,C816,57,80804138|0386|C816|2026-01-12|net demand for safety|024304,2026-01-12,2026-01-13,delivery_shipment
2026-01-12,80807116,0386,C816,123,80807116|0386|C816|2026-01-12|net demand for safety|024744,2026-01-12,2026-01-13,delivery_shipment
2026-01-12,80848021,0386,C816,23,80848021|0386|C816|2026-01-12|net demand for safety|024911,2026-01-12,2026-01-13,delivery_shipment
2026-01-12,80848027,0386,C816,6,80848027|0386|C816|2026-01-12|net demand for safety|025103,2026-01-12,2026-01-13,delivery_shipment
2026-01-12,21141769,0386,C816,7,21141769|0386|C816|2026-01-12|net demand for net demand for safety|023992,2026-01-12,2026-01-13,delivery_shipment
2026-01-12,21141769,0386,C816,24,21141769|0386|C816|2026-01-12|net demand for net demand for safety|023993,2026-01-12,2026-01-13,delivery_shipment
2026-01-12,21425098,0386,C816,19,21425098|0386|C816|2026-01-12|net demand for net demand for safety|024154,2026-01-12,2026-01-13,delivery_shipment
2026-01-12,80804138,0386,C816,3,80804138|0386|C816|2026-01-12|net demand for net demand for safety|024302,2026-01-12,2026-01-13,delivery_shipment
2026-01-12,80804138,0386,C816,7,80804138|0386|C816|2026-01-12|net demand for net demand for safety|024303,2026-01-12,2026-01-14,delivery_shipment
2026-01-12,80807102,0386,C816,1,80807102|0386|C816|2026-01-12|net demand for net demand for safety|024539,2026-01-12,2026-01-13,delivery_shipment
2026-01-12,80807116,0386,C816,2,80807116|0386|C816|2026-01-12|net demand for net demand for safety|024740,2026-01-12,2026-01-13,delivery_shipment
2026-01-12,80807116,0386,C816,8,80807116|0386|C816|2026-01-12|net demand for net demand for safety|024741,2026-01-12,2026-01-13,delivery_shipment
2026-01-12,80807116,0386,C816,63,80807116|0386|C816|2026-01-12|net demand for net demand for safety|024742,2026-01-12,2026-01-13,delivery_shipment
2026-01-12,80807116,0386,C816,184,80807116|0386|C816|2026-01-12|net demand for net demand for safety|024743,2026-01-12,2026-01-13,delivery_shipment
2026-01-12,80848021,0386,C816,3,80848021|0386|C816|2026-01-12|net demand for net demand for safety|024909,2026-01-12,2026-01-13,delivery_shipment
2026-01-12,80848021,0386,C816,119,80848021|0386|C816|2026-01-12|net demand for net demand for safety|024910,2026-01-12,2026-01-14,delivery_shipment
2026-01-12,80848027,0386,C816,4,80848027|0386|C816|2026-01-12|net demand for net demand for safety|025102,2026-01-12,2026-01-13,delivery_shipment
2026-01-12,80848021,0386,C816,81,80848021|0386|C816|2026-01-12|net demand for net demand for net demand for safety|024908,2026-01-12,2026-01-13,delivery_shipment
2026-01-12,21113405,0386,C816,154,21113405|0386|C816|2026-01-12|push replenishment|023734,2026-01-12,2026-01-13,delivery_shipment
2026-01-12,21128377,0386,C816,102,21128377|0386|C816|2026-01-12|push replenishment|023784,2026-01-12,2026-01-13,delivery_shipment
2026-01-12,21141769,0386,C816,22,21141769|0386|C816|2026-01-12|push replenishment|023995,2026-01-12,2026-01-13,delivery_shipment
2026-01-12,21143102,0386,C816,131,21143102|0386|C816|2026-01-12|push replenishment|024024,2026-01-12,2026-01-13,delivery_shipment
2026-01-12,21255844,0386,C816,181,21255844|0386|C816|2026-01-12|push replenishment|024074,2026-01-12,2026-01-13,delivery_shipment
2026-01-12,80804138,0386,C816,82,80804138|0386|C816|2026-01-12|push replenishment|024305,2026-01-12,2026-01-13,delivery_shipment
2026-01-12,80807116,0386,C816,152,80807116|0386|C816|2026-01-12|push replenishment|024745,2026-01-12,2026-01-13,delivery_shipment
2026-01-12,80848021,0386,C816,463,80848021|0386|C816|2026-01-12|push replenishment|024912,2026-01-12,2026-01-13,delivery_shipment
2026-01-12,80848027,0386,C816,63,80848027|0386|C816|2026-01-12|push replenishment|025104,2026-01-12,2026-01-13,delivery_shipment
2026-01-12,80848025,C816,A673,1,80848025|C816|A673|2026-01-12|net demand for AO|024968,2026-01-12,2026-01-16,delivery_shipment
2026-01-12,80848025,C816,A673,1,80848025|C816|A673|2026-01-12|net demand for AO|024969,2026-01-12,2026-01-16,delivery_shipment
2026-01-12,80848025,C816,A673,1,80848025|C816|A673|2026-01-12|net demand for AO|024970,2026-01-12,2026-01-16,delivery_shipment
2026-01-12,80848025,C816,A673,1,80848025|C816|A673|2026-01-12|net demand for AO|024971,2026-01-12,2026-01-16,delivery_shipment
2026-01-12,80848025,C816,A673,1,80848025|C816|A673|2026-01-12|net demand for AO|024972,2026-01-12,2026-01-16,delivery_shipment
2026-01-12,80848025,C816,A673,1,80848025|C816|A673|2026-01-12|net demand for AO|024973,2026-01-12,2026-01-16,delivery_shipment
2026-01-12,80848025,C816,A673,1,80848025|C816|A673|2026-01-12|net demand for AO|024974,2026-01-12,2026-01-16,delivery_shipment
2026-01-12,80848025,C816,A673,1,80848025|C816|A673|2026-01-12|net demand for AO|024975,2026-01-12,2026-01-16,delivery_shipment
2026-01-12,80848025,C816,A673,2,80848025|C816|A673|2026-01-12|net demand for AO|024976,2026-01-12,2026-01-16,delivery_shipment
2026-01-12,80804698,C816,A673,1,80804698|C816|A673|2026-01-12|net demand for forecast|024332,2026-01-12,2026-01-16,delivery_shipment
2026-01-12,80804698,C816,A673,1,80804698|C816|A673|2026-01-12|net demand for forecast|024333,2026-01-12,2026-01-16,delivery_shipment
2026-01-12,80848025,C816,A673,1,80848025|C816|A673|2026-01-12|net demand for forecast|024977,2026-01-12,2026-01-16,delivery_shipment
2026-01-12,80848025,C816,A673,1,80848025|C816|A673|2026-01-12|net demand for forecast|024978,2026-01-12,2026-01-16,delivery_shipment
2026-01-12,80848025,C816,A673,1,80848025|C816|A673|2026-01-12|net demand for forecast|024979,2026-01-12,2026-01-17,delivery_shipment
2026-01-12,80848025,C816,A673,1,80848025|C816|A673|2026-01-12|net demand for forecast|024980,2026-01-12,2026-01-16,delivery_shipment
2026-01-12,80848025,C816,A673,1,80848025|C816|A673|2026-01-12|net demand for forecast|024981,2026-01-12,2026-01-16,delivery_shipment
2026-01-12,80848025,C816,A673,1,80848025|C816|A673|2026-01-12|net demand for forecast|024982,2026-01-12,2026-01-16,delivery_shipment
2026-01-12,80864469,C816,A673,1,80864469|C816|A673|2026-01-12|net demand for forecast|025135,2026-01-12,2026-01-16,delivery_shipment
2026-01-12,80864469,C816,A673,2,80864469|C816|A673|2026-01-12|net demand for forecast|025136,2026-01-12,2026-01-16,delivery_shipment
2026-01-12,80864469,C816,A673,2,80864469|C816|A673|2026-01-12|net demand for forecast|025137,2026-01-12,2026-01-16,delivery_shipment
2026-01-12,80864469,C816,A673,2,80864469|C816|A673|2026-01-12|net demand for forecast|025138,2026-01-12,2026-01-17,delivery_shipment
2026-01-12,80864469,C816,A673,2,80864469|C816|A673|2026-01-12|net demand for forecast|025139,2026-01-12,2026-01-16,delivery_shipment
2026-01-12,80864469,C816,A673,2,80864469|C816|A673|2026-01-12|net demand for forecast|025140,2026-01-12,2026-01-16,delivery_shipment
2026-01-12,80804698,C816,A673,1,80804698|C816|A673|2026-01-12|net demand for net demand for forecast|024334,2026-01-12,2026-01-16,delivery_shipment
2026-01-12,80804698,C816,A673,1,80804698|C816|A673|2026-01-12|net demand for net demand for forecast|024335,2026-01-12,2026-01-16,delivery_shipment
2026-01-12,80804698,C816,A673,1,80804698|C816|A673|2026-01-12|net demand for net demand for forecast|024336,2026-01-12,2026-01-16,delivery_shipment
2026-01-12,80804705,C816,A673,1,80804705|C816|A673|2026-01-12|net demand for net demand for forecast|024415,2026-01-12,2026-01-16,delivery_shipment
2026-01-12,80804705,C816,A673,1,80804705|C816|A673|2026-01-12|net demand for net demand for forecast|024416,2026-01-12,2026-01-16,delivery_shipment
2026-01-12,80804705,C816,A673,1,80804705|C816|A673|2026-01-12|net demand for net demand for forecast|024417,2026-01-12,2026-01-16,delivery_shipment
2026-01-12,80804705,C816,A673,1,80804705|C816|A673|2026-01-12|net demand for net demand for forecast|024418,2026-01-12,2026-01-16,delivery_shipment
2026-01-12,80804705,C816,A673,1,80804705|C816|A673|2026-01-12|net demand for net demand for forecast|024419,2026-01-12,2026-01-16,delivery_shipment
2026-01-12,80804705,C816,A673,3,80804705|C816|A673|2026-01-12|net demand for net demand for forecast|024420,2026-01-12,2026-01-17,delivery_shipment
2026-01-12,80804705,C816,A673,3,80804705|C816|A673|2026-01-12|net demand for net demand for forecast|024421,2026-01-12,2026-01-16,delivery_shipment
2026-01-12,80804705,C816,A673,3,80804705|C816|A673|2026-01-12|net demand for net demand for forecast|024422,2026-01-12,2026-01-16,delivery_shipment
2026-01-12,80804705,C816,A673,3,80804705|C816|A673|2026-01-12|net demand for net demand for forecast|024423,2026-01-12,2026-01-16,delivery_shipment
2026-01-12,80804705,C816,A673,3,80804705|C816|A673|2026-01-12|net demand for net demand for forecast|024424,2026-01-12,2026-01-17,delivery_shipment
2026-01-12,80804705,C816,A673,3,80804705|C816|A673|2026-01-12|net demand for net demand for forecast|024425,2026-01-12,2026-01-17,delivery_shipment
2026-01-12,80804705,C816,A673,14,80804705|C816|A673|2026-01-12|net demand for net demand for forecast|024426,2026-01-12,2026-01-16,delivery_shipment
2026-01-12,80804705,C816,A673,14,80804705|C816|A673|2026-01-12|net demand for net demand for forecast|024427,2026-01-12,2026-01-16,delivery_shipment
2026-01-12,80804705,C816,A673,15,80804705|C816|A673|2026-01-12|net demand for net demand for forecast|024428,2026-01-12,2026-01-16,delivery_shipment
2026-01-12,80804705,C816,A673,15,80804705|C816|A673|2026-01-12|net demand for net demand for forecast|024429,2026-01-12,2026-01-16,delivery_shipment
2026-01-12,21307836,C816,A673,19,21307836|C816|A673|2026-01-12|net demand for safety|024083,2026-01-12,2026-01-16,delivery_shipment
2026-01-12,21425098,C816,A673,10,21425098|C816|A673|2026-01-12|net demand for safety|024155,2026-01-12,2026-01-16,delivery_shipment
2026-01-12,21442896,C816,A673,28,21442896|C816|A673|2026-01-12|net demand for safety|024157,2026-01-12,2026-01-16,delivery_shipment
2026-01-12,21442897,C816,A673,70,21442897|C816|A673|2026-01-12|net demand for safety|024166,2026-01-12,2026-01-16,delivery_shipment
2026-01-12,80807117,C816,A673,5,80807117|C816|A673|2026-01-12|net demand for safety|024751,2026-01-12,2026-01-16,delivery_shipment
2026-01-12,80848025,C816,A673,8,80848025|C816|A673|2026-01-12|net demand for safety|024983,2026-01-12,2026-01-16,delivery_shipment
2026-01-12,80864469,C816,A673,263,80864469|C816|A673|2026-01-12|net demand for safety|025141,2026-01-12,2026-01-16,delivery_shipment
2026-01-12,80884846,C816,A673,4,80884846|C816|A673|2026-01-12|net demand for safety|025161,2026-01-12,2026-01-16,delivery_shipment
2026-01-12,80885920,C816,A673,87,80885920|C816|A673|2026-01-12|net demand for safety|025171,2026-01-12,2026-01-16,delivery_shipment
2026-01-12,21139445,C816,A673,33,21139445|C816|A673|2026-01-12|net demand for net demand for safety|023896,2026-01-12,2026-01-16,delivery_shipment
2026-01-12,80804703,C816,A673,2,80804703|C816|A673|2026-01-12|net demand for net demand for safety|024347,2026-01-12,2026-01-16,delivery_shipment
2026-01-12,80804705,C816,A673,162,80804705|C816|A673|2026-01-12|net demand for net demand for safety|024430,2026-01-12,2026-01-17,delivery_shipment
2026-01-12,80804706,C816,A673,21,80804706|C816|A673|2026-01-12|net demand for net demand for safety|024468,2026-01-12,2026-01-16,delivery_shipment
2026-01-12,80807093,C816,A673,4,80807093|C816|A673|2026-01-12|net demand for net demand for safety|024512,2026-01-12,2026-01-16,delivery_shipment
2026-01-12,21141769,0386,A680,1,21141769|0386|A680|2026-01-12|net demand for forecast|023928,2026-01-12,2026-01-19,delivery_shipment
2026-01-12,21141769,0386,A680,1,21141769|0386|A680|2026-01-12|net demand for forecast|023929,2026-01-12,2026-01-19,delivery_shipment
2026-01-12,21141769,0386,A680,1,21141769|0386|A680|2026-01-12|net demand for forecast|023930,2026-01-12,2026-01-19,delivery_shipment
2026-01-12,21141769,0386,A680,1,21141769|0386|A680|2026-01-12|net demand for forecast|023931,2026-01-12,2026-01-19,delivery_shipment
2026-01-12,21141769,0386,A680,1,21141769|0386|A680|2026-01-12|net demand for forecast|023932,2026-01-12,2026-01-20,delivery_shipment
2026-01-12,21141769,0386,A680,1,21141769|0386|A680|2026-01-12|net demand for forecast|023933,2026-01-12,2026-01-19,delivery_shipment
2026-01-12,21141769,0386,A680,1,21141769|0386|A680|2026-01-12|net demand for forecast|023934,2026-01-12,2026-01-20,delivery_shipment
2026-01-12,21141769,0386,A680,1,21141769|0386|A680|2026-01-12|net demand for forecast|023935,2026-01-12,2026-01-19,delivery_shipment
2026-01-12,21141769,0386,A680,1,21141769|0386|A680|2026-01-12|net demand for forecast|023936,2026-01-12,2026-01-19,delivery_shipment
2026-01-12,21141769,0386,A680,1,21141769|0386|A680|2026-01-12|net demand for forecast|023937,2026-01-12,2026-01-20,delivery_shipment
2026-01-12,21141769,0386,A680,1,21141769|0386|A680|2026-01-12|net demand for forecast|023938,2026-01-12,2026-01-19,delivery_shipment
2026-01-12,21141769,0386,A680,1,21141769|0386|A680|2026-01-12|net demand for forecast|023939,2026-01-12,2026-01-19,delivery_shipment
2026-01-12,21143102,0386,A680,1,21143102|0386|A680|2026-01-12|net demand for forecast|024008,2026-01-12,2026-01-19,delivery_shipment
2026-01-12,21143102,0386,A680,1,21143102|0386|A680|2026-01-12|net demand for forecast|024009,2026-01-12,2026-01-19,delivery_shipment
2026-01-12,21143102,0386,A680,1,21143102|0386|A680|2026-01-12|net demand for forecast|024010,2026-01-12,2026-01-19,delivery_shipment
2026-01-12,21143102,0386,A680,1,21143102|0386|A680|2026-01-12|net demand for forecast|024011,2026-01-12,2026-01-19,delivery_shipment
2026-01-12,21143102,0386,A680,1,21143102|0386|A680|2026-01-12|net demand for forecast|024012,2026-01-12,2026-01-19,delivery_shipment
2026-01-12,21143102,0386,A680,1,21143102|0386|A680|2026-01-12|net demand for forecast|024013,2026-01-12,2026-01-19,delivery_shipment
2026-01-12,21143102,0386,A680,1,21143102|0386|A680|2026-01-12|net demand for forecast|024014,2026-01-12,2026-01-19,delivery_shipment
2026-01-12,21143102,0386,A680,1,21143102|0386|A680|2026-01-12|net demand for forecast|024015,2026-01-12,2026-01-19,delivery_shipment
2026-01-12,21143102,0386,A680,1,21143102|0386|A680|2026-01-12|net demand for forecast|024016,2026-01-12,2026-01-19,delivery_shipment
2026-01-12,21143102,0386,A680,1,21143102|0386|A680|2026-01-12|net demand for forecast|024017,2026-01-12,2026-01-19,delivery_shipment
2026-01-12,21143102,0386,A680,1,21143102|0386|A680|2026-01-12|net demand for forecast|024018,2026-01-12,2026-01-19,delivery_shipment
2026-01-12,21143102,0386,A680,1,21143102|0386|A680|2026-01-12|net demand for forecast|024019,2026-01-12,2026-01-20,delivery_shipment
2026-01-12,80807116,0386,A680,3,80807116|0386|A680|2026-01-12|net demand for forecast|024638,2026-01-12,2026-01-19,delivery_shipment
2026-01-12,80807116,0386,A680,9,80807116|0386|A680|2026-01-12|net demand for forecast|024639,2026-01-12,2026-01-19,delivery_shipment
2026-01-12,80807116,0386,A680,10,80807116|0386|A680|2026-01-12|net demand for forecast|024640,2026-01-12,2026-01-19,delivery_shipment
2026-01-12,80807116,0386,A680,11,80807116|0386|A680|2026-01-12|net demand for forecast|024641,2026-01-12,2026-01-19,delivery_shipment
2026-01-12,80807116,0386,A680,11,80807116|0386|A680|2026-01-12|net demand for forecast|024642,2026-01-12,2026-01-20,delivery_shipment
2026-01-12,80807116,0386,A680,11,80807116|0386|A680|2026-01-12|net demand for forecast|024643,2026-01-12,2026-01-19,delivery_shipment
2026-01-12,80807116,0386,A680,11,80807116|0386|A680|2026-01-12|net demand for forecast|024644,2026-01-12,2026-01-19,delivery_shipment
2026-01-12,80807116,0386,A680,11,80807116|0386|A680|2026-01-12|net demand for forecast|024645,2026-01-12,2026-01-19,delivery_shipment
2026-01-12,80807116,0386,A680,11,80807116|0386|A680|2026-01-12|net demand for forecast|024646,2026-01-12,2026-01-19,delivery_shipment
2026-01-12,80807116,0386,A680,11,80807116|0386|A680|2026-01-12|net demand for forecast|024647,2026-01-12,2026-01-19,delivery_shipment
2026-01-12,80807116,0386,A680,11,80807116|0386|A680|2026-01-12|net demand for forecast|024648,2026-01-12,2026-01-19,delivery_shipment
2026-01-12,80807116,0386,A680,11,80807116|0386|A680|2026-01-12|net demand for forecast|024649,2026-01-12,2026-01-19,delivery_shipment
2026-01-12,80848027,0386,A680,1,80848027|0386|A680|2026-01-12|net demand for forecast|025075,2026-01-12,2026-01-19,delivery_shipment
2026-01-12,80848027,0386,A680,1,80848027|0386|A680|2026-01-12|net demand for forecast|025076,2026-01-12,2026-01-19,delivery_shipment
2026-01-12,80848027,0386,A680,1,80848027|0386|A680|2026-01-12|net demand for forecast|025077,2026-01-12,2026-01-19,delivery_shipment
2026-01-12,80848027,0386,A680,1,80848027|0386|A680|2026-01-12|net demand for forecast|025078,2026-01-12,2026-01-19,delivery_shipment
2026-01-12,80848027,0386,A680,1,80848027|0386|A680|2026-01-12|net demand for forecast|025079,2026-01-12,2026-01-20,delivery_shipment
2026-01-12,80848027,0386,A680,1,80848027|0386|A680|2026-01-12|net demand for forecast|025080,2026-01-12,2026-01-19,delivery_shipment
2026-01-12,80848027,0386,A680,1,80848027|0386|A680|2026-01-12|net demand for forecast|025081,2026-01-12,2026-01-20,delivery_shipment
2026-01-12,21128377,0386,A680,31,21128377|0386|A680|2026-01-12|net demand for safety|023775,2026-01-12,2026-01-19,delivery_shipment
2026-01-12,21132988,0386,A680,2,21132988|0386|A680|2026-01-12|net demand for safety|023794,2026-01-12,2026-01-19,delivery_shipment
2026-01-12,21141769,0386,A680,29,21141769|0386|A680|2026-01-12|net demand for safety|023940,2026-01-12,2026-01-19,delivery_shipment
2026-01-12,21143102,0386,A680,28,21143102|0386|A680|2026-01-12|net demand for safety|024020,2026-01-12,2026-01-19,delivery_shipment
2026-01-12,80807116,0386,A680,213,80807116|0386|A680|2026-01-12|net demand for safety|024650,2026-01-12,2026-01-19,delivery_shipment
2026-01-12,80848027,0386,A680,6,80848027|0386|A680|2026-01-12|net demand for safety|025082,2026-01-12,2026-01-19,delivery_shipment
2026-01-12,21113405,0386,A680,39,21113405|0386|A680|2026-01-12|push replenishment|023729,2026-01-12,2026-01-19,delivery_shipment
2026-01-12,21128377,0386,A680,49,21128377|0386|A680|2026-01-12|push replenishment|023776,2026-01-12,2026-01-19,delivery_shipment
2026-01-12,21141769,0386,A680,5,21141769|0386|A680|2026-01-12|push replenishment|023941,2026-01-12,2026-01-19,delivery_shipment
2026-01-12,21143102,0386,A680,63,21143102|0386|A680|2026-01-12|push replenishment|024021,2026-01-12,2026-01-19,delivery_shipment
2026-01-12,21255844,0386,A680,7,21255844|0386|A680|2026-01-12|push replenishment|024064,2026-01-12,2026-01-19,delivery_shipment
2026-01-12,80804138,0386,A680,73,80804138|0386|A680|2026-01-12|push replenishment|024280,2026-01-12,2026-01-19,delivery_shipment
2026-01-12,80807116,0386,A680,202,80807116|0386|A680|2026-01-12|push replenishment|024651,2026-01-12,2026-01-19,delivery_shipment
2026-01-12,80848027,0386,A680,63,80848027|0386|A680|2026-01-12|push replenishment|025083,2026-01-12,2026-01-19,delivery_shipment
2026-01-12,21132988,0386,C810,1,21132988|0386|C810|2026-01-12|net demand for forecast|023815,2026-01-12,2026-01-15,delivery_shipment
2026-01-12,21132988,0386,C810,1,21132988|0386|C810|2026-01-12|net demand for forecast|023816,2026-01-12,2026-01-14,delivery_shipment
2026-01-12,21132988,0386,C810,1,21132988|0386|C810|2026-01-12|net demand for forecast|023817,2026-01-12,2026-01-14,delivery_shipment
2026-01-12,21132988,0386,C810,1,21132988|0386|C810|2026-01-12|net demand for forecast|023818,2026-01-12,2026-01-15,delivery_shipment
2026-01-12,21132988,0386,C810,2,21132988|0386|C810|2026-01-12|net demand for forecast|023819,2026-01-12,2026-01-14,delivery_shipment
2026-01-12,21132988,0386,C810,2,21132988|0386|C810|2026-01-12|net demand for forecast|023820,2026-01-12,2026-01-14,delivery_shipment
2026-01-12,21132988,0386,C810,2,21132988|0386|C810|2026-01-12|net demand for forecast|023821,2026-01-12,2026-01-14,delivery_shipment
2026-01-12,80804138,0386,C810,1,80804138|0386|C810|2026-01-12|net demand for forecast|024283,2026-01-12,2026-01-14,delivery_shipment
2026-01-12,80804138,0386,C810,1,80804138|0386|C810|2026-01-12|net demand for forecast|024284,2026-01-12,2026-01-14,delivery_shipment
2026-01-12,80804138,0386,C810,1,80804138|0386|C810|2026-01-12|net demand for forecast|024285,2026-01-12,2026-01-14,delivery_shipment
2026-01-12,80804138,0386,C810,1,80804138|0386|C810|2026-01-12|net demand for forecast|024286,2026-01-12,2026-01-14,delivery_shipment
2026-01-12,80807116,0386,C810,1,80807116|0386|C810|2026-01-12|net demand for forecast|024718,2026-01-12,2026-01-14,delivery_shipment
2026-01-12,80807116,0386,C810,1,80807116|0386|C810|2026-01-12|net demand for forecast|024719,2026-01-12,2026-01-15,delivery_shipment
2026-01-12,80807116,0386,C810,1,80807116|0386|C810|2026-01-12|net demand for forecast|024720,2026-01-12,2026-01-14,delivery_shipment
2026-01-12,80807116,0386,C810,1,80807116|0386|C810|2026-01-12|net demand for forecast|024721,2026-01-12,2026-01-14,delivery_shipment
2026-01-12,80807116,0386,C810,1,80807116|0386|C810|2026-01-12|net demand for forecast|024722,2026-01-12,2026-01-14,delivery_shipment
2026-01-12,80807116,0386,C810,1,80807116|0386|C810|2026-01-12|net demand for forecast|024723,2026-01-12,2026-01-14,delivery_shipment
2026-01-12,80807116,0386,C810,1,80807116|0386|C810|2026-01-12|net demand for forecast|024724,2026-01-12,2026-01-14,delivery_shipment
2026-01-12,80848021,0386,C810,1,80848021|0386|C810|2026-01-12|net demand for forecast|024864,2026-01-12,2026-01-14,delivery_shipment
2026-01-12,21255844,0386,C810,1,21255844|0386|C810|2026-01-12|net demand for net demand for forecast|024065,2026-01-12,2026-01-14,delivery_shipment
2026-01-12,21255844,0386,C810,1,21255844|0386|C810|2026-01-12|net demand for net demand for forecast|024066,2026-01-12,2026-01-14,delivery_shipment
2026-01-12,21255844,0386,C810,1,21255844|0386|C810|2026-01-12|net demand for net demand for forecast|024067,2026-01-12,2026-01-14,delivery_shipment
2026-01-12,21255844,0386,C810,1,21255844|0386|C810|2026-01-12|net demand for net demand for forecast|024068,2026-01-12,2026-01-14,delivery_shipment
2026-01-12,21255844,0386,C810,1,21255844|0386|C810|2026-01-12|net demand for net demand for forecast|024069,2026-01-12,2026-01-14,delivery_shipment
2026-01-12,21255844,0386,C810,1,21255844|0386|C810|2026-01-12|net demand for net demand for forecast|024070,2026-01-12,2026-01-14,delivery_shipment
2026-01-12,21255844,0386,C810,1,21255844|0386|C810|2026-01-12|net demand for net demand for forecast|024071,2026-01-12,2026-01-14,delivery_shipment
2026-01-12,80804138,0386,C810,1,80804138|0386|C810|2026-01-12|net demand for net demand for forecast|024287,2026-01-12,2026-01-14,delivery_shipment
2026-01-12,80804138,0386,C810,1,80804138|0386|C810|2026-01-12|net demand for net demand for forecast|024288,2026-01-12,2026-01-14,delivery_shipment
2026-01-12,80804138,0386,C810,1,80804138|0386|C810|2026-01-12|net demand for net demand for forecast|024289,2026-01-12,2026-01-14,delivery_shipment
2026-01-12,80804138,0386,C810,1,80804138|0386|C810|2026-01-12|net demand for net demand for forecast|024290,2026-01-12,2026-01-14,delivery_shipment
2026-01-12,80807116,0386,C810,5,80807116|0386|C810|2026-01-12|net demand for net demand for forecast|024725,2026-01-12,2026-01-14,delivery_shipment
2026-01-12,80807116,0386,C810,5,80807116|0386|C810|2026-01-12|net demand for net demand for forecast|024726,2026-01-12,2026-01-14,delivery_shipment
2026-01-12,80807116,0386,C810,5,80807116|0386|C810|2026-01-12|net demand for net demand for forecast|024727,2026-01-12,2026-01-14,delivery_shipment
2026-01-12,80807116,0386,C810,5,80807116|0386|C810|2026-01-12|net demand for net demand for forecast|024728,2026-01-12,2026-01-14,delivery_shipment
2026-01-12,80807116,0386,C810,7,80807116|0386|C810|2026-01-12|net demand for net demand for forecast|024729,2026-01-12,2026-01-14,delivery_shipment
2026-01-12,80807116,0386,C810,7,80807116|0386|C810|2026-01-12|net demand for net demand for forecast|024730,2026-01-12,2026-01-14,delivery_shipment
2026-01-12,80807116,0386,C810,7,80807116|0386|C810|2026-01-12|net demand for net demand for forecast|024731,2026-01-12,2026-01-14,delivery_shipment
2026-01-12,80807116,0386,C810,7,80807116|0386|C810|2026-01-12|net demand for net demand for forecast|024732,2026-01-12,2026-01-14,delivery_shipment
2026-01-12,80807116,0386,C810,7,80807116|0386|C810|2026-01-12|net demand for net demand for forecast|024733,2026-01-12,2026-01-14,delivery_shipment
2026-01-12,80807116,0386,C810,8,80807116|0386|C810|2026-01-12|net demand for net demand for forecast|024734,2026-01-12,2026-01-15,delivery_shipment
2026-01-12,80807116,0386,C810,8,80807116|0386|C810|2026-01-12|net demand for net demand for forecast|024735,2026-01-12,2026-01-14,delivery_shipment
2026-01-12,21113405,0386,C810,1,21113405|0386|C810|2026-01-12|net demand for safety|023732,2026-01-12,2026-01-15,delivery_shipment
2026-01-12,21128377,0386,C810,7,21128377|0386|C810|2026-01-12|net demand for safety|023781,2026-01-12,2026-01-14,delivery_shipment
2026-01-12,21132988,0386,C810,3,21132988|0386|C810|2026-01-12|net demand for safety|023822,2026-01-12,2026-01-14,delivery_shipment
2026-01-12,21141769,0386,C810,16,21141769|0386|C810|2026-01-12|net demand for safety|023983,2026-01-12,2026-01-14,delivery_shipment
2026-01-12,80804138,0386,C810,4,80804138|0386|C810|2026-01-12|net demand for safety|024293,2026-01-12,2026-01-14,delivery_shipment
2026-01-12,80807116,0386,C810,113,80807116|0386|C810|2026-01-12|net demand for safety|024738,2026-01-12,2026-01-14,delivery_shipment
2026-01-12,80807118,0386,C810,1,80807118|0386|C810|2026-01-12|net demand for safety|024757,2026-01-12,2026-01-14,delivery_shipment
2026-01-12,80848021,0386,C810,2,80848021|0386|C810|2026-01-12|net demand for safety|024865,2026-01-12,2026-01-14,delivery_shipment
2026-01-12,21128377,0386,C810,5,21128377|0386|C810|2026-01-12|net demand for net demand for safety|023779,2026-01-12,2026-01-14,delivery_shipment
2026-01-12,21128377,0386,C810,9,21128377|0386|C810|2026-01-12|net demand for net demand for safety|023780,2026-01-12,2026-01-14,delivery_shipment
2026-01-12,21141769,0386,C810,18,21141769|0386|C810|2026-01-12|net demand for net demand for safety|023981,2026-01-12,2026-01-14,delivery_shipment
2026-01-12,21141769,0386,C810,51,21141769|0386|C810|2026-01-12|net demand for net demand for safety|023982,2026-01-12,2026-01-14,delivery_shipment
2026-01-12,21143103,0386,C810,3,21143103|0386|C810|2026-01-12|net demand for net demand for safety|024025,2026-01-12,2026-01-14,delivery_shipment
2026-01-12,21255844,0386,C810,70,21255844|0386|C810|2026-01-12|net demand for net demand for safety|024072,2026-01-12,2026-01-14,delivery_shipment
2026-01-12,80804138,0386,C810,12,80804138|0386|C810|2026-01-12|net demand for net demand for safety|024291,2026-01-12,2026-01-14,delivery_shipment
2026-01-12,80804138,0386,C810,17,80804138|0386|C810|2026-01-12|net demand for net demand for safety|024292,2026-01-12,2026-01-14,delivery_shipment
2026-01-12,80807090,0386,C810,3,80807090|0386|C810|2026-01-12|net demand for net demand for safety|024488,2026-01-12,2026-01-14,delivery_shipment
2026-01-12,80807113,0386,C810,1,80807113|0386|C810|2026-01-12|net demand for net demand for safety|024556,2026-01-12,2026-01-15,delivery_shipment
2026-01-12,80807116,0386,C810,67,80807116|0386|C810|2026-01-12|net demand for net demand for safety|024736,2026-01-12,2026-01-14,delivery_shipment
2026-01-12,80807116,0386,C810,93,80807116|0386|C810|2026-01-12|net demand for net demand for safety|024737,2026-01-12,2026-01-14,delivery_shipment
2026-01-12,21113405,0386,C810,8,21113405|0386|C810|2026-01-12|push replenishment|023733,2026-01-12,2026-01-14,delivery_shipment
2026-01-12,21128377,0386,C810,6,21128377|0386|C810|2026-01-12|push replenishment|023782,2026-01-12,2026-01-14,delivery_shipment
2026-01-12,21141769,0386,C810,3,21141769|0386|C810|2026-01-12|push replenishment|023984,2026-01-12,2026-01-14,delivery_shipment
2026-01-12,80804138,0386,C810,5,80804138|0386|C810|2026-01-12|push replenishment|024294,2026-01-12,2026-01-14,delivery_shipment
2026-01-12,80807116,0386,C810,86,80807116|0386|C810|2026-01-12|push replenishment|024739,2026-01-12,2026-01-14,delivery_shipment
2026-01-12,80848021,0386,C810,40,80848021|0386|C810|2026-01-12|push replenishment|024866,2026-01-12,2026-01-15,delivery_shipment
