date,material,receiving,quantity,ori_deployment_uid,vehicle_uid,actual_ship_date
2026-02-08,21132758,A716,1,21132758|0386|A716|2026-01-24|net demand for forecast|039277,20260124-0386-A716-Train-#1,2026-01-24
2026-02-08,21132758,A716,1,21132758|0386|A716|2026-01-24|net demand for forecast|039278,20260124-0386-A716-Train-#1,2026-01-24
2026-02-08,21132758,A716,1,21132758|0386|A716|2026-01-24|net demand for forecast|039281,20260124-0386-A716-Train-#1,2026-01-24
2026-02-08,21132758,A716,1,21132758|0386|A716|2026-01-24|net demand for forecast|039284,20260124-0386-A716-Train-#1,2026-01-24
2026-02-08,21162696,A716,1,21162696|0386|A716|2026-01-24|net demand for forecast|039449,20260124-0386-A716-Train-#1,2026-01-24
2026-02-08,80807122,A716,1,80807122|0386|A716|2026-01-24|net demand for forecast|040015,20260124-0386-A716-Train-#1,2026-01-24
2026-02-08,80807122,A716,1,80807122|0386|A716|2026-01-24|net demand for forecast|040022,20260124-0386-A716-Train-#1,2026-01-24
2026-02-08,80807122,A716,1,80807122|0386|A716|2026-01-24|net demand for forecast|040026,20260124-0386-A716-Train-#1,2026-01-24
2026-02-08,80812099,A716,1,80812099|0386|A716|2026-01-24|net demand for forecast|040114,20260124-0386-A716-Train-#1,2026-01-24
2026-02-08,80838162,A716,1,80838162|0386|A716|2026-01-25|net demand for forecast|041502,20260125-0386-A716-Train-#1,2026-01-25
2026-02-08,80838162,A716,1,80838162|0386|A716|2026-01-25|net demand for forecast|041503,20260125-0386-A716-Train-#1,2026-01-25
2026-02-08,80838162,A716,1,80838162|0386|A716|2026-01-25|net demand for forecast|041504,20260125-0386-A716-Train-#1,2026-01-25
2026-02-08,80838162,A716,1,80838162|0386|A716|2026-01-25|net demand for forecast|041505,20260125-0386-A716-Train-#1,2026-01-25
2026-02-08,80838162,A716,1,80838162|0386|A716|2026-01-25|net demand for forecast|041506,20260125-0386-A716-Train-#1,2026-01-25
2026-02-08,80838162,A716,1,80838162|0386|A716|2026-01-25|net demand for forecast|041507,20260125-0386-A716-Train-#1,2026-01-25
2026-02-08,80838162,A716,1,80838162|0386|A716|2026-01-25|net demand for forecast|041508,20260125-0386-A716-Train-#1,2026-01-25
2026-02-08,80838162,A716,1,80838162|0386|A716|2026-01-25|net demand for forecast|041509,20260125-0386-A716-Train-#1,2026-01-25
2026-02-08,80838162,A716,1,80838162|0386|A716|2026-01-25|net demand for forecast|041510,20260125-0386-A716-Train-#1,2026-01-25
2026-02-08,80838164,A716,1,80838164|0386|A716|2026-01-25|net demand for forecast|041581,20260125-0386-A716-Train-#1,2026-01-25
2026-02-08,80838164,A716,1,80838164|0386|A716|2026-01-25|net demand for forecast|041582,20260125-0386-A716-Train-#1,2026-01-25
2026-02-08,80838164,A716,1,80838164|0386|A716|2026-01-25|net demand for forecast|041583,20260125-0386-A716-Train-#1,2026-01-25
2026-02-08,80838164,A716,1,80838164|0386|A716|2026-01-25|net demand for forecast|041584,20260125-0386-A716-Train-#1,2026-01-25
2026-02-08,80838164,A716,1,80838164|0386|A716|2026-01-25|net demand for forecast|041585,20260125-0386-A716-Train-#1,2026-01-25
2026-02-08,80838164,A716,1,80838164|0386|A716|2026-01-25|net demand for forecast|041586,20260125-0386-A716-Train-#1,2026-01-25
2026-02-08,80838164,A716,1,80838164|0386|A716|2026-01-25|net demand for forecast|041587,20260125-0386-A716-Train-#1,2026-01-25
2026-02-08,80838164,A716,1,80838164|0386|A716|2026-01-25|net demand for forecast|041588,20260125-0386-A716-Train-#1,2026-01-25
2026-02-08,80838164,A716,1,80838164|0386|A716|2026-01-25|net demand for forecast|041589,20260125-0386-A716-Train-#1,2026-01-25
2026-02-08,80838164,A716,1,80838164|0386|A716|2026-01-25|net demand for forecast|041590,20260125-0386-A716-Train-#1,2026-01-25
2026-02-08,80838164,A716,1,80838164|0386|A716|2026-01-25|net demand for forecast|041591,20260125-0386-A716-Train-#1,2026-01-25
2026-02-08,80838164,A716,1,80838164|0386|A716|2026-01-25|net demand for forecast|041592,20260125-0386-A716-Train-#1,2026-01-25
2026-02-08,80838164,A716,1,80838164|0386|A716|2026-01-25|net demand for forecast|041593,20260125-0386-A716-Train-#1,2026-01-25
2026-02-08,80838164,A716,1,80838164|0386|A716|2026-01-25|net demand for forecast|041594,20260125-0386-A716-Train-#1,2026-01-25
2026-02-08,80838164,A716,1,80838164|0386|A716|2026-01-25|net demand for forecast|041595,20260125-0386-A716-Train-#1,2026-01-25
2026-02-08,21315474,A716,1,21315474|0386|A716|2026-01-25|net demand for safety|040824,20260125-0386-A716-Train-#1,2026-01-25
2026-02-08,80838162,A716,5,80838162|0386|A716|2026-01-25|net demand for safety|041511,20260125-0386-A716-Train-#1,2026-01-25
2026-02-08,80838164,A716,7,80838164|0386|A716|2026-01-25|net demand for safety|041596,20260125-0386-A716-Train-#1,2026-01-25
2026-02-08,21143102,A716,31,21143102|0386|A716|2026-01-25|push replenishment|040625,20260125-0386-A716-Train-#1,2026-01-25
2026-02-08,21314593,A716,39,21314593|0386|A716|2026-01-25|push replenishment|040721,20260125-0386-A716-Train-#1,2026-01-25
2026-02-08,21315352,A716,1,21315352|0386|A716|2026-01-25|push replenishment|040770,20260125-0386-A716-Train-#1,2026-01-25
2026-02-08,21315474,A716,122,21315474|0386|A716|2026-01-25|push replenishment|040825,20260125-0386-A716-Train-#1,2026-01-25
2026-02-08,80804127,A716,4,80804127|0386|A716|2026-01-25|push replenishment|040960,20260125-0386-A716-Train-#1,2026-01-25
2026-02-08,80804130,A716,7,80804130|0386|A716|2026-01-25|push replenishment|040981,20260125-0386-A716-Train-#1,2026-01-25
2026-02-08,80807119,A716,13,80807119|0386|A716|2026-01-25|push replenishment|041322,20260125-0386-A716-Train-#1,2026-01-25
2026-02-08,80838162,A716,205,80838162|0386|A716|2026-01-25|push replenishment|041512,20260125-0386-A716-Train-#1,2026-01-25
2026-02-08,80838164,A716,181,80838164|0386|A716|2026-01-25|push replenishment|041597,20260125-0386-A716-Train-#1,2026-01-25
2026-02-08,80848021,A716,538,80848021|0386|A716|2026-01-25|push replenishment|041621,20260125-0386-A716-Train-#1,2026-01-25
2026-02-08,80848023,A715,74,80848023|0386|A715|2026-01-28|net demand for safety|045009,20260128-0386-A715-Train-#1,2026-01-28
2026-02-08,80804701,A672,1,80804701|C816|A672|2026-01-30|net demand for normal|047169,20260131-C816-A672-Train-#1,2026-01-31
2026-02-08,80804701,A672,2,80804701|C816|A672|2026-01-31|net demand for normal|048536,20260131-C816-A672-Train-#1,2026-01-31
2026-02-08,21139445,A672,2,21139445|C816|A672|2026-01-29|net demand for forecast|045453,20260131-C816-A672-Train-#1,2026-01-31
2026-02-08,21139445,A672,2,21139445|C816|A672|2026-01-29|net demand for forecast|045455,20260131-C816-A672-Train-#1,2026-01-31
2026-02-08,21139445,A672,2,21139445|C816|A672|2026-01-29|net demand for forecast|045456,20260131-C816-A672-Train-#1,2026-01-31
2026-02-08,21139445,A672,2,21139445|C816|A672|2026-01-29|net demand for forecast|045458,20260131-C816-A672-Train-#1,2026-01-31
2026-02-08,21139445,A672,2,21139445|C816|A672|2026-01-29|net demand for forecast|045459,20260131-C816-A672-Train-#1,2026-01-31
2026-02-08,21307836,A672,1,21307836|C816|A672|2026-01-29|net demand for forecast|045612,20260131-C816-A672-Train-#1,2026-01-31
2026-02-08,21307836,A672,1,21307836|C816|A672|2026-01-29|net demand for forecast|045613,20260131-C816-A672-Train-#1,2026-01-31
2026-02-08,21307836,A672,1,21307836|C816|A672|2026-01-29|net demand for forecast|045614,20260131-C816-A672-Train-#1,2026-01-31
2026-02-08,21307836,A672,1,21307836|C816|A672|2026-01-29|net demand for forecast|045615,20260131-C816-A672-Train-#1,2026-01-31
2026-02-08,21307836,A672,1,21307836|C816|A672|2026-01-29|net demand for forecast|045616,20260131-C816-A672-Train-#1,2026-01-31
2026-02-08,21307836,A672,1,21307836|C816|A672|2026-01-29|net demand for forecast|045617,20260131-C816-A672-Train-#1,2026-01-31
2026-02-08,21307836,A672,1,21307836|C816|A672|2026-01-29|net demand for forecast|045618,20260131-C816-A672-Train-#1,2026-01-31
2026-02-08,21419485,A672,1,21419485|C816|A672|2026-01-29|net demand for forecast|045694,20260131-C816-A672-Train-#1,2026-01-31
2026-02-08,21419485,A672,1,21419485|C816|A672|2026-01-29|net demand for forecast|045695,20260131-C816-A672-Train-#1,2026-01-31
2026-02-08,21419485,A672,1,21419485|C816|A672|2026-01-29|net demand for forecast|045697,20260131-C816-A672-Train-#1,2026-01-31
2026-02-08,21419485,A672,1,21419485|C816|A672|2026-01-29|net demand for forecast|045698,20260131-C816-A672-Train-#1,2026-01-31
2026-02-08,21419485,A672,1,21419485|C816|A672|2026-01-29|net demand for forecast|045699,20260131-C816-A672-Train-#1,2026-01-31
2026-02-08,21419485,A672,1,21419485|C816|A672|2026-01-29|net demand for forecast|045700,20260131-C816-A672-Train-#1,2026-01-31
2026-02-08,21442896,A672,3,21442896|C816|A672|2026-01-29|net demand for forecast|045735,20260131-C816-A672-Train-#1,2026-01-31
2026-02-08,21442896,A672,3,21442896|C816|A672|2026-01-29|net demand for forecast|045736,20260131-C816-A672-Train-#1,2026-01-31
2026-02-08,21442896,A672,3,21442896|C816|A672|2026-01-29|net demand for forecast|045737,20260131-C816-A672-Train-#1,2026-01-31
2026-02-08,21442896,A672,4,21442896|C816|A672|2026-01-29|net demand for forecast|045738,20260131-C816-A672-Train-#1,2026-01-31
2026-02-08,21442896,A672,4,21442896|C816|A672|2026-01-29|net demand for forecast|045739,20260131-C816-A672-Train-#1,2026-01-31
2026-02-08,21442896,A672,4,21442896|C816|A672|2026-01-29|net demand for forecast|045740,20260131-C816-A672-Train-#1,2026-01-31
2026-02-08,21442897,A672,4,21442897|C816|A672|2026-01-29|net demand for forecast|045750,20260131-C816-A672-Train-#1,2026-01-31
2026-02-08,21442897,A672,4,21442897|C816|A672|2026-01-29|net demand for forecast|045751,20260131-C816-A672-Train-#1,2026-01-31
2026-02-08,21442897,A672,4,21442897|C816|A672|2026-01-29|net demand for forecast|045752,20260131-C816-A672-Train-#1,2026-01-31
2026-02-08,21442897,A672,5,21442897|C816|A672|2026-01-29|net demand for forecast|045753,20260131-C816-A672-Train-#1,2026-01-31
2026-02-08,21442897,A672,5,21442897|C816|A672|2026-01-29|net demand for forecast|045754,20260131-C816-A672-Train-#1,2026-01-31
2026-02-08,21442897,A672,5,21442897|C816|A672|2026-01-29|net demand for forecast|045755,20260131-C816-A672-Train-#1,2026-01-31
2026-02-08,80804698,A672,3,80804698|C816|A672|2026-01-29|net demand for forecast|045874,20260131-C816-A672-Train-#1,2026-01-31
2026-02-08,80804698,A672,3,80804698|C816|A672|2026-01-29|net demand for forecast|045875,20260131-C816-A672-Train-#1,2026-01-31
2026-02-08,80804698,A672,3,80804698|C816|A672|2026-01-29|net demand for forecast|045876,20260131-C816-A672-Train-#1,2026-01-31
2026-02-08,80804698,A672,3,80804698|C816|A672|2026-01-29|net demand for forecast|045878,20260131-C816-A672-Train-#1,2026-01-31
2026-02-08,80804698,A672,3,80804698|C816|A672|2026-01-29|net demand for forecast|045879,20260131-C816-A672-Train-#1,2026-01-31
2026-02-08,80804698,A672,3,80804698|C816|A672|2026-01-29|net demand for forecast|045880,20260131-C816-A672-Train-#1,2026-01-31
2026-02-08,80804701,A672,2,80804701|C816|A672|2026-01-29|net demand for forecast|045895,20260131-C816-A672-Train-#1,2026-01-31
2026-02-08,80804701,A672,2,80804701|C816|A672|2026-01-29|net demand for forecast|045896,20260131-C816-A672-Train-#1,2026-01-31
2026-02-08,80804701,A672,2,80804701|C816|A672|2026-01-29|net demand for forecast|045897,20260131-C816-A672-Train-#1,2026-01-31
2026-02-08,80804701,A672,3,80804701|C816|A672|2026-01-29|net demand for forecast|045898,20260131-C816-A672-Train-#1,2026-01-31
2026-02-08,80804701,A672,3,80804701|C816|A672|2026-01-29|net demand for forecast|045899,20260131-C816-A672-Train-#1,2026-01-31
2026-02-08,80804701,A672,3,80804701|C816|A672|2026-01-29|net demand for forecast|045900,20260131-C816-A672-Train-#1,2026-01-31
2026-02-08,80804701,A672,3,80804701|C816|A672|2026-01-29|net demand for forecast|045901,20260131-C816-A672-Train-#1,2026-01-31
2026-02-08,80804702,A672,1,80804702|C816|A672|2026-01-29|net demand for forecast|045913,20260131-C816-A672-Train-#1,2026-01-31
2026-02-08,80804702,A672,1,80804702|C816|A672|2026-01-29|net demand for forecast|045914,20260131-C816-A672-Train-#1,2026-01-31
2026-02-08,80804702,A672,1,80804702|C816|A672|2026-01-29|net demand for forecast|045915,20260131-C816-A672-Train-#1,2026-01-31
2026-02-08,80804702,A672,1,80804702|C816|A672|2026-01-29|net demand for forecast|045916,20260131-C816-A672-Train-#1,2026-01-31
2026-02-08,80804702,A672,1,80804702|C816|A672|2026-01-29|net demand for forecast|045917,20260131-C816-A672-Train-#1,2026-01-31
2026-02-08,80804702,A672,1,80804702|C816|A672|2026-01-29|net demand for forecast|045918,20260131-C816-A672-Train-#1,2026-01-31
2026-02-08,80804702,A672,1,80804702|C816|A672|2026-01-29|net demand for forecast|045919,20260131-C816-A672-Train-#1,2026-01-31
2026-02-08,80804703,A672,2,80804703|C816|A672|2026-01-29|net demand for forecast|045928,20260131-C816-A672-Train-#1,2026-01-31
2026-02-08,80804703,A672,2,80804703|C816|A672|2026-01-29|net demand for forecast|045929,20260131-C816-A672-Train-#1,2026-01-31
2026-02-08,80804703,A672,2,80804703|C816|A672|2026-01-29|net demand for forecast|045930,20260131-C816-A672-Train-#1,2026-01-31
2026-02-08,80804703,A672,3,80804703|C816|A672|2026-01-29|net demand for forecast|045931,20260131-C816-A672-Train-#1,2026-01-31
2026-02-08,80804703,A672,3,80804703|C816|A672|2026-01-29|net demand for forecast|045933,20260131-C816-A672-Train-#1,2026-01-31
2026-02-08,80804703,A672,3,80804703|C816|A672|2026-01-29|net demand for forecast|045934,20260131-C816-A672-Train-#1,2026-01-31
2026-02-08,80804705,A672,7,80804705|C816|A672|2026-01-29|net demand for forecast|045987,20260131-C816-A672-Train-#1,2026-01-31
2026-02-08,80804705,A672,9,80804705|C816|A672|2026-01-29|net demand for forecast|045988,20260131-C816-A672-Train-#1,2026-01-31
2026-02-08,80804705,A672,12,80804705|C816|A672|2026-01-29|net demand for forecast|045989,20260131-C816-A672-Train-#1,2026-01-31
2026-02-08,80804705,A672,12,80804705|C816|A672|2026-01-29|net demand for forecast|045990,20260131-C816-A672-Train-#1,2026-01-31
2026-02-08,80804705,A672,12,80804705|C816|A672|2026-01-29|net demand for forecast|045991,20260131-C816-A672-Train-#1,2026-01-31
2026-02-08,80804705,A672,12,80804705|C816|A672|2026-01-29|net demand for forecast|045992,20260131-C816-A672-Train-#1,2026-01-31
2026-02-08,80848021,A672,1,80848021|C816|A672|2026-01-29|net demand for forecast|046376,20260131-C816-A672-Train-#1,2026-01-31
2026-02-08,80848021,A672,1,80848021|C816|A672|2026-01-29|net demand for forecast|046377,20260131-C816-A672-Train-#1,2026-01-31
2026-02-08,80848021,A672,1,80848021|C816|A672|2026-01-29|net demand for forecast|046378,20260131-C816-A672-Train-#1,2026-01-31
2026-02-08,80848021,A672,1,80848021|C816|A672|2026-01-29|net demand for forecast|046379,20260131-C816-A672-Train-#1,2026-01-31
2026-02-08,80848021,A672,1,80848021|C816|A672|2026-01-29|net demand for forecast|046380,20260131-C816-A672-Train-#1,2026-01-31
2026-02-08,80848021,A672,1,80848021|C816|A672|2026-01-29|net demand for forecast|046381,20260131-C816-A672-Train-#1,2026-01-31
2026-02-08,80848021,A672,1,80848021|C816|A672|2026-01-29|net demand for forecast|046382,20260131-C816-A672-Train-#1,2026-01-31
2026-02-08,80885920,A672,7,80885920|C816|A672|2026-01-29|net demand for forecast|046496,20260131-C816-A672-Train-#1,2026-01-31
2026-02-08,80885920,A672,7,80885920|C816|A672|2026-01-29|net demand for forecast|046497,20260131-C816-A672-Train-#1,2026-01-31
2026-02-08,80885920,A672,7,80885920|C816|A672|2026-01-29|net demand for forecast|046498,20260131-C816-A672-Train-#1,2026-01-31
2026-02-08,80885920,A672,11,80885920|C816|A672|2026-01-29|net demand for forecast|046499,20260131-C816-A672-Train-#1,2026-01-31
2026-02-08,80885920,A672,11,80885920|C816|A672|2026-01-29|net demand for forecast|046500,20260131-C816-A672-Train-#1,2026-01-31
2026-02-08,80885920,A672,11,80885920|C816|A672|2026-01-29|net demand for forecast|046501,20260131-C816-A672-Train-#1,2026-01-31
2026-02-08,80885920,A672,11,80885920|C816|A672|2026-01-29|net demand for forecast|046502,20260131-C816-A672-Train-#1,2026-01-31
2026-02-08,21139445,A672,2,21139445|C816|A672|2026-01-30|net demand for forecast|046651,20260131-C816-A672-Train-#1,2026-01-31
2026-02-08,21139445,A672,2,21139445|C816|A672|2026-01-30|net demand for forecast|046652,20260131-C816-A672-Train-#1,2026-01-31
2026-02-08,21139445,A672,3,21139445|C816|A672|2026-01-30|net demand for forecast|046653,20260131-C816-A672-Train-#1,2026-01-31
2026-02-08,21139445,A672,3,21139445|C816|A672|2026-01-30|net demand for forecast|046654,20260131-C816-A672-Train-#1,2026-01-31
2026-02-08,21139445,A672,3,21139445|C816|A672|2026-01-30|net demand for forecast|046655,20260131-C816-A672-Train-#1,2026-01-31
2026-02-08,21139445,A672,3,21139445|C816|A672|2026-01-30|net demand for forecast|046656,20260131-C816-A672-Train-#1,2026-01-31
2026-02-08,21139445,A672,3,21139445|C816|A672|2026-01-30|net demand for forecast|046657,20260131-C816-A672-Train-#1,2026-01-31
2026-02-08,21307836,A672,1,21307836|C816|A672|2026-01-30|net demand for forecast|046742,20260131-C816-A672-Train-#1,2026-01-31
2026-02-08,21307836,A672,1,21307836|C816|A672|2026-01-30|net demand for forecast|046743,20260131-C816-A672-Train-#1,2026-01-31
2026-02-08,21307836,A672,1,21307836|C816|A672|2026-01-30|net demand for forecast|046744,20260131-C816-A672-Train-#1,2026-01-31
2026-02-08,21307836,A672,1,21307836|C816|A672|2026-01-30|net demand for forecast|046745,20260131-C816-A672-Train-#1,2026-01-31
2026-02-08,21307836,A672,1,21307836|C816|A672|2026-01-30|net demand for forecast|046746,20260131-C816-A672-Train-#1,2026-01-31
2026-02-08,21307836,A672,1,21307836|C816|A672|2026-01-30|net demand for forecast|046747,20260131-C816-A672-Train-#1,2026-01-31
2026-02-08,21307836,A672,1,21307836|C816|A672|2026-01-30|net demand for forecast|046748,20260131-C816-A672-Train-#1,2026-01-31
2026-02-08,21419485,A672,3,21419485|C816|A672|2026-01-30|net demand for forecast|046908,20260131-C816-A672-Train-#1,2026-01-31
2026-02-08,21419485,A672,3,21419485|C816|A672|2026-01-30|net demand for forecast|046909,20260131-C816-A672-Train-#1,2026-01-31
2026-02-08,21419485,A672,3,21419485|C816|A672|2026-01-30|net demand for forecast|046910,20260131-C816-A672-Train-#1,2026-01-31
2026-02-08,21419485,A672,3,21419485|C816|A672|2026-01-30|net demand for forecast|046911,20260131-C816-A672-Train-#1,2026-01-31
2026-02-08,21419485,A672,3,21419485|C816|A672|2026-01-30|net demand for forecast|046912,20260131-C816-A672-Train-#1,2026-01-31
2026-02-08,21419485,A672,3,21419485|C816|A672|2026-01-30|net demand for forecast|046913,20260131-C816-A672-Train-#1,2026-01-31
2026-02-08,21419485,A672,3,21419485|C816|A672|2026-01-30|net demand for forecast|046914,20260131-C816-A672-Train-#1,2026-01-31
2026-02-08,21419500,A672,1,21419500|C816|A672|2026-01-30|net demand for forecast|046920,20260131-C816-A672-Train-#1,2026-01-31
2026-02-08,21419500,A672,1,21419500|C816|A672|2026-01-30|net demand for forecast|046921,20260131-C816-A672-Train-#1,2026-01-31
2026-02-08,21419500,A672,1,21419500|C816|A672|2026-01-30|net demand for forecast|046922,20260131-C816-A672-Train-#1,2026-01-31
2026-02-08,21419500,A672,1,21419500|C816|A672|2026-01-30|net demand for forecast|046923,20260131-C816-A672-Train-#1,2026-01-31
2026-02-08,21419500,A672,1,21419500|C816|A672|2026-01-30|net demand for forecast|046925,20260131-C816-A672-Train-#1,2026-01-31
2026-02-08,21419500,A672,1,21419500|C816|A672|2026-01-30|net demand for forecast|046926,20260131-C816-A672-Train-#1,2026-01-31
2026-02-08,21442896,A672,2,21442896|C816|A672|2026-01-30|net demand for forecast|046964,20260131-C816-A672-Train-#1,2026-01-31
2026-02-08,21442896,A672,2,21442896|C816|A672|2026-01-30|net demand for forecast|046965,20260131-C816-A672-Train-#1,2026-01-31
2026-02-08,21442896,A672,2,21442896|C816|A672|2026-01-30|net demand for forecast|046966,20260131-C816-A672-Train-#1,2026-01-31
2026-02-08,21442896,A672,2,21442896|C816|A672|2026-01-30|net demand for forecast|046967,20260131-C816-A672-Train-#1,2026-01-31
2026-02-08,21442896,A672,2,21442896|C816|A672|2026-01-30|net demand for forecast|046968,20260131-C816-A672-Train-#1,2026-01-31
2026-02-08,21442896,A672,2,21442896|C816|A672|2026-01-30|net demand for forecast|046969,20260131-C816-A672-Train-#1,2026-01-31
2026-02-08,21442896,A672,2,21442896|C816|A672|2026-01-30|net demand for forecast|046970,20260131-C816-A672-Train-#1,2026-01-31
2026-02-08,21442897,A672,3,21442897|C816|A672|2026-01-30|net demand for forecast|046979,20260131-C816-A672-Train-#1,2026-01-31
2026-02-08,21442897,A672,3,21442897|C816|A672|2026-01-30|net demand for forecast|046980,20260131-C816-A672-Train-#1,2026-01-31
2026-02-08,21442897,A672,4,21442897|C816|A672|2026-01-30|net demand for forecast|046981,20260131-C816-A672-Train-#1,2026-01-31
2026-02-08,21442897,A672,4,21442897|C816|A672|2026-01-30|net demand for forecast|046982,20260131-C816-A672-Train-#1,2026-01-31
2026-02-08,21442897,A672,4,21442897|C816|A672|2026-01-30|net demand for forecast|046983,20260131-C816-A672-Train-#1,2026-01-31
2026-02-08,21442897,A672,4,21442897|C816|A672|2026-01-30|net demand for forecast|046985,20260131-C816-A672-Train-#1,2026-01-31
2026-02-08,80804698,A672,3,80804698|C816|A672|2026-01-30|net demand for forecast|047142,20260131-C816-A672-Train-#1,2026-01-31
2026-02-08,80804698,A672,3,80804698|C816|A672|2026-01-30|net demand for forecast|047143,20260131-C816-A672-Train-#1,2026-01-31
2026-02-08,80804698,A672,4,80804698|C816|A672|2026-01-30|net demand for forecast|047144,20260131-C816-A672-Train-#1,2026-01-31
2026-02-08,80804698,A672,4,80804698|C816|A672|2026-01-30|net demand for forecast|047146,20260131-C816-A672-Train-#1,2026-01-31
2026-02-08,80804698,A672,4,80804698|C816|A672|2026-01-30|net demand for forecast|047147,20260131-C816-A672-Train-#1,2026-01-31
2026-02-08,80804698,A672,4,80804698|C816|A672|2026-01-30|net demand for forecast|047148,20260131-C816-A672-Train-#1,2026-01-31
2026-02-08,80804701,A672,1,80804701|C816|A672|2026-01-30|net demand for forecast|047162,20260131-C816-A672-Train-#1,2026-01-31
2026-02-08,80804701,A672,1,80804701|C816|A672|2026-01-30|net demand for forecast|047163,20260131-C816-A672-Train-#1,2026-01-31
2026-02-08,80804701,A672,1,80804701|C816|A672|2026-01-30|net demand for forecast|047164,20260131-C816-A672-Train-#1,2026-01-31
2026-02-08,80804701,A672,1,80804701|C816|A672|2026-01-30|net demand for forecast|047165,20260131-C816-A672-Train-#1,2026-01-31
2026-02-08,80804701,A672,1,80804701|C816|A672|2026-01-30|net demand for forecast|047166,20260131-C816-A672-Train-#1,2026-01-31
2026-02-08,80804701,A672,1,80804701|C816|A672|2026-01-30|net demand for forecast|047167,20260131-C816-A672-Train-#1,2026-01-31
2026-02-08,80804703,A672,3,80804703|C816|A672|2026-01-30|net demand for forecast|047177,20260131-C816-A672-Train-#1,2026-01-31
2026-02-08,80804703,A672,3,80804703|C816|A672|2026-01-30|net demand for forecast|047178,20260131-C816-A672-Train-#1,2026-01-31
2026-02-08,80804703,A672,4,80804703|C816|A672|2026-01-30|net demand for forecast|047179,20260131-C816-A672-Train-#1,2026-01-31
2026-02-08,80804703,A672,4,80804703|C816|A672|2026-01-30|net demand for forecast|047180,20260131-C816-A672-Train-#1,2026-01-31
2026-02-08,80804703,A672,4,80804703|C816|A672|2026-01-30|net demand for forecast|047181,20260131-C816-A672-Train-#1,2026-01-31
2026-02-08,80804703,A672,4,80804703|C816|A672|2026-01-30|net demand for forecast|047183,20260131-C816-A672-Train-#1,2026-01-31
2026-02-08,80804704,A672,4,80804704|C816|A672|2026-01-30|net demand for forecast|047256,20260131-C816-A672-Train-#1,2026-01-31
2026-02-08,80804704,A672,10,80804704|C816|A672|2026-01-30|net demand for forecast|047257,20260131-C816-A672-Train-#1,2026-01-31
2026-02-08,80804704,A672,10,80804704|C816|A672|2026-01-30|net demand for forecast|047258,20260131-C816-A672-Train-#1,2026-01-31
2026-02-08,80804704,A672,12,80804704|C816|A672|2026-01-30|net demand for forecast|047259,20260131-C816-A672-Train-#1,2026-01-31
2026-02-08,80804704,A672,12,80804704|C816|A672|2026-01-30|net demand for forecast|047260,20260131-C816-A672-Train-#1,2026-01-31
2026-02-08,80804704,A672,13,80804704|C816|A672|2026-01-30|net demand for forecast|047261,20260131-C816-A672-Train-#1,2026-01-31
2026-02-08,80804704,A672,13,80804704|C816|A672|2026-01-30|net demand for forecast|047262,20260131-C816-A672-Train-#1,2026-01-31
2026-02-08,80804705,A672,2,80804705|C816|A672|2026-01-30|net demand for forecast|047282,20260131-C816-A672-Train-#1,2026-01-31
2026-02-08,80804705,A672,6,80804705|C816|A672|2026-01-30|net demand for forecast|047283,20260131-C816-A672-Train-#1,2026-01-31
2026-02-08,80804705,A672,6,80804705|C816|A672|2026-01-30|net demand for forecast|047284,20260131-C816-A672-Train-#1,2026-01-31
2026-02-08,80804705,A672,8,80804705|C816|A672|2026-01-30|net demand for forecast|047285,20260131-C816-A672-Train-#1,2026-01-31
2026-02-08,80804705,A672,8,80804705|C816|A672|2026-01-30|net demand for forecast|047286,20260131-C816-A672-Train-#1,2026-01-31
2026-02-08,80804705,A672,8,80804705|C816|A672|2026-01-30|net demand for forecast|047287,20260131-C816-A672-Train-#1,2026-01-31
2026-02-08,80804705,A672,8,80804705|C816|A672|2026-01-30|net demand for forecast|047288,20260131-C816-A672-Train-#1,2026-01-31
2026-02-08,80848021,A672,1,80848021|C816|A672|2026-01-30|net demand for forecast|047685,20260131-C816-A672-Train-#1,2026-01-31
2026-02-08,80848021,A672,2,80848021|C816|A672|2026-01-30|net demand for forecast|047686,20260131-C816-A672-Train-#1,2026-01-31
2026-02-08,80848021,A672,2,80848021|C816|A672|2026-01-30|net demand for forecast|047688,20260131-C816-A672-Train-#1,2026-01-31
2026-02-08,80848021,A672,2,80848021|C816|A672|2026-01-30|net demand for forecast|047689,20260131-C816-A672-Train-#1,2026-01-31
2026-02-08,80848021,A672,2,80848021|C816|A672|2026-01-30|net demand for forecast|047690,20260131-C816-A672-Train-#1,2026-01-31
2026-02-08,80848021,A672,2,80848021|C816|A672|2026-01-30|net demand for forecast|047691,20260131-C816-A672-Train-#1,2026-01-31
2026-02-08,80885920,A672,3,80885920|C816|A672|2026-01-30|net demand for forecast|047813,20260131-C816-A672-Train-#1,2026-01-31
2026-02-08,80885920,A672,3,80885920|C816|A672|2026-01-30|net demand for forecast|047814,20260131-C816-A672-Train-#1,2026-01-31
2026-02-08,80885920,A672,4,80885920|C816|A672|2026-01-30|net demand for forecast|047815,20260131-C816-A672-Train-#1,2026-01-31
2026-02-08,80885920,A672,4,80885920|C816|A672|2026-01-30|net demand for forecast|047816,20260131-C816-A672-Train-#1,2026-01-31
2026-02-08,80885920,A672,4,80885920|C816|A672|2026-01-30|net demand for forecast|047817,20260131-C816-A672-Train-#1,2026-01-31
2026-02-08,80885920,A672,5,80885920|C816|A672|2026-01-30|net demand for forecast|047818,20260131-C816-A672-Train-#1,2026-01-31
2026-02-08,80885920,A672,5,80885920|C816|A672|2026-01-30|net demand for forecast|047819,20260131-C816-A672-Train-#1,2026-01-31
2026-02-08,21139445,A672,4,21139445|C816|A672|2026-01-31|net demand for forecast|047952,20260131-C816-A672-Train-#1,2026-01-31
2026-02-08,21139445,A672,4,21139445|C816|A672|2026-01-31|net demand for forecast|047953,20260131-C816-A672-Train-#1,2026-01-31
2026-02-08,21139445,A672,4,21139445|C816|A672|2026-01-31|net demand for forecast|047954,20260131-C816-A672-Train-#1,2026-01-31
2026-02-08,21139445,A672,4,21139445|C816|A672|2026-01-31|net demand for forecast|047955,20260131-C816-A672-Train-#1,2026-01-31
2026-02-08,21139445,A672,4,21139445|C816|A672|2026-01-31|net demand for forecast|047956,20260131-C816-A672-Train-#1,2026-01-31
2026-02-08,21139445,A672,4,21139445|C816|A672|2026-01-31|net demand for forecast|047957,20260131-C816-A672-Train-#1,2026-01-31
2026-02-08,21139445,A672,4,21139445|C816|A672|2026-01-31|net demand for forecast|047958,20260131-C816-A672-Train-#1,2026-01-31
2026-02-08,21307836,A672,1,21307836|C816|A672|2026-01-31|net demand for forecast|048059,20260131-C816-A672-Train-#1,2026-01-31
2026-02-08,21307836,A672,1,21307836|C816|A672|2026-01-31|net demand for forecast|048060,20260131-C816-A672-Train-#1,2026-01-31
2026-02-08,21307836,A672,1,21307836|C816|A672|2026-01-31|net demand for forecast|048061,20260131-C816-A672-Train-#1,2026-01-31
2026-02-08,21307836,A672,1,21307836|C816|A672|2026-01-31|net demand for forecast|048062,20260131-C816-A672-Train-#1,2026-01-31
2026-02-08,21307836,A672,1,21307836|C816|A672|2026-01-31|net demand for forecast|048063,20260131-C816-A672-Train-#1,2026-01-31
2026-02-08,21307836,A672,1,21307836|C816|A672|2026-01-31|net demand for forecast|048064,20260131-C816-A672-Train-#1,2026-01-31
2026-02-08,21419485,A672,6,21419485|C816|A672|2026-01-31|net demand for forecast|048233,20260131-C816-A672-Train-#1,2026-01-31
2026-02-08,21419485,A672,7,21419485|C816|A672|2026-01-31|net demand for forecast|048235,20260131-C816-A672-Train-#1,2026-01-31
2026-02-08,21419485,A672,7,21419485|C816|A672|2026-01-31|net demand for forecast|048236,20260131-C816-A672-Train-#1,2026-01-31
2026-02-08,21419485,A672,7,21419485|C816|A672|2026-01-31|net demand for forecast|048237,20260131-C816-A672-Train-#1,2026-01-31
2026-02-08,21419485,A672,7,21419485|C816|A672|2026-01-31|net demand for forecast|048238,20260131-C816-A672-Train-#1,2026-01-31
2026-02-08,21419485,A672,7,21419485|C816|A672|2026-01-31|net demand for forecast|048239,20260131-C816-A672-Train-#1,2026-01-31
2026-02-08,21419500,A672,1,21419500|C816|A672|2026-01-31|net demand for forecast|048249,20260131-C816-A672-Train-#1,2026-01-31
2026-02-08,21419500,A672,1,21419500|C816|A672|2026-01-31|net demand for forecast|048250,20260131-C816-A672-Train-#1,2026-01-31
2026-02-08,21419500,A672,1,21419500|C816|A672|2026-01-31|net demand for forecast|048251,20260131-C816-A672-Train-#1,2026-01-31
2026-02-08,21419500,A672,1,21419500|C816|A672|2026-01-31|net demand for forecast|048252,20260131-C816-A672-Train-#1,2026-01-31
2026-02-08,21419500,A672,1,21419500|C816|A672|2026-01-31|net demand for forecast|048253,20260131-C816-A672-Train-#1,2026-01-31
2026-02-08,21419500,A672,2,21419500|C816|A672|2026-01-31|net demand for forecast|048254,20260131-C816-A672-Train-#1,2026-01-31
2026-02-08,21419500,A672,2,21419500|C816|A672|2026-01-31|net demand for forecast|048255,20260131-C816-A672-Train-#1,2026-01-31
2026-02-08,21442896,A672,6,21442896|C816|A672|2026-01-31|net demand for forecast|048285,20260131-C816-A672-Train-#1,2026-01-31
2026-02-08,21442896,A672,6,21442896|C816|A672|2026-01-31|net demand for forecast|048286,20260131-C816-A672-Train-#1,2026-01-31
2026-02-08,21442896,A672,6,21442896|C816|A672|2026-01-31|net demand for forecast|048288,20260131-C816-A672-Train-#1,2026-01-31
2026-02-08,21442896,A672,6,21442896|C816|A672|2026-01-31|net demand for forecast|048289,20260131-C816-A672-Train-#1,2026-01-31
2026-02-08,21442897,A672,6,21442897|C816|A672|2026-01-31|net demand for forecast|048301,20260131-C816-A672-Train-#1,2026-01-31
2026-02-08,21442897,A672,6,21442897|C816|A672|2026-01-31|net demand for forecast|048302,20260131-C816-A672-Train-#1,2026-01-31
2026-02-08,21442897,A672,6,21442897|C816|A672|2026-01-31|net demand for forecast|048303,20260131-C816-A672-Train-#1,2026-01-31
2026-02-08,21447518,A672,1,21447518|C816|A672|2026-01-31|net demand for forecast|048320,20260131-C816-A672-Train-#1,2026-01-31
2026-02-08,21447518,A672,1,21447518|C816|A672|2026-01-31|net demand for forecast|048321,20260131-C816-A672-Train-#1,2026-01-31
2026-02-08,21447518,A672,1,21447518|C816|A672|2026-01-31|net demand for forecast|048322,20260131-C816-A672-Train-#1,2026-01-31
2026-02-08,21447518,A672,1,21447518|C816|A672|2026-01-31|net demand for forecast|048323,20260131-C816-A672-Train-#1,2026-01-31
2026-02-08,21447518,A672,2,21447518|C816|A672|2026-01-31|net demand for forecast|048324,20260131-C816-A672-Train-#1,2026-01-31
2026-02-08,21447518,A672,2,21447518|C816|A672|2026-01-31|net demand for forecast|048325,20260131-C816-A672-Train-#1,2026-01-31
2026-02-08,21447518,A672,2,21447518|C816|A672|2026-01-31|net demand for forecast|048326,20260131-C816-A672-Train-#1,2026-01-31
2026-02-08,80804698,A672,3,80804698|C816|A672|2026-01-31|net demand for forecast|048497,20260131-C816-A672-Train-#1,2026-01-31
2026-02-08,80804698,A672,3,80804698|C816|A672|2026-01-31|net demand for forecast|048498,20260131-C816-A672-Train-#1,2026-01-31
2026-02-08,80804698,A672,3,80804698|C816|A672|2026-01-31|net demand for forecast|048499,20260131-C816-A672-Train-#1,2026-01-31
2026-02-08,80804698,A672,3,80804698|C816|A672|2026-01-31|net demand for forecast|048500,20260131-C816-A672-Train-#1,2026-01-31
2026-02-08,80804698,A672,3,80804698|C816|A672|2026-01-31|net demand for forecast|048501,20260131-C816-A672-Train-#1,2026-01-31
2026-02-08,80804698,A672,3,80804698|C816|A672|2026-01-31|net demand for forecast|048502,20260131-C816-A672-Train-#1,2026-01-31
2026-02-08,80804698,A672,3,80804698|C816|A672|2026-01-31|net demand for forecast|048503,20260131-C816-A672-Train-#1,2026-01-31
2026-02-08,80804699,A672,1,80804699|C816|A672|2026-01-31|net demand for forecast|048507,20260131-C816-A672-Train-#1,2026-01-31
2026-02-08,80804699,A672,1,80804699|C816|A672|2026-01-31|net demand for forecast|048508,20260131-C816-A672-Train-#1,2026-01-31
2026-02-08,80804699,A672,1,80804699|C816|A672|2026-01-31|net demand for forecast|048509,20260131-C816-A672-Train-#1,2026-01-31
2026-02-08,80804699,A672,1,80804699|C816|A672|2026-01-31|net demand for forecast|048510,20260131-C816-A672-Train-#1,2026-01-31
2026-02-08,80804699,A672,1,80804699|C816|A672|2026-01-31|net demand for forecast|048511,20260131-C816-A672-Train-#1,2026-01-31
2026-02-08,80804699,A672,1,80804699|C816|A672|2026-01-31|net demand for forecast|048512,20260131-C816-A672-Train-#1,2026-01-31
2026-02-08,80804699,A672,1,80804699|C816|A672|2026-01-31|net demand for forecast|048513,20260131-C816-A672-Train-#1,2026-01-31
2026-02-08,80804701,A672,1,80804701|C816|A672|2026-01-31|net demand for forecast|048529,20260131-C816-A672-Train-#1,2026-01-31
2026-02-08,80804701,A672,2,80804701|C816|A672|2026-01-31|net demand for forecast|048530,20260131-C816-A672-Train-#1,2026-01-31
2026-02-08,80804701,A672,2,80804701|C816|A672|2026-01-31|net demand for forecast|048531,20260131-C816-A672-Train-#1,2026-01-31
2026-02-08,80804701,A672,2,80804701|C816|A672|2026-01-31|net demand for forecast|048532,20260131-C816-A672-Train-#1,2026-01-31
2026-02-08,80804701,A672,2,80804701|C816|A672|2026-01-31|net demand for forecast|048533,20260131-C816-A672-Train-#1,2026-01-31
2026-02-08,80804701,A672,2,80804701|C816|A672|2026-01-31|net demand for forecast|048534,20260131-C816-A672-Train-#1,2026-01-31
2026-02-08,80804702,A672,1,80804702|C816|A672|2026-01-31|net demand for forecast|048551,20260131-C816-A672-Train-#1,2026-01-31
2026-02-08,80804702,A672,1,80804702|C816|A672|2026-01-31|net demand for forecast|048553,20260131-C816-A672-Train-#1,2026-01-31
2026-02-08,80804702,A672,1,80804702|C816|A672|2026-01-31|net demand for forecast|048554,20260131-C816-A672-Train-#1,2026-01-31
2026-02-08,80804702,A672,1,80804702|C816|A672|2026-01-31|net demand for forecast|048555,20260131-C816-A672-Train-#1,2026-01-31
2026-02-08,80804702,A672,1,80804702|C816|A672|2026-01-31|net demand for forecast|048556,20260131-C816-A672-Train-#1,2026-01-31
2026-02-08,80804702,A672,1,80804702|C816|A672|2026-01-31|net demand for forecast|048557,20260131-C816-A672-Train-#1,2026-01-31
2026-02-08,80804703,A672,3,80804703|C816|A672|2026-01-31|net demand for forecast|048571,20260131-C816-A672-Train-#1,2026-01-31
2026-02-08,80804703,A672,3,80804703|C816|A672|2026-01-31|net demand for forecast|048573,20260131-C816-A672-Train-#1,2026-01-31
2026-02-08,80804703,A672,3,80804703|C816|A672|2026-01-31|net demand for forecast|048574,20260131-C816-A672-Train-#1,2026-01-31
2026-02-08,80804703,A672,3,80804703|C816|A672|2026-01-31|net demand for forecast|048575,20260131-C816-A672-Train-#1,2026-01-31
2026-02-08,80804703,A672,3,80804703|C816|A672|2026-01-31|net demand for forecast|048576,20260131-C816-A672-Train-#1,2026-01-31
2026-02-08,80804703,A672,3,80804703|C816|A672|2026-01-31|net demand for forecast|048577,20260131-C816-A672-Train-#1,2026-01-31
2026-02-08,80804704,A672,1,80804704|C816|A672|2026-01-31|net demand for forecast|048603,20260131-C816-A672-Train-#1,2026-01-31
2026-02-08,80804704,A672,29,80804704|C816|A672|2026-01-31|net demand for forecast|048604,20260131-C816-A672-Train-#1,2026-01-31
2026-02-08,80804704,A672,36,80804704|C816|A672|2026-01-31|net demand for forecast|048605,20260131-C816-A672-Train-#1,2026-01-31
2026-02-08,80804704,A672,36,80804704|C816|A672|2026-01-31|net demand for forecast|048606,20260131-C816-A672-Train-#1,2026-01-31
2026-02-08,80804704,A672,36,80804704|C816|A672|2026-01-31|net demand for forecast|048607,20260131-C816-A672-Train-#1,2026-01-31
2026-02-08,80804704,A672,37,80804704|C816|A672|2026-01-31|net demand for forecast|048608,20260131-C816-A672-Train-#1,2026-01-31
2026-02-08,80804704,A672,37,80804704|C816|A672|2026-01-31|net demand for forecast|048609,20260131-C816-A672-Train-#1,2026-01-31
2026-02-08,80804705,A672,5,80804705|C816|A672|2026-01-31|net demand for forecast|048640,20260131-C816-A672-Train-#1,2026-01-31
2026-02-08,80804705,A672,7,80804705|C816|A672|2026-01-31|net demand for forecast|048641,20260131-C816-A672-Train-#1,2026-01-31
2026-02-08,80804705,A672,7,80804705|C816|A672|2026-01-31|net demand for forecast|048642,20260131-C816-A672-Train-#1,2026-01-31
2026-02-08,80804705,A672,7,80804705|C816|A672|2026-01-31|net demand for forecast|048643,20260131-C816-A672-Train-#1,2026-01-31
2026-02-08,80804705,A672,7,80804705|C816|A672|2026-01-31|net demand for forecast|048645,20260131-C816-A672-Train-#1,2026-01-31
2026-02-08,80848021,A672,2,80848021|C816|A672|2026-01-31|net demand for forecast|049037,20260131-C816-A672-Train-#1,2026-01-31
2026-02-08,80848021,A672,2,80848021|C816|A672|2026-01-31|net demand for forecast|049038,20260131-C816-A672-Train-#1,2026-01-31
2026-02-08,80848021,A672,3,80848021|C816|A672|2026-01-31|net demand for forecast|049039,20260131-C816-A672-Train-#1,2026-01-31
2026-02-08,80848021,A672,3,80848021|C816|A672|2026-01-31|net demand for forecast|049041,20260131-C816-A672-Train-#1,2026-01-31
2026-02-08,80848021,A672,3,80848021|C816|A672|2026-01-31|net demand for forecast|049042,20260131-C816-A672-Train-#1,2026-01-31
2026-02-08,80848021,A672,3,80848021|C816|A672|2026-01-31|net demand for forecast|049043,20260131-C816-A672-Train-#1,2026-01-31
2026-02-08,80864469,A672,2,80864469|C816|A672|2026-01-31|net demand for forecast|049219,20260131-C816-A672-Train-#1,2026-01-31
2026-02-08,80864469,A672,2,80864469|C816|A672|2026-01-31|net demand for forecast|049221,20260131-C816-A672-Train-#1,2026-01-31
2026-02-08,80864469,A672,2,80864469|C816|A672|2026-01-31|net demand for forecast|049222,20260131-C816-A672-Train-#1,2026-01-31
2026-02-08,80864469,A672,2,80864469|C816|A672|2026-01-31|net demand for forecast|049223,20260131-C816-A672-Train-#1,2026-01-31
2026-02-08,80864469,A672,2,80864469|C816|A672|2026-01-31|net demand for forecast|049224,20260131-C816-A672-Train-#1,2026-01-31
2026-02-08,80804705,A672,1,80804705|C816|A672|2026-01-29|net demand for net demand for forecast|045993,20260131-C816-A672-Train-#1,2026-01-31
2026-02-08,80804705,A672,1,80804705|C816|A672|2026-01-29|net demand for net demand for forecast|045994,20260131-C816-A672-Train-#1,2026-01-31
2026-02-08,80804705,A672,1,80804705|C816|A672|2026-01-29|net demand for net demand for forecast|045995,20260131-C816-A672-Train-#1,2026-01-31
2026-02-08,80804705,A672,1,80804705|C816|A672|2026-01-29|net demand for net demand for forecast|045996,20260131-C816-A672-Train-#1,2026-01-31
2026-02-08,80804705,A672,1,80804705|C816|A672|2026-01-29|net demand for net demand for forecast|045997,20260131-C816-A672-Train-#1,2026-01-31
2026-02-08,80804705,A672,2,80804705|C816|A672|2026-01-29|net demand for net demand for forecast|045998,20260131-C816-A672-Train-#1,2026-01-31
2026-02-08,80804705,A672,1,80804705|C816|A672|2026-01-30|net demand for net demand for forecast|047290,20260131-C816-A672-Train-#1,2026-01-31
2026-02-08,80804705,A672,1,80804705|C816|A672|2026-01-30|net demand for net demand for forecast|047293,20260131-C816-A672-Train-#1,2026-01-31
2026-02-08,80804705,A672,2,80804705|C816|A672|2026-01-30|net demand for net demand for forecast|047294,20260131-C816-A672-Train-#1,2026-01-31
2026-02-08,21447518,A672,1,21447518|C816|A672|2026-01-31|net demand for net demand for forecast|048327,20260131-C816-A672-Train-#1,2026-01-31
2026-02-08,21447518,A672,1,21447518|C816|A672|2026-01-31|net demand for net demand for forecast|048328,20260131-C816-A672-Train-#1,2026-01-31
2026-02-08,21447518,A672,1,21447518|C816|A672|2026-01-31|net demand for net demand for forecast|048329,20260131-C816-A672-Train-#1,2026-01-31
2026-02-08,21447518,A672,1,21447518|C816|A672|2026-01-31|net demand for net demand for forecast|048330,20260131-C816-A672-Train-#1,2026-01-31
2026-02-08,80804705,A672,1,80804705|C816|A672|2026-01-31|net demand for net demand for forecast|048646,20260131-C816-A672-Train-#1,2026-01-31
2026-02-08,80804705,A672,1,80804705|C816|A672|2026-01-31|net demand for net demand for forecast|048647,20260131-C816-A672-Train-#1,2026-01-31
2026-02-08,80804705,A672,1,80804705|C816|A672|2026-01-31|net demand for net demand for forecast|048648,20260131-C816-A672-Train-#1,2026-01-31
2026-02-08,80804705,A672,1,80804705|C816|A672|2026-01-31|net demand for net demand for forecast|048649,20260131-C816-A672-Train-#1,2026-01-31
2026-02-08,80804705,A672,1,80804705|C816|A672|2026-01-31|net demand for net demand for forecast|048650,20260131-C816-A672-Train-#1,2026-01-31
2026-02-08,80804705,A672,2,80804705|C816|A672|2026-01-31|net demand for net demand for forecast|048651,20260131-C816-A672-Train-#1,2026-01-31
2026-02-08,80804705,A672,6,80804705|C816|A672|2026-01-29|net demand for net demand for safety|045999,20260131-C816-A672-Train-#1,2026-01-31
2026-02-08,80864469,A672,3,80864469|C816|A672|2026-01-29|net demand for net demand for safety|046466,20260131-C816-A672-Train-#1,2026-01-31
2026-02-08,80804705,A672,6,80804705|C816|A672|2026-01-30|net demand for net demand for safety|047295,20260131-C816-A672-Train-#1,2026-01-31
2026-02-08,80864469,A672,1,80864469|C816|A672|2026-01-30|net demand for net demand for safety|047782,20260131-C816-A672-Train-#1,2026-01-31
2026-02-08,21447518,A672,4,21447518|C816|A672|2026-01-31|net demand for net demand for safety|048332,20260131-C816-A672-Train-#1,2026-01-31
2026-02-08,80804704,A672,6,80804704|C816|A672|2026-01-31|net demand for net demand for safety|048610,20260131-C816-A672-Train-#1,2026-01-31
2026-02-08,80804705,A672,6,80804705|C816|A672|2026-01-31|net demand for net demand for safety|048652,20260131-C816-A672-Train-#1,2026-01-31
2026-02-08,21314875,A680,1,21314875|0386|A680|2026-01-30|net demand for forecast|046810,20260131-0386-A680-Train-#1,2026-01-31
2026-02-08,21314875,A680,1,21314875|0386|A680|2026-01-30|net demand for forecast|046812,20260131-0386-A680-Train-#1,2026-01-31
2026-02-08,80812103,A680,2,80812103|0386|A680|2026-01-31|net demand for forecast|048946,20260131-0386-A680-Train-#1,2026-01-31
2026-02-08,80812103,A680,2,80812103|0386|A680|2026-01-31|net demand for forecast|048949,20260131-0386-A680-Train-#1,2026-01-31
2026-02-08,21352461,A680,182,21352461|0386|A680|2026-01-30|push replenishment|046883,20260131-0386-A680-Train-#1,2026-01-31
2026-02-08,21315352,A672,1,21315352|0386|A672|2026-01-31|net demand for forecast|048133,20260131-0386-A672-Train-#1,2026-01-31
2026-02-08,21315352,A672,1,21315352|0386|A672|2026-01-31|net demand for forecast|048135,20260131-0386-A672-Train-#1,2026-01-31
2026-02-08,21315352,A672,1,21315352|0386|A672|2026-01-31|net demand for net demand for forecast|048140,20260131-0386-A672-Train-#1,2026-01-31
2026-02-08,80812103,A672,2,80812103|0386|A672|2026-01-31|net demand for net demand for forecast|048931,20260131-0386-A672-Train-#1,2026-01-31
2026-02-08,80848022,A672,10,80848022|0386|A672|2026-01-31|net demand for net demand for safety|049048,20260131-0386-A672-Train-#1,2026-01-31
2026-02-08,80807095,A672,1,80807095|0386|A672|2026-02-01|net demand for forecast|050125,20260201-0386-A672-Train-#1,2026-02-01
2026-02-08,80807095,A672,6,80807095|0386|A672|2026-02-01|net demand for forecast|050127,20260201-0386-A672-Train-#1,2026-02-01
2026-02-08,80807095,A672,7,80807095|0386|A672|2026-02-01|net demand for forecast|050128,20260201-0386-A672-Train-#1,2026-02-01
2026-02-08,80807095,A672,7,80807095|0386|A672|2026-02-01|net demand for forecast|050129,20260201-0386-A672-Train-#1,2026-02-01
2026-02-08,80807095,A672,7,80807095|0386|A672|2026-02-01|net demand for forecast|050130,20260201-0386-A672-Train-#1,2026-02-01
2026-02-08,80807095,A672,8,80807095|0386|A672|2026-02-01|net demand for forecast|050131,20260201-0386-A672-Train-#1,2026-02-01
2026-02-08,80807095,A672,8,80807095|0386|A672|2026-02-01|net demand for forecast|050132,20260201-0386-A672-Train-#1,2026-02-01
2026-02-08,80807095,A672,9,80807095|0386|A672|2026-02-01|net demand for forecast|050134,20260201-0386-A672-Train-#1,2026-02-01
2026-02-08,80807095,A672,9,80807095|0386|A672|2026-02-01|net demand for forecast|050135,20260201-0386-A672-Train-#1,2026-02-01
2026-02-08,80807095,A672,10,80807095|0386|A672|2026-02-01|net demand for forecast|050136,20260201-0386-A672-Train-#1,2026-02-01
2026-02-08,80848026,A672,27,80848026|0386|A672|2026-02-01|net demand for forecast|050457,20260201-0386-A672-Train-#1,2026-02-01
2026-02-08,80848026,A672,27,80848026|0386|A672|2026-02-01|net demand for forecast|050458,20260201-0386-A672-Train-#1,2026-02-01
2026-02-08,80848026,A672,27,80848026|0386|A672|2026-02-01|net demand for forecast|050459,20260201-0386-A672-Train-#1,2026-02-01
2026-02-08,80848026,A672,27,80848026|0386|A672|2026-02-01|net demand for forecast|050460,20260201-0386-A672-Train-#1,2026-02-01
2026-02-08,80848026,A672,27,80848026|0386|A672|2026-02-01|net demand for forecast|050461,20260201-0386-A672-Train-#1,2026-02-01
2026-02-08,80848026,A672,27,80848026|0386|A672|2026-02-01|net demand for forecast|050462,20260201-0386-A672-Train-#1,2026-02-01
2026-02-08,80848026,A672,35,80848026|0386|A672|2026-02-01|net demand for forecast|050463,20260201-0386-A672-Train-#1,2026-02-01
2026-02-08,80848026,A672,35,80848026|0386|A672|2026-02-01|net demand for forecast|050464,20260201-0386-A672-Train-#1,2026-02-01
2026-02-08,80848026,A672,35,80848026|0386|A672|2026-02-01|net demand for forecast|050465,20260201-0386-A672-Train-#1,2026-02-01
2026-02-08,80807095,A672,1,80807095|0386|A672|2026-02-01|net demand for net demand for forecast|050137,20260201-0386-A672-Train-#1,2026-02-01
2026-02-08,80807095,A672,1,80807095|0386|A672|2026-02-01|net demand for net demand for forecast|050138,20260201-0386-A672-Train-#1,2026-02-01
2026-02-08,80807095,A672,1,80807095|0386|A672|2026-02-01|net demand for net demand for forecast|050139,20260201-0386-A672-Train-#1,2026-02-01
2026-02-08,80807095,A672,1,80807095|0386|A672|2026-02-01|net demand for net demand for forecast|050140,20260201-0386-A672-Train-#1,2026-02-01
2026-02-08,80807095,A672,1,80807095|0386|A672|2026-02-01|net demand for net demand for forecast|050141,20260201-0386-A672-Train-#1,2026-02-01
2026-02-08,80807095,A672,1,80807095|0386|A672|2026-02-01|net demand for net demand for forecast|050142,20260201-0386-A672-Train-#1,2026-02-01
2026-02-08,80807095,A672,1,80807095|0386|A672|2026-02-01|net demand for net demand for forecast|050143,20260201-0386-A672-Train-#1,2026-02-01
2026-02-08,80807095,A672,1,80807095|0386|A672|2026-02-01|net demand for net demand for forecast|050144,20260201-0386-A672-Train-#1,2026-02-01
2026-02-08,80807095,A672,1,80807095|0386|A672|2026-02-01|net demand for net demand for forecast|050145,20260201-0386-A672-Train-#1,2026-02-01
2026-02-08,80807095,A672,1,80807095|0386|A672|2026-02-01|net demand for net demand for forecast|050146,20260201-0386-A672-Train-#1,2026-02-01
2026-02-08,80807095,A672,1,80807095|0386|A672|2026-02-01|net demand for net demand for forecast|050147,20260201-0386-A672-Train-#1,2026-02-01
2026-02-08,80807095,A672,1,80807095|0386|A672|2026-02-01|net demand for net demand for forecast|050148,20260201-0386-A672-Train-#1,2026-02-01
2026-02-08,80848026,A672,2,80848026|0386|A672|2026-02-01|net demand for net demand for forecast|050466,20260201-0386-A672-Train-#1,2026-02-01
2026-02-08,80848026,A672,2,80848026|0386|A672|2026-02-01|net demand for net demand for forecast|050467,20260201-0386-A672-Train-#1,2026-02-01
2026-02-08,80848026,A672,3,80848026|0386|A672|2026-02-01|net demand for net demand for forecast|050468,20260201-0386-A672-Train-#1,2026-02-01
2026-02-08,80848026,A672,3,80848026|0386|A672|2026-02-01|net demand for net demand for forecast|050469,20260201-0386-A672-Train-#1,2026-02-01
2026-02-08,80848026,A672,3,80848026|0386|A672|2026-02-01|net demand for net demand for forecast|050470,20260201-0386-A672-Train-#1,2026-02-01
2026-02-08,80848026,A672,3,80848026|0386|A672|2026-02-01|net demand for net demand for forecast|050471,20260201-0386-A672-Train-#1,2026-02-01
2026-02-08,80848026,A672,3,80848026|0386|A672|2026-02-01|net demand for net demand for forecast|050472,20260201-0386-A672-Train-#1,2026-02-01
2026-02-08,80848026,A672,4,80848026|0386|A672|2026-02-01|net demand for net demand for forecast|050473,20260201-0386-A672-Train-#1,2026-02-01
2026-02-08,80848026,A672,4,80848026|0386|A672|2026-02-01|net demand for net demand for forecast|050474,20260201-0386-A672-Train-#1,2026-02-01
2026-02-08,80848026,A672,5,80848026|0386|A672|2026-02-01|net demand for net demand for forecast|050475,20260201-0386-A672-Train-#1,2026-02-01
2026-02-08,80848026,A672,5,80848026|0386|A672|2026-02-01|net demand for net demand for forecast|050476,20260201-0386-A672-Train-#1,2026-02-01
2026-02-08,80848026,A672,5,80848026|0386|A672|2026-02-01|net demand for net demand for forecast|050477,20260201-0386-A672-Train-#1,2026-02-01
2026-02-08,80848026,A672,9,80848026|0386|A672|2026-02-01|net demand for net demand for forecast|050478,20260201-0386-A672-Train-#1,2026-02-01
2026-02-08,80848026,A672,11,80848026|0386|A672|2026-02-01|net demand for net demand for forecast|050479,20260201-0386-A672-Train-#1,2026-02-01
2026-02-08,80848026,A672,12,80848026|0386|A672|2026-02-01|net demand for net demand for forecast|050480,20260201-0386-A672-Train-#1,2026-02-01
2026-02-08,80848026,A672,12,80848026|0386|A672|2026-02-01|net demand for net demand for forecast|050481,20260201-0386-A672-Train-#1,2026-02-01
2026-02-08,80848026,A672,12,80848026|0386|A672|2026-02-01|net demand for net demand for forecast|050482,20260201-0386-A672-Train-#1,2026-02-01
2026-02-08,80848026,A672,12,80848026|0386|A672|2026-02-01|net demand for net demand for forecast|050483,20260201-0386-A672-Train-#1,2026-02-01
2026-02-08,80848026,A672,12,80848026|0386|A672|2026-02-01|net demand for net demand for forecast|050484,20260201-0386-A672-Train-#1,2026-02-01
2026-02-08,80848026,A672,12,80848026|0386|A672|2026-02-01|net demand for net demand for forecast|050485,20260201-0386-A672-Train-#1,2026-02-01
2026-02-08,21103372,A672,107,21103372|0386|A672|2026-02-01|net demand for safety|049312,20260201-0386-A672-Train-#1,2026-02-01
2026-02-08,21137621,A672,327,21137621|0386|A672|2026-02-01|net demand for safety|049427,20260201-0386-A672-Train-#1,2026-02-01
2026-02-08,80804134,A672,264,80804134|0386|A672|2026-02-01|net demand for safety|049775,20260201-0386-A672-Train-#1,2026-02-01
2026-02-08,80807095,A672,229,80807095|0386|A672|2026-02-01|net demand for safety|050152,20260201-0386-A672-Train-#1,2026-02-01
2026-02-08,80807105,A672,163,80807105|0386|A672|2026-02-01|net demand for safety|050219,20260201-0386-A672-Train-#1,2026-02-01
2026-02-08,80848026,A672,161,80848026|0386|A672|2026-02-01|net demand for safety|050486,20260201-0386-A672-Train-#1,2026-02-01
2026-02-08,80848029,A672,178,80848029|0386|A672|2026-02-01|net demand for safety|050601,20260201-0386-A672-Train-#1,2026-02-01
2026-02-08,21303404,A672,3,21303404|0386|A672|2026-02-01|net demand for net demand for safety|049512,20260201-0386-A672-Train-#1,2026-02-01
2026-02-08,21315352,A672,2,21315352|0386|A672|2026-02-01|net demand for net demand for safety|049559,20260201-0386-A672-Train-#1,2026-02-01
2026-02-08,80804134,A672,2,80804134|0386|A672|2026-02-01|net demand for net demand for safety|049773,20260201-0386-A672-Train-#1,2026-02-01
2026-02-08,80804134,A672,11,80804134|0386|A672|2026-02-01|net demand for net demand for safety|049774,20260201-0386-A672-Train-#1,2026-02-01
2026-02-08,80807095,A672,5,80807095|0386|A672|2026-02-01|net demand for net demand for safety|050150,20260201-0386-A672-Train-#1,2026-02-01
2026-02-08,80807095,A672,44,80807095|0386|A672|2026-02-01|net demand for net demand for safety|050151,20260201-0386-A672-Train-#1,2026-02-01
2026-02-08,80848029,A672,1,80848029|0386|A672|2026-02-01|net demand for net demand for safety|050599,20260201-0386-A672-Train-#1,2026-02-01
2026-02-08,80848029,A672,5,80848029|0386|A672|2026-02-01|net demand for net demand for safety|050600,20260201-0386-A672-Train-#1,2026-02-01
2026-02-08,21103372,A672,215,21103372|0386|A672|2026-02-01|push replenishment|049313,20260201-0386-A672-Train-#1,2026-02-01
2026-02-08,21137621,A672,262,21137621|0386|A672|2026-02-01|push replenishment|049428,20260201-0386-A672-Train-#1,2026-02-01
2026-02-08,21165946,A672,567,21165946|0386|A672|2026-02-01|push replenishment|049498,20260201-0386-A672-Train-#1,2026-02-01
2026-02-08,21303404,A672,81,21303404|0386|A672|2026-02-01|push replenishment|049513,20260201-0386-A672-Train-#1,2026-02-01
2026-02-08,80804134,A672,131,80804134|0386|A672|2026-02-01|push replenishment|049776,20260201-0386-A672-Train-#1,2026-02-01
2026-02-08,80804138,A672,486,80804138|0386|A672|2026-02-01|push replenishment|049872,20260201-0386-A672-Train-#1,2026-02-01
2026-02-08,80807095,A672,244,80807095|0386|A672|2026-02-01|push replenishment|050153,20260201-0386-A672-Train-#1,2026-02-01
2026-02-08,80848029,A672,871,80848029|0386|A672|2026-02-01|push replenishment|050602,20260201-0386-A672-Train-#1,2026-02-01
2026-02-08,80848026,A680,2,80848026|0386|A680|2026-02-01|net demand for forecast|050492,20260201-0386-A680-Train-#1,2026-02-01
2026-02-08,80848026,A680,15,80848026|0386|A680|2026-02-01|net demand for forecast|050493,20260201-0386-A680-Train-#1,2026-02-01
2026-02-08,80848026,A680,15,80848026|0386|A680|2026-02-01|net demand for forecast|050494,20260201-0386-A680-Train-#1,2026-02-01
2026-02-08,80848026,A680,15,80848026|0386|A680|2026-02-01|net demand for forecast|050495,20260201-0386-A680-Train-#1,2026-02-01
2026-02-08,80848026,A680,15,80848026|0386|A680|2026-02-01|net demand for forecast|050496,20260201-0386-A680-Train-#1,2026-02-01
2026-02-08,80848026,A680,15,80848026|0386|A680|2026-02-01|net demand for forecast|050497,20260201-0386-A680-Train-#1,2026-02-01
2026-02-08,80848026,A680,15,80848026|0386|A680|2026-02-01|net demand for forecast|050498,20260201-0386-A680-Train-#1,2026-02-01
2026-02-08,80848026,A680,19,80848026|0386|A680|2026-02-01|net demand for forecast|050499,20260201-0386-A680-Train-#1,2026-02-01
2026-02-08,80848026,A680,19,80848026|0386|A680|2026-02-01|net demand for forecast|050500,20260201-0386-A680-Train-#1,2026-02-01
2026-02-08,80848026,A680,19,80848026|0386|A680|2026-02-01|net demand for forecast|050501,20260201-0386-A680-Train-#1,2026-02-01
2026-02-08,80848026,A680,19,80848026|0386|A680|2026-02-01|net demand for forecast|050503,20260201-0386-A680-Train-#1,2026-02-01
2026-02-08,21103372,A680,33,21103372|0386|A680|2026-02-01|net demand for safety|049318,20260201-0386-A680-Train-#1,2026-02-01
2026-02-08,80804134,A680,102,80804134|0386|A680|2026-02-01|net demand for safety|049780,20260201-0386-A680-Train-#1,2026-02-01
2026-02-08,80807095,A680,45,80807095|0386|A680|2026-02-01|net demand for safety|050157,20260201-0386-A680-Train-#1,2026-02-01
2026-02-08,80807105,A680,6,80807105|0386|A680|2026-02-01|net demand for safety|050221,20260201-0386-A680-Train-#1,2026-02-01
2026-02-08,80848026,A680,223,80848026|0386|A680|2026-02-01|net demand for safety|050504,20260201-0386-A680-Train-#1,2026-02-01
2026-02-08,21103372,A680,63,21103372|0386|A680|2026-02-01|push replenishment|049319,20260201-0386-A680-Train-#1,2026-02-01
2026-02-08,21165946,A680,474,21165946|0386|A680|2026-02-01|push replenishment|049499,20260201-0386-A680-Train-#1,2026-02-01
2026-02-08,80804134,A680,58,80804134|0386|A680|2026-02-01|push replenishment|049781,20260201-0386-A680-Train-#1,2026-02-01
2026-02-08,80804138,A680,68,80804138|0386|A680|2026-02-01|push replenishment|049874,20260201-0386-A680-Train-#1,2026-02-01
2026-02-08,80807095,A680,63,80807095|0386|A680|2026-02-01|push replenishment|050158,20260201-0386-A680-Train-#1,2026-02-01
2026-02-08,80848029,A680,78,80848029|0386|A680|2026-02-01|push replenishment|050630,20260201-0386-A680-Train-#1,2026-02-01
2026-02-08,21143102,C937,1,21143102|C810|C937|2026-01-31|net demand for normal|048019,20260202-C810-C937-SMALL-#1,2026-02-02
2026-02-08,21103372,C937,1,21103372|C810|C937|2026-01-31|net demand for forecast|047839,20260202-C810-C937-SMALL-#1,2026-02-02
2026-02-08,21141769,C937,1,21141769|C810|C937|2026-01-31|net demand for forecast|047976,20260202-C810-C937-SMALL-#1,2026-02-02
2026-02-08,80804703,C937,1,80804703|C810|C937|2026-01-31|net demand for forecast|048564,20260202-C810-C937-SMALL-#1,2026-02-02
2026-02-08,80804703,C937,1,80804703|C810|C937|2026-01-31|net demand for forecast|048566,20260202-C810-C937-SMALL-#1,2026-02-02
2026-02-08,80807089,C937,3,80807089|C810|C937|2026-01-31|net demand for forecast|048679,20260202-C810-C937-SMALL-#1,2026-02-02
2026-02-08,80807089,C937,3,80807089|C810|C937|2026-01-31|net demand for forecast|048682,20260202-C810-C937-SMALL-#1,2026-02-02
2026-02-08,80807091,C937,1,80807091|C810|C937|2026-01-31|net demand for forecast|048720,20260202-C810-C937-SMALL-#1,2026-02-02
2026-02-08,80807091,C937,1,80807091|C810|C937|2026-01-31|net demand for forecast|048723,20260202-C810-C937-SMALL-#1,2026-02-02
2026-02-08,80807116,C937,2,80807116|C810|C937|2026-01-31|net demand for forecast|048844,20260202-C810-C937-SMALL-#1,2026-02-02
2026-02-08,80807116,C937,2,80807116|C810|C937|2026-01-31|net demand for forecast|048845,20260202-C810-C937-SMALL-#1,2026-02-02
2026-02-08,80848028,C937,1,80848028|C810|C937|2026-01-31|net demand for forecast|049172,20260202-C810-C937-SMALL-#1,2026-02-02
2026-02-08,80848028,C937,1,80848028|C810|C937|2026-01-31|net demand for forecast|049174,20260202-C810-C937-SMALL-#1,2026-02-02
2026-02-08,21103372,C937,1,21103372|C810|C937|2026-02-01|net demand for forecast|049338,20260202-C810-C937-SMALL-#1,2026-02-02
2026-02-08,21141769,C937,1,21141769|C810|C937|2026-02-01|net demand for forecast|049461,20260202-C810-C937-SMALL-#1,2026-02-02
2026-02-08,21141769,C937,1,21141769|C810|C937|2026-02-01|net demand for forecast|049465,20260202-C810-C937-SMALL-#1,2026-02-02
2026-02-08,80804703,C937,1,80804703|C810|C937|2026-02-01|net demand for forecast|049939,20260202-C810-C937-SMALL-#1,2026-02-02
2026-02-08,80804703,C937,1,80804703|C810|C937|2026-02-01|net demand for forecast|049940,20260202-C810-C937-SMALL-#1,2026-02-02
2026-02-08,80804703,C937,1,80804703|C810|C937|2026-02-01|net demand for forecast|049943,20260202-C810-C937-SMALL-#1,2026-02-02
2026-02-08,80804705,C937,1,80804705|C810|C937|2026-02-01|net demand for forecast|050018,20260202-C810-C937-SMALL-#1,2026-02-02
2026-02-08,80804132,C937,1,80804132|C810|C937|2026-02-02|net demand for forecast|051086,20260202-C810-C937-SMALL-#1,2026-02-02
2026-02-08,80804133,C937,1,80804133|C810|C937|2026-02-02|net demand for forecast|051096,20260202-C810-C937-SMALL-#1,2026-02-02
2026-02-08,80804133,C937,1,80804133|C810|C937|2026-02-02|net demand for forecast|051098,20260202-C810-C937-SMALL-#1,2026-02-02
2026-02-08,80804704,C937,2,80804704|C810|C937|2026-02-02|net demand for forecast|051209,20260202-C810-C937-SMALL-#1,2026-02-02
2026-02-08,80807120,C937,5,80807120|C810|C937|2026-01-31|net demand for safety|048895,20260202-C810-C937-SMALL-#1,2026-02-02
2026-02-08,21442897,A680,3,21442897|C816|A680|2026-02-01|net demand for normal|049677,20260202-C816-A680-Train-#1,2026-02-02
2026-02-08,21447518,A680,1,21447518|C816|A680|2026-02-01|net demand for normal|049706,20260202-C816-A680-Train-#1,2026-02-02
2026-02-08,80804704,A680,1,80804704|C816|A680|2026-02-01|net demand for normal|049995,20260202-C816-A680-Train-#1,2026-02-02
2026-02-08,80884845,A680,1,80884845|C816|A680|2026-02-01|net demand for normal|050744,20260202-C816-A680-Train-#1,2026-02-02
2026-02-08,21447518,A680,1,21447518|C816|A680|2026-02-02|net demand for normal|051064,20260202-C816-A680-Train-#1,2026-02-02
2026-02-08,80807092,A680,1,80807092|C816|A680|2026-02-01|net demand for AO|050108,20260202-C816-A680-Train-#1,2026-02-02
2026-02-08,80807092,A680,1,80807092|C816|A680|2026-02-01|net demand for AO|050109,20260202-C816-A680-Train-#1,2026-02-02
2026-02-08,80807092,A680,1,80807092|C816|A680|2026-02-01|net demand for AO|050110,20260202-C816-A680-Train-#1,2026-02-02
2026-02-08,80807092,A680,1,80807092|C816|A680|2026-02-01|net demand for AO|050111,20260202-C816-A680-Train-#1,2026-02-02
2026-02-08,80807092,A680,1,80807092|C816|A680|2026-02-01|net demand for AO|050112,20260202-C816-A680-Train-#1,2026-02-02
2026-02-08,21307836,A680,2,21307836|C816|A680|2026-02-01|net demand for forecast|049530,20260202-C816-A680-Train-#1,2026-02-02
2026-02-08,21307836,A680,2,21307836|C816|A680|2026-02-01|net demand for forecast|049531,20260202-C816-A680-Train-#1,2026-02-02
2026-02-08,21307836,A680,2,21307836|C816|A680|2026-02-01|net demand for forecast|049533,20260202-C816-A680-Train-#1,2026-02-02
2026-02-08,21307836,A680,2,21307836|C816|A680|2026-02-01|net demand for forecast|049534,20260202-C816-A680-Train-#1,2026-02-02
2026-02-08,21307836,A680,2,21307836|C816|A680|2026-02-01|net demand for forecast|049535,20260202-C816-A680-Train-#1,2026-02-02
2026-02-08,21307836,A680,2,21307836|C816|A680|2026-02-01|net demand for forecast|049536,20260202-C816-A680-Train-#1,2026-02-02
2026-02-08,21419485,A680,5,21419485|C816|A680|2026-02-01|net demand for forecast|049601,20260202-C816-A680-Train-#1,2026-02-02
2026-02-08,21419485,A680,5,21419485|C816|A680|2026-02-01|net demand for forecast|049602,20260202-C816-A680-Train-#1,2026-02-02
2026-02-08,21419485,A680,5,21419485|C816|A680|2026-02-01|net demand for forecast|049603,20260202-C816-A680-Train-#1,2026-02-02
2026-02-08,21419485,A680,5,21419485|C816|A680|2026-02-01|net demand for forecast|049604,20260202-C816-A680-Train-#1,2026-02-02
2026-02-08,21419485,A680,5,21419485|C816|A680|2026-02-01|net demand for forecast|049605,20260202-C816-A680-Train-#1,2026-02-02
2026-02-08,21419485,A680,5,21419485|C816|A680|2026-02-01|net demand for forecast|049606,20260202-C816-A680-Train-#1,2026-02-02
2026-02-08,21419485,A680,6,21419485|C816|A680|2026-02-01|net demand for forecast|049607,20260202-C816-A680-Train-#1,2026-02-02
2026-02-08,21419500,A680,1,21419500|C816|A680|2026-02-01|net demand for forecast|049617,20260202-C816-A680-Train-#1,2026-02-02
2026-02-08,21419500,A680,1,21419500|C816|A680|2026-02-01|net demand for forecast|049618,20260202-C816-A680-Train-#1,2026-02-02
2026-02-08,21419500,A680,1,21419500|C816|A680|2026-02-01|net demand for forecast|049619,20260202-C816-A680-Train-#1,2026-02-02
2026-02-08,21419500,A680,1,21419500|C816|A680|2026-02-01|net demand for forecast|049620,20260202-C816-A680-Train-#1,2026-02-02
2026-02-08,21419500,A680,1,21419500|C816|A680|2026-02-01|net demand for forecast|049621,20260202-C816-A680-Train-#1,2026-02-02
2026-02-08,21419500,A680,1,21419500|C816|A680|2026-02-01|net demand for forecast|049622,20260202-C816-A680-Train-#1,2026-02-02
2026-02-08,21419500,A680,1,21419500|C816|A680|2026-02-01|net demand for forecast|049623,20260202-C816-A680-Train-#1,2026-02-02
2026-02-08,21428668,A680,6,21428668|C816|A680|2026-02-01|net demand for forecast|049626,20260202-C816-A680-Train-#1,2026-02-02
2026-02-08,21428668,A680,6,21428668|C816|A680|2026-02-01|net demand for forecast|049627,20260202-C816-A680-Train-#1,2026-02-02
2026-02-08,21428668,A680,6,21428668|C816|A680|2026-02-01|net demand for forecast|049628,20260202-C816-A680-Train-#1,2026-02-02
2026-02-08,21428668,A680,6,21428668|C816|A680|2026-02-01|net demand for forecast|049629,20260202-C816-A680-Train-#1,2026-02-02
2026-02-08,21428668,A680,6,21428668|C816|A680|2026-02-01|net demand for forecast|049630,20260202-C816-A680-Train-#1,2026-02-02
2026-02-08,21428668,A680,6,21428668|C816|A680|2026-02-01|net demand for forecast|049631,20260202-C816-A680-Train-#1,2026-02-02
2026-02-08,21428668,A680,6,21428668|C816|A680|2026-02-01|net demand for forecast|049632,20260202-C816-A680-Train-#1,2026-02-02
2026-02-08,21442422,A680,5,21442422|C816|A680|2026-02-01|net demand for forecast|049636,20260202-C816-A680-Train-#1,2026-02-02
2026-02-08,21442422,A680,5,21442422|C816|A680|2026-02-01|net demand for forecast|049637,20260202-C816-A680-Train-#1,2026-02-02
2026-02-08,21442422,A680,5,21442422|C816|A680|2026-02-01|net demand for forecast|049638,20260202-C816-A680-Train-#1,2026-02-02
2026-02-08,21442422,A680,5,21442422|C816|A680|2026-02-01|net demand for forecast|049639,20260202-C816-A680-Train-#1,2026-02-02
2026-02-08,21442422,A680,5,21442422|C816|A680|2026-02-01|net demand for forecast|049640,20260202-C816-A680-Train-#1,2026-02-02
2026-02-08,21442422,A680,5,21442422|C816|A680|2026-02-01|net demand for forecast|049641,20260202-C816-A680-Train-#1,2026-02-02
2026-02-08,21442422,A680,5,21442422|C816|A680|2026-02-01|net demand for forecast|049642,20260202-C816-A680-Train-#1,2026-02-02
2026-02-08,21442896,A680,3,21442896|C816|A680|2026-02-01|net demand for forecast|049653,20260202-C816-A680-Train-#1,2026-02-02
2026-02-08,21442896,A680,3,21442896|C816|A680|2026-02-01|net demand for forecast|049654,20260202-C816-A680-Train-#1,2026-02-02
2026-02-08,21442896,A680,3,21442896|C816|A680|2026-02-01|net demand for forecast|049655,20260202-C816-A680-Train-#1,2026-02-02
2026-02-08,21442896,A680,3,21442896|C816|A680|2026-02-01|net demand for forecast|049656,20260202-C816-A680-Train-#1,2026-02-02
2026-02-08,21442896,A680,3,21442896|C816|A680|2026-02-01|net demand for forecast|049657,20260202-C816-A680-Train-#1,2026-02-02
2026-02-08,21442896,A680,3,21442896|C816|A680|2026-02-01|net demand for forecast|049658,20260202-C816-A680-Train-#1,2026-02-02
2026-02-08,21442896,A680,3,21442896|C816|A680|2026-02-01|net demand for forecast|049659,20260202-C816-A680-Train-#1,2026-02-02
2026-02-08,21442897,A680,2,21442897|C816|A680|2026-02-01|net demand for forecast|049670,20260202-C816-A680-Train-#1,2026-02-02
2026-02-08,21442897,A680,2,21442897|C816|A680|2026-02-01|net demand for forecast|049671,20260202-C816-A680-Train-#1,2026-02-02
2026-02-08,21442897,A680,2,21442897|C816|A680|2026-02-01|net demand for forecast|049672,20260202-C816-A680-Train-#1,2026-02-02
2026-02-08,21442897,A680,2,21442897|C816|A680|2026-02-01|net demand for forecast|049673,20260202-C816-A680-Train-#1,2026-02-02
2026-02-08,21442897,A680,2,21442897|C816|A680|2026-02-01|net demand for forecast|049674,20260202-C816-A680-Train-#1,2026-02-02
2026-02-08,21442897,A680,2,21442897|C816|A680|2026-02-01|net demand for forecast|049675,20260202-C816-A680-Train-#1,2026-02-02
2026-02-08,21442897,A680,2,21442897|C816|A680|2026-02-01|net demand for forecast|049676,20260202-C816-A680-Train-#1,2026-02-02
2026-02-08,21447518,A680,1,21447518|C816|A680|2026-02-01|net demand for forecast|049700,20260202-C816-A680-Train-#1,2026-02-02
2026-02-08,21447518,A680,1,21447518|C816|A680|2026-02-01|net demand for forecast|049702,20260202-C816-A680-Train-#1,2026-02-02
2026-02-08,21447518,A680,1,21447518|C816|A680|2026-02-01|net demand for forecast|049703,20260202-C816-A680-Train-#1,2026-02-02
2026-02-08,21447518,A680,1,21447518|C816|A680|2026-02-01|net demand for forecast|049704,20260202-C816-A680-Train-#1,2026-02-02
2026-02-08,21447518,A680,1,21447518|C816|A680|2026-02-01|net demand for forecast|049705,20260202-C816-A680-Train-#1,2026-02-02
2026-02-08,80804699,A680,1,80804699|C816|A680|2026-02-01|net demand for forecast|049915,20260202-C816-A680-Train-#1,2026-02-02
2026-02-08,80804699,A680,1,80804699|C816|A680|2026-02-01|net demand for forecast|049916,20260202-C816-A680-Train-#1,2026-02-02
2026-02-08,80804699,A680,1,80804699|C816|A680|2026-02-01|net demand for forecast|049917,20260202-C816-A680-Train-#1,2026-02-02
2026-02-08,80804699,A680,1,80804699|C816|A680|2026-02-01|net demand for forecast|049918,20260202-C816-A680-Train-#1,2026-02-02
2026-02-08,80804699,A680,1,80804699|C816|A680|2026-02-01|net demand for forecast|049919,20260202-C816-A680-Train-#1,2026-02-02
2026-02-08,80804699,A680,1,80804699|C816|A680|2026-02-01|net demand for forecast|049920,20260202-C816-A680-Train-#1,2026-02-02
2026-02-08,80804699,A680,1,80804699|C816|A680|2026-02-01|net demand for forecast|049921,20260202-C816-A680-Train-#1,2026-02-02
2026-02-08,80804704,A680,1,80804704|C816|A680|2026-02-01|net demand for forecast|049988,20260202-C816-A680-Train-#1,2026-02-02
2026-02-08,80804704,A680,1,80804704|C816|A680|2026-02-01|net demand for forecast|049989,20260202-C816-A680-Train-#1,2026-02-02
2026-02-08,80804704,A680,1,80804704|C816|A680|2026-02-01|net demand for forecast|049990,20260202-C816-A680-Train-#1,2026-02-02
2026-02-08,80804704,A680,1,80804704|C816|A680|2026-02-01|net demand for forecast|049992,20260202-C816-A680-Train-#1,2026-02-02
2026-02-08,80804704,A680,1,80804704|C816|A680|2026-02-01|net demand for forecast|049993,20260202-C816-A680-Train-#1,2026-02-02
2026-02-08,80804704,A680,1,80804704|C816|A680|2026-02-01|net demand for forecast|049994,20260202-C816-A680-Train-#1,2026-02-02
2026-02-08,80804705,A680,5,80804705|C816|A680|2026-02-01|net demand for forecast|050042,20260202-C816-A680-Train-#1,2026-02-02
2026-02-08,80804705,A680,5,80804705|C816|A680|2026-02-01|net demand for forecast|050044,20260202-C816-A680-Train-#1,2026-02-02
2026-02-08,80804705,A680,5,80804705|C816|A680|2026-02-01|net demand for forecast|050045,20260202-C816-A680-Train-#1,2026-02-02
2026-02-08,80804705,A680,5,80804705|C816|A680|2026-02-01|net demand for forecast|050046,20260202-C816-A680-Train-#1,2026-02-02
2026-02-08,80804705,A680,5,80804705|C816|A680|2026-02-01|net demand for forecast|050047,20260202-C816-A680-Train-#1,2026-02-02
2026-02-08,80804705,A680,5,80804705|C816|A680|2026-02-01|net demand for forecast|050048,20260202-C816-A680-Train-#1,2026-02-02
2026-02-08,80807089,A680,2,80807089|C816|A680|2026-02-01|net demand for forecast|050088,20260202-C816-A680-Train-#1,2026-02-02
2026-02-08,80807089,A680,4,80807089|C816|A680|2026-02-01|net demand for forecast|050089,20260202-C816-A680-Train-#1,2026-02-02
2026-02-08,80807089,A680,4,80807089|C816|A680|2026-02-01|net demand for forecast|050090,20260202-C816-A680-Train-#1,2026-02-02
2026-02-08,80807089,A680,5,80807089|C816|A680|2026-02-01|net demand for forecast|050091,20260202-C816-A680-Train-#1,2026-02-02
2026-02-08,80807089,A680,5,80807089|C816|A680|2026-02-01|net demand for forecast|050093,20260202-C816-A680-Train-#1,2026-02-02
2026-02-08,80807089,A680,5,80807089|C816|A680|2026-02-01|net demand for forecast|050094,20260202-C816-A680-Train-#1,2026-02-02
2026-02-08,80807092,A680,1,80807092|C816|A680|2026-02-01|net demand for forecast|050113,20260202-C816-A680-Train-#1,2026-02-02
2026-02-08,80807092,A680,1,80807092|C816|A680|2026-02-01|net demand for forecast|050114,20260202-C816-A680-Train-#1,2026-02-02
2026-02-08,80807092,A680,1,80807092|C816|A680|2026-02-01|net demand for forecast|050115,20260202-C816-A680-Train-#1,2026-02-02
2026-02-08,80807092,A680,1,80807092|C816|A680|2026-02-01|net demand for forecast|050117,20260202-C816-A680-Train-#1,2026-02-02
2026-02-08,80807092,A680,1,80807092|C816|A680|2026-02-01|net demand for forecast|050118,20260202-C816-A680-Train-#1,2026-02-02
2026-02-08,80807092,A680,1,80807092|C816|A680|2026-02-01|net demand for forecast|050119,20260202-C816-A680-Train-#1,2026-02-02
2026-02-08,80864469,A680,1,80864469|C816|A680|2026-02-01|net demand for forecast|050706,20260202-C816-A680-Train-#1,2026-02-02
2026-02-08,80864469,A680,1,80864469|C816|A680|2026-02-01|net demand for forecast|050707,20260202-C816-A680-Train-#1,2026-02-02
2026-02-08,80864469,A680,1,80864469|C816|A680|2026-02-01|net demand for forecast|050708,20260202-C816-A680-Train-#1,2026-02-02
2026-02-08,80864469,A680,1,80864469|C816|A680|2026-02-01|net demand for forecast|050709,20260202-C816-A680-Train-#1,2026-02-02
2026-02-08,80864469,A680,1,80864469|C816|A680|2026-02-01|net demand for forecast|050710,20260202-C816-A680-Train-#1,2026-02-02
2026-02-08,80864469,A680,1,80864469|C816|A680|2026-02-01|net demand for forecast|050711,20260202-C816-A680-Train-#1,2026-02-02
2026-02-08,80864469,A680,1,80864469|C816|A680|2026-02-01|net demand for forecast|050712,20260202-C816-A680-Train-#1,2026-02-02
2026-02-08,80868100,A680,1,80868100|C816|A680|2026-02-01|net demand for forecast|050725,20260202-C816-A680-Train-#1,2026-02-02
2026-02-08,80868100,A680,1,80868100|C816|A680|2026-02-01|net demand for forecast|050726,20260202-C816-A680-Train-#1,2026-02-02
2026-02-08,80868100,A680,1,80868100|C816|A680|2026-02-01|net demand for forecast|050727,20260202-C816-A680-Train-#1,2026-02-02
2026-02-08,80868100,A680,1,80868100|C816|A680|2026-02-01|net demand for forecast|050728,20260202-C816-A680-Train-#1,2026-02-02
2026-02-08,80868100,A680,1,80868100|C816|A680|2026-02-01|net demand for forecast|050729,20260202-C816-A680-Train-#1,2026-02-02
2026-02-08,80868100,A680,1,80868100|C816|A680|2026-02-01|net demand for forecast|050730,20260202-C816-A680-Train-#1,2026-02-02
2026-02-08,80868101,A680,1,80868101|C816|A680|2026-02-01|net demand for forecast|050732,20260202-C816-A680-Train-#1,2026-02-02
2026-02-08,80868101,A680,1,80868101|C816|A680|2026-02-01|net demand for forecast|050734,20260202-C816-A680-Train-#1,2026-02-02
2026-02-08,80868101,A680,1,80868101|C816|A680|2026-02-01|net demand for forecast|050735,20260202-C816-A680-Train-#1,2026-02-02
2026-02-08,80868101,A680,1,80868101|C816|A680|2026-02-01|net demand for forecast|050736,20260202-C816-A680-Train-#1,2026-02-02
2026-02-08,80884845,A680,1,80884845|C816|A680|2026-02-01|net demand for forecast|050739,20260202-C816-A680-Train-#1,2026-02-02
2026-02-08,80884845,A680,1,80884845|C816|A680|2026-02-01|net demand for forecast|050740,20260202-C816-A680-Train-#1,2026-02-02
2026-02-08,80884845,A680,1,80884845|C816|A680|2026-02-01|net demand for forecast|050741,20260202-C816-A680-Train-#1,2026-02-02
2026-02-08,80884845,A680,1,80884845|C816|A680|2026-02-01|net demand for forecast|050742,20260202-C816-A680-Train-#1,2026-02-02
2026-02-08,80884845,A680,1,80884845|C816|A680|2026-02-01|net demand for forecast|050743,20260202-C816-A680-Train-#1,2026-02-02
2026-02-08,80884846,A680,1,80884846|C816|A680|2026-02-01|net demand for forecast|050746,20260202-C816-A680-Train-#1,2026-02-02
2026-02-08,80884846,A680,1,80884846|C816|A680|2026-02-01|net demand for forecast|050747,20260202-C816-A680-Train-#1,2026-02-02
2026-02-08,80884846,A680,1,80884846|C816|A680|2026-02-01|net demand for forecast|050748,20260202-C816-A680-Train-#1,2026-02-02
2026-02-08,21307836,A680,2,21307836|C816|A680|2026-02-02|net demand for forecast|050898,20260202-C816-A680-Train-#1,2026-02-02
2026-02-08,21307836,A680,2,21307836|C816|A680|2026-02-02|net demand for forecast|050899,20260202-C816-A680-Train-#1,2026-02-02
2026-02-08,21307836,A680,2,21307836|C816|A680|2026-02-02|net demand for forecast|050900,20260202-C816-A680-Train-#1,2026-02-02
2026-02-08,21307836,A680,2,21307836|C816|A680|2026-02-02|net demand for forecast|050901,20260202-C816-A680-Train-#1,2026-02-02
2026-02-08,21307836,A680,2,21307836|C816|A680|2026-02-02|net demand for forecast|050902,20260202-C816-A680-Train-#1,2026-02-02
2026-02-08,21307836,A680,2,21307836|C816|A680|2026-02-02|net demand for forecast|050903,20260202-C816-A680-Train-#1,2026-02-02
2026-02-08,21307836,A680,2,21307836|C816|A680|2026-02-02|net demand for forecast|050904,20260202-C816-A680-Train-#1,2026-02-02
2026-02-08,21419485,A680,6,21419485|C816|A680|2026-02-02|net demand for forecast|050983,20260202-C816-A680-Train-#1,2026-02-02
2026-02-08,21419485,A680,6,21419485|C816|A680|2026-02-02|net demand for forecast|050984,20260202-C816-A680-Train-#1,2026-02-02
2026-02-08,21419485,A680,6,21419485|C816|A680|2026-02-02|net demand for forecast|050985,20260202-C816-A680-Train-#1,2026-02-02
2026-02-08,21419485,A680,6,21419485|C816|A680|2026-02-02|net demand for forecast|050986,20260202-C816-A680-Train-#1,2026-02-02
2026-02-08,21419485,A680,6,21419485|C816|A680|2026-02-02|net demand for forecast|050987,20260202-C816-A680-Train-#1,2026-02-02
2026-02-08,21419485,A680,6,21419485|C816|A680|2026-02-02|net demand for forecast|050988,20260202-C816-A680-Train-#1,2026-02-02
2026-02-08,21419500,A680,1,21419500|C816|A680|2026-02-02|net demand for forecast|050998,20260202-C816-A680-Train-#1,2026-02-02
2026-02-08,21419500,A680,1,21419500|C816|A680|2026-02-02|net demand for forecast|051000,20260202-C816-A680-Train-#1,2026-02-02
2026-02-08,21419500,A680,1,21419500|C816|A680|2026-02-02|net demand for forecast|051001,20260202-C816-A680-Train-#1,2026-02-02
2026-02-08,21419500,A680,1,21419500|C816|A680|2026-02-02|net demand for forecast|051002,20260202-C816-A680-Train-#1,2026-02-02
2026-02-08,21419500,A680,1,21419500|C816|A680|2026-02-02|net demand for forecast|051003,20260202-C816-A680-Train-#1,2026-02-02
2026-02-08,21419500,A680,1,21419500|C816|A680|2026-02-02|net demand for forecast|051004,20260202-C816-A680-Train-#1,2026-02-02
2026-02-08,21428668,A680,5,21428668|C816|A680|2026-02-02|net demand for forecast|051007,20260202-C816-A680-Train-#1,2026-02-02
2026-02-08,21428668,A680,5,21428668|C816|A680|2026-02-02|net demand for forecast|051008,20260202-C816-A680-Train-#1,2026-02-02
2026-02-08,21428668,A680,6,21428668|C816|A680|2026-02-02|net demand for forecast|051009,20260202-C816-A680-Train-#1,2026-02-02
2026-02-08,21428668,A680,6,21428668|C816|A680|2026-02-02|net demand for forecast|051010,20260202-C816-A680-Train-#1,2026-02-02
2026-02-08,21428668,A680,6,21428668|C816|A680|2026-02-02|net demand for forecast|051011,20260202-C816-A680-Train-#1,2026-02-02
2026-02-08,21428668,A680,6,21428668|C816|A680|2026-02-02|net demand for forecast|051012,20260202-C816-A680-Train-#1,2026-02-02
2026-02-08,21428668,A680,6,21428668|C816|A680|2026-02-02|net demand for forecast|051013,20260202-C816-A680-Train-#1,2026-02-02
2026-02-08,21442422,A680,7,21442422|C816|A680|2026-02-02|net demand for forecast|051018,20260202-C816-A680-Train-#1,2026-02-02
2026-02-08,21442422,A680,7,21442422|C816|A680|2026-02-02|net demand for forecast|051019,20260202-C816-A680-Train-#1,2026-02-02
2026-02-08,21442422,A680,7,21442422|C816|A680|2026-02-02|net demand for forecast|051021,20260202-C816-A680-Train-#1,2026-02-02
2026-02-08,21442422,A680,7,21442422|C816|A680|2026-02-02|net demand for forecast|051022,20260202-C816-A680-Train-#1,2026-02-02
2026-02-08,21442896,A680,3,21442896|C816|A680|2026-02-02|net demand for forecast|051032,20260202-C816-A680-Train-#1,2026-02-02
2026-02-08,21442896,A680,3,21442896|C816|A680|2026-02-02|net demand for forecast|051033,20260202-C816-A680-Train-#1,2026-02-02
2026-02-08,21442896,A680,3,21442896|C816|A680|2026-02-02|net demand for forecast|051034,20260202-C816-A680-Train-#1,2026-02-02
2026-02-08,21442897,A680,1,21442897|C816|A680|2026-02-02|net demand for forecast|051047,20260202-C816-A680-Train-#1,2026-02-02
2026-02-08,21442897,A680,1,21442897|C816|A680|2026-02-02|net demand for forecast|051048,20260202-C816-A680-Train-#1,2026-02-02
2026-02-08,21442897,A680,1,21442897|C816|A680|2026-02-02|net demand for forecast|051049,20260202-C816-A680-Train-#1,2026-02-02
2026-02-08,21442897,A680,1,21442897|C816|A680|2026-02-02|net demand for forecast|051050,20260202-C816-A680-Train-#1,2026-02-02
2026-02-08,21442897,A680,1,21442897|C816|A680|2026-02-02|net demand for forecast|051051,20260202-C816-A680-Train-#1,2026-02-02
2026-02-08,21442897,A680,1,21442897|C816|A680|2026-02-02|net demand for forecast|051052,20260202-C816-A680-Train-#1,2026-02-02
2026-02-08,21442897,A680,1,21442897|C816|A680|2026-02-02|net demand for forecast|051053,20260202-C816-A680-Train-#1,2026-02-02
2026-02-08,21447518,A680,1,21447518|C816|A680|2026-02-02|net demand for forecast|051058,20260202-C816-A680-Train-#1,2026-02-02
2026-02-08,21447518,A680,1,21447518|C816|A680|2026-02-02|net demand for forecast|051059,20260202-C816-A680-Train-#1,2026-02-02
2026-02-08,21447518,A680,1,21447518|C816|A680|2026-02-02|net demand for forecast|051060,20260202-C816-A680-Train-#1,2026-02-02
2026-02-08,21447518,A680,1,21447518|C816|A680|2026-02-02|net demand for forecast|051061,20260202-C816-A680-Train-#1,2026-02-02
2026-02-08,21447518,A680,1,21447518|C816|A680|2026-02-02|net demand for forecast|051062,20260202-C816-A680-Train-#1,2026-02-02
2026-02-08,21447518,A680,1,21447518|C816|A680|2026-02-02|net demand for forecast|051063,20260202-C816-A680-Train-#1,2026-02-02
2026-02-08,80804699,A680,1,80804699|C816|A680|2026-02-02|net demand for forecast|051178,20260202-C816-A680-Train-#1,2026-02-02
2026-02-08,80804699,A680,1,80804699|C816|A680|2026-02-02|net demand for forecast|051179,20260202-C816-A680-Train-#1,2026-02-02
2026-02-08,80804699,A680,1,80804699|C816|A680|2026-02-02|net demand for forecast|051180,20260202-C816-A680-Train-#1,2026-02-02
2026-02-08,80804699,A680,1,80804699|C816|A680|2026-02-02|net demand for forecast|051181,20260202-C816-A680-Train-#1,2026-02-02
2026-02-08,80804699,A680,1,80804699|C816|A680|2026-02-02|net demand for forecast|051182,20260202-C816-A680-Train-#1,2026-02-02
2026-02-08,80804699,A680,1,80804699|C816|A680|2026-02-02|net demand for forecast|051183,20260202-C816-A680-Train-#1,2026-02-02
2026-02-08,80804699,A680,1,80804699|C816|A680|2026-02-02|net demand for forecast|051184,20260202-C816-A680-Train-#1,2026-02-02
2026-02-08,80804705,A680,3,80804705|C816|A680|2026-02-02|net demand for forecast|051296,20260202-C816-A680-Train-#1,2026-02-02
2026-02-08,80804705,A680,4,80804705|C816|A680|2026-02-02|net demand for forecast|051297,20260202-C816-A680-Train-#1,2026-02-02
2026-02-08,80804705,A680,4,80804705|C816|A680|2026-02-02|net demand for forecast|051298,20260202-C816-A680-Train-#1,2026-02-02
2026-02-08,80804705,A680,4,80804705|C816|A680|2026-02-02|net demand for forecast|051299,20260202-C816-A680-Train-#1,2026-02-02
2026-02-08,80804705,A680,4,80804705|C816|A680|2026-02-02|net demand for forecast|051300,20260202-C816-A680-Train-#1,2026-02-02
2026-02-08,80804705,A680,4,80804705|C816|A680|2026-02-02|net demand for forecast|051301,20260202-C816-A680-Train-#1,2026-02-02
2026-02-08,80804705,A680,4,80804705|C816|A680|2026-02-02|net demand for forecast|051302,20260202-C816-A680-Train-#1,2026-02-02
2026-02-08,80807089,A680,4,80807089|C816|A680|2026-02-02|net demand for forecast|051334,20260202-C816-A680-Train-#1,2026-02-02
2026-02-08,80807089,A680,4,80807089|C816|A680|2026-02-02|net demand for forecast|051336,20260202-C816-A680-Train-#1,2026-02-02
2026-02-08,80807089,A680,4,80807089|C816|A680|2026-02-02|net demand for forecast|051337,20260202-C816-A680-Train-#1,2026-02-02
2026-02-08,80807089,A680,4,80807089|C816|A680|2026-02-02|net demand for forecast|051338,20260202-C816-A680-Train-#1,2026-02-02
2026-02-08,80807092,A680,1,80807092|C816|A680|2026-02-02|net demand for forecast|051371,20260202-C816-A680-Train-#1,2026-02-02
2026-02-08,80807092,A680,1,80807092|C816|A680|2026-02-02|net demand for forecast|051372,20260202-C816-A680-Train-#1,2026-02-02
2026-02-08,80807092,A680,1,80807092|C816|A680|2026-02-02|net demand for forecast|051373,20260202-C816-A680-Train-#1,2026-02-02
2026-02-08,80807092,A680,1,80807092|C816|A680|2026-02-02|net demand for forecast|051375,20260202-C816-A680-Train-#1,2026-02-02
2026-02-08,80807092,A680,1,80807092|C816|A680|2026-02-02|net demand for forecast|051376,20260202-C816-A680-Train-#1,2026-02-02
2026-02-08,80868101,A680,1,80868101|C816|A680|2026-02-02|net demand for forecast|051695,20260202-C816-A680-Train-#1,2026-02-02
2026-02-08,80868101,A680,1,80868101|C816|A680|2026-02-02|net demand for forecast|051696,20260202-C816-A680-Train-#1,2026-02-02
2026-02-08,80868101,A680,1,80868101|C816|A680|2026-02-02|net demand for forecast|051697,20260202-C816-A680-Train-#1,2026-02-02
2026-02-08,80868101,A680,1,80868101|C816|A680|2026-02-02|net demand for forecast|051698,20260202-C816-A680-Train-#1,2026-02-02
2026-02-08,80868101,A680,2,80868101|C816|A680|2026-02-02|net demand for forecast|051699,20260202-C816-A680-Train-#1,2026-02-02
2026-02-08,80868101,A680,2,80868101|C816|A680|2026-02-02|net demand for forecast|051700,20260202-C816-A680-Train-#1,2026-02-02
2026-02-08,80868101,A680,2,80868101|C816|A680|2026-02-02|net demand for forecast|051701,20260202-C816-A680-Train-#1,2026-02-02
2026-02-08,80807100,A673,21,80807100|0386|A673|2026-02-02|net demand for net demand for safety|051412,20260202-0386-A673-LARGE-#1,2026-02-02
2026-02-08,80848029,E295,2,80848029|C810|E295|2026-02-03|net demand for AO|052817,20260203-C810-E295-SMALL-#1,2026-02-03
2026-02-08,80848029,E295,5,80848029|C810|E295|2026-02-03|net demand for AO|052818,20260203-C810-E295-SMALL-#1,2026-02-03
2026-02-08,80848029,E295,10,80848029|C810|E295|2026-02-03|net demand for AO|052819,20260203-C810-E295-SMALL-#1,2026-02-03
2026-02-08,21132758,E295,3,21132758|C810|E295|2026-02-01|net demand for forecast|049378,20260203-C810-E295-SMALL-#1,2026-02-03
2026-02-08,21132758,E295,3,21132758|C810|E295|2026-02-01|net demand for forecast|049379,20260203-C810-E295-SMALL-#1,2026-02-03
2026-02-08,21132758,E295,3,21132758|C810|E295|2026-02-01|net demand for forecast|049380,20260203-C810-E295-SMALL-#1,2026-02-03
2026-02-08,21132758,E295,3,21132758|C810|E295|2026-02-01|net demand for forecast|049381,20260203-C810-E295-SMALL-#1,2026-02-03
2026-02-08,21132758,E295,3,21132758|C810|E295|2026-02-01|net demand for forecast|049382,20260203-C810-E295-SMALL-#1,2026-02-03
2026-02-08,21143110,E295,1,21143110|C810|E295|2026-02-01|net demand for forecast|049475,20260203-C810-E295-SMALL-#1,2026-02-03
2026-02-08,21143110,E295,1,21143110|C810|E295|2026-02-01|net demand for forecast|049477,20260203-C810-E295-SMALL-#1,2026-02-03
2026-02-08,21143110,E295,1,21143110|C810|E295|2026-02-01|net demand for forecast|049479,20260203-C810-E295-SMALL-#1,2026-02-03
2026-02-08,21143110,E295,1,21143110|C810|E295|2026-02-01|net demand for forecast|049480,20260203-C810-E295-SMALL-#1,2026-02-03
2026-02-08,21143110,E295,1,21143110|C810|E295|2026-02-01|net demand for forecast|049481,20260203-C810-E295-SMALL-#1,2026-02-03
2026-02-08,80804704,E295,6,80804704|C810|E295|2026-02-02|net demand for forecast|051223,20260203-C810-E295-SMALL-#1,2026-02-03
2026-02-08,80804704,E295,6,80804704|C810|E295|2026-02-02|net demand for forecast|051224,20260203-C810-E295-SMALL-#1,2026-02-03
2026-02-08,80804704,E295,6,80804704|C810|E295|2026-02-02|net demand for forecast|051225,20260203-C810-E295-SMALL-#1,2026-02-03
2026-02-08,80804704,E295,6,80804704|C810|E295|2026-02-02|net demand for forecast|051226,20260203-C810-E295-SMALL-#1,2026-02-03
2026-02-08,80804704,E295,6,80804704|C810|E295|2026-02-02|net demand for forecast|051227,20260203-C810-E295-SMALL-#1,2026-02-03
2026-02-08,80804704,E295,1,80804704|C810|E295|2026-02-03|net demand for forecast|052283,20260203-C810-E295-SMALL-#1,2026-02-03
2026-02-08,80804704,E295,1,80804704|C810|E295|2026-02-03|net demand for forecast|052284,20260203-C810-E295-SMALL-#1,2026-02-03
2026-02-08,80804704,E295,1,80804704|C810|E295|2026-02-03|net demand for forecast|052285,20260203-C810-E295-SMALL-#1,2026-02-03
2026-02-08,80804704,E295,1,80804704|C810|E295|2026-02-03|net demand for forecast|052287,20260203-C810-E295-SMALL-#1,2026-02-03
2026-02-08,80804704,E295,1,80804704|C810|E295|2026-02-03|net demand for forecast|052288,20260203-C810-E295-SMALL-#1,2026-02-03
2026-02-08,80804704,E295,1,80804704|C810|E295|2026-02-03|net demand for forecast|052289,20260203-C810-E295-SMALL-#1,2026-02-03
2026-02-08,80848026,E295,2,80848026|C810|E295|2026-02-03|net demand for forecast|052777,20260203-C810-E295-SMALL-#1,2026-02-03
2026-02-08,80848026,E295,2,80848026|C810|E295|2026-02-03|net demand for forecast|052778,20260203-C810-E295-SMALL-#1,2026-02-03
2026-02-08,80848026,E295,3,80848026|C810|E295|2026-02-03|net demand for forecast|052779,20260203-C810-E295-SMALL-#1,2026-02-03
2026-02-08,80848026,E295,3,80848026|C810|E295|2026-02-03|net demand for forecast|052780,20260203-C810-E295-SMALL-#1,2026-02-03
2026-02-08,80848026,E295,3,80848026|C810|E295|2026-02-03|net demand for forecast|052781,20260203-C810-E295-SMALL-#1,2026-02-03
2026-02-08,80848029,E295,4,80848029|C810|E295|2026-02-03|net demand for forecast|052821,20260203-C810-E295-SMALL-#1,2026-02-03
2026-02-08,80848029,E295,4,80848029|C810|E295|2026-02-03|net demand for forecast|052822,20260203-C810-E295-SMALL-#1,2026-02-03
2026-02-08,80848029,E295,5,80848029|C810|E295|2026-02-03|net demand for forecast|052824,20260203-C810-E295-SMALL-#1,2026-02-03
2026-02-08,80848029,E295,5,80848029|C810|E295|2026-02-03|net demand for forecast|052825,20260203-C810-E295-SMALL-#1,2026-02-03
2026-02-08,80848029,E295,5,80848029|C810|E295|2026-02-03|net demand for forecast|052826,20260203-C810-E295-SMALL-#1,2026-02-03
2026-02-08,21103371,E295,8,21103371|C810|E295|2026-02-01|net demand for safety|049308,20260203-C810-E295-SMALL-#1,2026-02-03
2026-02-08,21127730,E295,70,21127730|C810|E295|2026-02-02|net demand for safety|050782,20260203-C810-E295-SMALL-#1,2026-02-03
2026-02-08,80804704,E295,69,80804704|C810|E295|2026-02-02|net demand for safety|051229,20260203-C810-E295-SMALL-#1,2026-02-03
2026-02-08,21127730,E295,107,21127730|C810|E295|2026-02-03|net demand for safety|051762,20260203-C810-E295-SMALL-#1,2026-02-03
2026-02-08,80804134,E295,17,80804134|C810|E295|2026-02-03|net demand for safety|052206,20260203-C810-E295-SMALL-#1,2026-02-03
2026-02-08,80804704,E295,5,80804704|C810|E295|2026-02-03|net demand for safety|052290,20260203-C810-E295-SMALL-#1,2026-02-03
2026-02-08,80848029,E295,30,80848029|C810|E295|2026-02-03|net demand for safety|052827,20260203-C810-E295-SMALL-#1,2026-02-03
2026-02-08,21133312,E564,1,21133312|C816|E564|2026-02-02|net demand for forecast|050802,20260203-C816-E564-SMALL-#1,2026-02-03
2026-02-08,21133312,E564,1,21133312|C816|E564|2026-02-02|net demand for forecast|050803,20260203-C816-E564-SMALL-#1,2026-02-03
2026-02-08,80804133,E564,1,80804133|C816|E564|2026-02-02|net demand for forecast|051102,20260203-C816-E564-SMALL-#1,2026-02-03
2026-02-08,80804133,E564,1,80804133|C816|E564|2026-02-02|net demand for forecast|051103,20260203-C816-E564-SMALL-#1,2026-02-03
2026-02-08,80804133,E564,1,80804133|C816|E564|2026-02-02|net demand for forecast|051104,20260203-C816-E564-SMALL-#1,2026-02-03
2026-02-08,80804133,E564,1,80804133|C816|E564|2026-02-02|net demand for forecast|051105,20260203-C816-E564-SMALL-#1,2026-02-03
2026-02-08,80804133,E564,1,80804133|C816|E564|2026-02-02|net demand for forecast|051106,20260203-C816-E564-SMALL-#1,2026-02-03
2026-02-08,80804133,E564,1,80804133|C816|E564|2026-02-02|net demand for forecast|051107,20260203-C816-E564-SMALL-#1,2026-02-03
2026-02-08,80804133,E564,1,80804133|C816|E564|2026-02-02|net demand for forecast|051108,20260203-C816-E564-SMALL-#1,2026-02-03
2026-02-08,80804136,E564,3,80804136|C816|E564|2026-02-02|net demand for forecast|051134,20260203-C816-E564-SMALL-#1,2026-02-03
2026-02-08,80804136,E564,3,80804136|C816|E564|2026-02-02|net demand for forecast|051136,20260203-C816-E564-SMALL-#1,2026-02-03
2026-02-08,80804136,E564,3,80804136|C816|E564|2026-02-02|net demand for forecast|051137,20260203-C816-E564-SMALL-#1,2026-02-03
2026-02-08,80804136,E564,3,80804136|C816|E564|2026-02-02|net demand for forecast|051138,20260203-C816-E564-SMALL-#1,2026-02-03
2026-02-08,80804136,E564,3,80804136|C816|E564|2026-02-02|net demand for forecast|051139,20260203-C816-E564-SMALL-#1,2026-02-03
2026-02-08,80804136,E564,3,80804136|C816|E564|2026-02-02|net demand for forecast|051140,20260203-C816-E564-SMALL-#1,2026-02-03
2026-02-08,80807089,E564,1,80807089|C816|E564|2026-02-02|net demand for forecast|051339,20260203-C816-E564-SMALL-#1,2026-02-03
2026-02-08,80807089,E564,1,80807089|C816|E564|2026-02-02|net demand for forecast|051340,20260203-C816-E564-SMALL-#1,2026-02-03
2026-02-08,80807089,E564,1,80807089|C816|E564|2026-02-02|net demand for forecast|051341,20260203-C816-E564-SMALL-#1,2026-02-03
2026-02-08,80807089,E564,1,80807089|C816|E564|2026-02-02|net demand for forecast|051342,20260203-C816-E564-SMALL-#1,2026-02-03
2026-02-08,80807089,E564,1,80807089|C816|E564|2026-02-02|net demand for forecast|051343,20260203-C816-E564-SMALL-#1,2026-02-03
2026-02-08,80807089,E564,1,80807089|C816|E564|2026-02-02|net demand for forecast|051344,20260203-C816-E564-SMALL-#1,2026-02-03
2026-02-08,80807089,E564,1,80807089|C816|E564|2026-02-02|net demand for forecast|051345,20260203-C816-E564-SMALL-#1,2026-02-03
2026-02-08,80807092,E564,1,80807092|C816|E564|2026-02-02|net demand for forecast|051377,20260203-C816-E564-SMALL-#1,2026-02-03
2026-02-08,80807092,E564,1,80807092|C816|E564|2026-02-02|net demand for forecast|051379,20260203-C816-E564-SMALL-#1,2026-02-03
2026-02-08,80807092,E564,1,80807092|C816|E564|2026-02-02|net demand for forecast|051380,20260203-C816-E564-SMALL-#1,2026-02-03
2026-02-08,80807092,E564,1,80807092|C816|E564|2026-02-02|net demand for forecast|051382,20260203-C816-E564-SMALL-#1,2026-02-03
2026-02-08,80807092,E564,1,80807092|C816|E564|2026-02-02|net demand for forecast|051383,20260203-C816-E564-SMALL-#1,2026-02-03
2026-02-08,80807095,E564,4,80807095|C816|E564|2026-02-02|net demand for forecast|051393,20260203-C816-E564-SMALL-#1,2026-02-03
2026-02-08,80807095,E564,6,80807095|C816|E564|2026-02-02|net demand for forecast|051394,20260203-C816-E564-SMALL-#1,2026-02-03
2026-02-08,80807095,E564,6,80807095|C816|E564|2026-02-02|net demand for forecast|051395,20260203-C816-E564-SMALL-#1,2026-02-03
2026-02-08,80807095,E564,6,80807095|C816|E564|2026-02-02|net demand for forecast|051397,20260203-C816-E564-SMALL-#1,2026-02-03
2026-02-08,80807095,E564,6,80807095|C816|E564|2026-02-02|net demand for forecast|051398,20260203-C816-E564-SMALL-#1,2026-02-03
2026-02-08,80807095,E564,6,80807095|C816|E564|2026-02-02|net demand for forecast|051399,20260203-C816-E564-SMALL-#1,2026-02-03
2026-02-08,80807102,E564,1,80807102|C816|E564|2026-02-02|net demand for forecast|051425,20260203-C816-E564-SMALL-#1,2026-02-03
2026-02-08,80807102,E564,1,80807102|C816|E564|2026-02-02|net demand for forecast|051426,20260203-C816-E564-SMALL-#1,2026-02-03
2026-02-08,80807102,E564,1,80807102|C816|E564|2026-02-02|net demand for forecast|051427,20260203-C816-E564-SMALL-#1,2026-02-03
2026-02-08,80807102,E564,1,80807102|C816|E564|2026-02-02|net demand for forecast|051428,20260203-C816-E564-SMALL-#1,2026-02-03
2026-02-08,80807102,E564,1,80807102|C816|E564|2026-02-02|net demand for forecast|051429,20260203-C816-E564-SMALL-#1,2026-02-03
2026-02-08,80807102,E564,1,80807102|C816|E564|2026-02-02|net demand for forecast|051430,20260203-C816-E564-SMALL-#1,2026-02-03
2026-02-08,80807102,E564,1,80807102|C816|E564|2026-02-02|net demand for forecast|051431,20260203-C816-E564-SMALL-#1,2026-02-03
2026-02-08,21132988,E564,1,21132988|C816|E564|2026-02-03|net demand for forecast|051788,20260203-C816-E564-SMALL-#1,2026-02-03
2026-02-08,21132988,E564,1,21132988|C816|E564|2026-02-03|net demand for forecast|051789,20260203-C816-E564-SMALL-#1,2026-02-03
2026-02-08,21132988,E564,1,21132988|C816|E564|2026-02-03|net demand for forecast|051790,20260203-C816-E564-SMALL-#1,2026-02-03
2026-02-08,21132988,E564,1,21132988|C816|E564|2026-02-03|net demand for forecast|051791,20260203-C816-E564-SMALL-#1,2026-02-03
2026-02-08,21132988,E564,1,21132988|C816|E564|2026-02-03|net demand for forecast|051792,20260203-C816-E564-SMALL-#1,2026-02-03
2026-02-08,21132988,E564,1,21132988|C816|E564|2026-02-03|net demand for forecast|051793,20260203-C816-E564-SMALL-#1,2026-02-03
2026-02-08,21132988,E564,1,21132988|C816|E564|2026-02-03|net demand for forecast|051794,20260203-C816-E564-SMALL-#1,2026-02-03
2026-02-08,21133312,E564,1,21133312|C816|E564|2026-02-03|net demand for forecast|051802,20260203-C816-E564-SMALL-#1,2026-02-03
2026-02-08,21133312,E564,1,21133312|C816|E564|2026-02-03|net demand for forecast|051803,20260203-C816-E564-SMALL-#1,2026-02-03
2026-02-08,80804133,E564,1,80804133|C816|E564|2026-02-03|net demand for forecast|052182,20260203-C816-E564-SMALL-#1,2026-02-03
2026-02-08,80804133,E564,1,80804133|C816|E564|2026-02-03|net demand for forecast|052184,20260203-C816-E564-SMALL-#1,2026-02-03
2026-02-08,80804133,E564,1,80804133|C816|E564|2026-02-03|net demand for forecast|052185,20260203-C816-E564-SMALL-#1,2026-02-03
2026-02-08,80804133,E564,1,80804133|C816|E564|2026-02-03|net demand for forecast|052186,20260203-C816-E564-SMALL-#1,2026-02-03
2026-02-08,80804133,E564,1,80804133|C816|E564|2026-02-03|net demand for forecast|052187,20260203-C816-E564-SMALL-#1,2026-02-03
2026-02-08,80804133,E564,1,80804133|C816|E564|2026-02-03|net demand for forecast|052188,20260203-C816-E564-SMALL-#1,2026-02-03
2026-02-08,80804136,E564,4,80804136|C816|E564|2026-02-03|net demand for forecast|052213,20260203-C816-E564-SMALL-#1,2026-02-03
2026-02-08,80804136,E564,4,80804136|C816|E564|2026-02-03|net demand for forecast|052214,20260203-C816-E564-SMALL-#1,2026-02-03
2026-02-08,80804136,E564,4,80804136|C816|E564|2026-02-03|net demand for forecast|052215,20260203-C816-E564-SMALL-#1,2026-02-03
2026-02-08,80804136,E564,4,80804136|C816|E564|2026-02-03|net demand for forecast|052216,20260203-C816-E564-SMALL-#1,2026-02-03
2026-02-08,80804136,E564,5,80804136|C816|E564|2026-02-03|net demand for forecast|052218,20260203-C816-E564-SMALL-#1,2026-02-03
2026-02-08,80804704,E564,2,80804704|C816|E564|2026-02-03|net demand for forecast|052330,20260203-C816-E564-SMALL-#1,2026-02-03
2026-02-08,80804704,E564,2,80804704|C816|E564|2026-02-03|net demand for forecast|052331,20260203-C816-E564-SMALL-#1,2026-02-03
2026-02-08,80804704,E564,2,80804704|C816|E564|2026-02-03|net demand for forecast|052333,20260203-C816-E564-SMALL-#1,2026-02-03
2026-02-08,80804704,E564,2,80804704|C816|E564|2026-02-03|net demand for forecast|052334,20260203-C816-E564-SMALL-#1,2026-02-03
2026-02-08,80804704,E564,2,80804704|C816|E564|2026-02-03|net demand for forecast|052335,20260203-C816-E564-SMALL-#1,2026-02-03
2026-02-08,80804704,E564,2,80804704|C816|E564|2026-02-03|net demand for forecast|052336,20260203-C816-E564-SMALL-#1,2026-02-03
2026-02-08,80807089,E564,1,80807089|C816|E564|2026-02-03|net demand for forecast|052500,20260203-C816-E564-SMALL-#1,2026-02-03
2026-02-08,80807089,E564,1,80807089|C816|E564|2026-02-03|net demand for forecast|052501,20260203-C816-E564-SMALL-#1,2026-02-03
2026-02-08,80807089,E564,1,80807089|C816|E564|2026-02-03|net demand for forecast|052502,20260203-C816-E564-SMALL-#1,2026-02-03
2026-02-08,80807089,E564,1,80807089|C816|E564|2026-02-03|net demand for forecast|052503,20260203-C816-E564-SMALL-#1,2026-02-03
2026-02-08,80807089,E564,1,80807089|C816|E564|2026-02-03|net demand for forecast|052504,20260203-C816-E564-SMALL-#1,2026-02-03
2026-02-08,80807089,E564,1,80807089|C816|E564|2026-02-03|net demand for forecast|052505,20260203-C816-E564-SMALL-#1,2026-02-03
2026-02-08,80807089,E564,1,80807089|C816|E564|2026-02-03|net demand for forecast|052506,20260203-C816-E564-SMALL-#1,2026-02-03
2026-02-08,80807119,E564,1,80807119|C816|E564|2026-02-03|net demand for forecast|052649,20260203-C816-E564-SMALL-#1,2026-02-03
2026-02-08,80807119,E564,1,80807119|C816|E564|2026-02-03|net demand for forecast|052650,20260203-C816-E564-SMALL-#1,2026-02-03
2026-02-08,80807119,E564,1,80807119|C816|E564|2026-02-03|net demand for forecast|052651,20260203-C816-E564-SMALL-#1,2026-02-03
2026-02-08,80807119,E564,1,80807119|C816|E564|2026-02-03|net demand for forecast|052652,20260203-C816-E564-SMALL-#1,2026-02-03
2026-02-08,80807119,E564,1,80807119|C816|E564|2026-02-03|net demand for forecast|052653,20260203-C816-E564-SMALL-#1,2026-02-03
2026-02-08,80807119,E564,1,80807119|C816|E564|2026-02-03|net demand for forecast|052654,20260203-C816-E564-SMALL-#1,2026-02-03
2026-02-08,80807119,E564,1,80807119|C816|E564|2026-02-03|net demand for forecast|052655,20260203-C816-E564-SMALL-#1,2026-02-03
2026-02-08,21098519,E564,2,21098519|C816|E564|2026-02-02|net demand for safety|050763,20260203-C816-E564-SMALL-#1,2026-02-03
2026-02-08,21103372,E564,11,21103372|C816|E564|2026-02-02|net demand for safety|050775,20260203-C816-E564-SMALL-#1,2026-02-03
2026-02-08,21128067,E564,3,21128067|C816|E564|2026-02-02|net demand for safety|050786,20260203-C816-E564-SMALL-#1,2026-02-03
2026-02-08,21155895,E564,1,21155895|C816|E564|2026-02-02|net demand for safety|050874,20260203-C816-E564-SMALL-#1,2026-02-03
2026-02-08,21165946,E564,2,21165946|C816|E564|2026-02-02|net demand for safety|050883,20260203-C816-E564-SMALL-#1,2026-02-03
2026-02-08,21325292,E564,4,21325292|C816|E564|2026-02-02|net demand for safety|050960,20260203-C816-E564-SMALL-#1,2026-02-03
2026-02-08,80804128,E564,1,80804128|C816|E564|2026-02-02|net demand for safety|051077,20260203-C816-E564-SMALL-#1,2026-02-03
2026-02-08,80804130,E564,1,80804130|C816|E564|2026-02-02|net demand for safety|051078,20260203-C816-E564-SMALL-#1,2026-02-03
2026-02-08,80804133,E564,2,80804133|C816|E564|2026-02-02|net demand for safety|051109,20260203-C816-E564-SMALL-#1,2026-02-03
2026-02-08,80804138,E564,3,80804138|C816|E564|2026-02-02|net demand for safety|051157,20260203-C816-E564-SMALL-#1,2026-02-03
2026-02-08,80804699,E564,1,80804699|C816|E564|2026-02-02|net demand for safety|051185,20260203-C816-E564-SMALL-#1,2026-02-03
2026-02-08,80807091,E564,5,80807091|C816|E564|2026-02-02|net demand for safety|051351,20260203-C816-E564-SMALL-#1,2026-02-03
2026-02-08,80807092,E564,8,80807092|C816|E564|2026-02-02|net demand for safety|051384,20260203-C816-E564-SMALL-#1,2026-02-03
2026-02-08,80807095,E564,67,80807095|C816|E564|2026-02-02|net demand for safety|051400,20260203-C816-E564-SMALL-#1,2026-02-03
2026-02-08,80807110,E564,13,80807110|C816|E564|2026-02-02|net demand for safety|051446,20260203-C816-E564-SMALL-#1,2026-02-03
2026-02-08,80812839,E564,5,80812839|C816|E564|2026-02-02|net demand for safety|051513,20260203-C816-E564-SMALL-#1,2026-02-03
2026-02-08,80812840,E564,8,80812840|C816|E564|2026-02-02|net demand for safety|051530,20260203-C816-E564-SMALL-#1,2026-02-03
2026-02-08,80812846,E564,1,80812846|C816|E564|2026-02-02|net demand for safety|051552,20260203-C816-E564-SMALL-#1,2026-02-03
2026-02-08,21103372,E564,2,21103372|C816|E564|2026-02-03|net demand for safety|051754,20260203-C816-E564-SMALL-#1,2026-02-03
2026-02-08,21128067,E564,1,21128067|C816|E564|2026-02-03|net demand for safety|051766,20260203-C816-E564-SMALL-#1,2026-02-03
2026-02-08,21132988,E564,4,21132988|C816|E564|2026-02-03|net demand for safety|051795,20260203-C816-E564-SMALL-#1,2026-02-03
2026-02-08,21155895,E564,1,21155895|C816|E564|2026-02-03|net demand for safety|051984,20260203-C816-E564-SMALL-#1,2026-02-03
2026-02-08,21165946,E564,3,21165946|C816|E564|2026-02-03|net demand for safety|051991,20260203-C816-E564-SMALL-#1,2026-02-03
2026-02-08,21325292,E564,15,21325292|C816|E564|2026-02-03|net demand for safety|052044,20260203-C816-E564-SMALL-#1,2026-02-03
2026-02-08,80804128,E564,2,80804128|C816|E564|2026-02-03|net demand for safety|052152,20260203-C816-E564-SMALL-#1,2026-02-03
2026-02-08,80804130,E564,3,80804130|C816|E564|2026-02-03|net demand for safety|052154,20260203-C816-E564-SMALL-#1,2026-02-03
2026-02-08,80804138,E564,1,80804138|C816|E564|2026-02-03|net demand for safety|052238,20260203-C816-E564-SMALL-#1,2026-02-03
2026-02-08,80804699,E564,1,80804699|C816|E564|2026-02-03|net demand for safety|052246,20260203-C816-E564-SMALL-#1,2026-02-03
2026-02-08,80804702,E564,1,80804702|C816|E564|2026-02-03|net demand for safety|052260,20260203-C816-E564-SMALL-#1,2026-02-03
2026-02-08,80804704,E564,18,80804704|C816|E564|2026-02-03|net demand for safety|052337,20260203-C816-E564-SMALL-#1,2026-02-03
2026-02-08,80804705,E564,1,80804705|C816|E564|2026-02-03|net demand for safety|052365,20260203-C816-E564-SMALL-#1,2026-02-03
2026-02-08,80807090,E564,1,80807090|C816|E564|2026-02-03|net demand for safety|052507,20260203-C816-E564-SMALL-#1,2026-02-03
2026-02-08,80807091,E564,5,80807091|C816|E564|2026-02-03|net demand for safety|052511,20260203-C816-E564-SMALL-#1,2026-02-03
2026-02-08,80807100,E564,25,80807100|C816|E564|2026-02-03|net demand for safety|052565,20260203-C816-E564-SMALL-#1,2026-02-03
2026-02-08,80807110,E564,6,80807110|C816|E564|2026-02-03|net demand for safety|052595,20260203-C816-E564-SMALL-#1,2026-02-03
2026-02-08,80807112,E564,1,80807112|C816|E564|2026-02-03|net demand for safety|052598,20260203-C816-E564-SMALL-#1,2026-02-03
2026-02-08,80807113,E564,7,80807113|C816|E564|2026-02-03|net demand for safety|052603,20260203-C816-E564-SMALL-#1,2026-02-03
2026-02-08,80807118,E564,2,80807118|C816|E564|2026-02-03|net demand for safety|052642,20260203-C816-E564-SMALL-#1,2026-02-03
2026-02-08,80812840,E564,2,80812840|C816|E564|2026-02-03|net demand for safety|052679,20260203-C816-E564-SMALL-#1,2026-02-03
2026-02-08,80812846,E564,2,80812846|C816|E564|2026-02-03|net demand for safety|052722,20260203-C816-E564-SMALL-#1,2026-02-03
2026-02-08,80805856,A668,1,80805856|0386|A668|2026-02-03|net demand for forecast|052374,20260203-0386-A668-Train-#1,2026-02-03
2026-02-08,80805856,A668,1,80805856|0386|A668|2026-02-03|net demand for forecast|052375,20260203-0386-A668-Train-#1,2026-02-03
2026-02-08,80805856,A668,1,80805856|0386|A668|2026-02-03|net demand for forecast|052376,20260203-0386-A668-Train-#1,2026-02-03
2026-02-08,80805856,A668,1,80805856|0386|A668|2026-02-03|net demand for forecast|052377,20260203-0386-A668-Train-#1,2026-02-03
2026-02-08,80805856,A668,1,80805856|0386|A668|2026-02-03|net demand for forecast|052379,20260203-0386-A668-Train-#1,2026-02-03
2026-02-08,80805856,A668,1,80805856|0386|A668|2026-02-03|net demand for forecast|052380,20260203-0386-A668-Train-#1,2026-02-03
2026-02-08,80805856,A668,1,80805856|0386|A668|2026-02-03|net demand for forecast|052381,20260203-0386-A668-Train-#1,2026-02-03
2026-02-08,80805856,A668,1,80805856|0386|A668|2026-02-03|net demand for forecast|052383,20260203-0386-A668-Train-#1,2026-02-03
2026-02-08,80805856,A668,1,80805856|0386|A668|2026-02-03|net demand for forecast|052384,20260203-0386-A668-Train-#1,2026-02-03
2026-02-08,80805856,A668,1,80805856|0386|A668|2026-02-03|net demand for forecast|052385,20260203-0386-A668-Train-#1,2026-02-03
2026-02-08,80805856,A668,1,80805856|0386|A668|2026-02-03|net demand for forecast|052386,20260203-0386-A668-Train-#1,2026-02-03
2026-02-08,80805856,A668,1,80805856|0386|A668|2026-02-03|net demand for forecast|052387,20260203-0386-A668-Train-#1,2026-02-03
2026-02-08,80805856,A668,1,80805856|0386|A668|2026-02-03|net demand for forecast|052388,20260203-0386-A668-Train-#1,2026-02-03
2026-02-08,21151196,A668,51,21151196|0386|A668|2026-02-02|net demand for safety|050850,20260203-0386-A668-Train-#1,2026-02-03
2026-02-08,21137866,A668,167,21137866|0386|A668|2026-02-03|net demand for safety|051804,20260203-0386-A668-Train-#1,2026-02-03
2026-02-08,21151196,A668,69,21151196|0386|A668|2026-02-03|net demand for safety|051945,20260203-0386-A668-Train-#1,2026-02-03
2026-02-08,80805856,A668,150,80805856|0386|A668|2026-02-03|net demand for safety|052390,20260203-0386-A668-Train-#1,2026-02-03
2026-02-08,80812846,A668,54,80812846|0386|A668|2026-02-03|net demand for safety|052702,20260203-0386-A668-Train-#1,2026-02-03
2026-02-08,21314602,A668,27,21314602|0386|A668|2026-02-02|push replenishment|050909,20260203-0386-A668-Train-#1,2026-02-03
2026-02-08,80807100,A668,82,80807100|0386|A668|2026-02-02|push replenishment|051410,20260203-0386-A668-Train-#1,2026-02-03
2026-02-08,21137866,A668,269,21137866|0386|A668|2026-02-03|push replenishment|051805,20260203-0386-A668-Train-#1,2026-02-03
2026-02-08,21151196,A668,13,21151196|0386|A668|2026-02-03|push replenishment|051946,20260203-0386-A668-Train-#1,2026-02-03
2026-02-08,80812846,A668,234,80812846|0386|A668|2026-02-03|push replenishment|052703,20260203-0386-A668-Train-#1,2026-02-03
2026-02-08,21148509,A673,2,21148509|0386|A673|2026-02-03|net demand for forecast|051885,20260203-0386-A673-LARGE-#1,2026-02-03
2026-02-08,21148509,A673,2,21148509|0386|A673|2026-02-03|net demand for forecast|051886,20260203-0386-A673-LARGE-#1,2026-02-03
2026-02-08,21148509,A673,2,21148509|0386|A673|2026-02-03|net demand for forecast|051888,20260203-0386-A673-LARGE-#1,2026-02-03
2026-02-08,21148509,A673,2,21148509|0386|A673|2026-02-03|net demand for forecast|051889,20260203-0386-A673-LARGE-#1,2026-02-03
2026-02-08,21148509,A673,2,21148509|0386|A673|2026-02-03|net demand for forecast|051890,20260203-0386-A673-LARGE-#1,2026-02-03
2026-02-08,21148509,A673,2,21148509|0386|A673|2026-02-03|net demand for forecast|051891,20260203-0386-A673-LARGE-#1,2026-02-03
2026-02-08,21148509,A673,2,21148509|0386|A673|2026-02-03|net demand for forecast|051892,20260203-0386-A673-LARGE-#1,2026-02-03
2026-02-08,21148509,A673,2,21148509|0386|A673|2026-02-03|net demand for forecast|051893,20260203-0386-A673-LARGE-#1,2026-02-03
2026-02-08,21148509,A673,1,21148509|0386|A673|2026-02-03|net demand for net demand for forecast|051894,20260203-0386-A673-LARGE-#1,2026-02-03
2026-02-08,21148509,A673,1,21148509|0386|A673|2026-02-03|net demand for net demand for forecast|051895,20260203-0386-A673-LARGE-#1,2026-02-03
2026-02-08,21148509,A673,1,21148509|0386|A673|2026-02-03|net demand for net demand for forecast|051896,20260203-0386-A673-LARGE-#1,2026-02-03
2026-02-08,21148509,A673,1,21148509|0386|A673|2026-02-03|net demand for net demand for forecast|051897,20260203-0386-A673-LARGE-#1,2026-02-03
2026-02-08,21148509,A673,1,21148509|0386|A673|2026-02-03|net demand for net demand for forecast|051898,20260203-0386-A673-LARGE-#1,2026-02-03
2026-02-08,21148509,A673,1,21148509|0386|A673|2026-02-03|net demand for net demand for forecast|051900,20260203-0386-A673-LARGE-#1,2026-02-03
2026-02-08,21137866,A673,148,21137866|0386|A673|2026-02-03|net demand for safety|051811,20260203-0386-A673-LARGE-#1,2026-02-03
2026-02-08,21148509,A673,141,21148509|0386|A673|2026-02-03|net demand for safety|051903,20260203-0386-A673-LARGE-#1,2026-02-03
2026-02-08,21151196,A673,93,21151196|0386|A673|2026-02-03|net demand for safety|051950,20260203-0386-A673-LARGE-#1,2026-02-03
2026-02-08,80805856,A673,438,80805856|0386|A673|2026-02-03|net demand for safety|052404,20260203-0386-A673-LARGE-#1,2026-02-03
2026-02-08,21137866,A673,15,21137866|0386|A673|2026-02-03|net demand for net demand for safety|051809,20260203-0386-A673-LARGE-#1,2026-02-03
2026-02-08,21137866,A673,108,21137866|0386|A673|2026-02-03|net demand for net demand for safety|051810,20260203-0386-A673-LARGE-#1,2026-02-03
2026-02-08,21148509,A673,3,21148509|0386|A673|2026-02-03|net demand for net demand for safety|051901,20260203-0386-A673-LARGE-#1,2026-02-03
2026-02-08,21148509,A673,60,21148509|0386|A673|2026-02-03|net demand for net demand for safety|051902,20260203-0386-A673-LARGE-#1,2026-02-03
2026-02-08,21151196,A673,150,21151196|0386|A673|2026-02-03|net demand for net demand for safety|051949,20260203-0386-A673-LARGE-#1,2026-02-03
2026-02-08,21137866,A673,439,21137866|0386|A673|2026-02-03|push replenishment|051812,20260203-0386-A673-LARGE-#1,2026-02-03
2026-02-08,21143103,A673,120,21143103|0386|A673|2026-02-03|push replenishment|051870,20260203-0386-A673-LARGE-#1,2026-02-03
2026-02-08,21148509,A673,158,21148509|0386|A673|2026-02-03|push replenishment|051904,20260203-0386-A673-LARGE-#1,2026-02-03
2026-02-08,21151196,A673,21,21151196|0386|A673|2026-02-03|push replenishment|051951,20260203-0386-A673-LARGE-#1,2026-02-03
2026-02-08,80812846,A673,442,80812846|0386|A673|2026-02-03|push replenishment|052705,20260203-0386-A673-LARGE-#1,2026-02-03
2026-02-08,80848025,A673,1,80848025|C816|A673|2026-02-03|net demand for forecast|052751,20260203-C816-A673-LARGE-#1,2026-02-03
2026-02-08,80804704,A673,1,80804704|C816|A673|2026-02-03|net demand for net demand for forecast|052316,20260203-C816-A673-LARGE-#1,2026-02-03
2026-02-08,80804704,A673,5,80804704|C816|A673|2026-02-03|net demand for net demand for forecast|052321,20260203-C816-A673-LARGE-#1,2026-02-03
2026-02-08,80807093,A673,5,80807093|C816|A673|2026-02-03|net demand for safety|052542,20260203-C816-A673-LARGE-#1,2026-02-03
2026-02-08,80868101,A673,7,80868101|C816|A673|2026-02-03|net demand for safety|052861,20260203-C816-A673-LARGE-#1,2026-02-03
2026-02-08,21325164,E556,1,21325164|A672|E556|2026-02-04|net demand for normal|053092,20260204-A672-E556-SMALL-#1,2026-02-04
2026-02-08,80807119,E556,1,80807119|A672|E556|2026-02-03|net demand for forecast|052644,20260204-A672-E556-SMALL-#1,2026-02-04
2026-02-08,80812841,E556,6,80812841|A672|E556|2026-02-03|net demand for forecast|052692,20260204-A672-E556-SMALL-#1,2026-02-04
2026-02-08,80804132,E556,1,80804132|A672|E556|2026-02-04|net demand for forecast|053219,20260204-A672-E556-SMALL-#1,2026-02-04
2026-02-08,80804137,E556,1,80804137|A672|E556|2026-02-04|net demand for forecast|053260,20260204-A672-E556-SMALL-#1,2026-02-04
2026-02-08,80804137,E556,1,80804137|A672|E556|2026-02-04|net demand for forecast|053261,20260204-A672-E556-SMALL-#1,2026-02-04
2026-02-08,80807115,E556,3,80807115|A672|E556|2026-02-04|net demand for forecast|053596,20260204-A672-E556-SMALL-#1,2026-02-04
2026-02-08,80807116,E556,1,80807116|A672|E556|2026-02-04|net demand for forecast|053601,20260204-A672-E556-SMALL-#1,2026-02-04
2026-02-08,80807120,E556,2,80807120|A672|E556|2026-02-03|net demand for safety|052656,20260204-A672-E556-SMALL-#1,2026-02-04
2026-02-08,21314593,E556,5,21314593|A672|E556|2026-02-04|net demand for safety|053048,20260204-A672-E556-SMALL-#1,2026-02-04
2026-02-08,80807091,E556,1,80807091|A672|E556|2026-02-04|net demand for safety|053462,20260204-A672-E556-SMALL-#1,2026-02-04
2026-02-08,80807092,A668,1,80807092|C816|A668|2026-02-02|net demand for AO|051356,20260204-C816-A668-LARGE-#1,2026-02-04
2026-02-08,80807092,A668,1,80807092|C816|A668|2026-02-02|net demand for AO|051357,20260204-C816-A668-LARGE-#1,2026-02-04
2026-02-08,80807092,A668,1,80807092|C816|A668|2026-02-02|net demand for AO|051358,20260204-C816-A668-LARGE-#1,2026-02-04
2026-02-08,80807092,A668,1,80807092|C816|A668|2026-02-02|net demand for AO|051359,20260204-C816-A668-LARGE-#1,2026-02-04
2026-02-08,80807092,A668,1,80807092|C816|A668|2026-02-02|net demand for AO|051360,20260204-C816-A668-LARGE-#1,2026-02-04
2026-02-08,80807092,A668,1,80807092|C816|A668|2026-02-02|net demand for AO|051361,20260204-C816-A668-LARGE-#1,2026-02-04
2026-02-08,80807092,A668,1,80807092|C816|A668|2026-02-02|net demand for AO|051362,20260204-C816-A668-LARGE-#1,2026-02-04
2026-02-08,80807092,A668,1,80807092|C816|A668|2026-02-02|net demand for AO|051363,20260204-C816-A668-LARGE-#1,2026-02-04
2026-02-08,80807092,A668,1,80807092|C816|A668|2026-02-02|net demand for AO|051364,20260204-C816-A668-LARGE-#1,2026-02-04
2026-02-08,80848025,A668,1,80848025|C816|A668|2026-02-02|net demand for AO|051612,20260204-C816-A668-LARGE-#1,2026-02-04
2026-02-08,80848025,A668,1,80848025|C816|A668|2026-02-02|net demand for AO|051613,20260204-C816-A668-LARGE-#1,2026-02-04
2026-02-08,80848025,A668,1,80848025|C816|A668|2026-02-02|net demand for AO|051614,20260204-C816-A668-LARGE-#1,2026-02-04
2026-02-08,80848025,A668,1,80848025|C816|A668|2026-02-02|net demand for AO|051615,20260204-C816-A668-LARGE-#1,2026-02-04
2026-02-08,80848025,A668,1,80848025|C816|A668|2026-02-02|net demand for AO|051616,20260204-C816-A668-LARGE-#1,2026-02-04
2026-02-08,80848025,A668,1,80848025|C816|A668|2026-02-02|net demand for AO|051618,20260204-C816-A668-LARGE-#1,2026-02-04
2026-02-08,80807092,A668,1,80807092|C816|A668|2026-02-03|net demand for AO|052516,20260204-C816-A668-LARGE-#1,2026-02-04
2026-02-08,80807092,A668,1,80807092|C816|A668|2026-02-03|net demand for AO|052517,20260204-C816-A668-LARGE-#1,2026-02-04
2026-02-08,80807092,A668,1,80807092|C816|A668|2026-02-03|net demand for AO|052518,20260204-C816-A668-LARGE-#1,2026-02-04
2026-02-08,80807092,A668,1,80807092|C816|A668|2026-02-03|net demand for AO|052519,20260204-C816-A668-LARGE-#1,2026-02-04
2026-02-08,80807092,A668,1,80807092|C816|A668|2026-02-03|net demand for AO|052520,20260204-C816-A668-LARGE-#1,2026-02-04
2026-02-08,80807092,A668,1,80807092|C816|A668|2026-02-03|net demand for AO|052521,20260204-C816-A668-LARGE-#1,2026-02-04
2026-02-08,80807092,A668,1,80807092|C816|A668|2026-02-03|net demand for AO|052522,20260204-C816-A668-LARGE-#1,2026-02-04
2026-02-08,80807092,A668,1,80807092|C816|A668|2026-02-03|net demand for AO|052523,20260204-C816-A668-LARGE-#1,2026-02-04
2026-02-08,80807092,A668,1,80807092|C816|A668|2026-02-03|net demand for AO|052524,20260204-C816-A668-LARGE-#1,2026-02-04
2026-02-08,80804701,A668,1,80804701|C816|A668|2026-02-02|net demand for forecast|051190,20260204-C816-A668-LARGE-#1,2026-02-04
2026-02-08,80804701,A668,1,80804701|C816|A668|2026-02-02|net demand for forecast|051191,20260204-C816-A668-LARGE-#1,2026-02-04
2026-02-08,80804701,A668,1,80804701|C816|A668|2026-02-02|net demand for forecast|051192,20260204-C816-A668-LARGE-#1,2026-02-04
2026-02-08,80804701,A668,1,80804701|C816|A668|2026-02-02|net demand for forecast|051193,20260204-C816-A668-LARGE-#1,2026-02-04
2026-02-08,80804701,A668,1,80804701|C816|A668|2026-02-02|net demand for forecast|051195,20260204-C816-A668-LARGE-#1,2026-02-04
2026-02-08,80804704,A668,3,80804704|C816|A668|2026-02-02|net demand for forecast|051230,20260204-C816-A668-LARGE-#1,2026-02-04
2026-02-08,80804704,A668,3,80804704|C816|A668|2026-02-02|net demand for forecast|051231,20260204-C816-A668-LARGE-#1,2026-02-04
2026-02-08,80804704,A668,3,80804704|C816|A668|2026-02-02|net demand for forecast|051232,20260204-C816-A668-LARGE-#1,2026-02-04
2026-02-08,80804704,A668,3,80804704|C816|A668|2026-02-02|net demand for forecast|051234,20260204-C816-A668-LARGE-#1,2026-02-04
2026-02-08,80804704,A668,3,80804704|C816|A668|2026-02-02|net demand for forecast|051235,20260204-C816-A668-LARGE-#1,2026-02-04
2026-02-08,80804705,A668,1,80804705|C816|A668|2026-02-02|net demand for forecast|051274,20260204-C816-A668-LARGE-#1,2026-02-04
2026-02-08,80804705,A668,1,80804705|C816|A668|2026-02-02|net demand for forecast|051275,20260204-C816-A668-LARGE-#1,2026-02-04
2026-02-08,80804705,A668,1,80804705|C816|A668|2026-02-02|net demand for forecast|051276,20260204-C816-A668-LARGE-#1,2026-02-04
2026-02-08,80804705,A668,1,80804705|C816|A668|2026-02-02|net demand for forecast|051277,20260204-C816-A668-LARGE-#1,2026-02-04
2026-02-08,80804705,A668,1,80804705|C816|A668|2026-02-02|net demand for forecast|051278,20260204-C816-A668-LARGE-#1,2026-02-04
2026-02-08,80804705,A668,1,80804705|C816|A668|2026-02-02|net demand for forecast|051279,20260204-C816-A668-LARGE-#1,2026-02-04
2026-02-08,80804706,A668,1,80804706|C816|A668|2026-02-02|net demand for forecast|051309,20260204-C816-A668-LARGE-#1,2026-02-04
2026-02-08,80804706,A668,1,80804706|C816|A668|2026-02-02|net demand for forecast|051311,20260204-C816-A668-LARGE-#1,2026-02-04
2026-02-08,80804706,A668,1,80804706|C816|A668|2026-02-02|net demand for forecast|051312,20260204-C816-A668-LARGE-#1,2026-02-04
2026-02-08,80804706,A668,1,80804706|C816|A668|2026-02-02|net demand for forecast|051313,20260204-C816-A668-LARGE-#1,2026-02-04
2026-02-08,80804706,A668,1,80804706|C816|A668|2026-02-02|net demand for forecast|051314,20260204-C816-A668-LARGE-#1,2026-02-04
2026-02-08,80807089,A668,1,80807089|C816|A668|2026-02-02|net demand for forecast|051323,20260204-C816-A668-LARGE-#1,2026-02-04
2026-02-08,80807089,A668,1,80807089|C816|A668|2026-02-02|net demand for forecast|051325,20260204-C816-A668-LARGE-#1,2026-02-04
2026-02-08,80807089,A668,1,80807089|C816|A668|2026-02-02|net demand for forecast|051326,20260204-C816-A668-LARGE-#1,2026-02-04
2026-02-08,80807089,A668,1,80807089|C816|A668|2026-02-02|net demand for forecast|051327,20260204-C816-A668-LARGE-#1,2026-02-04
2026-02-08,80807092,A668,1,80807092|C816|A668|2026-02-02|net demand for forecast|051365,20260204-C816-A668-LARGE-#1,2026-02-04
2026-02-08,80807092,A668,2,80807092|C816|A668|2026-02-02|net demand for forecast|051366,20260204-C816-A668-LARGE-#1,2026-02-04
2026-02-08,80807092,A668,2,80807092|C816|A668|2026-02-02|net demand for forecast|051367,20260204-C816-A668-LARGE-#1,2026-02-04
2026-02-08,80807092,A668,2,80807092|C816|A668|2026-02-02|net demand for forecast|051368,20260204-C816-A668-LARGE-#1,2026-02-04
2026-02-08,80807092,A668,2,80807092|C816|A668|2026-02-02|net demand for forecast|051369,20260204-C816-A668-LARGE-#1,2026-02-04
2026-02-08,80848025,A668,1,80848025|C816|A668|2026-02-02|net demand for forecast|051619,20260204-C816-A668-LARGE-#1,2026-02-04
2026-02-08,80848025,A668,1,80848025|C816|A668|2026-02-02|net demand for forecast|051620,20260204-C816-A668-LARGE-#1,2026-02-04
2026-02-08,80848025,A668,1,80848025|C816|A668|2026-02-02|net demand for forecast|051621,20260204-C816-A668-LARGE-#1,2026-02-04
2026-02-08,80848025,A668,1,80848025|C816|A668|2026-02-02|net demand for forecast|051622,20260204-C816-A668-LARGE-#1,2026-02-04
2026-02-08,80848025,A668,1,80848025|C816|A668|2026-02-02|net demand for forecast|051623,20260204-C816-A668-LARGE-#1,2026-02-04
2026-02-08,80848025,A668,1,80848025|C816|A668|2026-02-02|net demand for forecast|051624,20260204-C816-A668-LARGE-#1,2026-02-04
2026-02-08,80868102,A668,1,80868102|C816|A668|2026-02-02|net demand for forecast|051702,20260204-C816-A668-LARGE-#1,2026-02-04
2026-02-08,80868102,A668,1,80868102|C816|A668|2026-02-02|net demand for forecast|051703,20260204-C816-A668-LARGE-#1,2026-02-04
2026-02-08,80868102,A668,1,80868102|C816|A668|2026-02-02|net demand for forecast|051704,20260204-C816-A668-LARGE-#1,2026-02-04
2026-02-08,80807092,A668,1,80807092|C816|A668|2026-02-03|net demand for forecast|052525,20260204-C816-A668-LARGE-#1,2026-02-04
2026-02-08,80807092,A668,1,80807092|C816|A668|2026-02-03|net demand for forecast|052526,20260204-C816-A668-LARGE-#1,2026-02-04
2026-02-08,80807092,A668,1,80807092|C816|A668|2026-02-03|net demand for forecast|052527,20260204-C816-A668-LARGE-#1,2026-02-04
2026-02-08,80807092,A668,1,80807092|C816|A668|2026-02-03|net demand for forecast|052528,20260204-C816-A668-LARGE-#1,2026-02-04
2026-02-08,80807092,A668,1,80807092|C816|A668|2026-02-03|net demand for forecast|052529,20260204-C816-A668-LARGE-#1,2026-02-04
2026-02-08,80807092,A668,1,80807092|C816|A668|2026-02-03|net demand for forecast|052530,20260204-C816-A668-LARGE-#1,2026-02-04
2026-02-08,80804701,A668,1,80804701|C816|A668|2026-02-04|net demand for forecast|053292,20260204-C816-A668-LARGE-#1,2026-02-04
2026-02-08,80804701,A668,1,80804701|C816|A668|2026-02-04|net demand for forecast|053293,20260204-C816-A668-LARGE-#1,2026-02-04
2026-02-08,80804701,A668,1,80804701|C816|A668|2026-02-04|net demand for forecast|053294,20260204-C816-A668-LARGE-#1,2026-02-04
2026-02-08,80804701,A668,1,80804701|C816|A668|2026-02-04|net demand for forecast|053295,20260204-C816-A668-LARGE-#1,2026-02-04
2026-02-08,80804701,A668,1,80804701|C816|A668|2026-02-04|net demand for forecast|053296,20260204-C816-A668-LARGE-#1,2026-02-04
2026-02-08,80804701,A668,1,80804701|C816|A668|2026-02-04|net demand for forecast|053297,20260204-C816-A668-LARGE-#1,2026-02-04
2026-02-08,80804704,A668,1,80804704|C816|A668|2026-02-04|net demand for forecast|053358,20260204-C816-A668-LARGE-#1,2026-02-04
2026-02-08,80804704,A668,1,80804704|C816|A668|2026-02-04|net demand for forecast|053359,20260204-C816-A668-LARGE-#1,2026-02-04
2026-02-08,80804704,A668,1,80804704|C816|A668|2026-02-04|net demand for forecast|053360,20260204-C816-A668-LARGE-#1,2026-02-04
2026-02-08,80804704,A668,1,80804704|C816|A668|2026-02-04|net demand for forecast|053361,20260204-C816-A668-LARGE-#1,2026-02-04
2026-02-08,80804704,A668,1,80804704|C816|A668|2026-02-04|net demand for forecast|053362,20260204-C816-A668-LARGE-#1,2026-02-04
2026-02-08,80804704,A668,1,80804704|C816|A668|2026-02-04|net demand for forecast|053363,20260204-C816-A668-LARGE-#1,2026-02-04
2026-02-08,21139445,A668,16,21139445|C816|A668|2026-02-02|net demand for safety|050820,20260204-C816-A668-LARGE-#1,2026-02-04
2026-02-08,21414747,A668,4,21414747|C816|A668|2026-02-02|net demand for safety|050973,20260204-C816-A668-LARGE-#1,2026-02-04
2026-02-08,21419485,A668,4,21419485|C816|A668|2026-02-02|net demand for safety|050975,20260204-C816-A668-LARGE-#1,2026-02-04
2026-02-08,21428668,A668,19,21428668|C816|A668|2026-02-02|net demand for safety|051005,20260204-C816-A668-LARGE-#1,2026-02-04
2026-02-08,21442422,A668,7,21442422|C816|A668|2026-02-02|net demand for safety|051014,20260204-C816-A668-LARGE-#1,2026-02-04
2026-02-08,21442896,A668,4,21442896|C816|A668|2026-02-02|net demand for safety|051023,20260204-C816-A668-LARGE-#1,2026-02-04
2026-02-08,80804698,A668,2,80804698|C816|A668|2026-02-02|net demand for safety|051159,20260204-C816-A668-LARGE-#1,2026-02-04
2026-02-08,80804702,A668,2,80804702|C816|A668|2026-02-02|net demand for safety|051198,20260204-C816-A668-LARGE-#1,2026-02-04
2026-02-08,80804703,A668,2,80804703|C816|A668|2026-02-02|net demand for safety|051200,20260204-C816-A668-LARGE-#1,2026-02-04
2026-02-08,80804704,A668,33,80804704|C816|A668|2026-02-02|net demand for safety|051236,20260204-C816-A668-LARGE-#1,2026-02-04
2026-02-08,80804705,A668,33,80804705|C816|A668|2026-02-02|net demand for safety|051280,20260204-C816-A668-LARGE-#1,2026-02-04
2026-02-08,80804706,A668,8,80804706|C816|A668|2026-02-02|net demand for safety|051315,20260204-C816-A668-LARGE-#1,2026-02-04
2026-02-08,80807092,A668,11,80807092|C816|A668|2026-02-02|net demand for safety|051370,20260204-C816-A668-LARGE-#1,2026-02-04
2026-02-08,80848025,A668,5,80848025|C816|A668|2026-02-02|net demand for safety|051625,20260204-C816-A668-LARGE-#1,2026-02-04
2026-02-08,80864469,A668,6,80864469|C816|A668|2026-02-02|net demand for safety|051667,20260204-C816-A668-LARGE-#1,2026-02-04
2026-02-08,80868102,A668,1,80868102|C816|A668|2026-02-02|net demand for safety|051706,20260204-C816-A668-LARGE-#1,2026-02-04
2026-02-08,80884852,A668,3,80884852|C816|A668|2026-02-02|net demand for safety|051717,20260204-C816-A668-LARGE-#1,2026-02-04
2026-02-08,21307836,A668,3,21307836|C816|A668|2026-02-03|net demand for safety|051998,20260204-C816-A668-LARGE-#1,2026-02-04
2026-02-08,21414747,A668,22,21414747|C816|A668|2026-02-03|net demand for safety|052046,20260204-C816-A668-LARGE-#1,2026-02-04
2026-02-08,21428668,A668,19,21428668|C816|A668|2026-02-03|net demand for safety|052081,20260204-C816-A668-LARGE-#1,2026-02-04
2026-02-08,21442422,A668,14,21442422|C816|A668|2026-02-03|net demand for safety|052097,20260204-C816-A668-LARGE-#1,2026-02-04
2026-02-08,21442897,A668,9,21442897|C816|A668|2026-02-03|net demand for safety|052123,20260204-C816-A668-LARGE-#1,2026-02-04
2026-02-08,80804703,A668,1,80804703|C816|A668|2026-02-03|net demand for safety|052262,20260204-C816-A668-LARGE-#1,2026-02-04
2026-02-08,80864469,A668,5,80864469|C816|A668|2026-02-03|net demand for safety|052849,20260204-C816-A668-LARGE-#1,2026-02-04
2026-02-08,80868100,A668,4,80868100|C816|A668|2026-02-03|net demand for safety|052859,20260204-C816-A668-LARGE-#1,2026-02-04
2026-02-08,80884848,A668,3,80884848|C816|A668|2026-02-03|net demand for safety|052880,20260204-C816-A668-LARGE-#1,2026-02-04
2026-02-08,21419500,A668,7,21419500|C816|A668|2026-02-04|net demand for safety|053115,20260204-C816-A668-LARGE-#1,2026-02-04
2026-02-08,21428668,A668,12,21428668|C816|A668|2026-02-04|net demand for safety|053131,20260204-C816-A668-LARGE-#1,2026-02-04
2026-02-08,21442422,A668,29,21442422|C816|A668|2026-02-04|net demand for safety|053147,20260204-C816-A668-LARGE-#1,2026-02-04
2026-02-08,21442896,A668,8,21442896|C816|A668|2026-02-04|net demand for safety|053157,20260204-C816-A668-LARGE-#1,2026-02-04
2026-02-08,21442897,A668,10,21442897|C816|A668|2026-02-04|net demand for safety|053173,20260204-C816-A668-LARGE-#1,2026-02-04
2026-02-08,80804701,A668,12,80804701|C816|A668|2026-02-04|net demand for safety|053298,20260204-C816-A668-LARGE-#1,2026-02-04
2026-02-08,80804702,A668,2,80804702|C816|A668|2026-02-04|net demand for safety|053307,20260204-C816-A668-LARGE-#1,2026-02-04
2026-02-08,80804703,A668,2,80804703|C816|A668|2026-02-04|net demand for safety|053311,20260204-C816-A668-LARGE-#1,2026-02-04
2026-02-08,80804704,A668,6,80804704|C816|A668|2026-02-04|net demand for safety|053364,20260204-C816-A668-LARGE-#1,2026-02-04
2026-02-08,80848031,A668,1,80848031|C816|A668|2026-02-04|net demand for safety|053826,20260204-C816-A668-LARGE-#1,2026-02-04
2026-02-08,80864469,A668,8,80864469|C816|A668|2026-02-04|net demand for safety|053837,20260204-C816-A668-LARGE-#1,2026-02-04
2026-02-08,80868100,A668,1,80868100|C816|A668|2026-02-04|net demand for safety|053848,20260204-C816-A668-LARGE-#1,2026-02-04
2026-02-08,80868101,A668,1,80868101|C816|A668|2026-02-04|net demand for safety|053850,20260204-C816-A668-LARGE-#1,2026-02-04
2026-02-08,80868102,A668,1,80868102|C816|A668|2026-02-04|net demand for safety|053852,20260204-C816-A668-LARGE-#1,2026-02-04
2026-02-08,80884845,A668,1,80884845|C816|A668|2026-02-04|net demand for safety|053861,20260204-C816-A668-LARGE-#1,2026-02-04
2026-02-08,80884848,A668,1,80884848|C816|A668|2026-02-04|net demand for safety|053870,20260204-C816-A668-LARGE-#1,2026-02-04
2026-02-08,80884852,A668,1,80884852|C816|A668|2026-02-04|net demand for safety|053872,20260204-C816-A668-LARGE-#1,2026-02-04
2026-02-08,80885920,A668,10,80885920|C816|A668|2026-02-04|net demand for safety|053874,20260204-C816-A668-LARGE-#1,2026-02-04
2026-02-08,80848025,A673,1,80848025|C816|A673|2026-02-04|net demand for forecast|053730,20260204-C816-A673-LARGE-#1,2026-02-04
2026-02-08,80848025,A673,3,80848025|C816|A673|2026-02-04|net demand for forecast|053731,20260204-C816-A673-LARGE-#1,2026-02-04
2026-02-08,80848025,A673,3,80848025|C816|A673|2026-02-04|net demand for forecast|053732,20260204-C816-A673-LARGE-#1,2026-02-04
2026-02-08,80848025,A673,3,80848025|C816|A673|2026-02-04|net demand for forecast|053733,20260204-C816-A673-LARGE-#1,2026-02-04
2026-02-08,80848025,A673,3,80848025|C816|A673|2026-02-04|net demand for forecast|053734,20260204-C816-A673-LARGE-#1,2026-02-04
2026-02-08,80848025,A673,4,80848025|C816|A673|2026-02-04|net demand for forecast|053735,20260204-C816-A673-LARGE-#1,2026-02-04
2026-02-08,21414747,A673,31,21414747|C816|A673|2026-02-04|net demand for safety|053099,20260204-C816-A673-LARGE-#1,2026-02-04
2026-02-08,21419500,A673,10,21419500|C816|A673|2026-02-04|net demand for safety|053123,20260204-C816-A673-LARGE-#1,2026-02-04
2026-02-08,21428668,A673,64,21428668|C816|A673|2026-02-04|net demand for safety|053139,20260204-C816-A673-LARGE-#1,2026-02-04
2026-02-08,21442422,A673,36,21442422|C816|A673|2026-02-04|net demand for safety|053148,20260204-C816-A673-LARGE-#1,2026-02-04
2026-02-08,21442897,A673,24,21442897|C816|A673|2026-02-04|net demand for safety|053181,20260204-C816-A673-LARGE-#1,2026-02-04
2026-02-08,80804702,A673,3,80804702|C816|A673|2026-02-04|net demand for safety|053308,20260204-C816-A673-LARGE-#1,2026-02-04
2026-02-08,80807093,A673,7,80807093|C816|A673|2026-02-04|net demand for safety|053471,20260204-C816-A673-LARGE-#1,2026-02-04
2026-02-08,80807117,A673,5,80807117|C816|A673|2026-02-04|net demand for safety|053609,20260204-C816-A673-LARGE-#1,2026-02-04
2026-02-08,80848031,A673,2,80848031|C816|A673|2026-02-04|net demand for safety|053827,20260204-C816-A673-LARGE-#1,2026-02-04
2026-02-08,80864469,A673,23,80864469|C816|A673|2026-02-04|net demand for safety|053845,20260204-C816-A673-LARGE-#1,2026-02-04
2026-02-08,80868100,A673,5,80868100|C816|A673|2026-02-04|net demand for safety|053849,20260204-C816-A673-LARGE-#1,2026-02-04
2026-02-08,80868101,A673,9,80868101|C816|A673|2026-02-04|net demand for safety|053851,20260204-C816-A673-LARGE-#1,2026-02-04
2026-02-08,80884845,A673,1,80884845|C816|A673|2026-02-04|net demand for safety|053869,20260204-C816-A673-LARGE-#1,2026-02-04
2026-02-08,80884848,A673,5,80884848|C816|A673|2026-02-04|net demand for safety|053871,20260204-C816-A673-LARGE-#1,2026-02-04
2026-02-08,80884852,A673,6,80884852|C816|A673|2026-02-04|net demand for safety|053873,20260204-C816-A673-LARGE-#1,2026-02-04
2026-02-08,80804701,A673,28,80804701|C816|A673|2026-02-04|net demand for net demand for safety|053306,20260204-C816-A673-LARGE-#1,2026-02-04
2026-02-08,80804706,A673,11,80804706|C816|A673|2026-02-04|net demand for net demand for safety|053426,20260204-C816-A673-LARGE-#1,2026-02-04
2026-02-08,80807093,A673,3,80807093|C816|A673|2026-02-04|net demand for net demand for safety|053470,20260204-C816-A673-LARGE-#1,2026-02-04
2026-02-08,80848021,A673,48,80848021|C816|A673|2026-02-04|net demand for net demand for safety|053691,20260204-C816-A673-LARGE-#1,2026-02-04
2026-02-08,80804704,D901,2,80804704|A673|D901|2026-02-05|net demand for normal|054352,20260205-A673-D901-SMALL-#1,2026-02-05
2026-02-08,21151196,D901,4,21151196|A673|D901|2026-02-05|net demand for forecast|054045,20260205-A673-D901-SMALL-#1,2026-02-05
2026-02-08,21143103,D901,1,21143103|A673|D901|2026-02-05|net demand for safety|054022,20260205-A673-D901-SMALL-#1,2026-02-05
2026-02-08,21155895,D901,5,21155895|A673|D901|2026-02-05|net demand for safety|054062,20260205-A673-D901-SMALL-#1,2026-02-05
2026-02-08,80793613,D901,5,80793613|A673|D901|2026-02-05|net demand for safety|054225,20260205-A673-D901-SMALL-#1,2026-02-05
2026-02-08,80807089,D901,17,80807089|A673|D901|2026-02-05|net demand for safety|054459,20260205-A673-D901-SMALL-#1,2026-02-05
2026-02-08,80807092,D901,8,80807092|A673|D901|2026-02-05|net demand for safety|054497,20260205-A673-D901-SMALL-#1,2026-02-05
2026-02-08,80807118,D901,32,80807118|A673|D901|2026-02-05|net demand for safety|054677,20260205-A673-D901-SMALL-#1,2026-02-05
2026-02-08,21132758,C810,1,21132758|0386|C810|2026-02-05|net demand for forecast|053936,20260205-0386-C810-LARGE-#1,2026-02-05
2026-02-08,21132758,C810,1,21132758|0386|C810|2026-02-05|net demand for forecast|053941,20260205-0386-C810-LARGE-#1,2026-02-05
2026-02-08,80804136,C810,3,80804136|0386|C810|2026-02-05|net demand for forecast|054284,20260205-0386-C810-LARGE-#1,2026-02-05
2026-02-08,80807110,C810,2,80807110|0386|C810|2026-02-05|net demand for forecast|054554,20260205-0386-C810-LARGE-#1,2026-02-05
2026-02-08,80807116,C810,6,80807116|0386|C810|2026-02-05|net demand for forecast|054637,20260205-0386-C810-LARGE-#1,2026-02-05
2026-02-08,80807116,C810,7,80807116|0386|C810|2026-02-05|net demand for forecast|054638,20260205-0386-C810-LARGE-#1,2026-02-05
2026-02-08,21128377,C810,1,21128377|0386|C810|2026-02-05|net demand for net demand for forecast|053920,20260205-0386-C810-LARGE-#1,2026-02-05
2026-02-08,21132758,C810,1,21132758|0386|C810|2026-02-05|net demand for net demand for forecast|053945,20260205-0386-C810-LARGE-#1,2026-02-05
2026-02-08,21132758,C810,1,21132758|0386|C810|2026-02-05|net demand for net demand for forecast|053946,20260205-0386-C810-LARGE-#1,2026-02-05
2026-02-08,80807102,C810,1,80807102|0386|C810|2026-02-05|net demand for net demand for forecast|054524,20260205-0386-C810-LARGE-#1,2026-02-05
2026-02-08,80807116,C810,4,80807116|0386|C810|2026-02-05|net demand for net demand for forecast|054647,20260205-0386-C810-LARGE-#1,2026-02-05
2026-02-08,80807116,C810,6,80807116|0386|C810|2026-02-05|net demand for net demand for forecast|054652,20260205-0386-C810-LARGE-#1,2026-02-05
2026-02-08,80807119,C810,1,80807119|0386|C810|2026-02-05|net demand for net demand for forecast|054680,20260205-0386-C810-LARGE-#1,2026-02-05
2026-02-08,80848026,C810,3,80848026|0386|C810|2026-02-05|net demand for net demand for forecast|054860,20260205-0386-C810-LARGE-#1,2026-02-05
2026-02-08,80848026,C810,3,80848026|0386|C810|2026-02-05|net demand for net demand for forecast|054863,20260205-0386-C810-LARGE-#1,2026-02-05
2026-02-08,80848026,C810,4,80848026|0386|C810|2026-02-05|net demand for net demand for forecast|054870,20260205-0386-C810-LARGE-#1,2026-02-05
2026-02-08,80848026,C810,7,80848026|0386|C810|2026-02-05|net demand for net demand for forecast|054873,20260205-0386-C810-LARGE-#1,2026-02-05
2026-02-08,80804137,C810,9,80804137|0386|C810|2026-02-05|net demand for safety|054310,20260205-0386-C810-LARGE-#1,2026-02-05
2026-02-08,80807110,C810,17,80807110|0386|C810|2026-02-05|net demand for safety|054561,20260205-0386-C810-LARGE-#1,2026-02-05
2026-02-08,21137866,C810,1,21137866|0386|C810|2026-02-04|net demand for net demand for safety|052967,20260205-0386-C810-LARGE-#1,2026-02-05
2026-02-08,21255844,C810,37,21255844|0386|C810|2026-02-04|net demand for net demand for safety|053030,20260205-0386-C810-LARGE-#1,2026-02-05
2026-02-08,80807102,C810,6,80807102|0386|C810|2026-02-04|net demand for net demand for safety|053529,20260205-0386-C810-LARGE-#1,2026-02-05
2026-02-08,21132758,C810,16,21132758|0386|C810|2026-02-05|net demand for net demand for safety|053950,20260205-0386-C810-LARGE-#1,2026-02-05
2026-02-08,80804137,C810,8,80804137|0386|C810|2026-02-05|net demand for net demand for safety|054308,20260205-0386-C810-LARGE-#1,2026-02-05
2026-02-08,80807102,C810,51,80807102|0386|C810|2026-02-04|push replenishment|053532,20260205-0386-C810-LARGE-#1,2026-02-05
2026-02-08,80807119,C810,10,80807119|0386|C810|2026-02-04|push replenishment|053623,20260205-0386-C810-LARGE-#1,2026-02-05
2026-02-08,80804137,C810,20,80804137|0386|C810|2026-02-05|push replenishment|054311,20260205-0386-C810-LARGE-#1,2026-02-05
2026-02-08,80804136,D901,3,80804136|A673|D901|2026-02-06|net demand for normal|055268,20260206-A673-D901-SMALL-#1,2026-02-06
2026-02-08,80848029,D901,8,80848029|A673|D901|2026-02-06|net demand for normal|055680,20260206-A673-D901-SMALL-#1,2026-02-06
2026-02-08,80804136,D901,3,80804136|A673|D901|2026-02-06|net demand for forecast|055264,20260206-A673-D901-SMALL-#1,2026-02-06
2026-02-08,80804136,D901,3,80804136|A673|D901|2026-02-06|net demand for forecast|055265,20260206-A673-D901-SMALL-#1,2026-02-06
2026-02-08,80804136,D901,3,80804136|A673|D901|2026-02-06|net demand for forecast|055266,20260206-A673-D901-SMALL-#1,2026-02-06
2026-02-08,80804136,D901,3,80804136|A673|D901|2026-02-06|net demand for forecast|055267,20260206-A673-D901-SMALL-#1,2026-02-06
2026-02-08,80804704,D901,2,80804704|A673|D901|2026-02-06|net demand for forecast|055323,20260206-A673-D901-SMALL-#1,2026-02-06
2026-02-08,80804704,D901,2,80804704|A673|D901|2026-02-06|net demand for forecast|055324,20260206-A673-D901-SMALL-#1,2026-02-06
2026-02-08,80804704,D901,2,80804704|A673|D901|2026-02-06|net demand for forecast|055325,20260206-A673-D901-SMALL-#1,2026-02-06
2026-02-08,80804704,D901,3,80804704|A673|D901|2026-02-06|net demand for forecast|055326,20260206-A673-D901-SMALL-#1,2026-02-06
2026-02-08,80807093,D901,1,80807093|A673|D901|2026-02-06|net demand for forecast|055407,20260206-A673-D901-SMALL-#1,2026-02-06
2026-02-08,80807095,D901,2,80807095|A673|D901|2026-02-06|net demand for forecast|055410,20260206-A673-D901-SMALL-#1,2026-02-06
2026-02-08,80807095,D901,2,80807095|A673|D901|2026-02-06|net demand for forecast|055411,20260206-A673-D901-SMALL-#1,2026-02-06
2026-02-08,80807095,D901,2,80807095|A673|D901|2026-02-06|net demand for forecast|055412,20260206-A673-D901-SMALL-#1,2026-02-06
2026-02-08,80807095,D901,2,80807095|A673|D901|2026-02-06|net demand for forecast|055413,20260206-A673-D901-SMALL-#1,2026-02-06
2026-02-08,80807105,D901,5,80807105|A673|D901|2026-02-06|net demand for forecast|055438,20260206-A673-D901-SMALL-#1,2026-02-06
2026-02-08,80807105,D901,5,80807105|A673|D901|2026-02-06|net demand for forecast|055439,20260206-A673-D901-SMALL-#1,2026-02-06
2026-02-08,80807105,D901,7,80807105|A673|D901|2026-02-06|net demand for forecast|055440,20260206-A673-D901-SMALL-#1,2026-02-06
2026-02-08,80807105,D901,7,80807105|A673|D901|2026-02-06|net demand for forecast|055441,20260206-A673-D901-SMALL-#1,2026-02-06
2026-02-08,80848022,D901,1,80848022|A673|D901|2026-02-06|net demand for forecast|055605,20260206-A673-D901-SMALL-#1,2026-02-06
2026-02-08,80848022,D901,1,80848022|A673|D901|2026-02-06|net demand for forecast|055606,20260206-A673-D901-SMALL-#1,2026-02-06
2026-02-08,80848022,D901,1,80848022|A673|D901|2026-02-06|net demand for forecast|055607,20260206-A673-D901-SMALL-#1,2026-02-06
2026-02-08,80848022,D901,1,80848022|A673|D901|2026-02-06|net demand for forecast|055608,20260206-A673-D901-SMALL-#1,2026-02-06
2026-02-08,80848029,D901,10,80848029|A673|D901|2026-02-06|net demand for forecast|055676,20260206-A673-D901-SMALL-#1,2026-02-06
2026-02-08,80848029,D901,10,80848029|A673|D901|2026-02-06|net demand for forecast|055677,20260206-A673-D901-SMALL-#1,2026-02-06
2026-02-08,80848029,D901,13,80848029|A673|D901|2026-02-06|net demand for forecast|055678,20260206-A673-D901-SMALL-#1,2026-02-06
2026-02-08,80848029,D901,13,80848029|A673|D901|2026-02-06|net demand for forecast|055679,20260206-A673-D901-SMALL-#1,2026-02-06
2026-02-08,21103372,D901,19,21103372|A673|D901|2026-02-06|net demand for safety|054981,20260206-A673-D901-SMALL-#1,2026-02-06
2026-02-08,21121751,D901,3,21121751|A673|D901|2026-02-06|net demand for safety|055004,20260206-A673-D901-SMALL-#1,2026-02-06
2026-02-08,21127730,D901,3,21127730|A673|D901|2026-02-06|net demand for safety|055007,20260206-A673-D901-SMALL-#1,2026-02-06
2026-02-08,21143102,D901,6,21143102|A673|D901|2026-02-06|net demand for safety|055061,20260206-A673-D901-SMALL-#1,2026-02-06
2026-02-08,21165868,D901,1,21165868|A673|D901|2026-02-06|net demand for safety|055080,20260206-A673-D901-SMALL-#1,2026-02-06
2026-02-08,21170683,D901,9,21170683|A673|D901|2026-02-06|net demand for safety|055082,20260206-A673-D901-SMALL-#1,2026-02-06
2026-02-08,21170686,D901,1,21170686|A673|D901|2026-02-06|net demand for safety|055083,20260206-A673-D901-SMALL-#1,2026-02-06
2026-02-08,21176384,D901,2,21176384|A673|D901|2026-02-06|net demand for safety|055084,20260206-A673-D901-SMALL-#1,2026-02-06
2026-02-08,21314593,D901,2,21314593|A673|D901|2026-02-06|net demand for safety|055097,20260206-A673-D901-SMALL-#1,2026-02-06
2026-02-08,21314595,D901,2,21314595|A673|D901|2026-02-06|net demand for safety|055099,20260206-A673-D901-SMALL-#1,2026-02-06
2026-02-08,21314876,D901,4,21314876|A673|D901|2026-02-06|net demand for safety|055107,20260206-A673-D901-SMALL-#1,2026-02-06
2026-02-08,21315350,D901,18,21315350|A673|D901|2026-02-06|net demand for safety|055108,20260206-A673-D901-SMALL-#1,2026-02-06
2026-02-08,21315474,D901,8,21315474|A673|D901|2026-02-06|net demand for safety|055111,20260206-A673-D901-SMALL-#1,2026-02-06
2026-02-08,80793613,D901,3,80793613|A673|D901|2026-02-06|net demand for safety|055194,20260206-A673-D901-SMALL-#1,2026-02-06
2026-02-08,80804128,D901,1,80804128|A673|D901|2026-02-06|net demand for safety|055196,20260206-A673-D901-SMALL-#1,2026-02-06
2026-02-08,80804132,D901,3,80804132|A673|D901|2026-02-06|net demand for safety|055213,20260206-A673-D901-SMALL-#1,2026-02-06
2026-02-08,80804137,D901,1,80804137|A673|D901|2026-02-06|net demand for safety|055281,20260206-A673-D901-SMALL-#1,2026-02-06
2026-02-08,80804138,D901,4,80804138|A673|D901|2026-02-06|net demand for safety|055285,20260206-A673-D901-SMALL-#1,2026-02-06
2026-02-08,80807089,D901,20,80807089|A673|D901|2026-02-06|net demand for safety|055395,20260206-A673-D901-SMALL-#1,2026-02-06
2026-02-08,80807092,D901,2,80807092|A673|D901|2026-02-06|net demand for safety|055403,20260206-A673-D901-SMALL-#1,2026-02-06
2026-02-08,80807095,D901,164,80807095|A673|D901|2026-02-06|net demand for safety|055414,20260206-A673-D901-SMALL-#1,2026-02-06
2026-02-08,80807112,D901,24,80807112|A673|D901|2026-02-06|net demand for safety|055454,20260206-A673-D901-SMALL-#1,2026-02-06
2026-02-08,80807113,D901,4,80807113|A673|D901|2026-02-06|net demand for safety|055458,20260206-A673-D901-SMALL-#1,2026-02-06
2026-02-08,80807118,D901,20,80807118|A673|D901|2026-02-06|net demand for safety|055492,20260206-A673-D901-SMALL-#1,2026-02-06
2026-02-08,80807120,D901,7,80807120|A673|D901|2026-02-06|net demand for safety|055497,20260206-A673-D901-SMALL-#1,2026-02-06
2026-02-08,80840976,D901,3,80840976|A673|D901|2026-02-06|net demand for safety|055594,20260206-A673-D901-SMALL-#1,2026-02-06
2026-02-08,80848022,D901,4,80848022|A673|D901|2026-02-06|net demand for safety|055609,20260206-A673-D901-SMALL-#1,2026-02-06
2026-02-08,80848027,D901,2,80848027|A673|D901|2026-02-06|net demand for safety|055656,20260206-A673-D901-SMALL-#1,2026-02-06
2026-02-08,80848028,D901,22,80848028|A673|D901|2026-02-06|net demand for safety|055665,20260206-A673-D901-SMALL-#1,2026-02-06
2026-02-08,80848029,D901,94,80848029|A673|D901|2026-02-06|net demand for safety|055681,20260206-A673-D901-SMALL-#1,2026-02-06
2026-02-08,21128377,D767,1,21128377|C810|D767|2026-02-04|net demand for normal|052948,20260206-C810-D767-SMALL-#1,2026-02-06
2026-02-08,21315350,D767,2,21315350|C810|D767|2026-02-04|net demand for normal|053072,20260206-C810-D767-SMALL-#1,2026-02-06
2026-02-08,80807105,D767,4,80807105|C810|D767|2026-02-04|net demand for normal|053551,20260206-C810-D767-SMALL-#1,2026-02-06
2026-02-08,80848029,D767,1,80848029|C810|D767|2026-02-04|net demand for normal|053809,20260206-C810-D767-SMALL-#1,2026-02-06
2026-02-08,21315350,D767,1,21315350|C810|D767|2026-02-04|net demand for forecast|053068,20260206-C810-D767-SMALL-#1,2026-02-06
2026-02-08,21315350,D767,1,21315350|C810|D767|2026-02-04|net demand for forecast|053069,20260206-C810-D767-SMALL-#1,2026-02-06
2026-02-08,21315350,D767,1,21315350|C810|D767|2026-02-04|net demand for forecast|053070,20260206-C810-D767-SMALL-#1,2026-02-06
2026-02-08,21315350,D767,1,21315350|C810|D767|2026-02-04|net demand for forecast|053071,20260206-C810-D767-SMALL-#1,2026-02-06
2026-02-08,80804138,D767,1,80804138|C810|D767|2026-02-04|net demand for forecast|053277,20260206-C810-D767-SMALL-#1,2026-02-06
2026-02-08,80804138,D767,1,80804138|C810|D767|2026-02-04|net demand for forecast|053278,20260206-C810-D767-SMALL-#1,2026-02-06
2026-02-08,80804138,D767,1,80804138|C810|D767|2026-02-04|net demand for forecast|053279,20260206-C810-D767-SMALL-#1,2026-02-06
2026-02-08,80807095,D767,1,80807095|C810|D767|2026-02-04|net demand for forecast|053479,20260206-C810-D767-SMALL-#1,2026-02-06
2026-02-08,80807095,D767,1,80807095|C810|D767|2026-02-04|net demand for forecast|053480,20260206-C810-D767-SMALL-#1,2026-02-06
2026-02-08,80807095,D767,1,80807095|C810|D767|2026-02-04|net demand for forecast|053481,20260206-C810-D767-SMALL-#1,2026-02-06
2026-02-08,80807095,D767,1,80807095|C810|D767|2026-02-04|net demand for forecast|053482,20260206-C810-D767-SMALL-#1,2026-02-06
2026-02-08,80848026,D767,5,80848026|C810|D767|2026-02-04|net demand for forecast|053757,20260206-C810-D767-SMALL-#1,2026-02-06
2026-02-08,80848026,D767,5,80848026|C810|D767|2026-02-04|net demand for forecast|053758,20260206-C810-D767-SMALL-#1,2026-02-06
2026-02-08,80848026,D767,5,80848026|C810|D767|2026-02-04|net demand for forecast|053759,20260206-C810-D767-SMALL-#1,2026-02-06
2026-02-08,80848026,D767,5,80848026|C810|D767|2026-02-04|net demand for forecast|053760,20260206-C810-D767-SMALL-#1,2026-02-06
2026-02-08,80848029,D767,1,80848029|C810|D767|2026-02-04|net demand for forecast|053805,20260206-C810-D767-SMALL-#1,2026-02-06
2026-02-08,80848029,D767,1,80848029|C810|D767|2026-02-04|net demand for forecast|053806,20260206-C810-D767-SMALL-#1,2026-02-06
2026-02-08,80848029,D767,1,80848029|C810|D767|2026-02-04|net demand for forecast|053807,20260206-C810-D767-SMALL-#1,2026-02-06
2026-02-08,80848029,D767,1,80848029|C810|D767|2026-02-04|net demand for forecast|053808,20260206-C810-D767-SMALL-#1,2026-02-06
2026-02-08,21151196,D767,1,21151196|C810|D767|2026-02-05|net demand for forecast|054050,20260206-C810-D767-SMALL-#1,2026-02-06
2026-02-08,21151196,D767,1,21151196|C810|D767|2026-02-05|net demand for forecast|054051,20260206-C810-D767-SMALL-#1,2026-02-06
2026-02-08,21151196,D767,1,21151196|C810|D767|2026-02-05|net demand for forecast|054052,20260206-C810-D767-SMALL-#1,2026-02-06
2026-02-08,80805856,D767,3,80805856|C810|D767|2026-02-05|net demand for forecast|054447,20260206-C810-D767-SMALL-#1,2026-02-06
2026-02-08,80805856,D767,3,80805856|C810|D767|2026-02-05|net demand for forecast|054448,20260206-C810-D767-SMALL-#1,2026-02-06
2026-02-08,80805856,D767,3,80805856|C810|D767|2026-02-05|net demand for forecast|054449,20260206-C810-D767-SMALL-#1,2026-02-06
2026-02-08,80805856,D767,3,80805856|C810|D767|2026-02-05|net demand for forecast|054450,20260206-C810-D767-SMALL-#1,2026-02-06
2026-02-08,80812846,D767,1,80812846|C810|D767|2026-02-05|net demand for forecast|054733,20260206-C810-D767-SMALL-#1,2026-02-06
2026-02-08,80812846,D767,1,80812846|C810|D767|2026-02-05|net demand for forecast|054734,20260206-C810-D767-SMALL-#1,2026-02-06
2026-02-08,80812846,D767,1,80812846|C810|D767|2026-02-05|net demand for forecast|054735,20260206-C810-D767-SMALL-#1,2026-02-06
2026-02-08,80812846,D767,1,80812846|C810|D767|2026-02-05|net demand for forecast|054736,20260206-C810-D767-SMALL-#1,2026-02-06
2026-02-08,21137866,D767,1,21137866|C810|D767|2026-02-06|net demand for forecast|055040,20260206-C810-D767-SMALL-#1,2026-02-06
2026-02-08,21137866,D767,1,21137866|C810|D767|2026-02-06|net demand for forecast|055042,20260206-C810-D767-SMALL-#1,2026-02-06
2026-02-08,21137866,D767,1,21137866|C810|D767|2026-02-06|net demand for forecast|055043,20260206-C810-D767-SMALL-#1,2026-02-06
2026-02-08,21148509,D767,1,21148509|C810|D767|2026-02-06|net demand for forecast|055066,20260206-C810-D767-SMALL-#1,2026-02-06
2026-02-08,21148509,D767,1,21148509|C810|D767|2026-02-06|net demand for forecast|055067,20260206-C810-D767-SMALL-#1,2026-02-06
2026-02-08,21148509,D767,1,21148509|C810|D767|2026-02-06|net demand for forecast|055068,20260206-C810-D767-SMALL-#1,2026-02-06
2026-02-08,21148509,D767,1,21148509|C810|D767|2026-02-06|net demand for forecast|055069,20260206-C810-D767-SMALL-#1,2026-02-06
2026-02-08,21151196,D767,1,21151196|C810|D767|2026-02-06|net demand for forecast|055071,20260206-C810-D767-SMALL-#1,2026-02-06
2026-02-08,80805856,D767,3,80805856|C810|D767|2026-02-06|net demand for forecast|055384,20260206-C810-D767-SMALL-#1,2026-02-06
2026-02-08,80805856,D767,3,80805856|C810|D767|2026-02-06|net demand for forecast|055385,20260206-C810-D767-SMALL-#1,2026-02-06
2026-02-08,80805856,D767,4,80805856|C810|D767|2026-02-06|net demand for forecast|055386,20260206-C810-D767-SMALL-#1,2026-02-06
2026-02-08,80812846,D767,1,80812846|C810|D767|2026-02-06|net demand for forecast|055587,20260206-C810-D767-SMALL-#1,2026-02-06
2026-02-08,80812846,D767,1,80812846|C810|D767|2026-02-06|net demand for forecast|055588,20260206-C810-D767-SMALL-#1,2026-02-06
2026-02-08,80812846,D767,1,80812846|C810|D767|2026-02-06|net demand for forecast|055589,20260206-C810-D767-SMALL-#1,2026-02-06
2026-02-08,80812846,D767,1,80812846|C810|D767|2026-02-06|net demand for forecast|055590,20260206-C810-D767-SMALL-#1,2026-02-06
2026-02-08,21103372,D767,3,21103372|C810|D767|2026-02-04|net demand for safety|052909,20260206-C810-D767-SMALL-#1,2026-02-06
2026-02-08,80804138,D767,6,80804138|C810|D767|2026-02-04|net demand for safety|053280,20260206-C810-D767-SMALL-#1,2026-02-06
2026-02-08,80804701,D767,3,80804701|C810|D767|2026-02-04|net demand for safety|053291,20260206-C810-D767-SMALL-#1,2026-02-06
2026-02-08,80804705,D767,13,80804705|C810|D767|2026-02-04|net demand for safety|053393,20260206-C810-D767-SMALL-#1,2026-02-06
2026-02-08,80807089,D767,1,80807089|C810|D767|2026-02-04|net demand for safety|053440,20260206-C810-D767-SMALL-#1,2026-02-06
2026-02-08,80807091,D767,5,80807091|C810|D767|2026-02-04|net demand for safety|053464,20260206-C810-D767-SMALL-#1,2026-02-06
2026-02-08,80807092,D767,1,80807092|C810|D767|2026-02-04|net demand for safety|053469,20260206-C810-D767-SMALL-#1,2026-02-06
2026-02-08,80812840,D767,7,80812840|C810|D767|2026-02-04|net demand for safety|053652,20260206-C810-D767-SMALL-#1,2026-02-06
2026-02-08,80848022,D767,1,80848022|C810|D767|2026-02-04|net demand for safety|053700,20260206-C810-D767-SMALL-#1,2026-02-06
2026-02-08,80848029,D767,2,80848029|C810|D767|2026-02-04|net demand for safety|053810,20260206-C810-D767-SMALL-#1,2026-02-06
2026-02-08,21103372,D767,1,21103372|C810|D767|2026-02-05|net demand for safety|053908,20260206-C810-D767-SMALL-#1,2026-02-06
2026-02-08,21137866,D767,84,21137866|C810|D767|2026-02-05|net demand for safety|054010,20260206-C810-D767-SMALL-#1,2026-02-06
2026-02-08,21148509,D767,41,21148509|C810|D767|2026-02-05|net demand for safety|054040,20260206-C810-D767-SMALL-#1,2026-02-06
2026-02-08,21151196,D767,5,21151196|C810|D767|2026-02-05|net demand for safety|054053,20260206-C810-D767-SMALL-#1,2026-02-06
2026-02-08,80804128,D767,3,80804128|C810|D767|2026-02-05|net demand for safety|054229,20260206-C810-D767-SMALL-#1,2026-02-06
2026-02-08,80805856,D767,3,80805856|C810|D767|2026-02-05|net demand for safety|054451,20260206-C810-D767-SMALL-#1,2026-02-06
2026-02-08,80807089,D767,5,80807089|C810|D767|2026-02-05|net demand for safety|054468,20260206-C810-D767-SMALL-#1,2026-02-06
2026-02-08,80807091,D767,5,80807091|C810|D767|2026-02-05|net demand for safety|054493,20260206-C810-D767-SMALL-#1,2026-02-06
2026-02-08,80807092,D767,1,80807092|C810|D767|2026-02-05|net demand for safety|054499,20260206-C810-D767-SMALL-#1,2026-02-06
2026-02-08,80807100,D767,26,80807100|C810|D767|2026-02-05|net demand for safety|054522,20260206-C810-D767-SMALL-#1,2026-02-06
2026-02-08,80807113,D767,2,80807113|C810|D767|2026-02-05|net demand for safety|054579,20260206-C810-D767-SMALL-#1,2026-02-06
2026-02-08,80807118,D767,3,80807118|C810|D767|2026-02-05|net demand for safety|054678,20260206-C810-D767-SMALL-#1,2026-02-06
2026-02-08,80812840,D767,15,80812840|C810|D767|2026-02-05|net demand for safety|054708,20260206-C810-D767-SMALL-#1,2026-02-06
2026-02-08,80812846,D767,33,80812846|C810|D767|2026-02-05|net demand for safety|054737,20260206-C810-D767-SMALL-#1,2026-02-06
2026-02-08,80848022,D767,1,80848022|C810|D767|2026-02-05|net demand for safety|054755,20260206-C810-D767-SMALL-#1,2026-02-06
2026-02-08,21137866,D767,5,21137866|C810|D767|2026-02-06|net demand for safety|055044,20260206-C810-D767-SMALL-#1,2026-02-06
2026-02-08,21325292,D767,4,21325292|C810|D767|2026-02-06|net demand for safety|055113,20260206-C810-D767-SMALL-#1,2026-02-06
2026-02-08,80804138,D767,3,80804138|C810|D767|2026-02-06|net demand for safety|055286,20260206-C810-D767-SMALL-#1,2026-02-06
2026-02-08,80807089,D767,6,80807089|C810|D767|2026-02-06|net demand for safety|055396,20260206-C810-D767-SMALL-#1,2026-02-06
2026-02-08,80807092,D767,1,80807092|C810|D767|2026-02-06|net demand for safety|055405,20260206-C810-D767-SMALL-#1,2026-02-06
2026-02-08,80807100,D767,5,80807100|C810|D767|2026-02-06|net demand for safety|055426,20260206-C810-D767-SMALL-#1,2026-02-06
2026-02-08,80807112,D767,2,80807112|C810|D767|2026-02-06|net demand for safety|055455,20260206-C810-D767-SMALL-#1,2026-02-06
2026-02-08,80807113,D767,1,80807113|C810|D767|2026-02-06|net demand for safety|055460,20260206-C810-D767-SMALL-#1,2026-02-06
2026-02-08,80807118,D767,2,80807118|C810|D767|2026-02-06|net demand for safety|055493,20260206-C810-D767-SMALL-#1,2026-02-06
2026-02-08,80812840,D767,9,80812840|C810|D767|2026-02-06|net demand for safety|055508,20260206-C810-D767-SMALL-#1,2026-02-06
2026-02-08,80812846,D767,4,80812846|C810|D767|2026-02-06|net demand for safety|055591,20260206-C810-D767-SMALL-#1,2026-02-06
2026-02-08,80812845,C810,1,80812845|0386|C810|2026-02-06|net demand for AO|055534,20260206-0386-C810-LARGE-#1,2026-02-06
2026-02-08,80812845,C810,1,80812845|0386|C810|2026-02-06|net demand for AO|055535,20260206-0386-C810-LARGE-#1,2026-02-06
2026-02-08,80812845,C810,1,80812845|0386|C810|2026-02-06|net demand for AO|055536,20260206-0386-C810-LARGE-#1,2026-02-06
2026-02-08,80812845,C810,1,80812845|0386|C810|2026-02-06|net demand for AO|055537,20260206-0386-C810-LARGE-#1,2026-02-06
2026-02-08,80812845,C810,1,80812845|0386|C810|2026-02-06|net demand for AO|055538,20260206-0386-C810-LARGE-#1,2026-02-06
2026-02-08,80812845,C810,2,80812845|0386|C810|2026-02-06|net demand for AO|055539,20260206-0386-C810-LARGE-#1,2026-02-06
2026-02-08,80812845,C810,3,80812845|0386|C810|2026-02-06|net demand for AO|055540,20260206-0386-C810-LARGE-#1,2026-02-06
2026-02-08,80812845,C810,5,80812845|0386|C810|2026-02-06|net demand for AO|055541,20260206-0386-C810-LARGE-#1,2026-02-06
2026-02-08,80804133,C810,1,80804133|0386|C810|2026-02-06|net demand for forecast|055227,20260206-0386-C810-LARGE-#1,2026-02-06
2026-02-08,80804133,C810,2,80804133|0386|C810|2026-02-06|net demand for forecast|055228,20260206-0386-C810-LARGE-#1,2026-02-06
2026-02-08,80804133,C810,2,80804133|0386|C810|2026-02-06|net demand for forecast|055229,20260206-0386-C810-LARGE-#1,2026-02-06
2026-02-08,80804133,C810,2,80804133|0386|C810|2026-02-06|net demand for forecast|055230,20260206-0386-C810-LARGE-#1,2026-02-06
2026-02-08,80804133,C810,2,80804133|0386|C810|2026-02-06|net demand for forecast|055231,20260206-0386-C810-LARGE-#1,2026-02-06
2026-02-08,80804133,C810,2,80804133|0386|C810|2026-02-06|net demand for forecast|055232,20260206-0386-C810-LARGE-#1,2026-02-06
2026-02-08,80804133,C810,2,80804133|0386|C810|2026-02-06|net demand for forecast|055233,20260206-0386-C810-LARGE-#1,2026-02-06
2026-02-08,80812845,C810,2,80812845|0386|C810|2026-02-06|net demand for forecast|055542,20260206-0386-C810-LARGE-#1,2026-02-06
2026-02-08,80812845,C810,9,80812845|0386|C810|2026-02-06|net demand for forecast|055543,20260206-0386-C810-LARGE-#1,2026-02-06
2026-02-08,80812845,C810,9,80812845|0386|C810|2026-02-06|net demand for forecast|055544,20260206-0386-C810-LARGE-#1,2026-02-06
2026-02-08,80812845,C810,9,80812845|0386|C810|2026-02-06|net demand for forecast|055545,20260206-0386-C810-LARGE-#1,2026-02-06
2026-02-08,80812845,C810,9,80812845|0386|C810|2026-02-06|net demand for forecast|055546,20260206-0386-C810-LARGE-#1,2026-02-06
2026-02-08,80812845,C810,9,80812845|0386|C810|2026-02-06|net demand for forecast|055547,20260206-0386-C810-LARGE-#1,2026-02-06
2026-02-08,80812845,C810,12,80812845|0386|C810|2026-02-06|net demand for forecast|055548,20260206-0386-C810-LARGE-#1,2026-02-06
2026-02-08,80804137,C810,1,80804137|0386|C810|2026-02-06|net demand for net demand for forecast|055276,20260206-0386-C810-LARGE-#1,2026-02-06
2026-02-08,80804137,C810,1,80804137|0386|C810|2026-02-06|net demand for net demand for forecast|055277,20260206-0386-C810-LARGE-#1,2026-02-06
2026-02-08,80804137,C810,1,80804137|0386|C810|2026-02-06|net demand for net demand for forecast|055278,20260206-0386-C810-LARGE-#1,2026-02-06
2026-02-08,80804137,C810,1,80804137|0386|C810|2026-02-06|net demand for net demand for forecast|055279,20260206-0386-C810-LARGE-#1,2026-02-06
2026-02-08,80812845,C810,6,80812845|0386|C810|2026-02-06|net demand for net demand for forecast|055549,20260206-0386-C810-LARGE-#1,2026-02-06
2026-02-08,80812845,C810,6,80812845|0386|C810|2026-02-06|net demand for net demand for forecast|055550,20260206-0386-C810-LARGE-#1,2026-02-06
2026-02-08,80812845,C810,8,80812845|0386|C810|2026-02-06|net demand for net demand for forecast|055551,20260206-0386-C810-LARGE-#1,2026-02-06
2026-02-08,80812845,C810,8,80812845|0386|C810|2026-02-06|net demand for net demand for forecast|055552,20260206-0386-C810-LARGE-#1,2026-02-06
2026-02-08,21098519,C810,59,21098519|0386|C810|2026-02-06|net demand for safety|054972,20260206-0386-C810-LARGE-#1,2026-02-06
2026-02-08,21128067,C810,3,21128067|0386|C810|2026-02-06|net demand for safety|055016,20260206-0386-C810-LARGE-#1,2026-02-06
2026-02-08,80804132,C810,29,80804132|0386|C810|2026-02-06|net demand for safety|055207,20260206-0386-C810-LARGE-#1,2026-02-06
2026-02-08,80804133,C810,34,80804133|0386|C810|2026-02-06|net demand for safety|055236,20260206-0386-C810-LARGE-#1,2026-02-06
2026-02-08,80812845,C810,87,80812845|0386|C810|2026-02-06|net demand for safety|055556,20260206-0386-C810-LARGE-#1,2026-02-06
2026-02-08,21098519,C810,4,21098519|0386|C810|2026-02-06|net demand for net demand for safety|054970,20260206-0386-C810-LARGE-#1,2026-02-06
2026-02-08,21098519,C810,9,21098519|0386|C810|2026-02-06|net demand for net demand for safety|054971,20260206-0386-C810-LARGE-#1,2026-02-06
2026-02-08,21103371,C810,2,21103371|0386|C810|2026-02-06|net demand for net demand for safety|054979,20260206-0386-C810-LARGE-#1,2026-02-06
2026-02-08,21128067,C810,19,21128067|0386|C810|2026-02-06|net demand for net demand for safety|055015,20260206-0386-C810-LARGE-#1,2026-02-06
2026-02-08,80804132,C810,1,80804132|0386|C810|2026-02-06|net demand for net demand for safety|055205,20260206-0386-C810-LARGE-#1,2026-02-06
2026-02-08,80804132,C810,23,80804132|0386|C810|2026-02-06|net demand for net demand for safety|055206,20260206-0386-C810-LARGE-#1,2026-02-06
2026-02-08,80804133,C810,9,80804133|0386|C810|2026-02-06|net demand for net demand for safety|055234,20260206-0386-C810-LARGE-#1,2026-02-06
2026-02-08,80804133,C810,26,80804133|0386|C810|2026-02-06|net demand for net demand for safety|055235,20260206-0386-C810-LARGE-#1,2026-02-06
2026-02-08,80804137,C810,1,80804137|0386|C810|2026-02-06|net demand for net demand for safety|055280,20260206-0386-C810-LARGE-#1,2026-02-06
2026-02-08,80812845,C810,42,80812845|0386|C810|2026-02-06|net demand for net demand for safety|055553,20260206-0386-C810-LARGE-#1,2026-02-06
2026-02-08,80812845,C810,59,80812845|0386|C810|2026-02-06|net demand for net demand for safety|055554,20260206-0386-C810-LARGE-#1,2026-02-06
2026-02-08,80812845,C810,64,80812845|0386|C810|2026-02-06|net demand for net demand for safety|055555,20260206-0386-C810-LARGE-#1,2026-02-06
2026-02-08,80863643,C810,4,80863643|0386|C810|2026-02-06|net demand for net demand for safety|055686,20260206-0386-C810-LARGE-#1,2026-02-06
2026-02-08,21098519,C810,49,21098519|0386|C810|2026-02-06|push replenishment|054973,20260206-0386-C810-LARGE-#1,2026-02-06
2026-02-08,21128067,C810,32,21128067|0386|C810|2026-02-06|push replenishment|055017,20260206-0386-C810-LARGE-#1,2026-02-06
2026-02-08,21139445,C810,75,21139445|0386|C810|2026-02-06|push replenishment|055048,20260206-0386-C810-LARGE-#1,2026-02-06
2026-02-08,80804133,C810,52,80804133|0386|C810|2026-02-06|push replenishment|055237,20260206-0386-C810-LARGE-#1,2026-02-06
2026-02-08,80812845,C810,190,80812845|0386|C810|2026-02-06|push replenishment|055557,20260206-0386-C810-LARGE-#1,2026-02-06
2026-02-08,80812845,C816,1,80812845|0386|C816|2026-02-06|net demand for net demand for forecast|055567,20260206-0386-C816-LARGE-#1,2026-02-06
2026-02-08,21139445,C816,44,21139445|0386|C816|2026-02-06|net demand for net demand for safety|055051,20260206-0386-C816-LARGE-#1,2026-02-06
2026-02-08,80812845,C816,16,80812845|0386|C816|2026-02-06|net demand for net demand for safety|055574,20260206-0386-C816-LARGE-#1,2026-02-06
2026-02-08,21141769,C816,2,21141769|0386|C816|2026-02-07|net demand for forecast|055907,20260207-0386-C816-LARGE-#1,2026-02-07
2026-02-08,21141769,C816,2,21141769|0386|C816|2026-02-07|net demand for forecast|055909,20260207-0386-C816-LARGE-#1,2026-02-07
2026-02-08,21141769,C816,2,21141769|0386|C816|2026-02-07|net demand for forecast|055910,20260207-0386-C816-LARGE-#1,2026-02-07
2026-02-08,21141769,C816,2,21141769|0386|C816|2026-02-07|net demand for forecast|055911,20260207-0386-C816-LARGE-#1,2026-02-07
2026-02-08,21141769,C816,3,21141769|0386|C816|2026-02-07|net demand for forecast|055913,20260207-0386-C816-LARGE-#1,2026-02-07
2026-02-08,80807105,C816,1,80807105|0386|C816|2026-02-07|net demand for forecast|056351,20260207-0386-C816-LARGE-#1,2026-02-07
2026-02-08,80807105,C816,1,80807105|0386|C816|2026-02-07|net demand for forecast|056352,20260207-0386-C816-LARGE-#1,2026-02-07
2026-02-08,80807105,C816,1,80807105|0386|C816|2026-02-07|net demand for forecast|056353,20260207-0386-C816-LARGE-#1,2026-02-07
2026-02-08,80807105,C816,2,80807105|0386|C816|2026-02-07|net demand for forecast|056354,20260207-0386-C816-LARGE-#1,2026-02-07
2026-02-08,80807105,C816,2,80807105|0386|C816|2026-02-07|net demand for forecast|056356,20260207-0386-C816-LARGE-#1,2026-02-07
2026-02-08,80807105,C816,2,80807105|0386|C816|2026-02-07|net demand for forecast|056357,20260207-0386-C816-LARGE-#1,2026-02-07
2026-02-08,80807105,C816,4,80807105|0386|C816|2026-02-07|net demand for net demand for forecast|056358,20260207-0386-C816-LARGE-#1,2026-02-07
2026-02-08,80807105,C816,4,80807105|0386|C816|2026-02-07|net demand for net demand for forecast|056360,20260207-0386-C816-LARGE-#1,2026-02-07
2026-02-08,80807105,C816,4,80807105|0386|C816|2026-02-07|net demand for net demand for forecast|056361,20260207-0386-C816-LARGE-#1,2026-02-07
2026-02-08,80807105,C816,4,80807105|0386|C816|2026-02-07|net demand for net demand for forecast|056362,20260207-0386-C816-LARGE-#1,2026-02-07
2026-02-08,80807105,C816,4,80807105|0386|C816|2026-02-07|net demand for net demand for forecast|056363,20260207-0386-C816-LARGE-#1,2026-02-07
2026-02-08,80807105,C816,4,80807105|0386|C816|2026-02-07|net demand for net demand for forecast|056364,20260207-0386-C816-LARGE-#1,2026-02-07
2026-02-08,21132988,C816,27,21132988|0386|C816|2026-02-07|net demand for safety|055844,20260207-0386-C816-LARGE-#1,2026-02-07
2026-02-08,21141769,C816,102,21141769|0386|C816|2026-02-07|net demand for safety|055915,20260207-0386-C816-LARGE-#1,2026-02-07
2026-02-08,21151196,C816,1,21151196|0386|C816|2026-02-07|net demand for safety|055929,20260207-0386-C816-LARGE-#1,2026-02-07
2026-02-08,80807105,C816,164,80807105|0386|C816|2026-02-07|net demand for safety|056368,20260207-0386-C816-LARGE-#1,2026-02-07
2026-02-08,80812103,C816,1,80812103|0386|C816|2026-02-07|net demand for safety|056451,20260207-0386-C816-LARGE-#1,2026-02-07
2026-02-08,21132988,C816,3,21132988|0386|C816|2026-02-07|net demand for net demand for safety|055842,20260207-0386-C816-LARGE-#1,2026-02-07
2026-02-08,21132988,C816,4,21132988|0386|C816|2026-02-07|net demand for net demand for safety|055843,20260207-0386-C816-LARGE-#1,2026-02-07
2026-02-08,21141769,C816,25,21141769|0386|C816|2026-02-07|net demand for net demand for safety|055914,20260207-0386-C816-LARGE-#1,2026-02-07
2026-02-08,21307836,C816,8,21307836|0386|C816|2026-02-07|net demand for net demand for safety|055960,20260207-0386-C816-LARGE-#1,2026-02-07
2026-02-08,21315350,C816,1,21315350|0386|C816|2026-02-07|net demand for net demand for safety|055976,20260207-0386-C816-LARGE-#1,2026-02-07
2026-02-08,80807105,C816,14,80807105|0386|C816|2026-02-07|net demand for net demand for safety|056365,20260207-0386-C816-LARGE-#1,2026-02-07
2026-02-08,80807105,C816,26,80807105|0386|C816|2026-02-07|net demand for net demand for safety|056366,20260207-0386-C816-LARGE-#1,2026-02-07
2026-02-08,80807105,C816,32,80807105|0386|C816|2026-02-07|net demand for net demand for safety|056367,20260207-0386-C816-LARGE-#1,2026-02-07
2026-02-08,21132988,C816,202,21132988|0386|C816|2026-02-07|push replenishment|055845,20260207-0386-C816-LARGE-#1,2026-02-07
2026-02-08,21141769,C816,94,21141769|0386|C816|2026-02-07|push replenishment|055916,20260207-0386-C816-LARGE-#1,2026-02-07
2026-02-08,21307836,C816,2360,21307836|0386|C816|2026-02-07|push replenishment|055963,20260207-0386-C816-LARGE-#1,2026-02-07
2026-02-08,80807105,C816,256,80807105|0386|C816|2026-02-07|push replenishment|056369,20260207-0386-C816-LARGE-#1,2026-02-07
2026-02-08,80807114,C816,1240,80807114|0386|C816|2026-02-07|push replenishment|056398,20260207-0386-C816-LARGE-#1,2026-02-07
