date,material,receiving,quantity,ori_deployment_uid,vehicle_uid,actual_ship_date
2026-01-19,21176384,A716,1,21176384|0386|A716|2026-01-04|net demand for forecast|012781,20260104-0386-A716-Train-#1,2026-01-04
2026-01-19,21314593,A716,1,21314593|0386|A716|2026-01-04|net demand for forecast|012875,20260104-0386-A716-Train-#1,2026-01-04
2026-01-19,21314593,A716,1,21314593|0386|A716|2026-01-04|net demand for forecast|012882,20260104-0386-A716-Train-#1,2026-01-04
2026-01-19,21314593,A716,1,21314593|0386|A716|2026-01-04|net demand for forecast|012883,20260104-0386-A716-Train-#1,2026-01-04
2026-01-19,21314593,A716,1,21314593|0386|A716|2026-01-04|net demand for forecast|012886,20260104-0386-A716-Train-#1,2026-01-04
2026-01-19,21314593,A716,1,21314593|0386|A716|2026-01-04|net demand for forecast|012889,20260104-0386-A716-Train-#1,2026-01-04
2026-01-19,21315474,A716,4,21315474|0386|A716|2026-01-04|net demand for forecast|013027,20260104-0386-A716-Train-#1,2026-01-04
2026-01-19,80807115,A716,4,80807115|0386|A716|2026-01-04|net demand for forecast|013288,20260104-0386-A716-Train-#1,2026-01-04
2026-01-19,80807115,A716,6,80807115|0386|A716|2026-01-04|net demand for forecast|013295,20260104-0386-A716-Train-#1,2026-01-04
2026-01-19,80807115,A716,6,80807115|0386|A716|2026-01-04|net demand for forecast|013299,20260104-0386-A716-Train-#1,2026-01-04
2026-01-19,80848026,A716,4,80848026|0386|A716|2026-01-04|net demand for forecast|013516,20260104-0386-A716-Train-#1,2026-01-04
2026-01-19,21141769,A716,3,21141769|0386|A716|2026-01-05|net demand for normal|013897,20260105-0386-A716-Train-#1,2026-01-05
2026-01-19,80795932,A716,1,80795932|0386|A716|2026-01-05|net demand for AO|014306,20260105-0386-A716-Train-#1,2026-01-05
2026-01-19,21098519,A716,1,21098519|0386|A716|2026-01-05|net demand for forecast|013591,20260105-0386-A716-Train-#1,2026-01-05
2026-01-19,21098519,A716,1,21098519|0386|A716|2026-01-05|net demand for forecast|013592,20260105-0386-A716-Train-#1,2026-01-05
2026-01-19,21098519,A716,1,21098519|0386|A716|2026-01-05|net demand for forecast|013593,20260105-0386-A716-Train-#1,2026-01-05
2026-01-19,21098519,A716,1,21098519|0386|A716|2026-01-05|net demand for forecast|013594,20260105-0386-A716-Train-#1,2026-01-05
2026-01-19,21098519,A716,1,21098519|0386|A716|2026-01-05|net demand for forecast|013595,20260105-0386-A716-Train-#1,2026-01-05
2026-01-19,21098519,A716,1,21098519|0386|A716|2026-01-05|net demand for forecast|013596,20260105-0386-A716-Train-#1,2026-01-05
2026-01-19,21098519,A716,1,21098519|0386|A716|2026-01-05|net demand for forecast|013597,20260105-0386-A716-Train-#1,2026-01-05
2026-01-19,21098519,A716,1,21098519|0386|A716|2026-01-05|net demand for forecast|013598,20260105-0386-A716-Train-#1,2026-01-05
2026-01-19,21098519,A716,1,21098519|0386|A716|2026-01-05|net demand for forecast|013599,20260105-0386-A716-Train-#1,2026-01-05
2026-01-19,21098519,A716,1,21098519|0386|A716|2026-01-05|net demand for forecast|013600,20260105-0386-A716-Train-#1,2026-01-05
2026-01-19,21098519,A716,1,21098519|0386|A716|2026-01-05|net demand for forecast|013601,20260105-0386-A716-Train-#1,2026-01-05
2026-01-19,21098519,A716,1,21098519|0386|A716|2026-01-05|net demand for forecast|013602,20260105-0386-A716-Train-#1,2026-01-05
2026-01-19,21098519,A716,1,21098519|0386|A716|2026-01-05|net demand for forecast|013603,20260105-0386-A716-Train-#1,2026-01-05
2026-01-19,21098519,A716,1,21098519|0386|A716|2026-01-05|net demand for forecast|013604,20260105-0386-A716-Train-#1,2026-01-05
2026-01-19,21098519,A716,1,21098519|0386|A716|2026-01-05|net demand for forecast|013605,20260105-0386-A716-Train-#1,2026-01-05
2026-01-19,21098519,A716,1,21098519|0386|A716|2026-01-05|net demand for forecast|013606,20260105-0386-A716-Train-#1,2026-01-05
2026-01-19,21098519,A716,1,21098519|0386|A716|2026-01-05|net demand for forecast|013607,20260105-0386-A716-Train-#1,2026-01-05
2026-01-19,21098519,A716,1,21098519|0386|A716|2026-01-05|net demand for forecast|013609,20260105-0386-A716-Train-#1,2026-01-05
2026-01-19,21132988,A716,1,21132988|0386|A716|2026-01-05|net demand for forecast|013761,20260105-0386-A716-Train-#1,2026-01-05
2026-01-19,21132988,A716,2,21132988|0386|A716|2026-01-05|net demand for forecast|013762,20260105-0386-A716-Train-#1,2026-01-05
2026-01-19,21132988,A716,2,21132988|0386|A716|2026-01-05|net demand for forecast|013764,20260105-0386-A716-Train-#1,2026-01-05
2026-01-19,21132988,A716,2,21132988|0386|A716|2026-01-05|net demand for forecast|013765,20260105-0386-A716-Train-#1,2026-01-05
2026-01-19,21132988,A716,2,21132988|0386|A716|2026-01-05|net demand for forecast|013766,20260105-0386-A716-Train-#1,2026-01-05
2026-01-19,21132988,A716,2,21132988|0386|A716|2026-01-05|net demand for forecast|013767,20260105-0386-A716-Train-#1,2026-01-05
2026-01-19,21132988,A716,2,21132988|0386|A716|2026-01-05|net demand for forecast|013768,20260105-0386-A716-Train-#1,2026-01-05
2026-01-19,21132988,A716,2,21132988|0386|A716|2026-01-05|net demand for forecast|013769,20260105-0386-A716-Train-#1,2026-01-05
2026-01-19,21132988,A716,2,21132988|0386|A716|2026-01-05|net demand for forecast|013771,20260105-0386-A716-Train-#1,2026-01-05
2026-01-19,21132988,A716,2,21132988|0386|A716|2026-01-05|net demand for forecast|013772,20260105-0386-A716-Train-#1,2026-01-05
2026-01-19,21132988,A716,2,21132988|0386|A716|2026-01-05|net demand for forecast|013774,20260105-0386-A716-Train-#1,2026-01-05
2026-01-19,21132988,A716,2,21132988|0386|A716|2026-01-05|net demand for forecast|013775,20260105-0386-A716-Train-#1,2026-01-05
2026-01-19,21132988,A716,2,21132988|0386|A716|2026-01-05|net demand for forecast|013776,20260105-0386-A716-Train-#1,2026-01-05
2026-01-19,21132988,A716,2,21132988|0386|A716|2026-01-05|net demand for forecast|013777,20260105-0386-A716-Train-#1,2026-01-05
2026-01-19,21132988,A716,2,21132988|0386|A716|2026-01-05|net demand for forecast|013778,20260105-0386-A716-Train-#1,2026-01-05
2026-01-19,21132988,A716,2,21132988|0386|A716|2026-01-05|net demand for forecast|013779,20260105-0386-A716-Train-#1,2026-01-05
2026-01-19,21141769,A716,4,21141769|0386|A716|2026-01-05|net demand for forecast|013880,20260105-0386-A716-Train-#1,2026-01-05
2026-01-19,21141769,A716,4,21141769|0386|A716|2026-01-05|net demand for forecast|013881,20260105-0386-A716-Train-#1,2026-01-05
2026-01-19,21141769,A716,4,21141769|0386|A716|2026-01-05|net demand for forecast|013883,20260105-0386-A716-Train-#1,2026-01-05
2026-01-19,21141769,A716,5,21141769|0386|A716|2026-01-05|net demand for forecast|013884,20260105-0386-A716-Train-#1,2026-01-05
2026-01-19,21141769,A716,5,21141769|0386|A716|2026-01-05|net demand for forecast|013886,20260105-0386-A716-Train-#1,2026-01-05
2026-01-19,21141769,A716,5,21141769|0386|A716|2026-01-05|net demand for forecast|013887,20260105-0386-A716-Train-#1,2026-01-05
2026-01-19,21141769,A716,5,21141769|0386|A716|2026-01-05|net demand for forecast|013888,20260105-0386-A716-Train-#1,2026-01-05
2026-01-19,21141769,A716,5,21141769|0386|A716|2026-01-05|net demand for forecast|013889,20260105-0386-A716-Train-#1,2026-01-05
2026-01-19,21141769,A716,5,21141769|0386|A716|2026-01-05|net demand for forecast|013890,20260105-0386-A716-Train-#1,2026-01-05
2026-01-19,21141769,A716,5,21141769|0386|A716|2026-01-05|net demand for forecast|013891,20260105-0386-A716-Train-#1,2026-01-05
2026-01-19,21141769,A716,5,21141769|0386|A716|2026-01-05|net demand for forecast|013892,20260105-0386-A716-Train-#1,2026-01-05
2026-01-19,21141769,A716,5,21141769|0386|A716|2026-01-05|net demand for forecast|013893,20260105-0386-A716-Train-#1,2026-01-05
2026-01-19,21141769,A716,5,21141769|0386|A716|2026-01-05|net demand for forecast|013894,20260105-0386-A716-Train-#1,2026-01-05
2026-01-19,21141769,A716,6,21141769|0386|A716|2026-01-05|net demand for forecast|013895,20260105-0386-A716-Train-#1,2026-01-05
2026-01-19,21141769,A716,6,21141769|0386|A716|2026-01-05|net demand for forecast|013896,20260105-0386-A716-Train-#1,2026-01-05
2026-01-19,21148509,A716,1,21148509|0386|A716|2026-01-05|net demand for forecast|014002,20260105-0386-A716-Train-#1,2026-01-05
2026-01-19,21148509,A716,1,21148509|0386|A716|2026-01-05|net demand for forecast|014003,20260105-0386-A716-Train-#1,2026-01-05
2026-01-19,21148509,A716,1,21148509|0386|A716|2026-01-05|net demand for forecast|014004,20260105-0386-A716-Train-#1,2026-01-05
2026-01-19,21148509,A716,1,21148509|0386|A716|2026-01-05|net demand for forecast|014005,20260105-0386-A716-Train-#1,2026-01-05
2026-01-19,21148509,A716,1,21148509|0386|A716|2026-01-05|net demand for forecast|014006,20260105-0386-A716-Train-#1,2026-01-05
2026-01-19,21148509,A716,2,21148509|0386|A716|2026-01-05|net demand for forecast|014007,20260105-0386-A716-Train-#1,2026-01-05
2026-01-19,21148509,A716,2,21148509|0386|A716|2026-01-05|net demand for forecast|014008,20260105-0386-A716-Train-#1,2026-01-05
2026-01-19,21148509,A716,2,21148509|0386|A716|2026-01-05|net demand for forecast|014009,20260105-0386-A716-Train-#1,2026-01-05
2026-01-19,21148509,A716,2,21148509|0386|A716|2026-01-05|net demand for forecast|014010,20260105-0386-A716-Train-#1,2026-01-05
2026-01-19,21148509,A716,2,21148509|0386|A716|2026-01-05|net demand for forecast|014011,20260105-0386-A716-Train-#1,2026-01-05
2026-01-19,21148509,A716,2,21148509|0386|A716|2026-01-05|net demand for forecast|014013,20260105-0386-A716-Train-#1,2026-01-05
2026-01-19,21148509,A716,2,21148509|0386|A716|2026-01-05|net demand for forecast|014014,20260105-0386-A716-Train-#1,2026-01-05
2026-01-19,21148509,A716,2,21148509|0386|A716|2026-01-05|net demand for forecast|014015,20260105-0386-A716-Train-#1,2026-01-05
2026-01-19,21148509,A716,2,21148509|0386|A716|2026-01-05|net demand for forecast|014016,20260105-0386-A716-Train-#1,2026-01-05
2026-01-19,21148509,A716,2,21148509|0386|A716|2026-01-05|net demand for forecast|014017,20260105-0386-A716-Train-#1,2026-01-05
2026-01-19,21148509,A716,2,21148509|0386|A716|2026-01-05|net demand for forecast|014018,20260105-0386-A716-Train-#1,2026-01-05
2026-01-19,21357275,A716,1,21357275|0386|A716|2026-01-05|net demand for forecast|014265,20260105-0386-A716-Train-#1,2026-01-05
2026-01-19,21357275,A716,1,21357275|0386|A716|2026-01-05|net demand for forecast|014266,20260105-0386-A716-Train-#1,2026-01-05
2026-01-19,21357275,A716,1,21357275|0386|A716|2026-01-05|net demand for forecast|014267,20260105-0386-A716-Train-#1,2026-01-05
2026-01-19,21357275,A716,1,21357275|0386|A716|2026-01-05|net demand for forecast|014269,20260105-0386-A716-Train-#1,2026-01-05
2026-01-19,21357275,A716,1,21357275|0386|A716|2026-01-05|net demand for forecast|014270,20260105-0386-A716-Train-#1,2026-01-05
2026-01-19,21357275,A716,1,21357275|0386|A716|2026-01-05|net demand for forecast|014271,20260105-0386-A716-Train-#1,2026-01-05
2026-01-19,21357275,A716,1,21357275|0386|A716|2026-01-05|net demand for forecast|014272,20260105-0386-A716-Train-#1,2026-01-05
2026-01-19,21357275,A716,1,21357275|0386|A716|2026-01-05|net demand for forecast|014273,20260105-0386-A716-Train-#1,2026-01-05
2026-01-19,21357275,A716,1,21357275|0386|A716|2026-01-05|net demand for forecast|014274,20260105-0386-A716-Train-#1,2026-01-05
2026-01-19,21357275,A716,1,21357275|0386|A716|2026-01-05|net demand for forecast|014275,20260105-0386-A716-Train-#1,2026-01-05
2026-01-19,21357275,A716,2,21357275|0386|A716|2026-01-05|net demand for forecast|014276,20260105-0386-A716-Train-#1,2026-01-05
2026-01-19,21357275,A716,2,21357275|0386|A716|2026-01-05|net demand for forecast|014277,20260105-0386-A716-Train-#1,2026-01-05
2026-01-19,21357275,A716,2,21357275|0386|A716|2026-01-05|net demand for forecast|014278,20260105-0386-A716-Train-#1,2026-01-05
2026-01-19,21357275,A716,2,21357275|0386|A716|2026-01-05|net demand for forecast|014279,20260105-0386-A716-Train-#1,2026-01-05
2026-01-19,21357275,A716,2,21357275|0386|A716|2026-01-05|net demand for forecast|014280,20260105-0386-A716-Train-#1,2026-01-05
2026-01-19,21357275,A716,2,21357275|0386|A716|2026-01-05|net demand for forecast|014281,20260105-0386-A716-Train-#1,2026-01-05
2026-01-19,21357275,A716,2,21357275|0386|A716|2026-01-05|net demand for forecast|014282,20260105-0386-A716-Train-#1,2026-01-05
2026-01-19,21357275,A716,2,21357275|0386|A716|2026-01-05|net demand for forecast|014283,20260105-0386-A716-Train-#1,2026-01-05
2026-01-19,80804128,A716,1,80804128|0386|A716|2026-01-05|net demand for forecast|014377,20260105-0386-A716-Train-#1,2026-01-05
2026-01-19,80804128,A716,1,80804128|0386|A716|2026-01-05|net demand for forecast|014378,20260105-0386-A716-Train-#1,2026-01-05
2026-01-19,80804128,A716,1,80804128|0386|A716|2026-01-05|net demand for forecast|014379,20260105-0386-A716-Train-#1,2026-01-05
2026-01-19,80804128,A716,1,80804128|0386|A716|2026-01-05|net demand for forecast|014380,20260105-0386-A716-Train-#1,2026-01-05
2026-01-19,80804128,A716,1,80804128|0386|A716|2026-01-05|net demand for forecast|014381,20260105-0386-A716-Train-#1,2026-01-05
2026-01-19,80804128,A716,1,80804128|0386|A716|2026-01-05|net demand for forecast|014382,20260105-0386-A716-Train-#1,2026-01-05
2026-01-19,80804128,A716,1,80804128|0386|A716|2026-01-05|net demand for forecast|014384,20260105-0386-A716-Train-#1,2026-01-05
2026-01-19,80804128,A716,1,80804128|0386|A716|2026-01-05|net demand for forecast|014385,20260105-0386-A716-Train-#1,2026-01-05
2026-01-19,80804128,A716,1,80804128|0386|A716|2026-01-05|net demand for forecast|014386,20260105-0386-A716-Train-#1,2026-01-05
2026-01-19,80804128,A716,1,80804128|0386|A716|2026-01-05|net demand for forecast|014387,20260105-0386-A716-Train-#1,2026-01-05
2026-01-19,80804128,A716,1,80804128|0386|A716|2026-01-05|net demand for forecast|014388,20260105-0386-A716-Train-#1,2026-01-05
2026-01-19,80804128,A716,1,80804128|0386|A716|2026-01-05|net demand for forecast|014389,20260105-0386-A716-Train-#1,2026-01-05
2026-01-19,80804128,A716,1,80804128|0386|A716|2026-01-05|net demand for forecast|014390,20260105-0386-A716-Train-#1,2026-01-05
2026-01-19,80804128,A716,1,80804128|0386|A716|2026-01-05|net demand for forecast|014391,20260105-0386-A716-Train-#1,2026-01-05
2026-01-19,80804128,A716,1,80804128|0386|A716|2026-01-05|net demand for forecast|014392,20260105-0386-A716-Train-#1,2026-01-05
2026-01-19,80804128,A716,1,80804128|0386|A716|2026-01-05|net demand for forecast|014393,20260105-0386-A716-Train-#1,2026-01-05
2026-01-19,80804128,A716,1,80804128|0386|A716|2026-01-05|net demand for forecast|014394,20260105-0386-A716-Train-#1,2026-01-05
2026-01-19,80804134,A716,2,80804134|0386|A716|2026-01-05|net demand for forecast|014466,20260105-0386-A716-Train-#1,2026-01-05
2026-01-19,80804134,A716,2,80804134|0386|A716|2026-01-05|net demand for forecast|014467,20260105-0386-A716-Train-#1,2026-01-05
2026-01-19,80804134,A716,2,80804134|0386|A716|2026-01-05|net demand for forecast|014468,20260105-0386-A716-Train-#1,2026-01-05
2026-01-19,80804134,A716,2,80804134|0386|A716|2026-01-05|net demand for forecast|014469,20260105-0386-A716-Train-#1,2026-01-05
2026-01-19,80804134,A716,2,80804134|0386|A716|2026-01-05|net demand for forecast|014470,20260105-0386-A716-Train-#1,2026-01-05
2026-01-19,80804134,A716,2,80804134|0386|A716|2026-01-05|net demand for forecast|014471,20260105-0386-A716-Train-#1,2026-01-05
2026-01-19,80804134,A716,2,80804134|0386|A716|2026-01-05|net demand for forecast|014472,20260105-0386-A716-Train-#1,2026-01-05
2026-01-19,80804134,A716,2,80804134|0386|A716|2026-01-05|net demand for forecast|014473,20260105-0386-A716-Train-#1,2026-01-05
2026-01-19,80804134,A716,2,80804134|0386|A716|2026-01-05|net demand for forecast|014474,20260105-0386-A716-Train-#1,2026-01-05
2026-01-19,80804134,A716,2,80804134|0386|A716|2026-01-05|net demand for forecast|014475,20260105-0386-A716-Train-#1,2026-01-05
2026-01-19,80804134,A716,2,80804134|0386|A716|2026-01-05|net demand for forecast|014476,20260105-0386-A716-Train-#1,2026-01-05
2026-01-19,80804134,A716,2,80804134|0386|A716|2026-01-05|net demand for forecast|014477,20260105-0386-A716-Train-#1,2026-01-05
2026-01-19,80804134,A716,2,80804134|0386|A716|2026-01-05|net demand for forecast|014478,20260105-0386-A716-Train-#1,2026-01-05
2026-01-19,80804134,A716,2,80804134|0386|A716|2026-01-05|net demand for forecast|014479,20260105-0386-A716-Train-#1,2026-01-05
2026-01-19,80804134,A716,2,80804134|0386|A716|2026-01-05|net demand for forecast|014480,20260105-0386-A716-Train-#1,2026-01-05
2026-01-19,80804134,A716,2,80804134|0386|A716|2026-01-05|net demand for forecast|014481,20260105-0386-A716-Train-#1,2026-01-05
2026-01-19,80804134,A716,2,80804134|0386|A716|2026-01-05|net demand for forecast|014482,20260105-0386-A716-Train-#1,2026-01-05
2026-01-19,80804134,A716,2,80804134|0386|A716|2026-01-05|net demand for forecast|014483,20260105-0386-A716-Train-#1,2026-01-05
2026-01-19,80804704,A716,10,80804704|0386|A716|2026-01-05|net demand for forecast|014644,20260105-0386-A716-Train-#1,2026-01-05
2026-01-19,80804704,A716,10,80804704|0386|A716|2026-01-05|net demand for forecast|014645,20260105-0386-A716-Train-#1,2026-01-05
2026-01-19,80804704,A716,10,80804704|0386|A716|2026-01-05|net demand for forecast|014646,20260105-0386-A716-Train-#1,2026-01-05
2026-01-19,80804704,A716,10,80804704|0386|A716|2026-01-05|net demand for forecast|014647,20260105-0386-A716-Train-#1,2026-01-05
2026-01-19,80804704,A716,11,80804704|0386|A716|2026-01-05|net demand for forecast|014648,20260105-0386-A716-Train-#1,2026-01-05
2026-01-19,80804704,A716,11,80804704|0386|A716|2026-01-05|net demand for forecast|014649,20260105-0386-A716-Train-#1,2026-01-05
2026-01-19,80804704,A716,11,80804704|0386|A716|2026-01-05|net demand for forecast|014650,20260105-0386-A716-Train-#1,2026-01-05
2026-01-19,80804704,A716,11,80804704|0386|A716|2026-01-05|net demand for forecast|014651,20260105-0386-A716-Train-#1,2026-01-05
2026-01-19,80804704,A716,11,80804704|0386|A716|2026-01-05|net demand for forecast|014652,20260105-0386-A716-Train-#1,2026-01-05
2026-01-19,80804704,A716,11,80804704|0386|A716|2026-01-05|net demand for forecast|014653,20260105-0386-A716-Train-#1,2026-01-05
2026-01-19,80804704,A716,11,80804704|0386|A716|2026-01-05|net demand for forecast|014654,20260105-0386-A716-Train-#1,2026-01-05
2026-01-19,80804704,A716,11,80804704|0386|A716|2026-01-05|net demand for forecast|014655,20260105-0386-A716-Train-#1,2026-01-05
2026-01-19,80804704,A716,12,80804704|0386|A716|2026-01-05|net demand for forecast|014656,20260105-0386-A716-Train-#1,2026-01-05
2026-01-19,80804704,A716,12,80804704|0386|A716|2026-01-05|net demand for forecast|014657,20260105-0386-A716-Train-#1,2026-01-05
2026-01-19,80804704,A716,12,80804704|0386|A716|2026-01-05|net demand for forecast|014658,20260105-0386-A716-Train-#1,2026-01-05
2026-01-19,80804704,A716,12,80804704|0386|A716|2026-01-05|net demand for forecast|014659,20260105-0386-A716-Train-#1,2026-01-05
2026-01-19,80804704,A716,12,80804704|0386|A716|2026-01-05|net demand for forecast|014660,20260105-0386-A716-Train-#1,2026-01-05
2026-01-19,80804704,A716,12,80804704|0386|A716|2026-01-05|net demand for forecast|014661,20260105-0386-A716-Train-#1,2026-01-05
2026-01-19,80804705,A716,6,80804705|0386|A716|2026-01-05|net demand for forecast|014755,20260105-0386-A716-Train-#1,2026-01-05
2026-01-19,80804705,A716,6,80804705|0386|A716|2026-01-05|net demand for forecast|014756,20260105-0386-A716-Train-#1,2026-01-05
2026-01-19,80804705,A716,6,80804705|0386|A716|2026-01-05|net demand for forecast|014757,20260105-0386-A716-Train-#1,2026-01-05
2026-01-19,80804705,A716,6,80804705|0386|A716|2026-01-05|net demand for forecast|014758,20260105-0386-A716-Train-#1,2026-01-05
2026-01-19,80804705,A716,6,80804705|0386|A716|2026-01-05|net demand for forecast|014759,20260105-0386-A716-Train-#1,2026-01-05
2026-01-19,80804705,A716,6,80804705|0386|A716|2026-01-05|net demand for forecast|014760,20260105-0386-A716-Train-#1,2026-01-05
2026-01-19,80804705,A716,7,80804705|0386|A716|2026-01-05|net demand for forecast|014761,20260105-0386-A716-Train-#1,2026-01-05
2026-01-19,80804705,A716,7,80804705|0386|A716|2026-01-05|net demand for forecast|014762,20260105-0386-A716-Train-#1,2026-01-05
2026-01-19,80804705,A716,7,80804705|0386|A716|2026-01-05|net demand for forecast|014763,20260105-0386-A716-Train-#1,2026-01-05
2026-01-19,80804705,A716,7,80804705|0386|A716|2026-01-05|net demand for forecast|014764,20260105-0386-A716-Train-#1,2026-01-05
2026-01-19,80804705,A716,7,80804705|0386|A716|2026-01-05|net demand for forecast|014765,20260105-0386-A716-Train-#1,2026-01-05
2026-01-19,80804705,A716,7,80804705|0386|A716|2026-01-05|net demand for forecast|014766,20260105-0386-A716-Train-#1,2026-01-05
2026-01-19,80804705,A716,7,80804705|0386|A716|2026-01-05|net demand for forecast|014767,20260105-0386-A716-Train-#1,2026-01-05
2026-01-19,80804705,A716,7,80804705|0386|A716|2026-01-05|net demand for forecast|014768,20260105-0386-A716-Train-#1,2026-01-05
2026-01-19,80804705,A716,7,80804705|0386|A716|2026-01-05|net demand for forecast|014770,20260105-0386-A716-Train-#1,2026-01-05
2026-01-19,80804705,A716,7,80804705|0386|A716|2026-01-05|net demand for forecast|014771,20260105-0386-A716-Train-#1,2026-01-05
2026-01-19,80804705,A716,7,80804705|0386|A716|2026-01-05|net demand for forecast|014772,20260105-0386-A716-Train-#1,2026-01-05
2026-01-19,80804705,A716,7,80804705|0386|A716|2026-01-05|net demand for forecast|014773,20260105-0386-A716-Train-#1,2026-01-05
2026-01-19,80848029,A716,1,80848029|0386|A716|2026-01-05|net demand for forecast|015035,20260105-0386-A716-Train-#1,2026-01-05
2026-01-19,80848029,A716,1,80848029|0386|A716|2026-01-05|net demand for forecast|015036,20260105-0386-A716-Train-#1,2026-01-05
2026-01-19,80848029,A716,1,80848029|0386|A716|2026-01-05|net demand for forecast|015037,20260105-0386-A716-Train-#1,2026-01-05
2026-01-19,80848029,A716,1,80848029|0386|A716|2026-01-05|net demand for forecast|015038,20260105-0386-A716-Train-#1,2026-01-05
2026-01-19,80848029,A716,1,80848029|0386|A716|2026-01-05|net demand for forecast|015039,20260105-0386-A716-Train-#1,2026-01-05
2026-01-19,80848029,A716,1,80848029|0386|A716|2026-01-05|net demand for forecast|015040,20260105-0386-A716-Train-#1,2026-01-05
2026-01-19,80848029,A716,1,80848029|0386|A716|2026-01-05|net demand for forecast|015041,20260105-0386-A716-Train-#1,2026-01-05
2026-01-19,80848029,A716,1,80848029|0386|A716|2026-01-05|net demand for forecast|015042,20260105-0386-A716-Train-#1,2026-01-05
2026-01-19,80848029,A716,1,80848029|0386|A716|2026-01-05|net demand for forecast|015043,20260105-0386-A716-Train-#1,2026-01-05
2026-01-19,80848029,A716,1,80848029|0386|A716|2026-01-05|net demand for forecast|015045,20260105-0386-A716-Train-#1,2026-01-05
2026-01-19,80848029,A716,1,80848029|0386|A716|2026-01-05|net demand for forecast|015046,20260105-0386-A716-Train-#1,2026-01-05
2026-01-19,80848029,A716,1,80848029|0386|A716|2026-01-05|net demand for forecast|015047,20260105-0386-A716-Train-#1,2026-01-05
2026-01-19,80848029,A716,1,80848029|0386|A716|2026-01-05|net demand for forecast|015048,20260105-0386-A716-Train-#1,2026-01-05
2026-01-19,80848029,A716,1,80848029|0386|A716|2026-01-05|net demand for forecast|015049,20260105-0386-A716-Train-#1,2026-01-05
2026-01-19,80848029,A716,1,80848029|0386|A716|2026-01-05|net demand for forecast|015051,20260105-0386-A716-Train-#1,2026-01-05
2026-01-19,80848029,A716,1,80848029|0386|A716|2026-01-05|net demand for forecast|015052,20260105-0386-A716-Train-#1,2026-01-05
2026-01-19,21098519,A716,16,21098519|0386|A716|2026-01-05|net demand for safety|013610,20260105-0386-A716-Train-#1,2026-01-05
2026-01-19,21132988,A716,50,21132988|0386|A716|2026-01-05|net demand for safety|013780,20260105-0386-A716-Train-#1,2026-01-05
2026-01-19,21141769,A716,45,21141769|0386|A716|2026-01-05|net demand for safety|013898,20260105-0386-A716-Train-#1,2026-01-05
2026-01-19,21148509,A716,14,21148509|0386|A716|2026-01-05|net demand for safety|014020,20260105-0386-A716-Train-#1,2026-01-05
2026-01-19,21357275,A716,20,21357275|0386|A716|2026-01-05|net demand for safety|014284,20260105-0386-A716-Train-#1,2026-01-05
2026-01-19,80804128,A716,2,80804128|0386|A716|2026-01-05|net demand for safety|014395,20260105-0386-A716-Train-#1,2026-01-05
2026-01-19,80804134,A716,33,80804134|0386|A716|2026-01-05|net demand for safety|014484,20260105-0386-A716-Train-#1,2026-01-05
2026-01-19,80804137,A716,16,80804137|0386|A716|2026-01-05|net demand for safety|014582,20260105-0386-A716-Train-#1,2026-01-05
2026-01-19,80804704,A716,178,80804704|0386|A716|2026-01-05|net demand for safety|014663,20260105-0386-A716-Train-#1,2026-01-05
2026-01-19,80804705,A716,160,80804705|0386|A716|2026-01-05|net demand for safety|014774,20260105-0386-A716-Train-#1,2026-01-05
2026-01-19,80848029,A716,26,80848029|0386|A716|2026-01-05|net demand for safety|015053,20260105-0386-A716-Train-#1,2026-01-05
2026-01-19,21098519,A716,96,21098519|0386|A716|2026-01-05|push replenishment|013611,20260105-0386-A716-Train-#1,2026-01-05
2026-01-19,21148509,A716,33,21148509|0386|A716|2026-01-05|push replenishment|014021,20260105-0386-A716-Train-#1,2026-01-05
2026-01-19,21357275,A716,9,21357275|0386|A716|2026-01-05|push replenishment|014285,20260105-0386-A716-Train-#1,2026-01-05
2026-01-19,80804133,A716,92,80804133|0386|A716|2026-01-05|push replenishment|014411,20260105-0386-A716-Train-#1,2026-01-05
2026-01-19,80804137,A716,3,80804137|0386|A716|2026-01-05|push replenishment|014583,20260105-0386-A716-Train-#1,2026-01-05
2026-01-19,80804704,A716,464,80804704|0386|A716|2026-01-05|push replenishment|014664,20260105-0386-A716-Train-#1,2026-01-05
2026-01-19,80848029,A716,64,80848029|0386|A716|2026-01-05|push replenishment|015054,20260105-0386-A716-Train-#1,2026-01-05
2026-01-19,80793615,A715,2,80793615|0386|A715|2026-01-08|net demand for AO|018256,20260108-0386-A715-Train-#1,2026-01-08
2026-01-19,21132758,A715,1,21132758|0386|A715|2026-01-08|net demand for forecast|017878,20260108-0386-A715-Train-#1,2026-01-08
2026-01-19,80793615,A715,2,80793615|0386|A715|2026-01-08|net demand for forecast|018262,20260108-0386-A715-Train-#1,2026-01-08
2026-01-19,80793615,A715,2,80793615|0386|A715|2026-01-08|net demand for forecast|018263,20260108-0386-A715-Train-#1,2026-01-08
2026-01-19,80796091,A715,1,80796091|0386|A715|2026-01-08|net demand for forecast|018390,20260108-0386-A715-Train-#1,2026-01-08
2026-01-19,80796091,A715,2,80796091|0386|A715|2026-01-08|net demand for forecast|018398,20260108-0386-A715-Train-#1,2026-01-08
2026-01-19,80804701,A715,3,80804701|0386|A715|2026-01-08|net demand for forecast|018537,20260108-0386-A715-Train-#1,2026-01-08
2026-01-19,80804701,A715,4,80804701|0386|A715|2026-01-08|net demand for forecast|018544,20260108-0386-A715-Train-#1,2026-01-08
2026-01-19,80804701,A715,4,80804701|0386|A715|2026-01-08|net demand for forecast|018547,20260108-0386-A715-Train-#1,2026-01-08
2026-01-19,80807096,A715,7,80807096|0386|A715|2026-01-08|net demand for forecast|018850,20260108-0386-A715-Train-#1,2026-01-08
2026-01-19,80807096,A715,8,80807096|0386|A715|2026-01-08|net demand for forecast|018856,20260108-0386-A715-Train-#1,2026-01-08
2026-01-19,80807112,A715,155,80807112|0386|A715|2026-01-08|push replenishment|018971,20260108-0386-A715-Train-#1,2026-01-08
2026-01-19,80804701,A715,1,80804701|0386|A715|2026-01-09|net demand for normal|019705,20260109-0386-A715-Train-#1,2026-01-09
2026-01-19,80807096,A715,1,80807096|0386|A715|2026-01-09|net demand for AO|019895,20260109-0386-A715-Train-#1,2026-01-09
2026-01-19,80807096,A715,1,80807096|0386|A715|2026-01-09|net demand for AO|019896,20260109-0386-A715-Train-#1,2026-01-09
2026-01-19,80807096,A715,1,80807096|0386|A715|2026-01-09|net demand for AO|019897,20260109-0386-A715-Train-#1,2026-01-09
2026-01-19,80807096,A715,1,80807096|0386|A715|2026-01-09|net demand for AO|019898,20260109-0386-A715-Train-#1,2026-01-09
2026-01-19,80807096,A715,3,80807096|0386|A715|2026-01-09|net demand for AO|019900,20260109-0386-A715-Train-#1,2026-01-09
2026-01-19,80807116,A715,3,80807116|0386|A715|2026-01-09|net demand for forecast|019997,20260109-0386-A715-Train-#1,2026-01-09
2026-01-19,80807116,A715,4,80807116|0386|A715|2026-01-09|net demand for forecast|019998,20260109-0386-A715-Train-#1,2026-01-09
2026-01-19,80807116,A715,6,80807116|0386|A715|2026-01-09|net demand for forecast|020000,20260109-0386-A715-Train-#1,2026-01-09
2026-01-19,80807116,A715,7,80807116|0386|A715|2026-01-09|net demand for forecast|020001,20260109-0386-A715-Train-#1,2026-01-09
2026-01-19,80807116,A715,7,80807116|0386|A715|2026-01-09|net demand for forecast|020002,20260109-0386-A715-Train-#1,2026-01-09
2026-01-19,80807116,A715,7,80807116|0386|A715|2026-01-09|net demand for forecast|020003,20260109-0386-A715-Train-#1,2026-01-09
2026-01-19,80807116,A715,7,80807116|0386|A715|2026-01-09|net demand for forecast|020004,20260109-0386-A715-Train-#1,2026-01-09
2026-01-19,80807116,A715,7,80807116|0386|A715|2026-01-09|net demand for forecast|020005,20260109-0386-A715-Train-#1,2026-01-09
2026-01-19,80807116,A715,7,80807116|0386|A715|2026-01-09|net demand for forecast|020006,20260109-0386-A715-Train-#1,2026-01-09
2026-01-19,80807116,A715,7,80807116|0386|A715|2026-01-09|net demand for forecast|020007,20260109-0386-A715-Train-#1,2026-01-09
2026-01-19,80807116,A715,7,80807116|0386|A715|2026-01-09|net demand for forecast|020010,20260109-0386-A715-Train-#1,2026-01-09
2026-01-19,80807116,A715,7,80807116|0386|A715|2026-01-09|net demand for forecast|020011,20260109-0386-A715-Train-#1,2026-01-09
2026-01-19,80848028,A715,5,80848028|0386|A715|2026-01-09|net demand for forecast|020223,20260109-0386-A715-Train-#1,2026-01-09
2026-01-19,80848028,A715,5,80848028|0386|A715|2026-01-09|net demand for forecast|020224,20260109-0386-A715-Train-#1,2026-01-09
2026-01-19,80848028,A715,6,80848028|0386|A715|2026-01-09|net demand for forecast|020225,20260109-0386-A715-Train-#1,2026-01-09
2026-01-19,80848028,A715,6,80848028|0386|A715|2026-01-09|net demand for forecast|020226,20260109-0386-A715-Train-#1,2026-01-09
2026-01-19,80848028,A715,6,80848028|0386|A715|2026-01-09|net demand for forecast|020228,20260109-0386-A715-Train-#1,2026-01-09
2026-01-19,80848028,A715,6,80848028|0386|A715|2026-01-09|net demand for forecast|020229,20260109-0386-A715-Train-#1,2026-01-09
2026-01-19,80848028,A715,6,80848028|0386|A715|2026-01-09|net demand for forecast|020230,20260109-0386-A715-Train-#1,2026-01-09
2026-01-19,80848028,A715,6,80848028|0386|A715|2026-01-09|net demand for forecast|020231,20260109-0386-A715-Train-#1,2026-01-09
2026-01-19,80848028,A715,6,80848028|0386|A715|2026-01-09|net demand for forecast|020232,20260109-0386-A715-Train-#1,2026-01-09
2026-01-19,80848028,A715,6,80848028|0386|A715|2026-01-09|net demand for forecast|020233,20260109-0386-A715-Train-#1,2026-01-09
2026-01-19,80848028,A715,6,80848028|0386|A715|2026-01-09|net demand for forecast|020234,20260109-0386-A715-Train-#1,2026-01-09
2026-01-19,80848028,A715,7,80848028|0386|A715|2026-01-09|net demand for forecast|020235,20260109-0386-A715-Train-#1,2026-01-09
2026-01-19,80848028,A715,7,80848028|0386|A715|2026-01-09|net demand for forecast|020236,20260109-0386-A715-Train-#1,2026-01-09
2026-01-19,21137866,A715,55,21137866|0386|A715|2026-01-09|net demand for safety|019332,20260109-0386-A715-Train-#1,2026-01-09
2026-01-19,80804136,A715,9,80804136|0386|A715|2026-01-09|net demand for safety|019633,20260109-0386-A715-Train-#1,2026-01-09
2026-01-19,80807116,A715,12,80807116|0386|A715|2026-01-09|net demand for safety|020012,20260109-0386-A715-Train-#1,2026-01-09
2026-01-19,80848028,A715,82,80848028|0386|A715|2026-01-09|net demand for safety|020237,20260109-0386-A715-Train-#1,2026-01-09
2026-01-19,80864470,A715,15,80864470|0386|A715|2026-01-09|net demand for safety|020360,20260109-0386-A715-Train-#1,2026-01-09
2026-01-19,21103371,A715,61,21103371|0386|A715|2026-01-09|push replenishment|019241,20260109-0386-A715-Train-#1,2026-01-09
2026-01-19,21103372,A715,42,21103372|0386|A715|2026-01-09|push replenishment|019260,20260109-0386-A715-Train-#1,2026-01-09
2026-01-19,21137866,A715,94,21137866|0386|A715|2026-01-09|push replenishment|019333,20260109-0386-A715-Train-#1,2026-01-09
2026-01-19,21143110,A715,16,21143110|0386|A715|2026-01-09|push replenishment|019387,20260109-0386-A715-Train-#1,2026-01-09
2026-01-19,21314602,A715,104,21314602|0386|A715|2026-01-09|push replenishment|019456,20260109-0386-A715-Train-#1,2026-01-09
2026-01-19,80804136,A715,25,80804136|0386|A715|2026-01-09|push replenishment|019634,20260109-0386-A715-Train-#1,2026-01-09
2026-01-19,80807102,A715,21,80807102|0386|A715|2026-01-09|push replenishment|019911,20260109-0386-A715-Train-#1,2026-01-09
2026-01-19,80848028,A715,117,80848028|0386|A715|2026-01-09|push replenishment|020238,20260109-0386-A715-Train-#1,2026-01-09
2026-01-19,80864470,A715,44,80864470|0386|A715|2026-01-09|push replenishment|020361,20260109-0386-A715-Train-#1,2026-01-09
2026-01-19,21128067,C819,1,21128067|A673|C819|2025-12-21|net demand for forecast|001175,20260111-A673-C819-SMALL-#1,2026-01-11
2026-01-19,21128067,C819,1,21128067|A673|C819|2025-12-28|net demand for forecast|006314,20260111-A673-C819-SMALL-#1,2026-01-11
2026-01-19,21128067,C819,1,21128067|A673|C819|2025-12-28|net demand for forecast|006315,20260111-A673-C819-SMALL-#1,2026-01-11
2026-01-19,21128067,C819,1,21128067|A673|C819|2025-12-28|net demand for forecast|006316,20260111-A673-C819-SMALL-#1,2026-01-11
2026-01-19,80864469,C819,1,80864469|A673|C819|2025-12-30|net demand for forecast|008982,20260111-A673-C819-SMALL-#1,2026-01-11
2026-01-19,80864469,C819,1,80864469|A673|C819|2025-12-30|net demand for forecast|008984,20260111-A673-C819-SMALL-#1,2026-01-11
2026-01-19,80864469,C819,1,80864469|A673|C819|2025-12-31|net demand for forecast|010100,20260111-A673-C819-SMALL-#1,2026-01-11
2026-01-19,80804704,C819,1,80804704|A673|C819|2026-01-01|net demand for forecast|010804,20260111-A673-C819-SMALL-#1,2026-01-11
2026-01-19,80864469,C819,1,80864469|A673|C819|2026-01-01|net demand for forecast|010969,20260111-A673-C819-SMALL-#1,2026-01-11
2026-01-19,80812846,C819,1,80812846|A673|C819|2026-01-02|net demand for forecast|011634,20260111-A673-C819-SMALL-#1,2026-01-11
2026-01-19,80804704,C819,2,80804704|A673|C819|2026-01-04|net demand for forecast|013179,20260111-A673-C819-SMALL-#1,2026-01-11
2026-01-19,80812846,C819,1,80812846|A673|C819|2026-01-08|net demand for forecast|019136,20260111-A673-C819-SMALL-#1,2026-01-11
2026-01-19,21137866,C819,1,21137866|A673|C819|2026-01-10|net demand for forecast|020525,20260111-A673-C819-SMALL-#1,2026-01-11
2026-01-19,80812846,C819,1,80812846|A673|C819|2025-12-22|net demand for safety|002346,20260111-A673-C819-SMALL-#1,2026-01-11
2026-01-19,80804703,A672,2,80804703|C816|A672|2026-01-08|net demand for normal|018621,20260111-C816-A672-Train-#1,2026-01-11
2026-01-19,80804703,A672,2,80804703|C816|A672|2026-01-09|net demand for normal|019744,20260111-C816-A672-Train-#1,2026-01-11
2026-01-19,80804706,A672,3,80804706|C816|A672|2026-01-09|net demand for normal|019830,20260111-C816-A672-Train-#1,2026-01-11
2026-01-19,21419500,A672,1,21419500|C816|A672|2026-01-10|net demand for normal|020743,20260111-C816-A672-Train-#1,2026-01-11
2026-01-19,80804703,A672,1,80804703|C816|A672|2026-01-10|net demand for normal|021065,20260111-C816-A672-Train-#1,2026-01-11
2026-01-19,80804706,A672,2,80804706|C816|A672|2026-01-10|net demand for normal|021241,20260111-C816-A672-Train-#1,2026-01-11
2026-01-19,21419500,A672,2,21419500|C816|A672|2026-01-11|net demand for normal|022420,20260111-C816-A672-Train-#1,2026-01-11
2026-01-19,80804698,A672,11,80804698|C816|A672|2026-01-11|net demand for normal|022904,20260111-C816-A672-Train-#1,2026-01-11
2026-01-19,80804703,A672,1,80804703|C816|A672|2026-01-11|net demand for normal|022980,20260111-C816-A672-Train-#1,2026-01-11
2026-01-19,80804706,A672,2,80804706|C816|A672|2026-01-11|net demand for normal|023097,20260111-C816-A672-Train-#1,2026-01-11
2026-01-19,80804704,A672,3,80804704|C816|A672|2026-01-08|net demand for AO|018651,20260111-C816-A672-Train-#1,2026-01-11
2026-01-19,80804704,A672,13,80804704|C816|A672|2026-01-08|net demand for AO|018652,20260111-C816-A672-Train-#1,2026-01-11
2026-01-19,80804704,A672,14,80804704|C816|A672|2026-01-08|net demand for AO|018653,20260111-C816-A672-Train-#1,2026-01-11
2026-01-19,80804704,A672,19,80804704|C816|A672|2026-01-08|net demand for AO|018654,20260111-C816-A672-Train-#1,2026-01-11
2026-01-19,80804704,A672,3,80804704|C816|A672|2026-01-09|net demand for AO|019776,20260111-C816-A672-Train-#1,2026-01-11
2026-01-19,80804704,A672,14,80804704|C816|A672|2026-01-09|net demand for AO|019777,20260111-C816-A672-Train-#1,2026-01-11
2026-01-19,80804704,A672,20,80804704|C816|A672|2026-01-09|net demand for AO|019778,20260111-C816-A672-Train-#1,2026-01-11
2026-01-19,80804704,A672,20,80804704|C816|A672|2026-01-09|net demand for AO|019779,20260111-C816-A672-Train-#1,2026-01-11
2026-01-19,80804704,A672,2,80804704|C816|A672|2026-01-10|net demand for AO|021085,20260111-C816-A672-Train-#1,2026-01-11
2026-01-19,80804704,A672,10,80804704|C816|A672|2026-01-10|net demand for AO|021086,20260111-C816-A672-Train-#1,2026-01-11
2026-01-19,80804704,A672,12,80804704|C816|A672|2026-01-10|net demand for AO|021087,20260111-C816-A672-Train-#1,2026-01-11
2026-01-19,80804704,A672,15,80804704|C816|A672|2026-01-10|net demand for AO|021088,20260111-C816-A672-Train-#1,2026-01-11
2026-01-19,80804704,A672,10,80804704|C816|A672|2026-01-11|net demand for AO|023005,20260111-C816-A672-Train-#1,2026-01-11
2026-01-19,80804704,A672,15,80804704|C816|A672|2026-01-11|net demand for AO|023007,20260111-C816-A672-Train-#1,2026-01-11
2026-01-19,80804704,A672,22,80804704|C816|A672|2026-01-11|net demand for AO|023008,20260111-C816-A672-Train-#1,2026-01-11
2026-01-19,80864469,A672,1,80864469|C816|A672|2026-01-11|net demand for AO|023585,20260111-C816-A672-Train-#1,2026-01-11
2026-01-19,80864469,A672,1,80864469|C816|A672|2026-01-11|net demand for AO|023586,20260111-C816-A672-Train-#1,2026-01-11
2026-01-19,80864469,A672,1,80864469|C816|A672|2026-01-11|net demand for AO|023588,20260111-C816-A672-Train-#1,2026-01-11
2026-01-19,80864469,A672,1,80864469|C816|A672|2026-01-11|net demand for AO|023589,20260111-C816-A672-Train-#1,2026-01-11
2026-01-19,80864469,A672,1,80864469|C816|A672|2026-01-11|net demand for AO|023590,20260111-C816-A672-Train-#1,2026-01-11
2026-01-19,80864469,A672,1,80864469|C816|A672|2026-01-11|net demand for AO|023591,20260111-C816-A672-Train-#1,2026-01-11
2026-01-19,80864469,A672,1,80864469|C816|A672|2026-01-11|net demand for AO|023592,20260111-C816-A672-Train-#1,2026-01-11
2026-01-19,80864469,A672,1,80864469|C816|A672|2026-01-11|net demand for AO|023594,20260111-C816-A672-Train-#1,2026-01-11
2026-01-19,80864469,A672,1,80864469|C816|A672|2026-01-11|net demand for AO|023595,20260111-C816-A672-Train-#1,2026-01-11
2026-01-19,21419500,A672,4,21419500|C816|A672|2026-01-08|net demand for forecast|018126,20260111-C816-A672-Train-#1,2026-01-11
2026-01-19,21419500,A672,4,21419500|C816|A672|2026-01-08|net demand for forecast|018127,20260111-C816-A672-Train-#1,2026-01-11
2026-01-19,21419500,A672,5,21419500|C816|A672|2026-01-08|net demand for forecast|018128,20260111-C816-A672-Train-#1,2026-01-11
2026-01-19,21419500,A672,5,21419500|C816|A672|2026-01-08|net demand for forecast|018129,20260111-C816-A672-Train-#1,2026-01-11
2026-01-19,21419500,A672,5,21419500|C816|A672|2026-01-08|net demand for forecast|018131,20260111-C816-A672-Train-#1,2026-01-11
2026-01-19,21419500,A672,5,21419500|C816|A672|2026-01-08|net demand for forecast|018132,20260111-C816-A672-Train-#1,2026-01-11
2026-01-19,80804703,A672,1,80804703|C816|A672|2026-01-08|net demand for forecast|018616,20260111-C816-A672-Train-#1,2026-01-11
2026-01-19,80804703,A672,2,80804703|C816|A672|2026-01-08|net demand for forecast|018617,20260111-C816-A672-Train-#1,2026-01-11
2026-01-19,80804703,A672,2,80804703|C816|A672|2026-01-08|net demand for forecast|018618,20260111-C816-A672-Train-#1,2026-01-11
2026-01-19,80804703,A672,2,80804703|C816|A672|2026-01-08|net demand for forecast|018619,20260111-C816-A672-Train-#1,2026-01-11
2026-01-19,80804703,A672,2,80804703|C816|A672|2026-01-08|net demand for forecast|018620,20260111-C816-A672-Train-#1,2026-01-11
2026-01-19,80804704,A672,15,80804704|C816|A672|2026-01-08|net demand for forecast|018655,20260111-C816-A672-Train-#1,2026-01-11
2026-01-19,80804704,A672,17,80804704|C816|A672|2026-01-08|net demand for forecast|018656,20260111-C816-A672-Train-#1,2026-01-11
2026-01-19,80804704,A672,20,80804704|C816|A672|2026-01-08|net demand for forecast|018657,20260111-C816-A672-Train-#1,2026-01-11
2026-01-19,80804704,A672,20,80804704|C816|A672|2026-01-08|net demand for forecast|018658,20260111-C816-A672-Train-#1,2026-01-11
2026-01-19,80804704,A672,20,80804704|C816|A672|2026-01-08|net demand for forecast|018659,20260111-C816-A672-Train-#1,2026-01-11
2026-01-19,80804704,A672,20,80804704|C816|A672|2026-01-08|net demand for forecast|018660,20260111-C816-A672-Train-#1,2026-01-11
2026-01-19,80804706,A672,4,80804706|C816|A672|2026-01-08|net demand for forecast|018726,20260111-C816-A672-Train-#1,2026-01-11
2026-01-19,80804706,A672,4,80804706|C816|A672|2026-01-08|net demand for forecast|018727,20260111-C816-A672-Train-#1,2026-01-11
2026-01-19,80804706,A672,4,80804706|C816|A672|2026-01-08|net demand for forecast|018728,20260111-C816-A672-Train-#1,2026-01-11
2026-01-19,80804706,A672,5,80804706|C816|A672|2026-01-08|net demand for forecast|018729,20260111-C816-A672-Train-#1,2026-01-11
2026-01-19,80804706,A672,6,80804706|C816|A672|2026-01-08|net demand for forecast|018730,20260111-C816-A672-Train-#1,2026-01-11
2026-01-19,80804706,A672,6,80804706|C816|A672|2026-01-08|net demand for forecast|018731,20260111-C816-A672-Train-#1,2026-01-11
2026-01-19,80804706,A672,6,80804706|C816|A672|2026-01-08|net demand for forecast|018732,20260111-C816-A672-Train-#1,2026-01-11
2026-01-19,80885920,A672,3,80885920|C816|A672|2026-01-08|net demand for forecast|019201,20260111-C816-A672-Train-#1,2026-01-11
2026-01-19,80885920,A672,3,80885920|C816|A672|2026-01-08|net demand for forecast|019202,20260111-C816-A672-Train-#1,2026-01-11
2026-01-19,80885920,A672,3,80885920|C816|A672|2026-01-08|net demand for forecast|019203,20260111-C816-A672-Train-#1,2026-01-11
2026-01-19,80885920,A672,3,80885920|C816|A672|2026-01-08|net demand for forecast|019204,20260111-C816-A672-Train-#1,2026-01-11
2026-01-19,80885920,A672,3,80885920|C816|A672|2026-01-08|net demand for forecast|019205,20260111-C816-A672-Train-#1,2026-01-11
2026-01-19,80885920,A672,3,80885920|C816|A672|2026-01-08|net demand for forecast|019206,20260111-C816-A672-Train-#1,2026-01-11
2026-01-19,80885920,A672,3,80885920|C816|A672|2026-01-08|net demand for forecast|019207,20260111-C816-A672-Train-#1,2026-01-11
2026-01-19,21419500,A672,3,21419500|C816|A672|2026-01-09|net demand for forecast|019490,20260111-C816-A672-Train-#1,2026-01-11
2026-01-19,21419500,A672,3,21419500|C816|A672|2026-01-09|net demand for forecast|019491,20260111-C816-A672-Train-#1,2026-01-11
2026-01-19,21419500,A672,4,21419500|C816|A672|2026-01-09|net demand for forecast|019492,20260111-C816-A672-Train-#1,2026-01-11
2026-01-19,21419500,A672,4,21419500|C816|A672|2026-01-09|net demand for forecast|019494,20260111-C816-A672-Train-#1,2026-01-11
2026-01-19,21419500,A672,4,21419500|C816|A672|2026-01-09|net demand for forecast|019495,20260111-C816-A672-Train-#1,2026-01-11
2026-01-19,21419500,A672,4,21419500|C816|A672|2026-01-09|net demand for forecast|019496,20260111-C816-A672-Train-#1,2026-01-11
2026-01-19,80804701,A672,6,80804701|C816|A672|2026-01-09|net demand for forecast|019709,20260111-C816-A672-Train-#1,2026-01-11
2026-01-19,80804701,A672,6,80804701|C816|A672|2026-01-09|net demand for forecast|019710,20260111-C816-A672-Train-#1,2026-01-11
2026-01-19,80804701,A672,6,80804701|C816|A672|2026-01-09|net demand for forecast|019711,20260111-C816-A672-Train-#1,2026-01-11
2026-01-19,80804701,A672,6,80804701|C816|A672|2026-01-09|net demand for forecast|019712,20260111-C816-A672-Train-#1,2026-01-11
2026-01-19,80804701,A672,6,80804701|C816|A672|2026-01-09|net demand for forecast|019713,20260111-C816-A672-Train-#1,2026-01-11
2026-01-19,80804703,A672,1,80804703|C816|A672|2026-01-09|net demand for forecast|019737,20260111-C816-A672-Train-#1,2026-01-11
2026-01-19,80804703,A672,2,80804703|C816|A672|2026-01-09|net demand for forecast|019739,20260111-C816-A672-Train-#1,2026-01-11
2026-01-19,80804703,A672,2,80804703|C816|A672|2026-01-09|net demand for forecast|019740,20260111-C816-A672-Train-#1,2026-01-11
2026-01-19,80804703,A672,2,80804703|C816|A672|2026-01-09|net demand for forecast|019741,20260111-C816-A672-Train-#1,2026-01-11
2026-01-19,80804703,A672,2,80804703|C816|A672|2026-01-09|net demand for forecast|019742,20260111-C816-A672-Train-#1,2026-01-11
2026-01-19,80804703,A672,2,80804703|C816|A672|2026-01-09|net demand for forecast|019743,20260111-C816-A672-Train-#1,2026-01-11
2026-01-19,80804704,A672,3,80804704|C816|A672|2026-01-09|net demand for forecast|019780,20260111-C816-A672-Train-#1,2026-01-11
2026-01-19,80804704,A672,6,80804704|C816|A672|2026-01-09|net demand for forecast|019781,20260111-C816-A672-Train-#1,2026-01-11
2026-01-19,80804704,A672,7,80804704|C816|A672|2026-01-09|net demand for forecast|019782,20260111-C816-A672-Train-#1,2026-01-11
2026-01-19,80804704,A672,7,80804704|C816|A672|2026-01-09|net demand for forecast|019783,20260111-C816-A672-Train-#1,2026-01-11
2026-01-19,80804704,A672,7,80804704|C816|A672|2026-01-09|net demand for forecast|019784,20260111-C816-A672-Train-#1,2026-01-11
2026-01-19,80804706,A672,3,80804706|C816|A672|2026-01-09|net demand for forecast|019823,20260111-C816-A672-Train-#1,2026-01-11
2026-01-19,80804706,A672,3,80804706|C816|A672|2026-01-09|net demand for forecast|019824,20260111-C816-A672-Train-#1,2026-01-11
2026-01-19,80804706,A672,4,80804706|C816|A672|2026-01-09|net demand for forecast|019825,20260111-C816-A672-Train-#1,2026-01-11
2026-01-19,80804706,A672,4,80804706|C816|A672|2026-01-09|net demand for forecast|019826,20260111-C816-A672-Train-#1,2026-01-11
2026-01-19,80804706,A672,4,80804706|C816|A672|2026-01-09|net demand for forecast|019828,20260111-C816-A672-Train-#1,2026-01-11
2026-01-19,80885920,A672,5,80885920|C816|A672|2026-01-09|net demand for forecast|020416,20260111-C816-A672-Train-#1,2026-01-11
2026-01-19,80885920,A672,5,80885920|C816|A672|2026-01-09|net demand for forecast|020417,20260111-C816-A672-Train-#1,2026-01-11
2026-01-19,80885920,A672,5,80885920|C816|A672|2026-01-09|net demand for forecast|020418,20260111-C816-A672-Train-#1,2026-01-11
2026-01-19,80885920,A672,5,80885920|C816|A672|2026-01-09|net demand for forecast|020420,20260111-C816-A672-Train-#1,2026-01-11
2026-01-19,80885920,A672,5,80885920|C816|A672|2026-01-09|net demand for forecast|020421,20260111-C816-A672-Train-#1,2026-01-11
2026-01-19,21419500,A672,2,21419500|C816|A672|2026-01-10|net demand for forecast|020736,20260111-C816-A672-Train-#1,2026-01-11
2026-01-19,21419500,A672,2,21419500|C816|A672|2026-01-10|net demand for forecast|020737,20260111-C816-A672-Train-#1,2026-01-11
2026-01-19,21419500,A672,2,21419500|C816|A672|2026-01-10|net demand for forecast|020738,20260111-C816-A672-Train-#1,2026-01-11
2026-01-19,21419500,A672,2,21419500|C816|A672|2026-01-10|net demand for forecast|020739,20260111-C816-A672-Train-#1,2026-01-11
2026-01-19,21419500,A672,2,21419500|C816|A672|2026-01-10|net demand for forecast|020740,20260111-C816-A672-Train-#1,2026-01-11
2026-01-19,21419500,A672,2,21419500|C816|A672|2026-01-10|net demand for forecast|020741,20260111-C816-A672-Train-#1,2026-01-11
2026-01-19,80804701,A672,4,80804701|C816|A672|2026-01-10|net demand for forecast|021014,20260111-C816-A672-Train-#1,2026-01-11
2026-01-19,80804701,A672,6,80804701|C816|A672|2026-01-10|net demand for forecast|021015,20260111-C816-A672-Train-#1,2026-01-11
2026-01-19,80804701,A672,6,80804701|C816|A672|2026-01-10|net demand for forecast|021017,20260111-C816-A672-Train-#1,2026-01-11
2026-01-19,80804701,A672,6,80804701|C816|A672|2026-01-10|net demand for forecast|021018,20260111-C816-A672-Train-#1,2026-01-11
2026-01-19,80804701,A672,7,80804701|C816|A672|2026-01-10|net demand for forecast|021019,20260111-C816-A672-Train-#1,2026-01-11
2026-01-19,80804701,A672,7,80804701|C816|A672|2026-01-10|net demand for forecast|021020,20260111-C816-A672-Train-#1,2026-01-11
2026-01-19,80804703,A672,1,80804703|C816|A672|2026-01-10|net demand for forecast|021058,20260111-C816-A672-Train-#1,2026-01-11
2026-01-19,80804703,A672,1,80804703|C816|A672|2026-01-10|net demand for forecast|021059,20260111-C816-A672-Train-#1,2026-01-11
2026-01-19,80804703,A672,1,80804703|C816|A672|2026-01-10|net demand for forecast|021060,20260111-C816-A672-Train-#1,2026-01-11
2026-01-19,80804703,A672,1,80804703|C816|A672|2026-01-10|net demand for forecast|021061,20260111-C816-A672-Train-#1,2026-01-11
2026-01-19,80804703,A672,1,80804703|C816|A672|2026-01-10|net demand for forecast|021062,20260111-C816-A672-Train-#1,2026-01-11
2026-01-19,80804706,A672,2,80804706|C816|A672|2026-01-10|net demand for forecast|021234,20260111-C816-A672-Train-#1,2026-01-11
2026-01-19,80804706,A672,2,80804706|C816|A672|2026-01-10|net demand for forecast|021235,20260111-C816-A672-Train-#1,2026-01-11
2026-01-19,80804706,A672,2,80804706|C816|A672|2026-01-10|net demand for forecast|021236,20260111-C816-A672-Train-#1,2026-01-11
2026-01-19,80804706,A672,2,80804706|C816|A672|2026-01-10|net demand for forecast|021237,20260111-C816-A672-Train-#1,2026-01-11
2026-01-19,80804706,A672,3,80804706|C816|A672|2026-01-10|net demand for forecast|021238,20260111-C816-A672-Train-#1,2026-01-11
2026-01-19,80804706,A672,3,80804706|C816|A672|2026-01-10|net demand for forecast|021239,20260111-C816-A672-Train-#1,2026-01-11
2026-01-19,80885920,A672,5,80885920|C816|A672|2026-01-10|net demand for forecast|021822,20260111-C816-A672-Train-#1,2026-01-11
2026-01-19,80885920,A672,5,80885920|C816|A672|2026-01-10|net demand for forecast|021824,20260111-C816-A672-Train-#1,2026-01-11
2026-01-19,80885920,A672,5,80885920|C816|A672|2026-01-10|net demand for forecast|021825,20260111-C816-A672-Train-#1,2026-01-11
2026-01-19,80885920,A672,5,80885920|C816|A672|2026-01-10|net demand for forecast|021826,20260111-C816-A672-Train-#1,2026-01-11
2026-01-19,80885920,A672,5,80885920|C816|A672|2026-01-10|net demand for forecast|021828,20260111-C816-A672-Train-#1,2026-01-11
2026-01-19,21139445,A672,2,21139445|C816|A672|2026-01-11|net demand for forecast|022107,20260111-C816-A672-Train-#1,2026-01-11
2026-01-19,21139445,A672,2,21139445|C816|A672|2026-01-11|net demand for forecast|022108,20260111-C816-A672-Train-#1,2026-01-11
2026-01-19,21139445,A672,2,21139445|C816|A672|2026-01-11|net demand for forecast|022109,20260111-C816-A672-Train-#1,2026-01-11
2026-01-19,21139445,A672,2,21139445|C816|A672|2026-01-11|net demand for forecast|022110,20260111-C816-A672-Train-#1,2026-01-11
2026-01-19,21139445,A672,2,21139445|C816|A672|2026-01-11|net demand for forecast|022112,20260111-C816-A672-Train-#1,2026-01-11
2026-01-19,21139445,A672,2,21139445|C816|A672|2026-01-11|net demand for forecast|022113,20260111-C816-A672-Train-#1,2026-01-11
2026-01-19,21307836,A672,1,21307836|C816|A672|2026-01-11|net demand for forecast|022358,20260111-C816-A672-Train-#1,2026-01-11
2026-01-19,21307836,A672,1,21307836|C816|A672|2026-01-11|net demand for forecast|022360,20260111-C816-A672-Train-#1,2026-01-11
2026-01-19,21307836,A672,1,21307836|C816|A672|2026-01-11|net demand for forecast|022361,20260111-C816-A672-Train-#1,2026-01-11
2026-01-19,21307836,A672,1,21307836|C816|A672|2026-01-11|net demand for forecast|022362,20260111-C816-A672-Train-#1,2026-01-11
2026-01-19,21307836,A672,1,21307836|C816|A672|2026-01-11|net demand for forecast|022363,20260111-C816-A672-Train-#1,2026-01-11
2026-01-19,21307836,A672,1,21307836|C816|A672|2026-01-11|net demand for forecast|022364,20260111-C816-A672-Train-#1,2026-01-11
2026-01-19,21419500,A672,2,21419500|C816|A672|2026-01-11|net demand for forecast|022413,20260111-C816-A672-Train-#1,2026-01-11
2026-01-19,21419500,A672,2,21419500|C816|A672|2026-01-11|net demand for forecast|022414,20260111-C816-A672-Train-#1,2026-01-11
2026-01-19,21419500,A672,2,21419500|C816|A672|2026-01-11|net demand for forecast|022415,20260111-C816-A672-Train-#1,2026-01-11
2026-01-19,21419500,A672,2,21419500|C816|A672|2026-01-11|net demand for forecast|022418,20260111-C816-A672-Train-#1,2026-01-11
2026-01-19,21419500,A672,2,21419500|C816|A672|2026-01-11|net demand for forecast|022419,20260111-C816-A672-Train-#1,2026-01-11
2026-01-19,80804698,A672,8,80804698|C816|A672|2026-01-11|net demand for forecast|022898,20260111-C816-A672-Train-#1,2026-01-11
2026-01-19,80804698,A672,8,80804698|C816|A672|2026-01-11|net demand for forecast|022899,20260111-C816-A672-Train-#1,2026-01-11
2026-01-19,80804698,A672,9,80804698|C816|A672|2026-01-11|net demand for forecast|022900,20260111-C816-A672-Train-#1,2026-01-11
2026-01-19,80804698,A672,9,80804698|C816|A672|2026-01-11|net demand for forecast|022901,20260111-C816-A672-Train-#1,2026-01-11
2026-01-19,80804698,A672,9,80804698|C816|A672|2026-01-11|net demand for forecast|022903,20260111-C816-A672-Train-#1,2026-01-11
2026-01-19,80804701,A672,3,80804701|C816|A672|2026-01-11|net demand for forecast|022952,20260111-C816-A672-Train-#1,2026-01-11
2026-01-19,80804701,A672,3,80804701|C816|A672|2026-01-11|net demand for forecast|022953,20260111-C816-A672-Train-#1,2026-01-11
2026-01-19,80804701,A672,3,80804701|C816|A672|2026-01-11|net demand for forecast|022954,20260111-C816-A672-Train-#1,2026-01-11
2026-01-19,80804701,A672,3,80804701|C816|A672|2026-01-11|net demand for forecast|022955,20260111-C816-A672-Train-#1,2026-01-11
2026-01-19,80804701,A672,3,80804701|C816|A672|2026-01-11|net demand for forecast|022956,20260111-C816-A672-Train-#1,2026-01-11
2026-01-19,80804701,A672,3,80804701|C816|A672|2026-01-11|net demand for forecast|022957,20260111-C816-A672-Train-#1,2026-01-11
2026-01-19,80804701,A672,3,80804701|C816|A672|2026-01-11|net demand for forecast|022958,20260111-C816-A672-Train-#1,2026-01-11
2026-01-19,80804703,A672,1,80804703|C816|A672|2026-01-11|net demand for forecast|022973,20260111-C816-A672-Train-#1,2026-01-11
2026-01-19,80804703,A672,1,80804703|C816|A672|2026-01-11|net demand for forecast|022974,20260111-C816-A672-Train-#1,2026-01-11
2026-01-19,80804703,A672,1,80804703|C816|A672|2026-01-11|net demand for forecast|022975,20260111-C816-A672-Train-#1,2026-01-11
2026-01-19,80804703,A672,1,80804703|C816|A672|2026-01-11|net demand for forecast|022976,20260111-C816-A672-Train-#1,2026-01-11
2026-01-19,80804703,A672,1,80804703|C816|A672|2026-01-11|net demand for forecast|022977,20260111-C816-A672-Train-#1,2026-01-11
2026-01-19,80804703,A672,1,80804703|C816|A672|2026-01-11|net demand for forecast|022978,20260111-C816-A672-Train-#1,2026-01-11
2026-01-19,80804703,A672,1,80804703|C816|A672|2026-01-11|net demand for forecast|022979,20260111-C816-A672-Train-#1,2026-01-11
2026-01-19,80804705,A672,21,80804705|C816|A672|2026-01-11|net demand for forecast|023018,20260111-C816-A672-Train-#1,2026-01-11
2026-01-19,80804705,A672,22,80804705|C816|A672|2026-01-11|net demand for forecast|023019,20260111-C816-A672-Train-#1,2026-01-11
2026-01-19,80804705,A672,22,80804705|C816|A672|2026-01-11|net demand for forecast|023020,20260111-C816-A672-Train-#1,2026-01-11
2026-01-19,80804705,A672,22,80804705|C816|A672|2026-01-11|net demand for forecast|023021,20260111-C816-A672-Train-#1,2026-01-11
2026-01-19,80804705,A672,22,80804705|C816|A672|2026-01-11|net demand for forecast|023022,20260111-C816-A672-Train-#1,2026-01-11
2026-01-19,80804705,A672,23,80804705|C816|A672|2026-01-11|net demand for forecast|023023,20260111-C816-A672-Train-#1,2026-01-11
2026-01-19,80804706,A672,2,80804706|C816|A672|2026-01-11|net demand for forecast|023090,20260111-C816-A672-Train-#1,2026-01-11
2026-01-19,80804706,A672,2,80804706|C816|A672|2026-01-11|net demand for forecast|023091,20260111-C816-A672-Train-#1,2026-01-11
2026-01-19,80804706,A672,2,80804706|C816|A672|2026-01-11|net demand for forecast|023092,20260111-C816-A672-Train-#1,2026-01-11
2026-01-19,80804706,A672,2,80804706|C816|A672|2026-01-11|net demand for forecast|023093,20260111-C816-A672-Train-#1,2026-01-11
2026-01-19,80804706,A672,2,80804706|C816|A672|2026-01-11|net demand for forecast|023094,20260111-C816-A672-Train-#1,2026-01-11
2026-01-19,80804706,A672,2,80804706|C816|A672|2026-01-11|net demand for forecast|023095,20260111-C816-A672-Train-#1,2026-01-11
2026-01-19,80885920,A672,5,80885920|C816|A672|2026-01-11|net demand for forecast|023603,20260111-C816-A672-Train-#1,2026-01-11
2026-01-19,80885920,A672,5,80885920|C816|A672|2026-01-11|net demand for forecast|023604,20260111-C816-A672-Train-#1,2026-01-11
2026-01-19,80885920,A672,5,80885920|C816|A672|2026-01-11|net demand for forecast|023605,20260111-C816-A672-Train-#1,2026-01-11
2026-01-19,80885920,A672,5,80885920|C816|A672|2026-01-11|net demand for forecast|023606,20260111-C816-A672-Train-#1,2026-01-11
2026-01-19,80885920,A672,5,80885920|C816|A672|2026-01-11|net demand for forecast|023607,20260111-C816-A672-Train-#1,2026-01-11
2026-01-19,80885920,A672,5,80885920|C816|A672|2026-01-11|net demand for forecast|023608,20260111-C816-A672-Train-#1,2026-01-11
2026-01-19,80804705,A672,1,80804705|C816|A672|2026-01-11|net demand for net demand for forecast|023024,20260111-C816-A672-Train-#1,2026-01-11
2026-01-19,80804705,A672,1,80804705|C816|A672|2026-01-11|net demand for net demand for forecast|023026,20260111-C816-A672-Train-#1,2026-01-11
2026-01-19,80804705,A672,1,80804705|C816|A672|2026-01-11|net demand for net demand for forecast|023027,20260111-C816-A672-Train-#1,2026-01-11
2026-01-19,80804705,A672,1,80804705|C816|A672|2026-01-11|net demand for net demand for forecast|023028,20260111-C816-A672-Train-#1,2026-01-11
2026-01-19,80804705,A672,9,80804705|C816|A672|2026-01-11|net demand for net demand for safety|023030,20260111-C816-A672-Train-#1,2026-01-11
2026-01-19,21118867,A680,1,21118867|0386|A680|2026-01-11|net demand for forecast|021913,20260111-0386-A680-Train-#1,2026-01-11
2026-01-19,80804128,A680,2,80804128|0386|A680|2026-01-11|net demand for forecast|022692,20260111-0386-A680-Train-#1,2026-01-11
2026-01-19,80885921,A680,2,80885921|0386|A680|2026-01-11|net demand for forecast|023667,20260111-0386-A680-Train-#1,2026-01-11
2026-01-19,21325164,A680,21,21325164|0386|A680|2026-01-10|net demand for safety|020716,20260111-0386-A680-Train-#1,2026-01-11
2026-01-19,21151196,A680,116,21151196|0386|A680|2026-01-11|net demand for safety|022167,20260111-0386-A680-Train-#1,2026-01-11
2026-01-19,80812099,A680,31,80812099|0386|A680|2026-01-11|push replenishment|023360,20260111-0386-A680-Train-#1,2026-01-11
2026-01-19,21118867,A672,3,21118867|0386|A672|2026-01-11|net demand for forecast|021872,20260111-0386-A672-Train-#1,2026-01-11
2026-01-19,21118867,A672,3,21118867|0386|A672|2026-01-11|net demand for forecast|021877,20260111-0386-A672-Train-#1,2026-01-11
2026-01-19,21118867,A672,4,21118867|0386|A672|2026-01-11|net demand for forecast|021882,20260111-0386-A672-Train-#1,2026-01-11
2026-01-19,21179704,A672,5,21179704|0386|A672|2026-01-11|net demand for forecast|022277,20260111-0386-A672-Train-#1,2026-01-11
2026-01-19,21179704,A672,5,21179704|0386|A672|2026-01-11|net demand for forecast|022279,20260111-0386-A672-Train-#1,2026-01-11
2026-01-19,80804127,A672,9,80804127|0386|A672|2026-01-11|net demand for forecast|022507,20260111-0386-A672-Train-#1,2026-01-11
2026-01-19,80804127,A672,9,80804127|0386|A672|2026-01-11|net demand for forecast|022509,20260111-0386-A672-Train-#1,2026-01-11
2026-01-19,80804127,A672,9,80804127|0386|A672|2026-01-11|net demand for forecast|022510,20260111-0386-A672-Train-#1,2026-01-11
2026-01-19,80885921,A672,5,80885921|0386|A672|2026-01-11|net demand for forecast|023631,20260111-0386-A672-Train-#1,2026-01-11
2026-01-19,80885921,A672,74,80885921|0386|A672|2026-01-11|push replenishment|023645,20260111-0386-A672-Train-#1,2026-01-11
2026-01-19,80812845,C819,1,80812845|A672|C819|2026-01-12|net demand for AO|024796,20260112-A672-C819-SMALL-#1,2026-01-12
2026-01-19,80804133,C819,1,80804133|A672|C819|2026-01-10|net demand for forecast|020808,20260112-A672-C819-SMALL-#1,2026-01-12
2026-01-19,80807095,C819,1,80807095|A672|C819|2026-01-10|net demand for forecast|021343,20260112-A672-C819-SMALL-#1,2026-01-12
2026-01-19,80812845,C819,1,80812845|A672|C819|2026-01-10|net demand for forecast|021522,20260112-A672-C819-SMALL-#1,2026-01-12
2026-01-19,80812845,C819,2,80812845|A672|C819|2026-01-10|net demand for forecast|021528,20260112-A672-C819-SMALL-#1,2026-01-12
2026-01-19,80807095,C819,1,80807095|A672|C819|2026-01-11|net demand for forecast|023184,20260112-A672-C819-SMALL-#1,2026-01-12
2026-01-19,80807115,C819,5,80807115|A672|C819|2026-01-11|net demand for forecast|023295,20260112-A672-C819-SMALL-#1,2026-01-12
2026-01-19,80807115,C819,5,80807115|A672|C819|2026-01-11|net demand for forecast|023297,20260112-A672-C819-SMALL-#1,2026-01-12
2026-01-19,80848023,C819,2,80848023|A672|C819|2026-01-11|net demand for forecast|023422,20260112-A672-C819-SMALL-#1,2026-01-12
2026-01-19,80804137,C819,1,80804137|A672|C819|2026-01-12|net demand for forecast|024260,20260112-A672-C819-SMALL-#1,2026-01-12
2026-01-19,80804137,C819,1,80804137|A672|C819|2026-01-12|net demand for forecast|024263,20260112-A672-C819-SMALL-#1,2026-01-12
2026-01-19,80848026,C819,8,80848026|A672|C819|2026-01-12|net demand for forecast|025003,20260112-A672-C819-SMALL-#1,2026-01-12
2026-01-19,80807118,C819,2,80807118|A672|C819|2026-01-09|net demand for safety|020051,20260112-A672-C819-SMALL-#1,2026-01-12
2026-01-19,80807118,C819,2,80807118|A672|C819|2026-01-11|net demand for safety|023328,20260112-A672-C819-SMALL-#1,2026-01-12
2026-01-19,80812839,C819,1,80812839|A672|C819|2026-01-11|net demand for safety|023367,20260112-A672-C819-SMALL-#1,2026-01-12
2026-01-19,21325164,A672,2,21325164|0386|A672|2026-01-12|net demand for net demand for normal|024133,20260112-0386-A672-Train-#1,2026-01-12
2026-01-19,80807096,A672,1,80807096|0386|A672|2026-01-12|net demand for net demand for normal|024529,20260112-0386-A672-Train-#1,2026-01-12
2026-01-19,80807096,A672,1,80807096|0386|A672|2026-01-12|net demand for AO|024526,20260112-0386-A672-Train-#1,2026-01-12
2026-01-19,80807096,A672,1,80807096|0386|A672|2026-01-12|net demand for AO|024527,20260112-0386-A672-Train-#1,2026-01-12
2026-01-19,80807096,A672,1,80807096|0386|A672|2026-01-12|net demand for AO|024528,20260112-0386-A672-Train-#1,2026-01-12
2026-01-19,80807116,A672,23,80807116|0386|A672|2026-01-12|net demand for forecast|024589,20260112-0386-A672-Train-#1,2026-01-12
2026-01-19,80807116,A672,33,80807116|0386|A672|2026-01-12|net demand for forecast|024590,20260112-0386-A672-Train-#1,2026-01-12
2026-01-19,80807116,A672,34,80807116|0386|A672|2026-01-12|net demand for forecast|024591,20260112-0386-A672-Train-#1,2026-01-12
2026-01-19,80807116,A672,35,80807116|0386|A672|2026-01-12|net demand for forecast|024593,20260112-0386-A672-Train-#1,2026-01-12
2026-01-19,80807116,A672,35,80807116|0386|A672|2026-01-12|net demand for forecast|024594,20260112-0386-A672-Train-#1,2026-01-12
2026-01-19,80807116,A672,35,80807116|0386|A672|2026-01-12|net demand for forecast|024596,20260112-0386-A672-Train-#1,2026-01-12
2026-01-19,80807116,A672,35,80807116|0386|A672|2026-01-12|net demand for forecast|024598,20260112-0386-A672-Train-#1,2026-01-12
2026-01-19,80807116,A672,35,80807116|0386|A672|2026-01-12|net demand for forecast|024599,20260112-0386-A672-Train-#1,2026-01-12
2026-01-19,80807116,A672,35,80807116|0386|A672|2026-01-12|net demand for forecast|024600,20260112-0386-A672-Train-#1,2026-01-12
2026-01-19,80848027,A672,1,80848027|0386|A672|2026-01-12|net demand for forecast|025041,20260112-0386-A672-Train-#1,2026-01-12
2026-01-19,80848027,A672,2,80848027|0386|A672|2026-01-12|net demand for forecast|025042,20260112-0386-A672-Train-#1,2026-01-12
2026-01-19,80848027,A672,2,80848027|0386|A672|2026-01-12|net demand for forecast|025043,20260112-0386-A672-Train-#1,2026-01-12
2026-01-19,80848027,A672,2,80848027|0386|A672|2026-01-12|net demand for forecast|025044,20260112-0386-A672-Train-#1,2026-01-12
2026-01-19,80848027,A672,2,80848027|0386|A672|2026-01-12|net demand for forecast|025045,20260112-0386-A672-Train-#1,2026-01-12
2026-01-19,80848027,A672,2,80848027|0386|A672|2026-01-12|net demand for forecast|025046,20260112-0386-A672-Train-#1,2026-01-12
2026-01-19,80848027,A672,2,80848027|0386|A672|2026-01-12|net demand for forecast|025047,20260112-0386-A672-Train-#1,2026-01-12
2026-01-19,80848027,A672,2,80848027|0386|A672|2026-01-12|net demand for forecast|025050,20260112-0386-A672-Train-#1,2026-01-12
2026-01-19,80848027,A672,2,80848027|0386|A672|2026-01-12|net demand for forecast|025051,20260112-0386-A672-Train-#1,2026-01-12
2026-01-19,80848027,A672,2,80848027|0386|A672|2026-01-12|net demand for forecast|025052,20260112-0386-A672-Train-#1,2026-01-12
2026-01-19,80807116,A672,1,80807116|0386|A672|2026-01-12|net demand for net demand for forecast|024601,20260112-0386-A672-Train-#1,2026-01-12
2026-01-19,80807116,A672,1,80807116|0386|A672|2026-01-12|net demand for net demand for forecast|024602,20260112-0386-A672-Train-#1,2026-01-12
2026-01-19,80807116,A672,1,80807116|0386|A672|2026-01-12|net demand for net demand for forecast|024603,20260112-0386-A672-Train-#1,2026-01-12
2026-01-19,80807116,A672,1,80807116|0386|A672|2026-01-12|net demand for net demand for forecast|024604,20260112-0386-A672-Train-#1,2026-01-12
2026-01-19,80807116,A672,1,80807116|0386|A672|2026-01-12|net demand for net demand for forecast|024605,20260112-0386-A672-Train-#1,2026-01-12
2026-01-19,80807116,A672,1,80807116|0386|A672|2026-01-12|net demand for net demand for forecast|024606,20260112-0386-A672-Train-#1,2026-01-12
2026-01-19,80807116,A672,1,80807116|0386|A672|2026-01-12|net demand for net demand for forecast|024607,20260112-0386-A672-Train-#1,2026-01-12
2026-01-19,80807116,A672,1,80807116|0386|A672|2026-01-12|net demand for net demand for forecast|024608,20260112-0386-A672-Train-#1,2026-01-12
2026-01-19,80807116,A672,2,80807116|0386|A672|2026-01-12|net demand for net demand for forecast|024610,20260112-0386-A672-Train-#1,2026-01-12
2026-01-19,80807116,A672,4,80807116|0386|A672|2026-01-12|net demand for net demand for forecast|024611,20260112-0386-A672-Train-#1,2026-01-12
2026-01-19,80807116,A672,4,80807116|0386|A672|2026-01-12|net demand for net demand for forecast|024612,20260112-0386-A672-Train-#1,2026-01-12
2026-01-19,80807116,A672,4,80807116|0386|A672|2026-01-12|net demand for net demand for forecast|024613,20260112-0386-A672-Train-#1,2026-01-12
2026-01-19,80807116,A672,4,80807116|0386|A672|2026-01-12|net demand for net demand for forecast|024614,20260112-0386-A672-Train-#1,2026-01-12
2026-01-19,80807116,A672,4,80807116|0386|A672|2026-01-12|net demand for net demand for forecast|024615,20260112-0386-A672-Train-#1,2026-01-12
2026-01-19,80807116,A672,4,80807116|0386|A672|2026-01-12|net demand for net demand for forecast|024616,20260112-0386-A672-Train-#1,2026-01-12
2026-01-19,21128377,A672,199,21128377|0386|A672|2026-01-12|net demand for safety|023770,20260112-0386-A672-Train-#1,2026-01-12
2026-01-19,21132988,A672,44,21132988|0386|A672|2026-01-12|net demand for safety|023792,20260112-0386-A672-Train-#1,2026-01-12
2026-01-19,21141769,A672,270,21141769|0386|A672|2026-01-12|net demand for safety|023901,20260112-0386-A672-Train-#1,2026-01-12
2026-01-19,80804138,A672,95,80804138|0386|A672|2026-01-12|net demand for safety|024275,20260112-0386-A672-Train-#1,2026-01-12
2026-01-19,80807116,A672,369,80807116|0386|A672|2026-01-12|net demand for safety|024620,20260112-0386-A672-Train-#1,2026-01-12
2026-01-19,21141769,A672,5,21141769|0386|A672|2026-01-12|net demand for net demand for safety|023899,20260112-0386-A672-Train-#1,2026-01-12
2026-01-19,21141769,A672,7,21141769|0386|A672|2026-01-12|net demand for net demand for safety|023900,20260112-0386-A672-Train-#1,2026-01-12
2026-01-19,80804138,A672,1,80804138|0386|A672|2026-01-12|net demand for net demand for safety|024274,20260112-0386-A672-Train-#1,2026-01-12
2026-01-19,80807116,A672,4,80807116|0386|A672|2026-01-12|net demand for net demand for safety|024617,20260112-0386-A672-Train-#1,2026-01-12
2026-01-19,80807116,A672,58,80807116|0386|A672|2026-01-12|net demand for net demand for safety|024619,20260112-0386-A672-Train-#1,2026-01-12
2026-01-19,80812099,A672,1,80812099|0386|A672|2026-01-12|net demand for net demand for safety|024771,20260112-0386-A672-Train-#1,2026-01-12
2026-01-19,21113405,A672,161,21113405|0386|A672|2026-01-12|push replenishment|023727,20260112-0386-A672-Train-#1,2026-01-12
2026-01-19,21128377,A672,188,21128377|0386|A672|2026-01-12|push replenishment|023771,20260112-0386-A672-Train-#1,2026-01-12
2026-01-19,21141769,A672,53,21141769|0386|A672|2026-01-12|push replenishment|023902,20260112-0386-A672-Train-#1,2026-01-12
2026-01-19,21143102,A672,254,21143102|0386|A672|2026-01-12|push replenishment|024004,20260112-0386-A672-Train-#1,2026-01-12
2026-01-19,21255844,A672,158,21255844|0386|A672|2026-01-12|push replenishment|024061,20260112-0386-A672-Train-#1,2026-01-12
2026-01-19,80804138,A672,483,80804138|0386|A672|2026-01-12|push replenishment|024276,20260112-0386-A672-Train-#1,2026-01-12
2026-01-19,80807116,A672,471,80807116|0386|A672|2026-01-12|push replenishment|024621,20260112-0386-A672-Train-#1,2026-01-12
2026-01-19,21141769,A680,1,21141769|0386|A680|2026-01-12|net demand for forecast|023928,20260112-0386-A680-Train-#1,2026-01-12
2026-01-19,21141769,A680,1,21141769|0386|A680|2026-01-12|net demand for forecast|023929,20260112-0386-A680-Train-#1,2026-01-12
2026-01-19,21141769,A680,1,21141769|0386|A680|2026-01-12|net demand for forecast|023930,20260112-0386-A680-Train-#1,2026-01-12
2026-01-19,21141769,A680,1,21141769|0386|A680|2026-01-12|net demand for forecast|023931,20260112-0386-A680-Train-#1,2026-01-12
2026-01-19,21141769,A680,1,21141769|0386|A680|2026-01-12|net demand for forecast|023933,20260112-0386-A680-Train-#1,2026-01-12
2026-01-19,21141769,A680,1,21141769|0386|A680|2026-01-12|net demand for forecast|023935,20260112-0386-A680-Train-#1,2026-01-12
2026-01-19,21141769,A680,1,21141769|0386|A680|2026-01-12|net demand for forecast|023936,20260112-0386-A680-Train-#1,2026-01-12
2026-01-19,21141769,A680,1,21141769|0386|A680|2026-01-12|net demand for forecast|023938,20260112-0386-A680-Train-#1,2026-01-12
2026-01-19,21141769,A680,1,21141769|0386|A680|2026-01-12|net demand for forecast|023939,20260112-0386-A680-Train-#1,2026-01-12
2026-01-19,21143102,A680,1,21143102|0386|A680|2026-01-12|net demand for forecast|024008,20260112-0386-A680-Train-#1,2026-01-12
2026-01-19,21143102,A680,1,21143102|0386|A680|2026-01-12|net demand for forecast|024009,20260112-0386-A680-Train-#1,2026-01-12
2026-01-19,21143102,A680,1,21143102|0386|A680|2026-01-12|net demand for forecast|024010,20260112-0386-A680-Train-#1,2026-01-12
2026-01-19,21143102,A680,1,21143102|0386|A680|2026-01-12|net demand for forecast|024011,20260112-0386-A680-Train-#1,2026-01-12
2026-01-19,21143102,A680,1,21143102|0386|A680|2026-01-12|net demand for forecast|024012,20260112-0386-A680-Train-#1,2026-01-12
2026-01-19,21143102,A680,1,21143102|0386|A680|2026-01-12|net demand for forecast|024013,20260112-0386-A680-Train-#1,2026-01-12
2026-01-19,21143102,A680,1,21143102|0386|A680|2026-01-12|net demand for forecast|024014,20260112-0386-A680-Train-#1,2026-01-12
2026-01-19,21143102,A680,1,21143102|0386|A680|2026-01-12|net demand for forecast|024015,20260112-0386-A680-Train-#1,2026-01-12
2026-01-19,21143102,A680,1,21143102|0386|A680|2026-01-12|net demand for forecast|024016,20260112-0386-A680-Train-#1,2026-01-12
2026-01-19,21143102,A680,1,21143102|0386|A680|2026-01-12|net demand for forecast|024017,20260112-0386-A680-Train-#1,2026-01-12
2026-01-19,21143102,A680,1,21143102|0386|A680|2026-01-12|net demand for forecast|024018,20260112-0386-A680-Train-#1,2026-01-12
2026-01-19,80807116,A680,3,80807116|0386|A680|2026-01-12|net demand for forecast|024638,20260112-0386-A680-Train-#1,2026-01-12
2026-01-19,80807116,A680,9,80807116|0386|A680|2026-01-12|net demand for forecast|024639,20260112-0386-A680-Train-#1,2026-01-12
2026-01-19,80807116,A680,10,80807116|0386|A680|2026-01-12|net demand for forecast|024640,20260112-0386-A680-Train-#1,2026-01-12
2026-01-19,80807116,A680,11,80807116|0386|A680|2026-01-12|net demand for forecast|024641,20260112-0386-A680-Train-#1,2026-01-12
2026-01-19,80807116,A680,11,80807116|0386|A680|2026-01-12|net demand for forecast|024643,20260112-0386-A680-Train-#1,2026-01-12
2026-01-19,80807116,A680,11,80807116|0386|A680|2026-01-12|net demand for forecast|024644,20260112-0386-A680-Train-#1,2026-01-12
2026-01-19,80807116,A680,11,80807116|0386|A680|2026-01-12|net demand for forecast|024645,20260112-0386-A680-Train-#1,2026-01-12
2026-01-19,80807116,A680,11,80807116|0386|A680|2026-01-12|net demand for forecast|024646,20260112-0386-A680-Train-#1,2026-01-12
2026-01-19,80807116,A680,11,80807116|0386|A680|2026-01-12|net demand for forecast|024647,20260112-0386-A680-Train-#1,2026-01-12
2026-01-19,80807116,A680,11,80807116|0386|A680|2026-01-12|net demand for forecast|024648,20260112-0386-A680-Train-#1,2026-01-12
2026-01-19,80807116,A680,11,80807116|0386|A680|2026-01-12|net demand for forecast|024649,20260112-0386-A680-Train-#1,2026-01-12
2026-01-19,80848027,A680,1,80848027|0386|A680|2026-01-12|net demand for forecast|025075,20260112-0386-A680-Train-#1,2026-01-12
2026-01-19,80848027,A680,1,80848027|0386|A680|2026-01-12|net demand for forecast|025076,20260112-0386-A680-Train-#1,2026-01-12
2026-01-19,80848027,A680,1,80848027|0386|A680|2026-01-12|net demand for forecast|025077,20260112-0386-A680-Train-#1,2026-01-12
2026-01-19,80848027,A680,1,80848027|0386|A680|2026-01-12|net demand for forecast|025078,20260112-0386-A680-Train-#1,2026-01-12
2026-01-19,80848027,A680,1,80848027|0386|A680|2026-01-12|net demand for forecast|025080,20260112-0386-A680-Train-#1,2026-01-12
2026-01-19,21128377,A680,31,21128377|0386|A680|2026-01-12|net demand for safety|023775,20260112-0386-A680-Train-#1,2026-01-12
2026-01-19,21132988,A680,2,21132988|0386|A680|2026-01-12|net demand for safety|023794,20260112-0386-A680-Train-#1,2026-01-12
2026-01-19,21141769,A680,29,21141769|0386|A680|2026-01-12|net demand for safety|023940,20260112-0386-A680-Train-#1,2026-01-12
2026-01-19,21143102,A680,28,21143102|0386|A680|2026-01-12|net demand for safety|024020,20260112-0386-A680-Train-#1,2026-01-12
2026-01-19,80807116,A680,213,80807116|0386|A680|2026-01-12|net demand for safety|024650,20260112-0386-A680-Train-#1,2026-01-12
2026-01-19,80848027,A680,6,80848027|0386|A680|2026-01-12|net demand for safety|025082,20260112-0386-A680-Train-#1,2026-01-12
2026-01-19,21113405,A680,39,21113405|0386|A680|2026-01-12|push replenishment|023729,20260112-0386-A680-Train-#1,2026-01-12
2026-01-19,21128377,A680,49,21128377|0386|A680|2026-01-12|push replenishment|023776,20260112-0386-A680-Train-#1,2026-01-12
2026-01-19,21141769,A680,5,21141769|0386|A680|2026-01-12|push replenishment|023941,20260112-0386-A680-Train-#1,2026-01-12
2026-01-19,21143102,A680,63,21143102|0386|A680|2026-01-12|push replenishment|024021,20260112-0386-A680-Train-#1,2026-01-12
2026-01-19,21255844,A680,7,21255844|0386|A680|2026-01-12|push replenishment|024064,20260112-0386-A680-Train-#1,2026-01-12
2026-01-19,80804138,A680,73,80804138|0386|A680|2026-01-12|push replenishment|024280,20260112-0386-A680-Train-#1,2026-01-12
2026-01-19,80807116,A680,202,80807116|0386|A680|2026-01-12|push replenishment|024651,20260112-0386-A680-Train-#1,2026-01-12
2026-01-19,80848027,A680,63,80848027|0386|A680|2026-01-12|push replenishment|025083,20260112-0386-A680-Train-#1,2026-01-12
2026-01-19,21113405,E564,1,21113405|A673|E564|2026-01-04|net demand for forecast|012573,20260113-A673-E564-SMALL-#1,2026-01-13
2026-01-19,21162696,E564,1,21162696|A673|E564|2026-01-08|net demand for forecast|018024,20260113-A673-E564-SMALL-#1,2026-01-13
2026-01-19,80812110,E564,1,80812110|A673|E564|2026-01-13|net demand for forecast|026269,20260113-A673-E564-SMALL-#1,2026-01-13
2026-01-19,80812110,E564,1,80812110|A673|E564|2026-01-13|net demand for forecast|026274,20260113-A673-E564-SMALL-#1,2026-01-13
2026-01-19,21162696,E564,4,21162696|A673|E564|2026-01-03|net demand for safety|012011,20260113-A673-E564-SMALL-#1,2026-01-13
2026-01-19,21314602,E564,2,21314602|A673|E564|2026-01-12|net demand for safety|024109,20260113-A673-E564-SMALL-#1,2026-01-13
2026-01-19,21419500,A680,1,21419500|C816|A680|2026-01-10|net demand for normal|020759,20260113-C816-A680-Train-#1,2026-01-13
2026-01-19,21419500,A680,2,21419500|C816|A680|2026-01-11|net demand for normal|022428,20260113-C816-A680-Train-#1,2026-01-13
2026-01-19,80804698,A680,1,80804698|C816|A680|2026-01-11|net demand for normal|022925,20260113-C816-A680-Train-#1,2026-01-13
2026-01-19,80804705,A680,3,80804705|C816|A680|2026-01-11|net demand for normal|023062,20260113-C816-A680-Train-#1,2026-01-13
2026-01-19,80804706,A680,2,80804706|C816|A680|2026-01-11|net demand for normal|023109,20260113-C816-A680-Train-#1,2026-01-13
2026-01-19,80885920,A680,1,80885920|C816|A680|2026-01-11|net demand for normal|023618,20260113-C816-A680-Train-#1,2026-01-13
2026-01-19,80804698,A680,3,80804698|C816|A680|2026-01-12|net demand for normal|024344,20260113-C816-A680-Train-#1,2026-01-13
2026-01-19,80804701,A680,1,80804701|C816|A680|2026-01-12|net demand for normal|024346,20260113-C816-A680-Train-#1,2026-01-13
2026-01-19,80804704,A680,3,80804704|C816|A680|2026-01-12|net demand for normal|024377,20260113-C816-A680-Train-#1,2026-01-13
2026-01-19,80804705,A680,8,80804705|C816|A680|2026-01-12|net demand for normal|024438,20260113-C816-A680-Train-#1,2026-01-13
2026-01-19,80804706,A680,1,80804706|C816|A680|2026-01-12|net demand for normal|024476,20260113-C816-A680-Train-#1,2026-01-13
2026-01-19,80885920,A680,1,80885920|C816|A680|2026-01-12|net demand for normal|025179,20260113-C816-A680-Train-#1,2026-01-13
2026-01-19,80804698,A680,2,80804698|C816|A680|2026-01-13|net demand for normal|025715,20260113-C816-A680-Train-#1,2026-01-13
2026-01-19,80804701,A680,4,80804701|C816|A680|2026-01-13|net demand for normal|025719,20260113-C816-A680-Train-#1,2026-01-13
2026-01-19,80804704,A680,12,80804704|C816|A680|2026-01-13|net demand for normal|025748,20260113-C816-A680-Train-#1,2026-01-13
2026-01-19,21307836,A680,2,21307836|C816|A680|2026-01-10|net demand for forecast|020623,20260113-C816-A680-Train-#1,2026-01-13
2026-01-19,21307836,A680,2,21307836|C816|A680|2026-01-10|net demand for forecast|020624,20260113-C816-A680-Train-#1,2026-01-13
2026-01-19,21307836,A680,2,21307836|C816|A680|2026-01-10|net demand for forecast|020625,20260113-C816-A680-Train-#1,2026-01-13
2026-01-19,21307836,A680,2,21307836|C816|A680|2026-01-10|net demand for forecast|020626,20260113-C816-A680-Train-#1,2026-01-13
2026-01-19,21307836,A680,2,21307836|C816|A680|2026-01-10|net demand for forecast|020627,20260113-C816-A680-Train-#1,2026-01-13
2026-01-19,21307836,A680,2,21307836|C816|A680|2026-01-10|net demand for forecast|020628,20260113-C816-A680-Train-#1,2026-01-13
2026-01-19,21419500,A680,1,21419500|C816|A680|2026-01-10|net demand for forecast|020752,20260113-C816-A680-Train-#1,2026-01-13
2026-01-19,21419500,A680,1,21419500|C816|A680|2026-01-10|net demand for forecast|020753,20260113-C816-A680-Train-#1,2026-01-13
2026-01-19,21419500,A680,1,21419500|C816|A680|2026-01-10|net demand for forecast|020754,20260113-C816-A680-Train-#1,2026-01-13
2026-01-19,21419500,A680,1,21419500|C816|A680|2026-01-10|net demand for forecast|020756,20260113-C816-A680-Train-#1,2026-01-13
2026-01-19,21419500,A680,1,21419500|C816|A680|2026-01-10|net demand for forecast|020757,20260113-C816-A680-Train-#1,2026-01-13
2026-01-19,21419500,A680,1,21419500|C816|A680|2026-01-10|net demand for forecast|020758,20260113-C816-A680-Train-#1,2026-01-13
2026-01-19,21442896,A680,2,21442896|C816|A680|2026-01-10|net demand for forecast|020763,20260113-C816-A680-Train-#1,2026-01-13
2026-01-19,21442896,A680,2,21442896|C816|A680|2026-01-10|net demand for forecast|020764,20260113-C816-A680-Train-#1,2026-01-13
2026-01-19,21442896,A680,2,21442896|C816|A680|2026-01-10|net demand for forecast|020765,20260113-C816-A680-Train-#1,2026-01-13
2026-01-19,21442896,A680,2,21442896|C816|A680|2026-01-10|net demand for forecast|020766,20260113-C816-A680-Train-#1,2026-01-13
2026-01-19,21442896,A680,2,21442896|C816|A680|2026-01-10|net demand for forecast|020767,20260113-C816-A680-Train-#1,2026-01-13
2026-01-19,21442896,A680,2,21442896|C816|A680|2026-01-10|net demand for forecast|020768,20260113-C816-A680-Train-#1,2026-01-13
2026-01-19,21442897,A680,1,21442897|C816|A680|2026-01-10|net demand for forecast|020770,20260113-C816-A680-Train-#1,2026-01-13
2026-01-19,21442897,A680,1,21442897|C816|A680|2026-01-10|net demand for forecast|020771,20260113-C816-A680-Train-#1,2026-01-13
2026-01-19,21442897,A680,1,21442897|C816|A680|2026-01-10|net demand for forecast|020772,20260113-C816-A680-Train-#1,2026-01-13
2026-01-19,21442897,A680,1,21442897|C816|A680|2026-01-10|net demand for forecast|020774,20260113-C816-A680-Train-#1,2026-01-13
2026-01-19,21442897,A680,1,21442897|C816|A680|2026-01-10|net demand for forecast|020775,20260113-C816-A680-Train-#1,2026-01-13
2026-01-19,21442897,A680,1,21442897|C816|A680|2026-01-10|net demand for forecast|020776,20260113-C816-A680-Train-#1,2026-01-13
2026-01-19,80804701,A680,2,80804701|C816|A680|2026-01-10|net demand for forecast|021032,20260113-C816-A680-Train-#1,2026-01-13
2026-01-19,80804701,A680,2,80804701|C816|A680|2026-01-10|net demand for forecast|021033,20260113-C816-A680-Train-#1,2026-01-13
2026-01-19,80804701,A680,2,80804701|C816|A680|2026-01-10|net demand for forecast|021034,20260113-C816-A680-Train-#1,2026-01-13
2026-01-19,80804701,A680,2,80804701|C816|A680|2026-01-10|net demand for forecast|021035,20260113-C816-A680-Train-#1,2026-01-13
2026-01-19,80804701,A680,2,80804701|C816|A680|2026-01-10|net demand for forecast|021036,20260113-C816-A680-Train-#1,2026-01-13
2026-01-19,80804701,A680,2,80804701|C816|A680|2026-01-10|net demand for forecast|021037,20260113-C816-A680-Train-#1,2026-01-13
2026-01-19,80804701,A680,3,80804701|C816|A680|2026-01-10|net demand for forecast|021038,20260113-C816-A680-Train-#1,2026-01-13
2026-01-19,80804706,A680,1,80804706|C816|A680|2026-01-10|net demand for forecast|021247,20260113-C816-A680-Train-#1,2026-01-13
2026-01-19,80804706,A680,1,80804706|C816|A680|2026-01-10|net demand for forecast|021248,20260113-C816-A680-Train-#1,2026-01-13
2026-01-19,80804706,A680,2,80804706|C816|A680|2026-01-10|net demand for forecast|021249,20260113-C816-A680-Train-#1,2026-01-13
2026-01-19,80804706,A680,2,80804706|C816|A680|2026-01-10|net demand for forecast|021250,20260113-C816-A680-Train-#1,2026-01-13
2026-01-19,80804706,A680,2,80804706|C816|A680|2026-01-10|net demand for forecast|021251,20260113-C816-A680-Train-#1,2026-01-13
2026-01-19,80804706,A680,2,80804706|C816|A680|2026-01-10|net demand for forecast|021252,20260113-C816-A680-Train-#1,2026-01-13
2026-01-19,80804706,A680,2,80804706|C816|A680|2026-01-10|net demand for forecast|021253,20260113-C816-A680-Train-#1,2026-01-13
2026-01-19,80807089,A680,1,80807089|C816|A680|2026-01-10|net demand for forecast|021263,20260113-C816-A680-Train-#1,2026-01-13
2026-01-19,80807089,A680,1,80807089|C816|A680|2026-01-10|net demand for forecast|021264,20260113-C816-A680-Train-#1,2026-01-13
2026-01-19,80807089,A680,2,80807089|C816|A680|2026-01-10|net demand for forecast|021265,20260113-C816-A680-Train-#1,2026-01-13
2026-01-19,80807089,A680,2,80807089|C816|A680|2026-01-10|net demand for forecast|021266,20260113-C816-A680-Train-#1,2026-01-13
2026-01-19,80807089,A680,2,80807089|C816|A680|2026-01-10|net demand for forecast|021267,20260113-C816-A680-Train-#1,2026-01-13
2026-01-19,80807089,A680,2,80807089|C816|A680|2026-01-10|net demand for forecast|021268,20260113-C816-A680-Train-#1,2026-01-13
2026-01-19,80807089,A680,2,80807089|C816|A680|2026-01-10|net demand for forecast|021269,20260113-C816-A680-Train-#1,2026-01-13
2026-01-19,80807092,A680,1,80807092|C816|A680|2026-01-10|net demand for forecast|021328,20260113-C816-A680-Train-#1,2026-01-13
2026-01-19,80807092,A680,1,80807092|C816|A680|2026-01-10|net demand for forecast|021329,20260113-C816-A680-Train-#1,2026-01-13
2026-01-19,80807092,A680,1,80807092|C816|A680|2026-01-10|net demand for forecast|021330,20260113-C816-A680-Train-#1,2026-01-13
2026-01-19,80807092,A680,1,80807092|C816|A680|2026-01-10|net demand for forecast|021331,20260113-C816-A680-Train-#1,2026-01-13
2026-01-19,80807092,A680,1,80807092|C816|A680|2026-01-10|net demand for forecast|021332,20260113-C816-A680-Train-#1,2026-01-13
2026-01-19,80807092,A680,1,80807092|C816|A680|2026-01-10|net demand for forecast|021333,20260113-C816-A680-Train-#1,2026-01-13
2026-01-19,80807092,A680,1,80807092|C816|A680|2026-01-10|net demand for forecast|021334,20260113-C816-A680-Train-#1,2026-01-13
2026-01-19,80807117,A680,1,80807117|C816|A680|2026-01-10|net demand for forecast|021428,20260113-C816-A680-Train-#1,2026-01-13
2026-01-19,80807117,A680,1,80807117|C816|A680|2026-01-10|net demand for forecast|021429,20260113-C816-A680-Train-#1,2026-01-13
2026-01-19,80807117,A680,1,80807117|C816|A680|2026-01-10|net demand for forecast|021431,20260113-C816-A680-Train-#1,2026-01-13
2026-01-19,80807117,A680,1,80807117|C816|A680|2026-01-10|net demand for forecast|021432,20260113-C816-A680-Train-#1,2026-01-13
2026-01-19,80807117,A680,1,80807117|C816|A680|2026-01-10|net demand for forecast|021433,20260113-C816-A680-Train-#1,2026-01-13
2026-01-19,21307836,A680,2,21307836|C816|A680|2026-01-11|net demand for forecast|022366,20260113-C816-A680-Train-#1,2026-01-13
2026-01-19,21307836,A680,3,21307836|C816|A680|2026-01-11|net demand for forecast|022367,20260113-C816-A680-Train-#1,2026-01-13
2026-01-19,21307836,A680,3,21307836|C816|A680|2026-01-11|net demand for forecast|022368,20260113-C816-A680-Train-#1,2026-01-13
2026-01-19,21307836,A680,3,21307836|C816|A680|2026-01-11|net demand for forecast|022369,20260113-C816-A680-Train-#1,2026-01-13
2026-01-19,21307836,A680,3,21307836|C816|A680|2026-01-11|net demand for forecast|022370,20260113-C816-A680-Train-#1,2026-01-13
2026-01-19,21307836,A680,3,21307836|C816|A680|2026-01-11|net demand for forecast|022371,20260113-C816-A680-Train-#1,2026-01-13
2026-01-19,21307836,A680,3,21307836|C816|A680|2026-01-11|net demand for forecast|022372,20260113-C816-A680-Train-#1,2026-01-13
2026-01-19,21419500,A680,1,21419500|C816|A680|2026-01-11|net demand for forecast|022421,20260113-C816-A680-Train-#1,2026-01-13
2026-01-19,21419500,A680,1,21419500|C816|A680|2026-01-11|net demand for forecast|022422,20260113-C816-A680-Train-#1,2026-01-13
2026-01-19,21419500,A680,1,21419500|C816|A680|2026-01-11|net demand for forecast|022423,20260113-C816-A680-Train-#1,2026-01-13
2026-01-19,21419500,A680,1,21419500|C816|A680|2026-01-11|net demand for forecast|022427,20260113-C816-A680-Train-#1,2026-01-13
2026-01-19,21442896,A680,2,21442896|C816|A680|2026-01-11|net demand for forecast|022434,20260113-C816-A680-Train-#1,2026-01-13
2026-01-19,21442896,A680,2,21442896|C816|A680|2026-01-11|net demand for forecast|022436,20260113-C816-A680-Train-#1,2026-01-13
2026-01-19,21442896,A680,3,21442896|C816|A680|2026-01-11|net demand for forecast|022439,20260113-C816-A680-Train-#1,2026-01-13
2026-01-19,21442896,A680,3,21442896|C816|A680|2026-01-11|net demand for forecast|022440,20260113-C816-A680-Train-#1,2026-01-13
2026-01-19,21442897,A680,1,21442897|C816|A680|2026-01-11|net demand for forecast|022442,20260113-C816-A680-Train-#1,2026-01-13
2026-01-19,21442897,A680,1,21442897|C816|A680|2026-01-11|net demand for forecast|022443,20260113-C816-A680-Train-#1,2026-01-13
2026-01-19,21442897,A680,1,21442897|C816|A680|2026-01-11|net demand for forecast|022444,20260113-C816-A680-Train-#1,2026-01-13
2026-01-19,21442897,A680,1,21442897|C816|A680|2026-01-11|net demand for forecast|022445,20260113-C816-A680-Train-#1,2026-01-13
2026-01-19,21442897,A680,1,21442897|C816|A680|2026-01-11|net demand for forecast|022446,20260113-C816-A680-Train-#1,2026-01-13
2026-01-19,21442897,A680,1,21442897|C816|A680|2026-01-11|net demand for forecast|022448,20260113-C816-A680-Train-#1,2026-01-13
2026-01-19,80804698,A680,3,80804698|C816|A680|2026-01-11|net demand for forecast|022918,20260113-C816-A680-Train-#1,2026-01-13
2026-01-19,80804698,A680,3,80804698|C816|A680|2026-01-11|net demand for forecast|022919,20260113-C816-A680-Train-#1,2026-01-13
2026-01-19,80804698,A680,3,80804698|C816|A680|2026-01-11|net demand for forecast|022920,20260113-C816-A680-Train-#1,2026-01-13
2026-01-19,80804698,A680,3,80804698|C816|A680|2026-01-11|net demand for forecast|022922,20260113-C816-A680-Train-#1,2026-01-13
2026-01-19,80804698,A680,3,80804698|C816|A680|2026-01-11|net demand for forecast|022923,20260113-C816-A680-Train-#1,2026-01-13
2026-01-19,80804698,A680,3,80804698|C816|A680|2026-01-11|net demand for forecast|022924,20260113-C816-A680-Train-#1,2026-01-13
2026-01-19,80804701,A680,1,80804701|C816|A680|2026-01-11|net demand for forecast|022965,20260113-C816-A680-Train-#1,2026-01-13
2026-01-19,80804701,A680,1,80804701|C816|A680|2026-01-11|net demand for forecast|022966,20260113-C816-A680-Train-#1,2026-01-13
2026-01-19,80804701,A680,1,80804701|C816|A680|2026-01-11|net demand for forecast|022967,20260113-C816-A680-Train-#1,2026-01-13
2026-01-19,80804701,A680,1,80804701|C816|A680|2026-01-11|net demand for forecast|022968,20260113-C816-A680-Train-#1,2026-01-13
2026-01-19,80804701,A680,1,80804701|C816|A680|2026-01-11|net demand for forecast|022969,20260113-C816-A680-Train-#1,2026-01-13
2026-01-19,80804701,A680,1,80804701|C816|A680|2026-01-11|net demand for forecast|022970,20260113-C816-A680-Train-#1,2026-01-13
2026-01-19,80804701,A680,1,80804701|C816|A680|2026-01-11|net demand for forecast|022971,20260113-C816-A680-Train-#1,2026-01-13
2026-01-19,80804705,A680,9,80804705|C816|A680|2026-01-11|net demand for forecast|023055,20260113-C816-A680-Train-#1,2026-01-13
2026-01-19,80804705,A680,10,80804705|C816|A680|2026-01-11|net demand for forecast|023057,20260113-C816-A680-Train-#1,2026-01-13
2026-01-19,80804705,A680,10,80804705|C816|A680|2026-01-11|net demand for forecast|023058,20260113-C816-A680-Train-#1,2026-01-13
2026-01-19,80804705,A680,10,80804705|C816|A680|2026-01-11|net demand for forecast|023059,20260113-C816-A680-Train-#1,2026-01-13
2026-01-19,80804705,A680,10,80804705|C816|A680|2026-01-11|net demand for forecast|023060,20260113-C816-A680-Train-#1,2026-01-13
2026-01-19,80804705,A680,10,80804705|C816|A680|2026-01-11|net demand for forecast|023061,20260113-C816-A680-Train-#1,2026-01-13
2026-01-19,80804706,A680,1,80804706|C816|A680|2026-01-11|net demand for forecast|023103,20260113-C816-A680-Train-#1,2026-01-13
2026-01-19,80804706,A680,1,80804706|C816|A680|2026-01-11|net demand for forecast|023104,20260113-C816-A680-Train-#1,2026-01-13
2026-01-19,80804706,A680,1,80804706|C816|A680|2026-01-11|net demand for forecast|023105,20260113-C816-A680-Train-#1,2026-01-13
2026-01-19,80804706,A680,1,80804706|C816|A680|2026-01-11|net demand for forecast|023106,20260113-C816-A680-Train-#1,2026-01-13
2026-01-19,80804706,A680,1,80804706|C816|A680|2026-01-11|net demand for forecast|023107,20260113-C816-A680-Train-#1,2026-01-13
2026-01-19,80804706,A680,1,80804706|C816|A680|2026-01-11|net demand for forecast|023108,20260113-C816-A680-Train-#1,2026-01-13
2026-01-19,80807089,A680,2,80807089|C816|A680|2026-01-11|net demand for forecast|023113,20260113-C816-A680-Train-#1,2026-01-13
2026-01-19,80807089,A680,2,80807089|C816|A680|2026-01-11|net demand for forecast|023114,20260113-C816-A680-Train-#1,2026-01-13
2026-01-19,80807089,A680,3,80807089|C816|A680|2026-01-11|net demand for forecast|023115,20260113-C816-A680-Train-#1,2026-01-13
2026-01-19,80807089,A680,4,80807089|C816|A680|2026-01-11|net demand for forecast|023116,20260113-C816-A680-Train-#1,2026-01-13
2026-01-19,80807089,A680,4,80807089|C816|A680|2026-01-11|net demand for forecast|023117,20260113-C816-A680-Train-#1,2026-01-13
2026-01-19,80807089,A680,4,80807089|C816|A680|2026-01-11|net demand for forecast|023118,20260113-C816-A680-Train-#1,2026-01-13
2026-01-19,80807089,A680,4,80807089|C816|A680|2026-01-11|net demand for forecast|023119,20260113-C816-A680-Train-#1,2026-01-13
2026-01-19,80807092,A680,1,80807092|C816|A680|2026-01-11|net demand for forecast|023169,20260113-C816-A680-Train-#1,2026-01-13
2026-01-19,80807092,A680,1,80807092|C816|A680|2026-01-11|net demand for forecast|023170,20260113-C816-A680-Train-#1,2026-01-13
2026-01-19,80807092,A680,1,80807092|C816|A680|2026-01-11|net demand for forecast|023171,20260113-C816-A680-Train-#1,2026-01-13
2026-01-19,80807092,A680,1,80807092|C816|A680|2026-01-11|net demand for forecast|023172,20260113-C816-A680-Train-#1,2026-01-13
2026-01-19,80807092,A680,1,80807092|C816|A680|2026-01-11|net demand for forecast|023173,20260113-C816-A680-Train-#1,2026-01-13
2026-01-19,80807092,A680,1,80807092|C816|A680|2026-01-11|net demand for forecast|023174,20260113-C816-A680-Train-#1,2026-01-13
2026-01-19,80807092,A680,1,80807092|C816|A680|2026-01-11|net demand for forecast|023175,20260113-C816-A680-Train-#1,2026-01-13
2026-01-19,80807117,A680,1,80807117|C816|A680|2026-01-11|net demand for forecast|023323,20260113-C816-A680-Train-#1,2026-01-13
2026-01-19,80807117,A680,1,80807117|C816|A680|2026-01-11|net demand for forecast|023324,20260113-C816-A680-Train-#1,2026-01-13
2026-01-19,80807117,A680,1,80807117|C816|A680|2026-01-11|net demand for forecast|023325,20260113-C816-A680-Train-#1,2026-01-13
2026-01-19,80807117,A680,1,80807117|C816|A680|2026-01-11|net demand for forecast|023326,20260113-C816-A680-Train-#1,2026-01-13
2026-01-19,80807117,A680,1,80807117|C816|A680|2026-01-11|net demand for forecast|023327,20260113-C816-A680-Train-#1,2026-01-13
2026-01-19,80848025,A680,1,80848025|C816|A680|2026-01-11|net demand for forecast|023476,20260113-C816-A680-Train-#1,2026-01-13
2026-01-19,80848025,A680,2,80848025|C816|A680|2026-01-11|net demand for forecast|023478,20260113-C816-A680-Train-#1,2026-01-13
2026-01-19,80848025,A680,2,80848025|C816|A680|2026-01-11|net demand for forecast|023479,20260113-C816-A680-Train-#1,2026-01-13
2026-01-19,80848025,A680,2,80848025|C816|A680|2026-01-11|net demand for forecast|023480,20260113-C816-A680-Train-#1,2026-01-13
2026-01-19,80848025,A680,2,80848025|C816|A680|2026-01-11|net demand for forecast|023481,20260113-C816-A680-Train-#1,2026-01-13
2026-01-19,80848025,A680,2,80848025|C816|A680|2026-01-11|net demand for forecast|023482,20260113-C816-A680-Train-#1,2026-01-13
2026-01-19,80885920,A680,1,80885920|C816|A680|2026-01-11|net demand for forecast|023611,20260113-C816-A680-Train-#1,2026-01-13
2026-01-19,80885920,A680,1,80885920|C816|A680|2026-01-11|net demand for forecast|023612,20260113-C816-A680-Train-#1,2026-01-13
2026-01-19,80885920,A680,1,80885920|C816|A680|2026-01-11|net demand for forecast|023614,20260113-C816-A680-Train-#1,2026-01-13
2026-01-19,80885920,A680,1,80885920|C816|A680|2026-01-11|net demand for forecast|023615,20260113-C816-A680-Train-#1,2026-01-13
2026-01-19,80885920,A680,1,80885920|C816|A680|2026-01-11|net demand for forecast|023616,20260113-C816-A680-Train-#1,2026-01-13
2026-01-19,80885920,A680,1,80885920|C816|A680|2026-01-11|net demand for forecast|023617,20260113-C816-A680-Train-#1,2026-01-13
2026-01-19,21307836,A680,1,21307836|C816|A680|2026-01-12|net demand for forecast|024084,20260113-C816-A680-Train-#1,2026-01-13
2026-01-19,21307836,A680,2,21307836|C816|A680|2026-01-12|net demand for forecast|024085,20260113-C816-A680-Train-#1,2026-01-13
2026-01-19,21307836,A680,2,21307836|C816|A680|2026-01-12|net demand for forecast|024086,20260113-C816-A680-Train-#1,2026-01-13
2026-01-19,21307836,A680,2,21307836|C816|A680|2026-01-12|net demand for forecast|024087,20260113-C816-A680-Train-#1,2026-01-13
2026-01-19,21307836,A680,2,21307836|C816|A680|2026-01-12|net demand for forecast|024088,20260113-C816-A680-Train-#1,2026-01-13
2026-01-19,21307836,A680,2,21307836|C816|A680|2026-01-12|net demand for forecast|024089,20260113-C816-A680-Train-#1,2026-01-13
2026-01-19,21442896,A680,2,21442896|C816|A680|2026-01-12|net demand for forecast|024158,20260113-C816-A680-Train-#1,2026-01-13
2026-01-19,21442896,A680,2,21442896|C816|A680|2026-01-12|net demand for forecast|024159,20260113-C816-A680-Train-#1,2026-01-13
2026-01-19,21442896,A680,2,21442896|C816|A680|2026-01-12|net demand for forecast|024160,20260113-C816-A680-Train-#1,2026-01-13
2026-01-19,21442896,A680,2,21442896|C816|A680|2026-01-12|net demand for forecast|024161,20260113-C816-A680-Train-#1,2026-01-13
2026-01-19,21442896,A680,2,21442896|C816|A680|2026-01-12|net demand for forecast|024162,20260113-C816-A680-Train-#1,2026-01-13
2026-01-19,21442896,A680,2,21442896|C816|A680|2026-01-12|net demand for forecast|024163,20260113-C816-A680-Train-#1,2026-01-13
2026-01-19,21442896,A680,2,21442896|C816|A680|2026-01-12|net demand for forecast|024164,20260113-C816-A680-Train-#1,2026-01-13
2026-01-19,21442897,A680,2,21442897|C816|A680|2026-01-12|net demand for forecast|024167,20260113-C816-A680-Train-#1,2026-01-13
2026-01-19,21442897,A680,2,21442897|C816|A680|2026-01-12|net demand for forecast|024168,20260113-C816-A680-Train-#1,2026-01-13
2026-01-19,21442897,A680,2,21442897|C816|A680|2026-01-12|net demand for forecast|024169,20260113-C816-A680-Train-#1,2026-01-13
2026-01-19,21442897,A680,2,21442897|C816|A680|2026-01-12|net demand for forecast|024170,20260113-C816-A680-Train-#1,2026-01-13
2026-01-19,21442897,A680,2,21442897|C816|A680|2026-01-12|net demand for forecast|024171,20260113-C816-A680-Train-#1,2026-01-13
2026-01-19,21442897,A680,2,21442897|C816|A680|2026-01-12|net demand for forecast|024172,20260113-C816-A680-Train-#1,2026-01-13
2026-01-19,21442897,A680,2,21442897|C816|A680|2026-01-12|net demand for forecast|024173,20260113-C816-A680-Train-#1,2026-01-13
2026-01-19,80804698,A680,2,80804698|C816|A680|2026-01-12|net demand for forecast|024337,20260113-C816-A680-Train-#1,2026-01-13
2026-01-19,80804698,A680,2,80804698|C816|A680|2026-01-12|net demand for forecast|024338,20260113-C816-A680-Train-#1,2026-01-13
2026-01-19,80804698,A680,2,80804698|C816|A680|2026-01-12|net demand for forecast|024339,20260113-C816-A680-Train-#1,2026-01-13
2026-01-19,80804698,A680,2,80804698|C816|A680|2026-01-12|net demand for forecast|024340,20260113-C816-A680-Train-#1,2026-01-13
2026-01-19,80804698,A680,2,80804698|C816|A680|2026-01-12|net demand for forecast|024341,20260113-C816-A680-Train-#1,2026-01-13
2026-01-19,80804698,A680,2,80804698|C816|A680|2026-01-12|net demand for forecast|024342,20260113-C816-A680-Train-#1,2026-01-13
2026-01-19,80804698,A680,2,80804698|C816|A680|2026-01-12|net demand for forecast|024343,20260113-C816-A680-Train-#1,2026-01-13
2026-01-19,80804705,A680,6,80804705|C816|A680|2026-01-12|net demand for forecast|024431,20260113-C816-A680-Train-#1,2026-01-13
2026-01-19,80804705,A680,7,80804705|C816|A680|2026-01-12|net demand for forecast|024432,20260113-C816-A680-Train-#1,2026-01-13
2026-01-19,80804705,A680,7,80804705|C816|A680|2026-01-12|net demand for forecast|024433,20260113-C816-A680-Train-#1,2026-01-13
2026-01-19,80804705,A680,7,80804705|C816|A680|2026-01-12|net demand for forecast|024434,20260113-C816-A680-Train-#1,2026-01-13
2026-01-19,80804705,A680,7,80804705|C816|A680|2026-01-12|net demand for forecast|024435,20260113-C816-A680-Train-#1,2026-01-13
2026-01-19,80804705,A680,7,80804705|C816|A680|2026-01-12|net demand for forecast|024436,20260113-C816-A680-Train-#1,2026-01-13
2026-01-19,80804705,A680,7,80804705|C816|A680|2026-01-12|net demand for forecast|024437,20260113-C816-A680-Train-#1,2026-01-13
2026-01-19,80804706,A680,1,80804706|C816|A680|2026-01-12|net demand for forecast|024469,20260113-C816-A680-Train-#1,2026-01-13
2026-01-19,80804706,A680,1,80804706|C816|A680|2026-01-12|net demand for forecast|024470,20260113-C816-A680-Train-#1,2026-01-13
2026-01-19,80804706,A680,1,80804706|C816|A680|2026-01-12|net demand for forecast|024471,20260113-C816-A680-Train-#1,2026-01-13
2026-01-19,80804706,A680,1,80804706|C816|A680|2026-01-12|net demand for forecast|024472,20260113-C816-A680-Train-#1,2026-01-13
2026-01-19,80804706,A680,1,80804706|C816|A680|2026-01-12|net demand for forecast|024473,20260113-C816-A680-Train-#1,2026-01-13
2026-01-19,80804706,A680,1,80804706|C816|A680|2026-01-12|net demand for forecast|024475,20260113-C816-A680-Train-#1,2026-01-13
2026-01-19,80807089,A680,3,80807089|C816|A680|2026-01-12|net demand for forecast|024481,20260113-C816-A680-Train-#1,2026-01-13
2026-01-19,80807089,A680,4,80807089|C816|A680|2026-01-12|net demand for forecast|024482,20260113-C816-A680-Train-#1,2026-01-13
2026-01-19,80807089,A680,4,80807089|C816|A680|2026-01-12|net demand for forecast|024483,20260113-C816-A680-Train-#1,2026-01-13
2026-01-19,80807089,A680,4,80807089|C816|A680|2026-01-12|net demand for forecast|024484,20260113-C816-A680-Train-#1,2026-01-13
2026-01-19,80807089,A680,5,80807089|C816|A680|2026-01-12|net demand for forecast|024486,20260113-C816-A680-Train-#1,2026-01-13
2026-01-19,80807092,A680,2,80807092|C816|A680|2026-01-12|net demand for forecast|024507,20260113-C816-A680-Train-#1,2026-01-13
2026-01-19,80807092,A680,2,80807092|C816|A680|2026-01-12|net demand for forecast|024508,20260113-C816-A680-Train-#1,2026-01-13
2026-01-19,80807092,A680,2,80807092|C816|A680|2026-01-12|net demand for forecast|024509,20260113-C816-A680-Train-#1,2026-01-13
2026-01-19,80807092,A680,2,80807092|C816|A680|2026-01-12|net demand for forecast|024510,20260113-C816-A680-Train-#1,2026-01-13
2026-01-19,80807117,A680,1,80807117|C816|A680|2026-01-12|net demand for forecast|024752,20260113-C816-A680-Train-#1,2026-01-13
2026-01-19,80807117,A680,1,80807117|C816|A680|2026-01-12|net demand for forecast|024753,20260113-C816-A680-Train-#1,2026-01-13
2026-01-19,80807117,A680,1,80807117|C816|A680|2026-01-12|net demand for forecast|024754,20260113-C816-A680-Train-#1,2026-01-13
2026-01-19,80807117,A680,1,80807117|C816|A680|2026-01-12|net demand for forecast|024755,20260113-C816-A680-Train-#1,2026-01-13
2026-01-19,80807117,A680,1,80807117|C816|A680|2026-01-12|net demand for forecast|024756,20260113-C816-A680-Train-#1,2026-01-13
2026-01-19,80848025,A680,1,80848025|C816|A680|2026-01-12|net demand for forecast|024984,20260113-C816-A680-Train-#1,2026-01-13
2026-01-19,80848025,A680,1,80848025|C816|A680|2026-01-12|net demand for forecast|024985,20260113-C816-A680-Train-#1,2026-01-13
2026-01-19,80848025,A680,2,80848025|C816|A680|2026-01-12|net demand for forecast|024986,20260113-C816-A680-Train-#1,2026-01-13
2026-01-19,80848025,A680,2,80848025|C816|A680|2026-01-12|net demand for forecast|024987,20260113-C816-A680-Train-#1,2026-01-13
2026-01-19,80848025,A680,2,80848025|C816|A680|2026-01-12|net demand for forecast|024988,20260113-C816-A680-Train-#1,2026-01-13
2026-01-19,80848025,A680,2,80848025|C816|A680|2026-01-12|net demand for forecast|024989,20260113-C816-A680-Train-#1,2026-01-13
2026-01-19,80848025,A680,3,80848025|C816|A680|2026-01-12|net demand for forecast|024990,20260113-C816-A680-Train-#1,2026-01-13
2026-01-19,80864469,A680,1,80864469|C816|A680|2026-01-12|net demand for forecast|025142,20260113-C816-A680-Train-#1,2026-01-13
2026-01-19,80864469,A680,1,80864469|C816|A680|2026-01-12|net demand for forecast|025143,20260113-C816-A680-Train-#1,2026-01-13
2026-01-19,80864469,A680,1,80864469|C816|A680|2026-01-12|net demand for forecast|025144,20260113-C816-A680-Train-#1,2026-01-13
2026-01-19,80864469,A680,1,80864469|C816|A680|2026-01-12|net demand for forecast|025145,20260113-C816-A680-Train-#1,2026-01-13
2026-01-19,80864469,A680,1,80864469|C816|A680|2026-01-12|net demand for forecast|025146,20260113-C816-A680-Train-#1,2026-01-13
2026-01-19,80864469,A680,1,80864469|C816|A680|2026-01-12|net demand for forecast|025147,20260113-C816-A680-Train-#1,2026-01-13
2026-01-19,80885920,A680,1,80885920|C816|A680|2026-01-12|net demand for forecast|025172,20260113-C816-A680-Train-#1,2026-01-13
2026-01-19,80885920,A680,1,80885920|C816|A680|2026-01-12|net demand for forecast|025173,20260113-C816-A680-Train-#1,2026-01-13
2026-01-19,80885920,A680,1,80885920|C816|A680|2026-01-12|net demand for forecast|025174,20260113-C816-A680-Train-#1,2026-01-13
2026-01-19,80885920,A680,1,80885920|C816|A680|2026-01-12|net demand for forecast|025175,20260113-C816-A680-Train-#1,2026-01-13
2026-01-19,80885920,A680,1,80885920|C816|A680|2026-01-12|net demand for forecast|025177,20260113-C816-A680-Train-#1,2026-01-13
2026-01-19,80885920,A680,1,80885920|C816|A680|2026-01-12|net demand for forecast|025178,20260113-C816-A680-Train-#1,2026-01-13
2026-01-19,21307836,A680,1,21307836|C816|A680|2026-01-13|net demand for forecast|025387,20260113-C816-A680-Train-#1,2026-01-13
2026-01-19,21307836,A680,1,21307836|C816|A680|2026-01-13|net demand for forecast|025388,20260113-C816-A680-Train-#1,2026-01-13
2026-01-19,21307836,A680,1,21307836|C816|A680|2026-01-13|net demand for forecast|025389,20260113-C816-A680-Train-#1,2026-01-13
2026-01-19,21307836,A680,1,21307836|C816|A680|2026-01-13|net demand for forecast|025391,20260113-C816-A680-Train-#1,2026-01-13
2026-01-19,21307836,A680,1,21307836|C816|A680|2026-01-13|net demand for forecast|025392,20260113-C816-A680-Train-#1,2026-01-13
2026-01-19,21307836,A680,1,21307836|C816|A680|2026-01-13|net demand for forecast|025393,20260113-C816-A680-Train-#1,2026-01-13
2026-01-19,21442896,A680,1,21442896|C816|A680|2026-01-13|net demand for forecast|025566,20260113-C816-A680-Train-#1,2026-01-13
2026-01-19,21442896,A680,1,21442896|C816|A680|2026-01-13|net demand for forecast|025567,20260113-C816-A680-Train-#1,2026-01-13
2026-01-19,21442896,A680,1,21442896|C816|A680|2026-01-13|net demand for forecast|025568,20260113-C816-A680-Train-#1,2026-01-13
2026-01-19,21442896,A680,1,21442896|C816|A680|2026-01-13|net demand for forecast|025570,20260113-C816-A680-Train-#1,2026-01-13
2026-01-19,21442896,A680,1,21442896|C816|A680|2026-01-13|net demand for forecast|025571,20260113-C816-A680-Train-#1,2026-01-13
2026-01-19,21442897,A680,1,21442897|C816|A680|2026-01-13|net demand for forecast|025576,20260113-C816-A680-Train-#1,2026-01-13
2026-01-19,21442897,A680,1,21442897|C816|A680|2026-01-13|net demand for forecast|025577,20260113-C816-A680-Train-#1,2026-01-13
2026-01-19,21442897,A680,1,21442897|C816|A680|2026-01-13|net demand for forecast|025578,20260113-C816-A680-Train-#1,2026-01-13
2026-01-19,21442897,A680,1,21442897|C816|A680|2026-01-13|net demand for forecast|025579,20260113-C816-A680-Train-#1,2026-01-13
2026-01-19,21442897,A680,1,21442897|C816|A680|2026-01-13|net demand for forecast|025580,20260113-C816-A680-Train-#1,2026-01-13
2026-01-19,21442897,A680,1,21442897|C816|A680|2026-01-13|net demand for forecast|025581,20260113-C816-A680-Train-#1,2026-01-13
2026-01-19,80804698,A680,2,80804698|C816|A680|2026-01-13|net demand for forecast|025708,20260113-C816-A680-Train-#1,2026-01-13
2026-01-19,80804698,A680,2,80804698|C816|A680|2026-01-13|net demand for forecast|025709,20260113-C816-A680-Train-#1,2026-01-13
2026-01-19,80804698,A680,2,80804698|C816|A680|2026-01-13|net demand for forecast|025710,20260113-C816-A680-Train-#1,2026-01-13
2026-01-19,80804698,A680,2,80804698|C816|A680|2026-01-13|net demand for forecast|025711,20260113-C816-A680-Train-#1,2026-01-13
2026-01-19,80804698,A680,2,80804698|C816|A680|2026-01-13|net demand for forecast|025712,20260113-C816-A680-Train-#1,2026-01-13
2026-01-19,80804698,A680,2,80804698|C816|A680|2026-01-13|net demand for forecast|025713,20260113-C816-A680-Train-#1,2026-01-13
2026-01-19,80804698,A680,2,80804698|C816|A680|2026-01-13|net demand for forecast|025714,20260113-C816-A680-Train-#1,2026-01-13
2026-01-19,80804705,A680,3,80804705|C816|A680|2026-01-13|net demand for forecast|025800,20260113-C816-A680-Train-#1,2026-01-13
2026-01-19,80804705,A680,4,80804705|C816|A680|2026-01-13|net demand for forecast|025801,20260113-C816-A680-Train-#1,2026-01-13
2026-01-19,80804705,A680,4,80804705|C816|A680|2026-01-13|net demand for forecast|025802,20260113-C816-A680-Train-#1,2026-01-13
2026-01-19,80804705,A680,4,80804705|C816|A680|2026-01-13|net demand for forecast|025803,20260113-C816-A680-Train-#1,2026-01-13
2026-01-19,80804705,A680,4,80804705|C816|A680|2026-01-13|net demand for forecast|025804,20260113-C816-A680-Train-#1,2026-01-13
2026-01-19,80804705,A680,4,80804705|C816|A680|2026-01-13|net demand for forecast|025805,20260113-C816-A680-Train-#1,2026-01-13
2026-01-19,80804705,A680,4,80804705|C816|A680|2026-01-13|net demand for forecast|025806,20260113-C816-A680-Train-#1,2026-01-13
2026-01-19,80807089,A680,3,80807089|C816|A680|2026-01-13|net demand for forecast|026020,20260113-C816-A680-Train-#1,2026-01-13
2026-01-19,80807089,A680,3,80807089|C816|A680|2026-01-13|net demand for forecast|026021,20260113-C816-A680-Train-#1,2026-01-13
2026-01-19,80807089,A680,4,80807089|C816|A680|2026-01-13|net demand for forecast|026022,20260113-C816-A680-Train-#1,2026-01-13
2026-01-19,80807089,A680,4,80807089|C816|A680|2026-01-13|net demand for forecast|026023,20260113-C816-A680-Train-#1,2026-01-13
2026-01-19,80807089,A680,4,80807089|C816|A680|2026-01-13|net demand for forecast|026024,20260113-C816-A680-Train-#1,2026-01-13
2026-01-19,80807089,A680,4,80807089|C816|A680|2026-01-13|net demand for forecast|026025,20260113-C816-A680-Train-#1,2026-01-13
2026-01-19,80807089,A680,5,80807089|C816|A680|2026-01-13|net demand for forecast|026026,20260113-C816-A680-Train-#1,2026-01-13
2026-01-19,80848025,A680,1,80848025|C816|A680|2026-01-13|net demand for forecast|026454,20260113-C816-A680-Train-#1,2026-01-13
2026-01-19,80848025,A680,1,80848025|C816|A680|2026-01-13|net demand for forecast|026456,20260113-C816-A680-Train-#1,2026-01-13
2026-01-19,80848025,A680,1,80848025|C816|A680|2026-01-13|net demand for forecast|026457,20260113-C816-A680-Train-#1,2026-01-13
2026-01-19,80848025,A680,1,80848025|C816|A680|2026-01-13|net demand for forecast|026458,20260113-C816-A680-Train-#1,2026-01-13
2026-01-19,80864469,A680,1,80864469|C816|A680|2026-01-13|net demand for forecast|026639,20260113-C816-A680-Train-#1,2026-01-13
2026-01-19,80864469,A680,2,80864469|C816|A680|2026-01-13|net demand for forecast|026640,20260113-C816-A680-Train-#1,2026-01-13
2026-01-19,80864469,A680,2,80864469|C816|A680|2026-01-13|net demand for forecast|026641,20260113-C816-A680-Train-#1,2026-01-13
2026-01-19,80864469,A680,2,80864469|C816|A680|2026-01-13|net demand for forecast|026642,20260113-C816-A680-Train-#1,2026-01-13
2026-01-19,80864469,A680,3,80864469|C816|A680|2026-01-13|net demand for forecast|026643,20260113-C816-A680-Train-#1,2026-01-13
2026-01-19,80864469,A680,3,80864469|C816|A680|2026-01-13|net demand for forecast|026644,20260113-C816-A680-Train-#1,2026-01-13
2026-01-19,80807090,E564,1,80807090|C816|E564|2026-01-12|net demand for forecast|024490,20260113-C816-E564-SMALL-#1,2026-01-13
2026-01-19,80812841,E564,1,80812841|C816|E564|2026-01-12|net demand for forecast|024787,20260113-C816-E564-SMALL-#1,2026-01-13
2026-01-19,80812841,E564,1,80812841|C816|E564|2026-01-12|net demand for forecast|024790,20260113-C816-E564-SMALL-#1,2026-01-13
2026-01-19,21132988,E564,1,21132988|C816|E564|2026-01-13|net demand for forecast|025291,20260113-C816-E564-SMALL-#1,2026-01-13
2026-01-19,80804136,E564,1,80804136|C816|E564|2026-01-13|net demand for forecast|025667,20260113-C816-E564-SMALL-#1,2026-01-13
2026-01-19,80804138,E564,1,80804138|C816|E564|2026-01-13|net demand for forecast|025695,20260113-C816-E564-SMALL-#1,2026-01-13
2026-01-19,80804705,E564,1,80804705|C816|E564|2026-01-13|net demand for forecast|025808,20260113-C816-E564-SMALL-#1,2026-01-13
2026-01-19,80804705,E564,1,80804705|C816|E564|2026-01-13|net demand for forecast|025811,20260113-C816-E564-SMALL-#1,2026-01-13
2026-01-19,80812841,E564,1,80812841|C816|E564|2026-01-13|net demand for forecast|026301,20260113-C816-E564-SMALL-#1,2026-01-13
2026-01-19,21098519,E564,1,21098519|C816|E564|2026-01-12|net demand for safety|023712,20260113-C816-E564-SMALL-#1,2026-01-13
2026-01-19,21314876,A668,1,21314876|0386|A668|2026-01-13|net demand for forecast|025413,20260113-0386-A668-Train-#1,2026-01-13
2026-01-19,21314876,A668,2,21314876|0386|A668|2026-01-13|net demand for forecast|025417,20260113-0386-A668-Train-#1,2026-01-13
2026-01-19,80805856,A668,5,80805856|0386|A668|2026-01-13|net demand for forecast|025841,20260113-0386-A668-Train-#1,2026-01-13
2026-01-19,80805856,A668,5,80805856|0386|A668|2026-01-13|net demand for forecast|025844,20260113-0386-A668-Train-#1,2026-01-13
2026-01-19,80805856,A668,5,80805856|0386|A668|2026-01-13|net demand for forecast|025851,20260113-0386-A668-Train-#1,2026-01-13
2026-01-19,80805856,A668,5,80805856|0386|A668|2026-01-13|net demand for forecast|025852,20260113-0386-A668-Train-#1,2026-01-13
2026-01-19,80807114,A668,2,80807114|0386|A668|2026-01-13|net demand for forecast|026106,20260113-0386-A668-Train-#1,2026-01-13
2026-01-19,80807114,A668,3,80807114|0386|A668|2026-01-13|net demand for forecast|026109,20260113-0386-A668-Train-#1,2026-01-13
2026-01-19,21357275,A668,250,21357275|0386|A668|2026-01-13|push replenishment|025526,20260113-0386-A668-Train-#1,2026-01-13
2026-01-19,21314876,A673,5,21314876|0386|A673|2026-01-13|net demand for forecast|025448,20260113-0386-A673-LARGE-#1,2026-01-13
2026-01-19,80805856,A673,16,80805856|0386|A673|2026-01-13|net demand for forecast|025887,20260113-0386-A673-LARGE-#1,2026-01-13
2026-01-19,80805856,A673,19,80805856|0386|A673|2026-01-13|net demand for forecast|025900,20260113-0386-A673-LARGE-#1,2026-01-13
2026-01-19,80807114,A673,1,80807114|0386|A673|2026-01-13|net demand for forecast|026139,20260113-0386-A673-LARGE-#1,2026-01-13
2026-01-19,80807114,A673,3,80807114|0386|A673|2026-01-13|net demand for forecast|026142,20260113-0386-A673-LARGE-#1,2026-01-13
2026-01-19,80807114,A673,3,80807114|0386|A673|2026-01-13|net demand for forecast|026145,20260113-0386-A673-LARGE-#1,2026-01-13
2026-01-19,80848026,A673,5,80848026|0386|A673|2026-01-13|net demand for forecast|026489,20260113-0386-A673-LARGE-#1,2026-01-13
2026-01-19,80848026,A673,35,80848026|0386|A673|2026-01-13|net demand for forecast|026490,20260113-0386-A673-LARGE-#1,2026-01-13
2026-01-19,80848026,A673,35,80848026|0386|A673|2026-01-13|net demand for forecast|026491,20260113-0386-A673-LARGE-#1,2026-01-13
2026-01-19,21314876,A673,48,21314876|0386|A673|2026-01-13|net demand for safety|025455,20260113-0386-A673-LARGE-#1,2026-01-13
2026-01-19,80805856,A673,214,80805856|0386|A673|2026-01-13|net demand for safety|025901,20260113-0386-A673-LARGE-#1,2026-01-13
2026-01-19,21314602,A673,1,21314602|0386|A673|2026-01-13|net demand for net demand for safety|025408,20260113-0386-A673-LARGE-#1,2026-01-13
2026-01-19,21143110,E295,2,21143110|C810|E295|2026-01-11|net demand for forecast|022135,20260113-C810-E295-SMALL-#1,2026-01-13
2026-01-19,80804704,E295,1,80804704|C810|E295|2026-01-13|net demand for forecast|025745,20260113-C810-E295-SMALL-#1,2026-01-13
2026-01-19,21137866,E568,1,21137866|A672|E568|2026-01-05|net demand for normal|013802,20260114-A672-E568-SMALL-#1,2026-01-14
2026-01-19,21113405,E568,1,21113405|A672|E568|2026-01-06|net demand for normal|015147,20260114-A672-E568-SMALL-#1,2026-01-14
2026-01-19,21137866,E568,1,21137866|A672|E568|2026-01-06|net demand for normal|015190,20260114-A672-E568-SMALL-#1,2026-01-14
2026-01-19,80812841,E568,1,80812841|A672|E568|2026-01-08|net demand for normal|019076,20260114-A672-E568-SMALL-#1,2026-01-14
2026-01-19,80812841,E568,1,80812841|A672|E568|2026-01-09|net demand for normal|020084,20260114-A672-E568-SMALL-#1,2026-01-14
2026-01-19,21132988,E568,1,21132988|A672|E568|2026-01-10|net demand for normal|020503,20260114-A672-E568-SMALL-#1,2026-01-14
2026-01-19,80804134,E568,1,80804134|A672|E568|2026-01-11|net demand for normal|022831,20260114-A672-E568-SMALL-#1,2026-01-14
2026-01-19,80812841,E568,1,80812841|A672|E568|2026-01-11|net demand for normal|023377,20260114-A672-E568-SMALL-#1,2026-01-14
2026-01-19,80848023,E568,1,80848023|A672|E568|2026-01-11|net demand for normal|023431,20260114-A672-E568-SMALL-#1,2026-01-14
2026-01-19,21132988,E568,1,21132988|A672|E568|2026-01-12|net demand for normal|023859,20260114-A672-E568-SMALL-#1,2026-01-14
2026-01-19,80812841,E568,1,80812841|A672|E568|2026-01-12|net demand for normal|024785,20260114-A672-E568-SMALL-#1,2026-01-14
2026-01-19,80848023,E568,1,80848023|A672|E568|2026-01-12|net demand for normal|024930,20260114-A672-E568-SMALL-#1,2026-01-14
2026-01-19,80848026,E568,2,80848026|A672|E568|2026-01-12|net demand for normal|025017,20260114-A672-E568-SMALL-#1,2026-01-14
2026-01-19,21132988,E568,1,21132988|A672|E568|2026-01-13|net demand for normal|025276,20260114-A672-E568-SMALL-#1,2026-01-14
2026-01-19,21141769,E568,1,21141769|A672|E568|2026-01-14|net demand for normal|027057,20260114-A672-E568-SMALL-#1,2026-01-14
2026-01-19,21315350,E568,1,21315350|A672|E568|2026-01-14|net demand for normal|027210,20260114-A672-E568-SMALL-#1,2026-01-14
2026-01-19,80812841,E568,1,80812841|A672|E568|2026-01-14|net demand for normal|028172,20260114-A672-E568-SMALL-#1,2026-01-14
2026-01-19,80848026,E568,1,80848026|A672|E568|2026-01-14|net demand for normal|028272,20260114-A672-E568-SMALL-#1,2026-01-14
2026-01-19,21137866,E568,1,21137866|A672|E568|2025-12-24|net demand for forecast|002990,20260114-A672-E568-SMALL-#1,2026-01-14
2026-01-19,21137866,E568,1,21137866|A672|E568|2025-12-24|net demand for forecast|002991,20260114-A672-E568-SMALL-#1,2026-01-14
2026-01-19,21137866,E568,1,21137866|A672|E568|2025-12-24|net demand for forecast|002992,20260114-A672-E568-SMALL-#1,2026-01-14
2026-01-19,21137866,E568,1,21137866|A672|E568|2025-12-24|net demand for forecast|002994,20260114-A672-E568-SMALL-#1,2026-01-14
2026-01-19,21137866,E568,1,21137866|A672|E568|2025-12-24|net demand for forecast|002995,20260114-A672-E568-SMALL-#1,2026-01-14
2026-01-19,21137866,E568,1,21137866|A672|E568|2025-12-24|net demand for forecast|002996,20260114-A672-E568-SMALL-#1,2026-01-14
2026-01-19,21137866,E568,1,21137866|A672|E568|2025-12-25|net demand for forecast|003715,20260114-A672-E568-SMALL-#1,2026-01-14
2026-01-19,21137866,E568,1,21137866|A672|E568|2025-12-25|net demand for forecast|003716,20260114-A672-E568-SMALL-#1,2026-01-14
2026-01-19,21137866,E568,1,21137866|A672|E568|2025-12-25|net demand for forecast|003717,20260114-A672-E568-SMALL-#1,2026-01-14
2026-01-19,21137866,E568,1,21137866|A672|E568|2025-12-25|net demand for forecast|003718,20260114-A672-E568-SMALL-#1,2026-01-14
2026-01-19,21137866,E568,1,21137866|A672|E568|2025-12-25|net demand for forecast|003719,20260114-A672-E568-SMALL-#1,2026-01-14
2026-01-19,21137866,E568,1,21137866|A672|E568|2025-12-25|net demand for forecast|003720,20260114-A672-E568-SMALL-#1,2026-01-14
2026-01-19,21137866,E568,1,21137866|A672|E568|2025-12-25|net demand for forecast|003721,20260114-A672-E568-SMALL-#1,2026-01-14
2026-01-19,21137866,E568,1,21137866|A672|E568|2025-12-26|net demand for forecast|004865,20260114-A672-E568-SMALL-#1,2026-01-14
2026-01-19,21137866,E568,1,21137866|A672|E568|2025-12-26|net demand for forecast|004866,20260114-A672-E568-SMALL-#1,2026-01-14
2026-01-19,21137866,E568,1,21137866|A672|E568|2025-12-26|net demand for forecast|004867,20260114-A672-E568-SMALL-#1,2026-01-14
2026-01-19,21137866,E568,1,21137866|A672|E568|2025-12-26|net demand for forecast|004868,20260114-A672-E568-SMALL-#1,2026-01-14
2026-01-19,21137866,E568,1,21137866|A672|E568|2025-12-26|net demand for forecast|004869,20260114-A672-E568-SMALL-#1,2026-01-14
2026-01-19,21137866,E568,1,21137866|A672|E568|2025-12-26|net demand for forecast|004870,20260114-A672-E568-SMALL-#1,2026-01-14
2026-01-19,21137866,E568,1,21137866|A672|E568|2025-12-27|net demand for forecast|005785,20260114-A672-E568-SMALL-#1,2026-01-14
2026-01-19,21137866,E568,1,21137866|A672|E568|2025-12-27|net demand for forecast|005786,20260114-A672-E568-SMALL-#1,2026-01-14
2026-01-19,21137866,E568,1,21137866|A672|E568|2025-12-27|net demand for forecast|005787,20260114-A672-E568-SMALL-#1,2026-01-14
2026-01-19,21137866,E568,1,21137866|A672|E568|2025-12-27|net demand for forecast|005788,20260114-A672-E568-SMALL-#1,2026-01-14
2026-01-19,21137866,E568,1,21137866|A672|E568|2025-12-27|net demand for forecast|005789,20260114-A672-E568-SMALL-#1,2026-01-14
2026-01-19,21137866,E568,1,21137866|A672|E568|2025-12-27|net demand for forecast|005790,20260114-A672-E568-SMALL-#1,2026-01-14
2026-01-19,21137866,E568,1,21137866|A672|E568|2025-12-27|net demand for forecast|005791,20260114-A672-E568-SMALL-#1,2026-01-14
2026-01-19,80812841,E568,1,80812841|A672|E568|2026-01-02|net demand for forecast|011617,20260114-A672-E568-SMALL-#1,2026-01-14
2026-01-19,80812841,E568,1,80812841|A672|E568|2026-01-02|net demand for forecast|011618,20260114-A672-E568-SMALL-#1,2026-01-14
2026-01-19,80812841,E568,1,80812841|A672|E568|2026-01-02|net demand for forecast|011619,20260114-A672-E568-SMALL-#1,2026-01-14
2026-01-19,80812841,E568,1,80812841|A672|E568|2026-01-02|net demand for forecast|011620,20260114-A672-E568-SMALL-#1,2026-01-14
2026-01-19,80812841,E568,1,80812841|A672|E568|2026-01-02|net demand for forecast|011621,20260114-A672-E568-SMALL-#1,2026-01-14
2026-01-19,80812841,E568,1,80812841|A672|E568|2026-01-02|net demand for forecast|011622,20260114-A672-E568-SMALL-#1,2026-01-14
2026-01-19,80812841,E568,1,80812841|A672|E568|2026-01-02|net demand for forecast|011623,20260114-A672-E568-SMALL-#1,2026-01-14
2026-01-19,21113405,E568,1,21113405|A672|E568|2026-01-03|net demand for forecast|011800,20260114-A672-E568-SMALL-#1,2026-01-14
2026-01-19,21113405,E568,1,21113405|A672|E568|2026-01-03|net demand for forecast|011801,20260114-A672-E568-SMALL-#1,2026-01-14
2026-01-19,21113405,E568,1,21113405|A672|E568|2026-01-03|net demand for forecast|011802,20260114-A672-E568-SMALL-#1,2026-01-14
2026-01-19,80804133,E568,1,80804133|A672|E568|2026-01-03|net demand for forecast|012188,20260114-A672-E568-SMALL-#1,2026-01-14
2026-01-19,80804133,E568,1,80804133|A672|E568|2026-01-03|net demand for forecast|012189,20260114-A672-E568-SMALL-#1,2026-01-14
2026-01-19,80804133,E568,1,80804133|A672|E568|2026-01-03|net demand for forecast|012190,20260114-A672-E568-SMALL-#1,2026-01-14
2026-01-19,80804133,E568,1,80804133|A672|E568|2026-01-03|net demand for forecast|012191,20260114-A672-E568-SMALL-#1,2026-01-14
2026-01-19,80812841,E568,1,80812841|A672|E568|2026-01-03|net demand for forecast|012384,20260114-A672-E568-SMALL-#1,2026-01-14
2026-01-19,80812841,E568,1,80812841|A672|E568|2026-01-03|net demand for forecast|012385,20260114-A672-E568-SMALL-#1,2026-01-14
2026-01-19,80812841,E568,1,80812841|A672|E568|2026-01-03|net demand for forecast|012386,20260114-A672-E568-SMALL-#1,2026-01-14
2026-01-19,80812841,E568,1,80812841|A672|E568|2026-01-03|net demand for forecast|012387,20260114-A672-E568-SMALL-#1,2026-01-14
2026-01-19,80812841,E568,1,80812841|A672|E568|2026-01-03|net demand for forecast|012388,20260114-A672-E568-SMALL-#1,2026-01-14
2026-01-19,80812841,E568,1,80812841|A672|E568|2026-01-03|net demand for forecast|012389,20260114-A672-E568-SMALL-#1,2026-01-14
2026-01-19,21113405,E568,1,21113405|A672|E568|2026-01-04|net demand for forecast|012562,20260114-A672-E568-SMALL-#1,2026-01-14
2026-01-19,21113405,E568,1,21113405|A672|E568|2026-01-04|net demand for forecast|012563,20260114-A672-E568-SMALL-#1,2026-01-14
2026-01-19,21113405,E568,1,21113405|A672|E568|2026-01-04|net demand for forecast|012564,20260114-A672-E568-SMALL-#1,2026-01-14
2026-01-19,80804133,E568,1,80804133|A672|E568|2026-01-04|net demand for forecast|013095,20260114-A672-E568-SMALL-#1,2026-01-14
2026-01-19,80804133,E568,1,80804133|A672|E568|2026-01-04|net demand for forecast|013096,20260114-A672-E568-SMALL-#1,2026-01-14
2026-01-19,80804133,E568,1,80804133|A672|E568|2026-01-04|net demand for forecast|013098,20260114-A672-E568-SMALL-#1,2026-01-14
2026-01-19,80812840,E568,1,80812840|A672|E568|2026-01-04|net demand for forecast|013350,20260114-A672-E568-SMALL-#1,2026-01-14
2026-01-19,80812840,E568,1,80812840|A672|E568|2026-01-04|net demand for forecast|013351,20260114-A672-E568-SMALL-#1,2026-01-14
2026-01-19,80812840,E568,1,80812840|A672|E568|2026-01-04|net demand for forecast|013352,20260114-A672-E568-SMALL-#1,2026-01-14
2026-01-19,80812840,E568,1,80812840|A672|E568|2026-01-04|net demand for forecast|013353,20260114-A672-E568-SMALL-#1,2026-01-14
2026-01-19,80812840,E568,1,80812840|A672|E568|2026-01-04|net demand for forecast|013354,20260114-A672-E568-SMALL-#1,2026-01-14
2026-01-19,80804133,E568,1,80804133|A672|E568|2026-01-05|net demand for forecast|014428,20260114-A672-E568-SMALL-#1,2026-01-14
2026-01-19,80804133,E568,1,80804133|A672|E568|2026-01-05|net demand for forecast|014429,20260114-A672-E568-SMALL-#1,2026-01-14
2026-01-19,80804133,E568,1,80804133|A672|E568|2026-01-05|net demand for forecast|014430,20260114-A672-E568-SMALL-#1,2026-01-14
2026-01-19,80804133,E568,1,80804133|A672|E568|2026-01-05|net demand for forecast|014431,20260114-A672-E568-SMALL-#1,2026-01-14
2026-01-19,80804134,E568,1,80804134|A672|E568|2026-01-05|net demand for forecast|014501,20260114-A672-E568-SMALL-#1,2026-01-14
2026-01-19,80804134,E568,1,80804134|A672|E568|2026-01-05|net demand for forecast|014502,20260114-A672-E568-SMALL-#1,2026-01-14
2026-01-19,80804134,E568,1,80804134|A672|E568|2026-01-05|net demand for forecast|014503,20260114-A672-E568-SMALL-#1,2026-01-14
2026-01-19,80851898,E568,1,80851898|A672|E568|2026-01-05|net demand for forecast|015082,20260114-A672-E568-SMALL-#1,2026-01-14
2026-01-19,80851898,E568,1,80851898|A672|E568|2026-01-05|net demand for forecast|015083,20260114-A672-E568-SMALL-#1,2026-01-14
2026-01-19,80851898,E568,1,80851898|A672|E568|2026-01-05|net demand for forecast|015084,20260114-A672-E568-SMALL-#1,2026-01-14
2026-01-19,80851898,E568,1,80851898|A672|E568|2026-01-05|net demand for forecast|015085,20260114-A672-E568-SMALL-#1,2026-01-14
2026-01-19,80851898,E568,1,80851898|A672|E568|2026-01-05|net demand for forecast|015086,20260114-A672-E568-SMALL-#1,2026-01-14
2026-01-19,21113405,E568,1,21113405|A672|E568|2026-01-06|net demand for forecast|015144,20260114-A672-E568-SMALL-#1,2026-01-14
2026-01-19,21113405,E568,1,21113405|A672|E568|2026-01-06|net demand for forecast|015145,20260114-A672-E568-SMALL-#1,2026-01-14
2026-01-19,21113405,E568,1,21113405|A672|E568|2026-01-06|net demand for forecast|015146,20260114-A672-E568-SMALL-#1,2026-01-14
2026-01-19,21137866,E568,1,21137866|A672|E568|2026-01-06|net demand for forecast|015183,20260114-A672-E568-SMALL-#1,2026-01-14
2026-01-19,21137866,E568,1,21137866|A672|E568|2026-01-06|net demand for forecast|015184,20260114-A672-E568-SMALL-#1,2026-01-14
2026-01-19,21137866,E568,1,21137866|A672|E568|2026-01-06|net demand for forecast|015186,20260114-A672-E568-SMALL-#1,2026-01-14
2026-01-19,21137866,E568,1,21137866|A672|E568|2026-01-06|net demand for forecast|015187,20260114-A672-E568-SMALL-#1,2026-01-14
2026-01-19,21137866,E568,1,21137866|A672|E568|2026-01-06|net demand for forecast|015188,20260114-A672-E568-SMALL-#1,2026-01-14
2026-01-19,21137866,E568,1,21137866|A672|E568|2026-01-06|net demand for forecast|015189,20260114-A672-E568-SMALL-#1,2026-01-14
2026-01-19,80804136,E568,1,80804136|A672|E568|2026-01-06|net demand for forecast|015649,20260114-A672-E568-SMALL-#1,2026-01-14
2026-01-19,80804136,E568,1,80804136|A672|E568|2026-01-06|net demand for forecast|015650,20260114-A672-E568-SMALL-#1,2026-01-14
2026-01-19,21128067,E568,1,21128067|A672|E568|2026-01-07|net demand for forecast|016604,20260114-A672-E568-SMALL-#1,2026-01-14
2026-01-19,21128067,E568,1,21128067|A672|E568|2026-01-07|net demand for forecast|016605,20260114-A672-E568-SMALL-#1,2026-01-14
2026-01-19,21128067,E568,1,21128067|A672|E568|2026-01-07|net demand for forecast|016606,20260114-A672-E568-SMALL-#1,2026-01-14
2026-01-19,21128067,E568,1,21128067|A672|E568|2026-01-07|net demand for forecast|016608,20260114-A672-E568-SMALL-#1,2026-01-14
2026-01-19,21315350,E568,1,21315350|A672|E568|2026-01-07|net demand for forecast|016857,20260114-A672-E568-SMALL-#1,2026-01-14
2026-01-19,21315350,E568,1,21315350|A672|E568|2026-01-07|net demand for forecast|016858,20260114-A672-E568-SMALL-#1,2026-01-14
2026-01-19,21315350,E568,1,21315350|A672|E568|2026-01-07|net demand for forecast|016859,20260114-A672-E568-SMALL-#1,2026-01-14
2026-01-19,21315350,E568,1,21315350|A672|E568|2026-01-07|net demand for forecast|016860,20260114-A672-E568-SMALL-#1,2026-01-14
2026-01-19,80804136,E568,1,80804136|A672|E568|2026-01-07|net demand for forecast|017098,20260114-A672-E568-SMALL-#1,2026-01-14
2026-01-19,80804136,E568,1,80804136|A672|E568|2026-01-07|net demand for forecast|017100,20260114-A672-E568-SMALL-#1,2026-01-14
2026-01-19,21315350,E568,1,21315350|A672|E568|2026-01-08|net demand for forecast|018091,20260114-A672-E568-SMALL-#1,2026-01-14
2026-01-19,21315350,E568,1,21315350|A672|E568|2026-01-08|net demand for forecast|018094,20260114-A672-E568-SMALL-#1,2026-01-14
2026-01-19,21325292,E568,1,21325292|A672|E568|2026-01-08|net demand for forecast|018108,20260114-A672-E568-SMALL-#1,2026-01-14
2026-01-19,21325292,E568,1,21325292|A672|E568|2026-01-08|net demand for forecast|018109,20260114-A672-E568-SMALL-#1,2026-01-14
2026-01-19,21325292,E568,1,21325292|A672|E568|2026-01-08|net demand for forecast|018110,20260114-A672-E568-SMALL-#1,2026-01-14
2026-01-19,21325292,E568,1,21325292|A672|E568|2026-01-08|net demand for forecast|018111,20260114-A672-E568-SMALL-#1,2026-01-14
2026-01-19,80804136,E568,1,80804136|A672|E568|2026-01-08|net demand for forecast|018518,20260114-A672-E568-SMALL-#1,2026-01-14
2026-01-19,80804136,E568,1,80804136|A672|E568|2026-01-08|net demand for forecast|018519,20260114-A672-E568-SMALL-#1,2026-01-14
2026-01-19,80804136,E568,1,80804136|A672|E568|2026-01-08|net demand for forecast|018520,20260114-A672-E568-SMALL-#1,2026-01-14
2026-01-19,80804136,E568,1,80804136|A672|E568|2026-01-08|net demand for forecast|018521,20260114-A672-E568-SMALL-#1,2026-01-14
2026-01-19,21148509,E568,1,21148509|A672|E568|2026-01-10|net demand for forecast|020564,20260114-A672-E568-SMALL-#1,2026-01-14
2026-01-19,21148509,E568,1,21148509|A672|E568|2026-01-10|net demand for forecast|020565,20260114-A672-E568-SMALL-#1,2026-01-14
2026-01-19,21148509,E568,1,21148509|A672|E568|2026-01-10|net demand for forecast|020566,20260114-A672-E568-SMALL-#1,2026-01-14
2026-01-19,21148509,E568,1,21148509|A672|E568|2026-01-10|net demand for forecast|020567,20260114-A672-E568-SMALL-#1,2026-01-14
2026-01-19,21148509,E568,1,21148509|A672|E568|2026-01-10|net demand for forecast|020568,20260114-A672-E568-SMALL-#1,2026-01-14
2026-01-19,21148509,E568,1,21148509|A672|E568|2026-01-10|net demand for forecast|020569,20260114-A672-E568-SMALL-#1,2026-01-14
2026-01-19,21315474,E568,1,21315474|A672|E568|2026-01-11|net demand for forecast|022404,20260114-A672-E568-SMALL-#1,2026-01-14
2026-01-19,21315474,E568,1,21315474|A672|E568|2026-01-11|net demand for forecast|022405,20260114-A672-E568-SMALL-#1,2026-01-14
2026-01-19,21315474,E568,1,21315474|A672|E568|2026-01-11|net demand for forecast|022406,20260114-A672-E568-SMALL-#1,2026-01-14
2026-01-19,21315474,E568,1,21315474|A672|E568|2026-01-11|net demand for forecast|022407,20260114-A672-E568-SMALL-#1,2026-01-14
2026-01-19,80812845,E568,1,80812845|A672|E568|2026-01-11|net demand for forecast|023385,20260114-A672-E568-SMALL-#1,2026-01-14
2026-01-19,80812845,E568,1,80812845|A672|E568|2026-01-11|net demand for forecast|023386,20260114-A672-E568-SMALL-#1,2026-01-14
2026-01-19,80812845,E568,1,80812845|A672|E568|2026-01-11|net demand for forecast|023387,20260114-A672-E568-SMALL-#1,2026-01-14
2026-01-19,80812845,E568,1,80812845|A672|E568|2026-01-11|net demand for forecast|023388,20260114-A672-E568-SMALL-#1,2026-01-14
2026-01-19,80848023,E568,1,80848023|A672|E568|2026-01-11|net demand for forecast|023428,20260114-A672-E568-SMALL-#1,2026-01-14
2026-01-19,80848023,E568,1,80848023|A672|E568|2026-01-11|net demand for forecast|023429,20260114-A672-E568-SMALL-#1,2026-01-14
2026-01-19,80848023,E568,1,80848023|A672|E568|2026-01-11|net demand for forecast|023430,20260114-A672-E568-SMALL-#1,2026-01-14
2026-01-19,80848026,E568,2,80848026|A672|E568|2026-01-11|net demand for forecast|023498,20260114-A672-E568-SMALL-#1,2026-01-14
2026-01-19,80848026,E568,2,80848026|A672|E568|2026-01-11|net demand for forecast|023499,20260114-A672-E568-SMALL-#1,2026-01-14
2026-01-19,80848026,E568,2,80848026|A672|E568|2026-01-11|net demand for forecast|023501,20260114-A672-E568-SMALL-#1,2026-01-14
2026-01-19,80848026,E568,2,80848026|A672|E568|2026-01-11|net demand for forecast|023502,20260114-A672-E568-SMALL-#1,2026-01-14
2026-01-19,80848026,E568,2,80848026|A672|E568|2026-01-11|net demand for forecast|023503,20260114-A672-E568-SMALL-#1,2026-01-14
2026-01-19,21132988,E568,1,21132988|A672|E568|2026-01-12|net demand for forecast|023853,20260114-A672-E568-SMALL-#1,2026-01-14
2026-01-19,21132988,E568,1,21132988|A672|E568|2026-01-12|net demand for forecast|023854,20260114-A672-E568-SMALL-#1,2026-01-14
2026-01-19,21132988,E568,1,21132988|A672|E568|2026-01-12|net demand for forecast|023855,20260114-A672-E568-SMALL-#1,2026-01-14
2026-01-19,21132988,E568,1,21132988|A672|E568|2026-01-12|net demand for forecast|023856,20260114-A672-E568-SMALL-#1,2026-01-14
2026-01-19,21132988,E568,1,21132988|A672|E568|2026-01-12|net demand for forecast|023857,20260114-A672-E568-SMALL-#1,2026-01-14
2026-01-19,21132988,E568,1,21132988|A672|E568|2026-01-12|net demand for forecast|023858,20260114-A672-E568-SMALL-#1,2026-01-14
2026-01-19,21141769,E568,1,21141769|A672|E568|2026-01-12|net demand for forecast|023997,20260114-A672-E568-SMALL-#1,2026-01-14
2026-01-19,21141769,E568,1,21141769|A672|E568|2026-01-12|net demand for forecast|023998,20260114-A672-E568-SMALL-#1,2026-01-14
2026-01-19,21141769,E568,1,21141769|A672|E568|2026-01-12|net demand for forecast|023999,20260114-A672-E568-SMALL-#1,2026-01-14
2026-01-19,21141769,E568,1,21141769|A672|E568|2026-01-12|net demand for forecast|024000,20260114-A672-E568-SMALL-#1,2026-01-14
2026-01-19,21141769,E568,1,21141769|A672|E568|2026-01-12|net demand for forecast|024001,20260114-A672-E568-SMALL-#1,2026-01-14
2026-01-19,21148509,E568,1,21148509|A672|E568|2026-01-12|net demand for forecast|024029,20260114-A672-E568-SMALL-#1,2026-01-14
2026-01-19,21148509,E568,1,21148509|A672|E568|2026-01-12|net demand for forecast|024030,20260114-A672-E568-SMALL-#1,2026-01-14
2026-01-19,21148509,E568,1,21148509|A672|E568|2026-01-12|net demand for forecast|024031,20260114-A672-E568-SMALL-#1,2026-01-14
2026-01-19,21148509,E568,1,21148509|A672|E568|2026-01-12|net demand for forecast|024032,20260114-A672-E568-SMALL-#1,2026-01-14
2026-01-19,21148509,E568,1,21148509|A672|E568|2026-01-12|net demand for forecast|024033,20260114-A672-E568-SMALL-#1,2026-01-14
2026-01-19,21315474,E568,1,21315474|A672|E568|2026-01-12|net demand for forecast|024126,20260114-A672-E568-SMALL-#1,2026-01-14
2026-01-19,21315474,E568,1,21315474|A672|E568|2026-01-12|net demand for forecast|024127,20260114-A672-E568-SMALL-#1,2026-01-14
2026-01-19,21315474,E568,1,21315474|A672|E568|2026-01-12|net demand for forecast|024128,20260114-A672-E568-SMALL-#1,2026-01-14
2026-01-19,21315474,E568,1,21315474|A672|E568|2026-01-12|net demand for forecast|024129,20260114-A672-E568-SMALL-#1,2026-01-14
2026-01-19,80804134,E568,1,80804134|A672|E568|2026-01-12|net demand for forecast|024243,20260114-A672-E568-SMALL-#1,2026-01-14
2026-01-19,80804134,E568,1,80804134|A672|E568|2026-01-12|net demand for forecast|024245,20260114-A672-E568-SMALL-#1,2026-01-14
2026-01-19,80812845,E568,1,80812845|A672|E568|2026-01-12|net demand for forecast|024805,20260114-A672-E568-SMALL-#1,2026-01-14
2026-01-19,80812845,E568,1,80812845|A672|E568|2026-01-12|net demand for forecast|024806,20260114-A672-E568-SMALL-#1,2026-01-14
2026-01-19,80812845,E568,1,80812845|A672|E568|2026-01-12|net demand for forecast|024808,20260114-A672-E568-SMALL-#1,2026-01-14
2026-01-19,80848023,E568,1,80848023|A672|E568|2026-01-12|net demand for forecast|024925,20260114-A672-E568-SMALL-#1,2026-01-14
2026-01-19,80848023,E568,1,80848023|A672|E568|2026-01-12|net demand for forecast|024927,20260114-A672-E568-SMALL-#1,2026-01-14
2026-01-19,80848023,E568,1,80848023|A672|E568|2026-01-12|net demand for forecast|024928,20260114-A672-E568-SMALL-#1,2026-01-14
2026-01-19,80848023,E568,1,80848023|A672|E568|2026-01-12|net demand for forecast|024929,20260114-A672-E568-SMALL-#1,2026-01-14
2026-01-19,80848026,E568,2,80848026|A672|E568|2026-01-12|net demand for forecast|025010,20260114-A672-E568-SMALL-#1,2026-01-14
2026-01-19,80848026,E568,2,80848026|A672|E568|2026-01-12|net demand for forecast|025011,20260114-A672-E568-SMALL-#1,2026-01-14
2026-01-19,80848026,E568,2,80848026|A672|E568|2026-01-12|net demand for forecast|025012,20260114-A672-E568-SMALL-#1,2026-01-14
2026-01-19,80848026,E568,2,80848026|A672|E568|2026-01-12|net demand for forecast|025014,20260114-A672-E568-SMALL-#1,2026-01-14
2026-01-19,80848026,E568,2,80848026|A672|E568|2026-01-12|net demand for forecast|025015,20260114-A672-E568-SMALL-#1,2026-01-14
2026-01-19,21132988,E568,1,21132988|A672|E568|2026-01-13|net demand for forecast|025269,20260114-A672-E568-SMALL-#1,2026-01-14
2026-01-19,21132988,E568,1,21132988|A672|E568|2026-01-13|net demand for forecast|025270,20260114-A672-E568-SMALL-#1,2026-01-14
2026-01-19,21132988,E568,1,21132988|A672|E568|2026-01-13|net demand for forecast|025271,20260114-A672-E568-SMALL-#1,2026-01-14
2026-01-19,21132988,E568,1,21132988|A672|E568|2026-01-13|net demand for forecast|025272,20260114-A672-E568-SMALL-#1,2026-01-14
2026-01-19,21132988,E568,1,21132988|A672|E568|2026-01-13|net demand for forecast|025273,20260114-A672-E568-SMALL-#1,2026-01-14
2026-01-19,21132988,E568,1,21132988|A672|E568|2026-01-13|net demand for forecast|025274,20260114-A672-E568-SMALL-#1,2026-01-14
2026-01-19,21132988,E568,1,21132988|A672|E568|2026-01-13|net demand for forecast|025275,20260114-A672-E568-SMALL-#1,2026-01-14
2026-01-19,21141769,E568,1,21141769|A672|E568|2026-01-13|net demand for forecast|025331,20260114-A672-E568-SMALL-#1,2026-01-14
2026-01-19,21141769,E568,1,21141769|A672|E568|2026-01-13|net demand for forecast|025332,20260114-A672-E568-SMALL-#1,2026-01-14
2026-01-19,21141769,E568,1,21141769|A672|E568|2026-01-13|net demand for forecast|025335,20260114-A672-E568-SMALL-#1,2026-01-14
2026-01-19,21141769,E568,1,21141769|A672|E568|2026-01-13|net demand for forecast|025336,20260114-A672-E568-SMALL-#1,2026-01-14
2026-01-19,80804132,E568,1,80804132|A672|E568|2026-01-13|net demand for forecast|025632,20260114-A672-E568-SMALL-#1,2026-01-14
2026-01-19,80804132,E568,1,80804132|A672|E568|2026-01-13|net demand for forecast|025633,20260114-A672-E568-SMALL-#1,2026-01-14
2026-01-19,80804132,E568,1,80804132|A672|E568|2026-01-13|net demand for forecast|025634,20260114-A672-E568-SMALL-#1,2026-01-14
2026-01-19,80804132,E568,1,80804132|A672|E568|2026-01-13|net demand for forecast|025635,20260114-A672-E568-SMALL-#1,2026-01-14
2026-01-19,80807110,E568,1,80807110|A672|E568|2026-01-13|net demand for forecast|026080,20260114-A672-E568-SMALL-#1,2026-01-14
2026-01-19,80807110,E568,1,80807110|A672|E568|2026-01-13|net demand for forecast|026082,20260114-A672-E568-SMALL-#1,2026-01-14
2026-01-19,80807110,E568,1,80807110|A672|E568|2026-01-13|net demand for forecast|026083,20260114-A672-E568-SMALL-#1,2026-01-14
2026-01-19,80812841,E568,1,80812841|A672|E568|2026-01-13|net demand for forecast|026290,20260114-A672-E568-SMALL-#1,2026-01-14
2026-01-19,80812841,E568,1,80812841|A672|E568|2026-01-13|net demand for forecast|026292,20260114-A672-E568-SMALL-#1,2026-01-14
2026-01-19,80812841,E568,1,80812841|A672|E568|2026-01-13|net demand for forecast|026293,20260114-A672-E568-SMALL-#1,2026-01-14
2026-01-19,80812841,E568,1,80812841|A672|E568|2026-01-13|net demand for forecast|026294,20260114-A672-E568-SMALL-#1,2026-01-14
2026-01-19,80812841,E568,1,80812841|A672|E568|2026-01-13|net demand for forecast|026295,20260114-A672-E568-SMALL-#1,2026-01-14
2026-01-19,80812841,E568,1,80812841|A672|E568|2026-01-13|net demand for forecast|026296,20260114-A672-E568-SMALL-#1,2026-01-14
2026-01-19,80848022,E568,1,80848022|A672|E568|2026-01-13|net demand for forecast|026417,20260114-A672-E568-SMALL-#1,2026-01-14
2026-01-19,80848022,E568,1,80848022|A672|E568|2026-01-13|net demand for forecast|026418,20260114-A672-E568-SMALL-#1,2026-01-14
2026-01-19,80848022,E568,1,80848022|A672|E568|2026-01-13|net demand for forecast|026419,20260114-A672-E568-SMALL-#1,2026-01-14
2026-01-19,80848022,E568,1,80848022|A672|E568|2026-01-13|net demand for forecast|026421,20260114-A672-E568-SMALL-#1,2026-01-14
2026-01-19,80848022,E568,1,80848022|A672|E568|2026-01-13|net demand for forecast|026422,20260114-A672-E568-SMALL-#1,2026-01-14
2026-01-19,80848023,E568,1,80848023|A672|E568|2026-01-13|net demand for forecast|026436,20260114-A672-E568-SMALL-#1,2026-01-14
2026-01-19,80848023,E568,1,80848023|A672|E568|2026-01-13|net demand for forecast|026437,20260114-A672-E568-SMALL-#1,2026-01-14
2026-01-19,80848023,E568,1,80848023|A672|E568|2026-01-13|net demand for forecast|026438,20260114-A672-E568-SMALL-#1,2026-01-14
2026-01-19,80848023,E568,1,80848023|A672|E568|2026-01-13|net demand for forecast|026439,20260114-A672-E568-SMALL-#1,2026-01-14
2026-01-19,80848023,E568,1,80848023|A672|E568|2026-01-13|net demand for forecast|026440,20260114-A672-E568-SMALL-#1,2026-01-14
2026-01-19,21315350,E568,1,21315350|A672|E568|2026-01-14|net demand for forecast|027206,20260114-A672-E568-SMALL-#1,2026-01-14
2026-01-19,21315350,E568,1,21315350|A672|E568|2026-01-14|net demand for forecast|027209,20260114-A672-E568-SMALL-#1,2026-01-14
2026-01-19,80812841,E568,1,80812841|A672|E568|2026-01-14|net demand for forecast|028165,20260114-A672-E568-SMALL-#1,2026-01-14
2026-01-19,80812841,E568,1,80812841|A672|E568|2026-01-14|net demand for forecast|028167,20260114-A672-E568-SMALL-#1,2026-01-14
2026-01-19,80812841,E568,1,80812841|A672|E568|2026-01-14|net demand for forecast|028168,20260114-A672-E568-SMALL-#1,2026-01-14
2026-01-19,80812841,E568,1,80812841|A672|E568|2026-01-14|net demand for forecast|028169,20260114-A672-E568-SMALL-#1,2026-01-14
2026-01-19,80812841,E568,1,80812841|A672|E568|2026-01-14|net demand for forecast|028170,20260114-A672-E568-SMALL-#1,2026-01-14
2026-01-19,80848022,E568,1,80848022|A672|E568|2026-01-14|net demand for forecast|028226,20260114-A672-E568-SMALL-#1,2026-01-14
2026-01-19,80848022,E568,1,80848022|A672|E568|2026-01-14|net demand for forecast|028227,20260114-A672-E568-SMALL-#1,2026-01-14
2026-01-19,80848022,E568,1,80848022|A672|E568|2026-01-14|net demand for forecast|028228,20260114-A672-E568-SMALL-#1,2026-01-14
2026-01-19,80848022,E568,1,80848022|A672|E568|2026-01-14|net demand for forecast|028229,20260114-A672-E568-SMALL-#1,2026-01-14
2026-01-19,80848022,E568,1,80848022|A672|E568|2026-01-14|net demand for forecast|028230,20260114-A672-E568-SMALL-#1,2026-01-14
2026-01-19,80848022,E568,2,80848022|A672|E568|2026-01-14|net demand for forecast|028231,20260114-A672-E568-SMALL-#1,2026-01-14
2026-01-19,80848022,E568,2,80848022|A672|E568|2026-01-14|net demand for forecast|028232,20260114-A672-E568-SMALL-#1,2026-01-14
2026-01-19,80807116,E568,1,80807116|A672|E568|2025-12-21|net demand for safety|001605,20260114-A672-E568-SMALL-#1,2026-01-14
2026-01-19,21128067,E568,2,21128067|A672|E568|2025-12-22|net demand for safety|001634,20260114-A672-E568-SMALL-#1,2026-01-14
2026-01-19,80804705,E568,1,80804705|A672|E568|2025-12-23|net demand for safety|002890,20260114-A672-E568-SMALL-#1,2026-01-14
2026-01-19,80807116,E568,1,80807116|A672|E568|2025-12-23|net demand for safety|002905,20260114-A672-E568-SMALL-#1,2026-01-14
2026-01-19,21128067,E568,1,21128067|A672|E568|2025-12-29|net demand for safety|007304,20260114-A672-E568-SMALL-#1,2026-01-14
2026-01-19,80851898,E568,3,80851898|A672|E568|2025-12-31|net demand for safety|010099,20260114-A672-E568-SMALL-#1,2026-01-14
2026-01-19,21128067,E568,1,21128067|A672|E568|2026-01-01|net demand for safety|010233,20260114-A672-E568-SMALL-#1,2026-01-14
2026-01-19,80812840,E568,11,80812840|A672|E568|2026-01-01|net demand for safety|010894,20260114-A672-E568-SMALL-#1,2026-01-14
2026-01-19,80851898,E568,1,80851898|A672|E568|2026-01-01|net demand for safety|010943,20260114-A672-E568-SMALL-#1,2026-01-14
2026-01-19,21128067,E568,2,21128067|A672|E568|2026-01-02|net demand for safety|011120,20260114-A672-E568-SMALL-#1,2026-01-14
2026-01-19,80812840,E568,3,80812840|A672|E568|2026-01-02|net demand for safety|011608,20260114-A672-E568-SMALL-#1,2026-01-14
2026-01-19,80851898,E568,2,80851898|A672|E568|2026-01-02|net demand for safety|011668,20260114-A672-E568-SMALL-#1,2026-01-14
2026-01-19,80812840,E568,1,80812840|A672|E568|2026-01-03|net demand for safety|012375,20260114-A672-E568-SMALL-#1,2026-01-14
2026-01-19,80851898,E568,1,80851898|A672|E568|2026-01-03|net demand for safety|012490,20260114-A672-E568-SMALL-#1,2026-01-14
2026-01-19,21325292,E568,7,21325292|A672|E568|2026-01-04|net demand for safety|013069,20260114-A672-E568-SMALL-#1,2026-01-14
2026-01-19,80812840,E568,6,80812840|A672|E568|2026-01-04|net demand for safety|013355,20260114-A672-E568-SMALL-#1,2026-01-14
2026-01-19,21325292,E568,1,21325292|A672|E568|2026-01-05|net demand for safety|014127,20260114-A672-E568-SMALL-#1,2026-01-14
2026-01-19,80812846,E568,2,80812846|A672|E568|2026-01-05|net demand for safety|014937,20260114-A672-E568-SMALL-#1,2026-01-14
2026-01-19,80851898,E568,3,80851898|A672|E568|2026-01-05|net demand for safety|015087,20260114-A672-E568-SMALL-#1,2026-01-14
2026-01-19,21377504,E568,1,21377504|A672|E568|2026-01-06|net demand for safety|015473,20260114-A672-E568-SMALL-#1,2026-01-14
2026-01-19,21128067,E568,5,21128067|A672|E568|2026-01-07|net demand for safety|016609,20260114-A672-E568-SMALL-#1,2026-01-14
2026-01-19,80807112,E568,1,80807112|A672|E568|2026-01-07|net demand for safety|017413,20260114-A672-E568-SMALL-#1,2026-01-14
2026-01-19,80812846,E568,3,80812846|A672|E568|2026-01-07|net demand for safety|017537,20260114-A672-E568-SMALL-#1,2026-01-14
2026-01-19,21325292,E568,3,21325292|A672|E568|2026-01-08|net demand for safety|018112,20260114-A672-E568-SMALL-#1,2026-01-14
2026-01-19,80812846,E568,4,80812846|A672|E568|2026-01-08|net demand for safety|019134,20260114-A672-E568-SMALL-#1,2026-01-14
2026-01-19,80812846,E568,2,80812846|A672|E568|2026-01-09|net demand for safety|020127,20260114-A672-E568-SMALL-#1,2026-01-14
2026-01-19,21315474,E568,1,21315474|A672|E568|2026-01-11|net demand for safety|022408,20260114-A672-E568-SMALL-#1,2026-01-14
2026-01-19,21315474,E568,5,21315474|A672|E568|2026-01-12|net demand for safety|024131,20260114-A672-E568-SMALL-#1,2026-01-14
2026-01-19,21354246,E568,1,21354246|A672|E568|2026-01-12|net demand for safety|024143,20260114-A672-E568-SMALL-#1,2026-01-14
2026-01-19,80807112,E568,1,80807112|A672|E568|2026-01-12|net demand for safety|024555,20260114-A672-E568-SMALL-#1,2026-01-14
2026-01-19,80804132,E568,3,80804132|A672|E568|2026-01-13|net demand for safety|025636,20260114-A672-E568-SMALL-#1,2026-01-14
2026-01-19,80807110,E568,6,80807110|A672|E568|2026-01-13|net demand for safety|026084,20260114-A672-E568-SMALL-#1,2026-01-14
2026-01-19,21132758,C937,2,21132758|C810|C937|2026-01-13|net demand for normal|025240,20260114-C810-C937-SMALL-#1,2026-01-14
2026-01-19,21315350,C937,4,21315350|C810|C937|2026-01-13|net demand for normal|025521,20260114-C810-C937-SMALL-#1,2026-01-14
2026-01-19,80804128,C937,1,80804128|C810|C937|2026-01-13|net demand for normal|025590,20260114-C810-C937-SMALL-#1,2026-01-14
2026-01-19,80804130,C937,1,80804130|C810|C937|2026-01-13|net demand for normal|025612,20260114-C810-C937-SMALL-#1,2026-01-14
2026-01-19,80805856,C937,2,80805856|C810|C937|2026-01-13|net demand for normal|026018,20260114-C810-C937-SMALL-#1,2026-01-14
2026-01-19,80807116,C937,5,80807116|C810|C937|2026-01-13|net demand for normal|026237,20260114-C810-C937-SMALL-#1,2026-01-14
2026-01-19,80848025,C937,1,80848025|C810|C937|2026-01-13|net demand for normal|026452,20260114-C810-C937-SMALL-#1,2026-01-14
2026-01-19,80804128,C937,1,80804128|C810|C937|2026-01-14|net demand for normal|027241,20260114-C810-C937-SMALL-#1,2026-01-14
2026-01-19,80807116,C937,13,80807116|C810|C937|2026-01-14|net demand for normal|028007,20260114-C810-C937-SMALL-#1,2026-01-14
2026-01-19,21128067,C937,1,21128067|C810|C937|2026-01-13|net demand for forecast|025215,20260114-C810-C937-SMALL-#1,2026-01-14
2026-01-19,21128067,C937,1,21128067|C810|C937|2026-01-13|net demand for forecast|025216,20260114-C810-C937-SMALL-#1,2026-01-14
2026-01-19,21128067,C937,1,21128067|C810|C937|2026-01-13|net demand for forecast|025217,20260114-C810-C937-SMALL-#1,2026-01-14
2026-01-19,21128067,C937,1,21128067|C810|C937|2026-01-13|net demand for forecast|025218,20260114-C810-C937-SMALL-#1,2026-01-14
2026-01-19,21128067,C937,1,21128067|C810|C937|2026-01-13|net demand for forecast|025219,20260114-C810-C937-SMALL-#1,2026-01-14
2026-01-19,21128067,C937,1,21128067|C810|C937|2026-01-13|net demand for forecast|025220,20260114-C810-C937-SMALL-#1,2026-01-14
2026-01-19,21128067,C937,1,21128067|C810|C937|2026-01-13|net demand for forecast|025221,20260114-C810-C937-SMALL-#1,2026-01-14
2026-01-19,21132758,C937,2,21132758|C810|C937|2026-01-13|net demand for forecast|025233,20260114-C810-C937-SMALL-#1,2026-01-14
2026-01-19,21132758,C937,2,21132758|C810|C937|2026-01-13|net demand for forecast|025234,20260114-C810-C937-SMALL-#1,2026-01-14
2026-01-19,21132758,C937,2,21132758|C810|C937|2026-01-13|net demand for forecast|025235,20260114-C810-C937-SMALL-#1,2026-01-14
2026-01-19,21132758,C937,2,21132758|C810|C937|2026-01-13|net demand for forecast|025236,20260114-C810-C937-SMALL-#1,2026-01-14
2026-01-19,21132758,C937,2,21132758|C810|C937|2026-01-13|net demand for forecast|025237,20260114-C810-C937-SMALL-#1,2026-01-14
2026-01-19,21132758,C937,2,21132758|C810|C937|2026-01-13|net demand for forecast|025238,20260114-C810-C937-SMALL-#1,2026-01-14
2026-01-19,21132758,C937,3,21132758|C810|C937|2026-01-13|net demand for forecast|025239,20260114-C810-C937-SMALL-#1,2026-01-14
2026-01-19,80804128,C937,1,80804128|C810|C937|2026-01-13|net demand for forecast|025584,20260114-C810-C937-SMALL-#1,2026-01-14
2026-01-19,80804128,C937,1,80804128|C810|C937|2026-01-13|net demand for forecast|025585,20260114-C810-C937-SMALL-#1,2026-01-14
2026-01-19,80804128,C937,1,80804128|C810|C937|2026-01-13|net demand for forecast|025586,20260114-C810-C937-SMALL-#1,2026-01-14
2026-01-19,80804128,C937,1,80804128|C810|C937|2026-01-13|net demand for forecast|025587,20260114-C810-C937-SMALL-#1,2026-01-14
2026-01-19,80804128,C937,1,80804128|C810|C937|2026-01-13|net demand for forecast|025588,20260114-C810-C937-SMALL-#1,2026-01-14
2026-01-19,80804128,C937,1,80804128|C810|C937|2026-01-13|net demand for forecast|025589,20260114-C810-C937-SMALL-#1,2026-01-14
2026-01-19,80804132,C937,1,80804132|C810|C937|2026-01-13|net demand for forecast|025642,20260114-C810-C937-SMALL-#1,2026-01-14
2026-01-19,80804132,C937,1,80804132|C810|C937|2026-01-13|net demand for forecast|025643,20260114-C810-C937-SMALL-#1,2026-01-14
2026-01-19,80804132,C937,1,80804132|C810|C937|2026-01-13|net demand for forecast|025644,20260114-C810-C937-SMALL-#1,2026-01-14
2026-01-19,80804132,C937,1,80804132|C810|C937|2026-01-13|net demand for forecast|025645,20260114-C810-C937-SMALL-#1,2026-01-14
2026-01-19,80804132,C937,1,80804132|C810|C937|2026-01-13|net demand for forecast|025646,20260114-C810-C937-SMALL-#1,2026-01-14
2026-01-19,80804132,C937,1,80804132|C810|C937|2026-01-13|net demand for forecast|025647,20260114-C810-C937-SMALL-#1,2026-01-14
2026-01-19,80804132,C937,1,80804132|C810|C937|2026-01-13|net demand for forecast|025648,20260114-C810-C937-SMALL-#1,2026-01-14
2026-01-19,80804705,C937,1,80804705|C810|C937|2026-01-13|net demand for forecast|025752,20260114-C810-C937-SMALL-#1,2026-01-14
2026-01-19,80804705,C937,1,80804705|C810|C937|2026-01-13|net demand for forecast|025753,20260114-C810-C937-SMALL-#1,2026-01-14
2026-01-19,80804705,C937,1,80804705|C810|C937|2026-01-13|net demand for forecast|025755,20260114-C810-C937-SMALL-#1,2026-01-14
2026-01-19,80804705,C937,1,80804705|C810|C937|2026-01-13|net demand for forecast|025756,20260114-C810-C937-SMALL-#1,2026-01-14
2026-01-19,80804705,C937,1,80804705|C810|C937|2026-01-13|net demand for forecast|025757,20260114-C810-C937-SMALL-#1,2026-01-14
2026-01-19,80807112,C937,1,80807112|C810|C937|2026-01-13|net demand for forecast|026093,20260114-C810-C937-SMALL-#1,2026-01-14
2026-01-19,80807112,C937,1,80807112|C810|C937|2026-01-13|net demand for forecast|026094,20260114-C810-C937-SMALL-#1,2026-01-14
2026-01-19,80807112,C937,1,80807112|C810|C937|2026-01-13|net demand for forecast|026095,20260114-C810-C937-SMALL-#1,2026-01-14
2026-01-19,80807112,C937,1,80807112|C810|C937|2026-01-13|net demand for forecast|026096,20260114-C810-C937-SMALL-#1,2026-01-14
2026-01-19,80807112,C937,1,80807112|C810|C937|2026-01-13|net demand for forecast|026097,20260114-C810-C937-SMALL-#1,2026-01-14
2026-01-19,80807112,C937,1,80807112|C810|C937|2026-01-13|net demand for forecast|026098,20260114-C810-C937-SMALL-#1,2026-01-14
2026-01-19,80807112,C937,1,80807112|C810|C937|2026-01-13|net demand for forecast|026099,20260114-C810-C937-SMALL-#1,2026-01-14
2026-01-19,80848025,C937,1,80848025|C810|C937|2026-01-13|net demand for forecast|026446,20260114-C810-C937-SMALL-#1,2026-01-14
2026-01-19,80848025,C937,1,80848025|C810|C937|2026-01-13|net demand for forecast|026447,20260114-C810-C937-SMALL-#1,2026-01-14
2026-01-19,80848025,C937,1,80848025|C810|C937|2026-01-13|net demand for forecast|026448,20260114-C810-C937-SMALL-#1,2026-01-14
2026-01-19,80848025,C937,1,80848025|C810|C937|2026-01-13|net demand for forecast|026449,20260114-C810-C937-SMALL-#1,2026-01-14
2026-01-19,80848025,C937,1,80848025|C810|C937|2026-01-13|net demand for forecast|026450,20260114-C810-C937-SMALL-#1,2026-01-14
2026-01-19,80848025,C937,1,80848025|C810|C937|2026-01-13|net demand for forecast|026451,20260114-C810-C937-SMALL-#1,2026-01-14
2026-01-19,21255844,C937,2,21255844|C810|C937|2026-01-14|net demand for forecast|027143,20260114-C810-C937-SMALL-#1,2026-01-14
2026-01-19,21255844,C937,2,21255844|C810|C937|2026-01-14|net demand for forecast|027144,20260114-C810-C937-SMALL-#1,2026-01-14
2026-01-19,21255844,C937,2,21255844|C810|C937|2026-01-14|net demand for forecast|027145,20260114-C810-C937-SMALL-#1,2026-01-14
2026-01-19,21255844,C937,2,21255844|C810|C937|2026-01-14|net demand for forecast|027146,20260114-C810-C937-SMALL-#1,2026-01-14
2026-01-19,21255844,C937,2,21255844|C810|C937|2026-01-14|net demand for forecast|027147,20260114-C810-C937-SMALL-#1,2026-01-14
2026-01-19,21255844,C937,2,21255844|C810|C937|2026-01-14|net demand for forecast|027148,20260114-C810-C937-SMALL-#1,2026-01-14
2026-01-19,21255844,C937,2,21255844|C810|C937|2026-01-14|net demand for forecast|027149,20260114-C810-C937-SMALL-#1,2026-01-14
2026-01-19,80804138,C937,1,80804138|C810|C937|2026-01-14|net demand for forecast|027460,20260114-C810-C937-SMALL-#1,2026-01-14
2026-01-19,80804138,C937,1,80804138|C810|C937|2026-01-14|net demand for forecast|027461,20260114-C810-C937-SMALL-#1,2026-01-14
2026-01-19,80804138,C937,1,80804138|C810|C937|2026-01-14|net demand for forecast|027462,20260114-C810-C937-SMALL-#1,2026-01-14
2026-01-19,80804138,C937,1,80804138|C810|C937|2026-01-14|net demand for forecast|027463,20260114-C810-C937-SMALL-#1,2026-01-14
2026-01-19,80804138,C937,1,80804138|C810|C937|2026-01-14|net demand for forecast|027464,20260114-C810-C937-SMALL-#1,2026-01-14
2026-01-19,80804138,C937,1,80804138|C810|C937|2026-01-14|net demand for forecast|027465,20260114-C810-C937-SMALL-#1,2026-01-14
2026-01-19,80804138,C937,1,80804138|C810|C937|2026-01-14|net demand for forecast|027466,20260114-C810-C937-SMALL-#1,2026-01-14
2026-01-19,80807116,C937,7,80807116|C810|C937|2026-01-14|net demand for forecast|028000,20260114-C810-C937-SMALL-#1,2026-01-14
2026-01-19,80807116,C937,7,80807116|C810|C937|2026-01-14|net demand for forecast|028001,20260114-C810-C937-SMALL-#1,2026-01-14
2026-01-19,80807116,C937,7,80807116|C810|C937|2026-01-14|net demand for forecast|028002,20260114-C810-C937-SMALL-#1,2026-01-14
2026-01-19,80807116,C937,7,80807116|C810|C937|2026-01-14|net demand for forecast|028004,20260114-C810-C937-SMALL-#1,2026-01-14
2026-01-19,80807116,C937,7,80807116|C810|C937|2026-01-14|net demand for forecast|028005,20260114-C810-C937-SMALL-#1,2026-01-14
2026-01-19,80807116,C937,7,80807116|C810|C937|2026-01-14|net demand for forecast|028006,20260114-C810-C937-SMALL-#1,2026-01-14
2026-01-19,80848025,C937,1,80848025|C810|C937|2026-01-14|net demand for forecast|028254,20260114-C810-C937-SMALL-#1,2026-01-14
2026-01-19,80848025,C937,1,80848025|C810|C937|2026-01-14|net demand for forecast|028255,20260114-C810-C937-SMALL-#1,2026-01-14
2026-01-19,80848025,C937,1,80848025|C810|C937|2026-01-14|net demand for forecast|028256,20260114-C810-C937-SMALL-#1,2026-01-14
2026-01-19,80848025,C937,1,80848025|C810|C937|2026-01-14|net demand for forecast|028257,20260114-C810-C937-SMALL-#1,2026-01-14
2026-01-19,80848025,C937,1,80848025|C810|C937|2026-01-14|net demand for forecast|028258,20260114-C810-C937-SMALL-#1,2026-01-14
2026-01-19,80848025,C937,1,80848025|C810|C937|2026-01-14|net demand for forecast|028259,20260114-C810-C937-SMALL-#1,2026-01-14
2026-01-19,21103372,C937,4,21103372|C810|C937|2026-01-13|net demand for safety|025189,20260114-C810-C937-SMALL-#1,2026-01-14
2026-01-19,21128067,C937,5,21128067|C810|C937|2026-01-13|net demand for safety|025222,20260114-C810-C937-SMALL-#1,2026-01-14
2026-01-19,21139445,C937,1,21139445|C810|C937|2026-01-13|net demand for safety|025317,20260114-C810-C937-SMALL-#1,2026-01-14
2026-01-19,21143103,C937,4,21143103|C810|C937|2026-01-13|net demand for safety|025353,20260114-C810-C937-SMALL-#1,2026-01-14
2026-01-19,21151196,C937,3,21151196|C810|C937|2026-01-13|net demand for safety|025356,20260114-C810-C937-SMALL-#1,2026-01-14
2026-01-19,21170683,C937,2,21170683|C810|C937|2026-01-13|net demand for safety|025372,20260114-C810-C937-SMALL-#1,2026-01-14
2026-01-19,80804128,C937,5,80804128|C810|C937|2026-01-13|net demand for safety|025591,20260114-C810-C937-SMALL-#1,2026-01-14
2026-01-19,80804705,C937,2,80804705|C810|C937|2026-01-13|net demand for safety|025758,20260114-C810-C937-SMALL-#1,2026-01-14
2026-01-19,80807093,C937,1,80807093|C810|C937|2026-01-13|net demand for safety|026038,20260114-C810-C937-SMALL-#1,2026-01-14
2026-01-19,80807112,C937,3,80807112|C810|C937|2026-01-13|net demand for safety|026100,20260114-C810-C937-SMALL-#1,2026-01-14
2026-01-19,21098519,C937,2,21098519|C810|C937|2026-01-14|net demand for safety|026835,20260114-C810-C937-SMALL-#1,2026-01-14
2026-01-19,21103372,C937,7,21103372|C810|C937|2026-01-14|net demand for safety|026840,20260114-C810-C937-SMALL-#1,2026-01-14
2026-01-19,21141769,C937,16,21141769|C810|C937|2026-01-14|net demand for safety|027059,20260114-C810-C937-SMALL-#1,2026-01-14
2026-01-19,21143103,C937,1,21143103|C810|C937|2026-01-14|net demand for safety|027070,20260114-C810-C937-SMALL-#1,2026-01-14
2026-01-19,21170683,C937,1,21170683|C810|C937|2026-01-14|net demand for safety|027138,20260114-C810-C937-SMALL-#1,2026-01-14
2026-01-19,21170691,C937,1,21170691|C810|C937|2026-01-14|net demand for safety|027139,20260114-C810-C937-SMALL-#1,2026-01-14
2026-01-19,21255844,C937,63,21255844|C810|C937|2026-01-14|net demand for safety|027150,20260114-C810-C937-SMALL-#1,2026-01-14
2026-01-19,21325164,C937,1,21325164|C810|C937|2026-01-14|net demand for safety|027214,20260114-C810-C937-SMALL-#1,2026-01-14
2026-01-19,80804138,C937,11,80804138|C810|C937|2026-01-14|net demand for safety|027467,20260114-C810-C937-SMALL-#1,2026-01-14
2026-01-19,80807090,C937,1,80807090|C810|C937|2026-01-14|net demand for safety|027762,20260114-C810-C937-SMALL-#1,2026-01-14
2026-01-19,80807091,C937,3,80807091|C810|C937|2026-01-14|net demand for safety|027763,20260114-C810-C937-SMALL-#1,2026-01-14
2026-01-19,80807093,C937,1,80807093|C810|C937|2026-01-14|net demand for safety|027765,20260114-C810-C937-SMALL-#1,2026-01-14
2026-01-19,80807116,C937,57,80807116|C810|C937|2026-01-14|net demand for safety|028008,20260114-C810-C937-SMALL-#1,2026-01-14
2026-01-19,21132988,E569,1,21132988|C816|E569|2026-01-14|net demand for normal|026983,20260114-C816-E569-SMALL-#1,2026-01-14
2026-01-19,21121756,E569,1,21121756|C816|E569|2026-01-12|net demand for forecast|023760,20260114-C816-E569-SMALL-#1,2026-01-14
2026-01-19,21121756,E569,1,21121756|C816|E569|2026-01-12|net demand for forecast|023761,20260114-C816-E569-SMALL-#1,2026-01-14
2026-01-19,21121756,E569,1,21121756|C816|E569|2026-01-12|net demand for forecast|023762,20260114-C816-E569-SMALL-#1,2026-01-14
2026-01-19,80804128,E569,1,80804128|C816|E569|2026-01-12|net demand for forecast|024192,20260114-C816-E569-SMALL-#1,2026-01-14
2026-01-19,80804128,E569,1,80804128|C816|E569|2026-01-12|net demand for forecast|024194,20260114-C816-E569-SMALL-#1,2026-01-14
2026-01-19,80804128,E569,1,80804128|C816|E569|2026-01-12|net demand for forecast|024195,20260114-C816-E569-SMALL-#1,2026-01-14
2026-01-19,80804128,E569,1,80804128|C816|E569|2026-01-12|net demand for forecast|024196,20260114-C816-E569-SMALL-#1,2026-01-14
2026-01-19,80804128,E569,1,80804128|C816|E569|2026-01-12|net demand for forecast|024197,20260114-C816-E569-SMALL-#1,2026-01-14
2026-01-19,80804705,E569,1,80804705|C816|E569|2026-01-12|net demand for forecast|024448,20260114-C816-E569-SMALL-#1,2026-01-14
2026-01-19,80804705,E569,1,80804705|C816|E569|2026-01-12|net demand for forecast|024449,20260114-C816-E569-SMALL-#1,2026-01-14
2026-01-19,80804705,E569,1,80804705|C816|E569|2026-01-12|net demand for forecast|024450,20260114-C816-E569-SMALL-#1,2026-01-14
2026-01-19,80804705,E569,1,80804705|C816|E569|2026-01-12|net demand for forecast|024451,20260114-C816-E569-SMALL-#1,2026-01-14
2026-01-19,80804705,E569,1,80804705|C816|E569|2026-01-12|net demand for forecast|024452,20260114-C816-E569-SMALL-#1,2026-01-14
2026-01-19,80804705,E569,1,80804705|C816|E569|2026-01-12|net demand for forecast|024453,20260114-C816-E569-SMALL-#1,2026-01-14
2026-01-19,80804705,E569,1,80804705|C816|E569|2026-01-12|net demand for forecast|024454,20260114-C816-E569-SMALL-#1,2026-01-14
2026-01-19,80812845,E569,1,80812845|C816|E569|2026-01-12|net demand for forecast|024809,20260114-C816-E569-SMALL-#1,2026-01-14
2026-01-19,80812845,E569,1,80812845|C816|E569|2026-01-12|net demand for forecast|024810,20260114-C816-E569-SMALL-#1,2026-01-14
2026-01-19,80812845,E569,1,80812845|C816|E569|2026-01-12|net demand for forecast|024811,20260114-C816-E569-SMALL-#1,2026-01-14
2026-01-19,80812845,E569,1,80812845|C816|E569|2026-01-12|net demand for forecast|024812,20260114-C816-E569-SMALL-#1,2026-01-14
2026-01-19,80812845,E569,1,80812845|C816|E569|2026-01-12|net demand for forecast|024813,20260114-C816-E569-SMALL-#1,2026-01-14
2026-01-19,80812845,E569,1,80812845|C816|E569|2026-01-12|net demand for forecast|024814,20260114-C816-E569-SMALL-#1,2026-01-14
2026-01-19,80812845,E569,1,80812845|C816|E569|2026-01-12|net demand for forecast|024815,20260114-C816-E569-SMALL-#1,2026-01-14
2026-01-19,80812846,E569,1,80812846|C816|E569|2026-01-12|net demand for forecast|024834,20260114-C816-E569-SMALL-#1,2026-01-14
2026-01-19,80812846,E569,1,80812846|C816|E569|2026-01-12|net demand for forecast|024835,20260114-C816-E569-SMALL-#1,2026-01-14
2026-01-19,80812846,E569,1,80812846|C816|E569|2026-01-12|net demand for forecast|024836,20260114-C816-E569-SMALL-#1,2026-01-14
2026-01-19,80812846,E569,1,80812846|C816|E569|2026-01-12|net demand for forecast|024837,20260114-C816-E569-SMALL-#1,2026-01-14
2026-01-19,80812846,E569,1,80812846|C816|E569|2026-01-12|net demand for forecast|024838,20260114-C816-E569-SMALL-#1,2026-01-14
2026-01-19,80812846,E569,1,80812846|C816|E569|2026-01-12|net demand for forecast|024840,20260114-C816-E569-SMALL-#1,2026-01-14
2026-01-19,80848025,E569,1,80848025|C816|E569|2026-01-12|net demand for forecast|024991,20260114-C816-E569-SMALL-#1,2026-01-14
2026-01-19,80848025,E569,1,80848025|C816|E569|2026-01-12|net demand for forecast|024992,20260114-C816-E569-SMALL-#1,2026-01-14
2026-01-19,80848025,E569,1,80848025|C816|E569|2026-01-12|net demand for forecast|024993,20260114-C816-E569-SMALL-#1,2026-01-14
2026-01-19,80848025,E569,1,80848025|C816|E569|2026-01-12|net demand for forecast|024994,20260114-C816-E569-SMALL-#1,2026-01-14
2026-01-19,80848025,E569,1,80848025|C816|E569|2026-01-12|net demand for forecast|024995,20260114-C816-E569-SMALL-#1,2026-01-14
2026-01-19,80848026,E569,4,80848026|C816|E569|2026-01-12|net demand for forecast|025027,20260114-C816-E569-SMALL-#1,2026-01-14
2026-01-19,80848026,E569,4,80848026|C816|E569|2026-01-12|net demand for forecast|025028,20260114-C816-E569-SMALL-#1,2026-01-14
2026-01-19,80848026,E569,4,80848026|C816|E569|2026-01-12|net demand for forecast|025029,20260114-C816-E569-SMALL-#1,2026-01-14
2026-01-19,80848026,E569,4,80848026|C816|E569|2026-01-12|net demand for forecast|025030,20260114-C816-E569-SMALL-#1,2026-01-14
2026-01-19,80848026,E569,4,80848026|C816|E569|2026-01-12|net demand for forecast|025031,20260114-C816-E569-SMALL-#1,2026-01-14
2026-01-19,80848026,E569,4,80848026|C816|E569|2026-01-12|net demand for forecast|025032,20260114-C816-E569-SMALL-#1,2026-01-14
2026-01-19,80848026,E569,4,80848026|C816|E569|2026-01-12|net demand for forecast|025033,20260114-C816-E569-SMALL-#1,2026-01-14
2026-01-19,21098519,E569,1,21098519|C816|E569|2026-01-13|net demand for forecast|025185,20260114-C816-E569-SMALL-#1,2026-01-14
2026-01-19,21098519,E569,1,21098519|C816|E569|2026-01-13|net demand for forecast|025186,20260114-C816-E569-SMALL-#1,2026-01-14
2026-01-19,21098519,E569,1,21098519|C816|E569|2026-01-13|net demand for forecast|025187,20260114-C816-E569-SMALL-#1,2026-01-14
2026-01-19,21132988,E569,1,21132988|C816|E569|2026-01-13|net demand for forecast|025295,20260114-C816-E569-SMALL-#1,2026-01-14
2026-01-19,21132988,E569,1,21132988|C816|E569|2026-01-13|net demand for forecast|025296,20260114-C816-E569-SMALL-#1,2026-01-14
2026-01-19,21132988,E569,1,21132988|C816|E569|2026-01-13|net demand for forecast|025297,20260114-C816-E569-SMALL-#1,2026-01-14
2026-01-19,21132988,E569,1,21132988|C816|E569|2026-01-13|net demand for forecast|025298,20260114-C816-E569-SMALL-#1,2026-01-14
2026-01-19,21141769,E569,1,21141769|C816|E569|2026-01-13|net demand for forecast|025345,20260114-C816-E569-SMALL-#1,2026-01-14
2026-01-19,21141769,E569,1,21141769|C816|E569|2026-01-13|net demand for forecast|025346,20260114-C816-E569-SMALL-#1,2026-01-14
2026-01-19,21141769,E569,1,21141769|C816|E569|2026-01-13|net demand for forecast|025348,20260114-C816-E569-SMALL-#1,2026-01-14
2026-01-19,21141769,E569,1,21141769|C816|E569|2026-01-13|net demand for forecast|025349,20260114-C816-E569-SMALL-#1,2026-01-14
2026-01-19,21141769,E569,1,21141769|C816|E569|2026-01-13|net demand for forecast|025350,20260114-C816-E569-SMALL-#1,2026-01-14
2026-01-19,80804128,E569,1,80804128|C816|E569|2026-01-13|net demand for forecast|025599,20260114-C816-E569-SMALL-#1,2026-01-14
2026-01-19,80804128,E569,1,80804128|C816|E569|2026-01-13|net demand for forecast|025600,20260114-C816-E569-SMALL-#1,2026-01-14
2026-01-19,80804128,E569,1,80804128|C816|E569|2026-01-13|net demand for forecast|025601,20260114-C816-E569-SMALL-#1,2026-01-14
2026-01-19,80804128,E569,1,80804128|C816|E569|2026-01-13|net demand for forecast|025602,20260114-C816-E569-SMALL-#1,2026-01-14
2026-01-19,80804128,E569,1,80804128|C816|E569|2026-01-13|net demand for forecast|025603,20260114-C816-E569-SMALL-#1,2026-01-14
2026-01-19,80804705,E569,1,80804705|C816|E569|2026-01-13|net demand for forecast|025816,20260114-C816-E569-SMALL-#1,2026-01-14
2026-01-19,80804705,E569,1,80804705|C816|E569|2026-01-13|net demand for forecast|025817,20260114-C816-E569-SMALL-#1,2026-01-14
2026-01-19,80804705,E569,1,80804705|C816|E569|2026-01-13|net demand for forecast|025818,20260114-C816-E569-SMALL-#1,2026-01-14
2026-01-19,80804705,E569,1,80804705|C816|E569|2026-01-13|net demand for forecast|025819,20260114-C816-E569-SMALL-#1,2026-01-14
2026-01-19,80804705,E569,1,80804705|C816|E569|2026-01-13|net demand for forecast|025820,20260114-C816-E569-SMALL-#1,2026-01-14
2026-01-19,80804705,E569,1,80804705|C816|E569|2026-01-13|net demand for forecast|025821,20260114-C816-E569-SMALL-#1,2026-01-14
2026-01-19,80804705,E569,1,80804705|C816|E569|2026-01-13|net demand for forecast|025822,20260114-C816-E569-SMALL-#1,2026-01-14
2026-01-19,80807116,E569,2,80807116|C816|E569|2026-01-13|net demand for forecast|026253,20260114-C816-E569-SMALL-#1,2026-01-14
2026-01-19,80807116,E569,2,80807116|C816|E569|2026-01-13|net demand for forecast|026254,20260114-C816-E569-SMALL-#1,2026-01-14
2026-01-19,80807116,E569,2,80807116|C816|E569|2026-01-13|net demand for forecast|026255,20260114-C816-E569-SMALL-#1,2026-01-14
2026-01-19,80807116,E569,2,80807116|C816|E569|2026-01-13|net demand for forecast|026256,20260114-C816-E569-SMALL-#1,2026-01-14
2026-01-19,80807116,E569,2,80807116|C816|E569|2026-01-13|net demand for forecast|026257,20260114-C816-E569-SMALL-#1,2026-01-14
2026-01-19,80807116,E569,2,80807116|C816|E569|2026-01-13|net demand for forecast|026258,20260114-C816-E569-SMALL-#1,2026-01-14
2026-01-19,80812845,E569,1,80812845|C816|E569|2026-01-13|net demand for forecast|026365,20260114-C816-E569-SMALL-#1,2026-01-14
2026-01-19,80812845,E569,1,80812845|C816|E569|2026-01-13|net demand for forecast|026366,20260114-C816-E569-SMALL-#1,2026-01-14
2026-01-19,80812845,E569,1,80812845|C816|E569|2026-01-13|net demand for forecast|026367,20260114-C816-E569-SMALL-#1,2026-01-14
2026-01-19,80812845,E569,1,80812845|C816|E569|2026-01-13|net demand for forecast|026368,20260114-C816-E569-SMALL-#1,2026-01-14
2026-01-19,80812845,E569,1,80812845|C816|E569|2026-01-13|net demand for forecast|026369,20260114-C816-E569-SMALL-#1,2026-01-14
2026-01-19,80812845,E569,1,80812845|C816|E569|2026-01-13|net demand for forecast|026370,20260114-C816-E569-SMALL-#1,2026-01-14
2026-01-19,80812845,E569,2,80812845|C816|E569|2026-01-13|net demand for forecast|026371,20260114-C816-E569-SMALL-#1,2026-01-14
2026-01-19,80848026,E569,3,80848026|C816|E569|2026-01-13|net demand for forecast|026598,20260114-C816-E569-SMALL-#1,2026-01-14
2026-01-19,80848026,E569,3,80848026|C816|E569|2026-01-13|net demand for forecast|026599,20260114-C816-E569-SMALL-#1,2026-01-14
2026-01-19,80848026,E569,3,80848026|C816|E569|2026-01-13|net demand for forecast|026600,20260114-C816-E569-SMALL-#1,2026-01-14
2026-01-19,80848026,E569,3,80848026|C816|E569|2026-01-13|net demand for forecast|026602,20260114-C816-E569-SMALL-#1,2026-01-14
2026-01-19,80848026,E569,3,80848026|C816|E569|2026-01-13|net demand for forecast|026603,20260114-C816-E569-SMALL-#1,2026-01-14
2026-01-19,80864469,E569,1,80864469|C816|E569|2026-01-13|net demand for forecast|026647,20260114-C816-E569-SMALL-#1,2026-01-14
2026-01-19,80864469,E569,1,80864469|C816|E569|2026-01-13|net demand for forecast|026648,20260114-C816-E569-SMALL-#1,2026-01-14
2026-01-19,80864469,E569,1,80864469|C816|E569|2026-01-13|net demand for forecast|026649,20260114-C816-E569-SMALL-#1,2026-01-14
2026-01-19,80864469,E569,1,80864469|C816|E569|2026-01-13|net demand for forecast|026650,20260114-C816-E569-SMALL-#1,2026-01-14
2026-01-19,80864470,E569,1,80864470|C816|E569|2026-01-13|net demand for forecast|026653,20260114-C816-E569-SMALL-#1,2026-01-14
2026-01-19,80864470,E569,1,80864470|C816|E569|2026-01-13|net demand for forecast|026654,20260114-C816-E569-SMALL-#1,2026-01-14
2026-01-19,21132988,E569,1,21132988|C816|E569|2026-01-14|net demand for forecast|026979,20260114-C816-E569-SMALL-#1,2026-01-14
2026-01-19,21132988,E569,1,21132988|C816|E569|2026-01-14|net demand for forecast|026980,20260114-C816-E569-SMALL-#1,2026-01-14
2026-01-19,21132988,E569,1,21132988|C816|E569|2026-01-14|net demand for forecast|026981,20260114-C816-E569-SMALL-#1,2026-01-14
2026-01-19,21132988,E569,1,21132988|C816|E569|2026-01-14|net demand for forecast|026982,20260114-C816-E569-SMALL-#1,2026-01-14
2026-01-19,21141769,E569,1,21141769|C816|E569|2026-01-14|net demand for forecast|027062,20260114-C816-E569-SMALL-#1,2026-01-14
2026-01-19,21141769,E569,1,21141769|C816|E569|2026-01-14|net demand for forecast|027063,20260114-C816-E569-SMALL-#1,2026-01-14
2026-01-19,21141769,E569,1,21141769|C816|E569|2026-01-14|net demand for forecast|027064,20260114-C816-E569-SMALL-#1,2026-01-14
2026-01-19,21141769,E569,1,21141769|C816|E569|2026-01-14|net demand for forecast|027065,20260114-C816-E569-SMALL-#1,2026-01-14
2026-01-19,21141769,E569,1,21141769|C816|E569|2026-01-14|net demand for forecast|027066,20260114-C816-E569-SMALL-#1,2026-01-14
2026-01-19,21141769,E569,1,21141769|C816|E569|2026-01-14|net demand for forecast|027067,20260114-C816-E569-SMALL-#1,2026-01-14
2026-01-19,21314602,E569,1,21314602|C816|E569|2026-01-14|net demand for forecast|027184,20260114-C816-E569-SMALL-#1,2026-01-14
2026-01-19,21314602,E569,1,21314602|C816|E569|2026-01-14|net demand for forecast|027186,20260114-C816-E569-SMALL-#1,2026-01-14
2026-01-19,21314602,E569,1,21314602|C816|E569|2026-01-14|net demand for forecast|027187,20260114-C816-E569-SMALL-#1,2026-01-14
2026-01-19,21314602,E569,1,21314602|C816|E569|2026-01-14|net demand for forecast|027188,20260114-C816-E569-SMALL-#1,2026-01-14
2026-01-19,21314602,E569,1,21314602|C816|E569|2026-01-14|net demand for forecast|027189,20260114-C816-E569-SMALL-#1,2026-01-14
2026-01-19,21314602,E569,1,21314602|C816|E569|2026-01-14|net demand for forecast|027190,20260114-C816-E569-SMALL-#1,2026-01-14
2026-01-19,80804133,E569,1,80804133|C816|E569|2026-01-14|net demand for forecast|027255,20260114-C816-E569-SMALL-#1,2026-01-14
2026-01-19,80804133,E569,1,80804133|C816|E569|2026-01-14|net demand for forecast|027256,20260114-C816-E569-SMALL-#1,2026-01-14
2026-01-19,80804133,E569,1,80804133|C816|E569|2026-01-14|net demand for forecast|027257,20260114-C816-E569-SMALL-#1,2026-01-14
2026-01-19,80804133,E569,1,80804133|C816|E569|2026-01-14|net demand for forecast|027258,20260114-C816-E569-SMALL-#1,2026-01-14
2026-01-19,80804133,E569,1,80804133|C816|E569|2026-01-14|net demand for forecast|027259,20260114-C816-E569-SMALL-#1,2026-01-14
2026-01-19,80804133,E569,1,80804133|C816|E569|2026-01-14|net demand for forecast|027260,20260114-C816-E569-SMALL-#1,2026-01-14
2026-01-19,80805856,E569,1,80805856|C816|E569|2026-01-14|net demand for forecast|027730,20260114-C816-E569-SMALL-#1,2026-01-14
2026-01-19,80805856,E569,1,80805856|C816|E569|2026-01-14|net demand for forecast|027731,20260114-C816-E569-SMALL-#1,2026-01-14
2026-01-19,80805856,E569,1,80805856|C816|E569|2026-01-14|net demand for forecast|027732,20260114-C816-E569-SMALL-#1,2026-01-14
2026-01-19,80805856,E569,2,80805856|C816|E569|2026-01-14|net demand for forecast|027733,20260114-C816-E569-SMALL-#1,2026-01-14
2026-01-19,80805856,E569,2,80805856|C816|E569|2026-01-14|net demand for forecast|027734,20260114-C816-E569-SMALL-#1,2026-01-14
2026-01-19,80805856,E569,2,80805856|C816|E569|2026-01-14|net demand for forecast|027735,20260114-C816-E569-SMALL-#1,2026-01-14
2026-01-19,80805856,E569,2,80805856|C816|E569|2026-01-14|net demand for forecast|027736,20260114-C816-E569-SMALL-#1,2026-01-14
2026-01-19,80807114,E569,1,80807114|C816|E569|2026-01-14|net demand for forecast|027966,20260114-C816-E569-SMALL-#1,2026-01-14
2026-01-19,80807114,E569,1,80807114|C816|E569|2026-01-14|net demand for forecast|027967,20260114-C816-E569-SMALL-#1,2026-01-14
2026-01-19,80807114,E569,1,80807114|C816|E569|2026-01-14|net demand for forecast|027968,20260114-C816-E569-SMALL-#1,2026-01-14
2026-01-19,80807114,E569,1,80807114|C816|E569|2026-01-14|net demand for forecast|027969,20260114-C816-E569-SMALL-#1,2026-01-14
2026-01-19,80807114,E569,1,80807114|C816|E569|2026-01-14|net demand for forecast|027970,20260114-C816-E569-SMALL-#1,2026-01-14
2026-01-19,80807114,E569,1,80807114|C816|E569|2026-01-14|net demand for forecast|027971,20260114-C816-E569-SMALL-#1,2026-01-14
2026-01-19,80807116,E569,1,80807116|C816|E569|2026-01-14|net demand for forecast|028015,20260114-C816-E569-SMALL-#1,2026-01-14
2026-01-19,80807116,E569,1,80807116|C816|E569|2026-01-14|net demand for forecast|028016,20260114-C816-E569-SMALL-#1,2026-01-14
2026-01-19,80807116,E569,1,80807116|C816|E569|2026-01-14|net demand for forecast|028017,20260114-C816-E569-SMALL-#1,2026-01-14
2026-01-19,80807116,E569,1,80807116|C816|E569|2026-01-14|net demand for forecast|028018,20260114-C816-E569-SMALL-#1,2026-01-14
2026-01-19,80807116,E569,1,80807116|C816|E569|2026-01-14|net demand for forecast|028019,20260114-C816-E569-SMALL-#1,2026-01-14
2026-01-19,80807116,E569,1,80807116|C816|E569|2026-01-14|net demand for forecast|028020,20260114-C816-E569-SMALL-#1,2026-01-14
2026-01-19,80807116,E569,1,80807116|C816|E569|2026-01-14|net demand for forecast|028021,20260114-C816-E569-SMALL-#1,2026-01-14
2026-01-19,80812845,E569,2,80812845|C816|E569|2026-01-14|net demand for forecast|028178,20260114-C816-E569-SMALL-#1,2026-01-14
2026-01-19,80812845,E569,2,80812845|C816|E569|2026-01-14|net demand for forecast|028179,20260114-C816-E569-SMALL-#1,2026-01-14
2026-01-19,80812845,E569,2,80812845|C816|E569|2026-01-14|net demand for forecast|028180,20260114-C816-E569-SMALL-#1,2026-01-14
2026-01-19,80812845,E569,2,80812845|C816|E569|2026-01-14|net demand for forecast|028182,20260114-C816-E569-SMALL-#1,2026-01-14
2026-01-19,80812845,E569,3,80812845|C816|E569|2026-01-14|net demand for forecast|028183,20260114-C816-E569-SMALL-#1,2026-01-14
2026-01-19,80812846,E569,1,80812846|C816|E569|2026-01-14|net demand for forecast|028187,20260114-C816-E569-SMALL-#1,2026-01-14
2026-01-19,80812846,E569,1,80812846|C816|E569|2026-01-14|net demand for forecast|028188,20260114-C816-E569-SMALL-#1,2026-01-14
2026-01-19,80812846,E569,1,80812846|C816|E569|2026-01-14|net demand for forecast|028191,20260114-C816-E569-SMALL-#1,2026-01-14
2026-01-19,80812846,E569,1,80812846|C816|E569|2026-01-14|net demand for forecast|028193,20260114-C816-E569-SMALL-#1,2026-01-14
2026-01-19,80848026,E569,4,80848026|C816|E569|2026-01-14|net demand for forecast|028282,20260114-C816-E569-SMALL-#1,2026-01-14
2026-01-19,80848026,E569,5,80848026|C816|E569|2026-01-14|net demand for forecast|028283,20260114-C816-E569-SMALL-#1,2026-01-14
2026-01-19,80848026,E569,5,80848026|C816|E569|2026-01-14|net demand for forecast|028284,20260114-C816-E569-SMALL-#1,2026-01-14
2026-01-19,80848026,E569,5,80848026|C816|E569|2026-01-14|net demand for forecast|028285,20260114-C816-E569-SMALL-#1,2026-01-14
2026-01-19,80848026,E569,5,80848026|C816|E569|2026-01-14|net demand for forecast|028286,20260114-C816-E569-SMALL-#1,2026-01-14
2026-01-19,80848026,E569,5,80848026|C816|E569|2026-01-14|net demand for forecast|028287,20260114-C816-E569-SMALL-#1,2026-01-14
2026-01-19,80848026,E569,5,80848026|C816|E569|2026-01-14|net demand for forecast|028288,20260114-C816-E569-SMALL-#1,2026-01-14
2026-01-19,80848028,E569,1,80848028|C816|E569|2026-01-14|net demand for forecast|028295,20260114-C816-E569-SMALL-#1,2026-01-14
2026-01-19,80848028,E569,1,80848028|C816|E569|2026-01-14|net demand for forecast|028296,20260114-C816-E569-SMALL-#1,2026-01-14
2026-01-19,80848028,E569,1,80848028|C816|E569|2026-01-14|net demand for forecast|028297,20260114-C816-E569-SMALL-#1,2026-01-14
2026-01-19,80848028,E569,1,80848028|C816|E569|2026-01-14|net demand for forecast|028298,20260114-C816-E569-SMALL-#1,2026-01-14
2026-01-19,80848028,E569,1,80848028|C816|E569|2026-01-14|net demand for forecast|028300,20260114-C816-E569-SMALL-#1,2026-01-14
2026-01-19,80848028,E569,1,80848028|C816|E569|2026-01-14|net demand for forecast|028301,20260114-C816-E569-SMALL-#1,2026-01-14
2026-01-19,21098519,E569,2,21098519|C816|E569|2026-01-12|net demand for safety|023713,20260114-C816-E569-SMALL-#1,2026-01-14
2026-01-19,21103372,E569,2,21103372|C816|E569|2026-01-12|net demand for safety|023725,20260114-C816-E569-SMALL-#1,2026-01-14
2026-01-19,21118867,E569,1,21118867|C816|E569|2026-01-12|net demand for safety|023756,20260114-C816-E569-SMALL-#1,2026-01-14
2026-01-19,21121756,E569,2,21121756|C816|E569|2026-01-12|net demand for safety|023763,20260114-C816-E569-SMALL-#1,2026-01-14
2026-01-19,21314602,E569,4,21314602|C816|E569|2026-01-12|net demand for safety|024111,20260114-C816-E569-SMALL-#1,2026-01-14
2026-01-19,80804128,E569,6,80804128|C816|E569|2026-01-12|net demand for safety|024198,20260114-C816-E569-SMALL-#1,2026-01-14
2026-01-19,80804698,E569,1,80804698|C816|E569|2026-01-12|net demand for safety|024345,20260114-C816-E569-SMALL-#1,2026-01-14
2026-01-19,80804705,E569,2,80804705|C816|E569|2026-01-12|net demand for safety|024455,20260114-C816-E569-SMALL-#1,2026-01-14
2026-01-19,80812099,E569,3,80812099|C816|E569|2026-01-12|net demand for safety|024773,20260114-C816-E569-SMALL-#1,2026-01-14
2026-01-19,80812103,E569,5,80812103|C816|E569|2026-01-12|net demand for safety|024774,20260114-C816-E569-SMALL-#1,2026-01-14
2026-01-19,80812846,E569,23,80812846|C816|E569|2026-01-12|net demand for safety|024841,20260114-C816-E569-SMALL-#1,2026-01-14
2026-01-19,80864469,E569,6,80864469|C816|E569|2026-01-12|net demand for safety|025155,20260114-C816-E569-SMALL-#1,2026-01-14
2026-01-19,21098519,E569,2,21098519|C816|E569|2026-01-13|net demand for safety|025188,20260114-C816-E569-SMALL-#1,2026-01-14
2026-01-19,21314602,E569,1,21314602|C816|E569|2026-01-13|net demand for safety|025410,20260114-C816-E569-SMALL-#1,2026-01-14
2026-01-19,21315350,E569,5,21315350|C816|E569|2026-01-13|net demand for safety|025522,20260114-C816-E569-SMALL-#1,2026-01-14
2026-01-19,80804128,E569,2,80804128|C816|E569|2026-01-13|net demand for safety|025606,20260114-C816-E569-SMALL-#1,2026-01-14
2026-01-19,80804705,E569,1,80804705|C816|E569|2026-01-13|net demand for safety|025823,20260114-C816-E569-SMALL-#1,2026-01-14
2026-01-19,80807110,E569,1,80807110|C816|E569|2026-01-13|net demand for safety|026090,20260114-C816-E569-SMALL-#1,2026-01-14
2026-01-19,80807116,E569,64,80807116|C816|E569|2026-01-13|net demand for safety|026260,20260114-C816-E569-SMALL-#1,2026-01-14
2026-01-19,80812103,E569,1,80812103|C816|E569|2026-01-13|net demand for safety|026267,20260114-C816-E569-SMALL-#1,2026-01-14
2026-01-19,80864470,E569,2,80864470|C816|E569|2026-01-13|net demand for safety|026656,20260114-C816-E569-SMALL-#1,2026-01-14
2026-01-19,21137866,E569,1,21137866|C816|E569|2026-01-14|net demand for safety|027043,20260114-C816-E569-SMALL-#1,2026-01-14
2026-01-19,21141769,E569,1,21141769|C816|E569|2026-01-14|net demand for safety|027068,20260114-C816-E569-SMALL-#1,2026-01-14
2026-01-19,80804138,E569,1,80804138|C816|E569|2026-01-14|net demand for safety|027473,20260114-C816-E569-SMALL-#1,2026-01-14
2026-01-19,80807113,E569,3,80807113|C816|E569|2026-01-14|net demand for safety|027957,20260114-C816-E569-SMALL-#1,2026-01-14
2026-01-19,80807114,E569,7,80807114|C816|E569|2026-01-14|net demand for safety|027972,20260114-C816-E569-SMALL-#1,2026-01-14
2026-01-19,80807116,E569,6,80807116|C816|E569|2026-01-14|net demand for safety|028022,20260114-C816-E569-SMALL-#1,2026-01-14
2026-01-19,80812103,E569,1,80812103|C816|E569|2026-01-14|net demand for safety|028112,20260114-C816-E569-SMALL-#1,2026-01-14
2026-01-19,80812840,E569,1,80812840|C816|E569|2026-01-14|net demand for safety|028150,20260114-C816-E569-SMALL-#1,2026-01-14
2026-01-19,80812845,E569,12,80812845|C816|E569|2026-01-14|net demand for safety|028184,20260114-C816-E569-SMALL-#1,2026-01-14
2026-01-19,80812846,E569,1,80812846|C816|E569|2026-01-14|net demand for safety|028194,20260114-C816-E569-SMALL-#1,2026-01-14
2026-01-19,80848028,E569,2,80848028|C816|E569|2026-01-14|net demand for safety|028302,20260114-C816-E569-SMALL-#1,2026-01-14
2026-01-19,21314876,A673,3,21314876|0386|A673|2026-01-14|net demand for net demand for normal|027191,20260114-0386-A673-LARGE-#1,2026-01-14
2026-01-19,80807119,A673,1,80807119|0386|A673|2026-01-14|net demand for AO|028040,20260114-0386-A673-LARGE-#1,2026-01-14
2026-01-19,80807119,A673,1,80807119|0386|A673|2026-01-14|net demand for AO|028041,20260114-0386-A673-LARGE-#1,2026-01-14
2026-01-19,80807119,A673,1,80807119|0386|A673|2026-01-14|net demand for AO|028042,20260114-0386-A673-LARGE-#1,2026-01-14
2026-01-19,80807119,A673,3,80807119|0386|A673|2026-01-14|net demand for AO|028043,20260114-0386-A673-LARGE-#1,2026-01-14
2026-01-19,80807119,A673,4,80807119|0386|A673|2026-01-14|net demand for AO|028044,20260114-0386-A673-LARGE-#1,2026-01-14
2026-01-19,80807119,A673,5,80807119|0386|A673|2026-01-14|net demand for AO|028046,20260114-0386-A673-LARGE-#1,2026-01-14
2026-01-19,80807119,A673,6,80807119|0386|A673|2026-01-14|net demand for AO|028047,20260114-0386-A673-LARGE-#1,2026-01-14
2026-01-19,80807119,A673,10,80807119|0386|A673|2026-01-14|net demand for AO|028048,20260114-0386-A673-LARGE-#1,2026-01-14
2026-01-19,80807119,A673,14,80807119|0386|A673|2026-01-14|net demand for AO|028049,20260114-0386-A673-LARGE-#1,2026-01-14
2026-01-19,80804134,A673,2,80804134|0386|A673|2026-01-14|net demand for forecast|027267,20260114-0386-A673-LARGE-#1,2026-01-14
2026-01-19,80804134,A673,8,80804134|0386|A673|2026-01-14|net demand for forecast|027268,20260114-0386-A673-LARGE-#1,2026-01-14
2026-01-19,80804134,A673,12,80804134|0386|A673|2026-01-14|net demand for forecast|027269,20260114-0386-A673-LARGE-#1,2026-01-14
2026-01-19,80804134,A673,14,80804134|0386|A673|2026-01-14|net demand for forecast|027270,20260114-0386-A673-LARGE-#1,2026-01-14
2026-01-19,80804134,A673,14,80804134|0386|A673|2026-01-14|net demand for forecast|027271,20260114-0386-A673-LARGE-#1,2026-01-14
2026-01-19,80804134,A673,14,80804134|0386|A673|2026-01-14|net demand for forecast|027272,20260114-0386-A673-LARGE-#1,2026-01-14
2026-01-19,80804134,A673,14,80804134|0386|A673|2026-01-14|net demand for forecast|027273,20260114-0386-A673-LARGE-#1,2026-01-14
2026-01-19,80804134,A673,14,80804134|0386|A673|2026-01-14|net demand for forecast|027274,20260114-0386-A673-LARGE-#1,2026-01-14
2026-01-19,80804134,A673,14,80804134|0386|A673|2026-01-14|net demand for forecast|027275,20260114-0386-A673-LARGE-#1,2026-01-14
2026-01-19,80804134,A673,14,80804134|0386|A673|2026-01-14|net demand for forecast|027276,20260114-0386-A673-LARGE-#1,2026-01-14
2026-01-19,80807096,A673,3,80807096|0386|A673|2026-01-14|net demand for forecast|027815,20260114-0386-A673-LARGE-#1,2026-01-14
2026-01-19,80807096,A673,3,80807096|0386|A673|2026-01-14|net demand for forecast|027816,20260114-0386-A673-LARGE-#1,2026-01-14
2026-01-19,80807096,A673,3,80807096|0386|A673|2026-01-14|net demand for forecast|027817,20260114-0386-A673-LARGE-#1,2026-01-14
2026-01-19,80807096,A673,3,80807096|0386|A673|2026-01-14|net demand for forecast|027818,20260114-0386-A673-LARGE-#1,2026-01-14
2026-01-19,80807096,A673,3,80807096|0386|A673|2026-01-14|net demand for forecast|027819,20260114-0386-A673-LARGE-#1,2026-01-14
2026-01-19,80807096,A673,3,80807096|0386|A673|2026-01-14|net demand for forecast|027820,20260114-0386-A673-LARGE-#1,2026-01-14
2026-01-19,80807096,A673,3,80807096|0386|A673|2026-01-14|net demand for forecast|027821,20260114-0386-A673-LARGE-#1,2026-01-14
2026-01-19,80807096,A673,4,80807096|0386|A673|2026-01-14|net demand for forecast|027822,20260114-0386-A673-LARGE-#1,2026-01-14
2026-01-19,80807096,A673,4,80807096|0386|A673|2026-01-14|net demand for forecast|027823,20260114-0386-A673-LARGE-#1,2026-01-14
2026-01-19,80807096,A673,4,80807096|0386|A673|2026-01-14|net demand for forecast|027824,20260114-0386-A673-LARGE-#1,2026-01-14
2026-01-19,80807119,A673,4,80807119|0386|A673|2026-01-14|net demand for forecast|028051,20260114-0386-A673-LARGE-#1,2026-01-14
2026-01-19,80807119,A673,5,80807119|0386|A673|2026-01-14|net demand for forecast|028052,20260114-0386-A673-LARGE-#1,2026-01-14
2026-01-19,80807119,A673,7,80807119|0386|A673|2026-01-14|net demand for forecast|028053,20260114-0386-A673-LARGE-#1,2026-01-14
2026-01-19,80807119,A673,7,80807119|0386|A673|2026-01-14|net demand for forecast|028054,20260114-0386-A673-LARGE-#1,2026-01-14
2026-01-19,80807119,A673,7,80807119|0386|A673|2026-01-14|net demand for forecast|028055,20260114-0386-A673-LARGE-#1,2026-01-14
2026-01-19,80807119,A673,7,80807119|0386|A673|2026-01-14|net demand for forecast|028056,20260114-0386-A673-LARGE-#1,2026-01-14
2026-01-19,80807119,A673,8,80807119|0386|A673|2026-01-14|net demand for forecast|028058,20260114-0386-A673-LARGE-#1,2026-01-14
2026-01-19,21162696,A673,1,21162696|0386|A673|2026-01-14|net demand for net demand for forecast|027112,20260114-0386-A673-LARGE-#1,2026-01-14
2026-01-19,21162696,A673,1,21162696|0386|A673|2026-01-14|net demand for net demand for forecast|027113,20260114-0386-A673-LARGE-#1,2026-01-14
2026-01-19,21162696,A673,1,21162696|0386|A673|2026-01-14|net demand for net demand for forecast|027114,20260114-0386-A673-LARGE-#1,2026-01-14
2026-01-19,21162696,A673,1,21162696|0386|A673|2026-01-14|net demand for net demand for forecast|027115,20260114-0386-A673-LARGE-#1,2026-01-14
2026-01-19,21162696,A673,1,21162696|0386|A673|2026-01-14|net demand for net demand for forecast|027116,20260114-0386-A673-LARGE-#1,2026-01-14
2026-01-19,21162696,A673,1,21162696|0386|A673|2026-01-14|net demand for net demand for forecast|027117,20260114-0386-A673-LARGE-#1,2026-01-14
2026-01-19,80807096,A673,2,80807096|0386|A673|2026-01-14|net demand for net demand for forecast|027825,20260114-0386-A673-LARGE-#1,2026-01-14
2026-01-19,80807096,A673,2,80807096|0386|A673|2026-01-14|net demand for net demand for forecast|027826,20260114-0386-A673-LARGE-#1,2026-01-14
2026-01-19,80807096,A673,2,80807096|0386|A673|2026-01-14|net demand for net demand for forecast|027827,20260114-0386-A673-LARGE-#1,2026-01-14
2026-01-19,80807096,A673,2,80807096|0386|A673|2026-01-14|net demand for net demand for forecast|027828,20260114-0386-A673-LARGE-#1,2026-01-14
2026-01-19,80807119,A673,2,80807119|0386|A673|2026-01-14|net demand for net demand for forecast|028059,20260114-0386-A673-LARGE-#1,2026-01-14
2026-01-19,80807119,A673,2,80807119|0386|A673|2026-01-14|net demand for net demand for forecast|028060,20260114-0386-A673-LARGE-#1,2026-01-14
2026-01-19,80807119,A673,2,80807119|0386|A673|2026-01-14|net demand for net demand for forecast|028061,20260114-0386-A673-LARGE-#1,2026-01-14
2026-01-19,80807119,A673,2,80807119|0386|A673|2026-01-14|net demand for net demand for forecast|028062,20260114-0386-A673-LARGE-#1,2026-01-14
2026-01-19,21121751,A673,1,21121751|0386|A673|2026-01-14|net demand for safety|026843,20260114-0386-A673-LARGE-#1,2026-01-14
2026-01-19,21132988,A673,173,21132988|0386|A673|2026-01-14|net demand for safety|026919,20260114-0386-A673-LARGE-#1,2026-01-14
2026-01-19,21133312,A673,143,21133312|0386|A673|2026-01-14|net demand for safety|026999,20260114-0386-A673-LARGE-#1,2026-01-14
2026-01-19,21148509,A673,39,21148509|0386|A673|2026-01-14|net demand for safety|027084,20260114-0386-A673-LARGE-#1,2026-01-14
2026-01-19,21162696,A673,36,21162696|0386|A673|2026-01-14|net demand for safety|027119,20260114-0386-A673-LARGE-#1,2026-01-14
2026-01-19,80804134,A673,972,80804134|0386|A673|2026-01-14|net demand for safety|027278,20260114-0386-A673-LARGE-#1,2026-01-14
2026-01-19,80804137,A673,125,80804137|0386|A673|2026-01-14|net demand for safety|027380,20260114-0386-A673-LARGE-#1,2026-01-14
2026-01-19,80807096,A673,47,80807096|0386|A673|2026-01-14|net demand for safety|027830,20260114-0386-A673-LARGE-#1,2026-01-14
2026-01-19,80807097,A673,29,80807097|0386|A673|2026-01-14|net demand for safety|027928,20260114-0386-A673-LARGE-#1,2026-01-14
2026-01-19,21132988,A673,72,21132988|0386|A673|2026-01-14|net demand for net demand for safety|026918,20260114-0386-A673-LARGE-#1,2026-01-14
2026-01-19,21133312,A673,55,21133312|0386|A673|2026-01-14|net demand for net demand for safety|026998,20260114-0386-A673-LARGE-#1,2026-01-14
2026-01-19,21162696,A673,1,21162696|0386|A673|2026-01-14|net demand for net demand for safety|027118,20260114-0386-A673-LARGE-#1,2026-01-14
2026-01-19,80804134,A673,31,80804134|0386|A673|2026-01-14|net demand for net demand for safety|027277,20260114-0386-A673-LARGE-#1,2026-01-14
2026-01-19,80804137,A673,3,80804137|0386|A673|2026-01-14|net demand for net demand for safety|027379,20260114-0386-A673-LARGE-#1,2026-01-14
2026-01-19,80804138,A673,2,80804138|0386|A673|2026-01-14|net demand for net demand for safety|027455,20260114-0386-A673-LARGE-#1,2026-01-14
2026-01-19,80807097,A673,47,80807097|0386|A673|2026-01-14|net demand for net demand for safety|027927,20260114-0386-A673-LARGE-#1,2026-01-14
2026-01-19,80807119,A673,101,80807119|0386|A673|2026-01-14|net demand for net demand for safety|028063,20260114-0386-A673-LARGE-#1,2026-01-14
2026-01-19,21121752,A673,101,21121752|0386|A673|2026-01-14|push replenishment|026847,20260114-0386-A673-LARGE-#1,2026-01-14
2026-01-19,21121756,A673,205,21121756|0386|A673|2026-01-14|push replenishment|026855,20260114-0386-A673-LARGE-#1,2026-01-14
2026-01-19,21132988,A673,233,21132988|0386|A673|2026-01-14|push replenishment|026920,20260114-0386-A673-LARGE-#1,2026-01-14
2026-01-19,21133312,A673,7,21133312|0386|A673|2026-01-14|push replenishment|027000,20260114-0386-A673-LARGE-#1,2026-01-14
2026-01-19,21162696,A673,25,21162696|0386|A673|2026-01-14|push replenishment|027120,20260114-0386-A673-LARGE-#1,2026-01-14
2026-01-19,21314602,A673,12,21314602|0386|A673|2026-01-14|push replenishment|027170,20260114-0386-A673-LARGE-#1,2026-01-14
2026-01-19,80804134,A673,9,80804134|0386|A673|2026-01-14|push replenishment|027279,20260114-0386-A673-LARGE-#1,2026-01-14
2026-01-19,80804137,A673,199,80804137|0386|A673|2026-01-14|push replenishment|027381,20260114-0386-A673-LARGE-#1,2026-01-14
2026-01-19,80807097,A673,25,80807097|0386|A673|2026-01-14|push replenishment|027929,20260114-0386-A673-LARGE-#1,2026-01-14
2026-01-19,80807119,A673,85,80807119|0386|A673|2026-01-14|push replenishment|028065,20260114-0386-A673-LARGE-#1,2026-01-14
2026-01-19,80812839,A673,799,80812839|0386|A673|2026-01-14|push replenishment|028125,20260114-0386-A673-LARGE-#1,2026-01-14
2026-01-19,80868101,A673,5,80868101|C816|A673|2026-01-14|net demand for forecast|028384,20260114-C816-A673-LARGE-#1,2026-01-14
2026-01-19,80868102,A673,3,80868102|C816|A673|2026-01-14|net demand for forecast|028406,20260114-C816-A673-LARGE-#1,2026-01-14
2026-01-19,80804705,A673,3,80804705|C816|A673|2026-01-14|net demand for net demand for forecast|027692,20260114-C816-A673-LARGE-#1,2026-01-14
2026-01-19,80848021,A673,7,80848021|C816|A673|2026-01-14|net demand for net demand for forecast|028216,20260114-C816-A673-LARGE-#1,2026-01-14
2026-01-19,21133312,A668,2,21133312|0386|A668|2026-01-14|net demand for forecast|026985,20260114-0386-A668-Train-#1,2026-01-14
2026-01-19,21133312,A668,2,21133312|0386|A668|2026-01-14|net demand for forecast|026986,20260114-0386-A668-Train-#1,2026-01-14
2026-01-19,21133312,A668,2,21133312|0386|A668|2026-01-14|net demand for forecast|026987,20260114-0386-A668-Train-#1,2026-01-14
2026-01-19,21133312,A668,2,21133312|0386|A668|2026-01-14|net demand for forecast|026988,20260114-0386-A668-Train-#1,2026-01-14
2026-01-19,21133312,A668,2,21133312|0386|A668|2026-01-14|net demand for forecast|026989,20260114-0386-A668-Train-#1,2026-01-14
2026-01-19,21133312,A668,2,21133312|0386|A668|2026-01-14|net demand for forecast|026990,20260114-0386-A668-Train-#1,2026-01-14
2026-01-19,21133312,A668,2,21133312|0386|A668|2026-01-14|net demand for forecast|026991,20260114-0386-A668-Train-#1,2026-01-14
2026-01-19,21133312,A668,2,21133312|0386|A668|2026-01-14|net demand for forecast|026992,20260114-0386-A668-Train-#1,2026-01-14
2026-01-19,21133312,A668,2,21133312|0386|A668|2026-01-14|net demand for forecast|026993,20260114-0386-A668-Train-#1,2026-01-14
2026-01-19,80807096,A668,2,80807096|0386|A668|2026-01-14|net demand for forecast|027769,20260114-0386-A668-Train-#1,2026-01-14
2026-01-19,80807096,A668,3,80807096|0386|A668|2026-01-14|net demand for forecast|027770,20260114-0386-A668-Train-#1,2026-01-14
2026-01-19,80807096,A668,3,80807096|0386|A668|2026-01-14|net demand for forecast|027771,20260114-0386-A668-Train-#1,2026-01-14
2026-01-19,80807096,A668,3,80807096|0386|A668|2026-01-14|net demand for forecast|027772,20260114-0386-A668-Train-#1,2026-01-14
2026-01-19,80807096,A668,3,80807096|0386|A668|2026-01-14|net demand for forecast|027773,20260114-0386-A668-Train-#1,2026-01-14
2026-01-19,80807096,A668,3,80807096|0386|A668|2026-01-14|net demand for forecast|027775,20260114-0386-A668-Train-#1,2026-01-14
2026-01-19,80807096,A668,3,80807096|0386|A668|2026-01-14|net demand for forecast|027776,20260114-0386-A668-Train-#1,2026-01-14
2026-01-19,80807096,A668,3,80807096|0386|A668|2026-01-14|net demand for forecast|027777,20260114-0386-A668-Train-#1,2026-01-14
2026-01-19,80807096,A668,3,80807096|0386|A668|2026-01-14|net demand for forecast|027778,20260114-0386-A668-Train-#1,2026-01-14
2026-01-19,21132988,A668,66,21132988|0386|A668|2026-01-14|net demand for safety|026905,20260114-0386-A668-Train-#1,2026-01-14
2026-01-19,21133312,A668,92,21133312|0386|A668|2026-01-14|net demand for safety|026994,20260114-0386-A668-Train-#1,2026-01-14
2026-01-19,21148509,A668,7,21148509|0386|A668|2026-01-14|net demand for safety|027083,20260114-0386-A668-Train-#1,2026-01-14
2026-01-19,21162696,A668,8,21162696|0386|A668|2026-01-14|net demand for safety|027108,20260114-0386-A668-Train-#1,2026-01-14
2026-01-19,80804134,A668,209,80804134|0386|A668|2026-01-14|net demand for safety|027261,20260114-0386-A668-Train-#1,2026-01-14
2026-01-19,80804137,A668,25,80804137|0386|A668|2026-01-14|net demand for safety|027373,20260114-0386-A668-Train-#1,2026-01-14
2026-01-19,80807096,A668,25,80807096|0386|A668|2026-01-14|net demand for safety|027779,20260114-0386-A668-Train-#1,2026-01-14
2026-01-19,21121752,A668,4,21121752|0386|A668|2026-01-14|push replenishment|026845,20260114-0386-A668-Train-#1,2026-01-14
2026-01-19,21121756,A668,135,21121756|0386|A668|2026-01-14|push replenishment|026853,20260114-0386-A668-Train-#1,2026-01-14
2026-01-19,21133312,A668,3,21133312|0386|A668|2026-01-14|push replenishment|026995,20260114-0386-A668-Train-#1,2026-01-14
2026-01-19,21162696,A668,10,21162696|0386|A668|2026-01-14|push replenishment|027109,20260114-0386-A668-Train-#1,2026-01-14
2026-01-19,21314602,A668,2,21314602|0386|A668|2026-01-14|push replenishment|027168,20260114-0386-A668-Train-#1,2026-01-14
2026-01-19,80804134,A668,2,80804134|0386|A668|2026-01-14|push replenishment|027262,20260114-0386-A668-Train-#1,2026-01-14
2026-01-19,80804137,A668,44,80804137|0386|A668|2026-01-14|push replenishment|027374,20260114-0386-A668-Train-#1,2026-01-14
2026-01-19,80807096,A668,59,80807096|0386|A668|2026-01-14|push replenishment|027780,20260114-0386-A668-Train-#1,2026-01-14
2026-01-19,80807097,A668,5,80807097|0386|A668|2026-01-14|push replenishment|027924,20260114-0386-A668-Train-#1,2026-01-14
2026-01-19,80812839,A668,419,80812839|0386|A668|2026-01-14|push replenishment|028121,20260114-0386-A668-Train-#1,2026-01-14
2026-01-19,80848021,A673,8,80848021|C816|A673|2026-01-15|net demand for net demand for normal|029586,20260115-C816-A673-LARGE-#1,2026-01-15
2026-01-19,80804699,A673,5,80804699|C816|A673|2026-01-15|net demand for forecast|029011,20260115-C816-A673-LARGE-#1,2026-01-15
2026-01-19,80804699,A673,5,80804699|C816|A673|2026-01-15|net demand for forecast|029012,20260115-C816-A673-LARGE-#1,2026-01-15
2026-01-19,80804699,A673,5,80804699|C816|A673|2026-01-15|net demand for forecast|029013,20260115-C816-A673-LARGE-#1,2026-01-15
2026-01-19,80804699,A673,5,80804699|C816|A673|2026-01-15|net demand for forecast|029014,20260115-C816-A673-LARGE-#1,2026-01-15
2026-01-19,80804699,A673,5,80804699|C816|A673|2026-01-15|net demand for forecast|029015,20260115-C816-A673-LARGE-#1,2026-01-15
2026-01-19,80804699,A673,5,80804699|C816|A673|2026-01-15|net demand for forecast|029016,20260115-C816-A673-LARGE-#1,2026-01-15
2026-01-19,80864469,A673,1,80864469|C816|A673|2026-01-15|net demand for forecast|029695,20260115-C816-A673-LARGE-#1,2026-01-15
2026-01-19,80864469,A673,1,80864469|C816|A673|2026-01-15|net demand for forecast|029697,20260115-C816-A673-LARGE-#1,2026-01-15
2026-01-19,80864469,A673,1,80864469|C816|A673|2026-01-15|net demand for forecast|029698,20260115-C816-A673-LARGE-#1,2026-01-15
2026-01-19,80864469,A673,1,80864469|C816|A673|2026-01-15|net demand for forecast|029700,20260115-C816-A673-LARGE-#1,2026-01-15
2026-01-19,80868102,A673,1,80868102|C816|A673|2026-01-15|net demand for forecast|029796,20260115-C816-A673-LARGE-#1,2026-01-15
2026-01-19,80868102,A673,1,80868102|C816|A673|2026-01-15|net demand for forecast|029797,20260115-C816-A673-LARGE-#1,2026-01-15
2026-01-19,80868102,A673,1,80868102|C816|A673|2026-01-15|net demand for forecast|029798,20260115-C816-A673-LARGE-#1,2026-01-15
2026-01-19,80868102,A673,1,80868102|C816|A673|2026-01-15|net demand for forecast|029800,20260115-C816-A673-LARGE-#1,2026-01-15
2026-01-19,80868102,A673,1,80868102|C816|A673|2026-01-15|net demand for forecast|029801,20260115-C816-A673-LARGE-#1,2026-01-15
2026-01-19,80804699,A673,1,80804699|C816|A673|2025-12-15|net demand for net demand for forecast|000037,20260115-C816-A673-LARGE-#1,2026-01-15
2026-01-19,80804699,A673,1,80804699|C816|A673|2026-01-15|net demand for net demand for forecast|029017,20260115-C816-A673-LARGE-#1,2026-01-15
2026-01-19,80804699,A673,1,80804699|C816|A673|2026-01-15|net demand for net demand for forecast|029018,20260115-C816-A673-LARGE-#1,2026-01-15
2026-01-19,80848021,A673,1,80848021|C816|A673|2026-01-15|net demand for net demand for forecast|029580,20260115-C816-A673-LARGE-#1,2026-01-15
2026-01-19,80848021,A673,1,80848021|C816|A673|2026-01-15|net demand for net demand for forecast|029581,20260115-C816-A673-LARGE-#1,2026-01-15
2026-01-19,80848021,A673,7,80848021|C816|A673|2026-01-15|net demand for net demand for forecast|029582,20260115-C816-A673-LARGE-#1,2026-01-15
2026-01-19,80848021,A673,7,80848021|C816|A673|2026-01-15|net demand for net demand for forecast|029583,20260115-C816-A673-LARGE-#1,2026-01-15
2026-01-19,80848021,A673,8,80848021|C816|A673|2026-01-15|net demand for net demand for forecast|029585,20260115-C816-A673-LARGE-#1,2026-01-15
2026-01-19,21307836,A673,1,21307836|C816|A673|2026-01-15|net demand for safety|028642,20260115-C816-A673-LARGE-#1,2026-01-15
2026-01-19,21428668,A673,34,21428668|C816|A673|2026-01-15|net demand for safety|028778,20260115-C816-A673-LARGE-#1,2026-01-15
2026-01-19,21442897,A673,52,21442897|C816|A673|2026-01-15|net demand for safety|028787,20260115-C816-A673-LARGE-#1,2026-01-15
2026-01-19,80804699,A673,55,80804699|C816|A673|2026-01-15|net demand for safety|029019,20260115-C816-A673-LARGE-#1,2026-01-15
2026-01-19,80804704,A673,563,80804704|C816|A673|2026-01-15|net demand for safety|029083,20260115-C816-A673-LARGE-#1,2026-01-15
2026-01-19,80807093,A673,12,80807093|C816|A673|2026-01-15|net demand for safety|029213,20260115-C816-A673-LARGE-#1,2026-01-15
2026-01-19,80807117,A673,7,80807117|C816|A673|2026-01-15|net demand for safety|029419,20260115-C816-A673-LARGE-#1,2026-01-15
2026-01-19,80864469,A673,16,80864469|C816|A673|2026-01-15|net demand for safety|029701,20260115-C816-A673-LARGE-#1,2026-01-15
2026-01-19,80884852,A673,1,80884852|C816|A673|2026-01-15|net demand for safety|029817,20260115-C816-A673-LARGE-#1,2026-01-15
2026-01-19,21139445,A673,27,21139445|C816|A673|2026-01-15|net demand for net demand for safety|028535,20260115-C816-A673-LARGE-#1,2026-01-15
2026-01-19,80804704,A673,45,80804704|C816|A673|2026-01-15|net demand for net demand for safety|029082,20260115-C816-A673-LARGE-#1,2026-01-15
2026-01-19,80807093,A673,2,80807093|C816|A673|2026-01-15|net demand for net demand for safety|029212,20260115-C816-A673-LARGE-#1,2026-01-15
2026-01-19,80848021,A673,82,80848021|C816|A673|2026-01-15|net demand for net demand for safety|029587,20260115-C816-A673-LARGE-#1,2026-01-15
2026-01-19,21141769,D901,2,21141769|A673|D901|2026-01-16|net demand for normal|030100,20260116-A673-D901-SMALL-#1,2026-01-16
2026-01-19,21132758,D901,19,21132758|A673|D901|2026-01-16|net demand for forecast|030024,20260116-A673-D901-SMALL-#1,2026-01-16
2026-01-19,21170683,D901,1,21170683|A673|D901|2026-01-16|net demand for forecast|030154,20260116-A673-D901-SMALL-#1,2026-01-16
2026-01-19,80795932,D901,1,80795932|A673|D901|2026-01-16|net demand for forecast|030241,20260116-A673-D901-SMALL-#1,2026-01-16
2026-01-19,80804136,D901,2,80804136|A673|D901|2026-01-16|net demand for forecast|030307,20260116-A673-D901-SMALL-#1,2026-01-16
2026-01-19,80804705,D901,11,80804705|A673|D901|2026-01-16|net demand for forecast|030436,20260116-A673-D901-SMALL-#1,2026-01-16
2026-01-19,80807092,D901,2,80807092|A673|D901|2026-01-16|net demand for forecast|030542,20260116-A673-D901-SMALL-#1,2026-01-16
2026-01-19,80807092,D901,3,80807092|A673|D901|2026-01-16|net demand for forecast|030545,20260116-A673-D901-SMALL-#1,2026-01-16
2026-01-19,21165868,D901,1,21165868|A673|D901|2026-01-16|net demand for safety|030149,20260116-A673-D901-SMALL-#1,2026-01-16
2026-01-19,21303404,E556,3,21303404|A672|E556|2026-01-15|net demand for normal|028632,20260116-A672-E556-SMALL-#1,2026-01-16
2026-01-19,80805856,E556,6,80805856|A672|E556|2026-01-15|net demand for normal|029147,20260116-A672-E556-SMALL-#1,2026-01-16
2026-01-19,80807096,E556,7,80807096|A672|E556|2026-01-15|net demand for normal|029287,20260116-A672-E556-SMALL-#1,2026-01-16
2026-01-19,80848028,E556,2,80848028|A672|E556|2026-01-15|net demand for normal|029671,20260116-A672-E556-SMALL-#1,2026-01-16
2026-01-19,21303404,E556,1,21303404|A672|E556|2026-01-16|net demand for normal|030175,20260116-A672-E556-SMALL-#1,2026-01-16
2026-01-19,80805856,E556,11,80805856|A672|E556|2026-01-16|net demand for normal|030469,20260116-A672-E556-SMALL-#1,2026-01-16
2026-01-19,80807096,E556,1,80807096|A672|E556|2026-01-16|net demand for normal|030565,20260116-A672-E556-SMALL-#1,2026-01-16
2026-01-19,80807116,E556,3,80807116|A672|E556|2026-01-16|net demand for normal|030781,20260116-A672-E556-SMALL-#1,2026-01-16
2026-01-19,80848028,E556,1,80848028|A672|E556|2026-01-16|net demand for normal|031075,20260116-A672-E556-SMALL-#1,2026-01-16
2026-01-19,21303404,E556,1,21303404|A672|E556|2026-01-15|net demand for forecast|028627,20260116-A672-E556-SMALL-#1,2026-01-16
2026-01-19,21303404,E556,1,21303404|A672|E556|2026-01-15|net demand for forecast|028628,20260116-A672-E556-SMALL-#1,2026-01-16
2026-01-19,21303404,E556,1,21303404|A672|E556|2026-01-15|net demand for forecast|028629,20260116-A672-E556-SMALL-#1,2026-01-16
2026-01-19,21303404,E556,2,21303404|A672|E556|2026-01-15|net demand for forecast|028630,20260116-A672-E556-SMALL-#1,2026-01-16
2026-01-19,21303404,E556,2,21303404|A672|E556|2026-01-15|net demand for forecast|028631,20260116-A672-E556-SMALL-#1,2026-01-16
2026-01-19,21315350,E556,6,21315350|A672|E556|2026-01-15|net demand for forecast|028767,20260116-A672-E556-SMALL-#1,2026-01-16
2026-01-19,21315350,E556,6,21315350|A672|E556|2026-01-15|net demand for forecast|028768,20260116-A672-E556-SMALL-#1,2026-01-16
2026-01-19,21315350,E556,6,21315350|A672|E556|2026-01-15|net demand for forecast|028769,20260116-A672-E556-SMALL-#1,2026-01-16
2026-01-19,21315350,E556,6,21315350|A672|E556|2026-01-15|net demand for forecast|028770,20260116-A672-E556-SMALL-#1,2026-01-16
2026-01-19,21315350,E556,6,21315350|A672|E556|2026-01-15|net demand for forecast|028771,20260116-A672-E556-SMALL-#1,2026-01-16
2026-01-19,80804130,E556,1,80804130|A672|E556|2026-01-15|net demand for forecast|028835,20260116-A672-E556-SMALL-#1,2026-01-16
2026-01-19,80804130,E556,1,80804130|A672|E556|2026-01-15|net demand for forecast|028836,20260116-A672-E556-SMALL-#1,2026-01-16
2026-01-19,80804130,E556,1,80804130|A672|E556|2026-01-15|net demand for forecast|028837,20260116-A672-E556-SMALL-#1,2026-01-16
2026-01-19,80804130,E556,2,80804130|A672|E556|2026-01-15|net demand for forecast|028838,20260116-A672-E556-SMALL-#1,2026-01-16
2026-01-19,80804130,E556,2,80804130|A672|E556|2026-01-15|net demand for forecast|028839,20260116-A672-E556-SMALL-#1,2026-01-16
2026-01-19,80804132,E556,1,80804132|A672|E556|2026-01-15|net demand for forecast|028916,20260116-A672-E556-SMALL-#1,2026-01-16
2026-01-19,80804132,E556,1,80804132|A672|E556|2026-01-15|net demand for forecast|028917,20260116-A672-E556-SMALL-#1,2026-01-16
2026-01-19,80804132,E556,1,80804132|A672|E556|2026-01-15|net demand for forecast|028919,20260116-A672-E556-SMALL-#1,2026-01-16
2026-01-19,80804132,E556,1,80804132|A672|E556|2026-01-15|net demand for forecast|028920,20260116-A672-E556-SMALL-#1,2026-01-16
2026-01-19,80807100,E556,5,80807100|A672|E556|2026-01-15|net demand for forecast|029305,20260116-A672-E556-SMALL-#1,2026-01-16
2026-01-19,80807100,E556,5,80807100|A672|E556|2026-01-15|net demand for forecast|029307,20260116-A672-E556-SMALL-#1,2026-01-16
2026-01-19,80807100,E556,5,80807100|A672|E556|2026-01-15|net demand for forecast|029308,20260116-A672-E556-SMALL-#1,2026-01-16
2026-01-19,80807100,E556,5,80807100|A672|E556|2026-01-15|net demand for forecast|029309,20260116-A672-E556-SMALL-#1,2026-01-16
2026-01-19,80807105,E556,1,80807105|A672|E556|2026-01-15|net demand for forecast|029357,20260116-A672-E556-SMALL-#1,2026-01-16
2026-01-19,80807105,E556,1,80807105|A672|E556|2026-01-15|net demand for forecast|029358,20260116-A672-E556-SMALL-#1,2026-01-16
2026-01-19,80807105,E556,1,80807105|A672|E556|2026-01-15|net demand for forecast|029359,20260116-A672-E556-SMALL-#1,2026-01-16
2026-01-19,80807105,E556,1,80807105|A672|E556|2026-01-15|net demand for forecast|029360,20260116-A672-E556-SMALL-#1,2026-01-16
2026-01-19,80807105,E556,1,80807105|A672|E556|2026-01-15|net demand for forecast|029361,20260116-A672-E556-SMALL-#1,2026-01-16
2026-01-19,80807115,E556,2,80807115|A672|E556|2026-01-15|net demand for forecast|029395,20260116-A672-E556-SMALL-#1,2026-01-16
2026-01-19,80807115,E556,2,80807115|A672|E556|2026-01-15|net demand for forecast|029397,20260116-A672-E556-SMALL-#1,2026-01-16
2026-01-19,80807115,E556,2,80807115|A672|E556|2026-01-15|net demand for forecast|029398,20260116-A672-E556-SMALL-#1,2026-01-16
2026-01-19,80807115,E556,2,80807115|A672|E556|2026-01-15|net demand for forecast|029399,20260116-A672-E556-SMALL-#1,2026-01-16
2026-01-19,80812099,E556,1,80812099|A672|E556|2026-01-15|net demand for forecast|029464,20260116-A672-E556-SMALL-#1,2026-01-16
2026-01-19,80812841,E556,2,80812841|A672|E556|2026-01-15|net demand for forecast|029498,20260116-A672-E556-SMALL-#1,2026-01-16
2026-01-19,80812841,E556,2,80812841|A672|E556|2026-01-15|net demand for forecast|029499,20260116-A672-E556-SMALL-#1,2026-01-16
2026-01-19,80812841,E556,2,80812841|A672|E556|2026-01-15|net demand for forecast|029500,20260116-A672-E556-SMALL-#1,2026-01-16
2026-01-19,80812841,E556,2,80812841|A672|E556|2026-01-15|net demand for forecast|029501,20260116-A672-E556-SMALL-#1,2026-01-16
2026-01-19,80812841,E556,2,80812841|A672|E556|2026-01-15|net demand for forecast|029502,20260116-A672-E556-SMALL-#1,2026-01-16
2026-01-19,80848022,E556,1,80848022|A672|E556|2026-01-15|net demand for forecast|029588,20260116-A672-E556-SMALL-#1,2026-01-16
2026-01-19,80848022,E556,1,80848022|A672|E556|2026-01-15|net demand for forecast|029589,20260116-A672-E556-SMALL-#1,2026-01-16
2026-01-19,80848022,E556,1,80848022|A672|E556|2026-01-15|net demand for forecast|029590,20260116-A672-E556-SMALL-#1,2026-01-16
2026-01-19,80848022,E556,1,80848022|A672|E556|2026-01-15|net demand for forecast|029591,20260116-A672-E556-SMALL-#1,2026-01-16
2026-01-19,80848022,E556,1,80848022|A672|E556|2026-01-15|net demand for forecast|029592,20260116-A672-E556-SMALL-#1,2026-01-16
2026-01-19,80848023,E556,1,80848023|A672|E556|2026-01-15|net demand for forecast|029611,20260116-A672-E556-SMALL-#1,2026-01-16
2026-01-19,80848023,E556,1,80848023|A672|E556|2026-01-15|net demand for forecast|029612,20260116-A672-E556-SMALL-#1,2026-01-16
2026-01-19,21303404,E556,1,21303404|A672|E556|2026-01-16|net demand for forecast|030170,20260116-A672-E556-SMALL-#1,2026-01-16
2026-01-19,21303404,E556,1,21303404|A672|E556|2026-01-16|net demand for forecast|030171,20260116-A672-E556-SMALL-#1,2026-01-16
2026-01-19,21303404,E556,2,21303404|A672|E556|2026-01-16|net demand for forecast|030172,20260116-A672-E556-SMALL-#1,2026-01-16
2026-01-19,21303404,E556,2,21303404|A672|E556|2026-01-16|net demand for forecast|030173,20260116-A672-E556-SMALL-#1,2026-01-16
2026-01-19,21303404,E556,2,21303404|A672|E556|2026-01-16|net demand for forecast|030174,20260116-A672-E556-SMALL-#1,2026-01-16
2026-01-19,21315350,E556,4,21315350|A672|E556|2026-01-16|net demand for forecast|030203,20260116-A672-E556-SMALL-#1,2026-01-16
2026-01-19,21315350,E556,4,21315350|A672|E556|2026-01-16|net demand for forecast|030204,20260116-A672-E556-SMALL-#1,2026-01-16
2026-01-19,21315350,E556,4,21315350|A672|E556|2026-01-16|net demand for forecast|030205,20260116-A672-E556-SMALL-#1,2026-01-16
2026-01-19,21315350,E556,4,21315350|A672|E556|2026-01-16|net demand for forecast|030206,20260116-A672-E556-SMALL-#1,2026-01-16
2026-01-19,21315350,E556,4,21315350|A672|E556|2026-01-16|net demand for forecast|030207,20260116-A672-E556-SMALL-#1,2026-01-16
2026-01-19,80804130,E556,2,80804130|A672|E556|2026-01-16|net demand for forecast|030273,20260116-A672-E556-SMALL-#1,2026-01-16
2026-01-19,80804130,E556,2,80804130|A672|E556|2026-01-16|net demand for forecast|030274,20260116-A672-E556-SMALL-#1,2026-01-16
2026-01-19,80804130,E556,2,80804130|A672|E556|2026-01-16|net demand for forecast|030275,20260116-A672-E556-SMALL-#1,2026-01-16
2026-01-19,80804130,E556,2,80804130|A672|E556|2026-01-16|net demand for forecast|030276,20260116-A672-E556-SMALL-#1,2026-01-16
2026-01-19,80804130,E556,2,80804130|A672|E556|2026-01-16|net demand for forecast|030277,20260116-A672-E556-SMALL-#1,2026-01-16
2026-01-19,80804137,E556,1,80804137|A672|E556|2026-01-16|net demand for forecast|030308,20260116-A672-E556-SMALL-#1,2026-01-16
2026-01-19,80804137,E556,1,80804137|A672|E556|2026-01-16|net demand for forecast|030309,20260116-A672-E556-SMALL-#1,2026-01-16
2026-01-19,80804137,E556,1,80804137|A672|E556|2026-01-16|net demand for forecast|030311,20260116-A672-E556-SMALL-#1,2026-01-16
2026-01-19,80804137,E556,1,80804137|A672|E556|2026-01-16|net demand for forecast|030312,20260116-A672-E556-SMALL-#1,2026-01-16
2026-01-19,80807105,E556,1,80807105|A672|E556|2026-01-16|net demand for forecast|030581,20260116-A672-E556-SMALL-#1,2026-01-16
2026-01-19,80807105,E556,1,80807105|A672|E556|2026-01-16|net demand for forecast|030582,20260116-A672-E556-SMALL-#1,2026-01-16
2026-01-19,80807105,E556,1,80807105|A672|E556|2026-01-16|net demand for forecast|030583,20260116-A672-E556-SMALL-#1,2026-01-16
2026-01-19,80807105,E556,1,80807105|A672|E556|2026-01-16|net demand for forecast|030584,20260116-A672-E556-SMALL-#1,2026-01-16
2026-01-19,80807105,E556,1,80807105|A672|E556|2026-01-16|net demand for forecast|030585,20260116-A672-E556-SMALL-#1,2026-01-16
2026-01-19,80848022,E556,1,80848022|A672|E556|2026-01-16|net demand for forecast|030932,20260116-A672-E556-SMALL-#1,2026-01-16
2026-01-19,80848022,E556,1,80848022|A672|E556|2026-01-16|net demand for forecast|030933,20260116-A672-E556-SMALL-#1,2026-01-16
2026-01-19,80848022,E556,1,80848022|A672|E556|2026-01-16|net demand for forecast|030934,20260116-A672-E556-SMALL-#1,2026-01-16
2026-01-19,80848022,E556,1,80848022|A672|E556|2026-01-16|net demand for forecast|030935,20260116-A672-E556-SMALL-#1,2026-01-16
2026-01-19,80848022,E556,1,80848022|A672|E556|2026-01-16|net demand for forecast|030936,20260116-A672-E556-SMALL-#1,2026-01-16
2026-01-19,80848023,E556,1,80848023|A672|E556|2026-01-16|net demand for forecast|031017,20260116-A672-E556-SMALL-#1,2026-01-16
2026-01-19,80848028,E556,1,80848028|A672|E556|2026-01-16|net demand for forecast|031071,20260116-A672-E556-SMALL-#1,2026-01-16
2026-01-19,80848028,E556,1,80848028|A672|E556|2026-01-16|net demand for forecast|031072,20260116-A672-E556-SMALL-#1,2026-01-16
2026-01-19,80848028,E556,1,80848028|A672|E556|2026-01-16|net demand for forecast|031074,20260116-A672-E556-SMALL-#1,2026-01-16
2026-01-19,80807089,E556,2,80807089|A672|E556|2026-01-15|net demand for safety|029159,20260116-A672-E556-SMALL-#1,2026-01-16
2026-01-19,80807100,E556,86,80807100|A672|E556|2026-01-15|net demand for safety|029310,20260116-A672-E556-SMALL-#1,2026-01-16
2026-01-19,80807102,E556,2,80807102|A672|E556|2026-01-15|net demand for safety|029311,20260116-A672-E556-SMALL-#1,2026-01-16
2026-01-19,80807112,E556,6,80807112|A672|E556|2026-01-15|net demand for safety|029371,20260116-A672-E556-SMALL-#1,2026-01-16
2026-01-19,80807113,E556,2,80807113|A672|E556|2026-01-15|net demand for safety|029374,20260116-A672-E556-SMALL-#1,2026-01-16
2026-01-19,80807118,E556,1,80807118|A672|E556|2026-01-15|net demand for safety|029429,20260116-A672-E556-SMALL-#1,2026-01-16
2026-01-19,80807120,E556,2,80807120|A672|E556|2026-01-15|net demand for safety|029451,20260116-A672-E556-SMALL-#1,2026-01-16
2026-01-19,80812840,E556,29,80812840|A672|E556|2026-01-15|net demand for safety|029487,20260116-A672-E556-SMALL-#1,2026-01-16
2026-01-19,80851898,E556,1,80851898|A672|E556|2026-01-15|net demand for safety|029686,20260116-A672-E556-SMALL-#1,2026-01-16
2026-01-19,21314593,E556,4,21314593|A672|E556|2026-01-16|net demand for safety|030194,20260116-A672-E556-SMALL-#1,2026-01-16
2026-01-19,21315352,E556,2,21315352|A672|E556|2026-01-16|net demand for safety|030208,20260116-A672-E556-SMALL-#1,2026-01-16
2026-01-19,80807112,E556,3,80807112|A672|E556|2026-01-16|net demand for safety|030632,20260116-A672-E556-SMALL-#1,2026-01-16
2026-01-19,80807113,E556,2,80807113|A672|E556|2026-01-16|net demand for safety|030637,20260116-A672-E556-SMALL-#1,2026-01-16
2026-01-19,80807118,E556,7,80807118|A672|E556|2026-01-16|net demand for safety|030804,20260116-A672-E556-SMALL-#1,2026-01-16
2026-01-19,80807120,E556,2,80807120|A672|E556|2026-01-16|net demand for safety|030808,20260116-A672-E556-SMALL-#1,2026-01-16
2026-01-19,80812154,E556,1,80812154|A672|E556|2026-01-16|net demand for safety|030833,20260116-A672-E556-SMALL-#1,2026-01-16
2026-01-19,80812840,E556,9,80812840|A672|E556|2026-01-16|net demand for safety|030838,20260116-A672-E556-SMALL-#1,2026-01-16
2026-01-19,80848028,E556,8,80848028|A672|E556|2026-01-16|net demand for safety|031076,20260116-A672-E556-SMALL-#1,2026-01-16
2026-01-19,80864470,E556,6,80864470|A672|E556|2026-01-16|net demand for safety|031129,20260116-A672-E556-SMALL-#1,2026-01-16
2026-01-19,80807115,C810,5,80807115|0386|C810|2026-01-16|net demand for forecast|030730,20260116-0386-C810-LARGE-#1,2026-01-16
2026-01-19,80807115,C810,49,80807115|0386|C810|2026-01-16|net demand for safety|030746,20260116-0386-C810-LARGE-#1,2026-01-16
2026-01-19,80807092,C810,29,80807092|0386|C810|2026-01-16|push replenishment|030521,20260116-0386-C810-LARGE-#1,2026-01-16
2026-01-19,21118867,D901,1,21118867|A673|D901|2026-01-17|net demand for normal|031237,20260117-A673-D901-SMALL-#1,2026-01-17
2026-01-19,80795932,D901,1,80795932|A673|D901|2026-01-17|net demand for normal|031534,20260117-A673-D901-SMALL-#1,2026-01-17
2026-01-19,80807116,D901,40,80807116|A673|D901|2026-01-17|net demand for normal|031960,20260117-A673-D901-SMALL-#1,2026-01-17
2026-01-19,80812845,D901,36,80812845|A673|D901|2026-01-17|net demand for normal|032029,20260117-A673-D901-SMALL-#1,2026-01-17
2026-01-19,80848021,D901,15,80848021|A673|D901|2026-01-17|net demand for normal|032386,20260117-A673-D901-SMALL-#1,2026-01-17
2026-01-19,80848026,D901,44,80848026|A673|D901|2026-01-17|net demand for normal|032423,20260117-A673-D901-SMALL-#1,2026-01-17
2026-01-19,21118867,D901,1,21118867|A673|D901|2026-01-17|net demand for forecast|031235,20260117-A673-D901-SMALL-#1,2026-01-17
2026-01-19,21118867,D901,1,21118867|A673|D901|2026-01-17|net demand for forecast|031236,20260117-A673-D901-SMALL-#1,2026-01-17
2026-01-19,21132758,D901,13,21132758|A673|D901|2026-01-17|net demand for forecast|031270,20260117-A673-D901-SMALL-#1,2026-01-17
2026-01-19,21132758,D901,13,21132758|A673|D901|2026-01-17|net demand for forecast|031271,20260117-A673-D901-SMALL-#1,2026-01-17
2026-01-19,21132758,D901,13,21132758|A673|D901|2026-01-17|net demand for forecast|031273,20260117-A673-D901-SMALL-#1,2026-01-17
2026-01-19,21141769,D901,11,21141769|A673|D901|2026-01-17|net demand for forecast|031332,20260117-A673-D901-SMALL-#1,2026-01-17
2026-01-19,21141769,D901,11,21141769|A673|D901|2026-01-17|net demand for forecast|031333,20260117-A673-D901-SMALL-#1,2026-01-17
2026-01-19,21141769,D901,11,21141769|A673|D901|2026-01-17|net demand for forecast|031334,20260117-A673-D901-SMALL-#1,2026-01-17
2026-01-19,21141769,D901,11,21141769|A673|D901|2026-01-17|net demand for forecast|031335,20260117-A673-D901-SMALL-#1,2026-01-17
2026-01-19,21143102,D901,3,21143102|A673|D901|2026-01-17|net demand for forecast|031352,20260117-A673-D901-SMALL-#1,2026-01-17
2026-01-19,21143102,D901,3,21143102|A673|D901|2026-01-17|net demand for forecast|031353,20260117-A673-D901-SMALL-#1,2026-01-17
2026-01-19,21143102,D901,3,21143102|A673|D901|2026-01-17|net demand for forecast|031354,20260117-A673-D901-SMALL-#1,2026-01-17
2026-01-19,21143102,D901,3,21143102|A673|D901|2026-01-17|net demand for forecast|031355,20260117-A673-D901-SMALL-#1,2026-01-17
2026-01-19,21148509,D901,4,21148509|A673|D901|2026-01-17|net demand for forecast|031359,20260117-A673-D901-SMALL-#1,2026-01-17
2026-01-19,21148509,D901,4,21148509|A673|D901|2026-01-17|net demand for forecast|031360,20260117-A673-D901-SMALL-#1,2026-01-17
2026-01-19,21148509,D901,4,21148509|A673|D901|2026-01-17|net demand for forecast|031361,20260117-A673-D901-SMALL-#1,2026-01-17
2026-01-19,21148509,D901,4,21148509|A673|D901|2026-01-17|net demand for forecast|031362,20260117-A673-D901-SMALL-#1,2026-01-17
2026-01-19,21151196,D901,12,21151196|A673|D901|2026-01-17|net demand for forecast|031420,20260117-A673-D901-SMALL-#1,2026-01-17
2026-01-19,21151196,D901,12,21151196|A673|D901|2026-01-17|net demand for forecast|031421,20260117-A673-D901-SMALL-#1,2026-01-17
2026-01-19,21151196,D901,12,21151196|A673|D901|2026-01-17|net demand for forecast|031422,20260117-A673-D901-SMALL-#1,2026-01-17
2026-01-19,21151196,D901,12,21151196|A673|D901|2026-01-17|net demand for forecast|031423,20260117-A673-D901-SMALL-#1,2026-01-17
2026-01-19,21170683,D901,1,21170683|A673|D901|2026-01-17|net demand for forecast|031434,20260117-A673-D901-SMALL-#1,2026-01-17
2026-01-19,21170683,D901,1,21170683|A673|D901|2026-01-17|net demand for forecast|031435,20260117-A673-D901-SMALL-#1,2026-01-17
2026-01-19,21170683,D901,1,21170683|A673|D901|2026-01-17|net demand for forecast|031436,20260117-A673-D901-SMALL-#1,2026-01-17
2026-01-19,21170683,D901,1,21170683|A673|D901|2026-01-17|net demand for forecast|031437,20260117-A673-D901-SMALL-#1,2026-01-17
2026-01-19,21325292,D901,2,21325292|A673|D901|2026-01-17|net demand for forecast|031504,20260117-A673-D901-SMALL-#1,2026-01-17
2026-01-19,21325292,D901,2,21325292|A673|D901|2026-01-17|net demand for forecast|031505,20260117-A673-D901-SMALL-#1,2026-01-17
2026-01-19,80795932,D901,1,80795932|A673|D901|2026-01-17|net demand for forecast|031530,20260117-A673-D901-SMALL-#1,2026-01-17
2026-01-19,80795932,D901,1,80795932|A673|D901|2026-01-17|net demand for forecast|031531,20260117-A673-D901-SMALL-#1,2026-01-17
2026-01-19,80795932,D901,1,80795932|A673|D901|2026-01-17|net demand for forecast|031532,20260117-A673-D901-SMALL-#1,2026-01-17
2026-01-19,80795932,D901,1,80795932|A673|D901|2026-01-17|net demand for forecast|031533,20260117-A673-D901-SMALL-#1,2026-01-17
2026-01-19,80804128,D901,1,80804128|A673|D901|2026-01-17|net demand for forecast|031553,20260117-A673-D901-SMALL-#1,2026-01-17
2026-01-19,80804128,D901,1,80804128|A673|D901|2026-01-17|net demand for forecast|031554,20260117-A673-D901-SMALL-#1,2026-01-17
2026-01-19,80804136,D901,1,80804136|A673|D901|2026-01-17|net demand for forecast|031621,20260117-A673-D901-SMALL-#1,2026-01-17
2026-01-19,80804136,D901,1,80804136|A673|D901|2026-01-17|net demand for forecast|031622,20260117-A673-D901-SMALL-#1,2026-01-17
2026-01-19,80804136,D901,1,80804136|A673|D901|2026-01-17|net demand for forecast|031623,20260117-A673-D901-SMALL-#1,2026-01-17
2026-01-19,80804136,D901,1,80804136|A673|D901|2026-01-17|net demand for forecast|031624,20260117-A673-D901-SMALL-#1,2026-01-17
2026-01-19,80804138,D901,6,80804138|A673|D901|2026-01-17|net demand for forecast|031646,20260117-A673-D901-SMALL-#1,2026-01-17
2026-01-19,80804138,D901,6,80804138|A673|D901|2026-01-17|net demand for forecast|031647,20260117-A673-D901-SMALL-#1,2026-01-17
2026-01-19,80804138,D901,7,80804138|A673|D901|2026-01-17|net demand for forecast|031649,20260117-A673-D901-SMALL-#1,2026-01-17
2026-01-19,80804704,D901,2,80804704|A673|D901|2026-01-17|net demand for forecast|031695,20260117-A673-D901-SMALL-#1,2026-01-17
2026-01-19,80804704,D901,2,80804704|A673|D901|2026-01-17|net demand for forecast|031696,20260117-A673-D901-SMALL-#1,2026-01-17
2026-01-19,80804705,D901,1,80804705|A673|D901|2026-01-17|net demand for forecast|031746,20260117-A673-D901-SMALL-#1,2026-01-17
2026-01-19,80804705,D901,1,80804705|A673|D901|2026-01-17|net demand for forecast|031747,20260117-A673-D901-SMALL-#1,2026-01-17
2026-01-19,80804705,D901,2,80804705|A673|D901|2026-01-17|net demand for forecast|031748,20260117-A673-D901-SMALL-#1,2026-01-17
2026-01-19,80804705,D901,2,80804705|A673|D901|2026-01-17|net demand for forecast|031749,20260117-A673-D901-SMALL-#1,2026-01-17
2026-01-19,80807092,D901,2,80807092|A673|D901|2026-01-17|net demand for forecast|031808,20260117-A673-D901-SMALL-#1,2026-01-17
2026-01-19,80807092,D901,3,80807092|A673|D901|2026-01-17|net demand for forecast|031809,20260117-A673-D901-SMALL-#1,2026-01-17
2026-01-19,80807092,D901,3,80807092|A673|D901|2026-01-17|net demand for forecast|031810,20260117-A673-D901-SMALL-#1,2026-01-17
2026-01-19,80807092,D901,3,80807092|A673|D901|2026-01-17|net demand for forecast|031811,20260117-A673-D901-SMALL-#1,2026-01-17
2026-01-19,80807105,D901,4,80807105|A673|D901|2026-01-17|net demand for forecast|031869,20260117-A673-D901-SMALL-#1,2026-01-17
2026-01-19,80807105,D901,4,80807105|A673|D901|2026-01-17|net demand for forecast|031870,20260117-A673-D901-SMALL-#1,2026-01-17
2026-01-19,80807105,D901,4,80807105|A673|D901|2026-01-17|net demand for forecast|031871,20260117-A673-D901-SMALL-#1,2026-01-17
2026-01-19,80807105,D901,4,80807105|A673|D901|2026-01-17|net demand for forecast|031872,20260117-A673-D901-SMALL-#1,2026-01-17
2026-01-19,80807116,D901,25,80807116|A673|D901|2026-01-17|net demand for forecast|031956,20260117-A673-D901-SMALL-#1,2026-01-17
2026-01-19,80807116,D901,27,80807116|A673|D901|2026-01-17|net demand for forecast|031958,20260117-A673-D901-SMALL-#1,2026-01-17
2026-01-19,80807116,D901,27,80807116|A673|D901|2026-01-17|net demand for forecast|031959,20260117-A673-D901-SMALL-#1,2026-01-17
2026-01-19,80848021,D901,7,80848021|A673|D901|2026-01-17|net demand for forecast|032382,20260117-A673-D901-SMALL-#1,2026-01-17
2026-01-19,80848021,D901,8,80848021|A673|D901|2026-01-17|net demand for forecast|032383,20260117-A673-D901-SMALL-#1,2026-01-17
2026-01-19,80848021,D901,8,80848021|A673|D901|2026-01-17|net demand for forecast|032384,20260117-A673-D901-SMALL-#1,2026-01-17
2026-01-19,80848021,D901,8,80848021|A673|D901|2026-01-17|net demand for forecast|032385,20260117-A673-D901-SMALL-#1,2026-01-17
2026-01-19,80848027,D901,1,80848027|A673|D901|2026-01-17|net demand for forecast|032435,20260117-A673-D901-SMALL-#1,2026-01-17
2026-01-19,80848027,D901,2,80848027|A673|D901|2026-01-17|net demand for forecast|032436,20260117-A673-D901-SMALL-#1,2026-01-17
2026-01-19,80848027,D901,2,80848027|A673|D901|2026-01-17|net demand for forecast|032437,20260117-A673-D901-SMALL-#1,2026-01-17
2026-01-19,80848027,D901,2,80848027|A673|D901|2026-01-17|net demand for forecast|032438,20260117-A673-D901-SMALL-#1,2026-01-17
2026-01-19,21098519,D901,8,21098519|A673|D901|2026-01-17|net demand for safety|031179,20260117-A673-D901-SMALL-#1,2026-01-17
2026-01-19,21113405,D901,1,21113405|A673|D901|2026-01-17|net demand for safety|031219,20260117-A673-D901-SMALL-#1,2026-01-17
2026-01-19,21118867,D901,1,21118867|A673|D901|2026-01-17|net demand for safety|031238,20260117-A673-D901-SMALL-#1,2026-01-17
2026-01-19,21121756,D901,2,21121756|A673|D901|2026-01-17|net demand for safety|031261,20260117-A673-D901-SMALL-#1,2026-01-17
2026-01-19,21128377,D901,104,21128377|A673|D901|2026-01-17|net demand for safety|031265,20260117-A673-D901-SMALL-#1,2026-01-17
2026-01-19,21143102,D901,59,21143102|A673|D901|2026-01-17|net demand for safety|031356,20260117-A673-D901-SMALL-#1,2026-01-17
2026-01-19,21143103,D901,2,21143103|A673|D901|2026-01-17|net demand for safety|031357,20260117-A673-D901-SMALL-#1,2026-01-17
2026-01-19,21143110,D901,8,21143110|A673|D901|2026-01-17|net demand for safety|031358,20260117-A673-D901-SMALL-#1,2026-01-17
2026-01-19,21165816,D901,1,21165816|A673|D901|2026-01-17|net demand for safety|031427,20260117-A673-D901-SMALL-#1,2026-01-17
2026-01-19,21165868,D901,1,21165868|A673|D901|2026-01-17|net demand for safety|031428,20260117-A673-D901-SMALL-#1,2026-01-17
2026-01-19,21165946,D901,14,21165946|A673|D901|2026-01-17|net demand for safety|031429,20260117-A673-D901-SMALL-#1,2026-01-17
2026-01-19,21170683,D901,11,21170683|A673|D901|2026-01-17|net demand for safety|031438,20260117-A673-D901-SMALL-#1,2026-01-17
2026-01-19,21170691,D901,1,21170691|A673|D901|2026-01-17|net demand for safety|031440,20260117-A673-D901-SMALL-#1,2026-01-17
2026-01-19,21171453,D901,3,21171453|A673|D901|2026-01-17|net demand for safety|031441,20260117-A673-D901-SMALL-#1,2026-01-17
2026-01-19,21176384,D901,1,21176384|A673|D901|2026-01-17|net demand for safety|031442,20260117-A673-D901-SMALL-#1,2026-01-17
2026-01-19,80793613,D901,4,80793613|A673|D901|2026-01-17|net demand for safety|031529,20260117-A673-D901-SMALL-#1,2026-01-17
2026-01-19,80795932,D901,2,80795932|A673|D901|2026-01-17|net demand for safety|031535,20260117-A673-D901-SMALL-#1,2026-01-17
2026-01-19,80804128,D901,1,80804128|A673|D901|2026-01-17|net demand for safety|031556,20260117-A673-D901-SMALL-#1,2026-01-17
2026-01-19,80804132,D901,1,80804132|A673|D901|2026-01-17|net demand for safety|031591,20260117-A673-D901-SMALL-#1,2026-01-17
2026-01-19,80804138,D901,82,80804138|A673|D901|2026-01-17|net demand for safety|031650,20260117-A673-D901-SMALL-#1,2026-01-17
2026-01-19,80804705,D901,112,80804705|A673|D901|2026-01-17|net demand for safety|031750,20260117-A673-D901-SMALL-#1,2026-01-17
2026-01-19,80804706,D901,2,80804706|A673|D901|2026-01-17|net demand for safety|031768,20260117-A673-D901-SMALL-#1,2026-01-17
2026-01-19,80807102,D901,13,80807102|A673|D901|2026-01-17|net demand for safety|031862,20260117-A673-D901-SMALL-#1,2026-01-17
2026-01-19,80807112,D901,3,80807112|A673|D901|2026-01-17|net demand for safety|031915,20260117-A673-D901-SMALL-#1,2026-01-17
2026-01-19,80807116,D901,247,80807116|A673|D901|2026-01-17|net demand for safety|031961,20260117-A673-D901-SMALL-#1,2026-01-17
2026-01-19,80807120,D901,17,80807120|A673|D901|2026-01-17|net demand for safety|031998,20260117-A673-D901-SMALL-#1,2026-01-17
2026-01-19,80848021,D901,30,80848021|A673|D901|2026-01-17|net demand for safety|032387,20260117-A673-D901-SMALL-#1,2026-01-17
2026-01-19,80848027,D901,17,80848027|A673|D901|2026-01-17|net demand for safety|032439,20260117-A673-D901-SMALL-#1,2026-01-17
2026-01-19,80848029,D901,20,80848029|A673|D901|2026-01-17|net demand for safety|032440,20260117-A673-D901-SMALL-#1,2026-01-17
2026-01-19,21132758,D767,1,21132758|C810|D767|2026-01-16|net demand for normal|030038,20260117-C810-D767-SMALL-#1,2026-01-17
2026-01-19,80804128,D767,1,80804128|C810|D767|2026-01-16|net demand for normal|030272,20260117-C810-D767-SMALL-#1,2026-01-17
2026-01-19,80804138,D767,1,80804138|C810|D767|2026-01-16|net demand for normal|030335,20260117-C810-D767-SMALL-#1,2026-01-17
2026-01-19,80804701,D767,1,80804701|C810|D767|2026-01-16|net demand for normal|030381,20260117-C810-D767-SMALL-#1,2026-01-17
2026-01-19,80805856,D767,7,80805856|C810|D767|2026-01-16|net demand for normal|030470,20260117-C810-D767-SMALL-#1,2026-01-17
2026-01-19,80807095,D767,2,80807095|C810|D767|2026-01-16|net demand for normal|030550,20260117-C810-D767-SMALL-#1,2026-01-17
2026-01-19,80807116,D767,1,80807116|C810|D767|2026-01-16|net demand for normal|030787,20260117-C810-D767-SMALL-#1,2026-01-17
2026-01-19,80848026,D767,7,80848026|C810|D767|2026-01-16|net demand for normal|031047,20260117-C810-D767-SMALL-#1,2026-01-17
2026-01-19,80804701,D767,2,80804701|C810|D767|2026-01-17|net demand for normal|031675,20260117-C810-D767-SMALL-#1,2026-01-17
2026-01-19,80807095,D767,3,80807095|C810|D767|2026-01-17|net demand for normal|031832,20260117-C810-D767-SMALL-#1,2026-01-17
2026-01-19,80807096,D767,1,80807096|C810|D767|2026-01-17|net demand for normal|031852,20260117-C810-D767-SMALL-#1,2026-01-17
2026-01-19,80807097,D767,1,80807097|C810|D767|2026-01-17|net demand for normal|031854,20260117-C810-D767-SMALL-#1,2026-01-17
2026-01-19,80807110,D767,4,80807110|C810|D767|2026-01-17|net demand for normal|031910,20260117-C810-D767-SMALL-#1,2026-01-17
2026-01-19,21170683,D767,1,21170683|C810|D767|2026-01-16|net demand for forecast|030156,20260117-C810-D767-SMALL-#1,2026-01-17
2026-01-19,21170683,D767,1,21170683|C810|D767|2026-01-16|net demand for forecast|030157,20260117-C810-D767-SMALL-#1,2026-01-17
2026-01-19,80804134,D767,2,80804134|C810|D767|2026-01-16|net demand for forecast|030290,20260117-C810-D767-SMALL-#1,2026-01-17
2026-01-19,80804134,D767,2,80804134|C810|D767|2026-01-16|net demand for forecast|030291,20260117-C810-D767-SMALL-#1,2026-01-17
2026-01-19,80804134,D767,2,80804134|C810|D767|2026-01-16|net demand for forecast|030292,20260117-C810-D767-SMALL-#1,2026-01-17
2026-01-19,80804134,D767,2,80804134|C810|D767|2026-01-16|net demand for forecast|030293,20260117-C810-D767-SMALL-#1,2026-01-17
2026-01-19,80804137,D767,2,80804137|C810|D767|2026-01-16|net demand for forecast|030321,20260117-C810-D767-SMALL-#1,2026-01-17
2026-01-19,80804137,D767,2,80804137|C810|D767|2026-01-16|net demand for forecast|030322,20260117-C810-D767-SMALL-#1,2026-01-17
2026-01-19,80804137,D767,2,80804137|C810|D767|2026-01-16|net demand for forecast|030323,20260117-C810-D767-SMALL-#1,2026-01-17
2026-01-19,80804137,D767,3,80804137|C810|D767|2026-01-16|net demand for forecast|030324,20260117-C810-D767-SMALL-#1,2026-01-17
2026-01-19,80807089,D767,2,80807089|C810|D767|2026-01-16|net demand for forecast|030477,20260117-C810-D767-SMALL-#1,2026-01-17
2026-01-19,80807089,D767,2,80807089|C810|D767|2026-01-16|net demand for forecast|030478,20260117-C810-D767-SMALL-#1,2026-01-17
2026-01-19,80807089,D767,3,80807089|C810|D767|2026-01-16|net demand for forecast|030479,20260117-C810-D767-SMALL-#1,2026-01-17
2026-01-19,80807096,D767,2,80807096|C810|D767|2026-01-16|net demand for forecast|030566,20260117-C810-D767-SMALL-#1,2026-01-17
2026-01-19,80807096,D767,3,80807096|C810|D767|2026-01-16|net demand for forecast|030569,20260117-C810-D767-SMALL-#1,2026-01-17
2026-01-19,80807097,D767,1,80807097|C810|D767|2026-01-16|net demand for forecast|030573,20260117-C810-D767-SMALL-#1,2026-01-17
2026-01-19,80807097,D767,1,80807097|C810|D767|2026-01-16|net demand for forecast|030574,20260117-C810-D767-SMALL-#1,2026-01-17
2026-01-19,80807097,D767,1,80807097|C810|D767|2026-01-16|net demand for forecast|030575,20260117-C810-D767-SMALL-#1,2026-01-17
2026-01-19,80807097,D767,2,80807097|C810|D767|2026-01-16|net demand for forecast|030576,20260117-C810-D767-SMALL-#1,2026-01-17
2026-01-19,80807114,D767,1,80807114|C810|D767|2026-01-16|net demand for forecast|030641,20260117-C810-D767-SMALL-#1,2026-01-17
2026-01-19,80807114,D767,1,80807114|C810|D767|2026-01-16|net demand for forecast|030642,20260117-C810-D767-SMALL-#1,2026-01-17
2026-01-19,80807114,D767,1,80807114|C810|D767|2026-01-16|net demand for forecast|030643,20260117-C810-D767-SMALL-#1,2026-01-17
2026-01-19,80807114,D767,1,80807114|C810|D767|2026-01-16|net demand for forecast|030644,20260117-C810-D767-SMALL-#1,2026-01-17
2026-01-19,80807116,D767,1,80807116|C810|D767|2026-01-16|net demand for forecast|030784,20260117-C810-D767-SMALL-#1,2026-01-17
2026-01-19,80807116,D767,1,80807116|C810|D767|2026-01-16|net demand for forecast|030785,20260117-C810-D767-SMALL-#1,2026-01-17
2026-01-19,80807116,D767,1,80807116|C810|D767|2026-01-16|net demand for forecast|030786,20260117-C810-D767-SMALL-#1,2026-01-17
2026-01-19,80812845,D767,3,80812845|C810|D767|2026-01-16|net demand for forecast|030843,20260117-C810-D767-SMALL-#1,2026-01-17
2026-01-19,80812845,D767,3,80812845|C810|D767|2026-01-16|net demand for forecast|030844,20260117-C810-D767-SMALL-#1,2026-01-17
2026-01-19,80812845,D767,3,80812845|C810|D767|2026-01-16|net demand for forecast|030845,20260117-C810-D767-SMALL-#1,2026-01-17
2026-01-19,21132988,D767,1,21132988|C810|D767|2026-01-17|net demand for forecast|031290,20260117-C810-D767-SMALL-#1,2026-01-17
2026-01-19,21132988,D767,1,21132988|C810|D767|2026-01-17|net demand for forecast|031291,20260117-C810-D767-SMALL-#1,2026-01-17
2026-01-19,21132988,D767,1,21132988|C810|D767|2026-01-17|net demand for forecast|031292,20260117-C810-D767-SMALL-#1,2026-01-17
2026-01-19,21132988,D767,1,21132988|C810|D767|2026-01-17|net demand for forecast|031293,20260117-C810-D767-SMALL-#1,2026-01-17
2026-01-19,21148509,D767,2,21148509|C810|D767|2026-01-17|net demand for forecast|031363,20260117-C810-D767-SMALL-#1,2026-01-17
2026-01-19,21148509,D767,2,21148509|C810|D767|2026-01-17|net demand for forecast|031364,20260117-C810-D767-SMALL-#1,2026-01-17
2026-01-19,21148509,D767,2,21148509|C810|D767|2026-01-17|net demand for forecast|031365,20260117-C810-D767-SMALL-#1,2026-01-17
2026-01-19,21148509,D767,2,21148509|C810|D767|2026-01-17|net demand for forecast|031366,20260117-C810-D767-SMALL-#1,2026-01-17
2026-01-19,80804130,D767,1,80804130|C810|D767|2026-01-17|net demand for forecast|031565,20260117-C810-D767-SMALL-#1,2026-01-17
2026-01-19,80804130,D767,1,80804130|C810|D767|2026-01-17|net demand for forecast|031566,20260117-C810-D767-SMALL-#1,2026-01-17
2026-01-19,80804130,D767,2,80804130|C810|D767|2026-01-17|net demand for forecast|031567,20260117-C810-D767-SMALL-#1,2026-01-17
2026-01-19,80804130,D767,2,80804130|C810|D767|2026-01-17|net demand for forecast|031568,20260117-C810-D767-SMALL-#1,2026-01-17
2026-01-19,80804133,D767,3,80804133|C810|D767|2026-01-17|net demand for forecast|031593,20260117-C810-D767-SMALL-#1,2026-01-17
2026-01-19,80804133,D767,3,80804133|C810|D767|2026-01-17|net demand for forecast|031594,20260117-C810-D767-SMALL-#1,2026-01-17
2026-01-19,80804133,D767,3,80804133|C810|D767|2026-01-17|net demand for forecast|031595,20260117-C810-D767-SMALL-#1,2026-01-17
2026-01-19,80804133,D767,3,80804133|C810|D767|2026-01-17|net demand for forecast|031596,20260117-C810-D767-SMALL-#1,2026-01-17
2026-01-19,80804134,D767,2,80804134|C810|D767|2026-01-17|net demand for forecast|031604,20260117-C810-D767-SMALL-#1,2026-01-17
2026-01-19,80804134,D767,2,80804134|C810|D767|2026-01-17|net demand for forecast|031605,20260117-C810-D767-SMALL-#1,2026-01-17
2026-01-19,80804134,D767,2,80804134|C810|D767|2026-01-17|net demand for forecast|031606,20260117-C810-D767-SMALL-#1,2026-01-17
2026-01-19,80804134,D767,2,80804134|C810|D767|2026-01-17|net demand for forecast|031607,20260117-C810-D767-SMALL-#1,2026-01-17
2026-01-19,80804137,D767,1,80804137|C810|D767|2026-01-17|net demand for forecast|031634,20260117-C810-D767-SMALL-#1,2026-01-17
2026-01-19,80804137,D767,1,80804137|C810|D767|2026-01-17|net demand for forecast|031635,20260117-C810-D767-SMALL-#1,2026-01-17
2026-01-19,80804137,D767,2,80804137|C810|D767|2026-01-17|net demand for forecast|031636,20260117-C810-D767-SMALL-#1,2026-01-17
2026-01-19,80807089,D767,1,80807089|C810|D767|2026-01-17|net demand for forecast|031774,20260117-C810-D767-SMALL-#1,2026-01-17
2026-01-19,80807089,D767,1,80807089|C810|D767|2026-01-17|net demand for forecast|031775,20260117-C810-D767-SMALL-#1,2026-01-17
2026-01-19,80807089,D767,1,80807089|C810|D767|2026-01-17|net demand for forecast|031776,20260117-C810-D767-SMALL-#1,2026-01-17
2026-01-19,80807095,D767,1,80807095|C810|D767|2026-01-17|net demand for forecast|031828,20260117-C810-D767-SMALL-#1,2026-01-17
2026-01-19,80807095,D767,1,80807095|C810|D767|2026-01-17|net demand for forecast|031829,20260117-C810-D767-SMALL-#1,2026-01-17
2026-01-19,80807095,D767,1,80807095|C810|D767|2026-01-17|net demand for forecast|031830,20260117-C810-D767-SMALL-#1,2026-01-17
2026-01-19,80807095,D767,1,80807095|C810|D767|2026-01-17|net demand for forecast|031831,20260117-C810-D767-SMALL-#1,2026-01-17
2026-01-19,80807096,D767,1,80807096|C810|D767|2026-01-17|net demand for forecast|031848,20260117-C810-D767-SMALL-#1,2026-01-17
2026-01-19,80807096,D767,1,80807096|C810|D767|2026-01-17|net demand for forecast|031849,20260117-C810-D767-SMALL-#1,2026-01-17
2026-01-19,80807096,D767,1,80807096|C810|D767|2026-01-17|net demand for forecast|031851,20260117-C810-D767-SMALL-#1,2026-01-17
2026-01-19,80807105,D767,3,80807105|C810|D767|2026-01-17|net demand for forecast|031881,20260117-C810-D767-SMALL-#1,2026-01-17
2026-01-19,80807105,D767,4,80807105|C810|D767|2026-01-17|net demand for forecast|031882,20260117-C810-D767-SMALL-#1,2026-01-17
2026-01-19,80807105,D767,4,80807105|C810|D767|2026-01-17|net demand for forecast|031883,20260117-C810-D767-SMALL-#1,2026-01-17
2026-01-19,80807105,D767,4,80807105|C810|D767|2026-01-17|net demand for forecast|031884,20260117-C810-D767-SMALL-#1,2026-01-17
2026-01-19,80807119,D767,1,80807119|C810|D767|2026-01-17|net demand for forecast|031975,20260117-C810-D767-SMALL-#1,2026-01-17
2026-01-19,80807119,D767,1,80807119|C810|D767|2026-01-17|net demand for forecast|031976,20260117-C810-D767-SMALL-#1,2026-01-17
2026-01-19,80807119,D767,1,80807119|C810|D767|2026-01-17|net demand for forecast|031977,20260117-C810-D767-SMALL-#1,2026-01-17
2026-01-19,80807119,D767,1,80807119|C810|D767|2026-01-17|net demand for forecast|031978,20260117-C810-D767-SMALL-#1,2026-01-17
2026-01-19,80812839,D767,1,80812839|C810|D767|2026-01-17|net demand for forecast|032012,20260117-C810-D767-SMALL-#1,2026-01-17
2026-01-19,80812839,D767,1,80812839|C810|D767|2026-01-17|net demand for forecast|032013,20260117-C810-D767-SMALL-#1,2026-01-17
2026-01-19,80812839,D767,1,80812839|C810|D767|2026-01-17|net demand for forecast|032014,20260117-C810-D767-SMALL-#1,2026-01-17
2026-01-19,21128067,D767,2,21128067|C810|D767|2026-01-16|net demand for safety|029965,20260117-C810-D767-SMALL-#1,2026-01-17
2026-01-19,21132988,D767,53,21132988|C810|D767|2026-01-16|net demand for safety|030051,20260117-C810-D767-SMALL-#1,2026-01-17
2026-01-19,21170683,D767,1,21170683|C810|D767|2026-01-16|net demand for safety|030158,20260117-C810-D767-SMALL-#1,2026-01-17
2026-01-19,80804134,D767,42,80804134|C810|D767|2026-01-16|net demand for safety|030294,20260117-C810-D767-SMALL-#1,2026-01-17
2026-01-19,80804137,D767,4,80804137|C810|D767|2026-01-16|net demand for safety|030326,20260117-C810-D767-SMALL-#1,2026-01-17
2026-01-19,80804698,D767,1,80804698|C810|D767|2026-01-16|net demand for safety|030341,20260117-C810-D767-SMALL-#1,2026-01-17
2026-01-19,80804699,D767,3,80804699|C810|D767|2026-01-16|net demand for safety|030342,20260117-C810-D767-SMALL-#1,2026-01-17
2026-01-19,80804704,D767,46,80804704|C810|D767|2026-01-16|net demand for safety|030394,20260117-C810-D767-SMALL-#1,2026-01-17
2026-01-19,80804705,D767,5,80804705|C810|D767|2026-01-16|net demand for safety|030445,20260117-C810-D767-SMALL-#1,2026-01-17
2026-01-19,80807089,D767,17,80807089|C810|D767|2026-01-16|net demand for safety|030480,20260117-C810-D767-SMALL-#1,2026-01-17
2026-01-19,80807096,D767,23,80807096|C810|D767|2026-01-16|net demand for safety|030570,20260117-C810-D767-SMALL-#1,2026-01-17
2026-01-19,80807097,D767,6,80807097|C810|D767|2026-01-16|net demand for safety|030577,20260117-C810-D767-SMALL-#1,2026-01-17
2026-01-19,80807112,D767,3,80807112|C810|D767|2026-01-16|net demand for safety|030635,20260117-C810-D767-SMALL-#1,2026-01-17
2026-01-19,80807114,D767,3,80807114|C810|D767|2026-01-16|net demand for safety|030645,20260117-C810-D767-SMALL-#1,2026-01-17
2026-01-19,80807116,D767,4,80807116|C810|D767|2026-01-16|net demand for safety|030788,20260117-C810-D767-SMALL-#1,2026-01-17
2026-01-19,80807119,D767,3,80807119|C810|D767|2026-01-16|net demand for safety|030807,20260117-C810-D767-SMALL-#1,2026-01-17
2026-01-19,80812839,D767,6,80812839|C810|D767|2026-01-16|net demand for safety|030835,20260117-C810-D767-SMALL-#1,2026-01-17
2026-01-19,80812840,D767,5,80812840|C810|D767|2026-01-16|net demand for safety|030839,20260117-C810-D767-SMALL-#1,2026-01-17
2026-01-19,80812846,D767,5,80812846|C810|D767|2026-01-16|net demand for safety|030883,20260117-C810-D767-SMALL-#1,2026-01-17
2026-01-19,21103371,D767,2,21103371|C810|D767|2026-01-17|net demand for safety|031182,20260117-C810-D767-SMALL-#1,2026-01-17
2026-01-19,21165946,D767,1,21165946|C810|D767|2026-01-17|net demand for safety|031431,20260117-C810-D767-SMALL-#1,2026-01-17
2026-01-19,80804133,D767,6,80804133|C810|D767|2026-01-17|net demand for safety|031597,20260117-C810-D767-SMALL-#1,2026-01-17
2026-01-19,80804137,D767,8,80804137|C810|D767|2026-01-17|net demand for safety|031637,20260117-C810-D767-SMALL-#1,2026-01-17
2026-01-19,80804704,D767,20,80804704|C810|D767|2026-01-17|net demand for safety|031706,20260117-C810-D767-SMALL-#1,2026-01-17
2026-01-19,80804705,D767,9,80804705|C810|D767|2026-01-17|net demand for safety|031757,20260117-C810-D767-SMALL-#1,2026-01-17
2026-01-19,80807096,D767,1,80807096|C810|D767|2026-01-17|net demand for safety|031853,20260117-C810-D767-SMALL-#1,2026-01-17
2026-01-19,80807105,D767,57,80807105|C810|D767|2026-01-17|net demand for safety|031885,20260117-C810-D767-SMALL-#1,2026-01-17
2026-01-19,80807116,D767,3,80807116|C810|D767|2026-01-17|net demand for safety|031962,20260117-C810-D767-SMALL-#1,2026-01-17
2026-01-19,80807119,D767,3,80807119|C810|D767|2026-01-17|net demand for safety|031979,20260117-C810-D767-SMALL-#1,2026-01-17
2026-01-19,80812839,D767,2,80812839|C810|D767|2026-01-17|net demand for safety|032015,20260117-C810-D767-SMALL-#1,2026-01-17
2026-01-19,80807115,C810,3,80807115|0386|C810|2026-01-17|net demand for net demand for normal|031930,20260117-0386-C810-LARGE-#1,2026-01-17
2026-01-19,80804132,C810,1,80804132|0386|C810|2026-01-17|net demand for forecast|031577,20260117-0386-C810-LARGE-#1,2026-01-17
2026-01-19,80804132,C810,1,80804132|0386|C810|2026-01-17|net demand for forecast|031578,20260117-0386-C810-LARGE-#1,2026-01-17
2026-01-19,80804132,C810,2,80804132|0386|C810|2026-01-17|net demand for forecast|031579,20260117-0386-C810-LARGE-#1,2026-01-17
2026-01-19,80804132,C810,2,80804132|0386|C810|2026-01-17|net demand for forecast|031580,20260117-0386-C810-LARGE-#1,2026-01-17
2026-01-19,80804132,C810,2,80804132|0386|C810|2026-01-17|net demand for forecast|031581,20260117-0386-C810-LARGE-#1,2026-01-17
2026-01-19,80804132,C810,2,80804132|0386|C810|2026-01-17|net demand for forecast|031583,20260117-0386-C810-LARGE-#1,2026-01-17
2026-01-19,80807110,C810,1,80807110|0386|C810|2026-01-17|net demand for net demand for forecast|031897,20260117-0386-C810-LARGE-#1,2026-01-17
2026-01-19,80807110,C810,1,80807110|0386|C810|2026-01-17|net demand for net demand for forecast|031898,20260117-0386-C810-LARGE-#1,2026-01-17
2026-01-19,80807110,C810,1,80807110|0386|C810|2026-01-17|net demand for net demand for forecast|031899,20260117-0386-C810-LARGE-#1,2026-01-17
2026-01-19,80807110,C810,1,80807110|0386|C810|2026-01-17|net demand for net demand for forecast|031900,20260117-0386-C810-LARGE-#1,2026-01-17
2026-01-19,80848031,C810,1,80848031|0386|C810|2026-01-17|net demand for net demand for forecast|032498,20260117-0386-C810-LARGE-#1,2026-01-17
2026-01-19,80848031,C810,1,80848031|0386|C810|2026-01-17|net demand for net demand for forecast|032499,20260117-0386-C810-LARGE-#1,2026-01-17
2026-01-19,80848031,C810,1,80848031|0386|C810|2026-01-17|net demand for net demand for forecast|032500,20260117-0386-C810-LARGE-#1,2026-01-17
2026-01-19,80848031,C810,1,80848031|0386|C810|2026-01-17|net demand for net demand for forecast|032501,20260117-0386-C810-LARGE-#1,2026-01-17
2026-01-19,80848031,C810,1,80848031|0386|C810|2026-01-17|net demand for net demand for forecast|032502,20260117-0386-C810-LARGE-#1,2026-01-17
2026-01-19,80848031,C810,1,80848031|0386|C810|2026-01-17|net demand for net demand for forecast|032503,20260117-0386-C810-LARGE-#1,2026-01-17
2026-01-19,21103372,C810,12,21103372|0386|C810|2026-01-17|net demand for safety|031207,20260117-0386-C810-LARGE-#1,2026-01-17
2026-01-19,21137866,C810,30,21137866|0386|C810|2026-01-17|net demand for safety|031304,20260117-0386-C810-LARGE-#1,2026-01-17
2026-01-19,21151196,C810,3,21151196|0386|C810|2026-01-17|net demand for safety|031414,20260117-0386-C810-LARGE-#1,2026-01-17
2026-01-19,80804132,C810,38,80804132|0386|C810|2026-01-17|net demand for safety|031586,20260117-0386-C810-LARGE-#1,2026-01-17
2026-01-19,80848025,C810,1,80848025|0386|C810|2026-01-17|net demand for safety|032400,20260117-0386-C810-LARGE-#1,2026-01-17
2026-01-19,21103372,C810,8,21103372|0386|C810|2026-01-17|net demand for net demand for safety|031205,20260117-0386-C810-LARGE-#1,2026-01-17
2026-01-19,21103372,C810,13,21103372|0386|C810|2026-01-17|net demand for net demand for safety|031206,20260117-0386-C810-LARGE-#1,2026-01-17
2026-01-19,21137866,C810,8,21137866|0386|C810|2026-01-17|net demand for net demand for safety|031302,20260117-0386-C810-LARGE-#1,2026-01-17
2026-01-19,21137866,C810,29,21137866|0386|C810|2026-01-17|net demand for net demand for safety|031303,20260117-0386-C810-LARGE-#1,2026-01-17
2026-01-19,21151196,C810,5,21151196|0386|C810|2026-01-17|net demand for net demand for safety|031411,20260117-0386-C810-LARGE-#1,2026-01-17
2026-01-19,21151196,C810,16,21151196|0386|C810|2026-01-17|net demand for net demand for safety|031412,20260117-0386-C810-LARGE-#1,2026-01-17
2026-01-19,21275914,C810,15,21275914|0386|C810|2026-01-17|net demand for net demand for safety|031454,20260117-0386-C810-LARGE-#1,2026-01-17
2026-01-19,80804130,C810,1,80804130|0386|C810|2026-01-17|net demand for net demand for safety|031558,20260117-0386-C810-LARGE-#1,2026-01-17
2026-01-19,80804132,C810,23,80804132|0386|C810|2026-01-17|net demand for net demand for safety|031584,20260117-0386-C810-LARGE-#1,2026-01-17
2026-01-19,80804132,C810,44,80804132|0386|C810|2026-01-17|net demand for net demand for safety|031585,20260117-0386-C810-LARGE-#1,2026-01-17
2026-01-19,80848031,C810,9,80848031|0386|C810|2026-01-17|net demand for net demand for safety|032504,20260117-0386-C810-LARGE-#1,2026-01-17
2026-01-19,21103372,C810,69,21103372|0386|C810|2026-01-17|push replenishment|031208,20260117-0386-C810-LARGE-#1,2026-01-17
2026-01-19,21137866,C810,21,21137866|0386|C810|2026-01-17|push replenishment|031305,20260117-0386-C810-LARGE-#1,2026-01-17
2026-01-19,21151196,C810,7,21151196|0386|C810|2026-01-17|push replenishment|031415,20260117-0386-C810-LARGE-#1,2026-01-17
2026-01-19,80848031,C816,1,80848031|0386|C816|2026-01-17|net demand for net demand for AO|032515,20260117-0386-C816-LARGE-#1,2026-01-17
2026-01-19,80848031,C816,3,80848031|0386|C816|2026-01-17|net demand for net demand for AO|032522,20260117-0386-C816-LARGE-#1,2026-01-17
2026-01-19,80848031,C816,4,80848031|0386|C816|2026-01-17|net demand for forecast|032509,20260117-0386-C816-LARGE-#1,2026-01-17
2026-01-19,21304907,C816,1,21304907|0386|C816|2026-01-17|net demand for net demand for forecast|031465,20260117-0386-C816-LARGE-#1,2026-01-17
2026-01-19,80840976,C816,1,80840976|0386|C816|2026-01-17|net demand for net demand for forecast|032356,20260117-0386-C816-LARGE-#1,2026-01-17
2026-01-19,80840976,C816,1,80840976|0386|C816|2026-01-17|net demand for net demand for forecast|032360,20260117-0386-C816-LARGE-#1,2026-01-17
2026-01-19,80840976,C816,1,80840976|0386|C816|2026-01-17|net demand for net demand for forecast|032361,20260117-0386-C816-LARGE-#1,2026-01-17
2026-01-19,80848031,C816,1,80848031|0386|C816|2026-01-17|net demand for net demand for forecast|032530,20260117-0386-C816-LARGE-#1,2026-01-17
2026-01-19,80848031,C816,1,80848031|0386|C816|2026-01-17|net demand for net demand for forecast|032537,20260117-0386-C816-LARGE-#1,2026-01-17
2026-01-19,80848031,C816,2,80848031|0386|C816|2026-01-17|net demand for net demand for forecast|032539,20260117-0386-C816-LARGE-#1,2026-01-17
2026-01-19,80848031,C816,4,80848031|0386|C816|2026-01-17|net demand for net demand for forecast|032542,20260117-0386-C816-LARGE-#1,2026-01-17
2026-01-19,21137866,C816,6,21137866|0386|C816|2026-01-17|net demand for net demand for safety|031307,20260117-0386-C816-LARGE-#1,2026-01-17
2026-01-19,21304907,C816,6,21304907|0386|C816|2026-01-17|net demand for net demand for safety|031468,20260117-0386-C816-LARGE-#1,2026-01-17
2026-01-19,21103372,C816,206,21103372|0386|C816|2026-01-17|push replenishment|031211,20260117-0386-C816-LARGE-#1,2026-01-17
2026-01-19,21137866,C816,210,21137866|0386|C816|2026-01-17|push replenishment|031310,20260117-0386-C816-LARGE-#1,2026-01-17
2026-01-19,80812110,C816,1,80812110|0386|C816|2026-01-18|net demand for net demand for normal|033456,20260118-0386-C816-LARGE-#1,2026-01-18
2026-01-19,80812110,C816,1,80812110|0386|C816|2026-01-18|net demand for AO|033433,20260118-0386-C816-LARGE-#1,2026-01-18
2026-01-19,80812110,C816,1,80812110|0386|C816|2026-01-18|net demand for AO|033434,20260118-0386-C816-LARGE-#1,2026-01-18
2026-01-19,80812110,C816,1,80812110|0386|C816|2026-01-18|net demand for AO|033435,20260118-0386-C816-LARGE-#1,2026-01-18
2026-01-19,80812110,C816,1,80812110|0386|C816|2026-01-18|net demand for AO|033436,20260118-0386-C816-LARGE-#1,2026-01-18
2026-01-19,80812110,C816,1,80812110|0386|C816|2026-01-18|net demand for AO|033437,20260118-0386-C816-LARGE-#1,2026-01-18
2026-01-19,80812110,C816,1,80812110|0386|C816|2026-01-18|net demand for AO|033438,20260118-0386-C816-LARGE-#1,2026-01-18
2026-01-19,80812110,C816,2,80812110|0386|C816|2026-01-18|net demand for AO|033440,20260118-0386-C816-LARGE-#1,2026-01-18
2026-01-19,80812110,C816,2,80812110|0386|C816|2026-01-18|net demand for AO|033441,20260118-0386-C816-LARGE-#1,2026-01-18
2026-01-19,80812110,C816,3,80812110|0386|C816|2026-01-18|net demand for AO|033443,20260118-0386-C816-LARGE-#1,2026-01-18
2026-01-19,80812110,C816,4,80812110|0386|C816|2026-01-18|net demand for forecast|033444,20260118-0386-C816-LARGE-#1,2026-01-18
2026-01-19,80812110,C816,4,80812110|0386|C816|2026-01-18|net demand for forecast|033445,20260118-0386-C816-LARGE-#1,2026-01-18
2026-01-19,80812110,C816,4,80812110|0386|C816|2026-01-18|net demand for forecast|033446,20260118-0386-C816-LARGE-#1,2026-01-18
2026-01-19,80812110,C816,4,80812110|0386|C816|2026-01-18|net demand for forecast|033447,20260118-0386-C816-LARGE-#1,2026-01-18
2026-01-19,80812110,C816,4,80812110|0386|C816|2026-01-18|net demand for forecast|033448,20260118-0386-C816-LARGE-#1,2026-01-18
2026-01-19,80812110,C816,5,80812110|0386|C816|2026-01-18|net demand for forecast|033449,20260118-0386-C816-LARGE-#1,2026-01-18
2026-01-19,80812110,C816,5,80812110|0386|C816|2026-01-18|net demand for forecast|033450,20260118-0386-C816-LARGE-#1,2026-01-18
2026-01-19,80848026,C816,1,80848026|0386|C816|2026-01-18|net demand for forecast|033729,20260118-0386-C816-LARGE-#1,2026-01-18
2026-01-19,80848026,C816,2,80848026|0386|C816|2026-01-18|net demand for forecast|033730,20260118-0386-C816-LARGE-#1,2026-01-18
2026-01-19,80848026,C816,2,80848026|0386|C816|2026-01-18|net demand for forecast|033731,20260118-0386-C816-LARGE-#1,2026-01-18
2026-01-19,80848026,C816,2,80848026|0386|C816|2026-01-18|net demand for forecast|033732,20260118-0386-C816-LARGE-#1,2026-01-18
2026-01-19,80848026,C816,2,80848026|0386|C816|2026-01-18|net demand for forecast|033733,20260118-0386-C816-LARGE-#1,2026-01-18
2026-01-19,80848026,C816,2,80848026|0386|C816|2026-01-18|net demand for forecast|033734,20260118-0386-C816-LARGE-#1,2026-01-18
2026-01-19,80848026,C816,2,80848026|0386|C816|2026-01-18|net demand for forecast|033735,20260118-0386-C816-LARGE-#1,2026-01-18
2026-01-19,80812110,C816,1,80812110|0386|C816|2026-01-18|net demand for net demand for forecast|033451,20260118-0386-C816-LARGE-#1,2026-01-18
2026-01-19,80812110,C816,1,80812110|0386|C816|2026-01-18|net demand for net demand for forecast|033452,20260118-0386-C816-LARGE-#1,2026-01-18
2026-01-19,80812110,C816,1,80812110|0386|C816|2026-01-18|net demand for net demand for forecast|033453,20260118-0386-C816-LARGE-#1,2026-01-18
2026-01-19,80812110,C816,1,80812110|0386|C816|2026-01-18|net demand for net demand for forecast|033454,20260118-0386-C816-LARGE-#1,2026-01-18
2026-01-19,80812110,C816,1,80812110|0386|C816|2026-01-18|net demand for net demand for forecast|033455,20260118-0386-C816-LARGE-#1,2026-01-18
2026-01-19,80848026,C816,1,80848026|0386|C816|2026-01-18|net demand for net demand for forecast|033736,20260118-0386-C816-LARGE-#1,2026-01-18
2026-01-19,80848026,C816,1,80848026|0386|C816|2026-01-18|net demand for net demand for forecast|033737,20260118-0386-C816-LARGE-#1,2026-01-18
2026-01-19,80848026,C816,1,80848026|0386|C816|2026-01-18|net demand for net demand for forecast|033738,20260118-0386-C816-LARGE-#1,2026-01-18
2026-01-19,80848026,C816,1,80848026|0386|C816|2026-01-18|net demand for net demand for forecast|033739,20260118-0386-C816-LARGE-#1,2026-01-18
2026-01-19,80848026,C816,1,80848026|0386|C816|2026-01-18|net demand for net demand for forecast|033740,20260118-0386-C816-LARGE-#1,2026-01-18
2026-01-19,80848026,C816,1,80848026|0386|C816|2026-01-18|net demand for net demand for forecast|033741,20260118-0386-C816-LARGE-#1,2026-01-18
2026-01-19,80848026,C816,1,80848026|0386|C816|2026-01-18|net demand for net demand for forecast|033742,20260118-0386-C816-LARGE-#1,2026-01-18
2026-01-19,80848026,C816,1,80848026|0386|C816|2026-01-18|net demand for net demand for forecast|033743,20260118-0386-C816-LARGE-#1,2026-01-18
2026-01-19,80848026,C816,1,80848026|0386|C816|2026-01-18|net demand for net demand for forecast|033744,20260118-0386-C816-LARGE-#1,2026-01-18
2026-01-19,80848026,C816,1,80848026|0386|C816|2026-01-18|net demand for net demand for forecast|033745,20260118-0386-C816-LARGE-#1,2026-01-18
2026-01-19,80848026,C816,1,80848026|0386|C816|2026-01-18|net demand for net demand for forecast|033746,20260118-0386-C816-LARGE-#1,2026-01-18
2026-01-19,80848026,C816,1,80848026|0386|C816|2026-01-18|net demand for net demand for forecast|033747,20260118-0386-C816-LARGE-#1,2026-01-18
2026-01-19,80848026,C816,1,80848026|0386|C816|2026-01-18|net demand for net demand for forecast|033748,20260118-0386-C816-LARGE-#1,2026-01-18
2026-01-19,80848026,C816,2,80848026|0386|C816|2026-01-18|net demand for net demand for forecast|033750,20260118-0386-C816-LARGE-#1,2026-01-18
2026-01-19,21103371,C816,1,21103371|0386|C816|2026-01-18|net demand for safety|032623,20260118-0386-C816-LARGE-#1,2026-01-18
2026-01-19,21179704,C816,2,21179704|0386|C816|2026-01-18|net demand for safety|032797,20260118-0386-C816-LARGE-#1,2026-01-18
2026-01-19,21442896,C816,1,21442896|0386|C816|2026-01-18|net demand for safety|032868,20260118-0386-C816-LARGE-#1,2026-01-18
2026-01-19,80804128,C816,1,80804128|0386|C816|2026-01-18|net demand for safety|032896,20260118-0386-C816-LARGE-#1,2026-01-18
2026-01-19,80807120,C816,48,80807120|0386|C816|2026-01-18|net demand for safety|033295,20260118-0386-C816-LARGE-#1,2026-01-18
2026-01-19,80812110,C816,44,80812110|0386|C816|2026-01-18|net demand for safety|033458,20260118-0386-C816-LARGE-#1,2026-01-18
2026-01-19,80848022,C816,78,80848022|0386|C816|2026-01-18|net demand for safety|033629,20260118-0386-C816-LARGE-#1,2026-01-18
2026-01-19,80848026,C816,589,80848026|0386|C816|2026-01-18|net demand for safety|033751,20260118-0386-C816-LARGE-#1,2026-01-18
2026-01-19,21425098,C816,36,21425098|0386|C816|2026-01-18|net demand for net demand for safety|032865,20260118-0386-C816-LARGE-#1,2026-01-18
2026-01-19,80807120,C816,7,80807120|0386|C816|2026-01-18|net demand for net demand for safety|033293,20260118-0386-C816-LARGE-#1,2026-01-18
2026-01-19,80812110,C816,6,80812110|0386|C816|2026-01-18|net demand for net demand for safety|033457,20260118-0386-C816-LARGE-#1,2026-01-18
2026-01-19,21128067,C816,579,21128067|0386|C816|2026-01-18|push replenishment|032658,20260118-0386-C816-LARGE-#1,2026-01-18
2026-01-19,21165946,C816,175,21165946|0386|C816|2026-01-18|push replenishment|032777,20260118-0386-C816-LARGE-#1,2026-01-18
2026-01-19,21170686,C816,3,21170686|0386|C816|2026-01-18|push replenishment|032789,20260118-0386-C816-LARGE-#1,2026-01-18
2026-01-19,80807113,C816,1932,80807113|0386|C816|2026-01-18|push replenishment|033196,20260118-0386-C816-LARGE-#1,2026-01-18
2026-01-19,80807120,C816,383,80807120|0386|C816|2026-01-18|push replenishment|033296,20260118-0386-C816-LARGE-#1,2026-01-18
