date,material,receiving,quantity,ori_deployment_uid,vehicle_uid,actual_ship_date
2026-01-17,21113405,A716,1,21113405|0386|A716|2026-01-02|net demand for normal|011062,20260102-0386-A716-Train-#1,2026-01-02
2026-01-17,80804135,A716,1,80804135|0386|A716|2026-01-01|net demand for AO|010759,20260102-0386-A716-Train-#1,2026-01-02
2026-01-17,21165816,A716,1,21165816|0386|A716|2026-01-01|net demand for forecast|010401,20260102-0386-A716-Train-#1,2026-01-02
2026-01-17,21165816,A716,1,21165816|0386|A716|2026-01-01|net demand for forecast|010402,20260102-0386-A716-Train-#1,2026-01-02
2026-01-17,21315352,A716,1,21315352|0386|A716|2026-01-01|net demand for forecast|010502,20260102-0386-A716-Train-#1,2026-01-02
2026-01-17,21315352,A716,1,21315352|0386|A716|2026-01-01|net demand for forecast|010507,20260102-0386-A716-Train-#1,2026-01-02
2026-01-17,80804135,A716,1,80804135|0386|A716|2026-01-01|net demand for forecast|010765,20260102-0386-A716-Train-#1,2026-01-02
2026-01-17,80804135,A716,1,80804135|0386|A716|2026-01-01|net demand for forecast|010772,20260102-0386-A716-Train-#1,2026-01-02
2026-01-17,80804135,A716,1,80804135|0386|A716|2026-01-01|net demand for forecast|010774,20260102-0386-A716-Train-#1,2026-01-02
2026-01-17,80804135,A716,2,80804135|0386|A716|2026-01-01|net demand for forecast|010778,20260102-0386-A716-Train-#1,2026-01-02
2026-01-17,21132758,A716,1,21132758|0386|A716|2026-01-02|net demand for forecast|011202,20260102-0386-A716-Train-#1,2026-01-02
2026-01-17,80885920,A716,3,80885920|0386|A716|2026-01-02|net demand for forecast|011723,20260102-0386-A716-Train-#1,2026-01-02
2026-01-17,21315352,A716,19,21315352|0386|A716|2026-01-01|push replenishment|010522,20260102-0386-A716-Train-#1,2026-01-02
2026-01-17,80863643,A716,11,80863643|0386|A716|2026-01-01|push replenishment|010966,20260102-0386-A716-Train-#1,2026-01-02
2026-01-17,21151196,A716,1,21151196|0386|A716|2026-01-03|net demand for forecast|011953,20260103-0386-A716-Train-#1,2026-01-03
2026-01-17,21151196,A716,1,21151196|0386|A716|2026-01-03|net demand for forecast|011954,20260103-0386-A716-Train-#1,2026-01-03
2026-01-17,21151196,A716,1,21151196|0386|A716|2026-01-03|net demand for forecast|011955,20260103-0386-A716-Train-#1,2026-01-03
2026-01-17,21151196,A716,1,21151196|0386|A716|2026-01-03|net demand for forecast|011957,20260103-0386-A716-Train-#1,2026-01-03
2026-01-17,21151196,A716,1,21151196|0386|A716|2026-01-03|net demand for forecast|011958,20260103-0386-A716-Train-#1,2026-01-03
2026-01-17,21151196,A716,1,21151196|0386|A716|2026-01-03|net demand for forecast|011959,20260103-0386-A716-Train-#1,2026-01-03
2026-01-17,21151196,A716,1,21151196|0386|A716|2026-01-03|net demand for forecast|011960,20260103-0386-A716-Train-#1,2026-01-03
2026-01-17,21151196,A716,1,21151196|0386|A716|2026-01-03|net demand for forecast|011961,20260103-0386-A716-Train-#1,2026-01-03
2026-01-17,21151196,A716,1,21151196|0386|A716|2026-01-03|net demand for forecast|011962,20260103-0386-A716-Train-#1,2026-01-03
2026-01-17,21151196,A716,2,21151196|0386|A716|2026-01-03|net demand for forecast|011963,20260103-0386-A716-Train-#1,2026-01-03
2026-01-17,21151196,A716,2,21151196|0386|A716|2026-01-03|net demand for forecast|011964,20260103-0386-A716-Train-#1,2026-01-03
2026-01-17,21151196,A716,2,21151196|0386|A716|2026-01-03|net demand for forecast|011965,20260103-0386-A716-Train-#1,2026-01-03
2026-01-17,21151196,A716,2,21151196|0386|A716|2026-01-03|net demand for forecast|011966,20260103-0386-A716-Train-#1,2026-01-03
2026-01-17,21151196,A716,2,21151196|0386|A716|2026-01-03|net demand for forecast|011967,20260103-0386-A716-Train-#1,2026-01-03
2026-01-17,21151196,A716,2,21151196|0386|A716|2026-01-03|net demand for forecast|011968,20260103-0386-A716-Train-#1,2026-01-03
2026-01-17,21151196,A716,2,21151196|0386|A716|2026-01-03|net demand for forecast|011969,20260103-0386-A716-Train-#1,2026-01-03
2026-01-17,21151196,A716,2,21151196|0386|A716|2026-01-03|net demand for forecast|011970,20260103-0386-A716-Train-#1,2026-01-03
2026-01-17,21151196,A716,2,21151196|0386|A716|2026-01-03|net demand for forecast|011971,20260103-0386-A716-Train-#1,2026-01-03
2026-01-17,21434954,A716,1,21434954|0386|A716|2026-01-03|net demand for forecast|012130,20260103-0386-A716-Train-#1,2026-01-03
2026-01-17,21434954,A716,1,21434954|0386|A716|2026-01-03|net demand for forecast|012131,20260103-0386-A716-Train-#1,2026-01-03
2026-01-17,21434954,A716,1,21434954|0386|A716|2026-01-03|net demand for forecast|012132,20260103-0386-A716-Train-#1,2026-01-03
2026-01-17,21434954,A716,1,21434954|0386|A716|2026-01-03|net demand for forecast|012133,20260103-0386-A716-Train-#1,2026-01-03
2026-01-17,21434954,A716,1,21434954|0386|A716|2026-01-03|net demand for forecast|012134,20260103-0386-A716-Train-#1,2026-01-03
2026-01-17,21434954,A716,1,21434954|0386|A716|2026-01-03|net demand for forecast|012135,20260103-0386-A716-Train-#1,2026-01-03
2026-01-17,21434954,A716,1,21434954|0386|A716|2026-01-03|net demand for forecast|012137,20260103-0386-A716-Train-#1,2026-01-03
2026-01-17,21434954,A716,1,21434954|0386|A716|2026-01-03|net demand for forecast|012138,20260103-0386-A716-Train-#1,2026-01-03
2026-01-17,21434954,A716,1,21434954|0386|A716|2026-01-03|net demand for forecast|012139,20260103-0386-A716-Train-#1,2026-01-03
2026-01-17,21434954,A716,1,21434954|0386|A716|2026-01-03|net demand for forecast|012140,20260103-0386-A716-Train-#1,2026-01-03
2026-01-17,21434954,A716,1,21434954|0386|A716|2026-01-03|net demand for forecast|012141,20260103-0386-A716-Train-#1,2026-01-03
2026-01-17,21434954,A716,1,21434954|0386|A716|2026-01-03|net demand for forecast|012142,20260103-0386-A716-Train-#1,2026-01-03
2026-01-17,80804703,A716,1,80804703|0386|A716|2026-01-03|net demand for forecast|012220,20260103-0386-A716-Train-#1,2026-01-03
2026-01-17,80804703,A716,1,80804703|0386|A716|2026-01-03|net demand for forecast|012221,20260103-0386-A716-Train-#1,2026-01-03
2026-01-17,80804703,A716,1,80804703|0386|A716|2026-01-03|net demand for forecast|012222,20260103-0386-A716-Train-#1,2026-01-03
2026-01-17,80804703,A716,1,80804703|0386|A716|2026-01-03|net demand for forecast|012223,20260103-0386-A716-Train-#1,2026-01-03
2026-01-17,80804703,A716,1,80804703|0386|A716|2026-01-03|net demand for forecast|012224,20260103-0386-A716-Train-#1,2026-01-03
2026-01-17,80804703,A716,1,80804703|0386|A716|2026-01-03|net demand for forecast|012225,20260103-0386-A716-Train-#1,2026-01-03
2026-01-17,80804703,A716,1,80804703|0386|A716|2026-01-03|net demand for forecast|012226,20260103-0386-A716-Train-#1,2026-01-03
2026-01-17,80804703,A716,1,80804703|0386|A716|2026-01-03|net demand for forecast|012227,20260103-0386-A716-Train-#1,2026-01-03
2026-01-17,80804703,A716,1,80804703|0386|A716|2026-01-03|net demand for forecast|012228,20260103-0386-A716-Train-#1,2026-01-03
2026-01-17,80804703,A716,1,80804703|0386|A716|2026-01-03|net demand for forecast|012229,20260103-0386-A716-Train-#1,2026-01-03
2026-01-17,80804703,A716,1,80804703|0386|A716|2026-01-03|net demand for forecast|012230,20260103-0386-A716-Train-#1,2026-01-03
2026-01-17,80804703,A716,1,80804703|0386|A716|2026-01-03|net demand for forecast|012231,20260103-0386-A716-Train-#1,2026-01-03
2026-01-17,80804703,A716,1,80804703|0386|A716|2026-01-03|net demand for forecast|012232,20260103-0386-A716-Train-#1,2026-01-03
2026-01-17,80804703,A716,1,80804703|0386|A716|2026-01-03|net demand for forecast|012233,20260103-0386-A716-Train-#1,2026-01-03
2026-01-17,80804703,A716,1,80804703|0386|A716|2026-01-03|net demand for forecast|012234,20260103-0386-A716-Train-#1,2026-01-03
2026-01-17,80804703,A716,1,80804703|0386|A716|2026-01-03|net demand for forecast|012235,20260103-0386-A716-Train-#1,2026-01-03
2026-01-17,80804703,A716,1,80804703|0386|A716|2026-01-03|net demand for forecast|012236,20260103-0386-A716-Train-#1,2026-01-03
2026-01-17,80848023,A716,2,80848023|0386|A716|2026-01-03|net demand for forecast|012463,20260103-0386-A716-Train-#1,2026-01-03
2026-01-17,80848023,A716,3,80848023|0386|A716|2026-01-03|net demand for forecast|012464,20260103-0386-A716-Train-#1,2026-01-03
2026-01-17,80848023,A716,3,80848023|0386|A716|2026-01-03|net demand for forecast|012465,20260103-0386-A716-Train-#1,2026-01-03
2026-01-17,80848023,A716,4,80848023|0386|A716|2026-01-03|net demand for forecast|012466,20260103-0386-A716-Train-#1,2026-01-03
2026-01-17,80848023,A716,4,80848023|0386|A716|2026-01-03|net demand for forecast|012467,20260103-0386-A716-Train-#1,2026-01-03
2026-01-17,80848023,A716,4,80848023|0386|A716|2026-01-03|net demand for forecast|012468,20260103-0386-A716-Train-#1,2026-01-03
2026-01-17,80848023,A716,4,80848023|0386|A716|2026-01-03|net demand for forecast|012469,20260103-0386-A716-Train-#1,2026-01-03
2026-01-17,80848023,A716,4,80848023|0386|A716|2026-01-03|net demand for forecast|012470,20260103-0386-A716-Train-#1,2026-01-03
2026-01-17,80848023,A716,4,80848023|0386|A716|2026-01-03|net demand for forecast|012471,20260103-0386-A716-Train-#1,2026-01-03
2026-01-17,80848023,A716,4,80848023|0386|A716|2026-01-03|net demand for forecast|012472,20260103-0386-A716-Train-#1,2026-01-03
2026-01-17,80848023,A716,4,80848023|0386|A716|2026-01-03|net demand for forecast|012473,20260103-0386-A716-Train-#1,2026-01-03
2026-01-17,80848023,A716,4,80848023|0386|A716|2026-01-03|net demand for forecast|012474,20260103-0386-A716-Train-#1,2026-01-03
2026-01-17,80848023,A716,4,80848023|0386|A716|2026-01-03|net demand for forecast|012475,20260103-0386-A716-Train-#1,2026-01-03
2026-01-17,80848023,A716,4,80848023|0386|A716|2026-01-03|net demand for forecast|012476,20260103-0386-A716-Train-#1,2026-01-03
2026-01-17,80848023,A716,4,80848023|0386|A716|2026-01-03|net demand for forecast|012477,20260103-0386-A716-Train-#1,2026-01-03
2026-01-17,80848023,A716,4,80848023|0386|A716|2026-01-03|net demand for forecast|012478,20260103-0386-A716-Train-#1,2026-01-03
2026-01-17,80848023,A716,5,80848023|0386|A716|2026-01-03|net demand for forecast|012479,20260103-0386-A716-Train-#1,2026-01-03
2026-01-17,80848023,A716,5,80848023|0386|A716|2026-01-03|net demand for forecast|012480,20260103-0386-A716-Train-#1,2026-01-03
2026-01-17,80848023,A716,5,80848023|0386|A716|2026-01-03|net demand for forecast|012481,20260103-0386-A716-Train-#1,2026-01-03
2026-01-17,21103371,A716,19,21103371|0386|A716|2026-01-03|net demand for safety|011768,20260103-0386-A716-Train-#1,2026-01-03
2026-01-17,21151196,A716,15,21151196|0386|A716|2026-01-03|net demand for safety|011972,20260103-0386-A716-Train-#1,2026-01-03
2026-01-17,21434954,A716,11,21434954|0386|A716|2026-01-03|net demand for safety|012143,20260103-0386-A716-Train-#1,2026-01-03
2026-01-17,80804703,A716,13,80804703|0386|A716|2026-01-03|net demand for safety|012238,20260103-0386-A716-Train-#1,2026-01-03
2026-01-17,80807092,A716,7,80807092|0386|A716|2026-01-03|net demand for safety|012307,20260103-0386-A716-Train-#1,2026-01-03
2026-01-17,21103371,A716,37,21103371|0386|A716|2026-01-03|push replenishment|011769,20260103-0386-A716-Train-#1,2026-01-03
2026-01-17,21127730,A716,124,21127730|0386|A716|2026-01-03|push replenishment|011842,20260103-0386-A716-Train-#1,2026-01-03
2026-01-17,21151196,A716,9,21151196|0386|A716|2026-01-03|push replenishment|011973,20260103-0386-A716-Train-#1,2026-01-03
2026-01-17,21434954,A716,24,21434954|0386|A716|2026-01-03|push replenishment|012144,20260103-0386-A716-Train-#1,2026-01-03
2026-01-17,80804703,A716,328,80804703|0386|A716|2026-01-03|push replenishment|012239,20260103-0386-A716-Train-#1,2026-01-03
2026-01-17,80807092,A716,31,80807092|0386|A716|2026-01-03|push replenishment|012308,20260103-0386-A716-Train-#1,2026-01-03
2026-01-17,80848023,A716,39,80848023|0386|A716|2026-01-03|push replenishment|012483,20260103-0386-A716-Train-#1,2026-01-03
2026-01-17,21314594,A715,1,21314594|0386|A715|2026-01-06|net demand for forecast|015390,20260106-0386-A715-Train-#1,2026-01-06
2026-01-17,21314594,A715,1,21314594|0386|A715|2026-01-06|net demand for forecast|015395,20260106-0386-A715-Train-#1,2026-01-06
2026-01-17,80804132,A715,1,80804132|0386|A715|2026-01-06|net demand for forecast|015572,20260106-0386-A715-Train-#1,2026-01-06
2026-01-17,80804132,A715,1,80804132|0386|A715|2026-01-06|net demand for forecast|015578,20260106-0386-A715-Train-#1,2026-01-06
2026-01-17,80805856,A715,1,80805856|0386|A715|2026-01-06|net demand for forecast|015921,20260106-0386-A715-Train-#1,2026-01-06
2026-01-17,80807116,A715,2,80807116|0386|A715|2026-01-06|net demand for forecast|016169,20260106-0386-A715-Train-#1,2026-01-06
2026-01-17,80848022,A715,7,80848022|0386|A715|2026-01-06|net demand for forecast|016458,20260106-0386-A715-Train-#1,2026-01-06
2026-01-17,80848022,A715,9,80848022|0386|A715|2026-01-06|net demand for forecast|016471,20260106-0386-A715-Train-#1,2026-01-06
2026-01-17,21314594,A715,13,21314594|0386|A715|2026-01-06|net demand for safety|015404,20260106-0386-A715-Train-#1,2026-01-06
2026-01-17,80805856,A715,24,80805856|0386|A715|2026-01-06|net demand for safety|015932,20260106-0386-A715-Train-#1,2026-01-06
2026-01-17,80848022,A715,117,80848022|0386|A715|2026-01-06|net demand for safety|016472,20260106-0386-A715-Train-#1,2026-01-06
2026-01-17,21314594,A715,53,21314594|0386|A715|2026-01-06|push replenishment|015405,20260106-0386-A715-Train-#1,2026-01-06
2026-01-17,80804130,A715,15,80804130|0386|A715|2026-01-06|push replenishment|015543,20260106-0386-A715-Train-#1,2026-01-06
2026-01-17,80804132,A715,47,80804132|0386|A715|2026-01-06|push replenishment|015587,20260106-0386-A715-Train-#1,2026-01-06
2026-01-17,21419500,A715,2,21419500|0386|A715|2026-01-07|net demand for normal|016899,20260107-0386-A715-Train-#1,2026-01-07
2026-01-17,21314595,A715,1,21314595|0386|A715|2026-01-07|net demand for forecast|016764,20260107-0386-A715-Train-#1,2026-01-07
2026-01-17,21314595,A715,1,21314595|0386|A715|2026-01-07|net demand for forecast|016765,20260107-0386-A715-Train-#1,2026-01-07
2026-01-17,21314595,A715,1,21314595|0386|A715|2026-01-07|net demand for forecast|016766,20260107-0386-A715-Train-#1,2026-01-07
2026-01-17,21314595,A715,1,21314595|0386|A715|2026-01-07|net demand for forecast|016767,20260107-0386-A715-Train-#1,2026-01-07
2026-01-17,21314595,A715,1,21314595|0386|A715|2026-01-07|net demand for forecast|016768,20260107-0386-A715-Train-#1,2026-01-07
2026-01-17,21314595,A715,1,21314595|0386|A715|2026-01-07|net demand for forecast|016769,20260107-0386-A715-Train-#1,2026-01-07
2026-01-17,21314595,A715,1,21314595|0386|A715|2026-01-07|net demand for forecast|016771,20260107-0386-A715-Train-#1,2026-01-07
2026-01-17,21314595,A715,1,21314595|0386|A715|2026-01-07|net demand for forecast|016772,20260107-0386-A715-Train-#1,2026-01-07
2026-01-17,21314595,A715,1,21314595|0386|A715|2026-01-07|net demand for forecast|016773,20260107-0386-A715-Train-#1,2026-01-07
2026-01-17,21314595,A715,1,21314595|0386|A715|2026-01-07|net demand for forecast|016774,20260107-0386-A715-Train-#1,2026-01-07
2026-01-17,21314595,A715,1,21314595|0386|A715|2026-01-07|net demand for forecast|016775,20260107-0386-A715-Train-#1,2026-01-07
2026-01-17,21314595,A715,1,21314595|0386|A715|2026-01-07|net demand for forecast|016776,20260107-0386-A715-Train-#1,2026-01-07
2026-01-17,21314595,A715,2,21314595|0386|A715|2026-01-07|net demand for forecast|016777,20260107-0386-A715-Train-#1,2026-01-07
2026-01-17,21314595,A715,2,21314595|0386|A715|2026-01-07|net demand for forecast|016778,20260107-0386-A715-Train-#1,2026-01-07
2026-01-17,21419500,A715,1,21419500|0386|A715|2026-01-07|net demand for forecast|016884,20260107-0386-A715-Train-#1,2026-01-07
2026-01-17,21419500,A715,1,21419500|0386|A715|2026-01-07|net demand for forecast|016885,20260107-0386-A715-Train-#1,2026-01-07
2026-01-17,21419500,A715,1,21419500|0386|A715|2026-01-07|net demand for forecast|016886,20260107-0386-A715-Train-#1,2026-01-07
2026-01-17,21419500,A715,1,21419500|0386|A715|2026-01-07|net demand for forecast|016887,20260107-0386-A715-Train-#1,2026-01-07
2026-01-17,21419500,A715,1,21419500|0386|A715|2026-01-07|net demand for forecast|016888,20260107-0386-A715-Train-#1,2026-01-07
2026-01-17,21419500,A715,1,21419500|0386|A715|2026-01-07|net demand for forecast|016889,20260107-0386-A715-Train-#1,2026-01-07
2026-01-17,21419500,A715,1,21419500|0386|A715|2026-01-07|net demand for forecast|016891,20260107-0386-A715-Train-#1,2026-01-07
2026-01-17,21419500,A715,1,21419500|0386|A715|2026-01-07|net demand for forecast|016892,20260107-0386-A715-Train-#1,2026-01-07
2026-01-17,21419500,A715,1,21419500|0386|A715|2026-01-07|net demand for forecast|016893,20260107-0386-A715-Train-#1,2026-01-07
2026-01-17,21419500,A715,1,21419500|0386|A715|2026-01-07|net demand for forecast|016894,20260107-0386-A715-Train-#1,2026-01-07
2026-01-17,21419500,A715,1,21419500|0386|A715|2026-01-07|net demand for forecast|016896,20260107-0386-A715-Train-#1,2026-01-07
2026-01-17,21419500,A715,1,21419500|0386|A715|2026-01-07|net demand for forecast|016897,20260107-0386-A715-Train-#1,2026-01-07
2026-01-17,21419500,A715,1,21419500|0386|A715|2026-01-07|net demand for forecast|016898,20260107-0386-A715-Train-#1,2026-01-07
2026-01-17,21422791,A715,1,21422791|0386|A715|2026-01-07|net demand for forecast|016997,20260107-0386-A715-Train-#1,2026-01-07
2026-01-17,21422791,A715,1,21422791|0386|A715|2026-01-07|net demand for forecast|016998,20260107-0386-A715-Train-#1,2026-01-07
2026-01-17,80804706,A715,1,80804706|0386|A715|2026-01-07|net demand for forecast|017278,20260107-0386-A715-Train-#1,2026-01-07
2026-01-17,80804706,A715,1,80804706|0386|A715|2026-01-07|net demand for forecast|017279,20260107-0386-A715-Train-#1,2026-01-07
2026-01-17,80804706,A715,1,80804706|0386|A715|2026-01-07|net demand for forecast|017280,20260107-0386-A715-Train-#1,2026-01-07
2026-01-17,80804706,A715,1,80804706|0386|A715|2026-01-07|net demand for forecast|017281,20260107-0386-A715-Train-#1,2026-01-07
2026-01-17,80804706,A715,1,80804706|0386|A715|2026-01-07|net demand for forecast|017283,20260107-0386-A715-Train-#1,2026-01-07
2026-01-17,80804706,A715,1,80804706|0386|A715|2026-01-07|net demand for forecast|017284,20260107-0386-A715-Train-#1,2026-01-07
2026-01-17,80804706,A715,1,80804706|0386|A715|2026-01-07|net demand for forecast|017285,20260107-0386-A715-Train-#1,2026-01-07
2026-01-17,80863645,A715,1,80863645|0386|A715|2026-01-07|net demand for forecast|017623,20260107-0386-A715-Train-#1,2026-01-07
2026-01-17,80863645,A715,1,80863645|0386|A715|2026-01-07|net demand for forecast|017624,20260107-0386-A715-Train-#1,2026-01-07
2026-01-17,80863645,A715,1,80863645|0386|A715|2026-01-07|net demand for forecast|017626,20260107-0386-A715-Train-#1,2026-01-07
2026-01-17,80863645,A715,1,80863645|0386|A715|2026-01-07|net demand for forecast|017627,20260107-0386-A715-Train-#1,2026-01-07
2026-01-17,80863645,A715,1,80863645|0386|A715|2026-01-07|net demand for forecast|017628,20260107-0386-A715-Train-#1,2026-01-07
2026-01-17,80863645,A715,1,80863645|0386|A715|2026-01-07|net demand for forecast|017629,20260107-0386-A715-Train-#1,2026-01-07
2026-01-17,80863645,A715,1,80863645|0386|A715|2026-01-07|net demand for forecast|017630,20260107-0386-A715-Train-#1,2026-01-07
2026-01-17,21314595,A715,13,21314595|0386|A715|2026-01-07|net demand for safety|016779,20260107-0386-A715-Train-#1,2026-01-07
2026-01-17,21315350,A715,19,21315350|0386|A715|2026-01-07|net demand for safety|016811,20260107-0386-A715-Train-#1,2026-01-07
2026-01-17,21419500,A715,15,21419500|0386|A715|2026-01-07|net demand for safety|016900,20260107-0386-A715-Train-#1,2026-01-07
2026-01-17,21422791,A715,1,21422791|0386|A715|2026-01-07|net demand for safety|016999,20260107-0386-A715-Train-#1,2026-01-07
2026-01-17,80804706,A715,13,80804706|0386|A715|2026-01-07|net demand for safety|017286,20260107-0386-A715-Train-#1,2026-01-07
2026-01-17,80863645,A715,7,80863645|0386|A715|2026-01-07|net demand for safety|017631,20260107-0386-A715-Train-#1,2026-01-07
2026-01-17,21314595,A715,80,21314595|0386|A715|2026-01-07|push replenishment|016780,20260107-0386-A715-Train-#1,2026-01-07
2026-01-17,21315350,A715,25,21315350|0386|A715|2026-01-07|push replenishment|016812,20260107-0386-A715-Train-#1,2026-01-07
2026-01-17,21419500,A715,98,21419500|0386|A715|2026-01-07|push replenishment|016901,20260107-0386-A715-Train-#1,2026-01-07
2026-01-17,21422791,A715,1,21422791|0386|A715|2026-01-07|push replenishment|017000,20260107-0386-A715-Train-#1,2026-01-07
2026-01-17,80804706,A715,424,80804706|0386|A715|2026-01-07|push replenishment|017287,20260107-0386-A715-Train-#1,2026-01-07
2026-01-17,80812840,A715,99,80812840|0386|A715|2026-01-07|push replenishment|017476,20260107-0386-A715-Train-#1,2026-01-07
2026-01-17,80807096,A672,1,80807096|0386|A672|2026-01-09|net demand for AO|019888,20260109-0386-A672-Train-#1,2026-01-09
2026-01-17,21103371,A672,1,21103371|0386|A672|2026-01-09|net demand for forecast|019224,20260109-0386-A672-Train-#1,2026-01-09
2026-01-17,21103371,A672,1,21103371|0386|A672|2026-01-09|net demand for forecast|019228,20260109-0386-A672-Train-#1,2026-01-09
2026-01-17,80848028,A672,9,80848028|0386|A672|2026-01-09|net demand for forecast|020181,20260109-0386-A672-Train-#1,2026-01-09
2026-01-17,80807116,A672,101,80807116|0386|A672|2026-01-09|net demand for safety|019982,20260109-0386-A672-Train-#1,2026-01-09
2026-01-17,21314602,A672,214,21314602|0386|A672|2026-01-09|push replenishment|019453,20260109-0386-A672-Train-#1,2026-01-09
2026-01-17,80807116,A680,3,80807116|0386|A680|2026-01-09|net demand for forecast|019986,20260109-0386-A680-Train-#1,2026-01-09
2026-01-17,80807116,A680,3,80807116|0386|A680|2026-01-09|net demand for forecast|019990,20260109-0386-A680-Train-#1,2026-01-09
2026-01-17,80807116,A680,3,80807116|0386|A680|2026-01-09|net demand for forecast|019992,20260109-0386-A680-Train-#1,2026-01-09
2026-01-17,80848028,A680,5,80848028|0386|A680|2026-01-09|net demand for forecast|020215,20260109-0386-A680-Train-#1,2026-01-09
2026-01-17,80848028,A680,5,80848028|0386|A680|2026-01-09|net demand for forecast|020217,20260109-0386-A680-Train-#1,2026-01-09
2026-01-17,80848028,A680,5,80848028|0386|A680|2026-01-09|net demand for forecast|020218,20260109-0386-A680-Train-#1,2026-01-09
2026-01-17,80807116,A680,44,80807116|0386|A680|2026-01-09|net demand for safety|019996,20260109-0386-A680-Train-#1,2026-01-09
2026-01-17,80807096,A672,1,80807096|0386|A672|2026-01-10|net demand for AO|021363,20260110-0386-A672-Train-#1,2026-01-10
2026-01-17,80807096,A672,1,80807096|0386|A672|2026-01-10|net demand for AO|021364,20260110-0386-A672-Train-#1,2026-01-10
2026-01-17,80807096,A672,2,80807096|0386|A672|2026-01-10|net demand for AO|021365,20260110-0386-A672-Train-#1,2026-01-10
2026-01-17,80848025,A672,1,80848025|0386|A672|2026-01-10|net demand for AO|021584,20260110-0386-A672-Train-#1,2026-01-10
2026-01-17,80848025,A672,1,80848025|0386|A672|2026-01-10|net demand for AO|021585,20260110-0386-A672-Train-#1,2026-01-10
2026-01-17,80848025,A672,1,80848025|0386|A672|2026-01-10|net demand for AO|021586,20260110-0386-A672-Train-#1,2026-01-10
2026-01-17,80848025,A672,1,80848025|0386|A672|2026-01-10|net demand for AO|021587,20260110-0386-A672-Train-#1,2026-01-10
2026-01-17,80848025,A672,1,80848025|0386|A672|2026-01-10|net demand for AO|021588,20260110-0386-A672-Train-#1,2026-01-10
2026-01-17,80848025,A672,1,80848025|0386|A672|2026-01-10|net demand for AO|021589,20260110-0386-A672-Train-#1,2026-01-10
2026-01-17,80848025,A672,2,80848025|0386|A672|2026-01-10|net demand for AO|021590,20260110-0386-A672-Train-#1,2026-01-10
2026-01-17,80848025,A672,2,80848025|0386|A672|2026-01-10|net demand for AO|021591,20260110-0386-A672-Train-#1,2026-01-10
2026-01-17,21325164,A672,7,21325164|0386|A672|2026-01-10|net demand for forecast|020669,20260110-0386-A672-Train-#1,2026-01-10
2026-01-17,21325164,A672,7,21325164|0386|A672|2026-01-10|net demand for forecast|020670,20260110-0386-A672-Train-#1,2026-01-10
2026-01-17,21325164,A672,7,21325164|0386|A672|2026-01-10|net demand for forecast|020671,20260110-0386-A672-Train-#1,2026-01-10
2026-01-17,21325164,A672,8,21325164|0386|A672|2026-01-10|net demand for forecast|020673,20260110-0386-A672-Train-#1,2026-01-10
2026-01-17,21325164,A672,8,21325164|0386|A672|2026-01-10|net demand for forecast|020674,20260110-0386-A672-Train-#1,2026-01-10
2026-01-17,21325164,A672,8,21325164|0386|A672|2026-01-10|net demand for forecast|020675,20260110-0386-A672-Train-#1,2026-01-10
2026-01-17,21325164,A672,8,21325164|0386|A672|2026-01-10|net demand for forecast|020676,20260110-0386-A672-Train-#1,2026-01-10
2026-01-17,21325164,A672,8,21325164|0386|A672|2026-01-10|net demand for forecast|020678,20260110-0386-A672-Train-#1,2026-01-10
2026-01-17,21325164,A672,8,21325164|0386|A672|2026-01-10|net demand for forecast|020679,20260110-0386-A672-Train-#1,2026-01-10
2026-01-17,21325164,A672,8,21325164|0386|A672|2026-01-10|net demand for forecast|020680,20260110-0386-A672-Train-#1,2026-01-10
2026-01-17,80848025,A672,5,80848025|0386|A672|2026-01-10|net demand for forecast|021592,20260110-0386-A672-Train-#1,2026-01-10
2026-01-17,80848025,A672,8,80848025|0386|A672|2026-01-10|net demand for forecast|021593,20260110-0386-A672-Train-#1,2026-01-10
2026-01-17,80848025,A672,9,80848025|0386|A672|2026-01-10|net demand for forecast|021594,20260110-0386-A672-Train-#1,2026-01-10
2026-01-17,80848025,A672,11,80848025|0386|A672|2026-01-10|net demand for forecast|021595,20260110-0386-A672-Train-#1,2026-01-10
2026-01-17,80848025,A672,11,80848025|0386|A672|2026-01-10|net demand for forecast|021596,20260110-0386-A672-Train-#1,2026-01-10
2026-01-17,80848025,A672,12,80848025|0386|A672|2026-01-10|net demand for forecast|021597,20260110-0386-A672-Train-#1,2026-01-10
2026-01-17,80848025,A672,12,80848025|0386|A672|2026-01-10|net demand for forecast|021599,20260110-0386-A672-Train-#1,2026-01-10
2026-01-17,80848025,A672,15,80848025|0386|A672|2026-01-10|net demand for forecast|021600,20260110-0386-A672-Train-#1,2026-01-10
2026-01-17,80848025,A672,15,80848025|0386|A672|2026-01-10|net demand for forecast|021601,20260110-0386-A672-Train-#1,2026-01-10
2026-01-17,80848025,A672,15,80848025|0386|A672|2026-01-10|net demand for forecast|021602,20260110-0386-A672-Train-#1,2026-01-10
2026-01-17,80848025,A672,15,80848025|0386|A672|2026-01-10|net demand for forecast|021603,20260110-0386-A672-Train-#1,2026-01-10
2026-01-17,21325164,A672,2,21325164|0386|A672|2026-01-10|net demand for net demand for forecast|020682,20260110-0386-A672-Train-#1,2026-01-10
2026-01-17,21325164,A672,2,21325164|0386|A672|2026-01-10|net demand for net demand for forecast|020683,20260110-0386-A672-Train-#1,2026-01-10
2026-01-17,21325164,A672,2,21325164|0386|A672|2026-01-10|net demand for net demand for forecast|020684,20260110-0386-A672-Train-#1,2026-01-10
2026-01-17,21325164,A672,2,21325164|0386|A672|2026-01-10|net demand for net demand for forecast|020685,20260110-0386-A672-Train-#1,2026-01-10
2026-01-17,80848025,A672,1,80848025|0386|A672|2026-01-10|net demand for net demand for forecast|021604,20260110-0386-A672-Train-#1,2026-01-10
2026-01-17,80848025,A672,1,80848025|0386|A672|2026-01-10|net demand for net demand for forecast|021605,20260110-0386-A672-Train-#1,2026-01-10
2026-01-17,80848025,A672,1,80848025|0386|A672|2026-01-10|net demand for net demand for forecast|021606,20260110-0386-A672-Train-#1,2026-01-10
2026-01-17,80848025,A672,1,80848025|0386|A672|2026-01-10|net demand for net demand for forecast|021607,20260110-0386-A672-Train-#1,2026-01-10
2026-01-17,21325164,A672,81,21325164|0386|A672|2026-01-10|net demand for safety|020688,20260110-0386-A672-Train-#1,2026-01-10
2026-01-17,80807091,A672,108,80807091|0386|A672|2026-01-10|net demand for safety|021274,20260110-0386-A672-Train-#1,2026-01-10
2026-01-17,80812103,A672,20,80812103|0386|A672|2026-01-10|net demand for safety|021468,20260110-0386-A672-Train-#1,2026-01-10
2026-01-17,80848025,A672,162,80848025|0386|A672|2026-01-10|net demand for safety|021610,20260110-0386-A672-Train-#1,2026-01-10
2026-01-17,21325164,A672,18,21325164|0386|A672|2026-01-10|net demand for net demand for safety|020687,20260110-0386-A672-Train-#1,2026-01-10
2026-01-17,80807091,A672,13,80807091|0386|A672|2026-01-10|net demand for net demand for safety|021273,20260110-0386-A672-Train-#1,2026-01-10
2026-01-17,80807100,A672,1,80807100|0386|A672|2026-01-10|net demand for net demand for safety|021367,20260110-0386-A672-Train-#1,2026-01-10
2026-01-17,80812103,A672,7,80812103|0386|A672|2026-01-10|net demand for net demand for safety|021467,20260110-0386-A672-Train-#1,2026-01-10
2026-01-17,80812840,A672,1,80812840|0386|A672|2026-01-10|net demand for net demand for safety|021487,20260110-0386-A672-Train-#1,2026-01-10
2026-01-17,80848025,A672,6,80848025|0386|A672|2026-01-10|net demand for net demand for safety|021609,20260110-0386-A672-Train-#1,2026-01-10
2026-01-17,21325164,A672,26,21325164|0386|A672|2026-01-10|push replenishment|020689,20260110-0386-A672-Train-#1,2026-01-10
2026-01-17,80807091,A672,513,80807091|0386|A672|2026-01-10|push replenishment|021275,20260110-0386-A672-Train-#1,2026-01-10
2026-01-17,80812103,A672,21,80812103|0386|A672|2026-01-10|push replenishment|021469,20260110-0386-A672-Train-#1,2026-01-10
2026-01-17,80812846,A672,1046,80812846|0386|A672|2026-01-10|push replenishment|021536,20260110-0386-A672-Train-#1,2026-01-10
2026-01-17,80848025,A672,532,80848025|0386|A672|2026-01-10|push replenishment|021611,20260110-0386-A672-Train-#1,2026-01-10
2026-01-17,21137866,E564,1,21137866|C816|E564|2026-01-11|net demand for forecast|022098,20260111-C816-E564-SMALL-#1,2026-01-11
2026-01-17,80804130,E564,1,80804130|C816|E564|2026-01-11|net demand for forecast|022789,20260111-C816-E564-SMALL-#1,2026-01-11
2026-01-17,80804136,E564,3,80804136|C816|E564|2026-01-11|net demand for forecast|022868,20260111-C816-E564-SMALL-#1,2026-01-11
2026-01-17,80804698,E564,2,80804698|C816|E564|2026-01-11|net demand for forecast|022927,20260111-C816-E564-SMALL-#1,2026-01-11
2026-01-17,80804698,E564,3,80804698|C816|E564|2026-01-11|net demand for forecast|022928,20260111-C816-E564-SMALL-#1,2026-01-11
2026-01-17,80804705,E564,7,80804705|C816|E564|2026-01-11|net demand for forecast|023076,20260111-C816-E564-SMALL-#1,2026-01-11
2026-01-17,80807090,E564,1,80807090|C816|E564|2026-01-11|net demand for forecast|023143,20260111-C816-E564-SMALL-#1,2026-01-11
2026-01-17,80812841,E564,1,80812841|C816|E564|2026-01-11|net demand for forecast|023383,20260111-C816-E564-SMALL-#1,2026-01-11
2026-01-17,21137866,E564,17,21137866|C816|E564|2026-01-11|net demand for safety|022104,20260111-C816-E564-SMALL-#1,2026-01-11
2026-01-17,80807113,E564,2,80807113|C816|E564|2026-01-11|net demand for safety|023289,20260111-C816-E564-SMALL-#1,2026-01-11
2026-01-17,80804130,E569,1,80804130|C816|E569|2026-01-08|net demand for forecast|018446,20260111-C816-E569-SMALL-#1,2026-01-11
2026-01-17,80804130,E569,1,80804130|C816|E569|2026-01-08|net demand for forecast|018448,20260111-C816-E569-SMALL-#1,2026-01-11
2026-01-17,80812841,E569,1,80812841|C816|E569|2026-01-08|net demand for forecast|019099,20260111-C816-E569-SMALL-#1,2026-01-11
2026-01-17,80804134,E569,1,80804134|C816|E569|2026-01-09|net demand for forecast|019619,20260111-C816-E569-SMALL-#1,2026-01-11
2026-01-17,80804137,E569,1,80804137|C816|E569|2026-01-09|net demand for forecast|019687,20260111-C816-E569-SMALL-#1,2026-01-11
2026-01-17,80807120,E569,1,80807120|C816|E569|2026-01-10|net demand for forecast|021459,20260111-C816-E569-SMALL-#1,2026-01-11
2026-01-17,80807120,E569,1,80807120|C816|E569|2026-01-10|net demand for forecast|021463,20260111-C816-E569-SMALL-#1,2026-01-11
2026-01-17,80812841,E569,1,80812841|C816|E569|2026-01-10|net demand for forecast|021516,20260111-C816-E569-SMALL-#1,2026-01-11
2026-01-17,80848026,E569,1,80848026|C816|E569|2026-01-10|net demand for forecast|021757,20260111-C816-E569-SMALL-#1,2026-01-11
2026-01-17,80848028,E569,1,80848028|C816|E569|2026-01-10|net demand for forecast|021765,20260111-C816-E569-SMALL-#1,2026-01-11
2026-01-17,80848028,E569,1,80848028|C816|E569|2026-01-10|net demand for forecast|021766,20260111-C816-E569-SMALL-#1,2026-01-11
2026-01-17,80848028,E569,1,80848028|C816|E569|2026-01-10|net demand for forecast|021769,20260111-C816-E569-SMALL-#1,2026-01-11
2026-01-17,80864470,E569,1,80864470|C816|E569|2026-01-10|net demand for forecast|021811,20260111-C816-E569-SMALL-#1,2026-01-11
2026-01-17,80804132,E569,1,80804132|C816|E569|2026-01-11|net demand for forecast|022820,20260111-C816-E569-SMALL-#1,2026-01-11
2026-01-17,80804136,E569,1,80804136|C816|E569|2026-01-11|net demand for forecast|022874,20260111-C816-E569-SMALL-#1,2026-01-11
2026-01-17,80804138,E569,1,80804138|C816|E569|2026-01-11|net demand for forecast|022882,20260111-C816-E569-SMALL-#1,2026-01-11
2026-01-17,80804138,E569,1,80804138|C816|E569|2026-01-11|net demand for forecast|022886,20260111-C816-E569-SMALL-#1,2026-01-11
2026-01-17,80807100,E569,1,80807100|C816|E569|2026-01-11|net demand for forecast|023210,20260111-C816-E569-SMALL-#1,2026-01-11
2026-01-17,80848023,E569,1,80848023|C816|E569|2026-01-11|net demand for forecast|023447,20260111-C816-E569-SMALL-#1,2026-01-11
2026-01-17,80848028,E569,1,80848028|C816|E569|2026-01-11|net demand for forecast|023534,20260111-C816-E569-SMALL-#1,2026-01-11
2026-01-17,21128067,E569,2,21128067|C816|E569|2026-01-08|net demand for safety|017839,20260111-C816-E569-SMALL-#1,2026-01-11
2026-01-17,80848022,E569,2,80848022|C816|E569|2026-01-08|net demand for safety|019159,20260111-C816-E569-SMALL-#1,2026-01-11
2026-01-17,80807110,E569,11,80807110|C816|E569|2026-01-09|net demand for safety|019929,20260111-C816-E569-SMALL-#1,2026-01-11
2026-01-17,80864470,E569,4,80864470|C816|E569|2026-01-10|net demand for safety|021813,20260111-C816-E569-SMALL-#1,2026-01-11
2026-01-17,21118867,A668,2,21118867|0386|A668|2026-01-11|net demand for forecast|021863,20260111-0386-A668-Train-#1,2026-01-11
2026-01-17,21118867,A668,3,21118867|0386|A668|2026-01-11|net demand for forecast|021865,20260111-0386-A668-Train-#1,2026-01-11
2026-01-17,21179704,A668,1,21179704|0386|A668|2026-01-11|net demand for forecast|022272,20260111-0386-A668-Train-#1,2026-01-11
2026-01-17,80795932,A668,1,80795932|0386|A668|2026-01-11|net demand for forecast|022450,20260111-0386-A668-Train-#1,2026-01-11
2026-01-17,80795932,A668,1,80795932|0386|A668|2026-01-11|net demand for forecast|022453,20260111-0386-A668-Train-#1,2026-01-11
2026-01-17,80804127,A668,2,80804127|0386|A668|2026-01-11|net demand for forecast|022492,20260111-0386-A668-Train-#1,2026-01-11
2026-01-17,80804127,A668,2,80804127|0386|A668|2026-01-11|net demand for forecast|022496,20260111-0386-A668-Train-#1,2026-01-11
2026-01-17,80804127,A668,2,80804127|0386|A668|2026-01-11|net demand for forecast|022497,20260111-0386-A668-Train-#1,2026-01-11
2026-01-17,80804127,A668,2,80804127|0386|A668|2026-01-11|net demand for forecast|022498,20260111-0386-A668-Train-#1,2026-01-11
2026-01-17,80795932,A668,5,80795932|0386|A668|2026-01-11|net demand for safety|022456,20260111-0386-A668-Train-#1,2026-01-11
2026-01-17,80804128,A668,40,80804128|0386|A668|2026-01-11|net demand for safety|022645,20260111-0386-A668-Train-#1,2026-01-11
2026-01-17,21170683,A668,16,21170683|0386|A668|2026-01-11|push replenishment|022240,20260111-0386-A668-Train-#1,2026-01-11
2026-01-17,80804127,A673,7,80804127|0386|A673|2026-01-11|net demand for AO|022525,20260111-0386-A673-LARGE-#1,2026-01-11
2026-01-17,21118867,A673,5,21118867|0386|A673|2026-01-11|net demand for forecast|021891,20260111-0386-A673-LARGE-#1,2026-01-11
2026-01-17,21118867,A673,5,21118867|0386|A673|2026-01-11|net demand for forecast|021893,20260111-0386-A673-LARGE-#1,2026-01-11
2026-01-17,21132758,A673,7,21132758|0386|A673|2026-01-11|net demand for forecast|021995,20260111-0386-A673-LARGE-#1,2026-01-11
2026-01-17,21132758,A673,7,21132758|0386|A673|2026-01-11|net demand for forecast|021996,20260111-0386-A673-LARGE-#1,2026-01-11
2026-01-17,21179704,A673,3,21179704|0386|A673|2026-01-11|net demand for forecast|022303,20260111-0386-A673-LARGE-#1,2026-01-11
2026-01-17,80795932,A673,2,80795932|0386|A673|2026-01-11|net demand for forecast|022469,20260111-0386-A673-LARGE-#1,2026-01-11
2026-01-17,80804127,A673,6,80804127|0386|A673|2026-01-11|net demand for forecast|022528,20260111-0386-A673-LARGE-#1,2026-01-11
2026-01-17,80804127,A673,7,80804127|0386|A673|2026-01-11|net demand for forecast|022533,20260111-0386-A673-LARGE-#1,2026-01-11
2026-01-17,80804128,A673,12,80804128|0386|A673|2026-01-11|net demand for forecast|022674,20260111-0386-A673-LARGE-#1,2026-01-11
2026-01-17,80885921,A673,10,80885921|0386|A673|2026-01-11|net demand for forecast|023654,20260111-0386-A673-LARGE-#1,2026-01-11
2026-01-17,21179704,A673,1,21179704|0386|A673|2026-01-11|net demand for net demand for forecast|022310,20260111-0386-A673-LARGE-#1,2026-01-11
2026-01-17,80885921,A673,112,80885921|0386|A673|2026-01-11|net demand for safety|023656,20260111-0386-A673-LARGE-#1,2026-01-11
2026-01-17,21179704,A673,52,21179704|0386|A673|2026-01-11|push replenishment|022313,20260111-0386-A673-LARGE-#1,2026-01-11
2026-01-17,80848025,A668,1,80848025|C816|A668|2026-01-11|net demand for AO|023450,20260112-C816-A668-LARGE-#1,2026-01-12
2026-01-17,80848025,A668,1,80848025|C816|A668|2026-01-12|net demand for AO|024958,20260112-C816-A668-LARGE-#1,2026-01-12
2026-01-17,80848025,A668,1,80848025|C816|A668|2026-01-12|net demand for AO|024959,20260112-C816-A668-LARGE-#1,2026-01-12
2026-01-17,21139445,A668,1,21139445|C816|A668|2026-01-08|net demand for forecast|017963,20260112-C816-A668-LARGE-#1,2026-01-12
2026-01-17,80804704,A668,2,80804704|C816|A668|2026-01-08|net demand for forecast|018648,20260112-C816-A668-LARGE-#1,2026-01-12
2026-01-17,80804706,A668,3,80804706|C816|A668|2026-01-08|net demand for forecast|018720,20260112-C816-A668-LARGE-#1,2026-01-12
2026-01-17,80804706,A668,4,80804706|C816|A668|2026-01-08|net demand for forecast|018722,20260112-C816-A668-LARGE-#1,2026-01-12
2026-01-17,21419500,A668,1,21419500|C816|A668|2026-01-09|net demand for forecast|019484,20260112-C816-A668-LARGE-#1,2026-01-12
2026-01-17,21419500,A668,1,21419500|C816|A668|2026-01-09|net demand for forecast|019487,20260112-C816-A668-LARGE-#1,2026-01-12
2026-01-17,80804704,A668,1,80804704|C816|A668|2026-01-09|net demand for forecast|019770,20260112-C816-A668-LARGE-#1,2026-01-12
2026-01-17,80804704,A668,2,80804704|C816|A668|2026-01-09|net demand for forecast|019773,20260112-C816-A668-LARGE-#1,2026-01-12
2026-01-17,80885920,A668,1,80885920|C816|A668|2026-01-09|net demand for forecast|020410,20260112-C816-A668-LARGE-#1,2026-01-12
2026-01-17,80885920,A668,1,80885920|C816|A668|2026-01-09|net demand for forecast|020411,20260112-C816-A668-LARGE-#1,2026-01-12
2026-01-17,80804701,A668,1,80804701|C816|A668|2026-01-10|net demand for forecast|021010,20260112-C816-A668-LARGE-#1,2026-01-12
2026-01-17,80804701,A668,1,80804701|C816|A668|2026-01-10|net demand for forecast|021012,20260112-C816-A668-LARGE-#1,2026-01-12
2026-01-17,80807089,A668,2,80807089|C816|A668|2026-01-10|net demand for forecast|021260,20260112-C816-A668-LARGE-#1,2026-01-12
2026-01-17,80885920,A668,1,80885920|C816|A668|2026-01-10|net demand for forecast|021818,20260112-C816-A668-LARGE-#1,2026-01-12
2026-01-17,80804698,A668,3,80804698|C816|A668|2026-01-11|net demand for forecast|022890,20260112-C816-A668-LARGE-#1,2026-01-12
2026-01-17,80804701,A668,1,80804701|C816|A668|2026-01-11|net demand for forecast|022950,20260112-C816-A668-LARGE-#1,2026-01-12
2026-01-17,80804701,A668,1,80804701|C816|A668|2026-01-11|net demand for forecast|022951,20260112-C816-A668-LARGE-#1,2026-01-12
2026-01-17,80804705,A668,7,80804705|C816|A668|2026-01-11|net demand for forecast|023013,20260112-C816-A668-LARGE-#1,2026-01-12
2026-01-17,80848025,A668,4,80848025|C816|A668|2026-01-11|net demand for forecast|023454,20260112-C816-A668-LARGE-#1,2026-01-12
2026-01-17,80884846,A668,1,80884846|C816|A668|2026-01-08|net demand for safety|019199,20260112-C816-A668-LARGE-#1,2026-01-12
2026-01-17,80885920,A668,10,80885920|C816|A668|2026-01-09|net demand for safety|020415,20260112-C816-A668-LARGE-#1,2026-01-12
2026-01-17,80804701,A668,24,80804701|C816|A668|2026-01-10|net demand for safety|021013,20260112-C816-A668-LARGE-#1,2026-01-12
2026-01-17,80804698,A668,31,80804698|C816|A668|2026-01-11|net demand for safety|022896,20260112-C816-A668-LARGE-#1,2026-01-12
2026-01-17,21121756,C937,1,21121756|C810|C937|2026-01-10|net demand for normal|020471,20260112-C810-C937-SMALL-#1,2026-01-12
2026-01-17,80804130,C937,1,80804130|C810|C937|2026-01-10|net demand for normal|020780,20260112-C810-C937-SMALL-#1,2026-01-12
2026-01-17,80804703,C937,1,80804703|C810|C937|2026-01-10|net demand for normal|021056,20260112-C810-C937-SMALL-#1,2026-01-12
2026-01-17,21121756,C937,1,21121756|C810|C937|2026-01-11|net demand for normal|021976,20260112-C810-C937-SMALL-#1,2026-01-12
2026-01-17,80807115,C937,2,80807115|C810|C937|2026-01-11|net demand for normal|023302,20260112-C810-C937-SMALL-#1,2026-01-12
2026-01-17,80807116,C937,4,80807116|C810|C937|2026-01-11|net demand for normal|023314,20260112-C810-C937-SMALL-#1,2026-01-12
2026-01-17,80848028,C937,2,80848028|C810|C937|2026-01-11|net demand for normal|023528,20260112-C810-C937-SMALL-#1,2026-01-12
2026-01-17,21132758,C937,3,21132758|C810|C937|2026-01-12|net demand for normal|023785,20260112-C810-C937-SMALL-#1,2026-01-12
2026-01-17,80805856,C937,1,80805856|C810|C937|2026-01-12|net demand for normal|024478,20260112-C810-C937-SMALL-#1,2026-01-12
2026-01-17,80807116,C937,16,80807116|C810|C937|2026-01-12|net demand for normal|024746,20260112-C810-C937-SMALL-#1,2026-01-12
2026-01-17,21121756,C937,1,21121756|C810|C937|2026-01-10|net demand for forecast|020466,20260112-C810-C937-SMALL-#1,2026-01-12
2026-01-17,21121756,C937,1,21121756|C810|C937|2026-01-10|net demand for forecast|020467,20260112-C810-C937-SMALL-#1,2026-01-12
2026-01-17,21121756,C937,1,21121756|C810|C937|2026-01-10|net demand for forecast|020468,20260112-C810-C937-SMALL-#1,2026-01-12
2026-01-17,21121756,C937,1,21121756|C810|C937|2026-01-10|net demand for forecast|020469,20260112-C810-C937-SMALL-#1,2026-01-12
2026-01-17,21121756,C937,1,21121756|C810|C937|2026-01-10|net demand for forecast|020470,20260112-C810-C937-SMALL-#1,2026-01-12
2026-01-17,21132758,C937,2,21132758|C810|C937|2026-01-10|net demand for forecast|020484,20260112-C810-C937-SMALL-#1,2026-01-12
2026-01-17,21132758,C937,3,21132758|C810|C937|2026-01-10|net demand for forecast|020485,20260112-C810-C937-SMALL-#1,2026-01-12
2026-01-17,21132758,C937,3,21132758|C810|C937|2026-01-10|net demand for forecast|020486,20260112-C810-C937-SMALL-#1,2026-01-12
2026-01-17,21132758,C937,3,21132758|C810|C937|2026-01-10|net demand for forecast|020487,20260112-C810-C937-SMALL-#1,2026-01-12
2026-01-17,21132758,C937,3,21132758|C810|C937|2026-01-10|net demand for forecast|020488,20260112-C810-C937-SMALL-#1,2026-01-12
2026-01-17,21132758,C937,3,21132758|C810|C937|2026-01-10|net demand for forecast|020489,20260112-C810-C937-SMALL-#1,2026-01-12
2026-01-17,21132758,C937,3,21132758|C810|C937|2026-01-10|net demand for forecast|020490,20260112-C810-C937-SMALL-#1,2026-01-12
2026-01-17,21315350,C937,2,21315350|C810|C937|2026-01-10|net demand for forecast|020639,20260112-C810-C937-SMALL-#1,2026-01-12
2026-01-17,21315350,C937,2,21315350|C810|C937|2026-01-10|net demand for forecast|020641,20260112-C810-C937-SMALL-#1,2026-01-12
2026-01-17,21315350,C937,2,21315350|C810|C937|2026-01-10|net demand for forecast|020642,20260112-C810-C937-SMALL-#1,2026-01-12
2026-01-17,21315350,C937,2,21315350|C810|C937|2026-01-10|net demand for forecast|020643,20260112-C810-C937-SMALL-#1,2026-01-12
2026-01-17,21315350,C937,2,21315350|C810|C937|2026-01-10|net demand for forecast|020644,20260112-C810-C937-SMALL-#1,2026-01-12
2026-01-17,21315350,C937,2,21315350|C810|C937|2026-01-10|net demand for forecast|020645,20260112-C810-C937-SMALL-#1,2026-01-12
2026-01-17,80804133,C937,1,80804133|C810|C937|2026-01-10|net demand for forecast|020811,20260112-C810-C937-SMALL-#1,2026-01-12
2026-01-17,80804133,C937,1,80804133|C810|C937|2026-01-10|net demand for forecast|020812,20260112-C810-C937-SMALL-#1,2026-01-12
2026-01-17,80804133,C937,1,80804133|C810|C937|2026-01-10|net demand for forecast|020813,20260112-C810-C937-SMALL-#1,2026-01-12
2026-01-17,80804133,C937,1,80804133|C810|C937|2026-01-10|net demand for forecast|020814,20260112-C810-C937-SMALL-#1,2026-01-12
2026-01-17,80804133,C937,1,80804133|C810|C937|2026-01-10|net demand for forecast|020815,20260112-C810-C937-SMALL-#1,2026-01-12
2026-01-17,80804133,C937,1,80804133|C810|C937|2026-01-10|net demand for forecast|020816,20260112-C810-C937-SMALL-#1,2026-01-12
2026-01-17,80804133,C937,1,80804133|C810|C937|2026-01-10|net demand for forecast|020817,20260112-C810-C937-SMALL-#1,2026-01-12
2026-01-17,80804701,C937,1,80804701|C810|C937|2026-01-10|net demand for forecast|021001,20260112-C810-C937-SMALL-#1,2026-01-12
2026-01-17,80804701,C937,1,80804701|C810|C937|2026-01-10|net demand for forecast|021002,20260112-C810-C937-SMALL-#1,2026-01-12
2026-01-17,80804701,C937,1,80804701|C810|C937|2026-01-10|net demand for forecast|021004,20260112-C810-C937-SMALL-#1,2026-01-12
2026-01-17,80804701,C937,1,80804701|C810|C937|2026-01-10|net demand for forecast|021005,20260112-C810-C937-SMALL-#1,2026-01-12
2026-01-17,80804701,C937,1,80804701|C810|C937|2026-01-10|net demand for forecast|021006,20260112-C810-C937-SMALL-#1,2026-01-12
2026-01-17,80804703,C937,1,80804703|C810|C937|2026-01-10|net demand for forecast|021050,20260112-C810-C937-SMALL-#1,2026-01-12
2026-01-17,80804703,C937,1,80804703|C810|C937|2026-01-10|net demand for forecast|021052,20260112-C810-C937-SMALL-#1,2026-01-12
2026-01-17,80804703,C937,1,80804703|C810|C937|2026-01-10|net demand for forecast|021053,20260112-C810-C937-SMALL-#1,2026-01-12
2026-01-17,80804703,C937,1,80804703|C810|C937|2026-01-10|net demand for forecast|021054,20260112-C810-C937-SMALL-#1,2026-01-12
2026-01-17,80804703,C937,1,80804703|C810|C937|2026-01-10|net demand for forecast|021055,20260112-C810-C937-SMALL-#1,2026-01-12
2026-01-17,80804704,C937,1,80804704|C810|C937|2026-01-10|net demand for forecast|021070,20260112-C810-C937-SMALL-#1,2026-01-12
2026-01-17,80804704,C937,1,80804704|C810|C937|2026-01-10|net demand for forecast|021071,20260112-C810-C937-SMALL-#1,2026-01-12
2026-01-17,80804704,C937,1,80804704|C810|C937|2026-01-10|net demand for forecast|021072,20260112-C810-C937-SMALL-#1,2026-01-12
2026-01-17,80804704,C937,1,80804704|C810|C937|2026-01-10|net demand for forecast|021073,20260112-C810-C937-SMALL-#1,2026-01-12
2026-01-17,80804704,C937,1,80804704|C810|C937|2026-01-10|net demand for forecast|021074,20260112-C810-C937-SMALL-#1,2026-01-12
2026-01-17,80804704,C937,1,80804704|C810|C937|2026-01-10|net demand for forecast|021076,20260112-C810-C937-SMALL-#1,2026-01-12
2026-01-17,80807110,C937,1,80807110|C810|C937|2026-01-10|net demand for forecast|021373,20260112-C810-C937-SMALL-#1,2026-01-12
2026-01-17,80807110,C937,1,80807110|C810|C937|2026-01-10|net demand for forecast|021374,20260112-C810-C937-SMALL-#1,2026-01-12
2026-01-17,80807110,C937,1,80807110|C810|C937|2026-01-10|net demand for forecast|021375,20260112-C810-C937-SMALL-#1,2026-01-12
2026-01-17,80807110,C937,1,80807110|C810|C937|2026-01-10|net demand for forecast|021376,20260112-C810-C937-SMALL-#1,2026-01-12
2026-01-17,80807110,C937,1,80807110|C810|C937|2026-01-10|net demand for forecast|021378,20260112-C810-C937-SMALL-#1,2026-01-12
2026-01-17,80807110,C937,1,80807110|C810|C937|2026-01-10|net demand for forecast|021379,20260112-C810-C937-SMALL-#1,2026-01-12
2026-01-17,80807112,C937,1,80807112|C810|C937|2026-01-10|net demand for forecast|021392,20260112-C810-C937-SMALL-#1,2026-01-12
2026-01-17,80807112,C937,1,80807112|C810|C937|2026-01-10|net demand for forecast|021393,20260112-C810-C937-SMALL-#1,2026-01-12
2026-01-17,80807112,C937,1,80807112|C810|C937|2026-01-10|net demand for forecast|021394,20260112-C810-C937-SMALL-#1,2026-01-12
2026-01-17,80807112,C937,1,80807112|C810|C937|2026-01-10|net demand for forecast|021395,20260112-C810-C937-SMALL-#1,2026-01-12
2026-01-17,80807112,C937,1,80807112|C810|C937|2026-01-10|net demand for forecast|021396,20260112-C810-C937-SMALL-#1,2026-01-12
2026-01-17,80807112,C937,1,80807112|C810|C937|2026-01-10|net demand for forecast|021397,20260112-C810-C937-SMALL-#1,2026-01-12
2026-01-17,80807112,C937,2,80807112|C810|C937|2026-01-10|net demand for forecast|021398,20260112-C810-C937-SMALL-#1,2026-01-12
2026-01-17,80807118,C937,1,80807118|C810|C937|2026-01-10|net demand for forecast|021437,20260112-C810-C937-SMALL-#1,2026-01-12
2026-01-17,80807118,C937,1,80807118|C810|C937|2026-01-10|net demand for forecast|021438,20260112-C810-C937-SMALL-#1,2026-01-12
2026-01-17,80807118,C937,1,80807118|C810|C937|2026-01-10|net demand for forecast|021439,20260112-C810-C937-SMALL-#1,2026-01-12
2026-01-17,80807118,C937,1,80807118|C810|C937|2026-01-10|net demand for forecast|021440,20260112-C810-C937-SMALL-#1,2026-01-12
2026-01-17,80807118,C937,1,80807118|C810|C937|2026-01-10|net demand for forecast|021441,20260112-C810-C937-SMALL-#1,2026-01-12
2026-01-17,80807118,C937,1,80807118|C810|C937|2026-01-10|net demand for forecast|021442,20260112-C810-C937-SMALL-#1,2026-01-12
2026-01-17,80807118,C937,1,80807118|C810|C937|2026-01-10|net demand for forecast|021443,20260112-C810-C937-SMALL-#1,2026-01-12
2026-01-17,80812840,C937,1,80812840|C810|C937|2026-01-10|net demand for forecast|021488,20260112-C810-C937-SMALL-#1,2026-01-12
2026-01-17,80812840,C937,1,80812840|C810|C937|2026-01-10|net demand for forecast|021490,20260112-C810-C937-SMALL-#1,2026-01-12
2026-01-17,80812840,C937,1,80812840|C810|C937|2026-01-10|net demand for forecast|021491,20260112-C810-C937-SMALL-#1,2026-01-12
2026-01-17,80812840,C937,1,80812840|C810|C937|2026-01-10|net demand for forecast|021492,20260112-C810-C937-SMALL-#1,2026-01-12
2026-01-17,80812840,C937,1,80812840|C810|C937|2026-01-10|net demand for forecast|021493,20260112-C810-C937-SMALL-#1,2026-01-12
2026-01-17,80812840,C937,1,80812840|C810|C937|2026-01-10|net demand for forecast|021494,20260112-C810-C937-SMALL-#1,2026-01-12
2026-01-17,80848022,C937,1,80848022|C810|C937|2026-01-10|net demand for forecast|021565,20260112-C810-C937-SMALL-#1,2026-01-12
2026-01-17,80848022,C937,1,80848022|C810|C937|2026-01-10|net demand for forecast|021566,20260112-C810-C937-SMALL-#1,2026-01-12
2026-01-17,80848022,C937,1,80848022|C810|C937|2026-01-10|net demand for forecast|021567,20260112-C810-C937-SMALL-#1,2026-01-12
2026-01-17,80848022,C937,1,80848022|C810|C937|2026-01-10|net demand for forecast|021568,20260112-C810-C937-SMALL-#1,2026-01-12
2026-01-17,80848022,C937,1,80848022|C810|C937|2026-01-10|net demand for forecast|021569,20260112-C810-C937-SMALL-#1,2026-01-12
2026-01-17,80848022,C937,1,80848022|C810|C937|2026-01-10|net demand for forecast|021570,20260112-C810-C937-SMALL-#1,2026-01-12
2026-01-17,80848022,C937,1,80848022|C810|C937|2026-01-10|net demand for forecast|021571,20260112-C810-C937-SMALL-#1,2026-01-12
2026-01-17,80848026,C937,2,80848026|C810|C937|2026-01-10|net demand for forecast|021739,20260112-C810-C937-SMALL-#1,2026-01-12
2026-01-17,80848026,C937,2,80848026|C810|C937|2026-01-10|net demand for forecast|021740,20260112-C810-C937-SMALL-#1,2026-01-12
2026-01-17,80848026,C937,2,80848026|C810|C937|2026-01-10|net demand for forecast|021741,20260112-C810-C937-SMALL-#1,2026-01-12
2026-01-17,80848026,C937,2,80848026|C810|C937|2026-01-10|net demand for forecast|021742,20260112-C810-C937-SMALL-#1,2026-01-12
2026-01-17,80848026,C937,2,80848026|C810|C937|2026-01-10|net demand for forecast|021743,20260112-C810-C937-SMALL-#1,2026-01-12
2026-01-17,80848026,C937,2,80848026|C810|C937|2026-01-10|net demand for forecast|021744,20260112-C810-C937-SMALL-#1,2026-01-12
2026-01-17,80848026,C937,2,80848026|C810|C937|2026-01-10|net demand for forecast|021745,20260112-C810-C937-SMALL-#1,2026-01-12
2026-01-17,21029016,C937,1,21029016|C810|C937|2026-01-11|net demand for forecast|021830,20260112-C810-C937-SMALL-#1,2026-01-12
2026-01-17,21029016,C937,1,21029016|C810|C937|2026-01-11|net demand for forecast|021831,20260112-C810-C937-SMALL-#1,2026-01-12
2026-01-17,21029016,C937,1,21029016|C810|C937|2026-01-11|net demand for forecast|021832,20260112-C810-C937-SMALL-#1,2026-01-12
2026-01-17,21029016,C937,1,21029016|C810|C937|2026-01-11|net demand for forecast|021833,20260112-C810-C937-SMALL-#1,2026-01-12
2026-01-17,21121756,C937,1,21121756|C810|C937|2026-01-11|net demand for forecast|021971,20260112-C810-C937-SMALL-#1,2026-01-12
2026-01-17,21121756,C937,1,21121756|C810|C937|2026-01-11|net demand for forecast|021973,20260112-C810-C937-SMALL-#1,2026-01-12
2026-01-17,21121756,C937,1,21121756|C810|C937|2026-01-11|net demand for forecast|021975,20260112-C810-C937-SMALL-#1,2026-01-12
2026-01-17,21132758,C937,1,21132758|C810|C937|2026-01-11|net demand for forecast|022062,20260112-C810-C937-SMALL-#1,2026-01-12
2026-01-17,21315350,C937,1,21315350|C810|C937|2026-01-11|net demand for forecast|022387,20260112-C810-C937-SMALL-#1,2026-01-12
2026-01-17,21315350,C937,1,21315350|C810|C937|2026-01-11|net demand for forecast|022388,20260112-C810-C937-SMALL-#1,2026-01-12
2026-01-17,21315350,C937,1,21315350|C810|C937|2026-01-11|net demand for forecast|022389,20260112-C810-C937-SMALL-#1,2026-01-12
2026-01-17,21315350,C937,1,21315350|C810|C937|2026-01-11|net demand for forecast|022390,20260112-C810-C937-SMALL-#1,2026-01-12
2026-01-17,21315350,C937,1,21315350|C810|C937|2026-01-11|net demand for forecast|022391,20260112-C810-C937-SMALL-#1,2026-01-12
2026-01-17,21315350,C937,1,21315350|C810|C937|2026-01-11|net demand for forecast|022392,20260112-C810-C937-SMALL-#1,2026-01-12
2026-01-17,21315350,C937,1,21315350|C810|C937|2026-01-11|net demand for forecast|022393,20260112-C810-C937-SMALL-#1,2026-01-12
2026-01-17,80804133,C937,1,80804133|C810|C937|2026-01-11|net demand for forecast|022824,20260112-C810-C937-SMALL-#1,2026-01-12
2026-01-17,80804133,C937,1,80804133|C810|C937|2026-01-11|net demand for forecast|022825,20260112-C810-C937-SMALL-#1,2026-01-12
2026-01-17,80804133,C937,1,80804133|C810|C937|2026-01-11|net demand for forecast|022826,20260112-C810-C937-SMALL-#1,2026-01-12
2026-01-17,80804133,C937,1,80804133|C810|C937|2026-01-11|net demand for forecast|022829,20260112-C810-C937-SMALL-#1,2026-01-12
2026-01-17,80804133,C937,1,80804133|C810|C937|2026-01-11|net demand for forecast|022830,20260112-C810-C937-SMALL-#1,2026-01-12
2026-01-17,80804701,C937,1,80804701|C810|C937|2026-01-11|net demand for forecast|022937,20260112-C810-C937-SMALL-#1,2026-01-12
2026-01-17,80804701,C937,1,80804701|C810|C937|2026-01-11|net demand for forecast|022938,20260112-C810-C937-SMALL-#1,2026-01-12
2026-01-17,80804701,C937,1,80804701|C810|C937|2026-01-11|net demand for forecast|022940,20260112-C810-C937-SMALL-#1,2026-01-12
2026-01-17,80804701,C937,1,80804701|C810|C937|2026-01-11|net demand for forecast|022941,20260112-C810-C937-SMALL-#1,2026-01-12
2026-01-17,80804704,C937,1,80804704|C810|C937|2026-01-11|net demand for forecast|022998,20260112-C810-C937-SMALL-#1,2026-01-12
2026-01-17,80804704,C937,1,80804704|C810|C937|2026-01-11|net demand for forecast|023002,20260112-C810-C937-SMALL-#1,2026-01-12
2026-01-17,80804704,C937,1,80804704|C810|C937|2026-01-11|net demand for forecast|023003,20260112-C810-C937-SMALL-#1,2026-01-12
2026-01-17,80804704,C937,1,80804704|C810|C937|2026-01-11|net demand for forecast|023004,20260112-C810-C937-SMALL-#1,2026-01-12
2026-01-17,80804706,C937,1,80804706|C810|C937|2026-01-11|net demand for forecast|023087,20260112-C810-C937-SMALL-#1,2026-01-12
2026-01-17,80804706,C937,1,80804706|C810|C937|2026-01-11|net demand for forecast|023088,20260112-C810-C937-SMALL-#1,2026-01-12
2026-01-17,80807102,C937,1,80807102|C810|C937|2026-01-11|net demand for forecast|023215,20260112-C810-C937-SMALL-#1,2026-01-12
2026-01-17,80807102,C937,1,80807102|C810|C937|2026-01-11|net demand for forecast|023216,20260112-C810-C937-SMALL-#1,2026-01-12
2026-01-17,80807102,C937,1,80807102|C810|C937|2026-01-11|net demand for forecast|023217,20260112-C810-C937-SMALL-#1,2026-01-12
2026-01-17,80807102,C937,1,80807102|C810|C937|2026-01-11|net demand for forecast|023218,20260112-C810-C937-SMALL-#1,2026-01-12
2026-01-17,80807102,C937,1,80807102|C810|C937|2026-01-11|net demand for forecast|023219,20260112-C810-C937-SMALL-#1,2026-01-12
2026-01-17,80807102,C937,1,80807102|C810|C937|2026-01-11|net demand for forecast|023220,20260112-C810-C937-SMALL-#1,2026-01-12
2026-01-17,80807102,C937,1,80807102|C810|C937|2026-01-11|net demand for forecast|023221,20260112-C810-C937-SMALL-#1,2026-01-12
2026-01-17,80807110,C937,1,80807110|C810|C937|2026-01-11|net demand for forecast|023239,20260112-C810-C937-SMALL-#1,2026-01-12
2026-01-17,80807110,C937,1,80807110|C810|C937|2026-01-11|net demand for forecast|023240,20260112-C810-C937-SMALL-#1,2026-01-12
2026-01-17,80807110,C937,1,80807110|C810|C937|2026-01-11|net demand for forecast|023241,20260112-C810-C937-SMALL-#1,2026-01-12
2026-01-17,80807110,C937,1,80807110|C810|C937|2026-01-11|net demand for forecast|023242,20260112-C810-C937-SMALL-#1,2026-01-12
2026-01-17,80807110,C937,1,80807110|C810|C937|2026-01-11|net demand for forecast|023243,20260112-C810-C937-SMALL-#1,2026-01-12
2026-01-17,80807110,C937,1,80807110|C810|C937|2026-01-11|net demand for forecast|023244,20260112-C810-C937-SMALL-#1,2026-01-12
2026-01-17,80807110,C937,1,80807110|C810|C937|2026-01-11|net demand for forecast|023245,20260112-C810-C937-SMALL-#1,2026-01-12
2026-01-17,80807113,C937,1,80807113|C810|C937|2026-01-11|net demand for forecast|023276,20260112-C810-C937-SMALL-#1,2026-01-12
2026-01-17,80807113,C937,1,80807113|C810|C937|2026-01-11|net demand for forecast|023277,20260112-C810-C937-SMALL-#1,2026-01-12
2026-01-17,80807113,C937,1,80807113|C810|C937|2026-01-11|net demand for forecast|023278,20260112-C810-C937-SMALL-#1,2026-01-12
2026-01-17,80807113,C937,1,80807113|C810|C937|2026-01-11|net demand for forecast|023279,20260112-C810-C937-SMALL-#1,2026-01-12
2026-01-17,80807113,C937,1,80807113|C810|C937|2026-01-11|net demand for forecast|023280,20260112-C810-C937-SMALL-#1,2026-01-12
2026-01-17,80807113,C937,1,80807113|C810|C937|2026-01-11|net demand for forecast|023281,20260112-C810-C937-SMALL-#1,2026-01-12
2026-01-17,80807113,C937,1,80807113|C810|C937|2026-01-11|net demand for forecast|023282,20260112-C810-C937-SMALL-#1,2026-01-12
2026-01-17,80807116,C937,2,80807116|C810|C937|2026-01-11|net demand for forecast|023307,20260112-C810-C937-SMALL-#1,2026-01-12
2026-01-17,80807116,C937,2,80807116|C810|C937|2026-01-11|net demand for forecast|023309,20260112-C810-C937-SMALL-#1,2026-01-12
2026-01-17,80807116,C937,2,80807116|C810|C937|2026-01-11|net demand for forecast|023311,20260112-C810-C937-SMALL-#1,2026-01-12
2026-01-17,80807116,C937,3,80807116|C810|C937|2026-01-11|net demand for forecast|023312,20260112-C810-C937-SMALL-#1,2026-01-12
2026-01-17,80807116,C937,3,80807116|C810|C937|2026-01-11|net demand for forecast|023313,20260112-C810-C937-SMALL-#1,2026-01-12
2026-01-17,80848022,C937,1,80848022|C810|C937|2026-01-11|net demand for forecast|023413,20260112-C810-C937-SMALL-#1,2026-01-12
2026-01-17,80848022,C937,1,80848022|C810|C937|2026-01-11|net demand for forecast|023414,20260112-C810-C937-SMALL-#1,2026-01-12
2026-01-17,80848022,C937,1,80848022|C810|C937|2026-01-11|net demand for forecast|023415,20260112-C810-C937-SMALL-#1,2026-01-12
2026-01-17,80848022,C937,1,80848022|C810|C937|2026-01-11|net demand for forecast|023417,20260112-C810-C937-SMALL-#1,2026-01-12
2026-01-17,80848022,C937,1,80848022|C810|C937|2026-01-11|net demand for forecast|023418,20260112-C810-C937-SMALL-#1,2026-01-12
2026-01-17,80848022,C937,1,80848022|C810|C937|2026-01-11|net demand for forecast|023419,20260112-C810-C937-SMALL-#1,2026-01-12
2026-01-17,80848028,C937,2,80848028|C810|C937|2026-01-11|net demand for forecast|023521,20260112-C810-C937-SMALL-#1,2026-01-12
2026-01-17,80848028,C937,2,80848028|C810|C937|2026-01-11|net demand for forecast|023522,20260112-C810-C937-SMALL-#1,2026-01-12
2026-01-17,80848028,C937,3,80848028|C810|C937|2026-01-11|net demand for forecast|023523,20260112-C810-C937-SMALL-#1,2026-01-12
2026-01-17,80848028,C937,3,80848028|C810|C937|2026-01-11|net demand for forecast|023524,20260112-C810-C937-SMALL-#1,2026-01-12
2026-01-17,80848028,C937,3,80848028|C810|C937|2026-01-11|net demand for forecast|023525,20260112-C810-C937-SMALL-#1,2026-01-12
2026-01-17,80848028,C937,3,80848028|C810|C937|2026-01-11|net demand for forecast|023526,20260112-C810-C937-SMALL-#1,2026-01-12
2026-01-17,80848028,C937,3,80848028|C810|C937|2026-01-11|net demand for forecast|023527,20260112-C810-C937-SMALL-#1,2026-01-12
2026-01-17,80804132,C937,1,80804132|C810|C937|2026-01-12|net demand for forecast|024211,20260112-C810-C937-SMALL-#1,2026-01-12
2026-01-17,80804132,C937,1,80804132|C810|C937|2026-01-12|net demand for forecast|024212,20260112-C810-C937-SMALL-#1,2026-01-12
2026-01-17,80804132,C937,1,80804132|C810|C937|2026-01-12|net demand for forecast|024214,20260112-C810-C937-SMALL-#1,2026-01-12
2026-01-17,80804132,C937,1,80804132|C810|C937|2026-01-12|net demand for forecast|024215,20260112-C810-C937-SMALL-#1,2026-01-12
2026-01-17,80804132,C937,1,80804132|C810|C937|2026-01-12|net demand for forecast|024216,20260112-C810-C937-SMALL-#1,2026-01-12
2026-01-17,80804132,C937,1,80804132|C810|C937|2026-01-12|net demand for forecast|024217,20260112-C810-C937-SMALL-#1,2026-01-12
2026-01-17,80804698,C937,1,80804698|C810|C937|2026-01-12|net demand for forecast|024307,20260112-C810-C937-SMALL-#1,2026-01-12
2026-01-17,80804698,C937,1,80804698|C810|C937|2026-01-12|net demand for forecast|024308,20260112-C810-C937-SMALL-#1,2026-01-12
2026-01-17,80804698,C937,1,80804698|C810|C937|2026-01-12|net demand for forecast|024309,20260112-C810-C937-SMALL-#1,2026-01-12
2026-01-17,80804705,C937,2,80804705|C810|C937|2026-01-12|net demand for forecast|024381,20260112-C810-C937-SMALL-#1,2026-01-12
2026-01-17,80804705,C937,2,80804705|C810|C937|2026-01-12|net demand for forecast|024383,20260112-C810-C937-SMALL-#1,2026-01-12
2026-01-17,80804705,C937,2,80804705|C810|C937|2026-01-12|net demand for forecast|024384,20260112-C810-C937-SMALL-#1,2026-01-12
2026-01-17,80804705,C937,2,80804705|C810|C937|2026-01-12|net demand for forecast|024385,20260112-C810-C937-SMALL-#1,2026-01-12
2026-01-17,80804705,C937,2,80804705|C810|C937|2026-01-12|net demand for forecast|024387,20260112-C810-C937-SMALL-#1,2026-01-12
2026-01-17,80812846,C937,1,80812846|C810|C937|2026-01-12|net demand for forecast|024821,20260112-C810-C937-SMALL-#1,2026-01-12
2026-01-17,80812846,C937,1,80812846|C810|C937|2026-01-12|net demand for forecast|024822,20260112-C810-C937-SMALL-#1,2026-01-12
2026-01-17,80812846,C937,1,80812846|C810|C937|2026-01-12|net demand for forecast|024823,20260112-C810-C937-SMALL-#1,2026-01-12
2026-01-17,80812846,C937,1,80812846|C810|C937|2026-01-12|net demand for forecast|024824,20260112-C810-C937-SMALL-#1,2026-01-12
2026-01-17,80812846,C937,1,80812846|C810|C937|2026-01-12|net demand for forecast|024825,20260112-C810-C937-SMALL-#1,2026-01-12
2026-01-17,80812846,C937,1,80812846|C810|C937|2026-01-12|net demand for forecast|024826,20260112-C810-C937-SMALL-#1,2026-01-12
2026-01-17,80848025,C937,1,80848025|C810|C937|2026-01-12|net demand for forecast|024944,20260112-C810-C937-SMALL-#1,2026-01-12
2026-01-17,80848025,C937,1,80848025|C810|C937|2026-01-12|net demand for forecast|024945,20260112-C810-C937-SMALL-#1,2026-01-12
2026-01-17,80848025,C937,1,80848025|C810|C937|2026-01-12|net demand for forecast|024946,20260112-C810-C937-SMALL-#1,2026-01-12
2026-01-17,80848025,C937,1,80848025|C810|C937|2026-01-12|net demand for forecast|024947,20260112-C810-C937-SMALL-#1,2026-01-12
2026-01-17,80848025,C937,1,80848025|C810|C937|2026-01-12|net demand for forecast|024949,20260112-C810-C937-SMALL-#1,2026-01-12
2026-01-17,21103372,C937,3,21103372|C810|C937|2026-01-10|net demand for safety|020455,20260112-C810-C937-SMALL-#1,2026-01-12
2026-01-17,21121756,C937,4,21121756|C810|C937|2026-01-10|net demand for safety|020472,20260112-C810-C937-SMALL-#1,2026-01-12
2026-01-17,21128067,C937,13,21128067|C810|C937|2026-01-10|net demand for safety|020480,20260112-C810-C937-SMALL-#1,2026-01-12
2026-01-17,21143103,C937,1,21143103|C810|C937|2026-01-10|net demand for safety|020559,20260112-C810-C937-SMALL-#1,2026-01-12
2026-01-17,21165868,C937,1,21165868|C810|C937|2026-01-10|net demand for safety|020604,20260112-C810-C937-SMALL-#1,2026-01-12
2026-01-17,21275914,C937,1,21275914|C810|C937|2026-01-10|net demand for safety|020618,20260112-C810-C937-SMALL-#1,2026-01-12
2026-01-17,80804703,C937,1,80804703|C810|C937|2026-01-10|net demand for safety|021057,20260112-C810-C937-SMALL-#1,2026-01-12
2026-01-17,80804706,C937,1,80804706|C810|C937|2026-01-10|net demand for safety|021233,20260112-C810-C937-SMALL-#1,2026-01-12
2026-01-17,80807112,C937,20,80807112|C810|C937|2026-01-10|net demand for safety|021399,20260112-C810-C937-SMALL-#1,2026-01-12
2026-01-17,80807113,C937,22,80807113|C810|C937|2026-01-10|net demand for safety|021409,20260112-C810-C937-SMALL-#1,2026-01-12
2026-01-17,80807118,C937,13,80807118|C810|C937|2026-01-10|net demand for safety|021444,20260112-C810-C937-SMALL-#1,2026-01-12
2026-01-17,80812840,C937,4,80812840|C810|C937|2026-01-10|net demand for safety|021495,20260112-C810-C937-SMALL-#1,2026-01-12
2026-01-17,21098519,C937,3,21098519|C810|C937|2026-01-11|net demand for safety|021839,20260112-C810-C937-SMALL-#1,2026-01-12
2026-01-17,21103371,C937,10,21103371|C810|C937|2026-01-11|net demand for safety|021843,20260112-C810-C937-SMALL-#1,2026-01-12
2026-01-17,21103372,C937,7,21103372|C810|C937|2026-01-11|net demand for safety|021854,20260112-C810-C937-SMALL-#1,2026-01-12
2026-01-17,21128067,C937,2,21128067|C810|C937|2026-01-11|net demand for safety|021984,20260112-C810-C937-SMALL-#1,2026-01-12
2026-01-17,21139445,C937,1,21139445|C810|C937|2026-01-11|net demand for safety|022106,20260112-C810-C937-SMALL-#1,2026-01-12
2026-01-17,21165868,C937,1,21165868|C810|C937|2026-01-11|net demand for safety|022236,20260112-C810-C937-SMALL-#1,2026-01-12
2026-01-17,80804706,C937,2,80804706|C810|C937|2026-01-11|net demand for safety|023089,20260112-C810-C937-SMALL-#1,2026-01-12
2026-01-17,80807102,C937,2,80807102|C810|C937|2026-01-11|net demand for safety|023222,20260112-C810-C937-SMALL-#1,2026-01-12
2026-01-17,80807113,C937,3,80807113|C810|C937|2026-01-11|net demand for safety|023283,20260112-C810-C937-SMALL-#1,2026-01-12
2026-01-17,80848028,C937,27,80848028|C810|C937|2026-01-11|net demand for safety|023529,20260112-C810-C937-SMALL-#1,2026-01-12
2026-01-17,21098519,C937,4,21098519|C810|C937|2026-01-12|net demand for safety|023711,20260112-C810-C937-SMALL-#1,2026-01-12
2026-01-17,21103372,C937,2,21103372|C810|C937|2026-01-12|net demand for safety|023715,20260112-C810-C937-SMALL-#1,2026-01-12
2026-01-17,21137866,C937,18,21137866|C810|C937|2026-01-12|net demand for safety|023872,20260112-C810-C937-SMALL-#1,2026-01-12
2026-01-17,21165946,C937,2,21165946|C810|C937|2026-01-12|net demand for safety|024049,20260112-C810-C937-SMALL-#1,2026-01-12
2026-01-17,21176384,C937,1,21176384|C810|C937|2026-01-12|net demand for safety|024056,20260112-C810-C937-SMALL-#1,2026-01-12
2026-01-17,21275914,C937,2,21275914|C810|C937|2026-01-12|net demand for safety|024075,20260112-C810-C937-SMALL-#1,2026-01-12
2026-01-17,80804698,C937,6,80804698|C810|C937|2026-01-12|net demand for safety|024310,20260112-C810-C937-SMALL-#1,2026-01-12
2026-01-17,80804705,C937,33,80804705|C810|C937|2026-01-12|net demand for safety|024388,20260112-C810-C937-SMALL-#1,2026-01-12
2026-01-17,80807091,C937,15,80807091|C810|C937|2026-01-12|net demand for safety|024497,20260112-C810-C937-SMALL-#1,2026-01-12
2026-01-17,80807093,C937,1,80807093|C810|C937|2026-01-12|net demand for safety|024511,20260112-C810-C937-SMALL-#1,2026-01-12
2026-01-17,80812846,C937,21,80812846|C810|C937|2026-01-12|net demand for safety|024827,20260112-C810-C937-SMALL-#1,2026-01-12
2026-01-17,80848025,C937,12,80848025|C810|C937|2026-01-12|net demand for safety|024951,20260112-C810-C937-SMALL-#1,2026-01-12
2026-01-17,21325164,A668,1,21325164|0386|A668|2026-01-12|net demand for normal|024132,20260112-0386-A668-Train-#1,2026-01-12
2026-01-17,80807116,A668,8,80807116|0386|A668|2026-01-12|net demand for forecast|024577,20260112-0386-A668-Train-#1,2026-01-12
2026-01-17,80807116,A668,11,80807116|0386|A668|2026-01-12|net demand for forecast|024578,20260112-0386-A668-Train-#1,2026-01-12
2026-01-17,80807116,A668,18,80807116|0386|A668|2026-01-12|net demand for forecast|024579,20260112-0386-A668-Train-#1,2026-01-12
2026-01-17,80807116,A668,21,80807116|0386|A668|2026-01-12|net demand for forecast|024580,20260112-0386-A668-Train-#1,2026-01-12
2026-01-17,80807116,A668,23,80807116|0386|A668|2026-01-12|net demand for forecast|024581,20260112-0386-A668-Train-#1,2026-01-12
2026-01-17,80807116,A668,23,80807116|0386|A668|2026-01-12|net demand for forecast|024582,20260112-0386-A668-Train-#1,2026-01-12
2026-01-17,80807116,A668,24,80807116|0386|A668|2026-01-12|net demand for forecast|024583,20260112-0386-A668-Train-#1,2026-01-12
2026-01-17,80807116,A668,24,80807116|0386|A668|2026-01-12|net demand for forecast|024584,20260112-0386-A668-Train-#1,2026-01-12
2026-01-17,80807116,A668,24,80807116|0386|A668|2026-01-12|net demand for forecast|024585,20260112-0386-A668-Train-#1,2026-01-12
2026-01-17,80807116,A668,24,80807116|0386|A668|2026-01-12|net demand for forecast|024586,20260112-0386-A668-Train-#1,2026-01-12
2026-01-17,80848027,A668,1,80848027|0386|A668|2026-01-12|net demand for forecast|025034,20260112-0386-A668-Train-#1,2026-01-12
2026-01-17,80848027,A668,1,80848027|0386|A668|2026-01-12|net demand for forecast|025035,20260112-0386-A668-Train-#1,2026-01-12
2026-01-17,80848027,A668,1,80848027|0386|A668|2026-01-12|net demand for forecast|025036,20260112-0386-A668-Train-#1,2026-01-12
2026-01-17,80848027,A668,1,80848027|0386|A668|2026-01-12|net demand for forecast|025037,20260112-0386-A668-Train-#1,2026-01-12
2026-01-17,80848027,A668,1,80848027|0386|A668|2026-01-12|net demand for forecast|025038,20260112-0386-A668-Train-#1,2026-01-12
2026-01-17,21128377,A668,50,21128377|0386|A668|2026-01-12|net demand for safety|023768,20260112-0386-A668-Train-#1,2026-01-12
2026-01-17,21132988,A668,19,21132988|0386|A668|2026-01-12|net demand for safety|023791,20260112-0386-A668-Train-#1,2026-01-12
2026-01-17,21141769,A668,32,21141769|0386|A668|2026-01-12|net demand for safety|023897,20260112-0386-A668-Train-#1,2026-01-12
2026-01-17,21143102,A668,3,21143102|0386|A668|2026-01-12|net demand for safety|024002,20260112-0386-A668-Train-#1,2026-01-12
2026-01-17,21255844,A668,10,21255844|0386|A668|2026-01-12|net demand for safety|024058,20260112-0386-A668-Train-#1,2026-01-12
2026-01-17,80807116,A668,218,80807116|0386|A668|2026-01-12|net demand for safety|024587,20260112-0386-A668-Train-#1,2026-01-12
2026-01-17,80848027,A668,4,80848027|0386|A668|2026-01-12|net demand for safety|025039,20260112-0386-A668-Train-#1,2026-01-12
2026-01-17,21113405,A668,100,21113405|0386|A668|2026-01-12|push replenishment|023726,20260112-0386-A668-Train-#1,2026-01-12
2026-01-17,21128377,A668,64,21128377|0386|A668|2026-01-12|push replenishment|023769,20260112-0386-A668-Train-#1,2026-01-12
2026-01-17,21141769,A668,12,21141769|0386|A668|2026-01-12|push replenishment|023898,20260112-0386-A668-Train-#1,2026-01-12
2026-01-17,21143102,A668,87,21143102|0386|A668|2026-01-12|push replenishment|024003,20260112-0386-A668-Train-#1,2026-01-12
2026-01-17,21255844,A668,126,21255844|0386|A668|2026-01-12|push replenishment|024059,20260112-0386-A668-Train-#1,2026-01-12
2026-01-17,80804138,A668,51,80804138|0386|A668|2026-01-12|push replenishment|024273,20260112-0386-A668-Train-#1,2026-01-12
2026-01-17,80807116,A668,279,80807116|0386|A668|2026-01-12|push replenishment|024588,20260112-0386-A668-Train-#1,2026-01-12
2026-01-17,80848027,A668,42,80848027|0386|A668|2026-01-12|push replenishment|025040,20260112-0386-A668-Train-#1,2026-01-12
2026-01-17,80848027,A673,1,80848027|0386|A673|2026-01-12|net demand for normal|025072,20260112-0386-A673-LARGE-#1,2026-01-12
2026-01-17,80804127,A673,1,80804127|0386|A673|2026-01-12|net demand for net demand for normal|024175,20260112-0386-A673-LARGE-#1,2026-01-12
2026-01-17,80848027,A673,1,80848027|0386|A673|2026-01-12|net demand for net demand for normal|025070,20260112-0386-A673-LARGE-#1,2026-01-12
2026-01-17,21141769,A673,3,21141769|0386|A673|2026-01-12|net demand for forecast|023903,20260112-0386-A673-LARGE-#1,2026-01-12
2026-01-17,21141769,A673,3,21141769|0386|A673|2026-01-12|net demand for forecast|023904,20260112-0386-A673-LARGE-#1,2026-01-12
2026-01-17,21141769,A673,3,21141769|0386|A673|2026-01-12|net demand for forecast|023905,20260112-0386-A673-LARGE-#1,2026-01-12
2026-01-17,21141769,A673,3,21141769|0386|A673|2026-01-12|net demand for forecast|023906,20260112-0386-A673-LARGE-#1,2026-01-12
2026-01-17,21141769,A673,3,21141769|0386|A673|2026-01-12|net demand for forecast|023907,20260112-0386-A673-LARGE-#1,2026-01-12
2026-01-17,21141769,A673,3,21141769|0386|A673|2026-01-12|net demand for forecast|023908,20260112-0386-A673-LARGE-#1,2026-01-12
2026-01-17,21141769,A673,3,21141769|0386|A673|2026-01-12|net demand for forecast|023910,20260112-0386-A673-LARGE-#1,2026-01-12
2026-01-17,21141769,A673,3,21141769|0386|A673|2026-01-12|net demand for forecast|023911,20260112-0386-A673-LARGE-#1,2026-01-12
2026-01-17,21141769,A673,3,21141769|0386|A673|2026-01-12|net demand for forecast|023912,20260112-0386-A673-LARGE-#1,2026-01-12
2026-01-17,80807116,A673,7,80807116|0386|A673|2026-01-12|net demand for forecast|024622,20260112-0386-A673-LARGE-#1,2026-01-12
2026-01-17,80807116,A673,9,80807116|0386|A673|2026-01-12|net demand for forecast|024623,20260112-0386-A673-LARGE-#1,2026-01-12
2026-01-17,80807116,A673,14,80807116|0386|A673|2026-01-12|net demand for forecast|024624,20260112-0386-A673-LARGE-#1,2026-01-12
2026-01-17,80807116,A673,14,80807116|0386|A673|2026-01-12|net demand for forecast|024625,20260112-0386-A673-LARGE-#1,2026-01-12
2026-01-17,80807116,A673,14,80807116|0386|A673|2026-01-12|net demand for forecast|024626,20260112-0386-A673-LARGE-#1,2026-01-12
2026-01-17,80807116,A673,14,80807116|0386|A673|2026-01-12|net demand for forecast|024627,20260112-0386-A673-LARGE-#1,2026-01-12
2026-01-17,80807116,A673,14,80807116|0386|A673|2026-01-12|net demand for forecast|024628,20260112-0386-A673-LARGE-#1,2026-01-12
2026-01-17,80807116,A673,14,80807116|0386|A673|2026-01-12|net demand for forecast|024629,20260112-0386-A673-LARGE-#1,2026-01-12
2026-01-17,80807116,A673,14,80807116|0386|A673|2026-01-12|net demand for forecast|024630,20260112-0386-A673-LARGE-#1,2026-01-12
2026-01-17,80848027,A673,1,80848027|0386|A673|2026-01-12|net demand for forecast|025056,20260112-0386-A673-LARGE-#1,2026-01-12
2026-01-17,80848027,A673,1,80848027|0386|A673|2026-01-12|net demand for forecast|025057,20260112-0386-A673-LARGE-#1,2026-01-12
2026-01-17,80848027,A673,2,80848027|0386|A673|2026-01-12|net demand for forecast|025058,20260112-0386-A673-LARGE-#1,2026-01-12
2026-01-17,80848027,A673,2,80848027|0386|A673|2026-01-12|net demand for forecast|025059,20260112-0386-A673-LARGE-#1,2026-01-12
2026-01-17,80848027,A673,2,80848027|0386|A673|2026-01-12|net demand for forecast|025060,20260112-0386-A673-LARGE-#1,2026-01-12
2026-01-17,80848027,A673,2,80848027|0386|A673|2026-01-12|net demand for forecast|025061,20260112-0386-A673-LARGE-#1,2026-01-12
2026-01-17,80848027,A673,2,80848027|0386|A673|2026-01-12|net demand for forecast|025062,20260112-0386-A673-LARGE-#1,2026-01-12
2026-01-17,80848027,A673,2,80848027|0386|A673|2026-01-12|net demand for forecast|025063,20260112-0386-A673-LARGE-#1,2026-01-12
2026-01-17,80848027,A673,2,80848027|0386|A673|2026-01-12|net demand for forecast|025064,20260112-0386-A673-LARGE-#1,2026-01-12
2026-01-17,80848027,A673,2,80848027|0386|A673|2026-01-12|net demand for forecast|025065,20260112-0386-A673-LARGE-#1,2026-01-12
2026-01-17,21118867,A673,1,21118867|0386|A673|2026-01-12|net demand for net demand for forecast|023745,20260112-0386-A673-LARGE-#1,2026-01-12
2026-01-17,21118867,A673,1,21118867|0386|A673|2026-01-12|net demand for net demand for forecast|023746,20260112-0386-A673-LARGE-#1,2026-01-12
2026-01-17,21118867,A673,1,21118867|0386|A673|2026-01-12|net demand for net demand for forecast|023747,20260112-0386-A673-LARGE-#1,2026-01-12
2026-01-17,21118867,A673,1,21118867|0386|A673|2026-01-12|net demand for net demand for forecast|023748,20260112-0386-A673-LARGE-#1,2026-01-12
2026-01-17,21118867,A673,1,21118867|0386|A673|2026-01-12|net demand for net demand for forecast|023749,20260112-0386-A673-LARGE-#1,2026-01-12
2026-01-17,21141769,A673,1,21141769|0386|A673|2026-01-12|net demand for net demand for forecast|023913,20260112-0386-A673-LARGE-#1,2026-01-12
2026-01-17,21141769,A673,1,21141769|0386|A673|2026-01-12|net demand for net demand for forecast|023915,20260112-0386-A673-LARGE-#1,2026-01-12
2026-01-17,21141769,A673,1,21141769|0386|A673|2026-01-12|net demand for net demand for forecast|023916,20260112-0386-A673-LARGE-#1,2026-01-12
2026-01-17,21141769,A673,1,21141769|0386|A673|2026-01-12|net demand for net demand for forecast|023917,20260112-0386-A673-LARGE-#1,2026-01-12
2026-01-17,21141769,A673,1,21141769|0386|A673|2026-01-12|net demand for net demand for forecast|023918,20260112-0386-A673-LARGE-#1,2026-01-12
2026-01-17,21141769,A673,1,21141769|0386|A673|2026-01-12|net demand for net demand for forecast|023919,20260112-0386-A673-LARGE-#1,2026-01-12
2026-01-17,21141769,A673,7,21141769|0386|A673|2026-01-12|net demand for net demand for forecast|023920,20260112-0386-A673-LARGE-#1,2026-01-12
2026-01-17,21141769,A673,7,21141769|0386|A673|2026-01-12|net demand for net demand for forecast|023921,20260112-0386-A673-LARGE-#1,2026-01-12
2026-01-17,21141769,A673,7,21141769|0386|A673|2026-01-12|net demand for net demand for forecast|023922,20260112-0386-A673-LARGE-#1,2026-01-12
2026-01-17,21141769,A673,7,21141769|0386|A673|2026-01-12|net demand for net demand for forecast|023923,20260112-0386-A673-LARGE-#1,2026-01-12
2026-01-17,80807116,A673,11,80807116|0386|A673|2026-01-12|net demand for net demand for forecast|024631,20260112-0386-A673-LARGE-#1,2026-01-12
2026-01-17,80807116,A673,24,80807116|0386|A673|2026-01-12|net demand for net demand for forecast|024632,20260112-0386-A673-LARGE-#1,2026-01-12
2026-01-17,80807116,A673,24,80807116|0386|A673|2026-01-12|net demand for net demand for forecast|024633,20260112-0386-A673-LARGE-#1,2026-01-12
2026-01-17,80807116,A673,25,80807116|0386|A673|2026-01-12|net demand for net demand for forecast|024634,20260112-0386-A673-LARGE-#1,2026-01-12
2026-01-17,80812846,A673,1,80812846|0386|A673|2026-01-12|net demand for net demand for forecast|024816,20260112-0386-A673-LARGE-#1,2026-01-12
2026-01-17,80812846,A673,1,80812846|0386|A673|2026-01-12|net demand for net demand for forecast|024817,20260112-0386-A673-LARGE-#1,2026-01-12
2026-01-17,80812846,A673,1,80812846|0386|A673|2026-01-12|net demand for net demand for forecast|024818,20260112-0386-A673-LARGE-#1,2026-01-12
2026-01-17,80812846,A673,1,80812846|0386|A673|2026-01-12|net demand for net demand for forecast|024819,20260112-0386-A673-LARGE-#1,2026-01-12
2026-01-17,80848027,A673,1,80848027|0386|A673|2026-01-12|net demand for net demand for forecast|025066,20260112-0386-A673-LARGE-#1,2026-01-12
2026-01-17,80848027,A673,2,80848027|0386|A673|2026-01-12|net demand for net demand for forecast|025067,20260112-0386-A673-LARGE-#1,2026-01-12
2026-01-17,80848027,A673,2,80848027|0386|A673|2026-01-12|net demand for net demand for forecast|025068,20260112-0386-A673-LARGE-#1,2026-01-12
2026-01-17,80848027,A673,2,80848027|0386|A673|2026-01-12|net demand for net demand for forecast|025069,20260112-0386-A673-LARGE-#1,2026-01-12
2026-01-17,21128377,A673,241,21128377|0386|A673|2026-01-12|net demand for safety|023773,20260112-0386-A673-LARGE-#1,2026-01-12
2026-01-17,21132988,A673,54,21132988|0386|A673|2026-01-12|net demand for safety|023793,20260112-0386-A673-LARGE-#1,2026-01-12
2026-01-17,21143102,A673,29,21143102|0386|A673|2026-01-12|net demand for safety|024006,20260112-0386-A673-LARGE-#1,2026-01-12
2026-01-17,21255844,A673,5,21255844|0386|A673|2026-01-12|net demand for safety|024062,20260112-0386-A673-LARGE-#1,2026-01-12
2026-01-17,80804138,A673,66,80804138|0386|A673|2026-01-12|net demand for safety|024278,20260112-0386-A673-LARGE-#1,2026-01-12
2026-01-17,80807116,A673,572,80807116|0386|A673|2026-01-12|net demand for safety|024636,20260112-0386-A673-LARGE-#1,2026-01-12
2026-01-17,80848027,A673,19,80848027|0386|A673|2026-01-12|net demand for safety|025073,20260112-0386-A673-LARGE-#1,2026-01-12
2026-01-17,21128377,A673,70,21128377|0386|A673|2026-01-12|net demand for net demand for safety|023772,20260112-0386-A673-LARGE-#1,2026-01-12
2026-01-17,21141769,A673,13,21141769|0386|A673|2026-01-12|net demand for net demand for safety|023924,20260112-0386-A673-LARGE-#1,2026-01-12
2026-01-17,21141769,A673,105,21141769|0386|A673|2026-01-12|net demand for net demand for safety|023925,20260112-0386-A673-LARGE-#1,2026-01-12
2026-01-17,21143102,A673,41,21143102|0386|A673|2026-01-12|net demand for net demand for safety|024005,20260112-0386-A673-LARGE-#1,2026-01-12
2026-01-17,21170683,A673,2,21170683|0386|A673|2026-01-12|net demand for net demand for safety|024051,20260112-0386-A673-LARGE-#1,2026-01-12
2026-01-17,80804138,A673,75,80804138|0386|A673|2026-01-12|net demand for net demand for safety|024277,20260112-0386-A673-LARGE-#1,2026-01-12
2026-01-17,80807116,A673,241,80807116|0386|A673|2026-01-12|net demand for net demand for safety|024635,20260112-0386-A673-LARGE-#1,2026-01-12
2026-01-17,80812099,A673,1,80812099|0386|A673|2026-01-12|net demand for net demand for safety|024772,20260112-0386-A673-LARGE-#1,2026-01-12
2026-01-17,80848027,A673,17,80848027|0386|A673|2026-01-12|net demand for net demand for safety|025071,20260112-0386-A673-LARGE-#1,2026-01-12
2026-01-17,21113405,A673,220,21113405|0386|A673|2026-01-12|push replenishment|023728,20260112-0386-A673-LARGE-#1,2026-01-12
2026-01-17,21128377,A673,177,21128377|0386|A673|2026-01-12|push replenishment|023774,20260112-0386-A673-LARGE-#1,2026-01-12
2026-01-17,21141769,A673,31,21141769|0386|A673|2026-01-12|push replenishment|023927,20260112-0386-A673-LARGE-#1,2026-01-12
2026-01-17,21143102,A673,223,21143102|0386|A673|2026-01-12|push replenishment|024007,20260112-0386-A673-LARGE-#1,2026-01-12
2026-01-17,21255844,A673,284,21255844|0386|A673|2026-01-12|push replenishment|024063,20260112-0386-A673-LARGE-#1,2026-01-12
2026-01-17,80804138,A673,138,80804138|0386|A673|2026-01-12|push replenishment|024279,20260112-0386-A673-LARGE-#1,2026-01-12
2026-01-17,80807090,A673,1,80807090|0386|A673|2026-01-12|push replenishment|024487,20260112-0386-A673-LARGE-#1,2026-01-12
2026-01-17,80807116,A673,489,80807116|0386|A673|2026-01-12|push replenishment|024637,20260112-0386-A673-LARGE-#1,2026-01-12
2026-01-17,80848025,A673,1,80848025|C816|A673|2026-01-12|net demand for forecast|024979,20260112-C816-A673-LARGE-#1,2026-01-12
2026-01-17,80864469,A673,2,80864469|C816|A673|2026-01-12|net demand for forecast|025138,20260112-C816-A673-LARGE-#1,2026-01-12
2026-01-17,80804705,A673,3,80804705|C816|A673|2026-01-12|net demand for net demand for forecast|024420,20260112-C816-A673-LARGE-#1,2026-01-12
2026-01-17,80804705,A673,3,80804705|C816|A673|2026-01-12|net demand for net demand for forecast|024424,20260112-C816-A673-LARGE-#1,2026-01-12
2026-01-17,80804705,A673,3,80804705|C816|A673|2026-01-12|net demand for net demand for forecast|024425,20260112-C816-A673-LARGE-#1,2026-01-12
2026-01-17,80804705,A673,162,80804705|C816|A673|2026-01-12|net demand for net demand for safety|024430,20260112-C816-A673-LARGE-#1,2026-01-12
2026-01-17,80804698,A673,1,80804698|C816|A673|2026-01-13|net demand for net demand for normal|025707,20260113-C816-A673-LARGE-#1,2026-01-13
2026-01-17,80848021,A673,2,80848021|C816|A673|2026-01-13|net demand for net demand for normal|026408,20260113-C816-A673-LARGE-#1,2026-01-13
2026-01-17,80848021,A673,6,80848021|C816|A673|2026-01-13|net demand for AO|026393,20260113-C816-A673-LARGE-#1,2026-01-13
2026-01-17,80848021,A673,8,80848021|C816|A673|2026-01-13|net demand for AO|026394,20260113-C816-A673-LARGE-#1,2026-01-13
2026-01-17,80848021,A673,8,80848021|C816|A673|2026-01-13|net demand for AO|026395,20260113-C816-A673-LARGE-#1,2026-01-13
2026-01-17,80848021,A673,14,80848021|C816|A673|2026-01-13|net demand for AO|026396,20260113-C816-A673-LARGE-#1,2026-01-13
2026-01-17,80848021,A673,4,80848021|C816|A673|2026-01-13|net demand for forecast|026397,20260113-C816-A673-LARGE-#1,2026-01-13
2026-01-17,80848021,A673,6,80848021|C816|A673|2026-01-13|net demand for forecast|026398,20260113-C816-A673-LARGE-#1,2026-01-13
2026-01-17,80848021,A673,10,80848021|C816|A673|2026-01-13|net demand for forecast|026399,20260113-C816-A673-LARGE-#1,2026-01-13
2026-01-17,80848021,A673,10,80848021|C816|A673|2026-01-13|net demand for forecast|026400,20260113-C816-A673-LARGE-#1,2026-01-13
2026-01-17,80848021,A673,11,80848021|C816|A673|2026-01-13|net demand for forecast|026401,20260113-C816-A673-LARGE-#1,2026-01-13
2026-01-17,80864469,A673,1,80864469|C816|A673|2026-01-13|net demand for forecast|026632,20260113-C816-A673-LARGE-#1,2026-01-13
2026-01-17,80864469,A673,1,80864469|C816|A673|2026-01-13|net demand for forecast|026633,20260113-C816-A673-LARGE-#1,2026-01-13
2026-01-17,80864469,A673,1,80864469|C816|A673|2026-01-13|net demand for forecast|026634,20260113-C816-A673-LARGE-#1,2026-01-13
2026-01-17,80864469,A673,1,80864469|C816|A673|2026-01-13|net demand for forecast|026635,20260113-C816-A673-LARGE-#1,2026-01-13
2026-01-17,80864469,A673,1,80864469|C816|A673|2026-01-13|net demand for forecast|026637,20260113-C816-A673-LARGE-#1,2026-01-13
2026-01-17,80804698,A673,1,80804698|C816|A673|2026-01-13|net demand for net demand for forecast|025705,20260113-C816-A673-LARGE-#1,2026-01-13
2026-01-17,80804698,A673,1,80804698|C816|A673|2026-01-13|net demand for net demand for forecast|025706,20260113-C816-A673-LARGE-#1,2026-01-13
2026-01-17,80804705,A673,1,80804705|C816|A673|2026-01-13|net demand for net demand for forecast|025784,20260113-C816-A673-LARGE-#1,2026-01-13
2026-01-17,80804705,A673,1,80804705|C816|A673|2026-01-13|net demand for net demand for forecast|025785,20260113-C816-A673-LARGE-#1,2026-01-13
2026-01-17,80804705,A673,1,80804705|C816|A673|2026-01-13|net demand for net demand for forecast|025786,20260113-C816-A673-LARGE-#1,2026-01-13
2026-01-17,80804705,A673,1,80804705|C816|A673|2026-01-13|net demand for net demand for forecast|025787,20260113-C816-A673-LARGE-#1,2026-01-13
2026-01-17,80804705,A673,3,80804705|C816|A673|2026-01-13|net demand for net demand for forecast|025789,20260113-C816-A673-LARGE-#1,2026-01-13
2026-01-17,80804705,A673,3,80804705|C816|A673|2026-01-13|net demand for net demand for forecast|025790,20260113-C816-A673-LARGE-#1,2026-01-13
2026-01-17,80804705,A673,3,80804705|C816|A673|2026-01-13|net demand for net demand for forecast|025791,20260113-C816-A673-LARGE-#1,2026-01-13
2026-01-17,80804705,A673,3,80804705|C816|A673|2026-01-13|net demand for net demand for forecast|025793,20260113-C816-A673-LARGE-#1,2026-01-13
2026-01-17,80804705,A673,4,80804705|C816|A673|2026-01-13|net demand for net demand for forecast|025794,20260113-C816-A673-LARGE-#1,2026-01-13
2026-01-17,80804705,A673,13,80804705|C816|A673|2026-01-13|net demand for net demand for forecast|025795,20260113-C816-A673-LARGE-#1,2026-01-13
2026-01-17,80804705,A673,13,80804705|C816|A673|2026-01-13|net demand for net demand for forecast|025796,20260113-C816-A673-LARGE-#1,2026-01-13
2026-01-17,80804705,A673,13,80804705|C816|A673|2026-01-13|net demand for net demand for forecast|025797,20260113-C816-A673-LARGE-#1,2026-01-13
2026-01-17,80804705,A673,14,80804705|C816|A673|2026-01-13|net demand for net demand for forecast|025798,20260113-C816-A673-LARGE-#1,2026-01-13
2026-01-17,80848021,A673,1,80848021|C816|A673|2026-01-13|net demand for net demand for forecast|026403,20260113-C816-A673-LARGE-#1,2026-01-13
2026-01-17,80848021,A673,7,80848021|C816|A673|2026-01-13|net demand for net demand for forecast|026404,20260113-C816-A673-LARGE-#1,2026-01-13
2026-01-17,80848021,A673,7,80848021|C816|A673|2026-01-13|net demand for net demand for forecast|026406,20260113-C816-A673-LARGE-#1,2026-01-13
2026-01-17,80848021,A673,7,80848021|C816|A673|2026-01-13|net demand for net demand for forecast|026407,20260113-C816-A673-LARGE-#1,2026-01-13
2026-01-17,21307836,A673,8,21307836|C816|A673|2026-01-13|net demand for safety|025386,20260113-C816-A673-LARGE-#1,2026-01-13
2026-01-17,21419500,A673,20,21419500|C816|A673|2026-01-13|net demand for safety|025562,20260113-C816-A673-LARGE-#1,2026-01-13
2026-01-17,21428668,A673,48,21428668|C816|A673|2026-01-13|net demand for safety|025564,20260113-C816-A673-LARGE-#1,2026-01-13
2026-01-17,21442896,A673,42,21442896|C816|A673|2026-01-13|net demand for safety|025565,20260113-C816-A673-LARGE-#1,2026-01-13
2026-01-17,21442897,A673,125,21442897|C816|A673|2026-01-13|net demand for safety|025574,20260113-C816-A673-LARGE-#1,2026-01-13
2026-01-17,80807093,A673,1,80807093|C816|A673|2026-01-13|net demand for safety|026040,20260113-C816-A673-LARGE-#1,2026-01-13
2026-01-17,80848021,A673,121,80848021|C816|A673|2026-01-13|net demand for safety|026410,20260113-C816-A673-LARGE-#1,2026-01-13
2026-01-17,80864469,A673,34,80864469|C816|A673|2026-01-13|net demand for safety|026638,20260113-C816-A673-LARGE-#1,2026-01-13
2026-01-17,80884846,A673,1,80884846|C816|A673|2026-01-13|net demand for safety|026822,20260113-C816-A673-LARGE-#1,2026-01-13
2026-01-17,21139445,A673,34,21139445|C816|A673|2026-01-13|net demand for net demand for safety|025326,20260113-C816-A673-LARGE-#1,2026-01-13
2026-01-17,80804705,A673,145,80804705|C816|A673|2026-01-13|net demand for net demand for safety|025799,20260113-C816-A673-LARGE-#1,2026-01-13
2026-01-17,80804706,A673,16,80804706|C816|A673|2026-01-13|net demand for net demand for safety|025837,20260113-C816-A673-LARGE-#1,2026-01-13
2026-01-17,80807093,A673,3,80807093|C816|A673|2026-01-13|net demand for net demand for safety|026039,20260113-C816-A673-LARGE-#1,2026-01-13
2026-01-17,80848021,A673,81,80848021|C816|A673|2026-01-13|net demand for net demand for safety|026409,20260113-C816-A673-LARGE-#1,2026-01-13
2026-01-17,80804701,D901,5,80804701|A673|D901|2026-01-14|net demand for normal|027576,20260114-A673-D901-SMALL-#1,2026-01-14
2026-01-17,21139445,D901,2,21139445|A673|D901|2026-01-14|net demand for forecast|027045,20260114-A673-D901-SMALL-#1,2026-01-14
2026-01-17,80804704,D901,2,80804704|A673|D901|2026-01-14|net demand for forecast|027646,20260114-A673-D901-SMALL-#1,2026-01-14
2026-01-17,80804706,D901,1,80804706|A673|D901|2026-01-14|net demand for forecast|027715,20260114-A673-D901-SMALL-#1,2026-01-14
2026-01-17,80807115,D901,11,80807115|A673|D901|2026-01-14|net demand for forecast|027989,20260114-A673-D901-SMALL-#1,2026-01-14
2026-01-17,80848023,D901,6,80848023|A673|D901|2026-01-14|net demand for forecast|028243,20260114-A673-D901-SMALL-#1,2026-01-14
2026-01-17,80848023,D901,6,80848023|A673|D901|2026-01-14|net demand for forecast|028245,20260114-A673-D901-SMALL-#1,2026-01-14
2026-01-17,80848028,D901,6,80848028|A673|D901|2026-01-14|net demand for forecast|028290,20260114-A673-D901-SMALL-#1,2026-01-14
2026-01-17,80793613,D901,1,80793613|A673|D901|2026-01-14|net demand for safety|027238,20260114-A673-D901-SMALL-#1,2026-01-14
2026-01-17,21151196,C563,2,21151196|C816|C563|2026-01-04|net demand for normal|012708,20260114-C816-C563-SMALL-#1,2026-01-14
2026-01-17,80804705,C563,2,80804705|C816|C563|2026-01-06|net demand for normal|015819,20260114-C816-C563-SMALL-#1,2026-01-14
2026-01-17,80804705,C563,5,80804705|C816|C563|2026-01-07|net demand for normal|017270,20260114-C816-C563-SMALL-#1,2026-01-14
2026-01-17,80804705,C563,5,80804705|C816|C563|2026-01-08|net demand for normal|018716,20260114-C816-C563-SMALL-#1,2026-01-14
2026-01-17,80804705,C563,3,80804705|C816|C563|2026-01-09|net demand for normal|019821,20260114-C816-C563-SMALL-#1,2026-01-14
2026-01-17,21132988,C563,1,21132988|C816|C563|2026-01-10|net demand for normal|020516,20260114-C816-C563-SMALL-#1,2026-01-14
2026-01-17,21132988,C563,1,21132988|C816|C563|2026-01-11|net demand for normal|022087,20260114-C816-C563-SMALL-#1,2026-01-14
2026-01-17,80804704,C563,3,80804704|C816|C563|2026-01-11|net demand for normal|023009,20260114-C816-C563-SMALL-#1,2026-01-14
2026-01-17,80804705,C563,2,80804705|C816|C563|2026-01-11|net demand for normal|023068,20260114-C816-C563-SMALL-#1,2026-01-14
2026-01-17,21132988,C563,1,21132988|C816|C563|2026-01-12|net demand for normal|023871,20260114-C816-C563-SMALL-#1,2026-01-14
2026-01-17,80804704,C563,2,80804704|C816|C563|2026-01-12|net demand for normal|024378,20260114-C816-C563-SMALL-#1,2026-01-14
2026-01-17,21132758,C563,1,21132758|C816|C563|2026-01-13|net demand for normal|025260,20260114-C816-C563-SMALL-#1,2026-01-14
2026-01-17,21132988,C563,1,21132988|C816|C563|2026-01-13|net demand for normal|025282,20260114-C816-C563-SMALL-#1,2026-01-14
2026-01-17,80804704,C563,1,80804704|C816|C563|2026-01-13|net demand for normal|025749,20260114-C816-C563-SMALL-#1,2026-01-14
2026-01-17,21132758,C563,1,21132758|C816|C563|2026-01-14|net demand for normal|026897,20260114-C816-C563-SMALL-#1,2026-01-14
2026-01-17,21132988,C563,1,21132988|C816|C563|2026-01-14|net demand for normal|026978,20260114-C816-C563-SMALL-#1,2026-01-14
2026-01-17,80804704,C563,1,80804704|C816|C563|2026-01-14|net demand for normal|027657,20260114-C816-C563-SMALL-#1,2026-01-14
2026-01-17,80804705,C563,1,80804705|C816|C563|2026-01-14|net demand for normal|027712,20260114-C816-C563-SMALL-#1,2026-01-14
2026-01-17,21132758,C563,2,21132758|C816|C563|2026-01-04|net demand for forecast|012631,20260114-C816-C563-SMALL-#1,2026-01-14
2026-01-17,21132758,C563,2,21132758|C816|C563|2026-01-04|net demand for forecast|012632,20260114-C816-C563-SMALL-#1,2026-01-14
2026-01-17,21132758,C563,2,21132758|C816|C563|2026-01-04|net demand for forecast|012633,20260114-C816-C563-SMALL-#1,2026-01-14
2026-01-17,21132758,C563,2,21132758|C816|C563|2026-01-04|net demand for forecast|012634,20260114-C816-C563-SMALL-#1,2026-01-14
2026-01-17,21151196,C563,1,21151196|C816|C563|2026-01-04|net demand for forecast|012703,20260114-C816-C563-SMALL-#1,2026-01-14
2026-01-17,21151196,C563,1,21151196|C816|C563|2026-01-04|net demand for forecast|012704,20260114-C816-C563-SMALL-#1,2026-01-14
2026-01-17,21151196,C563,1,21151196|C816|C563|2026-01-04|net demand for forecast|012705,20260114-C816-C563-SMALL-#1,2026-01-14
2026-01-17,21151196,C563,1,21151196|C816|C563|2026-01-04|net demand for forecast|012706,20260114-C816-C563-SMALL-#1,2026-01-14
2026-01-17,21151196,C563,1,21151196|C816|C563|2026-01-04|net demand for forecast|012707,20260114-C816-C563-SMALL-#1,2026-01-14
2026-01-17,21132758,C563,3,21132758|C816|C563|2026-01-05|net demand for forecast|013678,20260114-C816-C563-SMALL-#1,2026-01-14
2026-01-17,21132758,C563,3,21132758|C816|C563|2026-01-05|net demand for forecast|013679,20260114-C816-C563-SMALL-#1,2026-01-14
2026-01-17,21132758,C563,3,21132758|C816|C563|2026-01-05|net demand for forecast|013681,20260114-C816-C563-SMALL-#1,2026-01-14
2026-01-17,21132758,C563,3,21132758|C816|C563|2026-01-05|net demand for forecast|013682,20260114-C816-C563-SMALL-#1,2026-01-14
2026-01-17,21143110,C563,1,21143110|C816|C563|2026-01-05|net demand for forecast|013920,20260114-C816-C563-SMALL-#1,2026-01-14
2026-01-17,21143110,C563,1,21143110|C816|C563|2026-01-05|net demand for forecast|013921,20260114-C816-C563-SMALL-#1,2026-01-14
2026-01-17,21143110,C563,1,21143110|C816|C563|2026-01-05|net demand for forecast|013922,20260114-C816-C563-SMALL-#1,2026-01-14
2026-01-17,21143110,C563,1,21143110|C816|C563|2026-01-05|net demand for forecast|013923,20260114-C816-C563-SMALL-#1,2026-01-14
2026-01-17,21143110,C563,1,21143110|C816|C563|2026-01-05|net demand for forecast|013924,20260114-C816-C563-SMALL-#1,2026-01-14
2026-01-17,21151196,C563,1,21151196|C816|C563|2026-01-05|net demand for forecast|014079,20260114-C816-C563-SMALL-#1,2026-01-14
2026-01-17,21151196,C563,1,21151196|C816|C563|2026-01-05|net demand for forecast|014080,20260114-C816-C563-SMALL-#1,2026-01-14
2026-01-17,21151196,C563,1,21151196|C816|C563|2026-01-05|net demand for forecast|014081,20260114-C816-C563-SMALL-#1,2026-01-14
2026-01-17,21151196,C563,1,21151196|C816|C563|2026-01-05|net demand for forecast|014082,20260114-C816-C563-SMALL-#1,2026-01-14
2026-01-17,21151196,C563,1,21151196|C816|C563|2026-01-05|net demand for forecast|014083,20260114-C816-C563-SMALL-#1,2026-01-14
2026-01-17,21132758,C563,1,21132758|C816|C563|2026-01-06|net demand for forecast|015163,20260114-C816-C563-SMALL-#1,2026-01-14
2026-01-17,21132758,C563,1,21132758|C816|C563|2026-01-06|net demand for forecast|015164,20260114-C816-C563-SMALL-#1,2026-01-14
2026-01-17,21132758,C563,1,21132758|C816|C563|2026-01-06|net demand for forecast|015165,20260114-C816-C563-SMALL-#1,2026-01-14
2026-01-17,21132758,C563,1,21132758|C816|C563|2026-01-06|net demand for forecast|015166,20260114-C816-C563-SMALL-#1,2026-01-14
2026-01-17,21132758,C563,1,21132758|C816|C563|2026-01-06|net demand for forecast|015167,20260114-C816-C563-SMALL-#1,2026-01-14
2026-01-17,21132988,C563,1,21132988|C816|C563|2026-01-06|net demand for forecast|015170,20260114-C816-C563-SMALL-#1,2026-01-14
2026-01-17,21132988,C563,1,21132988|C816|C563|2026-01-06|net demand for forecast|015171,20260114-C816-C563-SMALL-#1,2026-01-14
2026-01-17,21132988,C563,1,21132988|C816|C563|2026-01-06|net demand for forecast|015172,20260114-C816-C563-SMALL-#1,2026-01-14
2026-01-17,21132988,C563,1,21132988|C816|C563|2026-01-06|net demand for forecast|015173,20260114-C816-C563-SMALL-#1,2026-01-14
2026-01-17,80804704,C563,1,80804704|C816|C563|2026-01-06|net demand for forecast|015755,20260114-C816-C563-SMALL-#1,2026-01-14
2026-01-17,80804704,C563,2,80804704|C816|C563|2026-01-06|net demand for forecast|015756,20260114-C816-C563-SMALL-#1,2026-01-14
2026-01-17,80804704,C563,2,80804704|C816|C563|2026-01-06|net demand for forecast|015757,20260114-C816-C563-SMALL-#1,2026-01-14
2026-01-17,80804704,C563,2,80804704|C816|C563|2026-01-06|net demand for forecast|015758,20260114-C816-C563-SMALL-#1,2026-01-14
2026-01-17,80804705,C563,3,80804705|C816|C563|2026-01-06|net demand for forecast|015815,20260114-C816-C563-SMALL-#1,2026-01-14
2026-01-17,80804705,C563,3,80804705|C816|C563|2026-01-06|net demand for forecast|015816,20260114-C816-C563-SMALL-#1,2026-01-14
2026-01-17,80804705,C563,3,80804705|C816|C563|2026-01-06|net demand for forecast|015817,20260114-C816-C563-SMALL-#1,2026-01-14
2026-01-17,80804705,C563,4,80804705|C816|C563|2026-01-06|net demand for forecast|015818,20260114-C816-C563-SMALL-#1,2026-01-14
2026-01-17,21132758,C563,1,21132758|C816|C563|2026-01-07|net demand for forecast|016624,20260114-C816-C563-SMALL-#1,2026-01-14
2026-01-17,21132758,C563,1,21132758|C816|C563|2026-01-07|net demand for forecast|016625,20260114-C816-C563-SMALL-#1,2026-01-14
2026-01-17,21132758,C563,1,21132758|C816|C563|2026-01-07|net demand for forecast|016626,20260114-C816-C563-SMALL-#1,2026-01-14
2026-01-17,21132758,C563,1,21132758|C816|C563|2026-01-07|net demand for forecast|016627,20260114-C816-C563-SMALL-#1,2026-01-14
2026-01-17,21132758,C563,1,21132758|C816|C563|2026-01-07|net demand for forecast|016628,20260114-C816-C563-SMALL-#1,2026-01-14
2026-01-17,21132988,C563,1,21132988|C816|C563|2026-01-07|net demand for forecast|016630,20260114-C816-C563-SMALL-#1,2026-01-14
2026-01-17,21132988,C563,1,21132988|C816|C563|2026-01-07|net demand for forecast|016631,20260114-C816-C563-SMALL-#1,2026-01-14
2026-01-17,21132988,C563,2,21132988|C816|C563|2026-01-07|net demand for forecast|016632,20260114-C816-C563-SMALL-#1,2026-01-14
2026-01-17,80804704,C563,1,80804704|C816|C563|2026-01-07|net demand for forecast|017213,20260114-C816-C563-SMALL-#1,2026-01-14
2026-01-17,80804704,C563,1,80804704|C816|C563|2026-01-07|net demand for forecast|017214,20260114-C816-C563-SMALL-#1,2026-01-14
2026-01-17,80804704,C563,1,80804704|C816|C563|2026-01-07|net demand for forecast|017215,20260114-C816-C563-SMALL-#1,2026-01-14
2026-01-17,80804704,C563,1,80804704|C816|C563|2026-01-07|net demand for forecast|017216,20260114-C816-C563-SMALL-#1,2026-01-14
2026-01-17,80804704,C563,2,80804704|C816|C563|2026-01-07|net demand for forecast|017217,20260114-C816-C563-SMALL-#1,2026-01-14
2026-01-17,80804705,C563,1,80804705|C816|C563|2026-01-07|net demand for forecast|017265,20260114-C816-C563-SMALL-#1,2026-01-14
2026-01-17,80804705,C563,1,80804705|C816|C563|2026-01-07|net demand for forecast|017266,20260114-C816-C563-SMALL-#1,2026-01-14
2026-01-17,80804705,C563,1,80804705|C816|C563|2026-01-07|net demand for forecast|017267,20260114-C816-C563-SMALL-#1,2026-01-14
2026-01-17,80804705,C563,1,80804705|C816|C563|2026-01-07|net demand for forecast|017268,20260114-C816-C563-SMALL-#1,2026-01-14
2026-01-17,80804705,C563,1,80804705|C816|C563|2026-01-07|net demand for forecast|017269,20260114-C816-C563-SMALL-#1,2026-01-14
2026-01-17,21132758,C563,1,21132758|C816|C563|2026-01-08|net demand for forecast|017932,20260114-C816-C563-SMALL-#1,2026-01-14
2026-01-17,21132758,C563,1,21132758|C816|C563|2026-01-08|net demand for forecast|017933,20260114-C816-C563-SMALL-#1,2026-01-14
2026-01-17,21132758,C563,1,21132758|C816|C563|2026-01-08|net demand for forecast|017934,20260114-C816-C563-SMALL-#1,2026-01-14
2026-01-17,21132758,C563,1,21132758|C816|C563|2026-01-08|net demand for forecast|017935,20260114-C816-C563-SMALL-#1,2026-01-14
2026-01-17,21132758,C563,1,21132758|C816|C563|2026-01-08|net demand for forecast|017936,20260114-C816-C563-SMALL-#1,2026-01-14
2026-01-17,21132988,C563,1,21132988|C816|C563|2026-01-08|net demand for forecast|017937,20260114-C816-C563-SMALL-#1,2026-01-14
2026-01-17,21132988,C563,1,21132988|C816|C563|2026-01-08|net demand for forecast|017938,20260114-C816-C563-SMALL-#1,2026-01-14
2026-01-17,21132988,C563,1,21132988|C816|C563|2026-01-08|net demand for forecast|017939,20260114-C816-C563-SMALL-#1,2026-01-14
2026-01-17,21132988,C563,2,21132988|C816|C563|2026-01-08|net demand for forecast|017940,20260114-C816-C563-SMALL-#1,2026-01-14
2026-01-17,21132988,C563,2,21132988|C816|C563|2026-01-08|net demand for forecast|017941,20260114-C816-C563-SMALL-#1,2026-01-14
2026-01-17,21132758,C563,1,21132758|C816|C563|2026-01-09|net demand for forecast|019314,20260114-C816-C563-SMALL-#1,2026-01-14
2026-01-17,21132758,C563,1,21132758|C816|C563|2026-01-09|net demand for forecast|019315,20260114-C816-C563-SMALL-#1,2026-01-14
2026-01-17,21132758,C563,1,21132758|C816|C563|2026-01-09|net demand for forecast|019316,20260114-C816-C563-SMALL-#1,2026-01-14
2026-01-17,21132758,C563,1,21132758|C816|C563|2026-01-09|net demand for forecast|019318,20260114-C816-C563-SMALL-#1,2026-01-14
2026-01-17,21132758,C563,1,21132758|C816|C563|2026-01-10|net demand for forecast|020498,20260114-C816-C563-SMALL-#1,2026-01-14
2026-01-17,21132758,C563,1,21132758|C816|C563|2026-01-10|net demand for forecast|020499,20260114-C816-C563-SMALL-#1,2026-01-14
2026-01-17,21132758,C563,1,21132758|C816|C563|2026-01-10|net demand for forecast|020501,20260114-C816-C563-SMALL-#1,2026-01-14
2026-01-17,21132758,C563,1,21132758|C816|C563|2026-01-10|net demand for forecast|020502,20260114-C816-C563-SMALL-#1,2026-01-14
2026-01-17,21132758,C563,1,21132758|C816|C563|2026-01-11|net demand for forecast|022070,20260114-C816-C563-SMALL-#1,2026-01-14
2026-01-17,21132758,C563,1,21132758|C816|C563|2026-01-11|net demand for forecast|022071,20260114-C816-C563-SMALL-#1,2026-01-14
2026-01-17,21132758,C563,1,21132758|C816|C563|2026-01-11|net demand for forecast|022072,20260114-C816-C563-SMALL-#1,2026-01-14
2026-01-17,21132758,C563,1,21132758|C816|C563|2026-01-11|net demand for forecast|022073,20260114-C816-C563-SMALL-#1,2026-01-14
2026-01-17,21132758,C563,2,21132758|C816|C563|2026-01-11|net demand for forecast|022074,20260114-C816-C563-SMALL-#1,2026-01-14
2026-01-17,80804705,C563,2,80804705|C816|C563|2026-01-11|net demand for forecast|023063,20260114-C816-C563-SMALL-#1,2026-01-14
2026-01-17,80804705,C563,2,80804705|C816|C563|2026-01-11|net demand for forecast|023064,20260114-C816-C563-SMALL-#1,2026-01-14
2026-01-17,80804705,C563,2,80804705|C816|C563|2026-01-11|net demand for forecast|023066,20260114-C816-C563-SMALL-#1,2026-01-14
2026-01-17,80804705,C563,3,80804705|C816|C563|2026-01-11|net demand for forecast|023067,20260114-C816-C563-SMALL-#1,2026-01-14
2026-01-17,21132758,C563,1,21132758|C816|C563|2026-01-12|net demand for forecast|023786,20260114-C816-C563-SMALL-#1,2026-01-14
2026-01-17,21132758,C563,1,21132758|C816|C563|2026-01-12|net demand for forecast|023787,20260114-C816-C563-SMALL-#1,2026-01-14
2026-01-17,21132758,C563,1,21132758|C816|C563|2026-01-12|net demand for forecast|023788,20260114-C816-C563-SMALL-#1,2026-01-14
2026-01-17,21132758,C563,1,21132758|C816|C563|2026-01-12|net demand for forecast|023789,20260114-C816-C563-SMALL-#1,2026-01-14
2026-01-17,21132758,C563,1,21132758|C816|C563|2026-01-12|net demand for forecast|023790,20260114-C816-C563-SMALL-#1,2026-01-14
2026-01-17,21151196,C563,2,21151196|C816|C563|2026-01-12|net demand for forecast|024036,20260114-C816-C563-SMALL-#1,2026-01-14
2026-01-17,21151196,C563,2,21151196|C816|C563|2026-01-12|net demand for forecast|024037,20260114-C816-C563-SMALL-#1,2026-01-14
2026-01-17,21151196,C563,2,21151196|C816|C563|2026-01-12|net demand for forecast|024038,20260114-C816-C563-SMALL-#1,2026-01-14
2026-01-17,21151196,C563,2,21151196|C816|C563|2026-01-12|net demand for forecast|024039,20260114-C816-C563-SMALL-#1,2026-01-14
2026-01-17,21151196,C563,2,21151196|C816|C563|2026-01-12|net demand for forecast|024040,20260114-C816-C563-SMALL-#1,2026-01-14
2026-01-17,21128067,C563,1,21128067|C816|C563|2026-01-13|net demand for forecast|025224,20260114-C816-C563-SMALL-#1,2026-01-14
2026-01-17,21128067,C563,1,21128067|C816|C563|2026-01-13|net demand for forecast|025225,20260114-C816-C563-SMALL-#1,2026-01-14
2026-01-17,21128067,C563,1,21128067|C816|C563|2026-01-13|net demand for forecast|025226,20260114-C816-C563-SMALL-#1,2026-01-14
2026-01-17,21128067,C563,1,21128067|C816|C563|2026-01-13|net demand for forecast|025227,20260114-C816-C563-SMALL-#1,2026-01-14
2026-01-17,21128067,C563,1,21128067|C816|C563|2026-01-13|net demand for forecast|025228,20260114-C816-C563-SMALL-#1,2026-01-14
2026-01-17,21132758,C563,1,21132758|C816|C563|2026-01-13|net demand for forecast|025255,20260114-C816-C563-SMALL-#1,2026-01-14
2026-01-17,21132758,C563,1,21132758|C816|C563|2026-01-13|net demand for forecast|025256,20260114-C816-C563-SMALL-#1,2026-01-14
2026-01-17,21132758,C563,1,21132758|C816|C563|2026-01-13|net demand for forecast|025257,20260114-C816-C563-SMALL-#1,2026-01-14
2026-01-17,21132758,C563,1,21132758|C816|C563|2026-01-13|net demand for forecast|025258,20260114-C816-C563-SMALL-#1,2026-01-14
2026-01-17,21132758,C563,1,21132758|C816|C563|2026-01-13|net demand for forecast|025259,20260114-C816-C563-SMALL-#1,2026-01-14
2026-01-17,21132988,C563,1,21132988|C816|C563|2026-01-13|net demand for forecast|025277,20260114-C816-C563-SMALL-#1,2026-01-14
2026-01-17,21132988,C563,1,21132988|C816|C563|2026-01-13|net demand for forecast|025278,20260114-C816-C563-SMALL-#1,2026-01-14
2026-01-17,21132988,C563,1,21132988|C816|C563|2026-01-13|net demand for forecast|025279,20260114-C816-C563-SMALL-#1,2026-01-14
2026-01-17,21132988,C563,1,21132988|C816|C563|2026-01-13|net demand for forecast|025280,20260114-C816-C563-SMALL-#1,2026-01-14
2026-01-17,21132988,C563,1,21132988|C816|C563|2026-01-13|net demand for forecast|025281,20260114-C816-C563-SMALL-#1,2026-01-14
2026-01-17,21151196,C563,2,21151196|C816|C563|2026-01-13|net demand for forecast|025359,20260114-C816-C563-SMALL-#1,2026-01-14
2026-01-17,21151196,C563,2,21151196|C816|C563|2026-01-13|net demand for forecast|025360,20260114-C816-C563-SMALL-#1,2026-01-14
2026-01-17,21151196,C563,2,21151196|C816|C563|2026-01-13|net demand for forecast|025361,20260114-C816-C563-SMALL-#1,2026-01-14
2026-01-17,21151196,C563,2,21151196|C816|C563|2026-01-13|net demand for forecast|025362,20260114-C816-C563-SMALL-#1,2026-01-14
2026-01-17,21151196,C563,2,21151196|C816|C563|2026-01-13|net demand for forecast|025363,20260114-C816-C563-SMALL-#1,2026-01-14
2026-01-17,21132758,C563,1,21132758|C816|C563|2026-01-14|net demand for forecast|026892,20260114-C816-C563-SMALL-#1,2026-01-14
2026-01-17,21132758,C563,1,21132758|C816|C563|2026-01-14|net demand for forecast|026894,20260114-C816-C563-SMALL-#1,2026-01-14
2026-01-17,21132758,C563,1,21132758|C816|C563|2026-01-14|net demand for forecast|026895,20260114-C816-C563-SMALL-#1,2026-01-14
2026-01-17,21132758,C563,1,21132758|C816|C563|2026-01-14|net demand for forecast|026896,20260114-C816-C563-SMALL-#1,2026-01-14
2026-01-17,21132988,C563,1,21132988|C816|C563|2026-01-14|net demand for forecast|026973,20260114-C816-C563-SMALL-#1,2026-01-14
2026-01-17,21132988,C563,1,21132988|C816|C563|2026-01-14|net demand for forecast|026974,20260114-C816-C563-SMALL-#1,2026-01-14
2026-01-17,21132988,C563,1,21132988|C816|C563|2026-01-14|net demand for forecast|026975,20260114-C816-C563-SMALL-#1,2026-01-14
2026-01-17,21132988,C563,1,21132988|C816|C563|2026-01-14|net demand for forecast|026976,20260114-C816-C563-SMALL-#1,2026-01-14
2026-01-17,21132988,C563,1,21132988|C816|C563|2026-01-14|net demand for forecast|026977,20260114-C816-C563-SMALL-#1,2026-01-14
2026-01-17,21151196,C563,2,21151196|C816|C563|2026-01-14|net demand for forecast|027103,20260114-C816-C563-SMALL-#1,2026-01-14
2026-01-17,21151196,C563,2,21151196|C816|C563|2026-01-14|net demand for forecast|027104,20260114-C816-C563-SMALL-#1,2026-01-14
2026-01-17,21151196,C563,2,21151196|C816|C563|2026-01-14|net demand for forecast|027105,20260114-C816-C563-SMALL-#1,2026-01-14
2026-01-17,21151196,C563,2,21151196|C816|C563|2026-01-14|net demand for forecast|027106,20260114-C816-C563-SMALL-#1,2026-01-14
2026-01-17,21151196,C563,3,21151196|C816|C563|2026-01-14|net demand for forecast|027107,20260114-C816-C563-SMALL-#1,2026-01-14
2026-01-17,80804705,C563,1,80804705|C816|C563|2026-01-14|net demand for forecast|027709,20260114-C816-C563-SMALL-#1,2026-01-14
2026-01-17,80804705,C563,1,80804705|C816|C563|2026-01-14|net demand for forecast|027710,20260114-C816-C563-SMALL-#1,2026-01-14
2026-01-17,21128067,C563,4,21128067|C816|C563|2026-01-04|net demand for safety|012608,20260114-C816-C563-SMALL-#1,2026-01-14
2026-01-17,21143110,C563,1,21143110|C816|C563|2026-01-05|net demand for safety|013925,20260114-C816-C563-SMALL-#1,2026-01-14
2026-01-17,21315474,C563,2,21315474|C816|C563|2026-01-05|net demand for safety|014117,20260114-C816-C563-SMALL-#1,2026-01-14
2026-01-17,80807120,C563,2,80807120|C816|C563|2026-01-05|net demand for safety|014895,20260114-C816-C563-SMALL-#1,2026-01-14
2026-01-17,21128067,C563,1,21128067|C816|C563|2026-01-06|net demand for safety|015154,20260114-C816-C563-SMALL-#1,2026-01-14
2026-01-17,80804704,C563,30,80804704|C816|C563|2026-01-06|net demand for safety|015760,20260114-C816-C563-SMALL-#1,2026-01-14
2026-01-17,80807120,C563,2,80807120|C816|C563|2026-01-06|net demand for safety|016198,20260114-C816-C563-SMALL-#1,2026-01-14
2026-01-17,21128067,C563,4,21128067|C816|C563|2026-01-07|net demand for safety|016612,20260114-C816-C563-SMALL-#1,2026-01-14
2026-01-17,80807120,C563,6,80807120|C816|C563|2026-01-07|net demand for safety|017443,20260114-C816-C563-SMALL-#1,2026-01-14
2026-01-17,21127730,C563,5,21127730|C816|C563|2026-01-08|net demand for safety|017817,20260114-C816-C563-SMALL-#1,2026-01-14
2026-01-17,21128067,C563,2,21128067|C816|C563|2026-01-08|net demand for safety|017838,20260114-C816-C563-SMALL-#1,2026-01-14
2026-01-17,21143110,C563,2,21143110|C816|C563|2026-01-08|net demand for safety|017987,20260114-C816-C563-SMALL-#1,2026-01-14
2026-01-17,80807120,C563,5,80807120|C816|C563|2026-01-08|net demand for safety|019069,20260114-C816-C563-SMALL-#1,2026-01-14
2026-01-17,21127730,C563,8,21127730|C816|C563|2026-01-09|net demand for safety|019297,20260114-C816-C563-SMALL-#1,2026-01-14
2026-01-17,21128067,C563,2,21128067|C816|C563|2026-01-09|net demand for safety|019301,20260114-C816-C563-SMALL-#1,2026-01-14
2026-01-17,21143110,C563,4,21143110|C816|C563|2026-01-09|net demand for safety|019391,20260114-C816-C563-SMALL-#1,2026-01-14
2026-01-17,80807120,C563,5,80807120|C816|C563|2026-01-09|net demand for safety|020063,20260114-C816-C563-SMALL-#1,2026-01-14
2026-01-17,21127730,C563,4,21127730|C816|C563|2026-01-10|net demand for safety|020477,20260114-C816-C563-SMALL-#1,2026-01-14
2026-01-17,21128067,C563,3,21128067|C816|C563|2026-01-10|net demand for safety|020482,20260114-C816-C563-SMALL-#1,2026-01-14
2026-01-17,21137866,C563,23,21137866|C816|C563|2026-01-10|net demand for safety|020542,20260114-C816-C563-SMALL-#1,2026-01-14
2026-01-17,21143110,C563,3,21143110|C816|C563|2026-01-10|net demand for safety|020562,20260114-C816-C563-SMALL-#1,2026-01-14
2026-01-17,80807120,C563,4,80807120|C816|C563|2026-01-10|net demand for safety|021455,20260114-C816-C563-SMALL-#1,2026-01-14
2026-01-17,21127730,C563,10,21127730|C816|C563|2026-01-11|net demand for safety|021978,20260114-C816-C563-SMALL-#1,2026-01-14
2026-01-17,21137866,C563,4,21137866|C816|C563|2026-01-11|net demand for safety|022095,20260114-C816-C563-SMALL-#1,2026-01-14
2026-01-17,21143110,C563,4,21143110|C816|C563|2026-01-11|net demand for safety|022140,20260114-C816-C563-SMALL-#1,2026-01-14
2026-01-17,80804705,C563,23,80804705|C816|C563|2026-01-11|net demand for safety|023069,20260114-C816-C563-SMALL-#1,2026-01-14
2026-01-17,80807120,C563,2,80807120|C816|C563|2026-01-11|net demand for safety|023349,20260114-C816-C563-SMALL-#1,2026-01-14
2026-01-17,21127730,C563,7,21127730|C816|C563|2026-01-12|net demand for safety|023765,20260114-C816-C563-SMALL-#1,2026-01-14
2026-01-17,21128067,C563,2,21128067|C816|C563|2026-01-12|net demand for safety|023767,20260114-C816-C563-SMALL-#1,2026-01-14
2026-01-17,21137866,C563,3,21137866|C816|C563|2026-01-12|net demand for safety|023879,20260114-C816-C563-SMALL-#1,2026-01-14
2026-01-17,21143110,C563,2,21143110|C816|C563|2026-01-12|net demand for safety|024028,20260114-C816-C563-SMALL-#1,2026-01-14
2026-01-17,80807120,C563,2,80807120|C816|C563|2026-01-12|net demand for safety|024769,20260114-C816-C563-SMALL-#1,2026-01-14
2026-01-17,21128067,C563,5,21128067|C816|C563|2026-01-13|net demand for safety|025229,20260114-C816-C563-SMALL-#1,2026-01-14
2026-01-17,21143110,C563,2,21143110|C816|C563|2026-01-13|net demand for safety|025355,20260114-C816-C563-SMALL-#1,2026-01-14
2026-01-17,80807116,C563,6,80807116|C816|C563|2026-01-13|net demand for safety|026238,20260114-C816-C563-SMALL-#1,2026-01-14
2026-01-17,21127730,C563,5,21127730|C816|C563|2026-01-14|net demand for safety|026878,20260114-C816-C563-SMALL-#1,2026-01-14
2026-01-17,21143110,C563,1,21143110|C816|C563|2026-01-14|net demand for safety|027082,20260114-C816-C563-SMALL-#1,2026-01-14
2026-01-17,80804705,C563,1,80804705|C816|C563|2026-01-14|net demand for safety|027713,20260114-C816-C563-SMALL-#1,2026-01-14
2026-01-17,80807116,C563,1,80807116|C816|C563|2026-01-14|net demand for safety|028014,20260114-C816-C563-SMALL-#1,2026-01-14
2026-01-17,80812845,C563,17,80812845|C816|C563|2026-01-14|net demand for safety|028173,20260114-C816-C563-SMALL-#1,2026-01-14
2026-01-17,80804128,E556,1,80804128|A672|E556|2026-01-13|net demand for normal|025583,20260114-A672-E556-SMALL-#1,2026-01-14
2026-01-17,80804134,E556,2,80804134|A672|E556|2026-01-13|net demand for normal|025659,20260114-A672-E556-SMALL-#1,2026-01-14
2026-01-17,80804137,E556,3,80804137|A672|E556|2026-01-13|net demand for normal|025684,20260114-A672-E556-SMALL-#1,2026-01-14
2026-01-17,80807110,E556,5,80807110|A672|E556|2026-01-13|net demand for normal|026077,20260114-A672-E556-SMALL-#1,2026-01-14
2026-01-17,80812841,E556,8,80812841|A672|E556|2026-01-13|net demand for normal|026289,20260114-A672-E556-SMALL-#1,2026-01-14
2026-01-17,21314594,E556,1,21314594|A672|E556|2026-01-14|net demand for normal|027166,20260114-A672-E556-SMALL-#1,2026-01-14
2026-01-17,21315350,E556,5,21315350|A672|E556|2026-01-14|net demand for normal|027205,20260114-A672-E556-SMALL-#1,2026-01-14
2026-01-17,80804128,E556,3,80804128|A672|E556|2026-01-14|net demand for normal|027240,20260114-A672-E556-SMALL-#1,2026-01-14
2026-01-17,80804134,E556,2,80804134|A672|E556|2026-01-14|net demand for normal|027358,20260114-A672-E556-SMALL-#1,2026-01-14
2026-01-17,80804136,E556,2,80804136|A672|E556|2026-01-14|net demand for normal|027361,20260114-A672-E556-SMALL-#1,2026-01-14
2026-01-17,80804137,E556,1,80804137|A672|E556|2026-01-14|net demand for normal|027454,20260114-A672-E556-SMALL-#1,2026-01-14
2026-01-17,80805856,E556,4,80805856|A672|E556|2026-01-14|net demand for normal|027722,20260114-A672-E556-SMALL-#1,2026-01-14
2026-01-17,80812841,E556,16,80812841|A672|E556|2026-01-14|net demand for normal|028164,20260114-A672-E556-SMALL-#1,2026-01-14
2026-01-17,80848029,E556,1,80848029|A672|E556|2026-01-14|net demand for normal|028307,20260114-A672-E556-SMALL-#1,2026-01-14
2026-01-17,21314594,E556,1,21314594|A672|E556|2026-01-13|net demand for forecast|025395,20260114-A672-E556-SMALL-#1,2026-01-14
2026-01-17,21314594,E556,1,21314594|A672|E556|2026-01-13|net demand for forecast|025396,20260114-A672-E556-SMALL-#1,2026-01-14
2026-01-17,21314594,E556,2,21314594|A672|E556|2026-01-13|net demand for forecast|025397,20260114-A672-E556-SMALL-#1,2026-01-14
2026-01-17,21314594,E556,2,21314594|A672|E556|2026-01-13|net demand for forecast|025398,20260114-A672-E556-SMALL-#1,2026-01-14
2026-01-17,21314594,E556,2,21314594|A672|E556|2026-01-13|net demand for forecast|025399,20260114-A672-E556-SMALL-#1,2026-01-14
2026-01-17,80804130,E556,1,80804130|A672|E556|2026-01-13|net demand for forecast|025607,20260114-A672-E556-SMALL-#1,2026-01-14
2026-01-17,80804130,E556,1,80804130|A672|E556|2026-01-13|net demand for forecast|025608,20260114-A672-E556-SMALL-#1,2026-01-14
2026-01-17,80804130,E556,1,80804130|A672|E556|2026-01-13|net demand for forecast|025609,20260114-A672-E556-SMALL-#1,2026-01-14
2026-01-17,80804130,E556,1,80804130|A672|E556|2026-01-13|net demand for forecast|025610,20260114-A672-E556-SMALL-#1,2026-01-14
2026-01-17,80804130,E556,1,80804130|A672|E556|2026-01-13|net demand for forecast|025611,20260114-A672-E556-SMALL-#1,2026-01-14
2026-01-17,80804132,E556,1,80804132|A672|E556|2026-01-13|net demand for forecast|025626,20260114-A672-E556-SMALL-#1,2026-01-14
2026-01-17,80804132,E556,1,80804132|A672|E556|2026-01-13|net demand for forecast|025627,20260114-A672-E556-SMALL-#1,2026-01-14
2026-01-17,80804132,E556,1,80804132|A672|E556|2026-01-13|net demand for forecast|025628,20260114-A672-E556-SMALL-#1,2026-01-14
2026-01-17,80804132,E556,1,80804132|A672|E556|2026-01-13|net demand for forecast|025629,20260114-A672-E556-SMALL-#1,2026-01-14
2026-01-17,80804132,E556,1,80804132|A672|E556|2026-01-13|net demand for forecast|025630,20260114-A672-E556-SMALL-#1,2026-01-14
2026-01-17,80804134,E556,2,80804134|A672|E556|2026-01-13|net demand for forecast|025654,20260114-A672-E556-SMALL-#1,2026-01-14
2026-01-17,80804134,E556,2,80804134|A672|E556|2026-01-13|net demand for forecast|025655,20260114-A672-E556-SMALL-#1,2026-01-14
2026-01-17,80804134,E556,3,80804134|A672|E556|2026-01-13|net demand for forecast|025657,20260114-A672-E556-SMALL-#1,2026-01-14
2026-01-17,80804134,E556,3,80804134|A672|E556|2026-01-13|net demand for forecast|025658,20260114-A672-E556-SMALL-#1,2026-01-14
2026-01-17,80804137,E556,2,80804137|A672|E556|2026-01-13|net demand for forecast|025679,20260114-A672-E556-SMALL-#1,2026-01-14
2026-01-17,80804137,E556,2,80804137|A672|E556|2026-01-13|net demand for forecast|025680,20260114-A672-E556-SMALL-#1,2026-01-14
2026-01-17,80804137,E556,2,80804137|A672|E556|2026-01-13|net demand for forecast|025681,20260114-A672-E556-SMALL-#1,2026-01-14
2026-01-17,80804137,E556,3,80804137|A672|E556|2026-01-13|net demand for forecast|025682,20260114-A672-E556-SMALL-#1,2026-01-14
2026-01-17,80804137,E556,3,80804137|A672|E556|2026-01-13|net demand for forecast|025683,20260114-A672-E556-SMALL-#1,2026-01-14
2026-01-17,80807110,E556,5,80807110|A672|E556|2026-01-13|net demand for forecast|026072,20260114-A672-E556-SMALL-#1,2026-01-14
2026-01-17,80807110,E556,5,80807110|A672|E556|2026-01-13|net demand for forecast|026073,20260114-A672-E556-SMALL-#1,2026-01-14
2026-01-17,80807110,E556,5,80807110|A672|E556|2026-01-13|net demand for forecast|026074,20260114-A672-E556-SMALL-#1,2026-01-14
2026-01-17,80807110,E556,5,80807110|A672|E556|2026-01-13|net demand for forecast|026075,20260114-A672-E556-SMALL-#1,2026-01-14
2026-01-17,80807110,E556,5,80807110|A672|E556|2026-01-13|net demand for forecast|026076,20260114-A672-E556-SMALL-#1,2026-01-14
2026-01-17,80807115,E556,2,80807115|A672|E556|2026-01-13|net demand for forecast|026228,20260114-A672-E556-SMALL-#1,2026-01-14
2026-01-17,80807115,E556,2,80807115|A672|E556|2026-01-13|net demand for forecast|026229,20260114-A672-E556-SMALL-#1,2026-01-14
2026-01-17,80807115,E556,2,80807115|A672|E556|2026-01-13|net demand for forecast|026230,20260114-A672-E556-SMALL-#1,2026-01-14
2026-01-17,80807115,E556,2,80807115|A672|E556|2026-01-13|net demand for forecast|026231,20260114-A672-E556-SMALL-#1,2026-01-14
2026-01-17,80807115,E556,2,80807115|A672|E556|2026-01-13|net demand for forecast|026232,20260114-A672-E556-SMALL-#1,2026-01-14
2026-01-17,80812841,E556,8,80812841|A672|E556|2026-01-13|net demand for forecast|026284,20260114-A672-E556-SMALL-#1,2026-01-14
2026-01-17,80812841,E556,8,80812841|A672|E556|2026-01-13|net demand for forecast|026285,20260114-A672-E556-SMALL-#1,2026-01-14
2026-01-17,80812841,E556,8,80812841|A672|E556|2026-01-13|net demand for forecast|026286,20260114-A672-E556-SMALL-#1,2026-01-14
2026-01-17,80812841,E556,8,80812841|A672|E556|2026-01-13|net demand for forecast|026287,20260114-A672-E556-SMALL-#1,2026-01-14
2026-01-17,80812841,E556,8,80812841|A672|E556|2026-01-13|net demand for forecast|026288,20260114-A672-E556-SMALL-#1,2026-01-14
2026-01-17,80848022,E556,1,80848022|A672|E556|2026-01-13|net demand for forecast|026411,20260114-A672-E556-SMALL-#1,2026-01-14
2026-01-17,80848022,E556,1,80848022|A672|E556|2026-01-13|net demand for forecast|026412,20260114-A672-E556-SMALL-#1,2026-01-14
2026-01-17,80848022,E556,1,80848022|A672|E556|2026-01-13|net demand for forecast|026413,20260114-A672-E556-SMALL-#1,2026-01-14
2026-01-17,80848022,E556,1,80848022|A672|E556|2026-01-13|net demand for forecast|026414,20260114-A672-E556-SMALL-#1,2026-01-14
2026-01-17,80848022,E556,1,80848022|A672|E556|2026-01-13|net demand for forecast|026415,20260114-A672-E556-SMALL-#1,2026-01-14
2026-01-17,21314594,E556,1,21314594|A672|E556|2026-01-14|net demand for forecast|027161,20260114-A672-E556-SMALL-#1,2026-01-14
2026-01-17,21314594,E556,1,21314594|A672|E556|2026-01-14|net demand for forecast|027162,20260114-A672-E556-SMALL-#1,2026-01-14
2026-01-17,21314594,E556,1,21314594|A672|E556|2026-01-14|net demand for forecast|027163,20260114-A672-E556-SMALL-#1,2026-01-14
2026-01-17,21314594,E556,1,21314594|A672|E556|2026-01-14|net demand for forecast|027164,20260114-A672-E556-SMALL-#1,2026-01-14
2026-01-17,21314594,E556,1,21314594|A672|E556|2026-01-14|net demand for forecast|027165,20260114-A672-E556-SMALL-#1,2026-01-14
2026-01-17,21315350,E556,8,21315350|A672|E556|2026-01-14|net demand for forecast|027200,20260114-A672-E556-SMALL-#1,2026-01-14
2026-01-17,21315350,E556,8,21315350|A672|E556|2026-01-14|net demand for forecast|027201,20260114-A672-E556-SMALL-#1,2026-01-14
2026-01-17,21315350,E556,8,21315350|A672|E556|2026-01-14|net demand for forecast|027202,20260114-A672-E556-SMALL-#1,2026-01-14
2026-01-17,21315350,E556,8,21315350|A672|E556|2026-01-14|net demand for forecast|027203,20260114-A672-E556-SMALL-#1,2026-01-14
2026-01-17,21315350,E556,9,21315350|A672|E556|2026-01-14|net demand for forecast|027204,20260114-A672-E556-SMALL-#1,2026-01-14
2026-01-17,80804130,E556,1,80804130|A672|E556|2026-01-14|net demand for forecast|027249,20260114-A672-E556-SMALL-#1,2026-01-14
2026-01-17,80804130,E556,1,80804130|A672|E556|2026-01-14|net demand for forecast|027250,20260114-A672-E556-SMALL-#1,2026-01-14
2026-01-17,80804130,E556,1,80804130|A672|E556|2026-01-14|net demand for forecast|027251,20260114-A672-E556-SMALL-#1,2026-01-14
2026-01-17,80804130,E556,2,80804130|A672|E556|2026-01-14|net demand for forecast|027252,20260114-A672-E556-SMALL-#1,2026-01-14
2026-01-17,80804130,E556,2,80804130|A672|E556|2026-01-14|net demand for forecast|027253,20260114-A672-E556-SMALL-#1,2026-01-14
2026-01-17,80804134,E556,2,80804134|A672|E556|2026-01-14|net demand for forecast|027353,20260114-A672-E556-SMALL-#1,2026-01-14
2026-01-17,80804134,E556,2,80804134|A672|E556|2026-01-14|net demand for forecast|027354,20260114-A672-E556-SMALL-#1,2026-01-14
2026-01-17,80804134,E556,2,80804134|A672|E556|2026-01-14|net demand for forecast|027355,20260114-A672-E556-SMALL-#1,2026-01-14
2026-01-17,80804134,E556,2,80804134|A672|E556|2026-01-14|net demand for forecast|027357,20260114-A672-E556-SMALL-#1,2026-01-14
2026-01-17,80804137,E556,1,80804137|A672|E556|2026-01-14|net demand for forecast|027449,20260114-A672-E556-SMALL-#1,2026-01-14
2026-01-17,80804137,E556,1,80804137|A672|E556|2026-01-14|net demand for forecast|027450,20260114-A672-E556-SMALL-#1,2026-01-14
2026-01-17,80804137,E556,1,80804137|A672|E556|2026-01-14|net demand for forecast|027451,20260114-A672-E556-SMALL-#1,2026-01-14
2026-01-17,80804137,E556,1,80804137|A672|E556|2026-01-14|net demand for forecast|027452,20260114-A672-E556-SMALL-#1,2026-01-14
2026-01-17,80804137,E556,1,80804137|A672|E556|2026-01-14|net demand for forecast|027453,20260114-A672-E556-SMALL-#1,2026-01-14
2026-01-17,80807115,E556,3,80807115|A672|E556|2026-01-14|net demand for forecast|027983,20260114-A672-E556-SMALL-#1,2026-01-14
2026-01-17,80807115,E556,3,80807115|A672|E556|2026-01-14|net demand for forecast|027984,20260114-A672-E556-SMALL-#1,2026-01-14
2026-01-17,80807115,E556,3,80807115|A672|E556|2026-01-14|net demand for forecast|027985,20260114-A672-E556-SMALL-#1,2026-01-14
2026-01-17,80807115,E556,3,80807115|A672|E556|2026-01-14|net demand for forecast|027986,20260114-A672-E556-SMALL-#1,2026-01-14
2026-01-17,80807115,E556,3,80807115|A672|E556|2026-01-14|net demand for forecast|027987,20260114-A672-E556-SMALL-#1,2026-01-14
2026-01-17,80812099,E556,1,80812099|A672|E556|2026-01-14|net demand for forecast|028100,20260114-A672-E556-SMALL-#1,2026-01-14
2026-01-17,80812099,E556,1,80812099|A672|E556|2026-01-14|net demand for forecast|028101,20260114-A672-E556-SMALL-#1,2026-01-14
2026-01-17,80812099,E556,1,80812099|A672|E556|2026-01-14|net demand for forecast|028103,20260114-A672-E556-SMALL-#1,2026-01-14
2026-01-17,80812099,E556,1,80812099|A672|E556|2026-01-14|net demand for forecast|028104,20260114-A672-E556-SMALL-#1,2026-01-14
2026-01-17,80812841,E556,5,80812841|A672|E556|2026-01-14|net demand for forecast|028160,20260114-A672-E556-SMALL-#1,2026-01-14
2026-01-17,80812841,E556,5,80812841|A672|E556|2026-01-14|net demand for forecast|028161,20260114-A672-E556-SMALL-#1,2026-01-14
2026-01-17,80812841,E556,5,80812841|A672|E556|2026-01-14|net demand for forecast|028162,20260114-A672-E556-SMALL-#1,2026-01-14
2026-01-17,80812841,E556,5,80812841|A672|E556|2026-01-14|net demand for forecast|028163,20260114-A672-E556-SMALL-#1,2026-01-14
2026-01-17,80848022,E556,1,80848022|A672|E556|2026-01-14|net demand for forecast|028221,20260114-A672-E556-SMALL-#1,2026-01-14
2026-01-17,80848022,E556,1,80848022|A672|E556|2026-01-14|net demand for forecast|028223,20260114-A672-E556-SMALL-#1,2026-01-14
2026-01-17,80848022,E556,2,80848022|A672|E556|2026-01-14|net demand for forecast|028224,20260114-A672-E556-SMALL-#1,2026-01-14
2026-01-17,80848022,E556,2,80848022|A672|E556|2026-01-14|net demand for forecast|028225,20260114-A672-E556-SMALL-#1,2026-01-14
2026-01-17,80848029,E556,1,80848029|A672|E556|2026-01-14|net demand for forecast|028303,20260114-A672-E556-SMALL-#1,2026-01-14
2026-01-17,80848029,E556,1,80848029|A672|E556|2026-01-14|net demand for forecast|028304,20260114-A672-E556-SMALL-#1,2026-01-14
2026-01-17,80848029,E556,1,80848029|A672|E556|2026-01-14|net demand for forecast|028305,20260114-A672-E556-SMALL-#1,2026-01-14
2026-01-17,80848029,E556,1,80848029|A672|E556|2026-01-14|net demand for forecast|028306,20260114-A672-E556-SMALL-#1,2026-01-14
2026-01-17,21121751,E556,1,21121751|A672|E556|2026-01-13|net demand for safety|025193,20260114-A672-E556-SMALL-#1,2026-01-14
2026-01-17,21314594,E556,18,21314594|A672|E556|2026-01-13|net demand for safety|025400,20260114-A672-E556-SMALL-#1,2026-01-14
2026-01-17,21315352,E556,1,21315352|A672|E556|2026-01-13|net demand for safety|025523,20260114-A672-E556-SMALL-#1,2026-01-14
2026-01-17,80804132,E556,35,80804132|A672|E556|2026-01-13|net demand for safety|025631,20260114-A672-E556-SMALL-#1,2026-01-14
2026-01-17,80807102,E556,1,80807102|A672|E556|2026-01-13|net demand for safety|026061,20260114-A672-E556-SMALL-#1,2026-01-14
2026-01-17,80807110,E556,42,80807110|A672|E556|2026-01-13|net demand for safety|026078,20260114-A672-E556-SMALL-#1,2026-01-14
2026-01-17,80807112,E556,2,80807112|A672|E556|2026-01-13|net demand for safety|026091,20260114-A672-E556-SMALL-#1,2026-01-14
2026-01-17,80807113,E556,1,80807113|A672|E556|2026-01-13|net demand for safety|026102,20260114-A672-E556-SMALL-#1,2026-01-14
2026-01-17,80807118,E556,3,80807118|A672|E556|2026-01-13|net demand for safety|026262,20260114-A672-E556-SMALL-#1,2026-01-14
2026-01-17,80812154,E556,7,80812154|A672|E556|2026-01-13|net demand for safety|026275,20260114-A672-E556-SMALL-#1,2026-01-14
2026-01-17,21314594,E556,2,21314594|A672|E556|2026-01-14|net demand for safety|027167,20260114-A672-E556-SMALL-#1,2026-01-14
2026-01-17,21315352,E556,2,21315352|A672|E556|2026-01-14|net demand for safety|027211,20260114-A672-E556-SMALL-#1,2026-01-14
2026-01-17,80807102,E556,3,80807102|A672|E556|2026-01-14|net demand for safety|027941,20260114-A672-E556-SMALL-#1,2026-01-14
2026-01-17,80807113,E556,1,80807113|A672|E556|2026-01-14|net demand for safety|027954,20260114-A672-E556-SMALL-#1,2026-01-14
2026-01-17,80812154,E556,2,80812154|A672|E556|2026-01-14|net demand for safety|028120,20260114-A672-E556-SMALL-#1,2026-01-14
2026-01-17,80848029,E556,1,80848029|A672|E556|2026-01-14|net demand for safety|028308,20260114-A672-E556-SMALL-#1,2026-01-14
2026-01-17,80807096,C810,4,80807096|0386|C810|2026-01-14|net demand for net demand for normal|027885,20260114-0386-C810-LARGE-#1,2026-01-14
2026-01-17,21148509,C810,2,21148509|0386|C810|2026-01-14|net demand for forecast|027086,20260114-0386-C810-LARGE-#1,2026-01-14
2026-01-17,80804699,C810,1,80804699|0386|C810|2026-01-14|net demand for forecast|027518,20260114-0386-C810-LARGE-#1,2026-01-14
2026-01-17,80812839,C810,1,80812839|0386|C810|2026-01-14|net demand for forecast|028135,20260114-0386-C810-LARGE-#1,2026-01-14
2026-01-17,80812839,C810,1,80812839|0386|C810|2026-01-14|net demand for forecast|028137,20260114-0386-C810-LARGE-#1,2026-01-14
2026-01-17,80812839,C810,2,80812839|0386|C810|2026-01-14|net demand for forecast|028140,20260114-0386-C810-LARGE-#1,2026-01-14
2026-01-17,80804134,C810,2,80804134|0386|C810|2026-01-14|net demand for net demand for forecast|027326,20260114-0386-C810-LARGE-#1,2026-01-14
2026-01-17,80804137,C810,2,80804137|0386|C810|2026-01-14|net demand for net demand for forecast|027430,20260114-0386-C810-LARGE-#1,2026-01-14
2026-01-17,21148509,C810,7,21148509|0386|C810|2026-01-14|net demand for safety|027097,20260114-0386-C810-LARGE-#1,2026-01-14
2026-01-17,80804137,C810,12,80804137|0386|C810|2026-01-14|net demand for safety|027436,20260114-0386-C810-LARGE-#1,2026-01-14
2026-01-17,80804137,C810,11,80804137|0386|C810|2026-01-14|net demand for net demand for safety|027434,20260114-0386-C810-LARGE-#1,2026-01-14
2026-01-17,80804704,C810,8,80804704|0386|C810|2026-01-14|net demand for net demand for safety|027583,20260114-0386-C810-LARGE-#1,2026-01-14
2026-01-17,80807119,C810,8,80807119|0386|C810|2026-01-14|net demand for net demand for safety|028070,20260114-0386-C810-LARGE-#1,2026-01-14
2026-01-17,21132758,D901,16,21132758|A673|D901|2026-01-15|net demand for normal|028486,20260115-A673-D901-SMALL-#1,2026-01-15
2026-01-17,21141769,D901,8,21141769|A673|D901|2026-01-15|net demand for normal|028544,20260115-A673-D901-SMALL-#1,2026-01-15
2026-01-17,80804701,D901,5,80804701|A673|D901|2026-01-15|net demand for normal|029037,20260115-A673-D901-SMALL-#1,2026-01-15
2026-01-17,80804705,D901,15,80804705|A673|D901|2026-01-15|net demand for normal|029113,20260115-A673-D901-SMALL-#1,2026-01-15
2026-01-17,80807114,D901,3,80807114|A673|D901|2026-01-15|net demand for normal|029379,20260115-A673-D901-SMALL-#1,2026-01-15
2026-01-17,80807116,D901,39,80807116|A673|D901|2026-01-15|net demand for normal|029404,20260115-A673-D901-SMALL-#1,2026-01-15
2026-01-17,80840976,D901,4,80840976|A673|D901|2026-01-15|net demand for normal|029558,20260115-A673-D901-SMALL-#1,2026-01-15
2026-01-17,80848026,D901,24,80848026|A673|D901|2026-01-15|net demand for normal|029629,20260115-A673-D901-SMALL-#1,2026-01-15
2026-01-17,21132988,D901,1,21132988|A673|D901|2026-01-15|net demand for forecast|028495,20260115-A673-D901-SMALL-#1,2026-01-15
2026-01-17,21132988,D901,1,21132988|A673|D901|2026-01-15|net demand for forecast|028496,20260115-A673-D901-SMALL-#1,2026-01-15
2026-01-17,21132988,D901,1,21132988|A673|D901|2026-01-15|net demand for forecast|028498,20260115-A673-D901-SMALL-#1,2026-01-15
2026-01-17,21137866,D901,5,21137866|A673|D901|2026-01-15|net demand for forecast|028510,20260115-A673-D901-SMALL-#1,2026-01-15
2026-01-17,21137866,D901,5,21137866|A673|D901|2026-01-15|net demand for forecast|028511,20260115-A673-D901-SMALL-#1,2026-01-15
2026-01-17,21137866,D901,5,21137866|A673|D901|2026-01-15|net demand for forecast|028512,20260115-A673-D901-SMALL-#1,2026-01-15
2026-01-17,21137866,D901,5,21137866|A673|D901|2026-01-15|net demand for forecast|028513,20260115-A673-D901-SMALL-#1,2026-01-15
2026-01-17,21139445,D901,1,21139445|A673|D901|2026-01-15|net demand for forecast|028522,20260115-A673-D901-SMALL-#1,2026-01-15
2026-01-17,21139445,D901,1,21139445|A673|D901|2026-01-15|net demand for forecast|028523,20260115-A673-D901-SMALL-#1,2026-01-15
2026-01-17,21139445,D901,1,21139445|A673|D901|2026-01-15|net demand for forecast|028524,20260115-A673-D901-SMALL-#1,2026-01-15
2026-01-17,21139445,D901,1,21139445|A673|D901|2026-01-15|net demand for forecast|028525,20260115-A673-D901-SMALL-#1,2026-01-15
2026-01-17,80804136,D901,2,80804136|A673|D901|2026-01-15|net demand for forecast|028955,20260115-A673-D901-SMALL-#1,2026-01-15
2026-01-17,80804136,D901,2,80804136|A673|D901|2026-01-15|net demand for forecast|028956,20260115-A673-D901-SMALL-#1,2026-01-15
2026-01-17,80804136,D901,2,80804136|A673|D901|2026-01-15|net demand for forecast|028957,20260115-A673-D901-SMALL-#1,2026-01-15
2026-01-17,80804136,D901,2,80804136|A673|D901|2026-01-15|net demand for forecast|028958,20260115-A673-D901-SMALL-#1,2026-01-15
2026-01-17,80804701,D901,2,80804701|A673|D901|2026-01-15|net demand for forecast|029033,20260115-A673-D901-SMALL-#1,2026-01-15
2026-01-17,80804701,D901,2,80804701|A673|D901|2026-01-15|net demand for forecast|029034,20260115-A673-D901-SMALL-#1,2026-01-15
2026-01-17,80804701,D901,3,80804701|A673|D901|2026-01-15|net demand for forecast|029035,20260115-A673-D901-SMALL-#1,2026-01-15
2026-01-17,80804701,D901,3,80804701|A673|D901|2026-01-15|net demand for forecast|029036,20260115-A673-D901-SMALL-#1,2026-01-15
2026-01-17,80804705,D901,14,80804705|A673|D901|2026-01-15|net demand for forecast|029109,20260115-A673-D901-SMALL-#1,2026-01-15
2026-01-17,80804705,D901,14,80804705|A673|D901|2026-01-15|net demand for forecast|029110,20260115-A673-D901-SMALL-#1,2026-01-15
2026-01-17,80804705,D901,14,80804705|A673|D901|2026-01-15|net demand for forecast|029111,20260115-A673-D901-SMALL-#1,2026-01-15
2026-01-17,80804705,D901,15,80804705|A673|D901|2026-01-15|net demand for forecast|029112,20260115-A673-D901-SMALL-#1,2026-01-15
2026-01-17,80807091,D901,5,80807091|A673|D901|2026-01-15|net demand for forecast|029187,20260115-A673-D901-SMALL-#1,2026-01-15
2026-01-17,80807091,D901,5,80807091|A673|D901|2026-01-15|net demand for forecast|029188,20260115-A673-D901-SMALL-#1,2026-01-15
2026-01-17,80807092,D901,2,80807092|A673|D901|2026-01-15|net demand for forecast|029207,20260115-A673-D901-SMALL-#1,2026-01-15
2026-01-17,80807092,D901,2,80807092|A673|D901|2026-01-15|net demand for forecast|029208,20260115-A673-D901-SMALL-#1,2026-01-15
2026-01-17,80807092,D901,2,80807092|A673|D901|2026-01-15|net demand for forecast|029209,20260115-A673-D901-SMALL-#1,2026-01-15
2026-01-17,80807092,D901,2,80807092|A673|D901|2026-01-15|net demand for forecast|029210,20260115-A673-D901-SMALL-#1,2026-01-15
2026-01-17,80807115,D901,7,80807115|A673|D901|2026-01-15|net demand for forecast|029400,20260115-A673-D901-SMALL-#1,2026-01-15
2026-01-17,80807115,D901,7,80807115|A673|D901|2026-01-15|net demand for forecast|029401,20260115-A673-D901-SMALL-#1,2026-01-15
2026-01-17,80807115,D901,7,80807115|A673|D901|2026-01-15|net demand for forecast|029403,20260115-A673-D901-SMALL-#1,2026-01-15
2026-01-17,80812846,D901,15,80812846|A673|D901|2026-01-15|net demand for forecast|029541,20260115-A673-D901-SMALL-#1,2026-01-15
2026-01-17,80812846,D901,17,80812846|A673|D901|2026-01-15|net demand for forecast|029542,20260115-A673-D901-SMALL-#1,2026-01-15
2026-01-17,80812846,D901,17,80812846|A673|D901|2026-01-15|net demand for forecast|029543,20260115-A673-D901-SMALL-#1,2026-01-15
2026-01-17,80812846,D901,17,80812846|A673|D901|2026-01-15|net demand for forecast|029544,20260115-A673-D901-SMALL-#1,2026-01-15
2026-01-17,80848023,D901,33,80848023|A673|D901|2026-01-15|net demand for forecast|029613,20260115-A673-D901-SMALL-#1,2026-01-15
2026-01-17,80848023,D901,34,80848023|A673|D901|2026-01-15|net demand for forecast|029615,20260115-A673-D901-SMALL-#1,2026-01-15
2026-01-17,21098519,D901,19,21098519|A673|D901|2026-01-15|net demand for safety|028439,20260115-A673-D901-SMALL-#1,2026-01-15
2026-01-17,21103371,D901,74,21103371|A673|D901|2026-01-15|net demand for safety|028455,20260115-A673-D901-SMALL-#1,2026-01-15
2026-01-17,21127730,D901,1,21127730|A673|D901|2026-01-15|net demand for safety|028471,20260115-A673-D901-SMALL-#1,2026-01-15
2026-01-17,21128067,D901,4,21128067|A673|D901|2026-01-15|net demand for safety|028475,20260115-A673-D901-SMALL-#1,2026-01-15
2026-01-17,21171453,D901,4,21171453|A673|D901|2026-01-15|net demand for safety|028592,20260115-A673-D901-SMALL-#1,2026-01-15
2026-01-17,21315474,D901,5,21315474|A673|D901|2026-01-15|net demand for safety|028773,20260115-A673-D901-SMALL-#1,2026-01-15
2026-01-17,80793613,D901,2,80793613|A673|D901|2026-01-15|net demand for safety|028788,20260115-A673-D901-SMALL-#1,2026-01-15
2026-01-17,80804703,D901,3,80804703|A673|D901|2026-01-15|net demand for safety|029064,20260115-A673-D901-SMALL-#1,2026-01-15
2026-01-17,80804706,D901,10,80804706|A673|D901|2026-01-15|net demand for safety|029145,20260115-A673-D901-SMALL-#1,2026-01-15
2026-01-17,80807089,D901,21,80807089|A673|D901|2026-01-15|net demand for safety|029160,20260115-A673-D901-SMALL-#1,2026-01-15
2026-01-17,80807091,D901,61,80807091|A673|D901|2026-01-15|net demand for safety|029189,20260115-A673-D901-SMALL-#1,2026-01-15
2026-01-17,80807102,D901,7,80807102|A673|D901|2026-01-15|net demand for safety|029312,20260115-A673-D901-SMALL-#1,2026-01-15
2026-01-17,80807112,D901,15,80807112|A673|D901|2026-01-15|net demand for safety|029372,20260115-A673-D901-SMALL-#1,2026-01-15
2026-01-17,80807113,D901,6,80807113|A673|D901|2026-01-15|net demand for safety|029375,20260115-A673-D901-SMALL-#1,2026-01-15
2026-01-17,80812846,D901,137,80812846|A673|D901|2026-01-15|net demand for safety|029545,20260115-A673-D901-SMALL-#1,2026-01-15
2026-01-17,21137866,D767,2,21137866|C810|D767|2026-01-13|net demand for normal|025303,20260115-C810-D767-SMALL-#1,2026-01-15
2026-01-17,80804128,D767,1,80804128|C810|D767|2026-01-13|net demand for normal|025596,20260115-C810-D767-SMALL-#1,2026-01-15
2026-01-17,80804138,D767,1,80804138|C810|D767|2026-01-15|net demand for normal|028971,20260115-C810-D767-SMALL-#1,2026-01-15
2026-01-17,80848026,D767,7,80848026|C810|D767|2026-01-15|net demand for normal|029642,20260115-C810-D767-SMALL-#1,2026-01-15
2026-01-17,21132758,D767,1,21132758|C810|D767|2026-01-13|net demand for forecast|025242,20260115-C810-D767-SMALL-#1,2026-01-15
2026-01-17,21132758,D767,1,21132758|C810|D767|2026-01-13|net demand for forecast|025243,20260115-C810-D767-SMALL-#1,2026-01-15
2026-01-17,21132758,D767,1,21132758|C810|D767|2026-01-13|net demand for forecast|025244,20260115-C810-D767-SMALL-#1,2026-01-15
2026-01-17,21132758,D767,1,21132758|C810|D767|2026-01-13|net demand for forecast|025245,20260115-C810-D767-SMALL-#1,2026-01-15
2026-01-17,21137866,D767,2,21137866|C810|D767|2026-01-13|net demand for forecast|025299,20260115-C810-D767-SMALL-#1,2026-01-15
2026-01-17,21137866,D767,2,21137866|C810|D767|2026-01-13|net demand for forecast|025300,20260115-C810-D767-SMALL-#1,2026-01-15
2026-01-17,80804128,D767,1,80804128|C810|D767|2026-01-13|net demand for forecast|025593,20260115-C810-D767-SMALL-#1,2026-01-15
2026-01-17,80804128,D767,1,80804128|C810|D767|2026-01-13|net demand for forecast|025594,20260115-C810-D767-SMALL-#1,2026-01-15
2026-01-17,80804701,D767,1,80804701|C810|D767|2026-01-13|net demand for forecast|025717,20260115-C810-D767-SMALL-#1,2026-01-15
2026-01-17,80804705,D767,1,80804705|C810|D767|2026-01-13|net demand for forecast|025761,20260115-C810-D767-SMALL-#1,2026-01-15
2026-01-17,80804705,D767,1,80804705|C810|D767|2026-01-13|net demand for forecast|025762,20260115-C810-D767-SMALL-#1,2026-01-15
2026-01-17,80804138,D767,2,80804138|C810|D767|2026-01-14|net demand for forecast|027468,20260115-C810-D767-SMALL-#1,2026-01-15
2026-01-17,80804138,D767,2,80804138|C810|D767|2026-01-14|net demand for forecast|027469,20260115-C810-D767-SMALL-#1,2026-01-15
2026-01-17,80804138,D767,2,80804138|C810|D767|2026-01-14|net demand for forecast|027470,20260115-C810-D767-SMALL-#1,2026-01-15
2026-01-17,80804138,D767,2,80804138|C810|D767|2026-01-14|net demand for forecast|027471,20260115-C810-D767-SMALL-#1,2026-01-15
2026-01-17,80807116,D767,6,80807116|C810|D767|2026-01-14|net demand for forecast|028009,20260115-C810-D767-SMALL-#1,2026-01-15
2026-01-17,80807116,D767,6,80807116|C810|D767|2026-01-14|net demand for forecast|028011,20260115-C810-D767-SMALL-#1,2026-01-15
2026-01-17,80807116,D767,6,80807116|C810|D767|2026-01-14|net demand for forecast|028012,20260115-C810-D767-SMALL-#1,2026-01-15
2026-01-17,21141769,D767,1,21141769|C810|D767|2026-01-15|net demand for forecast|028552,20260115-C810-D767-SMALL-#1,2026-01-15
2026-01-17,21141769,D767,1,21141769|C810|D767|2026-01-15|net demand for forecast|028553,20260115-C810-D767-SMALL-#1,2026-01-15
2026-01-17,21141769,D767,1,21141769|C810|D767|2026-01-15|net demand for forecast|028555,20260115-C810-D767-SMALL-#1,2026-01-15
2026-01-17,80805856,D767,3,80805856|C810|D767|2026-01-15|net demand for forecast|029148,20260115-C810-D767-SMALL-#1,2026-01-15
2026-01-17,80805856,D767,4,80805856|C810|D767|2026-01-15|net demand for forecast|029149,20260115-C810-D767-SMALL-#1,2026-01-15
2026-01-17,80805856,D767,4,80805856|C810|D767|2026-01-15|net demand for forecast|029150,20260115-C810-D767-SMALL-#1,2026-01-15
2026-01-17,80805856,D767,4,80805856|C810|D767|2026-01-15|net demand for forecast|029151,20260115-C810-D767-SMALL-#1,2026-01-15
2026-01-17,80807114,D767,2,80807114|C810|D767|2026-01-15|net demand for forecast|029380,20260115-C810-D767-SMALL-#1,2026-01-15
2026-01-17,80807114,D767,2,80807114|C810|D767|2026-01-15|net demand for forecast|029381,20260115-C810-D767-SMALL-#1,2026-01-15
2026-01-17,80807114,D767,2,80807114|C810|D767|2026-01-15|net demand for forecast|029382,20260115-C810-D767-SMALL-#1,2026-01-15
2026-01-17,80807114,D767,3,80807114|C810|D767|2026-01-15|net demand for forecast|029383,20260115-C810-D767-SMALL-#1,2026-01-15
2026-01-17,80807116,D767,1,80807116|C810|D767|2026-01-15|net demand for forecast|029405,20260115-C810-D767-SMALL-#1,2026-01-15
2026-01-17,80807116,D767,1,80807116|C810|D767|2026-01-15|net demand for forecast|029406,20260115-C810-D767-SMALL-#1,2026-01-15
2026-01-17,80807116,D767,1,80807116|C810|D767|2026-01-15|net demand for forecast|029408,20260115-C810-D767-SMALL-#1,2026-01-15
2026-01-17,80812845,D767,4,80812845|C810|D767|2026-01-15|net demand for forecast|029505,20260115-C810-D767-SMALL-#1,2026-01-15
2026-01-17,80812845,D767,4,80812845|C810|D767|2026-01-15|net demand for forecast|029506,20260115-C810-D767-SMALL-#1,2026-01-15
2026-01-17,80812845,D767,4,80812845|C810|D767|2026-01-15|net demand for forecast|029507,20260115-C810-D767-SMALL-#1,2026-01-15
2026-01-17,80812845,D767,4,80812845|C810|D767|2026-01-15|net demand for forecast|029508,20260115-C810-D767-SMALL-#1,2026-01-15
2026-01-17,80848026,D767,10,80848026|C810|D767|2026-01-15|net demand for forecast|029638,20260115-C810-D767-SMALL-#1,2026-01-15
2026-01-17,80848026,D767,10,80848026|C810|D767|2026-01-15|net demand for forecast|029639,20260115-C810-D767-SMALL-#1,2026-01-15
2026-01-17,80848026,D767,10,80848026|C810|D767|2026-01-15|net demand for forecast|029640,20260115-C810-D767-SMALL-#1,2026-01-15
2026-01-17,80848026,D767,10,80848026|C810|D767|2026-01-15|net demand for forecast|029641,20260115-C810-D767-SMALL-#1,2026-01-15
2026-01-17,21098519,D767,1,21098519|C810|D767|2026-01-13|net demand for safety|025183,20260115-C810-D767-SMALL-#1,2026-01-15
2026-01-17,21103372,D767,2,21103372|C810|D767|2026-01-13|net demand for safety|025190,20260115-C810-D767-SMALL-#1,2026-01-15
2026-01-17,21128067,D767,7,21128067|C810|D767|2026-01-13|net demand for safety|025223,20260115-C810-D767-SMALL-#1,2026-01-15
2026-01-17,21132758,D767,15,21132758|C810|D767|2026-01-13|net demand for safety|025246,20260115-C810-D767-SMALL-#1,2026-01-15
2026-01-17,21151196,D767,1,21151196|C810|D767|2026-01-13|net demand for safety|025357,20260115-C810-D767-SMALL-#1,2026-01-15
2026-01-17,21170683,D767,5,21170683|C810|D767|2026-01-13|net demand for safety|025373,20260115-C810-D767-SMALL-#1,2026-01-15
2026-01-17,80804128,D767,9,80804128|C810|D767|2026-01-13|net demand for safety|025597,20260115-C810-D767-SMALL-#1,2026-01-15
2026-01-17,80804705,D767,9,80804705|C810|D767|2026-01-13|net demand for safety|025763,20260115-C810-D767-SMALL-#1,2026-01-15
2026-01-17,80807091,D767,4,80807091|C810|D767|2026-01-13|net demand for safety|026029,20260115-C810-D767-SMALL-#1,2026-01-15
2026-01-17,80848028,D767,2,80848028|C810|D767|2026-01-13|net demand for safety|026605,20260115-C810-D767-SMALL-#1,2026-01-15
2026-01-17,21098519,D767,1,21098519|C810|D767|2026-01-14|net demand for safety|026836,20260115-C810-D767-SMALL-#1,2026-01-15
2026-01-17,21103372,D767,1,21103372|C810|D767|2026-01-14|net demand for safety|026841,20260115-C810-D767-SMALL-#1,2026-01-15
2026-01-17,21128067,D767,4,21128067|C810|D767|2026-01-14|net demand for safety|026880,20260115-C810-D767-SMALL-#1,2026-01-15
2026-01-17,21128377,D767,4,21128377|C810|D767|2026-01-14|net demand for safety|026883,20260115-C810-D767-SMALL-#1,2026-01-15
2026-01-17,21141769,D767,47,21141769|C810|D767|2026-01-14|net demand for safety|027060,20260115-C810-D767-SMALL-#1,2026-01-15
2026-01-17,80804138,D767,14,80804138|C810|D767|2026-01-14|net demand for safety|027472,20260115-C810-D767-SMALL-#1,2026-01-15
2026-01-17,80807091,D767,1,80807091|C810|D767|2026-01-14|net demand for safety|027764,20260115-C810-D767-SMALL-#1,2026-01-15
2026-01-17,80807116,D767,96,80807116|C810|D767|2026-01-14|net demand for safety|028013,20260115-C810-D767-SMALL-#1,2026-01-15
2026-01-17,21098519,D767,2,21098519|C810|D767|2026-01-15|net demand for safety|028441,20260115-C810-D767-SMALL-#1,2026-01-15
2026-01-17,21103372,D767,1,21103372|C810|D767|2026-01-15|net demand for safety|028460,20260115-C810-D767-SMALL-#1,2026-01-15
2026-01-17,21325164,D767,1,21325164|C810|D767|2026-01-15|net demand for safety|028776,20260115-C810-D767-SMALL-#1,2026-01-15
2026-01-17,80804698,D767,1,80804698|C810|D767|2026-01-15|net demand for safety|028977,20260115-C810-D767-SMALL-#1,2026-01-15
2026-01-17,80807114,D767,30,80807114|C810|D767|2026-01-15|net demand for safety|029384,20260115-C810-D767-SMALL-#1,2026-01-15
2026-01-17,80807116,D767,5,80807116|C810|D767|2026-01-15|net demand for safety|029409,20260115-C810-D767-SMALL-#1,2026-01-15
2026-01-17,80812845,D767,23,80812845|C810|D767|2026-01-15|net demand for safety|029509,20260115-C810-D767-SMALL-#1,2026-01-15
2026-01-17,80812846,D767,1,80812846|C810|D767|2026-01-15|net demand for safety|029554,20260115-C810-D767-SMALL-#1,2026-01-15
2026-01-17,80868100,C816,63,80868100|0386|C816|2026-01-15|net demand for AO|029749,20260115-0386-C816-LARGE-#1,2026-01-15
2026-01-17,21155895,C816,5,21155895|0386|C816|2026-01-15|net demand for forecast|028578,20260115-0386-C816-LARGE-#1,2026-01-15
2026-01-17,21314875,C816,2,21314875|0386|C816|2026-01-15|net demand for forecast|028753,20260115-0386-C816-LARGE-#1,2026-01-15
2026-01-17,21314875,C816,2,21314875|0386|C816|2026-01-15|net demand for forecast|028754,20260115-0386-C816-LARGE-#1,2026-01-15
2026-01-17,80804131,C816,1,80804131|0386|C816|2026-01-15|net demand for forecast|028908,20260115-0386-C816-LARGE-#1,2026-01-15
2026-01-17,80804131,C816,1,80804131|0386|C816|2026-01-15|net demand for forecast|028911,20260115-0386-C816-LARGE-#1,2026-01-15
2026-01-17,80804702,C816,4,80804702|0386|C816|2026-01-15|net demand for forecast|029051,20260115-0386-C816-LARGE-#1,2026-01-15
2026-01-17,80804702,C816,4,80804702|0386|C816|2026-01-15|net demand for forecast|029052,20260115-0386-C816-LARGE-#1,2026-01-15
2026-01-17,80804702,C816,4,80804702|0386|C816|2026-01-15|net demand for forecast|029053,20260115-0386-C816-LARGE-#1,2026-01-15
2026-01-17,80885919,C816,2,80885919|0386|C816|2026-01-15|net demand for forecast|029902,20260115-0386-C816-LARGE-#1,2026-01-15
2026-01-17,80885919,C816,3,80885919|0386|C816|2026-01-15|net demand for forecast|029904,20260115-0386-C816-LARGE-#1,2026-01-15
2026-01-17,21314875,C816,1,21314875|0386|C816|2026-01-15|net demand for net demand for forecast|028762,20260115-0386-C816-LARGE-#1,2026-01-15
2026-01-17,80807095,C816,5,80807095|0386|C816|2026-01-15|net demand for net demand for forecast|029281,20260115-0386-C816-LARGE-#1,2026-01-15
2026-01-17,80807105,C816,1,80807105|0386|C816|2026-01-15|net demand for net demand for forecast|029344,20260115-0386-C816-LARGE-#1,2026-01-15
2026-01-17,80807105,C816,2,80807105|0386|C816|2026-01-15|net demand for net demand for forecast|029349,20260115-0386-C816-LARGE-#1,2026-01-15
2026-01-17,80868100,C816,1,80868100|0386|C816|2026-01-15|net demand for net demand for forecast|029759,20260115-0386-C816-LARGE-#1,2026-01-15
2026-01-17,80868100,C816,1,80868100|0386|C816|2026-01-15|net demand for net demand for forecast|029761,20260115-0386-C816-LARGE-#1,2026-01-15
2026-01-17,80868100,C816,3,80868100|0386|C816|2026-01-15|net demand for net demand for forecast|029772,20260115-0386-C816-LARGE-#1,2026-01-15
2026-01-17,80868100,C816,3,80868100|0386|C816|2026-01-15|net demand for net demand for forecast|029774,20260115-0386-C816-LARGE-#1,2026-01-15
2026-01-17,21155895,C816,46,21155895|0386|C816|2026-01-15|net demand for safety|028586,20260115-0386-C816-LARGE-#1,2026-01-15
2026-01-17,80804133,C816,67,80804133|0386|C816|2026-01-15|net demand for net demand for safety|028949,20260115-0386-C816-LARGE-#1,2026-01-15
2026-01-17,80807096,C810,3,80807096|0386|C810|2026-01-15|net demand for net demand for normal|029286,20260115-0386-C810-LARGE-#1,2026-01-15
2026-01-17,80807095,C810,1,80807095|0386|C810|2026-01-15|net demand for AO|029242,20260115-0386-C810-LARGE-#1,2026-01-15
2026-01-17,80807095,C810,1,80807095|0386|C810|2026-01-15|net demand for AO|029243,20260115-0386-C810-LARGE-#1,2026-01-15
2026-01-17,80807095,C810,2,80807095|0386|C810|2026-01-15|net demand for AO|029244,20260115-0386-C810-LARGE-#1,2026-01-15
2026-01-17,80807095,C810,2,80807095|0386|C810|2026-01-15|net demand for AO|029245,20260115-0386-C810-LARGE-#1,2026-01-15
2026-01-17,80807095,C810,3,80807095|0386|C810|2026-01-15|net demand for AO|029246,20260115-0386-C810-LARGE-#1,2026-01-15
2026-01-17,21155895,C810,1,21155895|0386|C810|2026-01-15|net demand for forecast|028568,20260115-0386-C810-LARGE-#1,2026-01-15
2026-01-17,21155895,C810,1,21155895|0386|C810|2026-01-15|net demand for forecast|028569,20260115-0386-C810-LARGE-#1,2026-01-15
2026-01-17,21155895,C810,1,21155895|0386|C810|2026-01-15|net demand for forecast|028570,20260115-0386-C810-LARGE-#1,2026-01-15
2026-01-17,21155895,C810,1,21155895|0386|C810|2026-01-15|net demand for forecast|028571,20260115-0386-C810-LARGE-#1,2026-01-15
2026-01-17,21155895,C810,1,21155895|0386|C810|2026-01-15|net demand for forecast|028572,20260115-0386-C810-LARGE-#1,2026-01-15
2026-01-17,21155895,C810,1,21155895|0386|C810|2026-01-15|net demand for forecast|028573,20260115-0386-C810-LARGE-#1,2026-01-15
2026-01-17,80804130,C810,1,80804130|0386|C810|2026-01-15|net demand for forecast|028825,20260115-0386-C810-LARGE-#1,2026-01-15
2026-01-17,80804130,C810,1,80804130|0386|C810|2026-01-15|net demand for forecast|028826,20260115-0386-C810-LARGE-#1,2026-01-15
2026-01-17,80804133,C810,1,80804133|0386|C810|2026-01-15|net demand for forecast|028939,20260115-0386-C810-LARGE-#1,2026-01-15
2026-01-17,80804133,C810,1,80804133|0386|C810|2026-01-15|net demand for forecast|028940,20260115-0386-C810-LARGE-#1,2026-01-15
2026-01-17,80804133,C810,1,80804133|0386|C810|2026-01-15|net demand for forecast|028941,20260115-0386-C810-LARGE-#1,2026-01-15
2026-01-17,80804133,C810,1,80804133|0386|C810|2026-01-15|net demand for forecast|028942,20260115-0386-C810-LARGE-#1,2026-01-15
2026-01-17,80804133,C810,1,80804133|0386|C810|2026-01-15|net demand for forecast|028943,20260115-0386-C810-LARGE-#1,2026-01-15
2026-01-17,80804133,C810,1,80804133|0386|C810|2026-01-15|net demand for forecast|028944,20260115-0386-C810-LARGE-#1,2026-01-15
2026-01-17,80804702,C810,1,80804702|0386|C810|2026-01-15|net demand for forecast|029049,20260115-0386-C810-LARGE-#1,2026-01-15
2026-01-17,80807095,C810,1,80807095|0386|C810|2026-01-15|net demand for forecast|029247,20260115-0386-C810-LARGE-#1,2026-01-15
2026-01-17,80807095,C810,2,80807095|0386|C810|2026-01-15|net demand for forecast|029248,20260115-0386-C810-LARGE-#1,2026-01-15
2026-01-17,80807095,C810,2,80807095|0386|C810|2026-01-15|net demand for forecast|029249,20260115-0386-C810-LARGE-#1,2026-01-15
2026-01-17,80807095,C810,2,80807095|0386|C810|2026-01-15|net demand for forecast|029250,20260115-0386-C810-LARGE-#1,2026-01-15
2026-01-17,80807095,C810,2,80807095|0386|C810|2026-01-15|net demand for forecast|029251,20260115-0386-C810-LARGE-#1,2026-01-15
2026-01-17,80807105,C810,1,80807105|0386|C810|2026-01-15|net demand for forecast|029327,20260115-0386-C810-LARGE-#1,2026-01-15
2026-01-17,80807105,C810,1,80807105|0386|C810|2026-01-15|net demand for forecast|029328,20260115-0386-C810-LARGE-#1,2026-01-15
2026-01-17,80807105,C810,2,80807105|0386|C810|2026-01-15|net demand for forecast|029329,20260115-0386-C810-LARGE-#1,2026-01-15
2026-01-17,80807105,C810,2,80807105|0386|C810|2026-01-15|net demand for forecast|029330,20260115-0386-C810-LARGE-#1,2026-01-15
2026-01-17,80807105,C810,2,80807105|0386|C810|2026-01-15|net demand for forecast|029331,20260115-0386-C810-LARGE-#1,2026-01-15
2026-01-17,80868100,C810,1,80868100|0386|C810|2026-01-15|net demand for forecast|029743,20260115-0386-C810-LARGE-#1,2026-01-15
2026-01-17,80804137,C810,1,80804137|0386|C810|2026-01-15|net demand for net demand for forecast|028966,20260115-0386-C810-LARGE-#1,2026-01-15
2026-01-17,80804137,C810,1,80804137|0386|C810|2026-01-15|net demand for net demand for forecast|028967,20260115-0386-C810-LARGE-#1,2026-01-15
2026-01-17,80804137,C810,1,80804137|0386|C810|2026-01-15|net demand for net demand for forecast|028969,20260115-0386-C810-LARGE-#1,2026-01-15
2026-01-17,80807095,C810,1,80807095|0386|C810|2026-01-15|net demand for net demand for forecast|029252,20260115-0386-C810-LARGE-#1,2026-01-15
2026-01-17,80807095,C810,1,80807095|0386|C810|2026-01-15|net demand for net demand for forecast|029253,20260115-0386-C810-LARGE-#1,2026-01-15
2026-01-17,80807095,C810,1,80807095|0386|C810|2026-01-15|net demand for net demand for forecast|029254,20260115-0386-C810-LARGE-#1,2026-01-15
2026-01-17,80807095,C810,1,80807095|0386|C810|2026-01-15|net demand for net demand for forecast|029255,20260115-0386-C810-LARGE-#1,2026-01-15
2026-01-17,80807095,C810,1,80807095|0386|C810|2026-01-15|net demand for net demand for forecast|029256,20260115-0386-C810-LARGE-#1,2026-01-15
2026-01-17,80807095,C810,1,80807095|0386|C810|2026-01-15|net demand for net demand for forecast|029257,20260115-0386-C810-LARGE-#1,2026-01-15
2026-01-17,80807095,C810,1,80807095|0386|C810|2026-01-15|net demand for net demand for forecast|029258,20260115-0386-C810-LARGE-#1,2026-01-15
2026-01-17,80807095,C810,5,80807095|0386|C810|2026-01-15|net demand for net demand for forecast|029260,20260115-0386-C810-LARGE-#1,2026-01-15
2026-01-17,80807095,C810,5,80807095|0386|C810|2026-01-15|net demand for net demand for forecast|029261,20260115-0386-C810-LARGE-#1,2026-01-15
2026-01-17,21103371,C810,34,21103371|0386|C810|2026-01-15|net demand for safety|028452,20260115-0386-C810-LARGE-#1,2026-01-15
2026-01-17,21155895,C810,7,21155895|0386|C810|2026-01-15|net demand for safety|028575,20260115-0386-C810-LARGE-#1,2026-01-15
2026-01-17,80804130,C810,3,80804130|0386|C810|2026-01-15|net demand for safety|028829,20260115-0386-C810-LARGE-#1,2026-01-15
2026-01-17,80804133,C810,38,80804133|0386|C810|2026-01-15|net demand for safety|028946,20260115-0386-C810-LARGE-#1,2026-01-15
2026-01-17,80807095,C810,8,80807095|0386|C810|2026-01-15|net demand for safety|029263,20260115-0386-C810-LARGE-#1,2026-01-15
2026-01-17,80807105,C810,22,80807105|0386|C810|2026-01-15|net demand for safety|029334,20260115-0386-C810-LARGE-#1,2026-01-15
2026-01-17,80868100,C810,1,80868100|0386|C810|2026-01-15|net demand for safety|029744,20260115-0386-C810-LARGE-#1,2026-01-15
2026-01-17,21103371,C810,1,21103371|0386|C810|2026-01-15|net demand for net demand for safety|028449,20260115-0386-C810-LARGE-#1,2026-01-15
2026-01-17,21103371,C810,3,21103371|0386|C810|2026-01-15|net demand for net demand for safety|028450,20260115-0386-C810-LARGE-#1,2026-01-15
2026-01-17,21103371,C810,64,21103371|0386|C810|2026-01-15|net demand for net demand for safety|028451,20260115-0386-C810-LARGE-#1,2026-01-15
2026-01-17,21155895,C810,2,21155895|0386|C810|2026-01-15|net demand for net demand for safety|028574,20260115-0386-C810-LARGE-#1,2026-01-15
2026-01-17,80804130,C810,18,80804130|0386|C810|2026-01-15|net demand for net demand for safety|028828,20260115-0386-C810-LARGE-#1,2026-01-15
2026-01-17,80804133,C810,31,80804133|0386|C810|2026-01-15|net demand for net demand for safety|028945,20260115-0386-C810-LARGE-#1,2026-01-15
2026-01-17,80804699,C810,2,80804699|0386|C810|2026-01-15|net demand for net demand for safety|028994,20260115-0386-C810-LARGE-#1,2026-01-15
2026-01-17,80804704,C810,1,80804704|0386|C810|2026-01-15|net demand for net demand for safety|029066,20260115-0386-C810-LARGE-#1,2026-01-15
2026-01-17,80807105,C810,25,80807105|0386|C810|2026-01-15|net demand for net demand for safety|029332,20260115-0386-C810-LARGE-#1,2026-01-15
2026-01-17,80807105,C810,56,80807105|0386|C810|2026-01-15|net demand for net demand for safety|029333,20260115-0386-C810-LARGE-#1,2026-01-15
2026-01-17,80812839,C810,1,80812839|0386|C810|2026-01-15|net demand for net demand for safety|029475,20260115-0386-C810-LARGE-#1,2026-01-15
2026-01-17,80812839,C810,2,80812839|0386|C810|2026-01-15|net demand for net demand for safety|029476,20260115-0386-C810-LARGE-#1,2026-01-15
2026-01-17,21103371,C810,28,21103371|0386|C810|2026-01-15|push replenishment|028453,20260115-0386-C810-LARGE-#1,2026-01-15
2026-01-17,21155895,C810,26,21155895|0386|C810|2026-01-15|push replenishment|028576,20260115-0386-C810-LARGE-#1,2026-01-15
2026-01-17,80804130,C810,3,80804130|0386|C810|2026-01-15|push replenishment|028830,20260115-0386-C810-LARGE-#1,2026-01-15
2026-01-17,80807105,C810,29,80807105|0386|C810|2026-01-15|push replenishment|029335,20260115-0386-C810-LARGE-#1,2026-01-15
2026-01-17,80868100,C810,6,80868100|0386|C810|2026-01-15|push replenishment|029745,20260115-0386-C810-LARGE-#1,2026-01-15
2026-01-17,21304907,C816,1,21304907|0386|C816|2026-01-16|net demand for net demand for normal|030176,20260116-0386-C816-LARGE-#1,2026-01-16
2026-01-17,80804702,C816,1,80804702|0386|C816|2026-01-16|net demand for forecast|030384,20260116-0386-C816-LARGE-#1,2026-01-16
2026-01-17,80807092,C816,5,80807092|0386|C816|2026-01-16|net demand for forecast|030522,20260116-0386-C816-LARGE-#1,2026-01-16
2026-01-17,80807092,C816,5,80807092|0386|C816|2026-01-16|net demand for forecast|030523,20260116-0386-C816-LARGE-#1,2026-01-16
2026-01-17,80807092,C816,7,80807092|0386|C816|2026-01-16|net demand for forecast|030524,20260116-0386-C816-LARGE-#1,2026-01-16
2026-01-17,80807092,C816,7,80807092|0386|C816|2026-01-16|net demand for forecast|030525,20260116-0386-C816-LARGE-#1,2026-01-16
2026-01-17,80807092,C816,7,80807092|0386|C816|2026-01-16|net demand for forecast|030526,20260116-0386-C816-LARGE-#1,2026-01-16
2026-01-17,80807092,C816,7,80807092|0386|C816|2026-01-16|net demand for forecast|030527,20260116-0386-C816-LARGE-#1,2026-01-16
2026-01-17,80807115,C816,2,80807115|0386|C816|2026-01-16|net demand for forecast|030748,20260116-0386-C816-LARGE-#1,2026-01-16
2026-01-17,80807115,C816,3,80807115|0386|C816|2026-01-16|net demand for forecast|030749,20260116-0386-C816-LARGE-#1,2026-01-16
2026-01-17,80807115,C816,6,80807115|0386|C816|2026-01-16|net demand for forecast|030750,20260116-0386-C816-LARGE-#1,2026-01-16
2026-01-17,80807115,C816,7,80807115|0386|C816|2026-01-16|net demand for forecast|030752,20260116-0386-C816-LARGE-#1,2026-01-16
2026-01-17,80807115,C816,7,80807115|0386|C816|2026-01-16|net demand for forecast|030753,20260116-0386-C816-LARGE-#1,2026-01-16
2026-01-17,80807115,C816,7,80807115|0386|C816|2026-01-16|net demand for forecast|030754,20260116-0386-C816-LARGE-#1,2026-01-16
2026-01-17,80848023,C816,4,80848023|0386|C816|2026-01-16|net demand for forecast|031001,20260116-0386-C816-LARGE-#1,2026-01-16
2026-01-17,80848023,C816,6,80848023|0386|C816|2026-01-16|net demand for forecast|031002,20260116-0386-C816-LARGE-#1,2026-01-16
2026-01-17,80848023,C816,7,80848023|0386|C816|2026-01-16|net demand for forecast|031004,20260116-0386-C816-LARGE-#1,2026-01-16
2026-01-17,80848023,C816,7,80848023|0386|C816|2026-01-16|net demand for forecast|031005,20260116-0386-C816-LARGE-#1,2026-01-16
2026-01-17,80848023,C816,7,80848023|0386|C816|2026-01-16|net demand for forecast|031006,20260116-0386-C816-LARGE-#1,2026-01-16
2026-01-17,80848023,C816,7,80848023|0386|C816|2026-01-16|net demand for forecast|031007,20260116-0386-C816-LARGE-#1,2026-01-16
2026-01-17,80807092,C816,1,80807092|0386|C816|2026-01-16|net demand for net demand for forecast|030528,20260116-0386-C816-LARGE-#1,2026-01-16
2026-01-17,80807092,C816,1,80807092|0386|C816|2026-01-16|net demand for net demand for forecast|030529,20260116-0386-C816-LARGE-#1,2026-01-16
2026-01-17,80807092,C816,1,80807092|0386|C816|2026-01-16|net demand for net demand for forecast|030530,20260116-0386-C816-LARGE-#1,2026-01-16
2026-01-17,80807092,C816,1,80807092|0386|C816|2026-01-16|net demand for net demand for forecast|030531,20260116-0386-C816-LARGE-#1,2026-01-16
2026-01-17,80807092,C816,1,80807092|0386|C816|2026-01-16|net demand for net demand for forecast|030532,20260116-0386-C816-LARGE-#1,2026-01-16
2026-01-17,80807092,C816,1,80807092|0386|C816|2026-01-16|net demand for net demand for forecast|030533,20260116-0386-C816-LARGE-#1,2026-01-16
2026-01-17,80807092,C816,2,80807092|0386|C816|2026-01-16|net demand for net demand for forecast|030534,20260116-0386-C816-LARGE-#1,2026-01-16
2026-01-17,80807115,C816,1,80807115|0386|C816|2026-01-16|net demand for net demand for forecast|030755,20260116-0386-C816-LARGE-#1,2026-01-16
2026-01-17,80807115,C816,1,80807115|0386|C816|2026-01-16|net demand for net demand for forecast|030756,20260116-0386-C816-LARGE-#1,2026-01-16
2026-01-17,80807115,C816,1,80807115|0386|C816|2026-01-16|net demand for net demand for forecast|030757,20260116-0386-C816-LARGE-#1,2026-01-16
2026-01-17,80807115,C816,1,80807115|0386|C816|2026-01-16|net demand for net demand for forecast|030758,20260116-0386-C816-LARGE-#1,2026-01-16
2026-01-17,80807115,C816,1,80807115|0386|C816|2026-01-16|net demand for net demand for forecast|030759,20260116-0386-C816-LARGE-#1,2026-01-16
2026-01-17,80807115,C816,1,80807115|0386|C816|2026-01-16|net demand for net demand for forecast|030760,20260116-0386-C816-LARGE-#1,2026-01-16
2026-01-17,80807115,C816,8,80807115|0386|C816|2026-01-16|net demand for net demand for forecast|030762,20260116-0386-C816-LARGE-#1,2026-01-16
2026-01-17,80807115,C816,8,80807115|0386|C816|2026-01-16|net demand for net demand for forecast|030763,20260116-0386-C816-LARGE-#1,2026-01-16
2026-01-17,80807115,C816,8,80807115|0386|C816|2026-01-16|net demand for net demand for forecast|030764,20260116-0386-C816-LARGE-#1,2026-01-16
2026-01-17,80807115,C816,8,80807115|0386|C816|2026-01-16|net demand for net demand for forecast|030765,20260116-0386-C816-LARGE-#1,2026-01-16
2026-01-17,80807115,C816,8,80807115|0386|C816|2026-01-16|net demand for net demand for forecast|030766,20260116-0386-C816-LARGE-#1,2026-01-16
2026-01-17,80807115,C816,9,80807115|0386|C816|2026-01-16|net demand for net demand for forecast|030767,20260116-0386-C816-LARGE-#1,2026-01-16
2026-01-17,80807115,C816,9,80807115|0386|C816|2026-01-16|net demand for net demand for forecast|030768,20260116-0386-C816-LARGE-#1,2026-01-16
2026-01-17,80848023,C816,1,80848023|0386|C816|2026-01-16|net demand for net demand for forecast|031008,20260116-0386-C816-LARGE-#1,2026-01-16
2026-01-17,80848023,C816,1,80848023|0386|C816|2026-01-16|net demand for net demand for forecast|031009,20260116-0386-C816-LARGE-#1,2026-01-16
2026-01-17,80848023,C816,1,80848023|0386|C816|2026-01-16|net demand for net demand for forecast|031010,20260116-0386-C816-LARGE-#1,2026-01-16
2026-01-17,80848023,C816,1,80848023|0386|C816|2026-01-16|net demand for net demand for forecast|031011,20260116-0386-C816-LARGE-#1,2026-01-16
2026-01-17,21132758,C816,156,21132758|0386|C816|2026-01-16|net demand for safety|030018,20260116-0386-C816-LARGE-#1,2026-01-16
2026-01-17,80807089,C816,1,80807089|0386|C816|2026-01-16|net demand for safety|030472,20260116-0386-C816-LARGE-#1,2026-01-16
2026-01-17,80807092,C816,62,80807092|0386|C816|2026-01-16|net demand for safety|030540,20260116-0386-C816-LARGE-#1,2026-01-16
2026-01-17,80807110,C816,35,80807110|0386|C816|2026-01-16|net demand for safety|030621,20260116-0386-C816-LARGE-#1,2026-01-16
2026-01-17,80807115,C816,245,80807115|0386|C816|2026-01-16|net demand for safety|030771,20260116-0386-C816-LARGE-#1,2026-01-16
2026-01-17,80848023,C816,395,80848023|0386|C816|2026-01-16|net demand for safety|031015,20260116-0386-C816-LARGE-#1,2026-01-16
2026-01-17,21132758,C816,13,21132758|0386|C816|2026-01-16|net demand for net demand for safety|030017,20260116-0386-C816-LARGE-#1,2026-01-16
2026-01-17,21425098,C816,6,21425098|0386|C816|2026-01-16|net demand for net demand for safety|030234,20260116-0386-C816-LARGE-#1,2026-01-16
2026-01-17,80807092,C816,2,80807092|0386|C816|2026-01-16|net demand for net demand for safety|030536,20260116-0386-C816-LARGE-#1,2026-01-16
2026-01-17,80807092,C816,23,80807092|0386|C816|2026-01-16|net demand for net demand for safety|030537,20260116-0386-C816-LARGE-#1,2026-01-16
2026-01-17,80807092,C816,63,80807092|0386|C816|2026-01-16|net demand for net demand for safety|030538,20260116-0386-C816-LARGE-#1,2026-01-16
2026-01-17,80807092,C816,71,80807092|0386|C816|2026-01-16|net demand for net demand for safety|030539,20260116-0386-C816-LARGE-#1,2026-01-16
2026-01-17,80807110,C816,19,80807110|0386|C816|2026-01-16|net demand for net demand for safety|030619,20260116-0386-C816-LARGE-#1,2026-01-16
2026-01-17,80807115,C816,63,80807115|0386|C816|2026-01-16|net demand for net demand for safety|030769,20260116-0386-C816-LARGE-#1,2026-01-16
2026-01-17,80848023,C816,1,80848023|0386|C816|2026-01-16|net demand for net demand for safety|031012,20260116-0386-C816-LARGE-#1,2026-01-16
2026-01-17,80848023,C816,10,80848023|0386|C816|2026-01-16|net demand for net demand for safety|031013,20260116-0386-C816-LARGE-#1,2026-01-16
2026-01-17,80848023,C816,18,80848023|0386|C816|2026-01-16|net demand for net demand for safety|031014,20260116-0386-C816-LARGE-#1,2026-01-16
2026-01-17,80807092,C816,57,80807092|0386|C816|2026-01-16|net demand for net demand for net demand for safety|030535,20260116-0386-C816-LARGE-#1,2026-01-16
2026-01-17,80848021,C816,1,80848021|0386|C816|2026-01-16|net demand for net demand for net demand for safety|030902,20260116-0386-C816-LARGE-#1,2026-01-16
2026-01-17,21132758,C816,159,21132758|0386|C816|2026-01-16|push replenishment|030019,20260116-0386-C816-LARGE-#1,2026-01-16
2026-01-17,80807092,C816,458,80807092|0386|C816|2026-01-16|push replenishment|030541,20260116-0386-C816-LARGE-#1,2026-01-16
2026-01-17,80807110,C816,445,80807110|0386|C816|2026-01-16|push replenishment|030622,20260116-0386-C816-LARGE-#1,2026-01-16
2026-01-17,80807115,C816,91,80807115|0386|C816|2026-01-16|push replenishment|030772,20260116-0386-C816-LARGE-#1,2026-01-16
2026-01-17,80848023,C816,302,80848023|0386|C816|2026-01-16|push replenishment|031016,20260116-0386-C816-LARGE-#1,2026-01-16
