date,material,sending,receiving,quantity,ori_deployment_uid,actual_ship_date,actual_delivery_date,type
2025-12-30,21139445,A673,D901,1,21139445|A673|D901|2025-12-28|net demand for normal|006338,2025-12-30,2026-01-01,delivery_shipment
2025-12-30,21170683,A673,D901,8,21170683|A673|D901|2025-12-28|net demand for normal|006401,2025-12-30,2026-01-02,delivery_shipment
2025-12-30,21314593,A673,D901,2,21314593|A673|D901|2025-12-28|net demand for normal|006493,2025-12-30,2026-01-01,delivery_shipment
2025-12-30,21155895,A673,D901,35,21155895|A673|D901|2025-12-30|net demand for normal|008554,2025-12-30,2026-01-01,delivery_shipment
2025-12-30,21314593,A673,D901,6,21314593|A673|D901|2025-12-30|net demand for normal|008571,2025-12-30,2026-01-01,delivery_shipment
2025-12-30,21314595,A673,D901,5,21314595|A673|D901|2025-12-30|net demand for normal|008576,2025-12-30,2026-01-01,delivery_shipment
2025-12-30,21139445,A673,D901,1,21139445|A673|D901|2025-12-28|net demand for forecast|006334,2025-12-30,2026-01-01,delivery_shipment
2025-12-30,21139445,A673,D901,1,21139445|A673|D901|2025-12-28|net demand for forecast|006335,2025-12-30,2026-01-01,delivery_shipment
2025-12-30,21139445,A673,D901,1,21139445|A673|D901|2025-12-28|net demand for forecast|006336,2025-12-30,2026-01-01,delivery_shipment
2025-12-30,21139445,A673,D901,2,21139445|A673|D901|2025-12-28|net demand for forecast|006337,2025-12-30,2026-01-01,delivery_shipment
2025-12-30,21170683,A673,D901,4,21170683|A673|D901|2025-12-28|net demand for forecast|006397,2025-12-30,2026-01-01,delivery_shipment
2025-12-30,21170683,A673,D901,4,21170683|A673|D901|2025-12-28|net demand for forecast|006398,2025-12-30,2026-01-02,delivery_shipment
2025-12-30,21170683,A673,D901,4,21170683|A673|D901|2025-12-28|net demand for forecast|006399,2025-12-30,2026-01-01,delivery_shipment
2025-12-30,21170683,A673,D901,4,21170683|A673|D901|2025-12-28|net demand for forecast|006400,2025-12-30,2026-01-01,delivery_shipment
2025-12-30,21314594,A673,D901,1,21314594|A673|D901|2025-12-29|net demand for forecast|007582,2025-12-30,2026-01-01,delivery_shipment
2025-12-30,21314594,A673,D901,1,21314594|A673|D901|2025-12-29|net demand for forecast|007583,2025-12-30,2026-01-01,delivery_shipment
2025-12-30,21314594,A673,D901,1,21314594|A673|D901|2025-12-29|net demand for forecast|007584,2025-12-30,2026-01-01,delivery_shipment
2025-12-30,21314594,A673,D901,1,21314594|A673|D901|2025-12-29|net demand for forecast|007585,2025-12-30,2026-01-01,delivery_shipment
2025-12-30,80848029,A673,D901,2,80848029|A673|D901|2025-12-29|net demand for forecast|007939,2025-12-30,2026-01-01,delivery_shipment
2025-12-30,80848029,A673,D901,2,80848029|A673|D901|2025-12-29|net demand for forecast|007940,2025-12-30,2026-01-01,delivery_shipment
2025-12-30,80848029,A673,D901,2,80848029|A673|D901|2025-12-29|net demand for forecast|007941,2025-12-30,2026-01-01,delivery_shipment
2025-12-30,80848029,A673,D901,2,80848029|A673|D901|2025-12-29|net demand for forecast|007942,2025-12-30,2026-01-01,delivery_shipment
2025-12-30,21143102,A673,D901,4,21143102|A673|D901|2025-12-30|net demand for forecast|008382,2025-12-30,2026-01-01,delivery_shipment
2025-12-30,21143102,A673,D901,4,21143102|A673|D901|2025-12-30|net demand for forecast|008383,2025-12-30,2026-01-01,delivery_shipment
2025-12-30,21143102,A673,D901,4,21143102|A673|D901|2025-12-30|net demand for forecast|008384,2025-12-30,2026-01-01,delivery_shipment
2025-12-30,21143102,A673,D901,4,21143102|A673|D901|2025-12-30|net demand for forecast|008385,2025-12-30,2026-01-01,delivery_shipment
2025-12-30,21155895,A673,D901,15,21155895|A673|D901|2025-12-30|net demand for forecast|008550,2025-12-30,2026-01-01,delivery_shipment
2025-12-30,21155895,A673,D901,15,21155895|A673|D901|2025-12-30|net demand for forecast|008551,2025-12-30,2026-01-01,delivery_shipment
2025-12-30,21155895,A673,D901,15,21155895|A673|D901|2025-12-30|net demand for forecast|008552,2025-12-30,2026-01-01,delivery_shipment
2025-12-30,21155895,A673,D901,16,21155895|A673|D901|2025-12-30|net demand for forecast|008553,2025-12-30,2026-01-01,delivery_shipment
2025-12-30,21314594,A673,D901,1,21314594|A673|D901|2025-12-30|net demand for forecast|008572,2025-12-30,2026-01-01,delivery_shipment
2025-12-30,21314594,A673,D901,1,21314594|A673|D901|2025-12-30|net demand for forecast|008573,2025-12-30,2026-01-01,delivery_shipment
2025-12-30,21314594,A673,D901,1,21314594|A673|D901|2025-12-30|net demand for forecast|008574,2025-12-30,2026-01-01,delivery_shipment
2025-12-30,21314594,A673,D901,1,21314594|A673|D901|2025-12-30|net demand for forecast|008575,2025-12-30,2026-01-02,delivery_shipment
2025-12-30,21121751,A673,D901,11,21121751|A673|D901|2025-12-28|net demand for safety|006285,2025-12-30,2026-01-02,delivery_shipment
2025-12-30,21139445,A673,D901,13,21139445|A673|D901|2025-12-28|net demand for safety|006339,2025-12-30,2026-01-01,delivery_shipment
2025-12-30,21143110,A673,D901,6,21143110|A673|D901|2025-12-28|net demand for safety|006365,2025-12-30,2026-01-01,delivery_shipment
2025-12-30,21165868,A673,D901,1,21165868|A673|D901|2025-12-28|net demand for safety|006376,2025-12-30,2026-01-01,delivery_shipment
2025-12-30,21127730,A673,D901,3,21127730|A673|D901|2025-12-29|net demand for safety|007302,2025-12-30,2026-01-01,delivery_shipment
2025-12-30,21165868,A673,D901,1,21165868|A673|D901|2025-12-29|net demand for safety|007579,2025-12-30,2026-01-01,delivery_shipment
2025-12-30,80807118,A673,D901,1,80807118|A673|D901|2025-12-29|net demand for safety|007905,2025-12-30,2026-01-01,delivery_shipment
2025-12-30,21121751,A673,D901,2,21121751|A673|D901|2025-12-30|net demand for safety|008048,2025-12-30,2026-01-01,delivery_shipment
2025-12-30,21127730,A673,D901,4,21127730|A673|D901|2025-12-30|net demand for safety|008059,2025-12-30,2026-01-01,delivery_shipment
2025-12-30,21155895,A673,D901,112,21155895|A673|D901|2025-12-30|net demand for safety|008555,2025-12-30,2026-01-02,delivery_shipment
2025-12-30,21165946,A673,D901,13,21165946|A673|D901|2025-12-30|net demand for safety|008567,2025-12-30,2026-01-01,delivery_shipment
2025-12-30,80807093,A673,D901,2,80807093|A673|D901|2025-12-30|net demand for safety|008855,2025-12-30,2026-01-01,delivery_shipment
2025-12-30,80807110,A673,D901,30,80807110|A673|D901|2025-12-30|net demand for safety|008865,2025-12-30,2026-01-01,delivery_shipment
2025-12-30,21121756,C810,C937,2,21121756|C810|C937|2025-12-19|net demand for normal|000168,2025-12-30,2026-01-04,delivery_shipment
2025-12-30,21113405,C810,C937,2,21113405|C810|C937|2025-12-20|net demand for normal|000740,2025-12-30,2026-01-04,delivery_shipment
2025-12-30,21170683,C810,C937,1,21170683|C810|C937|2025-12-25|net demand for normal|004016,2025-12-30,2026-01-04,delivery_shipment
2025-12-30,21165946,C810,C937,1,21165946|C810|C937|2025-12-26|net demand for normal|005006,2025-12-30,2026-01-05,delivery_shipment
2025-12-30,21170683,C810,C937,1,21170683|C810|C937|2025-12-26|net demand for normal|005018,2025-12-30,2026-01-04,delivery_shipment
2025-12-30,21155895,C810,C937,2,21155895|C810|C937|2025-12-27|net demand for normal|005848,2025-12-30,2026-01-05,delivery_shipment
2025-12-30,21113405,C810,C937,1,21113405|C810|C937|2025-12-29|net demand for normal|007258,2025-12-30,2026-01-04,delivery_shipment
2025-12-30,21121756,C810,C937,1,21121756|C810|C937|2025-12-29|net demand for normal|007277,2025-12-30,2026-01-04,delivery_shipment
2025-12-30,21113405,C810,C937,1,21113405|C810|C937|2025-12-30|net demand for normal|008024,2025-12-30,2026-01-05,delivery_shipment
2025-12-30,21325292,C810,C937,1,21325292|C810|C937|2025-12-24|net demand for forecast|003102,2025-12-30,2026-01-04,delivery_shipment
2025-12-30,21325292,C810,C937,1,21325292|C810|C937|2025-12-24|net demand for forecast|003103,2025-12-30,2026-01-04,delivery_shipment
2025-12-30,21325292,C810,C937,1,21325292|C810|C937|2025-12-24|net demand for forecast|003104,2025-12-30,2026-01-04,delivery_shipment
2025-12-30,21325292,C810,C937,1,21325292|C810|C937|2025-12-24|net demand for forecast|003105,2025-12-30,2026-01-04,delivery_shipment
2025-12-30,21325292,C810,C937,1,21325292|C810|C937|2025-12-24|net demand for forecast|003106,2025-12-30,2026-01-04,delivery_shipment
2025-12-30,21325292,C810,C937,1,21325292|C810|C937|2025-12-24|net demand for forecast|003107,2025-12-30,2026-01-04,delivery_shipment
2025-12-30,21325292,C810,C937,1,21325292|C810|C937|2025-12-24|net demand for forecast|003108,2025-12-30,2026-01-04,delivery_shipment
2025-12-30,21128377,C810,C937,1,21128377|C810|C937|2025-12-25|net demand for forecast|003700,2025-12-30,2026-01-04,delivery_shipment
2025-12-30,21128377,C810,C937,1,21128377|C810|C937|2025-12-25|net demand for forecast|003701,2025-12-30,2026-01-04,delivery_shipment
2025-12-30,21128377,C810,C937,1,21128377|C810|C937|2025-12-25|net demand for forecast|003702,2025-12-30,2026-01-04,delivery_shipment
2025-12-30,21128377,C810,C937,1,21128377|C810|C937|2025-12-25|net demand for forecast|003703,2025-12-30,2026-01-04,delivery_shipment
2025-12-30,21128377,C810,C937,1,21128377|C810|C937|2025-12-25|net demand for forecast|003704,2025-12-30,2026-01-04,delivery_shipment
2025-12-30,21128377,C810,C937,1,21128377|C810|C937|2025-12-25|net demand for forecast|003705,2025-12-30,2026-01-04,delivery_shipment
2025-12-30,21128377,C810,C937,1,21128377|C810|C937|2025-12-25|net demand for forecast|003706,2025-12-30,2026-01-05,delivery_shipment
2025-12-30,21165946,C810,C937,1,21165946|C810|C937|2025-12-25|net demand for forecast|003979,2025-12-30,2026-01-04,delivery_shipment
2025-12-30,21165946,C810,C937,1,21165946|C810|C937|2025-12-25|net demand for forecast|003980,2025-12-30,2026-01-04,delivery_shipment
2025-12-30,21165946,C810,C937,1,21165946|C810|C937|2025-12-25|net demand for forecast|003981,2025-12-30,2026-01-04,delivery_shipment
2025-12-30,21165946,C810,C937,1,21165946|C810|C937|2025-12-25|net demand for forecast|003982,2025-12-30,2026-01-04,delivery_shipment
2025-12-30,21165946,C810,C937,1,21165946|C810|C937|2025-12-25|net demand for forecast|003983,2025-12-30,2026-01-04,delivery_shipment
2025-12-30,21165946,C810,C937,1,21165946|C810|C937|2025-12-25|net demand for forecast|003984,2025-12-30,2026-01-04,delivery_shipment
2025-12-30,21165946,C810,C937,1,21165946|C810|C937|2025-12-25|net demand for forecast|003985,2025-12-30,2026-01-04,delivery_shipment
2025-12-30,21170683,C810,C937,1,21170683|C810|C937|2025-12-25|net demand for forecast|004009,2025-12-30,2026-01-04,delivery_shipment
2025-12-30,21170683,C810,C937,1,21170683|C810|C937|2025-12-25|net demand for forecast|004010,2025-12-30,2026-01-04,delivery_shipment
2025-12-30,21170683,C810,C937,1,21170683|C810|C937|2025-12-25|net demand for forecast|004011,2025-12-30,2026-01-04,delivery_shipment
2025-12-30,21170683,C810,C937,1,21170683|C810|C937|2025-12-25|net demand for forecast|004012,2025-12-30,2026-01-04,delivery_shipment
2025-12-30,21170683,C810,C937,1,21170683|C810|C937|2025-12-25|net demand for forecast|004013,2025-12-30,2026-01-04,delivery_shipment
2025-12-30,21170683,C810,C937,1,21170683|C810|C937|2025-12-25|net demand for forecast|004014,2025-12-30,2026-01-04,delivery_shipment
2025-12-30,21170683,C810,C937,1,21170683|C810|C937|2025-12-25|net demand for forecast|004015,2025-12-30,2026-01-04,delivery_shipment
2025-12-30,21314593,C810,C937,1,21314593|C810|C937|2025-12-26|net demand for forecast|005123,2025-12-30,2026-01-04,delivery_shipment
2025-12-30,21314593,C810,C937,1,21314593|C810|C937|2025-12-26|net demand for forecast|005124,2025-12-30,2026-01-04,delivery_shipment
2025-12-30,21314593,C810,C937,1,21314593|C810|C937|2025-12-26|net demand for forecast|005125,2025-12-30,2026-01-04,delivery_shipment
2025-12-30,21314593,C810,C937,1,21314593|C810|C937|2025-12-26|net demand for forecast|005126,2025-12-30,2026-01-04,delivery_shipment
2025-12-30,21314593,C810,C937,1,21314593|C810|C937|2025-12-26|net demand for forecast|005127,2025-12-30,2026-01-04,delivery_shipment
2025-12-30,21314593,C810,C937,1,21314593|C810|C937|2025-12-26|net demand for forecast|005128,2025-12-30,2026-01-04,delivery_shipment
2025-12-30,21314593,C810,C937,1,21314593|C810|C937|2025-12-26|net demand for forecast|005129,2025-12-30,2026-01-04,delivery_shipment
2025-12-30,21143102,C810,C937,1,21143102|C810|C937|2025-12-27|net demand for forecast|005808,2025-12-30,2026-01-04,delivery_shipment
2025-12-30,21143102,C810,C937,1,21143102|C810|C937|2025-12-27|net demand for forecast|005809,2025-12-30,2026-01-04,delivery_shipment
2025-12-30,21143102,C810,C937,1,21143102|C810|C937|2025-12-27|net demand for forecast|005810,2025-12-30,2026-01-04,delivery_shipment
2025-12-30,21143102,C810,C937,1,21143102|C810|C937|2025-12-27|net demand for forecast|005811,2025-12-30,2026-01-04,delivery_shipment
2025-12-30,21143102,C810,C937,1,21143102|C810|C937|2025-12-27|net demand for forecast|005812,2025-12-30,2026-01-04,delivery_shipment
2025-12-30,21143102,C810,C937,1,21143102|C810|C937|2025-12-27|net demand for forecast|005813,2025-12-30,2026-01-04,delivery_shipment
2025-12-30,21143102,C810,C937,1,21143102|C810|C937|2025-12-27|net demand for forecast|005814,2025-12-30,2026-01-04,delivery_shipment
2025-12-30,21155895,C810,C937,1,21155895|C810|C937|2025-12-27|net demand for forecast|005841,2025-12-30,2026-01-04,delivery_shipment
2025-12-30,21155895,C810,C937,1,21155895|C810|C937|2025-12-27|net demand for forecast|005842,2025-12-30,2026-01-04,delivery_shipment
2025-12-30,21155895,C810,C937,1,21155895|C810|C937|2025-12-27|net demand for forecast|005843,2025-12-30,2026-01-04,delivery_shipment
2025-12-30,21155895,C810,C937,1,21155895|C810|C937|2025-12-27|net demand for forecast|005844,2025-12-30,2026-01-04,delivery_shipment
2025-12-30,21155895,C810,C937,1,21155895|C810|C937|2025-12-27|net demand for forecast|005845,2025-12-30,2026-01-04,delivery_shipment
2025-12-30,21155895,C810,C937,1,21155895|C810|C937|2025-12-27|net demand for forecast|005846,2025-12-30,2026-01-04,delivery_shipment
2025-12-30,21155895,C810,C937,2,21155895|C810|C937|2025-12-27|net demand for forecast|005847,2025-12-30,2026-01-05,delivery_shipment
2025-12-30,21314593,C810,C937,1,21314593|C810|C937|2025-12-27|net demand for forecast|005964,2025-12-30,2026-01-04,delivery_shipment
2025-12-30,21314593,C810,C937,1,21314593|C810|C937|2025-12-27|net demand for forecast|005965,2025-12-30,2026-01-04,delivery_shipment
2025-12-30,21314593,C810,C937,1,21314593|C810|C937|2025-12-27|net demand for forecast|005966,2025-12-30,2026-01-04,delivery_shipment
2025-12-30,21314593,C810,C937,1,21314593|C810|C937|2025-12-27|net demand for forecast|005967,2025-12-30,2026-01-04,delivery_shipment
2025-12-30,21314593,C810,C937,1,21314593|C810|C937|2025-12-27|net demand for forecast|005968,2025-12-30,2026-01-04,delivery_shipment
2025-12-30,21314593,C810,C937,1,21314593|C810|C937|2025-12-27|net demand for forecast|005969,2025-12-30,2026-01-04,delivery_shipment
2025-12-30,21314593,C810,C937,1,21314593|C810|C937|2025-12-27|net demand for forecast|005970,2025-12-30,2026-01-04,delivery_shipment
2025-12-30,21113405,C810,C937,1,21113405|C810|C937|2025-12-29|net demand for forecast|007255,2025-12-30,2026-01-05,delivery_shipment
2025-12-30,21113405,C810,C937,1,21113405|C810|C937|2025-12-29|net demand for forecast|007256,2025-12-30,2026-01-04,delivery_shipment
2025-12-30,21113405,C810,C937,1,21113405|C810|C937|2025-12-29|net demand for forecast|007257,2025-12-30,2026-01-04,delivery_shipment
2025-12-30,21121756,C810,C937,1,21121756|C810|C937|2025-12-29|net demand for forecast|007274,2025-12-30,2026-01-04,delivery_shipment
2025-12-30,21121756,C810,C937,1,21121756|C810|C937|2025-12-29|net demand for forecast|007275,2025-12-30,2026-01-04,delivery_shipment
2025-12-30,21121756,C810,C937,1,21121756|C810|C937|2025-12-29|net demand for forecast|007276,2025-12-30,2026-01-04,delivery_shipment
2025-12-30,21137866,C810,C937,1,21137866|C810|C937|2025-12-30|net demand for forecast|008303,2025-12-30,2026-01-04,delivery_shipment
2025-12-30,21137866,C810,C937,1,21137866|C810|C937|2025-12-30|net demand for forecast|008304,2025-12-30,2026-01-04,delivery_shipment
2025-12-30,21137866,C810,C937,1,21137866|C810|C937|2025-12-30|net demand for forecast|008305,2025-12-30,2026-01-04,delivery_shipment
2025-12-30,21137866,C810,C937,1,21137866|C810|C937|2025-12-30|net demand for forecast|008306,2025-12-30,2026-01-04,delivery_shipment
2025-12-30,21137866,C810,C937,1,21137866|C810|C937|2025-12-30|net demand for forecast|008307,2025-12-30,2026-01-04,delivery_shipment
2025-12-30,21137866,C810,C937,1,21137866|C810|C937|2025-12-30|net demand for forecast|008308,2025-12-30,2026-01-04,delivery_shipment
2025-12-30,21137866,C810,C937,1,21137866|C810|C937|2025-12-30|net demand for forecast|008309,2025-12-30,2026-01-04,delivery_shipment
2025-12-30,21155895,C810,C937,4,21155895|C810|C937|2025-12-15|net demand for safety|000002,2025-12-30,2026-01-04,delivery_shipment
2025-12-30,21170683,C810,C937,3,21170683|C810|C937|2025-12-15|net demand for safety|000004,2025-12-30,2026-01-04,delivery_shipment
2025-12-30,21315474,C810,C937,1,21315474|C810|C937|2025-12-15|net demand for safety|000007,2025-12-30,2026-01-04,delivery_shipment
2025-12-30,21325292,C810,C937,1,21325292|C810|C937|2025-12-15|net demand for safety|000012,2025-12-30,2026-01-04,delivery_shipment
2025-12-30,21155895,C810,C937,1,21155895|C810|C937|2025-12-16|net demand for safety|000073,2025-12-30,2026-01-04,delivery_shipment
2025-12-30,21170683,C810,C937,1,21170683|C810|C937|2025-12-16|net demand for safety|000074,2025-12-30,2026-01-04,delivery_shipment
2025-12-30,21315474,C810,C937,1,21315474|C810|C937|2025-12-16|net demand for safety|000079,2025-12-30,2026-01-04,delivery_shipment
2025-12-30,21325292,C810,C937,2,21325292|C810|C937|2025-12-16|net demand for safety|000080,2025-12-30,2026-01-04,delivery_shipment
2025-12-30,21128377,C810,C937,2,21128377|C810|C937|2025-12-17|net demand for safety|000115,2025-12-30,2026-01-04,delivery_shipment
2025-12-30,21141769,C810,C937,1,21141769|C810|C937|2025-12-17|net demand for safety|000117,2025-12-30,2026-01-05,delivery_shipment
2025-12-30,21155895,C810,C937,1,21155895|C810|C937|2025-12-17|net demand for safety|000120,2025-12-30,2026-01-04,delivery_shipment
2025-12-30,21170683,C810,C937,1,21170683|C810|C937|2025-12-17|net demand for safety|000121,2025-12-30,2026-01-04,delivery_shipment
2025-12-30,21315352,C810,C937,1,21315352|C810|C937|2025-12-17|net demand for safety|000123,2025-12-30,2026-01-04,delivery_shipment
2025-12-30,21315474,C810,C937,4,21315474|C810|C937|2025-12-17|net demand for safety|000124,2025-12-30,2026-01-04,delivery_shipment
2025-12-30,21325292,C810,C937,4,21325292|C810|C937|2025-12-17|net demand for safety|000125,2025-12-30,2026-01-05,delivery_shipment
2025-12-30,21128377,C810,C937,4,21128377|C810|C937|2025-12-18|net demand for safety|000144,2025-12-30,2026-01-05,delivery_shipment
2025-12-30,21132988,C810,C937,1,21132988|C810|C937|2025-12-18|net demand for safety|000145,2025-12-30,2026-01-04,delivery_shipment
2025-12-30,21155895,C810,C937,1,21155895|C810|C937|2025-12-18|net demand for safety|000148,2025-12-30,2026-01-04,delivery_shipment
2025-12-30,21315352,C810,C937,4,21315352|C810|C937|2025-12-18|net demand for safety|000154,2025-12-30,2026-01-04,delivery_shipment
2025-12-30,21315474,C810,C937,1,21315474|C810|C937|2025-12-18|net demand for safety|000155,2025-12-30,2026-01-04,delivery_shipment
2025-12-30,21128377,C810,C937,4,21128377|C810|C937|2025-12-19|net demand for safety|000179,2025-12-30,2026-01-04,delivery_shipment
2025-12-30,21132988,C810,C937,2,21132988|C810|C937|2025-12-19|net demand for safety|000182,2025-12-30,2026-01-04,delivery_shipment
2025-12-30,21137866,C810,C937,3,21137866|C810|C937|2025-12-19|net demand for safety|000183,2025-12-30,2026-01-04,delivery_shipment
2025-12-30,21143103,C810,C937,1,21143103|C810|C937|2025-12-19|net demand for safety|000249,2025-12-30,2026-01-04,delivery_shipment
2025-12-30,21314593,C810,C937,8,21314593|C810|C937|2025-12-19|net demand for safety|000463,2025-12-30,2026-01-04,delivery_shipment
2025-12-30,21315352,C810,C937,3,21315352|C810|C937|2025-12-19|net demand for safety|000468,2025-12-30,2026-01-05,delivery_shipment
2025-12-30,21315474,C810,C937,1,21315474|C810|C937|2025-12-19|net demand for safety|000469,2025-12-30,2026-01-04,delivery_shipment
2025-12-30,21128067,C810,C937,1,21128067|C810|C937|2025-12-20|net demand for safety|000794,2025-12-30,2026-01-04,delivery_shipment
2025-12-30,21137866,C810,C937,8,21137866|C810|C937|2025-12-20|net demand for safety|000795,2025-12-30,2026-01-04,delivery_shipment
2025-12-30,21165816,C810,C937,1,21165816|C810|C937|2025-12-20|net demand for safety|000798,2025-12-30,2026-01-05,delivery_shipment
2025-12-30,21165868,C810,C937,1,21165868|C810|C937|2025-12-20|net demand for safety|000799,2025-12-30,2026-01-04,delivery_shipment
2025-12-30,21314593,C810,C937,8,21314593|C810|C937|2025-12-20|net demand for safety|000827,2025-12-30,2026-01-04,delivery_shipment
2025-12-30,21325292,C810,C937,2,21325292|C810|C937|2025-12-20|net demand for safety|000846,2025-12-30,2026-01-04,delivery_shipment
2025-12-30,21103372,C810,C937,2,21103372|C810|C937|2025-12-21|net demand for safety|001166,2025-12-30,2026-01-04,delivery_shipment
2025-12-30,21128067,C810,C937,1,21128067|C810|C937|2025-12-21|net demand for safety|001179,2025-12-30,2026-01-04,delivery_shipment
2025-12-30,21128377,C810,C937,1,21128377|C810|C937|2025-12-21|net demand for safety|001187,2025-12-30,2026-01-04,delivery_shipment
2025-12-30,21132988,C810,C937,2,21132988|C810|C937|2025-12-21|net demand for safety|001188,2025-12-30,2026-01-04,delivery_shipment
2025-12-30,21137866,C810,C937,3,21137866|C810|C937|2025-12-21|net demand for safety|001189,2025-12-30,2026-01-04,delivery_shipment
2025-12-30,21143103,C810,C937,1,21143103|C810|C937|2025-12-21|net demand for safety|001193,2025-12-30,2026-01-04,delivery_shipment
2025-12-30,21165868,C810,C937,1,21165868|C810|C937|2025-12-21|net demand for safety|001203,2025-12-30,2026-01-04,delivery_shipment
2025-12-30,21170691,C810,C937,1,21170691|C810|C937|2025-12-21|net demand for safety|001440,2025-12-30,2026-01-04,delivery_shipment
2025-12-30,21176384,C810,C937,1,21176384|C810|C937|2025-12-21|net demand for safety|001441,2025-12-30,2026-01-04,delivery_shipment
2025-12-30,21314593,C810,C937,6,21314593|C810|C937|2025-12-21|net demand for safety|001455,2025-12-30,2026-01-04,delivery_shipment
2025-12-30,21325292,C810,C937,1,21325292|C810|C937|2025-12-21|net demand for safety|001466,2025-12-30,2026-01-04,delivery_shipment
2025-12-30,21103372,C810,C937,2,21103372|C810|C937|2025-12-22|net demand for safety|001630,2025-12-30,2026-01-04,delivery_shipment
2025-12-30,21128377,C810,C937,1,21128377|C810|C937|2025-12-22|net demand for safety|001640,2025-12-30,2026-01-04,delivery_shipment
2025-12-30,21137866,C810,C937,1,21137866|C810|C937|2025-12-22|net demand for safety|001641,2025-12-30,2026-01-04,delivery_shipment
2025-12-30,21314593,C810,C937,1,21314593|C810|C937|2025-12-22|net demand for safety|002127,2025-12-30,2026-01-04,delivery_shipment
2025-12-30,21128377,C810,C937,1,21128377|C810|C937|2025-12-23|net demand for safety|002478,2025-12-30,2026-01-04,delivery_shipment
2025-12-30,21137866,C810,C937,2,21137866|C810|C937|2025-12-23|net demand for safety|002483,2025-12-30,2026-01-04,delivery_shipment
2025-12-30,21314593,C810,C937,3,21314593|C810|C937|2025-12-23|net demand for safety|002590,2025-12-30,2026-01-04,delivery_shipment
2025-12-30,21314595,C810,C937,1,21314595|C810|C937|2025-12-23|net demand for safety|002591,2025-12-30,2026-01-04,delivery_shipment
2025-12-30,21315350,C810,C937,8,21315350|C810|C937|2025-12-23|net demand for safety|002608,2025-12-30,2026-01-04,delivery_shipment
2025-12-30,21103372,C810,C937,4,21103372|C810|C937|2025-12-24|net demand for safety|002935,2025-12-30,2026-01-05,delivery_shipment
2025-12-30,21128377,C810,C937,4,21128377|C810|C937|2025-12-24|net demand for safety|002989,2025-12-30,2026-01-04,delivery_shipment
2025-12-30,21137866,C810,C937,3,21137866|C810|C937|2025-12-24|net demand for safety|003001,2025-12-30,2026-01-04,delivery_shipment
2025-12-30,21148509,C810,C937,2,21148509|C810|C937|2025-12-24|net demand for safety|003038,2025-12-30,2026-01-04,delivery_shipment
2025-12-30,21314593,C810,C937,4,21314593|C810|C937|2025-12-24|net demand for safety|003083,2025-12-30,2026-01-05,delivery_shipment
2025-12-30,21315350,C810,C937,14,21315350|C810|C937|2025-12-24|net demand for safety|003095,2025-12-30,2026-01-04,delivery_shipment
2025-12-30,21325292,C810,C937,5,21325292|C810|C937|2025-12-24|net demand for safety|003109,2025-12-30,2026-01-04,delivery_shipment
2025-12-30,21132988,C810,C937,1,21132988|C810|C937|2025-12-25|net demand for safety|003707,2025-12-30,2026-01-04,delivery_shipment
2025-12-30,21143103,C810,C937,1,21143103|C810|C937|2025-12-25|net demand for safety|003819,2025-12-30,2026-01-04,delivery_shipment
2025-12-30,21148509,C810,C937,1,21148509|C810|C937|2025-12-25|net demand for safety|003830,2025-12-30,2026-01-04,delivery_shipment
2025-12-30,21165946,C810,C937,5,21165946|C810|C937|2025-12-25|net demand for safety|003986,2025-12-30,2026-01-04,delivery_shipment
2025-12-30,21315350,C810,C937,23,21315350|C810|C937|2025-12-25|net demand for safety|004034,2025-12-30,2026-01-04,delivery_shipment
2025-12-30,21132988,C810,C937,2,21132988|C810|C937|2025-12-26|net demand for safety|004856,2025-12-30,2026-01-04,delivery_shipment
2025-12-30,21137866,C810,C937,1,21137866|C810|C937|2025-12-26|net demand for safety|004875,2025-12-30,2026-01-04,delivery_shipment
2025-12-30,21315350,C810,C937,2,21315350|C810|C937|2025-12-26|net demand for safety|005130,2025-12-30,2026-01-05,delivery_shipment
2025-12-30,21103372,C810,C937,3,21103372|C810|C937|2025-12-27|net demand for safety|005533,2025-12-30,2026-01-04,delivery_shipment
2025-12-30,21132988,C810,C937,1,21132988|C810|C937|2025-12-27|net demand for safety|005777,2025-12-30,2026-01-04,delivery_shipment
2025-12-30,21155895,C810,C937,5,21155895|C810|C937|2025-12-27|net demand for safety|005849,2025-12-30,2026-01-04,delivery_shipment
2025-12-30,80807093,C810,C937,2,80807093|C810|C937|2025-12-27|net demand for safety|006110,2025-12-30,2026-01-04,delivery_shipment
2025-12-30,80812840,C810,C937,1,80812840|C810|C937|2025-12-27|net demand for safety|006143,2025-12-30,2026-01-04,delivery_shipment
2025-12-30,21127730,C810,C937,1,21127730|C810|C937|2025-12-28|net demand for safety|006300,2025-12-30,2026-01-04,delivery_shipment
2025-12-30,21137866,C810,C937,1,21137866|C810|C937|2025-12-28|net demand for safety|006332,2025-12-30,2026-01-04,delivery_shipment
2025-12-30,80807090,C810,C937,1,80807090|C810|C937|2025-12-28|net demand for safety|007095,2025-12-30,2026-01-04,delivery_shipment
2025-12-30,80807093,C810,C937,1,80807093|C810|C937|2025-12-28|net demand for safety|007096,2025-12-30,2026-01-04,delivery_shipment
2025-12-30,80812839,C810,C937,1,80812839|C810|C937|2025-12-28|net demand for safety|007139,2025-12-30,2026-01-04,delivery_shipment
2025-12-30,80812840,C810,C937,2,80812840|C810|C937|2025-12-28|net demand for safety|007143,2025-12-30,2026-01-04,delivery_shipment
2025-12-30,80864469,C810,C937,1,80864469|C810|C937|2025-12-28|net demand for safety|007159,2025-12-30,2026-01-04,delivery_shipment
2025-12-30,21103372,C810,C937,6,21103372|C810|C937|2025-12-29|net demand for safety|007254,2025-12-30,2026-01-04,delivery_shipment
2025-12-30,21113405,C810,C937,1,21113405|C810|C937|2025-12-29|net demand for safety|007259,2025-12-30,2026-01-04,delivery_shipment
2025-12-30,21128067,C810,C937,1,21128067|C810|C937|2025-12-29|net demand for safety|007305,2025-12-30,2026-01-04,delivery_shipment
2025-12-30,21132988,C810,C937,4,21132988|C810|C937|2025-12-29|net demand for safety|007398,2025-12-30,2026-01-04,delivery_shipment
2025-12-30,21137866,C810,C937,1,21137866|C810|C937|2025-12-29|net demand for safety|007519,2025-12-30,2026-01-04,delivery_shipment
2025-12-30,21315474,C810,C937,1,21315474|C810|C937|2025-12-29|net demand for safety|007589,2025-12-30,2026-01-04,delivery_shipment
2025-12-30,80804134,C810,C937,20,80804134|C810|C937|2025-12-29|net demand for safety|007774,2025-12-30,2026-01-04,delivery_shipment
2025-12-30,80807089,C810,C937,3,80807089|C810|C937|2025-12-29|net demand for safety|007790,2025-12-30,2026-01-04,delivery_shipment
2025-12-30,80807093,C810,C937,1,80807093|C810|C937|2025-12-29|net demand for safety|007795,2025-12-30,2026-01-04,delivery_shipment
2025-12-30,80807097,C810,C937,1,80807097|C810|C937|2025-12-29|net demand for safety|007860,2025-12-30,2026-01-04,delivery_shipment
2025-12-30,80807105,C810,C937,4,80807105|C810|C937|2025-12-29|net demand for safety|007863,2025-12-30,2026-01-04,delivery_shipment
2025-12-30,80807112,C810,C937,3,80807112|C810|C937|2025-12-29|net demand for safety|007869,2025-12-30,2026-01-04,delivery_shipment
2025-12-30,80812840,C810,C937,2,80812840|C810|C937|2025-12-29|net demand for safety|007915,2025-12-30,2026-01-04,delivery_shipment
2025-12-30,80812841,C810,C937,6,80812841|C810|C937|2025-12-29|net demand for safety|007918,2025-12-30,2026-01-04,delivery_shipment
2025-12-30,80812846,C810,C937,2,80812846|C810|C937|2025-12-29|net demand for safety|007922,2025-12-30,2026-01-04,delivery_shipment
2025-12-30,80864469,C810,C937,1,80864469|C810|C937|2025-12-29|net demand for safety|007988,2025-12-30,2026-01-04,delivery_shipment
2025-12-30,21103372,C810,C937,4,21103372|C810|C937|2025-12-30|net demand for safety|008022,2025-12-30,2026-01-04,delivery_shipment
2025-12-30,21128067,C810,C937,3,21128067|C810|C937|2025-12-30|net demand for safety|008069,2025-12-30,2026-01-04,delivery_shipment
2025-12-30,21132988,C810,C937,2,21132988|C810|C937|2025-12-30|net demand for safety|008175,2025-12-30,2026-01-04,delivery_shipment
2025-12-30,21141769,C810,C937,1,21141769|C810|C937|2025-12-30|net demand for safety|008326,2025-12-30,2026-01-04,delivery_shipment
2025-12-30,21315350,C810,C937,8,21315350|C810|C937|2025-12-30|net demand for safety|008577,2025-12-30,2026-01-04,delivery_shipment
2025-12-30,21315474,C810,C937,1,21315474|C810|C937|2025-12-30|net demand for safety|008587,2025-12-30,2026-01-05,delivery_shipment
2025-12-30,80804133,C810,C937,17,80804133|C810|C937|2025-12-30|net demand for safety|008744,2025-12-30,2026-01-04,delivery_shipment
2025-12-30,80804134,C810,C937,2,80804134|C810|C937|2025-12-30|net demand for safety|008749,2025-12-30,2026-01-04,delivery_shipment
2025-12-30,80807089,C810,C937,3,80807089|C810|C937|2025-12-30|net demand for safety|008850,2025-12-30,2026-01-04,delivery_shipment
2025-12-30,80807090,C810,C937,1,80807090|C810|C937|2025-12-30|net demand for safety|008853,2025-12-30,2026-01-04,delivery_shipment
2025-12-30,80807093,C810,C937,1,80807093|C810|C937|2025-12-30|net demand for safety|008856,2025-12-30,2026-01-04,delivery_shipment
2025-12-30,80807112,C810,C937,4,80807112|C810|C937|2025-12-30|net demand for safety|008868,2025-12-30,2026-01-04,delivery_shipment
2025-12-30,80812839,C810,C937,1,80812839|C810|C937|2025-12-30|net demand for safety|008881,2025-12-30,2026-01-04,delivery_shipment
2025-12-30,80812846,C810,C937,1,80812846|C810|C937|2025-12-30|net demand for safety|008968,2025-12-30,2026-01-04,delivery_shipment
2025-12-30,21128377,0386,A668,8,21128377|0386|A668|2025-12-30|net demand for normal|008078,2025-12-30,2026-01-04,delivery_shipment
2025-12-30,21148509,0386,A668,6,21148509|0386|A668|2025-12-30|net demand for normal|008429,2025-12-30,2026-01-04,delivery_shipment
2025-12-30,21314593,0386,A668,1,21314593|0386|A668|2025-12-30|net demand for normal|008570,2025-12-30,2026-01-04,delivery_shipment
2025-12-30,21377504,0386,A668,1,21377504|0386|A668|2025-12-30|net demand for normal|008609,2025-12-30,2026-01-04,delivery_shipment
2025-12-30,80884850,0386,A668,1,80884850|0386|A668|2025-12-30|net demand for normal|009006,2025-12-30,2026-01-04,delivery_shipment
2025-12-30,21132758,0386,A668,6,21132758|0386|A668|2025-12-30|net demand for forecast|008079,2025-12-30,2026-01-05,delivery_shipment
2025-12-30,21132758,0386,A668,6,21132758|0386|A668|2025-12-30|net demand for forecast|008080,2025-12-30,2026-01-05,delivery_shipment
2025-12-30,21132758,0386,A668,6,21132758|0386|A668|2025-12-30|net demand for forecast|008081,2025-12-30,2026-01-05,delivery_shipment
2025-12-30,21132758,0386,A668,6,21132758|0386|A668|2025-12-30|net demand for forecast|008082,2025-12-30,2026-01-04,delivery_shipment
2025-12-30,21132758,0386,A668,6,21132758|0386|A668|2025-12-30|net demand for forecast|008083,2025-12-30,2026-01-04,delivery_shipment
2025-12-30,21132758,0386,A668,8,21132758|0386|A668|2025-12-30|net demand for forecast|008084,2025-12-30,2026-01-05,delivery_shipment
2025-12-30,21132758,0386,A668,8,21132758|0386|A668|2025-12-30|net demand for forecast|008085,2025-12-30,2026-01-04,delivery_shipment
2025-12-30,21132758,0386,A668,8,21132758|0386|A668|2025-12-30|net demand for forecast|008086,2025-12-30,2026-01-05,delivery_shipment
2025-12-30,21132758,0386,A668,8,21132758|0386|A668|2025-12-30|net demand for forecast|008087,2025-12-30,2026-01-05,delivery_shipment
2025-12-30,21132758,0386,A668,8,21132758|0386|A668|2025-12-30|net demand for forecast|008088,2025-12-30,2026-01-04,delivery_shipment
2025-12-30,21148509,0386,A668,4,21148509|0386|A668|2025-12-30|net demand for forecast|008419,2025-12-30,2026-01-04,delivery_shipment
2025-12-30,21148509,0386,A668,4,21148509|0386|A668|2025-12-30|net demand for forecast|008420,2025-12-30,2026-01-04,delivery_shipment
2025-12-30,21148509,0386,A668,4,21148509|0386|A668|2025-12-30|net demand for forecast|008421,2025-12-30,2026-01-04,delivery_shipment
2025-12-30,21148509,0386,A668,4,21148509|0386|A668|2025-12-30|net demand for forecast|008422,2025-12-30,2026-01-04,delivery_shipment
2025-12-30,21148509,0386,A668,4,21148509|0386|A668|2025-12-30|net demand for forecast|008423,2025-12-30,2026-01-04,delivery_shipment
2025-12-30,21148509,0386,A668,6,21148509|0386|A668|2025-12-30|net demand for forecast|008424,2025-12-30,2026-01-04,delivery_shipment
2025-12-30,21148509,0386,A668,6,21148509|0386|A668|2025-12-30|net demand for forecast|008425,2025-12-30,2026-01-05,delivery_shipment
2025-12-30,21148509,0386,A668,7,21148509|0386|A668|2025-12-30|net demand for forecast|008426,2025-12-30,2026-01-04,delivery_shipment
2025-12-30,21148509,0386,A668,7,21148509|0386|A668|2025-12-30|net demand for forecast|008427,2025-12-30,2026-01-04,delivery_shipment
2025-12-30,21148509,0386,A668,7,21148509|0386|A668|2025-12-30|net demand for forecast|008428,2025-12-30,2026-01-04,delivery_shipment
2025-12-30,21377504,0386,A668,1,21377504|0386|A668|2025-12-30|net demand for forecast|008602,2025-12-30,2026-01-04,delivery_shipment
2025-12-30,21377504,0386,A668,1,21377504|0386|A668|2025-12-30|net demand for forecast|008603,2025-12-30,2026-01-05,delivery_shipment
2025-12-30,21377504,0386,A668,1,21377504|0386|A668|2025-12-30|net demand for forecast|008604,2025-12-30,2026-01-04,delivery_shipment
2025-12-30,21377504,0386,A668,1,21377504|0386|A668|2025-12-30|net demand for forecast|008605,2025-12-30,2026-01-04,delivery_shipment
2025-12-30,21377504,0386,A668,1,21377504|0386|A668|2025-12-30|net demand for forecast|008606,2025-12-30,2026-01-04,delivery_shipment
2025-12-30,21377504,0386,A668,1,21377504|0386|A668|2025-12-30|net demand for forecast|008607,2025-12-30,2026-01-04,delivery_shipment
2025-12-30,21377504,0386,A668,1,21377504|0386|A668|2025-12-30|net demand for forecast|008608,2025-12-30,2026-01-04,delivery_shipment
2025-12-30,80804138,0386,A668,1,80804138|0386|A668|2025-12-30|net demand for forecast|008812,2025-12-30,2026-01-04,delivery_shipment
2025-12-30,80804138,0386,A668,2,80804138|0386|A668|2025-12-30|net demand for forecast|008813,2025-12-30,2026-01-04,delivery_shipment
2025-12-30,80804138,0386,A668,2,80804138|0386|A668|2025-12-30|net demand for forecast|008814,2025-12-30,2026-01-04,delivery_shipment
2025-12-30,80804138,0386,A668,2,80804138|0386|A668|2025-12-30|net demand for forecast|008815,2025-12-30,2026-01-04,delivery_shipment
2025-12-30,80804138,0386,A668,2,80804138|0386|A668|2025-12-30|net demand for forecast|008816,2025-12-30,2026-01-04,delivery_shipment
2025-12-30,80804138,0386,A668,3,80804138|0386|A668|2025-12-30|net demand for forecast|008817,2025-12-30,2026-01-04,delivery_shipment
2025-12-30,80804138,0386,A668,3,80804138|0386|A668|2025-12-30|net demand for forecast|008818,2025-12-30,2026-01-05,delivery_shipment
2025-12-30,80804138,0386,A668,3,80804138|0386|A668|2025-12-30|net demand for forecast|008819,2025-12-30,2026-01-04,delivery_shipment
2025-12-30,80804138,0386,A668,3,80804138|0386|A668|2025-12-30|net demand for forecast|008820,2025-12-30,2026-01-04,delivery_shipment
2025-12-30,80804138,0386,A668,3,80804138|0386|A668|2025-12-30|net demand for forecast|008821,2025-12-30,2026-01-04,delivery_shipment
2025-12-30,80884850,0386,A668,2,80884850|0386|A668|2025-12-30|net demand for forecast|008996,2025-12-30,2026-01-04,delivery_shipment
2025-12-30,80884850,0386,A668,2,80884850|0386|A668|2025-12-30|net demand for forecast|008997,2025-12-30,2026-01-04,delivery_shipment
2025-12-30,80884850,0386,A668,2,80884850|0386|A668|2025-12-30|net demand for forecast|008998,2025-12-30,2026-01-04,delivery_shipment
2025-12-30,80884850,0386,A668,3,80884850|0386|A668|2025-12-30|net demand for forecast|008999,2025-12-30,2026-01-04,delivery_shipment
2025-12-30,80884850,0386,A668,3,80884850|0386|A668|2025-12-30|net demand for forecast|009000,2025-12-30,2026-01-04,delivery_shipment
2025-12-30,80884850,0386,A668,5,80884850|0386|A668|2025-12-30|net demand for forecast|009001,2025-12-30,2026-01-04,delivery_shipment
2025-12-30,80884850,0386,A668,5,80884850|0386|A668|2025-12-30|net demand for forecast|009002,2025-12-30,2026-01-04,delivery_shipment
2025-12-30,80884850,0386,A668,5,80884850|0386|A668|2025-12-30|net demand for forecast|009003,2025-12-30,2026-01-04,delivery_shipment
2025-12-30,80884850,0386,A668,5,80884850|0386|A668|2025-12-30|net demand for forecast|009004,2025-12-30,2026-01-04,delivery_shipment
2025-12-30,80884850,0386,A668,6,80884850|0386|A668|2025-12-30|net demand for forecast|009005,2025-12-30,2026-01-04,delivery_shipment
2025-12-30,21132758,0386,A668,14,21132758|0386|A668|2025-12-30|net demand for safety|008089,2025-12-30,2026-01-04,delivery_shipment
2025-12-30,21137866,0386,A668,201,21137866|0386|A668|2025-12-30|net demand for safety|008192,2025-12-30,2026-01-04,delivery_shipment
2025-12-30,21143102,0386,A668,67,21143102|0386|A668|2025-12-30|net demand for safety|008327,2025-12-30,2026-01-04,delivery_shipment
2025-12-30,21148509,0386,A668,67,21148509|0386|A668|2025-12-30|net demand for safety|008430,2025-12-30,2026-01-04,delivery_shipment
2025-12-30,21377504,0386,A668,7,21377504|0386|A668|2025-12-30|net demand for safety|008610,2025-12-30,2026-01-04,delivery_shipment
2025-12-30,80804136,0386,A668,113,80804136|0386|A668|2025-12-30|net demand for safety|008752,2025-12-30,2026-01-04,delivery_shipment
2025-12-30,80804138,0386,A668,42,80804138|0386|A668|2025-12-30|net demand for safety|008822,2025-12-30,2026-01-04,delivery_shipment
2025-12-30,80812845,0386,A668,119,80812845|0386|A668|2025-12-30|net demand for safety|008885,2025-12-30,2026-01-04,delivery_shipment
2025-12-30,80884850,0386,A668,8,80884850|0386|A668|2025-12-30|net demand for safety|009007,2025-12-30,2026-01-04,delivery_shipment
2025-12-30,21137866,0386,A668,88,21137866|0386|A668|2025-12-30|push replenishment|008193,2025-12-30,2026-01-04,delivery_shipment
2025-12-30,21143102,0386,A668,54,21143102|0386|A668|2025-12-30|push replenishment|008328,2025-12-30,2026-01-04,delivery_shipment
2025-12-30,21143103,0386,A668,48,21143103|0386|A668|2025-12-30|push replenishment|008390,2025-12-30,2026-01-04,delivery_shipment
2025-12-30,21377504,0386,A668,80,21377504|0386|A668|2025-12-30|push replenishment|008611,2025-12-30,2026-01-04,delivery_shipment
2025-12-30,80804136,0386,A668,103,80804136|0386|A668|2025-12-30|push replenishment|008753,2025-12-30,2026-01-04,delivery_shipment
2025-12-30,80804138,0386,A668,54,80804138|0386|A668|2025-12-30|push replenishment|008823,2025-12-30,2026-01-04,delivery_shipment
2025-12-30,80812845,0386,A668,298,80812845|0386|A668|2025-12-30|push replenishment|008886,2025-12-30,2026-01-04,delivery_shipment
2025-12-30,21377504,0386,A672,5,21377504|0386|A672|2025-12-30|net demand for normal|008626,2025-12-30,2026-01-06,delivery_shipment
2025-12-30,21132758,0386,A672,25,21132758|0386|A672|2025-12-30|net demand for forecast|008090,2025-12-30,2026-01-06,delivery_shipment
2025-12-30,21132758,0386,A672,25,21132758|0386|A672|2025-12-30|net demand for forecast|008091,2025-12-30,2026-01-07,delivery_shipment
2025-12-30,21132758,0386,A672,25,21132758|0386|A672|2025-12-30|net demand for forecast|008092,2025-12-30,2026-01-06,delivery_shipment
2025-12-30,21132758,0386,A672,25,21132758|0386|A672|2025-12-30|net demand for forecast|008093,2025-12-30,2026-01-06,delivery_shipment
2025-12-30,21132758,0386,A672,25,21132758|0386|A672|2025-12-30|net demand for forecast|008094,2025-12-30,2026-01-06,delivery_shipment
2025-12-30,21132758,0386,A672,25,21132758|0386|A672|2025-12-30|net demand for forecast|008095,2025-12-30,2026-01-06,delivery_shipment
2025-12-30,21132758,0386,A672,25,21132758|0386|A672|2025-12-30|net demand for forecast|008096,2025-12-30,2026-01-06,delivery_shipment
2025-12-30,21132758,0386,A672,31,21132758|0386|A672|2025-12-30|net demand for forecast|008097,2025-12-30,2026-01-06,delivery_shipment
2025-12-30,21132758,0386,A672,31,21132758|0386|A672|2025-12-30|net demand for forecast|008098,2025-12-30,2026-01-06,delivery_shipment
2025-12-30,21132758,0386,A672,31,21132758|0386|A672|2025-12-30|net demand for forecast|008099,2025-12-30,2026-01-07,delivery_shipment
2025-12-30,21132758,0386,A672,31,21132758|0386|A672|2025-12-30|net demand for forecast|008100,2025-12-30,2026-01-06,delivery_shipment
2025-12-30,21132758,0386,A672,31,21132758|0386|A672|2025-12-30|net demand for forecast|008101,2025-12-30,2026-01-06,delivery_shipment
2025-12-30,21137866,0386,A672,1,21137866|0386|A672|2025-12-30|net demand for forecast|008194,2025-12-30,2026-01-06,delivery_shipment
2025-12-30,21137866,0386,A672,1,21137866|0386|A672|2025-12-30|net demand for forecast|008195,2025-12-30,2026-01-06,delivery_shipment
2025-12-30,21137866,0386,A672,1,21137866|0386|A672|2025-12-30|net demand for forecast|008196,2025-12-30,2026-01-06,delivery_shipment
2025-12-30,21137866,0386,A672,1,21137866|0386|A672|2025-12-30|net demand for forecast|008197,2025-12-30,2026-01-06,delivery_shipment
2025-12-30,21137866,0386,A672,1,21137866|0386|A672|2025-12-30|net demand for forecast|008198,2025-12-30,2026-01-06,delivery_shipment
2025-12-30,21137866,0386,A672,1,21137866|0386|A672|2025-12-30|net demand for forecast|008199,2025-12-30,2026-01-06,delivery_shipment
2025-12-30,21137866,0386,A672,1,21137866|0386|A672|2025-12-30|net demand for forecast|008200,2025-12-30,2026-01-06,delivery_shipment
2025-12-30,21137866,0386,A672,1,21137866|0386|A672|2025-12-30|net demand for forecast|008201,2025-12-30,2026-01-06,delivery_shipment
2025-12-30,21137866,0386,A672,1,21137866|0386|A672|2025-12-30|net demand for forecast|008202,2025-12-30,2026-01-07,delivery_shipment
2025-12-30,21137866,0386,A672,1,21137866|0386|A672|2025-12-30|net demand for forecast|008203,2025-12-30,2026-01-06,delivery_shipment
2025-12-30,21137866,0386,A672,1,21137866|0386|A672|2025-12-30|net demand for forecast|008204,2025-12-30,2026-01-06,delivery_shipment
2025-12-30,21137866,0386,A672,1,21137866|0386|A672|2025-12-30|net demand for forecast|008205,2025-12-30,2026-01-06,delivery_shipment
2025-12-30,21148509,0386,A672,17,21148509|0386|A672|2025-12-30|net demand for forecast|008431,2025-12-30,2026-01-06,delivery_shipment
2025-12-30,21148509,0386,A672,17,21148509|0386|A672|2025-12-30|net demand for forecast|008432,2025-12-30,2026-01-06,delivery_shipment
2025-12-30,21148509,0386,A672,17,21148509|0386|A672|2025-12-30|net demand for forecast|008433,2025-12-30,2026-01-06,delivery_shipment
2025-12-30,21148509,0386,A672,17,21148509|0386|A672|2025-12-30|net demand for forecast|008434,2025-12-30,2026-01-06,delivery_shipment
2025-12-30,21148509,0386,A672,17,21148509|0386|A672|2025-12-30|net demand for forecast|008435,2025-12-30,2026-01-06,delivery_shipment
2025-12-30,21148509,0386,A672,26,21148509|0386|A672|2025-12-30|net demand for forecast|008436,2025-12-30,2026-01-06,delivery_shipment
2025-12-30,21148509,0386,A672,26,21148509|0386|A672|2025-12-30|net demand for forecast|008437,2025-12-30,2026-01-06,delivery_shipment
2025-12-30,21148509,0386,A672,26,21148509|0386|A672|2025-12-30|net demand for forecast|008438,2025-12-30,2026-01-06,delivery_shipment
2025-12-30,21148509,0386,A672,26,21148509|0386|A672|2025-12-30|net demand for forecast|008439,2025-12-30,2026-01-06,delivery_shipment
2025-12-30,21148509,0386,A672,26,21148509|0386|A672|2025-12-30|net demand for forecast|008440,2025-12-30,2026-01-06,delivery_shipment
2025-12-30,21148509,0386,A672,27,21148509|0386|A672|2025-12-30|net demand for forecast|008441,2025-12-30,2026-01-06,delivery_shipment
2025-12-30,21148509,0386,A672,27,21148509|0386|A672|2025-12-30|net demand for forecast|008442,2025-12-30,2026-01-06,delivery_shipment
2025-12-30,21377504,0386,A672,5,21377504|0386|A672|2025-12-30|net demand for forecast|008612,2025-12-30,2026-01-06,delivery_shipment
2025-12-30,21377504,0386,A672,5,21377504|0386|A672|2025-12-30|net demand for forecast|008613,2025-12-30,2026-01-06,delivery_shipment
2025-12-30,21377504,0386,A672,5,21377504|0386|A672|2025-12-30|net demand for forecast|008614,2025-12-30,2026-01-06,delivery_shipment
2025-12-30,21377504,0386,A672,5,21377504|0386|A672|2025-12-30|net demand for forecast|008615,2025-12-30,2026-01-06,delivery_shipment
2025-12-30,21377504,0386,A672,5,21377504|0386|A672|2025-12-30|net demand for forecast|008616,2025-12-30,2026-01-06,delivery_shipment
2025-12-30,21377504,0386,A672,7,21377504|0386|A672|2025-12-30|net demand for forecast|008617,2025-12-30,2026-01-06,delivery_shipment
2025-12-30,21377504,0386,A672,7,21377504|0386|A672|2025-12-30|net demand for forecast|008618,2025-12-30,2026-01-06,delivery_shipment
2025-12-30,21377504,0386,A672,7,21377504|0386|A672|2025-12-30|net demand for forecast|008619,2025-12-30,2026-01-06,delivery_shipment
2025-12-30,21377504,0386,A672,7,21377504|0386|A672|2025-12-30|net demand for forecast|008620,2025-12-30,2026-01-06,delivery_shipment
2025-12-30,21377504,0386,A672,8,21377504|0386|A672|2025-12-30|net demand for forecast|008621,2025-12-30,2026-01-06,delivery_shipment
2025-12-30,21377504,0386,A672,8,21377504|0386|A672|2025-12-30|net demand for forecast|008622,2025-12-30,2026-01-06,delivery_shipment
2025-12-30,21377504,0386,A672,8,21377504|0386|A672|2025-12-30|net demand for forecast|008623,2025-12-30,2026-01-06,delivery_shipment
2025-12-30,80812845,0386,A672,1,80812845|0386|A672|2025-12-30|net demand for forecast|008887,2025-12-30,2026-01-06,delivery_shipment
2025-12-30,80812845,0386,A672,1,80812845|0386|A672|2025-12-30|net demand for forecast|008888,2025-12-30,2026-01-06,delivery_shipment
2025-12-30,80812845,0386,A672,1,80812845|0386|A672|2025-12-30|net demand for forecast|008889,2025-12-30,2026-01-06,delivery_shipment
2025-12-30,80812845,0386,A672,1,80812845|0386|A672|2025-12-30|net demand for forecast|008890,2025-12-30,2026-01-06,delivery_shipment
2025-12-30,80812845,0386,A672,1,80812845|0386|A672|2025-12-30|net demand for forecast|008891,2025-12-30,2026-01-06,delivery_shipment
2025-12-30,80812845,0386,A672,1,80812845|0386|A672|2025-12-30|net demand for forecast|008892,2025-12-30,2026-01-06,delivery_shipment
2025-12-30,80812845,0386,A672,1,80812845|0386|A672|2025-12-30|net demand for forecast|008893,2025-12-30,2026-01-07,delivery_shipment
2025-12-30,80812845,0386,A672,1,80812845|0386|A672|2025-12-30|net demand for forecast|008894,2025-12-30,2026-01-06,delivery_shipment
2025-12-30,80812845,0386,A672,1,80812845|0386|A672|2025-12-30|net demand for forecast|008895,2025-12-30,2026-01-06,delivery_shipment
2025-12-30,80812845,0386,A672,1,80812845|0386|A672|2025-12-30|net demand for forecast|008896,2025-12-30,2026-01-06,delivery_shipment
2025-12-30,80812845,0386,A672,1,80812845|0386|A672|2025-12-30|net demand for forecast|008897,2025-12-30,2026-01-06,delivery_shipment
2025-12-30,80812845,0386,A672,1,80812845|0386|A672|2025-12-30|net demand for forecast|008898,2025-12-30,2026-01-06,delivery_shipment
2025-12-30,80884850,0386,A672,2,80884850|0386|A672|2025-12-30|net demand for forecast|009008,2025-12-30,2026-01-07,delivery_shipment
2025-12-30,80884850,0386,A672,2,80884850|0386|A672|2025-12-30|net demand for forecast|009009,2025-12-30,2026-01-06,delivery_shipment
2025-12-30,80884850,0386,A672,2,80884850|0386|A672|2025-12-30|net demand for forecast|009010,2025-12-30,2026-01-07,delivery_shipment
2025-12-30,80884850,0386,A672,2,80884850|0386|A672|2025-12-30|net demand for forecast|009011,2025-12-30,2026-01-07,delivery_shipment
2025-12-30,80884850,0386,A672,2,80884850|0386|A672|2025-12-30|net demand for forecast|009012,2025-12-30,2026-01-06,delivery_shipment
2025-12-30,80884850,0386,A672,2,80884850|0386|A672|2025-12-30|net demand for forecast|009013,2025-12-30,2026-01-06,delivery_shipment
2025-12-30,80884850,0386,A672,3,80884850|0386|A672|2025-12-30|net demand for forecast|009014,2025-12-30,2026-01-06,delivery_shipment
2025-12-30,80884850,0386,A672,5,80884850|0386|A672|2025-12-30|net demand for forecast|009015,2025-12-30,2026-01-06,delivery_shipment
2025-12-30,80884850,0386,A672,5,80884850|0386|A672|2025-12-30|net demand for forecast|009016,2025-12-30,2026-01-06,delivery_shipment
2025-12-30,80884850,0386,A672,5,80884850|0386|A672|2025-12-30|net demand for forecast|009017,2025-12-30,2026-01-06,delivery_shipment
2025-12-30,80884850,0386,A672,5,80884850|0386|A672|2025-12-30|net demand for forecast|009018,2025-12-30,2026-01-06,delivery_shipment
2025-12-30,80884850,0386,A672,5,80884850|0386|A672|2025-12-30|net demand for forecast|009019,2025-12-30,2026-01-06,delivery_shipment
2025-12-30,21148509,0386,A672,1,21148509|0386|A672|2025-12-30|net demand for net demand for forecast|008443,2025-12-30,2026-01-06,delivery_shipment
2025-12-30,21148509,0386,A672,1,21148509|0386|A672|2025-12-30|net demand for net demand for forecast|008444,2025-12-30,2026-01-06,delivery_shipment
2025-12-30,21148509,0386,A672,1,21148509|0386|A672|2025-12-30|net demand for net demand for forecast|008445,2025-12-30,2026-01-06,delivery_shipment
2025-12-30,21148509,0386,A672,1,21148509|0386|A672|2025-12-30|net demand for net demand for forecast|008446,2025-12-30,2026-01-06,delivery_shipment
2025-12-30,21148509,0386,A672,1,21148509|0386|A672|2025-12-30|net demand for net demand for forecast|008447,2025-12-30,2026-01-06,delivery_shipment
2025-12-30,21148509,0386,A672,2,21148509|0386|A672|2025-12-30|net demand for net demand for forecast|008448,2025-12-30,2026-01-06,delivery_shipment
2025-12-30,21148509,0386,A672,2,21148509|0386|A672|2025-12-30|net demand for net demand for forecast|008449,2025-12-30,2026-01-06,delivery_shipment
2025-12-30,21148509,0386,A672,2,21148509|0386|A672|2025-12-30|net demand for net demand for forecast|008450,2025-12-30,2026-01-06,delivery_shipment
2025-12-30,21132758,0386,A672,58,21132758|0386|A672|2025-12-30|net demand for safety|008102,2025-12-30,2026-01-06,delivery_shipment
2025-12-30,21137866,0386,A672,497,21137866|0386|A672|2025-12-30|net demand for safety|008206,2025-12-30,2026-01-06,delivery_shipment
2025-12-30,21148509,0386,A672,288,21148509|0386|A672|2025-12-30|net demand for safety|008451,2025-12-30,2026-01-06,delivery_shipment
2025-12-30,21377504,0386,A672,73,21377504|0386|A672|2025-12-30|net demand for safety|008627,2025-12-30,2026-01-06,delivery_shipment
2025-12-30,80804136,0386,A672,507,80804136|0386|A672|2025-12-30|net demand for safety|008757,2025-12-30,2026-01-06,delivery_shipment
2025-12-30,80804138,0386,A672,84,80804138|0386|A672|2025-12-30|net demand for safety|008825,2025-12-30,2026-01-06,delivery_shipment
2025-12-30,80812845,0386,A672,516,80812845|0386|A672|2025-12-30|net demand for safety|008902,2025-12-30,2026-01-07,delivery_shipment
2025-12-30,80884850,0386,A672,22,80884850|0386|A672|2025-12-30|net demand for safety|009020,2025-12-30,2026-01-06,delivery_shipment
2025-12-30,21162696,0386,A672,1,21162696|0386|A672|2025-12-30|net demand for net demand for safety|008565,2025-12-30,2026-01-06,delivery_shipment
2025-12-30,21377504,0386,A672,2,21377504|0386|A672|2025-12-30|net demand for net demand for safety|008624,2025-12-30,2026-01-06,delivery_shipment
2025-12-30,21377504,0386,A672,3,21377504|0386|A672|2025-12-30|net demand for net demand for safety|008625,2025-12-30,2026-01-06,delivery_shipment
2025-12-30,80804136,0386,A672,4,80804136|0386|A672|2025-12-30|net demand for net demand for safety|008754,2025-12-30,2026-01-07,delivery_shipment
2025-12-30,80804136,0386,A672,5,80804136|0386|A672|2025-12-30|net demand for net demand for safety|008755,2025-12-30,2026-01-06,delivery_shipment
2025-12-30,80804136,0386,A672,13,80804136|0386|A672|2025-12-30|net demand for net demand for safety|008756,2025-12-30,2026-01-06,delivery_shipment
2025-12-30,80804138,0386,A672,1,80804138|0386|A672|2025-12-30|net demand for net demand for safety|008824,2025-12-30,2026-01-06,delivery_shipment
2025-12-30,80807095,0386,A672,1,80807095|0386|A672|2025-12-30|net demand for net demand for safety|008858,2025-12-30,2026-01-06,delivery_shipment
2025-12-30,80812845,0386,A672,1,80812845|0386|A672|2025-12-30|net demand for net demand for safety|008899,2025-12-30,2026-01-06,delivery_shipment
2025-12-30,80812845,0386,A672,18,80812845|0386|A672|2025-12-30|net demand for net demand for safety|008900,2025-12-30,2026-01-07,delivery_shipment
2025-12-30,80812845,0386,A672,33,80812845|0386|A672|2025-12-30|net demand for net demand for safety|008901,2025-12-30,2026-01-06,delivery_shipment
2025-12-30,21137866,0386,A672,182,21137866|0386|A672|2025-12-30|push replenishment|008207,2025-12-30,2026-01-06,delivery_shipment
2025-12-30,21143102,0386,A672,158,21143102|0386|A672|2025-12-30|push replenishment|008329,2025-12-30,2026-01-06,delivery_shipment
2025-12-30,21143103,0386,A672,165,21143103|0386|A672|2025-12-30|push replenishment|008391,2025-12-30,2026-01-06,delivery_shipment
2025-12-30,21162696,0386,A672,1,21162696|0386|A672|2025-12-30|push replenishment|008566,2025-12-30,2026-01-06,delivery_shipment
2025-12-30,21377504,0386,A672,841,21377504|0386|A672|2025-12-30|push replenishment|008628,2025-12-30,2026-01-06,delivery_shipment
2025-12-30,80804136,0386,A672,221,80804136|0386|A672|2025-12-30|push replenishment|008758,2025-12-30,2026-01-07,delivery_shipment
2025-12-30,80804138,0386,A672,473,80804138|0386|A672|2025-12-30|push replenishment|008826,2025-12-30,2026-01-06,delivery_shipment
2025-12-30,80812845,0386,A672,431,80812845|0386|A672|2025-12-30|push replenishment|008903,2025-12-30,2026-01-06,delivery_shipment
2025-12-30,21377504,0386,A673,9,21377504|0386|A673|2025-12-30|net demand for normal|008639,2025-12-30,2026-01-05,delivery_shipment
2025-12-30,21422791,0386,A673,26,21422791|0386|A673|2025-12-30|net demand for normal|008671,2025-12-30,2026-01-05,delivery_shipment
2025-12-30,80804129,0386,A673,2,80804129|0386|A673|2025-12-30|net demand for net demand for normal|008739,2025-12-30,2026-01-04,delivery_shipment
2025-12-30,21132758,0386,A673,10,21132758|0386|A673|2025-12-30|net demand for forecast|008103,2025-12-30,2026-01-04,delivery_shipment
2025-12-30,21132758,0386,A673,10,21132758|0386|A673|2025-12-30|net demand for forecast|008104,2025-12-30,2026-01-04,delivery_shipment
2025-12-30,21132758,0386,A673,10,21132758|0386|A673|2025-12-30|net demand for forecast|008105,2025-12-30,2026-01-04,delivery_shipment
2025-12-30,21132758,0386,A673,10,21132758|0386|A673|2025-12-30|net demand for forecast|008106,2025-12-30,2026-01-04,delivery_shipment
2025-12-30,21132758,0386,A673,10,21132758|0386|A673|2025-12-30|net demand for forecast|008107,2025-12-30,2026-01-04,delivery_shipment
2025-12-30,21132758,0386,A673,13,21132758|0386|A673|2025-12-30|net demand for forecast|008108,2025-12-30,2026-01-04,delivery_shipment
2025-12-30,21132758,0386,A673,13,21132758|0386|A673|2025-12-30|net demand for forecast|008109,2025-12-30,2026-01-04,delivery_shipment
2025-12-30,21132758,0386,A673,13,21132758|0386|A673|2025-12-30|net demand for forecast|008110,2025-12-30,2026-01-04,delivery_shipment
2025-12-30,21132758,0386,A673,13,21132758|0386|A673|2025-12-30|net demand for forecast|008111,2025-12-30,2026-01-04,delivery_shipment
2025-12-30,21132758,0386,A673,13,21132758|0386|A673|2025-12-30|net demand for forecast|008112,2025-12-30,2026-01-04,delivery_shipment
2025-12-30,21137866,0386,A673,7,21137866|0386|A673|2025-12-30|net demand for forecast|008208,2025-12-30,2026-01-04,delivery_shipment
2025-12-30,21137866,0386,A673,7,21137866|0386|A673|2025-12-30|net demand for forecast|008209,2025-12-30,2026-01-04,delivery_shipment
2025-12-30,21137866,0386,A673,7,21137866|0386|A673|2025-12-30|net demand for forecast|008210,2025-12-30,2026-01-04,delivery_shipment
2025-12-30,21137866,0386,A673,7,21137866|0386|A673|2025-12-30|net demand for forecast|008211,2025-12-30,2026-01-04,delivery_shipment
2025-12-30,21137866,0386,A673,7,21137866|0386|A673|2025-12-30|net demand for forecast|008212,2025-12-30,2026-01-04,delivery_shipment
2025-12-30,21137866,0386,A673,11,21137866|0386|A673|2025-12-30|net demand for forecast|008213,2025-12-30,2026-01-04,delivery_shipment
2025-12-30,21137866,0386,A673,11,21137866|0386|A673|2025-12-30|net demand for forecast|008214,2025-12-30,2026-01-04,delivery_shipment
2025-12-30,21137866,0386,A673,11,21137866|0386|A673|2025-12-30|net demand for forecast|008215,2025-12-30,2026-01-04,delivery_shipment
2025-12-30,21137866,0386,A673,11,21137866|0386|A673|2025-12-30|net demand for forecast|008216,2025-12-30,2026-01-04,delivery_shipment
2025-12-30,21137866,0386,A673,11,21137866|0386|A673|2025-12-30|net demand for forecast|008217,2025-12-30,2026-01-04,delivery_shipment
2025-12-30,21148509,0386,A673,6,21148509|0386|A673|2025-12-30|net demand for forecast|008452,2025-12-30,2026-01-04,delivery_shipment
2025-12-30,21148509,0386,A673,6,21148509|0386|A673|2025-12-30|net demand for forecast|008453,2025-12-30,2026-01-04,delivery_shipment
2025-12-30,21148509,0386,A673,6,21148509|0386|A673|2025-12-30|net demand for forecast|008454,2025-12-30,2026-01-04,delivery_shipment
2025-12-30,21148509,0386,A673,6,21148509|0386|A673|2025-12-30|net demand for forecast|008455,2025-12-30,2026-01-04,delivery_shipment
2025-12-30,21148509,0386,A673,6,21148509|0386|A673|2025-12-30|net demand for forecast|008456,2025-12-30,2026-01-04,delivery_shipment
2025-12-30,21148509,0386,A673,10,21148509|0386|A673|2025-12-30|net demand for forecast|008457,2025-12-30,2026-01-04,delivery_shipment
2025-12-30,21148509,0386,A673,10,21148509|0386|A673|2025-12-30|net demand for forecast|008458,2025-12-30,2026-01-04,delivery_shipment
2025-12-30,21148509,0386,A673,10,21148509|0386|A673|2025-12-30|net demand for forecast|008459,2025-12-30,2026-01-05,delivery_shipment
2025-12-30,21148509,0386,A673,10,21148509|0386|A673|2025-12-30|net demand for forecast|008460,2025-12-30,2026-01-04,delivery_shipment
2025-12-30,21148509,0386,A673,10,21148509|0386|A673|2025-12-30|net demand for forecast|008461,2025-12-30,2026-01-04,delivery_shipment
2025-12-30,21377504,0386,A673,4,21377504|0386|A673|2025-12-30|net demand for forecast|008629,2025-12-30,2026-01-04,delivery_shipment
2025-12-30,21377504,0386,A673,4,21377504|0386|A673|2025-12-30|net demand for forecast|008630,2025-12-30,2026-01-05,delivery_shipment
2025-12-30,21377504,0386,A673,4,21377504|0386|A673|2025-12-30|net demand for forecast|008631,2025-12-30,2026-01-05,delivery_shipment
2025-12-30,21377504,0386,A673,4,21377504|0386|A673|2025-12-30|net demand for forecast|008632,2025-12-30,2026-01-04,delivery_shipment
2025-12-30,21377504,0386,A673,5,21377504|0386|A673|2025-12-30|net demand for forecast|008633,2025-12-30,2026-01-04,delivery_shipment
2025-12-30,21377504,0386,A673,6,21377504|0386|A673|2025-12-30|net demand for forecast|008634,2025-12-30,2026-01-04,delivery_shipment
2025-12-30,21377504,0386,A673,6,21377504|0386|A673|2025-12-30|net demand for forecast|008635,2025-12-30,2026-01-04,delivery_shipment
2025-12-30,21377504,0386,A673,6,21377504|0386|A673|2025-12-30|net demand for forecast|008636,2025-12-30,2026-01-04,delivery_shipment
2025-12-30,21377504,0386,A673,7,21377504|0386|A673|2025-12-30|net demand for forecast|008637,2025-12-30,2026-01-04,delivery_shipment
2025-12-30,21377504,0386,A673,7,21377504|0386|A673|2025-12-30|net demand for forecast|008638,2025-12-30,2026-01-05,delivery_shipment
2025-12-30,21132758,0386,A673,9,21132758|0386|A673|2025-12-30|net demand for net demand for forecast|008113,2025-12-30,2026-01-04,delivery_shipment
2025-12-30,21132758,0386,A673,10,21132758|0386|A673|2025-12-30|net demand for net demand for forecast|008114,2025-12-30,2026-01-04,delivery_shipment
2025-12-30,21132758,0386,A673,10,21132758|0386|A673|2025-12-30|net demand for net demand for forecast|008115,2025-12-30,2026-01-04,delivery_shipment
2025-12-30,21132758,0386,A673,10,21132758|0386|A673|2025-12-30|net demand for net demand for forecast|008116,2025-12-30,2026-01-04,delivery_shipment
2025-12-30,21148509,0386,A673,1,21148509|0386|A673|2025-12-30|net demand for net demand for forecast|008462,2025-12-30,2026-01-04,delivery_shipment
2025-12-30,21148509,0386,A673,1,21148509|0386|A673|2025-12-30|net demand for net demand for forecast|008463,2025-12-30,2026-01-04,delivery_shipment
2025-12-30,21148509,0386,A673,1,21148509|0386|A673|2025-12-30|net demand for net demand for forecast|008464,2025-12-30,2026-01-04,delivery_shipment
2025-12-30,21148509,0386,A673,1,21148509|0386|A673|2025-12-30|net demand for net demand for forecast|008465,2025-12-30,2026-01-04,delivery_shipment
2025-12-30,21148509,0386,A673,1,21148509|0386|A673|2025-12-30|net demand for net demand for forecast|008466,2025-12-30,2026-01-04,delivery_shipment
2025-12-30,21148509,0386,A673,1,21148509|0386|A673|2025-12-30|net demand for net demand for forecast|008467,2025-12-30,2026-01-04,delivery_shipment
2025-12-30,21148509,0386,A673,1,21148509|0386|A673|2025-12-30|net demand for net demand for forecast|008468,2025-12-30,2026-01-05,delivery_shipment
2025-12-30,21128067,0386,A673,33,21128067|0386|A673|2025-12-30|net demand for safety|008066,2025-12-30,2026-01-04,delivery_shipment
2025-12-30,21132758,0386,A673,23,21132758|0386|A673|2025-12-30|net demand for safety|008117,2025-12-30,2026-01-04,delivery_shipment
2025-12-30,21137866,0386,A673,378,21137866|0386|A673|2025-12-30|net demand for safety|008221,2025-12-30,2026-01-04,delivery_shipment
2025-12-30,21143102,0386,A673,54,21143102|0386|A673|2025-12-30|net demand for safety|008331,2025-12-30,2026-01-04,delivery_shipment
2025-12-30,21143103,0386,A673,25,21143103|0386|A673|2025-12-30|net demand for safety|008393,2025-12-30,2026-01-05,delivery_shipment
2025-12-30,21148509,0386,A673,168,21148509|0386|A673|2025-12-30|net demand for safety|008469,2025-12-30,2026-01-04,delivery_shipment
2025-12-30,21377504,0386,A673,63,21377504|0386|A673|2025-12-30|net demand for safety|008640,2025-12-30,2026-01-05,delivery_shipment
2025-12-30,80804136,0386,A673,409,80804136|0386|A673|2025-12-30|net demand for safety|008760,2025-12-30,2026-01-04,delivery_shipment
2025-12-30,80804138,0386,A673,69,80804138|0386|A673|2025-12-30|net demand for safety|008827,2025-12-30,2026-01-04,delivery_shipment
2025-12-30,80812845,0386,A673,29,80812845|0386|A673|2025-12-30|net demand for safety|008904,2025-12-30,2026-01-04,delivery_shipment
2025-12-30,21137866,0386,A673,7,21137866|0386|A673|2025-12-30|net demand for net demand for safety|008218,2025-12-30,2026-01-05,delivery_shipment
2025-12-30,21137866,0386,A673,8,21137866|0386|A673|2025-12-30|net demand for net demand for safety|008219,2025-12-30,2026-01-04,delivery_shipment
2025-12-30,21137866,0386,A673,90,21137866|0386|A673|2025-12-30|net demand for net demand for safety|008220,2025-12-30,2026-01-04,delivery_shipment
2025-12-30,21143102,0386,A673,72,21143102|0386|A673|2025-12-30|net demand for net demand for safety|008330,2025-12-30,2026-01-05,delivery_shipment
2025-12-30,21143103,0386,A673,11,21143103|0386|A673|2025-12-30|net demand for net demand for safety|008392,2025-12-30,2026-01-04,delivery_shipment
2025-12-30,80804133,0386,A673,1,80804133|0386|A673|2025-12-30|net demand for net demand for safety|008743,2025-12-30,2026-01-04,delivery_shipment
2025-12-30,80804136,0386,A673,16,80804136|0386|A673|2025-12-30|net demand for net demand for safety|008759,2025-12-30,2026-01-04,delivery_shipment
2025-12-30,80805852,0386,A673,2,80805852|0386|A673|2025-12-30|net demand for net demand for safety|008849,2025-12-30,2026-01-04,delivery_shipment
2025-12-30,80807095,0386,A673,2,80807095|0386|A673|2025-12-30|net demand for net demand for safety|008859,2025-12-30,2026-01-04,delivery_shipment
2025-12-30,21128067,0386,A673,1,21128067|0386|A673|2025-12-30|push replenishment|008067,2025-12-30,2026-01-04,delivery_shipment
2025-12-30,21137866,0386,A673,138,21137866|0386|A673|2025-12-30|push replenishment|008222,2025-12-30,2026-01-05,delivery_shipment
2025-12-30,21143102,0386,A673,138,21143102|0386|A673|2025-12-30|push replenishment|008332,2025-12-30,2026-01-04,delivery_shipment
2025-12-30,21143103,0386,A673,248,21143103|0386|A673|2025-12-30|push replenishment|008394,2025-12-30,2026-01-04,delivery_shipment
2025-12-30,21377504,0386,A673,725,21377504|0386|A673|2025-12-30|push replenishment|008641,2025-12-30,2026-01-05,delivery_shipment
2025-12-30,80804136,0386,A673,298,80804136|0386|A673|2025-12-30|push replenishment|008761,2025-12-30,2026-01-04,delivery_shipment
2025-12-30,80804138,0386,A673,136,80804138|0386|A673|2025-12-30|push replenishment|008828,2025-12-30,2026-01-04,delivery_shipment
2025-12-30,80812845,0386,A673,601,80812845|0386|A673|2025-12-30|push replenishment|008905,2025-12-30,2026-01-04,delivery_shipment
2025-12-30,21137866,0386,A680,8,21137866|0386|A680|2025-12-30|net demand for normal|008235,2025-12-30,2026-01-06,delivery_shipment
2025-12-30,21422791,0386,A680,2,21422791|0386|A680|2025-12-30|net demand for normal|008672,2025-12-30,2026-01-06,delivery_shipment
2025-12-30,21132758,0386,A680,2,21132758|0386|A680|2025-12-30|net demand for forecast|008118,2025-12-30,2026-01-06,delivery_shipment
2025-12-30,21132758,0386,A680,2,21132758|0386|A680|2025-12-30|net demand for forecast|008119,2025-12-30,2026-01-06,delivery_shipment
2025-12-30,21132758,0386,A680,2,21132758|0386|A680|2025-12-30|net demand for forecast|008120,2025-12-30,2026-01-06,delivery_shipment
2025-12-30,21132758,0386,A680,2,21132758|0386|A680|2025-12-30|net demand for forecast|008121,2025-12-30,2026-01-06,delivery_shipment
2025-12-30,21132758,0386,A680,2,21132758|0386|A680|2025-12-30|net demand for forecast|008122,2025-12-30,2026-01-07,delivery_shipment
2025-12-30,21132758,0386,A680,2,21132758|0386|A680|2025-12-30|net demand for forecast|008123,2025-12-30,2026-01-07,delivery_shipment
2025-12-30,21132758,0386,A680,2,21132758|0386|A680|2025-12-30|net demand for forecast|008124,2025-12-30,2026-01-06,delivery_shipment
2025-12-30,21132758,0386,A680,3,21132758|0386|A680|2025-12-30|net demand for forecast|008125,2025-12-30,2026-01-06,delivery_shipment
2025-12-30,21132758,0386,A680,3,21132758|0386|A680|2025-12-30|net demand for forecast|008126,2025-12-30,2026-01-06,delivery_shipment
2025-12-30,21132758,0386,A680,3,21132758|0386|A680|2025-12-30|net demand for forecast|008127,2025-12-30,2026-01-06,delivery_shipment
2025-12-30,21132758,0386,A680,3,21132758|0386|A680|2025-12-30|net demand for forecast|008128,2025-12-30,2026-01-06,delivery_shipment
2025-12-30,21132758,0386,A680,3,21132758|0386|A680|2025-12-30|net demand for forecast|008129,2025-12-30,2026-01-06,delivery_shipment
2025-12-30,21137866,0386,A680,5,21137866|0386|A680|2025-12-30|net demand for forecast|008223,2025-12-30,2026-01-07,delivery_shipment
2025-12-30,21137866,0386,A680,5,21137866|0386|A680|2025-12-30|net demand for forecast|008224,2025-12-30,2026-01-06,delivery_shipment
2025-12-30,21137866,0386,A680,5,21137866|0386|A680|2025-12-30|net demand for forecast|008225,2025-12-30,2026-01-07,delivery_shipment
2025-12-30,21137866,0386,A680,5,21137866|0386|A680|2025-12-30|net demand for forecast|008226,2025-12-30,2026-01-06,delivery_shipment
2025-12-30,21137866,0386,A680,5,21137866|0386|A680|2025-12-30|net demand for forecast|008227,2025-12-30,2026-01-06,delivery_shipment
2025-12-30,21137866,0386,A680,7,21137866|0386|A680|2025-12-30|net demand for forecast|008228,2025-12-30,2026-01-06,delivery_shipment
2025-12-30,21137866,0386,A680,8,21137866|0386|A680|2025-12-30|net demand for forecast|008229,2025-12-30,2026-01-07,delivery_shipment
2025-12-30,21137866,0386,A680,8,21137866|0386|A680|2025-12-30|net demand for forecast|008230,2025-12-30,2026-01-06,delivery_shipment
2025-12-30,21137866,0386,A680,8,21137866|0386|A680|2025-12-30|net demand for forecast|008231,2025-12-30,2026-01-06,delivery_shipment
2025-12-30,21137866,0386,A680,8,21137866|0386|A680|2025-12-30|net demand for forecast|008232,2025-12-30,2026-01-06,delivery_shipment
2025-12-30,21137866,0386,A680,8,21137866|0386|A680|2025-12-30|net demand for forecast|008233,2025-12-30,2026-01-06,delivery_shipment
2025-12-30,21137866,0386,A680,8,21137866|0386|A680|2025-12-30|net demand for forecast|008234,2025-12-30,2026-01-06,delivery_shipment
2025-12-30,21143102,0386,A680,2,21143102|0386|A680|2025-12-30|net demand for forecast|008333,2025-12-30,2026-01-07,delivery_shipment
2025-12-30,21143102,0386,A680,2,21143102|0386|A680|2025-12-30|net demand for forecast|008334,2025-12-30,2026-01-06,delivery_shipment
2025-12-30,21143102,0386,A680,2,21143102|0386|A680|2025-12-30|net demand for forecast|008335,2025-12-30,2026-01-06,delivery_shipment
2025-12-30,21143102,0386,A680,2,21143102|0386|A680|2025-12-30|net demand for forecast|008336,2025-12-30,2026-01-06,delivery_shipment
2025-12-30,21143102,0386,A680,2,21143102|0386|A680|2025-12-30|net demand for forecast|008337,2025-12-30,2026-01-07,delivery_shipment
2025-12-30,21143102,0386,A680,2,21143102|0386|A680|2025-12-30|net demand for forecast|008338,2025-12-30,2026-01-06,delivery_shipment
2025-12-30,21143102,0386,A680,2,21143102|0386|A680|2025-12-30|net demand for forecast|008339,2025-12-30,2026-01-06,delivery_shipment
2025-12-30,21143102,0386,A680,3,21143102|0386|A680|2025-12-30|net demand for forecast|008340,2025-12-30,2026-01-06,delivery_shipment
2025-12-30,21143102,0386,A680,3,21143102|0386|A680|2025-12-30|net demand for forecast|008341,2025-12-30,2026-01-06,delivery_shipment
2025-12-30,21143102,0386,A680,3,21143102|0386|A680|2025-12-30|net demand for forecast|008342,2025-12-30,2026-01-06,delivery_shipment
2025-12-30,21143102,0386,A680,3,21143102|0386|A680|2025-12-30|net demand for forecast|008343,2025-12-30,2026-01-06,delivery_shipment
2025-12-30,21143102,0386,A680,3,21143102|0386|A680|2025-12-30|net demand for forecast|008344,2025-12-30,2026-01-06,delivery_shipment
2025-12-30,21148509,0386,A680,1,21148509|0386|A680|2025-12-30|net demand for forecast|008470,2025-12-30,2026-01-06,delivery_shipment
2025-12-30,21148509,0386,A680,2,21148509|0386|A680|2025-12-30|net demand for forecast|008471,2025-12-30,2026-01-07,delivery_shipment
2025-12-30,21148509,0386,A680,2,21148509|0386|A680|2025-12-30|net demand for forecast|008472,2025-12-30,2026-01-07,delivery_shipment
2025-12-30,21148509,0386,A680,2,21148509|0386|A680|2025-12-30|net demand for forecast|008473,2025-12-30,2026-01-06,delivery_shipment
2025-12-30,21148509,0386,A680,2,21148509|0386|A680|2025-12-30|net demand for forecast|008474,2025-12-30,2026-01-06,delivery_shipment
2025-12-30,21148509,0386,A680,2,21148509|0386|A680|2025-12-30|net demand for forecast|008475,2025-12-30,2026-01-07,delivery_shipment
2025-12-30,21148509,0386,A680,3,21148509|0386|A680|2025-12-30|net demand for forecast|008476,2025-12-30,2026-01-06,delivery_shipment
2025-12-30,21148509,0386,A680,3,21148509|0386|A680|2025-12-30|net demand for forecast|008477,2025-12-30,2026-01-06,delivery_shipment
2025-12-30,21148509,0386,A680,3,21148509|0386|A680|2025-12-30|net demand for forecast|008478,2025-12-30,2026-01-06,delivery_shipment
2025-12-30,21148509,0386,A680,3,21148509|0386|A680|2025-12-30|net demand for forecast|008479,2025-12-30,2026-01-06,delivery_shipment
2025-12-30,21148509,0386,A680,3,21148509|0386|A680|2025-12-30|net demand for forecast|008480,2025-12-30,2026-01-07,delivery_shipment
2025-12-30,21148509,0386,A680,3,21148509|0386|A680|2025-12-30|net demand for forecast|008481,2025-12-30,2026-01-06,delivery_shipment
2025-12-30,21377504,0386,A680,1,21377504|0386|A680|2025-12-30|net demand for forecast|008642,2025-12-30,2026-01-06,delivery_shipment
2025-12-30,21377504,0386,A680,1,21377504|0386|A680|2025-12-30|net demand for forecast|008643,2025-12-30,2026-01-06,delivery_shipment
2025-12-30,80812845,0386,A680,2,80812845|0386|A680|2025-12-30|net demand for forecast|008906,2025-12-30,2026-01-06,delivery_shipment
2025-12-30,80812845,0386,A680,4,80812845|0386|A680|2025-12-30|net demand for forecast|008907,2025-12-30,2026-01-06,delivery_shipment
2025-12-30,80812845,0386,A680,4,80812845|0386|A680|2025-12-30|net demand for forecast|008908,2025-12-30,2026-01-06,delivery_shipment
2025-12-30,80812845,0386,A680,4,80812845|0386|A680|2025-12-30|net demand for forecast|008909,2025-12-30,2026-01-06,delivery_shipment
2025-12-30,80812845,0386,A680,4,80812845|0386|A680|2025-12-30|net demand for forecast|008910,2025-12-30,2026-01-06,delivery_shipment
2025-12-30,80812845,0386,A680,4,80812845|0386|A680|2025-12-30|net demand for forecast|008911,2025-12-30,2026-01-06,delivery_shipment
2025-12-30,80812845,0386,A680,4,80812845|0386|A680|2025-12-30|net demand for forecast|008912,2025-12-30,2026-01-06,delivery_shipment
2025-12-30,80812845,0386,A680,4,80812845|0386|A680|2025-12-30|net demand for forecast|008913,2025-12-30,2026-01-06,delivery_shipment
2025-12-30,80812845,0386,A680,4,80812845|0386|A680|2025-12-30|net demand for forecast|008914,2025-12-30,2026-01-06,delivery_shipment
2025-12-30,80812845,0386,A680,5,80812845|0386|A680|2025-12-30|net demand for forecast|008915,2025-12-30,2026-01-06,delivery_shipment
2025-12-30,80812845,0386,A680,5,80812845|0386|A680|2025-12-30|net demand for forecast|008916,2025-12-30,2026-01-06,delivery_shipment
2025-12-30,80812845,0386,A680,5,80812845|0386|A680|2025-12-30|net demand for forecast|008917,2025-12-30,2026-01-06,delivery_shipment
2025-12-30,80884850,0386,A680,2,80884850|0386|A680|2025-12-30|net demand for forecast|009021,2025-12-30,2026-01-06,delivery_shipment
2025-12-30,80884850,0386,A680,2,80884850|0386|A680|2025-12-30|net demand for forecast|009022,2025-12-30,2026-01-06,delivery_shipment
2025-12-30,80884850,0386,A680,3,80884850|0386|A680|2025-12-30|net demand for forecast|009023,2025-12-30,2026-01-06,delivery_shipment
2025-12-30,80884850,0386,A680,3,80884850|0386|A680|2025-12-30|net demand for forecast|009024,2025-12-30,2026-01-06,delivery_shipment
2025-12-30,80884850,0386,A680,3,80884850|0386|A680|2025-12-30|net demand for forecast|009025,2025-12-30,2026-01-06,delivery_shipment
2025-12-30,80884850,0386,A680,3,80884850|0386|A680|2025-12-30|net demand for forecast|009026,2025-12-30,2026-01-06,delivery_shipment
2025-12-30,80884850,0386,A680,3,80884850|0386|A680|2025-12-30|net demand for forecast|009027,2025-12-30,2026-01-06,delivery_shipment
2025-12-30,80884850,0386,A680,6,80884850|0386|A680|2025-12-30|net demand for forecast|009028,2025-12-30,2026-01-06,delivery_shipment
2025-12-30,80884850,0386,A680,7,80884850|0386|A680|2025-12-30|net demand for forecast|009029,2025-12-30,2026-01-06,delivery_shipment
2025-12-30,80884850,0386,A680,7,80884850|0386|A680|2025-12-30|net demand for forecast|009030,2025-12-30,2026-01-06,delivery_shipment
2025-12-30,80884850,0386,A680,7,80884850|0386|A680|2025-12-30|net demand for forecast|009031,2025-12-30,2026-01-06,delivery_shipment
2025-12-30,80884850,0386,A680,7,80884850|0386|A680|2025-12-30|net demand for forecast|009032,2025-12-30,2026-01-06,delivery_shipment
2025-12-30,21132758,0386,A680,10,21132758|0386|A680|2025-12-30|net demand for safety|008130,2025-12-30,2026-01-07,delivery_shipment
2025-12-30,21137866,0386,A680,91,21137866|0386|A680|2025-12-30|net demand for safety|008236,2025-12-30,2026-01-06,delivery_shipment
2025-12-30,21143102,0386,A680,30,21143102|0386|A680|2025-12-30|net demand for safety|008345,2025-12-30,2026-01-06,delivery_shipment
2025-12-30,21148509,0386,A680,30,21148509|0386|A680|2025-12-30|net demand for safety|008482,2025-12-30,2026-01-06,delivery_shipment
2025-12-30,21377504,0386,A680,2,21377504|0386|A680|2025-12-30|net demand for safety|008644,2025-12-30,2026-01-06,delivery_shipment
2025-12-30,80804136,0386,A680,87,80804136|0386|A680|2025-12-30|net demand for safety|008762,2025-12-30,2026-01-06,delivery_shipment
2025-12-30,80804138,0386,A680,32,80804138|0386|A680|2025-12-30|net demand for safety|008829,2025-12-30,2026-01-06,delivery_shipment
2025-12-30,80812845,0386,A680,202,80812845|0386|A680|2025-12-30|net demand for safety|008918,2025-12-30,2026-01-07,delivery_shipment
2025-12-30,80884850,0386,A680,9,80884850|0386|A680|2025-12-30|net demand for safety|009033,2025-12-30,2026-01-06,delivery_shipment
2025-12-30,21137866,0386,A680,33,21137866|0386|A680|2025-12-30|push replenishment|008237,2025-12-30,2026-01-07,delivery_shipment
2025-12-30,21143102,0386,A680,40,21143102|0386|A680|2025-12-30|push replenishment|008346,2025-12-30,2026-01-06,delivery_shipment
2025-12-30,21143103,0386,A680,24,21143103|0386|A680|2025-12-30|push replenishment|008395,2025-12-30,2026-01-06,delivery_shipment
2025-12-30,21377504,0386,A680,23,21377504|0386|A680|2025-12-30|push replenishment|008645,2025-12-30,2026-01-06,delivery_shipment
2025-12-30,80804136,0386,A680,66,80804136|0386|A680|2025-12-30|push replenishment|008763,2025-12-30,2026-01-07,delivery_shipment
2025-12-30,80804138,0386,A680,83,80804138|0386|A680|2025-12-30|push replenishment|008830,2025-12-30,2026-01-06,delivery_shipment
2025-12-30,80812845,0386,A680,169,80812845|0386|A680|2025-12-30|push replenishment|008919,2025-12-30,2026-01-06,delivery_shipment
2025-12-30,80884850,0386,A715,1,80884850|0386|A715|2025-12-30|net demand for normal|009049,2025-12-30,2026-01-09,delivery_shipment
2025-12-30,21132758,0386,A715,2,21132758|0386|A715|2025-12-30|net demand for forecast|008131,2025-12-30,2026-01-09,delivery_shipment
2025-12-30,21132758,0386,A715,2,21132758|0386|A715|2025-12-30|net demand for forecast|008132,2025-12-30,2026-01-09,delivery_shipment
2025-12-30,21132758,0386,A715,2,21132758|0386|A715|2025-12-30|net demand for forecast|008133,2025-12-30,2026-01-09,delivery_shipment
2025-12-30,21132758,0386,A715,2,21132758|0386|A715|2025-12-30|net demand for forecast|008134,2025-12-30,2026-01-09,delivery_shipment
2025-12-30,21132758,0386,A715,2,21132758|0386|A715|2025-12-30|net demand for forecast|008135,2025-12-30,2026-01-09,delivery_shipment
2025-12-30,21132758,0386,A715,2,21132758|0386|A715|2025-12-30|net demand for forecast|008136,2025-12-30,2026-01-09,delivery_shipment
2025-12-30,21132758,0386,A715,2,21132758|0386|A715|2025-12-30|net demand for forecast|008137,2025-12-30,2026-01-09,delivery_shipment
2025-12-30,21132758,0386,A715,2,21132758|0386|A715|2025-12-30|net demand for forecast|008138,2025-12-30,2026-01-09,delivery_shipment
2025-12-30,21132758,0386,A715,2,21132758|0386|A715|2025-12-30|net demand for forecast|008139,2025-12-30,2026-01-09,delivery_shipment
2025-12-30,21132758,0386,A715,2,21132758|0386|A715|2025-12-30|net demand for forecast|008140,2025-12-30,2026-01-09,delivery_shipment
2025-12-30,21132758,0386,A715,2,21132758|0386|A715|2025-12-30|net demand for forecast|008141,2025-12-30,2026-01-09,delivery_shipment
2025-12-30,21132758,0386,A715,2,21132758|0386|A715|2025-12-30|net demand for forecast|008142,2025-12-30,2026-01-09,delivery_shipment
2025-12-30,21132758,0386,A715,2,21132758|0386|A715|2025-12-30|net demand for forecast|008143,2025-12-30,2026-01-09,delivery_shipment
2025-12-30,21132758,0386,A715,2,21132758|0386|A715|2025-12-30|net demand for forecast|008144,2025-12-30,2026-01-09,delivery_shipment
2025-12-30,21132758,0386,A715,2,21132758|0386|A715|2025-12-30|net demand for forecast|008145,2025-12-30,2026-01-09,delivery_shipment
2025-12-30,21137866,0386,A715,2,21137866|0386|A715|2025-12-30|net demand for forecast|008238,2025-12-30,2026-01-09,delivery_shipment
2025-12-30,21137866,0386,A715,2,21137866|0386|A715|2025-12-30|net demand for forecast|008239,2025-12-30,2026-01-09,delivery_shipment
2025-12-30,21137866,0386,A715,2,21137866|0386|A715|2025-12-30|net demand for forecast|008240,2025-12-30,2026-01-09,delivery_shipment
2025-12-30,21137866,0386,A715,2,21137866|0386|A715|2025-12-30|net demand for forecast|008241,2025-12-30,2026-01-09,delivery_shipment
2025-12-30,21137866,0386,A715,2,21137866|0386|A715|2025-12-30|net demand for forecast|008242,2025-12-30,2026-01-09,delivery_shipment
2025-12-30,21137866,0386,A715,2,21137866|0386|A715|2025-12-30|net demand for forecast|008243,2025-12-30,2026-01-09,delivery_shipment
2025-12-30,21137866,0386,A715,2,21137866|0386|A715|2025-12-30|net demand for forecast|008244,2025-12-30,2026-01-09,delivery_shipment
2025-12-30,21137866,0386,A715,2,21137866|0386|A715|2025-12-30|net demand for forecast|008245,2025-12-30,2026-01-09,delivery_shipment
2025-12-30,21137866,0386,A715,2,21137866|0386|A715|2025-12-30|net demand for forecast|008246,2025-12-30,2026-01-09,delivery_shipment
2025-12-30,21137866,0386,A715,2,21137866|0386|A715|2025-12-30|net demand for forecast|008247,2025-12-30,2026-01-09,delivery_shipment
2025-12-30,21137866,0386,A715,2,21137866|0386|A715|2025-12-30|net demand for forecast|008248,2025-12-30,2026-01-09,delivery_shipment
2025-12-30,21137866,0386,A715,2,21137866|0386|A715|2025-12-30|net demand for forecast|008249,2025-12-30,2026-01-09,delivery_shipment
2025-12-30,21137866,0386,A715,3,21137866|0386|A715|2025-12-30|net demand for forecast|008250,2025-12-30,2026-01-09,delivery_shipment
2025-12-30,21137866,0386,A715,3,21137866|0386|A715|2025-12-30|net demand for forecast|008251,2025-12-30,2026-01-09,delivery_shipment
2025-12-30,21137866,0386,A715,3,21137866|0386|A715|2025-12-30|net demand for forecast|008252,2025-12-30,2026-01-09,delivery_shipment
2025-12-30,21143103,0386,A715,1,21143103|0386|A715|2025-12-30|net demand for forecast|008396,2025-12-30,2026-01-10,delivery_shipment
2025-12-30,21143103,0386,A715,1,21143103|0386|A715|2025-12-30|net demand for forecast|008397,2025-12-30,2026-01-09,delivery_shipment
2025-12-30,21143103,0386,A715,1,21143103|0386|A715|2025-12-30|net demand for forecast|008398,2025-12-30,2026-01-09,delivery_shipment
2025-12-30,21143103,0386,A715,1,21143103|0386|A715|2025-12-30|net demand for forecast|008399,2025-12-30,2026-01-09,delivery_shipment
2025-12-30,21143103,0386,A715,1,21143103|0386|A715|2025-12-30|net demand for forecast|008400,2025-12-30,2026-01-09,delivery_shipment
2025-12-30,21143103,0386,A715,1,21143103|0386|A715|2025-12-30|net demand for forecast|008401,2025-12-30,2026-01-09,delivery_shipment
2025-12-30,21143103,0386,A715,1,21143103|0386|A715|2025-12-30|net demand for forecast|008402,2025-12-30,2026-01-09,delivery_shipment
2025-12-30,21143103,0386,A715,1,21143103|0386|A715|2025-12-30|net demand for forecast|008403,2025-12-30,2026-01-09,delivery_shipment
2025-12-30,21143103,0386,A715,1,21143103|0386|A715|2025-12-30|net demand for forecast|008404,2025-12-30,2026-01-09,delivery_shipment
2025-12-30,21143103,0386,A715,1,21143103|0386|A715|2025-12-30|net demand for forecast|008405,2025-12-30,2026-01-09,delivery_shipment
2025-12-30,21143103,0386,A715,1,21143103|0386|A715|2025-12-30|net demand for forecast|008406,2025-12-30,2026-01-09,delivery_shipment
2025-12-30,21143103,0386,A715,1,21143103|0386|A715|2025-12-30|net demand for forecast|008407,2025-12-30,2026-01-09,delivery_shipment
2025-12-30,21143103,0386,A715,1,21143103|0386|A715|2025-12-30|net demand for forecast|008408,2025-12-30,2026-01-09,delivery_shipment
2025-12-30,21143103,0386,A715,1,21143103|0386|A715|2025-12-30|net demand for forecast|008409,2025-12-30,2026-01-09,delivery_shipment
2025-12-30,21143103,0386,A715,1,21143103|0386|A715|2025-12-30|net demand for forecast|008410,2025-12-30,2026-01-09,delivery_shipment
2025-12-30,21148509,0386,A715,1,21148509|0386|A715|2025-12-30|net demand for forecast|008483,2025-12-30,2026-01-09,delivery_shipment
2025-12-30,21148509,0386,A715,1,21148509|0386|A715|2025-12-30|net demand for forecast|008484,2025-12-30,2026-01-09,delivery_shipment
2025-12-30,21148509,0386,A715,1,21148509|0386|A715|2025-12-30|net demand for forecast|008485,2025-12-30,2026-01-09,delivery_shipment
2025-12-30,21148509,0386,A715,1,21148509|0386|A715|2025-12-30|net demand for forecast|008486,2025-12-30,2026-01-09,delivery_shipment
2025-12-30,21148509,0386,A715,1,21148509|0386|A715|2025-12-30|net demand for forecast|008487,2025-12-30,2026-01-09,delivery_shipment
2025-12-30,21148509,0386,A715,1,21148509|0386|A715|2025-12-30|net demand for forecast|008488,2025-12-30,2026-01-09,delivery_shipment
2025-12-30,21148509,0386,A715,1,21148509|0386|A715|2025-12-30|net demand for forecast|008489,2025-12-30,2026-01-09,delivery_shipment
2025-12-30,21148509,0386,A715,1,21148509|0386|A715|2025-12-30|net demand for forecast|008490,2025-12-30,2026-01-09,delivery_shipment
2025-12-30,21148509,0386,A715,1,21148509|0386|A715|2025-12-30|net demand for forecast|008491,2025-12-30,2026-01-09,delivery_shipment
2025-12-30,21148509,0386,A715,1,21148509|0386|A715|2025-12-30|net demand for forecast|008492,2025-12-30,2026-01-09,delivery_shipment
2025-12-30,21148509,0386,A715,1,21148509|0386|A715|2025-12-30|net demand for forecast|008493,2025-12-30,2026-01-09,delivery_shipment
2025-12-30,21148509,0386,A715,1,21148509|0386|A715|2025-12-30|net demand for forecast|008494,2025-12-30,2026-01-09,delivery_shipment
2025-12-30,21148509,0386,A715,1,21148509|0386|A715|2025-12-30|net demand for forecast|008495,2025-12-30,2026-01-09,delivery_shipment
2025-12-30,21148509,0386,A715,1,21148509|0386|A715|2025-12-30|net demand for forecast|008496,2025-12-30,2026-01-09,delivery_shipment
2025-12-30,21148509,0386,A715,1,21148509|0386|A715|2025-12-30|net demand for forecast|008497,2025-12-30,2026-01-09,delivery_shipment
2025-12-30,21377504,0386,A715,1,21377504|0386|A715|2025-12-30|net demand for forecast|008646,2025-12-30,2026-01-09,delivery_shipment
2025-12-30,21377504,0386,A715,1,21377504|0386|A715|2025-12-30|net demand for forecast|008647,2025-12-30,2026-01-09,delivery_shipment
2025-12-30,21377504,0386,A715,1,21377504|0386|A715|2025-12-30|net demand for forecast|008648,2025-12-30,2026-01-09,delivery_shipment
2025-12-30,21377504,0386,A715,1,21377504|0386|A715|2025-12-30|net demand for forecast|008649,2025-12-30,2026-01-09,delivery_shipment
2025-12-30,21377504,0386,A715,1,21377504|0386|A715|2025-12-30|net demand for forecast|008650,2025-12-30,2026-01-09,delivery_shipment
2025-12-30,21377504,0386,A715,1,21377504|0386|A715|2025-12-30|net demand for forecast|008651,2025-12-30,2026-01-09,delivery_shipment
2025-12-30,80804136,0386,A715,1,80804136|0386|A715|2025-12-30|net demand for forecast|008764,2025-12-30,2026-01-09,delivery_shipment
2025-12-30,80804136,0386,A715,1,80804136|0386|A715|2025-12-30|net demand for forecast|008765,2025-12-30,2026-01-09,delivery_shipment
2025-12-30,80804136,0386,A715,2,80804136|0386|A715|2025-12-30|net demand for forecast|008766,2025-12-30,2026-01-09,delivery_shipment
2025-12-30,80804136,0386,A715,2,80804136|0386|A715|2025-12-30|net demand for forecast|008767,2025-12-30,2026-01-09,delivery_shipment
2025-12-30,80804136,0386,A715,2,80804136|0386|A715|2025-12-30|net demand for forecast|008768,2025-12-30,2026-01-09,delivery_shipment
2025-12-30,80804136,0386,A715,2,80804136|0386|A715|2025-12-30|net demand for forecast|008769,2025-12-30,2026-01-09,delivery_shipment
2025-12-30,80804136,0386,A715,2,80804136|0386|A715|2025-12-30|net demand for forecast|008770,2025-12-30,2026-01-09,delivery_shipment
2025-12-30,80804136,0386,A715,2,80804136|0386|A715|2025-12-30|net demand for forecast|008771,2025-12-30,2026-01-09,delivery_shipment
2025-12-30,80804136,0386,A715,2,80804136|0386|A715|2025-12-30|net demand for forecast|008772,2025-12-30,2026-01-09,delivery_shipment
2025-12-30,80804136,0386,A715,2,80804136|0386|A715|2025-12-30|net demand for forecast|008773,2025-12-30,2026-01-09,delivery_shipment
2025-12-30,80804136,0386,A715,2,80804136|0386|A715|2025-12-30|net demand for forecast|008774,2025-12-30,2026-01-10,delivery_shipment
2025-12-30,80804136,0386,A715,2,80804136|0386|A715|2025-12-30|net demand for forecast|008775,2025-12-30,2026-01-09,delivery_shipment
2025-12-30,80804136,0386,A715,2,80804136|0386|A715|2025-12-30|net demand for forecast|008776,2025-12-30,2026-01-09,delivery_shipment
2025-12-30,80804136,0386,A715,2,80804136|0386|A715|2025-12-30|net demand for forecast|008777,2025-12-30,2026-01-09,delivery_shipment
2025-12-30,80804136,0386,A715,2,80804136|0386|A715|2025-12-30|net demand for forecast|008778,2025-12-30,2026-01-09,delivery_shipment
2025-12-30,80812845,0386,A715,3,80812845|0386|A715|2025-12-30|net demand for forecast|008920,2025-12-30,2026-01-09,delivery_shipment
2025-12-30,80812845,0386,A715,3,80812845|0386|A715|2025-12-30|net demand for forecast|008921,2025-12-30,2026-01-09,delivery_shipment
2025-12-30,80812845,0386,A715,3,80812845|0386|A715|2025-12-30|net demand for forecast|008922,2025-12-30,2026-01-09,delivery_shipment
2025-12-30,80812845,0386,A715,3,80812845|0386|A715|2025-12-30|net demand for forecast|008923,2025-12-30,2026-01-09,delivery_shipment
2025-12-30,80812845,0386,A715,3,80812845|0386|A715|2025-12-30|net demand for forecast|008924,2025-12-30,2026-01-09,delivery_shipment
2025-12-30,80812845,0386,A715,3,80812845|0386|A715|2025-12-30|net demand for forecast|008925,2025-12-30,2026-01-09,delivery_shipment
2025-12-30,80812845,0386,A715,3,80812845|0386|A715|2025-12-30|net demand for forecast|008926,2025-12-30,2026-01-09,delivery_shipment
2025-12-30,80812845,0386,A715,3,80812845|0386|A715|2025-12-30|net demand for forecast|008927,2025-12-30,2026-01-09,delivery_shipment
2025-12-30,80812845,0386,A715,3,80812845|0386|A715|2025-12-30|net demand for forecast|008928,2025-12-30,2026-01-09,delivery_shipment
2025-12-30,80812845,0386,A715,3,80812845|0386|A715|2025-12-30|net demand for forecast|008929,2025-12-30,2026-01-10,delivery_shipment
2025-12-30,80812845,0386,A715,4,80812845|0386|A715|2025-12-30|net demand for forecast|008930,2025-12-30,2026-01-09,delivery_shipment
2025-12-30,80812845,0386,A715,4,80812845|0386|A715|2025-12-30|net demand for forecast|008931,2025-12-30,2026-01-09,delivery_shipment
2025-12-30,80812845,0386,A715,4,80812845|0386|A715|2025-12-30|net demand for forecast|008932,2025-12-30,2026-01-10,delivery_shipment
2025-12-30,80812845,0386,A715,4,80812845|0386|A715|2025-12-30|net demand for forecast|008933,2025-12-30,2026-01-09,delivery_shipment
2025-12-30,80812845,0386,A715,4,80812845|0386|A715|2025-12-30|net demand for forecast|008934,2025-12-30,2026-01-09,delivery_shipment
2025-12-30,80884850,0386,A715,1,80884850|0386|A715|2025-12-30|net demand for forecast|009034,2025-12-30,2026-01-09,delivery_shipment
2025-12-30,80884850,0386,A715,1,80884850|0386|A715|2025-12-30|net demand for forecast|009035,2025-12-30,2026-01-09,delivery_shipment
2025-12-30,80884850,0386,A715,1,80884850|0386|A715|2025-12-30|net demand for forecast|009036,2025-12-30,2026-01-09,delivery_shipment
2025-12-30,80884850,0386,A715,1,80884850|0386|A715|2025-12-30|net demand for forecast|009037,2025-12-30,2026-01-10,delivery_shipment
2025-12-30,80884850,0386,A715,2,80884850|0386|A715|2025-12-30|net demand for forecast|009038,2025-12-30,2026-01-09,delivery_shipment
2025-12-30,80884850,0386,A715,2,80884850|0386|A715|2025-12-30|net demand for forecast|009039,2025-12-30,2026-01-09,delivery_shipment
2025-12-30,80884850,0386,A715,2,80884850|0386|A715|2025-12-30|net demand for forecast|009040,2025-12-30,2026-01-09,delivery_shipment
2025-12-30,80884850,0386,A715,2,80884850|0386|A715|2025-12-30|net demand for forecast|009041,2025-12-30,2026-01-09,delivery_shipment
2025-12-30,80884850,0386,A715,2,80884850|0386|A715|2025-12-30|net demand for forecast|009042,2025-12-30,2026-01-09,delivery_shipment
2025-12-30,80884850,0386,A715,2,80884850|0386|A715|2025-12-30|net demand for forecast|009043,2025-12-30,2026-01-09,delivery_shipment
2025-12-30,80884850,0386,A715,3,80884850|0386|A715|2025-12-30|net demand for forecast|009044,2025-12-30,2026-01-09,delivery_shipment
2025-12-30,80884850,0386,A715,3,80884850|0386|A715|2025-12-30|net demand for forecast|009045,2025-12-30,2026-01-09,delivery_shipment
2025-12-30,80884850,0386,A715,3,80884850|0386|A715|2025-12-30|net demand for forecast|009046,2025-12-30,2026-01-09,delivery_shipment
2025-12-30,80884850,0386,A715,3,80884850|0386|A715|2025-12-30|net demand for forecast|009047,2025-12-30,2026-01-09,delivery_shipment
2025-12-30,80884850,0386,A715,4,80884850|0386|A715|2025-12-30|net demand for forecast|009048,2025-12-30,2026-01-09,delivery_shipment
2025-12-30,21103371,0386,A715,4,21103371|0386|A715|2025-12-30|net demand for safety|008019,2025-12-30,2026-01-09,delivery_shipment
2025-12-30,21132758,0386,A715,4,21132758|0386|A715|2025-12-30|net demand for safety|008146,2025-12-30,2026-01-09,delivery_shipment
2025-12-30,21137866,0386,A715,123,21137866|0386|A715|2025-12-30|net demand for safety|008253,2025-12-30,2026-01-09,delivery_shipment
2025-12-30,21143102,0386,A715,6,21143102|0386|A715|2025-12-30|net demand for safety|008347,2025-12-30,2026-01-09,delivery_shipment
2025-12-30,21143103,0386,A715,1,21143103|0386|A715|2025-12-30|net demand for safety|008411,2025-12-30,2026-01-09,delivery_shipment
2025-12-30,21148509,0386,A715,54,21148509|0386|A715|2025-12-30|net demand for safety|008498,2025-12-30,2026-01-09,delivery_shipment
2025-12-30,21377504,0386,A715,5,21377504|0386|A715|2025-12-30|net demand for safety|008652,2025-12-30,2026-01-09,delivery_shipment
2025-12-30,80804136,0386,A715,62,80804136|0386|A715|2025-12-30|net demand for safety|008779,2025-12-30,2026-01-09,delivery_shipment
2025-12-30,80804138,0386,A715,34,80804138|0386|A715|2025-12-30|net demand for safety|008831,2025-12-30,2026-01-09,delivery_shipment
2025-12-30,80812845,0386,A715,85,80812845|0386|A715|2025-12-30|net demand for safety|008935,2025-12-30,2026-01-10,delivery_shipment
2025-12-30,80884850,0386,A715,6,80884850|0386|A715|2025-12-30|net demand for safety|009050,2025-12-30,2026-01-09,delivery_shipment
2025-12-30,21137866,0386,A715,45,21137866|0386|A715|2025-12-30|push replenishment|008254,2025-12-30,2026-01-09,delivery_shipment
2025-12-30,21143102,0386,A715,29,21143102|0386|A715|2025-12-30|push replenishment|008348,2025-12-30,2026-01-09,delivery_shipment
2025-12-30,21143103,0386,A715,41,21143103|0386|A715|2025-12-30|push replenishment|008412,2025-12-30,2026-01-09,delivery_shipment
2025-12-30,21377504,0386,A715,57,21377504|0386|A715|2025-12-30|push replenishment|008653,2025-12-30,2026-01-09,delivery_shipment
2025-12-30,80804136,0386,A715,25,80804136|0386|A715|2025-12-30|push replenishment|008780,2025-12-30,2026-01-09,delivery_shipment
2025-12-30,80804138,0386,A715,71,80804138|0386|A715|2025-12-30|push replenishment|008832,2025-12-30,2026-01-09,delivery_shipment
2025-12-30,80812845,0386,A715,71,80812845|0386|A715|2025-12-30|push replenishment|008936,2025-12-30,2026-01-09,delivery_shipment
2025-12-30,21148509,0386,C816,6,21148509|0386|C816|2025-12-30|net demand for normal|008534,2025-12-30,2025-12-31,delivery_shipment
2025-12-30,21377504,0386,C816,1,21377504|0386|C816|2025-12-30|net demand for normal|008668,2025-12-30,2026-01-01,delivery_shipment
2025-12-30,21137866,0386,C816,13,21137866|0386|C816|2025-12-30|net demand for forecast|008280,2025-12-30,2025-12-31,delivery_shipment
2025-12-30,21137866,0386,C816,13,21137866|0386|C816|2025-12-30|net demand for forecast|008281,2025-12-30,2026-01-01,delivery_shipment
2025-12-30,21137866,0386,C816,14,21137866|0386|C816|2025-12-30|net demand for forecast|008282,2025-12-30,2025-12-31,delivery_shipment
2025-12-30,21137866,0386,C816,14,21137866|0386|C816|2025-12-30|net demand for forecast|008283,2025-12-30,2025-12-31,delivery_shipment
2025-12-30,21137866,0386,C816,14,21137866|0386|C816|2025-12-30|net demand for forecast|008284,2025-12-30,2026-01-01,delivery_shipment
2025-12-30,21137866,0386,C816,21,21137866|0386|C816|2025-12-30|net demand for forecast|008285,2025-12-30,2025-12-31,delivery_shipment
2025-12-30,21137866,0386,C816,21,21137866|0386|C816|2025-12-30|net demand for forecast|008286,2025-12-30,2025-12-31,delivery_shipment
2025-12-30,21148509,0386,C816,8,21148509|0386|C816|2025-12-30|net demand for forecast|008520,2025-12-30,2025-12-31,delivery_shipment
2025-12-30,21148509,0386,C816,8,21148509|0386|C816|2025-12-30|net demand for forecast|008521,2025-12-30,2025-12-31,delivery_shipment
2025-12-30,21148509,0386,C816,8,21148509|0386|C816|2025-12-30|net demand for forecast|008522,2025-12-30,2025-12-31,delivery_shipment
2025-12-30,21148509,0386,C816,8,21148509|0386|C816|2025-12-30|net demand for forecast|008523,2025-12-30,2025-12-31,delivery_shipment
2025-12-30,21148509,0386,C816,9,21148509|0386|C816|2025-12-30|net demand for forecast|008524,2025-12-30,2025-12-31,delivery_shipment
2025-12-30,21148509,0386,C816,13,21148509|0386|C816|2025-12-30|net demand for forecast|008525,2025-12-30,2025-12-31,delivery_shipment
2025-12-30,21148509,0386,C816,14,21148509|0386|C816|2025-12-30|net demand for forecast|008526,2025-12-30,2025-12-31,delivery_shipment
2025-12-30,21377504,0386,C816,1,21377504|0386|C816|2025-12-30|net demand for forecast|008654,2025-12-30,2025-12-31,delivery_shipment
2025-12-30,21377504,0386,C816,1,21377504|0386|C816|2025-12-30|net demand for forecast|008655,2025-12-30,2025-12-31,delivery_shipment
2025-12-30,21377504,0386,C816,1,21377504|0386|C816|2025-12-30|net demand for forecast|008656,2025-12-30,2025-12-31,delivery_shipment
2025-12-30,21377504,0386,C816,1,21377504|0386|C816|2025-12-30|net demand for forecast|008657,2025-12-30,2025-12-31,delivery_shipment
2025-12-30,21377504,0386,C816,1,21377504|0386|C816|2025-12-30|net demand for forecast|008658,2025-12-30,2025-12-31,delivery_shipment
2025-12-30,21377504,0386,C816,2,21377504|0386|C816|2025-12-30|net demand for forecast|008659,2025-12-30,2025-12-31,delivery_shipment
2025-12-30,21377504,0386,C816,2,21377504|0386|C816|2025-12-30|net demand for forecast|008660,2025-12-30,2025-12-31,delivery_shipment
2025-12-30,21137866,0386,C816,2,21137866|0386|C816|2025-12-30|net demand for net demand for forecast|008287,2025-12-30,2025-12-31,delivery_shipment
2025-12-30,21137866,0386,C816,2,21137866|0386|C816|2025-12-30|net demand for net demand for forecast|008288,2025-12-30,2025-12-31,delivery_shipment
2025-12-30,21137866,0386,C816,2,21137866|0386|C816|2025-12-30|net demand for net demand for forecast|008289,2025-12-30,2025-12-31,delivery_shipment
2025-12-30,21137866,0386,C816,2,21137866|0386|C816|2025-12-30|net demand for net demand for forecast|008290,2025-12-30,2025-12-31,delivery_shipment
2025-12-30,21137866,0386,C816,2,21137866|0386|C816|2025-12-30|net demand for net demand for forecast|008291,2025-12-30,2025-12-31,delivery_shipment
2025-12-30,21137866,0386,C816,2,21137866|0386|C816|2025-12-30|net demand for net demand for forecast|008292,2025-12-30,2025-12-31,delivery_shipment
2025-12-30,21137866,0386,C816,2,21137866|0386|C816|2025-12-30|net demand for net demand for forecast|008293,2025-12-30,2025-12-31,delivery_shipment
2025-12-30,21137866,0386,C816,2,21137866|0386|C816|2025-12-30|net demand for net demand for forecast|008294,2025-12-30,2025-12-31,delivery_shipment
2025-12-30,21137866,0386,C816,2,21137866|0386|C816|2025-12-30|net demand for net demand for forecast|008295,2025-12-30,2025-12-31,delivery_shipment
2025-12-30,21137866,0386,C816,2,21137866|0386|C816|2025-12-30|net demand for net demand for forecast|008296,2025-12-30,2025-12-31,delivery_shipment
2025-12-30,21137866,0386,C816,2,21137866|0386|C816|2025-12-30|net demand for net demand for forecast|008297,2025-12-30,2025-12-31,delivery_shipment
2025-12-30,21137866,0386,C816,2,21137866|0386|C816|2025-12-30|net demand for net demand for forecast|008298,2025-12-30,2026-01-01,delivery_shipment
2025-12-30,21148509,0386,C816,2,21148509|0386|C816|2025-12-30|net demand for net demand for forecast|008527,2025-12-30,2025-12-31,delivery_shipment
2025-12-30,21148509,0386,C816,2,21148509|0386|C816|2025-12-30|net demand for net demand for forecast|008528,2025-12-30,2025-12-31,delivery_shipment
2025-12-30,21148509,0386,C816,2,21148509|0386|C816|2025-12-30|net demand for net demand for forecast|008529,2025-12-30,2026-01-01,delivery_shipment
2025-12-30,21148509,0386,C816,2,21148509|0386|C816|2025-12-30|net demand for net demand for forecast|008530,2025-12-30,2025-12-31,delivery_shipment
2025-12-30,21148509,0386,C816,3,21148509|0386|C816|2025-12-30|net demand for net demand for forecast|008531,2025-12-30,2025-12-31,delivery_shipment
2025-12-30,21148509,0386,C816,4,21148509|0386|C816|2025-12-30|net demand for net demand for forecast|008532,2025-12-30,2025-12-31,delivery_shipment
2025-12-30,21148509,0386,C816,4,21148509|0386|C816|2025-12-30|net demand for net demand for forecast|008533,2025-12-30,2025-12-31,delivery_shipment
2025-12-30,21377504,0386,C816,1,21377504|0386|C816|2025-12-30|net demand for net demand for forecast|008661,2025-12-30,2025-12-31,delivery_shipment
2025-12-30,21377504,0386,C816,1,21377504|0386|C816|2025-12-30|net demand for net demand for forecast|008662,2025-12-30,2025-12-31,delivery_shipment
2025-12-30,21377504,0386,C816,1,21377504|0386|C816|2025-12-30|net demand for net demand for forecast|008663,2025-12-30,2025-12-31,delivery_shipment
2025-12-30,21377504,0386,C816,1,21377504|0386|C816|2025-12-30|net demand for net demand for forecast|008664,2025-12-30,2025-12-31,delivery_shipment
2025-12-30,21377504,0386,C816,1,21377504|0386|C816|2025-12-30|net demand for net demand for forecast|008665,2025-12-30,2025-12-31,delivery_shipment
2025-12-30,21132758,0386,C816,24,21132758|0386|C816|2025-12-30|net demand for safety|008174,2025-12-30,2025-12-31,delivery_shipment
2025-12-30,21137866,0386,C816,353,21137866|0386|C816|2025-12-30|net demand for safety|008301,2025-12-30,2025-12-31,delivery_shipment
2025-12-30,21143102,0386,C816,89,21143102|0386|C816|2025-12-30|net demand for safety|008380,2025-12-30,2025-12-31,delivery_shipment
2025-12-30,21143103,0386,C816,25,21143103|0386|C816|2025-12-30|net demand for safety|008415,2025-12-30,2025-12-31,delivery_shipment
2025-12-30,21148509,0386,C816,124,21148509|0386|C816|2025-12-30|net demand for safety|008535,2025-12-30,2025-12-31,delivery_shipment
2025-12-30,21307836,0386,C816,1,21307836|0386|C816|2025-12-30|net demand for safety|008569,2025-12-30,2025-12-31,delivery_shipment
2025-12-30,21377504,0386,C816,15,21377504|0386|C816|2025-12-30|net demand for safety|008669,2025-12-30,2025-12-31,delivery_shipment
2025-12-30,80804136,0386,C816,78,80804136|0386|C816|2025-12-30|net demand for safety|008808,2025-12-30,2025-12-31,delivery_shipment
2025-12-30,80804138,0386,C816,4,80804138|0386|C816|2025-12-30|net demand for safety|008838,2025-12-30,2025-12-31,delivery_shipment
2025-12-30,80812845,0386,C816,101,80812845|0386|C816|2025-12-30|net demand for safety|008965,2025-12-30,2025-12-31,delivery_shipment
2025-12-30,80884850,0386,C816,9,80884850|0386|C816|2025-12-30|net demand for safety|009051,2025-12-30,2025-12-31,delivery_shipment
2025-12-30,21137866,0386,C816,24,21137866|0386|C816|2025-12-30|net demand for net demand for safety|008299,2025-12-30,2025-12-31,delivery_shipment
2025-12-30,21137866,0386,C816,92,21137866|0386|C816|2025-12-30|net demand for net demand for safety|008300,2025-12-30,2025-12-31,delivery_shipment
2025-12-30,21143102,0386,C816,3,21143102|0386|C816|2025-12-30|net demand for net demand for safety|008378,2025-12-30,2025-12-31,delivery_shipment
2025-12-30,21143102,0386,C816,5,21143102|0386|C816|2025-12-30|net demand for net demand for safety|008379,2025-12-30,2025-12-31,delivery_shipment
2025-12-30,21307836,0386,C816,1,21307836|0386|C816|2025-12-30|net demand for net demand for safety|008568,2025-12-30,2025-12-31,delivery_shipment
2025-12-30,21377504,0386,C816,6,21377504|0386|C816|2025-12-30|net demand for net demand for safety|008666,2025-12-30,2025-12-31,delivery_shipment
2025-12-30,21377504,0386,C816,9,21377504|0386|C816|2025-12-30|net demand for net demand for safety|008667,2025-12-30,2025-12-31,delivery_shipment
2025-12-30,21425098,0386,C816,10,21425098|0386|C816|2025-12-30|net demand for net demand for safety|008673,2025-12-30,2025-12-31,delivery_shipment
2025-12-30,80804136,0386,C816,3,80804136|0386|C816|2025-12-30|net demand for net demand for safety|008805,2025-12-30,2025-12-31,delivery_shipment
2025-12-30,80804136,0386,C816,13,80804136|0386|C816|2025-12-30|net demand for net demand for safety|008806,2025-12-30,2025-12-31,delivery_shipment
2025-12-30,80804136,0386,C816,28,80804136|0386|C816|2025-12-30|net demand for net demand for safety|008807,2025-12-30,2025-12-31,delivery_shipment
2025-12-30,80812845,0386,C816,3,80812845|0386|C816|2025-12-30|net demand for net demand for safety|008962,2025-12-30,2025-12-31,delivery_shipment
2025-12-30,80812845,0386,C816,13,80812845|0386|C816|2025-12-30|net demand for net demand for safety|008963,2025-12-30,2025-12-31,delivery_shipment
2025-12-30,80812845,0386,C816,49,80812845|0386|C816|2025-12-30|net demand for net demand for safety|008964,2025-12-30,2026-01-01,delivery_shipment
2025-12-30,21128067,0386,C816,1,21128067|0386|C816|2025-12-30|push replenishment|008068,2025-12-30,2025-12-31,delivery_shipment
2025-12-30,21137866,0386,C816,129,21137866|0386|C816|2025-12-30|push replenishment|008302,2025-12-30,2025-12-31,delivery_shipment
2025-12-30,21143102,0386,C816,85,21143102|0386|C816|2025-12-30|push replenishment|008381,2025-12-30,2025-12-31,delivery_shipment
2025-12-30,21143103,0386,C816,162,21143103|0386|C816|2025-12-30|push replenishment|008416,2025-12-30,2026-01-01,delivery_shipment
2025-12-30,21377504,0386,C816,172,21377504|0386|C816|2025-12-30|push replenishment|008670,2025-12-30,2025-12-31,delivery_shipment
2025-12-30,80804136,0386,C816,110,80804136|0386|C816|2025-12-30|push replenishment|008809,2025-12-30,2025-12-31,delivery_shipment
2025-12-30,80804138,0386,C816,81,80804138|0386|C816|2025-12-30|push replenishment|008839,2025-12-30,2025-12-31,delivery_shipment
2025-12-30,80812845,0386,C816,159,80812845|0386|C816|2025-12-30|push replenishment|008966,2025-12-30,2025-12-31,delivery_shipment
2025-12-30,21132758,0386,A716,2,21132758|0386|A716|2025-12-30|net demand for forecast|008147,2025-12-30,2026-01-13,delivery_shipment
2025-12-30,21132758,0386,A716,2,21132758|0386|A716|2025-12-30|net demand for forecast|008148,2025-12-30,2026-01-13,delivery_shipment
2025-12-30,21132758,0386,A716,2,21132758|0386|A716|2025-12-30|net demand for forecast|008149,2025-12-30,2026-01-14,delivery_shipment
2025-12-30,21132758,0386,A716,2,21132758|0386|A716|2025-12-30|net demand for forecast|008150,2025-12-30,2026-01-13,delivery_shipment
2025-12-30,21132758,0386,A716,2,21132758|0386|A716|2025-12-30|net demand for forecast|008151,2025-12-30,2026-01-13,delivery_shipment
2025-12-30,21132758,0386,A716,2,21132758|0386|A716|2025-12-30|net demand for forecast|008152,2025-12-30,2026-01-14,delivery_shipment
2025-12-30,21132758,0386,A716,2,21132758|0386|A716|2025-12-30|net demand for forecast|008153,2025-12-30,2026-01-13,delivery_shipment
2025-12-30,21132758,0386,A716,2,21132758|0386|A716|2025-12-30|net demand for forecast|008154,2025-12-30,2026-01-13,delivery_shipment
2025-12-30,21132758,0386,A716,3,21132758|0386|A716|2025-12-30|net demand for forecast|008155,2025-12-30,2026-01-13,delivery_shipment
2025-12-30,21132758,0386,A716,3,21132758|0386|A716|2025-12-30|net demand for forecast|008156,2025-12-30,2026-01-13,delivery_shipment
2025-12-30,21132758,0386,A716,3,21132758|0386|A716|2025-12-30|net demand for forecast|008157,2025-12-30,2026-01-13,delivery_shipment
2025-12-30,21132758,0386,A716,3,21132758|0386|A716|2025-12-30|net demand for forecast|008158,2025-12-30,2026-01-13,delivery_shipment
2025-12-30,21132758,0386,A716,3,21132758|0386|A716|2025-12-30|net demand for forecast|008159,2025-12-30,2026-01-14,delivery_shipment
2025-12-30,21132758,0386,A716,3,21132758|0386|A716|2025-12-30|net demand for forecast|008160,2025-12-30,2026-01-14,delivery_shipment
2025-12-30,21132758,0386,A716,3,21132758|0386|A716|2025-12-30|net demand for forecast|008161,2025-12-30,2026-01-13,delivery_shipment
2025-12-30,21132758,0386,A716,3,21132758|0386|A716|2025-12-30|net demand for forecast|008162,2025-12-30,2026-01-13,delivery_shipment
2025-12-30,21132758,0386,A716,3,21132758|0386|A716|2025-12-30|net demand for forecast|008163,2025-12-30,2026-01-14,delivery_shipment
2025-12-30,21132758,0386,A716,3,21132758|0386|A716|2025-12-30|net demand for forecast|008164,2025-12-30,2026-01-13,delivery_shipment
2025-12-30,21132758,0386,A716,3,21132758|0386|A716|2025-12-30|net demand for forecast|008165,2025-12-30,2026-01-13,delivery_shipment
2025-12-30,21137866,0386,A716,1,21137866|0386|A716|2025-12-30|net demand for forecast|008255,2025-12-30,2026-01-14,delivery_shipment
2025-12-30,21137866,0386,A716,1,21137866|0386|A716|2025-12-30|net demand for forecast|008256,2025-12-30,2026-01-13,delivery_shipment
2025-12-30,21137866,0386,A716,1,21137866|0386|A716|2025-12-30|net demand for forecast|008257,2025-12-30,2026-01-13,delivery_shipment
2025-12-30,21137866,0386,A716,1,21137866|0386|A716|2025-12-30|net demand for forecast|008258,2025-12-30,2026-01-13,delivery_shipment
2025-12-30,21137866,0386,A716,1,21137866|0386|A716|2025-12-30|net demand for forecast|008259,2025-12-30,2026-01-13,delivery_shipment
2025-12-30,21137866,0386,A716,1,21137866|0386|A716|2025-12-30|net demand for forecast|008260,2025-12-30,2026-01-13,delivery_shipment
2025-12-30,21137866,0386,A716,1,21137866|0386|A716|2025-12-30|net demand for forecast|008261,2025-12-30,2026-01-13,delivery_shipment
2025-12-30,21137866,0386,A716,1,21137866|0386|A716|2025-12-30|net demand for forecast|008262,2025-12-30,2026-01-13,delivery_shipment
2025-12-30,21137866,0386,A716,1,21137866|0386|A716|2025-12-30|net demand for forecast|008263,2025-12-30,2026-01-13,delivery_shipment
2025-12-30,21137866,0386,A716,1,21137866|0386|A716|2025-12-30|net demand for forecast|008264,2025-12-30,2026-01-13,delivery_shipment
2025-12-30,21137866,0386,A716,1,21137866|0386|A716|2025-12-30|net demand for forecast|008265,2025-12-30,2026-01-13,delivery_shipment
2025-12-30,21137866,0386,A716,1,21137866|0386|A716|2025-12-30|net demand for forecast|008266,2025-12-30,2026-01-13,delivery_shipment
2025-12-30,21137866,0386,A716,1,21137866|0386|A716|2025-12-30|net demand for forecast|008267,2025-12-30,2026-01-14,delivery_shipment
2025-12-30,21137866,0386,A716,1,21137866|0386|A716|2025-12-30|net demand for forecast|008268,2025-12-30,2026-01-13,delivery_shipment
2025-12-30,21137866,0386,A716,1,21137866|0386|A716|2025-12-30|net demand for forecast|008269,2025-12-30,2026-01-13,delivery_shipment
2025-12-30,21137866,0386,A716,1,21137866|0386|A716|2025-12-30|net demand for forecast|008270,2025-12-30,2026-01-13,delivery_shipment
2025-12-30,21137866,0386,A716,1,21137866|0386|A716|2025-12-30|net demand for forecast|008271,2025-12-30,2026-01-13,delivery_shipment
2025-12-30,21137866,0386,A716,1,21137866|0386|A716|2025-12-30|net demand for forecast|008272,2025-12-30,2026-01-13,delivery_shipment
2025-12-30,21137866,0386,A716,1,21137866|0386|A716|2025-12-30|net demand for forecast|008273,2025-12-30,2026-01-13,delivery_shipment
2025-12-30,21143102,0386,A716,1,21143102|0386|A716|2025-12-30|net demand for forecast|008349,2025-12-30,2026-01-13,delivery_shipment
2025-12-30,21143102,0386,A716,1,21143102|0386|A716|2025-12-30|net demand for forecast|008350,2025-12-30,2026-01-13,delivery_shipment
2025-12-30,21143102,0386,A716,1,21143102|0386|A716|2025-12-30|net demand for forecast|008351,2025-12-30,2026-01-13,delivery_shipment
2025-12-30,21143102,0386,A716,1,21143102|0386|A716|2025-12-30|net demand for forecast|008352,2025-12-30,2026-01-13,delivery_shipment
2025-12-30,21143102,0386,A716,1,21143102|0386|A716|2025-12-30|net demand for forecast|008353,2025-12-30,2026-01-14,delivery_shipment
2025-12-30,21143102,0386,A716,1,21143102|0386|A716|2025-12-30|net demand for forecast|008354,2025-12-30,2026-01-13,delivery_shipment
2025-12-30,21143102,0386,A716,1,21143102|0386|A716|2025-12-30|net demand for forecast|008355,2025-12-30,2026-01-13,delivery_shipment
2025-12-30,21143102,0386,A716,1,21143102|0386|A716|2025-12-30|net demand for forecast|008356,2025-12-30,2026-01-13,delivery_shipment
2025-12-30,21143102,0386,A716,1,21143102|0386|A716|2025-12-30|net demand for forecast|008357,2025-12-30,2026-01-13,delivery_shipment
2025-12-30,21143102,0386,A716,1,21143102|0386|A716|2025-12-30|net demand for forecast|008358,2025-12-30,2026-01-13,delivery_shipment
2025-12-30,21143102,0386,A716,1,21143102|0386|A716|2025-12-30|net demand for forecast|008359,2025-12-30,2026-01-13,delivery_shipment
2025-12-30,21143102,0386,A716,1,21143102|0386|A716|2025-12-30|net demand for forecast|008360,2025-12-30,2026-01-14,delivery_shipment
2025-12-30,21143102,0386,A716,1,21143102|0386|A716|2025-12-30|net demand for forecast|008361,2025-12-30,2026-01-13,delivery_shipment
2025-12-30,21143102,0386,A716,1,21143102|0386|A716|2025-12-30|net demand for forecast|008362,2025-12-30,2026-01-13,delivery_shipment
2025-12-30,21143102,0386,A716,1,21143102|0386|A716|2025-12-30|net demand for forecast|008363,2025-12-30,2026-01-13,delivery_shipment
2025-12-30,21143102,0386,A716,1,21143102|0386|A716|2025-12-30|net demand for forecast|008364,2025-12-30,2026-01-14,delivery_shipment
2025-12-30,21143102,0386,A716,1,21143102|0386|A716|2025-12-30|net demand for forecast|008365,2025-12-30,2026-01-13,delivery_shipment
2025-12-30,21143102,0386,A716,1,21143102|0386|A716|2025-12-30|net demand for forecast|008366,2025-12-30,2026-01-13,delivery_shipment
2025-12-30,21143102,0386,A716,1,21143102|0386|A716|2025-12-30|net demand for forecast|008367,2025-12-30,2026-01-13,delivery_shipment
2025-12-30,21148509,0386,A716,2,21148509|0386|A716|2025-12-30|net demand for forecast|008499,2025-12-30,2026-01-13,delivery_shipment
2025-12-30,21148509,0386,A716,2,21148509|0386|A716|2025-12-30|net demand for forecast|008500,2025-12-30,2026-01-13,delivery_shipment
2025-12-30,21148509,0386,A716,2,21148509|0386|A716|2025-12-30|net demand for forecast|008501,2025-12-30,2026-01-13,delivery_shipment
2025-12-30,21148509,0386,A716,2,21148509|0386|A716|2025-12-30|net demand for forecast|008502,2025-12-30,2026-01-13,delivery_shipment
2025-12-30,21148509,0386,A716,2,21148509|0386|A716|2025-12-30|net demand for forecast|008503,2025-12-30,2026-01-13,delivery_shipment
2025-12-30,21148509,0386,A716,3,21148509|0386|A716|2025-12-30|net demand for forecast|008504,2025-12-30,2026-01-13,delivery_shipment
2025-12-30,21148509,0386,A716,3,21148509|0386|A716|2025-12-30|net demand for forecast|008505,2025-12-30,2026-01-13,delivery_shipment
2025-12-30,21148509,0386,A716,3,21148509|0386|A716|2025-12-30|net demand for forecast|008506,2025-12-30,2026-01-13,delivery_shipment
2025-12-30,21148509,0386,A716,3,21148509|0386|A716|2025-12-30|net demand for forecast|008507,2025-12-30,2026-01-13,delivery_shipment
2025-12-30,21148509,0386,A716,3,21148509|0386|A716|2025-12-30|net demand for forecast|008508,2025-12-30,2026-01-13,delivery_shipment
2025-12-30,21148509,0386,A716,3,21148509|0386|A716|2025-12-30|net demand for forecast|008509,2025-12-30,2026-01-13,delivery_shipment
2025-12-30,21148509,0386,A716,4,21148509|0386|A716|2025-12-30|net demand for forecast|008510,2025-12-30,2026-01-13,delivery_shipment
2025-12-30,21148509,0386,A716,4,21148509|0386|A716|2025-12-30|net demand for forecast|008511,2025-12-30,2026-01-13,delivery_shipment
2025-12-30,21148509,0386,A716,4,21148509|0386|A716|2025-12-30|net demand for forecast|008512,2025-12-30,2026-01-13,delivery_shipment
2025-12-30,21148509,0386,A716,4,21148509|0386|A716|2025-12-30|net demand for forecast|008513,2025-12-30,2026-01-13,delivery_shipment
2025-12-30,21148509,0386,A716,4,21148509|0386|A716|2025-12-30|net demand for forecast|008514,2025-12-30,2026-01-13,delivery_shipment
2025-12-30,21148509,0386,A716,4,21148509|0386|A716|2025-12-30|net demand for forecast|008515,2025-12-30,2026-01-13,delivery_shipment
2025-12-30,21148509,0386,A716,4,21148509|0386|A716|2025-12-30|net demand for forecast|008516,2025-12-30,2026-01-13,delivery_shipment
2025-12-30,21148509,0386,A716,4,21148509|0386|A716|2025-12-30|net demand for forecast|008517,2025-12-30,2026-01-14,delivery_shipment
2025-12-30,80804136,0386,A716,1,80804136|0386|A716|2025-12-30|net demand for forecast|008781,2025-12-30,2026-01-13,delivery_shipment
2025-12-30,80804136,0386,A716,1,80804136|0386|A716|2025-12-30|net demand for forecast|008782,2025-12-30,2026-01-13,delivery_shipment
2025-12-30,80804136,0386,A716,1,80804136|0386|A716|2025-12-30|net demand for forecast|008783,2025-12-30,2026-01-13,delivery_shipment
2025-12-30,80804136,0386,A716,1,80804136|0386|A716|2025-12-30|net demand for forecast|008784,2025-12-30,2026-01-13,delivery_shipment
2025-12-30,80804136,0386,A716,1,80804136|0386|A716|2025-12-30|net demand for forecast|008785,2025-12-30,2026-01-13,delivery_shipment
2025-12-30,80804136,0386,A716,1,80804136|0386|A716|2025-12-30|net demand for forecast|008786,2025-12-30,2026-01-13,delivery_shipment
2025-12-30,80804136,0386,A716,1,80804136|0386|A716|2025-12-30|net demand for forecast|008787,2025-12-30,2026-01-13,delivery_shipment
2025-12-30,80804136,0386,A716,1,80804136|0386|A716|2025-12-30|net demand for forecast|008788,2025-12-30,2026-01-13,delivery_shipment
2025-12-30,80804136,0386,A716,1,80804136|0386|A716|2025-12-30|net demand for forecast|008789,2025-12-30,2026-01-13,delivery_shipment
2025-12-30,80804136,0386,A716,1,80804136|0386|A716|2025-12-30|net demand for forecast|008790,2025-12-30,2026-01-13,delivery_shipment
2025-12-30,80804136,0386,A716,1,80804136|0386|A716|2025-12-30|net demand for forecast|008791,2025-12-30,2026-01-13,delivery_shipment
2025-12-30,80804136,0386,A716,1,80804136|0386|A716|2025-12-30|net demand for forecast|008792,2025-12-30,2026-01-13,delivery_shipment
2025-12-30,80804136,0386,A716,1,80804136|0386|A716|2025-12-30|net demand for forecast|008793,2025-12-30,2026-01-13,delivery_shipment
2025-12-30,80804136,0386,A716,1,80804136|0386|A716|2025-12-30|net demand for forecast|008794,2025-12-30,2026-01-13,delivery_shipment
2025-12-30,80804136,0386,A716,1,80804136|0386|A716|2025-12-30|net demand for forecast|008795,2025-12-30,2026-01-13,delivery_shipment
2025-12-30,80804136,0386,A716,1,80804136|0386|A716|2025-12-30|net demand for forecast|008796,2025-12-30,2026-01-13,delivery_shipment
2025-12-30,80804136,0386,A716,1,80804136|0386|A716|2025-12-30|net demand for forecast|008797,2025-12-30,2026-01-13,delivery_shipment
2025-12-30,80804136,0386,A716,1,80804136|0386|A716|2025-12-30|net demand for forecast|008798,2025-12-30,2026-01-13,delivery_shipment
2025-12-30,80804136,0386,A716,1,80804136|0386|A716|2025-12-30|net demand for forecast|008799,2025-12-30,2026-01-13,delivery_shipment
2025-12-30,80812845,0386,A716,2,80812845|0386|A716|2025-12-30|net demand for forecast|008937,2025-12-30,2026-01-13,delivery_shipment
2025-12-30,80812845,0386,A716,3,80812845|0386|A716|2025-12-30|net demand for forecast|008938,2025-12-30,2026-01-13,delivery_shipment
2025-12-30,80812845,0386,A716,3,80812845|0386|A716|2025-12-30|net demand for forecast|008939,2025-12-30,2026-01-13,delivery_shipment
2025-12-30,80812845,0386,A716,3,80812845|0386|A716|2025-12-30|net demand for forecast|008940,2025-12-30,2026-01-13,delivery_shipment
2025-12-30,80812845,0386,A716,3,80812845|0386|A716|2025-12-30|net demand for forecast|008941,2025-12-30,2026-01-13,delivery_shipment
2025-12-30,80812845,0386,A716,3,80812845|0386|A716|2025-12-30|net demand for forecast|008942,2025-12-30,2026-01-13,delivery_shipment
2025-12-30,80812845,0386,A716,3,80812845|0386|A716|2025-12-30|net demand for forecast|008943,2025-12-30,2026-01-13,delivery_shipment
2025-12-30,80812845,0386,A716,3,80812845|0386|A716|2025-12-30|net demand for forecast|008944,2025-12-30,2026-01-13,delivery_shipment
2025-12-30,80812845,0386,A716,3,80812845|0386|A716|2025-12-30|net demand for forecast|008945,2025-12-30,2026-01-13,delivery_shipment
2025-12-30,80812845,0386,A716,3,80812845|0386|A716|2025-12-30|net demand for forecast|008946,2025-12-30,2026-01-13,delivery_shipment
2025-12-30,80812845,0386,A716,3,80812845|0386|A716|2025-12-30|net demand for forecast|008947,2025-12-30,2026-01-13,delivery_shipment
2025-12-30,80812845,0386,A716,4,80812845|0386|A716|2025-12-30|net demand for forecast|008948,2025-12-30,2026-01-13,delivery_shipment
2025-12-30,80812845,0386,A716,4,80812845|0386|A716|2025-12-30|net demand for forecast|008949,2025-12-30,2026-01-13,delivery_shipment
2025-12-30,80812845,0386,A716,4,80812845|0386|A716|2025-12-30|net demand for forecast|008950,2025-12-30,2026-01-13,delivery_shipment
2025-12-30,80812845,0386,A716,4,80812845|0386|A716|2025-12-30|net demand for forecast|008951,2025-12-30,2026-01-13,delivery_shipment
2025-12-30,80812845,0386,A716,4,80812845|0386|A716|2025-12-30|net demand for forecast|008952,2025-12-30,2026-01-13,delivery_shipment
2025-12-30,80812845,0386,A716,4,80812845|0386|A716|2025-12-30|net demand for forecast|008953,2025-12-30,2026-01-13,delivery_shipment
2025-12-30,80812845,0386,A716,4,80812845|0386|A716|2025-12-30|net demand for forecast|008954,2025-12-30,2026-01-13,delivery_shipment
2025-12-30,80812845,0386,A716,4,80812845|0386|A716|2025-12-30|net demand for forecast|008955,2025-12-30,2026-01-13,delivery_shipment
2025-12-30,21132758,0386,A716,5,21132758|0386|A716|2025-12-30|net demand for safety|008166,2025-12-30,2026-01-13,delivery_shipment
2025-12-30,21137866,0386,A716,145,21137866|0386|A716|2025-12-30|net demand for safety|008274,2025-12-30,2026-01-13,delivery_shipment
2025-12-30,21143102,0386,A716,4,21143102|0386|A716|2025-12-30|net demand for safety|008368,2025-12-30,2026-01-13,delivery_shipment
2025-12-30,21148509,0386,A716,59,21148509|0386|A716|2025-12-30|net demand for safety|008518,2025-12-30,2026-01-13,delivery_shipment
2025-12-30,80804136,0386,A716,143,80804136|0386|A716|2025-12-30|net demand for safety|008800,2025-12-30,2026-01-13,delivery_shipment
2025-12-30,80804138,0386,A716,11,80804138|0386|A716|2025-12-30|net demand for safety|008833,2025-12-30,2026-01-13,delivery_shipment
2025-12-30,80812845,0386,A716,117,80812845|0386|A716|2025-12-30|net demand for safety|008956,2025-12-30,2026-01-13,delivery_shipment
2025-12-30,21137866,0386,A716,53,21137866|0386|A716|2025-12-30|push replenishment|008275,2025-12-30,2026-01-13,delivery_shipment
2025-12-30,21143102,0386,A716,37,21143102|0386|A716|2025-12-30|push replenishment|008369,2025-12-30,2026-01-13,delivery_shipment
2025-12-30,21143103,0386,A716,46,21143103|0386|A716|2025-12-30|push replenishment|008413,2025-12-30,2026-01-14,delivery_shipment
2025-12-30,80804136,0386,A716,58,80804136|0386|A716|2025-12-30|push replenishment|008801,2025-12-30,2026-01-13,delivery_shipment
2025-12-30,80804138,0386,A716,24,80804138|0386|A716|2025-12-30|push replenishment|008834,2025-12-30,2026-01-13,delivery_shipment
2025-12-30,80812845,0386,A716,97,80812845|0386|A716|2025-12-30|push replenishment|008957,2025-12-30,2026-01-13,delivery_shipment
2025-12-30,21132758,0386,C810,11,21132758|0386|C810|2025-12-30|net demand for net demand for forecast|008167,2025-12-30,2026-01-01,delivery_shipment
2025-12-30,21132758,0386,C810,11,21132758|0386|C810|2025-12-30|net demand for net demand for forecast|008168,2025-12-30,2026-01-01,delivery_shipment
2025-12-30,21132758,0386,C810,12,21132758|0386|C810|2025-12-30|net demand for net demand for forecast|008169,2025-12-30,2026-01-01,delivery_shipment
2025-12-30,21132758,0386,C810,12,21132758|0386|C810|2025-12-30|net demand for net demand for forecast|008170,2025-12-30,2026-01-01,delivery_shipment
2025-12-30,21132758,0386,C810,12,21132758|0386|C810|2025-12-30|net demand for net demand for forecast|008171,2025-12-30,2026-01-01,delivery_shipment
2025-12-30,21132758,0386,C810,12,21132758|0386|C810|2025-12-30|net demand for net demand for forecast|008172,2025-12-30,2026-01-01,delivery_shipment
2025-12-30,21132758,0386,C810,12,21132758|0386|C810|2025-12-30|net demand for net demand for forecast|008173,2025-12-30,2026-01-01,delivery_shipment
2025-12-30,21143102,0386,C810,1,21143102|0386|C810|2025-12-30|net demand for net demand for forecast|008370,2025-12-30,2026-01-01,delivery_shipment
2025-12-30,21143102,0386,C810,1,21143102|0386|C810|2025-12-30|net demand for net demand for forecast|008371,2025-12-30,2026-01-01,delivery_shipment
2025-12-30,21143102,0386,C810,1,21143102|0386|C810|2025-12-30|net demand for net demand for forecast|008372,2025-12-30,2026-01-01,delivery_shipment
2025-12-30,21143102,0386,C810,1,21143102|0386|C810|2025-12-30|net demand for net demand for forecast|008373,2025-12-30,2026-01-01,delivery_shipment
2025-12-30,21143102,0386,C810,1,21143102|0386|C810|2025-12-30|net demand for net demand for forecast|008374,2025-12-30,2026-01-02,delivery_shipment
2025-12-30,21143102,0386,C810,2,21143102|0386|C810|2025-12-30|net demand for net demand for forecast|008375,2025-12-30,2026-01-01,delivery_shipment
2025-12-30,21143102,0386,C810,2,21143102|0386|C810|2025-12-30|net demand for net demand for forecast|008376,2025-12-30,2026-01-01,delivery_shipment
2025-12-30,21137866,0386,C810,6,21137866|0386|C810|2025-12-30|net demand for safety|008278,2025-12-30,2026-01-01,delivery_shipment
2025-12-30,21148509,0386,C810,4,21148509|0386|C810|2025-12-30|net demand for safety|008519,2025-12-30,2026-01-01,delivery_shipment
2025-12-30,80804136,0386,C810,68,80804136|0386|C810|2025-12-30|net demand for safety|008803,2025-12-30,2026-01-02,delivery_shipment
2025-12-30,80804138,0386,C810,3,80804138|0386|C810|2025-12-30|net demand for safety|008836,2025-12-30,2026-01-01,delivery_shipment
2025-12-30,80812845,0386,C810,91,80812845|0386|C810|2025-12-30|net demand for safety|008960,2025-12-30,2026-01-01,delivery_shipment
2025-12-30,21137866,0386,C810,15,21137866|0386|C810|2025-12-30|net demand for net demand for safety|008276,2025-12-30,2026-01-01,delivery_shipment
2025-12-30,21137866,0386,C810,15,21137866|0386|C810|2025-12-30|net demand for net demand for safety|008277,2025-12-30,2026-01-01,delivery_shipment
2025-12-30,21143102,0386,C810,8,21143102|0386|C810|2025-12-30|net demand for net demand for safety|008377,2025-12-30,2026-01-01,delivery_shipment
2025-12-30,21143103,0386,C810,4,21143103|0386|C810|2025-12-30|net demand for net demand for safety|008414,2025-12-30,2026-01-01,delivery_shipment
2025-12-30,80804136,0386,C810,14,80804136|0386|C810|2025-12-30|net demand for net demand for safety|008802,2025-12-30,2026-01-01,delivery_shipment
2025-12-30,80804138,0386,C810,1,80804138|0386|C810|2025-12-30|net demand for net demand for safety|008835,2025-12-30,2026-01-01,delivery_shipment
2025-12-30,80807113,0386,C810,2,80807113|0386|C810|2025-12-30|net demand for net demand for safety|008870,2025-12-30,2026-01-01,delivery_shipment
2025-12-30,80807118,0386,C810,2,80807118|0386|C810|2025-12-30|net demand for net demand for safety|008875,2025-12-30,2026-01-02,delivery_shipment
2025-12-30,80812845,0386,C810,25,80812845|0386|C810|2025-12-30|net demand for net demand for safety|008958,2025-12-30,2026-01-01,delivery_shipment
2025-12-30,80812845,0386,C810,43,80812845|0386|C810|2025-12-30|net demand for net demand for safety|008959,2025-12-30,2026-01-01,delivery_shipment
2025-12-30,80864469,0386,C810,1,80864469|0386|C810|2025-12-30|net demand for net demand for safety|008980,2025-12-30,2026-01-01,delivery_shipment
2025-12-30,21137866,0386,C810,9,21137866|0386|C810|2025-12-30|push replenishment|008279,2025-12-30,2026-01-01,delivery_shipment
2025-12-30,80804136,0386,C810,27,80804136|0386|C810|2025-12-30|push replenishment|008804,2025-12-30,2026-01-01,delivery_shipment
2025-12-30,80804138,0386,C810,3,80804138|0386|C810|2025-12-30|push replenishment|008837,2025-12-30,2026-01-02,delivery_shipment
2025-12-30,80812845,0386,C810,76,80812845|0386|C810|2025-12-30|push replenishment|008961,2025-12-30,2026-01-01,delivery_shipment
