date,material,receiving,quantity,ori_deployment_uid,vehicle_uid,actual_ship_date
2026-01-15,21128377,A716,4,21128377|0386|A716|2025-12-31|net demand for forecast|009205,20251231-0386-A716-Train-#1,2025-12-31
2026-01-15,21128377,A716,5,21128377|0386|A716|2025-12-31|net demand for forecast|009208,20251231-0386-A716-Train-#1,2025-12-31
2026-01-15,21128377,A716,6,21128377|0386|A716|2025-12-31|net demand for forecast|009215,20251231-0386-A716-Train-#1,2025-12-31
2026-01-15,21128377,A716,6,21128377|0386|A716|2025-12-31|net demand for forecast|009216,20251231-0386-A716-Train-#1,2025-12-31
2026-01-15,21128377,A716,7,21128377|0386|A716|2025-12-31|net demand for forecast|009219,20251231-0386-A716-Train-#1,2025-12-31
2026-01-15,21128377,A716,7,21128377|0386|A716|2025-12-31|net demand for forecast|009222,20251231-0386-A716-Train-#1,2025-12-31
2026-01-15,21151196,A716,2,21151196|0386|A716|2025-12-31|net demand for forecast|009377,20251231-0386-A716-Train-#1,2025-12-31
2026-01-15,21314602,A716,1,21314602|0386|A716|2025-12-31|net demand for forecast|009484,20251231-0386-A716-Train-#1,2025-12-31
2026-01-15,21352461,A716,1,21352461|0386|A716|2025-12-31|net demand for forecast|009550,20251231-0386-A716-Train-#1,2025-12-31
2026-01-15,21352461,A716,2,21352461|0386|A716|2025-12-31|net demand for forecast|009554,20251231-0386-A716-Train-#1,2025-12-31
2026-01-15,80807091,A716,1,80807091|0386|A716|2025-12-31|net demand for forecast|009775,20251231-0386-A716-Train-#1,2025-12-31
2026-01-15,80807119,A716,1,80807119|0386|A716|2025-12-31|net demand for forecast|009936,20251231-0386-A716-Train-#1,2025-12-31
2026-01-15,80848026,A716,7,80848026|0386|A716|2025-12-31|net demand for forecast|010072,20251231-0386-A716-Train-#1,2025-12-31
2026-01-15,80848026,A716,8,80848026|0386|A716|2025-12-31|net demand for forecast|010077,20251231-0386-A716-Train-#1,2025-12-31
2026-01-15,80807102,A716,82,80807102|0386|A716|2025-12-31|net demand for safety|009843,20251231-0386-A716-Train-#1,2025-12-31
2026-01-15,21352461,A716,89,21352461|0386|A716|2025-12-31|push replenishment|009566,20251231-0386-A716-Train-#1,2025-12-31
2026-01-15,80848026,A715,2,80848026|0386|A715|2026-01-04|net demand for AO|013484,20260104-0386-A715-Train-#1,2026-01-04
2026-01-15,21176384,A715,1,21176384|0386|A715|2026-01-04|net demand for forecast|012771,20260104-0386-A715-Train-#1,2026-01-04
2026-01-15,21176384,A715,1,21176384|0386|A715|2026-01-04|net demand for forecast|012774,20260104-0386-A715-Train-#1,2026-01-04
2026-01-15,21315474,A715,6,21315474|0386|A715|2026-01-04|net demand for forecast|013013,20260104-0386-A715-Train-#1,2026-01-04
2026-01-15,80807115,A715,1,80807115|0386|A715|2026-01-04|net demand for forecast|013271,20260104-0386-A715-Train-#1,2026-01-04
2026-01-15,80848026,A715,138,80848026|0386|A715|2026-01-04|net demand for safety|013501,20260104-0386-A715-Train-#1,2026-01-04
2026-01-15,21315474,A715,84,21315474|0386|A715|2026-01-04|push replenishment|013018,20260104-0386-A715-Train-#1,2026-01-04
2026-01-15,21132988,A715,7,21132988|0386|A715|2026-01-05|net demand for normal|013759,20260105-0386-A715-Train-#1,2026-01-05
2026-01-15,21354246,A715,1,21354246|0386|A715|2026-01-05|net demand for normal|014184,20260105-0386-A715-Train-#1,2026-01-05
2026-01-15,21132988,A715,4,21132988|0386|A715|2026-01-05|net demand for forecast|013744,20260105-0386-A715-Train-#1,2026-01-05
2026-01-15,21132988,A715,4,21132988|0386|A715|2026-01-05|net demand for forecast|013745,20260105-0386-A715-Train-#1,2026-01-05
2026-01-15,21132988,A715,4,21132988|0386|A715|2026-01-05|net demand for forecast|013746,20260105-0386-A715-Train-#1,2026-01-05
2026-01-15,21132988,A715,4,21132988|0386|A715|2026-01-05|net demand for forecast|013747,20260105-0386-A715-Train-#1,2026-01-05
2026-01-15,21132988,A715,4,21132988|0386|A715|2026-01-05|net demand for forecast|013748,20260105-0386-A715-Train-#1,2026-01-05
2026-01-15,21132988,A715,5,21132988|0386|A715|2026-01-05|net demand for forecast|013749,20260105-0386-A715-Train-#1,2026-01-05
2026-01-15,21132988,A715,5,21132988|0386|A715|2026-01-05|net demand for forecast|013750,20260105-0386-A715-Train-#1,2026-01-05
2026-01-15,21132988,A715,5,21132988|0386|A715|2026-01-05|net demand for forecast|013751,20260105-0386-A715-Train-#1,2026-01-05
2026-01-15,21132988,A715,5,21132988|0386|A715|2026-01-05|net demand for forecast|013752,20260105-0386-A715-Train-#1,2026-01-05
2026-01-15,21132988,A715,5,21132988|0386|A715|2026-01-05|net demand for forecast|013753,20260105-0386-A715-Train-#1,2026-01-05
2026-01-15,21132988,A715,5,21132988|0386|A715|2026-01-05|net demand for forecast|013754,20260105-0386-A715-Train-#1,2026-01-05
2026-01-15,21132988,A715,5,21132988|0386|A715|2026-01-05|net demand for forecast|013755,20260105-0386-A715-Train-#1,2026-01-05
2026-01-15,21132988,A715,5,21132988|0386|A715|2026-01-05|net demand for forecast|013756,20260105-0386-A715-Train-#1,2026-01-05
2026-01-15,21132988,A715,6,21132988|0386|A715|2026-01-05|net demand for forecast|013757,20260105-0386-A715-Train-#1,2026-01-05
2026-01-15,21132988,A715,6,21132988|0386|A715|2026-01-05|net demand for forecast|013758,20260105-0386-A715-Train-#1,2026-01-05
2026-01-15,21141769,A715,2,21141769|0386|A715|2026-01-05|net demand for forecast|013862,20260105-0386-A715-Train-#1,2026-01-05
2026-01-15,21141769,A715,3,21141769|0386|A715|2026-01-05|net demand for forecast|013863,20260105-0386-A715-Train-#1,2026-01-05
2026-01-15,21141769,A715,3,21141769|0386|A715|2026-01-05|net demand for forecast|013864,20260105-0386-A715-Train-#1,2026-01-05
2026-01-15,21141769,A715,3,21141769|0386|A715|2026-01-05|net demand for forecast|013865,20260105-0386-A715-Train-#1,2026-01-05
2026-01-15,21141769,A715,3,21141769|0386|A715|2026-01-05|net demand for forecast|013866,20260105-0386-A715-Train-#1,2026-01-05
2026-01-15,21141769,A715,3,21141769|0386|A715|2026-01-05|net demand for forecast|013867,20260105-0386-A715-Train-#1,2026-01-05
2026-01-15,21141769,A715,3,21141769|0386|A715|2026-01-05|net demand for forecast|013868,20260105-0386-A715-Train-#1,2026-01-05
2026-01-15,21141769,A715,3,21141769|0386|A715|2026-01-05|net demand for forecast|013869,20260105-0386-A715-Train-#1,2026-01-05
2026-01-15,21141769,A715,3,21141769|0386|A715|2026-01-05|net demand for forecast|013870,20260105-0386-A715-Train-#1,2026-01-05
2026-01-15,21141769,A715,3,21141769|0386|A715|2026-01-05|net demand for forecast|013871,20260105-0386-A715-Train-#1,2026-01-05
2026-01-15,21141769,A715,3,21141769|0386|A715|2026-01-05|net demand for forecast|013872,20260105-0386-A715-Train-#1,2026-01-05
2026-01-15,21141769,A715,3,21141769|0386|A715|2026-01-05|net demand for forecast|013874,20260105-0386-A715-Train-#1,2026-01-05
2026-01-15,21141769,A715,3,21141769|0386|A715|2026-01-05|net demand for forecast|013875,20260105-0386-A715-Train-#1,2026-01-05
2026-01-15,21141769,A715,3,21141769|0386|A715|2026-01-05|net demand for forecast|013876,20260105-0386-A715-Train-#1,2026-01-05
2026-01-15,21148509,A715,1,21148509|0386|A715|2026-01-05|net demand for forecast|013984,20260105-0386-A715-Train-#1,2026-01-05
2026-01-15,21148509,A715,1,21148509|0386|A715|2026-01-05|net demand for forecast|013985,20260105-0386-A715-Train-#1,2026-01-05
2026-01-15,21148509,A715,1,21148509|0386|A715|2026-01-05|net demand for forecast|013986,20260105-0386-A715-Train-#1,2026-01-05
2026-01-15,21148509,A715,1,21148509|0386|A715|2026-01-05|net demand for forecast|013987,20260105-0386-A715-Train-#1,2026-01-05
2026-01-15,21148509,A715,1,21148509|0386|A715|2026-01-05|net demand for forecast|013988,20260105-0386-A715-Train-#1,2026-01-05
2026-01-15,21148509,A715,1,21148509|0386|A715|2026-01-05|net demand for forecast|013989,20260105-0386-A715-Train-#1,2026-01-05
2026-01-15,21148509,A715,1,21148509|0386|A715|2026-01-05|net demand for forecast|013990,20260105-0386-A715-Train-#1,2026-01-05
2026-01-15,21148509,A715,1,21148509|0386|A715|2026-01-05|net demand for forecast|013991,20260105-0386-A715-Train-#1,2026-01-05
2026-01-15,21148509,A715,1,21148509|0386|A715|2026-01-05|net demand for forecast|013992,20260105-0386-A715-Train-#1,2026-01-05
2026-01-15,21148509,A715,1,21148509|0386|A715|2026-01-05|net demand for forecast|013993,20260105-0386-A715-Train-#1,2026-01-05
2026-01-15,21148509,A715,1,21148509|0386|A715|2026-01-05|net demand for forecast|013994,20260105-0386-A715-Train-#1,2026-01-05
2026-01-15,21148509,A715,1,21148509|0386|A715|2026-01-05|net demand for forecast|013995,20260105-0386-A715-Train-#1,2026-01-05
2026-01-15,21148509,A715,1,21148509|0386|A715|2026-01-05|net demand for forecast|013996,20260105-0386-A715-Train-#1,2026-01-05
2026-01-15,21148509,A715,1,21148509|0386|A715|2026-01-05|net demand for forecast|013997,20260105-0386-A715-Train-#1,2026-01-05
2026-01-15,21148509,A715,1,21148509|0386|A715|2026-01-05|net demand for forecast|013998,20260105-0386-A715-Train-#1,2026-01-05
2026-01-15,21354246,A715,1,21354246|0386|A715|2026-01-05|net demand for forecast|014177,20260105-0386-A715-Train-#1,2026-01-05
2026-01-15,21354246,A715,1,21354246|0386|A715|2026-01-05|net demand for forecast|014178,20260105-0386-A715-Train-#1,2026-01-05
2026-01-15,21354246,A715,1,21354246|0386|A715|2026-01-05|net demand for forecast|014179,20260105-0386-A715-Train-#1,2026-01-05
2026-01-15,21354246,A715,1,21354246|0386|A715|2026-01-05|net demand for forecast|014180,20260105-0386-A715-Train-#1,2026-01-05
2026-01-15,21354246,A715,1,21354246|0386|A715|2026-01-05|net demand for forecast|014181,20260105-0386-A715-Train-#1,2026-01-05
2026-01-15,21354246,A715,1,21354246|0386|A715|2026-01-05|net demand for forecast|014182,20260105-0386-A715-Train-#1,2026-01-05
2026-01-15,21354246,A715,1,21354246|0386|A715|2026-01-05|net demand for forecast|014183,20260105-0386-A715-Train-#1,2026-01-05
2026-01-15,21357275,A715,1,21357275|0386|A715|2026-01-05|net demand for forecast|014248,20260105-0386-A715-Train-#1,2026-01-05
2026-01-15,21357275,A715,1,21357275|0386|A715|2026-01-05|net demand for forecast|014249,20260105-0386-A715-Train-#1,2026-01-05
2026-01-15,21357275,A715,1,21357275|0386|A715|2026-01-05|net demand for forecast|014250,20260105-0386-A715-Train-#1,2026-01-05
2026-01-15,21357275,A715,1,21357275|0386|A715|2026-01-05|net demand for forecast|014251,20260105-0386-A715-Train-#1,2026-01-05
2026-01-15,21357275,A715,1,21357275|0386|A715|2026-01-05|net demand for forecast|014252,20260105-0386-A715-Train-#1,2026-01-05
2026-01-15,21357275,A715,1,21357275|0386|A715|2026-01-05|net demand for forecast|014253,20260105-0386-A715-Train-#1,2026-01-05
2026-01-15,21357275,A715,1,21357275|0386|A715|2026-01-05|net demand for forecast|014254,20260105-0386-A715-Train-#1,2026-01-05
2026-01-15,21357275,A715,1,21357275|0386|A715|2026-01-05|net demand for forecast|014255,20260105-0386-A715-Train-#1,2026-01-05
2026-01-15,21357275,A715,1,21357275|0386|A715|2026-01-05|net demand for forecast|014256,20260105-0386-A715-Train-#1,2026-01-05
2026-01-15,21357275,A715,1,21357275|0386|A715|2026-01-05|net demand for forecast|014257,20260105-0386-A715-Train-#1,2026-01-05
2026-01-15,21357275,A715,1,21357275|0386|A715|2026-01-05|net demand for forecast|014258,20260105-0386-A715-Train-#1,2026-01-05
2026-01-15,21357275,A715,1,21357275|0386|A715|2026-01-05|net demand for forecast|014259,20260105-0386-A715-Train-#1,2026-01-05
2026-01-15,21357275,A715,1,21357275|0386|A715|2026-01-05|net demand for forecast|014260,20260105-0386-A715-Train-#1,2026-01-05
2026-01-15,21357275,A715,1,21357275|0386|A715|2026-01-05|net demand for forecast|014261,20260105-0386-A715-Train-#1,2026-01-05
2026-01-15,21357275,A715,1,21357275|0386|A715|2026-01-05|net demand for forecast|014262,20260105-0386-A715-Train-#1,2026-01-05
2026-01-15,80804128,A715,2,80804128|0386|A715|2026-01-05|net demand for forecast|014361,20260105-0386-A715-Train-#1,2026-01-05
2026-01-15,80804128,A715,2,80804128|0386|A715|2026-01-05|net demand for forecast|014362,20260105-0386-A715-Train-#1,2026-01-05
2026-01-15,80804128,A715,2,80804128|0386|A715|2026-01-05|net demand for forecast|014363,20260105-0386-A715-Train-#1,2026-01-05
2026-01-15,80804128,A715,2,80804128|0386|A715|2026-01-05|net demand for forecast|014364,20260105-0386-A715-Train-#1,2026-01-05
2026-01-15,80804128,A715,2,80804128|0386|A715|2026-01-05|net demand for forecast|014365,20260105-0386-A715-Train-#1,2026-01-05
2026-01-15,80804128,A715,2,80804128|0386|A715|2026-01-05|net demand for forecast|014367,20260105-0386-A715-Train-#1,2026-01-05
2026-01-15,80804128,A715,3,80804128|0386|A715|2026-01-05|net demand for forecast|014368,20260105-0386-A715-Train-#1,2026-01-05
2026-01-15,80804128,A715,3,80804128|0386|A715|2026-01-05|net demand for forecast|014369,20260105-0386-A715-Train-#1,2026-01-05
2026-01-15,80804128,A715,3,80804128|0386|A715|2026-01-05|net demand for forecast|014370,20260105-0386-A715-Train-#1,2026-01-05
2026-01-15,80804128,A715,3,80804128|0386|A715|2026-01-05|net demand for forecast|014371,20260105-0386-A715-Train-#1,2026-01-05
2026-01-15,80804128,A715,3,80804128|0386|A715|2026-01-05|net demand for forecast|014372,20260105-0386-A715-Train-#1,2026-01-05
2026-01-15,80804128,A715,3,80804128|0386|A715|2026-01-05|net demand for forecast|014373,20260105-0386-A715-Train-#1,2026-01-05
2026-01-15,80804128,A715,3,80804128|0386|A715|2026-01-05|net demand for forecast|014374,20260105-0386-A715-Train-#1,2026-01-05
2026-01-15,80804128,A715,3,80804128|0386|A715|2026-01-05|net demand for forecast|014375,20260105-0386-A715-Train-#1,2026-01-05
2026-01-15,80804134,A715,1,80804134|0386|A715|2026-01-05|net demand for forecast|014449,20260105-0386-A715-Train-#1,2026-01-05
2026-01-15,80804134,A715,1,80804134|0386|A715|2026-01-05|net demand for forecast|014450,20260105-0386-A715-Train-#1,2026-01-05
2026-01-15,80804134,A715,2,80804134|0386|A715|2026-01-05|net demand for forecast|014451,20260105-0386-A715-Train-#1,2026-01-05
2026-01-15,80804134,A715,2,80804134|0386|A715|2026-01-05|net demand for forecast|014452,20260105-0386-A715-Train-#1,2026-01-05
2026-01-15,80804134,A715,2,80804134|0386|A715|2026-01-05|net demand for forecast|014454,20260105-0386-A715-Train-#1,2026-01-05
2026-01-15,80804134,A715,2,80804134|0386|A715|2026-01-05|net demand for forecast|014455,20260105-0386-A715-Train-#1,2026-01-05
2026-01-15,80804134,A715,2,80804134|0386|A715|2026-01-05|net demand for forecast|014457,20260105-0386-A715-Train-#1,2026-01-05
2026-01-15,80804134,A715,2,80804134|0386|A715|2026-01-05|net demand for forecast|014458,20260105-0386-A715-Train-#1,2026-01-05
2026-01-15,80804134,A715,2,80804134|0386|A715|2026-01-05|net demand for forecast|014459,20260105-0386-A715-Train-#1,2026-01-05
2026-01-15,80804134,A715,2,80804134|0386|A715|2026-01-05|net demand for forecast|014460,20260105-0386-A715-Train-#1,2026-01-05
2026-01-15,80804134,A715,2,80804134|0386|A715|2026-01-05|net demand for forecast|014461,20260105-0386-A715-Train-#1,2026-01-05
2026-01-15,80804134,A715,2,80804134|0386|A715|2026-01-05|net demand for forecast|014463,20260105-0386-A715-Train-#1,2026-01-05
2026-01-15,80804137,A715,1,80804137|0386|A715|2026-01-05|net demand for forecast|014565,20260105-0386-A715-Train-#1,2026-01-05
2026-01-15,80804137,A715,1,80804137|0386|A715|2026-01-05|net demand for forecast|014566,20260105-0386-A715-Train-#1,2026-01-05
2026-01-15,80804137,A715,2,80804137|0386|A715|2026-01-05|net demand for forecast|014567,20260105-0386-A715-Train-#1,2026-01-05
2026-01-15,80804137,A715,2,80804137|0386|A715|2026-01-05|net demand for forecast|014568,20260105-0386-A715-Train-#1,2026-01-05
2026-01-15,80804137,A715,2,80804137|0386|A715|2026-01-05|net demand for forecast|014569,20260105-0386-A715-Train-#1,2026-01-05
2026-01-15,80804137,A715,2,80804137|0386|A715|2026-01-05|net demand for forecast|014570,20260105-0386-A715-Train-#1,2026-01-05
2026-01-15,80804137,A715,2,80804137|0386|A715|2026-01-05|net demand for forecast|014571,20260105-0386-A715-Train-#1,2026-01-05
2026-01-15,80804137,A715,2,80804137|0386|A715|2026-01-05|net demand for forecast|014572,20260105-0386-A715-Train-#1,2026-01-05
2026-01-15,80804137,A715,2,80804137|0386|A715|2026-01-05|net demand for forecast|014573,20260105-0386-A715-Train-#1,2026-01-05
2026-01-15,80804137,A715,2,80804137|0386|A715|2026-01-05|net demand for forecast|014574,20260105-0386-A715-Train-#1,2026-01-05
2026-01-15,80804137,A715,2,80804137|0386|A715|2026-01-05|net demand for forecast|014575,20260105-0386-A715-Train-#1,2026-01-05
2026-01-15,80804137,A715,2,80804137|0386|A715|2026-01-05|net demand for forecast|014576,20260105-0386-A715-Train-#1,2026-01-05
2026-01-15,80804137,A715,2,80804137|0386|A715|2026-01-05|net demand for forecast|014577,20260105-0386-A715-Train-#1,2026-01-05
2026-01-15,80804137,A715,2,80804137|0386|A715|2026-01-05|net demand for forecast|014578,20260105-0386-A715-Train-#1,2026-01-05
2026-01-15,80804137,A715,2,80804137|0386|A715|2026-01-05|net demand for forecast|014579,20260105-0386-A715-Train-#1,2026-01-05
2026-01-15,80804704,A715,4,80804704|0386|A715|2026-01-05|net demand for forecast|014627,20260105-0386-A715-Train-#1,2026-01-05
2026-01-15,80804704,A715,4,80804704|0386|A715|2026-01-05|net demand for forecast|014628,20260105-0386-A715-Train-#1,2026-01-05
2026-01-15,80804704,A715,4,80804704|0386|A715|2026-01-05|net demand for forecast|014629,20260105-0386-A715-Train-#1,2026-01-05
2026-01-15,80804704,A715,5,80804704|0386|A715|2026-01-05|net demand for forecast|014630,20260105-0386-A715-Train-#1,2026-01-05
2026-01-15,80804704,A715,5,80804704|0386|A715|2026-01-05|net demand for forecast|014632,20260105-0386-A715-Train-#1,2026-01-05
2026-01-15,80804704,A715,5,80804704|0386|A715|2026-01-05|net demand for forecast|014633,20260105-0386-A715-Train-#1,2026-01-05
2026-01-15,80804704,A715,6,80804704|0386|A715|2026-01-05|net demand for forecast|014634,20260105-0386-A715-Train-#1,2026-01-05
2026-01-15,80804704,A715,6,80804704|0386|A715|2026-01-05|net demand for forecast|014635,20260105-0386-A715-Train-#1,2026-01-05
2026-01-15,80804704,A715,6,80804704|0386|A715|2026-01-05|net demand for forecast|014636,20260105-0386-A715-Train-#1,2026-01-05
2026-01-15,80804704,A715,6,80804704|0386|A715|2026-01-05|net demand for forecast|014637,20260105-0386-A715-Train-#1,2026-01-05
2026-01-15,80804704,A715,6,80804704|0386|A715|2026-01-05|net demand for forecast|014638,20260105-0386-A715-Train-#1,2026-01-05
2026-01-15,80804704,A715,6,80804704|0386|A715|2026-01-05|net demand for forecast|014639,20260105-0386-A715-Train-#1,2026-01-05
2026-01-15,80804704,A715,6,80804704|0386|A715|2026-01-05|net demand for forecast|014640,20260105-0386-A715-Train-#1,2026-01-05
2026-01-15,80804705,A715,3,80804705|0386|A715|2026-01-05|net demand for forecast|014739,20260105-0386-A715-Train-#1,2026-01-05
2026-01-15,80804705,A715,3,80804705|0386|A715|2026-01-05|net demand for forecast|014741,20260105-0386-A715-Train-#1,2026-01-05
2026-01-15,80804705,A715,3,80804705|0386|A715|2026-01-05|net demand for forecast|014742,20260105-0386-A715-Train-#1,2026-01-05
2026-01-15,80804705,A715,4,80804705|0386|A715|2026-01-05|net demand for forecast|014744,20260105-0386-A715-Train-#1,2026-01-05
2026-01-15,80804705,A715,4,80804705|0386|A715|2026-01-05|net demand for forecast|014745,20260105-0386-A715-Train-#1,2026-01-05
2026-01-15,80804705,A715,4,80804705|0386|A715|2026-01-05|net demand for forecast|014746,20260105-0386-A715-Train-#1,2026-01-05
2026-01-15,80804705,A715,4,80804705|0386|A715|2026-01-05|net demand for forecast|014747,20260105-0386-A715-Train-#1,2026-01-05
2026-01-15,80804705,A715,4,80804705|0386|A715|2026-01-05|net demand for forecast|014748,20260105-0386-A715-Train-#1,2026-01-05
2026-01-15,80804705,A715,4,80804705|0386|A715|2026-01-05|net demand for forecast|014749,20260105-0386-A715-Train-#1,2026-01-05
2026-01-15,80804705,A715,4,80804705|0386|A715|2026-01-05|net demand for forecast|014750,20260105-0386-A715-Train-#1,2026-01-05
2026-01-15,80804705,A715,4,80804705|0386|A715|2026-01-05|net demand for forecast|014751,20260105-0386-A715-Train-#1,2026-01-05
2026-01-15,80804705,A715,4,80804705|0386|A715|2026-01-05|net demand for forecast|014752,20260105-0386-A715-Train-#1,2026-01-05
2026-01-15,80804705,A715,4,80804705|0386|A715|2026-01-05|net demand for forecast|014753,20260105-0386-A715-Train-#1,2026-01-05
2026-01-15,80848029,A715,3,80848029|0386|A715|2026-01-05|net demand for forecast|015018,20260105-0386-A715-Train-#1,2026-01-05
2026-01-15,80848029,A715,3,80848029|0386|A715|2026-01-05|net demand for forecast|015019,20260105-0386-A715-Train-#1,2026-01-05
2026-01-15,80848029,A715,3,80848029|0386|A715|2026-01-05|net demand for forecast|015020,20260105-0386-A715-Train-#1,2026-01-05
2026-01-15,80848029,A715,3,80848029|0386|A715|2026-01-05|net demand for forecast|015021,20260105-0386-A715-Train-#1,2026-01-05
2026-01-15,80848029,A715,4,80848029|0386|A715|2026-01-05|net demand for forecast|015022,20260105-0386-A715-Train-#1,2026-01-05
2026-01-15,80848029,A715,4,80848029|0386|A715|2026-01-05|net demand for forecast|015023,20260105-0386-A715-Train-#1,2026-01-05
2026-01-15,80848029,A715,4,80848029|0386|A715|2026-01-05|net demand for forecast|015024,20260105-0386-A715-Train-#1,2026-01-05
2026-01-15,80848029,A715,4,80848029|0386|A715|2026-01-05|net demand for forecast|015025,20260105-0386-A715-Train-#1,2026-01-05
2026-01-15,80848029,A715,4,80848029|0386|A715|2026-01-05|net demand for forecast|015026,20260105-0386-A715-Train-#1,2026-01-05
2026-01-15,80848029,A715,5,80848029|0386|A715|2026-01-05|net demand for forecast|015027,20260105-0386-A715-Train-#1,2026-01-05
2026-01-15,80848029,A715,5,80848029|0386|A715|2026-01-05|net demand for forecast|015028,20260105-0386-A715-Train-#1,2026-01-05
2026-01-15,80848029,A715,5,80848029|0386|A715|2026-01-05|net demand for forecast|015029,20260105-0386-A715-Train-#1,2026-01-05
2026-01-15,80848029,A715,5,80848029|0386|A715|2026-01-05|net demand for forecast|015030,20260105-0386-A715-Train-#1,2026-01-05
2026-01-15,80848029,A715,5,80848029|0386|A715|2026-01-05|net demand for forecast|015031,20260105-0386-A715-Train-#1,2026-01-05
2026-01-15,21098519,A715,24,21098519|0386|A715|2026-01-05|net demand for safety|013589,20260105-0386-A715-Train-#1,2026-01-05
2026-01-15,21132988,A715,56,21132988|0386|A715|2026-01-05|net demand for safety|013760,20260105-0386-A715-Train-#1,2026-01-05
2026-01-15,21141769,A715,42,21141769|0386|A715|2026-01-05|net demand for safety|013877,20260105-0386-A715-Train-#1,2026-01-05
2026-01-15,21354246,A715,5,21354246|0386|A715|2026-01-05|net demand for safety|014185,20260105-0386-A715-Train-#1,2026-01-05
2026-01-15,21357275,A715,23,21357275|0386|A715|2026-01-05|net demand for safety|014263,20260105-0386-A715-Train-#1,2026-01-05
2026-01-15,80804134,A715,20,80804134|0386|A715|2026-01-05|net demand for safety|014464,20260105-0386-A715-Train-#1,2026-01-05
2026-01-15,80804137,A715,54,80804137|0386|A715|2026-01-05|net demand for safety|014580,20260105-0386-A715-Train-#1,2026-01-05
2026-01-15,80804704,A715,96,80804704|0386|A715|2026-01-05|net demand for safety|014642,20260105-0386-A715-Train-#1,2026-01-05
2026-01-15,80804705,A715,74,80804705|0386|A715|2026-01-05|net demand for safety|014754,20260105-0386-A715-Train-#1,2026-01-05
2026-01-15,80848029,A715,60,80848029|0386|A715|2026-01-05|net demand for safety|015032,20260105-0386-A715-Train-#1,2026-01-05
2026-01-15,21098519,A715,127,21098519|0386|A715|2026-01-05|push replenishment|013590,20260105-0386-A715-Train-#1,2026-01-05
2026-01-15,21148509,A715,30,21148509|0386|A715|2026-01-05|push replenishment|014000,20260105-0386-A715-Train-#1,2026-01-05
2026-01-15,21354246,A715,58,21354246|0386|A715|2026-01-05|push replenishment|014186,20260105-0386-A715-Train-#1,2026-01-05
2026-01-15,21357275,A715,10,21357275|0386|A715|2026-01-05|push replenishment|014264,20260105-0386-A715-Train-#1,2026-01-05
2026-01-15,80804133,A715,30,80804133|0386|A715|2026-01-05|push replenishment|014410,20260105-0386-A715-Train-#1,2026-01-05
2026-01-15,80804134,A715,12,80804134|0386|A715|2026-01-05|push replenishment|014465,20260105-0386-A715-Train-#1,2026-01-05
2026-01-15,80804137,A715,11,80804137|0386|A715|2026-01-05|push replenishment|014581,20260105-0386-A715-Train-#1,2026-01-05
2026-01-15,80804704,A715,250,80804704|0386|A715|2026-01-05|push replenishment|014643,20260105-0386-A715-Train-#1,2026-01-05
2026-01-15,80848029,A715,149,80848029|0386|A715|2026-01-05|push replenishment|015033,20260105-0386-A715-Train-#1,2026-01-05
2026-01-15,21442896,A672,1,21442896|C816|A672|2026-01-01|net demand for normal|010564,20260107-C816-A672-Train-#1,2026-01-07
2026-01-15,21442897,A672,2,21442897|C816|A672|2026-01-01|net demand for normal|010574,20260107-C816-A672-Train-#1,2026-01-07
2026-01-15,21442896,A672,3,21442896|C816|A672|2026-01-02|net demand for normal|011432,20260107-C816-A672-Train-#1,2026-01-07
2026-01-15,21442896,A672,1,21442896|C816|A672|2026-01-03|net demand for normal|012155,20260107-C816-A672-Train-#1,2026-01-07
2026-01-15,21442896,A672,1,21442896|C816|A672|2026-01-04|net demand for normal|013078,20260107-C816-A672-Train-#1,2026-01-07
2026-01-15,21442896,A672,1,21442896|C816|A672|2026-01-05|net demand for normal|014296,20260107-C816-A672-Train-#1,2026-01-07
2026-01-15,21442897,A672,1,21442897|C816|A672|2026-01-05|net demand for normal|014304,20260107-C816-A672-Train-#1,2026-01-07
2026-01-15,21442896,A672,1,21442896|C816|A672|2026-01-06|net demand for normal|015477,20260107-C816-A672-Train-#1,2026-01-07
2026-01-15,80804703,A672,3,80804703|C816|A672|2026-01-06|net demand for normal|015698,20260107-C816-A672-Train-#1,2026-01-07
2026-01-15,21442896,A672,1,21442896|C816|A672|2026-01-07|net demand for normal|017020,20260107-C816-A672-Train-#1,2026-01-07
2026-01-15,80804703,A672,2,80804703|C816|A672|2026-01-07|net demand for normal|017141,20260107-C816-A672-Train-#1,2026-01-07
2026-01-15,80804704,A672,10,80804704|C816|A672|2026-01-05|net demand for AO|014735,20260107-C816-A672-Train-#1,2026-01-07
2026-01-15,80804704,A672,12,80804704|C816|A672|2026-01-05|net demand for AO|014737,20260107-C816-A672-Train-#1,2026-01-07
2026-01-15,80804704,A672,17,80804704|C816|A672|2026-01-05|net demand for AO|014738,20260107-C816-A672-Train-#1,2026-01-07
2026-01-15,80804704,A672,24,80804704|C816|A672|2026-01-06|net demand for AO|015719,20260107-C816-A672-Train-#1,2026-01-07
2026-01-15,80804704,A672,28,80804704|C816|A672|2026-01-06|net demand for AO|015721,20260107-C816-A672-Train-#1,2026-01-07
2026-01-15,80804704,A672,34,80804704|C816|A672|2026-01-06|net demand for AO|015722,20260107-C816-A672-Train-#1,2026-01-07
2026-01-15,80804704,A672,5,80804704|C816|A672|2026-01-07|net demand for AO|017175,20260107-C816-A672-Train-#1,2026-01-07
2026-01-15,80804704,A672,22,80804704|C816|A672|2026-01-07|net demand for AO|017176,20260107-C816-A672-Train-#1,2026-01-07
2026-01-15,80804704,A672,26,80804704|C816|A672|2026-01-07|net demand for AO|017177,20260107-C816-A672-Train-#1,2026-01-07
2026-01-15,80804704,A672,29,80804704|C816|A672|2026-01-07|net demand for AO|017178,20260107-C816-A672-Train-#1,2026-01-07
2026-01-15,21442897,A672,2,21442897|C816|A672|2026-01-01|net demand for forecast|010567,20260107-C816-A672-Train-#1,2026-01-07
2026-01-15,21442897,A672,2,21442897|C816|A672|2026-01-01|net demand for forecast|010568,20260107-C816-A672-Train-#1,2026-01-07
2026-01-15,21442897,A672,2,21442897|C816|A672|2026-01-01|net demand for forecast|010571,20260107-C816-A672-Train-#1,2026-01-07
2026-01-15,21442897,A672,2,21442897|C816|A672|2026-01-01|net demand for forecast|010572,20260107-C816-A672-Train-#1,2026-01-07
2026-01-15,80864469,A672,1,80864469|C816|A672|2026-01-01|net demand for forecast|010977,20260107-C816-A672-Train-#1,2026-01-07
2026-01-15,80864469,A672,1,80864469|C816|A672|2026-01-01|net demand for forecast|010978,20260107-C816-A672-Train-#1,2026-01-07
2026-01-15,80864469,A672,1,80864469|C816|A672|2026-01-01|net demand for forecast|010979,20260107-C816-A672-Train-#1,2026-01-07
2026-01-15,80864469,A672,1,80864469|C816|A672|2026-01-01|net demand for forecast|010980,20260107-C816-A672-Train-#1,2026-01-07
2026-01-15,80864469,A672,1,80864469|C816|A672|2026-01-01|net demand for forecast|010982,20260107-C816-A672-Train-#1,2026-01-07
2026-01-15,80864469,A672,1,80864469|C816|A672|2026-01-01|net demand for forecast|010983,20260107-C816-A672-Train-#1,2026-01-07
2026-01-15,21442897,A672,2,21442897|C816|A672|2026-01-02|net demand for forecast|011434,20260107-C816-A672-Train-#1,2026-01-07
2026-01-15,21442897,A672,2,21442897|C816|A672|2026-01-02|net demand for forecast|011435,20260107-C816-A672-Train-#1,2026-01-07
2026-01-15,21442897,A672,2,21442897|C816|A672|2026-01-02|net demand for forecast|011436,20260107-C816-A672-Train-#1,2026-01-07
2026-01-15,21442897,A672,2,21442897|C816|A672|2026-01-02|net demand for forecast|011437,20260107-C816-A672-Train-#1,2026-01-07
2026-01-15,21442897,A672,2,21442897|C816|A672|2026-01-02|net demand for forecast|011438,20260107-C816-A672-Train-#1,2026-01-07
2026-01-15,21442897,A672,2,21442897|C816|A672|2026-01-02|net demand for forecast|011439,20260107-C816-A672-Train-#1,2026-01-07
2026-01-15,21442897,A672,2,21442897|C816|A672|2026-01-02|net demand for forecast|011440,20260107-C816-A672-Train-#1,2026-01-07
2026-01-15,80848021,A672,1,80848021|C816|A672|2026-01-02|net demand for forecast|011644,20260107-C816-A672-Train-#1,2026-01-07
2026-01-15,80848021,A672,1,80848021|C816|A672|2026-01-02|net demand for forecast|011645,20260107-C816-A672-Train-#1,2026-01-07
2026-01-15,80848021,A672,1,80848021|C816|A672|2026-01-02|net demand for forecast|011646,20260107-C816-A672-Train-#1,2026-01-07
2026-01-15,80848021,A672,1,80848021|C816|A672|2026-01-02|net demand for forecast|011647,20260107-C816-A672-Train-#1,2026-01-07
2026-01-15,80848021,A672,1,80848021|C816|A672|2026-01-02|net demand for forecast|011648,20260107-C816-A672-Train-#1,2026-01-07
2026-01-15,80864469,A672,2,80864469|C816|A672|2026-01-02|net demand for forecast|011677,20260107-C816-A672-Train-#1,2026-01-07
2026-01-15,80864469,A672,2,80864469|C816|A672|2026-01-02|net demand for forecast|011678,20260107-C816-A672-Train-#1,2026-01-07
2026-01-15,80864469,A672,2,80864469|C816|A672|2026-01-02|net demand for forecast|011679,20260107-C816-A672-Train-#1,2026-01-07
2026-01-15,80864469,A672,2,80864469|C816|A672|2026-01-02|net demand for forecast|011680,20260107-C816-A672-Train-#1,2026-01-07
2026-01-15,80864469,A672,3,80864469|C816|A672|2026-01-02|net demand for forecast|011681,20260107-C816-A672-Train-#1,2026-01-07
2026-01-15,80864469,A672,3,80864469|C816|A672|2026-01-02|net demand for forecast|011682,20260107-C816-A672-Train-#1,2026-01-07
2026-01-15,80864469,A672,3,80864469|C816|A672|2026-01-02|net demand for forecast|011683,20260107-C816-A672-Train-#1,2026-01-07
2026-01-15,21442897,A672,1,21442897|C816|A672|2026-01-03|net demand for forecast|012156,20260107-C816-A672-Train-#1,2026-01-07
2026-01-15,21442897,A672,1,21442897|C816|A672|2026-01-03|net demand for forecast|012157,20260107-C816-A672-Train-#1,2026-01-07
2026-01-15,21442897,A672,1,21442897|C816|A672|2026-01-03|net demand for forecast|012158,20260107-C816-A672-Train-#1,2026-01-07
2026-01-15,21442897,A672,1,21442897|C816|A672|2026-01-03|net demand for forecast|012159,20260107-C816-A672-Train-#1,2026-01-07
2026-01-15,21442897,A672,1,21442897|C816|A672|2026-01-03|net demand for forecast|012160,20260107-C816-A672-Train-#1,2026-01-07
2026-01-15,21442897,A672,1,21442897|C816|A672|2026-01-03|net demand for forecast|012161,20260107-C816-A672-Train-#1,2026-01-07
2026-01-15,80864469,A672,3,80864469|C816|A672|2026-01-03|net demand for forecast|012501,20260107-C816-A672-Train-#1,2026-01-07
2026-01-15,80864469,A672,3,80864469|C816|A672|2026-01-03|net demand for forecast|012502,20260107-C816-A672-Train-#1,2026-01-07
2026-01-15,80864469,A672,3,80864469|C816|A672|2026-01-03|net demand for forecast|012503,20260107-C816-A672-Train-#1,2026-01-07
2026-01-15,80864469,A672,4,80864469|C816|A672|2026-01-03|net demand for forecast|012504,20260107-C816-A672-Train-#1,2026-01-07
2026-01-15,80864469,A672,4,80864469|C816|A672|2026-01-03|net demand for forecast|012505,20260107-C816-A672-Train-#1,2026-01-07
2026-01-15,80864469,A672,4,80864469|C816|A672|2026-01-03|net demand for forecast|012506,20260107-C816-A672-Train-#1,2026-01-07
2026-01-15,80804703,A672,5,80804703|C816|A672|2026-01-04|net demand for forecast|013148,20260107-C816-A672-Train-#1,2026-01-07
2026-01-15,80804703,A672,5,80804703|C816|A672|2026-01-04|net demand for forecast|013150,20260107-C816-A672-Train-#1,2026-01-07
2026-01-15,80804703,A672,5,80804703|C816|A672|2026-01-04|net demand for forecast|013151,20260107-C816-A672-Train-#1,2026-01-07
2026-01-15,80804703,A672,5,80804703|C816|A672|2026-01-04|net demand for forecast|013152,20260107-C816-A672-Train-#1,2026-01-07
2026-01-15,80804703,A672,6,80804703|C816|A672|2026-01-04|net demand for forecast|013154,20260107-C816-A672-Train-#1,2026-01-07
2026-01-15,80864469,A672,3,80864469|C816|A672|2026-01-04|net demand for forecast|013541,20260107-C816-A672-Train-#1,2026-01-07
2026-01-15,80864469,A672,3,80864469|C816|A672|2026-01-04|net demand for forecast|013542,20260107-C816-A672-Train-#1,2026-01-07
2026-01-15,80864469,A672,3,80864469|C816|A672|2026-01-04|net demand for forecast|013543,20260107-C816-A672-Train-#1,2026-01-07
2026-01-15,80864469,A672,4,80864469|C816|A672|2026-01-04|net demand for forecast|013544,20260107-C816-A672-Train-#1,2026-01-07
2026-01-15,80864469,A672,4,80864469|C816|A672|2026-01-04|net demand for forecast|013545,20260107-C816-A672-Train-#1,2026-01-07
2026-01-15,80864469,A672,4,80864469|C816|A672|2026-01-04|net demand for forecast|013546,20260107-C816-A672-Train-#1,2026-01-07
2026-01-15,80864469,A672,4,80864469|C816|A672|2026-01-04|net demand for forecast|013547,20260107-C816-A672-Train-#1,2026-01-07
2026-01-15,80884846,A672,1,80884846|C816|A672|2026-01-04|net demand for forecast|013559,20260107-C816-A672-Train-#1,2026-01-07
2026-01-15,80884846,A672,1,80884846|C816|A672|2026-01-04|net demand for forecast|013560,20260107-C816-A672-Train-#1,2026-01-07
2026-01-15,80884846,A672,1,80884846|C816|A672|2026-01-04|net demand for forecast|013561,20260107-C816-A672-Train-#1,2026-01-07
2026-01-15,80884846,A672,1,80884846|C816|A672|2026-01-04|net demand for forecast|013562,20260107-C816-A672-Train-#1,2026-01-07
2026-01-15,80884846,A672,1,80884846|C816|A672|2026-01-04|net demand for forecast|013563,20260107-C816-A672-Train-#1,2026-01-07
2026-01-15,80884846,A672,1,80884846|C816|A672|2026-01-04|net demand for forecast|013564,20260107-C816-A672-Train-#1,2026-01-07
2026-01-15,80884846,A672,1,80884846|C816|A672|2026-01-04|net demand for forecast|013565,20260107-C816-A672-Train-#1,2026-01-07
2026-01-15,21442897,A672,1,21442897|C816|A672|2026-01-05|net demand for forecast|014297,20260107-C816-A672-Train-#1,2026-01-07
2026-01-15,21442897,A672,1,21442897|C816|A672|2026-01-05|net demand for forecast|014298,20260107-C816-A672-Train-#1,2026-01-07
2026-01-15,21442897,A672,1,21442897|C816|A672|2026-01-05|net demand for forecast|014299,20260107-C816-A672-Train-#1,2026-01-07
2026-01-15,21442897,A672,1,21442897|C816|A672|2026-01-05|net demand for forecast|014300,20260107-C816-A672-Train-#1,2026-01-07
2026-01-15,21442897,A672,1,21442897|C816|A672|2026-01-05|net demand for forecast|014301,20260107-C816-A672-Train-#1,2026-01-07
2026-01-15,21442897,A672,1,21442897|C816|A672|2026-01-05|net demand for forecast|014302,20260107-C816-A672-Train-#1,2026-01-07
2026-01-15,21442897,A672,1,21442897|C816|A672|2026-01-05|net demand for forecast|014303,20260107-C816-A672-Train-#1,2026-01-07
2026-01-15,80804703,A672,4,80804703|C816|A672|2026-01-05|net demand for forecast|014607,20260107-C816-A672-Train-#1,2026-01-07
2026-01-15,80804703,A672,4,80804703|C816|A672|2026-01-05|net demand for forecast|014608,20260107-C816-A672-Train-#1,2026-01-07
2026-01-15,80804703,A672,4,80804703|C816|A672|2026-01-05|net demand for forecast|014609,20260107-C816-A672-Train-#1,2026-01-07
2026-01-15,80804703,A672,4,80804703|C816|A672|2026-01-05|net demand for forecast|014610,20260107-C816-A672-Train-#1,2026-01-07
2026-01-15,80804703,A672,4,80804703|C816|A672|2026-01-05|net demand for forecast|014611,20260107-C816-A672-Train-#1,2026-01-07
2026-01-15,80804703,A672,5,80804703|C816|A672|2026-01-05|net demand for forecast|014612,20260107-C816-A672-Train-#1,2026-01-07
2026-01-15,80804703,A672,6,80804703|C816|A672|2026-01-05|net demand for forecast|014613,20260107-C816-A672-Train-#1,2026-01-07
2026-01-15,80864469,A672,3,80864469|C816|A672|2026-01-05|net demand for forecast|015094,20260107-C816-A672-Train-#1,2026-01-07
2026-01-15,80864469,A672,4,80864469|C816|A672|2026-01-05|net demand for forecast|015095,20260107-C816-A672-Train-#1,2026-01-07
2026-01-15,80864469,A672,4,80864469|C816|A672|2026-01-05|net demand for forecast|015096,20260107-C816-A672-Train-#1,2026-01-07
2026-01-15,80864469,A672,4,80864469|C816|A672|2026-01-05|net demand for forecast|015097,20260107-C816-A672-Train-#1,2026-01-07
2026-01-15,80864469,A672,4,80864469|C816|A672|2026-01-05|net demand for forecast|015099,20260107-C816-A672-Train-#1,2026-01-07
2026-01-15,80864469,A672,4,80864469|C816|A672|2026-01-05|net demand for forecast|015100,20260107-C816-A672-Train-#1,2026-01-07
2026-01-15,80884846,A672,1,80884846|C816|A672|2026-01-05|net demand for forecast|015115,20260107-C816-A672-Train-#1,2026-01-07
2026-01-15,80884846,A672,1,80884846|C816|A672|2026-01-05|net demand for forecast|015116,20260107-C816-A672-Train-#1,2026-01-07
2026-01-15,80884846,A672,1,80884846|C816|A672|2026-01-05|net demand for forecast|015117,20260107-C816-A672-Train-#1,2026-01-07
2026-01-15,80884846,A672,1,80884846|C816|A672|2026-01-05|net demand for forecast|015118,20260107-C816-A672-Train-#1,2026-01-07
2026-01-15,80884846,A672,1,80884846|C816|A672|2026-01-05|net demand for forecast|015119,20260107-C816-A672-Train-#1,2026-01-07
2026-01-15,80884846,A672,1,80884846|C816|A672|2026-01-05|net demand for forecast|015120,20260107-C816-A672-Train-#1,2026-01-07
2026-01-15,80884846,A672,1,80884846|C816|A672|2026-01-05|net demand for forecast|015121,20260107-C816-A672-Train-#1,2026-01-07
2026-01-15,80804703,A672,3,80804703|C816|A672|2026-01-06|net demand for forecast|015691,20260107-C816-A672-Train-#1,2026-01-07
2026-01-15,80804703,A672,3,80804703|C816|A672|2026-01-06|net demand for forecast|015692,20260107-C816-A672-Train-#1,2026-01-07
2026-01-15,80804703,A672,3,80804703|C816|A672|2026-01-06|net demand for forecast|015693,20260107-C816-A672-Train-#1,2026-01-07
2026-01-15,80804703,A672,3,80804703|C816|A672|2026-01-06|net demand for forecast|015694,20260107-C816-A672-Train-#1,2026-01-07
2026-01-15,80804703,A672,3,80804703|C816|A672|2026-01-06|net demand for forecast|015695,20260107-C816-A672-Train-#1,2026-01-07
2026-01-15,80804703,A672,4,80804703|C816|A672|2026-01-06|net demand for forecast|015696,20260107-C816-A672-Train-#1,2026-01-07
2026-01-15,80804703,A672,4,80804703|C816|A672|2026-01-06|net demand for forecast|015697,20260107-C816-A672-Train-#1,2026-01-07
2026-01-15,80804704,A672,14,80804704|C816|A672|2026-01-06|net demand for forecast|015723,20260107-C816-A672-Train-#1,2026-01-07
2026-01-15,80804704,A672,39,80804704|C816|A672|2026-01-06|net demand for forecast|015724,20260107-C816-A672-Train-#1,2026-01-07
2026-01-15,80804704,A672,39,80804704|C816|A672|2026-01-06|net demand for forecast|015725,20260107-C816-A672-Train-#1,2026-01-07
2026-01-15,80804704,A672,39,80804704|C816|A672|2026-01-06|net demand for forecast|015726,20260107-C816-A672-Train-#1,2026-01-07
2026-01-15,80804704,A672,47,80804704|C816|A672|2026-01-06|net demand for forecast|015727,20260107-C816-A672-Train-#1,2026-01-07
2026-01-15,80804704,A672,47,80804704|C816|A672|2026-01-06|net demand for forecast|015728,20260107-C816-A672-Train-#1,2026-01-07
2026-01-15,80804705,A672,7,80804705|C816|A672|2026-01-06|net demand for forecast|015784,20260107-C816-A672-Train-#1,2026-01-07
2026-01-15,80804705,A672,8,80804705|C816|A672|2026-01-06|net demand for forecast|015785,20260107-C816-A672-Train-#1,2026-01-07
2026-01-15,80804705,A672,8,80804705|C816|A672|2026-01-06|net demand for forecast|015786,20260107-C816-A672-Train-#1,2026-01-07
2026-01-15,80804705,A672,8,80804705|C816|A672|2026-01-06|net demand for forecast|015787,20260107-C816-A672-Train-#1,2026-01-07
2026-01-15,80804705,A672,8,80804705|C816|A672|2026-01-06|net demand for forecast|015788,20260107-C816-A672-Train-#1,2026-01-07
2026-01-15,80804705,A672,10,80804705|C816|A672|2026-01-06|net demand for forecast|015789,20260107-C816-A672-Train-#1,2026-01-07
2026-01-15,80804705,A672,10,80804705|C816|A672|2026-01-06|net demand for forecast|015790,20260107-C816-A672-Train-#1,2026-01-07
2026-01-15,80864469,A672,2,80864469|C816|A672|2026-01-06|net demand for forecast|016548,20260107-C816-A672-Train-#1,2026-01-07
2026-01-15,80864469,A672,3,80864469|C816|A672|2026-01-06|net demand for forecast|016549,20260107-C816-A672-Train-#1,2026-01-07
2026-01-15,80864469,A672,3,80864469|C816|A672|2026-01-06|net demand for forecast|016550,20260107-C816-A672-Train-#1,2026-01-07
2026-01-15,80864469,A672,4,80864469|C816|A672|2026-01-06|net demand for forecast|016551,20260107-C816-A672-Train-#1,2026-01-07
2026-01-15,80864469,A672,4,80864469|C816|A672|2026-01-06|net demand for forecast|016552,20260107-C816-A672-Train-#1,2026-01-07
2026-01-15,80864469,A672,4,80864469|C816|A672|2026-01-06|net demand for forecast|016553,20260107-C816-A672-Train-#1,2026-01-07
2026-01-15,80864469,A672,4,80864469|C816|A672|2026-01-06|net demand for forecast|016554,20260107-C816-A672-Train-#1,2026-01-07
2026-01-15,80804703,A672,2,80804703|C816|A672|2026-01-07|net demand for forecast|017134,20260107-C816-A672-Train-#1,2026-01-07
2026-01-15,80804703,A672,2,80804703|C816|A672|2026-01-07|net demand for forecast|017135,20260107-C816-A672-Train-#1,2026-01-07
2026-01-15,80804703,A672,2,80804703|C816|A672|2026-01-07|net demand for forecast|017136,20260107-C816-A672-Train-#1,2026-01-07
2026-01-15,80804703,A672,2,80804703|C816|A672|2026-01-07|net demand for forecast|017137,20260107-C816-A672-Train-#1,2026-01-07
2026-01-15,80804703,A672,3,80804703|C816|A672|2026-01-07|net demand for forecast|017138,20260107-C816-A672-Train-#1,2026-01-07
2026-01-15,80804703,A672,3,80804703|C816|A672|2026-01-07|net demand for forecast|017139,20260107-C816-A672-Train-#1,2026-01-07
2026-01-15,80804703,A672,3,80804703|C816|A672|2026-01-07|net demand for forecast|017140,20260107-C816-A672-Train-#1,2026-01-07
2026-01-15,80804704,A672,21,80804704|C816|A672|2026-01-07|net demand for forecast|017179,20260107-C816-A672-Train-#1,2026-01-07
2026-01-15,80804704,A672,26,80804704|C816|A672|2026-01-07|net demand for forecast|017180,20260107-C816-A672-Train-#1,2026-01-07
2026-01-15,80804704,A672,26,80804704|C816|A672|2026-01-07|net demand for forecast|017182,20260107-C816-A672-Train-#1,2026-01-07
2026-01-15,80804704,A672,32,80804704|C816|A672|2026-01-07|net demand for forecast|017183,20260107-C816-A672-Train-#1,2026-01-07
2026-01-15,80804704,A672,32,80804704|C816|A672|2026-01-07|net demand for forecast|017184,20260107-C816-A672-Train-#1,2026-01-07
2026-01-15,80804704,A672,32,80804704|C816|A672|2026-01-07|net demand for forecast|017185,20260107-C816-A672-Train-#1,2026-01-07
2026-01-15,80804705,A672,1,80804705|C816|A672|2026-01-07|net demand for forecast|017243,20260107-C816-A672-Train-#1,2026-01-07
2026-01-15,80804705,A672,3,80804705|C816|A672|2026-01-07|net demand for forecast|017244,20260107-C816-A672-Train-#1,2026-01-07
2026-01-15,80804705,A672,3,80804705|C816|A672|2026-01-07|net demand for forecast|017245,20260107-C816-A672-Train-#1,2026-01-07
2026-01-15,80804705,A672,3,80804705|C816|A672|2026-01-07|net demand for forecast|017246,20260107-C816-A672-Train-#1,2026-01-07
2026-01-15,80804705,A672,3,80804705|C816|A672|2026-01-07|net demand for forecast|017247,20260107-C816-A672-Train-#1,2026-01-07
2026-01-15,80804705,A672,3,80804705|C816|A672|2026-01-07|net demand for forecast|017248,20260107-C816-A672-Train-#1,2026-01-07
2026-01-15,80804704,A672,8,80804704|C816|A672|2026-01-07|net demand for net demand for safety|017186,20260107-C816-A672-Train-#1,2026-01-07
2026-01-15,80863645,A672,1,80863645|0386|A672|2026-01-07|net demand for AO|017567,20260107-0386-A672-Train-#1,2026-01-07
2026-01-15,80863645,A672,2,80863645|0386|A672|2026-01-07|net demand for AO|017570,20260107-0386-A672-Train-#1,2026-01-07
2026-01-15,21314595,A672,17,21314595|0386|A672|2026-01-07|net demand for forecast|016717,20260107-0386-A672-Train-#1,2026-01-07
2026-01-15,21314595,A672,17,21314595|0386|A672|2026-01-07|net demand for forecast|016718,20260107-0386-A672-Train-#1,2026-01-07
2026-01-15,21314595,A672,17,21314595|0386|A672|2026-01-07|net demand for forecast|016721,20260107-0386-A672-Train-#1,2026-01-07
2026-01-15,21314595,A672,19,21314595|0386|A672|2026-01-07|net demand for forecast|016724,20260107-0386-A672-Train-#1,2026-01-07
2026-01-15,21422791,A672,2,21422791|0386|A672|2026-01-07|net demand for forecast|016965,20260107-0386-A672-Train-#1,2026-01-07
2026-01-15,80863645,A672,5,80863645|0386|A672|2026-01-07|net demand for forecast|017583,20260107-0386-A672-Train-#1,2026-01-07
2026-01-15,21315350,A672,87,21315350|0386|A672|2026-01-07|net demand for net demand for safety|016804,20260107-0386-A672-Train-#1,2026-01-07
2026-01-15,80812840,A672,1325,80812840|0386|A672|2026-01-07|push replenishment|017473,20260107-0386-A672-Train-#1,2026-01-07
2026-01-15,21314595,A680,1,21314595|0386|A680|2026-01-07|net demand for forecast|016755,20260107-0386-A680-Train-#1,2026-01-07
2026-01-15,21314595,A680,1,21314595|0386|A680|2026-01-07|net demand for forecast|016757,20260107-0386-A680-Train-#1,2026-01-07
2026-01-15,21314595,A680,92,21314595|0386|A680|2026-01-07|push replenishment|016763,20260107-0386-A680-Train-#1,2026-01-07
2026-01-15,21121756,C819,1,21121756|A672|C819|2026-01-05|net demand for normal|013647,20260108-A672-C819-SMALL-#1,2026-01-08
2026-01-15,80807115,C819,1,80807115|A672|C819|2026-01-07|net demand for AO|017419,20260108-A672-C819-SMALL-#1,2026-01-08
2026-01-15,80804133,C819,2,80804133|A672|C819|2026-01-05|net demand for forecast|014424,20260108-A672-C819-SMALL-#1,2026-01-08
2026-01-15,21113405,C819,1,21113405|A672|C819|2026-01-06|net demand for forecast|015137,20260108-A672-C819-SMALL-#1,2026-01-08
2026-01-15,21113405,C819,1,21113405|A672|C819|2026-01-06|net demand for forecast|015139,20260108-A672-C819-SMALL-#1,2026-01-08
2026-01-15,21113405,C819,1,21113405|A672|C819|2026-01-06|net demand for forecast|015140,20260108-A672-C819-SMALL-#1,2026-01-08
2026-01-15,80804136,C819,1,80804136|A672|C819|2026-01-06|net demand for forecast|015645,20260108-A672-C819-SMALL-#1,2026-01-08
2026-01-15,80804138,C819,1,80804138|A672|C819|2026-01-06|net demand for forecast|015676,20260108-A672-C819-SMALL-#1,2026-01-08
2026-01-15,80807105,C819,1,80807105|A672|C819|2026-01-06|net demand for forecast|016077,20260108-A672-C819-SMALL-#1,2026-01-08
2026-01-15,80812845,C819,6,80812845|A672|C819|2026-01-06|net demand for forecast|016379,20260108-A672-C819-SMALL-#1,2026-01-08
2026-01-15,21148509,C819,1,21148509|A672|C819|2026-01-07|net demand for forecast|016681,20260108-A672-C819-SMALL-#1,2026-01-08
2026-01-15,21148509,C819,1,21148509|A672|C819|2026-01-07|net demand for forecast|016682,20260108-A672-C819-SMALL-#1,2026-01-08
2026-01-15,80807105,C819,1,80807105|A672|C819|2026-01-07|net demand for forecast|017394,20260108-A672-C819-SMALL-#1,2026-01-08
2026-01-15,80807105,C819,1,80807105|A672|C819|2026-01-07|net demand for forecast|017398,20260108-A672-C819-SMALL-#1,2026-01-08
2026-01-15,80807105,C819,1,80807105|A672|C819|2026-01-07|net demand for forecast|017399,20260108-A672-C819-SMALL-#1,2026-01-08
2026-01-15,80812845,C819,5,80812845|A672|C819|2026-01-07|net demand for forecast|017523,20260108-A672-C819-SMALL-#1,2026-01-08
2026-01-15,21148509,C819,1,21148509|A672|C819|2026-01-08|net demand for forecast|017991,20260108-A672-C819-SMALL-#1,2026-01-08
2026-01-15,80804132,C819,1,80804132|A672|C819|2026-01-08|net demand for forecast|018452,20260108-A672-C819-SMALL-#1,2026-01-08
2026-01-15,80804132,C819,1,80804132|A672|C819|2026-01-08|net demand for forecast|018454,20260108-A672-C819-SMALL-#1,2026-01-08
2026-01-15,80804132,C819,1,80804132|A672|C819|2026-01-08|net demand for forecast|018458,20260108-A672-C819-SMALL-#1,2026-01-08
2026-01-15,80804133,C819,1,80804133|A672|C819|2026-01-08|net demand for forecast|018480,20260108-A672-C819-SMALL-#1,2026-01-08
2026-01-15,80804136,C819,2,80804136|A672|C819|2026-01-08|net demand for forecast|018513,20260108-A672-C819-SMALL-#1,2026-01-08
2026-01-15,80804136,C819,2,80804136|A672|C819|2026-01-08|net demand for forecast|018516,20260108-A672-C819-SMALL-#1,2026-01-08
2026-01-15,80851898,C819,1,80851898|A672|C819|2026-01-08|net demand for forecast|019189,20260108-A672-C819-SMALL-#1,2026-01-08
2026-01-15,80851898,C819,1,80851898|A672|C819|2026-01-08|net demand for forecast|019190,20260108-A672-C819-SMALL-#1,2026-01-08
2026-01-15,80807095,C819,45,80807095|A672|C819|2026-01-05|net demand for safety|014864,20260108-A672-C819-SMALL-#1,2026-01-08
2026-01-15,80807118,C819,1,80807118|A672|C819|2026-01-05|net demand for safety|014889,20260108-A672-C819-SMALL-#1,2026-01-08
2026-01-15,80807118,C819,2,80807118|A672|C819|2026-01-06|net demand for safety|016192,20260108-A672-C819-SMALL-#1,2026-01-08
2026-01-15,80807118,C819,2,80807118|A672|C819|2026-01-08|net demand for safety|019058,20260108-A672-C819-SMALL-#1,2026-01-08
2026-01-15,80793615,A672,1,80793615|0386|A672|2026-01-08|net demand for AO|018199,20260108-0386-A672-Train-#1,2026-01-08
2026-01-15,80793615,A672,2,80793615|0386|A672|2026-01-08|net demand for AO|018200,20260108-0386-A672-Train-#1,2026-01-08
2026-01-15,80793615,A672,3,80793615|0386|A672|2026-01-08|net demand for AO|018201,20260108-0386-A672-Train-#1,2026-01-08
2026-01-15,80793615,A672,3,80793615|0386|A672|2026-01-08|net demand for AO|018202,20260108-0386-A672-Train-#1,2026-01-08
2026-01-15,80793615,A672,3,80793615|0386|A672|2026-01-08|net demand for AO|018203,20260108-0386-A672-Train-#1,2026-01-08
2026-01-15,80793615,A672,3,80793615|0386|A672|2026-01-08|net demand for AO|018204,20260108-0386-A672-Train-#1,2026-01-08
2026-01-15,80793615,A672,3,80793615|0386|A672|2026-01-08|net demand for AO|018205,20260108-0386-A672-Train-#1,2026-01-08
2026-01-15,80793615,A672,7,80793615|0386|A672|2026-01-08|net demand for AO|018206,20260108-0386-A672-Train-#1,2026-01-08
2026-01-15,80793615,A672,7,80793615|0386|A672|2026-01-08|net demand for AO|018207,20260108-0386-A672-Train-#1,2026-01-08
2026-01-15,80796091,A672,1,80796091|0386|A672|2026-01-08|net demand for AO|018332,20260108-0386-A672-Train-#1,2026-01-08
2026-01-15,80796091,A672,1,80796091|0386|A672|2026-01-08|net demand for AO|018334,20260108-0386-A672-Train-#1,2026-01-08
2026-01-15,80796091,A672,5,80796091|0386|A672|2026-01-08|net demand for AO|018337,20260108-0386-A672-Train-#1,2026-01-08
2026-01-15,80807096,A672,1,80807096|0386|A672|2026-01-08|net demand for AO|018782,20260108-0386-A672-Train-#1,2026-01-08
2026-01-15,80807096,A672,1,80807096|0386|A672|2026-01-08|net demand for AO|018783,20260108-0386-A672-Train-#1,2026-01-08
2026-01-15,80807096,A672,1,80807096|0386|A672|2026-01-08|net demand for AO|018784,20260108-0386-A672-Train-#1,2026-01-08
2026-01-15,80807096,A672,1,80807096|0386|A672|2026-01-08|net demand for AO|018785,20260108-0386-A672-Train-#1,2026-01-08
2026-01-15,80807096,A672,1,80807096|0386|A672|2026-01-08|net demand for AO|018786,20260108-0386-A672-Train-#1,2026-01-08
2026-01-15,80807096,A672,1,80807096|0386|A672|2026-01-08|net demand for AO|018787,20260108-0386-A672-Train-#1,2026-01-08
2026-01-15,80807096,A672,1,80807096|0386|A672|2026-01-08|net demand for AO|018788,20260108-0386-A672-Train-#1,2026-01-08
2026-01-15,80807096,A672,2,80807096|0386|A672|2026-01-08|net demand for AO|018789,20260108-0386-A672-Train-#1,2026-01-08
2026-01-15,80807096,A672,2,80807096|0386|A672|2026-01-08|net demand for AO|018790,20260108-0386-A672-Train-#1,2026-01-08
2026-01-15,80807096,A672,3,80807096|0386|A672|2026-01-08|net demand for AO|018791,20260108-0386-A672-Train-#1,2026-01-08
2026-01-15,80807096,A672,4,80807096|0386|A672|2026-01-08|net demand for AO|018792,20260108-0386-A672-Train-#1,2026-01-08
2026-01-15,80807096,A672,4,80807096|0386|A672|2026-01-08|net demand for AO|018793,20260108-0386-A672-Train-#1,2026-01-08
2026-01-15,80807096,A672,5,80807096|0386|A672|2026-01-08|net demand for AO|018794,20260108-0386-A672-Train-#1,2026-01-08
2026-01-15,80807096,A672,1,80807096|0386|A672|2026-01-08|net demand for net demand for AO|018807,20260108-0386-A672-Train-#1,2026-01-08
2026-01-15,80807096,A672,1,80807096|0386|A672|2026-01-08|net demand for net demand for AO|018808,20260108-0386-A672-Train-#1,2026-01-08
2026-01-15,21121756,A672,4,21121756|0386|A672|2026-01-08|net demand for forecast|017731,20260108-0386-A672-Train-#1,2026-01-08
2026-01-15,21121756,A672,4,21121756|0386|A672|2026-01-08|net demand for forecast|017732,20260108-0386-A672-Train-#1,2026-01-08
2026-01-15,21121756,A672,4,21121756|0386|A672|2026-01-08|net demand for forecast|017733,20260108-0386-A672-Train-#1,2026-01-08
2026-01-15,21121756,A672,4,21121756|0386|A672|2026-01-08|net demand for forecast|017734,20260108-0386-A672-Train-#1,2026-01-08
2026-01-15,21121756,A672,4,21121756|0386|A672|2026-01-08|net demand for forecast|017735,20260108-0386-A672-Train-#1,2026-01-08
2026-01-15,21121756,A672,4,21121756|0386|A672|2026-01-08|net demand for forecast|017736,20260108-0386-A672-Train-#1,2026-01-08
2026-01-15,21121756,A672,4,21121756|0386|A672|2026-01-08|net demand for forecast|017737,20260108-0386-A672-Train-#1,2026-01-08
2026-01-15,21121756,A672,4,21121756|0386|A672|2026-01-08|net demand for forecast|017738,20260108-0386-A672-Train-#1,2026-01-08
2026-01-15,21121756,A672,4,21121756|0386|A672|2026-01-08|net demand for forecast|017739,20260108-0386-A672-Train-#1,2026-01-08
2026-01-15,21121756,A672,4,21121756|0386|A672|2026-01-08|net demand for forecast|017740,20260108-0386-A672-Train-#1,2026-01-08
2026-01-15,21121756,A672,4,21121756|0386|A672|2026-01-08|net demand for forecast|017741,20260108-0386-A672-Train-#1,2026-01-08
2026-01-15,21132758,A672,5,21132758|0386|A672|2026-01-08|net demand for forecast|017841,20260108-0386-A672-Train-#1,2026-01-08
2026-01-15,21132758,A672,5,21132758|0386|A672|2026-01-08|net demand for forecast|017842,20260108-0386-A672-Train-#1,2026-01-08
2026-01-15,21132758,A672,5,21132758|0386|A672|2026-01-08|net demand for forecast|017843,20260108-0386-A672-Train-#1,2026-01-08
2026-01-15,21132758,A672,6,21132758|0386|A672|2026-01-08|net demand for forecast|017844,20260108-0386-A672-Train-#1,2026-01-08
2026-01-15,21132758,A672,6,21132758|0386|A672|2026-01-08|net demand for forecast|017845,20260108-0386-A672-Train-#1,2026-01-08
2026-01-15,21132758,A672,6,21132758|0386|A672|2026-01-08|net demand for forecast|017846,20260108-0386-A672-Train-#1,2026-01-08
2026-01-15,21132758,A672,6,21132758|0386|A672|2026-01-08|net demand for forecast|017847,20260108-0386-A672-Train-#1,2026-01-08
2026-01-15,21132758,A672,6,21132758|0386|A672|2026-01-08|net demand for forecast|017848,20260108-0386-A672-Train-#1,2026-01-08
2026-01-15,21132758,A672,6,21132758|0386|A672|2026-01-08|net demand for forecast|017849,20260108-0386-A672-Train-#1,2026-01-08
2026-01-15,21132758,A672,6,21132758|0386|A672|2026-01-08|net demand for forecast|017850,20260108-0386-A672-Train-#1,2026-01-08
2026-01-15,21132758,A672,6,21132758|0386|A672|2026-01-08|net demand for forecast|017851,20260108-0386-A672-Train-#1,2026-01-08
2026-01-15,21132758,A672,6,21132758|0386|A672|2026-01-08|net demand for forecast|017852,20260108-0386-A672-Train-#1,2026-01-08
2026-01-15,21303404,A672,2,21303404|0386|A672|2026-01-08|net demand for forecast|018044,20260108-0386-A672-Train-#1,2026-01-08
2026-01-15,21303404,A672,2,21303404|0386|A672|2026-01-08|net demand for forecast|018045,20260108-0386-A672-Train-#1,2026-01-08
2026-01-15,21303404,A672,2,21303404|0386|A672|2026-01-08|net demand for forecast|018046,20260108-0386-A672-Train-#1,2026-01-08
2026-01-15,21303404,A672,2,21303404|0386|A672|2026-01-08|net demand for forecast|018047,20260108-0386-A672-Train-#1,2026-01-08
2026-01-15,21303404,A672,2,21303404|0386|A672|2026-01-08|net demand for forecast|018048,20260108-0386-A672-Train-#1,2026-01-08
2026-01-15,21303404,A672,2,21303404|0386|A672|2026-01-08|net demand for forecast|018049,20260108-0386-A672-Train-#1,2026-01-08
2026-01-15,21303404,A672,2,21303404|0386|A672|2026-01-08|net demand for forecast|018050,20260108-0386-A672-Train-#1,2026-01-08
2026-01-15,21303404,A672,2,21303404|0386|A672|2026-01-08|net demand for forecast|018051,20260108-0386-A672-Train-#1,2026-01-08
2026-01-15,21303404,A672,2,21303404|0386|A672|2026-01-08|net demand for forecast|018052,20260108-0386-A672-Train-#1,2026-01-08
2026-01-15,21303404,A672,2,21303404|0386|A672|2026-01-08|net demand for forecast|018053,20260108-0386-A672-Train-#1,2026-01-08
2026-01-15,21303404,A672,3,21303404|0386|A672|2026-01-08|net demand for forecast|018054,20260108-0386-A672-Train-#1,2026-01-08
2026-01-15,21303404,A672,3,21303404|0386|A672|2026-01-08|net demand for forecast|018055,20260108-0386-A672-Train-#1,2026-01-08
2026-01-15,80793615,A672,4,80793615|0386|A672|2026-01-08|net demand for forecast|018208,20260108-0386-A672-Train-#1,2026-01-08
2026-01-15,80793615,A672,6,80793615|0386|A672|2026-01-08|net demand for forecast|018209,20260108-0386-A672-Train-#1,2026-01-08
2026-01-15,80793615,A672,7,80793615|0386|A672|2026-01-08|net demand for forecast|018210,20260108-0386-A672-Train-#1,2026-01-08
2026-01-15,80793615,A672,7,80793615|0386|A672|2026-01-08|net demand for forecast|018211,20260108-0386-A672-Train-#1,2026-01-08
2026-01-15,80793615,A672,8,80793615|0386|A672|2026-01-08|net demand for forecast|018212,20260108-0386-A672-Train-#1,2026-01-08
2026-01-15,80793615,A672,8,80793615|0386|A672|2026-01-08|net demand for forecast|018213,20260108-0386-A672-Train-#1,2026-01-08
2026-01-15,80793615,A672,8,80793615|0386|A672|2026-01-08|net demand for forecast|018214,20260108-0386-A672-Train-#1,2026-01-08
2026-01-15,80793615,A672,8,80793615|0386|A672|2026-01-08|net demand for forecast|018215,20260108-0386-A672-Train-#1,2026-01-08
2026-01-15,80793615,A672,8,80793615|0386|A672|2026-01-08|net demand for forecast|018216,20260108-0386-A672-Train-#1,2026-01-08
2026-01-15,80793615,A672,8,80793615|0386|A672|2026-01-08|net demand for forecast|018217,20260108-0386-A672-Train-#1,2026-01-08
2026-01-15,80793615,A672,8,80793615|0386|A672|2026-01-08|net demand for forecast|018218,20260108-0386-A672-Train-#1,2026-01-08
2026-01-15,80796091,A672,2,80796091|0386|A672|2026-01-08|net demand for forecast|018338,20260108-0386-A672-Train-#1,2026-01-08
2026-01-15,80796091,A672,3,80796091|0386|A672|2026-01-08|net demand for forecast|018339,20260108-0386-A672-Train-#1,2026-01-08
2026-01-15,80796091,A672,4,80796091|0386|A672|2026-01-08|net demand for forecast|018340,20260108-0386-A672-Train-#1,2026-01-08
2026-01-15,80796091,A672,5,80796091|0386|A672|2026-01-08|net demand for forecast|018342,20260108-0386-A672-Train-#1,2026-01-08
2026-01-15,80796091,A672,5,80796091|0386|A672|2026-01-08|net demand for forecast|018343,20260108-0386-A672-Train-#1,2026-01-08
2026-01-15,80796091,A672,5,80796091|0386|A672|2026-01-08|net demand for forecast|018344,20260108-0386-A672-Train-#1,2026-01-08
2026-01-15,80796091,A672,5,80796091|0386|A672|2026-01-08|net demand for forecast|018345,20260108-0386-A672-Train-#1,2026-01-08
2026-01-15,80796091,A672,5,80796091|0386|A672|2026-01-08|net demand for forecast|018346,20260108-0386-A672-Train-#1,2026-01-08
2026-01-15,80796091,A672,5,80796091|0386|A672|2026-01-08|net demand for forecast|018347,20260108-0386-A672-Train-#1,2026-01-08
2026-01-15,80796091,A672,5,80796091|0386|A672|2026-01-08|net demand for forecast|018348,20260108-0386-A672-Train-#1,2026-01-08
2026-01-15,80796091,A672,5,80796091|0386|A672|2026-01-08|net demand for forecast|018349,20260108-0386-A672-Train-#1,2026-01-08
2026-01-15,80807096,A672,30,80807096|0386|A672|2026-01-08|net demand for forecast|018796,20260108-0386-A672-Train-#1,2026-01-08
2026-01-15,80807096,A672,38,80807096|0386|A672|2026-01-08|net demand for forecast|018797,20260108-0386-A672-Train-#1,2026-01-08
2026-01-15,80807096,A672,45,80807096|0386|A672|2026-01-08|net demand for forecast|018799,20260108-0386-A672-Train-#1,2026-01-08
2026-01-15,80807096,A672,52,80807096|0386|A672|2026-01-08|net demand for forecast|018801,20260108-0386-A672-Train-#1,2026-01-08
2026-01-15,80807096,A672,52,80807096|0386|A672|2026-01-08|net demand for forecast|018802,20260108-0386-A672-Train-#1,2026-01-08
2026-01-15,80807096,A672,52,80807096|0386|A672|2026-01-08|net demand for forecast|018803,20260108-0386-A672-Train-#1,2026-01-08
2026-01-15,80807096,A672,52,80807096|0386|A672|2026-01-08|net demand for forecast|018804,20260108-0386-A672-Train-#1,2026-01-08
2026-01-15,80807096,A672,52,80807096|0386|A672|2026-01-08|net demand for forecast|018805,20260108-0386-A672-Train-#1,2026-01-08
2026-01-15,80807096,A672,52,80807096|0386|A672|2026-01-08|net demand for forecast|018806,20260108-0386-A672-Train-#1,2026-01-08
2026-01-15,80807100,A672,4,80807100|0386|A672|2026-01-08|net demand for forecast|018875,20260108-0386-A672-Train-#1,2026-01-08
2026-01-15,80807100,A672,5,80807100|0386|A672|2026-01-08|net demand for forecast|018876,20260108-0386-A672-Train-#1,2026-01-08
2026-01-15,80807100,A672,6,80807100|0386|A672|2026-01-08|net demand for forecast|018877,20260108-0386-A672-Train-#1,2026-01-08
2026-01-15,80807100,A672,6,80807100|0386|A672|2026-01-08|net demand for forecast|018878,20260108-0386-A672-Train-#1,2026-01-08
2026-01-15,80807100,A672,7,80807100|0386|A672|2026-01-08|net demand for forecast|018881,20260108-0386-A672-Train-#1,2026-01-08
2026-01-15,80807100,A672,7,80807100|0386|A672|2026-01-08|net demand for forecast|018882,20260108-0386-A672-Train-#1,2026-01-08
2026-01-15,80807100,A672,7,80807100|0386|A672|2026-01-08|net demand for forecast|018883,20260108-0386-A672-Train-#1,2026-01-08
2026-01-15,80807100,A672,7,80807100|0386|A672|2026-01-08|net demand for forecast|018884,20260108-0386-A672-Train-#1,2026-01-08
2026-01-15,80807100,A672,7,80807100|0386|A672|2026-01-08|net demand for forecast|018885,20260108-0386-A672-Train-#1,2026-01-08
2026-01-15,21121756,A672,1,21121756|0386|A672|2026-01-08|net demand for net demand for forecast|017742,20260108-0386-A672-Train-#1,2026-01-08
2026-01-15,21121756,A672,1,21121756|0386|A672|2026-01-08|net demand for net demand for forecast|017743,20260108-0386-A672-Train-#1,2026-01-08
2026-01-15,21121756,A672,1,21121756|0386|A672|2026-01-08|net demand for net demand for forecast|017744,20260108-0386-A672-Train-#1,2026-01-08
2026-01-15,21303404,A672,1,21303404|0386|A672|2026-01-08|net demand for net demand for forecast|018056,20260108-0386-A672-Train-#1,2026-01-08
2026-01-15,21303404,A672,1,21303404|0386|A672|2026-01-08|net demand for net demand for forecast|018057,20260108-0386-A672-Train-#1,2026-01-08
2026-01-15,21303404,A672,1,21303404|0386|A672|2026-01-08|net demand for net demand for forecast|018058,20260108-0386-A672-Train-#1,2026-01-08
2026-01-15,21303404,A672,1,21303404|0386|A672|2026-01-08|net demand for net demand for forecast|018060,20260108-0386-A672-Train-#1,2026-01-08
2026-01-15,21121756,A672,68,21121756|0386|A672|2026-01-08|net demand for safety|017746,20260108-0386-A672-Train-#1,2026-01-08
2026-01-15,21132758,A672,113,21132758|0386|A672|2026-01-08|net demand for safety|017853,20260108-0386-A672-Train-#1,2026-01-08
2026-01-15,21303404,A672,23,21303404|0386|A672|2026-01-08|net demand for safety|018062,20260108-0386-A672-Train-#1,2026-01-08
2026-01-15,80793615,A672,66,80793615|0386|A672|2026-01-08|net demand for safety|018219,20260108-0386-A672-Train-#1,2026-01-08
2026-01-15,80796091,A672,43,80796091|0386|A672|2026-01-08|net demand for safety|018350,20260108-0386-A672-Train-#1,2026-01-08
2026-01-15,80807100,A672,493,80807100|0386|A672|2026-01-08|net demand for safety|018887,20260108-0386-A672-Train-#1,2026-01-08
2026-01-15,21121756,A672,1,21121756|0386|A672|2026-01-08|net demand for net demand for safety|017745,20260108-0386-A672-Train-#1,2026-01-08
2026-01-15,21303404,A672,5,21303404|0386|A672|2026-01-08|net demand for net demand for safety|018061,20260108-0386-A672-Train-#1,2026-01-08
2026-01-15,80804132,A672,1,80804132|0386|A672|2026-01-08|net demand for net demand for safety|018449,20260108-0386-A672-Train-#1,2026-01-08
2026-01-15,80807100,A672,59,80807100|0386|A672|2026-01-08|net demand for net demand for safety|018886,20260108-0386-A672-Train-#1,2026-01-08
2026-01-15,21121756,A672,70,21121756|0386|A672|2026-01-08|push replenishment|017747,20260108-0386-A672-Train-#1,2026-01-08
2026-01-15,80793615,A672,336,80793615|0386|A672|2026-01-08|push replenishment|018220,20260108-0386-A672-Train-#1,2026-01-08
2026-01-15,80796091,A672,421,80796091|0386|A672|2026-01-08|push replenishment|018351,20260108-0386-A672-Train-#1,2026-01-08
2026-01-15,80807100,A672,479,80807100|0386|A672|2026-01-08|push replenishment|018888,20260108-0386-A672-Train-#1,2026-01-08
2026-01-15,80807112,A672,872,80807112|0386|A672|2026-01-08|push replenishment|018968,20260108-0386-A672-Train-#1,2026-01-08
2026-01-15,80807118,A672,534,80807118|0386|A672|2026-01-08|push replenishment|019041,20260108-0386-A672-Train-#1,2026-01-08
2026-01-15,80793615,A680,2,80793615|0386|A680|2026-01-08|net demand for AO|018237,20260108-0386-A680-Train-#1,2026-01-08
2026-01-15,80793615,A680,2,80793615|0386|A680|2026-01-08|net demand for AO|018238,20260108-0386-A680-Train-#1,2026-01-08
2026-01-15,80793615,A680,5,80793615|0386|A680|2026-01-08|net demand for AO|018239,20260108-0386-A680-Train-#1,2026-01-08
2026-01-15,80796091,A680,1,80796091|0386|A680|2026-01-08|net demand for AO|018369,20260108-0386-A680-Train-#1,2026-01-08
2026-01-15,80796091,A680,2,80796091|0386|A680|2026-01-08|net demand for AO|018370,20260108-0386-A680-Train-#1,2026-01-08
2026-01-15,80796091,A680,2,80796091|0386|A680|2026-01-08|net demand for AO|018371,20260108-0386-A680-Train-#1,2026-01-08
2026-01-15,80807100,A680,1,80807100|0386|A680|2026-01-08|net demand for AO|018901,20260108-0386-A680-Train-#1,2026-01-08
2026-01-15,80807100,A680,1,80807100|0386|A680|2026-01-08|net demand for AO|018902,20260108-0386-A680-Train-#1,2026-01-08
2026-01-15,80807100,A680,1,80807100|0386|A680|2026-01-08|net demand for AO|018904,20260108-0386-A680-Train-#1,2026-01-08
2026-01-15,80807100,A680,2,80807100|0386|A680|2026-01-08|net demand for AO|018905,20260108-0386-A680-Train-#1,2026-01-08
2026-01-15,80807100,A680,2,80807100|0386|A680|2026-01-08|net demand for AO|018906,20260108-0386-A680-Train-#1,2026-01-08
2026-01-15,21132758,A680,3,21132758|0386|A680|2026-01-08|net demand for forecast|017855,20260108-0386-A680-Train-#1,2026-01-08
2026-01-15,21132758,A680,3,21132758|0386|A680|2026-01-08|net demand for forecast|017856,20260108-0386-A680-Train-#1,2026-01-08
2026-01-15,21132758,A680,3,21132758|0386|A680|2026-01-08|net demand for forecast|017857,20260108-0386-A680-Train-#1,2026-01-08
2026-01-15,21132758,A680,3,21132758|0386|A680|2026-01-08|net demand for forecast|017858,20260108-0386-A680-Train-#1,2026-01-08
2026-01-15,21132758,A680,3,21132758|0386|A680|2026-01-08|net demand for forecast|017859,20260108-0386-A680-Train-#1,2026-01-08
2026-01-15,21132758,A680,3,21132758|0386|A680|2026-01-08|net demand for forecast|017860,20260108-0386-A680-Train-#1,2026-01-08
2026-01-15,21132758,A680,3,21132758|0386|A680|2026-01-08|net demand for forecast|017862,20260108-0386-A680-Train-#1,2026-01-08
2026-01-15,21132758,A680,3,21132758|0386|A680|2026-01-08|net demand for forecast|017863,20260108-0386-A680-Train-#1,2026-01-08
2026-01-15,21132758,A680,3,21132758|0386|A680|2026-01-08|net demand for forecast|017864,20260108-0386-A680-Train-#1,2026-01-08
2026-01-15,21132758,A680,3,21132758|0386|A680|2026-01-08|net demand for forecast|017865,20260108-0386-A680-Train-#1,2026-01-08
2026-01-15,21132758,A680,3,21132758|0386|A680|2026-01-08|net demand for forecast|017866,20260108-0386-A680-Train-#1,2026-01-08
2026-01-15,80793615,A680,2,80793615|0386|A680|2026-01-08|net demand for forecast|018240,20260108-0386-A680-Train-#1,2026-01-08
2026-01-15,80793615,A680,2,80793615|0386|A680|2026-01-08|net demand for forecast|018241,20260108-0386-A680-Train-#1,2026-01-08
2026-01-15,80793615,A680,2,80793615|0386|A680|2026-01-08|net demand for forecast|018242,20260108-0386-A680-Train-#1,2026-01-08
2026-01-15,80793615,A680,2,80793615|0386|A680|2026-01-08|net demand for forecast|018243,20260108-0386-A680-Train-#1,2026-01-08
2026-01-15,80793615,A680,2,80793615|0386|A680|2026-01-08|net demand for forecast|018244,20260108-0386-A680-Train-#1,2026-01-08
2026-01-15,80793615,A680,2,80793615|0386|A680|2026-01-08|net demand for forecast|018245,20260108-0386-A680-Train-#1,2026-01-08
2026-01-15,80793615,A680,3,80793615|0386|A680|2026-01-08|net demand for forecast|018246,20260108-0386-A680-Train-#1,2026-01-08
2026-01-15,80793615,A680,3,80793615|0386|A680|2026-01-08|net demand for forecast|018247,20260108-0386-A680-Train-#1,2026-01-08
2026-01-15,80793615,A680,3,80793615|0386|A680|2026-01-08|net demand for forecast|018248,20260108-0386-A680-Train-#1,2026-01-08
2026-01-15,80793615,A680,3,80793615|0386|A680|2026-01-08|net demand for forecast|018249,20260108-0386-A680-Train-#1,2026-01-08
2026-01-15,80793615,A680,3,80793615|0386|A680|2026-01-08|net demand for forecast|018250,20260108-0386-A680-Train-#1,2026-01-08
2026-01-15,80796091,A680,1,80796091|0386|A680|2026-01-08|net demand for forecast|018372,20260108-0386-A680-Train-#1,2026-01-08
2026-01-15,80796091,A680,1,80796091|0386|A680|2026-01-08|net demand for forecast|018373,20260108-0386-A680-Train-#1,2026-01-08
2026-01-15,80796091,A680,1,80796091|0386|A680|2026-01-08|net demand for forecast|018374,20260108-0386-A680-Train-#1,2026-01-08
2026-01-15,80796091,A680,1,80796091|0386|A680|2026-01-08|net demand for forecast|018375,20260108-0386-A680-Train-#1,2026-01-08
2026-01-15,80796091,A680,2,80796091|0386|A680|2026-01-08|net demand for forecast|018376,20260108-0386-A680-Train-#1,2026-01-08
2026-01-15,80796091,A680,2,80796091|0386|A680|2026-01-08|net demand for forecast|018377,20260108-0386-A680-Train-#1,2026-01-08
2026-01-15,80796091,A680,2,80796091|0386|A680|2026-01-08|net demand for forecast|018378,20260108-0386-A680-Train-#1,2026-01-08
2026-01-15,80796091,A680,2,80796091|0386|A680|2026-01-08|net demand for forecast|018379,20260108-0386-A680-Train-#1,2026-01-08
2026-01-15,80796091,A680,2,80796091|0386|A680|2026-01-08|net demand for forecast|018380,20260108-0386-A680-Train-#1,2026-01-08
2026-01-15,80796091,A680,2,80796091|0386|A680|2026-01-08|net demand for forecast|018381,20260108-0386-A680-Train-#1,2026-01-08
2026-01-15,80807100,A680,1,80807100|0386|A680|2026-01-08|net demand for forecast|018907,20260108-0386-A680-Train-#1,2026-01-08
2026-01-15,80807100,A680,2,80807100|0386|A680|2026-01-08|net demand for forecast|018908,20260108-0386-A680-Train-#1,2026-01-08
2026-01-15,80807100,A680,2,80807100|0386|A680|2026-01-08|net demand for forecast|018910,20260108-0386-A680-Train-#1,2026-01-08
2026-01-15,80807100,A680,2,80807100|0386|A680|2026-01-08|net demand for forecast|018911,20260108-0386-A680-Train-#1,2026-01-08
2026-01-15,80807100,A680,2,80807100|0386|A680|2026-01-08|net demand for forecast|018912,20260108-0386-A680-Train-#1,2026-01-08
2026-01-15,80807100,A680,2,80807100|0386|A680|2026-01-08|net demand for forecast|018913,20260108-0386-A680-Train-#1,2026-01-08
2026-01-15,80807100,A680,2,80807100|0386|A680|2026-01-08|net demand for forecast|018914,20260108-0386-A680-Train-#1,2026-01-08
2026-01-15,80807100,A680,3,80807100|0386|A680|2026-01-08|net demand for forecast|018915,20260108-0386-A680-Train-#1,2026-01-08
2026-01-15,80807100,A680,3,80807100|0386|A680|2026-01-08|net demand for forecast|018916,20260108-0386-A680-Train-#1,2026-01-08
2026-01-15,21121756,A680,9,21121756|0386|A680|2026-01-08|net demand for safety|017761,20260108-0386-A680-Train-#1,2026-01-08
2026-01-15,21132758,A680,35,21132758|0386|A680|2026-01-08|net demand for safety|017867,20260108-0386-A680-Train-#1,2026-01-08
2026-01-15,80793615,A680,22,80793615|0386|A680|2026-01-08|net demand for safety|018251,20260108-0386-A680-Train-#1,2026-01-08
2026-01-15,80796091,A680,14,80796091|0386|A680|2026-01-08|net demand for safety|018382,20260108-0386-A680-Train-#1,2026-01-08
2026-01-15,80807100,A680,18,80807100|0386|A680|2026-01-08|net demand for safety|018917,20260108-0386-A680-Train-#1,2026-01-08
2026-01-15,21121756,A680,16,21121756|0386|A680|2026-01-08|push replenishment|017762,20260108-0386-A680-Train-#1,2026-01-08
2026-01-15,21128067,A680,30,21128067|0386|A680|2026-01-08|push replenishment|017821,20260108-0386-A680-Train-#1,2026-01-08
2026-01-15,80793615,A680,112,80793615|0386|A680|2026-01-08|push replenishment|018252,20260108-0386-A680-Train-#1,2026-01-08
2026-01-15,80796091,A680,137,80796091|0386|A680|2026-01-08|push replenishment|018383,20260108-0386-A680-Train-#1,2026-01-08
2026-01-15,80807100,A680,17,80807100|0386|A680|2026-01-08|push replenishment|018918,20260108-0386-A680-Train-#1,2026-01-08
2026-01-15,80807112,A680,114,80807112|0386|A680|2026-01-08|push replenishment|018970,20260108-0386-A680-Train-#1,2026-01-08
2026-01-15,80807113,A680,81,80807113|0386|A680|2026-01-08|push replenishment|018993,20260108-0386-A680-Train-#1,2026-01-08
2026-01-15,80807118,A680,71,80807118|0386|A680|2026-01-08|push replenishment|019043,20260108-0386-A680-Train-#1,2026-01-08
2026-01-15,21132988,E564,3,21132988|C816|E564|2026-01-08|net demand for forecast|017945,20260109-C816-E564-SMALL-#1,2026-01-09
2026-01-15,21132988,E564,4,21132988|C816|E564|2026-01-08|net demand for forecast|017950,20260109-C816-E564-SMALL-#1,2026-01-09
2026-01-15,21132988,E564,4,21132988|C816|E564|2026-01-08|net demand for forecast|017951,20260109-C816-E564-SMALL-#1,2026-01-09
2026-01-15,80804132,E564,1,80804132|C816|E564|2026-01-08|net demand for forecast|018472,20260109-C816-E564-SMALL-#1,2026-01-09
2026-01-15,80804132,E564,1,80804132|C816|E564|2026-01-08|net demand for forecast|018476,20260109-C816-E564-SMALL-#1,2026-01-09
2026-01-15,21029016,E564,1,21029016|C816|E564|2026-01-09|net demand for forecast|019218,20260109-C816-E564-SMALL-#1,2026-01-09
2026-01-15,80804132,E564,1,80804132|C816|E564|2026-01-09|net demand for forecast|019570,20260109-C816-E564-SMALL-#1,2026-01-09
2026-01-15,80804134,E564,2,80804134|C816|E564|2026-01-09|net demand for forecast|019612,20260109-C816-E564-SMALL-#1,2026-01-09
2026-01-15,80807120,E564,5,80807120|C816|E564|2026-01-08|net demand for safety|019070,20260109-C816-E564-SMALL-#1,2026-01-09
2026-01-15,21442896,A680,8,21442896|C816|A680|2025-12-30|net demand for normal|008705,20260109-C816-A680-Train-#1,2026-01-09
2026-01-15,80885920,A680,8,80885920|C816|A680|2026-01-01|net demand for normal|010995,20260109-C816-A680-Train-#1,2026-01-09
2026-01-15,21442896,A680,1,21442896|C816|A680|2026-01-02|net demand for normal|011433,20260109-C816-A680-Train-#1,2026-01-09
2026-01-15,21442897,A680,1,21442897|C816|A680|2026-01-03|net demand for normal|012172,20260109-C816-A680-Train-#1,2026-01-09
2026-01-15,80885920,A680,3,80885920|C816|A680|2026-01-06|net demand for normal|016583,20260109-C816-A680-Train-#1,2026-01-09
2026-01-15,80885920,A680,2,80885920|C816|A680|2026-01-07|net demand for normal|017671,20260109-C816-A680-Train-#1,2026-01-09
2026-01-15,21419500,A680,3,21419500|C816|A680|2026-01-08|net demand for normal|018149,20260109-C816-A680-Train-#1,2026-01-09
2026-01-15,80804706,A680,1,80804706|C816|A680|2026-01-08|net demand for normal|018750,20260109-C816-A680-Train-#1,2026-01-09
2026-01-15,80885920,A680,2,80885920|C816|A680|2026-01-08|net demand for normal|019216,20260109-C816-A680-Train-#1,2026-01-09
2026-01-15,21419500,A680,3,21419500|C816|A680|2026-01-09|net demand for normal|019512,20260109-C816-A680-Train-#1,2026-01-09
2026-01-15,80804703,A680,1,80804703|C816|A680|2026-01-09|net demand for normal|019753,20260109-C816-A680-Train-#1,2026-01-09
2026-01-15,80885920,A680,1,80885920|C816|A680|2026-01-09|net demand for normal|020431,20260109-C816-A680-Train-#1,2026-01-09
2026-01-15,80807122,A680,1,80807122|C816|A680|2026-01-09|net demand for AO|020066,20260109-C816-A680-Train-#1,2026-01-09
2026-01-15,80807122,A680,1,80807122|C816|A680|2026-01-09|net demand for AO|020067,20260109-C816-A680-Train-#1,2026-01-09
2026-01-15,21442896,A680,5,21442896|C816|A680|2025-12-30|net demand for forecast|008698,20260109-C816-A680-Train-#1,2026-01-09
2026-01-15,21442896,A680,6,21442896|C816|A680|2025-12-30|net demand for forecast|008700,20260109-C816-A680-Train-#1,2026-01-09
2026-01-15,21442896,A680,6,21442896|C816|A680|2025-12-30|net demand for forecast|008701,20260109-C816-A680-Train-#1,2026-01-09
2026-01-15,21442896,A680,6,21442896|C816|A680|2025-12-30|net demand for forecast|008702,20260109-C816-A680-Train-#1,2026-01-09
2026-01-15,21442896,A680,6,21442896|C816|A680|2025-12-30|net demand for forecast|008703,20260109-C816-A680-Train-#1,2026-01-09
2026-01-15,21442896,A680,6,21442896|C816|A680|2025-12-30|net demand for forecast|008704,20260109-C816-A680-Train-#1,2026-01-09
2026-01-15,21442897,A680,4,21442897|C816|A680|2025-12-30|net demand for forecast|008730,20260109-C816-A680-Train-#1,2026-01-09
2026-01-15,21442897,A680,4,21442897|C816|A680|2025-12-30|net demand for forecast|008731,20260109-C816-A680-Train-#1,2026-01-09
2026-01-15,21442897,A680,5,21442897|C816|A680|2025-12-30|net demand for forecast|008732,20260109-C816-A680-Train-#1,2026-01-09
2026-01-15,21442897,A680,5,21442897|C816|A680|2025-12-30|net demand for forecast|008733,20260109-C816-A680-Train-#1,2026-01-09
2026-01-15,21442897,A680,5,21442897|C816|A680|2025-12-30|net demand for forecast|008734,20260109-C816-A680-Train-#1,2026-01-09
2026-01-15,21442897,A680,5,21442897|C816|A680|2025-12-30|net demand for forecast|008735,20260109-C816-A680-Train-#1,2026-01-09
2026-01-15,21442896,A680,3,21442896|C816|A680|2025-12-31|net demand for forecast|009692,20260109-C816-A680-Train-#1,2026-01-09
2026-01-15,21442896,A680,3,21442896|C816|A680|2025-12-31|net demand for forecast|009693,20260109-C816-A680-Train-#1,2026-01-09
2026-01-15,21442896,A680,3,21442896|C816|A680|2025-12-31|net demand for forecast|009694,20260109-C816-A680-Train-#1,2026-01-09
2026-01-15,21442896,A680,3,21442896|C816|A680|2025-12-31|net demand for forecast|009695,20260109-C816-A680-Train-#1,2026-01-09
2026-01-15,21442896,A680,3,21442896|C816|A680|2025-12-31|net demand for forecast|009696,20260109-C816-A680-Train-#1,2026-01-09
2026-01-15,21442896,A680,3,21442896|C816|A680|2025-12-31|net demand for forecast|009697,20260109-C816-A680-Train-#1,2026-01-09
2026-01-15,21442896,A680,3,21442896|C816|A680|2025-12-31|net demand for forecast|009698,20260109-C816-A680-Train-#1,2026-01-09
2026-01-15,21442897,A680,2,21442897|C816|A680|2025-12-31|net demand for forecast|009707,20260109-C816-A680-Train-#1,2026-01-09
2026-01-15,21442897,A680,2,21442897|C816|A680|2025-12-31|net demand for forecast|009708,20260109-C816-A680-Train-#1,2026-01-09
2026-01-15,21442897,A680,2,21442897|C816|A680|2025-12-31|net demand for forecast|009709,20260109-C816-A680-Train-#1,2026-01-09
2026-01-15,21442897,A680,2,21442897|C816|A680|2025-12-31|net demand for forecast|009710,20260109-C816-A680-Train-#1,2026-01-09
2026-01-15,21442897,A680,3,21442897|C816|A680|2025-12-31|net demand for forecast|009711,20260109-C816-A680-Train-#1,2026-01-09
2026-01-15,21442897,A680,3,21442897|C816|A680|2025-12-31|net demand for forecast|009712,20260109-C816-A680-Train-#1,2026-01-09
2026-01-15,21442897,A680,3,21442897|C816|A680|2025-12-31|net demand for forecast|009713,20260109-C816-A680-Train-#1,2026-01-09
2026-01-15,21442897,A680,2,21442897|C816|A680|2026-01-01|net demand for forecast|010575,20260109-C816-A680-Train-#1,2026-01-09
2026-01-15,21442897,A680,2,21442897|C816|A680|2026-01-01|net demand for forecast|010576,20260109-C816-A680-Train-#1,2026-01-09
2026-01-15,21442897,A680,2,21442897|C816|A680|2026-01-01|net demand for forecast|010577,20260109-C816-A680-Train-#1,2026-01-09
2026-01-15,21442897,A680,2,21442897|C816|A680|2026-01-01|net demand for forecast|010578,20260109-C816-A680-Train-#1,2026-01-09
2026-01-15,21442897,A680,2,21442897|C816|A680|2026-01-01|net demand for forecast|010579,20260109-C816-A680-Train-#1,2026-01-09
2026-01-15,21442897,A680,2,21442897|C816|A680|2026-01-01|net demand for forecast|010580,20260109-C816-A680-Train-#1,2026-01-09
2026-01-15,21442897,A680,2,21442897|C816|A680|2026-01-01|net demand for forecast|010581,20260109-C816-A680-Train-#1,2026-01-09
2026-01-15,80807122,A680,1,80807122|C816|A680|2026-01-02|net demand for forecast|011585,20260109-C816-A680-Train-#1,2026-01-09
2026-01-15,80807122,A680,1,80807122|C816|A680|2026-01-02|net demand for forecast|011586,20260109-C816-A680-Train-#1,2026-01-09
2026-01-15,21442897,A680,1,21442897|C816|A680|2026-01-03|net demand for forecast|012165,20260109-C816-A680-Train-#1,2026-01-09
2026-01-15,21442897,A680,1,21442897|C816|A680|2026-01-03|net demand for forecast|012166,20260109-C816-A680-Train-#1,2026-01-09
2026-01-15,21442897,A680,1,21442897|C816|A680|2026-01-03|net demand for forecast|012167,20260109-C816-A680-Train-#1,2026-01-09
2026-01-15,21442897,A680,1,21442897|C816|A680|2026-01-03|net demand for forecast|012168,20260109-C816-A680-Train-#1,2026-01-09
2026-01-15,21442897,A680,1,21442897|C816|A680|2026-01-03|net demand for forecast|012169,20260109-C816-A680-Train-#1,2026-01-09
2026-01-15,21442897,A680,1,21442897|C816|A680|2026-01-03|net demand for forecast|012170,20260109-C816-A680-Train-#1,2026-01-09
2026-01-15,21442897,A680,1,21442897|C816|A680|2026-01-03|net demand for forecast|012171,20260109-C816-A680-Train-#1,2026-01-09
2026-01-15,80885920,A680,9,80885920|C816|A680|2026-01-03|net demand for forecast|012530,20260109-C816-A680-Train-#1,2026-01-09
2026-01-15,80885920,A680,9,80885920|C816|A680|2026-01-03|net demand for forecast|012532,20260109-C816-A680-Train-#1,2026-01-09
2026-01-15,80885920,A680,9,80885920|C816|A680|2026-01-03|net demand for forecast|012533,20260109-C816-A680-Train-#1,2026-01-09
2026-01-15,80885920,A680,10,80885920|C816|A680|2026-01-03|net demand for forecast|012534,20260109-C816-A680-Train-#1,2026-01-09
2026-01-15,80885920,A680,10,80885920|C816|A680|2026-01-03|net demand for forecast|012535,20260109-C816-A680-Train-#1,2026-01-09
2026-01-15,80885920,A680,11,80885920|C816|A680|2026-01-03|net demand for forecast|012536,20260109-C816-A680-Train-#1,2026-01-09
2026-01-15,80804701,A680,1,80804701|C816|A680|2026-01-04|net demand for forecast|013132,20260109-C816-A680-Train-#1,2026-01-09
2026-01-15,80804701,A680,1,80804701|C816|A680|2026-01-04|net demand for forecast|013133,20260109-C816-A680-Train-#1,2026-01-09
2026-01-15,80804701,A680,1,80804701|C816|A680|2026-01-04|net demand for forecast|013135,20260109-C816-A680-Train-#1,2026-01-09
2026-01-15,80804701,A680,1,80804701|C816|A680|2026-01-04|net demand for forecast|013136,20260109-C816-A680-Train-#1,2026-01-09
2026-01-15,80804701,A680,1,80804701|C816|A680|2026-01-04|net demand for forecast|013137,20260109-C816-A680-Train-#1,2026-01-09
2026-01-15,80804701,A680,1,80804701|C816|A680|2026-01-04|net demand for forecast|013138,20260109-C816-A680-Train-#1,2026-01-09
2026-01-15,80804703,A680,1,80804703|C816|A680|2026-01-04|net demand for forecast|013168,20260109-C816-A680-Train-#1,2026-01-09
2026-01-15,80804703,A680,1,80804703|C816|A680|2026-01-04|net demand for forecast|013169,20260109-C816-A680-Train-#1,2026-01-09
2026-01-15,80804703,A680,1,80804703|C816|A680|2026-01-04|net demand for forecast|013170,20260109-C816-A680-Train-#1,2026-01-09
2026-01-15,80804703,A680,1,80804703|C816|A680|2026-01-04|net demand for forecast|013171,20260109-C816-A680-Train-#1,2026-01-09
2026-01-15,80804703,A680,1,80804703|C816|A680|2026-01-04|net demand for forecast|013172,20260109-C816-A680-Train-#1,2026-01-09
2026-01-15,80804703,A680,1,80804703|C816|A680|2026-01-04|net demand for forecast|013173,20260109-C816-A680-Train-#1,2026-01-09
2026-01-15,80885920,A680,5,80885920|C816|A680|2026-01-04|net demand for forecast|013573,20260109-C816-A680-Train-#1,2026-01-09
2026-01-15,80885920,A680,5,80885920|C816|A680|2026-01-04|net demand for forecast|013574,20260109-C816-A680-Train-#1,2026-01-09
2026-01-15,80885920,A680,5,80885920|C816|A680|2026-01-04|net demand for forecast|013575,20260109-C816-A680-Train-#1,2026-01-09
2026-01-15,80885920,A680,5,80885920|C816|A680|2026-01-04|net demand for forecast|013576,20260109-C816-A680-Train-#1,2026-01-09
2026-01-15,80885920,A680,5,80885920|C816|A680|2026-01-04|net demand for forecast|013577,20260109-C816-A680-Train-#1,2026-01-09
2026-01-15,80885920,A680,6,80885920|C816|A680|2026-01-04|net demand for forecast|013578,20260109-C816-A680-Train-#1,2026-01-09
2026-01-15,80885920,A680,6,80885920|C816|A680|2026-01-04|net demand for forecast|013579,20260109-C816-A680-Train-#1,2026-01-09
2026-01-15,80804703,A680,2,80804703|C816|A680|2026-01-05|net demand for forecast|014620,20260109-C816-A680-Train-#1,2026-01-09
2026-01-15,80804703,A680,2,80804703|C816|A680|2026-01-05|net demand for forecast|014621,20260109-C816-A680-Train-#1,2026-01-09
2026-01-15,80804703,A680,2,80804703|C816|A680|2026-01-05|net demand for forecast|014622,20260109-C816-A680-Train-#1,2026-01-09
2026-01-15,80804703,A680,2,80804703|C816|A680|2026-01-05|net demand for forecast|014623,20260109-C816-A680-Train-#1,2026-01-09
2026-01-15,80804703,A680,2,80804703|C816|A680|2026-01-05|net demand for forecast|014624,20260109-C816-A680-Train-#1,2026-01-09
2026-01-15,80804703,A680,2,80804703|C816|A680|2026-01-05|net demand for forecast|014625,20260109-C816-A680-Train-#1,2026-01-09
2026-01-15,80804703,A680,2,80804703|C816|A680|2026-01-05|net demand for forecast|014626,20260109-C816-A680-Train-#1,2026-01-09
2026-01-15,80885920,A680,4,80885920|C816|A680|2026-01-05|net demand for forecast|015123,20260109-C816-A680-Train-#1,2026-01-09
2026-01-15,80885920,A680,4,80885920|C816|A680|2026-01-05|net demand for forecast|015124,20260109-C816-A680-Train-#1,2026-01-09
2026-01-15,80885920,A680,4,80885920|C816|A680|2026-01-05|net demand for forecast|015125,20260109-C816-A680-Train-#1,2026-01-09
2026-01-15,80885920,A680,4,80885920|C816|A680|2026-01-05|net demand for forecast|015126,20260109-C816-A680-Train-#1,2026-01-09
2026-01-15,80885920,A680,4,80885920|C816|A680|2026-01-05|net demand for forecast|015127,20260109-C816-A680-Train-#1,2026-01-09
2026-01-15,80885920,A680,4,80885920|C816|A680|2026-01-05|net demand for forecast|015128,20260109-C816-A680-Train-#1,2026-01-09
2026-01-15,80885920,A680,4,80885920|C816|A680|2026-01-05|net demand for forecast|015129,20260109-C816-A680-Train-#1,2026-01-09
2026-01-15,80804703,A680,2,80804703|C816|A680|2026-01-06|net demand for forecast|015704,20260109-C816-A680-Train-#1,2026-01-09
2026-01-15,80804703,A680,2,80804703|C816|A680|2026-01-06|net demand for forecast|015705,20260109-C816-A680-Train-#1,2026-01-09
2026-01-15,80804703,A680,2,80804703|C816|A680|2026-01-06|net demand for forecast|015706,20260109-C816-A680-Train-#1,2026-01-09
2026-01-15,80804703,A680,2,80804703|C816|A680|2026-01-06|net demand for forecast|015707,20260109-C816-A680-Train-#1,2026-01-09
2026-01-15,80804703,A680,2,80804703|C816|A680|2026-01-06|net demand for forecast|015708,20260109-C816-A680-Train-#1,2026-01-09
2026-01-15,80804703,A680,2,80804703|C816|A680|2026-01-06|net demand for forecast|015709,20260109-C816-A680-Train-#1,2026-01-09
2026-01-15,80804703,A680,2,80804703|C816|A680|2026-01-06|net demand for forecast|015710,20260109-C816-A680-Train-#1,2026-01-09
2026-01-15,80804704,A680,5,80804704|C816|A680|2026-01-06|net demand for forecast|015748,20260109-C816-A680-Train-#1,2026-01-09
2026-01-15,80804704,A680,5,80804704|C816|A680|2026-01-06|net demand for forecast|015749,20260109-C816-A680-Train-#1,2026-01-09
2026-01-15,80804704,A680,5,80804704|C816|A680|2026-01-06|net demand for forecast|015750,20260109-C816-A680-Train-#1,2026-01-09
2026-01-15,80804704,A680,5,80804704|C816|A680|2026-01-06|net demand for forecast|015751,20260109-C816-A680-Train-#1,2026-01-09
2026-01-15,80804704,A680,5,80804704|C816|A680|2026-01-06|net demand for forecast|015752,20260109-C816-A680-Train-#1,2026-01-09
2026-01-15,80804704,A680,6,80804704|C816|A680|2026-01-06|net demand for forecast|015754,20260109-C816-A680-Train-#1,2026-01-09
2026-01-15,80804705,A680,5,80804705|C816|A680|2026-01-06|net demand for forecast|015807,20260109-C816-A680-Train-#1,2026-01-09
2026-01-15,80804705,A680,5,80804705|C816|A680|2026-01-06|net demand for forecast|015808,20260109-C816-A680-Train-#1,2026-01-09
2026-01-15,80804705,A680,5,80804705|C816|A680|2026-01-06|net demand for forecast|015809,20260109-C816-A680-Train-#1,2026-01-09
2026-01-15,80804705,A680,5,80804705|C816|A680|2026-01-06|net demand for forecast|015810,20260109-C816-A680-Train-#1,2026-01-09
2026-01-15,80804705,A680,6,80804705|C816|A680|2026-01-06|net demand for forecast|015812,20260109-C816-A680-Train-#1,2026-01-09
2026-01-15,80885920,A680,3,80885920|C816|A680|2026-01-06|net demand for forecast|016577,20260109-C816-A680-Train-#1,2026-01-09
2026-01-15,80885920,A680,3,80885920|C816|A680|2026-01-06|net demand for forecast|016578,20260109-C816-A680-Train-#1,2026-01-09
2026-01-15,80885920,A680,3,80885920|C816|A680|2026-01-06|net demand for forecast|016579,20260109-C816-A680-Train-#1,2026-01-09
2026-01-15,80885920,A680,3,80885920|C816|A680|2026-01-06|net demand for forecast|016580,20260109-C816-A680-Train-#1,2026-01-09
2026-01-15,80885920,A680,3,80885920|C816|A680|2026-01-06|net demand for forecast|016581,20260109-C816-A680-Train-#1,2026-01-09
2026-01-15,80885920,A680,3,80885920|C816|A680|2026-01-06|net demand for forecast|016582,20260109-C816-A680-Train-#1,2026-01-09
2026-01-15,80804703,A680,1,80804703|C816|A680|2026-01-07|net demand for forecast|017147,20260109-C816-A680-Train-#1,2026-01-09
2026-01-15,80804703,A680,1,80804703|C816|A680|2026-01-07|net demand for forecast|017148,20260109-C816-A680-Train-#1,2026-01-09
2026-01-15,80804703,A680,1,80804703|C816|A680|2026-01-07|net demand for forecast|017149,20260109-C816-A680-Train-#1,2026-01-09
2026-01-15,80804703,A680,1,80804703|C816|A680|2026-01-07|net demand for forecast|017150,20260109-C816-A680-Train-#1,2026-01-09
2026-01-15,80804703,A680,1,80804703|C816|A680|2026-01-07|net demand for forecast|017151,20260109-C816-A680-Train-#1,2026-01-09
2026-01-15,80804703,A680,1,80804703|C816|A680|2026-01-07|net demand for forecast|017152,20260109-C816-A680-Train-#1,2026-01-09
2026-01-15,80804703,A680,1,80804703|C816|A680|2026-01-07|net demand for forecast|017153,20260109-C816-A680-Train-#1,2026-01-09
2026-01-15,80804704,A680,7,80804704|C816|A680|2026-01-07|net demand for forecast|017206,20260109-C816-A680-Train-#1,2026-01-09
2026-01-15,80804704,A680,7,80804704|C816|A680|2026-01-07|net demand for forecast|017207,20260109-C816-A680-Train-#1,2026-01-09
2026-01-15,80804704,A680,7,80804704|C816|A680|2026-01-07|net demand for forecast|017208,20260109-C816-A680-Train-#1,2026-01-09
2026-01-15,80804704,A680,7,80804704|C816|A680|2026-01-07|net demand for forecast|017209,20260109-C816-A680-Train-#1,2026-01-09
2026-01-15,80804704,A680,8,80804704|C816|A680|2026-01-07|net demand for forecast|017210,20260109-C816-A680-Train-#1,2026-01-09
2026-01-15,80804704,A680,8,80804704|C816|A680|2026-01-07|net demand for forecast|017211,20260109-C816-A680-Train-#1,2026-01-09
2026-01-15,80804704,A680,8,80804704|C816|A680|2026-01-07|net demand for forecast|017212,20260109-C816-A680-Train-#1,2026-01-09
2026-01-15,80804705,A680,2,80804705|C816|A680|2026-01-07|net demand for forecast|017258,20260109-C816-A680-Train-#1,2026-01-09
2026-01-15,80804705,A680,2,80804705|C816|A680|2026-01-07|net demand for forecast|017259,20260109-C816-A680-Train-#1,2026-01-09
2026-01-15,80804705,A680,2,80804705|C816|A680|2026-01-07|net demand for forecast|017261,20260109-C816-A680-Train-#1,2026-01-09
2026-01-15,80804705,A680,2,80804705|C816|A680|2026-01-07|net demand for forecast|017262,20260109-C816-A680-Train-#1,2026-01-09
2026-01-15,80804705,A680,2,80804705|C816|A680|2026-01-07|net demand for forecast|017263,20260109-C816-A680-Train-#1,2026-01-09
2026-01-15,80804705,A680,2,80804705|C816|A680|2026-01-07|net demand for forecast|017264,20260109-C816-A680-Train-#1,2026-01-09
2026-01-15,80885920,A680,2,80885920|C816|A680|2026-01-07|net demand for forecast|017665,20260109-C816-A680-Train-#1,2026-01-09
2026-01-15,80885920,A680,2,80885920|C816|A680|2026-01-07|net demand for forecast|017666,20260109-C816-A680-Train-#1,2026-01-09
2026-01-15,80885920,A680,2,80885920|C816|A680|2026-01-07|net demand for forecast|017667,20260109-C816-A680-Train-#1,2026-01-09
2026-01-15,80885920,A680,2,80885920|C816|A680|2026-01-07|net demand for forecast|017668,20260109-C816-A680-Train-#1,2026-01-09
2026-01-15,80885920,A680,2,80885920|C816|A680|2026-01-07|net demand for forecast|017669,20260109-C816-A680-Train-#1,2026-01-09
2026-01-15,21419500,A680,2,21419500|C816|A680|2026-01-08|net demand for forecast|018142,20260109-C816-A680-Train-#1,2026-01-09
2026-01-15,21419500,A680,2,21419500|C816|A680|2026-01-08|net demand for forecast|018143,20260109-C816-A680-Train-#1,2026-01-09
2026-01-15,21419500,A680,2,21419500|C816|A680|2026-01-08|net demand for forecast|018144,20260109-C816-A680-Train-#1,2026-01-09
2026-01-15,21419500,A680,2,21419500|C816|A680|2026-01-08|net demand for forecast|018145,20260109-C816-A680-Train-#1,2026-01-09
2026-01-15,21419500,A680,2,21419500|C816|A680|2026-01-08|net demand for forecast|018146,20260109-C816-A680-Train-#1,2026-01-09
2026-01-15,21419500,A680,3,21419500|C816|A680|2026-01-08|net demand for forecast|018147,20260109-C816-A680-Train-#1,2026-01-09
2026-01-15,21442897,A680,1,21442897|C816|A680|2026-01-08|net demand for forecast|018178,20260109-C816-A680-Train-#1,2026-01-09
2026-01-15,21442897,A680,1,21442897|C816|A680|2026-01-08|net demand for forecast|018179,20260109-C816-A680-Train-#1,2026-01-09
2026-01-15,21442897,A680,1,21442897|C816|A680|2026-01-08|net demand for forecast|018182,20260109-C816-A680-Train-#1,2026-01-09
2026-01-15,21442897,A680,1,21442897|C816|A680|2026-01-08|net demand for forecast|018183,20260109-C816-A680-Train-#1,2026-01-09
2026-01-15,21442897,A680,1,21442897|C816|A680|2026-01-08|net demand for forecast|018184,20260109-C816-A680-Train-#1,2026-01-09
2026-01-15,80804703,A680,1,80804703|C816|A680|2026-01-08|net demand for forecast|018623,20260109-C816-A680-Train-#1,2026-01-09
2026-01-15,80804703,A680,1,80804703|C816|A680|2026-01-08|net demand for forecast|018624,20260109-C816-A680-Train-#1,2026-01-09
2026-01-15,80804703,A680,1,80804703|C816|A680|2026-01-08|net demand for forecast|018625,20260109-C816-A680-Train-#1,2026-01-09
2026-01-15,80804703,A680,1,80804703|C816|A680|2026-01-08|net demand for forecast|018626,20260109-C816-A680-Train-#1,2026-01-09
2026-01-15,80804703,A680,1,80804703|C816|A680|2026-01-08|net demand for forecast|018627,20260109-C816-A680-Train-#1,2026-01-09
2026-01-15,80804703,A680,1,80804703|C816|A680|2026-01-08|net demand for forecast|018628,20260109-C816-A680-Train-#1,2026-01-09
2026-01-15,80804703,A680,1,80804703|C816|A680|2026-01-08|net demand for forecast|018629,20260109-C816-A680-Train-#1,2026-01-09
2026-01-15,80804704,A680,7,80804704|C816|A680|2026-01-08|net demand for forecast|018686,20260109-C816-A680-Train-#1,2026-01-09
2026-01-15,80804704,A680,7,80804704|C816|A680|2026-01-08|net demand for forecast|018687,20260109-C816-A680-Train-#1,2026-01-09
2026-01-15,80804704,A680,7,80804704|C816|A680|2026-01-08|net demand for forecast|018688,20260109-C816-A680-Train-#1,2026-01-09
2026-01-15,80804704,A680,9,80804704|C816|A680|2026-01-08|net demand for forecast|018689,20260109-C816-A680-Train-#1,2026-01-09
2026-01-15,80804704,A680,9,80804704|C816|A680|2026-01-08|net demand for forecast|018690,20260109-C816-A680-Train-#1,2026-01-09
2026-01-15,80804704,A680,9,80804704|C816|A680|2026-01-08|net demand for forecast|018691,20260109-C816-A680-Train-#1,2026-01-09
2026-01-15,80804704,A680,9,80804704|C816|A680|2026-01-08|net demand for forecast|018692,20260109-C816-A680-Train-#1,2026-01-09
2026-01-15,80804706,A680,2,80804706|C816|A680|2026-01-08|net demand for forecast|018743,20260109-C816-A680-Train-#1,2026-01-09
2026-01-15,80804706,A680,2,80804706|C816|A680|2026-01-08|net demand for forecast|018744,20260109-C816-A680-Train-#1,2026-01-09
2026-01-15,80804706,A680,2,80804706|C816|A680|2026-01-08|net demand for forecast|018745,20260109-C816-A680-Train-#1,2026-01-09
2026-01-15,80804706,A680,3,80804706|C816|A680|2026-01-08|net demand for forecast|018746,20260109-C816-A680-Train-#1,2026-01-09
2026-01-15,80804706,A680,3,80804706|C816|A680|2026-01-08|net demand for forecast|018747,20260109-C816-A680-Train-#1,2026-01-09
2026-01-15,80804706,A680,3,80804706|C816|A680|2026-01-08|net demand for forecast|018748,20260109-C816-A680-Train-#1,2026-01-09
2026-01-15,80804706,A680,3,80804706|C816|A680|2026-01-08|net demand for forecast|018749,20260109-C816-A680-Train-#1,2026-01-09
2026-01-15,80885920,A680,1,80885920|C816|A680|2026-01-08|net demand for forecast|019209,20260109-C816-A680-Train-#1,2026-01-09
2026-01-15,80885920,A680,1,80885920|C816|A680|2026-01-08|net demand for forecast|019210,20260109-C816-A680-Train-#1,2026-01-09
2026-01-15,80885920,A680,1,80885920|C816|A680|2026-01-08|net demand for forecast|019211,20260109-C816-A680-Train-#1,2026-01-09
2026-01-15,80885920,A680,1,80885920|C816|A680|2026-01-08|net demand for forecast|019212,20260109-C816-A680-Train-#1,2026-01-09
2026-01-15,80885920,A680,1,80885920|C816|A680|2026-01-08|net demand for forecast|019214,20260109-C816-A680-Train-#1,2026-01-09
2026-01-15,80885920,A680,1,80885920|C816|A680|2026-01-08|net demand for forecast|019215,20260109-C816-A680-Train-#1,2026-01-09
2026-01-15,21307836,A680,1,21307836|C816|A680|2026-01-09|net demand for forecast|019430,20260109-C816-A680-Train-#1,2026-01-09
2026-01-15,21307836,A680,1,21307836|C816|A680|2026-01-09|net demand for forecast|019433,20260109-C816-A680-Train-#1,2026-01-09
2026-01-15,21307836,A680,1,21307836|C816|A680|2026-01-09|net demand for forecast|019434,20260109-C816-A680-Train-#1,2026-01-09
2026-01-15,21307836,A680,1,21307836|C816|A680|2026-01-09|net demand for forecast|019435,20260109-C816-A680-Train-#1,2026-01-09
2026-01-15,21419500,A680,2,21419500|C816|A680|2026-01-09|net demand for forecast|019505,20260109-C816-A680-Train-#1,2026-01-09
2026-01-15,21419500,A680,2,21419500|C816|A680|2026-01-09|net demand for forecast|019506,20260109-C816-A680-Train-#1,2026-01-09
2026-01-15,21419500,A680,2,21419500|C816|A680|2026-01-09|net demand for forecast|019507,20260109-C816-A680-Train-#1,2026-01-09
2026-01-15,21419500,A680,2,21419500|C816|A680|2026-01-09|net demand for forecast|019509,20260109-C816-A680-Train-#1,2026-01-09
2026-01-15,21419500,A680,2,21419500|C816|A680|2026-01-09|net demand for forecast|019510,20260109-C816-A680-Train-#1,2026-01-09
2026-01-15,21419500,A680,2,21419500|C816|A680|2026-01-09|net demand for forecast|019511,20260109-C816-A680-Train-#1,2026-01-09
2026-01-15,21442896,A680,2,21442896|C816|A680|2026-01-09|net demand for forecast|019523,20260109-C816-A680-Train-#1,2026-01-09
2026-01-15,21442896,A680,2,21442896|C816|A680|2026-01-09|net demand for forecast|019524,20260109-C816-A680-Train-#1,2026-01-09
2026-01-15,21442896,A680,2,21442896|C816|A680|2026-01-09|net demand for forecast|019525,20260109-C816-A680-Train-#1,2026-01-09
2026-01-15,21442896,A680,2,21442896|C816|A680|2026-01-09|net demand for forecast|019526,20260109-C816-A680-Train-#1,2026-01-09
2026-01-15,21442896,A680,2,21442896|C816|A680|2026-01-09|net demand for forecast|019527,20260109-C816-A680-Train-#1,2026-01-09
2026-01-15,21442896,A680,2,21442896|C816|A680|2026-01-09|net demand for forecast|019528,20260109-C816-A680-Train-#1,2026-01-09
2026-01-15,21442896,A680,2,21442896|C816|A680|2026-01-09|net demand for forecast|019529,20260109-C816-A680-Train-#1,2026-01-09
2026-01-15,21442897,A680,1,21442897|C816|A680|2026-01-09|net demand for forecast|019531,20260109-C816-A680-Train-#1,2026-01-09
2026-01-15,21442897,A680,1,21442897|C816|A680|2026-01-09|net demand for forecast|019532,20260109-C816-A680-Train-#1,2026-01-09
2026-01-15,21442897,A680,1,21442897|C816|A680|2026-01-09|net demand for forecast|019533,20260109-C816-A680-Train-#1,2026-01-09
2026-01-15,21442897,A680,1,21442897|C816|A680|2026-01-09|net demand for forecast|019534,20260109-C816-A680-Train-#1,2026-01-09
2026-01-15,21442897,A680,1,21442897|C816|A680|2026-01-09|net demand for forecast|019536,20260109-C816-A680-Train-#1,2026-01-09
2026-01-15,80804701,A680,2,80804701|C816|A680|2026-01-09|net demand for forecast|019726,20260109-C816-A680-Train-#1,2026-01-09
2026-01-15,80804701,A680,3,80804701|C816|A680|2026-01-09|net demand for forecast|019727,20260109-C816-A680-Train-#1,2026-01-09
2026-01-15,80804701,A680,3,80804701|C816|A680|2026-01-09|net demand for forecast|019728,20260109-C816-A680-Train-#1,2026-01-09
2026-01-15,80804701,A680,3,80804701|C816|A680|2026-01-09|net demand for forecast|019730,20260109-C816-A680-Train-#1,2026-01-09
2026-01-15,80804701,A680,3,80804701|C816|A680|2026-01-09|net demand for forecast|019731,20260109-C816-A680-Train-#1,2026-01-09
2026-01-15,80804703,A680,1,80804703|C816|A680|2026-01-09|net demand for forecast|019747,20260109-C816-A680-Train-#1,2026-01-09
2026-01-15,80804703,A680,1,80804703|C816|A680|2026-01-09|net demand for forecast|019748,20260109-C816-A680-Train-#1,2026-01-09
2026-01-15,80804703,A680,1,80804703|C816|A680|2026-01-09|net demand for forecast|019749,20260109-C816-A680-Train-#1,2026-01-09
2026-01-15,80804703,A680,1,80804703|C816|A680|2026-01-09|net demand for forecast|019750,20260109-C816-A680-Train-#1,2026-01-09
2026-01-15,80804703,A680,1,80804703|C816|A680|2026-01-09|net demand for forecast|019751,20260109-C816-A680-Train-#1,2026-01-09
2026-01-15,80804703,A680,1,80804703|C816|A680|2026-01-09|net demand for forecast|019752,20260109-C816-A680-Train-#1,2026-01-09
2026-01-15,80804704,A680,3,80804704|C816|A680|2026-01-09|net demand for forecast|019796,20260109-C816-A680-Train-#1,2026-01-09
2026-01-15,80804704,A680,4,80804704|C816|A680|2026-01-09|net demand for forecast|019797,20260109-C816-A680-Train-#1,2026-01-09
2026-01-15,80804704,A680,4,80804704|C816|A680|2026-01-09|net demand for forecast|019799,20260109-C816-A680-Train-#1,2026-01-09
2026-01-15,80804704,A680,4,80804704|C816|A680|2026-01-09|net demand for forecast|019800,20260109-C816-A680-Train-#1,2026-01-09
2026-01-15,80804704,A680,4,80804704|C816|A680|2026-01-09|net demand for forecast|019801,20260109-C816-A680-Train-#1,2026-01-09
2026-01-15,80804706,A680,2,80804706|C816|A680|2026-01-09|net demand for forecast|019836,20260109-C816-A680-Train-#1,2026-01-09
2026-01-15,80804706,A680,2,80804706|C816|A680|2026-01-09|net demand for forecast|019837,20260109-C816-A680-Train-#1,2026-01-09
2026-01-15,80804706,A680,2,80804706|C816|A680|2026-01-09|net demand for forecast|019838,20260109-C816-A680-Train-#1,2026-01-09
2026-01-15,80804706,A680,2,80804706|C816|A680|2026-01-09|net demand for forecast|019839,20260109-C816-A680-Train-#1,2026-01-09
2026-01-15,80804706,A680,2,80804706|C816|A680|2026-01-09|net demand for forecast|019840,20260109-C816-A680-Train-#1,2026-01-09
2026-01-15,80804706,A680,2,80804706|C816|A680|2026-01-09|net demand for forecast|019841,20260109-C816-A680-Train-#1,2026-01-09
2026-01-15,80807092,A680,1,80807092|C816|A680|2026-01-09|net demand for forecast|019862,20260109-C816-A680-Train-#1,2026-01-09
2026-01-15,80807092,A680,1,80807092|C816|A680|2026-01-09|net demand for forecast|019863,20260109-C816-A680-Train-#1,2026-01-09
2026-01-15,80807092,A680,1,80807092|C816|A680|2026-01-09|net demand for forecast|019864,20260109-C816-A680-Train-#1,2026-01-09
2026-01-15,80807092,A680,1,80807092|C816|A680|2026-01-09|net demand for forecast|019865,20260109-C816-A680-Train-#1,2026-01-09
2026-01-15,80807092,A680,1,80807092|C816|A680|2026-01-09|net demand for forecast|019866,20260109-C816-A680-Train-#1,2026-01-09
2026-01-15,80807092,A680,1,80807092|C816|A680|2026-01-09|net demand for forecast|019867,20260109-C816-A680-Train-#1,2026-01-09
2026-01-15,80885920,A680,1,80885920|C816|A680|2026-01-09|net demand for forecast|020425,20260109-C816-A680-Train-#1,2026-01-09
2026-01-15,80885920,A680,1,80885920|C816|A680|2026-01-09|net demand for forecast|020427,20260109-C816-A680-Train-#1,2026-01-09
2026-01-15,80885920,A680,1,80885920|C816|A680|2026-01-09|net demand for forecast|020428,20260109-C816-A680-Train-#1,2026-01-09
2026-01-15,80885920,A680,1,80885920|C816|A680|2026-01-09|net demand for forecast|020429,20260109-C816-A680-Train-#1,2026-01-09
2026-01-15,21315474,C937,1,21315474|C810|C937|2026-01-08|net demand for forecast|018104,20260109-C810-C937-SMALL-#1,2026-01-09
2026-01-15,80804137,C937,1,80804137|C810|C937|2026-01-08|net demand for forecast|018529,20260109-C810-C937-SMALL-#1,2026-01-09
2026-01-15,80804137,C937,1,80804137|C810|C937|2026-01-08|net demand for forecast|018532,20260109-C810-C937-SMALL-#1,2026-01-09
2026-01-15,80804705,C937,1,80804705|C810|C937|2026-01-08|net demand for forecast|018704,20260109-C810-C937-SMALL-#1,2026-01-09
2026-01-15,80807115,C937,3,80807115|C810|C937|2026-01-08|net demand for forecast|019027,20260109-C810-C937-SMALL-#1,2026-01-09
2026-01-15,80812841,C937,2,80812841|C810|C937|2026-01-08|net demand for forecast|019083,20260109-C810-C937-SMALL-#1,2026-01-09
2026-01-15,80812845,C937,1,80812845|C810|C937|2026-01-08|net demand for forecast|019122,20260109-C810-C937-SMALL-#1,2026-01-09
2026-01-15,80812845,C937,1,80812845|C810|C937|2026-01-08|net demand for forecast|019125,20260109-C810-C937-SMALL-#1,2026-01-09
2026-01-15,80804133,C937,1,80804133|C810|C937|2026-01-09|net demand for forecast|019590,20260109-C810-C937-SMALL-#1,2026-01-09
2026-01-15,80804704,C937,1,80804704|C810|C937|2026-01-09|net demand for forecast|019754,20260109-C810-C937-SMALL-#1,2026-01-09
2026-01-15,80812840,C937,1,80812840|C810|C937|2026-01-09|net demand for forecast|020075,20260109-C810-C937-SMALL-#1,2026-01-09
2026-01-15,80812841,C937,2,80812841|C810|C937|2026-01-09|net demand for forecast|020088,20260109-C810-C937-SMALL-#1,2026-01-09
2026-01-15,80848022,C937,2,80848022|C810|C937|2026-01-09|net demand for forecast|020132,20260109-C810-C937-SMALL-#1,2026-01-09
2026-01-15,80848022,C937,2,80848022|C810|C937|2026-01-09|net demand for forecast|020135,20260109-C810-C937-SMALL-#1,2026-01-09
2026-01-15,80848029,C937,1,80848029|C810|C937|2026-01-09|net demand for forecast|020295,20260109-C810-C937-SMALL-#1,2026-01-09
2026-01-15,21098519,C937,3,21098519|C810|C937|2026-01-08|net demand for safety|017683,20260109-C810-C937-SMALL-#1,2026-01-09
2026-01-15,21139445,C937,2,21139445|C810|C937|2026-01-08|net demand for safety|017958,20260109-C810-C937-SMALL-#1,2026-01-09
2026-01-15,21176384,C937,1,21176384|C810|C937|2026-01-08|net demand for safety|018032,20260109-C810-C937-SMALL-#1,2026-01-09
2026-01-15,21103372,C937,2,21103372|C810|C937|2026-01-09|net demand for safety|019273,20260109-C810-C937-SMALL-#1,2026-01-09
2026-01-15,80848028,A668,1,80848028|0386|A668|2026-01-09|net demand for AO|020156,20260109-0386-A668-Train-#1,2026-01-09
2026-01-15,80848028,A668,7,80848028|0386|A668|2026-01-09|net demand for AO|020166,20260109-0386-A668-Train-#1,2026-01-09
2026-01-15,80807116,A668,24,80807116|0386|A668|2026-01-09|net demand for forecast|019960,20260109-0386-A668-Train-#1,2026-01-09
2026-01-15,80807116,A668,60,80807116|0386|A668|2026-01-09|net demand for safety|019965,20260109-0386-A668-Train-#1,2026-01-09
2026-01-15,80864470,A673,4,80864470|0386|A673|2026-01-09|net demand for forecast|020337,20260109-0386-A673-LARGE-#1,2026-01-09
2026-01-15,80864470,A673,4,80864470|0386|A673|2026-01-09|net demand for forecast|020339,20260109-0386-A673-LARGE-#1,2026-01-09
2026-01-15,80804136,A673,299,80804136|0386|A673|2026-01-09|net demand for safety|019629,20260109-0386-A673-LARGE-#1,2026-01-09
2026-01-15,21103371,A673,364,21103371|0386|A673|2026-01-09|push replenishment|019239,20260109-0386-A673-LARGE-#1,2026-01-09
2026-01-15,80807102,A673,89,80807102|0386|A673|2026-01-09|push replenishment|019909,20260109-0386-A673-LARGE-#1,2026-01-09
2026-01-15,21132988,E564,5,21132988|C816|E564|2026-01-10|net demand for normal|020518,20260110-C816-E564-SMALL-#1,2026-01-10
2026-01-15,21141769,E564,2,21141769|C816|E564|2026-01-10|net demand for normal|020557,20260110-C816-E564-SMALL-#1,2026-01-10
2026-01-15,21315474,E564,1,21315474|C816|E564|2026-01-10|net demand for normal|020659,20260110-C816-E564-SMALL-#1,2026-01-10
2026-01-15,80804705,E564,6,80804705|C816|E564|2026-01-10|net demand for normal|021232,20260110-C816-E564-SMALL-#1,2026-01-10
2026-01-15,80807096,E564,2,80807096|C816|E564|2026-01-10|net demand for normal|021366,20260110-C816-E564-SMALL-#1,2026-01-10
2026-01-15,21029016,E564,1,21029016|C816|E564|2026-01-10|net demand for forecast|020436,20260110-C816-E564-SMALL-#1,2026-01-10
2026-01-15,21029016,E564,1,21029016|C816|E564|2026-01-10|net demand for forecast|020437,20260110-C816-E564-SMALL-#1,2026-01-10
2026-01-15,21029016,E564,1,21029016|C816|E564|2026-01-10|net demand for forecast|020438,20260110-C816-E564-SMALL-#1,2026-01-10
2026-01-15,21029016,E564,1,21029016|C816|E564|2026-01-10|net demand for forecast|020439,20260110-C816-E564-SMALL-#1,2026-01-10
2026-01-15,21315474,E564,1,21315474|C816|E564|2026-01-10|net demand for forecast|020652,20260110-C816-E564-SMALL-#1,2026-01-10
2026-01-15,21315474,E564,1,21315474|C816|E564|2026-01-10|net demand for forecast|020653,20260110-C816-E564-SMALL-#1,2026-01-10
2026-01-15,21315474,E564,1,21315474|C816|E564|2026-01-10|net demand for forecast|020655,20260110-C816-E564-SMALL-#1,2026-01-10
2026-01-15,21315474,E564,1,21315474|C816|E564|2026-01-10|net demand for forecast|020656,20260110-C816-E564-SMALL-#1,2026-01-10
2026-01-15,21315474,E564,1,21315474|C816|E564|2026-01-10|net demand for forecast|020657,20260110-C816-E564-SMALL-#1,2026-01-10
2026-01-15,21315474,E564,1,21315474|C816|E564|2026-01-10|net demand for forecast|020658,20260110-C816-E564-SMALL-#1,2026-01-10
2026-01-15,80804130,E564,1,80804130|C816|E564|2026-01-10|net demand for forecast|020781,20260110-C816-E564-SMALL-#1,2026-01-10
2026-01-15,80804130,E564,1,80804130|C816|E564|2026-01-10|net demand for forecast|020782,20260110-C816-E564-SMALL-#1,2026-01-10
2026-01-15,80804130,E564,1,80804130|C816|E564|2026-01-10|net demand for forecast|020783,20260110-C816-E564-SMALL-#1,2026-01-10
2026-01-15,80804130,E564,1,80804130|C816|E564|2026-01-10|net demand for forecast|020785,20260110-C816-E564-SMALL-#1,2026-01-10
2026-01-15,80804130,E564,1,80804130|C816|E564|2026-01-10|net demand for forecast|020786,20260110-C816-E564-SMALL-#1,2026-01-10
2026-01-15,80804130,E564,1,80804130|C816|E564|2026-01-10|net demand for forecast|020787,20260110-C816-E564-SMALL-#1,2026-01-10
2026-01-15,80804132,E564,1,80804132|C816|E564|2026-01-10|net demand for forecast|020795,20260110-C816-E564-SMALL-#1,2026-01-10
2026-01-15,80804132,E564,1,80804132|C816|E564|2026-01-10|net demand for forecast|020796,20260110-C816-E564-SMALL-#1,2026-01-10
2026-01-15,80804132,E564,1,80804132|C816|E564|2026-01-10|net demand for forecast|020797,20260110-C816-E564-SMALL-#1,2026-01-10
2026-01-15,80804132,E564,1,80804132|C816|E564|2026-01-10|net demand for forecast|020798,20260110-C816-E564-SMALL-#1,2026-01-10
2026-01-15,80804132,E564,1,80804132|C816|E564|2026-01-10|net demand for forecast|020799,20260110-C816-E564-SMALL-#1,2026-01-10
2026-01-15,80804132,E564,1,80804132|C816|E564|2026-01-10|net demand for forecast|020800,20260110-C816-E564-SMALL-#1,2026-01-10
2026-01-15,80804132,E564,1,80804132|C816|E564|2026-01-10|net demand for forecast|020801,20260110-C816-E564-SMALL-#1,2026-01-10
2026-01-15,80804133,E564,1,80804133|C816|E564|2026-01-10|net demand for forecast|020818,20260110-C816-E564-SMALL-#1,2026-01-10
2026-01-15,80804133,E564,1,80804133|C816|E564|2026-01-10|net demand for forecast|020819,20260110-C816-E564-SMALL-#1,2026-01-10
2026-01-15,80804133,E564,1,80804133|C816|E564|2026-01-10|net demand for forecast|020820,20260110-C816-E564-SMALL-#1,2026-01-10
2026-01-15,80804133,E564,1,80804133|C816|E564|2026-01-10|net demand for forecast|020821,20260110-C816-E564-SMALL-#1,2026-01-10
2026-01-15,80804133,E564,1,80804133|C816|E564|2026-01-10|net demand for forecast|020822,20260110-C816-E564-SMALL-#1,2026-01-10
2026-01-15,80804133,E564,1,80804133|C816|E564|2026-01-10|net demand for forecast|020823,20260110-C816-E564-SMALL-#1,2026-01-10
2026-01-15,80804133,E564,1,80804133|C816|E564|2026-01-10|net demand for forecast|020824,20260110-C816-E564-SMALL-#1,2026-01-10
2026-01-15,80804134,E564,1,80804134|C816|E564|2026-01-10|net demand for forecast|020836,20260110-C816-E564-SMALL-#1,2026-01-10
2026-01-15,80804134,E564,1,80804134|C816|E564|2026-01-10|net demand for forecast|020837,20260110-C816-E564-SMALL-#1,2026-01-10
2026-01-15,80804134,E564,1,80804134|C816|E564|2026-01-10|net demand for forecast|020838,20260110-C816-E564-SMALL-#1,2026-01-10
2026-01-15,80804134,E564,1,80804134|C816|E564|2026-01-10|net demand for forecast|020839,20260110-C816-E564-SMALL-#1,2026-01-10
2026-01-15,80804134,E564,1,80804134|C816|E564|2026-01-10|net demand for forecast|020841,20260110-C816-E564-SMALL-#1,2026-01-10
2026-01-15,80804134,E564,1,80804134|C816|E564|2026-01-10|net demand for forecast|020842,20260110-C816-E564-SMALL-#1,2026-01-10
2026-01-15,80804136,E564,1,80804136|C816|E564|2026-01-10|net demand for forecast|020869,20260110-C816-E564-SMALL-#1,2026-01-10
2026-01-15,80804136,E564,1,80804136|C816|E564|2026-01-10|net demand for forecast|020870,20260110-C816-E564-SMALL-#1,2026-01-10
2026-01-15,80804136,E564,1,80804136|C816|E564|2026-01-10|net demand for forecast|020873,20260110-C816-E564-SMALL-#1,2026-01-10
2026-01-15,80804136,E564,1,80804136|C816|E564|2026-01-10|net demand for forecast|020874,20260110-C816-E564-SMALL-#1,2026-01-10
2026-01-15,80804136,E564,1,80804136|C816|E564|2026-01-10|net demand for forecast|020875,20260110-C816-E564-SMALL-#1,2026-01-10
2026-01-15,80804138,E564,1,80804138|C816|E564|2026-01-10|net demand for forecast|020887,20260110-C816-E564-SMALL-#1,2026-01-10
2026-01-15,80804138,E564,1,80804138|C816|E564|2026-01-10|net demand for forecast|020888,20260110-C816-E564-SMALL-#1,2026-01-10
2026-01-15,80804138,E564,1,80804138|C816|E564|2026-01-10|net demand for forecast|020889,20260110-C816-E564-SMALL-#1,2026-01-10
2026-01-15,80804138,E564,1,80804138|C816|E564|2026-01-10|net demand for forecast|020890,20260110-C816-E564-SMALL-#1,2026-01-10
2026-01-15,80804138,E564,1,80804138|C816|E564|2026-01-10|net demand for forecast|020891,20260110-C816-E564-SMALL-#1,2026-01-10
2026-01-15,80804138,E564,1,80804138|C816|E564|2026-01-10|net demand for forecast|020892,20260110-C816-E564-SMALL-#1,2026-01-10
2026-01-15,80804701,E564,1,80804701|C816|E564|2026-01-10|net demand for forecast|021039,20260110-C816-E564-SMALL-#1,2026-01-10
2026-01-15,80804701,E564,1,80804701|C816|E564|2026-01-10|net demand for forecast|021040,20260110-C816-E564-SMALL-#1,2026-01-10
2026-01-15,80804701,E564,1,80804701|C816|E564|2026-01-10|net demand for forecast|021041,20260110-C816-E564-SMALL-#1,2026-01-10
2026-01-15,80804701,E564,1,80804701|C816|E564|2026-01-10|net demand for forecast|021043,20260110-C816-E564-SMALL-#1,2026-01-10
2026-01-15,80804701,E564,1,80804701|C816|E564|2026-01-10|net demand for forecast|021044,20260110-C816-E564-SMALL-#1,2026-01-10
2026-01-15,80807091,E564,1,80807091|C816|E564|2026-01-10|net demand for forecast|021320,20260110-C816-E564-SMALL-#1,2026-01-10
2026-01-15,80807091,E564,1,80807091|C816|E564|2026-01-10|net demand for forecast|021321,20260110-C816-E564-SMALL-#1,2026-01-10
2026-01-15,80807091,E564,1,80807091|C816|E564|2026-01-10|net demand for forecast|021322,20260110-C816-E564-SMALL-#1,2026-01-10
2026-01-15,80807091,E564,1,80807091|C816|E564|2026-01-10|net demand for forecast|021323,20260110-C816-E564-SMALL-#1,2026-01-10
2026-01-15,80807091,E564,1,80807091|C816|E564|2026-01-10|net demand for forecast|021324,20260110-C816-E564-SMALL-#1,2026-01-10
2026-01-15,80807091,E564,1,80807091|C816|E564|2026-01-10|net demand for forecast|021325,20260110-C816-E564-SMALL-#1,2026-01-10
2026-01-15,80807091,E564,1,80807091|C816|E564|2026-01-10|net demand for forecast|021326,20260110-C816-E564-SMALL-#1,2026-01-10
2026-01-15,80807095,E564,4,80807095|C816|E564|2026-01-10|net demand for forecast|021356,20260110-C816-E564-SMALL-#1,2026-01-10
2026-01-15,80807095,E564,5,80807095|C816|E564|2026-01-10|net demand for forecast|021357,20260110-C816-E564-SMALL-#1,2026-01-10
2026-01-15,80807095,E564,5,80807095|C816|E564|2026-01-10|net demand for forecast|021358,20260110-C816-E564-SMALL-#1,2026-01-10
2026-01-15,80807095,E564,5,80807095|C816|E564|2026-01-10|net demand for forecast|021359,20260110-C816-E564-SMALL-#1,2026-01-10
2026-01-15,80807095,E564,5,80807095|C816|E564|2026-01-10|net demand for forecast|021360,20260110-C816-E564-SMALL-#1,2026-01-10
2026-01-15,80807095,E564,5,80807095|C816|E564|2026-01-10|net demand for forecast|021361,20260110-C816-E564-SMALL-#1,2026-01-10
2026-01-15,80807095,E564,5,80807095|C816|E564|2026-01-10|net demand for forecast|021362,20260110-C816-E564-SMALL-#1,2026-01-10
2026-01-15,80807110,E564,1,80807110|C816|E564|2026-01-10|net demand for forecast|021380,20260110-C816-E564-SMALL-#1,2026-01-10
2026-01-15,80807110,E564,1,80807110|C816|E564|2026-01-10|net demand for forecast|021381,20260110-C816-E564-SMALL-#1,2026-01-10
2026-01-15,80807110,E564,1,80807110|C816|E564|2026-01-10|net demand for forecast|021382,20260110-C816-E564-SMALL-#1,2026-01-10
2026-01-15,80807110,E564,1,80807110|C816|E564|2026-01-10|net demand for forecast|021383,20260110-C816-E564-SMALL-#1,2026-01-10
2026-01-15,80807110,E564,1,80807110|C816|E564|2026-01-10|net demand for forecast|021384,20260110-C816-E564-SMALL-#1,2026-01-10
2026-01-15,80807110,E564,1,80807110|C816|E564|2026-01-10|net demand for forecast|021385,20260110-C816-E564-SMALL-#1,2026-01-10
2026-01-15,80807110,E564,1,80807110|C816|E564|2026-01-10|net demand for forecast|021386,20260110-C816-E564-SMALL-#1,2026-01-10
2026-01-15,80807115,E564,2,80807115|C816|E564|2026-01-10|net demand for forecast|021414,20260110-C816-E564-SMALL-#1,2026-01-10
2026-01-15,80807115,E564,2,80807115|C816|E564|2026-01-10|net demand for forecast|021415,20260110-C816-E564-SMALL-#1,2026-01-10
2026-01-15,80807115,E564,2,80807115|C816|E564|2026-01-10|net demand for forecast|021416,20260110-C816-E564-SMALL-#1,2026-01-10
2026-01-15,80807115,E564,2,80807115|C816|E564|2026-01-10|net demand for forecast|021418,20260110-C816-E564-SMALL-#1,2026-01-10
2026-01-15,80807115,E564,2,80807115|C816|E564|2026-01-10|net demand for forecast|021419,20260110-C816-E564-SMALL-#1,2026-01-10
2026-01-15,80812841,E564,2,80812841|C816|E564|2026-01-10|net demand for forecast|021503,20260110-C816-E564-SMALL-#1,2026-01-10
2026-01-15,80812841,E564,2,80812841|C816|E564|2026-01-10|net demand for forecast|021504,20260110-C816-E564-SMALL-#1,2026-01-10
2026-01-15,80812841,E564,2,80812841|C816|E564|2026-01-10|net demand for forecast|021505,20260110-C816-E564-SMALL-#1,2026-01-10
2026-01-15,80812841,E564,2,80812841|C816|E564|2026-01-10|net demand for forecast|021506,20260110-C816-E564-SMALL-#1,2026-01-10
2026-01-15,80812841,E564,2,80812841|C816|E564|2026-01-10|net demand for forecast|021507,20260110-C816-E564-SMALL-#1,2026-01-10
2026-01-15,80812841,E564,2,80812841|C816|E564|2026-01-10|net demand for forecast|021508,20260110-C816-E564-SMALL-#1,2026-01-10
2026-01-15,80812841,E564,2,80812841|C816|E564|2026-01-10|net demand for forecast|021509,20260110-C816-E564-SMALL-#1,2026-01-10
2026-01-15,21128067,E564,5,21128067|C816|E564|2026-01-10|net demand for safety|020483,20260110-C816-E564-SMALL-#1,2026-01-10
2026-01-15,21137866,E564,84,21137866|C816|E564|2026-01-10|net demand for safety|020543,20260110-C816-E564-SMALL-#1,2026-01-10
2026-01-15,21165946,E564,2,21165946|C816|E564|2026-01-10|net demand for safety|020606,20260110-C816-E564-SMALL-#1,2026-01-10
2026-01-15,21315474,E564,2,21315474|C816|E564|2026-01-10|net demand for safety|020660,20260110-C816-E564-SMALL-#1,2026-01-10
2026-01-15,80804132,E564,4,80804132|C816|E564|2026-01-10|net demand for safety|020802,20260110-C816-E564-SMALL-#1,2026-01-10
2026-01-15,80804701,E564,3,80804701|C816|E564|2026-01-10|net demand for safety|021045,20260110-C816-E564-SMALL-#1,2026-01-10
2026-01-15,80804703,E564,1,80804703|C816|E564|2026-01-10|net demand for safety|021067,20260110-C816-E564-SMALL-#1,2026-01-10
2026-01-15,80807093,E564,2,80807093|C816|E564|2026-01-10|net demand for safety|021337,20260110-C816-E564-SMALL-#1,2026-01-10
2026-01-15,80807100,E564,7,80807100|C816|E564|2026-01-10|net demand for safety|021369,20260110-C816-E564-SMALL-#1,2026-01-10
2026-01-15,80807102,E564,107,80807102|C816|E564|2026-01-10|net demand for safety|021371,20260110-C816-E564-SMALL-#1,2026-01-10
2026-01-15,80807110,E564,7,80807110|C816|E564|2026-01-10|net demand for safety|021387,20260110-C816-E564-SMALL-#1,2026-01-10
2026-01-15,80807112,E564,12,80807112|C816|E564|2026-01-10|net demand for safety|021405,20260110-C816-E564-SMALL-#1,2026-01-10
2026-01-15,80807113,E564,17,80807113|C816|E564|2026-01-10|net demand for safety|021411,20260110-C816-E564-SMALL-#1,2026-01-10
2026-01-15,80807118,E564,2,80807118|C816|E564|2026-01-10|net demand for safety|021450,20260110-C816-E564-SMALL-#1,2026-01-10
2026-01-15,80807120,E564,5,80807120|C816|E564|2026-01-10|net demand for safety|021456,20260110-C816-E564-SMALL-#1,2026-01-10
2026-01-15,80812840,E564,4,80812840|C816|E564|2026-01-10|net demand for safety|021502,20260110-C816-E564-SMALL-#1,2026-01-10
2026-01-15,21151196,E295,2,21151196|C810|E295|2026-01-08|net demand for normal|018013,20260110-C810-E295-SMALL-#1,2026-01-10
2026-01-15,21151196,E295,1,21151196|C810|E295|2026-01-09|net demand for normal|019405,20260110-C810-E295-SMALL-#1,2026-01-10
2026-01-15,21151196,E295,1,21151196|C810|E295|2026-01-06|net demand for forecast|015287,20260110-C810-E295-SMALL-#1,2026-01-10
2026-01-15,21151196,E295,1,21151196|C810|E295|2026-01-06|net demand for forecast|015288,20260110-C810-E295-SMALL-#1,2026-01-10
2026-01-15,21151196,E295,1,21151196|C810|E295|2026-01-06|net demand for forecast|015289,20260110-C810-E295-SMALL-#1,2026-01-10
2026-01-15,21151196,E295,1,21151196|C810|E295|2026-01-06|net demand for forecast|015290,20260110-C810-E295-SMALL-#1,2026-01-10
2026-01-15,21151196,E295,1,21151196|C810|E295|2026-01-06|net demand for forecast|015291,20260110-C810-E295-SMALL-#1,2026-01-10
2026-01-15,21151196,E295,1,21151196|C810|E295|2026-01-06|net demand for forecast|015292,20260110-C810-E295-SMALL-#1,2026-01-10
2026-01-15,80804134,E295,1,80804134|C810|E295|2026-01-07|net demand for forecast|017071,20260110-C810-E295-SMALL-#1,2026-01-10
2026-01-15,80804134,E295,2,80804134|C810|E295|2026-01-07|net demand for forecast|017072,20260110-C810-E295-SMALL-#1,2026-01-10
2026-01-15,80804134,E295,2,80804134|C810|E295|2026-01-07|net demand for forecast|017073,20260110-C810-E295-SMALL-#1,2026-01-10
2026-01-15,80804134,E295,2,80804134|C810|E295|2026-01-07|net demand for forecast|017074,20260110-C810-E295-SMALL-#1,2026-01-10
2026-01-15,80804134,E295,2,80804134|C810|E295|2026-01-07|net demand for forecast|017075,20260110-C810-E295-SMALL-#1,2026-01-10
2026-01-15,80804134,E295,2,80804134|C810|E295|2026-01-07|net demand for forecast|017076,20260110-C810-E295-SMALL-#1,2026-01-10
2026-01-15,80804134,E295,2,80804134|C810|E295|2026-01-07|net demand for forecast|017077,20260110-C810-E295-SMALL-#1,2026-01-10
2026-01-15,80804704,E295,2,80804704|C810|E295|2026-01-07|net demand for forecast|017160,20260110-C810-E295-SMALL-#1,2026-01-10
2026-01-15,80804704,E295,2,80804704|C810|E295|2026-01-07|net demand for forecast|017161,20260110-C810-E295-SMALL-#1,2026-01-10
2026-01-15,80804704,E295,2,80804704|C810|E295|2026-01-07|net demand for forecast|017163,20260110-C810-E295-SMALL-#1,2026-01-10
2026-01-15,80804704,E295,2,80804704|C810|E295|2026-01-07|net demand for forecast|017164,20260110-C810-E295-SMALL-#1,2026-01-10
2026-01-15,80804704,E295,2,80804704|C810|E295|2026-01-07|net demand for forecast|017165,20260110-C810-E295-SMALL-#1,2026-01-10
2026-01-15,80804704,E295,2,80804704|C810|E295|2026-01-07|net demand for forecast|017166,20260110-C810-E295-SMALL-#1,2026-01-10
2026-01-15,80804134,E295,1,80804134|C810|E295|2026-01-08|net demand for forecast|018492,20260110-C810-E295-SMALL-#1,2026-01-10
2026-01-15,80804134,E295,2,80804134|C810|E295|2026-01-08|net demand for forecast|018493,20260110-C810-E295-SMALL-#1,2026-01-10
2026-01-15,80804134,E295,2,80804134|C810|E295|2026-01-08|net demand for forecast|018494,20260110-C810-E295-SMALL-#1,2026-01-10
2026-01-15,80804134,E295,2,80804134|C810|E295|2026-01-08|net demand for forecast|018495,20260110-C810-E295-SMALL-#1,2026-01-10
2026-01-15,80804134,E295,2,80804134|C810|E295|2026-01-08|net demand for forecast|018496,20260110-C810-E295-SMALL-#1,2026-01-10
2026-01-15,80804134,E295,2,80804134|C810|E295|2026-01-08|net demand for forecast|018497,20260110-C810-E295-SMALL-#1,2026-01-10
2026-01-15,80804134,E295,2,80804134|C810|E295|2026-01-08|net demand for forecast|018498,20260110-C810-E295-SMALL-#1,2026-01-10
2026-01-15,80804704,E295,1,80804704|C810|E295|2026-01-08|net demand for forecast|018638,20260110-C810-E295-SMALL-#1,2026-01-10
2026-01-15,80804704,E295,1,80804704|C810|E295|2026-01-08|net demand for forecast|018639,20260110-C810-E295-SMALL-#1,2026-01-10
2026-01-15,80804704,E295,1,80804704|C810|E295|2026-01-08|net demand for forecast|018643,20260110-C810-E295-SMALL-#1,2026-01-10
2026-01-15,80804704,E295,1,80804704|C810|E295|2026-01-08|net demand for forecast|018644,20260110-C810-E295-SMALL-#1,2026-01-10
2026-01-15,80848029,E295,1,80848029|C810|E295|2026-01-08|net demand for forecast|019183,20260110-C810-E295-SMALL-#1,2026-01-10
2026-01-15,80848029,E295,1,80848029|C810|E295|2026-01-08|net demand for forecast|019186,20260110-C810-E295-SMALL-#1,2026-01-10
2026-01-15,80804134,E295,1,80804134|C810|E295|2026-01-09|net demand for forecast|019602,20260110-C810-E295-SMALL-#1,2026-01-10
2026-01-15,80804134,E295,1,80804134|C810|E295|2026-01-09|net demand for forecast|019603,20260110-C810-E295-SMALL-#1,2026-01-10
2026-01-15,80804134,E295,1,80804134|C810|E295|2026-01-09|net demand for forecast|019604,20260110-C810-E295-SMALL-#1,2026-01-10
2026-01-15,80804134,E295,1,80804134|C810|E295|2026-01-09|net demand for forecast|019605,20260110-C810-E295-SMALL-#1,2026-01-10
2026-01-15,80804134,E295,1,80804134|C810|E295|2026-01-09|net demand for forecast|019606,20260110-C810-E295-SMALL-#1,2026-01-10
2026-01-15,80804134,E295,1,80804134|C810|E295|2026-01-09|net demand for forecast|019607,20260110-C810-E295-SMALL-#1,2026-01-10
2026-01-15,80804704,E295,1,80804704|C810|E295|2026-01-09|net demand for forecast|019763,20260110-C810-E295-SMALL-#1,2026-01-10
2026-01-15,80804704,E295,1,80804704|C810|E295|2026-01-09|net demand for forecast|019764,20260110-C810-E295-SMALL-#1,2026-01-10
2026-01-15,80804704,E295,1,80804704|C810|E295|2026-01-09|net demand for forecast|019765,20260110-C810-E295-SMALL-#1,2026-01-10
2026-01-15,80804704,E295,1,80804704|C810|E295|2026-01-09|net demand for forecast|019766,20260110-C810-E295-SMALL-#1,2026-01-10
2026-01-15,80804704,E295,1,80804704|C810|E295|2026-01-09|net demand for forecast|019768,20260110-C810-E295-SMALL-#1,2026-01-10
2026-01-15,80848029,E295,1,80848029|C810|E295|2026-01-09|net demand for forecast|020296,20260110-C810-E295-SMALL-#1,2026-01-10
2026-01-15,80848029,E295,1,80848029|C810|E295|2026-01-09|net demand for forecast|020297,20260110-C810-E295-SMALL-#1,2026-01-10
2026-01-15,80848029,E295,1,80848029|C810|E295|2026-01-09|net demand for forecast|020298,20260110-C810-E295-SMALL-#1,2026-01-10
2026-01-15,80848029,E295,1,80848029|C810|E295|2026-01-09|net demand for forecast|020299,20260110-C810-E295-SMALL-#1,2026-01-10
2026-01-15,80848029,E295,1,80848029|C810|E295|2026-01-09|net demand for forecast|020300,20260110-C810-E295-SMALL-#1,2026-01-10
2026-01-15,80848029,E295,1,80848029|C810|E295|2026-01-09|net demand for forecast|020301,20260110-C810-E295-SMALL-#1,2026-01-10
2026-01-15,21132758,E295,2,21132758|C810|E295|2026-01-10|net demand for forecast|020491,20260110-C810-E295-SMALL-#1,2026-01-10
2026-01-15,21132758,E295,2,21132758|C810|E295|2026-01-10|net demand for forecast|020492,20260110-C810-E295-SMALL-#1,2026-01-10
2026-01-15,21132758,E295,2,21132758|C810|E295|2026-01-10|net demand for forecast|020493,20260110-C810-E295-SMALL-#1,2026-01-10
2026-01-15,21132758,E295,2,21132758|C810|E295|2026-01-10|net demand for forecast|020494,20260110-C810-E295-SMALL-#1,2026-01-10
2026-01-15,21132758,E295,2,21132758|C810|E295|2026-01-10|net demand for forecast|020496,20260110-C810-E295-SMALL-#1,2026-01-10
2026-01-15,21132758,E295,2,21132758|C810|E295|2026-01-10|net demand for forecast|020497,20260110-C810-E295-SMALL-#1,2026-01-10
2026-01-15,80804134,E295,2,80804134|C810|E295|2026-01-10|net demand for forecast|020830,20260110-C810-E295-SMALL-#1,2026-01-10
2026-01-15,80804134,E295,2,80804134|C810|E295|2026-01-10|net demand for forecast|020831,20260110-C810-E295-SMALL-#1,2026-01-10
2026-01-15,80804134,E295,2,80804134|C810|E295|2026-01-10|net demand for forecast|020832,20260110-C810-E295-SMALL-#1,2026-01-10
2026-01-15,80804134,E295,2,80804134|C810|E295|2026-01-10|net demand for forecast|020833,20260110-C810-E295-SMALL-#1,2026-01-10
2026-01-15,80804134,E295,2,80804134|C810|E295|2026-01-10|net demand for forecast|020834,20260110-C810-E295-SMALL-#1,2026-01-10
2026-01-15,80804134,E295,2,80804134|C810|E295|2026-01-10|net demand for forecast|020835,20260110-C810-E295-SMALL-#1,2026-01-10
2026-01-15,80804704,E295,1,80804704|C810|E295|2026-01-10|net demand for forecast|021077,20260110-C810-E295-SMALL-#1,2026-01-10
2026-01-15,80804704,E295,1,80804704|C810|E295|2026-01-10|net demand for forecast|021078,20260110-C810-E295-SMALL-#1,2026-01-10
2026-01-15,80804704,E295,1,80804704|C810|E295|2026-01-10|net demand for forecast|021079,20260110-C810-E295-SMALL-#1,2026-01-10
2026-01-15,80804704,E295,1,80804704|C810|E295|2026-01-10|net demand for forecast|021080,20260110-C810-E295-SMALL-#1,2026-01-10
2026-01-15,80804704,E295,1,80804704|C810|E295|2026-01-10|net demand for forecast|021081,20260110-C810-E295-SMALL-#1,2026-01-10
2026-01-15,80804704,E295,1,80804704|C810|E295|2026-01-10|net demand for forecast|021082,20260110-C810-E295-SMALL-#1,2026-01-10
2026-01-15,80804704,E295,1,80804704|C810|E295|2026-01-10|net demand for forecast|021083,20260110-C810-E295-SMALL-#1,2026-01-10
2026-01-15,21127730,E295,3,21127730|C810|E295|2026-01-06|net demand for safety|015152,20260110-C810-E295-SMALL-#1,2026-01-10
2026-01-15,21127730,E295,1,21127730|C810|E295|2026-01-07|net demand for safety|016603,20260110-C810-E295-SMALL-#1,2026-01-10
2026-01-15,21143110,E295,39,21143110|C810|E295|2026-01-07|net demand for safety|016680,20260110-C810-E295-SMALL-#1,2026-01-10
2026-01-15,80804134,E295,28,80804134|C810|E295|2026-01-07|net demand for safety|017078,20260110-C810-E295-SMALL-#1,2026-01-10
2026-01-15,80804704,E295,93,80804704|C810|E295|2026-01-07|net demand for safety|017167,20260110-C810-E295-SMALL-#1,2026-01-10
2026-01-15,80848029,E295,39,80848029|C810|E295|2026-01-07|net demand for safety|017546,20260110-C810-E295-SMALL-#1,2026-01-10
2026-01-15,80804134,E295,19,80804134|C810|E295|2026-01-08|net demand for safety|018499,20260110-C810-E295-SMALL-#1,2026-01-10
2026-01-15,80848029,E295,8,80848029|C810|E295|2026-01-08|net demand for safety|019187,20260110-C810-E295-SMALL-#1,2026-01-10
2026-01-15,80804704,E295,9,80804704|C810|E295|2026-01-09|net demand for safety|019769,20260110-C810-E295-SMALL-#1,2026-01-10
2026-01-15,21127730,E295,124,21127730|C810|E295|2026-01-10|net demand for safety|020476,20260110-C810-E295-SMALL-#1,2026-01-10
2026-01-15,21325164,A673,10,21325164|0386|A673|2026-01-10|net demand for normal|020700,20260110-0386-A673-LARGE-#1,2026-01-10
2026-01-15,21325164,A673,9,21325164|0386|A673|2026-01-10|net demand for forecast|020690,20260110-0386-A673-LARGE-#1,2026-01-10
2026-01-15,21325164,A673,9,21325164|0386|A673|2026-01-10|net demand for forecast|020691,20260110-0386-A673-LARGE-#1,2026-01-10
2026-01-15,21325164,A673,9,21325164|0386|A673|2026-01-10|net demand for forecast|020692,20260110-0386-A673-LARGE-#1,2026-01-10
2026-01-15,21325164,A673,10,21325164|0386|A673|2026-01-10|net demand for forecast|020694,20260110-0386-A673-LARGE-#1,2026-01-10
2026-01-15,21325164,A673,10,21325164|0386|A673|2026-01-10|net demand for forecast|020697,20260110-0386-A673-LARGE-#1,2026-01-10
2026-01-15,21325164,A673,10,21325164|0386|A673|2026-01-10|net demand for forecast|020698,20260110-0386-A673-LARGE-#1,2026-01-10
2026-01-15,21325164,A673,10,21325164|0386|A673|2026-01-10|net demand for forecast|020699,20260110-0386-A673-LARGE-#1,2026-01-10
2026-01-15,21121756,A673,1,21121756|0386|A673|2026-01-10|net demand for net demand for forecast|020463,20260110-0386-A673-LARGE-#1,2026-01-10
2026-01-15,21121756,A673,1,21121756|0386|A673|2026-01-10|net demand for net demand for forecast|020464,20260110-0386-A673-LARGE-#1,2026-01-10
2026-01-15,21121756,A673,1,21121756|0386|A673|2026-01-10|net demand for net demand for forecast|020465,20260110-0386-A673-LARGE-#1,2026-01-10
2026-01-15,21325164,A673,104,21325164|0386|A673|2026-01-10|net demand for safety|020701,20260110-0386-A673-LARGE-#1,2026-01-10
2026-01-15,80807091,A673,105,80807091|0386|A673|2026-01-10|net demand for safety|021277,20260110-0386-A673-LARGE-#1,2026-01-10
2026-01-15,80812103,A673,77,80812103|0386|A673|2026-01-10|net demand for safety|021471,20260110-0386-A673-LARGE-#1,2026-01-10
2026-01-15,80812846,A673,157,80812846|0386|A673|2026-01-10|net demand for safety|021538,20260110-0386-A673-LARGE-#1,2026-01-10
2026-01-15,21103371,A673,1,21103371|0386|A673|2026-01-10|net demand for net demand for safety|020444,20260110-0386-A673-LARGE-#1,2026-01-10
2026-01-15,21103372,A673,4,21103372|0386|A673|2026-01-10|net demand for net demand for safety|020446,20260110-0386-A673-LARGE-#1,2026-01-10
2026-01-15,80796091,A673,1,80796091|0386|A673|2026-01-10|net demand for net demand for safety|020777,20260110-0386-A673-LARGE-#1,2026-01-10
2026-01-15,80807091,A673,63,80807091|0386|A673|2026-01-10|net demand for net demand for safety|021276,20260110-0386-A673-LARGE-#1,2026-01-10
2026-01-15,80812103,A673,9,80812103|0386|A673|2026-01-10|net demand for net demand for safety|021470,20260110-0386-A673-LARGE-#1,2026-01-10
2026-01-15,80812846,A673,122,80812846|0386|A673|2026-01-10|net demand for net demand for safety|021537,20260110-0386-A673-LARGE-#1,2026-01-10
2026-01-15,21325164,A673,33,21325164|0386|A673|2026-01-10|push replenishment|020702,20260110-0386-A673-LARGE-#1,2026-01-10
2026-01-15,80807091,A673,604,80807091|0386|A673|2026-01-10|push replenishment|021278,20260110-0386-A673-LARGE-#1,2026-01-10
2026-01-15,80812103,A673,37,80812103|0386|A673|2026-01-10|push replenishment|021472,20260110-0386-A673-LARGE-#1,2026-01-10
2026-01-15,80812846,A673,332,80812846|0386|A673|2026-01-10|push replenishment|021539,20260110-0386-A673-LARGE-#1,2026-01-10
2026-01-15,80804705,A673,4,80804705|C816|A673|2026-01-09|net demand for AO|019817,20260110-C816-A673-LARGE-#1,2026-01-10
2026-01-15,21419500,A673,2,21419500|C816|A673|2026-01-09|net demand for forecast|019498,20260110-C816-A673-LARGE-#1,2026-01-10
2026-01-15,21419500,A673,2,21419500|C816|A673|2026-01-10|net demand for forecast|020749,20260110-C816-A673-LARGE-#1,2026-01-10
2026-01-15,21325164,A668,1,21325164|0386|A668|2026-01-10|net demand for forecast|020661,20260110-0386-A668-Train-#1,2026-01-10
2026-01-15,21325164,A668,1,21325164|0386|A668|2026-01-10|net demand for forecast|020662,20260110-0386-A668-Train-#1,2026-01-10
2026-01-15,21325164,A668,1,21325164|0386|A668|2026-01-10|net demand for forecast|020663,20260110-0386-A668-Train-#1,2026-01-10
2026-01-15,21325164,A668,1,21325164|0386|A668|2026-01-10|net demand for forecast|020664,20260110-0386-A668-Train-#1,2026-01-10
2026-01-15,21325164,A668,1,21325164|0386|A668|2026-01-10|net demand for forecast|020665,20260110-0386-A668-Train-#1,2026-01-10
2026-01-15,21325164,A668,1,21325164|0386|A668|2026-01-10|net demand for forecast|020666,20260110-0386-A668-Train-#1,2026-01-10
2026-01-15,21325164,A668,6,21325164|0386|A668|2026-01-10|net demand for safety|020667,20260110-0386-A668-Train-#1,2026-01-10
2026-01-15,80807091,A668,44,80807091|0386|A668|2026-01-10|net demand for safety|021271,20260110-0386-A668-Train-#1,2026-01-10
2026-01-15,80812103,A668,13,80812103|0386|A668|2026-01-10|net demand for safety|021465,20260110-0386-A668-Train-#1,2026-01-10
2026-01-15,80812846,A668,69,80812846|0386|A668|2026-01-10|net demand for safety|021534,20260110-0386-A668-Train-#1,2026-01-10
2026-01-15,21325164,A668,1,21325164|0386|A668|2026-01-10|push replenishment|020668,20260110-0386-A668-Train-#1,2026-01-10
2026-01-15,80807091,A668,279,80807091|0386|A668|2026-01-10|push replenishment|021272,20260110-0386-A668-Train-#1,2026-01-10
2026-01-15,80812103,A668,6,80812103|0386|A668|2026-01-10|push replenishment|021466,20260110-0386-A668-Train-#1,2026-01-10
2026-01-15,80812846,A668,171,80812846|0386|A668|2026-01-10|push replenishment|021535,20260110-0386-A668-Train-#1,2026-01-10
2026-01-15,80804698,A673,7,80804698|C816|A673|2026-01-11|net demand for normal|022916,20260111-C816-A673-LARGE-#1,2026-01-11
2026-01-15,80848025,A673,1,80848025|C816|A673|2026-01-11|net demand for AO|023460,20260111-C816-A673-LARGE-#1,2026-01-11
2026-01-15,80848025,A673,1,80848025|C816|A673|2026-01-11|net demand for AO|023461,20260111-C816-A673-LARGE-#1,2026-01-11
2026-01-15,80848025,A673,2,80848025|C816|A673|2026-01-11|net demand for AO|023462,20260111-C816-A673-LARGE-#1,2026-01-11
2026-01-15,80848025,A673,2,80848025|C816|A673|2026-01-11|net demand for AO|023463,20260111-C816-A673-LARGE-#1,2026-01-11
2026-01-15,80848025,A673,5,80848025|C816|A673|2026-01-11|net demand for AO|023465,20260111-C816-A673-LARGE-#1,2026-01-11
2026-01-15,80848025,A673,6,80848025|C816|A673|2026-01-11|net demand for AO|023466,20260111-C816-A673-LARGE-#1,2026-01-11
2026-01-15,80848025,A673,14,80848025|C816|A673|2026-01-11|net demand for AO|023467,20260111-C816-A673-LARGE-#1,2026-01-11
2026-01-15,80848025,A673,45,80848025|C816|A673|2026-01-11|net demand for AO|023468,20260111-C816-A673-LARGE-#1,2026-01-11
2026-01-15,80804698,A673,8,80804698|C816|A673|2026-01-11|net demand for forecast|022905,20260111-C816-A673-LARGE-#1,2026-01-11
2026-01-15,80804698,A673,9,80804698|C816|A673|2026-01-11|net demand for forecast|022906,20260111-C816-A673-LARGE-#1,2026-01-11
2026-01-15,80804698,A673,9,80804698|C816|A673|2026-01-11|net demand for forecast|022908,20260111-C816-A673-LARGE-#1,2026-01-11
2026-01-15,80804698,A673,9,80804698|C816|A673|2026-01-11|net demand for forecast|022909,20260111-C816-A673-LARGE-#1,2026-01-11
2026-01-15,80804698,A673,9,80804698|C816|A673|2026-01-11|net demand for forecast|022910,20260111-C816-A673-LARGE-#1,2026-01-11
2026-01-15,80804701,A673,7,80804701|C816|A673|2026-01-11|net demand for forecast|022959,20260111-C816-A673-LARGE-#1,2026-01-11
2026-01-15,80804701,A673,7,80804701|C816|A673|2026-01-11|net demand for forecast|022960,20260111-C816-A673-LARGE-#1,2026-01-11
2026-01-15,80804701,A673,7,80804701|C816|A673|2026-01-11|net demand for forecast|022961,20260111-C816-A673-LARGE-#1,2026-01-11
2026-01-15,80804701,A673,7,80804701|C816|A673|2026-01-11|net demand for forecast|022962,20260111-C816-A673-LARGE-#1,2026-01-11
2026-01-15,80804701,A673,7,80804701|C816|A673|2026-01-11|net demand for forecast|022963,20260111-C816-A673-LARGE-#1,2026-01-11
2026-01-15,80804701,A673,7,80804701|C816|A673|2026-01-11|net demand for forecast|022964,20260111-C816-A673-LARGE-#1,2026-01-11
2026-01-15,80804705,A673,6,80804705|C816|A673|2026-01-11|net demand for forecast|023031,20260111-C816-A673-LARGE-#1,2026-01-11
2026-01-15,80804705,A673,28,80804705|C816|A673|2026-01-11|net demand for forecast|023033,20260111-C816-A673-LARGE-#1,2026-01-11
2026-01-15,80804705,A673,28,80804705|C816|A673|2026-01-11|net demand for forecast|023034,20260111-C816-A673-LARGE-#1,2026-01-11
2026-01-15,80804705,A673,28,80804705|C816|A673|2026-01-11|net demand for forecast|023035,20260111-C816-A673-LARGE-#1,2026-01-11
2026-01-15,80848025,A673,12,80848025|C816|A673|2026-01-11|net demand for forecast|023470,20260111-C816-A673-LARGE-#1,2026-01-11
2026-01-15,80848025,A673,18,80848025|C816|A673|2026-01-11|net demand for forecast|023471,20260111-C816-A673-LARGE-#1,2026-01-11
2026-01-15,80848025,A673,18,80848025|C816|A673|2026-01-11|net demand for forecast|023472,20260111-C816-A673-LARGE-#1,2026-01-11
2026-01-15,80848025,A673,18,80848025|C816|A673|2026-01-11|net demand for forecast|023473,20260111-C816-A673-LARGE-#1,2026-01-11
2026-01-15,80848025,A673,18,80848025|C816|A673|2026-01-11|net demand for forecast|023474,20260111-C816-A673-LARGE-#1,2026-01-11
2026-01-15,80804698,A673,1,80804698|C816|A673|2026-01-11|net demand for net demand for forecast|022911,20260111-C816-A673-LARGE-#1,2026-01-11
2026-01-15,80804698,A673,1,80804698|C816|A673|2026-01-11|net demand for net demand for forecast|022912,20260111-C816-A673-LARGE-#1,2026-01-11
2026-01-15,80804698,A673,1,80804698|C816|A673|2026-01-11|net demand for net demand for forecast|022913,20260111-C816-A673-LARGE-#1,2026-01-11
2026-01-15,80804698,A673,1,80804698|C816|A673|2026-01-11|net demand for net demand for forecast|022914,20260111-C816-A673-LARGE-#1,2026-01-11
2026-01-15,80804698,A673,1,80804698|C816|A673|2026-01-11|net demand for net demand for forecast|022915,20260111-C816-A673-LARGE-#1,2026-01-11
2026-01-15,80804705,A673,1,80804705|C816|A673|2026-01-11|net demand for net demand for forecast|023037,20260111-C816-A673-LARGE-#1,2026-01-11
2026-01-15,80804705,A673,1,80804705|C816|A673|2026-01-11|net demand for net demand for forecast|023038,20260111-C816-A673-LARGE-#1,2026-01-11
2026-01-15,80804705,A673,1,80804705|C816|A673|2026-01-11|net demand for net demand for forecast|023039,20260111-C816-A673-LARGE-#1,2026-01-11
2026-01-15,80804705,A673,1,80804705|C816|A673|2026-01-11|net demand for net demand for forecast|023040,20260111-C816-A673-LARGE-#1,2026-01-11
2026-01-15,80804705,A673,1,80804705|C816|A673|2026-01-11|net demand for net demand for forecast|023041,20260111-C816-A673-LARGE-#1,2026-01-11
2026-01-15,80804705,A673,3,80804705|C816|A673|2026-01-11|net demand for net demand for forecast|023043,20260111-C816-A673-LARGE-#1,2026-01-11
2026-01-15,80804705,A673,3,80804705|C816|A673|2026-01-11|net demand for net demand for forecast|023044,20260111-C816-A673-LARGE-#1,2026-01-11
2026-01-15,80804705,A673,3,80804705|C816|A673|2026-01-11|net demand for net demand for forecast|023045,20260111-C816-A673-LARGE-#1,2026-01-11
2026-01-15,80804705,A673,3,80804705|C816|A673|2026-01-11|net demand for net demand for forecast|023046,20260111-C816-A673-LARGE-#1,2026-01-11
2026-01-15,80804705,A673,3,80804705|C816|A673|2026-01-11|net demand for net demand for forecast|023047,20260111-C816-A673-LARGE-#1,2026-01-11
2026-01-15,80804705,A673,4,80804705|C816|A673|2026-01-11|net demand for net demand for forecast|023048,20260111-C816-A673-LARGE-#1,2026-01-11
2026-01-15,80804705,A673,15,80804705|C816|A673|2026-01-11|net demand for net demand for forecast|023050,20260111-C816-A673-LARGE-#1,2026-01-11
2026-01-15,80804705,A673,15,80804705|C816|A673|2026-01-11|net demand for net demand for forecast|023052,20260111-C816-A673-LARGE-#1,2026-01-11
2026-01-15,80804706,A673,2,80804706|C816|A673|2026-01-11|net demand for net demand for forecast|023098,20260111-C816-A673-LARGE-#1,2026-01-11
2026-01-15,80804706,A673,2,80804706|C816|A673|2026-01-11|net demand for net demand for forecast|023100,20260111-C816-A673-LARGE-#1,2026-01-11
2026-01-15,80804706,A673,2,80804706|C816|A673|2026-01-11|net demand for net demand for forecast|023101,20260111-C816-A673-LARGE-#1,2026-01-11
2026-01-15,21139445,A673,13,21139445|C816|A673|2026-01-11|net demand for safety|022115,20260111-C816-A673-LARGE-#1,2026-01-11
2026-01-15,21307836,A673,13,21307836|C816|A673|2026-01-11|net demand for safety|022365,20260111-C816-A673-LARGE-#1,2026-01-11
2026-01-15,21425098,A673,16,21425098|C816|A673|2026-01-11|net demand for safety|022430,20260111-C816-A673-LARGE-#1,2026-01-11
2026-01-15,21428668,A673,6,21428668|C816|A673|2026-01-11|net demand for safety|022432,20260111-C816-A673-LARGE-#1,2026-01-11
2026-01-15,21442896,A673,57,21442896|C816|A673|2026-01-11|net demand for safety|022433,20260111-C816-A673-LARGE-#1,2026-01-11
2026-01-15,21442897,A673,65,21442897|C816|A673|2026-01-11|net demand for safety|022441,20260111-C816-A673-LARGE-#1,2026-01-11
2026-01-15,80804698,A673,96,80804698|C816|A673|2026-01-11|net demand for safety|022917,20260111-C816-A673-LARGE-#1,2026-01-11
2026-01-15,80804705,A673,359,80804705|C816|A673|2026-01-11|net demand for safety|023054,20260111-C816-A673-LARGE-#1,2026-01-11
2026-01-15,80807093,A673,5,80807093|C816|A673|2026-01-11|net demand for safety|023177,20260111-C816-A673-LARGE-#1,2026-01-11
2026-01-15,80848025,A673,237,80848025|C816|A673|2026-01-11|net demand for safety|023475,20260111-C816-A673-LARGE-#1,2026-01-11
2026-01-15,80885920,A673,39,80885920|C816|A673|2026-01-11|net demand for safety|023610,20260111-C816-A673-LARGE-#1,2026-01-11
2026-01-15,80804705,A673,161,80804705|C816|A673|2026-01-11|net demand for net demand for safety|023053,20260111-C816-A673-LARGE-#1,2026-01-11
2026-01-15,80804706,A673,21,80804706|C816|A673|2026-01-11|net demand for net demand for safety|023102,20260111-C816-A673-LARGE-#1,2026-01-11
2026-01-15,80807093,A673,4,80807093|C816|A673|2026-01-11|net demand for net demand for safety|023176,20260111-C816-A673-LARGE-#1,2026-01-11
2026-01-15,80804704,D901,2,80804704|A673|D901|2026-01-12|net demand for normal|024359,20260112-A673-D901-SMALL-#1,2026-01-12
2026-01-15,21314594,D901,1,21314594|A673|D901|2026-01-12|net demand for forecast|024099,20260112-A673-D901-SMALL-#1,2026-01-12
2026-01-15,80804137,D901,1,80804137|A673|D901|2026-01-12|net demand for forecast|024272,20260112-A673-D901-SMALL-#1,2026-01-12
2026-01-15,80804704,D901,4,80804704|A673|D901|2026-01-12|net demand for forecast|024355,20260112-A673-D901-SMALL-#1,2026-01-12
2026-01-15,80807095,D901,10,80807095|A673|D901|2026-01-12|net demand for forecast|024523,20260112-A673-D901-SMALL-#1,2026-01-12
2026-01-15,80807115,D901,2,80807115|A673|D901|2026-01-12|net demand for forecast|024573,20260112-A673-D901-SMALL-#1,2026-01-12
2026-01-15,80807115,D901,2,80807115|A673|D901|2026-01-12|net demand for forecast|024575,20260112-A673-D901-SMALL-#1,2026-01-12
2026-01-15,80848022,D901,9,80848022|A673|D901|2026-01-12|net demand for forecast|024914,20260112-A673-D901-SMALL-#1,2026-01-12
2026-01-15,21165946,D901,4,21165946|A673|D901|2026-01-12|net demand for safety|024048,20260112-A673-D901-SMALL-#1,2026-01-12
2026-01-15,21354246,E556,1,21354246|A672|E556|2025-12-24|net demand for normal|003111,20260112-A672-E556-SMALL-#1,2026-01-12
2026-01-15,21354246,E556,1,21354246|A672|E556|2025-12-25|net demand for normal|004043,20260112-A672-E556-SMALL-#1,2026-01-12
2026-01-15,21121752,E556,1,21121752|A672|E556|2026-01-09|net demand for normal|019292,20260112-A672-E556-SMALL-#1,2026-01-12
2026-01-15,21314593,E556,4,21314593|A672|E556|2026-01-09|net demand for normal|019441,20260112-A672-E556-SMALL-#1,2026-01-12
2026-01-15,80804128,E556,2,80804128|A672|E556|2026-01-09|net demand for normal|019544,20260112-A672-E556-SMALL-#1,2026-01-12
2026-01-15,80807095,E556,1,80807095|A672|E556|2026-01-09|net demand for normal|019876,20260112-A672-E556-SMALL-#1,2026-01-12
2026-01-15,80839736,E556,8,80839736|A672|E556|2026-01-09|net demand for normal|020128,20260112-A672-E556-SMALL-#1,2026-01-12
2026-01-15,21314593,E556,2,21314593|A672|E556|2026-01-10|net demand for normal|020629,20260112-A672-E556-SMALL-#1,2026-01-12
2026-01-15,80804128,E556,1,80804128|A672|E556|2026-01-10|net demand for normal|020779,20260112-A672-E556-SMALL-#1,2026-01-12
2026-01-15,80804134,E556,4,80804134|A672|E556|2026-01-10|net demand for normal|020825,20260112-A672-E556-SMALL-#1,2026-01-12
2026-01-15,80807095,E556,2,80807095|A672|E556|2026-01-10|net demand for normal|021351,20260112-A672-E556-SMALL-#1,2026-01-12
2026-01-15,21315474,E556,2,21315474|A672|E556|2026-01-11|net demand for normal|022402,20260112-A672-E556-SMALL-#1,2026-01-12
2026-01-15,80804128,E556,2,80804128|A672|E556|2026-01-11|net demand for normal|022782,20260112-A672-E556-SMALL-#1,2026-01-12
2026-01-15,80807110,E556,6,80807110|A672|E556|2026-01-11|net demand for normal|023233,20260112-A672-E556-SMALL-#1,2026-01-12
2026-01-15,80812841,E556,6,80812841|A672|E556|2026-01-11|net demand for normal|023376,20260112-A672-E556-SMALL-#1,2026-01-12
2026-01-15,21314593,E556,1,21314593|A672|E556|2026-01-12|net demand for normal|024096,20260112-A672-E556-SMALL-#1,2026-01-12
2026-01-15,21315474,E556,5,21315474|A672|E556|2026-01-12|net demand for normal|024124,20260112-A672-E556-SMALL-#1,2026-01-12
2026-01-15,80804128,E556,2,80804128|A672|E556|2026-01-12|net demand for normal|024189,20260112-A672-E556-SMALL-#1,2026-01-12
2026-01-15,80807110,E556,6,80807110|A672|E556|2026-01-12|net demand for normal|024546,20260112-A672-E556-SMALL-#1,2026-01-12
2026-01-15,21121752,E556,1,21121752|A672|E556|2026-01-09|net demand for forecast|019289,20260112-A672-E556-SMALL-#1,2026-01-12
2026-01-15,21121752,E556,1,21121752|A672|E556|2026-01-09|net demand for forecast|019290,20260112-A672-E556-SMALL-#1,2026-01-12
2026-01-15,21121752,E556,1,21121752|A672|E556|2026-01-09|net demand for forecast|019291,20260112-A672-E556-SMALL-#1,2026-01-12
2026-01-15,21162696,E556,1,21162696|A672|E556|2026-01-09|net demand for forecast|019407,20260112-A672-E556-SMALL-#1,2026-01-12
2026-01-15,21162696,E556,1,21162696|A672|E556|2026-01-09|net demand for forecast|019408,20260112-A672-E556-SMALL-#1,2026-01-12
2026-01-15,21162696,E556,1,21162696|A672|E556|2026-01-09|net demand for forecast|019409,20260112-A672-E556-SMALL-#1,2026-01-12
2026-01-15,21162696,E556,1,21162696|A672|E556|2026-01-09|net demand for forecast|019410,20260112-A672-E556-SMALL-#1,2026-01-12
2026-01-15,80804136,E556,1,80804136|A672|E556|2026-01-09|net demand for forecast|019672,20260112-A672-E556-SMALL-#1,2026-01-12
2026-01-15,80804136,E556,1,80804136|A672|E556|2026-01-09|net demand for forecast|019673,20260112-A672-E556-SMALL-#1,2026-01-12
2026-01-15,80804136,E556,1,80804136|A672|E556|2026-01-09|net demand for forecast|019674,20260112-A672-E556-SMALL-#1,2026-01-12
2026-01-15,80804136,E556,1,80804136|A672|E556|2026-01-09|net demand for forecast|019675,20260112-A672-E556-SMALL-#1,2026-01-12
2026-01-15,80804136,E556,1,80804136|A672|E556|2026-01-09|net demand for forecast|019676,20260112-A672-E556-SMALL-#1,2026-01-12
2026-01-15,80804138,E556,1,80804138|A672|E556|2026-01-09|net demand for forecast|019693,20260112-A672-E556-SMALL-#1,2026-01-12
2026-01-15,80804138,E556,1,80804138|A672|E556|2026-01-09|net demand for forecast|019694,20260112-A672-E556-SMALL-#1,2026-01-12
2026-01-15,80804138,E556,1,80804138|A672|E556|2026-01-09|net demand for forecast|019695,20260112-A672-E556-SMALL-#1,2026-01-12
2026-01-15,80804138,E556,1,80804138|A672|E556|2026-01-09|net demand for forecast|019696,20260112-A672-E556-SMALL-#1,2026-01-12
2026-01-15,80804138,E556,1,80804138|A672|E556|2026-01-09|net demand for forecast|019697,20260112-A672-E556-SMALL-#1,2026-01-12
2026-01-15,80807091,E556,1,80807091|A672|E556|2026-01-09|net demand for forecast|019852,20260112-A672-E556-SMALL-#1,2026-01-12
2026-01-15,80807091,E556,1,80807091|A672|E556|2026-01-09|net demand for forecast|019853,20260112-A672-E556-SMALL-#1,2026-01-12
2026-01-15,80807091,E556,1,80807091|A672|E556|2026-01-09|net demand for forecast|019854,20260112-A672-E556-SMALL-#1,2026-01-12
2026-01-15,80807091,E556,1,80807091|A672|E556|2026-01-09|net demand for forecast|019855,20260112-A672-E556-SMALL-#1,2026-01-12
2026-01-15,80807091,E556,1,80807091|A672|E556|2026-01-09|net demand for forecast|019856,20260112-A672-E556-SMALL-#1,2026-01-12
2026-01-15,80807095,E556,1,80807095|A672|E556|2026-01-09|net demand for forecast|019871,20260112-A672-E556-SMALL-#1,2026-01-12
2026-01-15,80807095,E556,1,80807095|A672|E556|2026-01-09|net demand for forecast|019872,20260112-A672-E556-SMALL-#1,2026-01-12
2026-01-15,80807095,E556,2,80807095|A672|E556|2026-01-09|net demand for forecast|019873,20260112-A672-E556-SMALL-#1,2026-01-12
2026-01-15,80807095,E556,2,80807095|A672|E556|2026-01-09|net demand for forecast|019874,20260112-A672-E556-SMALL-#1,2026-01-12
2026-01-15,80807095,E556,2,80807095|A672|E556|2026-01-09|net demand for forecast|019875,20260112-A672-E556-SMALL-#1,2026-01-12
2026-01-15,80812845,E556,1,80812845|A672|E556|2026-01-09|net demand for forecast|020121,20260112-A672-E556-SMALL-#1,2026-01-12
2026-01-15,80812845,E556,2,80812845|A672|E556|2026-01-09|net demand for forecast|020123,20260112-A672-E556-SMALL-#1,2026-01-12
2026-01-15,80812845,E556,2,80812845|A672|E556|2026-01-09|net demand for forecast|020124,20260112-A672-E556-SMALL-#1,2026-01-12
2026-01-15,80812845,E556,2,80812845|A672|E556|2026-01-09|net demand for forecast|020125,20260112-A672-E556-SMALL-#1,2026-01-12
2026-01-15,21162696,E556,1,21162696|A672|E556|2026-01-10|net demand for forecast|020597,20260112-A672-E556-SMALL-#1,2026-01-12
2026-01-15,21162696,E556,1,21162696|A672|E556|2026-01-10|net demand for forecast|020600,20260112-A672-E556-SMALL-#1,2026-01-12
2026-01-15,21162696,E556,1,21162696|A672|E556|2026-01-10|net demand for forecast|020601,20260112-A672-E556-SMALL-#1,2026-01-12
2026-01-15,80804136,E556,1,80804136|A672|E556|2026-01-10|net demand for forecast|020858,20260112-A672-E556-SMALL-#1,2026-01-12
2026-01-15,80804136,E556,1,80804136|A672|E556|2026-01-10|net demand for forecast|020859,20260112-A672-E556-SMALL-#1,2026-01-12
2026-01-15,80804136,E556,1,80804136|A672|E556|2026-01-10|net demand for forecast|020860,20260112-A672-E556-SMALL-#1,2026-01-12
2026-01-15,80804136,E556,2,80804136|A672|E556|2026-01-10|net demand for forecast|020861,20260112-A672-E556-SMALL-#1,2026-01-12
2026-01-15,80804136,E556,2,80804136|A672|E556|2026-01-10|net demand for forecast|020862,20260112-A672-E556-SMALL-#1,2026-01-12
2026-01-15,80804138,E556,1,80804138|A672|E556|2026-01-10|net demand for forecast|020882,20260112-A672-E556-SMALL-#1,2026-01-12
2026-01-15,80804138,E556,1,80804138|A672|E556|2026-01-10|net demand for forecast|020883,20260112-A672-E556-SMALL-#1,2026-01-12
2026-01-15,80804138,E556,1,80804138|A672|E556|2026-01-10|net demand for forecast|020885,20260112-A672-E556-SMALL-#1,2026-01-12
2026-01-15,80804138,E556,1,80804138|A672|E556|2026-01-10|net demand for forecast|020886,20260112-A672-E556-SMALL-#1,2026-01-12
2026-01-15,80807091,E556,1,80807091|A672|E556|2026-01-10|net demand for forecast|021311,20260112-A672-E556-SMALL-#1,2026-01-12
2026-01-15,80807091,E556,1,80807091|A672|E556|2026-01-10|net demand for forecast|021313,20260112-A672-E556-SMALL-#1,2026-01-12
2026-01-15,80807091,E556,1,80807091|A672|E556|2026-01-10|net demand for forecast|021314,20260112-A672-E556-SMALL-#1,2026-01-12
2026-01-15,80807091,E556,1,80807091|A672|E556|2026-01-10|net demand for forecast|021315,20260112-A672-E556-SMALL-#1,2026-01-12
2026-01-15,80807095,E556,2,80807095|A672|E556|2026-01-10|net demand for forecast|021346,20260112-A672-E556-SMALL-#1,2026-01-12
2026-01-15,80807095,E556,2,80807095|A672|E556|2026-01-10|net demand for forecast|021347,20260112-A672-E556-SMALL-#1,2026-01-12
2026-01-15,80807095,E556,2,80807095|A672|E556|2026-01-10|net demand for forecast|021348,20260112-A672-E556-SMALL-#1,2026-01-12
2026-01-15,80807095,E556,2,80807095|A672|E556|2026-01-10|net demand for forecast|021349,20260112-A672-E556-SMALL-#1,2026-01-12
2026-01-15,80807095,E556,2,80807095|A672|E556|2026-01-10|net demand for forecast|021350,20260112-A672-E556-SMALL-#1,2026-01-12
2026-01-15,80812845,E556,1,80812845|A672|E556|2026-01-10|net demand for forecast|021529,20260112-A672-E556-SMALL-#1,2026-01-12
2026-01-15,80812845,E556,2,80812845|A672|E556|2026-01-10|net demand for forecast|021530,20260112-A672-E556-SMALL-#1,2026-01-12
2026-01-15,80812845,E556,2,80812845|A672|E556|2026-01-10|net demand for forecast|021531,20260112-A672-E556-SMALL-#1,2026-01-12
2026-01-15,80812845,E556,2,80812845|A672|E556|2026-01-10|net demand for forecast|021532,20260112-A672-E556-SMALL-#1,2026-01-12
2026-01-15,80812845,E556,2,80812845|A672|E556|2026-01-10|net demand for forecast|021533,20260112-A672-E556-SMALL-#1,2026-01-12
2026-01-15,21314593,E556,4,21314593|A672|E556|2026-01-11|net demand for forecast|022373,20260112-A672-E556-SMALL-#1,2026-01-12
2026-01-15,21314593,E556,4,21314593|A672|E556|2026-01-11|net demand for forecast|022374,20260112-A672-E556-SMALL-#1,2026-01-12
2026-01-15,21314593,E556,4,21314593|A672|E556|2026-01-11|net demand for forecast|022375,20260112-A672-E556-SMALL-#1,2026-01-12
2026-01-15,21314593,E556,4,21314593|A672|E556|2026-01-11|net demand for forecast|022376,20260112-A672-E556-SMALL-#1,2026-01-12
2026-01-15,21314593,E556,4,21314593|A672|E556|2026-01-11|net demand for forecast|022377,20260112-A672-E556-SMALL-#1,2026-01-12
2026-01-15,21315474,E556,3,21315474|A672|E556|2026-01-11|net demand for forecast|022397,20260112-A672-E556-SMALL-#1,2026-01-12
2026-01-15,21315474,E556,3,21315474|A672|E556|2026-01-11|net demand for forecast|022398,20260112-A672-E556-SMALL-#1,2026-01-12
2026-01-15,21315474,E556,3,21315474|A672|E556|2026-01-11|net demand for forecast|022399,20260112-A672-E556-SMALL-#1,2026-01-12
2026-01-15,21315474,E556,3,21315474|A672|E556|2026-01-11|net demand for forecast|022400,20260112-A672-E556-SMALL-#1,2026-01-12
2026-01-15,21315474,E556,3,21315474|A672|E556|2026-01-11|net demand for forecast|022401,20260112-A672-E556-SMALL-#1,2026-01-12
2026-01-15,80804136,E556,1,80804136|A672|E556|2026-01-11|net demand for forecast|022860,20260112-A672-E556-SMALL-#1,2026-01-12
2026-01-15,80804136,E556,1,80804136|A672|E556|2026-01-11|net demand for forecast|022861,20260112-A672-E556-SMALL-#1,2026-01-12
2026-01-15,80804136,E556,2,80804136|A672|E556|2026-01-11|net demand for forecast|022862,20260112-A672-E556-SMALL-#1,2026-01-12
2026-01-15,21314593,E556,1,21314593|A672|E556|2026-01-12|net demand for forecast|024091,20260112-A672-E556-SMALL-#1,2026-01-12
2026-01-15,21314593,E556,1,21314593|A672|E556|2026-01-12|net demand for forecast|024092,20260112-A672-E556-SMALL-#1,2026-01-12
2026-01-15,21314593,E556,1,21314593|A672|E556|2026-01-12|net demand for forecast|024093,20260112-A672-E556-SMALL-#1,2026-01-12
2026-01-15,21314593,E556,1,21314593|A672|E556|2026-01-12|net demand for forecast|024094,20260112-A672-E556-SMALL-#1,2026-01-12
2026-01-15,21314593,E556,1,21314593|A672|E556|2026-01-12|net demand for forecast|024095,20260112-A672-E556-SMALL-#1,2026-01-12
2026-01-15,21315474,E556,2,21315474|A672|E556|2026-01-12|net demand for forecast|024119,20260112-A672-E556-SMALL-#1,2026-01-12
2026-01-15,21315474,E556,2,21315474|A672|E556|2026-01-12|net demand for forecast|024120,20260112-A672-E556-SMALL-#1,2026-01-12
2026-01-15,21315474,E556,2,21315474|A672|E556|2026-01-12|net demand for forecast|024121,20260112-A672-E556-SMALL-#1,2026-01-12
2026-01-15,21315474,E556,2,21315474|A672|E556|2026-01-12|net demand for forecast|024122,20260112-A672-E556-SMALL-#1,2026-01-12
2026-01-15,21354246,E556,1,21354246|A672|E556|2026-01-12|net demand for forecast|024140,20260112-A672-E556-SMALL-#1,2026-01-12
2026-01-15,21354246,E556,1,21354246|A672|E556|2026-01-12|net demand for forecast|024141,20260112-A672-E556-SMALL-#1,2026-01-12
2026-01-15,80804133,E556,2,80804133|A672|E556|2026-01-12|net demand for forecast|024231,20260112-A672-E556-SMALL-#1,2026-01-12
2026-01-15,80804133,E556,2,80804133|A672|E556|2026-01-12|net demand for forecast|024232,20260112-A672-E556-SMALL-#1,2026-01-12
2026-01-15,80804133,E556,2,80804133|A672|E556|2026-01-12|net demand for forecast|024233,20260112-A672-E556-SMALL-#1,2026-01-12
2026-01-15,80804133,E556,2,80804133|A672|E556|2026-01-12|net demand for forecast|024234,20260112-A672-E556-SMALL-#1,2026-01-12
2026-01-15,80804133,E556,2,80804133|A672|E556|2026-01-12|net demand for forecast|024235,20260112-A672-E556-SMALL-#1,2026-01-12
2026-01-15,80804134,E556,3,80804134|A672|E556|2026-01-12|net demand for forecast|024238,20260112-A672-E556-SMALL-#1,2026-01-12
2026-01-15,80804134,E556,4,80804134|A672|E556|2026-01-12|net demand for forecast|024239,20260112-A672-E556-SMALL-#1,2026-01-12
2026-01-15,80804134,E556,4,80804134|A672|E556|2026-01-12|net demand for forecast|024240,20260112-A672-E556-SMALL-#1,2026-01-12
2026-01-15,80804134,E556,4,80804134|A672|E556|2026-01-12|net demand for forecast|024241,20260112-A672-E556-SMALL-#1,2026-01-12
2026-01-15,80804134,E556,4,80804134|A672|E556|2026-01-12|net demand for forecast|024242,20260112-A672-E556-SMALL-#1,2026-01-12
2026-01-15,80804137,E556,2,80804137|A672|E556|2026-01-12|net demand for forecast|024264,20260112-A672-E556-SMALL-#1,2026-01-12
2026-01-15,80804137,E556,2,80804137|A672|E556|2026-01-12|net demand for forecast|024265,20260112-A672-E556-SMALL-#1,2026-01-12
2026-01-15,80804137,E556,3,80804137|A672|E556|2026-01-12|net demand for forecast|024266,20260112-A672-E556-SMALL-#1,2026-01-12
2026-01-15,80804137,E556,3,80804137|A672|E556|2026-01-12|net demand for forecast|024267,20260112-A672-E556-SMALL-#1,2026-01-12
2026-01-15,80804137,E556,3,80804137|A672|E556|2026-01-12|net demand for forecast|024268,20260112-A672-E556-SMALL-#1,2026-01-12
2026-01-15,80807092,E556,1,80807092|A672|E556|2026-01-12|net demand for forecast|024499,20260112-A672-E556-SMALL-#1,2026-01-12
2026-01-15,80807092,E556,1,80807092|A672|E556|2026-01-12|net demand for forecast|024500,20260112-A672-E556-SMALL-#1,2026-01-12
2026-01-15,80807092,E556,1,80807092|A672|E556|2026-01-12|net demand for forecast|024501,20260112-A672-E556-SMALL-#1,2026-01-12
2026-01-15,80807092,E556,1,80807092|A672|E556|2026-01-12|net demand for forecast|024502,20260112-A672-E556-SMALL-#1,2026-01-12
2026-01-15,80807092,E556,1,80807092|A672|E556|2026-01-12|net demand for forecast|024503,20260112-A672-E556-SMALL-#1,2026-01-12
2026-01-15,80807115,E556,1,80807115|A672|E556|2026-01-12|net demand for forecast|024568,20260112-A672-E556-SMALL-#1,2026-01-12
2026-01-15,80807115,E556,1,80807115|A672|E556|2026-01-12|net demand for forecast|024569,20260112-A672-E556-SMALL-#1,2026-01-12
2026-01-15,80807115,E556,1,80807115|A672|E556|2026-01-12|net demand for forecast|024570,20260112-A672-E556-SMALL-#1,2026-01-12
2026-01-15,80807115,E556,1,80807115|A672|E556|2026-01-12|net demand for forecast|024571,20260112-A672-E556-SMALL-#1,2026-01-12
2026-01-15,80807115,E556,2,80807115|A672|E556|2026-01-12|net demand for forecast|024572,20260112-A672-E556-SMALL-#1,2026-01-12
2026-01-15,80848026,E556,1,80848026|A672|E556|2026-01-12|net demand for forecast|025005,20260112-A672-E556-SMALL-#1,2026-01-12
2026-01-15,80848026,E556,1,80848026|A672|E556|2026-01-12|net demand for forecast|025006,20260112-A672-E556-SMALL-#1,2026-01-12
2026-01-15,80848026,E556,1,80848026|A672|E556|2026-01-12|net demand for forecast|025007,20260112-A672-E556-SMALL-#1,2026-01-12
2026-01-15,80848026,E556,1,80848026|A672|E556|2026-01-12|net demand for forecast|025008,20260112-A672-E556-SMALL-#1,2026-01-12
2026-01-15,80848026,E556,1,80848026|A672|E556|2026-01-12|net demand for forecast|025009,20260112-A672-E556-SMALL-#1,2026-01-12
2026-01-15,80848029,E556,1,80848029|A672|E556|2026-01-12|net demand for forecast|025105,20260112-A672-E556-SMALL-#1,2026-01-12
2026-01-15,80848029,E556,1,80848029|A672|E556|2026-01-12|net demand for forecast|025107,20260112-A672-E556-SMALL-#1,2026-01-12
2026-01-15,80848029,E556,1,80848029|A672|E556|2026-01-12|net demand for forecast|025108,20260112-A672-E556-SMALL-#1,2026-01-12
2026-01-15,80848029,E556,1,80848029|A672|E556|2026-01-12|net demand for forecast|025109,20260112-A672-E556-SMALL-#1,2026-01-12
2026-01-15,21121751,E556,1,21121751|A672|E556|2026-01-09|net demand for safety|019277,20260112-A672-E556-SMALL-#1,2026-01-12
2026-01-15,21121752,E556,1,21121752|A672|E556|2026-01-09|net demand for safety|019293,20260112-A672-E556-SMALL-#1,2026-01-12
2026-01-15,21315352,E556,2,21315352|A672|E556|2026-01-09|net demand for safety|019472,20260112-A672-E556-SMALL-#1,2026-01-12
2026-01-15,21325292,E556,5,21325292|A672|E556|2026-01-09|net demand for safety|019480,20260112-A672-E556-SMALL-#1,2026-01-12
2026-01-15,80807089,E556,1,80807089|A672|E556|2026-01-09|net demand for safety|019844,20260112-A672-E556-SMALL-#1,2026-01-12
2026-01-15,80807112,E556,1,80807112|A672|E556|2026-01-09|net demand for safety|019930,20260112-A672-E556-SMALL-#1,2026-01-12
2026-01-15,80807113,E556,1,80807113|A672|E556|2026-01-09|net demand for safety|019937,20260112-A672-E556-SMALL-#1,2026-01-12
2026-01-15,80807118,E556,7,80807118|A672|E556|2026-01-09|net demand for safety|020052,20260112-A672-E556-SMALL-#1,2026-01-12
2026-01-15,80807119,E556,3,80807119|A672|E556|2026-01-09|net demand for safety|020056,20260112-A672-E556-SMALL-#1,2026-01-12
2026-01-15,80812846,E556,2,80812846|A672|E556|2026-01-09|net demand for safety|020126,20260112-A672-E556-SMALL-#1,2026-01-12
2026-01-15,80807092,E556,18,80807092|A672|E556|2026-01-10|net demand for safety|021327,20260112-A672-E556-SMALL-#1,2026-01-12
2026-01-15,80807112,E556,9,80807112|A672|E556|2026-01-10|net demand for safety|021390,20260112-A672-E556-SMALL-#1,2026-01-12
2026-01-15,80807118,E556,5,80807118|A672|E556|2026-01-10|net demand for safety|021435,20260112-A672-E556-SMALL-#1,2026-01-12
2026-01-15,21121751,E556,2,21121751|A672|E556|2026-01-11|net demand for safety|021968,20260112-A672-E556-SMALL-#1,2026-01-12
2026-01-15,21314593,E556,37,21314593|A672|E556|2026-01-11|net demand for safety|022378,20260112-A672-E556-SMALL-#1,2026-01-12
2026-01-15,21315352,E556,1,21315352|A672|E556|2026-01-11|net demand for safety|022395,20260112-A672-E556-SMALL-#1,2026-01-12
2026-01-15,21315474,E556,8,21315474|A672|E556|2026-01-11|net demand for safety|022403,20260112-A672-E556-SMALL-#1,2026-01-12
2026-01-15,21325292,E556,1,21325292|A672|E556|2026-01-11|net demand for safety|022411,20260112-A672-E556-SMALL-#1,2026-01-12
2026-01-15,80807089,E556,1,80807089|A672|E556|2026-01-11|net demand for safety|023111,20260112-A672-E556-SMALL-#1,2026-01-12
2026-01-15,80807092,E556,1,80807092|A672|E556|2026-01-11|net demand for safety|023168,20260112-A672-E556-SMALL-#1,2026-01-12
2026-01-15,80807112,E556,5,80807112|A672|E556|2026-01-11|net demand for safety|023255,20260112-A672-E556-SMALL-#1,2026-01-12
2026-01-15,80807113,E556,2,80807113|A672|E556|2026-01-11|net demand for safety|023274,20260112-A672-E556-SMALL-#1,2026-01-12
2026-01-15,80807118,E556,8,80807118|A672|E556|2026-01-11|net demand for safety|023329,20260112-A672-E556-SMALL-#1,2026-01-12
2026-01-15,80807120,E556,3,80807120|A672|E556|2026-01-11|net demand for safety|023347,20260112-A672-E556-SMALL-#1,2026-01-12
2026-01-15,21314593,E556,4,21314593|A672|E556|2026-01-12|net demand for safety|024097,20260112-A672-E556-SMALL-#1,2026-01-12
2026-01-15,21315352,E556,3,21315352|A672|E556|2026-01-12|net demand for safety|024117,20260112-A672-E556-SMALL-#1,2026-01-12
2026-01-15,21315474,E556,19,21315474|A672|E556|2026-01-12|net demand for safety|024125,20260112-A672-E556-SMALL-#1,2026-01-12
2026-01-15,21354246,E556,3,21354246|A672|E556|2026-01-12|net demand for safety|024142,20260112-A672-E556-SMALL-#1,2026-01-12
2026-01-15,80804133,E556,16,80804133|A672|E556|2026-01-12|net demand for safety|024236,20260112-A672-E556-SMALL-#1,2026-01-12
2026-01-15,80807089,E556,1,80807089|A672|E556|2026-01-12|net demand for safety|024479,20260112-A672-E556-SMALL-#1,2026-01-12
2026-01-15,80807092,E556,6,80807092|A672|E556|2026-01-12|net demand for safety|024504,20260112-A672-E556-SMALL-#1,2026-01-12
2026-01-15,80807112,E556,3,80807112|A672|E556|2026-01-12|net demand for safety|024554,20260112-A672-E556-SMALL-#1,2026-01-12
2026-01-15,80807113,E556,1,80807113|A672|E556|2026-01-12|net demand for safety|024557,20260112-A672-E556-SMALL-#1,2026-01-12
2026-01-15,80807118,E556,2,80807118|A672|E556|2026-01-12|net demand for safety|024759,20260112-A672-E556-SMALL-#1,2026-01-12
2026-01-15,80807120,E556,2,80807120|A672|E556|2026-01-12|net demand for safety|024767,20260112-A672-E556-SMALL-#1,2026-01-12
2026-01-15,80848029,E556,8,80848029|A672|E556|2026-01-12|net demand for safety|025110,20260112-A672-E556-SMALL-#1,2026-01-12
2026-01-15,21132758,D191,1,21132758|C816|D191|2025-12-27|net demand for forecast|005773,20260112-C816-D191-SMALL-#1,2026-01-12
2026-01-15,21132758,D191,1,21132758|C816|D191|2025-12-28|net demand for forecast|006321,20260112-C816-D191-SMALL-#1,2026-01-12
2026-01-15,21151196,D191,1,21151196|C816|D191|2025-12-28|net demand for forecast|006371,20260112-C816-D191-SMALL-#1,2026-01-12
2026-01-15,21128377,D191,1,21128377|C816|D191|2026-01-01|net demand for forecast|010241,20260112-C816-D191-SMALL-#1,2026-01-12
2026-01-15,21128377,D191,1,21128377|C816|D191|2026-01-02|net demand for forecast|011126,20260112-C816-D191-SMALL-#1,2026-01-12
2026-01-15,21128377,D191,1,21128377|C816|D191|2026-01-02|net demand for forecast|011128,20260112-C816-D191-SMALL-#1,2026-01-12
2026-01-15,80804134,D191,1,80804134|C816|D191|2026-01-02|net demand for forecast|011454,20260112-C816-D191-SMALL-#1,2026-01-12
2026-01-15,80804136,D191,1,80804136|C816|D191|2026-01-10|net demand for forecast|020867,20260112-C816-D191-SMALL-#1,2026-01-12
2026-01-15,80807116,D191,3,80807116|C816|D191|2026-01-10|net demand for forecast|021427,20260112-C816-D191-SMALL-#1,2026-01-12
2026-01-15,80807116,D191,1,80807116|C816|D191|2026-01-12|net demand for forecast|024748,20260112-C816-D191-SMALL-#1,2026-01-12
2026-01-15,80804134,D191,3,80804134|C816|D191|2025-12-24|net demand for safety|003336,20260112-C816-D191-SMALL-#1,2026-01-12
2026-01-15,21143102,D191,2,21143102|C816|D191|2025-12-31|net demand for safety|009308,20260112-C816-D191-SMALL-#1,2026-01-12
2026-01-15,80804136,D191,3,80804136|C816|D191|2025-12-31|net demand for safety|009742,20260112-C816-D191-SMALL-#1,2026-01-12
2026-01-15,80812840,D767,3,80812840|C810|D767|2026-01-11|net demand for normal|023372,20260112-C810-D767-SMALL-#1,2026-01-12
2026-01-15,21137866,D767,5,21137866|C810|D767|2026-01-12|net demand for normal|023877,20260112-C810-D767-SMALL-#1,2026-01-12
2026-01-15,80804698,D767,1,80804698|C810|D767|2026-01-12|net demand for normal|024315,20260112-C810-D767-SMALL-#1,2026-01-12
2026-01-15,21137866,D767,11,21137866|C810|D767|2026-01-11|net demand for forecast|022089,20260112-C810-D767-SMALL-#1,2026-01-12
2026-01-15,80807113,D767,1,80807113|C810|D767|2026-01-11|net demand for forecast|023284,20260112-C810-D767-SMALL-#1,2026-01-12
2026-01-15,80807118,D767,1,80807118|C810|D767|2026-01-11|net demand for forecast|023334,20260112-C810-D767-SMALL-#1,2026-01-12
2026-01-15,21137866,D767,7,21137866|C810|D767|2026-01-12|net demand for forecast|023875,20260112-C810-D767-SMALL-#1,2026-01-12
2026-01-15,21325164,D767,1,21325164|C810|D767|2026-01-12|net demand for forecast|024136,20260112-C810-D767-SMALL-#1,2026-01-12
2026-01-15,21098519,D767,2,21098519|C810|D767|2026-01-11|net demand for safety|021840,20260112-C810-D767-SMALL-#1,2026-01-12
2026-01-15,21132988,C810,1,21132988|0386|C810|2026-01-12|net demand for forecast|023815,20260112-0386-C810-LARGE-#1,2026-01-12
2026-01-15,21132988,C810,1,21132988|0386|C810|2026-01-12|net demand for forecast|023818,20260112-0386-C810-LARGE-#1,2026-01-12
2026-01-15,80807116,C810,1,80807116|0386|C810|2026-01-12|net demand for forecast|024719,20260112-0386-C810-LARGE-#1,2026-01-12
2026-01-15,80807116,C810,8,80807116|0386|C810|2026-01-12|net demand for net demand for forecast|024734,20260112-0386-C810-LARGE-#1,2026-01-12
2026-01-15,21113405,C810,1,21113405|0386|C810|2026-01-12|net demand for safety|023732,20260112-0386-C810-LARGE-#1,2026-01-12
2026-01-15,80807113,C810,1,80807113|0386|C810|2026-01-12|net demand for net demand for safety|024556,20260112-0386-C810-LARGE-#1,2026-01-12
2026-01-15,80848021,C810,40,80848021|0386|C810|2026-01-12|push replenishment|024866,20260112-0386-C810-LARGE-#1,2026-01-12
2026-01-15,21314595,D901,1,21314595|A673|D901|2026-01-13|net demand for normal|025405,20260113-A673-D901-SMALL-#1,2026-01-13
2026-01-15,80804706,D901,2,80804706|A673|D901|2026-01-13|net demand for normal|025828,20260113-A673-D901-SMALL-#1,2026-01-13
2026-01-15,21121756,D901,1,21121756|A673|D901|2026-01-13|net demand for forecast|025196,20260113-A673-D901-SMALL-#1,2026-01-13
2026-01-15,21121756,D901,1,21121756|A673|D901|2026-01-13|net demand for forecast|025197,20260113-A673-D901-SMALL-#1,2026-01-13
2026-01-15,21121756,D901,1,21121756|A673|D901|2026-01-13|net demand for forecast|025198,20260113-A673-D901-SMALL-#1,2026-01-13
2026-01-15,21121756,D901,2,21121756|A673|D901|2026-01-13|net demand for forecast|025199,20260113-A673-D901-SMALL-#1,2026-01-13
2026-01-15,21139445,D901,2,21139445|A673|D901|2026-01-13|net demand for forecast|025313,20260113-A673-D901-SMALL-#1,2026-01-13
2026-01-15,21139445,D901,2,21139445|A673|D901|2026-01-13|net demand for forecast|025314,20260113-A673-D901-SMALL-#1,2026-01-13
2026-01-15,21139445,D901,2,21139445|A673|D901|2026-01-13|net demand for forecast|025315,20260113-A673-D901-SMALL-#1,2026-01-13
2026-01-15,21139445,D901,2,21139445|A673|D901|2026-01-13|net demand for forecast|025316,20260113-A673-D901-SMALL-#1,2026-01-13
2026-01-15,21314595,D901,1,21314595|A673|D901|2026-01-13|net demand for forecast|025402,20260113-A673-D901-SMALL-#1,2026-01-13
2026-01-15,21314595,D901,1,21314595|A673|D901|2026-01-13|net demand for forecast|025403,20260113-A673-D901-SMALL-#1,2026-01-13
2026-01-15,21314595,D901,1,21314595|A673|D901|2026-01-13|net demand for forecast|025404,20260113-A673-D901-SMALL-#1,2026-01-13
2026-01-15,80804132,D901,1,80804132|A673|D901|2026-01-13|net demand for forecast|025637,20260113-A673-D901-SMALL-#1,2026-01-13
2026-01-15,80804132,D901,1,80804132|A673|D901|2026-01-13|net demand for forecast|025638,20260113-A673-D901-SMALL-#1,2026-01-13
2026-01-15,80804132,D901,1,80804132|A673|D901|2026-01-13|net demand for forecast|025639,20260113-A673-D901-SMALL-#1,2026-01-13
2026-01-15,80804132,D901,1,80804132|A673|D901|2026-01-13|net demand for forecast|025640,20260113-A673-D901-SMALL-#1,2026-01-13
2026-01-15,80804134,D901,1,80804134|A673|D901|2026-01-13|net demand for forecast|025660,20260113-A673-D901-SMALL-#1,2026-01-13
2026-01-15,80804134,D901,1,80804134|A673|D901|2026-01-13|net demand for forecast|025661,20260113-A673-D901-SMALL-#1,2026-01-13
2026-01-15,80804134,D901,1,80804134|A673|D901|2026-01-13|net demand for forecast|025662,20260113-A673-D901-SMALL-#1,2026-01-13
2026-01-15,80804134,D901,1,80804134|A673|D901|2026-01-13|net demand for forecast|025663,20260113-A673-D901-SMALL-#1,2026-01-13
2026-01-15,80804137,D901,1,80804137|A673|D901|2026-01-13|net demand for forecast|025685,20260113-A673-D901-SMALL-#1,2026-01-13
2026-01-15,80804137,D901,1,80804137|A673|D901|2026-01-13|net demand for forecast|025686,20260113-A673-D901-SMALL-#1,2026-01-13
2026-01-15,80804137,D901,1,80804137|A673|D901|2026-01-13|net demand for forecast|025687,20260113-A673-D901-SMALL-#1,2026-01-13
2026-01-15,80804137,D901,1,80804137|A673|D901|2026-01-13|net demand for forecast|025688,20260113-A673-D901-SMALL-#1,2026-01-13
2026-01-15,80804704,D901,3,80804704|A673|D901|2026-01-13|net demand for forecast|025729,20260113-A673-D901-SMALL-#1,2026-01-13
2026-01-15,80804704,D901,3,80804704|A673|D901|2026-01-13|net demand for forecast|025730,20260113-A673-D901-SMALL-#1,2026-01-13
2026-01-15,80804704,D901,3,80804704|A673|D901|2026-01-13|net demand for forecast|025731,20260113-A673-D901-SMALL-#1,2026-01-13
2026-01-15,80804704,D901,3,80804704|A673|D901|2026-01-13|net demand for forecast|025732,20260113-A673-D901-SMALL-#1,2026-01-13
2026-01-15,80804706,D901,2,80804706|A673|D901|2026-01-13|net demand for forecast|025824,20260113-A673-D901-SMALL-#1,2026-01-13
2026-01-15,80804706,D901,2,80804706|A673|D901|2026-01-13|net demand for forecast|025825,20260113-A673-D901-SMALL-#1,2026-01-13
2026-01-15,80807095,D901,8,80807095|A673|D901|2026-01-13|net demand for forecast|026042,20260113-A673-D901-SMALL-#1,2026-01-13
2026-01-15,80807095,D901,8,80807095|A673|D901|2026-01-13|net demand for forecast|026043,20260113-A673-D901-SMALL-#1,2026-01-13
2026-01-15,80807095,D901,8,80807095|A673|D901|2026-01-13|net demand for forecast|026044,20260113-A673-D901-SMALL-#1,2026-01-13
2026-01-15,80807095,D901,8,80807095|A673|D901|2026-01-13|net demand for forecast|026045,20260113-A673-D901-SMALL-#1,2026-01-13
2026-01-15,80807100,D901,2,80807100|A673|D901|2026-01-13|net demand for forecast|026048,20260113-A673-D901-SMALL-#1,2026-01-13
2026-01-15,80807100,D901,2,80807100|A673|D901|2026-01-13|net demand for forecast|026049,20260113-A673-D901-SMALL-#1,2026-01-13
2026-01-15,80807100,D901,2,80807100|A673|D901|2026-01-13|net demand for forecast|026050,20260113-A673-D901-SMALL-#1,2026-01-13
2026-01-15,80807100,D901,2,80807100|A673|D901|2026-01-13|net demand for forecast|026051,20260113-A673-D901-SMALL-#1,2026-01-13
2026-01-15,80807110,D901,3,80807110|A673|D901|2026-01-13|net demand for forecast|026086,20260113-A673-D901-SMALL-#1,2026-01-13
2026-01-15,80807110,D901,3,80807110|A673|D901|2026-01-13|net demand for forecast|026087,20260113-A673-D901-SMALL-#1,2026-01-13
2026-01-15,80807110,D901,3,80807110|A673|D901|2026-01-13|net demand for forecast|026088,20260113-A673-D901-SMALL-#1,2026-01-13
2026-01-15,80807115,D901,7,80807115|A673|D901|2026-01-13|net demand for forecast|026233,20260113-A673-D901-SMALL-#1,2026-01-13
2026-01-15,80807115,D901,7,80807115|A673|D901|2026-01-13|net demand for forecast|026234,20260113-A673-D901-SMALL-#1,2026-01-13
2026-01-15,80807115,D901,7,80807115|A673|D901|2026-01-13|net demand for forecast|026235,20260113-A673-D901-SMALL-#1,2026-01-13
2026-01-15,80812845,D901,2,80812845|A673|D901|2026-01-13|net demand for forecast|026361,20260113-A673-D901-SMALL-#1,2026-01-13
2026-01-15,80812845,D901,2,80812845|A673|D901|2026-01-13|net demand for forecast|026363,20260113-A673-D901-SMALL-#1,2026-01-13
2026-01-15,80812845,D901,2,80812845|A673|D901|2026-01-13|net demand for forecast|026364,20260113-A673-D901-SMALL-#1,2026-01-13
2026-01-15,80848022,D901,5,80848022|A673|D901|2026-01-13|net demand for forecast|026424,20260113-A673-D901-SMALL-#1,2026-01-13
2026-01-15,80848022,D901,5,80848022|A673|D901|2026-01-13|net demand for forecast|026425,20260113-A673-D901-SMALL-#1,2026-01-13
2026-01-15,80848022,D901,5,80848022|A673|D901|2026-01-13|net demand for forecast|026426,20260113-A673-D901-SMALL-#1,2026-01-13
2026-01-15,21098519,D901,22,21098519|A673|D901|2026-01-13|net demand for safety|025180,20260113-A673-D901-SMALL-#1,2026-01-13
2026-01-15,21121751,D901,3,21121751|A673|D901|2026-01-13|net demand for safety|025194,20260113-A673-D901-SMALL-#1,2026-01-13
2026-01-15,21121756,D901,12,21121756|A673|D901|2026-01-13|net demand for safety|025200,20260113-A673-D901-SMALL-#1,2026-01-13
2026-01-15,21127730,D901,1,21127730|A673|D901|2026-01-13|net demand for safety|025213,20260113-A673-D901-SMALL-#1,2026-01-13
2026-01-15,21128067,D901,10,21128067|A673|D901|2026-01-13|net demand for safety|025214,20260113-A673-D901-SMALL-#1,2026-01-13
2026-01-15,21143103,D901,2,21143103|A673|D901|2026-01-13|net demand for safety|025352,20260113-A673-D901-SMALL-#1,2026-01-13
2026-01-15,21143110,D901,3,21143110|A673|D901|2026-01-13|net demand for safety|025354,20260113-A673-D901-SMALL-#1,2026-01-13
2026-01-15,21155895,D901,9,21155895|A673|D901|2026-01-13|net demand for safety|025364,20260113-A673-D901-SMALL-#1,2026-01-13
2026-01-15,21165816,D901,1,21165816|A673|D901|2026-01-13|net demand for safety|025367,20260113-A673-D901-SMALL-#1,2026-01-13
2026-01-15,21165868,D901,1,21165868|A673|D901|2026-01-13|net demand for safety|025368,20260113-A673-D901-SMALL-#1,2026-01-13
2026-01-15,21170686,D901,1,21170686|A673|D901|2026-01-13|net demand for safety|025375,20260113-A673-D901-SMALL-#1,2026-01-13
2026-01-15,21170691,D901,1,21170691|A673|D901|2026-01-13|net demand for safety|025376,20260113-A673-D901-SMALL-#1,2026-01-13
2026-01-15,21171453,D901,1,21171453|A673|D901|2026-01-13|net demand for safety|025377,20260113-A673-D901-SMALL-#1,2026-01-13
2026-01-15,21314593,D901,1,21314593|A673|D901|2026-01-13|net demand for safety|025394,20260113-A673-D901-SMALL-#1,2026-01-13
2026-01-15,21314595,D901,2,21314595|A673|D901|2026-01-13|net demand for safety|025406,20260113-A673-D901-SMALL-#1,2026-01-13
2026-01-15,21315352,D901,3,21315352|A673|D901|2026-01-13|net demand for safety|025524,20260113-A673-D901-SMALL-#1,2026-01-13
2026-01-15,21315474,D901,2,21315474|A673|D901|2026-01-13|net demand for safety|025525,20260113-A673-D901-SMALL-#1,2026-01-13
2026-01-15,80804132,D901,3,80804132|A673|D901|2026-01-13|net demand for safety|025641,20260113-A673-D901-SMALL-#1,2026-01-13
2026-01-15,80804703,D901,4,80804703|A673|D901|2026-01-13|net demand for safety|025720,20260113-A673-D901-SMALL-#1,2026-01-13
2026-01-15,80807089,D901,20,80807089|A673|D901|2026-01-13|net demand for safety|026019,20260113-A673-D901-SMALL-#1,2026-01-13
2026-01-15,80807100,D901,110,80807100|A673|D901|2026-01-13|net demand for safety|026052,20260113-A673-D901-SMALL-#1,2026-01-13
2026-01-15,80807110,D901,45,80807110|A673|D901|2026-01-13|net demand for safety|026089,20260113-A673-D901-SMALL-#1,2026-01-13
2026-01-15,80807112,D901,22,80807112|A673|D901|2026-01-13|net demand for safety|026092,20260113-A673-D901-SMALL-#1,2026-01-13
2026-01-15,80807118,D901,37,80807118|A673|D901|2026-01-13|net demand for safety|026263,20260113-A673-D901-SMALL-#1,2026-01-13
2026-01-15,80807120,D901,12,80807120|A673|D901|2026-01-13|net demand for safety|026264,20260113-A673-D901-SMALL-#1,2026-01-13
2026-01-15,80868102,C816,1,80868102|0386|C816|2026-01-13|net demand for AO|026788,20260113-0386-C816-LARGE-#1,2026-01-13
2026-01-15,80868102,C816,3,80868102|0386|C816|2026-01-13|net demand for forecast|026794,20260113-0386-C816-LARGE-#1,2026-01-13
2026-01-15,21314876,C816,1,21314876|0386|C816|2026-01-13|net demand for net demand for forecast|025514,20260113-0386-C816-LARGE-#1,2026-01-13
2026-01-15,80805856,C816,1,80805856|0386|C816|2026-01-13|net demand for net demand for forecast|026003,20260113-0386-C816-LARGE-#1,2026-01-13
2026-01-15,80805856,C816,1,80805856|0386|C816|2026-01-13|net demand for net demand for forecast|026005,20260113-0386-C816-LARGE-#1,2026-01-13
2026-01-15,80807114,C816,1,80807114|0386|C816|2026-01-13|net demand for net demand for forecast|026201,20260113-0386-C816-LARGE-#1,2026-01-13
2026-01-15,80807114,C816,1,80807114|0386|C816|2026-01-13|net demand for net demand for forecast|026202,20260113-0386-C816-LARGE-#1,2026-01-13
2026-01-15,80848026,C816,1,80848026|0386|C816|2026-01-13|net demand for net demand for forecast|026573,20260113-0386-C816-LARGE-#1,2026-01-13
2026-01-15,80848026,C816,2,80848026|0386|C816|2026-01-13|net demand for net demand for forecast|026584,20260113-0386-C816-LARGE-#1,2026-01-13
2026-01-15,80848026,C816,2,80848026|0386|C816|2026-01-13|net demand for net demand for forecast|026587,20260113-0386-C816-LARGE-#1,2026-01-13
2026-01-15,80868101,C816,1,80868101|0386|C816|2026-01-13|net demand for net demand for forecast|026720,20260113-0386-C816-LARGE-#1,2026-01-13
2026-01-15,80868101,C816,5,80868101|0386|C816|2026-01-13|net demand for net demand for forecast|026730,20260113-0386-C816-LARGE-#1,2026-01-13
2026-01-15,80868102,C816,1,80868102|0386|C816|2026-01-13|net demand for net demand for forecast|026807,20260113-0386-C816-LARGE-#1,2026-01-13
2026-01-15,80868101,C816,52,80868101|0386|C816|2026-01-13|net demand for net demand for safety|026734,20260113-0386-C816-LARGE-#1,2026-01-13
2026-01-15,80807114,C810,1,80807114|0386|C810|2026-01-13|net demand for AO|026182,20260113-0386-C810-LARGE-#1,2026-01-13
2026-01-15,80807114,C810,1,80807114|0386|C810|2026-01-13|net demand for AO|026183,20260113-0386-C810-LARGE-#1,2026-01-13
2026-01-15,80807114,C810,2,80807114|0386|C810|2026-01-13|net demand for AO|026184,20260113-0386-C810-LARGE-#1,2026-01-13
2026-01-15,80812845,C810,1,80812845|0386|C810|2026-01-13|net demand for AO|026330,20260113-0386-C810-LARGE-#1,2026-01-13
2026-01-15,80812845,C810,1,80812845|0386|C810|2026-01-13|net demand for AO|026331,20260113-0386-C810-LARGE-#1,2026-01-13
2026-01-15,80812845,C810,1,80812845|0386|C810|2026-01-13|net demand for AO|026332,20260113-0386-C810-LARGE-#1,2026-01-13
2026-01-15,80812845,C810,1,80812845|0386|C810|2026-01-13|net demand for AO|026333,20260113-0386-C810-LARGE-#1,2026-01-13
2026-01-15,80812845,C810,1,80812845|0386|C810|2026-01-13|net demand for AO|026334,20260113-0386-C810-LARGE-#1,2026-01-13
2026-01-15,80812845,C810,1,80812845|0386|C810|2026-01-13|net demand for AO|026335,20260113-0386-C810-LARGE-#1,2026-01-13
2026-01-15,80812845,C810,1,80812845|0386|C810|2026-01-13|net demand for AO|026336,20260113-0386-C810-LARGE-#1,2026-01-13
2026-01-15,80812845,C810,2,80812845|0386|C810|2026-01-13|net demand for AO|026337,20260113-0386-C810-LARGE-#1,2026-01-13
2026-01-15,80812845,C810,2,80812845|0386|C810|2026-01-13|net demand for AO|026338,20260113-0386-C810-LARGE-#1,2026-01-13
2026-01-15,80812845,C810,3,80812845|0386|C810|2026-01-13|net demand for AO|026339,20260113-0386-C810-LARGE-#1,2026-01-13
2026-01-15,80805856,C810,1,80805856|0386|C810|2026-01-13|net demand for forecast|025969,20260113-0386-C810-LARGE-#1,2026-01-13
2026-01-15,80805856,C810,2,80805856|0386|C810|2026-01-13|net demand for forecast|025970,20260113-0386-C810-LARGE-#1,2026-01-13
2026-01-15,80805856,C810,2,80805856|0386|C810|2026-01-13|net demand for forecast|025971,20260113-0386-C810-LARGE-#1,2026-01-13
2026-01-15,80805856,C810,2,80805856|0386|C810|2026-01-13|net demand for forecast|025972,20260113-0386-C810-LARGE-#1,2026-01-13
2026-01-15,80805856,C810,2,80805856|0386|C810|2026-01-13|net demand for forecast|025973,20260113-0386-C810-LARGE-#1,2026-01-13
2026-01-15,80805856,C810,2,80805856|0386|C810|2026-01-13|net demand for forecast|025974,20260113-0386-C810-LARGE-#1,2026-01-13
2026-01-15,80805856,C810,2,80805856|0386|C810|2026-01-13|net demand for forecast|025975,20260113-0386-C810-LARGE-#1,2026-01-13
2026-01-15,80805856,C810,2,80805856|0386|C810|2026-01-13|net demand for forecast|025976,20260113-0386-C810-LARGE-#1,2026-01-13
2026-01-15,80805856,C810,2,80805856|0386|C810|2026-01-13|net demand for forecast|025977,20260113-0386-C810-LARGE-#1,2026-01-13
2026-01-15,80805856,C810,2,80805856|0386|C810|2026-01-13|net demand for forecast|025978,20260113-0386-C810-LARGE-#1,2026-01-13
2026-01-15,80805856,C810,2,80805856|0386|C810|2026-01-13|net demand for forecast|025980,20260113-0386-C810-LARGE-#1,2026-01-13
2026-01-15,80807114,C810,1,80807114|0386|C810|2026-01-13|net demand for forecast|026185,20260113-0386-C810-LARGE-#1,2026-01-13
2026-01-15,80807114,C810,1,80807114|0386|C810|2026-01-13|net demand for forecast|026186,20260113-0386-C810-LARGE-#1,2026-01-13
2026-01-15,80807114,C810,1,80807114|0386|C810|2026-01-13|net demand for forecast|026187,20260113-0386-C810-LARGE-#1,2026-01-13
2026-01-15,80807114,C810,2,80807114|0386|C810|2026-01-13|net demand for forecast|026188,20260113-0386-C810-LARGE-#1,2026-01-13
2026-01-15,80807114,C810,2,80807114|0386|C810|2026-01-13|net demand for forecast|026189,20260113-0386-C810-LARGE-#1,2026-01-13
2026-01-15,80812845,C810,3,80812845|0386|C810|2026-01-13|net demand for forecast|026340,20260113-0386-C810-LARGE-#1,2026-01-13
2026-01-15,80812845,C810,5,80812845|0386|C810|2026-01-13|net demand for forecast|026341,20260113-0386-C810-LARGE-#1,2026-01-13
2026-01-15,80812845,C810,9,80812845|0386|C810|2026-01-13|net demand for forecast|026342,20260113-0386-C810-LARGE-#1,2026-01-13
2026-01-15,80812845,C810,12,80812845|0386|C810|2026-01-13|net demand for forecast|026343,20260113-0386-C810-LARGE-#1,2026-01-13
2026-01-15,80812845,C810,12,80812845|0386|C810|2026-01-13|net demand for forecast|026344,20260113-0386-C810-LARGE-#1,2026-01-13
2026-01-15,80812845,C810,12,80812845|0386|C810|2026-01-13|net demand for forecast|026345,20260113-0386-C810-LARGE-#1,2026-01-13
2026-01-15,80812845,C810,12,80812845|0386|C810|2026-01-13|net demand for forecast|026346,20260113-0386-C810-LARGE-#1,2026-01-13
2026-01-15,80848026,C810,9,80848026|0386|C810|2026-01-13|net demand for forecast|026548,20260113-0386-C810-LARGE-#1,2026-01-13
2026-01-15,80848026,C810,14,80848026|0386|C810|2026-01-13|net demand for forecast|026549,20260113-0386-C810-LARGE-#1,2026-01-13
2026-01-15,80848026,C810,14,80848026|0386|C810|2026-01-13|net demand for forecast|026550,20260113-0386-C810-LARGE-#1,2026-01-13
2026-01-15,80848026,C810,15,80848026|0386|C810|2026-01-13|net demand for forecast|026552,20260113-0386-C810-LARGE-#1,2026-01-13
2026-01-15,80848026,C810,15,80848026|0386|C810|2026-01-13|net demand for forecast|026553,20260113-0386-C810-LARGE-#1,2026-01-13
2026-01-15,80848026,C810,15,80848026|0386|C810|2026-01-13|net demand for forecast|026554,20260113-0386-C810-LARGE-#1,2026-01-13
2026-01-15,21127730,C810,3,21127730|0386|C810|2026-01-13|net demand for net demand for forecast|025206,20260113-0386-C810-LARGE-#1,2026-01-13
2026-01-15,21127730,C810,3,21127730|0386|C810|2026-01-13|net demand for net demand for forecast|025207,20260113-0386-C810-LARGE-#1,2026-01-13
2026-01-15,21127730,C810,3,21127730|0386|C810|2026-01-13|net demand for net demand for forecast|025208,20260113-0386-C810-LARGE-#1,2026-01-13
2026-01-15,21127730,C810,3,21127730|0386|C810|2026-01-13|net demand for net demand for forecast|025209,20260113-0386-C810-LARGE-#1,2026-01-13
2026-01-15,21127730,C810,3,21127730|0386|C810|2026-01-13|net demand for net demand for forecast|025210,20260113-0386-C810-LARGE-#1,2026-01-13
2026-01-15,80805856,C810,2,80805856|0386|C810|2026-01-13|net demand for net demand for forecast|025981,20260113-0386-C810-LARGE-#1,2026-01-13
2026-01-15,80805856,C810,2,80805856|0386|C810|2026-01-13|net demand for net demand for forecast|025982,20260113-0386-C810-LARGE-#1,2026-01-13
2026-01-15,80805856,C810,2,80805856|0386|C810|2026-01-13|net demand for net demand for forecast|025983,20260113-0386-C810-LARGE-#1,2026-01-13
2026-01-15,80805856,C810,2,80805856|0386|C810|2026-01-13|net demand for net demand for forecast|025984,20260113-0386-C810-LARGE-#1,2026-01-13
2026-01-15,80805856,C810,2,80805856|0386|C810|2026-01-13|net demand for net demand for forecast|025985,20260113-0386-C810-LARGE-#1,2026-01-13
2026-01-15,80805856,C810,2,80805856|0386|C810|2026-01-13|net demand for net demand for forecast|025986,20260113-0386-C810-LARGE-#1,2026-01-13
2026-01-15,80805856,C810,2,80805856|0386|C810|2026-01-13|net demand for net demand for forecast|025987,20260113-0386-C810-LARGE-#1,2026-01-13
2026-01-15,80812845,C810,3,80812845|0386|C810|2026-01-13|net demand for net demand for forecast|026347,20260113-0386-C810-LARGE-#1,2026-01-13
2026-01-15,80812845,C810,3,80812845|0386|C810|2026-01-13|net demand for net demand for forecast|026348,20260113-0386-C810-LARGE-#1,2026-01-13
2026-01-15,80812845,C810,3,80812845|0386|C810|2026-01-13|net demand for net demand for forecast|026349,20260113-0386-C810-LARGE-#1,2026-01-13
2026-01-15,80848026,C810,2,80848026|0386|C810|2026-01-13|net demand for net demand for forecast|026555,20260113-0386-C810-LARGE-#1,2026-01-13
2026-01-15,80848026,C810,2,80848026|0386|C810|2026-01-13|net demand for net demand for forecast|026556,20260113-0386-C810-LARGE-#1,2026-01-13
2026-01-15,80848026,C810,2,80848026|0386|C810|2026-01-13|net demand for net demand for forecast|026557,20260113-0386-C810-LARGE-#1,2026-01-13
2026-01-15,80848026,C810,2,80848026|0386|C810|2026-01-13|net demand for net demand for forecast|026558,20260113-0386-C810-LARGE-#1,2026-01-13
2026-01-15,80848026,C810,2,80848026|0386|C810|2026-01-13|net demand for net demand for forecast|026559,20260113-0386-C810-LARGE-#1,2026-01-13
2026-01-15,80848026,C810,2,80848026|0386|C810|2026-01-13|net demand for net demand for forecast|026560,20260113-0386-C810-LARGE-#1,2026-01-13
2026-01-15,80848026,C810,9,80848026|0386|C810|2026-01-13|net demand for net demand for forecast|026562,20260113-0386-C810-LARGE-#1,2026-01-13
2026-01-15,80848026,C810,9,80848026|0386|C810|2026-01-13|net demand for net demand for forecast|026564,20260113-0386-C810-LARGE-#1,2026-01-13
2026-01-15,80848026,C810,11,80848026|0386|C810|2026-01-13|net demand for net demand for forecast|026565,20260113-0386-C810-LARGE-#1,2026-01-13
2026-01-15,80848026,C810,11,80848026|0386|C810|2026-01-13|net demand for net demand for forecast|026567,20260113-0386-C810-LARGE-#1,2026-01-13
2026-01-15,80848026,C810,11,80848026|0386|C810|2026-01-13|net demand for net demand for forecast|026568,20260113-0386-C810-LARGE-#1,2026-01-13
2026-01-15,80848026,C810,12,80848026|0386|C810|2026-01-13|net demand for net demand for forecast|026569,20260113-0386-C810-LARGE-#1,2026-01-13
2026-01-15,80848026,C810,12,80848026|0386|C810|2026-01-13|net demand for net demand for forecast|026570,20260113-0386-C810-LARGE-#1,2026-01-13
2026-01-15,80848026,C810,12,80848026|0386|C810|2026-01-13|net demand for net demand for forecast|026571,20260113-0386-C810-LARGE-#1,2026-01-13
2026-01-15,80805856,C810,8,80805856|0386|C810|2026-01-13|net demand for safety|025988,20260113-0386-C810-LARGE-#1,2026-01-13
2026-01-15,80807114,C810,16,80807114|0386|C810|2026-01-13|net demand for safety|026192,20260113-0386-C810-LARGE-#1,2026-01-13
2026-01-15,80812845,C810,113,80812845|0386|C810|2026-01-13|net demand for safety|026354,20260113-0386-C810-LARGE-#1,2026-01-13
2026-01-15,80848026,C810,130,80848026|0386|C810|2026-01-13|net demand for safety|026572,20260113-0386-C810-LARGE-#1,2026-01-13
2026-01-15,21127730,C810,1,21127730|0386|C810|2026-01-13|net demand for net demand for safety|025211,20260113-0386-C810-LARGE-#1,2026-01-13
2026-01-15,21127730,C810,178,21127730|0386|C810|2026-01-13|net demand for net demand for safety|025212,20260113-0386-C810-LARGE-#1,2026-01-13
2026-01-15,21314876,C810,3,21314876|0386|C810|2026-01-13|net demand for net demand for safety|025502,20260113-0386-C810-LARGE-#1,2026-01-13
2026-01-15,80807114,C810,32,80807114|0386|C810|2026-01-13|net demand for net demand for safety|026191,20260113-0386-C810-LARGE-#1,2026-01-13
2026-01-15,80812845,C810,55,80812845|0386|C810|2026-01-13|net demand for net demand for safety|026352,20260113-0386-C810-LARGE-#1,2026-01-13
2026-01-15,80812845,C810,62,80812845|0386|C810|2026-01-13|net demand for net demand for safety|026353,20260113-0386-C810-LARGE-#1,2026-01-13
2026-01-15,80807114,C810,70,80807114|0386|C810|2026-01-13|push replenishment|026193,20260113-0386-C810-LARGE-#1,2026-01-13
2026-01-15,80804699,C816,6,80804699|0386|C816|2026-01-14|net demand for normal|027568,20260114-0386-C816-LARGE-#1,2026-01-14
2026-01-15,80804699,C816,2,80804699|0386|C816|2026-01-14|net demand for net demand for normal|027561,20260114-0386-C816-LARGE-#1,2026-01-14
2026-01-15,80804699,C816,2,80804699|0386|C816|2026-01-14|net demand for net demand for normal|027562,20260114-0386-C816-LARGE-#1,2026-01-14
2026-01-15,80804699,C816,2,80804699|0386|C816|2026-01-14|net demand for net demand for normal|027563,20260114-0386-C816-LARGE-#1,2026-01-14
2026-01-15,80804699,C816,5,80804699|0386|C816|2026-01-14|net demand for net demand for normal|027564,20260114-0386-C816-LARGE-#1,2026-01-14
2026-01-15,80804699,C816,1,80804699|0386|C816|2026-01-14|net demand for net demand for net demand for normal|027560,20260114-0386-C816-LARGE-#1,2026-01-14
2026-01-15,80804704,C816,10,80804704|0386|C816|2026-01-14|net demand for AO|027588,20260114-0386-C816-LARGE-#1,2026-01-14
2026-01-15,80804704,C816,17,80804704|0386|C816|2026-01-14|net demand for AO|027589,20260114-0386-C816-LARGE-#1,2026-01-14
2026-01-15,80804704,C816,19,80804704|0386|C816|2026-01-14|net demand for AO|027590,20260114-0386-C816-LARGE-#1,2026-01-14
2026-01-15,80804704,C816,20,80804704|0386|C816|2026-01-14|net demand for AO|027591,20260114-0386-C816-LARGE-#1,2026-01-14
2026-01-15,80807096,C816,1,80807096|0386|C816|2026-01-14|net demand for AO|027887,20260114-0386-C816-LARGE-#1,2026-01-14
2026-01-15,80807096,C816,1,80807096|0386|C816|2026-01-14|net demand for AO|027888,20260114-0386-C816-LARGE-#1,2026-01-14
2026-01-15,80807096,C816,1,80807096|0386|C816|2026-01-14|net demand for AO|027889,20260114-0386-C816-LARGE-#1,2026-01-14
2026-01-15,80807096,C816,1,80807096|0386|C816|2026-01-14|net demand for AO|027890,20260114-0386-C816-LARGE-#1,2026-01-14
2026-01-15,80807096,C816,1,80807096|0386|C816|2026-01-14|net demand for AO|027891,20260114-0386-C816-LARGE-#1,2026-01-14
2026-01-15,80807096,C816,1,80807096|0386|C816|2026-01-14|net demand for AO|027892,20260114-0386-C816-LARGE-#1,2026-01-14
2026-01-15,80807096,C816,2,80807096|0386|C816|2026-01-14|net demand for AO|027893,20260114-0386-C816-LARGE-#1,2026-01-14
2026-01-15,80807096,C816,2,80807096|0386|C816|2026-01-14|net demand for AO|027894,20260114-0386-C816-LARGE-#1,2026-01-14
2026-01-15,80807096,C816,2,80807096|0386|C816|2026-01-14|net demand for AO|027895,20260114-0386-C816-LARGE-#1,2026-01-14
2026-01-15,80807096,C816,5,80807096|0386|C816|2026-01-14|net demand for AO|027897,20260114-0386-C816-LARGE-#1,2026-01-14
2026-01-15,80804704,C816,8,80804704|0386|C816|2026-01-14|net demand for net demand for AO|027599,20260114-0386-C816-LARGE-#1,2026-01-14
2026-01-15,80804704,C816,10,80804704|0386|C816|2026-01-14|net demand for net demand for AO|027600,20260114-0386-C816-LARGE-#1,2026-01-14
2026-01-15,80804704,C816,14,80804704|0386|C816|2026-01-14|net demand for net demand for AO|027601,20260114-0386-C816-LARGE-#1,2026-01-14
2026-01-15,21133312,C816,10,21133312|0386|C816|2026-01-14|net demand for forecast|027017,20260114-0386-C816-LARGE-#1,2026-01-14
2026-01-15,21133312,C816,10,21133312|0386|C816|2026-01-14|net demand for forecast|027018,20260114-0386-C816-LARGE-#1,2026-01-14
2026-01-15,21133312,C816,10,21133312|0386|C816|2026-01-14|net demand for forecast|027019,20260114-0386-C816-LARGE-#1,2026-01-14
2026-01-15,21133312,C816,11,21133312|0386|C816|2026-01-14|net demand for forecast|027021,20260114-0386-C816-LARGE-#1,2026-01-14
2026-01-15,21133312,C816,11,21133312|0386|C816|2026-01-14|net demand for forecast|027022,20260114-0386-C816-LARGE-#1,2026-01-14
2026-01-15,21133312,C816,11,21133312|0386|C816|2026-01-14|net demand for forecast|027023,20260114-0386-C816-LARGE-#1,2026-01-14
2026-01-15,21162696,C816,1,21162696|0386|C816|2026-01-14|net demand for forecast|027124,20260114-0386-C816-LARGE-#1,2026-01-14
2026-01-15,21162696,C816,1,21162696|0386|C816|2026-01-14|net demand for forecast|027125,20260114-0386-C816-LARGE-#1,2026-01-14
2026-01-15,21162696,C816,1,21162696|0386|C816|2026-01-14|net demand for forecast|027126,20260114-0386-C816-LARGE-#1,2026-01-14
2026-01-15,21162696,C816,1,21162696|0386|C816|2026-01-14|net demand for forecast|027127,20260114-0386-C816-LARGE-#1,2026-01-14
2026-01-15,21162696,C816,1,21162696|0386|C816|2026-01-14|net demand for forecast|027128,20260114-0386-C816-LARGE-#1,2026-01-14
2026-01-15,21162696,C816,1,21162696|0386|C816|2026-01-14|net demand for forecast|027129,20260114-0386-C816-LARGE-#1,2026-01-14
2026-01-15,21162696,C816,1,21162696|0386|C816|2026-01-14|net demand for forecast|027130,20260114-0386-C816-LARGE-#1,2026-01-14
2026-01-15,80804134,C816,6,80804134|0386|C816|2026-01-14|net demand for forecast|027335,20260114-0386-C816-LARGE-#1,2026-01-14
2026-01-15,80804134,C816,6,80804134|0386|C816|2026-01-14|net demand for forecast|027336,20260114-0386-C816-LARGE-#1,2026-01-14
2026-01-15,80804134,C816,9,80804134|0386|C816|2026-01-14|net demand for forecast|027338,20260114-0386-C816-LARGE-#1,2026-01-14
2026-01-15,80804134,C816,10,80804134|0386|C816|2026-01-14|net demand for forecast|027339,20260114-0386-C816-LARGE-#1,2026-01-14
2026-01-15,80804134,C816,10,80804134|0386|C816|2026-01-14|net demand for forecast|027340,20260114-0386-C816-LARGE-#1,2026-01-14
2026-01-15,80804134,C816,10,80804134|0386|C816|2026-01-14|net demand for forecast|027341,20260114-0386-C816-LARGE-#1,2026-01-14
2026-01-15,80804699,C816,4,80804699|0386|C816|2026-01-14|net demand for forecast|027523,20260114-0386-C816-LARGE-#1,2026-01-14
2026-01-15,80804699,C816,4,80804699|0386|C816|2026-01-14|net demand for forecast|027524,20260114-0386-C816-LARGE-#1,2026-01-14
2026-01-15,80804699,C816,4,80804699|0386|C816|2026-01-14|net demand for forecast|027525,20260114-0386-C816-LARGE-#1,2026-01-14
2026-01-15,80804699,C816,4,80804699|0386|C816|2026-01-14|net demand for forecast|027526,20260114-0386-C816-LARGE-#1,2026-01-14
2026-01-15,80804699,C816,4,80804699|0386|C816|2026-01-14|net demand for forecast|027528,20260114-0386-C816-LARGE-#1,2026-01-14
2026-01-15,80804704,C816,36,80804704|0386|C816|2026-01-14|net demand for forecast|027592,20260114-0386-C816-LARGE-#1,2026-01-14
2026-01-15,80804704,C816,36,80804704|0386|C816|2026-01-14|net demand for forecast|027593,20260114-0386-C816-LARGE-#1,2026-01-14
2026-01-15,80804704,C816,37,80804704|0386|C816|2026-01-14|net demand for forecast|027595,20260114-0386-C816-LARGE-#1,2026-01-14
2026-01-15,80804704,C816,37,80804704|0386|C816|2026-01-14|net demand for forecast|027597,20260114-0386-C816-LARGE-#1,2026-01-14
2026-01-15,80807089,C816,1,80807089|0386|C816|2026-01-14|net demand for forecast|027742,20260114-0386-C816-LARGE-#1,2026-01-14
2026-01-15,80807089,C816,1,80807089|0386|C816|2026-01-14|net demand for forecast|027743,20260114-0386-C816-LARGE-#1,2026-01-14
2026-01-15,80807089,C816,1,80807089|0386|C816|2026-01-14|net demand for forecast|027744,20260114-0386-C816-LARGE-#1,2026-01-14
2026-01-15,80807089,C816,1,80807089|0386|C816|2026-01-14|net demand for forecast|027745,20260114-0386-C816-LARGE-#1,2026-01-14
2026-01-15,80807089,C816,1,80807089|0386|C816|2026-01-14|net demand for forecast|027746,20260114-0386-C816-LARGE-#1,2026-01-14
2026-01-15,80807089,C816,1,80807089|0386|C816|2026-01-14|net demand for forecast|027747,20260114-0386-C816-LARGE-#1,2026-01-14
2026-01-15,80807089,C816,1,80807089|0386|C816|2026-01-14|net demand for forecast|027748,20260114-0386-C816-LARGE-#1,2026-01-14
2026-01-15,80807096,C816,5,80807096|0386|C816|2026-01-14|net demand for forecast|027898,20260114-0386-C816-LARGE-#1,2026-01-14
2026-01-15,80807096,C816,5,80807096|0386|C816|2026-01-14|net demand for forecast|027899,20260114-0386-C816-LARGE-#1,2026-01-14
2026-01-15,80807096,C816,5,80807096|0386|C816|2026-01-14|net demand for forecast|027901,20260114-0386-C816-LARGE-#1,2026-01-14
2026-01-15,80807096,C816,6,80807096|0386|C816|2026-01-14|net demand for forecast|027904,20260114-0386-C816-LARGE-#1,2026-01-14
2026-01-15,80807119,C816,1,80807119|0386|C816|2026-01-14|net demand for forecast|028073,20260114-0386-C816-LARGE-#1,2026-01-14
2026-01-15,80807119,C816,1,80807119|0386|C816|2026-01-14|net demand for forecast|028074,20260114-0386-C816-LARGE-#1,2026-01-14
2026-01-15,80807119,C816,2,80807119|0386|C816|2026-01-14|net demand for forecast|028075,20260114-0386-C816-LARGE-#1,2026-01-14
2026-01-15,80807119,C816,2,80807119|0386|C816|2026-01-14|net demand for forecast|028076,20260114-0386-C816-LARGE-#1,2026-01-14
2026-01-15,80807119,C816,2,80807119|0386|C816|2026-01-14|net demand for forecast|028077,20260114-0386-C816-LARGE-#1,2026-01-14
2026-01-15,80807119,C816,2,80807119|0386|C816|2026-01-14|net demand for forecast|028078,20260114-0386-C816-LARGE-#1,2026-01-14
2026-01-15,80807119,C816,2,80807119|0386|C816|2026-01-14|net demand for forecast|028079,20260114-0386-C816-LARGE-#1,2026-01-14
2026-01-15,21162696,C816,1,21162696|0386|C816|2026-01-14|net demand for net demand for forecast|027131,20260114-0386-C816-LARGE-#1,2026-01-14
2026-01-15,21162696,C816,1,21162696|0386|C816|2026-01-14|net demand for net demand for forecast|027132,20260114-0386-C816-LARGE-#1,2026-01-14
2026-01-15,80804699,C816,1,80804699|0386|C816|2026-01-14|net demand for net demand for forecast|027529,20260114-0386-C816-LARGE-#1,2026-01-14
2026-01-15,80804699,C816,1,80804699|0386|C816|2026-01-14|net demand for net demand for forecast|027530,20260114-0386-C816-LARGE-#1,2026-01-14
2026-01-15,80804699,C816,1,80804699|0386|C816|2026-01-14|net demand for net demand for forecast|027531,20260114-0386-C816-LARGE-#1,2026-01-14
2026-01-15,80804699,C816,1,80804699|0386|C816|2026-01-14|net demand for net demand for forecast|027532,20260114-0386-C816-LARGE-#1,2026-01-14
2026-01-15,80804699,C816,1,80804699|0386|C816|2026-01-14|net demand for net demand for forecast|027533,20260114-0386-C816-LARGE-#1,2026-01-14
2026-01-15,80804699,C816,1,80804699|0386|C816|2026-01-14|net demand for net demand for forecast|027534,20260114-0386-C816-LARGE-#1,2026-01-14
2026-01-15,80804699,C816,1,80804699|0386|C816|2026-01-14|net demand for net demand for forecast|027536,20260114-0386-C816-LARGE-#1,2026-01-14
2026-01-15,80804699,C816,1,80804699|0386|C816|2026-01-14|net demand for net demand for forecast|027537,20260114-0386-C816-LARGE-#1,2026-01-14
2026-01-15,80804699,C816,1,80804699|0386|C816|2026-01-14|net demand for net demand for forecast|027538,20260114-0386-C816-LARGE-#1,2026-01-14
2026-01-15,80804699,C816,1,80804699|0386|C816|2026-01-14|net demand for net demand for forecast|027539,20260114-0386-C816-LARGE-#1,2026-01-14
2026-01-15,80804699,C816,1,80804699|0386|C816|2026-01-14|net demand for net demand for forecast|027540,20260114-0386-C816-LARGE-#1,2026-01-14
2026-01-15,80804699,C816,1,80804699|0386|C816|2026-01-14|net demand for net demand for forecast|027541,20260114-0386-C816-LARGE-#1,2026-01-14
2026-01-15,80804699,C816,1,80804699|0386|C816|2026-01-14|net demand for net demand for forecast|027542,20260114-0386-C816-LARGE-#1,2026-01-14
2026-01-15,80804699,C816,1,80804699|0386|C816|2026-01-14|net demand for net demand for forecast|027543,20260114-0386-C816-LARGE-#1,2026-01-14
2026-01-15,80804699,C816,1,80804699|0386|C816|2026-01-14|net demand for net demand for forecast|027544,20260114-0386-C816-LARGE-#1,2026-01-14
2026-01-15,80804699,C816,1,80804699|0386|C816|2026-01-14|net demand for net demand for forecast|027545,20260114-0386-C816-LARGE-#1,2026-01-14
2026-01-15,80804699,C816,1,80804699|0386|C816|2026-01-14|net demand for net demand for forecast|027546,20260114-0386-C816-LARGE-#1,2026-01-14
2026-01-15,80804699,C816,2,80804699|0386|C816|2026-01-14|net demand for net demand for forecast|027547,20260114-0386-C816-LARGE-#1,2026-01-14
2026-01-15,80804699,C816,2,80804699|0386|C816|2026-01-14|net demand for net demand for forecast|027548,20260114-0386-C816-LARGE-#1,2026-01-14
2026-01-15,80804699,C816,2,80804699|0386|C816|2026-01-14|net demand for net demand for forecast|027549,20260114-0386-C816-LARGE-#1,2026-01-14
2026-01-15,80804699,C816,2,80804699|0386|C816|2026-01-14|net demand for net demand for forecast|027550,20260114-0386-C816-LARGE-#1,2026-01-14
2026-01-15,80804699,C816,2,80804699|0386|C816|2026-01-14|net demand for net demand for forecast|027551,20260114-0386-C816-LARGE-#1,2026-01-14
2026-01-15,80804699,C816,5,80804699|0386|C816|2026-01-14|net demand for net demand for forecast|027552,20260114-0386-C816-LARGE-#1,2026-01-14
2026-01-15,80804699,C816,5,80804699|0386|C816|2026-01-14|net demand for net demand for forecast|027553,20260114-0386-C816-LARGE-#1,2026-01-14
2026-01-15,80804699,C816,5,80804699|0386|C816|2026-01-14|net demand for net demand for forecast|027554,20260114-0386-C816-LARGE-#1,2026-01-14
2026-01-15,80804699,C816,5,80804699|0386|C816|2026-01-14|net demand for net demand for forecast|027555,20260114-0386-C816-LARGE-#1,2026-01-14
2026-01-15,80804699,C816,5,80804699|0386|C816|2026-01-14|net demand for net demand for forecast|027556,20260114-0386-C816-LARGE-#1,2026-01-14
2026-01-15,80804699,C816,5,80804699|0386|C816|2026-01-14|net demand for net demand for forecast|027557,20260114-0386-C816-LARGE-#1,2026-01-14
2026-01-15,80804704,C816,1,80804704|0386|C816|2026-01-14|net demand for net demand for forecast|027602,20260114-0386-C816-LARGE-#1,2026-01-14
2026-01-15,80804704,C816,1,80804704|0386|C816|2026-01-14|net demand for net demand for forecast|027603,20260114-0386-C816-LARGE-#1,2026-01-14
2026-01-15,80804704,C816,1,80804704|0386|C816|2026-01-14|net demand for net demand for forecast|027604,20260114-0386-C816-LARGE-#1,2026-01-14
2026-01-15,80804704,C816,1,80804704|0386|C816|2026-01-14|net demand for net demand for forecast|027605,20260114-0386-C816-LARGE-#1,2026-01-14
2026-01-15,80804704,C816,1,80804704|0386|C816|2026-01-14|net demand for net demand for forecast|027606,20260114-0386-C816-LARGE-#1,2026-01-14
2026-01-15,80804704,C816,7,80804704|0386|C816|2026-01-14|net demand for net demand for forecast|027607,20260114-0386-C816-LARGE-#1,2026-01-14
2026-01-15,80804704,C816,7,80804704|0386|C816|2026-01-14|net demand for net demand for forecast|027608,20260114-0386-C816-LARGE-#1,2026-01-14
2026-01-15,80804704,C816,7,80804704|0386|C816|2026-01-14|net demand for net demand for forecast|027609,20260114-0386-C816-LARGE-#1,2026-01-14
2026-01-15,80804704,C816,7,80804704|0386|C816|2026-01-14|net demand for net demand for forecast|027610,20260114-0386-C816-LARGE-#1,2026-01-14
2026-01-15,80804704,C816,7,80804704|0386|C816|2026-01-14|net demand for net demand for forecast|027611,20260114-0386-C816-LARGE-#1,2026-01-14
2026-01-15,80804704,C816,7,80804704|0386|C816|2026-01-14|net demand for net demand for forecast|027612,20260114-0386-C816-LARGE-#1,2026-01-14
2026-01-15,80804704,C816,13,80804704|0386|C816|2026-01-14|net demand for net demand for forecast|027613,20260114-0386-C816-LARGE-#1,2026-01-14
2026-01-15,80804704,C816,13,80804704|0386|C816|2026-01-14|net demand for net demand for forecast|027614,20260114-0386-C816-LARGE-#1,2026-01-14
2026-01-15,80804704,C816,13,80804704|0386|C816|2026-01-14|net demand for net demand for forecast|027615,20260114-0386-C816-LARGE-#1,2026-01-14
2026-01-15,80804704,C816,13,80804704|0386|C816|2026-01-14|net demand for net demand for forecast|027616,20260114-0386-C816-LARGE-#1,2026-01-14
2026-01-15,80804704,C816,13,80804704|0386|C816|2026-01-14|net demand for net demand for forecast|027617,20260114-0386-C816-LARGE-#1,2026-01-14
2026-01-15,80804704,C816,13,80804704|0386|C816|2026-01-14|net demand for net demand for forecast|027618,20260114-0386-C816-LARGE-#1,2026-01-14
2026-01-15,80804704,C816,14,80804704|0386|C816|2026-01-14|net demand for net demand for forecast|027619,20260114-0386-C816-LARGE-#1,2026-01-14
2026-01-15,80807089,C816,1,80807089|0386|C816|2026-01-14|net demand for net demand for forecast|027749,20260114-0386-C816-LARGE-#1,2026-01-14
2026-01-15,80807089,C816,3,80807089|0386|C816|2026-01-14|net demand for net demand for forecast|027750,20260114-0386-C816-LARGE-#1,2026-01-14
2026-01-15,80807089,C816,3,80807089|0386|C816|2026-01-14|net demand for net demand for forecast|027751,20260114-0386-C816-LARGE-#1,2026-01-14
2026-01-15,80807089,C816,4,80807089|0386|C816|2026-01-14|net demand for net demand for forecast|027752,20260114-0386-C816-LARGE-#1,2026-01-14
2026-01-15,80807089,C816,4,80807089|0386|C816|2026-01-14|net demand for net demand for forecast|027753,20260114-0386-C816-LARGE-#1,2026-01-14
2026-01-15,80807089,C816,4,80807089|0386|C816|2026-01-14|net demand for net demand for forecast|027754,20260114-0386-C816-LARGE-#1,2026-01-14
2026-01-15,80807089,C816,5,80807089|0386|C816|2026-01-14|net demand for net demand for forecast|027755,20260114-0386-C816-LARGE-#1,2026-01-14
2026-01-15,80807096,C816,2,80807096|0386|C816|2026-01-14|net demand for net demand for forecast|027905,20260114-0386-C816-LARGE-#1,2026-01-14
2026-01-15,80807096,C816,2,80807096|0386|C816|2026-01-14|net demand for net demand for forecast|027906,20260114-0386-C816-LARGE-#1,2026-01-14
2026-01-15,80807096,C816,2,80807096|0386|C816|2026-01-14|net demand for net demand for forecast|027908,20260114-0386-C816-LARGE-#1,2026-01-14
2026-01-15,80807096,C816,2,80807096|0386|C816|2026-01-14|net demand for net demand for forecast|027909,20260114-0386-C816-LARGE-#1,2026-01-14
2026-01-15,80807096,C816,2,80807096|0386|C816|2026-01-14|net demand for net demand for forecast|027910,20260114-0386-C816-LARGE-#1,2026-01-14
2026-01-15,80807096,C816,2,80807096|0386|C816|2026-01-14|net demand for net demand for forecast|027911,20260114-0386-C816-LARGE-#1,2026-01-14
2026-01-15,80807096,C816,2,80807096|0386|C816|2026-01-14|net demand for net demand for forecast|027912,20260114-0386-C816-LARGE-#1,2026-01-14
2026-01-15,80807096,C816,2,80807096|0386|C816|2026-01-14|net demand for net demand for forecast|027913,20260114-0386-C816-LARGE-#1,2026-01-14
2026-01-15,80807096,C816,2,80807096|0386|C816|2026-01-14|net demand for net demand for forecast|027914,20260114-0386-C816-LARGE-#1,2026-01-14
2026-01-15,80807096,C816,2,80807096|0386|C816|2026-01-14|net demand for net demand for forecast|027915,20260114-0386-C816-LARGE-#1,2026-01-14
2026-01-15,80807096,C816,2,80807096|0386|C816|2026-01-14|net demand for net demand for forecast|027917,20260114-0386-C816-LARGE-#1,2026-01-14
2026-01-15,80807096,C816,2,80807096|0386|C816|2026-01-14|net demand for net demand for forecast|027918,20260114-0386-C816-LARGE-#1,2026-01-14
2026-01-15,80807119,C816,1,80807119|0386|C816|2026-01-14|net demand for net demand for forecast|028081,20260114-0386-C816-LARGE-#1,2026-01-14
2026-01-15,80807119,C816,1,80807119|0386|C816|2026-01-14|net demand for net demand for forecast|028083,20260114-0386-C816-LARGE-#1,2026-01-14
2026-01-15,80807119,C816,1,80807119|0386|C816|2026-01-14|net demand for net demand for forecast|028084,20260114-0386-C816-LARGE-#1,2026-01-14
2026-01-15,80807119,C816,1,80807119|0386|C816|2026-01-14|net demand for net demand for forecast|028085,20260114-0386-C816-LARGE-#1,2026-01-14
2026-01-15,80807119,C816,1,80807119|0386|C816|2026-01-14|net demand for net demand for forecast|028086,20260114-0386-C816-LARGE-#1,2026-01-14
2026-01-15,80807119,C816,1,80807119|0386|C816|2026-01-14|net demand for net demand for forecast|028087,20260114-0386-C816-LARGE-#1,2026-01-14
2026-01-15,80807119,C816,1,80807119|0386|C816|2026-01-14|net demand for net demand for forecast|028088,20260114-0386-C816-LARGE-#1,2026-01-14
2026-01-15,80807119,C816,1,80807119|0386|C816|2026-01-14|net demand for net demand for forecast|028089,20260114-0386-C816-LARGE-#1,2026-01-14
2026-01-15,80807119,C816,1,80807119|0386|C816|2026-01-14|net demand for net demand for forecast|028090,20260114-0386-C816-LARGE-#1,2026-01-14
2026-01-15,80807119,C816,1,80807119|0386|C816|2026-01-14|net demand for net demand for forecast|028091,20260114-0386-C816-LARGE-#1,2026-01-14
2026-01-15,80807119,C816,1,80807119|0386|C816|2026-01-14|net demand for net demand for forecast|028092,20260114-0386-C816-LARGE-#1,2026-01-14
2026-01-15,80804699,C816,1,80804699|0386|C816|2026-01-14|net demand for net demand for net demand for forecast|027559,20260114-0386-C816-LARGE-#1,2026-01-14
2026-01-15,80804704,C816,1,80804704|0386|C816|2026-01-14|net demand for net demand for net demand for forecast|027620,20260114-0386-C816-LARGE-#1,2026-01-14
2026-01-15,80804704,C816,1,80804704|0386|C816|2026-01-14|net demand for net demand for net demand for forecast|027621,20260114-0386-C816-LARGE-#1,2026-01-14
2026-01-15,80804704,C816,1,80804704|0386|C816|2026-01-14|net demand for net demand for net demand for forecast|027622,20260114-0386-C816-LARGE-#1,2026-01-14
2026-01-15,80804704,C816,1,80804704|0386|C816|2026-01-14|net demand for net demand for net demand for forecast|027623,20260114-0386-C816-LARGE-#1,2026-01-14
2026-01-15,80804704,C816,1,80804704|0386|C816|2026-01-14|net demand for net demand for net demand for forecast|027624,20260114-0386-C816-LARGE-#1,2026-01-14
2026-01-15,80804704,C816,1,80804704|0386|C816|2026-01-14|net demand for net demand for net demand for forecast|027625,20260114-0386-C816-LARGE-#1,2026-01-14
2026-01-15,21121751,C816,1,21121751|0386|C816|2026-01-14|net demand for safety|026844,20260114-0386-C816-LARGE-#1,2026-01-14
2026-01-15,21121752,C816,32,21121752|0386|C816|2026-01-14|net demand for safety|026851,20260114-0386-C816-LARGE-#1,2026-01-14
2026-01-15,21132988,C816,118,21132988|0386|C816|2026-01-14|net demand for safety|026970,20260114-0386-C816-LARGE-#1,2026-01-14
2026-01-15,21133312,C816,139,21133312|0386|C816|2026-01-14|net demand for safety|027024,20260114-0386-C816-LARGE-#1,2026-01-14
2026-01-15,21162696,C816,19,21162696|0386|C816|2026-01-14|net demand for safety|027134,20260114-0386-C816-LARGE-#1,2026-01-14
2026-01-15,21314602,C816,8,21314602|0386|C816|2026-01-14|net demand for safety|027177,20260114-0386-C816-LARGE-#1,2026-01-14
2026-01-15,80804134,C816,342,80804134|0386|C816|2026-01-14|net demand for safety|027345,20260114-0386-C816-LARGE-#1,2026-01-14
2026-01-15,80804137,C816,70,80804137|0386|C816|2026-01-14|net demand for safety|027439,20260114-0386-C816-LARGE-#1,2026-01-14
2026-01-15,80804699,C816,45,80804699|0386|C816|2026-01-14|net demand for safety|027569,20260114-0386-C816-LARGE-#1,2026-01-14
2026-01-15,80804704,C816,401,80804704|0386|C816|2026-01-14|net demand for safety|027634,20260114-0386-C816-LARGE-#1,2026-01-14
2026-01-15,80807089,C816,280,80807089|0386|C816|2026-01-14|net demand for safety|027759,20260114-0386-C816-LARGE-#1,2026-01-14
2026-01-15,80807096,C816,48,80807096|0386|C816|2026-01-14|net demand for safety|027921,20260114-0386-C816-LARGE-#1,2026-01-14
2026-01-15,80807097,C816,25,80807097|0386|C816|2026-01-14|net demand for safety|027934,20260114-0386-C816-LARGE-#1,2026-01-14
2026-01-15,80807119,C816,28,80807119|0386|C816|2026-01-14|net demand for safety|028096,20260114-0386-C816-LARGE-#1,2026-01-14
2026-01-15,80885920,C816,1,80885920|0386|C816|2026-01-14|net demand for safety|028422,20260114-0386-C816-LARGE-#1,2026-01-14
2026-01-15,21132988,C816,1,21132988|0386|C816|2026-01-14|net demand for net demand for safety|026966,20260114-0386-C816-LARGE-#1,2026-01-14
2026-01-15,21132988,C816,5,21132988|0386|C816|2026-01-14|net demand for net demand for safety|026968,20260114-0386-C816-LARGE-#1,2026-01-14
2026-01-15,21132988,C816,30,21132988|0386|C816|2026-01-14|net demand for net demand for safety|026969,20260114-0386-C816-LARGE-#1,2026-01-14
2026-01-15,21162696,C816,2,21162696|0386|C816|2026-01-14|net demand for net demand for safety|027133,20260114-0386-C816-LARGE-#1,2026-01-14
2026-01-15,21314602,C816,1,21314602|0386|C816|2026-01-14|net demand for net demand for safety|027174,20260114-0386-C816-LARGE-#1,2026-01-14
2026-01-15,21314602,C816,8,21314602|0386|C816|2026-01-14|net demand for net demand for safety|027176,20260114-0386-C816-LARGE-#1,2026-01-14
2026-01-15,21419500,C816,1,21419500|0386|C816|2026-01-14|net demand for net demand for safety|027217,20260114-0386-C816-LARGE-#1,2026-01-14
2026-01-15,80804134,C816,6,80804134|0386|C816|2026-01-14|net demand for net demand for safety|027342,20260114-0386-C816-LARGE-#1,2026-01-14
2026-01-15,80804134,C816,7,80804134|0386|C816|2026-01-14|net demand for net demand for safety|027343,20260114-0386-C816-LARGE-#1,2026-01-14
2026-01-15,80804134,C816,49,80804134|0386|C816|2026-01-14|net demand for net demand for safety|027344,20260114-0386-C816-LARGE-#1,2026-01-14
2026-01-15,80804137,C816,33,80804137|0386|C816|2026-01-14|net demand for net demand for safety|027438,20260114-0386-C816-LARGE-#1,2026-01-14
2026-01-15,80804699,C816,5,80804699|0386|C816|2026-01-14|net demand for net demand for safety|027565,20260114-0386-C816-LARGE-#1,2026-01-14
2026-01-15,80804699,C816,17,80804699|0386|C816|2026-01-14|net demand for net demand for safety|027566,20260114-0386-C816-LARGE-#1,2026-01-14
2026-01-15,80804699,C816,55,80804699|0386|C816|2026-01-14|net demand for net demand for safety|027567,20260114-0386-C816-LARGE-#1,2026-01-14
2026-01-15,80804704,C816,7,80804704|0386|C816|2026-01-14|net demand for net demand for safety|027629,20260114-0386-C816-LARGE-#1,2026-01-14
2026-01-15,80804704,C816,10,80804704|0386|C816|2026-01-14|net demand for net demand for safety|027630,20260114-0386-C816-LARGE-#1,2026-01-14
2026-01-15,80804704,C816,98,80804704|0386|C816|2026-01-14|net demand for net demand for safety|027631,20260114-0386-C816-LARGE-#1,2026-01-14
2026-01-15,80804704,C816,151,80804704|0386|C816|2026-01-14|net demand for net demand for safety|027632,20260114-0386-C816-LARGE-#1,2026-01-14
2026-01-15,80804704,C816,492,80804704|0386|C816|2026-01-14|net demand for net demand for safety|027633,20260114-0386-C816-LARGE-#1,2026-01-14
2026-01-15,80807089,C816,5,80807089|0386|C816|2026-01-14|net demand for net demand for safety|027756,20260114-0386-C816-LARGE-#1,2026-01-14
2026-01-15,80807089,C816,12,80807089|0386|C816|2026-01-14|net demand for net demand for safety|027757,20260114-0386-C816-LARGE-#1,2026-01-14
2026-01-15,80807089,C816,41,80807089|0386|C816|2026-01-14|net demand for net demand for safety|027758,20260114-0386-C816-LARGE-#1,2026-01-14
2026-01-15,80807096,C816,13,80807096|0386|C816|2026-01-14|net demand for net demand for safety|027919,20260114-0386-C816-LARGE-#1,2026-01-14
2026-01-15,80807097,C816,2,80807097|0386|C816|2026-01-14|net demand for net demand for safety|027933,20260114-0386-C816-LARGE-#1,2026-01-14
2026-01-15,80807119,C816,11,80807119|0386|C816|2026-01-14|net demand for net demand for safety|028094,20260114-0386-C816-LARGE-#1,2026-01-14
2026-01-15,80807119,C816,19,80807119|0386|C816|2026-01-14|net demand for net demand for safety|028095,20260114-0386-C816-LARGE-#1,2026-01-14
2026-01-15,80812839,C816,14,80812839|0386|C816|2026-01-14|net demand for net demand for safety|028145,20260114-0386-C816-LARGE-#1,2026-01-14
2026-01-15,80812839,C816,21,80812839|0386|C816|2026-01-14|net demand for net demand for safety|028146,20260114-0386-C816-LARGE-#1,2026-01-14
2026-01-15,80804704,C816,9,80804704|0386|C816|2026-01-14|net demand for net demand for net demand for safety|027626,20260114-0386-C816-LARGE-#1,2026-01-14
2026-01-15,80804704,C816,41,80804704|0386|C816|2026-01-14|net demand for net demand for net demand for safety|027627,20260114-0386-C816-LARGE-#1,2026-01-14
2026-01-15,80804705,C816,2,80804705|0386|C816|2026-01-14|net demand for net demand for net demand for safety|027658,20260114-0386-C816-LARGE-#1,2026-01-14
2026-01-15,21121752,C816,186,21121752|0386|C816|2026-01-14|push replenishment|026852,20260114-0386-C816-LARGE-#1,2026-01-14
2026-01-15,21121756,C816,130,21121756|0386|C816|2026-01-14|push replenishment|026874,20260114-0386-C816-LARGE-#1,2026-01-14
2026-01-15,21132988,C816,126,21132988|0386|C816|2026-01-14|push replenishment|026971,20260114-0386-C816-LARGE-#1,2026-01-14
2026-01-15,21133312,C816,5,21133312|0386|C816|2026-01-14|push replenishment|027025,20260114-0386-C816-LARGE-#1,2026-01-14
2026-01-15,21162696,C816,13,21162696|0386|C816|2026-01-14|push replenishment|027135,20260114-0386-C816-LARGE-#1,2026-01-14
2026-01-15,21314602,C816,28,21314602|0386|C816|2026-01-14|push replenishment|027178,20260114-0386-C816-LARGE-#1,2026-01-14
2026-01-15,80804134,C816,3,80804134|0386|C816|2026-01-14|push replenishment|027346,20260114-0386-C816-LARGE-#1,2026-01-14
2026-01-15,80804137,C816,75,80804137|0386|C816|2026-01-14|push replenishment|027440,20260114-0386-C816-LARGE-#1,2026-01-14
2026-01-15,80804699,C816,576,80804699|0386|C816|2026-01-14|push replenishment|027570,20260114-0386-C816-LARGE-#1,2026-01-14
2026-01-15,80804704,C816,1735,80804704|0386|C816|2026-01-14|push replenishment|027635,20260114-0386-C816-LARGE-#1,2026-01-14
2026-01-15,80807089,C816,65,80807089|0386|C816|2026-01-14|push replenishment|027760,20260114-0386-C816-LARGE-#1,2026-01-14
2026-01-15,80807096,C816,113,80807096|0386|C816|2026-01-14|push replenishment|027922,20260114-0386-C816-LARGE-#1,2026-01-14
2026-01-15,80807097,C816,37,80807097|0386|C816|2026-01-14|push replenishment|027935,20260114-0386-C816-LARGE-#1,2026-01-14
2026-01-15,80807119,C816,34,80807119|0386|C816|2026-01-14|push replenishment|028097,20260114-0386-C816-LARGE-#1,2026-01-14
2026-01-15,80812839,C816,306,80812839|0386|C816|2026-01-14|push replenishment|028148,20260114-0386-C816-LARGE-#1,2026-01-14
