date,material,sending,receiving,quantity,ori_deployment_uid,actual_ship_date,actual_delivery_date,type
2026-02-21,80807090,A673,D901,1,80807090|A673|D901|2026-02-21|net demand for forecast|065758,2026-02-21,2026-02-23,delivery_shipment
2026-02-21,80807090,A673,D901,1,80807090|A673|D901|2026-02-21|net demand for forecast|065759,2026-02-21,2026-02-24,delivery_shipment
2026-02-21,80807090,A673,D901,1,80807090|A673|D901|2026-02-21|net demand for forecast|065760,2026-02-21,2026-02-23,delivery_shipment
2026-02-21,21098519,A673,D901,27,21098519|A673|D901|2026-02-21|net demand for safety|065243,2026-02-21,2026-02-23,delivery_shipment
2026-02-21,21103371,A673,D901,17,21103371|A673|D901|2026-02-21|net demand for safety|065246,2026-02-21,2026-02-23,delivery_shipment
2026-02-21,21103372,A673,D901,11,21103372|A673|D901|2026-02-21|net demand for safety|065251,2026-02-21,2026-02-23,delivery_shipment
2026-02-21,21127730,A673,D901,1,21127730|A673|D901|2026-02-21|net demand for safety|065264,2026-02-21,2026-02-23,delivery_shipment
2026-02-21,21128067,A673,D901,11,21128067|A673|D901|2026-02-21|net demand for safety|065268,2026-02-21,2026-02-23,delivery_shipment
2026-02-21,21128377,A673,D901,22,21128377|A673|D901|2026-02-21|net demand for safety|065269,2026-02-21,2026-02-23,delivery_shipment
2026-02-21,21132758,A673,D901,26,21132758|A673|D901|2026-02-21|net demand for safety|065270,2026-02-21,2026-02-23,delivery_shipment
2026-02-21,21132988,A673,D901,9,21132988|A673|D901|2026-02-21|net demand for safety|065289,2026-02-21,2026-02-23,delivery_shipment
2026-02-21,21133312,A673,D901,19,21133312|A673|D901|2026-02-21|net demand for safety|065295,2026-02-21,2026-02-24,delivery_shipment
2026-02-21,21137866,A673,D901,21,21137866|A673|D901|2026-02-21|net demand for safety|065299,2026-02-21,2026-02-23,delivery_shipment
2026-02-21,21141769,A673,D901,16,21141769|A673|D901|2026-02-21|net demand for safety|065323,2026-02-21,2026-02-23,delivery_shipment
2026-02-21,21143102,A673,D901,7,21143102|A673|D901|2026-02-21|net demand for safety|065330,2026-02-21,2026-02-23,delivery_shipment
2026-02-21,21143103,A673,D901,5,21143103|A673|D901|2026-02-21|net demand for safety|065331,2026-02-21,2026-02-23,delivery_shipment
2026-02-21,21143110,A673,D901,14,21143110|A673|D901|2026-02-21|net demand for safety|065332,2026-02-21,2026-02-23,delivery_shipment
2026-02-21,21148509,A673,D901,21,21148509|A673|D901|2026-02-21|net demand for safety|065336,2026-02-21,2026-02-23,delivery_shipment
2026-02-21,21151196,A673,D901,41,21151196|A673|D901|2026-02-21|net demand for safety|065348,2026-02-21,2026-02-23,delivery_shipment
2026-02-21,21155895,A673,D901,18,21155895|A673|D901|2026-02-21|net demand for safety|065350,2026-02-21,2026-02-23,delivery_shipment
2026-02-21,21165816,A673,D901,1,21165816|A673|D901|2026-02-21|net demand for safety|065354,2026-02-21,2026-02-23,delivery_shipment
2026-02-21,21165868,A673,D901,1,21165868|A673|D901|2026-02-21|net demand for safety|065355,2026-02-21,2026-02-23,delivery_shipment
2026-02-21,21165946,A673,D901,14,21165946|A673|D901|2026-02-21|net demand for safety|065356,2026-02-21,2026-02-23,delivery_shipment
2026-02-21,21170683,A673,D901,21,21170683|A673|D901|2026-02-21|net demand for safety|065359,2026-02-21,2026-02-23,delivery_shipment
2026-02-21,21170686,A673,D901,1,21170686|A673|D901|2026-02-21|net demand for safety|065362,2026-02-21,2026-02-23,delivery_shipment
2026-02-21,21170691,A673,D901,1,21170691|A673|D901|2026-02-21|net demand for safety|065363,2026-02-21,2026-02-23,delivery_shipment
2026-02-21,21176384,A673,D901,1,21176384|A673|D901|2026-02-21|net demand for safety|065364,2026-02-21,2026-02-23,delivery_shipment
2026-02-21,21314593,A673,D901,5,21314593|A673|D901|2026-02-21|net demand for safety|065390,2026-02-21,2026-02-23,delivery_shipment
2026-02-21,21314594,A673,D901,8,21314594|A673|D901|2026-02-21|net demand for safety|065395,2026-02-21,2026-02-23,delivery_shipment
2026-02-21,21314595,A673,D901,8,21314595|A673|D901|2026-02-21|net demand for safety|065396,2026-02-21,2026-02-23,delivery_shipment
2026-02-21,21314875,A673,D901,3,21314875|A673|D901|2026-02-21|net demand for safety|065399,2026-02-21,2026-02-23,delivery_shipment
2026-02-21,21314876,A673,D901,3,21314876|A673|D901|2026-02-21|net demand for safety|065401,2026-02-21,2026-02-23,delivery_shipment
2026-02-21,21315350,A673,D901,5,21315350|A673|D901|2026-02-21|net demand for safety|065403,2026-02-21,2026-02-23,delivery_shipment
2026-02-21,21315352,A673,D901,5,21315352|A673|D901|2026-02-21|net demand for safety|065406,2026-02-21,2026-02-24,delivery_shipment
2026-02-21,21315474,A673,D901,13,21315474|A673|D901|2026-02-21|net demand for safety|065411,2026-02-21,2026-02-24,delivery_shipment
2026-02-21,21325292,A673,D901,14,21325292|A673|D901|2026-02-21|net demand for safety|065418,2026-02-21,2026-02-23,delivery_shipment
2026-02-21,80793613,A673,D901,4,80793613|A673|D901|2026-02-21|net demand for safety|065457,2026-02-21,2026-02-23,delivery_shipment
2026-02-21,80795932,A673,D901,2,80795932|A673|D901|2026-02-21|net demand for safety|065460,2026-02-21,2026-02-23,delivery_shipment
2026-02-21,80804128,A673,D901,2,80804128|A673|D901|2026-02-21|net demand for safety|065465,2026-02-21,2026-02-23,delivery_shipment
2026-02-21,80804130,A673,D901,2,80804130|A673|D901|2026-02-21|net demand for safety|065469,2026-02-21,2026-02-23,delivery_shipment
2026-02-21,80804132,A673,D901,7,80804132|A673|D901|2026-02-21|net demand for safety|065471,2026-02-21,2026-02-23,delivery_shipment
2026-02-21,80804133,A673,D901,30,80804133|A673|D901|2026-02-21|net demand for safety|065478,2026-02-21,2026-02-23,delivery_shipment
2026-02-21,80804136,A673,D901,6,80804136|A673|D901|2026-02-21|net demand for safety|065486,2026-02-21,2026-02-23,delivery_shipment
2026-02-21,80804137,A673,D901,2,80804137|A673|D901|2026-02-21|net demand for safety|065492,2026-02-21,2026-02-24,delivery_shipment
2026-02-21,80804138,A673,D901,21,80804138|A673|D901|2026-02-21|net demand for safety|065498,2026-02-21,2026-02-23,delivery_shipment
2026-02-21,80807090,A673,D901,3,80807090|A673|D901|2026-02-21|net demand for safety|065761,2026-02-21,2026-02-23,delivery_shipment
2026-02-21,80807095,A673,D901,32,80807095|A673|D901|2026-02-21|net demand for safety|065781,2026-02-21,2026-02-23,delivery_shipment
2026-02-21,80807096,A673,D901,12,80807096|A673|D901|2026-02-21|net demand for safety|065785,2026-02-21,2026-02-23,delivery_shipment
2026-02-21,80807097,A673,D901,14,80807097|A673|D901|2026-02-21|net demand for safety|065787,2026-02-21,2026-02-23,delivery_shipment
2026-02-21,80807100,A673,D901,16,80807100|A673|D901|2026-02-21|net demand for safety|065791,2026-02-21,2026-02-23,delivery_shipment
2026-02-21,80807102,A673,D901,25,80807102|A673|D901|2026-02-21|net demand for safety|065795,2026-02-21,2026-02-24,delivery_shipment
2026-02-21,80807105,A673,D901,33,80807105|A673|D901|2026-02-21|net demand for safety|065797,2026-02-21,2026-02-23,delivery_shipment
2026-02-21,80807110,A673,D901,40,80807110|A673|D901|2026-02-21|net demand for safety|065808,2026-02-21,2026-02-24,delivery_shipment
2026-02-21,80807112,A673,D901,13,80807112|A673|D901|2026-02-21|net demand for safety|065812,2026-02-21,2026-02-23,delivery_shipment
2026-02-21,80807113,A673,D901,8,80807113|A673|D901|2026-02-21|net demand for safety|065818,2026-02-21,2026-02-23,delivery_shipment
2026-02-21,80807114,A673,D901,5,80807114|A673|D901|2026-02-21|net demand for safety|065823,2026-02-21,2026-02-24,delivery_shipment
2026-02-21,80807115,A673,D901,32,80807115|A673|D901|2026-02-21|net demand for safety|065828,2026-02-21,2026-02-23,delivery_shipment
2026-02-21,80807116,A673,D901,44,80807116|A673|D901|2026-02-21|net demand for safety|065835,2026-02-21,2026-02-23,delivery_shipment
2026-02-21,80807118,A673,D901,32,80807118|A673|D901|2026-02-21|net demand for safety|065838,2026-02-21,2026-02-23,delivery_shipment
2026-02-21,80807119,A673,D901,13,80807119|A673|D901|2026-02-21|net demand for safety|065844,2026-02-21,2026-02-23,delivery_shipment
2026-02-21,80807120,A673,D901,13,80807120|A673|D901|2026-02-21|net demand for safety|065848,2026-02-21,2026-02-23,delivery_shipment
2026-02-21,80812845,A673,D901,39,80812845|A673|D901|2026-02-21|net demand for safety|065893,2026-02-21,2026-02-23,delivery_shipment
2026-02-21,80812846,A673,D901,31,80812846|A673|D901|2026-02-21|net demand for safety|065895,2026-02-21,2026-02-23,delivery_shipment
2026-02-21,80840976,A673,D901,5,80840976|A673|D901|2026-02-21|net demand for safety|065906,2026-02-21,2026-02-23,delivery_shipment
2026-02-21,80848021,A673,D901,19,80848021|A673|D901|2026-02-21|net demand for safety|065909,2026-02-21,2026-02-23,delivery_shipment
2026-02-21,80848022,A673,D901,22,80848022|A673|D901|2026-02-21|net demand for safety|065927,2026-02-21,2026-02-23,delivery_shipment
2026-02-21,80848027,A673,D901,5,80848027|A673|D901|2026-02-21|net demand for safety|065952,2026-02-21,2026-02-23,delivery_shipment
2026-02-21,80848028,A673,D901,11,80848028|A673|D901|2026-02-21|net demand for safety|065956,2026-02-21,2026-02-23,delivery_shipment
2026-02-21,80848029,A673,D901,30,80848029|A673|D901|2026-02-21|net demand for safety|065963,2026-02-21,2026-02-23,delivery_shipment
2026-02-21,80848026,A672,E568,2,80848026|A672|E568|2026-02-07|net demand for normal|056544,2026-02-21,2026-02-27,delivery_shipment
2026-02-21,80804705,A672,E568,1,80804705|A672|E568|2026-02-08|net demand for normal|057102,2026-02-21,2026-02-26,delivery_shipment
2026-02-21,80848026,A672,E568,1,80848026|A672|E568|2026-02-08|net demand for normal|057484,2026-02-21,2026-02-26,delivery_shipment
2026-02-21,80804705,A672,E568,1,80804705|A672|E568|2026-02-09|net demand for normal|058083,2026-02-21,2026-02-26,delivery_shipment
2026-02-21,80805856,A672,E568,1,80805856|A672|E568|2026-02-09|net demand for normal|058103,2026-02-21,2026-02-26,delivery_shipment
2026-02-21,80812841,A672,E568,1,80812841|A672|E568|2026-02-09|net demand for normal|058263,2026-02-21,2026-02-26,delivery_shipment
2026-02-21,80848026,A672,E568,1,80848026|A672|E568|2026-02-09|net demand for normal|058343,2026-02-21,2026-02-26,delivery_shipment
2026-02-21,80848026,A672,E568,1,80848026|A672|E568|2026-02-10|net demand for normal|059114,2026-02-21,2026-02-26,delivery_shipment
2026-02-21,80804704,A672,E568,1,80804704|A672|E568|2026-02-12|net demand for normal|060147,2026-02-21,2026-02-26,delivery_shipment
2026-02-21,80804704,A672,E568,1,80804704|A672|E568|2026-02-13|net demand for normal|060663,2026-02-21,2026-02-26,delivery_shipment
2026-02-21,80804704,A672,E568,1,80804704|A672|E568|2026-02-21|net demand for normal|065567,2026-02-21,2026-02-26,delivery_shipment
2026-02-21,80848022,A672,E568,1,80848022|A672|E568|2026-02-21|net demand for normal|065925,2026-02-21,2026-02-26,delivery_shipment
2026-02-21,21315350,A672,E568,1,21315350|A672|E568|2026-02-07|net demand for forecast|055979,2026-02-21,2026-02-26,delivery_shipment
2026-02-21,21315350,A672,E568,1,21315350|A672|E568|2026-02-07|net demand for forecast|055980,2026-02-21,2026-02-26,delivery_shipment
2026-02-21,21315350,A672,E568,1,21315350|A672|E568|2026-02-07|net demand for forecast|055981,2026-02-21,2026-02-26,delivery_shipment
2026-02-21,21315350,A672,E568,1,21315350|A672|E568|2026-02-07|net demand for forecast|055982,2026-02-21,2026-02-26,delivery_shipment
2026-02-21,21315350,A672,E568,1,21315350|A672|E568|2026-02-07|net demand for forecast|055983,2026-02-21,2026-02-26,delivery_shipment
2026-02-21,80804136,A672,E568,1,80804136|A672|E568|2026-02-07|net demand for forecast|056129,2026-02-21,2026-02-26,delivery_shipment
2026-02-21,80804136,A672,E568,1,80804136|A672|E568|2026-02-07|net demand for forecast|056130,2026-02-21,2026-02-26,delivery_shipment
2026-02-21,80804136,A672,E568,1,80804136|A672|E568|2026-02-07|net demand for forecast|056131,2026-02-21,2026-02-26,delivery_shipment
2026-02-21,80807116,A672,E568,1,80807116|A672|E568|2026-02-07|net demand for forecast|056409,2026-02-21,2026-02-26,delivery_shipment
2026-02-21,80807116,A672,E568,1,80807116|A672|E568|2026-02-07|net demand for forecast|056410,2026-02-21,2026-02-26,delivery_shipment
2026-02-21,80807116,A672,E568,1,80807116|A672|E568|2026-02-07|net demand for forecast|056411,2026-02-21,2026-02-26,delivery_shipment
2026-02-21,80848022,A672,E568,1,80848022|A672|E568|2026-02-07|net demand for forecast|056515,2026-02-21,2026-02-26,delivery_shipment
2026-02-21,80848022,A672,E568,1,80848022|A672|E568|2026-02-07|net demand for forecast|056516,2026-02-21,2026-02-26,delivery_shipment
2026-02-21,80848022,A672,E568,1,80848022|A672|E568|2026-02-07|net demand for forecast|056517,2026-02-21,2026-02-26,delivery_shipment
2026-02-21,80848022,A672,E568,1,80848022|A672|E568|2026-02-07|net demand for forecast|056518,2026-02-21,2026-02-26,delivery_shipment
2026-02-21,80848022,A672,E568,1,80848022|A672|E568|2026-02-07|net demand for forecast|056519,2026-02-21,2026-02-26,delivery_shipment
2026-02-21,80848022,A672,E568,1,80848022|A672|E568|2026-02-07|net demand for forecast|056520,2026-02-21,2026-02-26,delivery_shipment
2026-02-21,80848022,A672,E568,1,80848022|A672|E568|2026-02-07|net demand for forecast|056521,2026-02-21,2026-02-26,delivery_shipment
2026-02-21,80804134,A672,E568,1,80804134|A672|E568|2026-02-08|net demand for forecast|057001,2026-02-21,2026-02-26,delivery_shipment
2026-02-21,80804134,A672,E568,1,80804134|A672|E568|2026-02-08|net demand for forecast|057002,2026-02-21,2026-02-26,delivery_shipment
2026-02-21,80804136,A672,E568,1,80804136|A672|E568|2026-02-08|net demand for forecast|057028,2026-02-21,2026-02-26,delivery_shipment
2026-02-21,80804136,A672,E568,1,80804136|A672|E568|2026-02-08|net demand for forecast|057029,2026-02-21,2026-02-26,delivery_shipment
2026-02-21,80804136,A672,E568,1,80804136|A672|E568|2026-02-08|net demand for forecast|057030,2026-02-21,2026-02-26,delivery_shipment
2026-02-21,80804705,A672,E568,1,80804705|A672|E568|2026-02-08|net demand for forecast|057096,2026-02-21,2026-02-27,delivery_shipment
2026-02-21,80804705,A672,E568,1,80804705|A672|E568|2026-02-08|net demand for forecast|057097,2026-02-21,2026-02-26,delivery_shipment
2026-02-21,80804705,A672,E568,1,80804705|A672|E568|2026-02-08|net demand for forecast|057098,2026-02-21,2026-02-26,delivery_shipment
2026-02-21,80804705,A672,E568,1,80804705|A672|E568|2026-02-08|net demand for forecast|057099,2026-02-21,2026-02-26,delivery_shipment
2026-02-21,80804705,A672,E568,1,80804705|A672|E568|2026-02-08|net demand for forecast|057100,2026-02-21,2026-02-26,delivery_shipment
2026-02-21,80804705,A672,E568,1,80804705|A672|E568|2026-02-08|net demand for forecast|057101,2026-02-21,2026-02-26,delivery_shipment
2026-02-21,80807116,A672,E568,1,80807116|A672|E568|2026-02-08|net demand for forecast|057296,2026-02-21,2026-02-26,delivery_shipment
2026-02-21,80807116,A672,E568,1,80807116|A672|E568|2026-02-08|net demand for forecast|057297,2026-02-21,2026-02-26,delivery_shipment
2026-02-21,80807116,A672,E568,1,80807116|A672|E568|2026-02-08|net demand for forecast|057298,2026-02-21,2026-02-27,delivery_shipment
2026-02-21,80848026,A672,E568,1,80848026|A672|E568|2026-02-08|net demand for forecast|057477,2026-02-21,2026-02-26,delivery_shipment
2026-02-21,80848026,A672,E568,1,80848026|A672|E568|2026-02-08|net demand for forecast|057478,2026-02-21,2026-02-26,delivery_shipment
2026-02-21,80848026,A672,E568,1,80848026|A672|E568|2026-02-08|net demand for forecast|057479,2026-02-21,2026-02-26,delivery_shipment
2026-02-21,80848026,A672,E568,1,80848026|A672|E568|2026-02-08|net demand for forecast|057480,2026-02-21,2026-02-26,delivery_shipment
2026-02-21,80848026,A672,E568,1,80848026|A672|E568|2026-02-08|net demand for forecast|057481,2026-02-21,2026-02-26,delivery_shipment
2026-02-21,80848026,A672,E568,1,80848026|A672|E568|2026-02-08|net demand for forecast|057482,2026-02-21,2026-02-26,delivery_shipment
2026-02-21,80848026,A672,E568,1,80848026|A672|E568|2026-02-08|net demand for forecast|057483,2026-02-21,2026-02-26,delivery_shipment
2026-02-21,80804134,A672,E568,1,80804134|A672|E568|2026-02-09|net demand for forecast|057983,2026-02-21,2026-02-26,delivery_shipment
2026-02-21,80804134,A672,E568,1,80804134|A672|E568|2026-02-09|net demand for forecast|057984,2026-02-21,2026-02-26,delivery_shipment
2026-02-21,80804136,A672,E568,1,80804136|A672|E568|2026-02-09|net demand for forecast|058028,2026-02-21,2026-02-26,delivery_shipment
2026-02-21,80804136,A672,E568,1,80804136|A672|E568|2026-02-09|net demand for forecast|058029,2026-02-21,2026-02-26,delivery_shipment
2026-02-21,80804136,A672,E568,1,80804136|A672|E568|2026-02-09|net demand for forecast|058030,2026-02-21,2026-02-26,delivery_shipment
2026-02-21,80804705,A672,E568,1,80804705|A672|E568|2026-02-09|net demand for forecast|058077,2026-02-21,2026-02-26,delivery_shipment
2026-02-21,80804705,A672,E568,1,80804705|A672|E568|2026-02-09|net demand for forecast|058078,2026-02-21,2026-02-26,delivery_shipment
2026-02-21,80804705,A672,E568,1,80804705|A672|E568|2026-02-09|net demand for forecast|058079,2026-02-21,2026-02-26,delivery_shipment
2026-02-21,80804705,A672,E568,1,80804705|A672|E568|2026-02-09|net demand for forecast|058080,2026-02-21,2026-02-26,delivery_shipment
2026-02-21,80804705,A672,E568,1,80804705|A672|E568|2026-02-09|net demand for forecast|058081,2026-02-21,2026-02-26,delivery_shipment
2026-02-21,80804705,A672,E568,1,80804705|A672|E568|2026-02-09|net demand for forecast|058082,2026-02-21,2026-02-26,delivery_shipment
2026-02-21,80848022,A672,E568,1,80848022|A672|E568|2026-02-09|net demand for forecast|058300,2026-02-21,2026-02-26,delivery_shipment
2026-02-21,80848022,A672,E568,1,80848022|A672|E568|2026-02-09|net demand for forecast|058301,2026-02-21,2026-02-26,delivery_shipment
2026-02-21,80848022,A672,E568,1,80848022|A672|E568|2026-02-09|net demand for forecast|058302,2026-02-21,2026-02-26,delivery_shipment
2026-02-21,80848022,A672,E568,1,80848022|A672|E568|2026-02-09|net demand for forecast|058303,2026-02-21,2026-02-27,delivery_shipment
2026-02-21,80848022,A672,E568,1,80848022|A672|E568|2026-02-09|net demand for forecast|058304,2026-02-21,2026-02-26,delivery_shipment
2026-02-21,80848022,A672,E568,1,80848022|A672|E568|2026-02-09|net demand for forecast|058305,2026-02-21,2026-02-26,delivery_shipment
2026-02-21,80848022,A672,E568,1,80848022|A672|E568|2026-02-09|net demand for forecast|058306,2026-02-21,2026-02-26,delivery_shipment
2026-02-21,80848026,A672,E568,1,80848026|A672|E568|2026-02-09|net demand for forecast|058336,2026-02-21,2026-02-26,delivery_shipment
2026-02-21,80848026,A672,E568,1,80848026|A672|E568|2026-02-09|net demand for forecast|058337,2026-02-21,2026-02-27,delivery_shipment
2026-02-21,80848026,A672,E568,1,80848026|A672|E568|2026-02-09|net demand for forecast|058338,2026-02-21,2026-02-27,delivery_shipment
2026-02-21,80848026,A672,E568,1,80848026|A672|E568|2026-02-09|net demand for forecast|058339,2026-02-21,2026-02-26,delivery_shipment
2026-02-21,80848026,A672,E568,1,80848026|A672|E568|2026-02-09|net demand for forecast|058340,2026-02-21,2026-02-26,delivery_shipment
2026-02-21,80848026,A672,E568,1,80848026|A672|E568|2026-02-09|net demand for forecast|058341,2026-02-21,2026-02-26,delivery_shipment
2026-02-21,80848026,A672,E568,1,80848026|A672|E568|2026-02-09|net demand for forecast|058342,2026-02-21,2026-02-26,delivery_shipment
2026-02-21,80804134,A672,E568,1,80804134|A672|E568|2026-02-10|net demand for forecast|058689,2026-02-21,2026-02-26,delivery_shipment
2026-02-21,80804134,A672,E568,1,80804134|A672|E568|2026-02-10|net demand for forecast|058690,2026-02-21,2026-02-26,delivery_shipment
2026-02-21,80805856,A672,E568,1,80805856|A672|E568|2026-02-10|net demand for forecast|058800,2026-02-21,2026-02-26,delivery_shipment
2026-02-21,80805856,A672,E568,1,80805856|A672|E568|2026-02-10|net demand for forecast|058801,2026-02-21,2026-02-26,delivery_shipment
2026-02-21,80805856,A672,E568,1,80805856|A672|E568|2026-02-10|net demand for forecast|058802,2026-02-21,2026-02-26,delivery_shipment
2026-02-21,80812840,A672,E568,1,80812840|A672|E568|2026-02-10|net demand for forecast|058913,2026-02-21,2026-02-27,delivery_shipment
2026-02-21,80812840,A672,E568,1,80812840|A672|E568|2026-02-10|net demand for forecast|058914,2026-02-21,2026-02-26,delivery_shipment
2026-02-21,80812840,A672,E568,1,80812840|A672|E568|2026-02-10|net demand for forecast|058915,2026-02-21,2026-02-26,delivery_shipment
2026-02-21,80812840,A672,E568,1,80812840|A672|E568|2026-02-10|net demand for forecast|058916,2026-02-21,2026-02-26,delivery_shipment
2026-02-21,80812840,A672,E568,1,80812840|A672|E568|2026-02-10|net demand for forecast|058917,2026-02-21,2026-02-27,delivery_shipment
2026-02-21,80812840,A672,E568,1,80812840|A672|E568|2026-02-10|net demand for forecast|058918,2026-02-21,2026-02-26,delivery_shipment
2026-02-21,80812840,A672,E568,1,80812840|A672|E568|2026-02-10|net demand for forecast|058919,2026-02-21,2026-02-26,delivery_shipment
2026-02-21,80804704,A672,E568,1,80804704|A672|E568|2026-02-11|net demand for forecast|059554,2026-02-21,2026-02-26,delivery_shipment
2026-02-21,80804704,A672,E568,1,80804704|A672|E568|2026-02-11|net demand for forecast|059555,2026-02-21,2026-02-26,delivery_shipment
2026-02-21,80804704,A672,E568,1,80804704|A672|E568|2026-02-11|net demand for forecast|059556,2026-02-21,2026-02-26,delivery_shipment
2026-02-21,80804704,A672,E568,1,80804704|A672|E568|2026-02-11|net demand for forecast|059557,2026-02-21,2026-02-26,delivery_shipment
2026-02-21,80804704,A672,E568,1,80804704|A672|E568|2026-02-11|net demand for forecast|059558,2026-02-21,2026-02-26,delivery_shipment
2026-02-21,80804704,A672,E568,1,80804704|A672|E568|2026-02-12|net demand for forecast|060143,2026-02-21,2026-02-26,delivery_shipment
2026-02-21,80804704,A672,E568,1,80804704|A672|E568|2026-02-12|net demand for forecast|060144,2026-02-21,2026-02-26,delivery_shipment
2026-02-21,80804704,A672,E568,1,80804704|A672|E568|2026-02-12|net demand for forecast|060145,2026-02-21,2026-02-26,delivery_shipment
2026-02-21,80804704,A672,E568,1,80804704|A672|E568|2026-02-12|net demand for forecast|060146,2026-02-21,2026-02-26,delivery_shipment
2026-02-21,80804704,A672,E568,1,80804704|A672|E568|2026-02-13|net demand for forecast|060660,2026-02-21,2026-02-26,delivery_shipment
2026-02-21,80804704,A672,E568,1,80804704|A672|E568|2026-02-13|net demand for forecast|060661,2026-02-21,2026-02-26,delivery_shipment
2026-02-21,80804704,A672,E568,1,80804704|A672|E568|2026-02-13|net demand for forecast|060662,2026-02-21,2026-02-26,delivery_shipment
2026-02-21,21315350,A672,E568,1,21315350|A672|E568|2026-02-16|net demand for forecast|061652,2026-02-21,2026-02-26,delivery_shipment
2026-02-21,21315350,A672,E568,1,21315350|A672|E568|2026-02-16|net demand for forecast|061653,2026-02-21,2026-02-26,delivery_shipment
2026-02-21,21315350,A672,E568,1,21315350|A672|E568|2026-02-16|net demand for forecast|061654,2026-02-21,2026-02-26,delivery_shipment
2026-02-21,21315350,A672,E568,1,21315350|A672|E568|2026-02-16|net demand for forecast|061655,2026-02-21,2026-02-26,delivery_shipment
2026-02-21,21315350,A672,E568,1,21315350|A672|E568|2026-02-16|net demand for forecast|061656,2026-02-21,2026-02-26,delivery_shipment
2026-02-21,80805856,A672,E568,1,80805856|A672|E568|2026-02-17|net demand for forecast|062493,2026-02-21,2026-02-26,delivery_shipment
2026-02-21,80805856,A672,E568,1,80805856|A672|E568|2026-02-17|net demand for forecast|062494,2026-02-21,2026-02-26,delivery_shipment
2026-02-21,80805856,A672,E568,1,80805856|A672|E568|2026-02-17|net demand for forecast|062495,2026-02-21,2026-02-26,delivery_shipment
2026-02-21,80804136,A672,E568,1,80804136|A672|E568|2026-02-18|net demand for forecast|063054,2026-02-21,2026-02-26,delivery_shipment
2026-02-21,80804136,A672,E568,1,80804136|A672|E568|2026-02-18|net demand for forecast|063055,2026-02-21,2026-02-27,delivery_shipment
2026-02-21,80804136,A672,E568,1,80804136|A672|E568|2026-02-18|net demand for forecast|063056,2026-02-21,2026-02-26,delivery_shipment
2026-02-21,80812840,A672,E568,1,80812840|A672|E568|2026-02-18|net demand for forecast|063340,2026-02-21,2026-02-26,delivery_shipment
2026-02-21,80812840,A672,E568,1,80812840|A672|E568|2026-02-18|net demand for forecast|063341,2026-02-21,2026-02-26,delivery_shipment
2026-02-21,80812840,A672,E568,1,80812840|A672|E568|2026-02-18|net demand for forecast|063342,2026-02-21,2026-02-27,delivery_shipment
2026-02-21,80812840,A672,E568,1,80812840|A672|E568|2026-02-18|net demand for forecast|063343,2026-02-21,2026-02-26,delivery_shipment
2026-02-21,80812840,A672,E568,1,80812840|A672|E568|2026-02-18|net demand for forecast|063344,2026-02-21,2026-02-26,delivery_shipment
2026-02-21,80812840,A672,E568,1,80812840|A672|E568|2026-02-18|net demand for forecast|063345,2026-02-21,2026-02-26,delivery_shipment
2026-02-21,80812840,A672,E568,1,80812840|A672|E568|2026-02-18|net demand for forecast|063346,2026-02-21,2026-02-26,delivery_shipment
2026-02-21,21314875,A672,E568,1,21314875|A672|E568|2026-02-19|net demand for forecast|063713,2026-02-21,2026-02-26,delivery_shipment
2026-02-21,21314875,A672,E568,1,21314875|A672|E568|2026-02-19|net demand for forecast|063714,2026-02-21,2026-02-26,delivery_shipment
2026-02-21,80812846,A672,E568,1,80812846|A672|E568|2026-02-19|net demand for forecast|064239,2026-02-21,2026-02-26,delivery_shipment
2026-02-21,80812846,A672,E568,1,80812846|A672|E568|2026-02-19|net demand for forecast|064240,2026-02-21,2026-02-26,delivery_shipment
2026-02-21,80812846,A672,E568,1,80812846|A672|E568|2026-02-19|net demand for forecast|064241,2026-02-21,2026-02-26,delivery_shipment
2026-02-21,80812846,A672,E568,1,80812846|A672|E568|2026-02-19|net demand for forecast|064242,2026-02-21,2026-02-27,delivery_shipment
2026-02-21,80851898,A672,E568,1,80851898|A672|E568|2026-02-20|net demand for forecast|065171,2026-02-21,2026-02-26,delivery_shipment
2026-02-21,80851898,A672,E568,1,80851898|A672|E568|2026-02-20|net demand for forecast|065172,2026-02-21,2026-02-26,delivery_shipment
2026-02-21,80851898,A672,E568,1,80851898|A672|E568|2026-02-20|net demand for forecast|065173,2026-02-21,2026-02-26,delivery_shipment
2026-02-21,80851898,A672,E568,1,80851898|A672|E568|2026-02-20|net demand for forecast|065174,2026-02-21,2026-02-26,delivery_shipment
2026-02-21,80812841,A672,E568,1,80812841|A672|E568|2026-02-21|net demand for forecast|065883,2026-02-21,2026-02-26,delivery_shipment
2026-02-21,80812841,A672,E568,1,80812841|A672|E568|2026-02-21|net demand for forecast|065884,2026-02-21,2026-02-26,delivery_shipment
2026-02-21,80812841,A672,E568,1,80812841|A672|E568|2026-02-21|net demand for forecast|065885,2026-02-21,2026-02-26,delivery_shipment
2026-02-21,80812841,A672,E568,1,80812841|A672|E568|2026-02-21|net demand for forecast|065886,2026-02-21,2026-02-26,delivery_shipment
2026-02-21,80812841,A672,E568,1,80812841|A672|E568|2026-02-21|net demand for forecast|065887,2026-02-21,2026-02-26,delivery_shipment
2026-02-21,80812841,A672,E568,1,80812841|A672|E568|2026-02-21|net demand for forecast|065888,2026-02-21,2026-02-26,delivery_shipment
2026-02-21,80812841,A672,E568,1,80812841|A672|E568|2026-02-21|net demand for forecast|065889,2026-02-21,2026-02-26,delivery_shipment
2026-02-21,80848022,A672,E568,1,80848022|A672|E568|2026-02-21|net demand for forecast|065920,2026-02-21,2026-02-26,delivery_shipment
2026-02-21,80848022,A672,E568,1,80848022|A672|E568|2026-02-21|net demand for forecast|065921,2026-02-21,2026-02-26,delivery_shipment
2026-02-21,80848022,A672,E568,1,80848022|A672|E568|2026-02-21|net demand for forecast|065922,2026-02-21,2026-02-26,delivery_shipment
2026-02-21,80848022,A672,E568,1,80848022|A672|E568|2026-02-21|net demand for forecast|065923,2026-02-21,2026-02-26,delivery_shipment
2026-02-21,80848022,A672,E568,1,80848022|A672|E568|2026-02-21|net demand for forecast|065924,2026-02-21,2026-02-26,delivery_shipment
2026-02-21,21315350,A672,E568,8,21315350|A672|E568|2026-02-07|net demand for safety|055984,2026-02-21,2026-02-26,delivery_shipment
2026-02-21,80812846,A672,E568,3,80812846|A672|E568|2026-02-07|net demand for safety|056496,2026-02-21,2026-02-26,delivery_shipment
2026-02-21,80848022,A672,E568,13,80848022|A672|E568|2026-02-07|net demand for safety|056522,2026-02-21,2026-02-26,delivery_shipment
2026-02-21,80812840,A672,E568,1,80812840|A672|E568|2026-02-08|net demand for safety|057343,2026-02-21,2026-02-26,delivery_shipment
2026-02-21,80812846,A672,E568,1,80812846|A672|E568|2026-02-08|net demand for safety|057383,2026-02-21,2026-02-26,delivery_shipment
2026-02-21,80804133,A672,E568,1,80804133|A672|E568|2026-02-09|net demand for safety|057975,2026-02-21,2026-02-26,delivery_shipment
2026-02-21,80807112,A672,E568,1,80807112|A672|E568|2026-02-09|net demand for safety|058175,2026-02-21,2026-02-26,delivery_shipment
2026-02-21,80812840,A672,E568,2,80812840|A672|E568|2026-02-09|net demand for safety|058260,2026-02-21,2026-02-26,delivery_shipment
2026-02-21,80812846,A672,E568,3,80812846|A672|E568|2026-02-09|net demand for safety|058278,2026-02-21,2026-02-26,delivery_shipment
2026-02-21,80848022,A672,E568,1,80848022|A672|E568|2026-02-09|net demand for safety|058307,2026-02-21,2026-02-26,delivery_shipment
2026-02-21,80812840,A672,E568,6,80812840|A672|E568|2026-02-10|net demand for safety|058920,2026-02-21,2026-02-26,delivery_shipment
2026-02-21,80851898,A672,E568,1,80851898|A672|E568|2026-02-13|net demand for safety|060781,2026-02-21,2026-02-26,delivery_shipment
2026-02-21,80851898,A672,E568,1,80851898|A672|E568|2026-02-14|net demand for safety|061093,2026-02-21,2026-02-26,delivery_shipment
2026-02-21,80864470,A672,E568,1,80864470|A672|E568|2026-02-15|net demand for safety|061444,2026-02-21,2026-02-26,delivery_shipment
2026-02-21,21137866,A672,E568,1,21137866|A672|E568|2026-02-16|net demand for safety|061572,2026-02-21,2026-02-26,delivery_shipment
2026-02-21,21314875,A672,E568,1,21314875|A672|E568|2026-02-16|net demand for safety|061644,2026-02-21,2026-02-26,delivery_shipment
2026-02-21,80793614,A672,E568,1,80793614|A672|E568|2026-02-16|net demand for safety|061764,2026-02-21,2026-02-26,delivery_shipment
2026-02-21,80812846,A672,E568,6,80812846|A672|E568|2026-02-16|net demand for safety|061948,2026-02-21,2026-02-27,delivery_shipment
2026-02-21,80851898,A672,E568,2,80851898|A672|E568|2026-02-16|net demand for safety|061978,2026-02-21,2026-02-26,delivery_shipment
2026-02-21,80864470,A672,E568,1,80864470|A672|E568|2026-02-16|net demand for safety|062035,2026-02-21,2026-02-26,delivery_shipment
2026-02-21,21137866,A672,E568,3,21137866|A672|E568|2026-02-17|net demand for safety|062188,2026-02-21,2026-02-26,delivery_shipment
2026-02-21,21314875,A672,E568,1,21314875|A672|E568|2026-02-17|net demand for safety|062247,2026-02-21,2026-02-26,delivery_shipment
2026-02-21,80804128,A672,E568,1,80804128|A672|E568|2026-02-17|net demand for safety|062383,2026-02-21,2026-02-26,delivery_shipment
2026-02-21,80804133,A672,E568,1,80804133|A672|E568|2026-02-17|net demand for safety|062401,2026-02-21,2026-02-26,delivery_shipment
2026-02-21,80805856,A672,E568,4,80805856|A672|E568|2026-02-17|net demand for safety|062496,2026-02-21,2026-02-26,delivery_shipment
2026-02-21,80812841,A672,E568,11,80812841|A672|E568|2026-02-17|net demand for safety|062633,2026-02-21,2026-02-26,delivery_shipment
2026-02-21,80812846,A672,E568,3,80812846|A672|E568|2026-02-17|net demand for safety|062641,2026-02-21,2026-02-26,delivery_shipment
2026-02-21,80840975,A672,E568,1,80840975|A672|E568|2026-02-17|net demand for safety|062647,2026-02-21,2026-02-26,delivery_shipment
2026-02-21,80848026,A672,E568,8,80848026|A672|E568|2026-02-17|net demand for safety|062675,2026-02-21,2026-02-26,delivery_shipment
2026-02-21,80851898,A672,E568,1,80851898|A672|E568|2026-02-17|net demand for safety|062681,2026-02-21,2026-02-26,delivery_shipment
2026-02-21,21137866,A672,E568,4,21137866|A672|E568|2026-02-18|net demand for safety|062803,2026-02-21,2026-02-26,delivery_shipment
2026-02-21,21141769,A672,E568,1,21141769|A672|E568|2026-02-18|net demand for safety|062821,2026-02-21,2026-02-27,delivery_shipment
2026-02-21,80804132,A672,E568,1,80804132|A672|E568|2026-02-18|net demand for safety|063003,2026-02-21,2026-02-27,delivery_shipment
2026-02-21,80804133,A672,E568,1,80804133|A672|E568|2026-02-18|net demand for safety|063008,2026-02-21,2026-02-27,delivery_shipment
2026-02-21,80804136,A672,E568,1,80804136|A672|E568|2026-02-18|net demand for safety|063057,2026-02-21,2026-02-26,delivery_shipment
2026-02-21,80807112,A672,E568,1,80807112|A672|E568|2026-02-18|net demand for safety|063254,2026-02-21,2026-02-26,delivery_shipment
2026-02-21,80807115,A672,E568,2,80807115|A672|E568|2026-02-18|net demand for safety|063279,2026-02-21,2026-02-27,delivery_shipment
2026-02-21,80812840,A672,E568,5,80812840|A672|E568|2026-02-18|net demand for safety|063347,2026-02-21,2026-02-26,delivery_shipment
2026-02-21,80812841,A672,E568,3,80812841|A672|E568|2026-02-18|net demand for safety|063357,2026-02-21,2026-02-27,delivery_shipment
2026-02-21,80812845,A672,E568,1,80812845|A672|E568|2026-02-18|net demand for safety|063362,2026-02-21,2026-02-27,delivery_shipment
2026-02-21,80812846,A672,E568,4,80812846|A672|E568|2026-02-18|net demand for safety|063372,2026-02-21,2026-02-26,delivery_shipment
2026-02-21,80848026,A672,E568,3,80848026|A672|E568|2026-02-18|net demand for safety|063396,2026-02-21,2026-02-26,delivery_shipment
2026-02-21,80851898,A672,E568,1,80851898|A672|E568|2026-02-18|net demand for safety|063419,2026-02-21,2026-02-26,delivery_shipment
2026-02-21,80864470,A672,E568,1,80864470|A672|E568|2026-02-18|net demand for safety|063446,2026-02-21,2026-02-26,delivery_shipment
2026-02-21,21137866,A672,E568,2,21137866|A672|E568|2026-02-19|net demand for safety|063607,2026-02-21,2026-02-26,delivery_shipment
2026-02-21,21141769,A672,E568,1,21141769|A672|E568|2026-02-19|net demand for safety|063645,2026-02-21,2026-02-26,delivery_shipment
2026-02-21,21314875,A672,E568,1,21314875|A672|E568|2026-02-19|net demand for safety|063715,2026-02-21,2026-02-26,delivery_shipment
2026-02-21,80804132,A672,E568,1,80804132|A672|E568|2026-02-19|net demand for safety|063829,2026-02-21,2026-02-27,delivery_shipment
2026-02-21,80804133,A672,E568,2,80804133|A672|E568|2026-02-19|net demand for safety|063835,2026-02-21,2026-02-26,delivery_shipment
2026-02-21,80812845,A672,E568,1,80812845|A672|E568|2026-02-19|net demand for safety|064236,2026-02-21,2026-02-26,delivery_shipment
2026-02-21,80812846,A672,E568,6,80812846|A672|E568|2026-02-19|net demand for safety|064243,2026-02-21,2026-02-26,delivery_shipment
2026-02-21,80848029,A672,E568,1,80848029|A672|E568|2026-02-19|net demand for safety|064307,2026-02-21,2026-02-26,delivery_shipment
2026-02-21,21132988,A672,E568,1,21132988|A672|E568|2026-02-20|net demand for safety|064431,2026-02-21,2026-02-27,delivery_shipment
2026-02-21,21137866,A672,E568,2,21137866|A672|E568|2026-02-20|net demand for safety|064440,2026-02-21,2026-02-26,delivery_shipment
2026-02-21,21141769,A672,E568,1,21141769|A672|E568|2026-02-20|net demand for safety|064464,2026-02-21,2026-02-26,delivery_shipment
2026-02-21,21315474,A672,E568,1,21315474|A672|E568|2026-02-20|net demand for safety|064527,2026-02-21,2026-02-26,delivery_shipment
2026-02-21,21325292,A672,E568,1,21325292|A672|E568|2026-02-20|net demand for safety|064536,2026-02-21,2026-02-26,delivery_shipment
2026-02-21,80807110,A672,E568,1,80807110|A672|E568|2026-02-20|net demand for safety|064981,2026-02-21,2026-02-26,delivery_shipment
2026-02-21,80812841,A672,E568,1,80812841|A672|E568|2026-02-20|net demand for safety|065083,2026-02-21,2026-02-26,delivery_shipment
2026-02-21,80848028,A672,E568,2,80848028|A672|E568|2026-02-20|net demand for safety|065151,2026-02-21,2026-02-26,delivery_shipment
2026-02-21,80851898,A672,E568,3,80851898|A672|E568|2026-02-20|net demand for safety|065175,2026-02-21,2026-02-26,delivery_shipment
2026-02-21,80864469,A672,E568,3,80864469|A672|E568|2026-02-20|net demand for safety|065184,2026-02-21,2026-02-26,delivery_shipment
2026-02-21,21132988,A672,E568,2,21132988|A672|E568|2026-02-21|net demand for safety|065288,2026-02-21,2026-02-26,delivery_shipment
2026-02-21,21137866,A672,E568,5,21137866|A672|E568|2026-02-21|net demand for safety|065298,2026-02-21,2026-02-26,delivery_shipment
2026-02-21,21141769,A672,E568,1,21141769|A672|E568|2026-02-21|net demand for safety|065322,2026-02-21,2026-02-27,delivery_shipment
2026-02-21,21148509,A672,E568,2,21148509|A672|E568|2026-02-21|net demand for safety|065335,2026-02-21,2026-02-26,delivery_shipment
2026-02-21,21315474,A672,E568,2,21315474|A672|E568|2026-02-21|net demand for safety|065410,2026-02-21,2026-02-26,delivery_shipment
2026-02-21,21325292,A672,E568,2,21325292|A672|E568|2026-02-21|net demand for safety|065417,2026-02-21,2026-02-26,delivery_shipment
2026-02-21,80804133,A672,E568,1,80804133|A672|E568|2026-02-21|net demand for safety|065477,2026-02-21,2026-02-26,delivery_shipment
2026-02-21,80807110,A672,E568,1,80807110|A672|E568|2026-02-21|net demand for safety|065807,2026-02-21,2026-02-26,delivery_shipment
2026-02-21,80812841,A672,E568,5,80812841|A672|E568|2026-02-21|net demand for safety|065890,2026-02-21,2026-02-26,delivery_shipment
2026-02-21,80812845,A672,E568,1,80812845|A672|E568|2026-02-21|net demand for safety|065892,2026-02-21,2026-02-26,delivery_shipment
2026-02-21,80848022,A672,E568,2,80848022|A672|E568|2026-02-21|net demand for safety|065926,2026-02-21,2026-02-26,delivery_shipment
2026-02-21,80848023,A672,E568,2,80848023|A672|E568|2026-02-21|net demand for safety|065931,2026-02-21,2026-02-26,delivery_shipment
2026-02-21,80848025,A672,E568,2,80848025|A672|E568|2026-02-21|net demand for safety|065940,2026-02-21,2026-02-26,delivery_shipment
2026-02-21,80848028,A672,E568,4,80848028|A672|E568|2026-02-21|net demand for safety|065955,2026-02-21,2026-02-26,delivery_shipment
2026-02-21,80848029,A672,E568,1,80848029|A672|E568|2026-02-21|net demand for safety|065962,2026-02-21,2026-02-26,delivery_shipment
2026-02-21,80812845,C816,E467,1,80812845|C816|E467|2026-02-07|net demand for normal|056491,2026-02-21,2026-02-24,delivery_shipment
2026-02-21,80804134,C816,E467,1,80804134|C816|E467|2026-02-08|net demand for normal|057009,2026-02-21,2026-02-24,delivery_shipment
2026-02-21,80848026,C816,E467,1,80848026|C816|E467|2026-02-21|net demand for normal|065951,2026-02-21,2026-02-24,delivery_shipment
2026-02-21,80804132,C816,E467,1,80804132|C816|E467|2026-02-07|net demand for forecast|056100,2026-02-21,2026-02-24,delivery_shipment
2026-02-21,80804132,C816,E467,1,80804132|C816|E467|2026-02-07|net demand for forecast|056101,2026-02-21,2026-02-24,delivery_shipment
2026-02-21,80804132,C816,E467,1,80804132|C816|E467|2026-02-07|net demand for forecast|056102,2026-02-21,2026-02-24,delivery_shipment
2026-02-21,80804132,C816,E467,1,80804132|C816|E467|2026-02-07|net demand for forecast|056103,2026-02-21,2026-02-24,delivery_shipment
2026-02-21,80804132,C816,E467,1,80804132|C816|E467|2026-02-07|net demand for forecast|056104,2026-02-21,2026-02-24,delivery_shipment
2026-02-21,80812845,C816,E467,1,80812845|C816|E467|2026-02-07|net demand for forecast|056486,2026-02-21,2026-02-24,delivery_shipment
2026-02-21,80812845,C816,E467,1,80812845|C816|E467|2026-02-07|net demand for forecast|056487,2026-02-21,2026-02-24,delivery_shipment
2026-02-21,80812845,C816,E467,1,80812845|C816|E467|2026-02-07|net demand for forecast|056488,2026-02-21,2026-02-24,delivery_shipment
2026-02-21,80812845,C816,E467,1,80812845|C816|E467|2026-02-07|net demand for forecast|056489,2026-02-21,2026-02-24,delivery_shipment
2026-02-21,80812845,C816,E467,1,80812845|C816|E467|2026-02-07|net demand for forecast|056490,2026-02-21,2026-02-24,delivery_shipment
2026-02-21,80848026,C816,E467,1,80848026|C816|E467|2026-02-07|net demand for forecast|056575,2026-02-21,2026-02-24,delivery_shipment
2026-02-21,80848026,C816,E467,1,80848026|C816|E467|2026-02-07|net demand for forecast|056576,2026-02-21,2026-02-24,delivery_shipment
2026-02-21,80848026,C816,E467,1,80848026|C816|E467|2026-02-07|net demand for forecast|056577,2026-02-21,2026-02-24,delivery_shipment
2026-02-21,80848026,C816,E467,1,80848026|C816|E467|2026-02-07|net demand for forecast|056578,2026-02-21,2026-02-24,delivery_shipment
2026-02-21,80848026,C816,E467,1,80848026|C816|E467|2026-02-07|net demand for forecast|056579,2026-02-21,2026-02-24,delivery_shipment
2026-02-21,80864470,C816,E467,1,80864470|C816|E467|2026-02-07|net demand for forecast|056627,2026-02-21,2026-02-24,delivery_shipment
2026-02-21,80864470,C816,E467,1,80864470|C816|E467|2026-02-07|net demand for forecast|056628,2026-02-21,2026-02-25,delivery_shipment
2026-02-21,80864470,C816,E467,1,80864470|C816|E467|2026-02-07|net demand for forecast|056629,2026-02-21,2026-02-24,delivery_shipment
2026-02-21,80864470,C816,E467,1,80864470|C816|E467|2026-02-07|net demand for forecast|056630,2026-02-21,2026-02-24,delivery_shipment
2026-02-21,80864470,C816,E467,1,80864470|C816|E467|2026-02-07|net demand for forecast|056631,2026-02-21,2026-02-24,delivery_shipment
2026-02-21,80804132,C816,E467,1,80804132|C816|E467|2026-02-08|net demand for forecast|056985,2026-02-21,2026-02-24,delivery_shipment
2026-02-21,80804132,C816,E467,1,80804132|C816|E467|2026-02-08|net demand for forecast|056986,2026-02-21,2026-02-24,delivery_shipment
2026-02-21,80804132,C816,E467,1,80804132|C816|E467|2026-02-08|net demand for forecast|056987,2026-02-21,2026-02-24,delivery_shipment
2026-02-21,80804132,C816,E467,1,80804132|C816|E467|2026-02-08|net demand for forecast|056988,2026-02-21,2026-02-24,delivery_shipment
2026-02-21,80804132,C816,E467,1,80804132|C816|E467|2026-02-08|net demand for forecast|056989,2026-02-21,2026-02-25,delivery_shipment
2026-02-21,80804134,C816,E467,1,80804134|C816|E467|2026-02-08|net demand for forecast|057004,2026-02-21,2026-02-24,delivery_shipment
2026-02-21,80804134,C816,E467,1,80804134|C816|E467|2026-02-08|net demand for forecast|057005,2026-02-21,2026-02-24,delivery_shipment
2026-02-21,80804134,C816,E467,1,80804134|C816|E467|2026-02-08|net demand for forecast|057006,2026-02-21,2026-02-24,delivery_shipment
2026-02-21,80804134,C816,E467,1,80804134|C816|E467|2026-02-08|net demand for forecast|057007,2026-02-21,2026-02-24,delivery_shipment
2026-02-21,80804134,C816,E467,1,80804134|C816|E467|2026-02-08|net demand for forecast|057008,2026-02-21,2026-02-24,delivery_shipment
2026-02-21,80848026,C816,E467,2,80848026|C816|E467|2026-02-08|net demand for forecast|057515,2026-02-21,2026-02-24,delivery_shipment
2026-02-21,80848026,C816,E467,2,80848026|C816|E467|2026-02-08|net demand for forecast|057516,2026-02-21,2026-02-24,delivery_shipment
2026-02-21,80848026,C816,E467,2,80848026|C816|E467|2026-02-08|net demand for forecast|057517,2026-02-21,2026-02-24,delivery_shipment
2026-02-21,80848026,C816,E467,2,80848026|C816|E467|2026-02-08|net demand for forecast|057518,2026-02-21,2026-02-24,delivery_shipment
2026-02-21,80848026,C816,E467,2,80848026|C816|E467|2026-02-08|net demand for forecast|057519,2026-02-21,2026-02-24,delivery_shipment
2026-02-21,80864469,C816,E467,1,80864469|C816|E467|2026-02-08|net demand for forecast|057579,2026-02-21,2026-02-25,delivery_shipment
2026-02-21,80864469,C816,E467,1,80864469|C816|E467|2026-02-08|net demand for forecast|057580,2026-02-21,2026-02-24,delivery_shipment
2026-02-21,80864469,C816,E467,1,80864469|C816|E467|2026-02-08|net demand for forecast|057581,2026-02-21,2026-02-24,delivery_shipment
2026-02-21,80864469,C816,E467,1,80864469|C816|E467|2026-02-08|net demand for forecast|057582,2026-02-21,2026-02-24,delivery_shipment
2026-02-21,80864469,C816,E467,1,80864469|C816|E467|2026-02-08|net demand for forecast|057583,2026-02-21,2026-02-24,delivery_shipment
2026-02-21,80864470,C816,E467,1,80864470|C816|E467|2026-02-08|net demand for forecast|057605,2026-02-21,2026-02-24,delivery_shipment
2026-02-21,80864470,C816,E467,1,80864470|C816|E467|2026-02-08|net demand for forecast|057606,2026-02-21,2026-02-24,delivery_shipment
2026-02-21,80864470,C816,E467,1,80864470|C816|E467|2026-02-08|net demand for forecast|057607,2026-02-21,2026-02-24,delivery_shipment
2026-02-21,80864470,C816,E467,1,80864470|C816|E467|2026-02-08|net demand for forecast|057608,2026-02-21,2026-02-24,delivery_shipment
2026-02-21,80864470,C816,E467,1,80864470|C816|E467|2026-02-08|net demand for forecast|057609,2026-02-21,2026-02-24,delivery_shipment
2026-02-21,80864470,C816,E467,1,80864470|C816|E467|2026-02-12|net demand for forecast|060355,2026-02-21,2026-02-24,delivery_shipment
2026-02-21,80864470,C816,E467,1,80864470|C816|E467|2026-02-12|net demand for forecast|060356,2026-02-21,2026-02-24,delivery_shipment
2026-02-21,80864470,C816,E467,1,80864470|C816|E467|2026-02-12|net demand for forecast|060357,2026-02-21,2026-02-24,delivery_shipment
2026-02-21,80864470,C816,E467,1,80864470|C816|E467|2026-02-12|net demand for forecast|060358,2026-02-21,2026-02-24,delivery_shipment
2026-02-21,80864470,C816,E467,1,80864470|C816|E467|2026-02-12|net demand for forecast|060359,2026-02-21,2026-02-24,delivery_shipment
2026-02-21,80864470,C816,E467,1,80864470|C816|E467|2026-02-15|net demand for forecast|061446,2026-02-21,2026-02-24,delivery_shipment
2026-02-21,80864470,C816,E467,1,80864470|C816|E467|2026-02-15|net demand for forecast|061447,2026-02-21,2026-02-24,delivery_shipment
2026-02-21,80864470,C816,E467,1,80864470|C816|E467|2026-02-15|net demand for forecast|061448,2026-02-21,2026-02-24,delivery_shipment
2026-02-21,80864470,C816,E467,1,80864470|C816|E467|2026-02-15|net demand for forecast|061449,2026-02-21,2026-02-24,delivery_shipment
2026-02-21,80864470,C816,E467,1,80864470|C816|E467|2026-02-15|net demand for forecast|061450,2026-02-21,2026-02-24,delivery_shipment
2026-02-21,80804134,C816,E467,1,80804134|C816|E467|2026-02-17|net demand for forecast|062408,2026-02-21,2026-02-24,delivery_shipment
2026-02-21,80804134,C816,E467,1,80804134|C816|E467|2026-02-17|net demand for forecast|062409,2026-02-21,2026-02-24,delivery_shipment
2026-02-21,80804134,C816,E467,1,80804134|C816|E467|2026-02-17|net demand for forecast|062410,2026-02-21,2026-02-24,delivery_shipment
2026-02-21,80804134,C816,E467,1,80804134|C816|E467|2026-02-17|net demand for forecast|062411,2026-02-21,2026-02-24,delivery_shipment
2026-02-21,80804134,C816,E467,1,80804134|C816|E467|2026-02-17|net demand for forecast|062412,2026-02-21,2026-02-24,delivery_shipment
2026-02-21,80864469,C816,E467,1,80864469|C816|E467|2026-02-17|net demand for forecast|062693,2026-02-21,2026-02-24,delivery_shipment
2026-02-21,80864469,C816,E467,1,80864469|C816|E467|2026-02-17|net demand for forecast|062694,2026-02-21,2026-02-24,delivery_shipment
2026-02-21,80864469,C816,E467,1,80864469|C816|E467|2026-02-17|net demand for forecast|062695,2026-02-21,2026-02-24,delivery_shipment
2026-02-21,80864469,C816,E467,1,80864469|C816|E467|2026-02-17|net demand for forecast|062696,2026-02-21,2026-02-24,delivery_shipment
2026-02-21,80864469,C816,E467,1,80864469|C816|E467|2026-02-17|net demand for forecast|062697,2026-02-21,2026-02-24,delivery_shipment
2026-02-21,80804134,C816,E467,1,80804134|C816|E467|2026-02-18|net demand for forecast|063033,2026-02-21,2026-02-24,delivery_shipment
2026-02-21,80804134,C816,E467,1,80804134|C816|E467|2026-02-18|net demand for forecast|063034,2026-02-21,2026-02-24,delivery_shipment
2026-02-21,80804134,C816,E467,1,80804134|C816|E467|2026-02-18|net demand for forecast|063035,2026-02-21,2026-02-24,delivery_shipment
2026-02-21,80804134,C816,E467,1,80804134|C816|E467|2026-02-18|net demand for forecast|063036,2026-02-21,2026-02-24,delivery_shipment
2026-02-21,80804134,C816,E467,1,80804134|C816|E467|2026-02-18|net demand for forecast|063037,2026-02-21,2026-02-25,delivery_shipment
2026-02-21,80848026,C816,E467,1,80848026|C816|E467|2026-02-18|net demand for forecast|063397,2026-02-21,2026-02-24,delivery_shipment
2026-02-21,80848026,C816,E467,1,80848026|C816|E467|2026-02-18|net demand for forecast|063398,2026-02-21,2026-02-24,delivery_shipment
2026-02-21,80848026,C816,E467,1,80848026|C816|E467|2026-02-18|net demand for forecast|063399,2026-02-21,2026-02-24,delivery_shipment
2026-02-21,80804134,C816,E467,1,80804134|C816|E467|2026-02-19|net demand for forecast|063847,2026-02-21,2026-02-24,delivery_shipment
2026-02-21,80804134,C816,E467,1,80804134|C816|E467|2026-02-19|net demand for forecast|063848,2026-02-21,2026-02-24,delivery_shipment
2026-02-21,80804134,C816,E467,1,80804134|C816|E467|2026-02-19|net demand for forecast|063849,2026-02-21,2026-02-25,delivery_shipment
2026-02-21,80804134,C816,E467,1,80804134|C816|E467|2026-02-19|net demand for forecast|063850,2026-02-21,2026-02-24,delivery_shipment
2026-02-21,80804134,C816,E467,1,80804134|C816|E467|2026-02-19|net demand for forecast|063851,2026-02-21,2026-02-25,delivery_shipment
2026-02-21,80848026,C816,E467,1,80848026|C816|E467|2026-02-19|net demand for forecast|064288,2026-02-21,2026-02-25,delivery_shipment
2026-02-21,80848026,C816,E467,2,80848026|C816|E467|2026-02-19|net demand for forecast|064289,2026-02-21,2026-02-24,delivery_shipment
2026-02-21,80848026,C816,E467,2,80848026|C816|E467|2026-02-19|net demand for forecast|064290,2026-02-21,2026-02-24,delivery_shipment
2026-02-21,80864469,C816,E467,1,80864469|C816|E467|2026-02-19|net demand for forecast|064344,2026-02-21,2026-02-24,delivery_shipment
2026-02-21,80864469,C816,E467,1,80864469|C816|E467|2026-02-19|net demand for forecast|064345,2026-02-21,2026-02-24,delivery_shipment
2026-02-21,80864469,C816,E467,1,80864469|C816|E467|2026-02-19|net demand for forecast|064346,2026-02-21,2026-02-24,delivery_shipment
2026-02-21,80864469,C816,E467,1,80864469|C816|E467|2026-02-19|net demand for forecast|064347,2026-02-21,2026-02-24,delivery_shipment
2026-02-21,80864469,C816,E467,1,80864469|C816|E467|2026-02-19|net demand for forecast|064348,2026-02-21,2026-02-24,delivery_shipment
2026-02-21,80804134,C816,E467,1,80804134|C816|E467|2026-02-20|net demand for forecast|064674,2026-02-21,2026-02-24,delivery_shipment
2026-02-21,80804134,C816,E467,1,80804134|C816|E467|2026-02-20|net demand for forecast|064675,2026-02-21,2026-02-24,delivery_shipment
2026-02-21,80804134,C816,E467,1,80804134|C816|E467|2026-02-20|net demand for forecast|064676,2026-02-21,2026-02-24,delivery_shipment
2026-02-21,80804134,C816,E467,1,80804134|C816|E467|2026-02-20|net demand for forecast|064677,2026-02-21,2026-02-24,delivery_shipment
2026-02-21,80804134,C816,E467,1,80804134|C816|E467|2026-02-20|net demand for forecast|064678,2026-02-21,2026-02-24,delivery_shipment
2026-02-21,80807105,C816,E467,1,80807105|C816|E467|2026-02-20|net demand for forecast|064972,2026-02-21,2026-02-24,delivery_shipment
2026-02-21,80807105,C816,E467,1,80807105|C816|E467|2026-02-20|net demand for forecast|064973,2026-02-21,2026-02-24,delivery_shipment
2026-02-21,80807105,C816,E467,1,80807105|C816|E467|2026-02-20|net demand for forecast|064974,2026-02-21,2026-02-24,delivery_shipment
2026-02-21,80807105,C816,E467,1,80807105|C816|E467|2026-02-20|net demand for forecast|064975,2026-02-21,2026-02-24,delivery_shipment
2026-02-21,80848026,C816,E467,2,80848026|C816|E467|2026-02-20|net demand for forecast|065138,2026-02-21,2026-02-24,delivery_shipment
2026-02-21,80848026,C816,E467,2,80848026|C816|E467|2026-02-20|net demand for forecast|065139,2026-02-21,2026-02-24,delivery_shipment
2026-02-21,80848026,C816,E467,2,80848026|C816|E467|2026-02-20|net demand for forecast|065140,2026-02-21,2026-02-24,delivery_shipment
2026-02-21,80804132,C816,E467,1,80804132|C816|E467|2026-02-21|net demand for forecast|065472,2026-02-21,2026-02-24,delivery_shipment
2026-02-21,80804132,C816,E467,1,80804132|C816|E467|2026-02-21|net demand for forecast|065473,2026-02-21,2026-02-24,delivery_shipment
2026-02-21,80804132,C816,E467,1,80804132|C816|E467|2026-02-21|net demand for forecast|065474,2026-02-21,2026-02-24,delivery_shipment
2026-02-21,80804132,C816,E467,1,80804132|C816|E467|2026-02-21|net demand for forecast|065475,2026-02-21,2026-02-25,delivery_shipment
2026-02-21,80807105,C816,E467,1,80807105|C816|E467|2026-02-21|net demand for forecast|065799,2026-02-21,2026-02-24,delivery_shipment
2026-02-21,80807105,C816,E467,1,80807105|C816|E467|2026-02-21|net demand for forecast|065800,2026-02-21,2026-02-24,delivery_shipment
2026-02-21,80807105,C816,E467,1,80807105|C816|E467|2026-02-21|net demand for forecast|065801,2026-02-21,2026-02-24,delivery_shipment
2026-02-21,80807105,C816,E467,1,80807105|C816|E467|2026-02-21|net demand for forecast|065802,2026-02-21,2026-02-24,delivery_shipment
2026-02-21,80848026,C816,E467,2,80848026|C816|E467|2026-02-21|net demand for forecast|065947,2026-02-21,2026-02-25,delivery_shipment
2026-02-21,80848026,C816,E467,2,80848026|C816|E467|2026-02-21|net demand for forecast|065948,2026-02-21,2026-02-24,delivery_shipment
2026-02-21,80848026,C816,E467,2,80848026|C816|E467|2026-02-21|net demand for forecast|065949,2026-02-21,2026-02-24,delivery_shipment
2026-02-21,80848026,C816,E467,2,80848026|C816|E467|2026-02-21|net demand for forecast|065950,2026-02-21,2026-02-24,delivery_shipment
2026-02-21,80804132,C816,E467,5,80804132|C816|E467|2026-02-07|net demand for safety|056105,2026-02-21,2026-02-24,delivery_shipment
2026-02-21,80812845,C816,E467,3,80812845|C816|E467|2026-02-07|net demand for safety|056492,2026-02-21,2026-02-24,delivery_shipment
2026-02-21,80864469,C816,E467,1,80864469|C816|E467|2026-02-07|net demand for safety|056626,2026-02-21,2026-02-25,delivery_shipment
2026-02-21,80804132,C816,E467,1,80804132|C816|E467|2026-02-08|net demand for safety|056990,2026-02-21,2026-02-24,delivery_shipment
2026-02-21,80807105,C816,E467,25,80807105|C816|E467|2026-02-08|net demand for safety|057192,2026-02-21,2026-02-24,delivery_shipment
2026-02-21,80864469,C816,E467,9,80864469|C816|E467|2026-02-08|net demand for safety|057584,2026-02-21,2026-02-24,delivery_shipment
2026-02-21,80864470,C816,E467,3,80864470|C816|E467|2026-02-09|net demand for safety|058387,2026-02-21,2026-02-24,delivery_shipment
2026-02-21,80864470,C816,E467,1,80864470|C816|E467|2026-02-10|net demand for safety|059158,2026-02-21,2026-02-24,delivery_shipment
2026-02-21,80807105,C816,E467,2,80807105|C816|E467|2026-02-11|net demand for safety|059666,2026-02-21,2026-02-24,delivery_shipment
2026-02-21,80848026,C816,E467,11,80848026|C816|E467|2026-02-11|net demand for safety|059765,2026-02-21,2026-02-25,delivery_shipment
2026-02-21,80864470,C816,E467,3,80864470|C816|E467|2026-02-11|net demand for safety|059815,2026-02-21,2026-02-24,delivery_shipment
2026-02-21,80804134,C816,E467,6,80804134|C816|E467|2026-02-12|net demand for safety|060104,2026-02-21,2026-02-24,delivery_shipment
2026-02-21,80807105,C816,E467,1,80807105|C816|E467|2026-02-12|net demand for safety|060205,2026-02-21,2026-02-25,delivery_shipment
2026-02-21,80864470,C816,E467,6,80864470|C816|E467|2026-02-12|net demand for safety|060360,2026-02-21,2026-02-25,delivery_shipment
2026-02-21,80807105,C816,E467,2,80807105|C816|E467|2026-02-13|net demand for safety|060711,2026-02-21,2026-02-24,delivery_shipment
2026-02-21,80804134,C816,E467,1,80804134|C816|E467|2026-02-14|net demand for safety|061024,2026-02-21,2026-02-24,delivery_shipment
2026-02-21,80848026,C816,E467,1,80848026|C816|E467|2026-02-14|net demand for safety|061091,2026-02-21,2026-02-24,delivery_shipment
2026-02-21,80864469,C816,E467,1,80864469|C816|E467|2026-02-15|net demand for safety|061428,2026-02-21,2026-02-24,delivery_shipment
2026-02-21,80864470,C816,E467,1,80864470|C816|E467|2026-02-15|net demand for safety|061451,2026-02-21,2026-02-24,delivery_shipment
2026-02-21,80864469,C816,E467,8,80864469|C816|E467|2026-02-17|net demand for safety|062698,2026-02-21,2026-02-24,delivery_shipment
2026-02-21,21165946,C816,E467,2,21165946|C816|E467|2026-02-18|net demand for safety|062845,2026-02-21,2026-02-24,delivery_shipment
2026-02-21,80804133,C816,E467,3,80804133|C816|E467|2026-02-18|net demand for safety|063011,2026-02-21,2026-02-24,delivery_shipment
2026-02-21,80807105,C816,E467,12,80807105|C816|E467|2026-02-18|net demand for safety|063244,2026-02-21,2026-02-24,delivery_shipment
2026-02-21,80812845,C816,E467,11,80812845|C816|E467|2026-02-18|net demand for safety|063368,2026-02-21,2026-02-24,delivery_shipment
2026-02-21,21165946,C816,E467,4,21165946|C816|E467|2026-02-19|net demand for safety|063672,2026-02-21,2026-02-24,delivery_shipment
2026-02-21,80804133,C816,E467,2,80804133|C816|E467|2026-02-19|net demand for safety|063839,2026-02-21,2026-02-24,delivery_shipment
2026-02-21,80804705,C816,E467,1,80804705|C816|E467|2026-02-19|net demand for safety|063970,2026-02-21,2026-02-24,delivery_shipment
2026-02-21,80807105,C816,E467,4,80807105|C816|E467|2026-02-19|net demand for safety|064101,2026-02-21,2026-02-24,delivery_shipment
2026-02-21,80848022,C816,E467,1,80848022|C816|E467|2026-02-19|net demand for safety|064266,2026-02-21,2026-02-24,delivery_shipment
2026-02-21,80848028,C816,E467,1,80848028|C816|E467|2026-02-19|net demand for safety|064304,2026-02-21,2026-02-24,delivery_shipment
2026-02-21,80864469,C816,E467,2,80864469|C816|E467|2026-02-19|net demand for safety|064349,2026-02-21,2026-02-24,delivery_shipment
2026-02-21,21165946,C816,E467,2,21165946|C816|E467|2026-02-20|net demand for safety|064489,2026-02-21,2026-02-24,delivery_shipment
2026-02-21,80804133,C816,E467,2,80804133|C816|E467|2026-02-20|net demand for safety|064636,2026-02-21,2026-02-24,delivery_shipment
2026-02-21,80804705,C816,E467,1,80804705|C816|E467|2026-02-20|net demand for safety|064809,2026-02-21,2026-02-24,delivery_shipment
2026-02-21,80807105,C816,E467,7,80807105|C816|E467|2026-02-20|net demand for safety|064976,2026-02-21,2026-02-24,delivery_shipment
2026-02-21,80848022,C816,E467,1,80848022|C816|E467|2026-02-20|net demand for safety|065115,2026-02-21,2026-02-24,delivery_shipment
2026-02-21,80848028,C816,E467,1,80848028|C816|E467|2026-02-20|net demand for safety|065155,2026-02-21,2026-02-24,delivery_shipment
2026-02-21,21165946,C816,E467,4,21165946|C816|E467|2026-02-21|net demand for safety|065357,2026-02-21,2026-02-24,delivery_shipment
2026-02-21,21170683,C816,E467,2,21170683|C816|E467|2026-02-21|net demand for safety|065360,2026-02-21,2026-02-24,delivery_shipment
2026-02-21,80804133,C816,E467,3,80804133|C816|E467|2026-02-21|net demand for safety|065481,2026-02-21,2026-02-24,delivery_shipment
2026-02-21,80807105,C816,E467,1,80807105|C816|E467|2026-02-21|net demand for safety|065803,2026-02-21,2026-02-24,delivery_shipment
2026-02-21,80848022,C816,E467,1,80848022|C816|E467|2026-02-21|net demand for safety|065928,2026-02-21,2026-02-24,delivery_shipment
2026-02-21,80848025,C816,E467,2,80848025|C816|E467|2026-02-21|net demand for safety|065945,2026-02-21,2026-02-25,delivery_shipment
2026-02-21,80848028,C816,E467,1,80848028|C816|E467|2026-02-21|net demand for safety|065959,2026-02-21,2026-02-24,delivery_shipment
2026-02-21,80851898,C816,D767,1,80851898|C816|D767|2026-02-15|net demand for normal|061416,2026-02-21,2026-02-23,delivery_shipment
2026-02-21,80804127,C816,D767,1,80804127|C816|D767|2026-02-17|net demand for normal|062382,2026-02-21,2026-02-23,delivery_shipment
2026-02-21,80864470,C816,D767,1,80864470|C816|D767|2026-02-18|net demand for normal|063451,2026-02-21,2026-02-24,delivery_shipment
2026-02-21,21314602,C816,D767,1,21314602|C816|D767|2026-02-19|net demand for normal|063710,2026-02-21,2026-02-24,delivery_shipment
2026-02-21,80848023,C816,D767,1,80848023|C816|D767|2026-02-19|net demand for normal|064274,2026-02-21,2026-02-23,delivery_shipment
2026-02-21,80848023,C816,D767,1,80848023|C816|D767|2026-02-20|net demand for normal|065129,2026-02-21,2026-02-23,delivery_shipment
2026-02-21,80848023,C816,D767,1,80848023|C816|D767|2026-02-21|net demand for normal|065936,2026-02-21,2026-02-23,delivery_shipment
2026-02-21,80864469,C816,D767,1,80864469|C816|D767|2026-02-21|net demand for normal|065983,2026-02-21,2026-02-23,delivery_shipment
2026-02-21,80804127,C816,D767,1,80804127|C816|D767|2026-02-10|net demand for forecast|058669,2026-02-21,2026-02-23,delivery_shipment
2026-02-21,80804127,C816,D767,1,80804127|C816|D767|2026-02-10|net demand for forecast|058670,2026-02-21,2026-02-23,delivery_shipment
2026-02-21,80804127,C816,D767,1,80804127|C816|D767|2026-02-10|net demand for forecast|058671,2026-02-21,2026-02-24,delivery_shipment
2026-02-21,80804127,C816,D767,1,80804127|C816|D767|2026-02-10|net demand for forecast|058672,2026-02-21,2026-02-23,delivery_shipment
2026-02-21,21121752,C816,D767,1,21121752|C816|D767|2026-02-12|net demand for forecast|059878,2026-02-21,2026-02-23,delivery_shipment
2026-02-21,21121752,C816,D767,1,21121752|C816|D767|2026-02-12|net demand for forecast|059879,2026-02-21,2026-02-23,delivery_shipment
2026-02-21,21121752,C816,D767,1,21121752|C816|D767|2026-02-12|net demand for forecast|059880,2026-02-21,2026-02-23,delivery_shipment
2026-02-21,80804127,C816,D767,1,80804127|C816|D767|2026-02-12|net demand for forecast|060089,2026-02-21,2026-02-23,delivery_shipment
2026-02-21,80804127,C816,D767,1,80804127|C816|D767|2026-02-12|net demand for forecast|060090,2026-02-21,2026-02-23,delivery_shipment
2026-02-21,80804127,C816,D767,1,80804127|C816|D767|2026-02-12|net demand for forecast|060091,2026-02-21,2026-02-23,delivery_shipment
2026-02-21,80804127,C816,D767,1,80804127|C816|D767|2026-02-12|net demand for forecast|060092,2026-02-21,2026-02-23,delivery_shipment
2026-02-21,80848023,C816,D767,1,80848023|C816|D767|2026-02-12|net demand for forecast|060298,2026-02-21,2026-02-23,delivery_shipment
2026-02-21,80848023,C816,D767,1,80848023|C816|D767|2026-02-12|net demand for forecast|060299,2026-02-21,2026-02-23,delivery_shipment
2026-02-21,80848023,C816,D767,1,80848023|C816|D767|2026-02-12|net demand for forecast|060300,2026-02-21,2026-02-24,delivery_shipment
2026-02-21,80848023,C816,D767,1,80848023|C816|D767|2026-02-12|net demand for forecast|060301,2026-02-21,2026-02-23,delivery_shipment
2026-02-21,80851898,C816,D767,1,80851898|C816|D767|2026-02-13|net demand for forecast|060782,2026-02-21,2026-02-23,delivery_shipment
2026-02-21,80851898,C816,D767,1,80851898|C816|D767|2026-02-13|net demand for forecast|060783,2026-02-21,2026-02-23,delivery_shipment
2026-02-21,21113405,C816,D767,1,21113405|C816|D767|2026-02-14|net demand for forecast|060844,2026-02-21,2026-02-23,delivery_shipment
2026-02-21,21113405,C816,D767,1,21113405|C816|D767|2026-02-14|net demand for forecast|060845,2026-02-21,2026-02-24,delivery_shipment
2026-02-21,21113405,C816,D767,1,21113405|C816|D767|2026-02-14|net demand for forecast|060846,2026-02-21,2026-02-23,delivery_shipment
2026-02-21,21113405,C816,D767,1,21113405|C816|D767|2026-02-14|net demand for forecast|060847,2026-02-21,2026-02-24,delivery_shipment
2026-02-21,21162696,C816,D767,1,21162696|C816|D767|2026-02-14|net demand for forecast|060883,2026-02-21,2026-02-23,delivery_shipment
2026-02-21,21162696,C816,D767,1,21162696|C816|D767|2026-02-14|net demand for forecast|060884,2026-02-21,2026-02-23,delivery_shipment
2026-02-21,21162696,C816,D767,1,21162696|C816|D767|2026-02-14|net demand for forecast|060885,2026-02-21,2026-02-23,delivery_shipment
2026-02-21,21314602,C816,D767,1,21314602|C816|D767|2026-02-14|net demand for forecast|060900,2026-02-21,2026-02-24,delivery_shipment
2026-02-21,21314602,C816,D767,1,21314602|C816|D767|2026-02-14|net demand for forecast|060901,2026-02-21,2026-02-23,delivery_shipment
2026-02-21,21314602,C816,D767,1,21314602|C816|D767|2026-02-14|net demand for forecast|060902,2026-02-21,2026-02-23,delivery_shipment
2026-02-21,21314602,C816,D767,1,21314602|C816|D767|2026-02-14|net demand for forecast|060903,2026-02-21,2026-02-24,delivery_shipment
2026-02-21,21162696,C816,D767,1,21162696|C816|D767|2026-02-15|net demand for forecast|061217,2026-02-21,2026-02-23,delivery_shipment
2026-02-21,21162696,C816,D767,1,21162696|C816|D767|2026-02-15|net demand for forecast|061218,2026-02-21,2026-02-23,delivery_shipment
2026-02-21,21162696,C816,D767,1,21162696|C816|D767|2026-02-15|net demand for forecast|061219,2026-02-21,2026-02-23,delivery_shipment
2026-02-21,21162696,C816,D767,1,21162696|C816|D767|2026-02-15|net demand for forecast|061220,2026-02-21,2026-02-23,delivery_shipment
2026-02-21,21377504,C816,D767,1,21377504|C816|D767|2026-02-15|net demand for forecast|061261,2026-02-21,2026-02-23,delivery_shipment
2026-02-21,21377504,C816,D767,1,21377504|C816|D767|2026-02-15|net demand for forecast|061262,2026-02-21,2026-02-23,delivery_shipment
2026-02-21,21377504,C816,D767,1,21377504|C816|D767|2026-02-15|net demand for forecast|061263,2026-02-21,2026-02-24,delivery_shipment
2026-02-21,21377504,C816,D767,1,21377504|C816|D767|2026-02-15|net demand for forecast|061264,2026-02-21,2026-02-23,delivery_shipment
2026-02-21,80851898,C816,D767,1,80851898|C816|D767|2026-02-15|net demand for forecast|061412,2026-02-21,2026-02-23,delivery_shipment
2026-02-21,80851898,C816,D767,1,80851898|C816|D767|2026-02-15|net demand for forecast|061413,2026-02-21,2026-02-24,delivery_shipment
2026-02-21,80851898,C816,D767,1,80851898|C816|D767|2026-02-15|net demand for forecast|061414,2026-02-21,2026-02-23,delivery_shipment
2026-02-21,80851898,C816,D767,1,80851898|C816|D767|2026-02-15|net demand for forecast|061415,2026-02-21,2026-02-23,delivery_shipment
2026-02-21,21113405,C816,D767,1,21113405|C816|D767|2026-02-16|net demand for forecast|061508,2026-02-21,2026-02-23,delivery_shipment
2026-02-21,21113405,C816,D767,1,21113405|C816|D767|2026-02-16|net demand for forecast|061509,2026-02-21,2026-02-23,delivery_shipment
2026-02-21,21113405,C816,D767,1,21113405|C816|D767|2026-02-16|net demand for forecast|061510,2026-02-21,2026-02-23,delivery_shipment
2026-02-21,21113405,C816,D767,1,21113405|C816|D767|2026-02-16|net demand for forecast|061511,2026-02-21,2026-02-23,delivery_shipment
2026-02-21,80864470,C816,D767,1,80864470|C816|D767|2026-02-16|net demand for forecast|062036,2026-02-21,2026-02-23,delivery_shipment
2026-02-21,80864470,C816,D767,1,80864470|C816|D767|2026-02-16|net demand for forecast|062037,2026-02-21,2026-02-23,delivery_shipment
2026-02-21,80864470,C816,D767,1,80864470|C816|D767|2026-02-16|net demand for forecast|062038,2026-02-21,2026-02-23,delivery_shipment
2026-02-21,80864470,C816,D767,1,80864470|C816|D767|2026-02-16|net demand for forecast|062039,2026-02-21,2026-02-24,delivery_shipment
2026-02-21,80804127,C816,D767,1,80804127|C816|D767|2026-02-17|net demand for forecast|062378,2026-02-21,2026-02-24,delivery_shipment
2026-02-21,80804127,C816,D767,1,80804127|C816|D767|2026-02-17|net demand for forecast|062379,2026-02-21,2026-02-23,delivery_shipment
2026-02-21,80804127,C816,D767,1,80804127|C816|D767|2026-02-17|net demand for forecast|062380,2026-02-21,2026-02-23,delivery_shipment
2026-02-21,80804127,C816,D767,1,80804127|C816|D767|2026-02-17|net demand for forecast|062381,2026-02-21,2026-02-23,delivery_shipment
2026-02-21,80864470,C816,D767,1,80864470|C816|D767|2026-02-18|net demand for forecast|063447,2026-02-21,2026-02-23,delivery_shipment
2026-02-21,80864470,C816,D767,1,80864470|C816|D767|2026-02-18|net demand for forecast|063448,2026-02-21,2026-02-23,delivery_shipment
2026-02-21,80864470,C816,D767,1,80864470|C816|D767|2026-02-18|net demand for forecast|063449,2026-02-21,2026-02-23,delivery_shipment
2026-02-21,80864470,C816,D767,1,80864470|C816|D767|2026-02-18|net demand for forecast|063450,2026-02-21,2026-02-24,delivery_shipment
2026-02-21,21304907,C816,D767,1,21304907|C816|D767|2026-02-19|net demand for forecast|063684,2026-02-21,2026-02-23,delivery_shipment
2026-02-21,21304907,C816,D767,1,21304907|C816|D767|2026-02-19|net demand for forecast|063685,2026-02-21,2026-02-24,delivery_shipment
2026-02-21,21304907,C816,D767,1,21304907|C816|D767|2026-02-19|net demand for forecast|063686,2026-02-21,2026-02-23,delivery_shipment
2026-02-21,21304907,C816,D767,1,21304907|C816|D767|2026-02-19|net demand for forecast|063687,2026-02-21,2026-02-23,delivery_shipment
2026-02-21,21314602,C816,D767,1,21314602|C816|D767|2026-02-19|net demand for forecast|063706,2026-02-21,2026-02-23,delivery_shipment
2026-02-21,21314602,C816,D767,1,21314602|C816|D767|2026-02-19|net demand for forecast|063707,2026-02-21,2026-02-24,delivery_shipment
2026-02-21,21314602,C816,D767,1,21314602|C816|D767|2026-02-19|net demand for forecast|063708,2026-02-21,2026-02-23,delivery_shipment
2026-02-21,21314602,C816,D767,1,21314602|C816|D767|2026-02-19|net demand for forecast|063709,2026-02-21,2026-02-23,delivery_shipment
2026-02-21,80848023,C816,D767,1,80848023|C816|D767|2026-02-19|net demand for forecast|064271,2026-02-21,2026-02-23,delivery_shipment
2026-02-21,80848023,C816,D767,1,80848023|C816|D767|2026-02-19|net demand for forecast|064272,2026-02-21,2026-02-23,delivery_shipment
2026-02-21,80848023,C816,D767,1,80848023|C816|D767|2026-02-19|net demand for forecast|064273,2026-02-21,2026-02-23,delivery_shipment
2026-02-21,80864469,C816,D767,1,80864469|C816|D767|2026-02-19|net demand for forecast|064339,2026-02-21,2026-02-24,delivery_shipment
2026-02-21,80864469,C816,D767,1,80864469|C816|D767|2026-02-19|net demand for forecast|064340,2026-02-21,2026-02-23,delivery_shipment
2026-02-21,80864469,C816,D767,1,80864469|C816|D767|2026-02-19|net demand for forecast|064341,2026-02-21,2026-02-23,delivery_shipment
2026-02-21,80864469,C816,D767,1,80864469|C816|D767|2026-02-19|net demand for forecast|064342,2026-02-21,2026-02-23,delivery_shipment
2026-02-21,21121751,C816,D767,1,21121751|C816|D767|2026-02-20|net demand for forecast|064415,2026-02-21,2026-02-24,delivery_shipment
2026-02-21,21121751,C816,D767,1,21121751|C816|D767|2026-02-20|net demand for forecast|064416,2026-02-21,2026-02-23,delivery_shipment
2026-02-21,21121751,C816,D767,1,21121751|C816|D767|2026-02-20|net demand for forecast|064417,2026-02-21,2026-02-23,delivery_shipment
2026-02-21,21121751,C816,D767,1,21121751|C816|D767|2026-02-20|net demand for forecast|064418,2026-02-21,2026-02-23,delivery_shipment
2026-02-21,80840976,C816,D767,1,80840976|C816|D767|2026-02-20|net demand for forecast|065100,2026-02-21,2026-02-23,delivery_shipment
2026-02-21,80840976,C816,D767,1,80840976|C816|D767|2026-02-20|net demand for forecast|065101,2026-02-21,2026-02-23,delivery_shipment
2026-02-21,80848023,C816,D767,1,80848023|C816|D767|2026-02-20|net demand for forecast|065126,2026-02-21,2026-02-23,delivery_shipment
2026-02-21,80848023,C816,D767,1,80848023|C816|D767|2026-02-20|net demand for forecast|065127,2026-02-21,2026-02-23,delivery_shipment
2026-02-21,80848023,C816,D767,1,80848023|C816|D767|2026-02-20|net demand for forecast|065128,2026-02-21,2026-02-23,delivery_shipment
2026-02-21,21118867,C816,D767,1,21118867|C816|D767|2026-02-21|net demand for forecast|065255,2026-02-21,2026-02-24,delivery_shipment
2026-02-21,21118867,C816,D767,1,21118867|C816|D767|2026-02-21|net demand for forecast|065256,2026-02-21,2026-02-24,delivery_shipment
2026-02-21,21118867,C816,D767,1,21118867|C816|D767|2026-02-21|net demand for forecast|065257,2026-02-21,2026-02-23,delivery_shipment
2026-02-21,21121756,C816,D767,1,21121756|C816|D767|2026-02-21|net demand for forecast|065259,2026-02-21,2026-02-23,delivery_shipment
2026-02-21,21121756,C816,D767,1,21121756|C816|D767|2026-02-21|net demand for forecast|065260,2026-02-21,2026-02-24,delivery_shipment
2026-02-21,21121756,C816,D767,1,21121756|C816|D767|2026-02-21|net demand for forecast|065261,2026-02-21,2026-02-23,delivery_shipment
2026-02-21,21121756,C816,D767,1,21121756|C816|D767|2026-02-21|net demand for forecast|065262,2026-02-21,2026-02-23,delivery_shipment
2026-02-21,21179704,C816,D767,1,21179704|C816|D767|2026-02-21|net demand for forecast|065367,2026-02-21,2026-02-23,delivery_shipment
2026-02-21,21179704,C816,D767,1,21179704|C816|D767|2026-02-21|net demand for forecast|065368,2026-02-21,2026-02-23,delivery_shipment
2026-02-21,21179704,C816,D767,1,21179704|C816|D767|2026-02-21|net demand for forecast|065369,2026-02-21,2026-02-24,delivery_shipment
2026-02-21,80840975,C816,D767,1,80840975|C816|D767|2026-02-21|net demand for forecast|065900,2026-02-21,2026-02-23,delivery_shipment
2026-02-21,80840975,C816,D767,1,80840975|C816|D767|2026-02-21|net demand for forecast|065901,2026-02-21,2026-02-23,delivery_shipment
2026-02-21,80840975,C816,D767,1,80840975|C816|D767|2026-02-21|net demand for forecast|065902,2026-02-21,2026-02-23,delivery_shipment
2026-02-21,80848023,C816,D767,1,80848023|C816|D767|2026-02-21|net demand for forecast|065933,2026-02-21,2026-02-23,delivery_shipment
2026-02-21,80848023,C816,D767,1,80848023|C816|D767|2026-02-21|net demand for forecast|065934,2026-02-21,2026-02-23,delivery_shipment
2026-02-21,80848023,C816,D767,1,80848023|C816|D767|2026-02-21|net demand for forecast|065935,2026-02-21,2026-02-23,delivery_shipment
2026-02-21,80864469,C816,D767,1,80864469|C816|D767|2026-02-21|net demand for forecast|065979,2026-02-21,2026-02-23,delivery_shipment
2026-02-21,80864469,C816,D767,1,80864469|C816|D767|2026-02-21|net demand for forecast|065980,2026-02-21,2026-02-23,delivery_shipment
2026-02-21,80864469,C816,D767,1,80864469|C816|D767|2026-02-21|net demand for forecast|065981,2026-02-21,2026-02-23,delivery_shipment
2026-02-21,80864469,C816,D767,1,80864469|C816|D767|2026-02-21|net demand for forecast|065982,2026-02-21,2026-02-23,delivery_shipment
2026-02-21,21121752,C816,D767,1,21121752|C816|D767|2026-02-03|net demand for safety|051759,2026-02-21,2026-02-23,delivery_shipment
2026-02-21,21377504,C816,D767,1,21377504|C816|D767|2026-02-03|net demand for safety|052045,2026-02-21,2026-02-23,delivery_shipment
2026-02-21,21314602,C816,D767,2,21314602|C816|D767|2026-02-04|net demand for safety|053054,2026-02-21,2026-02-23,delivery_shipment
2026-02-21,21377504,C816,D767,1,21377504|C816|D767|2026-02-04|net demand for safety|053097,2026-02-21,2026-02-23,delivery_shipment
2026-02-21,80840976,C816,D767,1,80840976|C816|D767|2026-02-04|net demand for safety|053683,2026-02-21,2026-02-23,delivery_shipment
2026-02-21,21314602,C816,D767,3,21314602|C816|D767|2026-02-05|net demand for safety|054100,2026-02-21,2026-02-23,delivery_shipment
2026-02-21,21377504,C816,D767,1,21377504|C816|D767|2026-02-05|net demand for safety|054115,2026-02-21,2026-02-23,delivery_shipment
2026-02-21,80804127,C816,D767,3,80804127|C816|D767|2026-02-05|net demand for safety|054227,2026-02-21,2026-02-23,delivery_shipment
2026-02-21,80840976,C816,D767,2,80840976|C816|D767|2026-02-05|net demand for safety|054740,2026-02-21,2026-02-23,delivery_shipment
2026-02-21,80851898,C816,D767,1,80851898|C816|D767|2026-02-05|net demand for safety|054897,2026-02-21,2026-02-23,delivery_shipment
2026-02-21,21118867,C816,D767,1,21118867|C816|D767|2026-02-06|net demand for safety|055002,2026-02-21,2026-02-23,delivery_shipment
2026-02-21,21162696,C816,D767,1,21162696|C816|D767|2026-02-06|net demand for safety|055078,2026-02-21,2026-02-23,delivery_shipment
2026-02-21,21314602,C816,D767,3,21314602|C816|D767|2026-02-06|net demand for safety|055100,2026-02-21,2026-02-23,delivery_shipment
2026-02-21,80804127,C816,D767,1,80804127|C816|D767|2026-02-06|net demand for safety|055195,2026-02-21,2026-02-23,delivery_shipment
2026-02-21,80840976,C816,D767,1,80840976|C816|D767|2026-02-06|net demand for safety|055595,2026-02-21,2026-02-23,delivery_shipment
2026-02-21,80851898,C816,D767,1,80851898|C816|D767|2026-02-06|net demand for safety|055684,2026-02-21,2026-02-23,delivery_shipment
2026-02-21,80864469,C816,D767,3,80864469|C816|D767|2026-02-06|net demand for safety|055703,2026-02-21,2026-02-23,delivery_shipment
2026-02-21,21121752,C816,D767,1,21121752|C816|D767|2026-02-07|net demand for safety|055784,2026-02-21,2026-02-24,delivery_shipment
2026-02-21,21133312,C816,D767,1,21133312|C816|D767|2026-02-07|net demand for safety|055856,2026-02-21,2026-02-23,delivery_shipment
2026-02-21,21143102,C816,D767,1,21143102|C816|D767|2026-02-07|net demand for safety|055918,2026-02-21,2026-02-23,delivery_shipment
2026-02-21,21162696,C816,D767,1,21162696|C816|D767|2026-02-07|net demand for safety|055942,2026-02-21,2026-02-23,delivery_shipment
2026-02-21,21314602,C816,D767,2,21314602|C816|D767|2026-02-07|net demand for safety|055970,2026-02-21,2026-02-23,delivery_shipment
2026-02-21,21377504,C816,D767,1,21377504|C816|D767|2026-02-07|net demand for safety|056001,2026-02-21,2026-02-23,delivery_shipment
2026-02-21,80804127,C816,D767,5,80804127|C816|D767|2026-02-07|net demand for safety|056088,2026-02-21,2026-02-23,delivery_shipment
2026-02-21,80840975,C816,D767,1,80840975|C816|D767|2026-02-07|net demand for safety|056500,2026-02-21,2026-02-24,delivery_shipment
2026-02-21,80840976,C816,D767,1,80840976|C816|D767|2026-02-07|net demand for safety|056502,2026-02-21,2026-02-23,delivery_shipment
2026-02-21,80851898,C816,D767,2,80851898|C816|D767|2026-02-07|net demand for safety|056598,2026-02-21,2026-02-24,delivery_shipment
2026-02-21,80864469,C816,D767,5,80864469|C816|D767|2026-02-07|net demand for safety|056625,2026-02-21,2026-02-23,delivery_shipment
2026-02-21,21113405,C816,D767,2,21113405|C816|D767|2026-02-08|net demand for safety|056711,2026-02-21,2026-02-23,delivery_shipment
2026-02-21,21121752,C816,D767,2,21121752|C816|D767|2026-02-08|net demand for safety|056715,2026-02-21,2026-02-23,delivery_shipment
2026-02-21,21162696,C816,D767,1,21162696|C816|D767|2026-02-08|net demand for safety|056868,2026-02-21,2026-02-24,delivery_shipment
2026-02-21,21314602,C816,D767,3,21314602|C816|D767|2026-02-08|net demand for safety|056885,2026-02-21,2026-02-23,delivery_shipment
2026-02-21,21377504,C816,D767,1,21377504|C816|D767|2026-02-08|net demand for safety|056900,2026-02-21,2026-02-23,delivery_shipment
2026-02-21,80804127,C816,D767,6,80804127|C816|D767|2026-02-08|net demand for safety|056981,2026-02-21,2026-02-23,delivery_shipment
2026-02-21,80840975,C816,D767,1,80840975|C816|D767|2026-02-08|net demand for safety|057388,2026-02-21,2026-02-23,delivery_shipment
2026-02-21,80840976,C816,D767,3,80840976|C816|D767|2026-02-08|net demand for safety|057391,2026-02-21,2026-02-23,delivery_shipment
2026-02-21,80851898,C816,D767,2,80851898|C816|D767|2026-02-08|net demand for safety|057560,2026-02-21,2026-02-23,delivery_shipment
2026-02-21,80864469,C816,D767,4,80864469|C816|D767|2026-02-08|net demand for safety|057578,2026-02-21,2026-02-23,delivery_shipment
2026-02-21,21121751,C816,D767,3,21121751|C816|D767|2026-02-09|net demand for safety|057666,2026-02-21,2026-02-23,delivery_shipment
2026-02-21,21121752,C816,D767,1,21121752|C816|D767|2026-02-09|net demand for safety|057667,2026-02-21,2026-02-23,delivery_shipment
2026-02-21,21143102,C816,D767,1,21143102|C816|D767|2026-02-09|net demand for safety|057752,2026-02-21,2026-02-23,delivery_shipment
2026-02-21,21162696,C816,D767,1,21162696|C816|D767|2026-02-09|net demand for safety|057805,2026-02-21,2026-02-23,delivery_shipment
2026-02-21,21179704,C816,D767,1,21179704|C816|D767|2026-02-09|net demand for safety|057821,2026-02-21,2026-02-23,delivery_shipment
2026-02-21,21304907,C816,D767,1,21304907|C816|D767|2026-02-09|net demand for safety|057827,2026-02-21,2026-02-23,delivery_shipment
2026-02-21,21314602,C816,D767,1,21314602|C816|D767|2026-02-09|net demand for safety|057836,2026-02-21,2026-02-23,delivery_shipment
2026-02-21,80840975,C816,D767,1,80840975|C816|D767|2026-02-09|net demand for safety|058285,2026-02-21,2026-02-23,delivery_shipment
2026-02-21,80840976,C816,D767,1,80840976|C816|D767|2026-02-09|net demand for safety|058286,2026-02-21,2026-02-23,delivery_shipment
2026-02-21,80848023,C816,D767,28,80848023|C816|D767|2026-02-09|net demand for safety|058317,2026-02-21,2026-02-23,delivery_shipment
2026-02-21,80864470,C816,D767,5,80864470|C816|D767|2026-02-09|net demand for safety|058386,2026-02-21,2026-02-23,delivery_shipment
2026-02-21,21113405,C816,D767,1,21113405|C816|D767|2026-02-10|net demand for safety|058452,2026-02-21,2026-02-23,delivery_shipment
2026-02-21,21121752,C816,D767,2,21121752|C816|D767|2026-02-10|net demand for safety|058456,2026-02-21,2026-02-23,delivery_shipment
2026-02-21,21304907,C816,D767,2,21304907|C816|D767|2026-02-10|net demand for safety|058531,2026-02-21,2026-02-23,delivery_shipment
2026-02-21,21377504,C816,D767,1,21377504|C816|D767|2026-02-10|net demand for safety|058592,2026-02-21,2026-02-23,delivery_shipment
2026-02-21,80804127,C816,D767,9,80804127|C816|D767|2026-02-10|net demand for safety|058673,2026-02-21,2026-02-23,delivery_shipment
2026-02-21,80840975,C816,D767,1,80840975|C816|D767|2026-02-10|net demand for safety|059038,2026-02-21,2026-02-23,delivery_shipment
2026-02-21,80848023,C816,D767,4,80848023|C816|D767|2026-02-10|net demand for safety|059044,2026-02-21,2026-02-23,delivery_shipment
2026-02-21,80864470,C816,D767,1,80864470|C816|D767|2026-02-10|net demand for safety|059157,2026-02-21,2026-02-23,delivery_shipment
2026-02-21,21113405,C816,D767,3,21113405|C816|D767|2026-02-11|net demand for safety|059198,2026-02-21,2026-02-23,delivery_shipment
2026-02-21,21121751,C816,D767,1,21121751|C816|D767|2026-02-11|net demand for safety|059205,2026-02-21,2026-02-23,delivery_shipment
2026-02-21,21314602,C816,D767,3,21314602|C816|D767|2026-02-11|net demand for safety|059327,2026-02-21,2026-02-23,delivery_shipment
2026-02-21,80840975,C816,D767,1,80840975|C816|D767|2026-02-11|net demand for safety|059730,2026-02-21,2026-02-23,delivery_shipment
2026-02-21,80864470,C816,D767,2,80864470|C816|D767|2026-02-11|net demand for safety|059814,2026-02-21,2026-02-23,delivery_shipment
2026-02-21,21121752,C816,D767,2,21121752|C816|D767|2026-02-12|net demand for safety|059881,2026-02-21,2026-02-23,delivery_shipment
2026-02-21,21304907,C816,D767,2,21304907|C816|D767|2026-02-12|net demand for safety|059927,2026-02-21,2026-02-23,delivery_shipment
2026-02-21,21314602,C816,D767,6,21314602|C816|D767|2026-02-12|net demand for safety|059948,2026-02-21,2026-02-24,delivery_shipment
2026-02-21,80804127,C816,D767,4,80804127|C816|D767|2026-02-12|net demand for safety|060093,2026-02-21,2026-02-23,delivery_shipment
2026-02-21,80840975,C816,D767,2,80840975|C816|D767|2026-02-12|net demand for safety|060283,2026-02-21,2026-02-23,delivery_shipment
2026-02-21,80840976,C816,D767,2,80840976|C816|D767|2026-02-12|net demand for safety|060285,2026-02-21,2026-02-23,delivery_shipment
2026-02-21,80848023,C816,D767,8,80848023|C816|D767|2026-02-12|net demand for safety|060302,2026-02-21,2026-02-23,delivery_shipment
2026-02-21,80851898,C816,D767,1,80851898|C816|D767|2026-02-12|net demand for safety|060340,2026-02-21,2026-02-23,delivery_shipment
2026-02-21,80864470,C816,D767,5,80864470|C816|D767|2026-02-12|net demand for safety|060354,2026-02-21,2026-02-23,delivery_shipment
2026-02-21,21121751,C816,D767,1,21121751|C816|D767|2026-02-13|net demand for safety|060418,2026-02-21,2026-02-23,delivery_shipment
2026-02-21,21179704,C816,D767,1,21179704|C816|D767|2026-02-13|net demand for safety|060474,2026-02-21,2026-02-23,delivery_shipment
2026-02-21,21304907,C816,D767,1,21304907|C816|D767|2026-02-13|net demand for safety|060477,2026-02-21,2026-02-23,delivery_shipment
2026-02-21,21314602,C816,D767,3,21314602|C816|D767|2026-02-13|net demand for safety|060490,2026-02-21,2026-02-23,delivery_shipment
2026-02-21,21377504,C816,D767,1,21377504|C816|D767|2026-02-13|net demand for safety|060523,2026-02-21,2026-02-23,delivery_shipment
2026-02-21,80840976,C816,D767,1,80840976|C816|D767|2026-02-13|net demand for safety|060753,2026-02-21,2026-02-23,delivery_shipment
2026-02-21,80851898,C816,D767,2,80851898|C816|D767|2026-02-13|net demand for safety|060784,2026-02-21,2026-02-23,delivery_shipment
2026-02-21,21113405,C816,D767,4,21113405|C816|D767|2026-02-14|net demand for safety|060848,2026-02-21,2026-02-23,delivery_shipment
2026-02-21,21118867,C816,D767,1,21118867|C816|D767|2026-02-14|net demand for safety|060849,2026-02-21,2026-02-23,delivery_shipment
2026-02-21,21121751,C816,D767,3,21121751|C816|D767|2026-02-14|net demand for safety|060851,2026-02-21,2026-02-23,delivery_shipment
2026-02-21,21179704,C816,D767,1,21179704|C816|D767|2026-02-14|net demand for safety|060893,2026-02-21,2026-02-23,delivery_shipment
2026-02-21,21304907,C816,D767,2,21304907|C816|D767|2026-02-14|net demand for safety|060897,2026-02-21,2026-02-23,delivery_shipment
2026-02-21,21314602,C816,D767,5,21314602|C816|D767|2026-02-14|net demand for safety|060904,2026-02-21,2026-02-23,delivery_shipment
2026-02-21,21354246,C816,D767,1,21354246|C816|D767|2026-02-14|net demand for safety|060936,2026-02-21,2026-02-23,delivery_shipment
2026-02-21,21377504,C816,D767,1,21377504|C816|D767|2026-02-14|net demand for safety|060938,2026-02-21,2026-02-23,delivery_shipment
2026-02-21,80840976,C816,D767,1,80840976|C816|D767|2026-02-14|net demand for safety|061088,2026-02-21,2026-02-23,delivery_shipment
2026-02-21,80864470,C816,D767,3,80864470|C816|D767|2026-02-14|net demand for safety|061115,2026-02-21,2026-02-23,delivery_shipment
2026-02-21,21118867,C816,D767,1,21118867|C816|D767|2026-02-15|net demand for safety|061177,2026-02-21,2026-02-23,delivery_shipment
2026-02-21,21121751,C816,D767,1,21121751|C816|D767|2026-02-15|net demand for safety|061178,2026-02-21,2026-02-23,delivery_shipment
2026-02-21,21121756,C816,D767,3,21121756|C816|D767|2026-02-15|net demand for safety|061184,2026-02-21,2026-02-23,delivery_shipment
2026-02-21,21179704,C816,D767,1,21179704|C816|D767|2026-02-15|net demand for safety|061226,2026-02-21,2026-02-23,delivery_shipment
2026-02-21,21304907,C816,D767,1,21304907|C816|D767|2026-02-15|net demand for safety|061232,2026-02-21,2026-02-23,delivery_shipment
2026-02-21,21354246,C816,D767,2,21354246|C816|D767|2026-02-15|net demand for safety|061259,2026-02-21,2026-02-23,delivery_shipment
2026-02-21,21377504,C816,D767,3,21377504|C816|D767|2026-02-15|net demand for safety|061265,2026-02-21,2026-02-23,delivery_shipment
2026-02-21,80851898,C816,D767,1,80851898|C816|D767|2026-02-15|net demand for safety|061417,2026-02-21,2026-02-23,delivery_shipment
2026-02-21,80864469,C816,D767,8,80864469|C816|D767|2026-02-15|net demand for safety|061427,2026-02-21,2026-02-23,delivery_shipment
2026-02-21,80864470,C816,D767,5,80864470|C816|D767|2026-02-15|net demand for safety|061445,2026-02-21,2026-02-23,delivery_shipment
2026-02-21,21113405,C816,D767,1,21113405|C816|D767|2026-02-16|net demand for safety|061512,2026-02-21,2026-02-23,delivery_shipment
2026-02-21,21121751,C816,D767,2,21121751|C816|D767|2026-02-16|net demand for safety|061518,2026-02-21,2026-02-23,delivery_shipment
2026-02-21,21304907,C816,D767,1,21304907|C816|D767|2026-02-16|net demand for safety|061624,2026-02-21,2026-02-23,delivery_shipment
2026-02-21,80812154,C816,D767,1,80812154|C816|D767|2026-02-16|net demand for safety|061926,2026-02-21,2026-02-23,delivery_shipment
2026-02-21,80864470,C816,D767,6,80864470|C816|D767|2026-02-16|net demand for safety|062040,2026-02-21,2026-02-23,delivery_shipment
2026-02-21,21121756,C816,D767,1,21121756|C816|D767|2026-02-17|net demand for safety|062150,2026-02-21,2026-02-23,delivery_shipment
2026-02-21,21304907,C816,D767,1,21304907|C816|D767|2026-02-17|net demand for safety|062230,2026-02-21,2026-02-23,delivery_shipment
2026-02-21,21354246,C816,D767,1,21354246|C816|D767|2026-02-17|net demand for safety|062285,2026-02-21,2026-02-23,delivery_shipment
2026-02-21,80864469,C816,D767,3,80864469|C816|D767|2026-02-17|net demand for safety|062692,2026-02-21,2026-02-23,delivery_shipment
2026-02-21,21121756,C816,D767,3,21121756|C816|D767|2026-02-18|net demand for safety|062764,2026-02-21,2026-02-23,delivery_shipment
2026-02-21,21304907,C816,D767,2,21304907|C816|D767|2026-02-18|net demand for safety|062861,2026-02-21,2026-02-23,delivery_shipment
2026-02-21,21118864,C816,D767,1,21118864|C816|D767|2026-02-19|net demand for safety|063527,2026-02-21,2026-02-23,delivery_shipment
2026-02-21,21133312,C816,D767,2,21133312|C816|D767|2026-02-19|net demand for safety|063599,2026-02-21,2026-02-24,delivery_shipment
2026-02-21,21143102,C816,D767,2,21143102|C816|D767|2026-02-19|net demand for safety|063651,2026-02-21,2026-02-23,delivery_shipment
2026-02-21,21304907,C816,D767,4,21304907|C816|D767|2026-02-19|net demand for safety|063688,2026-02-21,2026-02-23,delivery_shipment
2026-02-21,21314602,C816,D767,4,21314602|C816|D767|2026-02-19|net demand for safety|063711,2026-02-21,2026-02-23,delivery_shipment
2026-02-21,80840975,C816,D767,3,80840975|C816|D767|2026-02-19|net demand for safety|064254,2026-02-21,2026-02-23,delivery_shipment
2026-02-21,80840976,C816,D767,8,80840976|C816|D767|2026-02-19|net demand for safety|064259,2026-02-21,2026-02-23,delivery_shipment
2026-02-21,80864469,C816,D767,8,80864469|C816|D767|2026-02-19|net demand for safety|064343,2026-02-21,2026-02-23,delivery_shipment
2026-02-21,21121751,C816,D767,2,21121751|C816|D767|2026-02-20|net demand for safety|064419,2026-02-21,2026-02-23,delivery_shipment
2026-02-21,21133312,C816,D767,1,21133312|C816|D767|2026-02-20|net demand for safety|064439,2026-02-21,2026-02-23,delivery_shipment
2026-02-21,21143102,C816,D767,1,21143102|C816|D767|2026-02-20|net demand for safety|064469,2026-02-21,2026-02-23,delivery_shipment
2026-02-21,21179704,C816,D767,3,21179704|C816|D767|2026-02-20|net demand for safety|064497,2026-02-21,2026-02-23,delivery_shipment
2026-02-21,21354246,C816,D767,1,21354246|C816|D767|2026-02-20|net demand for safety|064543,2026-02-21,2026-02-23,delivery_shipment
2026-02-21,80840975,C816,D767,2,80840975|C816|D767|2026-02-20|net demand for safety|065095,2026-02-21,2026-02-23,delivery_shipment
2026-02-21,80840976,C816,D767,5,80840976|C816|D767|2026-02-20|net demand for safety|065102,2026-02-21,2026-02-23,delivery_shipment
2026-02-21,21118867,C816,D767,1,21118867|C816|D767|2026-02-21|net demand for safety|065258,2026-02-21,2026-02-24,delivery_shipment
2026-02-21,21121756,C816,D767,1,21121756|C816|D767|2026-02-21|net demand for safety|065263,2026-02-21,2026-02-23,delivery_shipment
2026-02-21,21133312,C816,D767,1,21133312|C816|D767|2026-02-21|net demand for safety|065296,2026-02-21,2026-02-23,delivery_shipment
2026-02-21,21179704,C816,D767,3,21179704|C816|D767|2026-02-21|net demand for safety|065370,2026-02-21,2026-02-24,delivery_shipment
2026-02-21,21354246,C816,D767,1,21354246|C816|D767|2026-02-21|net demand for safety|065420,2026-02-21,2026-02-23,delivery_shipment
2026-02-21,80812154,C816,D767,1,80812154|C816|D767|2026-02-21|net demand for safety|065868,2026-02-21,2026-02-23,delivery_shipment
2026-02-21,80840975,C816,D767,4,80840975|C816|D767|2026-02-21|net demand for safety|065903,2026-02-21,2026-02-23,delivery_shipment
2026-02-21,80848023,C816,D767,7,80848023|C816|D767|2026-02-21|net demand for safety|065937,2026-02-21,2026-02-23,delivery_shipment
2026-02-21,80864469,C816,D767,2,80864469|C816|D767|2026-02-21|net demand for safety|065984,2026-02-21,2026-02-23,delivery_shipment
2026-02-21,80807096,C816,E564,1,80807096|C816|E564|2026-02-20|net demand for normal|064949,2026-02-21,2026-02-27,delivery_shipment
2026-02-21,80804134,C816,E564,1,80804134|C816|E564|2026-02-20|net demand for forecast|064679,2026-02-21,2026-02-26,delivery_shipment
2026-02-21,80804134,C816,E564,1,80804134|C816|E564|2026-02-20|net demand for forecast|064680,2026-02-21,2026-02-26,delivery_shipment
2026-02-21,80804134,C816,E564,1,80804134|C816|E564|2026-02-20|net demand for forecast|064681,2026-02-21,2026-02-26,delivery_shipment
2026-02-21,80804134,C816,E564,1,80804134|C816|E564|2026-02-20|net demand for forecast|064682,2026-02-21,2026-02-26,delivery_shipment
2026-02-21,80804134,C816,E564,1,80804134|C816|E564|2026-02-20|net demand for forecast|064683,2026-02-21,2026-02-26,delivery_shipment
2026-02-21,80804134,C816,E564,1,80804134|C816|E564|2026-02-20|net demand for forecast|064684,2026-02-21,2026-02-26,delivery_shipment
2026-02-21,80804134,C816,E564,1,80804134|C816|E564|2026-02-20|net demand for forecast|064685,2026-02-21,2026-02-26,delivery_shipment
2026-02-21,80804698,C816,E564,1,80804698|C816|E564|2026-02-20|net demand for forecast|064722,2026-02-21,2026-02-26,delivery_shipment
2026-02-21,80804698,C816,E564,1,80804698|C816|E564|2026-02-20|net demand for forecast|064723,2026-02-21,2026-02-26,delivery_shipment
2026-02-21,80804698,C816,E564,1,80804698|C816|E564|2026-02-20|net demand for forecast|064724,2026-02-21,2026-02-26,delivery_shipment
2026-02-21,80804698,C816,E564,1,80804698|C816|E564|2026-02-20|net demand for forecast|064725,2026-02-21,2026-02-26,delivery_shipment
2026-02-21,80804698,C816,E564,1,80804698|C816|E564|2026-02-20|net demand for forecast|064726,2026-02-21,2026-02-26,delivery_shipment
2026-02-21,80804705,C816,E564,1,80804705|C816|E564|2026-02-20|net demand for forecast|064810,2026-02-21,2026-02-26,delivery_shipment
2026-02-21,80804705,C816,E564,1,80804705|C816|E564|2026-02-20|net demand for forecast|064811,2026-02-21,2026-02-26,delivery_shipment
2026-02-21,80804705,C816,E564,1,80804705|C816|E564|2026-02-20|net demand for forecast|064812,2026-02-21,2026-02-26,delivery_shipment
2026-02-21,80804705,C816,E564,1,80804705|C816|E564|2026-02-20|net demand for forecast|064813,2026-02-21,2026-02-26,delivery_shipment
2026-02-21,80804705,C816,E564,1,80804705|C816|E564|2026-02-20|net demand for forecast|064814,2026-02-21,2026-02-26,delivery_shipment
2026-02-21,80804705,C816,E564,1,80804705|C816|E564|2026-02-20|net demand for forecast|064815,2026-02-21,2026-02-26,delivery_shipment
2026-02-21,80804705,C816,E564,1,80804705|C816|E564|2026-02-20|net demand for forecast|064816,2026-02-21,2026-02-26,delivery_shipment
2026-02-21,80807096,C816,E564,1,80807096|C816|E564|2026-02-20|net demand for forecast|064944,2026-02-21,2026-02-26,delivery_shipment
2026-02-21,80807096,C816,E564,1,80807096|C816|E564|2026-02-20|net demand for forecast|064945,2026-02-21,2026-02-27,delivery_shipment
2026-02-21,80807096,C816,E564,1,80807096|C816|E564|2026-02-20|net demand for forecast|064946,2026-02-21,2026-02-26,delivery_shipment
2026-02-21,80807096,C816,E564,1,80807096|C816|E564|2026-02-20|net demand for forecast|064947,2026-02-21,2026-02-26,delivery_shipment
2026-02-21,80807096,C816,E564,1,80807096|C816|E564|2026-02-20|net demand for forecast|064948,2026-02-21,2026-02-26,delivery_shipment
2026-02-21,80804705,C816,E564,1,80804705|C816|E564|2026-02-21|net demand for forecast|065629,2026-02-21,2026-02-26,delivery_shipment
2026-02-21,80804705,C816,E564,1,80804705|C816|E564|2026-02-21|net demand for forecast|065630,2026-02-21,2026-02-26,delivery_shipment
2026-02-21,80804705,C816,E564,1,80804705|C816|E564|2026-02-21|net demand for forecast|065631,2026-02-21,2026-02-26,delivery_shipment
2026-02-21,80804705,C816,E564,1,80804705|C816|E564|2026-02-21|net demand for forecast|065632,2026-02-21,2026-02-26,delivery_shipment
2026-02-21,80804705,C816,E564,1,80804705|C816|E564|2026-02-21|net demand for forecast|065633,2026-02-21,2026-02-26,delivery_shipment
2026-02-21,80804705,C816,E564,1,80804705|C816|E564|2026-02-21|net demand for forecast|065634,2026-02-21,2026-02-26,delivery_shipment
2026-02-21,21098519,C816,E564,2,21098519|C816|E564|2026-02-20|net demand for safety|064399,2026-02-21,2026-02-27,delivery_shipment
2026-02-21,21103371,C816,E564,1,21103371|C816|E564|2026-02-20|net demand for safety|064404,2026-02-21,2026-02-26,delivery_shipment
2026-02-21,21132758,C816,E564,1,21132758|C816|E564|2026-02-20|net demand for safety|064428,2026-02-21,2026-02-27,delivery_shipment
2026-02-21,21132988,C816,E564,10,21132988|C816|E564|2026-02-20|net demand for safety|064436,2026-02-21,2026-02-26,delivery_shipment
2026-02-21,21137866,C816,E564,15,21137866|C816|E564|2026-02-20|net demand for safety|064445,2026-02-21,2026-02-26,delivery_shipment
2026-02-21,21148509,C816,E564,4,21148509|C816|E564|2026-02-20|net demand for safety|064478,2026-02-21,2026-02-27,delivery_shipment
2026-02-21,21155895,C816,E564,1,21155895|C816|E564|2026-02-20|net demand for safety|064484,2026-02-21,2026-02-26,delivery_shipment
2026-02-21,21165946,C816,E564,2,21165946|C816|E564|2026-02-20|net demand for safety|064490,2026-02-21,2026-02-26,delivery_shipment
2026-02-21,21170683,C816,E564,1,21170683|C816|E564|2026-02-20|net demand for safety|064492,2026-02-21,2026-02-26,delivery_shipment
2026-02-21,21314875,C816,E564,1,21314875|C816|E564|2026-02-20|net demand for safety|064519,2026-02-21,2026-02-26,delivery_shipment
2026-02-21,21315474,C816,E564,12,21315474|C816|E564|2026-02-20|net demand for safety|064532,2026-02-21,2026-02-26,delivery_shipment
2026-02-21,80804128,C816,E564,1,80804128|C816|E564|2026-02-20|net demand for safety|064624,2026-02-21,2026-02-26,delivery_shipment
2026-02-21,80804132,C816,E564,3,80804132|C816|E564|2026-02-20|net demand for safety|064630,2026-02-21,2026-02-26,delivery_shipment
2026-02-21,80804133,C816,E564,14,80804133|C816|E564|2026-02-20|net demand for safety|064637,2026-02-21,2026-02-26,delivery_shipment
2026-02-21,80804137,C816,E564,5,80804137|C816|E564|2026-02-20|net demand for safety|064698,2026-02-21,2026-02-26,delivery_shipment
2026-02-21,80804138,C816,E564,2,80804138|C816|E564|2026-02-20|net demand for safety|064704,2026-02-21,2026-02-26,delivery_shipment
2026-02-21,80804698,C816,E564,2,80804698|C816|E564|2026-02-20|net demand for safety|064727,2026-02-21,2026-02-26,delivery_shipment
2026-02-21,80804702,C816,E564,2,80804702|C816|E564|2026-02-20|net demand for safety|064754,2026-02-21,2026-02-26,delivery_shipment
2026-02-21,80804704,C816,E564,26,80804704|C816|E564|2026-02-20|net demand for safety|064779,2026-02-21,2026-02-26,delivery_shipment
2026-02-21,80804705,C816,E564,13,80804705|C816|E564|2026-02-20|net demand for safety|064817,2026-02-21,2026-02-26,delivery_shipment
2026-02-21,80807089,C816,E564,3,80807089|C816|E564|2026-02-20|net demand for safety|064912,2026-02-21,2026-02-26,delivery_shipment
2026-02-21,80807090,C816,E564,1,80807090|C816|E564|2026-02-20|net demand for safety|064915,2026-02-21,2026-02-26,delivery_shipment
2026-02-21,80807091,C816,E564,9,80807091|C816|E564|2026-02-20|net demand for safety|064921,2026-02-21,2026-02-26,delivery_shipment
2026-02-21,80807092,C816,E564,6,80807092|C816|E564|2026-02-20|net demand for safety|064928,2026-02-21,2026-02-26,delivery_shipment
2026-02-21,80807093,C816,E564,1,80807093|C816|E564|2026-02-20|net demand for safety|064931,2026-02-21,2026-02-26,delivery_shipment
2026-02-21,80807095,C816,E564,16,80807095|C816|E564|2026-02-20|net demand for safety|064935,2026-02-21,2026-02-26,delivery_shipment
2026-02-21,80807096,C816,E564,2,80807096|C816|E564|2026-02-20|net demand for safety|064950,2026-02-21,2026-02-26,delivery_shipment
2026-02-21,80807100,C816,E564,10,80807100|C816|E564|2026-02-20|net demand for safety|064956,2026-02-21,2026-02-26,delivery_shipment
2026-02-21,80807105,C816,E564,14,80807105|C816|E564|2026-02-20|net demand for safety|064977,2026-02-21,2026-02-26,delivery_shipment
2026-02-21,80807110,C816,E564,10,80807110|C816|E564|2026-02-20|net demand for safety|064985,2026-02-21,2026-02-26,delivery_shipment
2026-02-21,80807112,C816,E564,7,80807112|C816|E564|2026-02-20|net demand for safety|064998,2026-02-21,2026-02-26,delivery_shipment
2026-02-21,80807113,C816,E564,14,80807113|C816|E564|2026-02-20|net demand for safety|065006,2026-02-21,2026-02-26,delivery_shipment
2026-02-21,80807114,C816,E564,6,80807114|C816|E564|2026-02-20|net demand for safety|065010,2026-02-21,2026-02-26,delivery_shipment
2026-02-21,80807115,C816,E564,27,80807115|C816|E564|2026-02-20|net demand for safety|065016,2026-02-21,2026-02-27,delivery_shipment
2026-02-21,80807118,C816,E564,6,80807118|C816|E564|2026-02-20|net demand for safety|065042,2026-02-21,2026-02-26,delivery_shipment
2026-02-21,80807119,C816,E564,3,80807119|C816|E564|2026-02-20|net demand for safety|065047,2026-02-21,2026-02-26,delivery_shipment
2026-02-21,80807120,C816,E564,8,80807120|C816|E564|2026-02-20|net demand for safety|065053,2026-02-21,2026-02-27,delivery_shipment
2026-02-21,80812840,C816,E564,5,80812840|C816|E564|2026-02-20|net demand for safety|065081,2026-02-21,2026-02-26,delivery_shipment
2026-02-21,21098519,C816,E564,2,21098519|C816|E564|2026-02-21|net demand for safety|065245,2026-02-21,2026-02-26,delivery_shipment
2026-02-21,21103371,C816,E564,1,21103371|C816|E564|2026-02-21|net demand for safety|065250,2026-02-21,2026-02-26,delivery_shipment
2026-02-21,21103372,C816,E564,6,21103372|C816|E564|2026-02-21|net demand for safety|065253,2026-02-21,2026-02-26,delivery_shipment
2026-02-21,21132758,C816,E564,3,21132758|C816|E564|2026-02-21|net demand for safety|065286,2026-02-21,2026-02-26,delivery_shipment
2026-02-21,21132988,C816,E564,8,21132988|C816|E564|2026-02-21|net demand for safety|065293,2026-02-21,2026-02-26,delivery_shipment
2026-02-21,21137866,C816,E564,16,21137866|C816|E564|2026-02-21|net demand for safety|065303,2026-02-21,2026-02-26,delivery_shipment
2026-02-21,21148509,C816,E564,6,21148509|C816|E564|2026-02-21|net demand for safety|065338,2026-02-21,2026-02-26,delivery_shipment
2026-02-21,21165946,C816,E564,4,21165946|C816|E564|2026-02-21|net demand for safety|065358,2026-02-21,2026-02-26,delivery_shipment
2026-02-21,21170683,C816,E564,2,21170683|C816|E564|2026-02-21|net demand for safety|065361,2026-02-21,2026-02-26,delivery_shipment
2026-02-21,21314876,C816,E564,2,21314876|C816|E564|2026-02-21|net demand for safety|065402,2026-02-21,2026-02-26,delivery_shipment
2026-02-21,21315474,C816,E564,12,21315474|C816|E564|2026-02-21|net demand for safety|065414,2026-02-21,2026-02-26,delivery_shipment
2026-02-21,80804128,C816,E564,2,80804128|C816|E564|2026-02-21|net demand for safety|065466,2026-02-21,2026-02-26,delivery_shipment
2026-02-21,80804133,C816,E564,16,80804133|C816|E564|2026-02-21|net demand for safety|065482,2026-02-21,2026-02-26,delivery_shipment
2026-02-21,80804134,C816,E564,6,80804134|C816|E564|2026-02-21|net demand for safety|065485,2026-02-21,2026-02-26,delivery_shipment
2026-02-21,80804136,C816,E564,97,80804136|C816|E564|2026-02-21|net demand for safety|065490,2026-02-21,2026-02-26,delivery_shipment
2026-02-21,80804137,C816,E564,4,80804137|C816|E564|2026-02-21|net demand for safety|065495,2026-02-21,2026-02-26,delivery_shipment
2026-02-21,80804138,C816,E564,2,80804138|C816|E564|2026-02-21|net demand for safety|065501,2026-02-21,2026-02-26,delivery_shipment
2026-02-21,80804702,C816,E564,3,80804702|C816|E564|2026-02-21|net demand for safety|065560,2026-02-21,2026-02-26,delivery_shipment
2026-02-21,80804704,C816,E564,20,80804704|C816|E564|2026-02-21|net demand for safety|065602,2026-02-21,2026-02-26,delivery_shipment
2026-02-21,80807089,C816,E564,2,80807089|C816|E564|2026-02-21|net demand for safety|065756,2026-02-21,2026-02-26,delivery_shipment
2026-02-21,80807090,C816,E564,3,80807090|C816|E564|2026-02-21|net demand for safety|065763,2026-02-21,2026-02-26,delivery_shipment
2026-02-21,80807091,C816,E564,8,80807091|C816|E564|2026-02-21|net demand for safety|065767,2026-02-21,2026-02-26,delivery_shipment
2026-02-21,80807092,C816,E564,5,80807092|C816|E564|2026-02-21|net demand for safety|065774,2026-02-21,2026-02-26,delivery_shipment
2026-02-21,80807093,C816,E564,2,80807093|C816|E564|2026-02-21|net demand for safety|065779,2026-02-21,2026-02-26,delivery_shipment
2026-02-21,80807100,C816,E564,9,80807100|C816|E564|2026-02-21|net demand for safety|065792,2026-02-21,2026-02-26,delivery_shipment
2026-02-21,80807105,C816,E564,18,80807105|C816|E564|2026-02-21|net demand for safety|065804,2026-02-21,2026-02-26,delivery_shipment
2026-02-21,80807110,C816,E564,10,80807110|C816|E564|2026-02-21|net demand for safety|065809,2026-02-21,2026-02-26,delivery_shipment
2026-02-21,80807112,C816,E564,12,80807112|C816|E564|2026-02-21|net demand for safety|065815,2026-02-21,2026-02-26,delivery_shipment
2026-02-21,80807113,C816,E564,19,80807113|C816|E564|2026-02-21|net demand for safety|065821,2026-02-21,2026-02-26,delivery_shipment
2026-02-21,80807114,C816,E564,9,80807114|C816|E564|2026-02-21|net demand for safety|065825,2026-02-21,2026-02-26,delivery_shipment
2026-02-21,80807115,C816,E564,43,80807115|C816|E564|2026-02-21|net demand for safety|065832,2026-02-21,2026-02-26,delivery_shipment
2026-02-21,80807118,C816,E564,6,80807118|C816|E564|2026-02-21|net demand for safety|065841,2026-02-21,2026-02-26,delivery_shipment
2026-02-21,80807119,C816,E564,2,80807119|C816|E564|2026-02-21|net demand for safety|065845,2026-02-21,2026-02-27,delivery_shipment
2026-02-21,80807120,C816,E564,6,80807120|C816|E564|2026-02-21|net demand for safety|065850,2026-02-21,2026-02-26,delivery_shipment
2026-02-21,80812840,C816,E564,4,80812840|C816|E564|2026-02-21|net demand for safety|065881,2026-02-21,2026-02-26,delivery_shipment
2026-02-21,80804134,C810,E295,1,80804134|C810|E295|2026-02-19|net demand for AO|063844,2026-02-21,2026-02-26,delivery_shipment
2026-02-21,80804134,C810,E295,2,80804134|C810|E295|2026-02-19|net demand for AO|063845,2026-02-21,2026-02-27,delivery_shipment
2026-02-21,80804134,C810,E295,2,80804134|C810|E295|2026-02-19|net demand for AO|063846,2026-02-21,2026-02-26,delivery_shipment
2026-02-21,80804134,C810,E295,1,80804134|C810|E295|2026-02-20|net demand for AO|064671,2026-02-21,2026-02-26,delivery_shipment
2026-02-21,80804134,C810,E295,1,80804134|C810|E295|2026-02-20|net demand for AO|064672,2026-02-21,2026-02-26,delivery_shipment
2026-02-21,80804134,C810,E295,2,80804134|C810|E295|2026-02-20|net demand for AO|064673,2026-02-21,2026-02-26,delivery_shipment
2026-02-21,80863643,C810,E295,1,80863643|C810|E295|2026-02-19|net demand for forecast|064321,2026-02-21,2026-02-26,delivery_shipment
2026-02-21,80863643,C810,E295,1,80863643|C810|E295|2026-02-19|net demand for forecast|064322,2026-02-21,2026-02-26,delivery_shipment
2026-02-21,80863643,C810,E295,1,80863643|C810|E295|2026-02-19|net demand for forecast|064323,2026-02-21,2026-02-27,delivery_shipment
2026-02-21,80863643,C810,E295,1,80863643|C810|E295|2026-02-19|net demand for forecast|064324,2026-02-21,2026-02-26,delivery_shipment
2026-02-21,80863643,C810,E295,1,80863643|C810|E295|2026-02-19|net demand for forecast|064325,2026-02-21,2026-02-26,delivery_shipment
2026-02-21,80863643,C810,E295,1,80863643|C810|E295|2026-02-19|net demand for forecast|064326,2026-02-21,2026-02-27,delivery_shipment
2026-02-21,80863643,C810,E295,1,80863643|C810|E295|2026-02-19|net demand for forecast|064327,2026-02-21,2026-02-26,delivery_shipment
2026-02-21,80863643,C810,E295,1,80863643|C810|E295|2026-02-20|net demand for forecast|065177,2026-02-21,2026-02-26,delivery_shipment
2026-02-21,80863643,C810,E295,1,80863643|C810|E295|2026-02-20|net demand for forecast|065178,2026-02-21,2026-02-26,delivery_shipment
2026-02-21,80863643,C810,E295,1,80863643|C810|E295|2026-02-20|net demand for forecast|065179,2026-02-21,2026-02-26,delivery_shipment
2026-02-21,80863643,C810,E295,1,80863643|C810|E295|2026-02-20|net demand for forecast|065180,2026-02-21,2026-02-26,delivery_shipment
2026-02-21,80863643,C810,E295,1,80863643|C810|E295|2026-02-20|net demand for forecast|065181,2026-02-21,2026-02-26,delivery_shipment
2026-02-21,80863643,C810,E295,1,80863643|C810|E295|2026-02-20|net demand for forecast|065182,2026-02-21,2026-02-27,delivery_shipment
2026-02-21,21132758,C810,E295,1,21132758|C810|E295|2026-02-21|net demand for forecast|065279,2026-02-21,2026-02-27,delivery_shipment
2026-02-21,21132758,C810,E295,2,21132758|C810|E295|2026-02-21|net demand for forecast|065280,2026-02-21,2026-02-26,delivery_shipment
2026-02-21,21132758,C810,E295,2,21132758|C810|E295|2026-02-21|net demand for forecast|065281,2026-02-21,2026-02-26,delivery_shipment
2026-02-21,21132758,C810,E295,2,21132758|C810|E295|2026-02-21|net demand for forecast|065282,2026-02-21,2026-02-27,delivery_shipment
2026-02-21,21132758,C810,E295,2,21132758|C810|E295|2026-02-21|net demand for forecast|065283,2026-02-21,2026-02-26,delivery_shipment
2026-02-21,21132758,C810,E295,2,21132758|C810|E295|2026-02-21|net demand for forecast|065284,2026-02-21,2026-02-26,delivery_shipment
2026-02-21,80804704,C810,E295,1,80804704|C810|E295|2026-02-21|net demand for forecast|065576,2026-02-21,2026-02-27,delivery_shipment
2026-02-21,80804704,C810,E295,1,80804704|C810|E295|2026-02-21|net demand for forecast|065577,2026-02-21,2026-02-26,delivery_shipment
2026-02-21,80804704,C810,E295,1,80804704|C810|E295|2026-02-21|net demand for forecast|065578,2026-02-21,2026-02-26,delivery_shipment
2026-02-21,80804704,C810,E295,1,80804704|C810|E295|2026-02-21|net demand for forecast|065579,2026-02-21,2026-02-26,delivery_shipment
2026-02-21,80804704,C810,E295,1,80804704|C810|E295|2026-02-21|net demand for forecast|065580,2026-02-21,2026-02-26,delivery_shipment
2026-02-21,80804704,C810,E295,1,80804704|C810|E295|2026-02-21|net demand for forecast|065581,2026-02-21,2026-02-26,delivery_shipment
2026-02-21,80863643,C810,E295,1,80863643|C810|E295|2026-02-21|net demand for forecast|065970,2026-02-21,2026-02-26,delivery_shipment
2026-02-21,80863643,C810,E295,1,80863643|C810|E295|2026-02-21|net demand for forecast|065971,2026-02-21,2026-02-26,delivery_shipment
2026-02-21,80863643,C810,E295,1,80863643|C810|E295|2026-02-21|net demand for forecast|065972,2026-02-21,2026-02-26,delivery_shipment
2026-02-21,80863643,C810,E295,1,80863643|C810|E295|2026-02-21|net demand for forecast|065973,2026-02-21,2026-02-26,delivery_shipment
2026-02-21,80863643,C810,E295,1,80863643|C810|E295|2026-02-21|net demand for forecast|065974,2026-02-21,2026-02-26,delivery_shipment
2026-02-21,80863643,C810,E295,1,80863643|C810|E295|2026-02-21|net demand for forecast|065975,2026-02-21,2026-02-26,delivery_shipment
2026-02-21,80863643,C810,E295,1,80863643|C810|E295|2026-02-21|net demand for forecast|065976,2026-02-21,2026-02-27,delivery_shipment
2026-02-21,21103371,C810,E295,70,21103371|C810|E295|2026-02-19|net demand for safety|063523,2026-02-21,2026-02-26,delivery_shipment
2026-02-21,21132758,C810,E295,81,21132758|C810|E295|2026-02-19|net demand for safety|063587,2026-02-21,2026-02-26,delivery_shipment
2026-02-21,21143110,C810,E295,19,21143110|C810|E295|2026-02-19|net demand for safety|063655,2026-02-21,2026-02-26,delivery_shipment
2026-02-21,80804704,C810,E295,16,80804704|C810|E295|2026-02-19|net demand for safety|063931,2026-02-21,2026-02-26,delivery_shipment
2026-02-21,80848026,C810,E295,13,80848026|C810|E295|2026-02-19|net demand for safety|064287,2026-02-21,2026-02-26,delivery_shipment
2026-02-21,80863643,C810,E295,6,80863643|C810|E295|2026-02-19|net demand for safety|064328,2026-02-21,2026-02-26,delivery_shipment
2026-02-21,21103371,C810,E295,13,21103371|C810|E295|2026-02-20|net demand for safety|064403,2026-02-21,2026-02-26,delivery_shipment
2026-02-21,21143110,C810,E295,19,21143110|C810|E295|2026-02-20|net demand for safety|064473,2026-02-21,2026-02-26,delivery_shipment
2026-02-21,80804704,C810,E295,16,80804704|C810|E295|2026-02-20|net demand for safety|064762,2026-02-21,2026-02-26,delivery_shipment
2026-02-21,80863643,C810,E295,10,80863643|C810|E295|2026-02-20|net demand for safety|065183,2026-02-21,2026-02-26,delivery_shipment
2026-02-21,21103371,C810,E295,11,21103371|C810|E295|2026-02-21|net demand for safety|065249,2026-02-21,2026-02-27,delivery_shipment
2026-02-21,21127730,C810,E295,22,21127730|C810|E295|2026-02-21|net demand for safety|065265,2026-02-21,2026-02-26,delivery_shipment
2026-02-21,21143110,C810,E295,34,21143110|C810|E295|2026-02-21|net demand for safety|065333,2026-02-21,2026-02-26,delivery_shipment
2026-02-21,80804704,C810,E295,3,80804704|C810|E295|2026-02-21|net demand for safety|065582,2026-02-21,2026-02-26,delivery_shipment
2026-02-21,80863643,C810,E295,13,80863643|C810|E295|2026-02-21|net demand for safety|065977,2026-02-21,2026-02-26,delivery_shipment
2026-02-21,80805856,0386,C816,1,80805856|0386|C816|2026-02-21|net demand for forecast|065728,2026-02-21,2026-02-22,delivery_shipment
2026-02-21,80805856,0386,C816,1,80805856|0386|C816|2026-02-21|net demand for forecast|065729,2026-02-21,2026-02-22,delivery_shipment
2026-02-21,80805856,0386,C816,1,80805856|0386|C816|2026-02-21|net demand for forecast|065730,2026-02-21,2026-02-23,delivery_shipment
2026-02-21,80805856,0386,C816,1,80805856|0386|C816|2026-02-21|net demand for forecast|065731,2026-02-21,2026-02-22,delivery_shipment
2026-02-21,80805856,0386,C816,1,80805856|0386|C816|2026-02-21|net demand for forecast|065732,2026-02-21,2026-02-22,delivery_shipment
2026-02-21,80805856,0386,C816,1,80805856|0386|C816|2026-02-21|net demand for forecast|065733,2026-02-21,2026-02-22,delivery_shipment
2026-02-21,80805856,0386,C816,1,80805856|0386|C816|2026-02-21|net demand for forecast|065734,2026-02-21,2026-02-23,delivery_shipment
2026-02-21,80805856,0386,C816,1,80805856|0386|C816|2026-02-21|net demand for forecast|065735,2026-02-21,2026-02-22,delivery_shipment
2026-02-21,80805856,0386,C816,1,80805856|0386|C816|2026-02-21|net demand for forecast|065736,2026-02-21,2026-02-22,delivery_shipment
2026-02-21,80805856,0386,C816,1,80805856|0386|C816|2026-02-21|net demand for forecast|065737,2026-02-21,2026-02-22,delivery_shipment
2026-02-21,80805856,0386,C816,1,80805856|0386|C816|2026-02-21|net demand for forecast|065738,2026-02-21,2026-02-22,delivery_shipment
2026-02-21,80805856,0386,C816,1,80805856|0386|C816|2026-02-21|net demand for forecast|065739,2026-02-21,2026-02-22,delivery_shipment
2026-02-21,80805856,0386,C816,1,80805856|0386|C816|2026-02-21|net demand for forecast|065740,2026-02-21,2026-02-22,delivery_shipment
2026-02-21,80812839,0386,C816,1,80812839|0386|C816|2026-02-21|net demand for net demand for forecast|065870,2026-02-21,2026-02-22,delivery_shipment
2026-02-21,80812839,0386,C816,1,80812839|0386|C816|2026-02-21|net demand for net demand for forecast|065871,2026-02-21,2026-02-22,delivery_shipment
2026-02-21,80812839,0386,C816,1,80812839|0386|C816|2026-02-21|net demand for net demand for forecast|065872,2026-02-21,2026-02-22,delivery_shipment
2026-02-21,80812839,0386,C816,1,80812839|0386|C816|2026-02-21|net demand for net demand for forecast|065873,2026-02-21,2026-02-22,delivery_shipment
2026-02-21,80812839,0386,C816,1,80812839|0386|C816|2026-02-21|net demand for net demand for forecast|065874,2026-02-21,2026-02-22,delivery_shipment
2026-02-21,80812839,0386,C816,1,80812839|0386|C816|2026-02-21|net demand for net demand for forecast|065875,2026-02-21,2026-02-22,delivery_shipment
2026-02-21,80812839,0386,C816,1,80812839|0386|C816|2026-02-21|net demand for net demand for forecast|065876,2026-02-21,2026-02-22,delivery_shipment
2026-02-21,21151196,0386,C816,19,21151196|0386|C816|2026-02-21|net demand for safety|065346,2026-02-21,2026-02-22,delivery_shipment
2026-02-21,21291975,0386,C816,12,21291975|0386|C816|2026-02-21|net demand for safety|065373,2026-02-21,2026-02-22,delivery_shipment
2026-02-21,21301637,0386,C816,6,21301637|0386|C816|2026-02-21|net demand for safety|065375,2026-02-21,2026-02-22,delivery_shipment
2026-02-21,80793615,0386,C816,2,80793615|0386|C816|2026-02-21|net demand for safety|065458,2026-02-21,2026-02-22,delivery_shipment
2026-02-21,80804127,0386,C816,204,80804127|0386|C816|2026-02-21|net demand for safety|065462,2026-02-21,2026-02-22,delivery_shipment
2026-02-21,80812103,0386,C816,1,80812103|0386|C816|2026-02-21|net demand for safety|065860,2026-02-21,2026-02-22,delivery_shipment
2026-02-21,80812110,0386,C816,18,80812110|0386|C816|2026-02-21|net demand for safety|065863,2026-02-21,2026-02-22,delivery_shipment
2026-02-21,80865910,0386,C816,1,80865910|0386|C816|2026-02-21|net demand for safety|065992,2026-02-21,2026-02-22,delivery_shipment
2026-02-21,21151196,0386,C816,7,21151196|0386|C816|2026-02-21|net demand for net demand for safety|065345,2026-02-21,2026-02-23,delivery_shipment
2026-02-21,80804127,0386,C816,7,80804127|0386|C816|2026-02-21|net demand for net demand for safety|065461,2026-02-21,2026-02-22,delivery_shipment
2026-02-21,80805856,0386,C816,34,80805856|0386|C816|2026-02-21|net demand for net demand for safety|065741,2026-02-21,2026-02-22,delivery_shipment
2026-02-21,80812103,0386,C816,1,80812103|0386|C816|2026-02-21|net demand for net demand for safety|065859,2026-02-21,2026-02-22,delivery_shipment
2026-02-21,80812839,0386,C816,6,80812839|0386|C816|2026-02-21|net demand for net demand for safety|065877,2026-02-21,2026-02-22,delivery_shipment
2026-02-21,80812839,0386,C816,14,80812839|0386|C816|2026-02-21|net demand for net demand for safety|065878,2026-02-21,2026-02-22,delivery_shipment
2026-02-21,21151196,0386,C816,1780,21151196|0386|C816|2026-02-21|push replenishment|065347,2026-02-21,2026-02-22,delivery_shipment
2026-02-21,21291975,0386,C816,724,21291975|0386|C816|2026-02-21|push replenishment|065374,2026-02-21,2026-02-22,delivery_shipment
2026-02-21,21301637,0386,C816,2297,21301637|0386|C816|2026-02-21|push replenishment|065376,2026-02-21,2026-02-22,delivery_shipment
2026-02-21,80793615,0386,C816,1,80793615|0386|C816|2026-02-21|push replenishment|065459,2026-02-21,2026-02-22,delivery_shipment
2026-02-21,80804127,0386,C816,1606,80804127|0386|C816|2026-02-21|push replenishment|065463,2026-02-21,2026-02-22,delivery_shipment
2026-02-21,80807096,0386,C816,657,80807096|0386|C816|2026-02-21|push replenishment|065783,2026-02-21,2026-02-22,delivery_shipment
2026-02-21,80807096,0386,C816,1866,80807096|0386|C816|2026-02-21|push replenishment|065783,2026-02-21,2026-02-22,delivery_shipment
2026-02-21,80812103,0386,C816,1,80812103|0386|C816|2026-02-21|push replenishment|065861,2026-02-21,2026-02-22,delivery_shipment
2026-02-21,80812110,0386,C816,304,80812110|0386|C816|2026-02-21|push replenishment|065864,2026-02-21,2026-02-22,delivery_shipment
2026-02-21,80804702,C816,A673,1,80804702|C816|A673|2026-02-21|net demand for forecast|065554,2026-02-21,2026-02-25,delivery_shipment
2026-02-21,80804702,C816,A673,1,80804702|C816|A673|2026-02-21|net demand for forecast|065555,2026-02-21,2026-02-25,delivery_shipment
2026-02-21,80804702,C816,A673,1,80804702|C816|A673|2026-02-21|net demand for forecast|065556,2026-02-21,2026-02-25,delivery_shipment
2026-02-21,80804702,C816,A673,1,80804702|C816|A673|2026-02-21|net demand for forecast|065557,2026-02-21,2026-02-25,delivery_shipment
2026-02-21,80804702,C816,A673,1,80804702|C816|A673|2026-02-21|net demand for forecast|065558,2026-02-21,2026-02-25,delivery_shipment
2026-02-21,21139445,C816,A673,19,21139445|C816|A673|2026-02-21|net demand for safety|065315,2026-02-21,2026-02-25,delivery_shipment
2026-02-21,21307836,C816,A673,23,21307836|C816|A673|2026-02-21|net demand for safety|065388,2026-02-21,2026-02-25,delivery_shipment
2026-02-21,21414747,C816,A673,3,21414747|C816|A673|2026-02-21|net demand for safety|065428,2026-02-21,2026-02-25,delivery_shipment
2026-02-21,21419485,C816,A673,2,21419485|C816|A673|2026-02-21|net demand for safety|065430,2026-02-21,2026-02-25,delivery_shipment
2026-02-21,21419490,C816,A673,9,21419490|C816|A673|2026-02-21|net demand for safety|065432,2026-02-21,2026-02-25,delivery_shipment
2026-02-21,21419500,C816,A673,66,21419500|C816|A673|2026-02-21|net demand for safety|065434,2026-02-21,2026-02-25,delivery_shipment
2026-02-21,21428668,C816,A673,37,21428668|C816|A673|2026-02-21|net demand for safety|065436,2026-02-21,2026-02-25,delivery_shipment
2026-02-21,21442422,C816,A673,18,21442422|C816|A673|2026-02-21|net demand for safety|065445,2026-02-21,2026-02-25,delivery_shipment
2026-02-21,21442896,C816,A673,225,21442896|C816|A673|2026-02-21|net demand for safety|065447,2026-02-21,2026-02-25,delivery_shipment
2026-02-21,21442897,C816,A673,94,21442897|C816|A673|2026-02-21|net demand for safety|065456,2026-02-21,2026-02-25,delivery_shipment
2026-02-21,80804698,C816,A673,18,80804698|C816|A673|2026-02-21|net demand for safety|065513,2026-02-21,2026-02-25,delivery_shipment
2026-02-21,80804699,C816,A673,6,80804699|C816|A673|2026-02-21|net demand for safety|065521,2026-02-21,2026-02-25,delivery_shipment
2026-02-21,80804702,C816,A673,8,80804702|C816|A673|2026-02-21|net demand for safety|065559,2026-02-21,2026-02-25,delivery_shipment
2026-02-21,80804704,C816,A673,81,80804704|C816|A673|2026-02-21|net demand for safety|065599,2026-02-21,2026-02-25,delivery_shipment
2026-02-21,80804706,C816,A673,6,80804706|C816|A673|2026-02-21|net demand for safety|065649,2026-02-21,2026-02-25,delivery_shipment
2026-02-21,80807093,C816,A673,20,80807093|C816|A673|2026-02-21|net demand for safety|065778,2026-02-21,2026-02-25,delivery_shipment
2026-02-21,80807117,C816,A673,13,80807117|C816|A673|2026-02-21|net demand for safety|065836,2026-02-21,2026-02-25,delivery_shipment
2026-02-21,80807122,C816,A673,13,80807122|C816|A673|2026-02-21|net demand for safety|065853,2026-02-21,2026-02-25,delivery_shipment
2026-02-21,80848025,C816,A673,39,80848025|C816|A673|2026-02-21|net demand for safety|065944,2026-02-21,2026-02-25,delivery_shipment
2026-02-21,80848031,C816,A673,8,80848031|C816|A673|2026-02-21|net demand for safety|065967,2026-02-21,2026-02-25,delivery_shipment
2026-02-21,80857738,C816,A673,2,80857738|C816|A673|2026-02-21|net demand for safety|065968,2026-02-21,2026-02-25,delivery_shipment
2026-02-21,80864469,C816,A673,43,80864469|C816|A673|2026-02-21|net demand for safety|065978,2026-02-21,2026-02-25,delivery_shipment
2026-02-21,80868100,C816,A673,36,80868100|C816|A673|2026-02-21|net demand for safety|065993,2026-02-21,2026-02-25,delivery_shipment
2026-02-21,80868101,C816,A673,5,80868101|C816|A673|2026-02-21|net demand for safety|065994,2026-02-21,2026-02-25,delivery_shipment
2026-02-21,80868102,C816,A673,5,80868102|C816|A673|2026-02-21|net demand for safety|065995,2026-02-21,2026-02-25,delivery_shipment
2026-02-21,80884845,C816,A673,9,80884845|C816|A673|2026-02-21|net demand for safety|065997,2026-02-21,2026-02-25,delivery_shipment
2026-02-21,80884846,C816,A673,3,80884846|C816|A673|2026-02-21|net demand for safety|065998,2026-02-21,2026-02-25,delivery_shipment
2026-02-21,80884848,C816,A673,4,80884848|C816|A673|2026-02-21|net demand for safety|066000,2026-02-21,2026-02-25,delivery_shipment
2026-02-21,80884852,C816,A673,14,80884852|C816|A673|2026-02-21|net demand for safety|066002,2026-02-21,2026-02-26,delivery_shipment
2026-02-21,21139445,C816,A673,30,21139445|C816|A673|2026-02-21|net demand for net demand for safety|065314,2026-02-21,2026-02-25,delivery_shipment
2026-02-21,80804704,C816,A673,42,80804704|C816|A673|2026-02-21|net demand for net demand for safety|065598,2026-02-21,2026-02-25,delivery_shipment
2026-02-21,80804706,C816,A673,12,80804706|C816|A673|2026-02-21|net demand for net demand for safety|065648,2026-02-21,2026-02-25,delivery_shipment
2026-02-21,80807089,C816,A673,136,80807089|C816|A673|2026-02-21|net demand for net demand for safety|065748,2026-02-21,2026-02-25,delivery_shipment
2026-02-21,80807092,C816,A673,54,80807092|C816|A673|2026-02-21|net demand for net demand for safety|065773,2026-02-21,2026-02-25,delivery_shipment
2026-02-21,80807093,C816,A673,1,80807093|C816|A673|2026-02-21|net demand for net demand for safety|065777,2026-02-21,2026-02-25,delivery_shipment
2026-02-21,80848031,C816,A673,4,80848031|C816|A673|2026-02-21|net demand for net demand for safety|065966,2026-02-21,2026-02-25,delivery_shipment
2026-02-21,21098519,C810,D767,2,21098519|C810|D767|2026-02-20|net demand for safety|064398,2026-02-21,2026-02-23,delivery_shipment
2026-02-21,21103371,C810,D767,1,21103371|C810|D767|2026-02-20|net demand for safety|064402,2026-02-21,2026-02-23,delivery_shipment
2026-02-21,21155895,C810,D767,1,21155895|C810|D767|2026-02-20|net demand for safety|064483,2026-02-21,2026-02-23,delivery_shipment
2026-02-21,21314593,C810,D767,2,21314593|C810|D767|2026-02-20|net demand for safety|064512,2026-02-21,2026-02-23,delivery_shipment
2026-02-21,21315350,C810,D767,1,21315350|C810|D767|2026-02-20|net demand for safety|064524,2026-02-21,2026-02-23,delivery_shipment
2026-02-21,21315474,C810,D767,4,21315474|C810|D767|2026-02-20|net demand for safety|064530,2026-02-21,2026-02-23,delivery_shipment
2026-02-21,80804133,C810,D767,4,80804133|C810|D767|2026-02-20|net demand for safety|064635,2026-02-21,2026-02-23,delivery_shipment
2026-02-21,80804137,C810,D767,4,80804137|C810|D767|2026-02-20|net demand for safety|064697,2026-02-21,2026-02-24,delivery_shipment
2026-02-21,80804138,C810,D767,2,80804138|C810|D767|2026-02-20|net demand for safety|064703,2026-02-21,2026-02-23,delivery_shipment
2026-02-21,80804698,C810,D767,2,80804698|C810|D767|2026-02-20|net demand for safety|064707,2026-02-21,2026-02-23,delivery_shipment
2026-02-21,80804699,C810,D767,1,80804699|C810|D767|2026-02-20|net demand for safety|064728,2026-02-21,2026-02-23,delivery_shipment
2026-02-21,80804701,C810,D767,3,80804701|C810|D767|2026-02-20|net demand for safety|064733,2026-02-21,2026-02-23,delivery_shipment
2026-02-21,80804704,C810,D767,14,80804704|C810|D767|2026-02-20|net demand for safety|064761,2026-02-21,2026-02-24,delivery_shipment
2026-02-21,80804705,C810,D767,10,80804705|C810|D767|2026-02-20|net demand for safety|064792,2026-02-21,2026-02-23,delivery_shipment
2026-02-21,80805856,C810,D767,64,80805856|C810|D767|2026-02-20|net demand for safety|064906,2026-02-21,2026-02-23,delivery_shipment
2026-02-21,80807089,C810,D767,4,80807089|C810|D767|2026-02-20|net demand for safety|064909,2026-02-21,2026-02-23,delivery_shipment
2026-02-21,80807091,C810,D767,5,80807091|C810|D767|2026-02-20|net demand for safety|064920,2026-02-21,2026-02-23,delivery_shipment
2026-02-21,80807092,C810,D767,1,80807092|C810|D767|2026-02-20|net demand for safety|064925,2026-02-21,2026-02-23,delivery_shipment
2026-02-21,80807097,C810,D767,2,80807097|C810|D767|2026-02-20|net demand for safety|064953,2026-02-21,2026-02-23,delivery_shipment
2026-02-21,80807102,C810,D767,3,80807102|C810|D767|2026-02-20|net demand for safety|064961,2026-02-21,2026-02-23,delivery_shipment
2026-02-21,80807110,C810,D767,11,80807110|C810|D767|2026-02-20|net demand for safety|064984,2026-02-21,2026-02-23,delivery_shipment
2026-02-21,80807112,C810,D767,5,80807112|C810|D767|2026-02-20|net demand for safety|064997,2026-02-21,2026-02-23,delivery_shipment
2026-02-21,80807113,C810,D767,8,80807113|C810|D767|2026-02-20|net demand for safety|065005,2026-02-21,2026-02-24,delivery_shipment
2026-02-21,80807114,C810,D767,6,80807114|C810|D767|2026-02-20|net demand for safety|065009,2026-02-21,2026-02-23,delivery_shipment
2026-02-21,80807115,C810,D767,9,80807115|C810|D767|2026-02-20|net demand for safety|065015,2026-02-21,2026-02-23,delivery_shipment
2026-02-21,80807118,C810,D767,4,80807118|C810|D767|2026-02-20|net demand for safety|065041,2026-02-21,2026-02-23,delivery_shipment
2026-02-21,80812840,C810,D767,34,80812840|C810|D767|2026-02-20|net demand for safety|065080,2026-02-21,2026-02-23,delivery_shipment
2026-02-21,80848022,C810,D767,3,80848022|C810|D767|2026-02-20|net demand for safety|065114,2026-02-21,2026-02-23,delivery_shipment
2026-02-21,80848025,C810,D767,2,80848025|C810|D767|2026-02-20|net demand for safety|065133,2026-02-21,2026-02-24,delivery_shipment
2026-02-21,80848028,C810,D767,3,80848028|C810|D767|2026-02-20|net demand for safety|065154,2026-02-21,2026-02-23,delivery_shipment
2026-02-21,21103371,C810,D767,2,21103371|C810|D767|2026-02-21|net demand for safety|065248,2026-02-21,2026-02-23,delivery_shipment
2026-02-21,21155895,C810,D767,1,21155895|C810|D767|2026-02-21|net demand for safety|065352,2026-02-21,2026-02-23,delivery_shipment
2026-02-21,21314593,C810,D767,1,21314593|C810|D767|2026-02-21|net demand for safety|065392,2026-02-21,2026-02-23,delivery_shipment
2026-02-21,21315350,C810,D767,2,21315350|C810|D767|2026-02-21|net demand for safety|065405,2026-02-21,2026-02-23,delivery_shipment
2026-02-21,21315352,C810,D767,18,21315352|C810|D767|2026-02-21|net demand for safety|065408,2026-02-21,2026-02-23,delivery_shipment
2026-02-21,21315474,C810,D767,7,21315474|C810|D767|2026-02-21|net demand for safety|065413,2026-02-21,2026-02-23,delivery_shipment
2026-02-21,80804133,C810,D767,4,80804133|C810|D767|2026-02-21|net demand for safety|065480,2026-02-21,2026-02-23,delivery_shipment
2026-02-21,80804136,C810,D767,41,80804136|C810|D767|2026-02-21|net demand for safety|065488,2026-02-21,2026-02-23,delivery_shipment
2026-02-21,80804137,C810,D767,3,80804137|C810|D767|2026-02-21|net demand for safety|065494,2026-02-21,2026-02-23,delivery_shipment
2026-02-21,80804138,C810,D767,4,80804138|C810|D767|2026-02-21|net demand for safety|065500,2026-02-21,2026-02-23,delivery_shipment
2026-02-21,80804698,C810,D767,1,80804698|C810|D767|2026-02-21|net demand for safety|065504,2026-02-21,2026-02-23,delivery_shipment
2026-02-21,80804699,C810,D767,1,80804699|C810|D767|2026-02-21|net demand for safety|065519,2026-02-21,2026-02-23,delivery_shipment
2026-02-21,80804701,C810,D767,3,80804701|C810|D767|2026-02-21|net demand for safety|065529,2026-02-21,2026-02-23,delivery_shipment
2026-02-21,80804702,C810,D767,1,80804702|C810|D767|2026-02-21|net demand for safety|065547,2026-02-21,2026-02-23,delivery_shipment
2026-02-21,80804704,C810,D767,1,80804704|C810|D767|2026-02-21|net demand for safety|065575,2026-02-21,2026-02-23,delivery_shipment
2026-02-21,80804705,C810,D767,7,80804705|C810|D767|2026-02-21|net demand for safety|065616,2026-02-21,2026-02-23,delivery_shipment
2026-02-21,80805856,C810,D767,15,80805856|C810|D767|2026-02-21|net demand for safety|065743,2026-02-21,2026-02-24,delivery_shipment
2026-02-21,80807089,C810,D767,3,80807089|C810|D767|2026-02-21|net demand for safety|065746,2026-02-21,2026-02-23,delivery_shipment
2026-02-21,80807091,C810,D767,5,80807091|C810|D767|2026-02-21|net demand for safety|065766,2026-02-21,2026-02-23,delivery_shipment
2026-02-21,80807092,C810,D767,1,80807092|C810|D767|2026-02-21|net demand for safety|065771,2026-02-21,2026-02-23,delivery_shipment
2026-02-21,80807097,C810,D767,1,80807097|C810|D767|2026-02-21|net demand for safety|065788,2026-02-21,2026-02-23,delivery_shipment
2026-02-21,80807112,C810,D767,4,80807112|C810|D767|2026-02-21|net demand for safety|065814,2026-02-21,2026-02-23,delivery_shipment
2026-02-21,80807113,C810,D767,7,80807113|C810|D767|2026-02-21|net demand for safety|065820,2026-02-21,2026-02-23,delivery_shipment
2026-02-21,80807114,C810,D767,5,80807114|C810|D767|2026-02-21|net demand for safety|065824,2026-02-21,2026-02-23,delivery_shipment
2026-02-21,80807115,C810,D767,40,80807115|C810|D767|2026-02-21|net demand for safety|065830,2026-02-21,2026-02-23,delivery_shipment
2026-02-21,80807118,C810,D767,4,80807118|C810|D767|2026-02-21|net demand for safety|065840,2026-02-21,2026-02-23,delivery_shipment
2026-02-21,80812840,C810,D767,7,80812840|C810|D767|2026-02-21|net demand for safety|065880,2026-02-21,2026-02-23,delivery_shipment
2026-02-21,80848025,C810,D767,2,80848025|C810|D767|2026-02-21|net demand for safety|065942,2026-02-21,2026-02-23,delivery_shipment
2026-02-21,80848028,C810,D767,2,80848028|C810|D767|2026-02-21|net demand for safety|065958,2026-02-21,2026-02-23,delivery_shipment
2026-02-21,21098519,0386,C810,1,21098519|0386|C810|2026-02-21|net demand for safety|065242,2026-02-21,2026-02-23,delivery_shipment
2026-02-21,21151196,0386,C810,8,21151196|0386|C810|2026-02-21|net demand for safety|065343,2026-02-21,2026-02-23,delivery_shipment
2026-02-21,80848022,0386,C810,1,80848022|0386|C810|2026-02-21|net demand for safety|065918,2026-02-21,2026-02-23,delivery_shipment
2026-02-21,21151196,0386,C810,4,21151196|0386|C810|2026-02-21|net demand for net demand for safety|065340,2026-02-21,2026-02-23,delivery_shipment
2026-02-21,21151196,0386,C810,22,21151196|0386|C810|2026-02-21|net demand for net demand for safety|065341,2026-02-21,2026-02-23,delivery_shipment
2026-02-21,21151196,0386,C810,171,21151196|0386|C810|2026-02-21|net demand for net demand for safety|065342,2026-02-21,2026-02-23,delivery_shipment
2026-02-21,21155895,0386,C810,1,21155895|0386|C810|2026-02-21|net demand for net demand for safety|065349,2026-02-21,2026-02-23,delivery_shipment
2026-02-21,21255844,0386,C810,40,21255844|0386|C810|2026-02-21|net demand for net demand for safety|065371,2026-02-21,2026-02-23,delivery_shipment
2026-02-21,80807096,0386,C810,11,80807096|0386|C810|2026-02-21|net demand for net demand for safety|065782,2026-02-21,2026-02-23,delivery_shipment
2026-02-21,80863643,0386,C810,2,80863643|0386|C810|2026-02-21|net demand for net demand for safety|065969,2026-02-21,2026-02-23,delivery_shipment
2026-02-21,21151196,0386,C810,78,21151196|0386|C810|2026-02-21|push replenishment|065344,2026-02-21,2026-02-23,delivery_shipment
