date,material,receiving,quantity,ori_deployment_uid,vehicle_uid,actual_ship_date
2026-01-30,21314875,A716,1,21314875|0386|A716|2026-01-15|net demand for forecast|028732,20260115-0386-A716-Train-#1,2026-01-15
2026-01-30,21314875,A716,2,21314875|0386|A716|2026-01-15|net demand for forecast|028747,20260115-0386-A716-Train-#1,2026-01-15
2026-01-30,80804702,A716,1,80804702|0386|A716|2026-01-15|net demand for forecast|029043,20260115-0386-A716-Train-#1,2026-01-15
2026-01-30,80868100,A716,1,80868100|0386|A716|2026-01-15|net demand for forecast|029732,20260115-0386-A716-Train-#1,2026-01-15
2026-01-30,80868100,A716,1,80868100|0386|A716|2026-01-15|net demand for forecast|029738,20260115-0386-A716-Train-#1,2026-01-15
2026-01-30,80868100,A716,11,80868100|0386|A716|2026-01-15|net demand for safety|029741,20260115-0386-A716-Train-#1,2026-01-15
2026-01-30,21314875,A716,1,21314875|0386|A716|2026-01-16|net demand for normal|030196,20260116-0386-A716-Train-#1,2026-01-16
2026-01-30,80804702,A716,1,80804702|0386|A716|2026-01-16|net demand for normal|030383,20260116-0386-A716-Train-#1,2026-01-16
2026-01-30,80807115,A716,1,80807115|0386|A716|2026-01-16|net demand for AO|030685,20260116-0386-A716-Train-#1,2026-01-16
2026-01-30,80807115,A716,1,80807115|0386|A716|2026-01-16|net demand for AO|030686,20260116-0386-A716-Train-#1,2026-01-16
2026-01-30,80807115,A716,1,80807115|0386|A716|2026-01-16|net demand for AO|030687,20260116-0386-A716-Train-#1,2026-01-16
2026-01-30,80807115,A716,1,80807115|0386|A716|2026-01-16|net demand for AO|030688,20260116-0386-A716-Train-#1,2026-01-16
2026-01-30,80807115,A716,1,80807115|0386|A716|2026-01-16|net demand for AO|030689,20260116-0386-A716-Train-#1,2026-01-16
2026-01-30,80807115,A716,1,80807115|0386|A716|2026-01-16|net demand for AO|030690,20260116-0386-A716-Train-#1,2026-01-16
2026-01-30,80807115,A716,1,80807115|0386|A716|2026-01-16|net demand for AO|030691,20260116-0386-A716-Train-#1,2026-01-16
2026-01-30,80807115,A716,1,80807115|0386|A716|2026-01-16|net demand for AO|030693,20260116-0386-A716-Train-#1,2026-01-16
2026-01-30,80807115,A716,1,80807115|0386|A716|2026-01-16|net demand for AO|030694,20260116-0386-A716-Train-#1,2026-01-16
2026-01-30,80807115,A716,1,80807115|0386|A716|2026-01-16|net demand for AO|030695,20260116-0386-A716-Train-#1,2026-01-16
2026-01-30,80807115,A716,1,80807115|0386|A716|2026-01-16|net demand for AO|030696,20260116-0386-A716-Train-#1,2026-01-16
2026-01-30,80807115,A716,1,80807115|0386|A716|2026-01-16|net demand for AO|030697,20260116-0386-A716-Train-#1,2026-01-16
2026-01-30,80807115,A716,1,80807115|0386|A716|2026-01-16|net demand for AO|030698,20260116-0386-A716-Train-#1,2026-01-16
2026-01-30,80848023,A716,1,80848023|0386|A716|2026-01-16|net demand for AO|030973,20260116-0386-A716-Train-#1,2026-01-16
2026-01-30,80848023,A716,1,80848023|0386|A716|2026-01-16|net demand for AO|030974,20260116-0386-A716-Train-#1,2026-01-16
2026-01-30,80848023,A716,1,80848023|0386|A716|2026-01-16|net demand for AO|030975,20260116-0386-A716-Train-#1,2026-01-16
2026-01-30,80848023,A716,1,80848023|0386|A716|2026-01-16|net demand for AO|030976,20260116-0386-A716-Train-#1,2026-01-16
2026-01-30,80848023,A716,1,80848023|0386|A716|2026-01-16|net demand for AO|030977,20260116-0386-A716-Train-#1,2026-01-16
2026-01-30,80848023,A716,1,80848023|0386|A716|2026-01-16|net demand for AO|030978,20260116-0386-A716-Train-#1,2026-01-16
2026-01-30,80848023,A716,1,80848023|0386|A716|2026-01-16|net demand for AO|030979,20260116-0386-A716-Train-#1,2026-01-16
2026-01-30,80848023,A716,1,80848023|0386|A716|2026-01-16|net demand for AO|030980,20260116-0386-A716-Train-#1,2026-01-16
2026-01-30,80807115,A716,1,80807115|0386|A716|2026-01-16|net demand for forecast|030699,20260116-0386-A716-Train-#1,2026-01-16
2026-01-30,80807115,A716,2,80807115|0386|A716|2026-01-16|net demand for forecast|030700,20260116-0386-A716-Train-#1,2026-01-16
2026-01-30,80807115,A716,2,80807115|0386|A716|2026-01-16|net demand for forecast|030701,20260116-0386-A716-Train-#1,2026-01-16
2026-01-30,80807115,A716,2,80807115|0386|A716|2026-01-16|net demand for forecast|030702,20260116-0386-A716-Train-#1,2026-01-16
2026-01-30,80807115,A716,2,80807115|0386|A716|2026-01-16|net demand for forecast|030703,20260116-0386-A716-Train-#1,2026-01-16
2026-01-30,80807115,A716,2,80807115|0386|A716|2026-01-16|net demand for forecast|030704,20260116-0386-A716-Train-#1,2026-01-16
2026-01-30,80807115,A716,2,80807115|0386|A716|2026-01-16|net demand for forecast|030705,20260116-0386-A716-Train-#1,2026-01-16
2026-01-30,80807115,A716,2,80807115|0386|A716|2026-01-16|net demand for forecast|030706,20260116-0386-A716-Train-#1,2026-01-16
2026-01-30,80807115,A716,2,80807115|0386|A716|2026-01-16|net demand for forecast|030707,20260116-0386-A716-Train-#1,2026-01-16
2026-01-30,80807115,A716,2,80807115|0386|A716|2026-01-16|net demand for forecast|030708,20260116-0386-A716-Train-#1,2026-01-16
2026-01-30,80807115,A716,2,80807115|0386|A716|2026-01-16|net demand for forecast|030709,20260116-0386-A716-Train-#1,2026-01-16
2026-01-30,80807115,A716,2,80807115|0386|A716|2026-01-16|net demand for forecast|030710,20260116-0386-A716-Train-#1,2026-01-16
2026-01-30,80807115,A716,2,80807115|0386|A716|2026-01-16|net demand for forecast|030711,20260116-0386-A716-Train-#1,2026-01-16
2026-01-30,80807115,A716,2,80807115|0386|A716|2026-01-16|net demand for forecast|030712,20260116-0386-A716-Train-#1,2026-01-16
2026-01-30,80807115,A716,2,80807115|0386|A716|2026-01-16|net demand for forecast|030713,20260116-0386-A716-Train-#1,2026-01-16
2026-01-30,80807115,A716,2,80807115|0386|A716|2026-01-16|net demand for forecast|030714,20260116-0386-A716-Train-#1,2026-01-16
2026-01-30,80807115,A716,2,80807115|0386|A716|2026-01-16|net demand for forecast|030715,20260116-0386-A716-Train-#1,2026-01-16
2026-01-30,80807115,A716,2,80807115|0386|A716|2026-01-16|net demand for forecast|030716,20260116-0386-A716-Train-#1,2026-01-16
2026-01-30,80807115,A716,2,80807115|0386|A716|2026-01-16|net demand for forecast|030717,20260116-0386-A716-Train-#1,2026-01-16
2026-01-30,80848023,A716,1,80848023|0386|A716|2026-01-16|net demand for forecast|030981,20260116-0386-A716-Train-#1,2026-01-16
2026-01-30,80848023,A716,1,80848023|0386|A716|2026-01-16|net demand for forecast|030982,20260116-0386-A716-Train-#1,2026-01-16
2026-01-30,80848023,A716,1,80848023|0386|A716|2026-01-16|net demand for forecast|030983,20260116-0386-A716-Train-#1,2026-01-16
2026-01-30,80848023,A716,1,80848023|0386|A716|2026-01-16|net demand for forecast|030984,20260116-0386-A716-Train-#1,2026-01-16
2026-01-30,80848023,A716,1,80848023|0386|A716|2026-01-16|net demand for forecast|030985,20260116-0386-A716-Train-#1,2026-01-16
2026-01-30,80848023,A716,1,80848023|0386|A716|2026-01-16|net demand for forecast|030986,20260116-0386-A716-Train-#1,2026-01-16
2026-01-30,80848023,A716,1,80848023|0386|A716|2026-01-16|net demand for forecast|030987,20260116-0386-A716-Train-#1,2026-01-16
2026-01-30,80848023,A716,1,80848023|0386|A716|2026-01-16|net demand for forecast|030988,20260116-0386-A716-Train-#1,2026-01-16
2026-01-30,80848023,A716,1,80848023|0386|A716|2026-01-16|net demand for forecast|030989,20260116-0386-A716-Train-#1,2026-01-16
2026-01-30,80848023,A716,1,80848023|0386|A716|2026-01-16|net demand for forecast|030990,20260116-0386-A716-Train-#1,2026-01-16
2026-01-30,80848023,A716,1,80848023|0386|A716|2026-01-16|net demand for forecast|030991,20260116-0386-A716-Train-#1,2026-01-16
2026-01-30,80848023,A716,1,80848023|0386|A716|2026-01-16|net demand for forecast|030992,20260116-0386-A716-Train-#1,2026-01-16
2026-01-30,80848023,A716,1,80848023|0386|A716|2026-01-16|net demand for forecast|030994,20260116-0386-A716-Train-#1,2026-01-16
2026-01-30,80848023,A716,1,80848023|0386|A716|2026-01-16|net demand for forecast|030995,20260116-0386-A716-Train-#1,2026-01-16
2026-01-30,80848023,A716,1,80848023|0386|A716|2026-01-16|net demand for forecast|030996,20260116-0386-A716-Train-#1,2026-01-16
2026-01-30,80848023,A716,1,80848023|0386|A716|2026-01-16|net demand for forecast|030997,20260116-0386-A716-Train-#1,2026-01-16
2026-01-30,80848023,A716,1,80848023|0386|A716|2026-01-16|net demand for forecast|030998,20260116-0386-A716-Train-#1,2026-01-16
2026-01-30,21132758,A716,18,21132758|0386|A716|2026-01-16|net demand for safety|029992,20260116-0386-A716-Train-#1,2026-01-16
2026-01-30,80807115,A716,17,80807115|0386|A716|2026-01-16|net demand for safety|030718,20260116-0386-A716-Train-#1,2026-01-16
2026-01-30,80848023,A716,9,80848023|0386|A716|2026-01-16|net demand for safety|030999,20260116-0386-A716-Train-#1,2026-01-16
2026-01-30,21132758,A716,36,21132758|0386|A716|2026-01-16|push replenishment|029993,20260116-0386-A716-Train-#1,2026-01-16
2026-01-30,80807092,A716,59,80807092|0386|A716|2026-01-16|push replenishment|030511,20260116-0386-A716-Train-#1,2026-01-16
2026-01-30,80807110,A716,233,80807110|0386|A716|2026-01-16|push replenishment|030605,20260116-0386-A716-Train-#1,2026-01-16
2026-01-30,80807115,A716,37,80807115|0386|A716|2026-01-16|push replenishment|030719,20260116-0386-A716-Train-#1,2026-01-16
2026-01-30,80848023,A716,63,80848023|0386|A716|2026-01-16|push replenishment|031000,20260116-0386-A716-Train-#1,2026-01-16
2026-01-30,80812110,A715,1,80812110|0386|A715|2026-01-18|net demand for forecast|033404,20260119-0386-A715-Train-#1,2026-01-19
2026-01-30,80804136,A715,38,80804136|0386|A715|2026-01-19|push replenishment|034224,20260119-0386-A715-Train-#1,2026-01-19
2026-01-30,80804702,A715,51,80804702|0386|A715|2026-01-19|push replenishment|034362,20260119-0386-A715-Train-#1,2026-01-19
2026-01-30,80793614,A715,1,80793614|0386|A715|2026-01-20|net demand for AO|035250,20260120-0386-A715-Train-#1,2026-01-20
2026-01-30,80793614,A715,1,80793614|0386|A715|2026-01-20|net demand for AO|035251,20260120-0386-A715-Train-#1,2026-01-20
2026-01-30,80793614,A715,2,80793614|0386|A715|2026-01-20|net demand for AO|035252,20260120-0386-A715-Train-#1,2026-01-20
2026-01-30,80868102,A715,1,80868102|0386|A715|2026-01-20|net demand for AO|036207,20260120-0386-A715-Train-#1,2026-01-20
2026-01-30,80868102,A715,1,80868102|0386|A715|2026-01-20|net demand for AO|036208,20260120-0386-A715-Train-#1,2026-01-20
2026-01-30,80793614,A715,1,80793614|0386|A715|2026-01-20|net demand for forecast|035253,20260120-0386-A715-Train-#1,2026-01-20
2026-01-30,80793614,A715,1,80793614|0386|A715|2026-01-20|net demand for forecast|035254,20260120-0386-A715-Train-#1,2026-01-20
2026-01-30,80793614,A715,1,80793614|0386|A715|2026-01-20|net demand for forecast|035255,20260120-0386-A715-Train-#1,2026-01-20
2026-01-30,80793614,A715,1,80793614|0386|A715|2026-01-20|net demand for forecast|035256,20260120-0386-A715-Train-#1,2026-01-20
2026-01-30,80793614,A715,1,80793614|0386|A715|2026-01-20|net demand for forecast|035257,20260120-0386-A715-Train-#1,2026-01-20
2026-01-30,80793614,A715,1,80793614|0386|A715|2026-01-20|net demand for forecast|035258,20260120-0386-A715-Train-#1,2026-01-20
2026-01-30,80793614,A715,1,80793614|0386|A715|2026-01-20|net demand for forecast|035259,20260120-0386-A715-Train-#1,2026-01-20
2026-01-30,80793614,A715,2,80793614|0386|A715|2026-01-20|net demand for forecast|035260,20260120-0386-A715-Train-#1,2026-01-20
2026-01-30,80793614,A715,2,80793614|0386|A715|2026-01-20|net demand for forecast|035261,20260120-0386-A715-Train-#1,2026-01-20
2026-01-30,80793614,A715,2,80793614|0386|A715|2026-01-20|net demand for forecast|035262,20260120-0386-A715-Train-#1,2026-01-20
2026-01-30,80793614,A715,2,80793614|0386|A715|2026-01-20|net demand for forecast|035263,20260120-0386-A715-Train-#1,2026-01-20
2026-01-30,80793614,A715,2,80793614|0386|A715|2026-01-20|net demand for forecast|035264,20260120-0386-A715-Train-#1,2026-01-20
2026-01-30,80793614,A715,2,80793614|0386|A715|2026-01-20|net demand for forecast|035265,20260120-0386-A715-Train-#1,2026-01-20
2026-01-30,80793614,A715,2,80793614|0386|A715|2026-01-20|net demand for forecast|035266,20260120-0386-A715-Train-#1,2026-01-20
2026-01-30,80805856,A715,1,80805856|0386|A715|2026-01-20|net demand for forecast|035624,20260120-0386-A715-Train-#1,2026-01-20
2026-01-30,80805856,A715,2,80805856|0386|A715|2026-01-20|net demand for forecast|035625,20260120-0386-A715-Train-#1,2026-01-20
2026-01-30,80805856,A715,2,80805856|0386|A715|2026-01-20|net demand for forecast|035626,20260120-0386-A715-Train-#1,2026-01-20
2026-01-30,80805856,A715,2,80805856|0386|A715|2026-01-20|net demand for forecast|035627,20260120-0386-A715-Train-#1,2026-01-20
2026-01-30,80805856,A715,2,80805856|0386|A715|2026-01-20|net demand for forecast|035628,20260120-0386-A715-Train-#1,2026-01-20
2026-01-30,80805856,A715,2,80805856|0386|A715|2026-01-20|net demand for forecast|035629,20260120-0386-A715-Train-#1,2026-01-20
2026-01-30,80805856,A715,2,80805856|0386|A715|2026-01-20|net demand for forecast|035630,20260120-0386-A715-Train-#1,2026-01-20
2026-01-30,80805856,A715,2,80805856|0386|A715|2026-01-20|net demand for forecast|035632,20260120-0386-A715-Train-#1,2026-01-20
2026-01-30,80805856,A715,2,80805856|0386|A715|2026-01-20|net demand for forecast|035633,20260120-0386-A715-Train-#1,2026-01-20
2026-01-30,80805856,A715,2,80805856|0386|A715|2026-01-20|net demand for forecast|035634,20260120-0386-A715-Train-#1,2026-01-20
2026-01-30,80805856,A715,2,80805856|0386|A715|2026-01-20|net demand for forecast|035635,20260120-0386-A715-Train-#1,2026-01-20
2026-01-30,80805856,A715,2,80805856|0386|A715|2026-01-20|net demand for forecast|035636,20260120-0386-A715-Train-#1,2026-01-20
2026-01-30,80805856,A715,2,80805856|0386|A715|2026-01-20|net demand for forecast|035637,20260120-0386-A715-Train-#1,2026-01-20
2026-01-30,80805856,A715,2,80805856|0386|A715|2026-01-20|net demand for forecast|035638,20260120-0386-A715-Train-#1,2026-01-20
2026-01-30,80805856,A715,2,80805856|0386|A715|2026-01-20|net demand for forecast|035639,20260120-0386-A715-Train-#1,2026-01-20
2026-01-30,80805856,A715,2,80805856|0386|A715|2026-01-20|net demand for forecast|035640,20260120-0386-A715-Train-#1,2026-01-20
2026-01-30,80805856,A715,2,80805856|0386|A715|2026-01-20|net demand for forecast|035641,20260120-0386-A715-Train-#1,2026-01-20
2026-01-30,80805856,A715,2,80805856|0386|A715|2026-01-20|net demand for forecast|035642,20260120-0386-A715-Train-#1,2026-01-20
2026-01-30,80805856,A715,2,80805856|0386|A715|2026-01-20|net demand for forecast|035643,20260120-0386-A715-Train-#1,2026-01-20
2026-01-30,80805856,A715,2,80805856|0386|A715|2026-01-20|net demand for forecast|035644,20260120-0386-A715-Train-#1,2026-01-20
2026-01-30,80863646,A715,1,80863646|0386|A715|2026-01-20|net demand for forecast|036146,20260120-0386-A715-Train-#1,2026-01-20
2026-01-30,80863646,A715,1,80863646|0386|A715|2026-01-20|net demand for forecast|036147,20260120-0386-A715-Train-#1,2026-01-20
2026-01-30,80863646,A715,1,80863646|0386|A715|2026-01-20|net demand for forecast|036148,20260120-0386-A715-Train-#1,2026-01-20
2026-01-30,80863646,A715,1,80863646|0386|A715|2026-01-20|net demand for forecast|036149,20260120-0386-A715-Train-#1,2026-01-20
2026-01-30,80863646,A715,1,80863646|0386|A715|2026-01-20|net demand for forecast|036150,20260120-0386-A715-Train-#1,2026-01-20
2026-01-30,80863646,A715,1,80863646|0386|A715|2026-01-20|net demand for forecast|036151,20260120-0386-A715-Train-#1,2026-01-20
2026-01-30,80863646,A715,1,80863646|0386|A715|2026-01-20|net demand for forecast|036152,20260120-0386-A715-Train-#1,2026-01-20
2026-01-30,80868102,A715,1,80868102|0386|A715|2026-01-20|net demand for forecast|036209,20260120-0386-A715-Train-#1,2026-01-20
2026-01-30,80868102,A715,1,80868102|0386|A715|2026-01-20|net demand for forecast|036210,20260120-0386-A715-Train-#1,2026-01-20
2026-01-30,80868102,A715,1,80868102|0386|A715|2026-01-20|net demand for forecast|036211,20260120-0386-A715-Train-#1,2026-01-20
2026-01-30,80868102,A715,1,80868102|0386|A715|2026-01-20|net demand for forecast|036213,20260120-0386-A715-Train-#1,2026-01-20
2026-01-30,80868102,A715,1,80868102|0386|A715|2026-01-20|net demand for forecast|036214,20260120-0386-A715-Train-#1,2026-01-20
2026-01-30,80868102,A715,1,80868102|0386|A715|2026-01-20|net demand for forecast|036215,20260120-0386-A715-Train-#1,2026-01-20
2026-01-30,80868102,A715,1,80868102|0386|A715|2026-01-20|net demand for forecast|036216,20260120-0386-A715-Train-#1,2026-01-20
2026-01-30,80868102,A715,1,80868102|0386|A715|2026-01-20|net demand for forecast|036217,20260120-0386-A715-Train-#1,2026-01-20
2026-01-30,80868102,A715,1,80868102|0386|A715|2026-01-20|net demand for forecast|036218,20260120-0386-A715-Train-#1,2026-01-20
2026-01-30,80868102,A715,1,80868102|0386|A715|2026-01-20|net demand for forecast|036219,20260120-0386-A715-Train-#1,2026-01-20
2026-01-30,80868102,A715,1,80868102|0386|A715|2026-01-20|net demand for forecast|036220,20260120-0386-A715-Train-#1,2026-01-20
2026-01-30,21148509,A715,9,21148509|0386|A715|2026-01-20|net demand for safety|035087,20260120-0386-A715-Train-#1,2026-01-20
2026-01-30,80793614,A715,15,80793614|0386|A715|2026-01-20|net demand for safety|035267,20260120-0386-A715-Train-#1,2026-01-20
2026-01-30,80805856,A715,16,80805856|0386|A715|2026-01-20|net demand for safety|035645,20260120-0386-A715-Train-#1,2026-01-20
2026-01-30,80812841,A715,176,80812841|0386|A715|2026-01-20|net demand for safety|035969,20260120-0386-A715-Train-#1,2026-01-20
2026-01-30,80863646,A715,5,80863646|0386|A715|2026-01-20|net demand for safety|036153,20260120-0386-A715-Train-#1,2026-01-20
2026-01-30,80868102,A715,1,80868102|0386|A715|2026-01-20|net demand for safety|036221,20260120-0386-A715-Train-#1,2026-01-20
2026-01-30,21148509,A715,46,21148509|0386|A715|2026-01-20|push replenishment|035088,20260120-0386-A715-Train-#1,2026-01-20
2026-01-30,80793614,A715,261,80793614|0386|A715|2026-01-20|push replenishment|035268,20260120-0386-A715-Train-#1,2026-01-20
2026-01-30,80807102,A715,10,80807102|0386|A715|2026-01-20|push replenishment|035792,20260120-0386-A715-Train-#1,2026-01-20
2026-01-30,80863646,A715,54,80863646|0386|A715|2026-01-20|push replenishment|036154,20260120-0386-A715-Train-#1,2026-01-20
2026-01-30,80868102,A715,258,80868102|0386|A715|2026-01-20|push replenishment|036222,20260120-0386-A715-Train-#1,2026-01-20
2026-01-30,80848024,A672,1,80848024|0386|A672|2026-01-22|net demand for forecast|037995,20260122-0386-A672-Train-#1,2026-01-22
2026-01-30,80848024,A672,3,80848024|0386|A672|2026-01-22|net demand for forecast|037998,20260122-0386-A672-Train-#1,2026-01-22
2026-01-30,80848024,A672,4,80848024|0386|A672|2026-01-22|net demand for forecast|038004,20260122-0386-A672-Train-#1,2026-01-22
2026-01-30,80848024,A672,2,80848024|0386|A672|2026-01-22|net demand for net demand for forecast|038009,20260122-0386-A672-Train-#1,2026-01-22
2026-01-30,21128377,A672,62,21128377|0386|A672|2026-01-22|net demand for safety|037207,20260122-0386-A672-Train-#1,2026-01-22
2026-01-30,21141769,A672,227,21141769|0386|A672|2026-01-22|net demand for safety|037302,20260122-0386-A672-Train-#1,2026-01-22
2026-01-30,80848026,A672,192,80848026|0386|A672|2026-01-22|net demand for safety|038086,20260122-0386-A672-Train-#1,2026-01-22
2026-01-30,80848026,A680,18,80848026|0386|A680|2026-01-22|net demand for forecast|038109,20260122-0386-A680-Train-#1,2026-01-22
2026-01-30,80807122,A672,1,80807122|0386|A672|2026-01-23|net demand for AO|038961,20260123-0386-A672-Train-#1,2026-01-23
2026-01-30,80838165,A672,1,80838165|0386|A672|2026-01-23|net demand for AO|039021,20260123-0386-A672-Train-#1,2026-01-23
2026-01-30,80838165,A672,1,80838165|0386|A672|2026-01-23|net demand for AO|039022,20260123-0386-A672-Train-#1,2026-01-23
2026-01-30,80838165,A672,1,80838165|0386|A672|2026-01-23|net demand for AO|039023,20260123-0386-A672-Train-#1,2026-01-23
2026-01-30,80838165,A672,2,80838165|0386|A672|2026-01-23|net demand for AO|039024,20260123-0386-A672-Train-#1,2026-01-23
2026-01-30,80804134,A672,3,80804134|0386|A672|2026-01-23|net demand for forecast|038497,20260123-0386-A672-Train-#1,2026-01-23
2026-01-30,80804134,A672,4,80804134|0386|A672|2026-01-23|net demand for forecast|038498,20260123-0386-A672-Train-#1,2026-01-23
2026-01-30,80804134,A672,4,80804134|0386|A672|2026-01-23|net demand for forecast|038499,20260123-0386-A672-Train-#1,2026-01-23
2026-01-30,80804134,A672,4,80804134|0386|A672|2026-01-23|net demand for forecast|038500,20260123-0386-A672-Train-#1,2026-01-23
2026-01-30,80804134,A672,5,80804134|0386|A672|2026-01-23|net demand for forecast|038501,20260123-0386-A672-Train-#1,2026-01-23
2026-01-30,80804134,A672,5,80804134|0386|A672|2026-01-23|net demand for forecast|038503,20260123-0386-A672-Train-#1,2026-01-23
2026-01-30,80804134,A672,5,80804134|0386|A672|2026-01-23|net demand for forecast|038506,20260123-0386-A672-Train-#1,2026-01-23
2026-01-30,80804134,A672,5,80804134|0386|A672|2026-01-23|net demand for forecast|038507,20260123-0386-A672-Train-#1,2026-01-23
2026-01-30,80804134,A672,5,80804134|0386|A672|2026-01-23|net demand for forecast|038508,20260123-0386-A672-Train-#1,2026-01-23
2026-01-30,80838165,A672,2,80838165|0386|A672|2026-01-23|net demand for forecast|039026,20260123-0386-A672-Train-#1,2026-01-23
2026-01-30,80838165,A672,3,80838165|0386|A672|2026-01-23|net demand for forecast|039027,20260123-0386-A672-Train-#1,2026-01-23
2026-01-30,80838165,A672,3,80838165|0386|A672|2026-01-23|net demand for forecast|039028,20260123-0386-A672-Train-#1,2026-01-23
2026-01-30,80838165,A672,3,80838165|0386|A672|2026-01-23|net demand for forecast|039029,20260123-0386-A672-Train-#1,2026-01-23
2026-01-30,80838165,A672,3,80838165|0386|A672|2026-01-23|net demand for forecast|039030,20260123-0386-A672-Train-#1,2026-01-23
2026-01-30,80838165,A672,3,80838165|0386|A672|2026-01-23|net demand for forecast|039031,20260123-0386-A672-Train-#1,2026-01-23
2026-01-30,80838165,A672,3,80838165|0386|A672|2026-01-23|net demand for forecast|039032,20260123-0386-A672-Train-#1,2026-01-23
2026-01-30,80838165,A672,3,80838165|0386|A672|2026-01-23|net demand for forecast|039033,20260123-0386-A672-Train-#1,2026-01-23
2026-01-30,80838165,A672,4,80838165|0386|A672|2026-01-23|net demand for forecast|039034,20260123-0386-A672-Train-#1,2026-01-23
2026-01-30,80838165,A672,4,80838165|0386|A672|2026-01-23|net demand for forecast|039035,20260123-0386-A672-Train-#1,2026-01-23
2026-01-30,80838165,A672,5,80838165|0386|A672|2026-01-23|net demand for forecast|039036,20260123-0386-A672-Train-#1,2026-01-23
2026-01-30,80838165,A672,5,80838165|0386|A672|2026-01-23|net demand for forecast|039037,20260123-0386-A672-Train-#1,2026-01-23
2026-01-30,80804134,A672,1,80804134|0386|A672|2026-01-23|net demand for net demand for forecast|038509,20260123-0386-A672-Train-#1,2026-01-23
2026-01-30,80804134,A672,1,80804134|0386|A672|2026-01-23|net demand for net demand for forecast|038510,20260123-0386-A672-Train-#1,2026-01-23
2026-01-30,80804134,A672,1,80804134|0386|A672|2026-01-23|net demand for net demand for forecast|038511,20260123-0386-A672-Train-#1,2026-01-23
2026-01-30,80804134,A672,1,80804134|0386|A672|2026-01-23|net demand for net demand for forecast|038512,20260123-0386-A672-Train-#1,2026-01-23
2026-01-30,80804134,A672,1,80804134|0386|A672|2026-01-23|net demand for net demand for forecast|038513,20260123-0386-A672-Train-#1,2026-01-23
2026-01-30,80804134,A672,1,80804134|0386|A672|2026-01-23|net demand for net demand for forecast|038514,20260123-0386-A672-Train-#1,2026-01-23
2026-01-30,80804134,A672,1,80804134|0386|A672|2026-01-23|net demand for net demand for forecast|038515,20260123-0386-A672-Train-#1,2026-01-23
2026-01-30,80804134,A672,301,80804134|0386|A672|2026-01-23|net demand for safety|038519,20260123-0386-A672-Train-#1,2026-01-23
2026-01-30,80807089,A672,160,80807089|0386|A672|2026-01-23|net demand for safety|038800,20260123-0386-A672-Train-#1,2026-01-23
2026-01-30,80838165,A672,31,80838165|0386|A672|2026-01-23|net demand for safety|039038,20260123-0386-A672-Train-#1,2026-01-23
2026-01-30,80804134,A672,1,80804134|0386|A672|2026-01-23|net demand for net demand for safety|038516,20260123-0386-A672-Train-#1,2026-01-23
2026-01-30,80804134,A672,25,80804134|0386|A672|2026-01-23|net demand for net demand for safety|038518,20260123-0386-A672-Train-#1,2026-01-23
2026-01-30,21143103,A672,40,21143103|0386|A672|2026-01-23|push replenishment|038293,20260123-0386-A672-Train-#1,2026-01-23
2026-01-30,21434952,A672,485,21434952|0386|A672|2026-01-23|push replenishment|038431,20260123-0386-A672-Train-#1,2026-01-23
2026-01-30,80804134,A672,30,80804134|0386|A672|2026-01-23|push replenishment|038520,20260123-0386-A672-Train-#1,2026-01-23
2026-01-30,80838165,A672,55,80838165|0386|A672|2026-01-23|push replenishment|039039,20260123-0386-A672-Train-#1,2026-01-23
2026-01-30,80838165,A680,1,80838165|0386|A680|2026-01-23|net demand for AO|039067,20260123-0386-A680-Train-#1,2026-01-23
2026-01-30,80838165,A680,1,80838165|0386|A680|2026-01-23|net demand for AO|039068,20260123-0386-A680-Train-#1,2026-01-23
2026-01-30,80838165,A680,1,80838165|0386|A680|2026-01-23|net demand for AO|039069,20260123-0386-A680-Train-#1,2026-01-23
2026-01-30,80838165,A680,2,80838165|0386|A680|2026-01-23|net demand for AO|039071,20260123-0386-A680-Train-#1,2026-01-23
2026-01-30,80838165,A680,2,80838165|0386|A680|2026-01-23|net demand for AO|039072,20260123-0386-A680-Train-#1,2026-01-23
2026-01-30,80838165,A680,3,80838165|0386|A680|2026-01-23|net demand for AO|039073,20260123-0386-A680-Train-#1,2026-01-23
2026-01-30,80804134,A680,2,80804134|0386|A680|2026-01-23|net demand for forecast|038524,20260123-0386-A680-Train-#1,2026-01-23
2026-01-30,80804134,A680,3,80804134|0386|A680|2026-01-23|net demand for forecast|038525,20260123-0386-A680-Train-#1,2026-01-23
2026-01-30,80804134,A680,3,80804134|0386|A680|2026-01-23|net demand for forecast|038526,20260123-0386-A680-Train-#1,2026-01-23
2026-01-30,80804134,A680,3,80804134|0386|A680|2026-01-23|net demand for forecast|038527,20260123-0386-A680-Train-#1,2026-01-23
2026-01-30,80804134,A680,4,80804134|0386|A680|2026-01-23|net demand for forecast|038528,20260123-0386-A680-Train-#1,2026-01-23
2026-01-30,80804134,A680,4,80804134|0386|A680|2026-01-23|net demand for forecast|038529,20260123-0386-A680-Train-#1,2026-01-23
2026-01-30,80804134,A680,4,80804134|0386|A680|2026-01-23|net demand for forecast|038531,20260123-0386-A680-Train-#1,2026-01-23
2026-01-30,80804134,A680,4,80804134|0386|A680|2026-01-23|net demand for forecast|038532,20260123-0386-A680-Train-#1,2026-01-23
2026-01-30,80804134,A680,4,80804134|0386|A680|2026-01-23|net demand for forecast|038533,20260123-0386-A680-Train-#1,2026-01-23
2026-01-30,80804134,A680,4,80804134|0386|A680|2026-01-23|net demand for forecast|038534,20260123-0386-A680-Train-#1,2026-01-23
2026-01-30,80804134,A680,4,80804134|0386|A680|2026-01-23|net demand for forecast|038535,20260123-0386-A680-Train-#1,2026-01-23
2026-01-30,80838165,A680,2,80838165|0386|A680|2026-01-23|net demand for forecast|039076,20260123-0386-A680-Train-#1,2026-01-23
2026-01-30,80838165,A680,3,80838165|0386|A680|2026-01-23|net demand for forecast|039077,20260123-0386-A680-Train-#1,2026-01-23
2026-01-30,80838165,A680,4,80838165|0386|A680|2026-01-23|net demand for forecast|039078,20260123-0386-A680-Train-#1,2026-01-23
2026-01-30,80838165,A680,4,80838165|0386|A680|2026-01-23|net demand for forecast|039079,20260123-0386-A680-Train-#1,2026-01-23
2026-01-30,80838165,A680,4,80838165|0386|A680|2026-01-23|net demand for forecast|039080,20260123-0386-A680-Train-#1,2026-01-23
2026-01-30,80838165,A680,4,80838165|0386|A680|2026-01-23|net demand for forecast|039082,20260123-0386-A680-Train-#1,2026-01-23
2026-01-30,80838165,A680,4,80838165|0386|A680|2026-01-23|net demand for forecast|039083,20260123-0386-A680-Train-#1,2026-01-23
2026-01-30,80838165,A680,5,80838165|0386|A680|2026-01-23|net demand for forecast|039084,20260123-0386-A680-Train-#1,2026-01-23
2026-01-30,80838165,A680,6,80838165|0386|A680|2026-01-23|net demand for forecast|039085,20260123-0386-A680-Train-#1,2026-01-23
2026-01-30,21132988,A680,5,21132988|0386|A680|2026-01-23|net demand for safety|038260,20260123-0386-A680-Train-#1,2026-01-23
2026-01-30,80838165,A680,38,80838165|0386|A680|2026-01-23|net demand for safety|039087,20260123-0386-A680-Train-#1,2026-01-23
2026-01-30,21143103,A680,6,21143103|0386|A680|2026-01-23|push replenishment|038295,20260123-0386-A680-Train-#1,2026-01-23
2026-01-30,21434952,A680,204,21434952|0386|A680|2026-01-23|push replenishment|038434,20260123-0386-A680-Train-#1,2026-01-23
2026-01-30,80838165,A680,68,80838165|0386|A680|2026-01-23|push replenishment|039088,20260123-0386-A680-Train-#1,2026-01-23
2026-01-30,80848026,E295,1,80848026|C810|E295|2026-01-22|net demand for AO|038168,20260124-C810-E295-SMALL-#1,2026-01-24
2026-01-30,21103371,E295,4,21103371|C810|E295|2026-01-21|net demand for forecast|036292,20260124-C810-E295-SMALL-#1,2026-01-24
2026-01-30,21103371,E295,4,21103371|C810|E295|2026-01-21|net demand for forecast|036295,20260124-C810-E295-SMALL-#1,2026-01-24
2026-01-30,21103371,E295,4,21103371|C810|E295|2026-01-21|net demand for forecast|036296,20260124-C810-E295-SMALL-#1,2026-01-24
2026-01-30,21132758,E295,1,21132758|C810|E295|2026-01-22|net demand for forecast|037242,20260124-C810-E295-SMALL-#1,2026-01-24
2026-01-30,21103371,E295,3,21103371|C810|E295|2026-01-23|net demand for forecast|038217,20260124-C810-E295-SMALL-#1,2026-01-24
2026-01-30,21103371,E295,3,21103371|C810|E295|2026-01-23|net demand for forecast|038218,20260124-C810-E295-SMALL-#1,2026-01-24
2026-01-30,21103371,E295,2,21103371|C810|E295|2026-01-24|net demand for forecast|039193,20260124-C810-E295-SMALL-#1,2026-01-24
2026-01-30,80848026,E295,4,80848026|C810|E295|2026-01-24|net demand for forecast|040263,20260124-C810-E295-SMALL-#1,2026-01-24
2026-01-30,21127730,E295,8,21127730|C810|E295|2026-01-22|net demand for safety|037200,20260124-C810-E295-SMALL-#1,2026-01-24
2026-01-30,80804704,E295,3,80804704|C810|E295|2026-01-22|net demand for safety|037640,20260124-C810-E295-SMALL-#1,2026-01-24
2026-01-30,80804704,E295,9,80804704|C810|E295|2026-01-23|net demand for safety|038730,20260124-C810-E295-SMALL-#1,2026-01-24
2026-01-30,21143110,E295,4,21143110|C810|E295|2026-01-24|net demand for safety|039421,20260124-C810-E295-SMALL-#1,2026-01-24
2026-01-30,21133312,A668,2,21133312|0386|A668|2026-01-24|net demand for forecast|039329,20260124-0386-A668-Train-#1,2026-01-24
2026-01-30,21133312,A668,2,21133312|0386|A668|2026-01-24|net demand for forecast|039332,20260124-0386-A668-Train-#1,2026-01-24
2026-01-30,80884850,A668,2,80884850|0386|A668|2026-01-24|net demand for forecast|040413,20260124-0386-A668-Train-#1,2026-01-24
2026-01-30,80884850,A668,2,80884850|0386|A668|2026-01-24|net demand for forecast|040414,20260124-0386-A668-Train-#1,2026-01-24
2026-01-30,21434954,A668,4,21434954|0386|A668|2026-01-24|net demand for safety|039561,20260124-0386-A668-Train-#1,2026-01-24
2026-01-30,80812846,A668,75,80812846|0386|A668|2026-01-24|net demand for safety|040173,20260124-0386-A668-Train-#1,2026-01-24
2026-01-30,21162696,A668,15,21162696|0386|A668|2026-01-24|push replenishment|039439,20260124-0386-A668-Train-#1,2026-01-24
2026-01-30,80838165,A673,2,80838165|0386|A673|2026-01-24|net demand for net demand for normal|040194,20260124-0386-A673-LARGE-#1,2026-01-24
2026-01-30,80865910,A673,4,80865910|0386|A673|2026-01-24|net demand for AO|040317,20260124-0386-A673-LARGE-#1,2026-01-24
2026-01-30,80884850,A673,88,80884850|0386|A673|2026-01-24|net demand for safety|040445,20260124-0386-A673-LARGE-#1,2026-01-24
2026-01-30,21132758,A673,108,21132758|0386|A673|2026-01-24|net demand for net demand for safety|039257,20260124-0386-A673-LARGE-#1,2026-01-24
2026-01-30,21133312,A673,2,21133312|0386|A673|2026-01-24|push replenishment|039342,20260124-0386-A673-LARGE-#1,2026-01-24
2026-01-30,80812099,A673,59,80812099|0386|A673|2026-01-24|push replenishment|040093,20260124-0386-A673-LARGE-#1,2026-01-24
2026-01-30,80807122,E569,1,80807122|C816|E569|2026-01-21|net demand for normal|036876,20260125-C816-E569-SMALL-#1,2026-01-25
2026-01-30,80804134,E569,1,80804134|C816|E569|2026-01-22|net demand for forecast|037554,20260125-C816-E569-SMALL-#1,2026-01-25
2026-01-30,80804134,E569,1,80804134|C816|E569|2026-01-22|net demand for forecast|037555,20260125-C816-E569-SMALL-#1,2026-01-25
2026-01-30,80804134,E569,1,80804134|C816|E569|2026-01-22|net demand for forecast|037556,20260125-C816-E569-SMALL-#1,2026-01-25
2026-01-30,80804134,E569,1,80804134|C816|E569|2026-01-22|net demand for forecast|037557,20260125-C816-E569-SMALL-#1,2026-01-25
2026-01-30,80804134,E569,1,80804134|C816|E569|2026-01-22|net demand for forecast|037558,20260125-C816-E569-SMALL-#1,2026-01-25
2026-01-30,80804134,E569,1,80804134|C816|E569|2026-01-22|net demand for forecast|037559,20260125-C816-E569-SMALL-#1,2026-01-25
2026-01-30,80804134,E569,1,80804134|C816|E569|2026-01-22|net demand for forecast|037560,20260125-C816-E569-SMALL-#1,2026-01-25
2026-01-30,80805856,E569,1,80805856|C816|E569|2026-01-22|net demand for forecast|037679,20260125-C816-E569-SMALL-#1,2026-01-25
2026-01-30,80805856,E569,1,80805856|C816|E569|2026-01-22|net demand for forecast|037680,20260125-C816-E569-SMALL-#1,2026-01-25
2026-01-30,80805856,E569,1,80805856|C816|E569|2026-01-22|net demand for forecast|037682,20260125-C816-E569-SMALL-#1,2026-01-25
2026-01-30,80805856,E569,1,80805856|C816|E569|2026-01-22|net demand for forecast|037683,20260125-C816-E569-SMALL-#1,2026-01-25
2026-01-30,80805856,E569,1,80805856|C816|E569|2026-01-22|net demand for forecast|037684,20260125-C816-E569-SMALL-#1,2026-01-25
2026-01-30,80807096,E569,1,80807096|C816|E569|2026-01-22|net demand for forecast|037720,20260125-C816-E569-SMALL-#1,2026-01-25
2026-01-30,80807096,E569,1,80807096|C816|E569|2026-01-22|net demand for forecast|037721,20260125-C816-E569-SMALL-#1,2026-01-25
2026-01-30,80807096,E569,1,80807096|C816|E569|2026-01-22|net demand for forecast|037722,20260125-C816-E569-SMALL-#1,2026-01-25
2026-01-30,80807096,E569,1,80807096|C816|E569|2026-01-22|net demand for forecast|037723,20260125-C816-E569-SMALL-#1,2026-01-25
2026-01-30,80807096,E569,1,80807096|C816|E569|2026-01-22|net demand for forecast|037724,20260125-C816-E569-SMALL-#1,2026-01-25
2026-01-30,80807096,E569,1,80807096|C816|E569|2026-01-22|net demand for forecast|037725,20260125-C816-E569-SMALL-#1,2026-01-25
2026-01-30,80807096,E569,1,80807096|C816|E569|2026-01-22|net demand for forecast|037726,20260125-C816-E569-SMALL-#1,2026-01-25
2026-01-30,80807115,E569,1,80807115|C816|E569|2026-01-22|net demand for forecast|037762,20260125-C816-E569-SMALL-#1,2026-01-25
2026-01-30,80807115,E569,1,80807115|C816|E569|2026-01-22|net demand for forecast|037763,20260125-C816-E569-SMALL-#1,2026-01-25
2026-01-30,80807115,E569,1,80807115|C816|E569|2026-01-22|net demand for forecast|037764,20260125-C816-E569-SMALL-#1,2026-01-25
2026-01-30,80807115,E569,1,80807115|C816|E569|2026-01-22|net demand for forecast|037765,20260125-C816-E569-SMALL-#1,2026-01-25
2026-01-30,80807115,E569,1,80807115|C816|E569|2026-01-22|net demand for forecast|037766,20260125-C816-E569-SMALL-#1,2026-01-25
2026-01-30,80807115,E569,1,80807115|C816|E569|2026-01-22|net demand for forecast|037767,20260125-C816-E569-SMALL-#1,2026-01-25
2026-01-30,80807115,E569,1,80807115|C816|E569|2026-01-22|net demand for forecast|037768,20260125-C816-E569-SMALL-#1,2026-01-25
2026-01-30,80812154,E569,1,80812154|C816|E569|2026-01-22|net demand for forecast|037816,20260125-C816-E569-SMALL-#1,2026-01-25
2026-01-30,80812154,E569,1,80812154|C816|E569|2026-01-22|net demand for forecast|037817,20260125-C816-E569-SMALL-#1,2026-01-25
2026-01-30,80812154,E569,1,80812154|C816|E569|2026-01-22|net demand for forecast|037818,20260125-C816-E569-SMALL-#1,2026-01-25
2026-01-30,80848022,E569,1,80848022|C816|E569|2026-01-22|net demand for forecast|037969,20260125-C816-E569-SMALL-#1,2026-01-25
2026-01-30,80848022,E569,1,80848022|C816|E569|2026-01-22|net demand for forecast|037970,20260125-C816-E569-SMALL-#1,2026-01-25
2026-01-30,80848022,E569,1,80848022|C816|E569|2026-01-22|net demand for forecast|037971,20260125-C816-E569-SMALL-#1,2026-01-25
2026-01-30,80848022,E569,1,80848022|C816|E569|2026-01-22|net demand for forecast|037972,20260125-C816-E569-SMALL-#1,2026-01-25
2026-01-30,80848022,E569,1,80848022|C816|E569|2026-01-22|net demand for forecast|037973,20260125-C816-E569-SMALL-#1,2026-01-25
2026-01-30,80848022,E569,1,80848022|C816|E569|2026-01-22|net demand for forecast|037974,20260125-C816-E569-SMALL-#1,2026-01-25
2026-01-30,80848022,E569,1,80848022|C816|E569|2026-01-22|net demand for forecast|037975,20260125-C816-E569-SMALL-#1,2026-01-25
2026-01-30,21103372,E569,1,21103372|C816|E569|2026-01-23|net demand for forecast|038231,20260125-C816-E569-SMALL-#1,2026-01-25
2026-01-30,21103372,E569,1,21103372|C816|E569|2026-01-23|net demand for forecast|038232,20260125-C816-E569-SMALL-#1,2026-01-25
2026-01-30,21103372,E569,1,21103372|C816|E569|2026-01-23|net demand for forecast|038233,20260125-C816-E569-SMALL-#1,2026-01-25
2026-01-30,21103372,E569,1,21103372|C816|E569|2026-01-23|net demand for forecast|038234,20260125-C816-E569-SMALL-#1,2026-01-25
2026-01-30,21103372,E569,1,21103372|C816|E569|2026-01-23|net demand for forecast|038235,20260125-C816-E569-SMALL-#1,2026-01-25
2026-01-30,80807095,E569,1,80807095|C816|E569|2026-01-23|net demand for forecast|038850,20260125-C816-E569-SMALL-#1,2026-01-25
2026-01-30,80807095,E569,1,80807095|C816|E569|2026-01-23|net demand for forecast|038852,20260125-C816-E569-SMALL-#1,2026-01-25
2026-01-30,80807095,E569,1,80807095|C816|E569|2026-01-23|net demand for forecast|038853,20260125-C816-E569-SMALL-#1,2026-01-25
2026-01-30,80807095,E569,1,80807095|C816|E569|2026-01-23|net demand for forecast|038854,20260125-C816-E569-SMALL-#1,2026-01-25
2026-01-30,80807095,E569,1,80807095|C816|E569|2026-01-23|net demand for forecast|038856,20260125-C816-E569-SMALL-#1,2026-01-25
2026-01-30,80807115,E569,1,80807115|C816|E569|2026-01-23|net demand for forecast|038913,20260125-C816-E569-SMALL-#1,2026-01-25
2026-01-30,80807115,E569,1,80807115|C816|E569|2026-01-23|net demand for forecast|038914,20260125-C816-E569-SMALL-#1,2026-01-25
2026-01-30,80807115,E569,1,80807115|C816|E569|2026-01-23|net demand for forecast|038915,20260125-C816-E569-SMALL-#1,2026-01-25
2026-01-30,80807115,E569,1,80807115|C816|E569|2026-01-23|net demand for forecast|038916,20260125-C816-E569-SMALL-#1,2026-01-25
2026-01-30,80807115,E569,1,80807115|C816|E569|2026-01-23|net demand for forecast|038917,20260125-C816-E569-SMALL-#1,2026-01-25
2026-01-30,80807115,E569,1,80807115|C816|E569|2026-01-23|net demand for forecast|038919,20260125-C816-E569-SMALL-#1,2026-01-25
2026-01-30,80812841,E569,1,80812841|C816|E569|2026-01-23|net demand for forecast|038985,20260125-C816-E569-SMALL-#1,2026-01-25
2026-01-30,80812841,E569,1,80812841|C816|E569|2026-01-23|net demand for forecast|038987,20260125-C816-E569-SMALL-#1,2026-01-25
2026-01-30,80812841,E569,1,80812841|C816|E569|2026-01-23|net demand for forecast|038988,20260125-C816-E569-SMALL-#1,2026-01-25
2026-01-30,80812841,E569,1,80812841|C816|E569|2026-01-23|net demand for forecast|038989,20260125-C816-E569-SMALL-#1,2026-01-25
2026-01-30,80812841,E569,1,80812841|C816|E569|2026-01-23|net demand for forecast|038990,20260125-C816-E569-SMALL-#1,2026-01-25
2026-01-30,80812841,E569,1,80812841|C816|E569|2026-01-23|net demand for forecast|038991,20260125-C816-E569-SMALL-#1,2026-01-25
2026-01-30,80804134,E569,2,80804134|C816|E569|2026-01-24|net demand for forecast|039635,20260125-C816-E569-SMALL-#1,2026-01-25
2026-01-30,80804134,E569,2,80804134|C816|E569|2026-01-24|net demand for forecast|039638,20260125-C816-E569-SMALL-#1,2026-01-25
2026-01-30,80804134,E569,2,80804134|C816|E569|2026-01-24|net demand for forecast|039639,20260125-C816-E569-SMALL-#1,2026-01-25
2026-01-30,80804134,E569,2,80804134|C816|E569|2026-01-24|net demand for forecast|039641,20260125-C816-E569-SMALL-#1,2026-01-25
2026-01-30,80804136,E569,1,80804136|C816|E569|2026-01-24|net demand for forecast|039653,20260125-C816-E569-SMALL-#1,2026-01-25
2026-01-30,80804136,E569,1,80804136|C816|E569|2026-01-24|net demand for forecast|039655,20260125-C816-E569-SMALL-#1,2026-01-25
2026-01-30,80804136,E569,1,80804136|C816|E569|2026-01-24|net demand for forecast|039656,20260125-C816-E569-SMALL-#1,2026-01-25
2026-01-30,80804136,E569,1,80804136|C816|E569|2026-01-24|net demand for forecast|039657,20260125-C816-E569-SMALL-#1,2026-01-25
2026-01-30,80804136,E569,1,80804136|C816|E569|2026-01-24|net demand for forecast|039658,20260125-C816-E569-SMALL-#1,2026-01-25
2026-01-30,80804136,E569,1,80804136|C816|E569|2026-01-24|net demand for forecast|039659,20260125-C816-E569-SMALL-#1,2026-01-25
2026-01-30,80804704,E569,1,80804704|C816|E569|2026-01-24|net demand for forecast|039740,20260125-C816-E569-SMALL-#1,2026-01-25
2026-01-30,80804704,E569,1,80804704|C816|E569|2026-01-24|net demand for forecast|039741,20260125-C816-E569-SMALL-#1,2026-01-25
2026-01-30,80804704,E569,1,80804704|C816|E569|2026-01-24|net demand for forecast|039742,20260125-C816-E569-SMALL-#1,2026-01-25
2026-01-30,80804704,E569,1,80804704|C816|E569|2026-01-24|net demand for forecast|039743,20260125-C816-E569-SMALL-#1,2026-01-25
2026-01-30,80804704,E569,1,80804704|C816|E569|2026-01-24|net demand for forecast|039744,20260125-C816-E569-SMALL-#1,2026-01-25
2026-01-30,80804704,E569,1,80804704|C816|E569|2026-01-24|net demand for forecast|039745,20260125-C816-E569-SMALL-#1,2026-01-25
2026-01-30,80807089,E569,1,80807089|C816|E569|2026-01-24|net demand for forecast|039793,20260125-C816-E569-SMALL-#1,2026-01-25
2026-01-30,80807089,E569,1,80807089|C816|E569|2026-01-24|net demand for forecast|039794,20260125-C816-E569-SMALL-#1,2026-01-25
2026-01-30,80807089,E569,1,80807089|C816|E569|2026-01-24|net demand for forecast|039795,20260125-C816-E569-SMALL-#1,2026-01-25
2026-01-30,80807089,E569,1,80807089|C816|E569|2026-01-24|net demand for forecast|039796,20260125-C816-E569-SMALL-#1,2026-01-25
2026-01-30,80807089,E569,1,80807089|C816|E569|2026-01-24|net demand for forecast|039797,20260125-C816-E569-SMALL-#1,2026-01-25
2026-01-30,80807089,E569,1,80807089|C816|E569|2026-01-24|net demand for forecast|039798,20260125-C816-E569-SMALL-#1,2026-01-25
2026-01-30,80807089,E569,1,80807089|C816|E569|2026-01-24|net demand for forecast|039799,20260125-C816-E569-SMALL-#1,2026-01-25
2026-01-30,80807091,E569,1,80807091|C816|E569|2026-01-24|net demand for forecast|039812,20260125-C816-E569-SMALL-#1,2026-01-25
2026-01-30,80807091,E569,1,80807091|C816|E569|2026-01-24|net demand for forecast|039813,20260125-C816-E569-SMALL-#1,2026-01-25
2026-01-30,80807091,E569,1,80807091|C816|E569|2026-01-24|net demand for forecast|039814,20260125-C816-E569-SMALL-#1,2026-01-25
2026-01-30,80807091,E569,1,80807091|C816|E569|2026-01-24|net demand for forecast|039816,20260125-C816-E569-SMALL-#1,2026-01-25
2026-01-30,80807091,E569,1,80807091|C816|E569|2026-01-24|net demand for forecast|039817,20260125-C816-E569-SMALL-#1,2026-01-25
2026-01-30,80807091,E569,1,80807091|C816|E569|2026-01-24|net demand for forecast|039818,20260125-C816-E569-SMALL-#1,2026-01-25
2026-01-30,80807095,E569,1,80807095|C816|E569|2026-01-24|net demand for forecast|039840,20260125-C816-E569-SMALL-#1,2026-01-25
2026-01-30,80807095,E569,1,80807095|C816|E569|2026-01-24|net demand for forecast|039841,20260125-C816-E569-SMALL-#1,2026-01-25
2026-01-30,80807095,E569,1,80807095|C816|E569|2026-01-24|net demand for forecast|039842,20260125-C816-E569-SMALL-#1,2026-01-25
2026-01-30,80807095,E569,1,80807095|C816|E569|2026-01-24|net demand for forecast|039844,20260125-C816-E569-SMALL-#1,2026-01-25
2026-01-30,80807095,E569,1,80807095|C816|E569|2026-01-24|net demand for forecast|039845,20260125-C816-E569-SMALL-#1,2026-01-25
2026-01-30,80807095,E569,1,80807095|C816|E569|2026-01-24|net demand for forecast|039846,20260125-C816-E569-SMALL-#1,2026-01-25
2026-01-30,80807115,E569,1,80807115|C816|E569|2026-01-24|net demand for forecast|039949,20260125-C816-E569-SMALL-#1,2026-01-25
2026-01-30,80807115,E569,1,80807115|C816|E569|2026-01-24|net demand for forecast|039950,20260125-C816-E569-SMALL-#1,2026-01-25
2026-01-30,80807115,E569,1,80807115|C816|E569|2026-01-24|net demand for forecast|039951,20260125-C816-E569-SMALL-#1,2026-01-25
2026-01-30,80807115,E569,1,80807115|C816|E569|2026-01-24|net demand for forecast|039952,20260125-C816-E569-SMALL-#1,2026-01-25
2026-01-30,80807115,E569,1,80807115|C816|E569|2026-01-24|net demand for forecast|039953,20260125-C816-E569-SMALL-#1,2026-01-25
2026-01-30,80807115,E569,1,80807115|C816|E569|2026-01-24|net demand for forecast|039954,20260125-C816-E569-SMALL-#1,2026-01-25
2026-01-30,80812841,E569,1,80812841|C816|E569|2026-01-24|net demand for forecast|040135,20260125-C816-E569-SMALL-#1,2026-01-25
2026-01-30,80812841,E569,1,80812841|C816|E569|2026-01-24|net demand for forecast|040136,20260125-C816-E569-SMALL-#1,2026-01-25
2026-01-30,80812841,E569,1,80812841|C816|E569|2026-01-24|net demand for forecast|040137,20260125-C816-E569-SMALL-#1,2026-01-25
2026-01-30,80812841,E569,2,80812841|C816|E569|2026-01-24|net demand for forecast|040138,20260125-C816-E569-SMALL-#1,2026-01-25
2026-01-30,80812841,E569,2,80812841|C816|E569|2026-01-24|net demand for forecast|040139,20260125-C816-E569-SMALL-#1,2026-01-25
2026-01-30,80812841,E569,2,80812841|C816|E569|2026-01-24|net demand for forecast|040140,20260125-C816-E569-SMALL-#1,2026-01-25
2026-01-30,80812841,E569,2,80812841|C816|E569|2026-01-24|net demand for forecast|040141,20260125-C816-E569-SMALL-#1,2026-01-25
2026-01-30,80848022,E569,1,80848022|C816|E569|2026-01-24|net demand for forecast|040226,20260125-C816-E569-SMALL-#1,2026-01-25
2026-01-30,80848022,E569,1,80848022|C816|E569|2026-01-24|net demand for forecast|040227,20260125-C816-E569-SMALL-#1,2026-01-25
2026-01-30,80848022,E569,1,80848022|C816|E569|2026-01-24|net demand for forecast|040228,20260125-C816-E569-SMALL-#1,2026-01-25
2026-01-30,80848022,E569,1,80848022|C816|E569|2026-01-24|net demand for forecast|040229,20260125-C816-E569-SMALL-#1,2026-01-25
2026-01-30,80848022,E569,1,80848022|C816|E569|2026-01-24|net demand for forecast|040230,20260125-C816-E569-SMALL-#1,2026-01-25
2026-01-30,80848022,E569,1,80848022|C816|E569|2026-01-24|net demand for forecast|040231,20260125-C816-E569-SMALL-#1,2026-01-25
2026-01-30,80848022,E569,1,80848022|C816|E569|2026-01-24|net demand for forecast|040232,20260125-C816-E569-SMALL-#1,2026-01-25
2026-01-30,80804134,E569,1,80804134|C816|E569|2026-01-25|net demand for forecast|041026,20260125-C816-E569-SMALL-#1,2026-01-25
2026-01-30,80804134,E569,1,80804134|C816|E569|2026-01-25|net demand for forecast|041028,20260125-C816-E569-SMALL-#1,2026-01-25
2026-01-30,80804134,E569,1,80804134|C816|E569|2026-01-25|net demand for forecast|041029,20260125-C816-E569-SMALL-#1,2026-01-25
2026-01-30,80804134,E569,1,80804134|C816|E569|2026-01-25|net demand for forecast|041030,20260125-C816-E569-SMALL-#1,2026-01-25
2026-01-30,80804134,E569,1,80804134|C816|E569|2026-01-25|net demand for forecast|041031,20260125-C816-E569-SMALL-#1,2026-01-25
2026-01-30,80804134,E569,1,80804134|C816|E569|2026-01-25|net demand for forecast|041032,20260125-C816-E569-SMALL-#1,2026-01-25
2026-01-30,80804136,E569,1,80804136|C816|E569|2026-01-25|net demand for forecast|041047,20260125-C816-E569-SMALL-#1,2026-01-25
2026-01-30,80804136,E569,1,80804136|C816|E569|2026-01-25|net demand for forecast|041048,20260125-C816-E569-SMALL-#1,2026-01-25
2026-01-30,80804136,E569,1,80804136|C816|E569|2026-01-25|net demand for forecast|041049,20260125-C816-E569-SMALL-#1,2026-01-25
2026-01-30,80804136,E569,1,80804136|C816|E569|2026-01-25|net demand for forecast|041050,20260125-C816-E569-SMALL-#1,2026-01-25
2026-01-30,80804136,E569,1,80804136|C816|E569|2026-01-25|net demand for forecast|041051,20260125-C816-E569-SMALL-#1,2026-01-25
2026-01-30,80804136,E569,1,80804136|C816|E569|2026-01-25|net demand for forecast|041052,20260125-C816-E569-SMALL-#1,2026-01-25
2026-01-30,80804136,E569,1,80804136|C816|E569|2026-01-25|net demand for forecast|041053,20260125-C816-E569-SMALL-#1,2026-01-25
2026-01-30,80804704,E569,1,80804704|C816|E569|2026-01-25|net demand for forecast|041135,20260125-C816-E569-SMALL-#1,2026-01-25
2026-01-30,80804704,E569,1,80804704|C816|E569|2026-01-25|net demand for forecast|041136,20260125-C816-E569-SMALL-#1,2026-01-25
2026-01-30,80804704,E569,1,80804704|C816|E569|2026-01-25|net demand for forecast|041137,20260125-C816-E569-SMALL-#1,2026-01-25
2026-01-30,80804704,E569,1,80804704|C816|E569|2026-01-25|net demand for forecast|041138,20260125-C816-E569-SMALL-#1,2026-01-25
2026-01-30,80804704,E569,1,80804704|C816|E569|2026-01-25|net demand for forecast|041139,20260125-C816-E569-SMALL-#1,2026-01-25
2026-01-30,80804704,E569,1,80804704|C816|E569|2026-01-25|net demand for forecast|041140,20260125-C816-E569-SMALL-#1,2026-01-25
2026-01-30,80804704,E569,1,80804704|C816|E569|2026-01-25|net demand for forecast|041141,20260125-C816-E569-SMALL-#1,2026-01-25
2026-01-30,80807089,E569,1,80807089|C816|E569|2026-01-25|net demand for forecast|041180,20260125-C816-E569-SMALL-#1,2026-01-25
2026-01-30,80807089,E569,1,80807089|C816|E569|2026-01-25|net demand for forecast|041181,20260125-C816-E569-SMALL-#1,2026-01-25
2026-01-30,80807089,E569,1,80807089|C816|E569|2026-01-25|net demand for forecast|041182,20260125-C816-E569-SMALL-#1,2026-01-25
2026-01-30,80807089,E569,1,80807089|C816|E569|2026-01-25|net demand for forecast|041183,20260125-C816-E569-SMALL-#1,2026-01-25
2026-01-30,80807089,E569,1,80807089|C816|E569|2026-01-25|net demand for forecast|041184,20260125-C816-E569-SMALL-#1,2026-01-25
2026-01-30,80807089,E569,1,80807089|C816|E569|2026-01-25|net demand for forecast|041185,20260125-C816-E569-SMALL-#1,2026-01-25
2026-01-30,80807089,E569,1,80807089|C816|E569|2026-01-25|net demand for forecast|041186,20260125-C816-E569-SMALL-#1,2026-01-25
2026-01-30,80807091,E569,1,80807091|C816|E569|2026-01-25|net demand for forecast|041192,20260125-C816-E569-SMALL-#1,2026-01-25
2026-01-30,80807091,E569,1,80807091|C816|E569|2026-01-25|net demand for forecast|041193,20260125-C816-E569-SMALL-#1,2026-01-25
2026-01-30,80807091,E569,1,80807091|C816|E569|2026-01-25|net demand for forecast|041194,20260125-C816-E569-SMALL-#1,2026-01-25
2026-01-30,80807091,E569,1,80807091|C816|E569|2026-01-25|net demand for forecast|041195,20260125-C816-E569-SMALL-#1,2026-01-25
2026-01-30,80807091,E569,1,80807091|C816|E569|2026-01-25|net demand for forecast|041196,20260125-C816-E569-SMALL-#1,2026-01-25
2026-01-30,80807091,E569,1,80807091|C816|E569|2026-01-25|net demand for forecast|041197,20260125-C816-E569-SMALL-#1,2026-01-25
2026-01-30,80807091,E569,1,80807091|C816|E569|2026-01-25|net demand for forecast|041198,20260125-C816-E569-SMALL-#1,2026-01-25
2026-01-30,80807100,E569,1,80807100|C816|E569|2026-01-25|net demand for forecast|041236,20260125-C816-E569-SMALL-#1,2026-01-25
2026-01-30,80807100,E569,1,80807100|C816|E569|2026-01-25|net demand for forecast|041237,20260125-C816-E569-SMALL-#1,2026-01-25
2026-01-30,80807100,E569,1,80807100|C816|E569|2026-01-25|net demand for forecast|041238,20260125-C816-E569-SMALL-#1,2026-01-25
2026-01-30,80807100,E569,1,80807100|C816|E569|2026-01-25|net demand for forecast|041239,20260125-C816-E569-SMALL-#1,2026-01-25
2026-01-30,80807100,E569,1,80807100|C816|E569|2026-01-25|net demand for forecast|041240,20260125-C816-E569-SMALL-#1,2026-01-25
2026-01-30,80807100,E569,1,80807100|C816|E569|2026-01-25|net demand for forecast|041241,20260125-C816-E569-SMALL-#1,2026-01-25
2026-01-30,80807100,E569,1,80807100|C816|E569|2026-01-25|net demand for forecast|041242,20260125-C816-E569-SMALL-#1,2026-01-25
2026-01-30,80807102,E569,1,80807102|C816|E569|2026-01-25|net demand for forecast|041255,20260125-C816-E569-SMALL-#1,2026-01-25
2026-01-30,80807102,E569,1,80807102|C816|E569|2026-01-25|net demand for forecast|041256,20260125-C816-E569-SMALL-#1,2026-01-25
2026-01-30,80807102,E569,1,80807102|C816|E569|2026-01-25|net demand for forecast|041257,20260125-C816-E569-SMALL-#1,2026-01-25
2026-01-30,80807102,E569,1,80807102|C816|E569|2026-01-25|net demand for forecast|041258,20260125-C816-E569-SMALL-#1,2026-01-25
2026-01-30,80807102,E569,1,80807102|C816|E569|2026-01-25|net demand for forecast|041259,20260125-C816-E569-SMALL-#1,2026-01-25
2026-01-30,80807102,E569,1,80807102|C816|E569|2026-01-25|net demand for forecast|041260,20260125-C816-E569-SMALL-#1,2026-01-25
2026-01-30,80807102,E569,1,80807102|C816|E569|2026-01-25|net demand for forecast|041261,20260125-C816-E569-SMALL-#1,2026-01-25
2026-01-30,80807122,E569,1,80807122|C816|E569|2026-01-25|net demand for forecast|041377,20260125-C816-E569-SMALL-#1,2026-01-25
2026-01-30,80807122,E569,1,80807122|C816|E569|2026-01-25|net demand for forecast|041378,20260125-C816-E569-SMALL-#1,2026-01-25
2026-01-30,21103372,E569,1,21103372|C816|E569|2026-01-22|net demand for safety|037188,20260125-C816-E569-SMALL-#1,2026-01-25
2026-01-30,21132758,E569,1,21132758|C816|E569|2026-01-22|net demand for safety|037243,20260125-C816-E569-SMALL-#1,2026-01-25
2026-01-30,21255844,E569,1,21255844|C816|E569|2026-01-22|net demand for safety|037398,20260125-C816-E569-SMALL-#1,2026-01-25
2026-01-30,21314593,E569,1,21314593|C816|E569|2026-01-22|net demand for safety|037414,20260125-C816-E569-SMALL-#1,2026-01-25
2026-01-30,21315350,E569,3,21315350|C816|E569|2026-01-22|net demand for safety|037441,20260125-C816-E569-SMALL-#1,2026-01-25
2026-01-30,21325292,E569,1,21325292|C816|E569|2026-01-22|net demand for safety|037452,20260125-C816-E569-SMALL-#1,2026-01-25
2026-01-30,80804133,E569,1,80804133|C816|E569|2026-01-22|net demand for safety|037537,20260125-C816-E569-SMALL-#1,2026-01-25
2026-01-30,80804136,E569,2,80804136|C816|E569|2026-01-22|net demand for safety|037568,20260125-C816-E569-SMALL-#1,2026-01-25
2026-01-30,80804138,E569,1,80804138|C816|E569|2026-01-22|net demand for safety|037581,20260125-C816-E569-SMALL-#1,2026-01-25
2026-01-30,80805852,E569,1,80805852|C816|E569|2026-01-22|net demand for safety|037656,20260125-C816-E569-SMALL-#1,2026-01-25
2026-01-30,80807091,E569,1,80807091|C816|E569|2026-01-22|net demand for safety|037687,20260125-C816-E569-SMALL-#1,2026-01-25
2026-01-30,80807096,E569,3,80807096|C816|E569|2026-01-22|net demand for safety|037727,20260125-C816-E569-SMALL-#1,2026-01-25
2026-01-30,80807110,E569,3,80807110|C816|E569|2026-01-22|net demand for safety|037745,20260125-C816-E569-SMALL-#1,2026-01-25
2026-01-30,80807114,E569,1,80807114|C816|E569|2026-01-22|net demand for safety|037755,20260125-C816-E569-SMALL-#1,2026-01-25
2026-01-30,80807118,E569,4,80807118|C816|E569|2026-01-22|net demand for safety|037791,20260125-C816-E569-SMALL-#1,2026-01-25
2026-01-30,80807120,E569,3,80807120|C816|E569|2026-01-22|net demand for safety|037808,20260125-C816-E569-SMALL-#1,2026-01-25
2026-01-30,80812840,E569,1,80812840|C816|E569|2026-01-22|net demand for safety|037827,20260125-C816-E569-SMALL-#1,2026-01-25
2026-01-30,80848022,E569,20,80848022|C816|E569|2026-01-22|net demand for safety|037976,20260125-C816-E569-SMALL-#1,2026-01-25
2026-01-30,80864470,E569,1,80864470|C816|E569|2026-01-22|net demand for safety|038191,20260125-C816-E569-SMALL-#1,2026-01-25
2026-01-30,21103372,E569,4,21103372|C816|E569|2026-01-23|net demand for safety|038236,20260125-C816-E569-SMALL-#1,2026-01-25
2026-01-30,21255844,E569,1,21255844|C816|E569|2026-01-23|net demand for safety|038359,20260125-C816-E569-SMALL-#1,2026-01-25
2026-01-30,21275914,E569,1,21275914|C816|E569|2026-01-23|net demand for safety|038368,20260125-C816-E569-SMALL-#1,2026-01-25
2026-01-30,21314593,E569,2,21314593|C816|E569|2026-01-23|net demand for safety|038378,20260125-C816-E569-SMALL-#1,2026-01-25
2026-01-30,21315350,E569,2,21315350|C816|E569|2026-01-23|net demand for safety|038395,20260125-C816-E569-SMALL-#1,2026-01-25
2026-01-30,80804132,E569,1,80804132|C816|E569|2026-01-23|net demand for safety|038489,20260125-C816-E569-SMALL-#1,2026-01-25
2026-01-30,80804136,E569,2,80804136|C816|E569|2026-01-23|net demand for safety|038619,20260125-C816-E569-SMALL-#1,2026-01-25
2026-01-30,80804138,E569,1,80804138|C816|E569|2026-01-23|net demand for safety|038628,20260125-C816-E569-SMALL-#1,2026-01-25
2026-01-30,80807091,E569,4,80807091|C816|E569|2026-01-23|net demand for safety|038832,20260125-C816-E569-SMALL-#1,2026-01-25
2026-01-30,80807095,E569,4,80807095|C816|E569|2026-01-23|net demand for safety|038857,20260125-C816-E569-SMALL-#1,2026-01-25
2026-01-30,80807100,E569,1,80807100|C816|E569|2026-01-23|net demand for safety|038871,20260125-C816-E569-SMALL-#1,2026-01-25
2026-01-30,80807113,E569,1,80807113|C816|E569|2026-01-23|net demand for safety|038901,20260125-C816-E569-SMALL-#1,2026-01-25
2026-01-30,80807114,E569,1,80807114|C816|E569|2026-01-23|net demand for safety|038903,20260125-C816-E569-SMALL-#1,2026-01-25
2026-01-30,80807118,E569,4,80807118|C816|E569|2026-01-23|net demand for safety|038932,20260125-C816-E569-SMALL-#1,2026-01-25
2026-01-30,80807120,E569,1,80807120|C816|E569|2026-01-23|net demand for safety|038960,20260125-C816-E569-SMALL-#1,2026-01-25
2026-01-30,80812845,E569,8,80812845|C816|E569|2026-01-23|net demand for safety|039020,20260125-C816-E569-SMALL-#1,2026-01-25
2026-01-30,80864470,E569,2,80864470|C816|E569|2026-01-23|net demand for safety|039171,20260125-C816-E569-SMALL-#1,2026-01-25
2026-01-30,21128067,E569,1,21128067|C816|E569|2026-01-24|net demand for safety|039250,20260125-C816-E569-SMALL-#1,2026-01-25
2026-01-30,21275914,E569,1,21275914|C816|E569|2026-01-24|net demand for safety|039492,20260125-C816-E569-SMALL-#1,2026-01-25
2026-01-30,21314593,E569,2,21314593|C816|E569|2026-01-24|net demand for safety|039503,20260125-C816-E569-SMALL-#1,2026-01-25
2026-01-30,21315350,E569,6,21315350|C816|E569|2026-01-24|net demand for safety|039519,20260125-C816-E569-SMALL-#1,2026-01-25
2026-01-30,80804132,E569,2,80804132|C816|E569|2026-01-24|net demand for safety|039609,20260125-C816-E569-SMALL-#1,2026-01-25
2026-01-30,80804133,E569,3,80804133|C816|E569|2026-01-24|net demand for safety|039614,20260125-C816-E569-SMALL-#1,2026-01-25
2026-01-30,80804134,E569,20,80804134|C816|E569|2026-01-24|net demand for safety|039642,20260125-C816-E569-SMALL-#1,2026-01-25
2026-01-30,80804138,E569,1,80804138|C816|E569|2026-01-24|net demand for safety|039663,20260125-C816-E569-SMALL-#1,2026-01-25
2026-01-30,80804698,E569,2,80804698|C816|E569|2026-01-24|net demand for safety|039670,20260125-C816-E569-SMALL-#1,2026-01-25
2026-01-30,80804701,E569,1,80804701|C816|E569|2026-01-24|net demand for safety|039699,20260125-C816-E569-SMALL-#1,2026-01-25
2026-01-30,80804704,E569,3,80804704|C816|E569|2026-01-24|net demand for safety|039747,20260125-C816-E569-SMALL-#1,2026-01-25
2026-01-30,80807091,E569,8,80807091|C816|E569|2026-01-24|net demand for safety|039819,20260125-C816-E569-SMALL-#1,2026-01-25
2026-01-30,80807100,E569,1,80807100|C816|E569|2026-01-24|net demand for safety|039895,20260125-C816-E569-SMALL-#1,2026-01-25
2026-01-30,80807102,E569,7,80807102|C816|E569|2026-01-24|net demand for safety|039898,20260125-C816-E569-SMALL-#1,2026-01-25
2026-01-30,80807110,E569,7,80807110|C816|E569|2026-01-24|net demand for safety|039929,20260125-C816-E569-SMALL-#1,2026-01-25
2026-01-30,80807114,E569,2,80807114|C816|E569|2026-01-24|net demand for safety|039940,20260125-C816-E569-SMALL-#1,2026-01-25
2026-01-30,80807118,E569,3,80807118|C816|E569|2026-01-24|net demand for safety|039967,20260125-C816-E569-SMALL-#1,2026-01-25
2026-01-30,80807120,E569,2,80807120|C816|E569|2026-01-24|net demand for safety|039972,20260125-C816-E569-SMALL-#1,2026-01-25
2026-01-30,80812845,E569,1,80812845|C816|E569|2026-01-24|net demand for safety|040172,20260125-C816-E569-SMALL-#1,2026-01-25
2026-01-30,80848022,E569,5,80848022|C816|E569|2026-01-24|net demand for safety|040233,20260125-C816-E569-SMALL-#1,2026-01-25
2026-01-30,80848029,E569,1,80848029|C816|E569|2026-01-24|net demand for safety|040277,20260125-C816-E569-SMALL-#1,2026-01-25
2026-01-30,80864470,E569,1,80864470|C816|E569|2026-01-24|net demand for safety|040304,20260125-C816-E569-SMALL-#1,2026-01-25
2026-01-30,21315350,E569,1,21315350|C816|E569|2026-01-25|net demand for safety|040760,20260125-C816-E569-SMALL-#1,2026-01-25
2026-01-30,80804132,E569,4,80804132|C816|E569|2026-01-25|net demand for safety|041002,20260125-C816-E569-SMALL-#1,2026-01-25
2026-01-30,80804133,E569,2,80804133|C816|E569|2026-01-25|net demand for safety|041005,20260125-C816-E569-SMALL-#1,2026-01-25
2026-01-30,80804138,E569,1,80804138|C816|E569|2026-01-25|net demand for safety|041057,20260125-C816-E569-SMALL-#1,2026-01-25
2026-01-30,80804698,E569,1,80804698|C816|E569|2026-01-25|net demand for safety|041067,20260125-C816-E569-SMALL-#1,2026-01-25
2026-01-30,80807091,E569,3,80807091|C816|E569|2026-01-25|net demand for safety|041199,20260125-C816-E569-SMALL-#1,2026-01-25
2026-01-30,80807097,E569,1,80807097|C816|E569|2026-01-25|net demand for safety|041221,20260125-C816-E569-SMALL-#1,2026-01-25
2026-01-30,80807100,E569,5,80807100|C816|E569|2026-01-25|net demand for safety|041243,20260125-C816-E569-SMALL-#1,2026-01-25
2026-01-30,80807102,E569,17,80807102|C816|E569|2026-01-25|net demand for safety|041262,20260125-C816-E569-SMALL-#1,2026-01-25
2026-01-30,80807110,E569,3,80807110|C816|E569|2026-01-25|net demand for safety|041292,20260125-C816-E569-SMALL-#1,2026-01-25
2026-01-30,80807112,E569,7,80807112|C816|E569|2026-01-25|net demand for safety|041296,20260125-C816-E569-SMALL-#1,2026-01-25
2026-01-30,80807118,E569,4,80807118|C816|E569|2026-01-25|net demand for safety|041312,20260125-C816-E569-SMALL-#1,2026-01-25
2026-01-30,80807120,E569,1,80807120|C816|E569|2026-01-25|net demand for safety|041349,20260125-C816-E569-SMALL-#1,2026-01-25
2026-01-30,80812840,E569,1,80812840|C816|E569|2026-01-25|net demand for safety|041390,20260125-C816-E569-SMALL-#1,2026-01-25
2026-01-30,80812846,E569,9,80812846|C816|E569|2026-01-25|net demand for safety|041441,20260125-C816-E569-SMALL-#1,2026-01-25
2026-01-30,80864469,E569,1,80864469|C816|E569|2026-01-25|net demand for safety|041691,20260125-C816-E569-SMALL-#1,2026-01-25
2026-01-30,80805856,C937,2,80805856|C810|C937|2026-01-23|net demand for normal|038791,20260125-C810-C937-SMALL-#1,2026-01-25
2026-01-30,21029016,C937,1,21029016|C810|C937|2026-01-24|net demand for normal|039182,20260125-C810-C937-SMALL-#1,2026-01-25
2026-01-30,21315350,C937,4,21315350|C810|C937|2026-01-24|net demand for normal|039518,20260125-C810-C937-SMALL-#1,2026-01-25
2026-01-30,80807095,C937,1,80807095|C810|C937|2026-01-24|net demand for normal|039832,20260125-C810-C937-SMALL-#1,2026-01-25
2026-01-30,80807115,C937,1,80807115|C810|C937|2026-01-24|net demand for normal|039947,20260125-C810-C937-SMALL-#1,2026-01-25
2026-01-30,80848031,C937,1,80848031|C810|C937|2026-01-24|net demand for normal|040278,20260125-C810-C937-SMALL-#1,2026-01-25
2026-01-30,21315350,C937,1,21315350|C810|C937|2026-01-25|net demand for normal|040759,20260125-C810-C937-SMALL-#1,2026-01-25
2026-01-30,80805856,C937,2,80805856|C810|C937|2026-01-25|net demand for normal|041173,20260125-C810-C937-SMALL-#1,2026-01-25
2026-01-30,21103372,C937,1,21103372|C810|C937|2026-01-23|net demand for forecast|038223,20260125-C810-C937-SMALL-#1,2026-01-25
2026-01-30,21103372,C937,1,21103372|C810|C937|2026-01-23|net demand for forecast|038224,20260125-C810-C937-SMALL-#1,2026-01-25
2026-01-30,21103372,C937,1,21103372|C810|C937|2026-01-23|net demand for forecast|038227,20260125-C810-C937-SMALL-#1,2026-01-25
2026-01-30,21103372,C937,1,21103372|C810|C937|2026-01-23|net demand for forecast|038228,20260125-C810-C937-SMALL-#1,2026-01-25
2026-01-30,21148509,C937,1,21148509|C810|C937|2026-01-23|net demand for forecast|038305,20260125-C810-C937-SMALL-#1,2026-01-25
2026-01-30,21148509,C937,1,21148509|C810|C937|2026-01-23|net demand for forecast|038306,20260125-C810-C937-SMALL-#1,2026-01-25
2026-01-30,21148509,C937,1,21148509|C810|C937|2026-01-23|net demand for forecast|038308,20260125-C810-C937-SMALL-#1,2026-01-25
2026-01-30,21148509,C937,1,21148509|C810|C937|2026-01-23|net demand for forecast|038309,20260125-C810-C937-SMALL-#1,2026-01-25
2026-01-30,21148509,C937,1,21148509|C810|C937|2026-01-23|net demand for forecast|038310,20260125-C810-C937-SMALL-#1,2026-01-25
2026-01-30,21315350,C937,1,21315350|C810|C937|2026-01-23|net demand for forecast|038390,20260125-C810-C937-SMALL-#1,2026-01-25
2026-01-30,21315350,C937,1,21315350|C810|C937|2026-01-23|net demand for forecast|038391,20260125-C810-C937-SMALL-#1,2026-01-25
2026-01-30,21315350,C937,1,21315350|C810|C937|2026-01-23|net demand for forecast|038392,20260125-C810-C937-SMALL-#1,2026-01-25
2026-01-30,21315350,C937,1,21315350|C810|C937|2026-01-23|net demand for forecast|038393,20260125-C810-C937-SMALL-#1,2026-01-25
2026-01-30,21315350,C937,1,21315350|C810|C937|2026-01-23|net demand for forecast|038394,20260125-C810-C937-SMALL-#1,2026-01-25
2026-01-30,80804132,C937,1,80804132|C810|C937|2026-01-23|net demand for forecast|038474,20260125-C810-C937-SMALL-#1,2026-01-25
2026-01-30,80804132,C937,1,80804132|C810|C937|2026-01-23|net demand for forecast|038475,20260125-C810-C937-SMALL-#1,2026-01-25
2026-01-30,80804132,C937,1,80804132|C810|C937|2026-01-23|net demand for forecast|038476,20260125-C810-C937-SMALL-#1,2026-01-25
2026-01-30,80804132,C937,1,80804132|C810|C937|2026-01-23|net demand for forecast|038477,20260125-C810-C937-SMALL-#1,2026-01-25
2026-01-30,80804132,C937,1,80804132|C810|C937|2026-01-23|net demand for forecast|038478,20260125-C810-C937-SMALL-#1,2026-01-25
2026-01-30,80804132,C937,1,80804132|C810|C937|2026-01-23|net demand for forecast|038479,20260125-C810-C937-SMALL-#1,2026-01-25
2026-01-30,80804132,C937,1,80804132|C810|C937|2026-01-23|net demand for forecast|038480,20260125-C810-C937-SMALL-#1,2026-01-25
2026-01-30,80804136,C937,1,80804136|C810|C937|2026-01-23|net demand for forecast|038610,20260125-C810-C937-SMALL-#1,2026-01-25
2026-01-30,80804136,C937,1,80804136|C810|C937|2026-01-23|net demand for forecast|038611,20260125-C810-C937-SMALL-#1,2026-01-25
2026-01-30,80804136,C937,1,80804136|C810|C937|2026-01-23|net demand for forecast|038612,20260125-C810-C937-SMALL-#1,2026-01-25
2026-01-30,80804136,C937,1,80804136|C810|C937|2026-01-23|net demand for forecast|038613,20260125-C810-C937-SMALL-#1,2026-01-25
2026-01-30,80804136,C937,1,80804136|C810|C937|2026-01-23|net demand for forecast|038614,20260125-C810-C937-SMALL-#1,2026-01-25
2026-01-30,80804136,C937,1,80804136|C810|C937|2026-01-23|net demand for forecast|038615,20260125-C810-C937-SMALL-#1,2026-01-25
2026-01-30,80804136,C937,1,80804136|C810|C937|2026-01-23|net demand for forecast|038616,20260125-C810-C937-SMALL-#1,2026-01-25
2026-01-30,80848022,C937,1,80848022|C810|C937|2026-01-23|net demand for forecast|039137,20260125-C810-C937-SMALL-#1,2026-01-25
2026-01-30,80848022,C937,1,80848022|C810|C937|2026-01-23|net demand for forecast|039138,20260125-C810-C937-SMALL-#1,2026-01-25
2026-01-30,80848022,C937,1,80848022|C810|C937|2026-01-23|net demand for forecast|039139,20260125-C810-C937-SMALL-#1,2026-01-25
2026-01-30,80848022,C937,1,80848022|C810|C937|2026-01-23|net demand for forecast|039140,20260125-C810-C937-SMALL-#1,2026-01-25
2026-01-30,80848022,C937,1,80848022|C810|C937|2026-01-23|net demand for forecast|039141,20260125-C810-C937-SMALL-#1,2026-01-25
2026-01-30,80848022,C937,1,80848022|C810|C937|2026-01-23|net demand for forecast|039142,20260125-C810-C937-SMALL-#1,2026-01-25
2026-01-30,80848022,C937,1,80848022|C810|C937|2026-01-23|net demand for forecast|039143,20260125-C810-C937-SMALL-#1,2026-01-25
2026-01-30,21103372,C937,1,21103372|C810|C937|2026-01-24|net demand for forecast|039219,20260125-C810-C937-SMALL-#1,2026-01-25
2026-01-30,21103372,C937,1,21103372|C810|C937|2026-01-24|net demand for forecast|039221,20260125-C810-C937-SMALL-#1,2026-01-25
2026-01-30,21103372,C937,1,21103372|C810|C937|2026-01-24|net demand for forecast|039223,20260125-C810-C937-SMALL-#1,2026-01-25
2026-01-30,21103372,C937,1,21103372|C810|C937|2026-01-24|net demand for forecast|039224,20260125-C810-C937-SMALL-#1,2026-01-25
2026-01-30,21103372,C937,1,21103372|C810|C937|2026-01-24|net demand for forecast|039225,20260125-C810-C937-SMALL-#1,2026-01-25
2026-01-30,21148509,C937,1,21148509|C810|C937|2026-01-24|net demand for forecast|039428,20260125-C810-C937-SMALL-#1,2026-01-25
2026-01-30,21148509,C937,1,21148509|C810|C937|2026-01-24|net demand for forecast|039429,20260125-C810-C937-SMALL-#1,2026-01-25
2026-01-30,21148509,C937,1,21148509|C810|C937|2026-01-24|net demand for forecast|039430,20260125-C810-C937-SMALL-#1,2026-01-25
2026-01-30,21148509,C937,1,21148509|C810|C937|2026-01-24|net demand for forecast|039432,20260125-C810-C937-SMALL-#1,2026-01-25
2026-01-30,21148509,C937,1,21148509|C810|C937|2026-01-24|net demand for forecast|039433,20260125-C810-C937-SMALL-#1,2026-01-25
2026-01-30,21148509,C937,1,21148509|C810|C937|2026-01-24|net demand for forecast|039434,20260125-C810-C937-SMALL-#1,2026-01-25
2026-01-30,21315350,C937,2,21315350|C810|C937|2026-01-24|net demand for forecast|039511,20260125-C810-C937-SMALL-#1,2026-01-25
2026-01-30,21315350,C937,2,21315350|C810|C937|2026-01-24|net demand for forecast|039512,20260125-C810-C937-SMALL-#1,2026-01-25
2026-01-30,21315350,C937,2,21315350|C810|C937|2026-01-24|net demand for forecast|039513,20260125-C810-C937-SMALL-#1,2026-01-25
2026-01-30,21315350,C937,2,21315350|C810|C937|2026-01-24|net demand for forecast|039514,20260125-C810-C937-SMALL-#1,2026-01-25
2026-01-30,21315350,C937,2,21315350|C810|C937|2026-01-24|net demand for forecast|039515,20260125-C810-C937-SMALL-#1,2026-01-25
2026-01-30,21315350,C937,2,21315350|C810|C937|2026-01-24|net demand for forecast|039516,20260125-C810-C937-SMALL-#1,2026-01-25
2026-01-30,21315350,C937,2,21315350|C810|C937|2026-01-24|net demand for forecast|039517,20260125-C810-C937-SMALL-#1,2026-01-25
2026-01-30,80804132,C937,1,80804132|C810|C937|2026-01-24|net demand for forecast|039602,20260125-C810-C937-SMALL-#1,2026-01-25
2026-01-30,80804132,C937,1,80804132|C810|C937|2026-01-24|net demand for forecast|039603,20260125-C810-C937-SMALL-#1,2026-01-25
2026-01-30,80804132,C937,1,80804132|C810|C937|2026-01-24|net demand for forecast|039605,20260125-C810-C937-SMALL-#1,2026-01-25
2026-01-30,80804132,C937,1,80804132|C810|C937|2026-01-24|net demand for forecast|039606,20260125-C810-C937-SMALL-#1,2026-01-25
2026-01-30,80804132,C937,1,80804132|C810|C937|2026-01-24|net demand for forecast|039607,20260125-C810-C937-SMALL-#1,2026-01-25
2026-01-30,80804132,C937,1,80804132|C810|C937|2026-01-24|net demand for forecast|039608,20260125-C810-C937-SMALL-#1,2026-01-25
2026-01-30,80804135,C937,1,80804135|C810|C937|2026-01-24|net demand for forecast|039644,20260125-C810-C937-SMALL-#1,2026-01-25
2026-01-30,80804136,C937,1,80804136|C810|C937|2026-01-24|net demand for forecast|039646,20260125-C810-C937-SMALL-#1,2026-01-25
2026-01-30,80804136,C937,1,80804136|C810|C937|2026-01-24|net demand for forecast|039647,20260125-C810-C937-SMALL-#1,2026-01-25
2026-01-30,80804136,C937,1,80804136|C810|C937|2026-01-24|net demand for forecast|039648,20260125-C810-C937-SMALL-#1,2026-01-25
2026-01-30,80804136,C937,1,80804136|C810|C937|2026-01-24|net demand for forecast|039650,20260125-C810-C937-SMALL-#1,2026-01-25
2026-01-30,80804136,C937,1,80804136|C810|C937|2026-01-24|net demand for forecast|039651,20260125-C810-C937-SMALL-#1,2026-01-25
2026-01-30,80804136,C937,1,80804136|C810|C937|2026-01-24|net demand for forecast|039652,20260125-C810-C937-SMALL-#1,2026-01-25
2026-01-30,80807110,C937,1,80807110|C810|C937|2026-01-24|net demand for forecast|039921,20260125-C810-C937-SMALL-#1,2026-01-25
2026-01-30,80807110,C937,1,80807110|C810|C937|2026-01-24|net demand for forecast|039923,20260125-C810-C937-SMALL-#1,2026-01-25
2026-01-30,80807110,C937,1,80807110|C810|C937|2026-01-24|net demand for forecast|039924,20260125-C810-C937-SMALL-#1,2026-01-25
2026-01-30,80807110,C937,1,80807110|C810|C937|2026-01-24|net demand for forecast|039925,20260125-C810-C937-SMALL-#1,2026-01-25
2026-01-30,80807110,C937,1,80807110|C810|C937|2026-01-24|net demand for forecast|039926,20260125-C810-C937-SMALL-#1,2026-01-25
2026-01-30,80812845,C937,2,80812845|C810|C937|2026-01-24|net demand for forecast|040143,20260125-C810-C937-SMALL-#1,2026-01-25
2026-01-30,80812845,C937,2,80812845|C810|C937|2026-01-24|net demand for forecast|040144,20260125-C810-C937-SMALL-#1,2026-01-25
2026-01-30,80812845,C937,2,80812845|C810|C937|2026-01-24|net demand for forecast|040145,20260125-C810-C937-SMALL-#1,2026-01-25
2026-01-30,80812845,C937,2,80812845|C810|C937|2026-01-24|net demand for forecast|040146,20260125-C810-C937-SMALL-#1,2026-01-25
2026-01-30,80812845,C937,2,80812845|C810|C937|2026-01-24|net demand for forecast|040147,20260125-C810-C937-SMALL-#1,2026-01-25
2026-01-30,80812845,C937,2,80812845|C810|C937|2026-01-24|net demand for forecast|040148,20260125-C810-C937-SMALL-#1,2026-01-25
2026-01-30,80848022,C937,1,80848022|C810|C937|2026-01-24|net demand for forecast|040213,20260125-C810-C937-SMALL-#1,2026-01-25
2026-01-30,80848022,C937,1,80848022|C810|C937|2026-01-24|net demand for forecast|040216,20260125-C810-C937-SMALL-#1,2026-01-25
2026-01-30,80848022,C937,1,80848022|C810|C937|2026-01-24|net demand for forecast|040217,20260125-C810-C937-SMALL-#1,2026-01-25
2026-01-30,80848022,C937,1,80848022|C810|C937|2026-01-24|net demand for forecast|040218,20260125-C810-C937-SMALL-#1,2026-01-25
2026-01-30,80848022,C937,1,80848022|C810|C937|2026-01-24|net demand for forecast|040219,20260125-C810-C937-SMALL-#1,2026-01-25
2026-01-30,80848026,C937,2,80848026|C810|C937|2026-01-24|net demand for forecast|040246,20260125-C810-C937-SMALL-#1,2026-01-25
2026-01-30,80848026,C937,3,80848026|C810|C937|2026-01-24|net demand for forecast|040247,20260125-C810-C937-SMALL-#1,2026-01-25
2026-01-30,80848026,C937,3,80848026|C810|C937|2026-01-24|net demand for forecast|040248,20260125-C810-C937-SMALL-#1,2026-01-25
2026-01-30,80848026,C937,3,80848026|C810|C937|2026-01-24|net demand for forecast|040249,20260125-C810-C937-SMALL-#1,2026-01-25
2026-01-30,80848026,C937,3,80848026|C810|C937|2026-01-24|net demand for forecast|040250,20260125-C810-C937-SMALL-#1,2026-01-25
2026-01-30,80848026,C937,3,80848026|C810|C937|2026-01-24|net demand for forecast|040251,20260125-C810-C937-SMALL-#1,2026-01-25
2026-01-30,80848026,C937,3,80848026|C810|C937|2026-01-24|net demand for forecast|040252,20260125-C810-C937-SMALL-#1,2026-01-25
2026-01-30,21128377,C937,1,21128377|C810|C937|2026-01-25|net demand for forecast|040560,20260125-C810-C937-SMALL-#1,2026-01-25
2026-01-30,21128377,C937,1,21128377|C810|C937|2026-01-25|net demand for forecast|040561,20260125-C810-C937-SMALL-#1,2026-01-25
2026-01-30,21128377,C937,1,21128377|C810|C937|2026-01-25|net demand for forecast|040562,20260125-C810-C937-SMALL-#1,2026-01-25
2026-01-30,21128377,C937,1,21128377|C810|C937|2026-01-25|net demand for forecast|040563,20260125-C810-C937-SMALL-#1,2026-01-25
2026-01-30,21128377,C937,1,21128377|C810|C937|2026-01-25|net demand for forecast|040564,20260125-C810-C937-SMALL-#1,2026-01-25
2026-01-30,21128377,C937,1,21128377|C810|C937|2026-01-25|net demand for forecast|040566,20260125-C810-C937-SMALL-#1,2026-01-25
2026-01-30,21132988,C937,1,21132988|C810|C937|2026-01-25|net demand for forecast|040572,20260125-C810-C937-SMALL-#1,2026-01-25
2026-01-30,21132988,C937,1,21132988|C810|C937|2026-01-25|net demand for forecast|040573,20260125-C810-C937-SMALL-#1,2026-01-25
2026-01-30,21132988,C937,1,21132988|C810|C937|2026-01-25|net demand for forecast|040574,20260125-C810-C937-SMALL-#1,2026-01-25
2026-01-30,21132988,C937,1,21132988|C810|C937|2026-01-25|net demand for forecast|040575,20260125-C810-C937-SMALL-#1,2026-01-25
2026-01-30,21132988,C937,1,21132988|C810|C937|2026-01-25|net demand for forecast|040576,20260125-C810-C937-SMALL-#1,2026-01-25
2026-01-30,21132988,C937,1,21132988|C810|C937|2026-01-25|net demand for forecast|040577,20260125-C810-C937-SMALL-#1,2026-01-25
2026-01-30,21132988,C937,1,21132988|C810|C937|2026-01-25|net demand for forecast|040578,20260125-C810-C937-SMALL-#1,2026-01-25
2026-01-30,80804136,C937,1,80804136|C810|C937|2026-01-25|net demand for forecast|041037,20260125-C810-C937-SMALL-#1,2026-01-25
2026-01-30,80804136,C937,1,80804136|C810|C937|2026-01-25|net demand for forecast|041038,20260125-C810-C937-SMALL-#1,2026-01-25
2026-01-30,80804136,C937,1,80804136|C810|C937|2026-01-25|net demand for forecast|041039,20260125-C810-C937-SMALL-#1,2026-01-25
2026-01-30,80804136,C937,1,80804136|C810|C937|2026-01-25|net demand for forecast|041040,20260125-C810-C937-SMALL-#1,2026-01-25
2026-01-30,80804136,C937,1,80804136|C810|C937|2026-01-25|net demand for forecast|041041,20260125-C810-C937-SMALL-#1,2026-01-25
2026-01-30,80804136,C937,1,80804136|C810|C937|2026-01-25|net demand for forecast|041042,20260125-C810-C937-SMALL-#1,2026-01-25
2026-01-30,80804136,C937,1,80804136|C810|C937|2026-01-25|net demand for forecast|041043,20260125-C810-C937-SMALL-#1,2026-01-25
2026-01-30,80804698,C937,1,80804698|C810|C937|2026-01-25|net demand for forecast|041058,20260125-C810-C937-SMALL-#1,2026-01-25
2026-01-30,80804698,C937,1,80804698|C810|C937|2026-01-25|net demand for forecast|041059,20260125-C810-C937-SMALL-#1,2026-01-25
2026-01-30,80804698,C937,1,80804698|C810|C937|2026-01-25|net demand for forecast|041060,20260125-C810-C937-SMALL-#1,2026-01-25
2026-01-30,80804698,C937,1,80804698|C810|C937|2026-01-25|net demand for forecast|041061,20260125-C810-C937-SMALL-#1,2026-01-25
2026-01-30,80812845,C937,2,80812845|C810|C937|2026-01-25|net demand for forecast|041392,20260125-C810-C937-SMALL-#1,2026-01-25
2026-01-30,80812845,C937,2,80812845|C810|C937|2026-01-25|net demand for forecast|041393,20260125-C810-C937-SMALL-#1,2026-01-25
2026-01-30,80812845,C937,2,80812845|C810|C937|2026-01-25|net demand for forecast|041394,20260125-C810-C937-SMALL-#1,2026-01-25
2026-01-30,80812845,C937,2,80812845|C810|C937|2026-01-25|net demand for forecast|041395,20260125-C810-C937-SMALL-#1,2026-01-25
2026-01-30,80812845,C937,2,80812845|C810|C937|2026-01-25|net demand for forecast|041396,20260125-C810-C937-SMALL-#1,2026-01-25
2026-01-30,80812845,C937,2,80812845|C810|C937|2026-01-25|net demand for forecast|041397,20260125-C810-C937-SMALL-#1,2026-01-25
2026-01-30,80812845,C937,2,80812845|C810|C937|2026-01-25|net demand for forecast|041398,20260125-C810-C937-SMALL-#1,2026-01-25
2026-01-30,80848022,C937,1,80848022|C810|C937|2026-01-25|net demand for forecast|041638,20260125-C810-C937-SMALL-#1,2026-01-25
2026-01-30,80848022,C937,1,80848022|C810|C937|2026-01-25|net demand for forecast|041639,20260125-C810-C937-SMALL-#1,2026-01-25
2026-01-30,80848022,C937,1,80848022|C810|C937|2026-01-25|net demand for forecast|041640,20260125-C810-C937-SMALL-#1,2026-01-25
2026-01-30,80848022,C937,1,80848022|C810|C937|2026-01-25|net demand for forecast|041641,20260125-C810-C937-SMALL-#1,2026-01-25
2026-01-30,80848022,C937,1,80848022|C810|C937|2026-01-25|net demand for forecast|041642,20260125-C810-C937-SMALL-#1,2026-01-25
2026-01-30,80848022,C937,1,80848022|C810|C937|2026-01-25|net demand for forecast|041643,20260125-C810-C937-SMALL-#1,2026-01-25
2026-01-30,80848022,C937,1,80848022|C810|C937|2026-01-25|net demand for forecast|041644,20260125-C810-C937-SMALL-#1,2026-01-25
2026-01-30,21098519,C937,2,21098519|C810|C937|2026-01-23|net demand for safety|038204,20260125-C810-C937-SMALL-#1,2026-01-25
2026-01-30,21103371,C937,12,21103371|C810|C937|2026-01-23|net demand for safety|038208,20260125-C810-C937-SMALL-#1,2026-01-25
2026-01-30,21113405,C937,1,21113405|C810|C937|2026-01-23|net demand for safety|038239,20260125-C810-C937-SMALL-#1,2026-01-25
2026-01-30,21148509,C937,1,21148509|C810|C937|2026-01-23|net demand for safety|038312,20260125-C810-C937-SMALL-#1,2026-01-25
2026-01-30,21155895,C937,1,21155895|C810|C937|2026-01-23|net demand for safety|038338,20260125-C810-C937-SMALL-#1,2026-01-25
2026-01-30,21165868,C937,1,21165868|C810|C937|2026-01-23|net demand for safety|038341,20260125-C810-C937-SMALL-#1,2026-01-25
2026-01-30,21170683,C937,1,21170683|C810|C937|2026-01-23|net demand for safety|038349,20260125-C810-C937-SMALL-#1,2026-01-25
2026-01-30,21176384,C937,1,21176384|C810|C937|2026-01-23|net demand for safety|038358,20260125-C810-C937-SMALL-#1,2026-01-25
2026-01-30,80804705,C937,6,80804705|C810|C937|2026-01-23|net demand for safety|038785,20260125-C810-C937-SMALL-#1,2026-01-25
2026-01-30,80807102,C937,2,80807102|C810|C937|2026-01-23|net demand for safety|038872,20260125-C810-C937-SMALL-#1,2026-01-25
2026-01-30,80807110,C937,4,80807110|C810|C937|2026-01-23|net demand for safety|038890,20260125-C810-C937-SMALL-#1,2026-01-25
2026-01-30,80807112,C937,1,80807112|C810|C937|2026-01-23|net demand for safety|038894,20260125-C810-C937-SMALL-#1,2026-01-25
2026-01-30,80807113,C937,3,80807113|C810|C937|2026-01-23|net demand for safety|038898,20260125-C810-C937-SMALL-#1,2026-01-25
2026-01-30,80807118,C937,2,80807118|C810|C937|2026-01-23|net demand for safety|038930,20260125-C810-C937-SMALL-#1,2026-01-25
2026-01-30,80812839,C937,1,80812839|C810|C937|2026-01-23|net demand for safety|038972,20260125-C810-C937-SMALL-#1,2026-01-25
2026-01-30,80848022,C937,34,80848022|C810|C937|2026-01-23|net demand for safety|039144,20260125-C810-C937-SMALL-#1,2026-01-25
2026-01-30,21103371,C937,3,21103371|C810|C937|2026-01-24|net demand for safety|039188,20260125-C810-C937-SMALL-#1,2026-01-25
2026-01-30,21128067,C937,1,21128067|C810|C937|2026-01-24|net demand for safety|039247,20260125-C810-C937-SMALL-#1,2026-01-25
2026-01-30,21128377,C937,11,21128377|C810|C937|2026-01-24|net demand for safety|039252,20260125-C810-C937-SMALL-#1,2026-01-25
2026-01-30,21132988,C937,7,21132988|C810|C937|2026-01-24|net demand for safety|039323,20260125-C810-C937-SMALL-#1,2026-01-25
2026-01-30,21141769,C937,14,21141769|C810|C937|2026-01-24|net demand for safety|039408,20260125-C810-C937-SMALL-#1,2026-01-25
2026-01-30,21255844,C937,41,21255844|C810|C937|2026-01-24|net demand for safety|039483,20260125-C810-C937-SMALL-#1,2026-01-25
2026-01-30,80804135,C937,1,80804135|C810|C937|2026-01-24|net demand for safety|039645,20260125-C810-C937-SMALL-#1,2026-01-25
2026-01-30,80804138,C937,7,80804138|C810|C937|2026-01-24|net demand for safety|039660,20260125-C810-C937-SMALL-#1,2026-01-25
2026-01-30,80804705,C937,2,80804705|C810|C937|2026-01-24|net demand for safety|039756,20260125-C810-C937-SMALL-#1,2026-01-25
2026-01-30,80807102,C937,3,80807102|C810|C937|2026-01-24|net demand for safety|039896,20260125-C810-C937-SMALL-#1,2026-01-25
2026-01-30,80807113,C937,3,80807113|C810|C937|2026-01-24|net demand for safety|039935,20260125-C810-C937-SMALL-#1,2026-01-25
2026-01-30,80812839,C937,1,80812839|C810|C937|2026-01-24|net demand for safety|040120,20260125-C810-C937-SMALL-#1,2026-01-25
2026-01-30,80812845,C937,30,80812845|C810|C937|2026-01-24|net demand for safety|040150,20260125-C810-C937-SMALL-#1,2026-01-25
2026-01-30,80848022,C937,2,80848022|C810|C937|2026-01-24|net demand for safety|040220,20260125-C810-C937-SMALL-#1,2026-01-25
2026-01-30,21098519,C937,2,21098519|C810|C937|2026-01-25|net demand for safety|040517,20260125-C810-C937-SMALL-#1,2026-01-25
2026-01-30,21128067,C937,2,21128067|C810|C937|2026-01-25|net demand for safety|040556,20260125-C810-C937-SMALL-#1,2026-01-25
2026-01-30,21143103,C937,1,21143103|C810|C937|2026-01-25|net demand for safety|040640,20260125-C810-C937-SMALL-#1,2026-01-25
2026-01-30,21176384,C937,1,21176384|C810|C937|2026-01-25|net demand for safety|040698,20260125-C810-C937-SMALL-#1,2026-01-25
2026-01-30,21275914,C937,28,21275914|C810|C937|2026-01-25|net demand for safety|040700,20260125-C810-C937-SMALL-#1,2026-01-25
2026-01-30,80804134,C937,13,80804134|C810|C937|2026-01-25|net demand for safety|041006,20260125-C810-C937-SMALL-#1,2026-01-25
2026-01-30,80804698,C937,4,80804698|C810|C937|2026-01-25|net demand for safety|041062,20260125-C810-C937-SMALL-#1,2026-01-25
2026-01-30,80807090,C937,1,80807090|C810|C937|2026-01-25|net demand for safety|041187,20260125-C810-C937-SMALL-#1,2026-01-25
2026-01-30,80807102,C937,3,80807102|C810|C937|2026-01-25|net demand for safety|041246,20260125-C810-C937-SMALL-#1,2026-01-25
2026-01-30,80807113,C937,3,80807113|C810|C937|2026-01-25|net demand for safety|041299,20260125-C810-C937-SMALL-#1,2026-01-25
2026-01-30,80807120,C937,2,80807120|C810|C937|2026-01-25|net demand for safety|041335,20260125-C810-C937-SMALL-#1,2026-01-25
2026-01-30,80812845,C937,24,80812845|C810|C937|2026-01-25|net demand for safety|041399,20260125-C810-C937-SMALL-#1,2026-01-25
2026-01-30,80864469,C937,1,80864469|C810|C937|2026-01-25|net demand for safety|041686,20260125-C810-C937-SMALL-#1,2026-01-25
2026-01-30,80857738,A673,1,80857738|C816|A673|2026-01-24|net demand for AO|040292,20260125-C816-A673-LARGE-#1,2026-01-25
2026-01-30,21425098,A673,2,21425098|C816|A673|2026-01-25|net demand for forecast|040875,20260125-C816-A673-LARGE-#1,2026-01-25
2026-01-30,80884845,A673,2,80884845|C816|A673|2026-01-25|net demand for forecast|041729,20260125-C816-A673-LARGE-#1,2026-01-25
2026-01-30,80884845,A673,2,80884845|C816|A673|2026-01-25|net demand for forecast|041730,20260125-C816-A673-LARGE-#1,2026-01-25
2026-01-30,80804701,A673,3,80804701|C816|A673|2026-01-24|net demand for safety|039691,20260125-C816-A673-LARGE-#1,2026-01-25
2026-01-30,80868101,A673,6,80868101|C816|A673|2026-01-24|net demand for safety|040346,20260125-C816-A673-LARGE-#1,2026-01-25
2026-01-30,80884852,A673,19,80884852|C816|A673|2026-01-24|net demand for safety|040490,20260125-C816-A673-LARGE-#1,2026-01-25
2026-01-30,80804698,A673,6,80804698|C816|A673|2026-01-25|net demand for safety|041065,20260125-C816-A673-LARGE-#1,2026-01-25
2026-01-30,80804706,A673,2,80804706|C816|A673|2026-01-25|net demand for safety|041170,20260125-C816-A673-LARGE-#1,2026-01-25
2026-01-30,80885920,A673,431,80885920|C816|A673|2026-01-25|net demand for safety|041764,20260125-C816-A673-LARGE-#1,2026-01-25
2026-01-30,80804706,A673,7,80804706|C816|A673|2026-01-24|net demand for net demand for safety|039783,20260125-C816-A673-LARGE-#1,2026-01-25
2026-01-30,80838162,A673,1,80838162|0386|A673|2026-01-25|net demand for net demand for normal|041480,20260125-0386-A673-LARGE-#1,2026-01-25
2026-01-30,80838164,A673,1,80838164|0386|A673|2026-01-25|net demand for net demand for normal|041557,20260125-0386-A673-LARGE-#1,2026-01-25
2026-01-30,80838165,A673,1,80838165|0386|A673|2026-01-25|net demand for net demand for normal|041611,20260125-0386-A673-LARGE-#1,2026-01-25
2026-01-30,80838162,A673,1,80838162|0386|A673|2026-01-25|net demand for AO|041461,20260125-0386-A673-LARGE-#1,2026-01-25
2026-01-30,80838162,A673,1,80838162|0386|A673|2026-01-25|net demand for AO|041462,20260125-0386-A673-LARGE-#1,2026-01-25
2026-01-30,80838162,A673,1,80838162|0386|A673|2026-01-25|net demand for AO|041463,20260125-0386-A673-LARGE-#1,2026-01-25
2026-01-30,80838162,A673,1,80838162|0386|A673|2026-01-25|net demand for AO|041464,20260125-0386-A673-LARGE-#1,2026-01-25
2026-01-30,80838162,A673,1,80838162|0386|A673|2026-01-25|net demand for AO|041465,20260125-0386-A673-LARGE-#1,2026-01-25
2026-01-30,80838162,A673,1,80838162|0386|A673|2026-01-25|net demand for AO|041466,20260125-0386-A673-LARGE-#1,2026-01-25
2026-01-30,80838164,A673,1,80838164|0386|A673|2026-01-25|net demand for AO|041530,20260125-0386-A673-LARGE-#1,2026-01-25
2026-01-30,80838164,A673,1,80838164|0386|A673|2026-01-25|net demand for AO|041531,20260125-0386-A673-LARGE-#1,2026-01-25
2026-01-30,80838164,A673,1,80838164|0386|A673|2026-01-25|net demand for AO|041532,20260125-0386-A673-LARGE-#1,2026-01-25
2026-01-30,80838164,A673,1,80838164|0386|A673|2026-01-25|net demand for AO|041533,20260125-0386-A673-LARGE-#1,2026-01-25
2026-01-30,80838164,A673,1,80838164|0386|A673|2026-01-25|net demand for AO|041534,20260125-0386-A673-LARGE-#1,2026-01-25
2026-01-30,80838164,A673,1,80838164|0386|A673|2026-01-25|net demand for AO|041535,20260125-0386-A673-LARGE-#1,2026-01-25
2026-01-30,80838164,A673,1,80838164|0386|A673|2026-01-25|net demand for AO|041536,20260125-0386-A673-LARGE-#1,2026-01-25
2026-01-30,80838164,A673,1,80838164|0386|A673|2026-01-25|net demand for AO|041537,20260125-0386-A673-LARGE-#1,2026-01-25
2026-01-30,80838164,A673,2,80838164|0386|A673|2026-01-25|net demand for AO|041538,20260125-0386-A673-LARGE-#1,2026-01-25
2026-01-30,80838164,A673,3,80838164|0386|A673|2026-01-25|net demand for AO|041539,20260125-0386-A673-LARGE-#1,2026-01-25
2026-01-30,21315474,A673,2,21315474|0386|A673|2026-01-25|net demand for forecast|040808,20260125-0386-A673-LARGE-#1,2026-01-25
2026-01-30,21315474,A673,2,21315474|0386|A673|2026-01-25|net demand for forecast|040809,20260125-0386-A673-LARGE-#1,2026-01-25
2026-01-30,21315474,A673,2,21315474|0386|A673|2026-01-25|net demand for forecast|040810,20260125-0386-A673-LARGE-#1,2026-01-25
2026-01-30,21315474,A673,2,21315474|0386|A673|2026-01-25|net demand for forecast|040812,20260125-0386-A673-LARGE-#1,2026-01-25
2026-01-30,21315474,A673,2,21315474|0386|A673|2026-01-25|net demand for forecast|040813,20260125-0386-A673-LARGE-#1,2026-01-25
2026-01-30,21315474,A673,2,21315474|0386|A673|2026-01-25|net demand for forecast|040814,20260125-0386-A673-LARGE-#1,2026-01-25
2026-01-30,21315474,A673,3,21315474|0386|A673|2026-01-25|net demand for forecast|040815,20260125-0386-A673-LARGE-#1,2026-01-25
2026-01-30,80804127,A673,1,80804127|0386|A673|2026-01-25|net demand for forecast|040945,20260125-0386-A673-LARGE-#1,2026-01-25
2026-01-30,80804127,A673,2,80804127|0386|A673|2026-01-25|net demand for forecast|040947,20260125-0386-A673-LARGE-#1,2026-01-25
2026-01-30,80804127,A673,2,80804127|0386|A673|2026-01-25|net demand for forecast|040948,20260125-0386-A673-LARGE-#1,2026-01-25
2026-01-30,80804127,A673,2,80804127|0386|A673|2026-01-25|net demand for forecast|040949,20260125-0386-A673-LARGE-#1,2026-01-25
2026-01-30,80804127,A673,2,80804127|0386|A673|2026-01-25|net demand for forecast|040950,20260125-0386-A673-LARGE-#1,2026-01-25
2026-01-30,80804127,A673,3,80804127|0386|A673|2026-01-25|net demand for forecast|040951,20260125-0386-A673-LARGE-#1,2026-01-25
2026-01-30,80804127,A673,3,80804127|0386|A673|2026-01-25|net demand for forecast|040952,20260125-0386-A673-LARGE-#1,2026-01-25
2026-01-30,80804127,A673,3,80804127|0386|A673|2026-01-25|net demand for forecast|040953,20260125-0386-A673-LARGE-#1,2026-01-25
2026-01-30,80804127,A673,3,80804127|0386|A673|2026-01-25|net demand for forecast|040954,20260125-0386-A673-LARGE-#1,2026-01-25
2026-01-30,80838162,A673,1,80838162|0386|A673|2026-01-25|net demand for forecast|041467,20260125-0386-A673-LARGE-#1,2026-01-25
2026-01-30,80838162,A673,1,80838162|0386|A673|2026-01-25|net demand for forecast|041468,20260125-0386-A673-LARGE-#1,2026-01-25
2026-01-30,80838162,A673,1,80838162|0386|A673|2026-01-25|net demand for forecast|041469,20260125-0386-A673-LARGE-#1,2026-01-25
2026-01-30,80838162,A673,1,80838162|0386|A673|2026-01-25|net demand for forecast|041470,20260125-0386-A673-LARGE-#1,2026-01-25
2026-01-30,80838162,A673,2,80838162|0386|A673|2026-01-25|net demand for forecast|041472,20260125-0386-A673-LARGE-#1,2026-01-25
2026-01-30,80838162,A673,2,80838162|0386|A673|2026-01-25|net demand for forecast|041473,20260125-0386-A673-LARGE-#1,2026-01-25
2026-01-30,80838162,A673,2,80838162|0386|A673|2026-01-25|net demand for forecast|041474,20260125-0386-A673-LARGE-#1,2026-01-25
2026-01-30,80838162,A673,2,80838162|0386|A673|2026-01-25|net demand for forecast|041475,20260125-0386-A673-LARGE-#1,2026-01-25
2026-01-30,80838162,A673,2,80838162|0386|A673|2026-01-25|net demand for forecast|041476,20260125-0386-A673-LARGE-#1,2026-01-25
2026-01-30,80838164,A673,3,80838164|0386|A673|2026-01-25|net demand for forecast|041541,20260125-0386-A673-LARGE-#1,2026-01-25
2026-01-30,80838164,A673,3,80838164|0386|A673|2026-01-25|net demand for forecast|041542,20260125-0386-A673-LARGE-#1,2026-01-25
2026-01-30,80838164,A673,3,80838164|0386|A673|2026-01-25|net demand for forecast|041544,20260125-0386-A673-LARGE-#1,2026-01-25
2026-01-30,80838164,A673,4,80838164|0386|A673|2026-01-25|net demand for forecast|041545,20260125-0386-A673-LARGE-#1,2026-01-25
2026-01-30,80838164,A673,4,80838164|0386|A673|2026-01-25|net demand for forecast|041546,20260125-0386-A673-LARGE-#1,2026-01-25
2026-01-30,80838164,A673,5,80838164|0386|A673|2026-01-25|net demand for forecast|041547,20260125-0386-A673-LARGE-#1,2026-01-25
2026-01-30,80838164,A673,5,80838164|0386|A673|2026-01-25|net demand for forecast|041548,20260125-0386-A673-LARGE-#1,2026-01-25
2026-01-30,80838164,A673,5,80838164|0386|A673|2026-01-25|net demand for forecast|041549,20260125-0386-A673-LARGE-#1,2026-01-25
2026-01-30,80838162,A673,1,80838162|0386|A673|2026-01-25|net demand for net demand for forecast|041478,20260125-0386-A673-LARGE-#1,2026-01-25
2026-01-30,80838162,A673,1,80838162|0386|A673|2026-01-25|net demand for net demand for forecast|041479,20260125-0386-A673-LARGE-#1,2026-01-25
2026-01-30,80838164,A673,1,80838164|0386|A673|2026-01-25|net demand for net demand for forecast|041550,20260125-0386-A673-LARGE-#1,2026-01-25
2026-01-30,80838164,A673,1,80838164|0386|A673|2026-01-25|net demand for net demand for forecast|041551,20260125-0386-A673-LARGE-#1,2026-01-25
2026-01-30,80838164,A673,1,80838164|0386|A673|2026-01-25|net demand for net demand for forecast|041552,20260125-0386-A673-LARGE-#1,2026-01-25
2026-01-30,80838164,A673,2,80838164|0386|A673|2026-01-25|net demand for net demand for forecast|041553,20260125-0386-A673-LARGE-#1,2026-01-25
2026-01-30,80838164,A673,2,80838164|0386|A673|2026-01-25|net demand for net demand for forecast|041554,20260125-0386-A673-LARGE-#1,2026-01-25
2026-01-30,80838164,A673,2,80838164|0386|A673|2026-01-25|net demand for net demand for forecast|041555,20260125-0386-A673-LARGE-#1,2026-01-25
2026-01-30,21143102,A673,24,21143102|0386|A673|2026-01-25|net demand for safety|040621,20260125-0386-A673-LARGE-#1,2026-01-25
2026-01-30,21315352,A673,48,21315352|0386|A673|2026-01-25|net demand for safety|040766,20260125-0386-A673-LARGE-#1,2026-01-25
2026-01-30,21315474,A673,136,21315474|0386|A673|2026-01-25|net demand for safety|040819,20260125-0386-A673-LARGE-#1,2026-01-25
2026-01-30,80804127,A673,30,80804127|0386|A673|2026-01-25|net demand for safety|040955,20260125-0386-A673-LARGE-#1,2026-01-25
2026-01-30,80804130,A673,43,80804130|0386|A673|2026-01-25|net demand for safety|040977,20260125-0386-A673-LARGE-#1,2026-01-25
2026-01-30,80807119,A673,2,80807119|0386|A673|2026-01-25|net demand for safety|041317,20260125-0386-A673-LARGE-#1,2026-01-25
2026-01-30,80838162,A673,15,80838162|0386|A673|2026-01-25|net demand for safety|041482,20260125-0386-A673-LARGE-#1,2026-01-25
2026-01-30,80838164,A673,35,80838164|0386|A673|2026-01-25|net demand for safety|041559,20260125-0386-A673-LARGE-#1,2026-01-25
2026-01-30,21143102,A673,14,21143102|0386|A673|2026-01-25|net demand for net demand for safety|040620,20260125-0386-A673-LARGE-#1,2026-01-25
2026-01-30,21314593,A673,17,21314593|0386|A673|2026-01-25|net demand for net demand for safety|040715,20260125-0386-A673-LARGE-#1,2026-01-25
2026-01-30,21315352,A673,5,21315352|0386|A673|2026-01-25|net demand for net demand for safety|040765,20260125-0386-A673-LARGE-#1,2026-01-25
2026-01-30,21315474,A673,56,21315474|0386|A673|2026-01-25|net demand for net demand for safety|040818,20260125-0386-A673-LARGE-#1,2026-01-25
2026-01-30,80804130,A673,4,80804130|0386|A673|2026-01-25|net demand for net demand for safety|040976,20260125-0386-A673-LARGE-#1,2026-01-25
2026-01-30,80807119,A673,49,80807119|0386|A673|2026-01-25|net demand for net demand for safety|041316,20260125-0386-A673-LARGE-#1,2026-01-25
2026-01-30,80838162,A673,5,80838162|0386|A673|2026-01-25|net demand for net demand for safety|041481,20260125-0386-A673-LARGE-#1,2026-01-25
2026-01-30,80838164,A673,13,80838164|0386|A673|2026-01-25|net demand for net demand for safety|041558,20260125-0386-A673-LARGE-#1,2026-01-25
2026-01-30,21143102,A673,126,21143102|0386|A673|2026-01-25|push replenishment|040622,20260125-0386-A673-LARGE-#1,2026-01-25
2026-01-30,21314593,A673,408,21314593|0386|A673|2026-01-25|push replenishment|040717,20260125-0386-A673-LARGE-#1,2026-01-25
2026-01-30,21315352,A673,62,21315352|0386|A673|2026-01-25|push replenishment|040767,20260125-0386-A673-LARGE-#1,2026-01-25
2026-01-30,21315474,A673,302,21315474|0386|A673|2026-01-25|push replenishment|040820,20260125-0386-A673-LARGE-#1,2026-01-25
2026-01-30,80804127,A673,45,80804127|0386|A673|2026-01-25|push replenishment|040956,20260125-0386-A673-LARGE-#1,2026-01-25
2026-01-30,80804130,A673,244,80804130|0386|A673|2026-01-25|push replenishment|040978,20260125-0386-A673-LARGE-#1,2026-01-25
2026-01-30,80807119,A673,125,80807119|0386|A673|2026-01-25|push replenishment|041318,20260125-0386-A673-LARGE-#1,2026-01-25
2026-01-30,80838162,A673,616,80838162|0386|A673|2026-01-25|push replenishment|041483,20260125-0386-A673-LARGE-#1,2026-01-25
2026-01-30,80838164,A673,909,80838164|0386|A673|2026-01-25|push replenishment|041560,20260125-0386-A673-LARGE-#1,2026-01-25
2026-01-30,21141769,E564,2,21141769|C816|E564|2026-01-24|net demand for forecast|039410,20260125-C816-E564-SMALL-#1,2026-01-25
2026-01-30,21141769,E564,2,21141769|C816|E564|2026-01-24|net demand for forecast|039411,20260125-C816-E564-SMALL-#1,2026-01-25
2026-01-30,21141769,E564,2,21141769|C816|E564|2026-01-24|net demand for forecast|039412,20260125-C816-E564-SMALL-#1,2026-01-25
2026-01-30,21141769,E564,2,21141769|C816|E564|2026-01-24|net demand for forecast|039413,20260125-C816-E564-SMALL-#1,2026-01-25
2026-01-30,21141769,E564,2,21141769|C816|E564|2026-01-24|net demand for forecast|039414,20260125-C816-E564-SMALL-#1,2026-01-25
2026-01-30,21141769,E564,2,21141769|C816|E564|2026-01-24|net demand for forecast|039415,20260125-C816-E564-SMALL-#1,2026-01-25
2026-01-30,21141769,E564,2,21141769|C816|E564|2026-01-24|net demand for forecast|039416,20260125-C816-E564-SMALL-#1,2026-01-25
2026-01-30,80804134,E564,1,80804134|C816|E564|2026-01-24|net demand for forecast|039627,20260125-C816-E564-SMALL-#1,2026-01-25
2026-01-30,80804134,E564,1,80804134|C816|E564|2026-01-24|net demand for forecast|039628,20260125-C816-E564-SMALL-#1,2026-01-25
2026-01-30,80804134,E564,1,80804134|C816|E564|2026-01-24|net demand for forecast|039630,20260125-C816-E564-SMALL-#1,2026-01-25
2026-01-30,80804134,E564,1,80804134|C816|E564|2026-01-24|net demand for forecast|039631,20260125-C816-E564-SMALL-#1,2026-01-25
2026-01-30,80804134,E564,1,80804134|C816|E564|2026-01-24|net demand for forecast|039633,20260125-C816-E564-SMALL-#1,2026-01-25
2026-01-30,80804702,E564,1,80804702|C816|E564|2026-01-24|net demand for forecast|039709,20260125-C816-E564-SMALL-#1,2026-01-25
2026-01-30,80804702,E564,1,80804702|C816|E564|2026-01-24|net demand for forecast|039710,20260125-C816-E564-SMALL-#1,2026-01-25
2026-01-30,80804702,E564,1,80804702|C816|E564|2026-01-24|net demand for forecast|039711,20260125-C816-E564-SMALL-#1,2026-01-25
2026-01-30,80804702,E564,1,80804702|C816|E564|2026-01-24|net demand for forecast|039712,20260125-C816-E564-SMALL-#1,2026-01-25
2026-01-30,80804702,E564,1,80804702|C816|E564|2026-01-24|net demand for forecast|039713,20260125-C816-E564-SMALL-#1,2026-01-25
2026-01-30,80804702,E564,1,80804702|C816|E564|2026-01-24|net demand for forecast|039714,20260125-C816-E564-SMALL-#1,2026-01-25
2026-01-30,80804702,E564,1,80804702|C816|E564|2026-01-24|net demand for forecast|039715,20260125-C816-E564-SMALL-#1,2026-01-25
2026-01-30,80807095,E564,1,80807095|C816|E564|2026-01-24|net demand for forecast|039834,20260125-C816-E564-SMALL-#1,2026-01-25
2026-01-30,80807095,E564,1,80807095|C816|E564|2026-01-24|net demand for forecast|039835,20260125-C816-E564-SMALL-#1,2026-01-25
2026-01-30,80807095,E564,1,80807095|C816|E564|2026-01-24|net demand for forecast|039836,20260125-C816-E564-SMALL-#1,2026-01-25
2026-01-30,80807095,E564,1,80807095|C816|E564|2026-01-24|net demand for forecast|039837,20260125-C816-E564-SMALL-#1,2026-01-25
2026-01-30,80807095,E564,1,80807095|C816|E564|2026-01-24|net demand for forecast|039838,20260125-C816-E564-SMALL-#1,2026-01-25
2026-01-30,80807095,E564,1,80807095|C816|E564|2026-01-24|net demand for forecast|039839,20260125-C816-E564-SMALL-#1,2026-01-25
2026-01-30,80807100,E564,1,80807100|C816|E564|2026-01-24|net demand for forecast|039887,20260125-C816-E564-SMALL-#1,2026-01-25
2026-01-30,80807100,E564,1,80807100|C816|E564|2026-01-24|net demand for forecast|039888,20260125-C816-E564-SMALL-#1,2026-01-25
2026-01-30,80807100,E564,1,80807100|C816|E564|2026-01-24|net demand for forecast|039889,20260125-C816-E564-SMALL-#1,2026-01-25
2026-01-30,80807100,E564,1,80807100|C816|E564|2026-01-24|net demand for forecast|039890,20260125-C816-E564-SMALL-#1,2026-01-25
2026-01-30,80807100,E564,1,80807100|C816|E564|2026-01-24|net demand for forecast|039891,20260125-C816-E564-SMALL-#1,2026-01-25
2026-01-30,80807100,E564,1,80807100|C816|E564|2026-01-24|net demand for forecast|039892,20260125-C816-E564-SMALL-#1,2026-01-25
2026-01-30,80807100,E564,1,80807100|C816|E564|2026-01-24|net demand for forecast|039893,20260125-C816-E564-SMALL-#1,2026-01-25
2026-01-30,80807105,E564,1,80807105|C816|E564|2026-01-24|net demand for forecast|039902,20260125-C816-E564-SMALL-#1,2026-01-25
2026-01-30,80807105,E564,1,80807105|C816|E564|2026-01-24|net demand for forecast|039903,20260125-C816-E564-SMALL-#1,2026-01-25
2026-01-30,80807105,E564,1,80807105|C816|E564|2026-01-24|net demand for forecast|039904,20260125-C816-E564-SMALL-#1,2026-01-25
2026-01-30,80807105,E564,1,80807105|C816|E564|2026-01-24|net demand for forecast|039905,20260125-C816-E564-SMALL-#1,2026-01-25
2026-01-30,80807105,E564,1,80807105|C816|E564|2026-01-24|net demand for forecast|039906,20260125-C816-E564-SMALL-#1,2026-01-25
2026-01-30,80807105,E564,1,80807105|C816|E564|2026-01-24|net demand for forecast|039907,20260125-C816-E564-SMALL-#1,2026-01-25
2026-01-30,80807105,E564,1,80807105|C816|E564|2026-01-24|net demand for forecast|039908,20260125-C816-E564-SMALL-#1,2026-01-25
2026-01-30,80812841,E564,3,80812841|C816|E564|2026-01-24|net demand for forecast|040128,20260125-C816-E564-SMALL-#1,2026-01-25
2026-01-30,80812841,E564,3,80812841|C816|E564|2026-01-24|net demand for forecast|040129,20260125-C816-E564-SMALL-#1,2026-01-25
2026-01-30,80812841,E564,3,80812841|C816|E564|2026-01-24|net demand for forecast|040130,20260125-C816-E564-SMALL-#1,2026-01-25
2026-01-30,80812841,E564,3,80812841|C816|E564|2026-01-24|net demand for forecast|040131,20260125-C816-E564-SMALL-#1,2026-01-25
2026-01-30,80812841,E564,3,80812841|C816|E564|2026-01-24|net demand for forecast|040132,20260125-C816-E564-SMALL-#1,2026-01-25
2026-01-30,80812841,E564,3,80812841|C816|E564|2026-01-24|net demand for forecast|040133,20260125-C816-E564-SMALL-#1,2026-01-25
2026-01-30,80812845,E564,1,80812845|C816|E564|2026-01-24|net demand for forecast|040164,20260125-C816-E564-SMALL-#1,2026-01-25
2026-01-30,80812845,E564,1,80812845|C816|E564|2026-01-24|net demand for forecast|040166,20260125-C816-E564-SMALL-#1,2026-01-25
2026-01-30,80812845,E564,1,80812845|C816|E564|2026-01-24|net demand for forecast|040167,20260125-C816-E564-SMALL-#1,2026-01-25
2026-01-30,80812845,E564,1,80812845|C816|E564|2026-01-24|net demand for forecast|040168,20260125-C816-E564-SMALL-#1,2026-01-25
2026-01-30,80812845,E564,1,80812845|C816|E564|2026-01-24|net demand for forecast|040169,20260125-C816-E564-SMALL-#1,2026-01-25
2026-01-30,80812845,E564,1,80812845|C816|E564|2026-01-24|net demand for forecast|040170,20260125-C816-E564-SMALL-#1,2026-01-25
2026-01-30,21141769,E564,1,21141769|C816|E564|2026-01-25|net demand for forecast|040610,20260125-C816-E564-SMALL-#1,2026-01-25
2026-01-30,21141769,E564,1,21141769|C816|E564|2026-01-25|net demand for forecast|040611,20260125-C816-E564-SMALL-#1,2026-01-25
2026-01-30,21141769,E564,1,21141769|C816|E564|2026-01-25|net demand for forecast|040612,20260125-C816-E564-SMALL-#1,2026-01-25
2026-01-30,21141769,E564,1,21141769|C816|E564|2026-01-25|net demand for forecast|040613,20260125-C816-E564-SMALL-#1,2026-01-25
2026-01-30,21141769,E564,1,21141769|C816|E564|2026-01-25|net demand for forecast|040614,20260125-C816-E564-SMALL-#1,2026-01-25
2026-01-30,21141769,E564,1,21141769|C816|E564|2026-01-25|net demand for forecast|040615,20260125-C816-E564-SMALL-#1,2026-01-25
2026-01-30,21141769,E564,1,21141769|C816|E564|2026-01-25|net demand for forecast|040616,20260125-C816-E564-SMALL-#1,2026-01-25
2026-01-30,21148509,E564,1,21148509|C816|E564|2026-01-25|net demand for forecast|040650,20260125-C816-E564-SMALL-#1,2026-01-25
2026-01-30,21148509,E564,1,21148509|C816|E564|2026-01-25|net demand for forecast|040651,20260125-C816-E564-SMALL-#1,2026-01-25
2026-01-30,21148509,E564,1,21148509|C816|E564|2026-01-25|net demand for forecast|040652,20260125-C816-E564-SMALL-#1,2026-01-25
2026-01-30,21148509,E564,1,21148509|C816|E564|2026-01-25|net demand for forecast|040653,20260125-C816-E564-SMALL-#1,2026-01-25
2026-01-30,21148509,E564,1,21148509|C816|E564|2026-01-25|net demand for forecast|040655,20260125-C816-E564-SMALL-#1,2026-01-25
2026-01-30,21148509,E564,1,21148509|C816|E564|2026-01-25|net demand for forecast|040656,20260125-C816-E564-SMALL-#1,2026-01-25
2026-01-30,21165946,E564,1,21165946|C816|E564|2026-01-25|net demand for forecast|040676,20260125-C816-E564-SMALL-#1,2026-01-25
2026-01-30,21165946,E564,1,21165946|C816|E564|2026-01-25|net demand for forecast|040677,20260125-C816-E564-SMALL-#1,2026-01-25
2026-01-30,21165946,E564,1,21165946|C816|E564|2026-01-25|net demand for forecast|040678,20260125-C816-E564-SMALL-#1,2026-01-25
2026-01-30,21165946,E564,1,21165946|C816|E564|2026-01-25|net demand for forecast|040679,20260125-C816-E564-SMALL-#1,2026-01-25
2026-01-30,21165946,E564,1,21165946|C816|E564|2026-01-25|net demand for forecast|040680,20260125-C816-E564-SMALL-#1,2026-01-25
2026-01-30,21165946,E564,1,21165946|C816|E564|2026-01-25|net demand for forecast|040682,20260125-C816-E564-SMALL-#1,2026-01-25
2026-01-30,21325292,E564,1,21325292|C816|E564|2026-01-25|net demand for forecast|040862,20260125-C816-E564-SMALL-#1,2026-01-25
2026-01-30,21325292,E564,1,21325292|C816|E564|2026-01-25|net demand for forecast|040863,20260125-C816-E564-SMALL-#1,2026-01-25
2026-01-30,21325292,E564,1,21325292|C816|E564|2026-01-25|net demand for forecast|040864,20260125-C816-E564-SMALL-#1,2026-01-25
2026-01-30,21325292,E564,1,21325292|C816|E564|2026-01-25|net demand for forecast|040865,20260125-C816-E564-SMALL-#1,2026-01-25
2026-01-30,21325292,E564,1,21325292|C816|E564|2026-01-25|net demand for forecast|040866,20260125-C816-E564-SMALL-#1,2026-01-25
2026-01-30,21325292,E564,1,21325292|C816|E564|2026-01-25|net demand for forecast|040867,20260125-C816-E564-SMALL-#1,2026-01-25
2026-01-30,21325292,E564,1,21325292|C816|E564|2026-01-25|net demand for forecast|040868,20260125-C816-E564-SMALL-#1,2026-01-25
2026-01-30,80804134,E564,1,80804134|C816|E564|2026-01-25|net demand for forecast|041019,20260125-C816-E564-SMALL-#1,2026-01-25
2026-01-30,80804134,E564,1,80804134|C816|E564|2026-01-25|net demand for forecast|041020,20260125-C816-E564-SMALL-#1,2026-01-25
2026-01-30,80804134,E564,1,80804134|C816|E564|2026-01-25|net demand for forecast|041021,20260125-C816-E564-SMALL-#1,2026-01-25
2026-01-30,80804134,E564,1,80804134|C816|E564|2026-01-25|net demand for forecast|041022,20260125-C816-E564-SMALL-#1,2026-01-25
2026-01-30,80804134,E564,1,80804134|C816|E564|2026-01-25|net demand for forecast|041023,20260125-C816-E564-SMALL-#1,2026-01-25
2026-01-30,80804134,E564,1,80804134|C816|E564|2026-01-25|net demand for forecast|041024,20260125-C816-E564-SMALL-#1,2026-01-25
2026-01-30,80804134,E564,1,80804134|C816|E564|2026-01-25|net demand for forecast|041025,20260125-C816-E564-SMALL-#1,2026-01-25
2026-01-30,80807095,E564,2,80807095|C816|E564|2026-01-25|net demand for forecast|041212,20260125-C816-E564-SMALL-#1,2026-01-25
2026-01-30,80807095,E564,2,80807095|C816|E564|2026-01-25|net demand for forecast|041213,20260125-C816-E564-SMALL-#1,2026-01-25
2026-01-30,80807095,E564,2,80807095|C816|E564|2026-01-25|net demand for forecast|041214,20260125-C816-E564-SMALL-#1,2026-01-25
2026-01-30,80807095,E564,2,80807095|C816|E564|2026-01-25|net demand for forecast|041216,20260125-C816-E564-SMALL-#1,2026-01-25
2026-01-30,80807095,E564,2,80807095|C816|E564|2026-01-25|net demand for forecast|041217,20260125-C816-E564-SMALL-#1,2026-01-25
2026-01-30,80807095,E564,2,80807095|C816|E564|2026-01-25|net demand for forecast|041218,20260125-C816-E564-SMALL-#1,2026-01-25
2026-01-30,80807100,E564,1,80807100|C816|E564|2026-01-25|net demand for forecast|041228,20260125-C816-E564-SMALL-#1,2026-01-25
2026-01-30,80807100,E564,1,80807100|C816|E564|2026-01-25|net demand for forecast|041229,20260125-C816-E564-SMALL-#1,2026-01-25
2026-01-30,80807100,E564,1,80807100|C816|E564|2026-01-25|net demand for forecast|041230,20260125-C816-E564-SMALL-#1,2026-01-25
2026-01-30,80807100,E564,1,80807100|C816|E564|2026-01-25|net demand for forecast|041231,20260125-C816-E564-SMALL-#1,2026-01-25
2026-01-30,80807100,E564,1,80807100|C816|E564|2026-01-25|net demand for forecast|041232,20260125-C816-E564-SMALL-#1,2026-01-25
2026-01-30,80807100,E564,1,80807100|C816|E564|2026-01-25|net demand for forecast|041233,20260125-C816-E564-SMALL-#1,2026-01-25
2026-01-30,80807100,E564,1,80807100|C816|E564|2026-01-25|net demand for forecast|041234,20260125-C816-E564-SMALL-#1,2026-01-25
2026-01-30,80807102,E564,2,80807102|C816|E564|2026-01-25|net demand for forecast|041247,20260125-C816-E564-SMALL-#1,2026-01-25
2026-01-30,80807102,E564,2,80807102|C816|E564|2026-01-25|net demand for forecast|041248,20260125-C816-E564-SMALL-#1,2026-01-25
2026-01-30,80807102,E564,2,80807102|C816|E564|2026-01-25|net demand for forecast|041249,20260125-C816-E564-SMALL-#1,2026-01-25
2026-01-30,80807102,E564,2,80807102|C816|E564|2026-01-25|net demand for forecast|041250,20260125-C816-E564-SMALL-#1,2026-01-25
2026-01-30,80807102,E564,2,80807102|C816|E564|2026-01-25|net demand for forecast|041252,20260125-C816-E564-SMALL-#1,2026-01-25
2026-01-30,80807102,E564,2,80807102|C816|E564|2026-01-25|net demand for forecast|041253,20260125-C816-E564-SMALL-#1,2026-01-25
2026-01-30,80807105,E564,1,80807105|C816|E564|2026-01-25|net demand for forecast|041281,20260125-C816-E564-SMALL-#1,2026-01-25
2026-01-30,80807105,E564,1,80807105|C816|E564|2026-01-25|net demand for forecast|041282,20260125-C816-E564-SMALL-#1,2026-01-25
2026-01-30,80807105,E564,1,80807105|C816|E564|2026-01-25|net demand for forecast|041283,20260125-C816-E564-SMALL-#1,2026-01-25
2026-01-30,80807105,E564,1,80807105|C816|E564|2026-01-25|net demand for forecast|041284,20260125-C816-E564-SMALL-#1,2026-01-25
2026-01-30,80807105,E564,1,80807105|C816|E564|2026-01-25|net demand for forecast|041285,20260125-C816-E564-SMALL-#1,2026-01-25
2026-01-30,80807105,E564,1,80807105|C816|E564|2026-01-25|net demand for forecast|041286,20260125-C816-E564-SMALL-#1,2026-01-25
2026-01-30,80807105,E564,1,80807105|C816|E564|2026-01-25|net demand for forecast|041287,20260125-C816-E564-SMALL-#1,2026-01-25
2026-01-30,80807120,E564,1,80807120|C816|E564|2026-01-25|net demand for forecast|041341,20260125-C816-E564-SMALL-#1,2026-01-25
2026-01-30,80807120,E564,1,80807120|C816|E564|2026-01-25|net demand for forecast|041342,20260125-C816-E564-SMALL-#1,2026-01-25
2026-01-30,80807120,E564,1,80807120|C816|E564|2026-01-25|net demand for forecast|041344,20260125-C816-E564-SMALL-#1,2026-01-25
2026-01-30,80807120,E564,1,80807120|C816|E564|2026-01-25|net demand for forecast|041345,20260125-C816-E564-SMALL-#1,2026-01-25
2026-01-30,80807120,E564,1,80807120|C816|E564|2026-01-25|net demand for forecast|041347,20260125-C816-E564-SMALL-#1,2026-01-25
2026-01-30,80812845,E564,2,80812845|C816|E564|2026-01-25|net demand for forecast|041427,20260125-C816-E564-SMALL-#1,2026-01-25
2026-01-30,80812845,E564,2,80812845|C816|E564|2026-01-25|net demand for forecast|041428,20260125-C816-E564-SMALL-#1,2026-01-25
2026-01-30,80812845,E564,2,80812845|C816|E564|2026-01-25|net demand for forecast|041429,20260125-C816-E564-SMALL-#1,2026-01-25
2026-01-30,80812845,E564,2,80812845|C816|E564|2026-01-25|net demand for forecast|041430,20260125-C816-E564-SMALL-#1,2026-01-25
2026-01-30,80812845,E564,2,80812845|C816|E564|2026-01-25|net demand for forecast|041431,20260125-C816-E564-SMALL-#1,2026-01-25
2026-01-30,80812845,E564,2,80812845|C816|E564|2026-01-25|net demand for forecast|041432,20260125-C816-E564-SMALL-#1,2026-01-25
2026-01-30,21098519,E564,1,21098519|C816|E564|2026-01-24|net demand for safety|039187,20260125-C816-E564-SMALL-#1,2026-01-25
2026-01-30,21103371,E564,1,21103371|C816|E564|2026-01-24|net demand for safety|039198,20260125-C816-E564-SMALL-#1,2026-01-25
2026-01-30,21128067,E564,1,21128067|C816|E564|2026-01-24|net demand for safety|039249,20260125-C816-E564-SMALL-#1,2026-01-25
2026-01-30,21132988,E564,2,21132988|C816|E564|2026-01-24|net demand for safety|039325,20260125-C816-E564-SMALL-#1,2026-01-25
2026-01-30,21141769,E564,16,21141769|C816|E564|2026-01-24|net demand for safety|039417,20260125-C816-E564-SMALL-#1,2026-01-25
2026-01-30,21165946,E564,1,21165946|C816|E564|2026-01-24|net demand for safety|039472,20260125-C816-E564-SMALL-#1,2026-01-25
2026-01-30,21170683,E564,1,21170683|C816|E564|2026-01-24|net demand for safety|039476,20260125-C816-E564-SMALL-#1,2026-01-25
2026-01-30,80804133,E564,1,80804133|C816|E564|2026-01-24|net demand for safety|039613,20260125-C816-E564-SMALL-#1,2026-01-25
2026-01-30,80804134,E564,47,80804134|C816|E564|2026-01-24|net demand for safety|039634,20260125-C816-E564-SMALL-#1,2026-01-25
2026-01-30,80804138,E564,2,80804138|C816|E564|2026-01-24|net demand for safety|039662,20260125-C816-E564-SMALL-#1,2026-01-25
2026-01-30,80804698,E564,9,80804698|C816|E564|2026-01-24|net demand for safety|039669,20260125-C816-E564-SMALL-#1,2026-01-25
2026-01-30,80804702,E564,1,80804702|C816|E564|2026-01-24|net demand for safety|039716,20260125-C816-E564-SMALL-#1,2026-01-25
2026-01-30,80804704,E564,15,80804704|C816|E564|2026-01-24|net demand for safety|039739,20260125-C816-E564-SMALL-#1,2026-01-25
2026-01-30,80804705,E564,29,80804705|C816|E564|2026-01-24|net demand for safety|039781,20260125-C816-E564-SMALL-#1,2026-01-25
2026-01-30,80807091,E564,7,80807091|C816|E564|2026-01-24|net demand for safety|039811,20260125-C816-E564-SMALL-#1,2026-01-25
2026-01-30,80807093,E564,4,80807093|C816|E564|2026-01-24|net demand for safety|039825,20260125-C816-E564-SMALL-#1,2026-01-25
2026-01-30,80807100,E564,5,80807100|C816|E564|2026-01-24|net demand for safety|039894,20260125-C816-E564-SMALL-#1,2026-01-25
2026-01-30,80807102,E564,20,80807102|C816|E564|2026-01-24|net demand for safety|039897,20260125-C816-E564-SMALL-#1,2026-01-25
2026-01-30,80807110,E564,7,80807110|C816|E564|2026-01-24|net demand for safety|039928,20260125-C816-E564-SMALL-#1,2026-01-25
2026-01-30,80807112,E564,15,80807112|C816|E564|2026-01-24|net demand for safety|039932,20260125-C816-E564-SMALL-#1,2026-01-25
2026-01-30,80807113,E564,24,80807113|C816|E564|2026-01-24|net demand for safety|039937,20260125-C816-E564-SMALL-#1,2026-01-25
2026-01-30,80807118,E564,9,80807118|C816|E564|2026-01-24|net demand for safety|039966,20260125-C816-E564-SMALL-#1,2026-01-25
2026-01-30,80812839,E564,3,80812839|C816|E564|2026-01-24|net demand for safety|040122,20260125-C816-E564-SMALL-#1,2026-01-25
2026-01-30,21098519,E564,1,21098519|C816|E564|2026-01-25|net demand for safety|040519,20260125-C816-E564-SMALL-#1,2026-01-25
2026-01-30,21103372,E564,6,21103372|C816|E564|2026-01-25|net demand for safety|040533,20260125-C816-E564-SMALL-#1,2026-01-25
2026-01-30,21128067,E564,3,21128067|C816|E564|2026-01-25|net demand for safety|040559,20260125-C816-E564-SMALL-#1,2026-01-25
2026-01-30,21165946,E564,6,21165946|C816|E564|2026-01-25|net demand for safety|040683,20260125-C816-E564-SMALL-#1,2026-01-25
2026-01-30,21170683,E564,1,21170683|C816|E564|2026-01-25|net demand for safety|040686,20260125-C816-E564-SMALL-#1,2026-01-25
2026-01-30,21314876,E564,1,21314876|C816|E564|2026-01-25|net demand for safety|040753,20260125-C816-E564-SMALL-#1,2026-01-25
2026-01-30,21325292,E564,3,21325292|C816|E564|2026-01-25|net demand for safety|040869,20260125-C816-E564-SMALL-#1,2026-01-25
2026-01-30,80804133,E564,17,80804133|C816|E564|2026-01-25|net demand for safety|041004,20260125-C816-E564-SMALL-#1,2026-01-25
2026-01-30,80804138,E564,2,80804138|C816|E564|2026-01-25|net demand for safety|041056,20260125-C816-E564-SMALL-#1,2026-01-25
2026-01-30,80804698,E564,4,80804698|C816|E564|2026-01-25|net demand for safety|041066,20260125-C816-E564-SMALL-#1,2026-01-25
2026-01-30,80804699,E564,1,80804699|C816|E564|2026-01-25|net demand for safety|041076,20260125-C816-E564-SMALL-#1,2026-01-25
2026-01-30,80804705,E564,7,80804705|C816|E564|2026-01-25|net demand for safety|041167,20260125-C816-E564-SMALL-#1,2026-01-25
2026-01-30,80807091,E564,3,80807091|C816|E564|2026-01-25|net demand for safety|041191,20260125-C816-E564-SMALL-#1,2026-01-25
2026-01-30,80807093,E564,3,80807093|C816|E564|2026-01-25|net demand for safety|041205,20260125-C816-E564-SMALL-#1,2026-01-25
2026-01-30,80807096,E564,2,80807096|C816|E564|2026-01-25|net demand for safety|041220,20260125-C816-E564-SMALL-#1,2026-01-25
2026-01-30,80807100,E564,1,80807100|C816|E564|2026-01-25|net demand for safety|041235,20260125-C816-E564-SMALL-#1,2026-01-25
2026-01-30,80807102,E564,32,80807102|C816|E564|2026-01-25|net demand for safety|041254,20260125-C816-E564-SMALL-#1,2026-01-25
2026-01-30,80807110,E564,6,80807110|C816|E564|2026-01-25|net demand for safety|041291,20260125-C816-E564-SMALL-#1,2026-01-25
2026-01-30,80807112,E564,1,80807112|C816|E564|2026-01-25|net demand for safety|041295,20260125-C816-E564-SMALL-#1,2026-01-25
2026-01-30,80807113,E564,14,80807113|C816|E564|2026-01-25|net demand for safety|041301,20260125-C816-E564-SMALL-#1,2026-01-25
2026-01-30,80807114,E564,1,80807114|C816|E564|2026-01-25|net demand for safety|041304,20260125-C816-E564-SMALL-#1,2026-01-25
2026-01-30,80807118,E564,6,80807118|C816|E564|2026-01-25|net demand for safety|041311,20260125-C816-E564-SMALL-#1,2026-01-25
2026-01-30,80807120,E564,3,80807120|C816|E564|2026-01-25|net demand for safety|041348,20260125-C816-E564-SMALL-#1,2026-01-25
2026-01-30,80812840,E564,5,80812840|C816|E564|2026-01-25|net demand for safety|041389,20260125-C816-E564-SMALL-#1,2026-01-25
2026-01-30,80812845,E564,10,80812845|C816|E564|2026-01-25|net demand for safety|041434,20260125-C816-E564-SMALL-#1,2026-01-25
2026-01-30,80812846,E564,4,80812846|C816|E564|2026-01-25|net demand for safety|041440,20260125-C816-E564-SMALL-#1,2026-01-25
2026-01-30,21315474,A668,1,21315474|0386|A668|2026-01-25|net demand for forecast|040792,20260125-0386-A668-Train-#1,2026-01-25
2026-01-30,21315474,A668,1,21315474|0386|A668|2026-01-25|net demand for forecast|040793,20260125-0386-A668-Train-#1,2026-01-25
2026-01-30,21315474,A668,1,21315474|0386|A668|2026-01-25|net demand for forecast|040794,20260125-0386-A668-Train-#1,2026-01-25
2026-01-30,21315474,A668,1,21315474|0386|A668|2026-01-25|net demand for forecast|040795,20260125-0386-A668-Train-#1,2026-01-25
2026-01-30,21315474,A668,1,21315474|0386|A668|2026-01-25|net demand for forecast|040796,20260125-0386-A668-Train-#1,2026-01-25
2026-01-30,21315474,A668,1,21315474|0386|A668|2026-01-25|net demand for forecast|040797,20260125-0386-A668-Train-#1,2026-01-25
2026-01-30,21315474,A668,1,21315474|0386|A668|2026-01-25|net demand for forecast|040798,20260125-0386-A668-Train-#1,2026-01-25
2026-01-30,21315474,A668,1,21315474|0386|A668|2026-01-25|net demand for forecast|040799,20260125-0386-A668-Train-#1,2026-01-25
2026-01-30,21315474,A668,1,21315474|0386|A668|2026-01-25|net demand for forecast|040800,20260125-0386-A668-Train-#1,2026-01-25
2026-01-30,21315474,A668,1,21315474|0386|A668|2026-01-25|net demand for forecast|040801,20260125-0386-A668-Train-#1,2026-01-25
2026-01-30,21314593,A668,31,21314593|0386|A668|2026-01-25|net demand for safety|040710,20260125-0386-A668-Train-#1,2026-01-25
2026-01-30,21315474,A668,58,21315474|0386|A668|2026-01-25|net demand for safety|040802,20260125-0386-A668-Train-#1,2026-01-25
2026-01-30,80804127,A668,10,80804127|0386|A668|2026-01-25|net demand for safety|040929,20260125-0386-A668-Train-#1,2026-01-25
2026-01-30,21143102,A668,40,21143102|0386|A668|2026-01-25|push replenishment|040617,20260125-0386-A668-Train-#1,2026-01-25
2026-01-30,21314593,A668,77,21314593|0386|A668|2026-01-25|push replenishment|040711,20260125-0386-A668-Train-#1,2026-01-25
2026-01-30,21315352,A668,10,21315352|0386|A668|2026-01-25|push replenishment|040761,20260125-0386-A668-Train-#1,2026-01-25
2026-01-30,21315474,A668,128,21315474|0386|A668|2026-01-25|push replenishment|040803,20260125-0386-A668-Train-#1,2026-01-25
2026-01-30,80804127,A668,16,80804127|0386|A668|2026-01-25|push replenishment|040930,20260125-0386-A668-Train-#1,2026-01-25
2026-01-30,80807119,A668,102,80807119|0386|A668|2026-01-25|push replenishment|041313,20260125-0386-A668-Train-#1,2026-01-25
2026-01-30,80840976,C937,1,80840976|C816|C937|2026-01-23|net demand for normal|039133,20260126-C816-C937-SMALL-#1,2026-01-26
2026-01-30,80848023,C937,2,80848023|C816|C937|2026-01-10|net demand for forecast|021576,20260126-C816-C937-SMALL-#1,2026-01-26
2026-01-30,80848023,C937,2,80848023|C816|C937|2026-01-10|net demand for forecast|021577,20260126-C816-C937-SMALL-#1,2026-01-26
2026-01-30,80848023,C937,2,80848023|C816|C937|2026-01-10|net demand for forecast|021578,20260126-C816-C937-SMALL-#1,2026-01-26
2026-01-30,80848023,C937,2,80848023|C816|C937|2026-01-10|net demand for forecast|021579,20260126-C816-C937-SMALL-#1,2026-01-26
2026-01-30,80848023,C937,2,80848023|C816|C937|2026-01-11|net demand for forecast|023432,20260126-C816-C937-SMALL-#1,2026-01-26
2026-01-30,80848023,C937,2,80848023|C816|C937|2026-01-11|net demand for forecast|023433,20260126-C816-C937-SMALL-#1,2026-01-26
2026-01-30,80848023,C937,2,80848023|C816|C937|2026-01-11|net demand for forecast|023434,20260126-C816-C937-SMALL-#1,2026-01-26
2026-01-30,80848023,C937,2,80848023|C816|C937|2026-01-11|net demand for forecast|023435,20260126-C816-C937-SMALL-#1,2026-01-26
2026-01-30,80848023,C937,2,80848023|C816|C937|2026-01-11|net demand for forecast|023436,20260126-C816-C937-SMALL-#1,2026-01-26
2026-01-30,80848023,C937,2,80848023|C816|C937|2026-01-11|net demand for forecast|023437,20260126-C816-C937-SMALL-#1,2026-01-26
2026-01-30,80864470,C937,1,80864470|C816|C937|2026-01-11|net demand for forecast|023596,20260126-C816-C937-SMALL-#1,2026-01-26
2026-01-30,80864470,C937,1,80864470|C816|C937|2026-01-11|net demand for forecast|023597,20260126-C816-C937-SMALL-#1,2026-01-26
2026-01-30,80864470,C937,1,80864470|C816|C937|2026-01-11|net demand for forecast|023598,20260126-C816-C937-SMALL-#1,2026-01-26
2026-01-30,80864470,C937,1,80864470|C816|C937|2026-01-11|net demand for forecast|023599,20260126-C816-C937-SMALL-#1,2026-01-26
2026-01-30,80864470,C937,1,80864470|C816|C937|2026-01-11|net demand for forecast|023600,20260126-C816-C937-SMALL-#1,2026-01-26
2026-01-30,80864470,C937,1,80864470|C816|C937|2026-01-11|net demand for forecast|023601,20260126-C816-C937-SMALL-#1,2026-01-26
2026-01-30,80804127,C937,1,80804127|C816|C937|2026-01-12|net demand for forecast|024176,20260126-C816-C937-SMALL-#1,2026-01-26
2026-01-30,80804127,C937,2,80804127|C816|C937|2026-01-12|net demand for forecast|024177,20260126-C816-C937-SMALL-#1,2026-01-26
2026-01-30,80804127,C937,2,80804127|C816|C937|2026-01-12|net demand for forecast|024178,20260126-C816-C937-SMALL-#1,2026-01-26
2026-01-30,80804127,C937,2,80804127|C816|C937|2026-01-12|net demand for forecast|024179,20260126-C816-C937-SMALL-#1,2026-01-26
2026-01-30,80804127,C937,2,80804127|C816|C937|2026-01-12|net demand for forecast|024180,20260126-C816-C937-SMALL-#1,2026-01-26
2026-01-30,80804127,C937,2,80804127|C816|C937|2026-01-12|net demand for forecast|024181,20260126-C816-C937-SMALL-#1,2026-01-26
2026-01-30,80848023,C937,1,80848023|C816|C937|2026-01-12|net demand for forecast|024932,20260126-C816-C937-SMALL-#1,2026-01-26
2026-01-30,80848023,C937,1,80848023|C816|C937|2026-01-12|net demand for forecast|024933,20260126-C816-C937-SMALL-#1,2026-01-26
2026-01-30,80848023,C937,1,80848023|C816|C937|2026-01-12|net demand for forecast|024934,20260126-C816-C937-SMALL-#1,2026-01-26
2026-01-30,80848023,C937,1,80848023|C816|C937|2026-01-12|net demand for forecast|024935,20260126-C816-C937-SMALL-#1,2026-01-26
2026-01-30,21162696,C937,1,21162696|C816|C937|2026-01-13|net demand for forecast|025365,20260126-C816-C937-SMALL-#1,2026-01-26
2026-01-30,21162696,C937,1,21162696|C816|C937|2026-01-13|net demand for forecast|025366,20260126-C816-C937-SMALL-#1,2026-01-26
2026-01-30,21162696,C937,1,21162696|C816|C937|2026-01-15|net demand for forecast|028588,20260126-C816-C937-SMALL-#1,2026-01-26
2026-01-30,21162696,C937,1,21162696|C816|C937|2026-01-15|net demand for forecast|028589,20260126-C816-C937-SMALL-#1,2026-01-26
2026-01-30,21162696,C937,1,21162696|C816|C937|2026-01-15|net demand for forecast|028590,20260126-C816-C937-SMALL-#1,2026-01-26
2026-01-30,21179704,C937,1,21179704|C816|C937|2026-01-15|net demand for forecast|028595,20260126-C816-C937-SMALL-#1,2026-01-26
2026-01-30,21179704,C937,1,21179704|C816|C937|2026-01-15|net demand for forecast|028596,20260126-C816-C937-SMALL-#1,2026-01-26
2026-01-30,80848027,C937,1,80848027|C816|C937|2026-01-15|net demand for forecast|029667,20260126-C816-C937-SMALL-#1,2026-01-26
2026-01-30,80848027,C937,1,80848027|C816|C937|2026-01-15|net demand for forecast|029668,20260126-C816-C937-SMALL-#1,2026-01-26
2026-01-30,80848027,C937,1,80848027|C816|C937|2026-01-15|net demand for forecast|029669,20260126-C816-C937-SMALL-#1,2026-01-26
2026-01-30,80840976,C937,1,80840976|C816|C937|2026-01-18|net demand for forecast|033531,20260126-C816-C937-SMALL-#1,2026-01-26
2026-01-30,80840976,C937,1,80840976|C816|C937|2026-01-18|net demand for forecast|033533,20260126-C816-C937-SMALL-#1,2026-01-26
2026-01-30,80848023,C937,1,80848023|C816|C937|2026-01-20|net demand for forecast|036040,20260126-C816-C937-SMALL-#1,2026-01-26
2026-01-30,80848023,C937,1,80848023|C816|C937|2026-01-20|net demand for forecast|036043,20260126-C816-C937-SMALL-#1,2026-01-26
2026-01-30,80848023,C937,1,80848023|C816|C937|2026-01-20|net demand for forecast|036044,20260126-C816-C937-SMALL-#1,2026-01-26
2026-01-30,80848023,C937,1,80848023|C816|C937|2026-01-20|net demand for forecast|036045,20260126-C816-C937-SMALL-#1,2026-01-26
2026-01-30,80848023,C937,1,80848023|C816|C937|2026-01-21|net demand for forecast|037110,20260126-C816-C937-SMALL-#1,2026-01-26
2026-01-30,80848023,C937,1,80848023|C816|C937|2026-01-21|net demand for forecast|037111,20260126-C816-C937-SMALL-#1,2026-01-26
2026-01-30,80848023,C937,1,80848023|C816|C937|2026-01-21|net demand for forecast|037112,20260126-C816-C937-SMALL-#1,2026-01-26
2026-01-30,80848023,C937,1,80848023|C816|C937|2026-01-21|net demand for forecast|037113,20260126-C816-C937-SMALL-#1,2026-01-26
2026-01-30,80848023,C937,1,80848023|C816|C937|2026-01-21|net demand for forecast|037114,20260126-C816-C937-SMALL-#1,2026-01-26
2026-01-30,80848023,C937,1,80848023|C816|C937|2026-01-21|net demand for forecast|037115,20260126-C816-C937-SMALL-#1,2026-01-26
2026-01-30,21314602,C937,1,21314602|C816|C937|2026-01-22|net demand for forecast|037423,20260126-C816-C937-SMALL-#1,2026-01-26
2026-01-30,21314602,C937,1,21314602|C816|C937|2026-01-22|net demand for forecast|037424,20260126-C816-C937-SMALL-#1,2026-01-26
2026-01-30,21314602,C937,1,21314602|C816|C937|2026-01-22|net demand for forecast|037425,20260126-C816-C937-SMALL-#1,2026-01-26
2026-01-30,21377504,C937,1,21377504|C816|C937|2026-01-23|net demand for forecast|038399,20260126-C816-C937-SMALL-#1,2026-01-26
2026-01-30,21377504,C937,1,21377504|C816|C937|2026-01-23|net demand for forecast|038400,20260126-C816-C937-SMALL-#1,2026-01-26
2026-01-30,21377504,C937,1,21377504|C816|C937|2026-01-23|net demand for forecast|038401,20260126-C816-C937-SMALL-#1,2026-01-26
2026-01-30,21377504,C937,1,21377504|C816|C937|2026-01-23|net demand for forecast|038402,20260126-C816-C937-SMALL-#1,2026-01-26
2026-01-30,80840976,C937,1,80840976|C816|C937|2026-01-23|net demand for forecast|039129,20260126-C816-C937-SMALL-#1,2026-01-26
2026-01-30,80840976,C937,1,80840976|C816|C937|2026-01-23|net demand for forecast|039130,20260126-C816-C937-SMALL-#1,2026-01-26
2026-01-30,80840976,C937,1,80840976|C816|C937|2026-01-23|net demand for forecast|039131,20260126-C816-C937-SMALL-#1,2026-01-26
2026-01-30,80840976,C937,1,80840976|C816|C937|2026-01-23|net demand for forecast|039132,20260126-C816-C937-SMALL-#1,2026-01-26
2026-01-30,80864470,C937,1,80864470|C816|C937|2026-01-23|net demand for forecast|039165,20260126-C816-C937-SMALL-#1,2026-01-26
2026-01-30,80864470,C937,1,80864470|C816|C937|2026-01-23|net demand for forecast|039166,20260126-C816-C937-SMALL-#1,2026-01-26
2026-01-30,80864470,C937,1,80864470|C816|C937|2026-01-23|net demand for forecast|039167,20260126-C816-C937-SMALL-#1,2026-01-26
2026-01-30,80864470,C937,1,80864470|C816|C937|2026-01-23|net demand for forecast|039168,20260126-C816-C937-SMALL-#1,2026-01-26
2026-01-30,80864470,C937,1,80864470|C816|C937|2026-01-23|net demand for forecast|039169,20260126-C816-C937-SMALL-#1,2026-01-26
2026-01-30,21354246,C937,1,21354246|C816|C937|2026-01-24|net demand for forecast|039530,20260126-C816-C937-SMALL-#1,2026-01-26
2026-01-30,21354246,C937,1,21354246|C816|C937|2026-01-24|net demand for forecast|039531,20260126-C816-C937-SMALL-#1,2026-01-26
2026-01-30,21354246,C937,1,21354246|C816|C937|2026-01-24|net demand for forecast|039532,20260126-C816-C937-SMALL-#1,2026-01-26
2026-01-30,80848023,C937,1,80848023|C816|C937|2026-01-24|net demand for forecast|040237,20260126-C816-C937-SMALL-#1,2026-01-26
2026-01-30,80848023,C937,1,80848023|C816|C937|2026-01-24|net demand for forecast|040238,20260126-C816-C937-SMALL-#1,2026-01-26
2026-01-30,80848023,C937,1,80848023|C816|C937|2026-01-24|net demand for forecast|040239,20260126-C816-C937-SMALL-#1,2026-01-26
2026-01-30,80848023,C937,1,80848023|C816|C937|2026-01-24|net demand for forecast|040242,20260126-C816-C937-SMALL-#1,2026-01-26
2026-01-30,80864470,C937,2,80864470|C816|C937|2026-01-11|net demand for safety|023602,20260126-C816-C937-SMALL-#1,2026-01-26
2026-01-30,21179704,C937,4,21179704|C816|C937|2026-01-12|net demand for safety|024057,20260126-C816-C937-SMALL-#1,2026-01-26
2026-01-30,21377504,C937,1,21377504|C816|C937|2026-01-12|net demand for safety|024144,20260126-C816-C937-SMALL-#1,2026-01-26
2026-01-30,80804127,C937,15,80804127|C816|C937|2026-01-12|net demand for safety|024182,20260126-C816-C937-SMALL-#1,2026-01-26
2026-01-30,21118867,C937,1,21118867|C816|C937|2026-01-13|net demand for safety|025192,20260126-C816-C937-SMALL-#1,2026-01-26
2026-01-30,80848027,C937,4,80848027|C816|C937|2026-01-13|net demand for safety|026604,20260126-C816-C937-SMALL-#1,2026-01-26
2026-01-30,21377504,C937,1,21377504|C816|C937|2026-01-14|net demand for safety|027215,20260126-C816-C937-SMALL-#1,2026-01-26
2026-01-30,80795932,C937,1,80795932|C816|C937|2026-01-14|net demand for safety|027239,20260126-C816-C937-SMALL-#1,2026-01-26
2026-01-30,21162696,C937,2,21162696|C816|C937|2026-01-15|net demand for safety|028591,20260126-C816-C937-SMALL-#1,2026-01-26
2026-01-30,21179704,C937,1,21179704|C816|C937|2026-01-15|net demand for safety|028597,20260126-C816-C937-SMALL-#1,2026-01-26
2026-01-30,21314602,C937,1,21314602|C816|C937|2026-01-15|net demand for safety|028651,20260126-C816-C937-SMALL-#1,2026-01-26
2026-01-30,80793615,C937,1,80793615|C816|C937|2026-01-15|net demand for safety|028789,20260126-C816-C937-SMALL-#1,2026-01-26
2026-01-30,80848027,C937,2,80848027|C816|C937|2026-01-15|net demand for safety|029670,20260126-C816-C937-SMALL-#1,2026-01-26
2026-01-30,21354246,C937,2,21354246|C816|C937|2026-01-16|net demand for safety|030219,20260126-C816-C937-SMALL-#1,2026-01-26
2026-01-30,21377504,C937,1,21377504|C816|C937|2026-01-16|net demand for safety|030220,20260126-C816-C937-SMALL-#1,2026-01-26
2026-01-30,21314602,C937,1,21314602|C816|C937|2026-01-18|net demand for safety|032821,20260126-C816-C937-SMALL-#1,2026-01-26
2026-01-30,80840976,C937,5,80840976|C816|C937|2026-01-18|net demand for safety|033534,20260126-C816-C937-SMALL-#1,2026-01-26
2026-01-30,80848023,C937,2,80848023|C816|C937|2026-01-19|net demand for safety|034866,20260126-C816-C937-SMALL-#1,2026-01-26
2026-01-30,80848023,C937,4,80848023|C816|C937|2026-01-20|net demand for safety|036046,20260126-C816-C937-SMALL-#1,2026-01-26
2026-01-30,21354246,C937,1,21354246|C816|C937|2026-01-21|net demand for safety|036531,20260126-C816-C937-SMALL-#1,2026-01-26
2026-01-30,80812110,C937,1,80812110|C816|C937|2026-01-21|net demand for safety|036928,20260126-C816-C937-SMALL-#1,2026-01-26
2026-01-30,80848023,C937,3,80848023|C816|C937|2026-01-21|net demand for safety|037116,20260126-C816-C937-SMALL-#1,2026-01-26
2026-01-30,80796091,C937,1,80796091|C816|C937|2026-01-22|net demand for safety|037504,20260126-C816-C937-SMALL-#1,2026-01-26
2026-01-30,21377504,C937,3,21377504|C816|C937|2026-01-23|net demand for safety|038403,20260126-C816-C937-SMALL-#1,2026-01-26
2026-01-30,80840976,C937,1,80840976|C816|C937|2026-01-23|net demand for safety|039134,20260126-C816-C937-SMALL-#1,2026-01-26
2026-01-30,21354246,C937,3,21354246|C816|C937|2026-01-24|net demand for safety|039534,20260126-C816-C937-SMALL-#1,2026-01-26
2026-01-30,80796091,C937,1,80796091|C816|C937|2026-01-24|net demand for safety|039584,20260126-C816-C937-SMALL-#1,2026-01-26
2026-01-30,80848023,C937,2,80848023|C816|C937|2026-01-24|net demand for safety|040243,20260126-C816-C937-SMALL-#1,2026-01-26
2026-01-30,80848026,D901,18,80848026|A673|D901|2026-01-27|net demand for normal|044154,20260127-A673-D901-SMALL-#1,2026-01-27
2026-01-30,21148509,D901,1,21148509|A673|D901|2026-01-27|net demand for forecast|042972,20260127-A673-D901-SMALL-#1,2026-01-27
2026-01-30,80804704,D901,1,80804704|A673|D901|2026-01-27|net demand for forecast|043393,20260127-A673-D901-SMALL-#1,2026-01-27
2026-01-30,80807119,D901,3,80807119|A673|D901|2026-01-27|net demand for forecast|043766,20260127-A673-D901-SMALL-#1,2026-01-27
2026-01-30,80848022,D901,1,80848022|A673|D901|2026-01-27|net demand for forecast|043995,20260127-A673-D901-SMALL-#1,2026-01-27
2026-01-30,21128377,D901,67,21128377|A673|D901|2026-01-27|net demand for safety|042888,20260127-A673-D901-SMALL-#1,2026-01-27
2026-01-30,21155895,D901,14,21155895|A673|D901|2026-01-27|net demand for safety|042977,20260127-A673-D901-SMALL-#1,2026-01-27
2026-01-30,21314594,D901,2,21314594|A673|D901|2026-01-27|net demand for safety|043033,20260127-A673-D901-SMALL-#1,2026-01-27
2026-01-30,80840976,D901,2,80840976|A673|D901|2026-01-27|net demand for safety|043983,20260127-A673-D901-SMALL-#1,2026-01-27
2026-01-30,80807097,D767,1,80807097|C810|D767|2026-01-27|net demand for forecast|043631,20260127-C810-D767-SMALL-#1,2026-01-27
2026-01-30,21314593,D767,11,21314593|C810|D767|2026-01-27|net demand for safety|043030,20260127-C810-D767-SMALL-#1,2026-01-27
2026-01-30,80848026,D191,1,80848026|C816|D191|2026-01-16|net demand for AO|031049,20260127-C816-D191-SMALL-#1,2026-01-27
2026-01-30,80848026,D191,2,80848026|C816|D191|2026-01-17|net demand for AO|032426,20260127-C816-D191-SMALL-#1,2026-01-27
2026-01-30,80848026,D191,2,80848026|C816|D191|2026-01-17|net demand for AO|032427,20260127-C816-D191-SMALL-#1,2026-01-27
2026-01-30,80848026,D191,1,80848026|C816|D191|2026-01-19|net demand for AO|034876,20260127-C816-D191-SMALL-#1,2026-01-27
2026-01-30,80812845,D191,1,80812845|C816|D191|2026-01-25|net demand for AO|041420,20260127-C816-D191-SMALL-#1,2026-01-27
2026-01-30,80807105,D191,2,80807105|C816|D191|2026-01-16|net demand for forecast|030587,20260127-C816-D191-SMALL-#1,2026-01-27
2026-01-30,80848026,D191,3,80848026|C816|D191|2026-01-16|net demand for forecast|031054,20260127-C816-D191-SMALL-#1,2026-01-27
2026-01-30,21137866,D191,1,21137866|C816|D191|2026-01-18|net demand for forecast|032707,20260127-C816-D191-SMALL-#1,2026-01-27
2026-01-30,80848029,D191,1,80848029|C816|D191|2026-01-25|net demand for forecast|041667,20260127-C816-D191-SMALL-#1,2026-01-27
2026-01-30,80804134,D191,1,80804134|C816|D191|2026-01-27|net demand for forecast|043256,20260127-C816-D191-SMALL-#1,2026-01-27
2026-01-30,80804134,D191,1,80804134|C816|D191|2026-01-27|net demand for forecast|043257,20260127-C816-D191-SMALL-#1,2026-01-27
2026-01-30,80804134,D191,1,80804134|C816|D191|2026-01-27|net demand for forecast|043258,20260127-C816-D191-SMALL-#1,2026-01-27
2026-01-30,80804136,D191,1,80804136|C816|D191|2026-01-27|net demand for forecast|043277,20260127-C816-D191-SMALL-#1,2026-01-27
2026-01-30,80804136,D191,1,80804136|C816|D191|2026-01-27|net demand for forecast|043279,20260127-C816-D191-SMALL-#1,2026-01-27
2026-01-30,21137866,D191,2,21137866|C816|D191|2026-01-13|net demand for safety|025304,20260127-C816-D191-SMALL-#1,2026-01-27
2026-01-30,80807105,D191,24,80807105|C816|D191|2026-01-16|net demand for safety|030589,20260127-C816-D191-SMALL-#1,2026-01-27
2026-01-30,80804704,D191,1,80804704|C816|D191|2026-01-18|net demand for safety|033015,20260127-C816-D191-SMALL-#1,2026-01-27
2026-01-30,80812845,D191,23,80812845|C816|D191|2026-01-23|net demand for safety|039004,20260127-C816-D191-SMALL-#1,2026-01-27
2026-01-30,80805856,C810,1,80805856|0386|C810|2026-01-27|net demand for forecast|043540,20260127-0386-C810-LARGE-#1,2026-01-27
2026-01-30,80807116,C810,4,80807116|0386|C810|2026-01-27|net demand for forecast|043711,20260127-0386-C810-LARGE-#1,2026-01-27
2026-01-30,80812841,C810,1,80812841|0386|C810|2026-01-27|net demand for forecast|043893,20260127-0386-C810-LARGE-#1,2026-01-27
2026-01-30,80848026,C810,11,80848026|0386|C810|2026-01-27|net demand for forecast|044130,20260127-0386-C810-LARGE-#1,2026-01-27
2026-01-30,80848026,C810,11,80848026|0386|C810|2026-01-27|net demand for forecast|044131,20260127-0386-C810-LARGE-#1,2026-01-27
2026-01-30,80812841,C810,5,80812841|0386|C810|2026-01-27|net demand for net demand for forecast|043903,20260127-0386-C810-LARGE-#1,2026-01-27
2026-01-30,80848026,C810,3,80848026|0386|C810|2026-01-27|net demand for net demand for forecast|044139,20260127-0386-C810-LARGE-#1,2026-01-27
2026-01-30,80848026,C810,4,80848026|0386|C810|2026-01-27|net demand for net demand for forecast|044141,20260127-0386-C810-LARGE-#1,2026-01-27
2026-01-30,80848026,C810,5,80848026|0386|C810|2026-01-27|net demand for net demand for forecast|044144,20260127-0386-C810-LARGE-#1,2026-01-27
2026-01-30,80848026,C810,128,80848026|0386|C810|2026-01-27|net demand for safety|044151,20260127-0386-C810-LARGE-#1,2026-01-27
2026-01-30,21165946,C810,1,21165946|0386|C810|2026-01-27|net demand for net demand for safety|042984,20260127-0386-C810-LARGE-#1,2026-01-27
2026-01-30,21103371,C810,103,21103371|0386|C810|2026-01-27|push replenishment|042844,20260127-0386-C810-LARGE-#1,2026-01-27
2026-01-30,21170683,C810,3,21170683|0386|C810|2026-01-27|push replenishment|042996,20260127-0386-C810-LARGE-#1,2026-01-27
2026-01-30,21301637,C816,12,21301637|0386|C816|2026-01-28|net demand for safety|044377,20260128-0386-C816-LARGE-#1,2026-01-28
2026-01-30,21141769,C816,2,21141769|0386|C816|2026-01-29|net demand for forecast|045514,20260129-0386-C816-LARGE-#1,2026-01-29
2026-01-30,21141769,C816,2,21141769|0386|C816|2026-01-29|net demand for forecast|045515,20260129-0386-C816-LARGE-#1,2026-01-29
2026-01-30,21141769,C816,2,21141769|0386|C816|2026-01-29|net demand for forecast|045516,20260129-0386-C816-LARGE-#1,2026-01-29
2026-01-30,21141769,C816,2,21141769|0386|C816|2026-01-29|net demand for forecast|045518,20260129-0386-C816-LARGE-#1,2026-01-29
2026-01-30,21141769,C816,2,21141769|0386|C816|2026-01-29|net demand for forecast|045519,20260129-0386-C816-LARGE-#1,2026-01-29
2026-01-30,21141769,C816,2,21141769|0386|C816|2026-01-29|net demand for forecast|045520,20260129-0386-C816-LARGE-#1,2026-01-29
2026-01-30,80804704,C816,11,80804704|0386|C816|2026-01-29|net demand for forecast|045950,20260129-0386-C816-LARGE-#1,2026-01-29
2026-01-30,80804704,C816,13,80804704|0386|C816|2026-01-29|net demand for forecast|045951,20260129-0386-C816-LARGE-#1,2026-01-29
2026-01-30,80804704,C816,17,80804704|0386|C816|2026-01-29|net demand for forecast|045952,20260129-0386-C816-LARGE-#1,2026-01-29
2026-01-30,80804704,C816,17,80804704|0386|C816|2026-01-29|net demand for forecast|045953,20260129-0386-C816-LARGE-#1,2026-01-29
2026-01-30,80804704,C816,17,80804704|0386|C816|2026-01-29|net demand for forecast|045954,20260129-0386-C816-LARGE-#1,2026-01-29
2026-01-30,80804704,C816,17,80804704|0386|C816|2026-01-29|net demand for forecast|045955,20260129-0386-C816-LARGE-#1,2026-01-29
2026-01-30,80807089,C816,7,80807089|0386|C816|2026-01-29|net demand for forecast|046081,20260129-0386-C816-LARGE-#1,2026-01-29
2026-01-30,80807089,C816,8,80807089|0386|C816|2026-01-29|net demand for forecast|046083,20260129-0386-C816-LARGE-#1,2026-01-29
2026-01-30,80807089,C816,8,80807089|0386|C816|2026-01-29|net demand for forecast|046084,20260129-0386-C816-LARGE-#1,2026-01-29
2026-01-30,80807089,C816,9,80807089|0386|C816|2026-01-29|net demand for forecast|046086,20260129-0386-C816-LARGE-#1,2026-01-29
2026-01-30,80804704,C816,4,80804704|0386|C816|2026-01-29|net demand for net demand for forecast|045956,20260129-0386-C816-LARGE-#1,2026-01-29
2026-01-30,80804704,C816,4,80804704|0386|C816|2026-01-29|net demand for net demand for forecast|045957,20260129-0386-C816-LARGE-#1,2026-01-29
2026-01-30,80804704,C816,4,80804704|0386|C816|2026-01-29|net demand for net demand for forecast|045958,20260129-0386-C816-LARGE-#1,2026-01-29
2026-01-30,80804704,C816,6,80804704|0386|C816|2026-01-29|net demand for net demand for forecast|045959,20260129-0386-C816-LARGE-#1,2026-01-29
2026-01-30,80804704,C816,6,80804704|0386|C816|2026-01-29|net demand for net demand for forecast|045960,20260129-0386-C816-LARGE-#1,2026-01-29
2026-01-30,80804704,C816,6,80804704|0386|C816|2026-01-29|net demand for net demand for forecast|045961,20260129-0386-C816-LARGE-#1,2026-01-29
2026-01-30,80804704,C816,6,80804704|0386|C816|2026-01-29|net demand for net demand for forecast|045962,20260129-0386-C816-LARGE-#1,2026-01-29
2026-01-30,80804704,C816,12,80804704|0386|C816|2026-01-29|net demand for net demand for forecast|045963,20260129-0386-C816-LARGE-#1,2026-01-29
2026-01-30,80804704,C816,15,80804704|0386|C816|2026-01-29|net demand for net demand for forecast|045964,20260129-0386-C816-LARGE-#1,2026-01-29
2026-01-30,80804704,C816,15,80804704|0386|C816|2026-01-29|net demand for net demand for forecast|045965,20260129-0386-C816-LARGE-#1,2026-01-29
2026-01-30,80804704,C816,19,80804704|0386|C816|2026-01-29|net demand for net demand for forecast|045966,20260129-0386-C816-LARGE-#1,2026-01-29
2026-01-30,80804704,C816,19,80804704|0386|C816|2026-01-29|net demand for net demand for forecast|045967,20260129-0386-C816-LARGE-#1,2026-01-29
2026-01-30,80804704,C816,19,80804704|0386|C816|2026-01-29|net demand for net demand for forecast|045968,20260129-0386-C816-LARGE-#1,2026-01-29
2026-01-30,80804704,C816,19,80804704|0386|C816|2026-01-29|net demand for net demand for forecast|045969,20260129-0386-C816-LARGE-#1,2026-01-29
2026-01-30,80807089,C816,2,80807089|0386|C816|2026-01-29|net demand for net demand for forecast|046087,20260129-0386-C816-LARGE-#1,2026-01-29
2026-01-30,80807089,C816,2,80807089|0386|C816|2026-01-29|net demand for net demand for forecast|046088,20260129-0386-C816-LARGE-#1,2026-01-29
2026-01-30,80807089,C816,2,80807089|0386|C816|2026-01-29|net demand for net demand for forecast|046089,20260129-0386-C816-LARGE-#1,2026-01-29
2026-01-30,80807089,C816,3,80807089|0386|C816|2026-01-29|net demand for net demand for forecast|046090,20260129-0386-C816-LARGE-#1,2026-01-29
2026-01-30,80807089,C816,3,80807089|0386|C816|2026-01-29|net demand for net demand for forecast|046091,20260129-0386-C816-LARGE-#1,2026-01-29
2026-01-30,80807089,C816,3,80807089|0386|C816|2026-01-29|net demand for net demand for forecast|046092,20260129-0386-C816-LARGE-#1,2026-01-29
2026-01-30,80807089,C816,3,80807089|0386|C816|2026-01-29|net demand for net demand for forecast|046093,20260129-0386-C816-LARGE-#1,2026-01-29
2026-01-30,80807089,C816,4,80807089|0386|C816|2026-01-29|net demand for net demand for forecast|046094,20260129-0386-C816-LARGE-#1,2026-01-29
2026-01-30,80807089,C816,4,80807089|0386|C816|2026-01-29|net demand for net demand for forecast|046095,20260129-0386-C816-LARGE-#1,2026-01-29
2026-01-30,80807089,C816,4,80807089|0386|C816|2026-01-29|net demand for net demand for forecast|046096,20260129-0386-C816-LARGE-#1,2026-01-29
2026-01-30,80807089,C816,5,80807089|0386|C816|2026-01-29|net demand for net demand for forecast|046097,20260129-0386-C816-LARGE-#1,2026-01-29
2026-01-30,80807089,C816,5,80807089|0386|C816|2026-01-29|net demand for net demand for forecast|046098,20260129-0386-C816-LARGE-#1,2026-01-29
2026-01-30,80807089,C816,7,80807089|0386|C816|2026-01-29|net demand for net demand for forecast|046100,20260129-0386-C816-LARGE-#1,2026-01-29
2026-01-30,80807089,C816,9,80807089|0386|C816|2026-01-29|net demand for net demand for forecast|046101,20260129-0386-C816-LARGE-#1,2026-01-29
2026-01-30,80807089,C816,9,80807089|0386|C816|2026-01-29|net demand for net demand for forecast|046103,20260129-0386-C816-LARGE-#1,2026-01-29
2026-01-30,80807089,C816,9,80807089|0386|C816|2026-01-29|net demand for net demand for forecast|046104,20260129-0386-C816-LARGE-#1,2026-01-29
2026-01-30,80807089,C816,12,80807089|0386|C816|2026-01-29|net demand for net demand for net demand for forecast|046105,20260129-0386-C816-LARGE-#1,2026-01-29
2026-01-30,80807089,C816,12,80807089|0386|C816|2026-01-29|net demand for net demand for net demand for forecast|046106,20260129-0386-C816-LARGE-#1,2026-01-29
2026-01-30,80807089,C816,12,80807089|0386|C816|2026-01-29|net demand for net demand for net demand for forecast|046107,20260129-0386-C816-LARGE-#1,2026-01-29
2026-01-30,80807089,C816,12,80807089|0386|C816|2026-01-29|net demand for net demand for net demand for forecast|046108,20260129-0386-C816-LARGE-#1,2026-01-29
2026-01-30,21132758,C816,170,21132758|0386|C816|2026-01-29|net demand for safety|045305,20260129-0386-C816-LARGE-#1,2026-01-29
2026-01-30,21132988,C816,64,21132988|0386|C816|2026-01-29|net demand for safety|045351,20260129-0386-C816-LARGE-#1,2026-01-29
2026-01-30,21133312,C816,65,21133312|0386|C816|2026-01-29|net demand for safety|045415,20260129-0386-C816-LARGE-#1,2026-01-29
2026-01-30,21141769,C816,102,21141769|0386|C816|2026-01-29|net demand for safety|045522,20260129-0386-C816-LARGE-#1,2026-01-29
2026-01-30,21143103,C816,12,21143103|0386|C816|2026-01-29|net demand for safety|045540,20260129-0386-C816-LARGE-#1,2026-01-29
2026-01-30,21179704,C816,16,21179704|0386|C816|2026-01-29|net demand for safety|045600,20260129-0386-C816-LARGE-#1,2026-01-29
2026-01-30,21434954,C816,32,21434954|0386|C816|2026-01-29|net demand for safety|045724,20260129-0386-C816-LARGE-#1,2026-01-29
2026-01-30,80807089,C816,246,80807089|0386|C816|2026-01-29|net demand for safety|046113,20260129-0386-C816-LARGE-#1,2026-01-29
2026-01-30,80812110,C816,34,80812110|0386|C816|2026-01-29|net demand for safety|046298,20260129-0386-C816-LARGE-#1,2026-01-29
2026-01-30,21132758,C816,6,21132758|0386|C816|2026-01-29|net demand for net demand for safety|045301,20260129-0386-C816-LARGE-#1,2026-01-29
2026-01-30,21132758,C816,7,21132758|0386|C816|2026-01-29|net demand for net demand for safety|045302,20260129-0386-C816-LARGE-#1,2026-01-29
2026-01-30,21132758,C816,11,21132758|0386|C816|2026-01-29|net demand for net demand for safety|045303,20260129-0386-C816-LARGE-#1,2026-01-29
2026-01-30,21132758,C816,27,21132758|0386|C816|2026-01-29|net demand for net demand for safety|045304,20260129-0386-C816-LARGE-#1,2026-01-29
2026-01-30,21132988,C816,1,21132988|0386|C816|2026-01-29|net demand for net demand for safety|045348,20260129-0386-C816-LARGE-#1,2026-01-29
2026-01-30,21132988,C816,15,21132988|0386|C816|2026-01-29|net demand for net demand for safety|045349,20260129-0386-C816-LARGE-#1,2026-01-29
2026-01-30,21132988,C816,43,21132988|0386|C816|2026-01-29|net demand for net demand for safety|045350,20260129-0386-C816-LARGE-#1,2026-01-29
2026-01-30,21133312,C816,1,21133312|0386|C816|2026-01-29|net demand for net demand for safety|045413,20260129-0386-C816-LARGE-#1,2026-01-29
2026-01-30,21133312,C816,2,21133312|0386|C816|2026-01-29|net demand for net demand for safety|045414,20260129-0386-C816-LARGE-#1,2026-01-29
2026-01-30,21141769,C816,4,21141769|0386|C816|2026-01-29|net demand for net demand for safety|045521,20260129-0386-C816-LARGE-#1,2026-01-29
2026-01-30,21179704,C816,5,21179704|0386|C816|2026-01-29|net demand for net demand for safety|045599,20260129-0386-C816-LARGE-#1,2026-01-29
2026-01-30,21434954,C816,1,21434954|0386|C816|2026-01-29|net demand for net demand for safety|045723,20260129-0386-C816-LARGE-#1,2026-01-29
2026-01-30,80807089,C816,13,80807089|0386|C816|2026-01-29|net demand for net demand for safety|046110,20260129-0386-C816-LARGE-#1,2026-01-29
2026-01-30,80807089,C816,49,80807089|0386|C816|2026-01-29|net demand for net demand for safety|046111,20260129-0386-C816-LARGE-#1,2026-01-29
2026-01-30,80807089,C816,115,80807089|0386|C816|2026-01-29|net demand for net demand for safety|046112,20260129-0386-C816-LARGE-#1,2026-01-29
2026-01-30,80812110,C816,2,80812110|0386|C816|2026-01-29|net demand for net demand for safety|046297,20260129-0386-C816-LARGE-#1,2026-01-29
2026-01-30,80807089,C816,127,80807089|0386|C816|2026-01-29|net demand for net demand for net demand for safety|046109,20260129-0386-C816-LARGE-#1,2026-01-29
2026-01-30,21132758,C816,57,21132758|0386|C816|2026-01-29|push replenishment|045306,20260129-0386-C816-LARGE-#1,2026-01-29
2026-01-30,21133312,C816,34,21133312|0386|C816|2026-01-29|push replenishment|045416,20260129-0386-C816-LARGE-#1,2026-01-29
2026-01-30,21133493,C816,15,21133493|0386|C816|2026-01-29|push replenishment|045425,20260129-0386-C816-LARGE-#1,2026-01-29
2026-01-30,21141769,C816,15,21141769|0386|C816|2026-01-29|push replenishment|045523,20260129-0386-C816-LARGE-#1,2026-01-29
2026-01-30,21179704,C816,56,21179704|0386|C816|2026-01-29|push replenishment|045601,20260129-0386-C816-LARGE-#1,2026-01-29
2026-01-30,21421149,C816,375,21421149|0386|C816|2026-01-29|push replenishment|045711,20260129-0386-C816-LARGE-#1,2026-01-29
2026-01-30,21434954,C816,324,21434954|0386|C816|2026-01-29|push replenishment|045725,20260129-0386-C816-LARGE-#1,2026-01-29
2026-01-30,80807089,C816,639,80807089|0386|C816|2026-01-29|push replenishment|046114,20260129-0386-C816-LARGE-#1,2026-01-29
2026-01-30,80812110,C816,18,80812110|0386|C816|2026-01-29|push replenishment|046299,20260129-0386-C816-LARGE-#1,2026-01-29
