date,material,location,beginning_inventory,production_gr,delivery_gr,shipment,delivery_ship,ending_inventory,calculated_ending,balance_diff
2026-01-27,80848028,C937,37,0,0,1,0.0,36,36.0,0.0
2026-01-27,80805852,A668,7,0,0,1,0.0,6,6.0,0.0
2026-01-27,80863646,A716,3,0,0,0,0.0,3,3.0,0.0
2026-01-27,80804138,E564,23,0,0,0,0.0,23,23.0,0.0
2026-01-27,21314876,A672,423,0,0,6,0.0,417,417.0,0.0
2026-01-27,21139445,0386,1,0,0,0,0.0,1,1.0,0.0
2026-01-27,21314593,C816,564,0,0,0,0.0,564,564.0,0.0
2026-01-27,80805856,C810,16,0,0,2,0.0,14,14.0,0.0
2026-01-27,80804133,D901,163,0,39,11,0.0,191,191.0,0.0
2026-01-27,80807092,A715,96,0,0,3,0.0,93,93.0,0.0
2026-01-27,80807093,C937,7,0,1,1,0.0,7,7.0,0.0
2026-01-27,21165816,E569,5,0,0,0,0.0,5,5.0,0.0
2026-01-27,80848029,A668,214,0,0,0,0.0,214,214.0,0.0
2026-01-27,80854083,C816,34,0,0,0,0.0,34,34.0,0.0
2026-01-27,80795933,A673,1367,0,1,14,0.0,1354,1354.0,0.0
2026-01-27,21103372,E569,5,0,0,0,0.0,5,5.0,0.0
2026-01-27,80804703,A673,176,0,25,9,4.0,188,188.0,0.0
2026-01-27,80868102,A680,12,0,0,0,0.0,12,12.0,0.0
2026-01-27,80884848,A672,13,0,0,2,0.0,11,11.0,0.0
2026-01-27,21419490,A673,988,0,0,22,0.0,966,966.0,0.0
2026-01-27,80804138,D901,62,0,0,17,0.0,45,45.0,0.0
2026-01-27,21128067,D767,49,0,0,3,0.0,46,46.0,0.0
2026-01-27,80807112,A715,280,0,0,7,0.0,273,273.0,0.0
2026-01-27,21179704,A673,88,0,0,0,0.0,88,88.0,0.0
2026-01-27,21148509,A715,81,0,0,5,0.0,76,76.0,0.0
2026-01-27,80884852,A672,409,0,0,9,0.0,400,400.0,0.0
2026-01-27,21113405,A672,330,0,0,14,0.0,316,316.0,0.0
2026-01-27,80812099,A715,21,0,0,1,0.0,20,20.0,0.0
2026-01-27,80885920,A673,371,0,0,0,0.0,371,371.0,0.0
2026-01-27,21315352,E556,9,0,0,0,0.0,9,9.0,0.0
2026-01-27,21416910,A668,262,0,0,0,0.0,262,262.0,0.0
2026-01-27,80805856,A668,210,0,0,26,0.0,184,184.0,0.0
2026-01-27,80865910,C816,6,0,0,0,0.0,6,6.0,0.0
2026-01-27,21121751,A716,39,0,0,2,0.0,37,37.0,0.0
2026-01-27,21171453,A672,16,0,0,1,0.0,15,15.0,0.0
2026-01-27,80812846,A673,282,0,0,23,0.0,259,259.0,0.0
2026-01-27,21352461,A668,151,0,0,0,0.0,151,151.0,0.0
2026-01-27,21141769,E556,24,0,0,3,0.0,21,21.0,0.0
2026-01-27,21377504,C816,120,0,0,2,0.0,118,118.0,0.0
2026-01-27,80807113,E568,5,0,0,0,0.0,5,5.0,0.0
2026-01-27,21170683,A680,104,0,0,0,0.0,104,104.0,0.0
2026-01-27,21113405,C810,3,0,0,0,0.0,3,3.0,0.0
2026-01-27,21314593,A673,185,0,0,15,0.0,170,170.0,0.0
2026-01-27,80807114,C816,258,0,0,8,7.0,243,243.0,0.0
2026-01-27,21132758,E556,59,0,0,3,0.0,56,56.0,0.0
2026-01-27,21133312,E564,3,0,0,0,0.0,3,3.0,0.0
2026-01-27,80807089,E564,22,0,0,0,0.0,22,22.0,0.0
2026-01-27,80848022,A668,491,0,9,16,0.0,484,484.0,0.0
2026-01-27,80854083,A673,85,0,0,0,0.0,85,85.0,0.0
2026-01-27,80863643,A716,13,0,0,0,0.0,13,13.0,0.0
2026-01-27,80793615,E564,2,0,0,0,0.0,2,2.0,0.0
2026-01-27,80807105,E568,1,0,5,1,0.0,5,5.0,0.0
2026-01-27,21314875,A668,27,0,0,4,0.0,23,23.0,0.0
2026-01-27,80804132,E556,22,0,0,2,0.0,20,20.0,0.0
2026-01-27,21269899,0386,2,0,0,0,0.0,2,2.0,0.0
2026-01-27,80804130,C819,5,0,0,0,0.0,5,5.0,0.0
2026-01-27,21314595,A672,1022,0,0,18,0.0,1004,1004.0,0.0
2026-01-27,21325292,A672,512,0,0,39,0.0,473,473.0,0.0
2026-01-27,21377504,E568,2,0,0,0,0.0,2,2.0,0.0
2026-01-27,21143102,A680,164,0,0,0,0.0,164,164.0,0.0
2026-01-27,80807114,E568,2,0,0,0,0.0,2,2.0,0.0
2026-01-27,80812845,E569,46,0,0,4,0.0,42,42.0,0.0
2026-01-27,80885921,A672,173,0,0,4,0.0,169,169.0,0.0
2026-01-27,21315352,A715,39,0,0,1,0.0,38,38.0,0.0
2026-01-27,80807118,E556,41,0,0,8,0.0,33,33.0,0.0
2026-01-27,80863645,A672,734,0,0,4,0.0,730,730.0,0.0
2026-01-27,21133312,D901,20,0,0,5,0.0,15,15.0,0.0
2026-01-27,21434952,A672,157,0,0,6,0.0,151,151.0,0.0
2026-01-27,21314595,C810,9,0,0,1,0.0,8,8.0,0.0
2026-01-27,21325292,C810,76,0,0,1,1.0,74,74.0,0.0
2026-01-27,80796091,C816,416,0,0,3,0.0,413,413.0,0.0
2026-01-27,21141769,A715,76,0,0,6,0.0,70,70.0,0.0
2026-01-27,21377504,A673,695,0,0,14,0.0,681,681.0,0.0
2026-01-27,21414747,0386,1,0,0,0,0.0,1,1.0,0.0
2026-01-27,80807100,A716,35,0,0,0,0.0,35,35.0,0.0
2026-01-27,80812103,A672,50,0,0,4,0.0,46,46.0,0.0
2026-01-27,80807114,A673,292,0,0,5,4.0,283,283.0,0.0
2026-01-27,80795932,A672,360,0,0,4,0.0,356,356.0,0.0
2026-01-27,80807112,C816,478,0,0,8,8.0,462,462.0,0.0
2026-01-27,21148509,C816,172,0,0,20,0.0,152,152.0,0.0
2026-01-27,80805850,E569,2,0,0,0,0.0,2,2.0,0.0
2026-01-27,21132758,A715,124,0,19,1,0.0,142,142.0,0.0
2026-01-27,80807120,C819,51,0,0,6,0.0,45,45.0,0.0
2026-01-27,80868101,A716,0,0,134,0,0.0,134,134.0,0.0
2026-01-27,80848026,A668,348,0,425,108,0.0,665,665.0,0.0
2026-01-27,80807110,A715,435,0,391,4,0.0,822,822.0,0.0
2026-01-27,21366842,0386,1,0,0,0,0.0,1,1.0,0.0
2026-01-27,21128067,C816,867,0,0,15,8.0,844,844.0,0.0
2026-01-27,21303404,C937,2,0,0,0,0.0,2,2.0,0.0
2026-01-27,80804704,C937,65,0,8,10,0.0,63,63.0,0.0
2026-01-27,80804701,C819,7,0,0,0,0.0,7,7.0,0.0
2026-01-27,80804132,A715,105,0,12,2,0.0,115,115.0,0.0
2026-01-27,21377091,A672,3713,0,0,0,0.0,3713,3713.0,0.0
2026-01-27,80884850,C816,243,0,0,3,0.0,240,240.0,0.0
2026-01-27,80807091,C937,24,0,0,3,0.0,21,21.0,0.0
2026-01-27,80807117,A672,16,0,0,0,0.0,16,16.0,0.0
2026-01-27,80848023,D901,394,0,0,19,0.0,375,375.0,0.0
2026-01-27,21434946,0386,86,0,0,0,0.0,86,86.0,0.0
2026-01-27,80807097,C937,2,0,0,0,0.0,2,2.0,0.0
2026-01-27,80807100,D901,115,0,16,22,0.0,109,109.0,0.0
2026-01-27,80804137,A680,40,0,0,3,0.0,37,37.0,0.0
2026-01-27,80812840,D767,58,0,0,9,0.0,49,49.0,0.0
2026-01-27,21132758,E295,94,0,0,44,0.0,50,50.0,0.0
2026-01-27,21442897,A680,47,0,0,10,0.0,37,37.0,0.0
2026-01-27,80804128,E556,22,0,0,3,0.0,19,19.0,0.0
2026-01-27,21127730,C816,672,0,0,0,0.0,672,672.0,0.0
2026-01-27,80804127,A672,181,0,0,8,0.0,173,173.0,0.0
2026-01-27,80804133,E569,15,0,0,2,0.0,13,13.0,0.0
2026-01-27,80807118,A715,520,0,0,22,0.0,498,498.0,0.0
2026-01-27,21029016,E568,4,0,0,0,0.0,4,4.0,0.0
2026-01-27,21315474,E556,24,0,0,3,0.0,21,21.0,0.0
2026-01-27,21162696,E564,9,0,0,1,0.0,8,8.0,0.0
2026-01-27,80791223,C816,64,0,0,0,0.0,64,64.0,0.0
2026-01-27,80807095,A716,83,0,0,5,0.0,78,78.0,0.0
2026-01-27,21128067,E568,10,0,0,1,0.0,9,9.0,0.0
2026-01-27,21118864,A715,15,0,0,0,0.0,15,15.0,0.0
2026-01-27,80807112,A673,1268,0,0,11,6.0,1251,1251.0,0.0
2026-01-27,21148509,A673,359,0,0,23,4.0,332,332.0,0.0
2026-01-27,21133493,C816,37,0,0,4,0.0,33,33.0,0.0
2026-01-27,80891759,A668,2,0,0,0,0.0,2,2.0,0.0
2026-01-27,80807122,C937,1,0,0,0,0.0,1,1.0,0.0
2026-01-27,80804703,A668,20,0,0,6,0.0,14,14.0,0.0
2026-01-27,21128377,C937,10,0,0,3,0.0,7,7.0,0.0
2026-01-27,80804138,E569,6,0,0,0,0.0,6,6.0,0.0
2026-01-27,21325164,A672,123,0,0,8,0.0,115,115.0,0.0
2026-01-27,80804706,A716,240,0,0,2,0.0,238,238.0,0.0
2026-01-27,21419490,A668,359,0,0,5,0.0,354,354.0,0.0
2026-01-27,21098519,A668,577,0,0,21,0.0,556,556.0,0.0
2026-01-27,80807096,C819,3,0,0,1,0.0,2,2.0,0.0
2026-01-27,80864469,A716,223,0,0,3,0.0,220,220.0,0.0
2026-01-27,80812839,E564,48,0,0,6,0.0,42,42.0,0.0
2026-01-27,80804705,A716,973,0,0,9,0.0,964,964.0,0.0
2026-01-27,21179704,A668,34,0,0,2,0.0,32,32.0,0.0
2026-01-27,80884850,A673,55,0,0,11,0.0,44,44.0,0.0
2026-01-27,80885920,A668,9,0,0,7,0.0,2,2.0,0.0
2026-01-27,80804135,C819,9,0,0,0,0.0,9,9.0,0.0
2026-01-27,21422791,A680,24,0,1,2,0.0,23,23.0,0.0
2026-01-27,21428668,A716,1042,0,0,6,0.0,1036,1036.0,0.0
2026-01-27,80807110,C816,423,0,0,12,3.0,408,408.0,0.0
2026-01-27,80807122,0386,1,0,0,0,0.0,1,1.0,0.0
2026-01-27,80807119,A672,464,0,0,35,0.0,429,429.0,0.0
2026-01-27,80812846,A668,118,0,0,28,0.0,90,90.0,0.0
2026-01-27,21419500,A680,19,0,0,2,0.0,17,17.0,0.0
2026-01-27,21127730,A673,564,0,0,0,1.0,563,563.0,0.0
2026-01-27,80804130,A680,64,0,0,3,0.0,61,61.0,0.0
2026-01-27,80851898,A716,256,0,0,2,0.0,254,254.0,0.0
2026-01-27,80791223,A673,73,0,0,0,0.0,73,73.0,0.0
2026-01-27,21170683,E556,9,0,0,0,0.0,9,9.0,0.0
2026-01-27,21113405,C937,7,0,0,1,0.0,6,6.0,0.0
2026-01-27,21314593,A668,41,0,0,2,0.0,39,39.0,0.0
2026-01-27,21463645,A680,35,0,0,0,0.0,35,35.0,0.0
2026-01-27,80804705,D901,143,0,0,23,0.0,120,120.0,0.0
2026-01-27,80807119,C810,0,0,16,0,1.0,15,15.0,0.0
2026-01-27,80884848,0386,1,0,0,0,0.0,1,1.0,0.0
2026-01-27,21133493,A673,97,0,0,5,0.0,92,92.0,0.0
2026-01-27,21315352,A673,258,0,0,16,0.0,242,242.0,0.0
2026-01-27,21301637,C937,24,0,0,0,0.0,24,24.0,0.0
2026-01-27,80884852,0386,3,0,0,0,0.0,3,3.0,0.0
2026-01-27,21151196,D767,8,0,0,0,0.0,8,8.0,0.0
2026-01-27,80868102,A715,23,0,0,0,0.0,23,23.0,0.0
2026-01-27,80812840,C816,369,0,0,6,5.0,358,358.0,0.0
2026-01-27,21113405,0386,803,0,0,0,0.0,803,803.0,0.0
2026-01-27,21314602,C816,61,0,0,2,0.0,59,59.0,0.0
2026-01-27,80807120,A680,290,0,0,10,0.0,280,280.0,0.0
2026-01-27,21133312,E569,5,0,0,0,0.0,5,5.0,0.0
2026-01-27,21141769,A673,163,0,262,44,43.0,338,338.0,0.0
2026-01-27,21118864,C816,124,0,0,1,0.0,123,123.0,0.0
2026-01-27,21121756,E564,8,0,0,1,0.0,7,7.0,0.0
2026-01-27,21304907,D767,11,0,0,2,0.0,9,9.0,0.0
2026-01-27,21155895,A716,84,0,0,2,0.0,82,82.0,0.0
2026-01-27,80884846,A716,97,0,0,0,0.0,97,97.0,0.0
2026-01-27,80807110,A673,743,0,0,26,24.0,693,693.0,0.0
2026-01-27,80804699,A680,19,0,0,1,0.0,18,18.0,0.0
2026-01-27,80804701,A680,12,0,0,6,0.0,6,6.0,0.0
2026-01-27,21325292,C937,0,0,26,2,0.0,24,24.0,0.0
2026-01-27,80864470,E569,7,0,0,1,0.0,6,6.0,0.0
2026-01-27,80840975,E569,5,0,10,1,0.0,14,14.0,0.0
2026-01-27,21170683,A715,13,0,0,1,0.0,12,12.0,0.0
2026-01-27,80812840,E568,12,0,10,0,0.0,22,22.0,0.0
2026-01-27,80848031,E564,4,0,0,0,0.0,4,4.0,0.0
2026-01-27,80848031,A716,1,0,0,0,0.0,1,1.0,0.0
2026-01-27,80831843,C816,2,0,0,0,0.0,2,2.0,0.0
2026-01-27,21315350,D767,35,0,0,2,0.0,33,33.0,0.0
2026-01-27,21434954,A716,37,0,0,2,0.0,35,35.0,0.0
2026-01-27,21121756,D901,10,0,3,0,0.0,13,13.0,0.0
2026-01-27,80848023,E569,43,0,1,2,0.0,42,42.0,0.0
2026-01-27,21325292,0386,3,0,0,0,0.0,3,3.0,0.0
2026-01-27,80807100,E569,7,0,0,2,0.0,5,5.0,0.0
2026-01-27,80812840,A673,1612,0,0,28,0.0,1584,1584.0,0.0
2026-01-27,21314602,A673,89,0,70,3,0.0,156,156.0,0.0
2026-01-27,21143102,A715,104,0,0,5,0.0,99,99.0,0.0
2026-01-27,21118864,A673,465,0,0,3,0.0,462,462.0,0.0
2026-01-27,80863645,0386,4,0,0,0,0.0,4,4.0,0.0
2026-01-27,80807092,A668,70,0,0,10,0.0,60,60.0,0.0
2026-01-27,21434952,0386,3,0,0,0,0.0,3,3.0,0.0
2026-01-27,80807113,C937,27,0,3,3,0.0,27,27.0,0.0
2026-01-27,80807096,A680,26,0,0,1,0.0,25,25.0,0.0
2026-01-27,80848031,D901,10,0,0,1,0.0,9,9.0,0.0
2026-01-27,80804698,D767,5,0,0,1,0.0,4,4.0,0.0
2026-01-27,21275914,E569,6,0,1,0,0.0,7,7.0,0.0
2026-01-27,80812338,C816,84,0,0,2,0.0,82,82.0,0.0
2026-01-27,80812103,0386,3,0,0,0,0.0,3,3.0,0.0
2026-01-27,80795932,0386,3,0,0,0,0.0,3,3.0,0.0
2026-01-27,80807095,C819,25,0,0,4,0.0,21,21.0,0.0
2026-01-27,80804135,A680,265,0,0,2,0.0,263,263.0,0.0
2026-01-27,80807112,A668,382,0,0,8,0.0,374,374.0,0.0
2026-01-27,21148509,A668,158,0,0,14,0.0,144,144.0,0.0
2026-01-27,80812099,A668,20,0,0,1,0.0,19,19.0,0.0
2026-01-27,80807105,C937,29,0,0,2,0.0,27,27.0,0.0
2026-01-27,80831843,A673,188,0,0,0,0.0,188,188.0,0.0
2026-01-27,21291975,A716,20,0,0,1,0.0,19,19.0,0.0
2026-01-27,21377091,0386,4,0,0,0,0.0,4,4.0,0.0
2026-01-27,21132988,E564,55,0,0,6,0.0,49,49.0,0.0
2026-01-27,80807116,C819,96,0,0,7,0.0,89,89.0,0.0
2026-01-27,80848025,A716,144,0,0,4,0.0,140,140.0,0.0
2026-01-27,80804136,A716,207,0,0,12,0.0,195,195.0,0.0
2026-01-27,80805852,A716,36,0,0,1,0.0,35,35.0,0.0
2026-01-27,21357275,A672,577,0,0,0,0.0,577,577.0,0.0
2026-01-27,80804129,A672,382,0,0,6,0.0,376,376.0,0.0
2026-01-27,80804137,A715,117,0,0,5,0.0,112,112.0,0.0
2026-01-27,21442897,A715,907,0,0,0,0.0,907,907.0,0.0
2026-01-27,80864469,E569,8,0,0,0,0.0,8,8.0,0.0
2026-01-27,80804705,E569,28,0,0,5,0.0,23,23.0,0.0
2026-01-27,80804704,E564,111,0,0,0,0.0,111,111.0,0.0
2026-01-27,80807102,D767,20,0,2,3,0.0,19,19.0,0.0
2026-01-27,21314594,A680,83,0,0,2,0.0,81,81.0,0.0
2026-01-27,21357275,C810,7,0,0,1,0.0,6,6.0,0.0
2026-01-27,80812338,A673,41,0,108,2,0.0,147,147.0,0.0
2026-01-27,80812839,E569,26,0,4,1,0.0,29,29.0,0.0
2026-01-27,21315350,C816,451,0,0,9,0.0,442,442.0,0.0
2026-01-27,21103372,D767,23,0,0,1,0.0,22,22.0,0.0
2026-01-27,21132758,C810,30,0,12,1,0.0,41,41.0,0.0
2026-01-27,21255844,C819,5,0,0,0,0.0,5,5.0,0.0
2026-01-27,80804132,A672,509,0,0,30,0.0,479,479.0,0.0
2026-01-27,80868102,A673,70,0,5,5,0.0,70,70.0,0.0
2026-01-27,80804136,D901,10,0,4,6,0.0,8,8.0,0.0
2026-01-27,80848029,A716,102,0,0,2,0.0,100,100.0,0.0
2026-01-27,21325164,0386,0,1892,0,0,1889.0,3,3.0,0.0
2026-01-27,21307836,C937,2,0,0,0,0.0,2,2.0,0.0
2026-01-27,80851898,E569,4,0,0,0,0.0,4,4.0,0.0
2026-01-27,21315352,A668,55,0,0,2,0.0,53,53.0,0.0
2026-01-27,80796091,C937,2,0,0,1,0.0,1,1.0,0.0
2026-01-27,80804132,C810,31,0,0,7,0.0,24,24.0,0.0
2026-01-27,21354246,A672,909,0,0,7,0.0,902,902.0,0.0
2026-01-27,80807120,E556,15,0,0,4,0.0,11,11.0,0.0
2026-01-27,21141769,A668,24,0,125,8,0.0,141,141.0,0.0
2026-01-27,21315350,E568,10,0,0,0,0.0,10,10.0,0.0
2026-01-27,80805856,A716,101,0,29,2,0.0,128,128.0,0.0
2026-01-27,80885919,C816,64,0,0,11,0.0,53,53.0,0.0
2026-01-27,80804698,C816,630,0,0,14,65.0,551,551.0,0.0
2026-01-27,21165946,A680,212,0,0,13,0.0,199,199.0,0.0
2026-01-27,21422791,A715,5,0,0,0,0.0,5,5.0,0.0
2026-01-27,21128067,C937,18,0,0,0,0.0,18,18.0,0.0
2026-01-27,21155895,C819,7,0,0,0,0.0,7,7.0,0.0
2026-01-27,80848029,D901,106,0,0,30,0.0,76,76.0,0.0
2026-01-27,21352461,A716,127,0,0,2,0.0,125,125.0,0.0
2026-01-27,80804134,C819,58,0,0,7,0.0,51,51.0,0.0
2026-01-27,21307836,0386,1,0,0,0,0.0,1,1.0,0.0
2026-01-27,80807110,A668,556,0,0,7,0.0,549,549.0,0.0
2026-01-27,21314876,E564,13,0,0,3,0.0,10,10.0,0.0
2026-01-27,80804699,E556,2,0,0,0,0.0,2,2.0,0.0
2026-01-27,80793613,E568,1,0,0,0,0.0,1,1.0,0.0
2026-01-27,21170691,A672,86,0,0,4,0.0,82,82.0,0.0
2026-01-27,21314876,A716,0,0,162,0,0.0,162,162.0,0.0
2026-01-27,21419500,A715,119,0,0,0,0.0,119,119.0,0.0
2026-01-27,80804130,A715,138,0,0,4,0.0,134,134.0,0.0
2026-01-27,80812110,E569,10,0,0,1,0.0,9,9.0,0.0
2026-01-27,21357021,A672,2227,0,0,0,0.0,2227,2227.0,0.0
2026-01-27,80838162,0386,3,0,0,0,1.0,2,2.0,0.0
2026-01-27,21143103,A680,32,0,0,3,0.0,29,29.0,0.0
2026-01-27,80848022,A716,117,0,0,4,0.0,113,113.0,0.0
2026-01-27,21165868,A680,17,0,0,0,0.0,17,17.0,0.0
2026-01-27,21121756,E569,5,0,0,0,0.0,5,5.0,0.0
2026-01-27,21170691,C810,722,0,0,1,0.0,721,721.0,0.0
2026-01-27,80804137,C816,97,0,138,9,36.0,190,190.0,0.0
2026-01-27,80804128,A672,231,0,0,19,0.0,212,212.0,0.0
2026-01-27,21315474,A672,294,0,0,0,0.0,294,294.0,0.0
2026-01-27,80812845,D767,56,0,9,6,0.0,59,59.0,0.0
2026-01-27,80807118,A668,354,0,0,21,0.0,333,333.0,0.0
2026-01-27,21314602,A668,13,0,8,0,0.0,21,21.0,0.0
2026-01-27,21314876,D901,20,0,0,3,0.0,17,17.0,0.0
2026-01-27,21113405,E564,12,0,0,2,0.0,10,10.0,0.0
2026-01-27,80848031,E569,13,0,0,1,0.0,12,12.0,0.0
2026-01-27,80807120,A715,72,0,0,3,0.0,69,69.0,0.0
2026-01-27,21137866,D767,84,0,0,7,0.0,77,77.0,0.0
2026-01-27,21176384,C816,78,0,0,0,0.0,78,78.0,0.0
2026-01-27,21118864,A668,88,0,0,0,0.0,88,88.0,0.0
2026-01-27,80885919,A673,285,0,0,13,0.0,272,272.0,0.0
2026-01-27,80804698,A673,61,0,0,21,0.0,40,40.0,0.0
2026-01-27,80807102,C816,238,0,0,10,0.0,228,228.0,0.0
2026-01-27,21171453,E564,3,0,0,0,0.0,3,3.0,0.0
2026-01-27,80804128,C810,4,0,0,0,0.0,4,4.0,0.0
2026-01-27,80807116,A680,425,0,0,21,0.0,404,404.0,0.0
2026-01-27,80807096,E556,85,0,0,0,0.0,85,85.0,0.0
2026-01-27,21103372,D191,2,0,0,0,0.0,2,2.0,0.0
2026-01-27,21315474,C810,0,0,154,9,52.0,93,93.0,0.0
2026-01-27,80804699,A715,76,0,0,0,0.0,76,76.0,0.0
2026-01-27,80804701,A715,90,0,0,8,0.0,82,82.0,0.0
2026-01-27,21314875,D901,13,0,0,2,0.0,11,11.0,0.0
2026-01-27,21132758,C563,25,0,0,5,0.0,20,20.0,0.0
2026-01-27,80848026,A716,194,0,56,12,0.0,238,238.0,0.0
2026-01-27,21376841,A672,3177,0,0,0,0.0,3177,3177.0,0.0
2026-01-27,21121751,E556,3,0,0,1,0.0,2,2.0,0.0
2026-01-27,80807102,E568,4,0,0,0,0.0,4,4.0,0.0
2026-01-27,80804137,A673,385,0,0,26,0.0,359,359.0,0.0
2026-01-27,21103372,E568,3,0,0,0,0.0,3,3.0,0.0
2026-01-27,21255844,A680,9,0,0,0,0.0,9,9.0,0.0
2026-01-27,21314595,E564,2,0,0,0,0.0,2,2.0,0.0
2026-01-27,21325292,E564,85,0,5,3,0.0,87,87.0,0.0
2026-01-27,21419500,C816,159,0,0,4,87.0,68,68.0,0.0
2026-01-27,80804133,D767,33,0,0,7,0.0,26,26.0,0.0
2026-01-27,21176384,A673,224,0,0,8,0.0,216,216.0,0.0
2026-01-27,80812841,A672,534,0,1507,216,0.0,1825,1825.0,0.0
2026-01-27,80848026,D901,0,0,69,69,0.0,0,0.0,0.0
2026-01-27,80804136,E569,20,0,0,4,0.0,16,16.0,0.0
2026-01-27,80807096,A715,284,0,0,18,0.0,266,266.0,0.0
2026-01-27,80807115,A672,587,0,0,54,0.0,533,533.0,0.0
2026-01-27,80793614,A680,4,0,5,0,0.0,9,9.0,0.0
2026-01-27,21118867,C816,50,0,0,2,0.0,48,48.0,0.0
2026-01-27,21170683,C810,6,0,0,0,0.0,6,6.0,0.0
2026-01-27,80812338,A668,17,0,0,1,0.0,16,16.0,0.0
2026-01-27,80812103,E564,12,0,0,1,0.0,11,11.0,0.0
2026-01-27,80868102,A668,9,0,0,0,0.0,9,9.0,0.0
2026-01-27,80804138,D767,13,0,0,2,0.0,11,11.0,0.0
2026-01-27,80804135,A715,187,0,0,0,0.0,187,187.0,0.0
2026-01-27,80812841,C810,27,0,0,1,0.0,26,26.0,0.0
2026-01-27,21103371,E295,96,0,0,19,0.0,77,77.0,0.0
2026-01-27,80804134,A680,131,0,0,17,0.0,114,114.0,0.0
2026-01-27,21314595,D901,24,0,1,0,0.0,25,25.0,0.0
2026-01-27,80804703,A716,352,0,0,0,0.0,352,352.0,0.0
2026-01-27,80812845,D191,5,0,0,5,0.0,0,0.0,0.0
2026-01-27,80807115,C810,30,0,0,1,0.0,29,29.0,0.0
2026-01-27,21419490,A716,221,0,0,2,0.0,219,219.0,0.0
2026-01-27,21098519,A716,153,0,0,9,0.0,144,144.0,0.0
2026-01-27,21422791,A673,796,0,2946,108,0.0,3634,3634.0,0.0
2026-01-27,21137866,C816,416,0,286,39,63.0,600,600.0,0.0
2026-01-27,21357275,0386,4,0,0,0,0.0,4,4.0,0.0
2026-01-27,21179704,A716,21,0,0,1,0.0,20,20.0,0.0
2026-01-27,80804701,C816,1691,0,0,14,200.0,1477,1477.0,0.0
2026-01-27,80848029,E569,10,0,0,0,0.0,10,10.0,0.0
2026-01-27,21419500,A673,88,0,0,24,0.0,64,64.0,0.0
2026-01-27,80885920,A716,533,0,0,4,0.0,529,529.0,0.0
2026-01-27,80812846,A716,95,0,0,1,0.0,94,94.0,0.0
2026-01-27,21463645,A673,1049,0,0,0,0.0,1049,1049.0,0.0
2026-01-27,21142560,C816,154,0,0,8,0.0,146,146.0,0.0
2026-01-27,80804127,E564,4,0,0,0,0.0,4,4.0,0.0
2026-01-27,80807090,A680,23,0,0,0,0.0,23,23.0,0.0
2026-01-27,80812845,E568,5,0,0,0,0.0,5,5.0,0.0
2026-01-27,21315474,C563,2,0,0,0,0.0,2,2.0,0.0
2026-01-27,21314593,A716,61,0,0,1,0.0,60,60.0,0.0
2026-01-27,80848024,0386,4,0,0,0,2.0,2,2.0,0.0
2026-01-27,21098519,D901,145,0,1,2,0.0,144,144.0,0.0
2026-01-27,21118867,A673,144,0,0,6,0.0,138,138.0,0.0
2026-01-27,21137866,E568,20,0,0,3,0.0,17,17.0,0.0
2026-01-27,21314594,A715,76,0,0,1,0.0,75,75.0,0.0
2026-01-27,80805856,E569,6,0,3,3,0.0,6,6.0,0.0
2026-01-27,80807093,A680,8,0,0,0,0.0,8,8.0,0.0
2026-01-27,21103371,C816,490,0,0,26,10.0,454,454.0,0.0
2026-01-27,80854083,A716,2,0,0,0,0.0,2,2.0,0.0
2026-01-27,21103371,D191,2,0,0,0,0.0,2,2.0,0.0
2026-01-27,21352461,E569,1,0,0,0,0.0,1,1.0,0.0
2026-01-27,80807097,C819,2,0,0,0,0.0,2,2.0,0.0
2026-01-27,80807120,A673,889,0,0,11,0.0,878,878.0,0.0
2026-01-27,21143102,A668,178,0,0,17,0.0,161,161.0,0.0
2026-01-27,21133312,D767,3,0,0,2,0.0,1,1.0,0.0
2026-01-27,80807095,E556,28,0,0,3,0.0,25,25.0,0.0
2026-01-27,80812846,D901,146,0,0,10,0.0,136,136.0,0.0
2026-01-27,80807089,D767,14,0,0,2,0.0,12,12.0,0.0
2026-01-27,21354246,0386,2272,0,0,0,0.0,2272,2272.0,0.0
2026-01-27,21137866,A673,519,0,0,0,0.0,519,519.0,0.0
2026-01-27,80804701,A673,312,0,64,14,4.0,358,358.0,0.0
2026-01-27,21151196,C937,19,0,0,1,0.0,18,18.0,0.0
2026-01-27,80804135,C816,650,0,0,3,0.0,647,647.0,0.0
2026-01-27,80864470,D767,23,0,0,4,0.0,19,19.0,0.0
2026-01-27,80840975,D767,11,0,0,1,0.0,10,10.0,0.0
2026-01-27,80807119,E564,23,0,0,6,0.0,17,17.0,0.0
2026-01-27,21165946,A715,32,0,0,0,0.0,32,32.0,0.0
2026-01-27,80807116,E556,43,0,0,14,0.0,29,29.0,0.0
2026-01-27,21357021,0386,4,0,0,0,0.0,4,4.0,0.0
2026-01-27,21304907,C937,5,0,0,0,0.0,5,5.0,0.0
2026-01-27,80804133,E568,6,0,0,0,0.0,6,6.0,0.0
2026-01-27,21325164,D901,4,0,0,0,0.0,4,4.0,0.0
2026-01-27,80848023,D767,39,0,0,3,0.0,36,36.0,0.0
2026-01-27,21143103,A715,65,0,0,0,0.0,65,65.0,0.0
2026-01-27,21151196,0386,78,0,0,0,74.0,4,4.0,0.0
2026-01-27,21103371,A673,838,0,0,12,29.0,797,797.0,0.0
2026-01-27,80807100,D767,38,0,0,3,0.0,35,35.0,0.0
2026-01-27,21165868,A715,29,0,0,0,0.0,29,29.0,0.0
2026-01-27,21315474,0386,3,0,0,0,1.0,2,2.0,0.0
2026-01-27,80804137,A668,68,0,0,1,0.0,67,67.0,0.0
2026-01-27,21442897,A668,51,0,0,5,0.0,46,46.0,0.0
2026-01-27,21255844,E556,1,0,0,0,0.0,1,1.0,0.0
2026-01-27,21315350,C937,0,0,142,14,0.0,128,128.0,0.0
2026-01-27,21442422,C816,2174,0,0,32,51.0,2091,2091.0,0.0
2026-01-27,80804138,E568,5,0,0,0,0.0,5,5.0,0.0
2026-01-27,80807119,D901,46,0,0,12,0.0,34,34.0,0.0
2026-01-27,80807096,A673,111,0,0,2,4.0,105,105.0,0.0
2026-01-27,80848026,E569,70,0,0,12,0.0,58,58.0,0.0
2026-01-27,21314594,C816,550,0,0,3,0.0,547,547.0,0.0
2026-01-27,80807092,A716,52,0,0,1,0.0,51,51.0,0.0
2026-01-27,80848021,A672,127,0,0,12,0.0,115,115.0,0.0
2026-01-27,80793613,C937,4,0,0,0,0.0,4,4.0,0.0
2026-01-27,80804135,A673,235,0,0,5,0.0,230,230.0,0.0
2026-01-27,80805850,A672,45,0,0,0,0.0,45,45.0,0.0
2026-01-27,80807116,A715,177,0,0,14,0.0,163,163.0,0.0
2026-01-27,21314595,E569,5,0,0,0,0.0,5,5.0,0.0
2026-01-27,80848021,C810,43,0,0,1,0.0,42,42.0,0.0
2026-01-27,21376841,0386,2,0,0,0,0.0,2,2.0,0.0
2026-01-27,21143110,C816,180,0,0,21,0.0,159,159.0,0.0
2026-01-27,80807112,A716,163,0,0,3,0.0,160,160.0,0.0
2026-01-27,21148509,A716,107,0,0,11,0.0,96,96.0,0.0
2026-01-27,21162696,D767,6,0,0,1,0.0,5,5.0,0.0
2026-01-27,80812099,A716,56,0,0,0,0.0,56,56.0,0.0
2026-01-27,21155895,E556,21,0,0,3,0.0,18,18.0,0.0
2026-01-27,21133312,D191,1,0,0,1,0.0,0,0.0,0.0
2026-01-27,80807089,C816,331,0,0,26,56.0,249,249.0,0.0
2026-01-27,80804134,E556,12,0,0,3,0.0,9,9.0,0.0
2026-01-27,80807092,D901,71,0,8,10,0.0,69,69.0,0.0
2026-01-27,21165946,C816,201,0,0,2,0.0,199,199.0,0.0
2026-01-27,21255844,A715,3,0,0,0,0.0,3,3.0,0.0
2026-01-27,21419500,A668,22,0,0,3,0.0,19,19.0,0.0
2026-01-27,80848022,A680,285,0,0,27,0.0,258,258.0,0.0
2026-01-27,80804130,A668,71,0,0,2,0.0,69,69.0,0.0
2026-01-27,80848027,A680,72,0,0,0,0.0,72,72.0,0.0
2026-01-27,80807097,A680,33,0,0,1,0.0,32,32.0,0.0
2026-01-27,80812841,0386,2,3857,0,0,3855.0,4,4.0,0.0
2026-01-27,21314594,A673,588,0,0,14,2.0,572,572.0,0.0
2026-01-27,80863646,A672,0,0,356,2,0.0,354,354.0,0.0
2026-01-27,21431638,A672,356,0,0,27,0.0,329,329.0,0.0
2026-01-27,80812839,D767,7,0,1,1,0.0,7,7.0,0.0
2026-01-27,80807089,E568,2,0,0,0,0.0,2,2.0,0.0
2026-01-27,21098519,E569,6,0,0,1,0.0,5,5.0,0.0
2026-01-27,80807115,0386,52,0,0,0,50.0,2,2.0,0.0
2026-01-27,21165868,C816,65,0,0,1,0.0,64,64.0,0.0
2026-01-27,21142556,A672,309,0,1225,0,0.0,1534,1534.0,0.0
2026-01-27,80807090,E556,4,0,0,0,0.0,4,4.0,0.0
2026-01-27,80812154,C816,109,0,0,2,0.0,107,107.0,0.0
2026-01-27,21314593,C819,2,0,0,0,0.0,2,2.0,0.0
2026-01-27,21121752,A680,14,0,0,0,0.0,14,14.0,0.0
2026-01-27,21118867,A668,68,0,0,1,0.0,67,67.0,0.0
2026-01-27,80864470,E568,3,0,1,0,0.0,4,4.0,0.0
2026-01-27,80840975,E568,3,0,0,0,0.0,3,3.0,0.0
2026-01-27,80807093,E556,4,0,0,0,0.0,4,4.0,0.0
2026-01-27,21431638,C810,66,0,0,9,0.0,57,57.0,0.0
2026-01-27,80812846,E569,34,0,1,0,0.0,35,35.0,0.0
2026-01-27,21165816,C937,3,0,1,0,0.0,4,4.0,0.0
2026-01-27,80807102,C937,13,0,1,2,0.0,12,12.0,0.0
2026-01-27,80807089,A673,103,0,0,12,0.0,91,91.0,0.0
2026-01-27,21103372,C937,22,0,12,4,0.0,30,30.0,0.0
2026-01-27,21142556,C810,275,0,0,7,0.0,268,268.0,0.0
2026-01-27,21315352,A716,44,0,0,2,0.0,42,42.0,0.0
2026-01-27,21128377,A680,133,0,0,26,0.0,107,107.0,0.0
2026-01-27,80804127,E569,5,0,0,0,0.0,5,5.0,0.0
2026-01-27,80804134,A715,120,0,0,9,0.0,111,111.0,0.0
2026-01-27,80807120,A668,633,0,0,17,0.0,616,616.0,0.0
2026-01-27,21165946,A673,1305,0,676,41,12.0,1928,1928.0,0.0
2026-01-27,21165946,E467,17,0,0,0,0.0,17,17.0,0.0
2026-01-27,21141769,A716,119,0,11,0,0.0,130,130.0,0.0
2026-01-27,80848023,E568,7,0,0,0,0.0,7,7.0,0.0
2026-01-27,80804699,A668,28,0,0,0,0.0,28,28.0,0.0
2026-01-27,80812154,E568,2,0,0,0,0.0,2,2.0,0.0
2026-01-27,80807100,E568,2,0,0,0,0.0,2,2.0,0.0
2026-01-27,80804129,E564,8,0,0,0,0.0,8,8.0,0.0
2026-01-27,21132758,A716,133,0,0,0,0.0,133,133.0,0.0
2026-01-27,80807110,A716,185,0,0,7,0.0,178,178.0,0.0
2026-01-27,21121751,A672,288,0,0,9,0.0,279,279.0,0.0
2026-01-27,21170686,A680,42,0,0,1,0.0,41,41.0,0.0
2026-01-27,21325164,E569,4,0,0,0,0.0,4,4.0,0.0
2026-01-27,80807105,C819,17,0,0,1,0.0,16,16.0,0.0
2026-01-27,80804134,E295,22,0,0,13,0.0,9,9.0,0.0
2026-01-27,21165868,A673,523,0,0,3,0.0,520,520.0,0.0
2026-01-27,21315352,D901,17,0,0,1,0.0,16,16.0,0.0
2026-01-27,21162696,C816,53,0,0,0,0.0,53,53.0,0.0
2026-01-27,21121756,D767,22,0,0,7,0.0,15,15.0,0.0
2026-01-27,80807090,A715,73,0,0,1,0.0,72,72.0,0.0
2026-01-27,80848025,E556,14,0,0,1,0.0,13,13.0,0.0
2026-01-27,80804132,E564,62,0,0,6,0.0,56,56.0,0.0
2026-01-27,80805852,E556,3,0,0,0,0.0,3,3.0,0.0
2026-01-27,80812154,A673,480,0,0,0,0.0,480,480.0,0.0
2026-01-27,80807114,C819,2,0,0,0,0.0,2,2.0,0.0
2026-01-27,80804132,A716,206,0,0,9,0.0,197,197.0,0.0
2026-01-27,21141769,D901,37,0,0,0,0.0,37,37.0,0.0
2026-01-27,80807093,A715,61,0,0,0,0.0,61,61.0,0.0
2026-01-27,21103371,A668,393,0,0,8,0.0,385,385.0,0.0
2026-01-27,80807119,E569,16,0,1,0,0.0,17,17.0,0.0
2026-01-27,21132758,D901,78,0,55,16,0.0,117,117.0,0.0
2026-01-27,21301637,A680,219,0,0,1,0.0,218,218.0,0.0
2026-01-27,80807118,A716,284,0,0,5,0.0,279,279.0,0.0
2026-01-27,80863643,A672,775,0,0,0,0.0,775,775.0,0.0
2026-01-27,80857738,A680,2,0,0,0,0.0,2,2.0,0.0
2026-01-27,21314602,A716,21,0,0,0,0.0,21,21.0,0.0
2026-01-27,80807116,A673,733,0,97,69,0.0,761,761.0,0.0
2026-01-27,21162696,E568,3,0,0,0,0.0,3,3.0,0.0
2026-01-27,80807096,A668,74,0,0,3,0.0,71,71.0,0.0
2026-01-27,80807120,C563,17,0,0,4,0.0,13,13.0,0.0
2026-01-27,21118864,A716,27,0,0,0,0.0,27,27.0,0.0
2026-01-27,80795933,A680,4,0,0,0,0.0,4,4.0,0.0
2026-01-27,80804703,A680,21,0,0,1,0.0,20,20.0,0.0
2026-01-27,80812845,C937,28,0,0,9,0.0,19,19.0,0.0
2026-01-27,80804132,D901,31,0,0,4,0.0,27,27.0,0.0
2026-01-27,80804135,A668,47,0,0,0,0.0,47,47.0,0.0
2026-01-27,80863643,C810,9,0,0,0,0.0,9,9.0,0.0
2026-01-27,21138340,A672,1501,0,0,84,0.0,1417,1417.0,0.0
2026-01-27,21162696,A673,52,0,0,8,0.0,44,44.0,0.0
2026-01-27,80885920,A680,146,0,0,12,0.0,134,134.0,0.0
2026-01-27,80807118,D901,187,0,2,35,0.0,154,154.0,0.0
2026-01-27,21139445,C816,1165,0,0,24,212.0,929,929.0,0.0
2026-01-27,80807092,E569,14,0,0,6,0.0,8,8.0,0.0
2026-01-27,21148509,C819,18,0,0,2,0.0,16,16.0,0.0
2026-01-27,80868101,A672,732,0,0,5,0.0,727,727.0,0.0
2026-01-27,80848028,C816,166,0,0,27,0.0,139,139.0,0.0
2026-01-27,21127799,C816,74,0,0,1,0.0,73,73.0,0.0
2026-01-27,21029016,C819,4,0,0,0,0.0,4,4.0,0.0
2026-01-27,21303404,E556,13,0,0,2,0.0,11,11.0,0.0
2026-01-27,21128067,C819,28,0,0,1,0.0,27,27.0,0.0
2026-01-27,80804128,E564,20,0,0,1,0.0,19,19.0,0.0
2026-01-27,80868100,C810,8,0,0,0,0.0,8,8.0,0.0
2026-01-27,21315474,E564,13,0,0,5,0.0,8,8.0,0.0
2026-01-27,80848021,0386,1,0,0,0,0.0,1,1.0,0.0
2026-01-27,21275914,A672,232,0,0,1,0.0,231,231.0,0.0
2026-01-27,80812099,E569,8,0,0,1,0.0,7,7.0,0.0
2026-01-27,80848022,E556,9,0,0,1,0.0,8,8.0,0.0
2026-01-27,80840976,A672,605,0,0,3,0.0,602,602.0,0.0
2026-01-27,80805850,0386,3,0,0,0,0.0,3,3.0,0.0
2026-01-27,80848027,E556,1,0,0,0,0.0,1,1.0,0.0
2026-01-27,21314594,A668,101,0,0,3,0.0,98,98.0,0.0
2026-01-27,21132988,D767,47,0,0,6,0.0,41,41.0,0.0
2026-01-27,80848028,E568,0,0,25,4,0.0,21,21.0,0.0
2026-01-27,80804133,C937,39,0,0,7,0.0,32,32.0,0.0
2026-01-27,80804134,A673,949,0,0,90,0.0,859,859.0,0.0
2026-01-27,21275914,C810,26,0,0,0,0.0,26,26.0,0.0
2026-01-27,80807095,A672,489,0,161,21,0.0,629,629.0,0.0
2026-01-27,80804134,E467,27,0,0,2,0.0,25,25.0,0.0
2026-01-27,80868102,A716,0,0,24,0,0.0,24,24.0,0.0
2026-01-27,80804128,D901,4,0,0,0,0.0,4,4.0,0.0
2026-01-27,80863646,C937,3,0,0,0,0.0,3,3.0,0.0
2026-01-27,21315474,D901,35,0,0,0,0.0,35,35.0,0.0
2026-01-27,80807105,A680,146,0,0,4,0.0,142,142.0,0.0
2026-01-27,80848028,A673,568,0,0,4,0.0,564,564.0,0.0
2026-01-27,80804138,C937,10,0,0,2,0.0,8,8.0,0.0
2026-01-27,21127799,A673,81,0,0,0,0.0,81,81.0,0.0
2026-01-27,21121756,E568,0,0,7,0,0.0,7,7.0,0.0
2026-01-27,21377504,A680,26,0,0,0,0.0,26,26.0,0.0
2026-01-27,80807095,C810,13,0,0,3,0.0,10,10.0,0.0
2026-01-27,80804706,A672,89,0,0,1,0.0,88,88.0,0.0
2026-01-27,21165946,A668,62,0,25,2,0.0,85,85.0,0.0
2026-01-27,80807114,A680,68,0,0,3,0.0,65,65.0,0.0
2026-01-27,80864469,A672,174,0,0,11,0.0,163,163.0,0.0
2026-01-27,80804705,A672,276,0,0,0,0.0,276,276.0,0.0
2026-01-27,80863646,0386,4,0,0,0,0.0,4,4.0,0.0
2026-01-27,21425098,0386,4137,0,0,0,0.0,4137,4137.0,0.0
2026-01-27,21170683,A716,77,0,0,2,0.0,75,75.0,0.0
2026-01-27,21431638,0386,1,0,0,0,0.0,1,1.0,0.0
2026-01-27,80848022,A715,158,0,0,8,0.0,150,150.0,0.0
2026-01-27,21315352,E569,4,0,0,0,0.0,4,4.0,0.0
2026-01-27,80848027,A715,99,0,0,1,0.0,98,98.0,0.0
2026-01-27,80807097,A715,25,0,0,0,0.0,25,25.0,0.0
2026-01-27,80812841,E564,6,0,0,6,0.0,0,0.0,0.0
2026-01-27,21142556,0386,2,0,0,0,0.0,2,2.0,0.0
2026-01-27,21428668,A672,522,0,0,26,0.0,496,496.0,0.0
2026-01-27,21143103,A668,75,0,0,3,0.0,72,72.0,0.0
2026-01-27,80804706,C810,192,0,0,1,0.0,191,191.0,0.0
2026-01-27,80805856,D767,33,0,7,6,0.0,34,34.0,0.0
2026-01-27,80807093,A673,115,0,7,17,0.0,105,105.0,0.0
2026-01-27,21165868,A668,118,0,0,0,0.0,118,118.0,0.0
2026-01-27,80807115,E564,185,0,0,18,0.0,167,167.0,0.0
2026-01-27,80864469,C810,210,0,0,5,0.0,205,205.0,0.0
2026-01-27,80804705,C810,379,0,0,9,0.0,370,370.0,0.0
2026-01-27,21141769,E569,11,0,0,1,0.0,10,10.0,0.0
2026-01-27,80851898,A672,1691,0,0,43,0.0,1648,1648.0,0.0
2026-01-27,21357275,E569,1,0,0,0,0.0,1,1.0,0.0
2026-01-27,21121752,A715,4,0,0,0,0.0,4,4.0,0.0
2026-01-27,21132758,E569,11,0,0,1,0.0,10,10.0,0.0
2026-01-27,21143102,A716,141,0,0,8,0.0,133,133.0,0.0
2026-01-27,21170683,D901,90,0,11,5,0.0,96,96.0,0.0
2026-01-27,21128377,A715,88,0,0,2,0.0,86,86.0,0.0
2026-01-27,80796091,A680,152,0,0,3,0.0,149,149.0,0.0
2026-01-27,21366842,C816,55,0,0,0,0.0,55,55.0,0.0
2026-01-27,21132988,C816,180,0,0,11,16.0,153,153.0,0.0
2026-01-27,80804132,E569,24,0,0,1,0.0,23,23.0,0.0
2026-01-27,80812840,C819,15,0,0,0,0.0,15,15.0,0.0
2026-01-27,21143110,C937,2,0,0,0,0.0,2,2.0,0.0
2026-01-27,80807116,A668,613,0,0,47,0.0,566,566.0,0.0
2026-01-27,80852695,A715,2,0,0,0,0.0,2,2.0,0.0
2026-01-27,80807115,D901,119,0,4,32,0.0,91,91.0,0.0
2026-01-27,80812110,A672,127,0,1,5,0.0,123,123.0,0.0
2026-01-27,21121751,0386,1,0,0,0,0.0,1,1.0,0.0
2026-01-27,21128067,A680,139,0,0,8,0.0,131,131.0,0.0
2026-01-27,21155895,A672,382,0,0,18,0.0,364,364.0,0.0
2026-01-27,80884846,A672,16,0,0,1,0.0,15,15.0,0.0
2026-01-27,21113405,D767,14,0,0,1,0.0,13,13.0,0.0
2026-01-27,21143102,D901,52,0,0,9,0.0,43,43.0,0.0
2026-01-27,80807118,E569,19,0,0,3,0.0,16,16.0,0.0
2026-01-27,80793615,C937,2,0,0,0,0.0,2,2.0,0.0
2026-01-27,21170686,A715,16,0,0,0,0.0,16,16.0,0.0
2026-01-27,21179704,E556,15,0,0,3,0.0,12,12.0,0.0
2026-01-27,80864470,C937,1,0,0,0,0.0,1,1.0,0.0
2026-01-27,80840975,C937,3,0,0,0,0.0,3,3.0,0.0
2026-01-27,80884850,A680,11,0,0,4,0.0,7,7.0,0.0
2026-01-27,80804704,C816,867,0,0,28,353.0,486,486.0,0.0
2026-01-27,21171453,D767,5,0,0,0,0.0,5,5.0,0.0
2026-01-27,21132988,E568,11,0,0,1,0.0,10,10.0,0.0
2026-01-27,21155895,C810,25,0,0,1,0.0,24,24.0,0.0
2026-01-27,21255844,A668,136,0,0,2,0.0,134,134.0,0.0
2026-01-27,80807091,C816,407,0,0,3,16.0,388,388.0,0.0
2026-01-27,21127730,A680,420,0,0,7,0.0,413,413.0,0.0
2026-01-27,80863643,0386,20,0,0,0,20.0,0,0.0,0.0
2026-01-27,80807097,C816,197,0,0,4,0.0,193,193.0,0.0
2026-01-27,80791223,A680,14,0,0,0,0.0,14,14.0,0.0
2026-01-27,80804137,A716,31,0,0,1,0.0,30,30.0,0.0
2026-01-27,80884845,0386,2,0,0,0,0.0,2,2.0,0.0
2026-01-27,80868100,C937,4,0,0,0,0.0,4,4.0,0.0
2026-01-27,21434954,A672,321,0,0,12,0.0,309,309.0,0.0
2026-01-27,21314593,E556,44,0,0,0,0.0,44,44.0,0.0
2026-01-27,21442897,A716,667,0,0,5,0.0,662,662.0,0.0
2026-01-27,80793615,0386,3,0,0,0,0.0,3,3.0,0.0
2026-01-27,21366842,A673,235,0,0,0,0.0,235,235.0,0.0
2026-01-27,21301637,A715,47,0,0,0,0.0,47,47.0,0.0
2026-01-27,80807090,A672,82,0,0,1,0.0,81,81.0,0.0
2026-01-27,80807100,C937,4,0,0,0,0.0,4,4.0,0.0
2026-01-27,80868101,C937,4,0,0,0,0.0,4,4.0,0.0
2026-01-27,80804704,E568,0,0,15,1,0.0,14,14.0,0.0
2026-01-27,21121752,C816,205,0,0,0,0.0,205,205.0,0.0
2026-01-27,80793614,A668,9,0,0,0,0.0,9,9.0,0.0
2026-01-27,80795933,A715,7,0,0,0,0.0,7,7.0,0.0
2026-01-27,80804703,A715,474,0,0,1,0.0,473,473.0,0.0
2026-01-27,21325292,D767,42,0,0,2,0.0,40,40.0,0.0
2026-01-27,80807090,C810,68,0,0,1,0.0,67,67.0,0.0
2026-01-27,80804128,E569,12,0,0,1,0.0,11,11.0,0.0
2026-01-27,80807116,C563,28,0,0,3,0.0,25,25.0,0.0
2026-01-27,80868100,0386,2,0,0,0,0.0,2,2.0,0.0
2026-01-27,80804134,A668,207,0,0,31,0.0,176,176.0,0.0
2026-01-27,80807122,C816,93,0,0,0,58.0,35,35.0,0.0
2026-01-27,21315474,E569,11,0,0,1,0.0,10,10.0,0.0
2026-01-27,21303404,A673,537,0,0,27,0.0,510,510.0,0.0
2026-01-27,80804704,A673,895,0,82,0,4.0,973,973.0,0.0
2026-01-27,80868101,0386,2,0,0,0,0.0,2,2.0,0.0
2026-01-27,80885920,A715,444,0,0,5,0.0,439,439.0,0.0
2026-01-27,80804702,A715,4,0,0,0,0.0,4,4.0,0.0
2026-01-27,80807105,E556,3,0,0,0,0.0,3,3.0,0.0
2026-01-27,80807091,A673,641,0,0,30,5.0,606,606.0,0.0
2026-01-27,21422791,A716,13,0,0,0,0.0,13,13.0,0.0
2026-01-27,21291975,A672,211,0,0,0,0.0,211,211.0,0.0
2026-01-27,80848027,A673,218,0,0,1,0.0,217,217.0,0.0
2026-01-27,80807097,A673,55,0,0,4,0.0,51,51.0,0.0
2026-01-27,21377504,E556,6,0,0,0,0.0,6,6.0,0.0
2026-01-27,80884848,C816,449,0,0,1,8.0,440,440.0,0.0
2026-01-27,21275914,0386,358,0,0,0,0.0,358,358.0,0.0
2026-01-27,21314876,E568,4,0,0,0,0.0,4,4.0,0.0
2026-01-27,21419500,A716,90,0,0,0,0.0,90,90.0,0.0
2026-01-27,80804130,A716,24,0,0,0,0.0,24,24.0,0.0
2026-01-27,80804136,A672,846,0,317,55,0.0,1108,1108.0,0.0
2026-01-27,80848025,A672,698,0,0,8,0.0,690,690.0,0.0
2026-01-27,80805852,A672,27,0,0,0,0.0,27,27.0,0.0
2026-01-27,21113405,C816,165,0,0,8,0.0,157,157.0,0.0
2026-01-27,21121752,A673,125,0,0,0,0.0,125,125.0,0.0
2026-01-27,80805850,E564,3,0,0,0,0.0,3,3.0,0.0
2026-01-27,21419485,A680,151,0,0,15,0.0,136,136.0,0.0
2026-01-27,21171453,C816,91,0,0,0,0.0,91,91.0,0.0
2026-01-27,80807093,A668,6,0,0,0,0.0,6,6.0,0.0
2026-01-27,80807095,0386,4,0,0,0,0.0,4,4.0,0.0
2026-01-27,80812840,A680,257,0,0,5,0.0,252,252.0,0.0
2026-01-27,21314602,A680,113,0,0,3,0.0,110,110.0,0.0
2026-01-27,80848025,C810,3,0,0,1,0.0,2,2.0,0.0
2026-01-27,80804136,C810,103,0,0,15,0.0,88,88.0,0.0
2026-01-27,21118867,A716,33,0,0,1,0.0,32,32.0,0.0
2026-01-27,80812839,C937,3,0,2,1,0.0,4,4.0,0.0
2026-01-27,21128377,A673,266,0,450,21,67.0,628,628.0,0.0
2026-01-27,21315350,C819,3,0,0,0,0.0,3,3.0,0.0
2026-01-27,80804127,D767,21,0,0,4,0.0,17,17.0,0.0
2026-01-27,21472283,A672,102,0,0,0,0.0,102,102.0,0.0
2026-01-27,80804130,D901,5,0,0,1,0.0,4,4.0,0.0
2026-01-27,80848029,A672,818,0,0,52,0.0,766,766.0,0.0
2026-01-27,80807120,A716,73,0,0,2,0.0,71,71.0,0.0
2026-01-27,21113405,E568,8,0,0,0,0.0,8,8.0,0.0
2026-01-27,80804706,0386,1,0,0,0,0.0,1,1.0,0.0
2026-01-27,80848021,D901,75,0,17,0,0.0,92,92.0,0.0
2026-01-27,80807105,A715,75,0,0,7,0.0,68,68.0,0.0
2026-01-27,80864469,0386,1,0,0,0,0.0,1,1.0,0.0
2026-01-27,80807115,E569,65,0,0,7,0.0,58,58.0,0.0
2026-01-27,80804705,0386,1,0,0,0,0.0,1,1.0,0.0
2026-01-27,21377504,A715,59,0,0,0,0.0,59,59.0,0.0
2026-01-27,80804701,A716,60,0,0,7,0.0,53,53.0,0.0
2026-01-27,21139445,C937,4,0,1,1,0.0,4,4.0,0.0
2026-01-27,80807114,A715,151,0,0,2,0.0,149,149.0,0.0
2026-01-27,21325292,C816,336,0,0,24,9.0,303,303.0,0.0
2026-01-27,21148509,E556,20,0,0,0,0.0,20,20.0,0.0
2026-01-27,21325164,D767,2,0,0,2,0.0,0,0.0,0.0
2026-01-27,21416910,A672,441,0,0,0,0.0,441,441.0,0.0
2026-01-27,21143102,E569,6,0,0,0,0.0,6,6.0,0.0
2026-01-27,21428668,0386,2,0,0,0,0.0,2,2.0,0.0
2026-01-27,21113405,A673,283,0,0,6,0.0,277,277.0,0.0
2026-01-27,80805856,A672,366,0,324,62,0.0,628,628.0,0.0
2026-01-27,80885921,C816,74,0,0,4,0.0,70,70.0,0.0
2026-01-27,21128067,E556,8,0,0,0,0.0,8,8.0,0.0
2026-01-27,80804702,C816,651,0,0,5,31.0,615,615.0,0.0
2026-01-27,80863645,C816,408,0,0,0,0.0,408,408.0,0.0
2026-01-27,80807120,D901,71,0,17,0,0.0,88,88.0,0.0
2026-01-27,21352461,A672,375,0,0,0,0.0,375,375.0,0.0
2026-01-27,80807119,D767,9,0,0,0,0.0,9,9.0,0.0
2026-01-27,80812103,C816,96,0,0,7,0.0,89,89.0,0.0
2026-01-27,21301637,A673,1895,0,0,84,0.0,1811,1811.0,0.0
2026-01-27,80795932,C816,307,0,0,5,0.0,302,302.0,0.0
2026-01-27,21103371,A716,108,0,0,0,0.0,108,108.0,0.0
2026-01-27,21325292,E568,10,0,0,0,0.0,10,10.0,0.0
2026-01-27,21121756,C937,11,0,0,0,0.0,11,11.0,0.0
2026-01-27,80848022,A672,218,0,0,38,0.0,180,180.0,0.0
2026-01-27,21352461,C810,2,0,0,1,0.0,1,1.0,0.0
2026-01-27,80812338,A680,8,0,0,1,0.0,7,7.0,0.0
2026-01-27,80804137,C819,10,0,0,0,0.0,10,10.0,0.0
2026-01-27,21314875,A672,69,0,0,2,0.0,67,67.0,0.0
2026-01-27,80807113,C816,2215,0,0,29,53.0,2133,2133.0,0.0
2026-01-27,80807096,A716,6,0,0,1,0.0,5,5.0,0.0
2026-01-27,80796091,A715,174,0,0,1,0.0,173,173.0,0.0
2026-01-27,21377091,C816,177,0,0,0,0.0,177,177.0,0.0
2026-01-27,80848022,C810,44,0,0,6,0.0,38,38.0,0.0
2026-01-27,21325292,A673,564,0,0,12,0.0,552,552.0,0.0
2026-01-27,80807117,C816,367,0,0,0,12.0,355,355.0,0.0
2026-01-27,80848031,C937,13,0,0,2,0.0,11,11.0,0.0
2026-01-27,80804135,A716,272,0,0,0,0.0,272,272.0,0.0
2026-01-27,21133493,E556,163,0,0,0,0.0,163,163.0,0.0
2026-01-27,80884846,0386,1,0,0,0,0.0,1,1.0,0.0
2026-01-27,21121751,E564,6,0,0,0,0.0,6,6.0,0.0
2026-01-27,21434954,C937,3,0,0,0,0.0,3,3.0,0.0
2026-01-27,80807102,C819,4,0,0,0,0.0,4,4.0,0.0
2026-01-27,80885921,A673,250,0,0,17,0.0,233,233.0,0.0
2026-01-27,21128067,A715,261,0,0,2,0.0,259,259.0,0.0
2026-01-27,80804702,A673,42,0,8,2,0.0,48,48.0,0.0
2026-01-27,80807105,C816,406,0,1,37,47.0,323,323.0,0.0
2026-01-27,21304907,A680,55,0,0,1,0.0,54,54.0,0.0
2026-01-27,80884850,A715,4,0,0,0,0.0,4,4.0,0.0
2026-01-27,80807096,D901,85,0,0,6,0.0,79,79.0,0.0
2026-01-27,80812103,A673,169,0,0,10,0.0,159,159.0,0.0
2026-01-27,80848026,A672,606,0,0,111,0.0,495,495.0,0.0
2026-01-27,80807110,E556,32,0,0,0,0.0,32,32.0,0.0
2026-01-27,80807091,A668,313,0,0,5,0.0,308,308.0,0.0
2026-01-27,80848027,A668,46,0,0,1,0.0,45,45.0,0.0
2026-01-27,21127730,A715,167,0,0,1,0.0,166,166.0,0.0
2026-01-27,80807097,A668,24,0,0,1,0.0,23,23.0,0.0
2026-01-27,80791223,A715,16,0,0,0,0.0,16,16.0,0.0
2026-01-27,21315350,A680,227,0,21,16,0.0,232,232.0,0.0
2026-01-27,21121751,D901,32,0,4,4,0.0,32,32.0,0.0
2026-01-27,80804127,E568,1,0,0,0,0.0,1,1.0,0.0
2026-01-27,80807113,A673,565,0,0,11,0.0,554,554.0,0.0
2026-01-27,80848026,C810,185,0,0,15,0.0,170,170.0,0.0
2026-01-27,21314594,A716,56,0,0,0,0.0,56,56.0,0.0
2026-01-27,80807117,A673,102,0,19,7,0.0,114,114.0,0.0
2026-01-27,21121752,A668,10,0,0,0,0.0,10,10.0,0.0
2026-01-27,21422791,E569,1,0,0,0,0.0,1,1.0,0.0
2026-01-27,21127730,E295,263,0,0,28,0.0,235,235.0,0.0
2026-01-27,80804136,C937,2,0,20,3,0.0,19,19.0,0.0
2026-01-27,80812840,E556,48,0,0,16,0.0,32,32.0,0.0
2026-01-27,21132988,C937,10,0,0,1,0.0,9,9.0,0.0
2026-01-27,21307836,C816,449,0,0,6,59.0,384,384.0,0.0
2026-01-27,80804130,E569,15,0,0,0,0.0,15,15.0,0.0
2026-01-27,80807105,A673,883,0,0,58,0.0,825,825.0,0.0
2026-01-27,21325164,E568,5,0,0,0,0.0,5,5.0,0.0
2026-01-27,21118867,C819,5,0,0,0,0.0,5,5.0,0.0
2026-01-27,21128377,A668,116,0,124,15,0.0,225,225.0,0.0
2026-01-27,80807105,E467,75,0,0,9,0.0,66,66.0,0.0
2026-01-27,80807100,E564,48,0,0,1,0.0,47,47.0,0.0
2026-01-27,80885919,A680,69,0,0,0,0.0,69,69.0,0.0
2026-01-27,80804698,A680,54,0,0,4,0.0,50,50.0,0.0
2026-01-27,80838162,C816,163,0,0,0,0.0,163,163.0,0.0
2026-01-27,21291975,0386,1,0,0,0,0.0,1,1.0,0.0
2026-01-27,80804703,A672,87,0,0,11,0.0,76,76.0,0.0
2026-01-27,21165946,A716,161,0,0,4,0.0,157,157.0,0.0
2026-01-27,21419490,A672,848,0,0,15,0.0,833,833.0,0.0
2026-01-27,21098519,A672,1317,0,4,59,0.0,1262,1262.0,0.0
2026-01-27,80804136,0386,1,0,0,0,0.0,1,1.0,0.0
2026-01-27,80807119,E568,5,0,0,0,0.0,5,5.0,0.0
2026-01-27,80805852,0386,0,308,0,0,307.0,1,1.0,0.0
2026-01-27,21179704,A672,248,0,0,6,0.0,242,242.0,0.0
2026-01-27,21170686,A668,63,0,0,1,0.0,62,62.0,0.0
2026-01-27,80848029,C937,3,0,0,3,0.0,0,0.0,0.0
2026-01-27,80885920,A672,139,0,0,0,0.0,139,139.0,0.0
2026-01-27,80807120,E569,16,0,0,1,0.0,15,15.0,0.0
2026-01-27,80891759,C810,2,0,0,0,0.0,2,2.0,0.0
2026-01-27,80804703,C810,472,0,0,2,0.0,470,470.0,0.0
2026-01-27,21143103,A716,120,0,0,0,0.0,120,120.0,0.0
2026-01-27,80812846,A672,1608,0,0,110,0.0,1498,1498.0,0.0
2026-01-27,21165868,A716,21,0,0,0,0.0,21,21.0,0.0
2026-01-27,21098519,C810,227,0,0,0,3.0,224,224.0,0.0
2026-01-27,21419485,A715,287,0,0,1,0.0,286,286.0,0.0
2026-01-27,21132758,D767,12,0,0,2,0.0,10,10.0,0.0
2026-01-27,80804699,E569,4,0,0,0,0.0,4,4.0,0.0
2026-01-27,80807095,E564,67,0,5,9,0.0,63,63.0,0.0
2026-01-27,80804129,D767,13,0,0,0,0.0,13,13.0,0.0
2026-01-27,21314593,A672,448,0,0,21,0.0,427,427.0,0.0
2026-01-27,21307836,A673,106,0,25,12,0.0,119,119.0,0.0
2026-01-27,80812840,A715,230,0,0,1,0.0,229,229.0,0.0
2026-01-27,21314602,A715,266,0,0,4,0.0,262,262.0,0.0
2026-01-27,21472283,0386,1,0,0,0,0.0,1,1.0,0.0
2026-01-27,80805856,C937,0,0,19,1,0.0,18,18.0,0.0
2026-01-27,80848029,0386,1,0,0,0,0.0,1,1.0,0.0
2026-01-27,21176384,A680,8,0,0,0,0.0,8,8.0,0.0
2026-01-27,21301637,A668,198,0,0,0,0.0,198,198.0,0.0
2026-01-27,80796091,A673,651,0,0,14,0.0,637,637.0,0.0
2026-01-27,21137621,A672,1251,0,0,0,0.0,1251,1251.0,0.0
2026-01-27,21127800,A672,856,0,0,52,0.0,804,804.0,0.0
2026-01-27,80807102,A680,109,0,161,6,0.0,264,264.0,0.0
2026-01-27,80857738,A668,2,0,0,0,0.0,2,2.0,0.0
2026-01-27,80812846,C810,81,0,4,1,7.0,77,77.0,0.0
2026-01-27,21103372,A680,176,0,0,20,0.0,156,156.0,0.0
2026-01-27,80804132,D767,52,0,0,7,0.0,45,45.0,0.0
2026-01-27,80840976,D901,30,0,4,4,0.0,30,30.0,0.0
2026-01-27,80795933,A668,58,0,0,0,0.0,58,58.0,0.0
2026-01-27,21143103,D901,31,0,3,2,0.0,32,32.0,0.0
2026-01-27,21314876,C937,4,0,0,0,0.0,4,4.0,0.0
2026-01-27,21314593,C810,0,0,130,3,16.0,111,111.0,0.0
2026-01-27,80804706,E564,4,0,0,0,0.0,4,4.0,0.0
2026-01-27,80812338,E556,4,0,0,0,0.0,4,4.0,0.0
2026-01-27,80804133,C819,40,0,0,0,0.0,40,40.0,0.0
2026-01-27,21165868,D901,6,0,2,1,0.0,7,7.0,0.0
2026-01-27,21128067,A673,450,0,0,17,0.0,433,433.0,0.0
2026-01-27,80807116,A716,235,0,31,7,0.0,259,259.0,0.0
2026-01-27,80804705,E564,72,0,0,3,0.0,69,69.0,0.0
2026-01-27,21416910,0386,1909,0,0,0,0.0,1909,1909.0,0.0
2026-01-27,80805856,0386,3,1367,0,0,1366.0,4,4.0,0.0
2026-01-27,80838165,E569,4,0,0,0,0.0,4,4.0,0.0
2026-01-27,80807095,D901,155,0,97,34,0.0,218,218.0,0.0
2026-01-27,80831843,A715,347,0,0,0,0.0,347,347.0,0.0
2026-01-27,21354246,D767,11,0,0,1,0.0,10,10.0,0.0
2026-01-27,80807096,E569,21,0,0,2,0.0,19,19.0,0.0
2026-01-27,80804706,D901,14,0,0,0,0.0,14,14.0,0.0
2026-01-27,80848022,0386,3,0,0,0,0.0,3,3.0,0.0
2026-01-27,80807116,D901,113,0,0,0,0.0,113,113.0,0.0
2026-01-27,21132752,A672,291,0,0,27,0.0,264,264.0,0.0
2026-01-27,21118867,A680,29,0,0,0,0.0,29,29.0,0.0
2026-01-27,21419485,C816,1004,0,0,0,42.0,962,962.0,0.0
2026-01-27,80812338,A715,6,0,0,0,0.0,6,6.0,0.0
2026-01-27,21315350,E556,36,0,0,7,0.0,29,29.0,0.0
2026-01-27,80807113,A668,446,0,0,22,0.0,424,424.0,0.0
2026-01-27,80848026,C937,51,0,29,26,0.0,54,54.0,0.0
2026-01-27,80812110,E564,9,0,0,2,0.0,7,7.0,0.0
2026-01-27,80793614,A716,2,0,0,0,0.0,2,2.0,0.0
2026-01-27,80838163,A680,3,0,0,0,0.0,3,3.0,0.0
2026-01-27,80804128,D767,16,0,0,3,0.0,13,13.0,0.0
2026-01-27,80807117,A668,4,0,0,0,0.0,4,4.0,0.0
2026-01-27,80807092,A672,907,0,0,22,0.0,885,885.0,0.0
2026-01-27,21155895,E564,6,0,0,0,0.0,6,6.0,0.0
2026-01-27,80804129,C816,453,0,0,6,0.0,447,447.0,0.0
2026-01-27,80804134,A716,143,0,0,11,0.0,132,132.0,0.0
2026-01-27,21137866,A680,174,0,0,14,0.0,160,160.0,0.0
2026-01-27,80807105,A668,365,0,0,19,0.0,346,346.0,0.0
2026-01-27,21314595,C937,5,0,0,0,0.0,5,5.0,0.0
2026-01-27,21304907,A715,138,0,0,2,0.0,136,136.0,0.0
2026-01-27,80848024,C816,316,0,0,2,0.0,314,314.0,0.0
2026-01-27,21377504,A668,82,0,0,1,0.0,81,81.0,0.0
2026-01-27,80807092,C810,15,0,0,0,1.0,14,14.0,0.0
2026-01-27,80848026,0386,3,3623,0,0,3623.0,3,3.0,0.0
2026-01-27,80804698,E556,6,0,0,0,0.0,6,6.0,0.0
2026-01-27,21143110,C819,4,0,0,0,0.0,4,4.0,0.0
2026-01-27,80807112,A672,2134,0,46,36,0.0,2144,2144.0,0.0
2026-01-27,21148509,A672,389,0,0,19,0.0,370,370.0,0.0
2026-01-27,80807114,A668,148,0,0,5,0.0,143,143.0,0.0
2026-01-27,80807089,C819,2,0,0,0,0.0,2,2.0,0.0
2026-01-27,80812099,A672,58,0,0,5,0.0,53,53.0,0.0
2026-01-27,80863645,C937,4,0,0,0,0.0,4,4.0,0.0
2026-01-27,21151196,E295,90,0,0,31,0.0,59,59.0,0.0
2026-01-27,80804129,E568,7,0,0,0,0.0,7,7.0,0.0
2026-01-27,21434952,C937,3,0,0,0,0.0,3,3.0,0.0
2026-01-27,80807090,E564,19,0,0,2,0.0,17,17.0,0.0
2026-01-27,21419485,A673,366,0,15,6,0.0,375,375.0,0.0
2026-01-27,21155895,D901,78,0,11,15,0.0,74,74.0,0.0
2026-01-27,80804134,D901,15,0,0,6,0.0,9,9.0,0.0
2026-01-27,80807090,A716,15,0,0,0,0.0,15,15.0,0.0
2026-01-27,80812103,C937,4,0,0,0,0.0,4,4.0,0.0
2026-01-27,80807112,C810,99,0,0,1,0.0,98,98.0,0.0
2026-01-27,21315350,A715,73,0,0,0,0.0,73,73.0,0.0
2026-01-27,21148509,C810,15,0,0,3,0.0,12,12.0,0.0
2026-01-27,80795932,C937,2,0,0,0,0.0,2,2.0,0.0
2026-01-27,80840975,C819,4,0,0,0,0.0,4,4.0,0.0
2026-01-27,80864470,C819,38,0,0,4,0.0,34,34.0,0.0
2026-01-27,21354246,C816,139,0,0,2,0.0,137,137.0,0.0
2026-01-27,21103371,A680,213,0,0,0,0.0,213,213.0,0.0
2026-01-27,80804132,E568,4,0,0,0,0.0,4,4.0,0.0
2026-01-27,80807093,A716,271,0,0,0,0.0,271,271.0,0.0
2026-01-27,80804137,E556,16,0,0,1,0.0,15,15.0,0.0
2026-01-27,21170683,D767,5,0,0,0,0.0,5,5.0,0.0
2026-01-27,21098519,C937,26,0,22,8,0.0,40,40.0,0.0
2026-01-27,80804133,A680,305,0,0,9,0.0,296,296.0,0.0
2026-01-27,21170691,C816,78,0,0,2,0.0,76,76.0,0.0
2026-01-27,21307836,A668,29,0,0,1,0.0,28,28.0,0.0
2026-01-27,80812154,C819,4,0,0,0,0.0,4,4.0,0.0
2026-01-27,80812841,D767,35,0,0,9,0.0,26,26.0,0.0
2026-01-27,21357021,C816,222,0,0,0,0.0,222,222.0,0.0
2026-01-27,80840976,E569,23,0,3,0,0.0,26,26.0,0.0
2026-01-27,80796091,A668,81,0,0,1,0.0,80,80.0,0.0
2026-01-27,80807090,D901,6,0,0,0,0.0,6,6.0,0.0
2026-01-27,21143103,E569,3,0,0,0,0.0,3,3.0,0.0
2026-01-27,80807115,D767,57,0,0,1,0.0,56,56.0,0.0
2026-01-27,80807102,E556,5,0,0,3,0.0,2,2.0,0.0
2026-01-27,21354246,E568,2,0,0,0,0.0,2,2.0,0.0
2026-01-27,80804698,A715,45,0,0,1,0.0,44,44.0,0.0
2026-01-27,80885919,A715,24,0,0,0,0.0,24,24.0,0.0
2026-01-27,21165868,E569,5,0,0,0,0.0,5,5.0,0.0
2026-01-27,21103372,E556,77,0,0,6,0.0,71,71.0,0.0
2026-01-27,21133493,A672,1453,0,0,101,0.0,1352,1352.0,0.0
2026-01-27,80804138,A680,144,0,0,5,0.0,139,139.0,0.0
2026-01-27,21151196,C816,509,0,190,58,5.0,636,636.0,0.0
2026-01-27,21315352,A672,333,0,0,36,0.0,297,297.0,0.0
2026-01-27,21419490,0386,6,0,0,0,0.0,6,6.0,0.0
2026-01-27,21098519,0386,1,0,0,0,0.0,1,1.0,0.0
2026-01-27,21151196,D191,7,0,0,1,0.0,6,6.0,0.0
2026-01-27,80807093,D901,3,0,0,0,0.0,3,3.0,0.0
2026-01-27,80807095,E569,36,0,15,7,0.0,44,44.0,0.0
2026-01-27,21128067,A668,471,0,0,29,0.0,442,442.0,0.0
2026-01-27,80804136,E564,65,0,0,14,0.0,51,51.0,0.0
2026-01-27,80805852,E564,5,0,0,0,0.0,5,5.0,0.0
2026-01-27,21141769,A672,279,0,0,5,0.0,274,274.0,0.0
2026-01-27,21304907,C816,2238,0,0,1,0.0,2237,2237.0,0.0
2026-01-27,21315352,C810,0,0,34,0,19.0,15,15.0,0.0
2026-01-27,21132758,A672,1251,0,0,166,0.0,1085,1085.0,0.0
2026-01-27,80807110,A672,1698,0,0,28,0.0,1670,1670.0,0.0
2026-01-27,21325164,C937,4,0,0,0,0.0,4,4.0,0.0
2026-01-27,21314593,0386,3,0,0,0,2.0,1,1.0,0.0
2026-01-27,21442422,A680,132,0,0,18,0.0,114,114.0,0.0
2026-01-27,80807116,E569,81,0,0,12,0.0,69,69.0,0.0
2026-01-27,21141769,C810,22,0,0,0,0.0,22,22.0,0.0
2026-01-27,21127730,A668,1655,0,0,14,0.0,1641,1641.0,0.0
2026-01-27,21162696,C819,1,0,0,0,0.0,1,1.0,0.0
2026-01-27,80804128,E568,3,0,0,0,0.0,3,3.0,0.0
2026-01-27,80791223,A668,6,0,0,0,0.0,6,6.0,0.0
2026-01-27,21315474,E568,6,0,0,1,0.0,5,5.0,0.0
2026-01-27,21176384,A715,13,0,0,1,0.0,12,12.0,0.0
2026-01-27,21376841,C816,458,0,0,0,0.0,458,458.0,0.0
2026-01-27,80807110,C810,60,0,0,4,9.0,47,47.0,0.0
2026-01-27,80848025,D901,19,0,0,0,0.0,19,19.0,0.0
2026-01-27,80807102,A715,70,0,0,2,0.0,68,68.0,0.0
2026-01-27,80807119,C937,3,0,0,1,0.0,2,2.0,0.0
2026-01-27,21103372,A715,128,0,45,0,0.0,173,173.0,0.0
2026-01-27,80793613,C816,221,0,0,5,0.0,216,216.0,0.0
2026-01-27,21151196,A673,629,0,0,16,0.0,613,613.0,0.0
2026-01-27,21118867,E556,2,0,0,0,0.0,2,2.0,0.0
2026-01-27,80807118,A672,919,0,0,45,0.0,874,874.0,0.0
2026-01-27,21143110,A680,409,0,0,5,0.0,404,404.0,0.0
2026-01-27,21255844,E569,7,0,0,0,0.0,7,7.0,0.0
2026-01-27,21314602,A672,567,0,0,5,0.0,562,562.0,0.0
2026-01-27,80812839,C819,14,0,0,2,0.0,12,12.0,0.0
2026-01-27,21133312,A680,56,0,0,9,0.0,47,47.0,0.0
2026-01-27,80807089,A680,107,0,0,7,0.0,100,100.0,0.0
2026-01-27,21304907,A673,87,0,0,2,0.0,85,85.0,0.0
2026-01-27,80805856,E564,21,0,2,14,0.0,9,9.0,0.0
2026-01-27,21118864,A672,120,0,0,0,0.0,120,120.0,0.0
2026-01-27,21128067,C563,12,0,0,0,0.0,12,12.0,0.0
2026-01-27,80812841,C816,375,0,0,33,4.0,338,338.0,0.0
2026-01-27,80823707,C816,4,0,0,0,0.0,4,4.0,0.0
2026-01-27,80807118,C810,2522,0,0,0,1.0,2521,2521.0,0.0
2026-01-27,21137866,E556,27,0,0,1,0.0,26,26.0,0.0
2026-01-27,80864470,A680,178,0,0,6,0.0,172,172.0,0.0
2026-01-27,80840975,A680,268,0,0,2,0.0,266,266.0,0.0
2026-01-27,80804701,E556,3,0,0,1,0.0,2,2.0,0.0
2026-01-27,80838164,A716,2,0,0,0,0.0,2,2.0,0.0
2026-01-27,80807115,D191,5,0,0,0,0.0,5,5.0,0.0
2026-01-27,80807092,C937,19,0,0,2,0.0,17,17.0,0.0
2026-01-27,21132752,0386,1,0,0,0,0.0,1,1.0,0.0
2026-01-27,21315350,A673,716,0,0,22,0.0,694,694.0,0.0
2026-01-27,80807091,A716,125,0,0,3,0.0,122,122.0,0.0
2026-01-27,80831843,A672,475,0,0,0,0.0,475,475.0,0.0
2026-01-27,80804134,E569,6,0,0,4,0.0,2,2.0,0.0
2026-01-27,80848027,A716,4,0,7,0,0.0,11,11.0,0.0
2026-01-27,80807097,A716,17,0,0,1,0.0,16,16.0,0.0
2026-01-27,21127730,C563,12,0,0,7,0.0,5,5.0,0.0
2026-01-27,80848023,A680,307,0,0,17,0.0,290,290.0,0.0
2026-01-27,21314875,E564,13,0,0,1,0.0,12,12.0,0.0
2026-01-27,80812154,A680,73,0,0,1,0.0,72,72.0,0.0
2026-01-27,80793613,A673,518,0,0,5,6.0,507,507.0,0.0
2026-01-27,80812841,E568,20,0,0,1,0.0,19,19.0,0.0
2026-01-27,21419485,A668,169,0,0,18,0.0,151,151.0,0.0
2026-01-27,21118867,A715,24,0,0,0,0.0,24,24.0,0.0
2026-01-27,80807115,E568,5,0,0,1,0.0,4,4.0,0.0
2026-01-27,80812099,C937,2,0,0,0,0.0,2,2.0,0.0
2026-01-27,80812840,A668,455,0,0,10,0.0,445,445.0,0.0
2026-01-27,21121752,A716,7,0,0,0,0.0,7,7.0,0.0
2026-01-27,21121756,C819,11,0,0,1,0.0,10,10.0,0.0
2026-01-27,21165816,C816,82,0,0,0,0.0,82,82.0,0.0
2026-01-27,80848022,D901,0,0,8,8,0.0,0,0.0,0.0
2026-01-27,80848021,D767,3,0,0,0,0.0,3,3.0,0.0
2026-01-27,80823707,A673,17,0,0,0,0.0,17,17.0,0.0
2026-01-27,21103372,C816,548,0,0,49,3.0,496,496.0,0.0
2026-01-27,80807090,E569,3,0,0,0,0.0,3,3.0,0.0
2026-01-27,21128377,A716,160,0,0,14,0.0,146,146.0,0.0
2026-01-27,80848027,D901,19,0,1,1,0.0,19,19.0,0.0
2026-01-27,21137866,A715,194,0,56,11,0.0,239,239.0,0.0
2026-01-27,80807112,0386,1,0,0,0,0.0,1,1.0,0.0
2026-01-27,80868102,A672,79,0,880,13,0.0,946,946.0,0.0
2026-01-27,80852695,A716,4,0,0,0,0.0,4,4.0,0.0
2026-01-27,80804135,E556,44,0,0,0,0.0,44,44.0,0.0
2026-01-27,80807093,E569,1,0,0,0,0.0,1,1.0,0.0
2026-01-27,80812845,E295,67,0,0,20,0.0,47,47.0,0.0
2026-01-27,21162696,A680,15,0,0,1,0.0,14,14.0,0.0
2026-01-27,21170686,A716,9,0,0,0,0.0,9,9.0,0.0
2026-01-27,21128377,D901,72,0,0,10,0.0,62,62.0,0.0
2026-01-27,80804131,A680,379,0,0,1,0.0,378,378.0,0.0
2026-01-27,21269899,C819,4,0,0,0,0.0,4,4.0,0.0
2026-01-27,21170683,A672,198,0,0,15,0.0,183,183.0,0.0
2026-01-27,21103371,A715,99,0,0,1,0.0,98,98.0,0.0
2026-01-27,21291975,E569,7,0,0,0,0.0,7,7.0,0.0
2026-01-27,21165816,A673,210,0,0,10,0.0,200,200.0,0.0
2026-01-27,80807102,A673,807,0,0,38,33.0,736,736.0,0.0
2026-01-27,80804133,A715,85,0,0,3,0.0,82,82.0,0.0
2026-01-27,21103372,A673,642,0,0,0,0.0,642,642.0,0.0
2026-01-27,80812839,A680,243,0,0,4,0.0,239,239.0,0.0
2026-01-27,80848025,E569,10,0,0,0,0.0,10,10.0,0.0
2026-01-27,21301637,A716,39,0,0,1,0.0,38,38.0,0.0
2026-01-27,21357275,C937,4,0,0,0,0.0,4,4.0,0.0
2026-01-27,21314594,E556,11,0,0,1,0.0,10,10.0,0.0
2026-01-27,80805852,E569,2,0,0,0,0.0,2,2.0,0.0
2026-01-27,21170686,D901,7,0,4,1,0.0,10,10.0,0.0
2026-01-27,21132758,C937,34,0,0,3,0.0,31,31.0,0.0
2026-01-27,80804129,C937,13,0,0,0,0.0,13,13.0,0.0
2026-01-27,21315352,0386,4,0,0,0,4.0,0,0.0,0.0
2026-01-27,80804703,E564,4,0,0,0,0.0,4,4.0,0.0
2026-01-27,21143102,A672,494,0,0,36,0.0,458,458.0,0.0
2026-01-27,80795933,A716,4,0,0,0,0.0,4,4.0,0.0
2026-01-27,80838163,C816,5,0,0,0,0.0,5,5.0,0.0
2026-01-27,80812845,C816,410,0,0,16,62.0,332,332.0,0.0
2026-01-27,21151196,A668,296,0,0,19,0.0,277,277.0,0.0
2026-01-27,21098519,E564,11,0,0,0,0.0,11,11.0,0.0
2026-01-27,80804138,A715,113,0,0,6,0.0,107,107.0,0.0
2026-01-27,21141769,0386,3,0,0,0,0.0,3,3.0,0.0
2026-01-27,21139445,A680,30,0,0,14,0.0,16,16.0,0.0
2026-01-27,21179704,E564,2,0,0,1,0.0,1,1.0,0.0
2026-01-27,80804132,C937,53,0,6,9,0.0,50,50.0,0.0
2026-01-27,21132988,C819,19,0,0,3,0.0,16,16.0,0.0
2026-01-27,21421149,C816,133,0,0,12,0.0,121,121.0,0.0
2026-01-27,80848024,C937,3,0,0,0,0.0,3,3.0,0.0
2026-01-27,80807089,E556,6,0,0,0,0.0,6,6.0,0.0
2026-01-27,21132758,0386,3,0,0,0,0.0,3,3.0,0.0
2026-01-27,21304907,A668,14,0,0,0,0.0,14,14.0,0.0
2026-01-27,21143102,C810,0,0,15,0,0.0,15,15.0,0.0
2026-01-27,21301637,D901,42,0,0,0,0.0,42,42.0,0.0
2026-01-27,80848028,A680,235,0,0,10,0.0,225,225.0,0.0
2026-01-27,80812846,E564,46,0,0,5,0.0,41,41.0,0.0
2026-01-27,80805850,C816,51,0,0,1,0.0,50,50.0,0.0
2026-01-27,21165946,E556,8,0,0,1,0.0,7,7.0,0.0
2026-01-27,80807118,C937,7,0,5,0,0.0,12,12.0,0.0
2026-01-27,21314593,E564,2,0,0,0,0.0,2,2.0,0.0
2026-01-27,80804703,D901,12,0,0,3,0.0,9,9.0,0.0
2026-01-27,80864470,E556,13,0,0,1,0.0,12,12.0,0.0
2026-01-27,21442422,A715,627,0,0,5,0.0,622,622.0,0.0
2026-01-27,21121751,D767,18,0,0,1,0.0,17,17.0,0.0
2026-01-27,80804132,0386,0,2567,0,0,2563.0,4,4.0,0.0
2026-01-27,21354246,C937,2,0,0,1,0.0,1,1.0,0.0
2026-01-27,80804704,C819,25,0,0,4,0.0,21,21.0,0.0
2026-01-27,21421148,A672,316,0,0,20,0.0,296,296.0,0.0
2026-01-27,21121756,A680,78,0,0,2,0.0,76,76.0,0.0
2026-01-27,21315350,A668,145,0,0,8,0.0,137,137.0,0.0
2026-01-27,80807091,C819,5,0,0,0,0.0,5,5.0,0.0
2026-01-27,80838163,A673,3,0,0,0,0.0,3,3.0,0.0
2026-01-27,21170691,C937,5,0,0,0,0.0,5,5.0,0.0
2026-01-27,80804137,A672,607,0,0,66,0.0,541,541.0,0.0
2026-01-27,80838164,E569,2,0,0,0,0.0,2,2.0,0.0
2026-01-27,80812845,A673,316,0,1748,81,258.0,1725,1725.0,0.0
2026-01-27,80793613,A668,51,0,0,1,0.0,50,50.0,0.0
2026-01-27,80812154,E556,14,0,0,1,0.0,13,13.0,0.0
2026-01-27,21442897,A672,73,0,0,12,0.0,61,61.0,0.0
2026-01-27,80812845,E467,34,0,0,6,0.0,28,28.0,0.0
2026-01-27,80804133,C816,370,0,350,13,40.0,667,667.0,0.0
2026-01-27,21118864,0386,4,0,0,0,0.0,4,4.0,0.0
2026-01-27,21143110,A715,98,0,0,0,0.0,98,98.0,0.0
2026-01-27,21314593,D901,8,0,0,0,0.0,8,8.0,0.0
2026-01-27,80848022,E569,11,0,0,7,0.0,4,4.0,0.0
2026-01-27,21133312,A715,50,0,0,2,0.0,48,48.0,0.0
2026-01-27,21121752,C819,13,0,0,1,0.0,12,12.0,0.0
2026-01-27,80807089,A715,150,0,0,4,0.0,146,146.0,0.0
2026-01-27,80863646,C816,238,0,0,4,0.0,234,234.0,0.0
2026-01-27,80804137,C810,10,0,0,1,0.0,9,9.0,0.0
2026-01-27,80885919,A668,63,0,0,4,0.0,59,59.0,0.0
2026-01-27,80804698,A668,29,0,0,4,0.0,25,25.0,0.0
2026-01-27,80805850,A673,104,0,0,2,0.0,102,102.0,0.0
2026-01-27,80804128,C937,8,0,0,0,0.0,8,8.0,0.0
2026-01-27,80807105,A716,108,0,0,9,0.0,99,99.0,0.0
2026-01-27,21142556,C816,298,0,0,18,0.0,280,280.0,0.0
2026-01-27,21315474,C937,10,0,0,2,0.0,8,8.0,0.0
2026-01-27,80807122,C819,1,0,0,0,0.0,1,1.0,0.0
2026-01-27,80804138,C816,198,0,0,5,1.0,192,192.0,0.0
2026-01-27,80864470,A715,81,0,0,3,0.0,78,78.0,0.0
2026-01-27,80840975,A715,0,0,33,2,0.0,31,31.0,0.0
2026-01-27,80807114,A716,22,0,0,1,0.0,21,21.0,0.0
2026-01-27,21143110,E295,144,0,0,32,0.0,112,112.0,0.0
2026-01-27,21128377,E569,6,0,0,0,0.0,6,6.0,0.0
2026-01-27,21422791,A672,24,0,0,1,0.0,23,23.0,0.0
2026-01-27,21162696,E556,6,0,0,0,0.0,6,6.0,0.0
2026-01-27,80848023,A715,262,0,0,12,0.0,250,250.0,0.0
2026-01-27,80812154,A715,151,0,0,3,0.0,148,148.0,0.0
2026-01-27,80804133,A673,1178,0,0,71,0.0,1107,1107.0,0.0
2026-01-27,21419500,A672,88,0,0,10,0.0,78,78.0,0.0
2026-01-27,21414747,A680,276,0,0,18,0.0,258,258.0,0.0
2026-01-27,80804130,A672,834,0,0,83,0.0,751,751.0,0.0
2026-01-27,80804133,E467,21,0,0,3,0.0,18,18.0,0.0
2026-01-27,21113405,C819,16,0,0,1,0.0,15,15.0,0.0
2026-01-27,80807092,E564,44,0,2,3,0.0,43,43.0,0.0
2026-01-27,80807114,D901,37,0,0,4,0.0,33,33.0,0.0
2026-01-27,21463645,A672,270,0,0,0,0.0,270,270.0,0.0
2026-01-27,80863646,A673,436,0,0,0,0.0,436,436.0,0.0
2026-01-27,21176384,A668,55,0,0,1,0.0,54,54.0,0.0
2026-01-27,21366842,A680,88,0,0,0,0.0,88,88.0,0.0
2026-01-27,21171453,C819,5,0,0,0,0.0,5,5.0,0.0
2026-01-27,80840976,D767,12,0,0,4,0.0,8,8.0,0.0
2026-01-27,21165816,A668,52,0,0,2,0.0,50,50.0,0.0
2026-01-27,80807102,A668,304,0,0,7,0.0,297,297.0,0.0
2026-01-27,21170686,E569,5,0,0,0,0.0,5,5.0,0.0
2026-01-27,21132988,A680,56,0,0,4,0.0,52,52.0,0.0
2026-01-27,80868102,0386,1,0,0,0,0.0,1,1.0,0.0
2026-01-27,21103372,A668,215,0,0,19,0.0,196,196.0,0.0
2026-01-27,80804130,C810,0,0,38,0,21.0,17,17.0,0.0
2026-01-27,21118867,A672,106,0,0,3,0.0,103,103.0,0.0
2026-01-27,80804138,A673,161,0,118,12,56.0,211,211.0,0.0
2026-01-27,80796091,A716,109,0,0,0,0.0,109,109.0,0.0
2026-01-27,21170683,C937,3,0,3,0,0.0,6,6.0,0.0
2026-01-27,80807112,E564,47,0,0,4,0.0,43,43.0,0.0
2026-01-27,21148509,E564,53,0,0,1,0.0,52,52.0,0.0
2026-01-27,80812099,E564,14,0,0,1,0.0,13,13.0,0.0
2026-01-27,80807095,D767,21,0,0,10,0.0,11,11.0,0.0
2026-01-27,21133312,C816,206,0,0,9,12.0,185,185.0,0.0
2026-01-27,80807120,A672,1194,0,0,17,0.0,1177,1177.0,0.0
2026-01-27,80812841,C937,11,0,0,5,0.0,6,6.0,0.0
2026-01-27,21118867,C810,3,0,0,0,0.0,3,3.0,0.0
2026-01-27,21128067,A716,398,0,0,14,0.0,384,384.0,0.0
2026-01-27,80807115,C937,88,0,6,9,0.0,85,85.0,0.0
2026-01-27,80804704,A680,42,0,0,32,0.0,10,10.0,0.0
2026-01-27,80863643,C816,60,0,196,1,0.0,255,255.0,0.0
2026-01-27,21301637,E569,14,0,0,0,0.0,14,14.0,0.0
2026-01-27,21162696,A715,4,0,0,0,0.0,4,4.0,0.0
2026-01-27,80884845,C816,416,0,0,1,26.0,389,389.0,0.0
2026-01-27,80793615,C816,347,0,0,15,0.0,332,332.0,0.0
2026-01-27,80804699,A672,15,0,0,3,0.0,12,12.0,0.0
2026-01-27,80804701,A672,24,0,0,13,0.0,11,11.0,0.0
2026-01-27,21170683,0386,0,854,0,0,852.0,2,2.0,0.0
2026-01-27,80864470,C816,270,0,0,10,0.0,260,260.0,0.0
2026-01-27,21442422,A673,779,0,0,54,0.0,725,725.0,0.0
2026-01-27,80840975,C816,546,0,0,2,0.0,544,544.0,0.0
2026-01-27,80884850,A716,23,0,0,1,0.0,22,22.0,0.0
2026-01-27,80807120,C810,85,0,0,2,4.0,79,79.0,0.0
2026-01-27,21143102,C937,4,0,1,2,0.0,3,3.0,0.0
2026-01-27,80807091,A680,163,0,0,0,0.0,163,163.0,0.0
2026-01-27,80848028,E556,5,0,0,0,0.0,5,5.0,0.0
2026-01-27,80804131,A715,8,0,0,0,0.0,8,8.0,0.0
2026-01-27,21127799,E556,78,0,0,6,0.0,72,72.0,0.0
2026-01-27,80864469,D767,23,0,0,1,0.0,22,22.0,0.0
2026-01-27,80804705,D767,72,0,0,1,0.0,71,71.0,0.0
2026-01-27,80807112,D901,100,0,1,6,0.0,95,95.0,0.0
2026-01-27,21148509,D901,0,0,65,22,0.0,43,43.0,0.0
2026-01-27,21127730,A716,527,0,0,1,0.0,526,526.0,0.0
2026-01-27,80804699,C810,91,0,0,0,0.0,91,91.0,0.0
2026-01-27,80804701,C810,200,0,0,0,0.0,200,200.0,0.0
2026-01-27,21138340,C816,56,0,0,5,0.0,51,51.0,0.0
2026-01-27,80791223,A716,14,0,0,0,0.0,14,14.0,0.0
2026-01-27,21179704,E569,2,0,0,0,0.0,2,2.0,0.0
2026-01-27,80868100,C816,1088,0,0,32,25.0,1031,1031.0,0.0
2026-01-27,21128067,D901,95,0,0,0,0.0,95,95.0,0.0
2026-01-27,80848023,C816,616,0,0,34,0.0,582,582.0,0.0
2026-01-27,80812839,A715,104,0,0,2,0.0,102,102.0,0.0
2026-01-27,80807100,C816,243,0,0,18,14.0,211,211.0,0.0
2026-01-27,21143102,0386,3,0,0,0,2.0,1,1.0,0.0
2026-01-27,21121756,E556,5,0,0,1,0.0,4,4.0,0.0
2026-01-27,21103371,A672,672,0,0,112,0.0,560,560.0,0.0
2026-01-27,80851898,D767,11,0,0,0,0.0,11,11.0,0.0
2026-01-27,80868101,C816,763,0,0,1,36.0,726,726.0,0.0
2026-01-27,21143110,A673,98,0,0,3,0.0,95,95.0,0.0
2026-01-27,21133312,A673,145,0,0,17,0.0,128,128.0,0.0
2026-01-27,21315352,E564,2,0,0,0,0.0,2,2.0,0.0
2026-01-27,80807122,A680,1,0,0,1,0.0,0,0.0,0.0
2026-01-27,80812845,A668,366,0,651,46,0.0,971,971.0,0.0
2026-01-27,21314593,E569,8,0,1,1,0.0,8,8.0,0.0
2026-01-27,80807113,C819,6,0,0,0,0.0,6,6.0,0.0
2026-01-27,80863643,A673,126,0,0,2,0.0,124,124.0,0.0
2026-01-27,80807096,A672,1270,0,0,57,0.0,1213,1213.0,0.0
2026-01-27,21127730,D901,16,0,0,1,0.0,15,15.0,0.0
2026-01-27,21141769,E564,5,0,0,3,0.0,2,2.0,0.0
2026-01-27,80793615,A673,744,0,0,0,0.0,744,744.0,0.0
2026-01-27,21275914,C816,254,0,0,5,0.0,249,249.0,0.0
2026-01-27,21139445,A715,268,0,0,4,0.0,264,264.0,0.0
2026-01-27,21103371,C810,103,0,0,0,0.0,103,103.0,0.0
2026-01-27,21137866,A668,332,0,0,40,0.0,292,292.0,0.0
2026-01-27,80864470,A673,1071,0,0,33,0.0,1038,1038.0,0.0
2026-01-27,80840975,A673,271,0,0,3,0.0,268,268.0,0.0
2026-01-27,21132758,E564,35,0,2,4,0.0,33,33.0,0.0
2026-01-27,80864470,E467,27,0,0,1,0.0,26,26.0,0.0
2026-01-27,80804135,A672,799,0,0,8,0.0,791,791.0,0.0
2026-01-27,80848028,A715,243,0,0,4,0.0,239,239.0,0.0
2026-01-27,80807110,E564,76,0,0,1,0.0,75,75.0,0.0
2026-01-27,80884848,A680,32,0,0,0,0.0,32,32.0,0.0
2026-01-27,80884852,A680,28,0,0,1,0.0,27,27.0,0.0
2026-01-27,21155895,D767,5,0,0,0,0.0,5,5.0,0.0
2026-01-27,21113405,A680,76,0,0,2,0.0,74,74.0,0.0
2026-01-27,80868100,A673,54,0,14,3,0.0,65,65.0,0.0
2026-01-27,80848023,A673,846,0,0,62,0.0,784,784.0,0.0
2026-01-27,80804135,C810,1,0,0,0,0.0,1,1.0,0.0
2026-01-27,80807100,A673,576,0,0,41,21.0,514,514.0,0.0
2026-01-27,21171453,A680,16,0,0,1,0.0,15,15.0,0.0
2026-01-27,80840976,E568,4,0,0,0,0.0,4,4.0,0.0
2026-01-27,21121756,A715,76,0,0,1,0.0,75,75.0,0.0
2026-01-27,80868101,A673,70,0,7,1,0.0,76,76.0,0.0
2026-01-27,80804137,0386,69,0,0,0,67.0,2,2.0,0.0
2026-01-27,80804131,C816,352,0,0,0,0.0,352,352.0,0.0
2026-01-27,21419485,A716,248,0,0,1,0.0,247,247.0,0.0
2026-01-27,80807118,E564,38,0,0,5,0.0,33,33.0,0.0
2026-01-27,80807110,D901,259,0,46,24,0.0,281,281.0,0.0
2026-01-27,21314602,E564,9,0,0,0,0.0,9,9.0,0.0
2026-01-27,80807114,E569,7,0,0,2,0.0,5,5.0,0.0
2026-01-27,80864469,C816,1446,0,0,15,130.0,1301,1301.0,0.0
2026-01-27,80804133,A668,566,0,0,41,0.0,525,525.0,0.0
2026-01-27,80812840,A716,363,0,0,4,0.0,359,359.0,0.0
2026-01-27,80804705,C816,2697,0,0,24,223.0,2450,2450.0,0.0
2026-01-27,80812839,C816,337,0,0,6,8.0,323,323.0,0.0
2026-01-27,80838161,C816,5,0,0,0,0.0,5,5.0,0.0
2026-01-27,21314594,A672,798,0,0,27,0.0,771,771.0,0.0
2026-01-27,80863646,A668,156,0,0,2,0.0,154,154.0,0.0
2026-01-27,21428668,C816,2320,0,0,16,203.0,2101,2101.0,0.0
2026-01-27,21137866,C563,17,0,0,2,0.0,15,15.0,0.0
2026-01-27,21132988,E556,15,0,0,0,0.0,15,15.0,0.0
2026-01-27,80804130,C937,5,0,0,1,0.0,4,4.0,0.0
2026-01-27,21314595,A680,108,0,0,1,0.0,107,107.0,0.0
2026-01-27,21325292,A680,169,0,0,8,0.0,161,161.0,0.0
2026-01-27,80851898,C816,309,0,0,4,0.0,305,305.0,0.0
2026-01-27,80804138,A668,78,0,70,3,0.0,145,145.0,0.0
2026-01-27,21314594,C810,4,0,0,0,0.0,4,4.0,0.0
2026-01-27,80848021,C937,2,0,0,0,0.0,2,2.0,0.0
2026-01-27,80864469,E568,2,0,0,0,0.0,2,2.0,0.0
2026-01-27,21269899,A715,469,0,0,1,0.0,468,468.0,0.0
2026-01-27,80885921,A680,63,0,0,0,0.0,63,63.0,0.0
2026-01-27,80804705,E568,0,0,5,2,0.0,3,3.0,0.0
2026-01-27,80863645,A680,273,0,0,1,0.0,272,272.0,0.0
2026-01-27,21422791,0386,2,0,0,0,0.0,2,2.0,0.0
2026-01-27,21118864,D901,1,0,0,0,0.0,1,1.0,0.0
2026-01-27,21434952,A680,102,0,0,0,0.0,102,102.0,0.0
2026-01-27,80804131,A673,542,0,0,3,0.0,539,539.0,0.0
2026-01-27,21165946,A672,366,0,0,4,0.0,362,362.0,0.0
2026-01-27,80804704,E556,24,0,0,2,0.0,22,22.0,0.0
2026-01-27,80804130,0386,1,0,0,0,0.0,1,1.0,0.0
2026-01-27,80812103,A680,69,0,0,7,0.0,62,62.0,0.0
2026-01-27,80795932,A680,73,0,0,1,0.0,72,72.0,0.0
2026-01-27,80851898,E568,10,0,0,0,0.0,10,10.0,0.0
2026-01-27,21442422,A668,145,0,0,0,0.0,145,145.0,0.0
2026-01-27,80807112,E569,32,0,0,5,0.0,27,27.0,0.0
2026-01-27,21103371,C563,15,0,0,3,0.0,12,12.0,0.0
2026-01-27,21148509,E569,13,0,0,0,0.0,13,13.0,0.0
2026-01-27,80812110,C816,70,0,0,6,0.0,64,64.0,0.0
2026-01-27,21463645,0386,2,0,0,0,0.0,2,2.0,0.0
2026-01-27,80807091,E556,19,0,0,2,0.0,17,17.0,0.0
2026-01-27,21414747,A715,264,0,0,4,0.0,260,260.0,0.0
2026-01-27,80812839,A673,1334,0,0,24,0.0,1310,1310.0,0.0
2026-01-27,80838161,A673,6,0,0,0,0.0,6,6.0,0.0
2026-01-27,21143103,A672,163,0,0,10,0.0,153,153.0,0.0
2026-01-27,80804136,D767,51,0,0,9,0.0,42,42.0,0.0
2026-01-27,80848025,D767,2,0,0,2,0.0,0,0.0,0.0
2026-01-27,21165946,C810,0,0,1,0,0.0,1,1.0,0.0
2026-01-27,21128067,E569,6,0,0,1,0.0,5,5.0,0.0
2026-01-27,21121756,C816,151,0,0,4,0.0,147,147.0,0.0
2026-01-27,21428668,A673,414,0,110,38,0.0,486,486.0,0.0
2026-01-27,80807113,A680,244,0,0,7,0.0,237,237.0,0.0
2026-01-27,21165868,A672,56,0,0,2,0.0,54,54.0,0.0
2026-01-27,80804699,C937,3,0,0,0,0.0,3,3.0,0.0
2026-01-27,80831843,D901,81,0,0,0,0.0,81,81.0,0.0
2026-01-27,21366842,A715,122,0,0,0,0.0,122,122.0,0.0
2026-01-27,21377091,A680,308,0,0,0,0.0,308,308.0,0.0
2026-01-27,21132988,A715,132,0,0,0,0.0,132,132.0,0.0
2026-01-27,80807117,A680,27,0,0,2,0.0,25,25.0,0.0
2026-01-27,21121752,E556,8,0,0,0,0.0,8,8.0,0.0
2026-01-27,21143103,C810,2,0,0,0,0.0,2,2.0,0.0
2026-01-27,21139445,A673,274,0,25,0,0.0,299,299.0,0.0
2026-01-27,21442896,C816,427,0,0,7,174.0,246,246.0,0.0
2026-01-27,21143110,A668,355,0,0,4,0.0,351,351.0,0.0
2026-01-27,21165868,C810,327,0,0,1,0.0,326,326.0,0.0
2026-01-27,80804127,A680,138,0,0,20,0.0,118,118.0,0.0
2026-01-27,80848031,C816,1432,0,0,8,42.0,1382,1382.0,0.0
2026-01-27,21133312,A668,60,0,0,12,0.0,48,48.0,0.0
2026-01-27,21151196,A716,160,0,0,2,0.0,158,158.0,0.0
2026-01-27,80807089,A668,38,0,0,0,0.0,38,38.0,0.0
2026-01-27,21155895,E568,1,0,0,0,0.0,1,1.0,0.0
2026-01-27,21434954,C816,124,0,0,0,0.0,124,124.0,0.0
2026-01-27,80848029,D767,2,0,0,1,0.0,1,1.0,0.0
2026-01-27,80804701,0386,1,0,0,0,0.0,1,1.0,0.0
2026-01-27,80848028,E467,6,0,0,0,0.0,6,6.0,0.0
2026-01-27,80804704,A715,693,0,0,6,0.0,687,687.0,0.0
2026-01-27,80807116,A672,1229,0,0,35,0.0,1194,1194.0,0.0
2026-01-27,21304907,A716,15,0,0,0,0.0,15,15.0,0.0
2026-01-27,80793615,A668,76,0,0,0,0.0,76,76.0,0.0
2026-01-27,80838165,C937,4,0,0,0,0.0,4,4.0,0.0
2026-01-27,21170683,E564,14,0,0,0,0.0,14,14.0,0.0
2026-01-27,80864470,A668,53,0,50,4,0.0,99,99.0,0.0
2026-01-27,80840975,A668,82,0,0,0,0.0,82,82.0,0.0
2026-01-27,21269899,C816,287,0,0,1,0.0,286,286.0,0.0
2026-01-27,80807091,A715,40,0,0,0,0.0,40,40.0,0.0
2026-01-27,21121756,A673,304,0,0,7,0.0,297,297.0,0.0
2026-01-27,80807116,C810,100,0,0,14,0.0,86,86.0,0.0
2026-01-27,21113405,E556,5,0,0,1,0.0,4,4.0,0.0
2026-01-27,21315350,A716,96,0,0,6,0.0,90,90.0,0.0
2026-01-27,80804704,E295,87,0,0,7,0.0,80,80.0,0.0
2026-01-27,80812154,A668,27,0,12,0,0.0,39,39.0,0.0
2026-01-27,80848023,A668,364,0,0,25,0.0,339,339.0,0.0
2026-01-27,21255844,A672,179,0,0,3,0.0,176,176.0,0.0
2026-01-27,80807100,A668,183,0,0,10,0.0,173,173.0,0.0
2026-01-27,21143102,E564,3,0,0,0,0.0,3,3.0,0.0
2026-01-27,21414747,C816,1037,0,0,7,0.0,1030,1030.0,0.0
2026-01-27,21442896,A673,489,0,143,9,0.0,623,623.0,0.0
2026-01-27,80807119,A680,45,0,0,3,0.0,42,42.0,0.0
2026-01-27,80807110,E569,60,0,0,7,0.0,53,53.0,0.0
2026-01-27,80848031,A673,63,0,2,5,0.0,60,60.0,0.0
2026-01-27,21307836,A680,36,0,0,0,0.0,36,36.0,0.0
2026-01-27,80848022,D767,25,0,0,3,0.0,22,22.0,0.0
2026-01-27,80807122,A715,5,0,0,5,0.0,0,0.0,0.0
2026-01-27,21434954,A673,483,0,0,0,0.0,483,483.0,0.0
2026-01-27,21143110,C563,11,0,0,3,0.0,8,8.0,0.0
2026-01-27,80804136,C816,382,0,0,24,29.0,329,329.0,0.0
2026-01-27,80804136,D191,5,0,0,1,0.0,4,4.0,0.0
2026-01-27,80804135,0386,1,0,0,0,0.0,1,1.0,0.0
2026-01-27,80793614,A672,2,0,157,1,0.0,158,158.0,0.0
2026-01-27,21315350,D901,28,0,0,1,0.0,27,27.0,0.0
2026-01-27,80804698,A716,268,0,0,13,0.0,255,255.0,0.0
2026-01-27,21269899,A673,229,0,0,0,0.0,229,229.0,0.0
2026-01-27,80804129,C819,18,0,0,0,0.0,18,18.0,0.0
2026-01-27,80804134,A672,355,0,0,37,0.0,318,318.0,0.0
2026-01-27,80884848,A715,171,0,0,1,0.0,170,170.0,0.0
2026-01-27,80812840,E569,4,0,0,1,0.0,3,3.0,0.0
2026-01-27,21314602,E569,26,0,0,1,0.0,25,25.0,0.0
2026-01-27,21162696,A668,12,0,0,3,0.0,9,9.0,0.0
2026-01-27,80884852,A715,105,0,0,1,0.0,104,104.0,0.0
2026-01-27,21113405,A715,106,0,0,3,0.0,103,103.0,0.0
2026-01-27,21472283,C816,371,0,0,0,0.0,371,371.0,0.0
2026-01-27,80804136,E568,7,0,0,0,0.0,7,7.0,0.0
2026-01-27,80848025,E568,0,0,5,2,0.0,3,3.0,0.0
2026-01-27,80848029,C816,399,0,0,12,12.0,375,375.0,0.0
2026-01-27,80848029,D191,4,0,0,1,0.0,3,3.0,0.0
2026-01-27,80804134,C810,93,0,0,9,9.0,75,75.0,0.0
2026-01-27,21414747,A673,685,0,0,51,0.0,634,634.0,0.0
2026-01-27,21127799,A672,684,0,0,35,0.0,649,649.0,0.0
2026-01-27,21171453,A715,3,0,0,0,0.0,3,3.0,0.0
2026-01-27,80804131,A668,176,0,0,1,0.0,175,175.0,0.0
2026-01-27,80804137,E564,36,0,0,9,0.0,27,27.0,0.0
2026-01-27,80848026,D767,38,0,0,13,0.0,25,25.0,0.0
2026-01-27,80812103,E556,10,0,0,3,0.0,7,7.0,0.0
2026-01-27,80804136,A673,1406,0,0,82,8.0,1316,1316.0,0.0
2026-01-27,21132988,A673,432,0,23,36,0.0,419,419.0,0.0
2026-01-27,21416910,C816,539,0,0,0,0.0,539,539.0,0.0
2026-01-27,80812839,A668,577,0,0,20,0.0,557,557.0,0.0
2026-01-27,80805856,C816,194,0,0,13,0.0,181,181.0,0.0
2026-01-27,21176384,A716,12,0,0,1,0.0,11,11.0,0.0
2026-01-27,21165816,A716,24,0,0,0,0.0,24,24.0,0.0
2026-01-27,80807093,A672,351,0,0,1,0.0,350,350.0,0.0
2026-01-27,80807102,A716,270,0,0,2,0.0,268,268.0,0.0
2026-01-27,80848029,E568,4,0,0,0,0.0,4,4.0,0.0
2026-01-27,80807113,E556,5,0,0,1,0.0,4,4.0,0.0
2026-01-27,21352461,C816,244,0,2,22,0.0,224,224.0,0.0
2026-01-27,21103372,A716,73,0,0,1,0.0,72,72.0,0.0
2026-01-27,21314876,C816,206,0,0,3,5.0,198,198.0,0.0
2026-01-27,21275914,C937,69,0,15,1,0.0,83,83.0,0.0
2026-01-27,80804137,D901,7,0,2,1,0.0,8,8.0,0.0
2026-01-27,21314595,A715,99,0,0,3,0.0,96,96.0,0.0
2026-01-27,21325292,A715,134,0,0,8,0.0,126,126.0,0.0
2026-01-27,21143103,C937,8,0,1,1,0.0,8,8.0,0.0
2026-01-27,21139445,A668,24,0,0,11,0.0,13,13.0,0.0
2026-01-27,80807093,C810,65,0,0,2,0.0,63,63.0,0.0
2026-01-27,80885921,A715,22,0,0,0,0.0,22,22.0,0.0
2026-01-27,80848029,A673,290,0,0,11,0.0,279,279.0,0.0
2026-01-27,21165946,0386,0,1205,0,0,1204.0,1,1.0,0.0
2026-01-27,80805856,E568,0,0,4,0,0.0,4,4.0,0.0
2026-01-27,80863645,A715,116,0,0,1,0.0,115,115.0,0.0
2026-01-27,21151196,C819,5,0,0,0,0.0,5,5.0,0.0
2026-01-27,21176384,D901,6,0,2,1,0.0,7,7.0,0.0
2026-01-27,80848028,A668,155,0,0,4,0.0,151,151.0,0.0
2026-01-27,80812338,E569,3,0,0,0,0.0,3,3.0,0.0
2026-01-27,21434952,A715,28,0,0,2,0.0,26,26.0,0.0
2026-01-27,21314875,C816,8,0,0,3,0.0,5,5.0,0.0
2026-01-27,80807095,C937,0,0,62,6,0.0,56,56.0,0.0
2026-01-27,80807102,D901,60,0,75,33,0.0,102,102.0,0.0
2026-01-27,80804130,E564,21,0,10,0,0.0,31,31.0,0.0
2026-01-27,80812103,A715,27,0,0,1,0.0,26,26.0,0.0
2026-01-27,80795932,A715,142,0,0,0,0.0,142,142.0,0.0
2026-01-27,80884852,C816,223,0,0,2,21.0,200,200.0,0.0
2026-01-27,21098519,D767,16,0,0,4,0.0,12,12.0,0.0
2026-01-27,80805856,A673,914,0,0,52,0.0,862,862.0,0.0
2026-01-27,21179704,D767,4,0,0,1,0.0,3,3.0,0.0
2026-01-27,80848022,E568,6,0,14,0,0.0,20,20.0,0.0
2026-01-27,80804706,C937,5,0,0,0,0.0,5,5.0,0.0
2026-01-27,21121756,A668,198,0,0,0,0.0,198,198.0,0.0
2026-01-27,80807113,A715,133,0,0,2,0.0,131,131.0,0.0
2026-01-27,21118867,E564,5,0,0,0,0.0,5,5.0,0.0
2026-01-27,80864469,C937,5,0,1,1,0.0,5,5.0,0.0
2026-01-27,21304907,E569,15,0,1,1,0.0,15,15.0,0.0
2026-01-27,80804705,C937,43,0,6,8,0.0,41,41.0,0.0
2026-01-27,21357275,A680,261,0,0,1,0.0,260,260.0,0.0
2026-01-27,80812846,D767,10,0,1,5,0.0,6,6.0,0.0
2026-01-27,21314875,E568,4,0,0,0,0.0,4,4.0,0.0
2026-01-27,21314876,A673,476,0,0,3,2.0,471,471.0,0.0
2026-01-27,21377091,A715,215,0,0,0,0.0,215,215.0,0.0
2026-01-27,80807117,A715,240,0,0,5,0.0,235,235.0,0.0
2026-01-27,80804129,A680,197,0,0,0,0.0,197,197.0,0.0
2026-01-27,80807120,E564,52,0,0,0,0.0,52,52.0,0.0
2026-01-27,80848026,C816,1030,0,0,31,45.0,954,954.0,0.0
2026-01-27,21442896,A668,21,0,0,5,0.0,16,16.0,0.0
2026-01-27,80812845,A716,174,0,0,7,0.0,167,167.0,0.0
2026-01-27,80804127,A715,36,0,0,1,0.0,35,35.0,0.0
2026-01-27,80807116,0386,2,2164,0,0,2161.0,5,5.0,0.0
2026-01-27,80804699,E564,4,0,0,0,0.0,4,4.0,0.0
2026-01-27,80804701,E564,14,0,2,2,0.0,14,14.0,0.0
2026-01-27,21137866,A716,253,0,0,4,0.0,249,249.0,0.0
2026-01-27,21255844,C937,40,0,0,0,0.0,40,40.0,0.0
2026-01-27,21315350,E569,32,0,0,6,0.0,26,26.0,0.0
2026-01-27,80884848,A673,30,0,5,3,0.0,32,32.0,0.0
2026-01-27,21314595,C816,826,0,0,36,0.0,790,790.0,0.0
2026-01-27,21118867,D901,8,0,0,1,0.0,7,7.0,0.0
2026-01-27,80884852,A673,64,0,11,3,0.0,72,72.0,0.0
2026-01-27,80848026,E568,8,0,1,4,0.0,5,5.0,0.0
2026-01-27,80812841,C819,38,0,0,0,0.0,38,38.0,0.0
2026-01-27,21325164,A715,1,0,0,0,0.0,1,1.0,0.0
2026-01-27,21171453,A673,42,0,217,1,22.0,236,236.0,0.0
2026-01-27,80807115,C819,67,0,0,7,0.0,60,60.0,0.0
2026-01-27,21434952,C816,364,0,0,29,0.0,335,335.0,0.0
2026-01-27,21354246,A680,25,0,0,0,0.0,25,25.0,0.0
2026-01-27,21303404,A672,6,0,0,2,0.0,4,4.0,0.0
2026-01-27,80812110,C937,2,0,0,0,0.0,2,2.0,0.0
2026-01-27,21137866,D901,68,0,4,2,0.0,70,70.0,0.0
2026-01-27,21103371,E564,4,0,0,0,0.0,4,4.0,0.0
2026-01-27,80804698,E569,2,0,0,0,0.0,2,2.0,0.0
2026-01-27,80804701,D901,4,0,18,9,0.0,13,13.0,0.0
2026-01-27,21155895,C937,4,0,1,1,0.0,4,4.0,0.0
2026-01-27,80807091,A672,564,0,0,20,0.0,544,544.0,0.0
2026-01-27,80848026,A673,1521,0,1168,92,18.0,2579,2579.0,0.0
2026-01-27,80891759,C816,1,0,0,0,0.0,1,1.0,0.0
2026-01-27,21414747,A668,203,0,0,3,0.0,200,200.0,0.0
2026-01-27,80848027,A672,250,0,0,2,0.0,248,248.0,0.0
2026-01-27,80807097,A672,339,0,0,30,0.0,309,309.0,0.0
2026-01-27,21170691,A680,28,0,0,1,0.0,27,27.0,0.0
2026-01-27,80807119,A715,148,0,0,0,0.0,148,148.0,0.0
2026-01-27,21098519,C816,860,0,0,83,2.0,775,775.0,0.0
2026-01-27,21357021,A680,164,0,0,0,0.0,164,164.0,0.0
2026-01-27,21307836,A715,131,0,0,2,0.0,129,129.0,0.0
2026-01-27,80804133,A716,229,0,0,8,0.0,221,221.0,0.0
2026-01-27,21098519,D191,2,0,0,0,0.0,2,2.0,0.0
2026-01-27,80807096,E564,24,0,0,5,0.0,19,19.0,0.0
2026-01-27,80793614,0386,4,0,0,0,0.0,4,4.0,0.0
2026-01-27,21366842,A668,68,0,0,0,0.0,68,68.0,0.0
2026-01-27,21132988,A668,143,0,10,11,0.0,142,142.0,0.0
2026-01-27,80807091,C810,1726,0,7,1,7.0,1725,1725.0,0.0
2026-01-27,21121752,A672,168,0,0,1,0.0,167,167.0,0.0
2026-01-27,21314595,A673,395,0,0,2,0.0,393,393.0,0.0
2026-01-27,80804135,E564,38,0,0,0,0.0,38,38.0,0.0
2026-01-27,80807097,C810,4,0,2,0,4.0,2,2.0,0.0
2026-01-27,21151196,A680,283,0,0,10,0.0,273,273.0,0.0
2026-01-27,80804134,0386,5,0,0,0,0.0,5,5.0,0.0
2026-01-27,80812846,C816,303,0,0,17,10.0,276,276.0,0.0
2026-01-27,80804128,A680,37,0,0,1,0.0,36,36.0,0.0
2026-01-27,80804137,E569,11,0,0,0,0.0,11,11.0,0.0
2026-01-27,21103371,D901,45,0,0,29,0.0,16,16.0,0.0
2026-01-27,21315474,A680,66,0,0,6,0.0,60,60.0,0.0
2026-01-27,80807092,D767,7,0,0,1,0.0,6,6.0,0.0
2026-01-27,80807090,C937,5,0,1,0,0.0,6,6.0,0.0
2026-01-27,80804127,C816,1082,0,131,20,0.0,1193,1193.0,0.0
2026-01-27,80804138,A716,64,0,0,0,0.0,64,64.0,0.0
2026-01-27,80807122,A672,0,0,1,1,0.0,0,0.0,0.0
2026-01-27,80863645,A673,1218,0,0,8,0.0,1210,1210.0,0.0
2026-01-27,21128377,A672,504,0,0,6,0.0,498,498.0,0.0
2026-01-27,21434952,A673,173,0,0,15,0.0,158,158.0,0.0
2026-01-27,21098519,E568,3,0,0,0,0.0,3,3.0,0.0
2026-01-27,80804704,A668,158,0,0,33,0.0,125,125.0,0.0
2026-01-27,21176384,E569,5,0,0,0,0.0,5,5.0,0.0
2026-01-27,21179704,E568,3,0,0,0,0.0,3,3.0,0.0
2026-01-27,21137621,C816,416,0,0,12,0.0,404,404.0,0.0
2026-01-27,21127800,C816,49,0,0,3,0.0,46,46.0,0.0
2026-01-27,80795932,A673,454,0,0,7,0.0,447,447.0,0.0
2026-01-27,80807102,E569,46,0,0,7,0.0,39,39.0,0.0
2026-01-27,80807122,C810,1,0,1,0,0.0,2,2.0,0.0
2026-01-27,21128377,C810,11,0,0,1,0.0,10,10.0,0.0
2026-01-27,80807112,D767,36,0,0,2,0.0,34,34.0,0.0
2026-01-27,21148509,D767,33,0,45,5,0.0,73,73.0,0.0
2026-01-27,80804135,D901,128,0,0,0,0.0,128,128.0,0.0
2026-01-27,80812846,E568,12,0,18,4,0.0,26,26.0,0.0
2026-01-27,80807090,0386,1,0,0,0,0.0,1,1.0,0.0
2026-01-27,21098519,A673,1327,0,0,55,2.0,1270,1270.0,0.0
2026-01-27,21170686,A672,189,0,0,4,0.0,185,185.0,0.0
2026-01-27,21442422,A716,593,0,0,5,0.0,588,588.0,0.0
2026-01-27,21314593,E568,5,0,0,0,0.0,5,5.0,0.0
2026-01-27,21314594,E564,2,0,0,0,0.0,2,2.0,0.0
2026-01-27,21376841,A680,138,0,0,0,0.0,138,138.0,0.0
2026-01-27,80807093,0386,1,0,0,0,0.0,1,1.0,0.0
2026-01-27,21377091,A673,3252,0,0,0,0.0,3252,3252.0,0.0
2026-01-27,80793613,A680,56,0,0,0,0.0,56,56.0,0.0
2026-01-27,21291975,C937,9,0,0,0,0.0,9,9.0,0.0
2026-01-27,80854083,E568,1,0,0,0,0.0,1,1.0,0.0
2026-01-27,21170686,C810,100,0,0,1,0.0,99,99.0,0.0
2026-01-27,80807119,C816,105,0,0,2,12.0,91,91.0,0.0
2026-01-27,21132988,C563,17,0,0,3,0.0,14,14.0,0.0
2026-01-27,80804127,A673,44,0,0,4,0.0,40,40.0,0.0
2026-01-27,80848025,C937,22,0,0,3,0.0,19,19.0,0.0
2026-01-27,21314876,A668,181,0,0,4,0.0,177,177.0,0.0
2026-01-27,21301637,A672,339,0,0,2,0.0,337,337.0,0.0
2026-01-27,80805852,C937,2,0,0,0,0.0,2,2.0,0.0
2026-01-27,80857738,A672,5,0,0,0,0.0,5,5.0,0.0
2026-01-27,21143110,A716,1,0,0,0,0.0,1,1.0,0.0
2026-01-27,80804129,E556,36,0,0,0,0.0,36,36.0,0.0
2026-01-27,80812841,A680,159,0,167,9,0.0,317,317.0,0.0
2026-01-27,21133312,A716,105,0,0,2,0.0,103,103.0,0.0
2026-01-27,21127800,A673,71,0,0,4,0.0,67,67.0,0.0
2026-01-27,80807089,A716,343,0,0,8,0.0,335,335.0,0.0
2026-01-27,80823707,A680,4,0,0,0,0.0,4,4.0,0.0
2026-01-27,21132752,C816,94,0,333,7,0.0,420,420.0,0.0
2026-01-27,80795933,A672,0,0,365,2,0.0,363,363.0,0.0
2026-01-27,21314594,D901,23,0,0,2,0.0,21,21.0,0.0
2026-01-27,21165946,E564,19,0,0,0,0.0,19,19.0,0.0
2026-01-27,80807115,A680,199,0,0,10,0.0,189,189.0,0.0
2026-01-27,80812845,C819,71,0,0,0,0.0,71,71.0,0.0
2026-01-27,21118867,E569,2,0,0,0,0.0,2,2.0,0.0
2026-01-27,80804704,C563,20,0,0,11,0.0,9,9.0,0.0
2026-01-27,80793615,A716,102,0,0,1,0.0,101,101.0,0.0
2026-01-27,21325164,A673,135,0,0,5,0.0,130,130.0,0.0
2026-01-27,80884848,A668,5,0,0,0,0.0,5,5.0,0.0
2026-01-27,80864470,A716,92,0,0,1,0.0,91,91.0,0.0
2026-01-27,80840975,A716,5,0,0,1,0.0,4,4.0,0.0
2026-01-27,80807092,C816,68,0,0,13,24.0,31,31.0,0.0
2026-01-27,80884852,A668,32,0,0,2,0.0,30,30.0,0.0
2026-01-27,21113405,A668,196,0,0,3,0.0,193,193.0,0.0
2026-01-27,21143110,D901,76,0,4,0,0.0,80,80.0,0.0
2026-01-27,21141769,D767,50,0,0,6,0.0,44,44.0,0.0
2026-01-27,80807089,D901,58,0,0,7,0.0,51,51.0,0.0
2026-01-27,21137866,E569,12,0,0,0,0.0,12,12.0,0.0
2026-01-27,21171453,A668,9,0,0,0,0.0,9,9.0,0.0
2026-01-27,80807119,A673,134,0,0,3,12.0,119,119.0,0.0
2026-01-27,80804701,E569,3,0,0,0,0.0,3,3.0,0.0
2026-01-27,80848023,A716,151,0,0,9,0.0,142,142.0,0.0
2026-01-27,21354246,E556,5,0,0,1,0.0,4,4.0,0.0
2026-01-27,80812154,A716,40,0,0,0,0.0,40,40.0,0.0
2026-01-27,80807110,D767,68,0,0,10,0.0,58,58.0,0.0
2026-01-27,21165946,D901,92,0,0,12,0.0,80,80.0,0.0
2026-01-27,21357275,A715,182,0,0,5,0.0,177,177.0,0.0
2026-01-27,80804702,C810,20,0,0,0,0.0,20,20.0,0.0
2026-01-27,21165816,A680,29,0,0,1,0.0,28,28.0,0.0
2026-01-27,80812099,C816,85,0,0,4,0.0,81,81.0,0.0
2026-01-27,80804129,A715,101,0,0,0,0.0,101,101.0,0.0
2026-01-27,21352461,C937,5,0,2,1,0.0,6,6.0,0.0
2026-01-27,80807092,E568,4,0,0,0,0.0,4,4.0,0.0
2026-01-27,80838164,C937,6,0,0,0,0.0,6,6.0,0.0
2026-01-27,80807113,A672,1287,0,0,62,0.0,1225,1225.0,0.0
2026-01-27,80848024,A715,11,0,0,0,0.0,11,11.0,0.0
2026-01-27,21103371,E569,9,0,0,0,0.0,9,9.0,0.0
2026-01-27,80848022,C937,21,0,5,7,0.0,19,19.0,0.0
2026-01-27,80807118,D767,25,0,0,3,0.0,22,22.0,0.0
2026-01-27,21314595,A668,145,0,0,3,0.0,142,142.0,0.0
2026-01-27,21325292,A668,179,0,0,5,0.0,174,174.0,0.0
2026-01-27,21314602,D767,22,0,0,2,0.0,20,20.0,0.0
2026-01-27,80807092,A673,354,0,0,19,9.0,326,326.0,0.0
2026-01-27,21148509,E568,11,0,0,1,0.0,10,10.0,0.0
2026-01-27,80807112,E568,3,0,5,0,0.0,8,8.0,0.0
2026-01-27,80807113,C810,251,0,0,1,5.0,245,245.0,0.0
2026-01-27,80865910,A672,2,0,0,0,0.0,2,2.0,0.0
2026-01-27,80885921,A668,47,0,0,5,0.0,42,42.0,0.0
2026-01-27,21314875,C937,2,0,0,0,0.0,2,2.0,0.0
2026-01-27,21118864,D767,1,0,0,0,0.0,1,1.0,0.0
2026-01-27,80838164,0386,2,0,0,0,1.0,1,1.0,0.0
2026-01-27,21303404,0386,1,0,0,0,1.0,0,0.0,0.0
2026-01-27,80807105,A672,820,0,0,19,0.0,801,801.0,0.0
2026-01-27,80863645,A668,432,0,0,0,0.0,432,432.0,0.0
2026-01-27,80804138,C819,11,0,0,1,0.0,10,10.0,0.0
2026-01-27,21162696,A716,4,0,0,1,0.0,3,3.0,0.0
2026-01-27,80807117,C810,2,0,0,0,0.0,2,2.0,0.0
2026-01-27,21377504,A672,828,0,0,3,0.0,825,825.0,0.0
2026-01-27,21434952,A668,51,0,0,8,0.0,43,43.0,0.0
2026-01-27,21354246,A715,67,0,0,0,0.0,67,67.0,0.0
2026-01-27,80807114,A672,347,0,0,5,0.0,342,342.0,0.0
2026-01-27,80804135,E569,17,0,0,0,0.0,17,17.0,0.0
2026-01-27,80807097,0386,1,0,0,0,0.0,1,1.0,0.0
2026-01-27,80812103,A668,7,0,15,1,0.0,21,21.0,0.0
2026-01-27,80795932,A668,63,0,0,1,0.0,62,62.0,0.0
2026-01-27,80804131,A716,8,0,0,0,0.0,8,8.0,0.0
2026-01-27,80812099,A673,104,0,0,6,0.0,98,98.0,0.0
2026-01-27,80807105,C810,10,0,28,0,1.0,37,37.0,0.0
2026-01-27,21315352,C816,304,0,14,42,0.0,276,276.0,0.0
2026-01-27,21170691,A715,31,0,0,0,0.0,31,31.0,0.0
2026-01-27,80807114,C810,46,0,0,2,3.0,41,41.0,0.0
2026-01-27,21357021,A715,298,0,0,0,0.0,298,298.0,0.0
2026-01-27,21121752,0386,3,0,0,0,0.0,3,3.0,0.0
2026-01-27,21141769,C816,165,0,0,30,14.0,121,121.0,0.0
2026-01-27,80812839,A716,20,0,0,0,0.0,20,20.0,0.0
2026-01-27,80838161,A716,3,0,0,0,0.0,3,3.0,0.0
2026-01-27,21357275,C816,598,0,0,5,0.0,593,593.0,0.0
2026-01-27,21377091,A668,358,0,0,0,0.0,358,358.0,0.0
2026-01-27,21132758,C816,477,0,0,28,0.0,449,449.0,0.0
2026-01-27,80812845,A680,228,0,0,22,0.0,206,206.0,0.0
2026-01-27,21132758,D191,8,0,0,1,0.0,7,7.0,0.0
2026-01-27,21121751,C819,12,0,0,2,0.0,10,10.0,0.0
2026-01-27,21151196,A715,89,0,40,11,0.0,118,118.0,0.0
2026-01-27,80804134,E564,93,0,4,9,0.0,88,88.0,0.0
2026-01-27,21170686,C937,5,0,0,0,0.0,5,5.0,0.0
2026-01-27,80804128,A715,63,0,0,3,0.0,60,60.0,0.0
2026-01-27,21315352,E568,5,0,0,0,0.0,5,5.0,0.0
2026-01-27,21307836,A672,48,0,0,12,0.0,36,36.0,0.0
2026-01-27,80804127,A668,20,0,0,2,0.0,18,18.0,0.0
2026-01-27,21315474,A715,166,0,0,5,0.0,161,161.0,0.0
2026-01-27,21325292,C563,4,0,0,0,0.0,4,4.0,0.0
2026-01-27,80796091,A672,448,0,0,7,0.0,441,441.0,0.0
2026-01-27,80848021,A680,1,0,0,0,0.0,1,1.0,0.0
2026-01-27,21139445,A716,251,0,0,6,0.0,245,245.0,0.0
2026-01-27,21314594,E569,3,0,0,0,0.0,3,3.0,0.0
2026-01-27,80804132,C816,324,0,0,17,0.0,307,307.0,0.0
2026-01-27,80805850,A680,68,0,0,0,0.0,68,68.0,0.0
2026-01-27,21141769,E568,7,0,3,1,0.0,9,9.0,0.0
2026-01-27,80812841,E556,41,0,0,12,0.0,29,29.0,0.0
2026-01-27,80848028,A716,112,0,0,3,0.0,109,109.0,0.0
2026-01-27,21132758,E568,5,0,0,0,0.0,5,5.0,0.0
2026-01-27,21307836,C810,87,0,0,1,0.0,86,86.0,0.0
2026-01-27,21128067,A672,1152,0,0,23,0.0,1129,1129.0,0.0
2026-01-27,80807110,E568,5,0,7,1,0.0,11,11.0,0.0
2026-01-27,80807118,C816,284,0,0,5,5.0,274,274.0,0.0
2026-01-27,21325164,A668,3,0,0,0,0.0,3,3.0,0.0
2026-01-27,80807089,E569,16,0,1,2,0.0,15,15.0,0.0
2026-01-27,80795933,C937,2,0,0,0,0.0,2,2.0,0.0
2026-01-27,21376841,A715,321,0,0,0,0.0,321,321.0,0.0
2026-01-27,21357275,A673,842,0,0,16,0.0,826,826.0,0.0
2026-01-27,80804703,C937,11,0,0,2,0.0,9,9.0,0.0
2026-01-27,21139445,D901,23,0,0,5,0.0,18,18.0,0.0
2026-01-27,80807093,E564,11,0,0,1,0.0,10,10.0,0.0
2026-01-27,21121756,A716,56,0,0,0,0.0,56,56.0,0.0
2026-01-27,21132758,A673,418,0,0,50,0.0,368,368.0,0.0
2026-01-27,21128067,C810,73,0,0,4,3.0,66,66.0,0.0
2026-01-27,80793613,A715,93,0,0,1,0.0,92,92.0,0.0
2026-01-27,80804129,A673,406,0,0,7,0.0,399,399.0,0.0
2026-01-27,80848028,D901,62,0,0,3,0.0,59,59.0,0.0
2026-01-27,21127730,A672,1589,0,0,5,0.0,1584,1584.0,0.0
2026-01-27,80807119,A668,119,0,0,11,0.0,108,108.0,0.0
2026-01-27,80791223,A672,90,0,0,0,0.0,90,90.0,0.0
2026-01-27,80848023,C819,53,0,0,7,0.0,46,46.0,0.0
2026-01-27,80807118,E568,6,0,0,0,0.0,6,6.0,0.0
2026-01-27,80863646,A680,0,0,133,1,0.0,132,132.0,0.0
2026-01-27,80807100,C819,5,0,0,0,0.0,5,5.0,0.0
2026-01-27,21314602,E568,1,0,0,0,0.0,1,1.0,0.0
2026-01-27,21442896,A716,1057,0,0,4,0.0,1053,1053.0,0.0
2026-01-27,80804132,A673,1254,0,0,61,0.0,1193,1193.0,0.0
2026-01-27,80848024,A673,0,0,392,2,0.0,390,390.0,0.0
2026-01-27,80804703,0386,1,0,0,0,0.0,1,1.0,0.0
2026-01-27,80812846,C937,14,0,0,2,0.0,12,12.0,0.0
2026-01-27,80804132,E467,25,0,0,0,0.0,25,25.0,0.0
2026-01-27,80812841,A715,278,0,0,23,0.0,255,255.0,0.0
2026-01-27,21127730,C810,0,0,26,0,0.0,26,26.0,0.0
2026-01-27,80807115,A715,67,0,0,5,0.0,62,62.0,0.0
2026-01-27,21143102,D767,7,0,0,0,0.0,7,7.0,0.0
2026-01-27,80804128,C816,131,0,0,4,2.0,125,125.0,0.0
2026-01-27,80807118,A673,903,0,0,30,35.0,838,838.0,0.0
2026-01-27,21315474,C816,494,0,5,11,106.0,382,382.0,0.0
2026-01-27,21275914,C819,5,0,0,0,0.0,5,5.0,0.0
2026-01-27,80840976,C819,1,0,0,0,0.0,1,1.0,0.0
2026-01-27,80854083,C937,3,0,0,0,0.0,3,3.0,0.0
2026-01-27,21354246,A673,730,0,0,0,0.0,730,730.0,0.0
2026-01-27,80804702,0386,1,0,0,0,0.0,1,1.0,0.0
2026-01-27,21170691,A673,154,0,0,5,0.0,149,149.0,0.0
2026-01-27,80868102,C816,716,0,0,2,46.0,668,668.0,0.0
2026-01-27,21357021,A673,1156,0,0,0,0.0,1156,1156.0,0.0
2026-01-27,21414747,A716,247,0,0,2,0.0,245,245.0,0.0
2026-01-27,21121751,A680,111,0,0,2,0.0,109,109.0,0.0
2026-01-27,80865910,C937,2,0,0,0,0.0,2,2.0,0.0
2026-01-27,21165816,A715,27,0,0,0,0.0,27,27.0,0.0
2026-01-27,21419485,A672,254,0,0,9,0.0,245,245.0,0.0
2026-01-27,21377504,C937,1,0,0,0,0.0,1,1.0,0.0
2026-01-27,21162696,E569,2,0,0,0,0.0,2,2.0,0.0
2026-01-27,21366842,A716,107,0,0,0,0.0,107,107.0,0.0
2026-01-27,80804128,A673,516,0,0,16,0.0,500,500.0,0.0
2026-01-27,21132988,A716,66,0,2,3,0.0,65,65.0,0.0
2026-01-27,80864469,C819,19,0,0,2,0.0,17,17.0,0.0
2026-01-27,80812840,A672,1714,0,0,18,0.0,1696,1696.0,0.0
2026-01-27,80804137,D767,11,0,0,2,0.0,9,9.0,0.0
2026-01-27,21315474,A673,133,0,0,15,0.0,118,118.0,0.0
2026-01-27,21170683,C816,82,0,0,5,3.0,74,74.0,0.0
2026-01-27,80865910,0386,1,0,0,0,0.0,1,1.0,0.0
2026-01-27,80812845,E556,21,0,0,9,0.0,12,12.0,0.0
2026-01-27,80863643,A680,114,0,0,1,0.0,113,113.0,0.0
2026-01-27,80793615,A680,152,0,0,1,0.0,151,151.0,0.0
2026-01-27,21377504,0386,2261,0,0,0,0.0,2261,2261.0,0.0
2026-01-27,80812840,C810,27,0,0,2,0.0,25,25.0,0.0
2026-01-27,80807114,0386,3,0,0,0,0.0,3,3.0,0.0
2026-01-27,80851898,C819,25,0,0,2,0.0,23,23.0,0.0
2026-01-27,80807115,C816,212,0,459,23,94.0,554,554.0,0.0
2026-01-27,80804704,A716,729,0,0,25,0.0,704,704.0,0.0
2026-01-27,21132988,D901,74,0,0,4,0.0,70,70.0,0.0
2026-01-27,80805850,E556,3,0,0,0,0.0,3,3.0,0.0
2026-01-27,80807091,E564,54,0,0,7,0.0,47,47.0,0.0
2026-01-27,21143102,C816,299,0,0,7,8.0,284,284.0,0.0
2026-01-27,21170683,E568,1,0,0,0,0.0,1,1.0,0.0
2026-01-27,80807097,E564,7,0,0,0,0.0,7,7.0,0.0
2026-01-27,80848027,E564,4,0,0,0,0.0,4,4.0,0.0
2026-01-27,21143102,D191,5,0,0,1,0.0,4,4.0,0.0
2026-01-27,21376841,A673,5103,0,0,0,0.0,5103,5103.0,0.0
2026-01-27,80868100,A680,22,0,0,2,0.0,20,20.0,0.0
2026-01-27,80807100,A680,71,0,0,6,0.0,65,65.0,0.0
2026-01-27,21139445,E569,2,0,0,0,0.0,2,2.0,0.0
2026-01-27,80807112,C937,25,0,3,2,0.0,26,26.0,0.0
2026-01-27,21148509,C937,1,0,23,0,0.0,24,24.0,0.0
2026-01-27,80868101,A680,23,0,0,6,0.0,17,17.0,0.0
2026-01-27,21121752,E564,2,0,0,0,0.0,2,2.0,0.0
2026-01-27,80804704,D901,9,0,15,4,0.0,20,20.0,0.0
2026-01-27,21170683,A673,644,0,0,54,0.0,590,590.0,0.0
2026-01-27,80848028,E569,37,0,0,6,0.0,31,31.0,0.0
2026-01-27,21357275,A668,305,0,0,3,0.0,302,302.0,0.0
2026-01-27,21170683,E467,12,0,0,1,0.0,11,11.0,0.0
2026-01-27,21132758,A668,330,0,0,34,0.0,296,296.0,0.0
2026-01-27,80804130,D767,8,0,0,2,0.0,6,6.0,0.0
2026-01-27,80812845,A715,120,0,0,2,0.0,118,118.0,0.0
2026-01-27,80804129,A668,89,0,0,1,0.0,88,88.0,0.0
2026-01-27,80807091,D901,56,0,7,5,0.0,58,58.0,0.0
2026-01-27,80807122,E564,3,0,0,0,0.0,3,3.0,0.0
2026-01-27,80804133,E556,8,0,0,0,0.0,8,8.0,0.0
2026-01-27,80812841,A673,1774,0,0,65,0.0,1709,1709.0,0.0
2026-01-27,21128377,E564,2,0,0,0,0.0,2,2.0,0.0
2026-01-27,21275914,A680,19,0,0,0,0.0,19,19.0,0.0
2026-01-27,80807097,D901,9,0,0,2,0.0,7,7.0,0.0
2026-01-27,80812338,A672,6,0,0,0,0.0,6,6.0,0.0
2026-01-27,80840976,A680,470,0,0,3,0.0,467,467.0,0.0
2026-01-27,80807115,A673,550,0,0,3,0.0,547,547.0,0.0
2026-01-27,21421148,C816,145,0,0,8,0.0,137,137.0,0.0
2026-01-27,80848021,A715,47,0,0,0,0.0,47,47.0,0.0
2026-01-27,80804132,A668,377,0,0,23,0.0,354,354.0,0.0
2026-01-27,21118867,D767,9,0,0,1,0.0,8,8.0,0.0
2026-01-27,80848024,A668,0,0,548,3,0.0,545,545.0,0.0
2026-01-27,80805850,A715,12,0,0,0,0.0,12,12.0,0.0
2026-01-27,21143102,A673,404,0,0,30,0.0,374,374.0,0.0
2026-01-27,21127730,C937,5,0,3,0,0.0,8,8.0,0.0
2026-01-27,21151196,A672,965,0,0,58,0.0,907,907.0,0.0
2026-01-27,80804138,E556,30,0,0,4,0.0,26,26.0,0.0
2026-01-27,80807095,A680,172,0,2,13,0.0,161,161.0,0.0
2026-01-27,21442897,C816,213,0,2350,5,194.0,2364,2364.0,0.0
2026-01-27,80884848,A716,164,0,0,0,0.0,164,164.0,0.0
2026-01-27,80807120,D767,60,0,0,4,0.0,56,56.0,0.0
2026-01-27,80884850,0386,3,0,0,0,0.0,3,3.0,0.0
2026-01-27,21304907,A672,244,0,0,9,0.0,235,235.0,0.0
2026-01-27,80884852,A716,117,0,0,0,0.0,117,117.0,0.0
2026-01-27,21113405,A716,140,0,0,0,0.0,140,140.0,0.0
2026-01-27,21354246,A668,82,0,0,0,0.0,82,82.0,0.0
2026-01-27,80804699,D767,4,0,0,0,0.0,4,4.0,0.0
2026-01-27,80804701,D767,19,0,0,1,0.0,18,18.0,0.0
2026-01-27,21315352,C937,2,0,0,1,0.0,1,1.0,0.0
2026-01-27,21127730,0386,1247,0,0,0,24.0,1223,1223.0,0.0
2026-01-27,80804706,A680,30,0,0,4,0.0,26,26.0,0.0
2026-01-27,21171453,A716,24,0,0,0,0.0,24,24.0,0.0
2026-01-27,80864469,A680,75,0,0,3,0.0,72,72.0,0.0
2026-01-27,80804705,A680,141,0,0,23,0.0,118,118.0,0.0
2026-01-27,80804137,E568,3,0,0,0,0.0,3,3.0,0.0
2026-01-27,21141769,C937,12,0,0,5,0.0,7,7.0,0.0
2026-01-27,21170691,A668,46,0,0,2,0.0,44,44.0,0.0
2026-01-27,21315350,A672,1785,0,43,110,0.0,1718,1718.0,0.0
2026-01-27,21357021,A668,132,0,0,0,0.0,132,132.0,0.0
2026-01-27,21428668,A680,250,0,0,37,0.0,213,213.0,0.0
2026-01-27,80807110,C937,23,0,3,4,0.0,22,22.0,0.0
2026-01-27,21113405,D901,11,0,3,1,0.0,13,13.0,0.0
2026-01-27,21422791,C816,164,0,0,7,0.0,157,157.0,0.0
2026-01-27,80793613,A672,228,0,0,2,0.0,226,226.0,0.0
2026-01-27,80851898,A680,162,0,0,2,0.0,160,160.0,0.0
2026-01-27,21103371,D767,12,0,1,1,0.0,12,12.0,0.0
2026-01-27,21442897,A673,750,0,70,31,0.0,789,789.0,0.0
2026-01-27,21171453,D901,4,0,4,2,0.0,6,6.0,0.0
2026-01-27,21315350,C810,19,0,0,4,0.0,15,15.0,0.0
2026-01-27,80804128,A668,120,0,0,10,0.0,110,110.0,0.0
2026-01-27,80804136,C819,40,0,0,1,0.0,39,39.0,0.0
2026-01-27,80804130,C816,136,0,108,5,12.0,227,227.0,0.0
2026-01-27,21314595,A716,63,0,0,1,0.0,62,62.0,0.0
2026-01-27,21315474,A668,58,0,0,9,0.0,49,49.0,0.0
2026-01-27,21325292,A716,104,0,0,12,0.0,92,92.0,0.0
2026-01-27,21463645,C816,204,0,0,0,0.0,204,204.0,0.0
2026-01-27,80807096,D767,22,0,0,3,0.0,19,19.0,0.0
2026-01-27,80848021,C816,772,0,1,3,6.0,764,764.0,0.0
2026-01-27,80885919,A672,189,0,0,1,0.0,188,188.0,0.0
2026-01-27,80804698,A672,95,0,0,0,0.0,95,95.0,0.0
2026-01-27,80804702,E564,17,0,3,0,0.0,20,20.0,0.0
2026-01-27,80885921,A716,39,0,0,0,0.0,39,39.0,0.0
2026-01-27,80823707,A672,7,0,0,0,0.0,7,7.0,0.0
2026-01-27,80863645,A716,68,0,0,0,0.0,68,68.0,0.0
2026-01-27,80804135,D767,38,0,0,0,0.0,38,38.0,0.0
2026-01-27,21434952,A716,27,0,0,0,0.0,27,27.0,0.0
2026-01-27,80812840,C937,11,0,0,1,0.0,10,10.0,0.0
2026-01-27,21132988,E569,9,0,0,1,0.0,8,8.0,0.0
2026-01-27,80812110,A680,100,0,0,3,0.0,97,97.0,0.0
2026-01-27,21118864,C937,1,0,0,0,0.0,1,1.0,0.0
2026-01-27,80812103,A716,59,0,0,5,0.0,54,54.0,0.0
2026-01-27,80795932,A716,45,0,0,0,0.0,45,45.0,0.0
2026-01-27,80804698,C810,42,0,0,2,1.0,39,39.0,0.0
2026-01-27,80804130,E568,4,0,0,0,0.0,4,4.0,0.0
2026-01-27,21155895,A680,160,0,0,3,0.0,157,157.0,0.0
2026-01-27,80848029,C819,34,0,0,1,0.0,33,33.0,0.0
2026-01-27,21325292,D901,94,0,5,10,0.0,89,89.0,0.0
2026-01-27,80807120,C816,357,0,0,3,0.0,354,354.0,0.0
2026-01-27,80884846,A680,3,0,0,0,0.0,3,3.0,0.0
2026-01-27,21419485,0386,2,0,0,0,0.0,2,2.0,0.0
2026-01-27,21121751,A715,7,0,3,0,0.0,10,10.0,0.0
2026-01-27,21376841,A668,471,0,0,0,0.0,471,471.0,0.0
2026-01-27,21138340,E556,179,0,0,5,0.0,174,174.0,0.0
2026-01-27,80807113,E564,70,0,0,15,0.0,55,55.0,0.0
2026-01-27,80848023,E556,1,0,0,1,0.0,0,0.0,0.0
2026-01-27,80807113,A716,168,0,0,2,0.0,166,166.0,0.0
2026-01-27,80804704,E569,23,0,10,5,0.0,28,28.0,0.0
2026-01-27,21314602,0386,1,0,0,0,0.0,1,1.0,0.0
2026-01-27,80804699,C816,497,0,0,10,11.0,476,476.0,0.0
2026-01-27,80807100,E556,90,0,0,10,0.0,80,80.0,0.0
2026-01-27,21118867,E568,1,0,1,0,0.0,2,2.0,0.0
2026-01-27,21377091,A716,237,0,0,0,0.0,237,237.0,0.0
2026-01-27,21442896,A680,72,0,0,3,0.0,69,69.0,0.0
2026-01-27,80804130,A673,304,0,0,15,0.0,289,289.0,0.0
2026-01-27,80807117,A716,14,0,0,0,0.0,14,14.0,0.0
2026-01-27,80807091,E569,13,0,0,0,0.0,13,13.0,0.0
2026-01-27,21170683,A668,28,0,0,2,0.0,26,26.0,0.0
2026-01-27,21176384,A672,37,0,0,0,0.0,37,37.0,0.0
2026-01-27,80795932,D901,16,0,3,0,0.0,19,19.0,0.0
2026-01-27,80807097,E569,4,0,1,1,0.0,4,4.0,0.0
2026-01-27,80848021,A673,317,0,0,15,0.0,302,302.0,0.0
2026-01-27,21425098,C816,0,0,45,0,0.0,45,45.0,0.0
2026-01-27,21434954,A680,146,0,0,11,0.0,135,135.0,0.0
2026-01-27,21165816,A672,104,0,0,3,0.0,101,101.0,0.0
2026-01-27,80807102,A672,742,0,1132,33,0.0,1841,1841.0,0.0
2026-01-27,80807120,E568,2,0,0,0,0.0,2,2.0,0.0
2026-01-27,80807105,E564,87,0,2,10,0.0,79,79.0,0.0
2026-01-27,80804127,A716,31,0,0,0,0.0,31,31.0,0.0
2026-01-27,21103372,A672,672,0,0,58,0.0,614,614.0,0.0
2026-01-27,80812841,A668,388,0,0,21,0.0,367,367.0,0.0
2026-01-27,80863643,A715,2,0,0,0,0.0,2,2.0,0.0
2026-01-27,21275914,E556,1,0,0,0,0.0,1,1.0,0.0
2026-01-27,80793615,A715,161,0,0,3,0.0,158,158.0,0.0
2026-01-27,80807114,E564,60,0,0,8,0.0,52,52.0,0.0
2026-01-27,80807115,A668,266,0,0,26,0.0,240,240.0,0.0
2026-01-27,80807113,D901,68,0,4,0,0.0,72,72.0,0.0
2026-01-27,21176384,C810,60,0,0,1,0.0,59,59.0,0.0
2026-01-27,80804701,E568,3,0,0,0,0.0,3,3.0,0.0
2026-01-27,80838165,C816,112,0,0,3,0.0,109,109.0,0.0
2026-01-27,80831843,0386,4386,0,0,0,0.0,4386,4386.0,0.0
2026-01-27,21165816,C810,11,0,0,1,0.0,10,10.0,0.0
2026-01-27,80807102,C810,39,0,0,2,3.0,34,34.0,0.0
2026-01-27,21103372,C810,117,0,62,4,8.0,167,167.0,0.0
2026-01-27,80812338,C937,3,0,0,0,0.0,3,3.0,0.0
2026-01-27,21325164,A716,6,0,0,0,0.0,6,6.0,0.0
2026-01-27,80863643,E295,242,0,0,2,0.0,240,240.0,0.0
2026-01-27,80868102,C937,4,0,0,0,0.0,4,4.0,0.0
2026-01-27,80868100,A715,100,0,0,0,0.0,100,100.0,0.0
2026-01-27,80807096,C816,117,0,0,4,7.0,106,106.0,0.0
2026-01-27,80804699,A673,67,0,3,0,0.0,70,70.0,0.0
2026-01-27,80807105,D901,146,0,38,29,0.0,155,155.0,0.0
2026-01-27,80807100,A715,325,0,0,25,0.0,300,300.0,0.0
2026-01-27,21165946,D767,5,0,0,0,0.0,5,5.0,0.0
2026-01-27,80868101,A715,238,0,0,1,0.0,237,237.0,0.0
2026-01-27,21291975,A680,121,0,0,3,0.0,118,118.0,0.0
2026-01-27,21103371,E568,2,0,0,0,0.0,2,2.0,0.0
2026-01-27,21425098,A673,77,0,32,20,0.0,89,89.0,0.0
2026-01-27,21121751,C816,462,0,0,14,0.0,448,448.0,0.0
2026-01-27,80807119,A716,48,0,0,0,0.0,48,48.0,0.0
2026-01-27,80864469,E556,14,0,0,2,0.0,12,12.0,0.0
2026-01-27,80848025,A680,49,0,0,1,0.0,48,48.0,0.0
2026-01-27,80804136,A680,288,0,70,10,0.0,348,348.0,0.0
2026-01-27,21143103,D767,2,0,0,0,0.0,2,2.0,0.0
2026-01-27,21307836,A716,115,0,0,1,0.0,114,114.0,0.0
2026-01-27,80804705,E556,18,0,0,1,0.0,17,17.0,0.0
2026-01-27,80805852,A680,35,0,0,1,0.0,34,34.0,0.0
2026-01-27,80812839,E556,4,0,0,0,0.0,4,4.0,0.0
2026-01-27,21275914,A715,3,0,0,0,0.0,3,3.0,0.0
2026-01-27,21113405,E569,6,0,0,0,0.0,6,6.0,0.0
2026-01-27,80840976,A715,1,0,208,1,0.0,208,208.0,0.0
2026-01-27,80838162,A716,2,0,0,1,0.0,1,1.0,0.0
2026-01-27,80848026,C819,127,0,0,26,0.0,101,101.0,0.0
2026-01-27,80838163,A672,4,0,0,0,0.0,4,4.0,0.0
2026-01-27,80804135,E568,2,0,0,0,0.0,2,2.0,0.0
2026-01-27,80812845,A672,535,0,0,72,0.0,463,463.0,0.0
2026-01-27,21128067,E564,28,0,0,3,0.0,25,25.0,0.0
2026-01-27,80851898,E556,2,0,0,0,0.0,2,2.0,0.0
2026-01-27,80807095,A715,148,0,0,36,0.0,112,112.0,0.0
2026-01-27,21421149,A672,240,0,0,12,0.0,228,228.0,0.0
2026-01-27,21137866,A672,718,0,0,0,0.0,718,718.0,0.0
2026-01-27,21472283,A680,13,0,0,0,0.0,13,13.0,0.0
2026-01-27,80848029,A680,126,0,0,3,0.0,123,123.0,0.0
2026-01-27,80807116,D767,56,0,0,8,0.0,48,48.0,0.0
2026-01-27,80812845,C810,205,0,0,21,0.0,184,184.0,0.0
2026-01-27,21142560,A672,591,0,0,46,0.0,545,545.0,0.0
2026-01-27,21121751,A673,475,0,0,12,3.0,460,460.0,0.0
2026-01-27,80804706,A715,437,0,0,1,0.0,436,436.0,0.0
2026-01-27,21137866,C810,31,0,0,2,0.0,29,29.0,0.0
2026-01-27,80864469,A715,201,0,0,2,0.0,199,199.0,0.0
2026-01-27,21325292,E569,7,0,0,1,0.0,6,6.0,0.0
2026-01-27,21416910,A680,249,0,0,0,0.0,249,249.0,0.0
2026-01-27,80804705,A715,496,0,0,10,0.0,486,486.0,0.0
2026-01-27,80805856,A680,75,0,36,2,0.0,109,109.0,0.0
2026-01-27,80804698,C937,3,0,0,1,0.0,2,2.0,0.0
2026-01-27,21352461,A680,187,0,0,9,0.0,178,178.0,0.0
2026-01-27,80804702,E569,3,0,0,0,0.0,3,3.0,0.0
2026-01-27,21428668,A715,1159,0,0,9,0.0,1150,1150.0,0.0
2026-01-27,21314876,A680,71,0,0,1,0.0,70,70.0,0.0
2026-01-27,80851898,A715,318,0,0,1,0.0,317,317.0,0.0
2026-01-27,80804133,A672,705,0,0,50,0.0,655,655.0,0.0
2026-01-27,80812103,E569,13,0,1,1,0.0,13,13.0,0.0
2026-01-27,21179704,C819,1,0,0,0,0.0,1,1.0,0.0
2026-01-27,80795932,E569,4,0,0,0,0.0,4,4.0,0.0
2026-01-27,80804698,0386,1,0,0,0,0.0,1,1.0,0.0
2026-01-27,80848031,E556,4,0,0,0,0.0,4,4.0,0.0
2026-01-27,80840976,C816,1399,0,0,2,0.0,1397,1397.0,0.0
2026-01-27,21143103,C816,218,0,0,26,0.0,192,192.0,0.0
2026-01-27,80848021,A668,5,0,0,1,0.0,4,4.0,0.0
2026-01-27,80812846,C819,21,0,0,3,0.0,18,18.0,0.0
2026-01-27,80804137,C937,17,0,0,0,0.0,17,17.0,0.0
2026-01-27,21314875,A680,7,0,0,0,0.0,7,7.0,0.0
2026-01-27,80807113,E569,34,0,2,3,0.0,33,33.0,0.0
2026-01-27,80804133,C810,38,0,0,8,0.0,30,30.0,0.0
2026-01-27,80805850,A668,10,0,0,0,0.0,10,10.0,0.0
2026-01-27,80804138,A672,904,0,0,42,0.0,862,862.0,0.0
2026-01-27,21165946,E568,1,0,0,0,0.0,1,1.0,0.0
2026-01-27,80807095,C816,201,0,0,20,7.0,174,174.0,0.0
2026-01-27,21138340,A673,97,0,0,6,0.0,91,91.0,0.0
2026-01-27,21176384,C937,2,0,0,0,0.0,2,2.0,0.0
2026-01-27,80812110,A715,2,0,0,1,0.0,1,1.0,0.0
2026-01-27,21155895,A715,18,0,0,0,0.0,18,18.0,0.0
2026-01-27,80884846,A715,91,0,0,0,0.0,91,91.0,0.0
2026-01-27,80804138,C810,7,0,0,0,0.0,7,7.0,0.0
2026-01-27,80807105,E569,33,0,0,2,0.0,31,31.0,0.0
2026-01-27,21325164,C819,2,0,0,0,0.0,2,2.0,0.0
2026-01-27,80804706,C816,1404,0,0,8,52.0,1344,1344.0,0.0
2026-01-27,80807116,C816,125,0,0,15,36.0,74,74.0,0.0
2026-01-27,80812840,E564,36,0,0,3,0.0,33,33.0,0.0
2026-01-27,21442422,A672,829,0,0,38,0.0,791,791.0,0.0
2026-01-27,80807116,D191,9,0,0,0,0.0,9,9.0,0.0
2026-01-27,80848026,A680,812,0,0,24,0.0,788,788.0,0.0
2026-01-27,21176384,0386,2,0,0,0,0.0,2,2.0,0.0
2026-01-27,21357275,A716,48,0,108,1,0.0,155,155.0,0.0
2026-01-27,21275914,A673,380,0,0,11,0.0,369,369.0,0.0
2026-01-27,21165816,0386,0,778,0,0,778.0,0,0.0,0.0
2026-01-27,21442896,A715,1154,0,0,4,0.0,1150,1150.0,0.0
2026-01-27,80840976,A673,375,0,0,5,2.0,368,368.0,0.0
2026-01-27,80804129,A716,200,0,0,2,0.0,198,198.0,0.0
2026-01-27,80812845,C563,10,0,0,2,0.0,8,8.0,0.0
2026-01-27,80848031,A715,0,0,1219,0,0.0,1219,1219.0,0.0
2026-01-27,21103372,0386,2,0,0,0,1.0,1,1.0,0.0
2026-01-27,21143103,A673,309,0,0,22,0.0,287,287.0,0.0
2026-01-27,21434954,A715,48,0,0,2,0.0,46,46.0,0.0
2026-01-27,80804136,E556,10,0,0,1,0.0,9,9.0,0.0
2026-01-27,80807095,A673,870,0,0,65,0.0,805,805.0,0.0
2026-01-27,80848024,A716,4,0,0,0,0.0,4,4.0,0.0
2026-01-27,80807116,E568,0,0,4,0,0.0,4,4.0,0.0
2026-01-27,21255844,C816,183,0,0,3,0.0,180,180.0,0.0
2026-01-27,21143110,A672,1623,0,0,0,0.0,1623,1623.0,0.0
2026-01-27,21133312,A672,297,0,0,76,0.0,221,221.0,0.0
2026-01-27,80807089,A672,376,0,0,4,0.0,372,372.0,0.0
2026-01-27,80804129,D901,18,0,0,0,0.0,18,18.0,0.0
2026-01-27,21118867,C937,2,0,0,0,0.0,2,2.0,0.0
2026-01-27,80793615,A672,423,0,0,14,0.0,409,409.0,0.0
2026-01-27,80804706,A673,101,0,6,7,0.0,100,100.0,0.0
2026-01-27,21143110,C810,875,0,0,0,0.0,875,875.0,0.0
2026-01-27,80864470,A672,286,0,0,24,0.0,262,262.0,0.0
2026-01-27,80840975,A672,655,0,0,4,0.0,651,651.0,0.0
2026-01-27,80838162,E569,2,0,0,0,0.0,2,2.0,0.0
2026-01-27,80848029,E556,12,0,0,2,0.0,10,10.0,0.0
2026-01-27,80793614,C816,225,0,0,2,0.0,223,223.0,0.0
2026-01-27,80864469,A673,249,0,0,21,0.0,228,228.0,0.0
2026-01-27,80807089,C810,61,0,0,4,0.0,57,57.0,0.0
2026-01-27,80804705,A673,558,0,0,45,0.0,513,513.0,0.0
2026-01-27,80807120,C937,37,0,7,8,0.0,36,36.0,0.0
2026-01-27,80864469,E467,31,0,0,3,0.0,28,28.0,0.0
2026-01-27,80807092,C819,4,0,0,0,0.0,4,4.0,0.0
2026-01-27,80804705,E467,2,0,0,1,0.0,1,1.0,0.0
2026-01-27,21419490,A680,430,0,0,15,0.0,415,415.0,0.0
2026-01-27,21098519,A680,351,0,0,18,0.0,333,333.0,0.0
2026-01-27,21155895,C816,158,0,0,0,1.0,157,157.0,0.0
2026-01-27,21291975,A715,22,0,0,0,0.0,22,22.0,0.0
2026-01-27,80804134,C816,576,0,0,39,10.0,527,527.0,0.0
2026-01-27,80884846,C816,302,0,0,1,15.0,286,286.0,0.0
2026-01-27,21121751,A668,27,0,0,1,0.0,26,26.0,0.0
2026-01-27,21137866,C937,32,0,0,5,0.0,27,27.0,0.0
2026-01-27,80804134,D191,14,0,0,2,0.0,12,12.0,0.0
2026-01-27,21179704,A680,28,0,0,0,0.0,28,28.0,0.0
2026-01-27,21170691,A716,27,0,0,0,0.0,27,27.0,0.0
2026-01-27,80804701,C937,1,0,15,1,0.0,15,15.0,0.0
2026-01-27,80864470,C810,87,0,0,4,0.0,83,83.0,0.0
2026-01-27,80848023,A672,1063,0,0,56,0.0,1007,1007.0,0.0
2026-01-27,80848025,A715,182,0,0,1,0.0,181,181.0,0.0
2026-01-27,80804136,A715,80,0,0,5,0.0,75,75.0,0.0
2026-01-27,21357021,A716,247,0,0,0,0.0,247,247.0,0.0
2026-01-27,80812154,A672,405,0,0,13,0.0,392,392.0,0.0
2026-01-27,80851898,A673,512,0,0,47,0.0,465,465.0,0.0
2026-01-27,80805852,A715,14,0,0,0,0.0,14,14.0,0.0
2026-01-27,80807100,A672,1917,0,0,75,0.0,1842,1842.0,0.0
2026-01-27,80807112,C819,30,0,0,2,0.0,28,28.0,0.0
2026-01-27,21255844,A673,265,0,0,0,0.0,265,265.0,0.0
2026-01-27,80812846,A680,108,0,0,3,0.0,105,105.0,0.0
2026-01-27,80812845,0386,2,0,0,0,0.0,2,2.0,0.0
2026-01-27,21151196,E564,11,0,0,0,0.0,11,11.0,0.0
2026-01-27,21314593,A680,74,0,0,6,0.0,68,68.0,0.0
2026-01-27,21314876,E556,2,0,0,0,0.0,2,2.0,0.0
2026-01-27,21137866,0386,39,0,0,0,37.0,2,2.0,0.0
2026-01-27,80804128,A716,57,0,0,2,0.0,55,55.0,0.0
2026-01-27,80804134,E568,3,0,0,0,0.0,3,3.0,0.0
2026-01-27,80807100,C810,22,0,0,1,0.0,21,21.0,0.0
2026-01-27,21315474,A716,143,0,0,12,0.0,131,131.0,0.0
2026-01-27,80807090,C816,213,0,0,7,2.0,204,204.0,0.0
2026-01-27,21304907,E564,7,0,0,0,0.0,7,7.0,0.0
2026-01-27,80863643,A668,53,0,0,0,0.0,53,53.0,0.0
2026-01-27,21170691,D901,6,0,2,1,0.0,7,7.0,0.0
2026-01-27,21103371,C937,20,0,0,0,0.0,20,20.0,0.0
2026-01-27,80793614,A673,1339,0,0,18,0.0,1321,1321.0,0.0
2026-01-27,80848029,A715,190,0,0,11,0.0,179,179.0,0.0
2026-01-27,80812110,A673,121,0,0,9,0.0,112,112.0,0.0
2026-01-27,80807093,C816,675,0,0,1,57.0,617,617.0,0.0
2026-01-27,21325164,A680,30,0,0,5,0.0,25,25.0,0.0
2026-01-27,21155895,A673,1616,0,0,49,14.0,1553,1553.0,0.0
2026-01-27,80884846,A673,24,0,0,2,0.0,22,22.0,0.0
2026-01-27,80807096,C937,2,0,0,0,0.0,2,2.0,0.0
2026-01-27,21151196,D901,165,0,0,28,0.0,137,137.0,0.0
2026-01-27,21162696,A672,168,0,0,0,0.0,168,168.0,0.0
2026-01-27,21315350,E564,2,0,0,0,0.0,2,2.0,0.0
2026-01-27,80868100,A668,12,0,0,0,0.0,12,12.0,0.0
2026-01-27,21103371,0386,0,1622,0,0,1619.0,3,3.0,0.0
2026-01-27,80804135,C937,1,0,1,0,0.0,2,2.0,0.0
2026-01-27,80805856,A715,102,0,0,2,0.0,100,100.0,0.0
2026-01-27,80804704,D767,68,0,0,10,0.0,58,58.0,0.0
2026-01-27,21376841,A716,468,0,0,0,0.0,468,468.0,0.0
2026-01-27,80848029,E295,17,0,0,10,0.0,7,7.0,0.0
2026-01-27,80804131,A672,315,0,0,4,0.0,311,311.0,0.0
2026-01-27,80793613,E564,1,0,0,0,0.0,1,1.0,0.0
2026-01-27,80868101,A668,5,0,0,2,0.0,3,3.0,0.0
2026-01-27,21315352,C819,2,0,0,0,0.0,2,2.0,0.0
2026-01-27,21352461,A715,127,0,0,3,0.0,124,124.0,0.0
2026-01-27,80804133,0386,49,0,0,0,46.0,3,3.0,0.0
2026-01-27,80793613,A716,57,0,0,1,0.0,56,56.0,0.0
2026-01-27,21291975,C816,73,0,0,6,0.0,67,67.0,0.0
2026-01-27,21314876,A715,109,0,0,1,0.0,108,108.0,0.0
2026-01-27,80807097,D767,1,0,0,1,0.0,0,0.0,0.0
2026-01-27,80807090,A673,890,0,0,50,0.0,840,840.0,0.0
2026-01-27,21141769,C819,8,0,0,2,0.0,6,6.0,0.0
2026-01-27,80848025,C816,90,0,0,11,0.0,79,79.0,0.0
2026-01-27,80812839,A672,616,0,0,18,0.0,598,598.0,0.0
2026-01-27,21275914,A668,186,0,0,2,0.0,184,184.0,0.0
2026-01-27,80805852,C816,22,0,0,2,0.0,20,20.0,0.0
2026-01-27,80804698,E564,30,0,0,1,0.0,29,29.0,0.0
2026-01-27,80840976,A668,79,0,0,2,0.0,77,77.0,0.0
2026-01-27,80812841,A716,240,0,0,7,0.0,233,233.0,0.0
2026-01-27,80807110,C819,80,0,0,0,0.0,80,80.0,0.0
2026-01-27,80804138,0386,1,0,0,0,0.0,1,1.0,0.0
2026-01-27,21121752,D767,10,0,0,1,0.0,9,9.0,0.0
2026-01-27,21314875,A715,22,0,0,1,0.0,21,21.0,0.0
2026-01-27,80807115,A716,174,0,0,16,0.0,158,158.0,0.0
2026-01-27,80812839,C810,42,0,0,1,0.0,41,41.0,0.0
2026-01-27,80793613,D901,34,0,0,6,0.0,28,28.0,0.0
2026-01-27,21314594,C937,4,0,1,0,0.0,5,5.0,0.0
2026-01-27,80807092,A680,12,0,0,1,0.0,11,11.0,0.0
2026-01-27,80807095,A668,330,0,0,26,0.0,304,304.0,0.0
2026-01-27,21139445,A672,109,0,0,0,0.0,109,109.0,0.0
2026-01-27,80804132,C819,24,0,0,0,0.0,24,24.0,0.0
2026-01-27,21128377,D767,9,0,0,1,0.0,8,8.0,0.0
2026-01-27,80804129,E569,8,0,0,0,0.0,8,8.0,0.0
2026-01-27,80848028,A672,836,0,0,13,0.0,823,823.0,0.0
2026-01-27,21442422,0386,1,0,0,0,0.0,1,1.0,0.0
2026-01-27,21291975,A673,528,0,564,59,0.0,1033,1033.0,0.0
2026-01-27,80807118,C819,16,0,0,1,0.0,15,15.0,0.0
2026-01-27,21139445,C810,86,0,0,1,0.0,85,85.0,0.0
2026-01-27,80804706,A668,29,0,0,2,0.0,27,27.0,0.0
2026-01-27,80807112,A680,271,0,0,3,0.0,268,268.0,0.0
2026-01-27,21148509,A680,27,0,42,2,0.0,67,67.0,0.0
2026-01-27,80812099,A680,67,0,0,5,0.0,62,62.0,0.0
2026-01-27,80864469,A668,30,0,0,2,0.0,28,28.0,0.0
2026-01-27,80793615,C595,4,0,0,0,0.0,4,4.0,0.0
2026-01-27,80807089,C937,26,0,0,8,0.0,18,18.0,0.0
2026-01-27,80848025,A673,255,0,0,8,0.0,247,247.0,0.0
2026-01-27,80804705,A668,125,0,0,0,0.0,125,125.0,0.0
2026-01-27,80848026,A715,413,0,0,50,0.0,363,363.0,0.0
2026-01-27,80848028,C810,5,0,0,2,0.0,3,3.0,0.0
2026-01-27,80805852,A673,42,0,0,5,0.0,37,37.0,0.0
2026-01-27,80848025,E467,13,0,0,1,0.0,12,12.0,0.0
2026-01-27,80807102,E564,234,0,0,11,0.0,223,223.0,0.0
2026-01-27,21121756,A672,249,0,0,6,0.0,243,243.0,0.0
2026-01-27,21165946,C937,5,0,0,0,0.0,5,5.0,0.0
2026-01-27,21098519,E556,26,0,0,3,0.0,23,23.0,0.0
2026-01-27,21103372,E564,19,0,0,2,0.0,17,17.0,0.0
2026-01-27,21428668,A668,107,0,0,14,0.0,93,93.0,0.0
2026-01-27,80838164,C816,754,0,0,4,0.0,750,750.0,0.0
2026-01-27,80851898,A668,9,0,0,0,0.0,9,9.0,0.0
2026-01-27,21133312,0386,3,0,0,0,0.0,3,3.0,0.0
2026-01-27,21442896,A672,39,0,0,19,0.0,20,20.0,0.0
2026-01-27,21121756,C810,9,0,0,0,0.0,9,9.0,0.0
2026-01-27,80812846,E556,44,0,0,4,0.0,40,40.0,0.0
2026-01-27,21301637,D767,1,0,0,0,0.0,1,1.0,0.0
2026-01-27,21472283,A673,1321,0,0,0,0.0,1321,1321.0,0.0
2026-01-27,80848022,C816,416,0,0,19,0.0,397,397.0,0.0
2026-01-27,80848031,A672,672,0,0,3,0.0,669,669.0,0.0
2026-01-27,21165868,C937,3,0,0,0,0.0,3,3.0,0.0
2026-01-27,80848027,C816,64,0,0,0,0.0,64,64.0,0.0
2026-01-27,80804127,E556,9,0,0,2,0.0,7,7.0,0.0
2026-01-27,21170691,E569,5,0,0,0,0.0,5,5.0,0.0
2026-01-27,80848029,E467,5,0,0,0,0.0,5,5.0,0.0
2026-01-27,21165816,D901,6,0,2,1,0.0,7,7.0,0.0
2026-01-27,80840975,0386,2,0,0,0,0.0,2,2.0,0.0
2026-01-27,21103372,D901,68,0,0,2,0.0,66,66.0,0.0
2026-01-27,21127800,E556,80,0,0,2,0.0,78,78.0,0.0
2026-01-27,80848031,C810,1,0,0,0,0.0,1,1.0,0.0
2026-01-27,21315352,A680,91,0,0,2,0.0,89,89.0,0.0
2026-01-27,21416910,A673,384,0,0,0,0.0,384,384.0,0.0
2026-01-27,80812110,A668,31,0,0,4,0.0,27,27.0,0.0
2026-01-27,21151196,E569,4,0,0,1,0.0,3,3.0,0.0
2026-01-27,80807091,E568,6,0,0,0,0.0,6,6.0,0.0
2026-01-27,21325164,E556,23,0,0,0,0.0,23,23.0,0.0
2026-01-27,21155895,A668,54,0,0,0,0.0,54,54.0,0.0
2026-01-27,21419490,A715,240,0,0,4,0.0,236,236.0,0.0
2026-01-27,80848023,0386,2,0,0,0,0.0,2,2.0,0.0
2026-01-27,21098519,A715,198,0,0,21,0.0,177,177.0,0.0
2026-01-27,80884846,A668,3,0,0,1,0.0,2,2.0,0.0
2026-01-27,80807116,C937,87,0,0,0,0.0,87,87.0,0.0
2026-01-27,21128377,C816,332,0,0,21,19.0,292,292.0,0.0
2026-01-27,21352461,A673,524,0,0,0,0.0,524,524.0,0.0
2026-01-27,21141769,A680,44,0,0,1,0.0,43,43.0,0.0
2026-01-27,80804705,C563,45,0,0,6,0.0,39,39.0,0.0
2026-01-27,21128377,D191,3,0,0,1,0.0,2,2.0,0.0
2026-01-27,80804702,D767,6,0,0,0,0.0,6,6.0,0.0
2026-01-27,21179704,A715,5,0,0,0,0.0,5,5.0,0.0
2026-01-27,21132758,A680,300,0,0,25,0.0,275,275.0,0.0
2026-01-27,21414747,A672,643,0,0,31,0.0,612,612.0,0.0
2026-01-27,80807110,A680,368,0,0,10,0.0,358,358.0,0.0
2026-01-27,80812846,A715,315,0,0,21,0.0,294,294.0,0.0
2026-01-27,80848022,A673,1188,0,23,19,11.0,1181,1181.0,0.0
2026-01-27,80807119,E556,26,0,0,2,0.0,24,24.0,0.0
2026-01-27,80848022,E467,6,0,0,0,0.0,6,6.0,0.0
2026-01-27,21314593,A715,62,0,0,4,0.0,58,58.0,0.0
2026-01-27,21137866,E564,106,0,0,6,0.0,100,100.0,0.0
2026-01-27,21170686,C816,43,0,0,0,0.0,43,43.0,0.0
2026-01-27,21366842,A672,1021,0,0,0,0.0,1021,1021.0,0.0
2026-01-27,21434954,A668,106,0,0,0,0.0,106,106.0,0.0
2026-01-27,21314875,A673,52,0,0,9,0.0,43,43.0,0.0
2026-01-27,80804132,A680,124,0,0,4,0.0,120,120.0,0.0
2026-01-27,21132988,A672,284,0,0,24,0.0,260,260.0,0.0
2026-01-27,80807090,A668,33,0,0,1,0.0,32,32.0,0.0
2026-01-27,80807113,D767,53,0,0,6,0.0,47,47.0,0.0
2026-01-27,21170683,C819,5,0,0,0,0.0,5,5.0,0.0
2026-01-27,80848021,A716,316,0,0,1,0.0,315,315.0,0.0
2026-01-27,80805850,A716,35,0,0,0,0.0,35,35.0,0.0
2026-01-27,80793613,E569,1,0,0,0,0.0,1,1.0,0.0
2026-01-27,80807118,A680,156,0,0,1,0.0,155,155.0,0.0
2026-01-27,21162696,0386,1,0,0,0,1.0,0,0.0,0.0
2026-01-27,21132988,C810,13,0,0,1,0.0,12,12.0,0.0
2026-01-27,80812845,D901,79,0,0,10,0.0,69,69.0,0.0
2026-01-27,21301637,C816,43,0,0,5,0.0,38,38.0,0.0
2026-01-27,21118864,A680,49,0,0,1,0.0,48,48.0,0.0
2026-01-27,80804704,A672,493,0,0,53,0.0,440,440.0,0.0
2026-01-27,80807092,E556,17,0,0,1,0.0,16,16.0,0.0
2026-01-27,80857738,C816,1038,0,319,0,13.0,1344,1344.0,0.0
2026-01-27,80807105,D767,52,0,0,4,0.0,48,48.0,0.0
2026-01-27,80804131,0386,3,0,0,0,0.0,3,3.0,0.0
2026-01-27,21377504,D767,11,0,0,1,0.0,10,10.0,0.0
2026-01-27,80812841,E569,11,0,0,3,0.0,8,8.0,0.0
2026-01-27,80795933,C816,209,0,0,1,0.0,208,208.0,0.0
2026-01-27,80804134,C937,42,0,0,12,0.0,30,30.0,0.0
2026-01-27,80807114,D767,32,0,0,4,0.0,28,28.0,0.0
2026-01-27,80804703,C816,643,0,0,6,86.0,551,551.0,0.0
2026-01-27,80848026,E467,42,0,0,3,0.0,39,39.0,0.0
2026-01-27,80804133,E564,113,0,0,17,0.0,96,96.0,0.0
2026-01-27,21291975,A668,78,0,0,0,0.0,78,78.0,0.0
2026-01-27,80804704,C810,83,0,0,12,0.0,71,71.0,0.0
2026-01-27,21419490,C816,398,0,0,8,0.0,390,390.0,0.0
2026-01-27,21170686,A673,373,0,0,5,0.0,368,368.0,0.0
2026-01-27,80807112,E556,37,0,0,7,0.0,30,30.0,0.0
2026-01-27,21179704,C816,19,0,0,0,0.0,19,19.0,0.0
2026-01-27,80812099,E556,16,0,0,1,0.0,15,15.0,0.0
2026-01-27,80848025,A668,41,0,0,6,0.0,35,35.0,0.0
2026-01-27,80804136,A668,457,0,0,32,0.0,425,425.0,0.0
2026-01-27,80885920,C816,877,0,0,13,264.0,600,600.0,0.0
