date,material,location,beginning_inventory,production_gr,delivery_gr,shipment,delivery_ship,ending_inventory,calculated_ending,balance_diff
2026-02-19,80848028,C937,36,0,0,1,0.0,35,35.0,0.0
2026-02-19,80805852,A668,19,0,0,1,0.0,18,18.0,0.0
2026-02-19,80863646,A716,37,0,0,0,0.0,37,37.0,0.0
2026-02-19,80804138,E564,27,0,0,1,0.0,26,26.0,0.0
2026-02-19,21314876,A672,355,0,0,2,0.0,353,353.0,0.0
2026-02-19,21139445,0386,1,0,0,0,0.0,1,1.0,0.0
2026-02-19,21314593,C816,1055,0,0,32,4.0,1019,1019.0,0.0
2026-02-19,80805856,C810,24,0,0,2,0.0,22,22.0,0.0
2026-02-19,80804133,D901,190,0,0,8,0.0,182,182.0,0.0
2026-02-19,80807092,A715,139,0,0,1,0.0,138,138.0,0.0
2026-02-19,80807093,C937,7,0,0,1,0.0,6,6.0,0.0
2026-02-19,21165816,E569,5,0,0,0,0.0,5,5.0,0.0
2026-02-19,80848029,A668,246,0,0,5,0.0,241,241.0,0.0
2026-02-19,80854083,C816,34,0,0,0,0.0,34,34.0,0.0
2026-02-19,80795933,A673,1173,0,0,4,0.0,1169,1169.0,0.0
2026-02-19,21103372,E569,6,0,0,1,0.0,5,5.0,0.0
2026-02-19,21314876,C810,0,0,4,0,0.0,4,4.0,0.0
2026-02-19,80804703,A673,113,0,0,3,0.0,110,110.0,0.0
2026-02-19,80868102,A680,31,0,0,1,0.0,30,30.0,0.0
2026-02-19,80884848,A672,6,0,0,1,0.0,5,5.0,0.0
2026-02-19,21419490,A673,447,0,0,5,0.0,442,442.0,0.0
2026-02-19,80804138,D901,93,0,0,2,0.0,91,91.0,0.0
2026-02-19,21128067,D767,42,0,0,5,0.0,37,37.0,0.0
2026-02-19,80807112,A715,155,0,0,1,0.0,154,154.0,0.0
2026-02-19,21179704,A673,119,0,0,9,0.0,110,110.0,0.0
2026-02-19,21148509,A715,120,0,130,1,0.0,249,249.0,0.0
2026-02-19,80884852,A672,824,0,0,0,0.0,824,824.0,0.0
2026-02-19,21113405,A672,211,0,0,1,0.0,210,210.0,0.0
2026-02-19,21121756,0386,812,0,0,0,0.0,812,812.0,0.0
2026-02-19,80812099,A715,20,0,0,0,0.0,20,20.0,0.0
2026-02-19,80885920,A673,632,0,65,46,0.0,651,651.0,0.0
2026-02-19,21416910,A668,262,0,0,0,0.0,262,262.0,0.0
2026-02-19,80805856,A668,344,0,0,15,0.0,329,329.0,0.0
2026-02-19,80865910,C816,4,0,0,0,0.0,4,4.0,0.0
2026-02-19,21121751,A716,36,0,0,2,0.0,34,34.0,0.0
2026-02-19,21171453,A672,31,0,0,1,0.0,30,30.0,0.0
2026-02-19,80812846,A673,560,0,0,4,51.0,505,505.0,0.0
2026-02-19,80807105,D191,1,0,29,1,0.0,29,29.0,0.0
2026-02-19,21352461,A668,342,0,0,0,0.0,342,342.0,0.0
2026-02-19,21141769,E556,26,0,0,0,0.0,26,26.0,0.0
2026-02-19,21377504,C816,90,0,0,1,0.0,89,89.0,0.0
2026-02-19,80807113,E568,4,0,0,0,0.0,4,4.0,0.0
2026-02-19,21170683,A680,141,0,0,2,0.0,139,139.0,0.0
2026-02-19,21113405,C810,23,0,0,0,0.0,23,23.0,0.0
2026-02-19,21314593,A673,847,0,0,24,12.0,811,811.0,0.0
2026-02-19,80807114,C816,1306,0,0,3,3.0,1300,1300.0,0.0
2026-02-19,21132758,E556,16,0,0,0,0.0,16,16.0,0.0
2026-02-19,21133312,E564,6,0,0,0,0.0,6,6.0,0.0
2026-02-19,80807089,E564,24,0,0,3,0.0,21,21.0,0.0
2026-02-19,80848022,A668,645,0,0,17,0.0,628,628.0,0.0
2026-02-19,80854083,A673,85,0,0,0,0.0,85,85.0,0.0
2026-02-19,80863643,A716,11,0,12,0,0.0,23,23.0,0.0
2026-02-19,80793615,E564,2,0,0,0,0.0,2,2.0,0.0
2026-02-19,80884845,A716,251,0,0,1,0.0,250,250.0,0.0
2026-02-19,80807105,E568,4,0,0,0,0.0,4,4.0,0.0
2026-02-19,21314875,A668,59,0,0,1,0.0,58,58.0,0.0
2026-02-19,80804132,E556,26,0,0,0,0.0,26,26.0,0.0
2026-02-19,80840975,E564,7,0,0,0,0.0,7,7.0,0.0
2026-02-19,21269899,0386,2,0,0,0,0.0,2,2.0,0.0
2026-02-19,80804130,C819,5,0,0,0,0.0,5,5.0,0.0
2026-02-19,21314595,A672,720,0,0,11,0.0,709,709.0,0.0
2026-02-19,21325292,A672,616,0,0,13,0.0,603,603.0,0.0
2026-02-19,21377504,E568,2,0,0,0,0.0,2,2.0,0.0
2026-02-19,21143102,A680,117,0,0,2,0.0,115,115.0,0.0
2026-02-19,80807114,E568,2,0,0,0,0.0,2,2.0,0.0
2026-02-19,80812845,E569,40,0,0,1,0.0,39,39.0,0.0
2026-02-19,80885921,A672,174,0,0,11,0.0,163,163.0,0.0
2026-02-19,21315352,A715,24,0,0,0,0.0,24,24.0,0.0
2026-02-19,80865910,A673,2366,0,0,0,0.0,2366,2366.0,0.0
2026-02-19,80807118,E556,42,0,0,0,0.0,42,42.0,0.0
2026-02-19,80863645,A672,591,0,0,2,0.0,589,589.0,0.0
2026-02-19,21133312,D901,57,0,0,4,0.0,53,53.0,0.0
2026-02-19,21434952,A672,424,0,0,53,0.0,371,371.0,0.0
2026-02-19,21314595,C810,6,0,0,0,0.0,6,6.0,0.0
2026-02-19,21325292,C810,55,0,0,1,0.0,54,54.0,0.0
2026-02-19,80868100,A716,80,0,0,1,0.0,79,79.0,0.0
2026-02-19,80796091,C816,332,0,0,3,0.0,329,329.0,0.0
2026-02-19,21141769,A715,132,0,0,3,0.0,129,129.0,0.0
2026-02-19,21377504,A673,545,0,0,12,0.0,533,533.0,0.0
2026-02-19,21414747,0386,1,0,0,0,0.0,1,1.0,0.0
2026-02-19,80807100,A716,84,0,0,0,0.0,84,84.0,0.0
2026-02-19,80812103,A672,95,0,0,1,0.0,94,94.0,0.0
2026-02-19,80807114,A673,761,0,0,2,13.0,746,746.0,0.0
2026-02-19,80795932,A672,315,0,0,3,0.0,312,312.0,0.0
2026-02-19,80807112,C816,341,0,0,4,15.0,322,322.0,0.0
2026-02-19,21148509,C816,302,0,0,20,7.0,275,275.0,0.0
2026-02-19,80805850,E569,2,0,0,0,0.0,2,2.0,0.0
2026-02-19,21132758,A715,138,0,0,7,0.0,131,131.0,0.0
2026-02-19,80807120,C819,40,0,0,0,0.0,40,40.0,0.0
2026-02-19,80868101,A716,119,0,0,0,0.0,119,119.0,0.0
2026-02-19,80848026,A668,695,0,0,18,0.0,677,677.0,0.0
2026-02-19,80807110,A715,574,0,0,5,0.0,569,569.0,0.0
2026-02-19,21366842,0386,1,0,0,0,0.0,1,1.0,0.0
2026-02-19,21128067,C816,360,0,0,12,2.0,346,346.0,0.0
2026-02-19,21303404,C937,2,0,0,0,0.0,2,2.0,0.0
2026-02-19,80804704,C937,67,0,0,3,0.0,64,64.0,0.0
2026-02-19,21132988,0386,1,0,0,0,0.0,1,1.0,0.0
2026-02-19,80804701,C819,6,0,0,1,0.0,5,5.0,0.0
2026-02-19,80804132,A715,140,0,0,0,0.0,140,140.0,0.0
2026-02-19,21377091,A672,3713,0,0,0,0.0,3713,3713.0,0.0
2026-02-19,80884850,C816,182,0,0,4,0.0,178,178.0,0.0
2026-02-19,80807091,C937,24,0,0,0,0.0,24,24.0,0.0
2026-02-19,80840976,A716,203,0,0,0,0.0,203,203.0,0.0
2026-02-19,80807117,A672,16,0,0,0,0.0,16,16.0,0.0
2026-02-19,80848023,D901,464,0,0,21,0.0,443,443.0,0.0
2026-02-19,21434946,0386,86,0,0,0,0.0,86,86.0,0.0
2026-02-19,80848027,C937,6,0,0,0,0.0,6,6.0,0.0
2026-02-19,80807097,C937,4,0,0,0,0.0,4,4.0,0.0
2026-02-19,80807100,D901,96,0,0,0,0.0,96,96.0,0.0
2026-02-19,80804137,A680,71,0,0,0,0.0,71,71.0,0.0
2026-02-19,80812840,D767,39,0,0,2,0.0,37,37.0,0.0
2026-02-19,21132758,E295,143,0,0,15,0.0,128,128.0,0.0
2026-02-19,21442897,A680,53,0,0,3,0.0,50,50.0,0.0
2026-02-19,80804128,E556,20,0,0,1,0.0,19,19.0,0.0
2026-02-19,21127730,C816,398,0,0,30,0.0,368,368.0,0.0
2026-02-19,80804127,A672,353,0,0,13,0.0,340,340.0,0.0
2026-02-19,80804133,E569,20,0,0,1,0.0,19,19.0,0.0
2026-02-19,80807118,A715,324,0,0,2,0.0,322,322.0,0.0
2026-02-19,21029016,E568,4,0,0,0,0.0,4,4.0,0.0
2026-02-19,21315474,E556,30,0,0,5,0.0,25,25.0,0.0
2026-02-19,21162696,E564,1,0,0,0,0.0,1,1.0,0.0
2026-02-19,80791223,C816,64,0,0,0,0.0,64,64.0,0.0
2026-02-19,80807095,A716,103,0,0,1,0.0,102,102.0,0.0
2026-02-19,21128067,E568,15,0,0,0,0.0,15,15.0,0.0
2026-02-19,21118864,A715,15,0,0,0,0.0,15,15.0,0.0
2026-02-19,80807091,0386,1,0,0,0,0.0,1,1.0,0.0
2026-02-19,80807112,A673,709,0,424,13,37.0,1083,1083.0,0.0
2026-02-19,21148509,A673,511,0,0,10,35.0,466,466.0,0.0
2026-02-19,21133493,C816,36,0,0,1,0.0,35,35.0,0.0
2026-02-19,80807122,C937,2,0,0,0,0.0,2,2.0,0.0
2026-02-19,80804703,A668,42,0,0,4,0.0,38,38.0,0.0
2026-02-19,21128377,C937,16,0,0,1,0.0,15,15.0,0.0
2026-02-19,80804138,E569,9,0,0,0,0.0,9,9.0,0.0
2026-02-19,21325164,A672,458,0,1816,17,0.0,2257,2257.0,0.0
2026-02-19,80804706,A716,216,0,0,0,0.0,216,216.0,0.0
2026-02-19,21419490,A668,133,0,0,21,0.0,112,112.0,0.0
2026-02-19,21098519,A668,629,0,0,22,0.0,607,607.0,0.0
2026-02-19,80807096,C819,12,0,0,0,0.0,12,12.0,0.0
2026-02-19,80864469,A716,346,0,0,3,0.0,343,343.0,0.0
2026-02-19,80812839,E564,20,0,0,3,0.0,17,17.0,0.0
2026-02-19,80804705,A716,2384,0,0,7,0.0,2377,2377.0,0.0
2026-02-19,80848026,C563,0,0,53,0,0.0,53,53.0,0.0
2026-02-19,21179704,A668,42,0,0,1,0.0,41,41.0,0.0
2026-02-19,80884850,A673,424,0,0,11,0.0,413,413.0,0.0
2026-02-19,80885920,A668,111,0,0,0,0.0,111,111.0,0.0
2026-02-19,80804135,C819,9,0,0,0,0.0,9,9.0,0.0
2026-02-19,21422791,A680,50,0,0,2,0.0,48,48.0,0.0
2026-02-19,21428668,A716,939,0,0,6,0.0,933,933.0,0.0
2026-02-19,21325164,C810,19,0,0,0,0.0,19,19.0,0.0
2026-02-19,80807110,C816,263,0,0,4,40.0,219,219.0,0.0
2026-02-19,80807122,0386,2,0,0,0,0.0,2,2.0,0.0
2026-02-19,80807119,A672,1013,0,0,8,0.0,1005,1005.0,0.0
2026-02-19,80812846,A668,271,0,0,21,0.0,250,250.0,0.0
2026-02-19,21419500,A680,29,0,0,5,0.0,24,24.0,0.0
2026-02-19,21127730,A673,387,0,0,4,4.0,379,379.0,0.0
2026-02-19,80804130,A680,55,0,0,1,0.0,54,54.0,0.0
2026-02-19,80851898,A716,225,0,0,5,0.0,220,220.0,0.0
2026-02-19,80791223,A673,73,0,0,0,0.0,73,73.0,0.0
2026-02-19,21170683,E556,19,0,0,0,0.0,19,19.0,0.0
2026-02-19,21113405,C937,6,0,0,0,0.0,6,6.0,0.0
2026-02-19,21314593,A668,183,0,0,4,0.0,179,179.0,0.0
2026-02-19,21463645,A680,35,0,0,0,0.0,35,35.0,0.0
2026-02-19,80838162,A672,661,0,0,0,0.0,661,661.0,0.0
2026-02-19,80804705,D901,128,0,0,14,0.0,114,114.0,0.0
2026-02-19,80807119,C810,8,0,0,0,0.0,8,8.0,0.0
2026-02-19,80884848,0386,1,0,0,0,0.0,1,1.0,0.0
2026-02-19,21133493,A673,102,0,0,4,0.0,98,98.0,0.0
2026-02-19,80807115,E556,20,0,0,4,0.0,16,16.0,0.0
2026-02-19,21315352,A673,354,0,0,14,15.0,325,325.0,0.0
2026-02-19,21301637,C937,24,0,0,0,0.0,24,24.0,0.0
2026-02-19,80884852,0386,1,0,0,0,0.0,1,1.0,0.0
2026-02-19,21151196,D767,9,0,0,0,0.0,9,9.0,0.0
2026-02-19,80868102,A715,268,0,0,1,0.0,267,267.0,0.0
2026-02-19,80812840,C816,478,0,0,7,4.0,467,467.0,0.0
2026-02-19,21113405,0386,813,0,0,0,0.0,813,813.0,0.0
2026-02-19,21314602,C816,106,0,0,3,4.0,99,99.0,0.0
2026-02-19,80807120,A680,189,0,0,1,0.0,188,188.0,0.0
2026-02-19,80812110,A716,93,0,0,1,0.0,92,92.0,0.0
2026-02-19,21133312,E569,5,0,0,0,0.0,5,5.0,0.0
2026-02-19,21141769,A673,265,0,145,0,43.0,367,367.0,0.0
2026-02-19,21118864,C816,103,0,0,1,0.0,102,102.0,0.0
2026-02-19,21121756,E564,6,0,0,1,0.0,5,5.0,0.0
2026-02-19,21304907,D767,4,0,0,1,0.0,3,3.0,0.0
2026-02-19,21155895,A716,59,0,0,0,0.0,59,59.0,0.0
2026-02-19,80884846,A716,97,0,0,0,0.0,97,97.0,0.0
2026-02-19,80807110,A673,887,0,0,5,76.0,806,806.0,0.0
2026-02-19,80804699,A680,15,0,0,0,0.0,15,15.0,0.0
2026-02-19,80804701,A680,27,0,0,2,0.0,25,25.0,0.0
2026-02-19,21325292,C937,15,0,0,0,0.0,15,15.0,0.0
2026-02-19,80864470,E569,12,0,0,2,0.0,10,10.0,0.0
2026-02-19,80840975,E569,10,0,0,1,0.0,9,9.0,0.0
2026-02-19,21170683,A715,11,0,3,0,0.0,14,14.0,0.0
2026-02-19,80812840,E568,8,0,0,0,0.0,8,8.0,0.0
2026-02-19,80848031,E564,4,0,0,0,0.0,4,4.0,0.0
2026-02-19,80804702,C937,1,0,0,0,0.0,1,1.0,0.0
2026-02-19,80848031,A716,170,0,0,0,0.0,170,170.0,0.0
2026-02-19,80831843,C816,2,0,0,0,0.0,2,2.0,0.0
2026-02-19,21315350,D767,5,0,0,5,0.0,0,0.0,0.0
2026-02-19,21434954,A716,53,0,0,2,0.0,51,51.0,0.0
2026-02-19,80848023,E569,29,0,0,2,0.0,27,27.0,0.0
2026-02-19,80807100,E569,9,0,0,0,0.0,9,9.0,0.0
2026-02-19,80838165,A680,72,0,0,0,0.0,72,72.0,0.0
2026-02-19,80812840,A673,1904,0,0,18,0.0,1886,1886.0,0.0
2026-02-19,21314602,A673,188,0,0,6,0.0,182,182.0,0.0
2026-02-19,80885921,0386,4,0,0,0,0.0,4,4.0,0.0
2026-02-19,21143102,A715,98,0,0,3,0.0,95,95.0,0.0
2026-02-19,21118864,A673,371,0,0,2,0.0,369,369.0,0.0
2026-02-19,80863645,0386,4,0,0,0,0.0,4,4.0,0.0
2026-02-19,80807092,A668,100,0,0,2,0.0,98,98.0,0.0
2026-02-19,21434952,0386,0,2261,0,0,0.0,2261,2261.0,0.0
2026-02-19,80807113,C937,25,0,0,2,0.0,23,23.0,0.0
2026-02-19,80807096,A680,36,0,0,0,0.0,36,36.0,0.0
2026-02-19,80848031,D901,6,0,0,1,0.0,5,5.0,0.0
2026-02-19,80804698,D767,7,0,0,1,0.0,6,6.0,0.0
2026-02-19,21275914,E569,5,0,0,0,0.0,5,5.0,0.0
2026-02-19,80812338,C816,61,0,0,0,8.0,53,53.0,0.0
2026-02-19,80812103,0386,3,0,0,0,0.0,3,3.0,0.0
2026-02-19,80795932,0386,3,0,0,0,0.0,3,3.0,0.0
2026-02-19,80807095,C819,55,0,0,1,0.0,54,54.0,0.0
2026-02-19,80804135,A680,243,0,0,1,0.0,242,242.0,0.0
2026-02-19,80807112,A668,161,0,491,9,0.0,643,643.0,0.0
2026-02-19,21148509,A668,203,0,0,1,0.0,202,202.0,0.0
2026-02-19,80812099,A668,19,0,0,0,0.0,19,19.0,0.0
2026-02-19,80807105,C937,36,0,0,3,0.0,33,33.0,0.0
2026-02-19,80831843,A673,188,0,0,0,0.0,188,188.0,0.0
2026-02-19,21291975,A716,19,0,0,0,0.0,19,19.0,0.0
2026-02-19,21377091,0386,4,0,0,0,0.0,4,4.0,0.0
2026-02-19,21132988,E564,72,0,0,0,0.0,72,72.0,0.0
2026-02-19,80807116,C819,31,0,0,1,0.0,30,30.0,0.0
2026-02-19,80848025,A716,311,0,0,1,0.0,310,310.0,0.0
2026-02-19,80804136,A716,206,0,7,4,0.0,209,209.0,0.0
2026-02-19,80805852,A716,37,0,0,0,0.0,37,37.0,0.0
2026-02-19,21357275,A672,464,0,0,7,0.0,457,457.0,0.0
2026-02-19,80884850,A668,110,0,0,0,0.0,110,110.0,0.0
2026-02-19,80804129,A672,274,0,0,2,0.0,272,272.0,0.0
2026-02-19,80804137,A715,193,0,0,1,0.0,192,192.0,0.0
2026-02-19,21442897,A715,803,0,0,5,0.0,798,798.0,0.0
2026-02-19,80864469,E569,4,0,0,0,0.0,4,4.0,0.0
2026-02-19,80804130,E556,24,0,0,2,0.0,22,22.0,0.0
2026-02-19,80804705,E569,23,0,0,3,0.0,20,20.0,0.0
2026-02-19,80804704,E564,126,0,0,15,0.0,111,111.0,0.0
2026-02-19,80807102,D767,14,0,0,0,0.0,14,14.0,0.0
2026-02-19,21314594,A680,53,0,0,0,0.0,53,53.0,0.0
2026-02-19,21357275,C810,11,0,0,1,0.0,10,10.0,0.0
2026-02-19,80812338,A673,105,0,0,1,0.0,104,104.0,0.0
2026-02-19,80812839,E569,21,0,0,2,0.0,19,19.0,0.0
2026-02-19,21315350,C816,511,0,387,62,22.0,814,814.0,0.0
2026-02-19,21103372,D767,21,0,0,2,0.0,19,19.0,0.0
2026-02-19,21132758,C810,24,0,102,1,8.0,117,117.0,0.0
2026-02-19,21255844,C819,5,0,0,0,0.0,5,5.0,0.0
2026-02-19,80804132,A672,721,0,0,6,0.0,715,715.0,0.0
2026-02-19,80848024,A672,315,0,0,1,0.0,314,314.0,0.0
2026-02-19,80868102,A673,65,0,9,10,0.0,64,64.0,0.0
2026-02-19,80804136,D901,17,0,0,3,0.0,14,14.0,0.0
2026-02-19,80848029,A716,116,0,0,0,0.0,116,116.0,0.0
2026-02-19,21325164,0386,1911,0,0,0,0.0,1911,1911.0,0.0
2026-02-19,21307836,C937,2,0,0,0,0.0,2,2.0,0.0
2026-02-19,80851898,E569,4,0,0,0,0.0,4,4.0,0.0
2026-02-19,21315352,A668,68,0,0,3,0.0,65,65.0,0.0
2026-02-19,80796091,C937,4,0,0,0,0.0,4,4.0,0.0
2026-02-19,80804132,C810,63,0,0,3,0.0,60,60.0,0.0
2026-02-19,21354246,A672,739,0,0,12,0.0,727,727.0,0.0
2026-02-19,80807120,E556,20,0,0,2,0.0,18,18.0,0.0
2026-02-19,21141769,A668,133,0,41,6,0.0,168,168.0,0.0
2026-02-19,80805856,A716,101,0,0,6,0.0,95,95.0,0.0
2026-02-19,80885919,C816,177,0,0,8,0.0,169,169.0,0.0
2026-02-19,80804698,C816,2372,0,0,14,23.0,2335,2335.0,0.0
2026-02-19,21165946,A680,1486,0,0,0,0.0,1486,1486.0,0.0
2026-02-19,21422791,A715,5,0,0,0,0.0,5,5.0,0.0
2026-02-19,21128067,C937,15,0,0,1,0.0,14,14.0,0.0
2026-02-19,21155895,C819,10,0,0,0,0.0,10,10.0,0.0
2026-02-19,80848029,D901,137,0,0,22,0.0,115,115.0,0.0
2026-02-19,21352461,A716,132,0,0,0,0.0,132,132.0,0.0
2026-02-19,80804134,C819,27,0,0,8,0.0,19,19.0,0.0
2026-02-19,80807110,A668,504,0,0,5,0.0,499,499.0,0.0
2026-02-19,21314876,E564,20,0,0,1,0.0,19,19.0,0.0
2026-02-19,80804699,E556,7,0,0,0,0.0,7,7.0,0.0
2026-02-19,80793613,E568,1,0,0,0,0.0,1,1.0,0.0
2026-02-19,21170691,A672,42,0,0,2,0.0,40,40.0,0.0
2026-02-19,21314876,A716,156,0,0,1,0.0,155,155.0,0.0
2026-02-19,21419500,A715,84,0,0,2,0.0,82,82.0,0.0
2026-02-19,80804130,A715,106,0,0,1,0.0,105,105.0,0.0
2026-02-19,80812110,E569,2,0,0,1,0.0,1,1.0,0.0
2026-02-19,21357021,A672,2227,0,0,0,0.0,2227,2227.0,0.0
2026-02-19,21143103,A680,71,0,0,2,0.0,69,69.0,0.0
2026-02-19,80848022,A716,243,0,0,4,0.0,239,239.0,0.0
2026-02-19,21165868,A680,10,0,0,1,0.0,9,9.0,0.0
2026-02-19,21121756,E569,5,0,0,0,0.0,5,5.0,0.0
2026-02-19,21170691,C810,704,0,0,1,0.0,703,703.0,0.0
2026-02-19,80804137,C816,272,0,0,3,12.0,257,257.0,0.0
2026-02-19,21314875,A716,63,0,0,0,0.0,63,63.0,0.0
2026-02-19,80804128,A672,1155,0,0,10,0.0,1145,1145.0,0.0
2026-02-19,21315474,A672,773,0,0,22,0.0,751,751.0,0.0
2026-02-19,80812845,D767,78,0,0,4,0.0,74,74.0,0.0
2026-02-19,80807118,A668,524,0,0,10,0.0,514,514.0,0.0
2026-02-19,21314602,A668,40,0,0,0,0.0,40,40.0,0.0
2026-02-19,21314876,D901,20,0,0,3,0.0,17,17.0,0.0
2026-02-19,21113405,E564,9,0,0,1,0.0,8,8.0,0.0
2026-02-19,80848031,E569,19,0,0,1,0.0,18,18.0,0.0
2026-02-19,80807120,A715,59,0,30,0,0.0,89,89.0,0.0
2026-02-19,21137866,D767,102,0,0,2,0.0,100,100.0,0.0
2026-02-19,21176384,C816,62,0,0,1,0.0,61,61.0,0.0
2026-02-19,21118864,A668,66,0,0,0,0.0,66,66.0,0.0
2026-02-19,80885919,A673,297,0,0,5,0.0,292,292.0,0.0
2026-02-19,80804698,A673,86,0,0,0,0.0,86,86.0,0.0
2026-02-19,80807102,C816,197,0,0,1,16.0,180,180.0,0.0
2026-02-19,21171453,E564,3,0,0,0,0.0,3,3.0,0.0
2026-02-19,80804128,C810,8,0,0,0,3.0,5,5.0,0.0
2026-02-19,80807116,A680,668,0,0,10,0.0,658,658.0,0.0
2026-02-19,80807096,E556,20,0,0,6,0.0,14,14.0,0.0
2026-02-19,21103372,D191,2,0,0,0,0.0,2,2.0,0.0
2026-02-19,21315474,C810,157,0,0,3,15.0,139,139.0,0.0
2026-02-19,80804699,A715,69,0,0,0,0.0,69,69.0,0.0
2026-02-19,80804701,A715,1107,0,0,1,0.0,1106,1106.0,0.0
2026-02-19,21314875,D901,19,0,0,1,0.0,18,18.0,0.0
2026-02-19,21132758,C563,16,0,20,2,0.0,34,34.0,0.0
2026-02-19,80848026,A716,233,0,0,5,0.0,228,228.0,0.0
2026-02-19,21376841,A672,3177,0,0,0,0.0,3177,3177.0,0.0
2026-02-19,21121751,E556,3,0,0,1,0.0,2,2.0,0.0
2026-02-19,80807102,E568,4,0,0,0,0.0,4,4.0,0.0
2026-02-19,80804137,A673,470,0,0,4,1.0,465,465.0,0.0
2026-02-19,21103372,E568,3,0,0,0,0.0,3,3.0,0.0
2026-02-19,21255844,A680,1755,0,0,0,0.0,1755,1755.0,0.0
2026-02-19,21314595,E564,2,0,0,0,0.0,2,2.0,0.0
2026-02-19,21325292,E564,77,0,0,2,0.0,75,75.0,0.0
2026-02-19,21419500,C816,346,0,23,3,33.0,333,333.0,0.0
2026-02-19,80804133,D767,32,0,0,1,0.0,31,31.0,0.0
2026-02-19,21176384,A673,162,0,0,1,0.0,161,161.0,0.0
2026-02-19,80812841,A672,2425,0,0,49,0.0,2376,2376.0,0.0
2026-02-19,80848026,D901,67,0,0,43,0.0,24,24.0,0.0
2026-02-19,80804136,E569,4,0,0,2,0.0,2,2.0,0.0
2026-02-19,80807096,A715,97,0,0,0,0.0,97,97.0,0.0
2026-02-19,80807115,A672,751,0,0,17,0.0,734,734.0,0.0
2026-02-19,80793614,A680,9,0,0,0,0.0,9,9.0,0.0
2026-02-19,21118867,C816,274,0,0,2,0.0,272,272.0,0.0
2026-02-19,21170683,C810,5,0,0,0,0.0,5,5.0,0.0
2026-02-19,80812338,A668,11,0,0,0,0.0,11,11.0,0.0
2026-02-19,80812103,E564,16,0,0,0,0.0,16,16.0,0.0
2026-02-19,80868102,A668,14,0,0,4,0.0,10,10.0,0.0
2026-02-19,80804138,D767,12,0,0,1,0.0,11,11.0,0.0
2026-02-19,80804135,A715,182,0,0,0,0.0,182,182.0,0.0
2026-02-19,80812841,C810,22,0,0,2,0.0,20,20.0,0.0
2026-02-19,21103371,E295,137,0,0,6,0.0,131,131.0,0.0
2026-02-19,80804134,A680,310,0,0,15,0.0,295,295.0,0.0
2026-02-19,21314595,D901,32,0,0,2,0.0,30,30.0,0.0
2026-02-19,80804703,A716,336,0,0,1,0.0,335,335.0,0.0
2026-02-19,80812845,D191,0,0,36,2,0.0,34,34.0,0.0
2026-02-19,80807115,C810,55,0,0,5,0.0,50,50.0,0.0
2026-02-19,21419490,A716,173,0,0,1,0.0,172,172.0,0.0
2026-02-19,21098519,A716,133,0,0,12,0.0,121,121.0,0.0
2026-02-19,21422791,A673,2301,0,0,15,0.0,2286,2286.0,0.0
2026-02-19,21137866,C816,941,0,0,0,21.0,920,920.0,0.0
2026-02-19,21357275,0386,4,0,0,0,0.0,4,4.0,0.0
2026-02-19,21137866,D191,6,0,5,2,0.0,9,9.0,0.0
2026-02-19,21179704,A716,28,0,0,1,0.0,27,27.0,0.0
2026-02-19,80804701,C816,297,0,0,5,78.0,214,214.0,0.0
2026-02-19,80848029,E569,10,0,0,1,0.0,9,9.0,0.0
2026-02-19,21419500,A673,309,0,35,32,0.0,312,312.0,0.0
2026-02-19,80885920,A716,430,0,0,0,0.0,430,430.0,0.0
2026-02-19,80812846,A716,197,0,0,2,0.0,195,195.0,0.0
2026-02-19,21463645,A673,1049,0,0,0,0.0,1049,1049.0,0.0
2026-02-19,21142560,C816,312,0,0,14,0.0,298,298.0,0.0
2026-02-19,80804127,E564,9,0,0,1,0.0,8,8.0,0.0
2026-02-19,80807090,A680,21,0,0,0,0.0,21,21.0,0.0
2026-02-19,80812845,E568,7,0,0,0,0.0,7,7.0,0.0
2026-02-19,21315474,C563,3,0,1,0,0.0,4,4.0,0.0
2026-02-19,21314593,A716,65,0,0,2,0.0,63,63.0,0.0
2026-02-19,21098519,D901,138,0,0,8,0.0,130,130.0,0.0
2026-02-19,21118867,A673,466,0,0,1,0.0,465,465.0,0.0
2026-02-19,80840976,E556,6,0,0,0,0.0,6,6.0,0.0
2026-02-19,21137866,E568,21,0,0,0,0.0,21,21.0,0.0
2026-02-19,21314594,A715,57,0,0,0,0.0,57,57.0,0.0
2026-02-19,80807093,A680,8,0,0,0,0.0,8,8.0,0.0
2026-02-19,21103371,C816,380,0,338,0,2.0,716,716.0,0.0
2026-02-19,80854083,A716,2,0,0,0,0.0,2,2.0,0.0
2026-02-19,21103371,D191,2,0,0,0,0.0,2,2.0,0.0
2026-02-19,21352461,E569,1,0,0,0,0.0,1,1.0,0.0
2026-02-19,80807097,C819,2,0,0,0,0.0,2,2.0,0.0
2026-02-19,80807120,A673,560,0,0,7,27.0,526,526.0,0.0
2026-02-19,21143102,A668,218,0,13,5,0.0,226,226.0,0.0
2026-02-19,21133312,D767,5,0,0,1,0.0,4,4.0,0.0
2026-02-19,80807095,E556,59,0,0,3,0.0,56,56.0,0.0
2026-02-19,80812846,D901,137,0,0,0,0.0,137,137.0,0.0
2026-02-19,80807089,D767,19,0,0,0,0.0,19,19.0,0.0
2026-02-19,21354246,0386,2272,0,0,0,0.0,2272,2272.0,0.0
2026-02-19,21137866,A673,1093,0,0,14,53.0,1026,1026.0,0.0
2026-02-19,80804701,A673,372,0,0,30,0.0,342,342.0,0.0
2026-02-19,21151196,C937,18,0,1,1,0.0,18,18.0,0.0
2026-02-19,80804135,C816,565,0,0,5,0.0,560,560.0,0.0
2026-02-19,80840975,D767,6,0,0,1,0.0,5,5.0,0.0
2026-02-19,80807119,E564,19,0,0,1,0.0,18,18.0,0.0
2026-02-19,21165946,A715,29,0,0,0,0.0,29,29.0,0.0
2026-02-19,80807116,E556,17,0,0,1,0.0,16,16.0,0.0
2026-02-19,21357021,0386,4,0,0,0,0.0,4,4.0,0.0
2026-02-19,21304907,C937,5,0,0,0,0.0,5,5.0,0.0
2026-02-19,80804133,E568,6,0,0,1,0.0,5,5.0,0.0
2026-02-19,21325164,D901,4,0,0,0,0.0,4,4.0,0.0
2026-02-19,80838162,E564,6,0,0,0,0.0,6,6.0,0.0
2026-02-19,21143103,A715,124,0,0,0,0.0,124,124.0,0.0
2026-02-19,80812154,D767,10,0,0,0,0.0,10,10.0,0.0
2026-02-19,21103371,A673,603,0,0,1,79.0,523,523.0,0.0
2026-02-19,80807100,D767,41,0,0,2,0.0,39,39.0,0.0
2026-02-19,21165868,A715,29,0,0,0,0.0,29,29.0,0.0
2026-02-19,80804137,A668,101,0,0,3,0.0,98,98.0,0.0
2026-02-19,21442897,A668,90,0,0,6,0.0,84,84.0,0.0
2026-02-19,21255844,E556,1,0,0,0,0.0,1,1.0,0.0
2026-02-19,21315350,C937,0,0,130,11,0.0,119,119.0,0.0
2026-02-19,21442422,C816,2608,0,0,18,67.0,2523,2523.0,0.0
2026-02-19,80804138,E568,5,0,0,0,0.0,5,5.0,0.0
2026-02-19,80807119,D901,83,0,0,8,0.0,75,75.0,0.0
2026-02-19,80807096,A673,175,0,0,2,27.0,146,146.0,0.0
2026-02-19,80848026,E569,40,0,0,7,0.0,33,33.0,0.0
2026-02-19,21314594,C816,1007,0,0,19,0.0,988,988.0,0.0
2026-02-19,80807092,A716,106,0,0,0,0.0,106,106.0,0.0
2026-02-19,80848021,A672,97,0,0,3,0.0,94,94.0,0.0
2026-02-19,80793613,C937,4,0,0,0,0.0,4,4.0,0.0
2026-02-19,80804135,A673,125,0,0,2,0.0,123,123.0,0.0
2026-02-19,80805850,A672,40,0,0,0,0.0,40,40.0,0.0
2026-02-19,80807116,A715,209,0,0,2,0.0,207,207.0,0.0
2026-02-19,21314595,E569,5,0,0,0,0.0,5,5.0,0.0
2026-02-19,80848021,C810,41,0,0,0,0.0,41,41.0,0.0
2026-02-19,21376841,0386,2,0,0,0,0.0,2,2.0,0.0
2026-02-19,21143110,C816,707,0,0,7,0.0,700,700.0,0.0
2026-02-19,80807112,A716,263,0,0,0,0.0,263,263.0,0.0
2026-02-19,21148509,A716,128,0,0,3,0.0,125,125.0,0.0
2026-02-19,80812099,A716,59,0,43,0,0.0,102,102.0,0.0
2026-02-19,21155895,E556,10,0,0,1,0.0,9,9.0,0.0
2026-02-19,21133312,D191,0,0,12,0,0.0,12,12.0,0.0
2026-02-19,80807089,C816,1538,0,0,7,98.0,1433,1433.0,0.0
2026-02-19,80804134,E556,3,0,0,2,0.0,1,1.0,0.0
2026-02-19,80795933,C819,17,0,0,1,0.0,16,16.0,0.0
2026-02-19,80807092,D901,46,0,0,4,0.0,42,42.0,0.0
2026-02-19,80838164,A680,673,0,0,0,0.0,673,673.0,0.0
2026-02-19,21165946,C816,245,0,0,3,3.0,239,239.0,0.0
2026-02-19,21255844,A715,3,0,0,0,0.0,3,3.0,0.0
2026-02-19,21419500,A668,33,0,0,2,0.0,31,31.0,0.0
2026-02-19,80848022,A680,749,0,0,6,0.0,743,743.0,0.0
2026-02-19,80804130,A668,66,0,58,8,0.0,116,116.0,0.0
2026-02-19,80848027,A680,58,0,0,1,0.0,57,57.0,0.0
2026-02-19,80807097,A680,49,0,0,0,0.0,49,49.0,0.0
2026-02-19,80812841,0386,3,0,0,0,0.0,3,3.0,0.0
2026-02-19,21314594,A673,236,0,0,1,12.0,223,223.0,0.0
2026-02-19,80863646,A672,295,0,0,3,0.0,292,292.0,0.0
2026-02-19,80804702,C819,2,0,0,0,0.0,2,2.0,0.0
2026-02-19,21431638,A672,1203,0,0,17,0.0,1186,1186.0,0.0
2026-02-19,80807089,E568,2,0,0,0,0.0,2,2.0,0.0
2026-02-19,21098519,E569,6,0,0,1,0.0,5,5.0,0.0
2026-02-19,80807115,0386,2,0,0,0,1.0,1,1.0,0.0
2026-02-19,21165868,C816,44,0,0,0,0.0,44,44.0,0.0
2026-02-19,21142556,A672,872,0,0,0,0.0,872,872.0,0.0
2026-02-19,80807090,E556,4,0,0,0,0.0,4,4.0,0.0
2026-02-19,80812154,C816,57,0,0,3,1.0,53,53.0,0.0
2026-02-19,21314593,C819,2,0,0,0,0.0,2,2.0,0.0
2026-02-19,21121752,A680,9,0,0,1,0.0,8,8.0,0.0
2026-02-19,21118867,A668,34,0,0,2,0.0,32,32.0,0.0
2026-02-19,80793614,A715,272,0,0,2,0.0,270,270.0,0.0
2026-02-19,80864470,E568,4,0,0,0,0.0,4,4.0,0.0
2026-02-19,80840975,E568,3,0,0,0,0.0,3,3.0,0.0
2026-02-19,80807093,E556,4,0,0,0,0.0,4,4.0,0.0
2026-02-19,21431638,C810,561,0,0,6,0.0,555,555.0,0.0
2026-02-19,80812846,E569,29,0,0,2,0.0,27,27.0,0.0
2026-02-19,21165816,C937,4,0,0,0,0.0,4,4.0,0.0
2026-02-19,80807102,C937,19,0,0,1,0.0,18,18.0,0.0
2026-02-19,80807089,A673,276,0,0,5,0.0,271,271.0,0.0
2026-02-19,21103372,C937,42,0,1,1,0.0,42,42.0,0.0
2026-02-19,21142556,C810,107,0,0,1,0.0,106,106.0,0.0
2026-02-19,21315352,A716,35,0,0,0,0.0,35,35.0,0.0
2026-02-19,21128377,A680,140,0,0,4,0.0,136,136.0,0.0
2026-02-19,80804127,E569,5,0,0,0,0.0,5,5.0,0.0
2026-02-19,80804134,A715,131,0,0,5,0.0,126,126.0,0.0
2026-02-19,80807120,A668,465,0,0,4,0.0,461,461.0,0.0
2026-02-19,21165946,A673,1360,0,0,13,32.0,1315,1315.0,0.0
2026-02-19,80848028,D767,23,0,0,0,0.0,23,23.0,0.0
2026-02-19,21165946,E467,22,0,0,1,0.0,21,21.0,0.0
2026-02-19,21141769,A716,100,0,0,6,0.0,94,94.0,0.0
2026-02-19,80848023,E568,17,0,0,1,0.0,16,16.0,0.0
2026-02-19,80804699,A668,13,0,0,1,0.0,12,12.0,0.0
2026-02-19,80804701,A668,59,0,0,9,0.0,50,50.0,0.0
2026-02-19,80812154,E568,2,0,0,0,0.0,2,2.0,0.0
2026-02-19,80807100,E568,2,0,0,0,0.0,2,2.0,0.0
2026-02-19,80804129,E564,8,0,0,0,0.0,8,8.0,0.0
2026-02-19,21132758,A716,177,0,0,4,0.0,173,173.0,0.0
2026-02-19,80807110,A716,345,0,0,1,0.0,344,344.0,0.0
2026-02-19,21121751,A672,85,0,0,0,0.0,85,85.0,0.0
2026-02-19,21170686,A680,36,0,0,0,0.0,36,36.0,0.0
2026-02-19,21325164,E569,4,0,0,0,0.0,4,4.0,0.0
2026-02-19,80807105,C819,10,0,0,0,0.0,10,10.0,0.0
2026-02-19,80804134,E295,3,0,0,3,0.0,0,0.0,0.0
2026-02-19,21165868,A673,451,0,0,6,0.0,445,445.0,0.0
2026-02-19,21315352,D901,15,0,0,2,0.0,13,13.0,0.0
2026-02-19,21162696,C816,61,0,0,4,0.0,57,57.0,0.0
2026-02-19,21121756,D767,6,0,0,1,0.0,5,5.0,0.0
2026-02-19,80807090,A715,53,0,0,0,0.0,53,53.0,0.0
2026-02-19,80848025,E556,11,0,0,1,0.0,10,10.0,0.0
2026-02-19,80804132,E564,75,0,0,6,0.0,69,69.0,0.0
2026-02-19,80805852,E556,3,0,0,0,0.0,3,3.0,0.0
2026-02-19,80812154,A673,307,0,0,15,0.0,292,292.0,0.0
2026-02-19,80807114,C819,2,0,0,0,0.0,2,2.0,0.0
2026-02-19,80804132,A716,291,0,0,5,0.0,286,286.0,0.0
2026-02-19,21141769,D901,92,0,0,6,0.0,86,86.0,0.0
2026-02-19,80807093,A715,60,0,0,0,0.0,60,60.0,0.0
2026-02-19,21103371,A668,360,0,0,31,0.0,329,329.0,0.0
2026-02-19,80807119,E569,19,0,0,1,0.0,18,18.0,0.0
2026-02-19,21132758,D901,159,0,0,14,0.0,145,145.0,0.0
2026-02-19,21301637,A680,190,0,0,1,0.0,189,189.0,0.0
2026-02-19,80807118,A716,237,0,0,2,0.0,235,235.0,0.0
2026-02-19,80863643,A672,525,0,0,19,0.0,506,506.0,0.0
2026-02-19,80857738,A680,2,0,0,0,0.0,2,2.0,0.0
2026-02-19,80884845,A672,31,0,0,1,0.0,30,30.0,0.0
2026-02-19,21314602,A716,63,0,0,1,0.0,62,62.0,0.0
2026-02-19,80807116,A673,1292,0,0,10,82.0,1200,1200.0,0.0
2026-02-19,21162696,E568,3,0,0,0,0.0,3,3.0,0.0
2026-02-19,80807096,A668,77,0,0,0,0.0,77,77.0,0.0
2026-02-19,80807120,C563,23,0,10,1,0.0,32,32.0,0.0
2026-02-19,21118864,A716,27,0,0,0,0.0,27,27.0,0.0
2026-02-19,80795933,A680,9,0,0,0,0.0,9,9.0,0.0
2026-02-19,80804703,A680,23,0,0,1,0.0,22,22.0,0.0
2026-02-19,80812845,C937,80,0,0,7,0.0,73,73.0,0.0
2026-02-19,80804132,D901,36,0,0,2,0.0,34,34.0,0.0
2026-02-19,80804135,A668,30,0,0,1,0.0,29,29.0,0.0
2026-02-19,80863643,C810,58,0,18,0,0.0,76,76.0,0.0
2026-02-19,21138340,A672,1116,0,0,30,0.0,1086,1086.0,0.0
2026-02-19,80868100,A672,24,0,0,4,0.0,20,20.0,0.0
2026-02-19,21162696,A673,56,0,0,8,0.0,48,48.0,0.0
2026-02-19,80885920,A680,162,0,0,37,0.0,125,125.0,0.0
2026-02-19,80807118,D901,145,0,0,17,0.0,128,128.0,0.0
2026-02-19,21139445,C816,1247,0,0,13,50.0,1184,1184.0,0.0
2026-02-19,80807092,E569,18,0,0,1,0.0,17,17.0,0.0
2026-02-19,80804702,A680,15,0,0,0,0.0,15,15.0,0.0
2026-02-19,21148509,C819,26,0,0,0,0.0,26,26.0,0.0
2026-02-19,80868101,A672,643,0,0,2,0.0,641,641.0,0.0
2026-02-19,80848028,C816,549,0,0,4,15.0,530,530.0,0.0
2026-02-19,21127799,C816,62,0,0,0,0.0,62,62.0,0.0
2026-02-19,21029016,C819,4,0,0,0,0.0,4,4.0,0.0
2026-02-19,21303404,E556,19,0,0,3,0.0,16,16.0,0.0
2026-02-19,21128067,C819,31,0,0,1,0.0,30,30.0,0.0
2026-02-19,80804128,E564,15,0,0,0,0.0,15,15.0,0.0
2026-02-19,80868100,C810,8,0,0,0,0.0,8,8.0,0.0
2026-02-19,21421149,0386,1,0,0,0,0.0,1,1.0,0.0
2026-02-19,21315474,E564,75,0,0,6,0.0,69,69.0,0.0
2026-02-19,80848021,0386,1,0,0,0,0.0,1,1.0,0.0
2026-02-19,21275914,A672,190,0,0,2,0.0,188,188.0,0.0
2026-02-19,80868101,C810,4,0,0,0,0.0,4,4.0,0.0
2026-02-19,80812099,E569,7,0,0,1,0.0,6,6.0,0.0
2026-02-19,80848022,E556,17,0,0,1,0.0,16,16.0,0.0
2026-02-19,80840976,A672,455,0,0,2,0.0,453,453.0,0.0
2026-02-19,80805850,0386,3,0,0,0,0.0,3,3.0,0.0
2026-02-19,80848027,E556,1,0,0,0,0.0,1,1.0,0.0
2026-02-19,21314594,A668,55,0,0,1,0.0,54,54.0,0.0
2026-02-19,21132988,D767,61,0,0,4,0.0,57,57.0,0.0
2026-02-19,80848028,E568,26,0,0,0,0.0,26,26.0,0.0
2026-02-19,80804133,C937,47,0,0,0,0.0,47,47.0,0.0
2026-02-19,80804134,A673,1627,0,0,205,19.0,1403,1403.0,0.0
2026-02-19,21275914,C810,0,0,32,0,0.0,32,32.0,0.0
2026-02-19,80807095,A672,730,0,1,11,0.0,720,720.0,0.0
2026-02-19,80804134,E467,5,0,0,2,0.0,3,3.0,0.0
2026-02-19,80868102,A716,239,0,0,1,0.0,238,238.0,0.0
2026-02-19,80804128,D901,5,0,0,1,0.0,4,4.0,0.0
2026-02-19,80863646,C937,3,0,0,0,0.0,3,3.0,0.0
2026-02-19,21315474,D901,89,0,0,4,0.0,85,85.0,0.0
2026-02-19,80807105,A680,158,0,0,2,0.0,156,156.0,0.0
2026-02-19,80848028,A673,1447,0,0,7,26.0,1414,1414.0,0.0
2026-02-19,80804138,C937,20,0,0,0,0.0,20,20.0,0.0
2026-02-19,21127799,A673,65,0,0,2,0.0,63,63.0,0.0
2026-02-19,21121756,E568,7,0,0,0,0.0,7,7.0,0.0
2026-02-19,21377504,A680,26,0,0,0,0.0,26,26.0,0.0
2026-02-19,80807095,C810,33,0,0,1,0.0,32,32.0,0.0
2026-02-19,80804706,A672,63,0,0,4,0.0,59,59.0,0.0
2026-02-19,21165946,A668,52,0,0,0,0.0,52,52.0,0.0
2026-02-19,80807114,A680,124,0,0,0,0.0,124,124.0,0.0
2026-02-19,80864469,A672,186,0,0,13,0.0,173,173.0,0.0
2026-02-19,80804705,A672,270,0,0,7,0.0,263,263.0,0.0
2026-02-19,80863646,0386,4,0,0,0,0.0,4,4.0,0.0
2026-02-19,21425098,0386,4137,0,0,0,0.0,4137,4137.0,0.0
2026-02-19,21170683,A716,50,0,0,1,0.0,49,49.0,0.0
2026-02-19,21431638,0386,1,0,0,0,0.0,1,1.0,0.0
2026-02-19,80848022,A715,271,0,0,0,0.0,271,271.0,0.0
2026-02-19,21315352,E569,8,0,0,1,0.0,7,7.0,0.0
2026-02-19,80848027,A715,83,0,0,1,0.0,82,82.0,0.0
2026-02-19,80807097,A715,48,0,0,0,0.0,48,48.0,0.0
2026-02-19,80812841,E564,73,0,0,8,0.0,65,65.0,0.0
2026-02-19,21142556,0386,2,0,0,0,1.0,1,1.0,0.0
2026-02-19,21428668,A672,193,0,0,19,0.0,174,174.0,0.0
2026-02-19,21143103,A668,99,0,0,3,0.0,96,96.0,0.0
2026-02-19,80804706,C810,178,0,0,0,0.0,178,178.0,0.0
2026-02-19,80805856,D767,31,0,0,5,0.0,26,26.0,0.0
2026-02-19,80807093,A673,105,0,0,1,0.0,104,104.0,0.0
2026-02-19,21165868,A668,95,0,0,1,0.0,94,94.0,0.0
2026-02-19,80807115,E564,196,0,0,11,0.0,185,185.0,0.0
2026-02-19,80864469,C810,280,0,0,9,0.0,271,271.0,0.0
2026-02-19,80804705,C810,364,0,0,0,16.0,348,348.0,0.0
2026-02-19,21141769,E569,14,0,0,1,0.0,13,13.0,0.0
2026-02-19,80851898,A672,1098,0,0,11,0.0,1087,1087.0,0.0
2026-02-19,21357275,E569,1,0,0,0,0.0,1,1.0,0.0
2026-02-19,21121752,A715,4,0,0,0,0.0,4,4.0,0.0
2026-02-19,21132758,E569,9,0,0,1,0.0,8,8.0,0.0
2026-02-19,21143102,A716,145,0,0,3,0.0,142,142.0,0.0
2026-02-19,21170683,D901,53,0,0,9,0.0,44,44.0,0.0
2026-02-19,21128377,A715,115,0,0,0,0.0,115,115.0,0.0
2026-02-19,80796091,A680,110,0,0,1,0.0,109,109.0,0.0
2026-02-19,21366842,C816,55,0,0,0,0.0,55,55.0,0.0
2026-02-19,21132988,C816,527,0,0,13,14.0,500,500.0,0.0
2026-02-19,80804132,E569,22,0,0,1,0.0,21,21.0,0.0
2026-02-19,80812840,C819,5,0,0,1,0.0,4,4.0,0.0
2026-02-19,21132988,D191,0,0,12,1,0.0,11,11.0,0.0
2026-02-19,21143110,C937,2,0,0,0,0.0,2,2.0,0.0
2026-02-19,80807116,A668,776,0,0,11,0.0,765,765.0,0.0
2026-02-19,80852695,A715,2,0,0,0,0.0,2,2.0,0.0
2026-02-19,80807115,D901,171,0,0,5,0.0,166,166.0,0.0
2026-02-19,80812110,A672,92,0,0,1,0.0,91,91.0,0.0
2026-02-19,21121751,0386,27,0,0,0,0.0,27,27.0,0.0
2026-02-19,21128067,A680,97,0,0,3,0.0,94,94.0,0.0
2026-02-19,21155895,A672,351,0,0,8,0.0,343,343.0,0.0
2026-02-19,80884846,A672,22,0,0,0,0.0,22,22.0,0.0
2026-02-19,21143102,D901,58,0,0,4,0.0,54,54.0,0.0
2026-02-19,80807118,E569,23,0,0,2,0.0,21,21.0,0.0
2026-02-19,80793615,C937,6,0,0,0,0.0,6,6.0,0.0
2026-02-19,21170686,A715,16,0,0,0,0.0,16,16.0,0.0
2026-02-19,21179704,E556,12,0,0,2,0.0,10,10.0,0.0
2026-02-19,80864470,C937,9,0,0,2,0.0,7,7.0,0.0
2026-02-19,80840975,C937,3,0,0,0,0.0,3,3.0,0.0
2026-02-19,80884850,A680,105,0,0,3,0.0,102,102.0,0.0
2026-02-19,80804704,C816,5028,0,0,10,140.0,4878,4878.0,0.0
2026-02-19,21171453,D767,5,0,0,0,0.0,5,5.0,0.0
2026-02-19,80804704,D191,0,0,16,2,0.0,14,14.0,0.0
2026-02-19,21132988,E568,18,0,0,0,0.0,18,18.0,0.0
2026-02-19,21155895,C810,20,0,0,0,2.0,18,18.0,0.0
2026-02-19,21255844,A668,101,0,0,1,0.0,100,100.0,0.0
2026-02-19,80807091,C816,1103,0,0,1,24.0,1078,1078.0,0.0
2026-02-19,21127730,A680,333,0,0,4,0.0,329,329.0,0.0
2026-02-19,80863643,0386,2,0,0,0,0.0,2,2.0,0.0
2026-02-19,80807097,C816,259,0,0,3,2.0,254,254.0,0.0
2026-02-19,80791223,A680,14,0,0,0,0.0,14,14.0,0.0
2026-02-19,80804137,A716,71,0,19,0,0.0,90,90.0,0.0
2026-02-19,80884845,0386,2,0,0,0,0.0,2,2.0,0.0
2026-02-19,80868100,C937,4,0,0,0,0.0,4,4.0,0.0
2026-02-19,21434954,A672,646,0,0,8,0.0,638,638.0,0.0
2026-02-19,21314593,E556,46,0,0,3,0.0,43,43.0,0.0
2026-02-19,21442897,A716,589,0,0,6,0.0,583,583.0,0.0
2026-02-19,80848023,C937,72,0,0,4,0.0,68,68.0,0.0
2026-02-19,80793615,0386,3,0,0,0,0.0,3,3.0,0.0
2026-02-19,21366842,A673,235,0,0,0,0.0,235,235.0,0.0
2026-02-19,21301637,A715,47,0,0,0,0.0,47,47.0,0.0
2026-02-19,80807090,A672,68,0,0,0,0.0,68,68.0,0.0
2026-02-19,80807100,C937,4,0,0,0,0.0,4,4.0,0.0
2026-02-19,80868101,C937,4,0,0,0,0.0,4,4.0,0.0
2026-02-19,21121752,C816,67,0,318,8,0.0,377,377.0,0.0
2026-02-19,80793614,A668,9,0,0,0,0.0,9,9.0,0.0
2026-02-19,80795933,A715,7,0,0,0,0.0,7,7.0,0.0
2026-02-19,80804703,A715,450,0,0,1,0.0,449,449.0,0.0
2026-02-19,21325292,D767,34,0,0,3,0.0,31,31.0,0.0
2026-02-19,80807090,C810,45,0,0,0,0.0,45,45.0,0.0
2026-02-19,80804128,E569,13,0,0,2,0.0,11,11.0,0.0
2026-02-19,80807116,C563,15,0,13,1,0.0,27,27.0,0.0
2026-02-19,80804134,A668,418,0,0,17,0.0,401,401.0,0.0
2026-02-19,80807122,C816,505,0,0,1,12.0,492,492.0,0.0
2026-02-19,21315474,E569,10,0,0,0,0.0,10,10.0,0.0
2026-02-19,21303404,A673,854,0,0,23,0.0,831,831.0,0.0
2026-02-19,80804704,A673,766,0,0,17,0.0,749,749.0,0.0
2026-02-19,80868101,0386,2,0,0,0,0.0,2,2.0,0.0
2026-02-19,80885920,A715,346,0,0,4,0.0,342,342.0,0.0
2026-02-19,80804702,A715,63,0,0,0,0.0,63,63.0,0.0
2026-02-19,80807105,E556,5,0,0,2,0.0,3,3.0,0.0
2026-02-19,80807091,A673,199,0,0,9,25.0,165,165.0,0.0
2026-02-19,21422791,A716,19,0,0,0,0.0,19,19.0,0.0
2026-02-19,21291975,A672,191,0,0,1,0.0,190,190.0,0.0
2026-02-19,80848027,A673,147,0,0,0,6.0,141,141.0,0.0
2026-02-19,80807097,A673,154,0,0,1,21.0,132,132.0,0.0
2026-02-19,80884848,C816,232,0,0,2,0.0,230,230.0,0.0
2026-02-19,21275914,0386,162,0,0,0,0.0,162,162.0,0.0
2026-02-19,21314876,E568,4,0,0,0,0.0,4,4.0,0.0
2026-02-19,21419500,A716,69,0,0,1,0.0,68,68.0,0.0
2026-02-19,80804130,A716,36,0,2,0,0.0,38,38.0,0.0
2026-02-19,80804136,A672,864,0,0,30,0.0,834,834.0,0.0
2026-02-19,80848025,A672,1524,0,0,9,0.0,1515,1515.0,0.0
2026-02-19,80805852,A672,36,0,0,1,0.0,35,35.0,0.0
2026-02-19,21113405,C816,381,0,0,3,0.0,378,378.0,0.0
2026-02-19,21121752,A673,58,0,0,4,0.0,54,54.0,0.0
2026-02-19,80805850,E564,3,0,0,0,0.0,3,3.0,0.0
2026-02-19,21419485,A680,121,0,0,20,0.0,101,101.0,0.0
2026-02-19,21171453,C816,56,0,0,2,0.0,54,54.0,0.0
2026-02-19,80807093,A668,6,0,0,0,0.0,6,6.0,0.0
2026-02-19,80812840,A680,320,0,0,4,0.0,316,316.0,0.0
2026-02-19,21314602,A680,83,0,0,3,0.0,80,80.0,0.0
2026-02-19,80848025,C810,54,0,0,1,5.0,48,48.0,0.0
2026-02-19,80804136,C810,121,0,0,5,0.0,116,116.0,0.0
2026-02-19,21118867,A716,26,0,0,0,0.0,26,26.0,0.0
2026-02-19,80807122,A673,81,0,0,3,0.0,78,78.0,0.0
2026-02-19,80812839,C937,2,0,0,1,0.0,1,1.0,0.0
2026-02-19,21128377,A673,912,0,0,16,42.0,854,854.0,0.0
2026-02-19,21315350,C819,6,0,0,0,0.0,6,6.0,0.0
2026-02-19,21472283,A672,102,0,0,0,0.0,102,102.0,0.0
2026-02-19,80804130,D901,3,0,0,0,0.0,3,3.0,0.0
2026-02-19,80848029,A672,984,0,0,11,0.0,973,973.0,0.0
2026-02-19,80807120,A716,75,0,0,0,0.0,75,75.0,0.0
2026-02-19,21113405,E568,8,0,0,0,0.0,8,8.0,0.0
2026-02-19,80804706,0386,1,0,0,0,0.0,1,1.0,0.0
2026-02-19,80848021,D901,77,0,0,11,0.0,66,66.0,0.0
2026-02-19,80807105,A715,76,0,0,1,0.0,75,75.0,0.0
2026-02-19,80864469,0386,1,0,0,0,0.0,1,1.0,0.0
2026-02-19,80807115,E569,49,0,0,7,0.0,42,42.0,0.0
2026-02-19,80804705,0386,1,0,0,0,0.0,1,1.0,0.0
2026-02-19,21377504,A715,50,0,0,0,0.0,50,50.0,0.0
2026-02-19,80804699,A716,98,0,0,0,0.0,98,98.0,0.0
2026-02-19,80804701,A716,819,0,0,0,0.0,819,819.0,0.0
2026-02-19,21139445,C937,12,0,0,1,0.0,11,11.0,0.0
2026-02-19,80807114,A715,111,0,0,0,0.0,111,111.0,0.0
2026-02-19,21325292,C816,277,0,0,20,0.0,257,257.0,0.0
2026-02-19,21148509,E556,30,0,0,1,0.0,29,29.0,0.0
2026-02-19,80848029,C810,20,0,0,0,0.0,20,20.0,0.0
2026-02-19,21416910,A672,441,0,0,0,0.0,441,441.0,0.0
2026-02-19,21143102,E569,6,0,0,0,0.0,6,6.0,0.0
2026-02-19,21113405,A673,561,0,0,4,0.0,557,557.0,0.0
2026-02-19,80805856,A672,819,0,0,38,0.0,781,781.0,0.0
2026-02-19,80804698,C819,9,0,0,1,0.0,8,8.0,0.0
2026-02-19,80885921,C816,133,0,0,10,0.0,123,123.0,0.0
2026-02-19,21128067,E556,5,0,0,1,0.0,4,4.0,0.0
2026-02-19,80804702,C816,406,0,0,2,9.0,395,395.0,0.0
2026-02-19,80863645,C816,349,0,0,0,0.0,349,349.0,0.0
2026-02-19,80807120,D901,70,0,0,4,0.0,66,66.0,0.0
2026-02-19,21352461,A672,580,0,0,6,0.0,574,574.0,0.0
2026-02-19,80807119,D767,13,0,0,1,0.0,12,12.0,0.0
2026-02-19,80812103,C816,97,0,0,0,0.0,97,97.0,0.0
2026-02-19,21301637,A673,2042,0,0,112,0.0,1930,1930.0,0.0
2026-02-19,80795932,C816,255,0,0,1,0.0,254,254.0,0.0
2026-02-19,21103371,A716,96,0,8,12,0.0,92,92.0,0.0
2026-02-19,80838165,A716,52,0,0,0,0.0,52,52.0,0.0
2026-02-19,21325292,E568,16,0,0,1,0.0,15,15.0,0.0
2026-02-19,80857738,A673,9,0,0,0,0.0,9,9.0,0.0
2026-02-19,21121756,C937,1,0,3,0,0.0,4,4.0,0.0
2026-02-19,80848022,A672,679,0,766,6,0.0,1439,1439.0,0.0
2026-02-19,21352461,C810,13,0,0,1,0.0,12,12.0,0.0
2026-02-19,80812338,A680,74,0,0,0,0.0,74,74.0,0.0
2026-02-19,80804137,C819,24,0,0,0,0.0,24,24.0,0.0
2026-02-19,21314875,A672,115,0,0,5,0.0,110,110.0,0.0
2026-02-19,80807113,C816,1705,0,0,3,23.0,1679,1679.0,0.0
2026-02-19,80807096,A716,57,0,0,0,0.0,57,57.0,0.0
2026-02-19,80796091,A715,167,0,0,0,0.0,167,167.0,0.0
2026-02-19,21377091,C816,177,0,0,0,0.0,177,177.0,0.0
2026-02-19,80848022,C810,114,0,0,0,13.0,101,101.0,0.0
2026-02-19,21325292,A673,548,0,0,12,35.0,501,501.0,0.0
2026-02-19,80807117,C816,179,0,0,0,17.0,162,162.0,0.0
2026-02-19,21155895,0386,1,0,0,0,0.0,1,1.0,0.0
2026-02-19,80804135,A716,255,0,0,1,0.0,254,254.0,0.0
2026-02-19,21133493,E556,12,0,0,2,0.0,10,10.0,0.0
2026-02-19,80884846,0386,1,0,0,0,0.0,1,1.0,0.0
2026-02-19,21434954,C937,4,0,0,0,0.0,4,4.0,0.0
2026-02-19,80807102,C819,4,0,0,0,0.0,4,4.0,0.0
2026-02-19,80885921,A673,299,0,0,16,0.0,283,283.0,0.0
2026-02-19,21128067,A715,189,0,0,0,0.0,189,189.0,0.0
2026-02-19,80804702,A673,29,0,0,3,0.0,26,26.0,0.0
2026-02-19,80807105,C816,545,0,0,10,22.0,513,513.0,0.0
2026-02-19,21304907,A680,30,0,0,0,0.0,30,30.0,0.0
2026-02-19,80884850,A715,93,0,0,1,0.0,92,92.0,0.0
2026-02-19,80812103,A673,148,0,0,4,0.0,144,144.0,0.0
2026-02-19,80848026,A672,830,0,0,19,0.0,811,811.0,0.0
2026-02-19,80807110,E556,33,0,0,4,0.0,29,29.0,0.0
2026-02-19,21434954,0386,1,0,0,0,0.0,1,1.0,0.0
2026-02-19,80807091,A668,170,0,0,3,0.0,167,167.0,0.0
2026-02-19,80848027,A668,38,0,0,1,0.0,37,37.0,0.0
2026-02-19,21127730,A715,140,0,0,0,0.0,140,140.0,0.0
2026-02-19,80807097,A668,46,0,0,0,0.0,46,46.0,0.0
2026-02-19,80791223,A715,16,0,0,0,0.0,16,16.0,0.0
2026-02-19,21315350,A680,194,0,115,13,0.0,296,296.0,0.0
2026-02-19,21121751,D901,14,0,0,1,0.0,13,13.0,0.0
2026-02-19,80804127,E568,1,0,0,0,0.0,1,1.0,0.0
2026-02-19,80807113,A673,147,0,708,4,74.0,777,777.0,0.0
2026-02-19,80848026,C810,334,0,225,9,12.0,538,538.0,0.0
2026-02-19,21314594,A716,48,0,0,0,0.0,48,48.0,0.0
2026-02-19,80807117,A673,99,0,0,1,0.0,98,98.0,0.0
2026-02-19,21121752,A668,9,0,0,0,0.0,9,9.0,0.0
2026-02-19,21422791,E569,1,0,0,0,0.0,1,1.0,0.0
2026-02-19,21127730,E295,172,0,0,26,0.0,146,146.0,0.0
2026-02-19,80804136,C937,31,0,2,1,0.0,32,32.0,0.0
2026-02-19,80812840,E556,44,0,0,6,0.0,38,38.0,0.0
2026-02-19,21132988,C937,21,0,0,1,0.0,20,20.0,0.0
2026-02-19,21307836,C816,2341,0,0,8,23.0,2310,2310.0,0.0
2026-02-19,80804130,E569,4,0,0,1,0.0,3,3.0,0.0
2026-02-19,80807105,A673,841,0,0,8,44.0,789,789.0,0.0
2026-02-19,80807122,A668,12,0,0,0,0.0,12,12.0,0.0
2026-02-19,21325164,E568,5,0,0,0,0.0,5,5.0,0.0
2026-02-19,21118867,C819,5,0,0,0,0.0,5,5.0,0.0
2026-02-19,21128377,A668,337,0,0,1,0.0,336,336.0,0.0
2026-02-19,80807105,E467,13,0,0,0,0.0,13,13.0,0.0
2026-02-19,80807100,E564,67,0,0,0,0.0,67,67.0,0.0
2026-02-19,80885919,A680,69,0,0,2,0.0,67,67.0,0.0
2026-02-19,80804698,A680,21,0,0,2,0.0,19,19.0,0.0
2026-02-19,80838162,C816,161,0,0,0,0.0,161,161.0,0.0
2026-02-19,21447518,A680,10,0,0,1,0.0,9,9.0,0.0
2026-02-19,80804703,A672,80,0,0,4,0.0,76,76.0,0.0
2026-02-19,21165946,A716,126,0,0,1,0.0,125,125.0,0.0
2026-02-19,21419490,A672,481,0,0,9,0.0,472,472.0,0.0
2026-02-19,80848025,0386,1,0,0,0,0.0,1,1.0,0.0
2026-02-19,21098519,A672,772,0,0,13,0.0,759,759.0,0.0
2026-02-19,80804136,0386,1,2541,0,0,2541.0,1,1.0,0.0
2026-02-19,80807119,E568,5,0,0,0,0.0,5,5.0,0.0
2026-02-19,21137866,C819,36,0,0,0,0.0,36,36.0,0.0
2026-02-19,21179704,A672,308,0,0,0,0.0,308,308.0,0.0
2026-02-19,21170686,A668,44,0,0,1,0.0,43,43.0,0.0
2026-02-19,80848029,C937,34,0,0,0,0.0,34,34.0,0.0
2026-02-19,80885920,A672,179,0,0,18,0.0,161,161.0,0.0
2026-02-19,80807120,E569,19,0,0,0,0.0,19,19.0,0.0
2026-02-19,80891759,C810,2,0,0,0,0.0,2,2.0,0.0
2026-02-19,80804703,C810,390,0,0,4,0.0,386,386.0,0.0
2026-02-19,21143103,A716,104,0,0,4,0.0,100,100.0,0.0
2026-02-19,80812846,A672,2248,0,0,16,0.0,2232,2232.0,0.0
2026-02-19,21165868,A716,21,0,0,0,0.0,21,21.0,0.0
2026-02-19,21098519,C810,192,0,0,14,4.0,174,174.0,0.0
2026-02-19,21419485,A715,529,0,0,5,0.0,524,524.0,0.0
2026-02-19,21132758,D767,16,0,0,3,0.0,13,13.0,0.0
2026-02-19,80804699,E569,4,0,0,0,0.0,4,4.0,0.0
2026-02-19,80807095,E564,93,0,0,8,0.0,85,85.0,0.0
2026-02-19,80804129,D767,13,0,0,0,0.0,13,13.0,0.0
2026-02-19,21314593,A672,1649,0,1,15,0.0,1635,1635.0,0.0
2026-02-19,21307836,A673,117,0,0,14,0.0,103,103.0,0.0
2026-02-19,80812840,A715,323,0,0,2,0.0,321,321.0,0.0
2026-02-19,21314602,A715,255,0,0,8,0.0,247,247.0,0.0
2026-02-19,21472283,0386,1,0,0,0,0.0,1,1.0,0.0
2026-02-19,80805856,C937,7,0,21,3,0.0,25,25.0,0.0
2026-02-19,21176384,A680,15,0,0,0,0.0,15,15.0,0.0
2026-02-19,21301637,A668,198,0,0,0,0.0,198,198.0,0.0
2026-02-19,80796091,A673,472,0,0,3,0.0,469,469.0,0.0
2026-02-19,21137621,A672,2003,0,0,30,0.0,1973,1973.0,0.0
2026-02-19,21127800,A672,693,0,0,27,0.0,666,666.0,0.0
2026-02-19,80807102,A680,275,0,0,1,0.0,274,274.0,0.0
2026-02-19,80857738,A668,2,0,0,0,0.0,2,2.0,0.0
2026-02-19,80812846,C810,40,0,0,0,0.0,40,40.0,0.0
2026-02-19,80838162,A673,621,0,0,0,0.0,621,621.0,0.0
2026-02-19,21103372,A680,227,0,0,7,0.0,220,220.0,0.0
2026-02-19,80804132,D767,51,0,0,1,0.0,50,50.0,0.0
2026-02-19,80840976,D901,30,0,0,1,0.0,29,29.0,0.0
2026-02-19,80795933,A668,54,0,0,0,0.0,54,54.0,0.0
2026-02-19,21143103,D901,28,0,0,3,0.0,25,25.0,0.0
2026-02-19,21314876,C937,1,0,2,0,0.0,3,3.0,0.0
2026-02-19,21314593,C810,68,0,4,1,3.0,68,68.0,0.0
2026-02-19,80804706,E564,3,0,0,1,0.0,2,2.0,0.0
2026-02-19,80812338,E556,4,0,0,0,0.0,4,4.0,0.0
2026-02-19,80804133,C819,44,0,0,2,0.0,42,42.0,0.0
2026-02-19,21165868,D901,5,0,0,0,0.0,5,5.0,0.0
2026-02-19,21128067,A673,365,0,0,7,29.0,329,329.0,0.0
2026-02-19,80807116,A716,119,0,181,3,0.0,297,297.0,0.0
2026-02-19,80804705,E564,54,0,0,8,0.0,46,46.0,0.0
2026-02-19,21416910,0386,1909,0,0,0,0.0,1909,1909.0,0.0
2026-02-19,80805856,0386,1223,0,0,0,98.0,1125,1125.0,0.0
2026-02-19,80838165,E569,4,0,0,0,0.0,4,4.0,0.0
2026-02-19,80807095,D901,193,0,0,0,0.0,193,193.0,0.0
2026-02-19,21352461,0386,4,0,0,0,0.0,4,4.0,0.0
2026-02-19,80831843,A715,347,0,0,0,0.0,347,347.0,0.0
2026-02-19,21354246,D767,7,0,0,0,0.0,7,7.0,0.0
2026-02-19,80804702,A668,15,0,0,2,0.0,13,13.0,0.0
2026-02-19,21314876,0386,165,0,0,0,0.0,165,165.0,0.0
2026-02-19,80807096,E569,2,0,0,1,0.0,1,1.0,0.0
2026-02-19,80804706,D901,18,0,0,2,0.0,16,16.0,0.0
2026-02-19,80848022,0386,1,0,0,0,0.0,1,1.0,0.0
2026-02-19,80807116,D901,225,0,0,15,0.0,210,210.0,0.0
2026-02-19,21132752,A672,823,0,0,33,0.0,790,790.0,0.0
2026-02-19,21118867,A680,16,0,0,0,0.0,16,16.0,0.0
2026-02-19,21419485,C816,1658,0,0,8,60.0,1590,1590.0,0.0
2026-02-19,80812338,A715,6,0,0,0,0.0,6,6.0,0.0
2026-02-19,80807113,A668,200,0,0,8,0.0,192,192.0,0.0
2026-02-19,80848026,C937,83,0,68,2,0.0,149,149.0,0.0
2026-02-19,80793614,A716,2,0,0,0,0.0,2,2.0,0.0
2026-02-19,80838163,A680,3,0,0,0,0.0,3,3.0,0.0
2026-02-19,80804128,D767,8,0,0,0,0.0,8,8.0,0.0
2026-02-19,80807117,A668,4,0,0,0,0.0,4,4.0,0.0
2026-02-19,80807092,A672,922,0,0,3,0.0,919,919.0,0.0
2026-02-19,21315474,D767,41,0,0,3,0.0,38,38.0,0.0
2026-02-19,21155895,E564,8,0,0,0,0.0,8,8.0,0.0
2026-02-19,80804129,C816,365,0,0,3,0.0,362,362.0,0.0
2026-02-19,80804134,A716,177,0,0,4,0.0,173,173.0,0.0
2026-02-19,21137866,A680,372,0,0,4,0.0,368,368.0,0.0
2026-02-19,80807105,A668,310,0,0,9,0.0,301,301.0,0.0
2026-02-19,21314595,C937,4,0,0,0,0.0,4,4.0,0.0
2026-02-19,21304907,A715,107,0,0,0,0.0,107,107.0,0.0
2026-02-19,80848024,C816,249,0,0,0,0.0,249,249.0,0.0
2026-02-19,21377504,A668,62,0,0,1,0.0,61,61.0,0.0
2026-02-19,80807092,C810,6,0,49,0,5.0,50,50.0,0.0
2026-02-19,80848026,0386,1,0,0,0,0.0,1,1.0,0.0
2026-02-19,80804698,E556,10,0,0,1,0.0,9,9.0,0.0
2026-02-19,21143110,C819,4,0,0,0,0.0,4,4.0,0.0
2026-02-19,80807112,A672,1281,0,0,8,0.0,1273,1273.0,0.0
2026-02-19,21148509,A672,1164,0,0,0,0.0,1164,1164.0,0.0
2026-02-19,80807114,A668,98,0,0,1,0.0,97,97.0,0.0
2026-02-19,80807089,C819,2,0,0,0,0.0,2,2.0,0.0
2026-02-19,80812099,A672,91,0,0,1,0.0,90,90.0,0.0
2026-02-19,80863645,C937,4,0,0,0,0.0,4,4.0,0.0
2026-02-19,21151196,E295,222,0,0,19,0.0,203,203.0,0.0
2026-02-19,80804129,E568,7,0,0,0,0.0,7,7.0,0.0
2026-02-19,21434952,C937,3,0,0,0,0.0,3,3.0,0.0
2026-02-19,80807090,E564,12,0,0,1,0.0,11,11.0,0.0
2026-02-19,21419485,A673,429,0,54,58,0.0,425,425.0,0.0
2026-02-19,21155895,D901,70,0,0,9,0.0,61,61.0,0.0
2026-02-19,80804134,D901,14,0,0,2,0.0,12,12.0,0.0
2026-02-19,80807090,A716,15,0,0,0,0.0,15,15.0,0.0
2026-02-19,80812103,C937,2,0,0,0,0.0,2,2.0,0.0
2026-02-19,80807112,C810,69,0,0,0,9.0,60,60.0,0.0
2026-02-19,21315350,A715,89,0,0,2,0.0,87,87.0,0.0
2026-02-19,21148509,C810,56,0,0,1,18.0,37,37.0,0.0
2026-02-19,80795932,C937,3,0,0,0,0.0,3,3.0,0.0
2026-02-19,80840975,C819,6,0,0,0,0.0,6,6.0,0.0
2026-02-19,80864470,C819,4,0,0,1,0.0,3,3.0,0.0
2026-02-19,21354246,C816,90,0,0,2,0.0,88,88.0,0.0
2026-02-19,21103371,A680,237,0,0,18,0.0,219,219.0,0.0
2026-02-19,80804132,E568,7,0,0,1,0.0,6,6.0,0.0
2026-02-19,80807093,A716,265,0,0,0,0.0,265,265.0,0.0
2026-02-19,80804137,E556,21,0,0,2,0.0,19,19.0,0.0
2026-02-19,21170683,D767,5,0,0,0,0.0,5,5.0,0.0
2026-02-19,21098519,C937,38,0,1,0,0.0,39,39.0,0.0
2026-02-19,80804133,A680,347,0,0,3,0.0,344,344.0,0.0
2026-02-19,21170691,C816,63,0,0,0,0.0,63,63.0,0.0
2026-02-19,21307836,A668,36,0,0,5,0.0,31,31.0,0.0
2026-02-19,80812154,C819,4,0,0,0,0.0,4,4.0,0.0
2026-02-19,80812841,D767,49,0,0,7,0.0,42,42.0,0.0
2026-02-19,21357021,C816,222,0,0,0,0.0,222,222.0,0.0
2026-02-19,80840976,E569,12,0,0,1,0.0,11,11.0,0.0
2026-02-19,80796091,A668,63,0,0,1,0.0,62,62.0,0.0
2026-02-19,80807090,D901,3,0,0,0,0.0,3,3.0,0.0
2026-02-19,21143103,E569,3,0,0,0,0.0,3,3.0,0.0
2026-02-19,80807115,D767,50,0,0,7,0.0,43,43.0,0.0
2026-02-19,80807102,E556,12,0,0,1,0.0,11,11.0,0.0
2026-02-19,21354246,E568,2,0,0,0,0.0,2,2.0,0.0
2026-02-19,80804698,A715,50,0,0,0,0.0,50,50.0,0.0
2026-02-19,80885919,A715,20,0,0,1,0.0,19,19.0,0.0
2026-02-19,21165868,E569,5,0,0,0,0.0,5,5.0,0.0
2026-02-19,21103372,E556,64,0,0,7,0.0,57,57.0,0.0
2026-02-19,21133493,A672,1708,0,0,56,0.0,1652,1652.0,0.0
2026-02-19,21447518,A715,1,0,0,0,0.0,1,1.0,0.0
2026-02-19,80804127,C937,9,0,0,0,0.0,9,9.0,0.0
2026-02-19,80804138,A680,248,0,0,2,0.0,246,246.0,0.0
2026-02-19,21151196,C816,756,0,0,26,1.0,729,729.0,0.0
2026-02-19,21315352,A672,561,0,1,11,0.0,551,551.0,0.0
2026-02-19,21419490,0386,1,0,0,0,0.0,1,1.0,0.0
2026-02-19,21098519,0386,1,0,0,0,0.0,1,1.0,0.0
2026-02-19,21151196,D191,0,0,13,0,0.0,13,13.0,0.0
2026-02-19,80807093,D901,9,0,0,0,0.0,9,9.0,0.0
2026-02-19,21179704,0386,0,647,0,0,647.0,0,0.0,0.0
2026-02-19,80807095,E569,38,0,0,4,0.0,34,34.0,0.0
2026-02-19,21128067,A668,355,0,0,12,0.0,343,343.0,0.0
2026-02-19,80804136,E564,92,0,0,6,0.0,86,86.0,0.0
2026-02-19,21141769,A672,534,0,0,0,0.0,534,534.0,0.0
2026-02-19,21304907,C816,2189,0,0,1,4.0,2184,2184.0,0.0
2026-02-19,21315352,C810,4,0,0,0,0.0,4,4.0,0.0
2026-02-19,21132758,A672,1910,0,0,50,0.0,1860,1860.0,0.0
2026-02-19,80807110,A672,2337,0,0,14,0.0,2323,2323.0,0.0
2026-02-19,21325164,C937,0,0,9,1,0.0,8,8.0,0.0
2026-02-19,21442422,A680,81,0,0,20,0.0,61,61.0,0.0
2026-02-19,80807116,E569,53,0,0,0,0.0,53,53.0,0.0
2026-02-19,21141769,C810,23,0,1,0,0.0,24,24.0,0.0
2026-02-19,21127730,A668,1504,0,0,0,0.0,1504,1504.0,0.0
2026-02-19,21162696,C819,1,0,0,0,0.0,1,1.0,0.0
2026-02-19,80804128,E568,3,0,0,0,0.0,3,3.0,0.0
2026-02-19,21137621,0386,1,0,0,0,0.0,1,1.0,0.0
2026-02-19,80791223,A668,6,0,0,0,0.0,6,6.0,0.0
2026-02-19,21127800,0386,0,627,0,0,627.0,0,0.0,0.0
2026-02-19,21315474,E568,16,0,0,1,0.0,15,15.0,0.0
2026-02-19,21176384,A715,12,0,0,0,0.0,12,12.0,0.0
2026-02-19,21376841,C816,458,0,0,0,0.0,458,458.0,0.0
2026-02-19,80807110,C810,85,0,0,0,29.0,56,56.0,0.0
2026-02-19,80848025,D901,19,0,0,0,0.0,19,19.0,0.0
2026-02-19,80807102,A715,83,0,0,0,0.0,83,83.0,0.0
2026-02-19,80807119,C937,7,0,0,0,0.0,7,7.0,0.0
2026-02-19,21103372,A715,220,0,0,0,0.0,220,220.0,0.0
2026-02-19,80793613,C816,184,0,0,1,0.0,183,183.0,0.0
2026-02-19,21151196,A673,612,0,488,21,85.0,994,994.0,0.0
2026-02-19,21118867,E556,2,0,0,0,0.0,2,2.0,0.0
2026-02-19,80807118,A672,1439,0,0,9,0.0,1430,1430.0,0.0
2026-02-19,21143110,A680,310,0,0,4,0.0,306,306.0,0.0
2026-02-19,21255844,E569,6,0,0,1,0.0,5,5.0,0.0
2026-02-19,21314602,A672,535,0,0,6,0.0,529,529.0,0.0
2026-02-19,80812839,C819,10,0,0,1,0.0,9,9.0,0.0
2026-02-19,21133312,A680,90,0,0,1,0.0,89,89.0,0.0
2026-02-19,80807089,A680,99,0,0,2,0.0,97,97.0,0.0
2026-02-19,21304907,A673,45,0,0,3,0.0,42,42.0,0.0
2026-02-19,80805856,E564,78,0,0,6,0.0,72,72.0,0.0
2026-02-19,21118864,A672,102,0,0,1,0.0,101,101.0,0.0
2026-02-19,21128067,C563,12,0,4,2,0.0,14,14.0,0.0
2026-02-19,80812841,C816,431,0,0,21,18.0,392,392.0,0.0
2026-02-19,80823707,C816,4,0,0,0,0.0,4,4.0,0.0
2026-02-19,80807118,C810,2472,0,0,0,9.0,2463,2463.0,0.0
2026-02-19,21447518,C816,3395,0,0,0,1.0,3394,3394.0,0.0
2026-02-19,21137866,E556,23,0,0,2,0.0,21,21.0,0.0
2026-02-19,80864470,A680,269,0,0,18,0.0,251,251.0,0.0
2026-02-19,80840975,A680,226,0,0,0,0.0,226,226.0,0.0
2026-02-19,80804701,E556,13,0,0,1,0.0,12,12.0,0.0
2026-02-19,80838164,A716,199,0,0,0,0.0,199,199.0,0.0
2026-02-19,80807115,D191,5,0,0,0,0.0,5,5.0,0.0
2026-02-19,80807092,C937,10,0,0,0,0.0,10,10.0,0.0
2026-02-19,21132752,0386,1,0,0,0,0.0,1,1.0,0.0
2026-02-19,21315350,A673,841,0,0,17,12.0,812,812.0,0.0
2026-02-19,80807091,A716,95,0,0,0,0.0,95,95.0,0.0
2026-02-19,80831843,A672,475,0,0,0,0.0,475,475.0,0.0
2026-02-19,80804134,E569,3,0,0,3,0.0,0,0.0,0.0
2026-02-19,80848027,A716,11,0,0,0,0.0,11,11.0,0.0
2026-02-19,80807097,A716,15,0,13,0,0.0,28,28.0,0.0
2026-02-19,21127730,C563,0,0,55,0,0.0,55,55.0,0.0
2026-02-19,80848023,A680,356,0,0,12,0.0,344,344.0,0.0
2026-02-19,21314875,E564,16,0,0,0,0.0,16,16.0,0.0
2026-02-19,80812154,A680,84,0,0,1,0.0,83,83.0,0.0
2026-02-19,80793613,A673,321,0,0,3,8.0,310,310.0,0.0
2026-02-19,80812841,E568,10,0,0,0,0.0,10,10.0,0.0
2026-02-19,21419485,A668,118,0,0,3,0.0,115,115.0,0.0
2026-02-19,21118867,A715,22,0,0,0,0.0,22,22.0,0.0
2026-02-19,80807115,E568,4,0,0,0,0.0,4,4.0,0.0
2026-02-19,80812099,C937,3,0,0,0,0.0,3,3.0,0.0
2026-02-19,80812840,A668,579,0,0,13,0.0,566,566.0,0.0
2026-02-19,21121752,A716,13,0,0,0,0.0,13,13.0,0.0
2026-02-19,21121756,C819,3,0,0,1,0.0,2,2.0,0.0
2026-02-19,21165816,C816,64,0,0,1,0.0,63,63.0,0.0
2026-02-19,80848022,D901,118,0,0,0,0.0,118,118.0,0.0
2026-02-19,80848021,D767,3,0,0,0,0.0,3,3.0,0.0
2026-02-19,80823707,A673,17,0,0,0,0.0,17,17.0,0.0
2026-02-19,21103372,C816,467,0,0,24,0.0,443,443.0,0.0
2026-02-19,21447518,A673,10,0,3,1,0.0,12,12.0,0.0
2026-02-19,80807122,A716,101,0,0,0,0.0,101,101.0,0.0
2026-02-19,80807090,E569,3,0,0,0,0.0,3,3.0,0.0
2026-02-19,21128377,A716,93,0,20,2,0.0,111,111.0,0.0
2026-02-19,80848027,D901,18,0,0,0,0.0,18,18.0,0.0
2026-02-19,21137866,A715,306,0,298,6,0.0,598,598.0,0.0
2026-02-19,80868102,A672,832,0,0,6,0.0,826,826.0,0.0
2026-02-19,80852695,A716,4,0,0,0,0.0,4,4.0,0.0
2026-02-19,80812099,0386,1,0,0,0,1.0,0,0.0,0.0
2026-02-19,80804135,E556,44,0,0,0,0.0,44,44.0,0.0
2026-02-19,80807093,E569,1,0,0,0,0.0,1,1.0,0.0
2026-02-19,80812845,E295,91,0,0,2,0.0,89,89.0,0.0
2026-02-19,21162696,A680,15,0,0,0,0.0,15,15.0,0.0
2026-02-19,80868102,C810,2,0,0,0,0.0,2,2.0,0.0
2026-02-19,21170686,A716,12,0,0,0,0.0,12,12.0,0.0
2026-02-19,21128377,D901,95,0,0,7,0.0,88,88.0,0.0
2026-02-19,80804131,A680,369,0,0,0,0.0,369,369.0,0.0
2026-02-19,21269899,C819,4,0,0,0,0.0,4,4.0,0.0
2026-02-19,21170683,A672,274,0,0,4,0.0,270,270.0,0.0
2026-02-19,21103371,A715,124,0,0,12,0.0,112,112.0,0.0
2026-02-19,21291975,E569,7,0,0,0,0.0,7,7.0,0.0
2026-02-19,21165816,A673,131,0,0,4,0.0,127,127.0,0.0
2026-02-19,80807102,A673,810,0,0,4,48.0,758,758.0,0.0
2026-02-19,80804133,A715,96,0,0,2,0.0,94,94.0,0.0
2026-02-19,21103372,A673,888,0,0,0,47.0,841,841.0,0.0
2026-02-19,80812839,A680,132,0,0,7,0.0,125,125.0,0.0
2026-02-19,80848025,E569,19,0,0,1,0.0,18,18.0,0.0
2026-02-19,21301637,A716,38,0,0,0,0.0,38,38.0,0.0
2026-02-19,21357275,C937,4,0,0,0,0.0,4,4.0,0.0
2026-02-19,21314594,E556,21,0,0,3,0.0,18,18.0,0.0
2026-02-19,80805852,E569,3,0,0,0,0.0,3,3.0,0.0
2026-02-19,21170686,D901,5,0,0,0,0.0,5,5.0,0.0
2026-02-19,21132758,C937,14,0,20,2,0.0,32,32.0,0.0
2026-02-19,80804129,C937,13,0,0,0,0.0,13,13.0,0.0
2026-02-19,21315352,0386,1,3688,0,0,3688.0,1,1.0,0.0
2026-02-19,80804703,E564,3,0,0,0,0.0,3,3.0,0.0
2026-02-19,21143102,A672,413,0,0,0,0.0,413,413.0,0.0
2026-02-19,80795933,A716,15,0,0,0,0.0,15,15.0,0.0
2026-02-19,80838163,C816,5,0,0,0,0.0,5,5.0,0.0
2026-02-19,80812845,C816,294,0,0,3,13.0,278,278.0,0.0
2026-02-19,21151196,A668,451,0,214,19,0.0,646,646.0,0.0
2026-02-19,21098519,E564,9,0,0,1,0.0,8,8.0,0.0
2026-02-19,80804138,A715,252,0,0,0,0.0,252,252.0,0.0
2026-02-19,21139445,A680,68,0,0,5,0.0,63,63.0,0.0
2026-02-19,21179704,E564,4,0,0,0,0.0,4,4.0,0.0
2026-02-19,80804132,C937,67,0,0,3,0.0,64,64.0,0.0
2026-02-19,21132988,C819,37,0,0,1,0.0,36,36.0,0.0
2026-02-19,21421149,C816,377,0,0,3,0.0,374,374.0,0.0
2026-02-19,80848024,C937,3,0,0,0,0.0,3,3.0,0.0
2026-02-19,80807089,E556,17,0,0,1,0.0,16,16.0,0.0
2026-02-19,21132758,0386,1,0,0,0,0.0,1,1.0,0.0
2026-02-19,21304907,A668,14,0,0,0,0.0,14,14.0,0.0
2026-02-19,21143102,C810,0,0,2,0,0.0,2,2.0,0.0
2026-02-19,21301637,D901,42,0,0,0,0.0,42,42.0,0.0
2026-02-19,80848028,A680,486,0,0,8,0.0,478,478.0,0.0
2026-02-19,80812846,E564,36,0,0,2,0.0,34,34.0,0.0
2026-02-19,80805850,C816,43,0,0,0,0.0,43,43.0,0.0
2026-02-19,80804702,A716,158,0,0,0,0.0,158,158.0,0.0
2026-02-19,21165946,E556,18,0,0,0,0.0,18,18.0,0.0
2026-02-19,80807118,C937,16,0,0,2,0.0,14,14.0,0.0
2026-02-19,21314593,E564,2,0,0,0,0.0,2,2.0,0.0
2026-02-19,80804703,D901,15,0,0,2,0.0,13,13.0,0.0
2026-02-19,21442422,A715,493,0,0,10,0.0,483,483.0,0.0
2026-02-19,21121751,D767,8,0,0,2,0.0,6,6.0,0.0
2026-02-19,21354246,C937,5,0,0,1,0.0,4,4.0,0.0
2026-02-19,80804704,C819,48,0,0,4,0.0,44,44.0,0.0
2026-02-19,21421148,A672,1362,0,0,17,0.0,1345,1345.0,0.0
2026-02-19,21121756,A680,46,0,0,1,0.0,45,45.0,0.0
2026-02-19,21315350,A668,173,0,0,6,0.0,167,167.0,0.0
2026-02-19,80807091,C819,5,0,0,0,0.0,5,5.0,0.0
2026-02-19,80838163,A673,3,0,0,0,0.0,3,3.0,0.0
2026-02-19,80807118,0386,3,0,0,0,0.0,3,3.0,0.0
2026-02-19,21170691,C937,5,0,0,0,0.0,5,5.0,0.0
2026-02-19,80804137,A672,1101,0,0,14,0.0,1087,1087.0,0.0
2026-02-19,80838164,E569,2,0,0,0,0.0,2,2.0,0.0
2026-02-19,80812845,A673,2113,0,0,8,89.0,2016,2016.0,0.0
2026-02-19,80793613,A668,44,0,0,0,0.0,44,44.0,0.0
2026-02-19,80812154,E556,22,0,0,2,0.0,20,20.0,0.0
2026-02-19,21442897,A672,160,0,0,23,0.0,137,137.0,0.0
2026-02-19,80812845,E467,30,0,0,1,0.0,29,29.0,0.0
2026-02-19,80804133,C816,730,0,0,8,24.0,698,698.0,0.0
2026-02-19,21118864,0386,4,0,0,0,0.0,4,4.0,0.0
2026-02-19,21143110,A715,88,0,0,1,0.0,87,87.0,0.0
2026-02-19,21314593,D901,28,0,0,1,0.0,27,27.0,0.0
2026-02-19,80848022,E569,34,0,0,3,0.0,31,31.0,0.0
2026-02-19,21133312,A715,91,0,0,0,0.0,91,91.0,0.0
2026-02-19,21121752,C819,17,0,0,1,0.0,16,16.0,0.0
2026-02-19,80807089,A715,152,0,0,0,0.0,152,152.0,0.0
2026-02-19,80863646,C816,188,0,0,1,0.0,187,187.0,0.0
2026-02-19,80804137,C810,36,0,17,0,11.0,42,42.0,0.0
2026-02-19,80885919,A668,53,0,0,2,0.0,51,51.0,0.0
2026-02-19,80804698,A668,24,0,0,3,0.0,21,21.0,0.0
2026-02-19,80805850,A673,89,0,0,0,0.0,89,89.0,0.0
2026-02-19,80804128,C937,15,0,0,0,0.0,15,15.0,0.0
2026-02-19,80807105,A716,75,0,0,0,0.0,75,75.0,0.0
2026-02-19,21142556,C816,139,0,0,12,0.0,127,127.0,0.0
2026-02-19,21447518,A668,4,0,0,0,0.0,4,4.0,0.0
2026-02-19,21315474,C937,17,0,0,0,0.0,17,17.0,0.0
2026-02-19,80807122,C819,1,0,0,0,0.0,1,1.0,0.0
2026-02-19,80804138,C816,155,0,0,1,7.0,147,147.0,0.0
2026-02-19,80864470,A715,127,0,0,6,0.0,121,121.0,0.0
2026-02-19,80840975,A715,174,0,0,0,0.0,174,174.0,0.0
2026-02-19,80807114,A716,45,0,0,0,0.0,45,45.0,0.0
2026-02-19,21143110,E295,118,0,0,0,0.0,118,118.0,0.0
2026-02-19,21128377,E569,6,0,0,0,0.0,6,6.0,0.0
2026-02-19,21422791,A672,32,0,0,0,0.0,32,32.0,0.0
2026-02-19,21162696,E556,10,0,0,3,0.0,7,7.0,0.0
2026-02-19,80848023,A715,210,0,108,3,0.0,315,315.0,0.0
2026-02-19,80812154,A715,214,0,0,4,0.0,210,210.0,0.0
2026-02-19,80804133,A673,1430,0,0,0,64.0,1366,1366.0,0.0
2026-02-19,21419500,A672,86,0,0,6,0.0,80,80.0,0.0
2026-02-19,80804130,A672,683,0,0,21,0.0,662,662.0,0.0
2026-02-19,80804133,E467,21,0,0,0,0.0,21,21.0,0.0
2026-02-19,21113405,C819,1,0,0,1,0.0,0,0.0,0.0
2026-02-19,80807092,E564,32,0,0,0,0.0,32,32.0,0.0
2026-02-19,80807114,D901,31,0,0,4,0.0,27,27.0,0.0
2026-02-19,21463645,A672,270,0,0,0,0.0,270,270.0,0.0
2026-02-19,80863646,A673,355,0,0,1,0.0,354,354.0,0.0
2026-02-19,21176384,A668,40,0,0,1,0.0,39,39.0,0.0
2026-02-19,21366842,A680,88,0,0,0,0.0,88,88.0,0.0
2026-02-19,21171453,C819,3,0,0,0,0.0,3,3.0,0.0
2026-02-19,80840976,D767,6,0,0,2,0.0,4,4.0,0.0
2026-02-19,21165816,A668,26,0,0,1,0.0,25,25.0,0.0
2026-02-19,80807102,A668,271,0,0,3,0.0,268,268.0,0.0
2026-02-19,21170686,E569,5,0,0,0,0.0,5,5.0,0.0
2026-02-19,21132988,A680,139,0,0,8,0.0,131,131.0,0.0
2026-02-19,80868102,0386,1,0,0,0,0.0,1,1.0,0.0
2026-02-19,21103372,A668,337,0,0,0,0.0,337,337.0,0.0
2026-02-19,80804130,C810,4,0,2,1,0.0,5,5.0,0.0
2026-02-19,21118867,A672,60,0,0,3,0.0,57,57.0,0.0
2026-02-19,80804138,A673,325,0,0,2,37.0,286,286.0,0.0
2026-02-19,80796091,A716,102,0,0,0,0.0,102,102.0,0.0
2026-02-19,21170683,C937,7,0,0,0,0.0,7,7.0,0.0
2026-02-19,80807112,E564,52,0,0,3,0.0,49,49.0,0.0
2026-02-19,21148509,E564,46,0,0,2,0.0,44,44.0,0.0
2026-02-19,80812099,E564,5,0,0,1,0.0,4,4.0,0.0
2026-02-19,80807095,D767,44,0,0,2,0.0,42,42.0,0.0
2026-02-19,21133312,C816,267,0,0,5,0.0,262,262.0,0.0
2026-02-19,80807120,A672,769,0,0,2,0.0,767,767.0,0.0
2026-02-19,80812841,C937,12,0,62,14,0.0,60,60.0,0.0
2026-02-19,21118867,C810,3,0,0,0,0.0,3,3.0,0.0
2026-02-19,21128067,A716,354,0,0,1,0.0,353,353.0,0.0
2026-02-19,80807115,C937,72,0,0,6,0.0,66,66.0,0.0
2026-02-19,80804704,A680,106,0,0,22,0.0,84,84.0,0.0
2026-02-19,80863643,C816,311,0,0,2,0.0,309,309.0,0.0
2026-02-19,21301637,E569,14,0,0,0,0.0,14,14.0,0.0
2026-02-19,21162696,A715,4,0,0,0,0.0,4,4.0,0.0
2026-02-19,80884845,C816,188,0,0,1,6.0,181,181.0,0.0
2026-02-19,80793615,C816,151,0,0,6,0.0,145,145.0,0.0
2026-02-19,80804699,A672,18,0,0,2,0.0,16,16.0,0.0
2026-02-19,80804701,A672,105,0,0,3,0.0,102,102.0,0.0
2026-02-19,80864470,C816,244,0,0,8,0.0,236,236.0,0.0
2026-02-19,21442422,A673,647,0,103,65,0.0,685,685.0,0.0
2026-02-19,80840975,C816,425,0,0,1,7.0,417,417.0,0.0
2026-02-19,80884850,A716,142,0,0,1,0.0,141,141.0,0.0
2026-02-19,80807120,C810,45,0,0,1,14.0,30,30.0,0.0
2026-02-19,21143102,C937,12,0,0,1,0.0,11,11.0,0.0
2026-02-19,80807091,A680,92,0,0,1,0.0,91,91.0,0.0
2026-02-19,80848028,E556,11,0,0,0,0.0,11,11.0,0.0
2026-02-19,80804131,A715,8,0,0,0,0.0,8,8.0,0.0
2026-02-19,21127799,E556,13,0,0,5,0.0,8,8.0,0.0
2026-02-19,80864469,D767,10,0,0,6,0.0,4,4.0,0.0
2026-02-19,80804705,D767,53,0,0,3,0.0,50,50.0,0.0
2026-02-19,80807112,D901,99,0,0,14,0.0,85,85.0,0.0
2026-02-19,21148509,D901,92,0,0,2,0.0,90,90.0,0.0
2026-02-19,21127730,A716,509,0,0,4,0.0,505,505.0,0.0
2026-02-19,80804699,C810,80,0,0,0,0.0,80,80.0,0.0
2026-02-19,80804701,C810,128,0,0,1,6.0,121,121.0,0.0
2026-02-19,21138340,C816,44,0,0,1,0.0,43,43.0,0.0
2026-02-19,80791223,A716,14,0,0,0,0.0,14,14.0,0.0
2026-02-19,21179704,E569,2,0,0,0,0.0,2,2.0,0.0
2026-02-19,80868100,C816,237,0,0,16,0.0,221,221.0,0.0
2026-02-19,21128067,D901,67,0,0,3,0.0,64,64.0,0.0
2026-02-19,80848023,C816,660,0,0,12,0.0,648,648.0,0.0
2026-02-19,80812839,A715,63,0,0,2,0.0,61,61.0,0.0
2026-02-19,80807100,C816,296,0,0,1,11.0,284,284.0,0.0
2026-02-19,21121756,E556,3,0,0,0,0.0,3,3.0,0.0
2026-02-19,21103371,A672,753,0,0,34,0.0,719,719.0,0.0
2026-02-19,80838165,A672,85,0,0,1,0.0,84,84.0,0.0
2026-02-19,80868101,C816,433,0,0,10,5.0,418,418.0,0.0
2026-02-19,21143110,A673,325,0,0,1,21.0,303,303.0,0.0
2026-02-19,21133312,A673,227,0,0,19,21.0,187,187.0,0.0
2026-02-19,21315352,E564,2,0,0,0,0.0,2,2.0,0.0
2026-02-19,80807122,A680,7,0,0,0,0.0,7,7.0,0.0
2026-02-19,80812845,A668,983,0,0,9,0.0,974,974.0,0.0
2026-02-19,21314593,E569,12,0,0,2,0.0,10,10.0,0.0
2026-02-19,80807113,C819,6,0,0,0,0.0,6,6.0,0.0
2026-02-19,80863643,A673,480,0,0,13,0.0,467,467.0,0.0
2026-02-19,80807096,A672,1908,0,0,9,0.0,1899,1899.0,0.0
2026-02-19,21127730,D901,15,0,0,2,0.0,13,13.0,0.0
2026-02-19,21141769,E564,39,0,0,5,0.0,34,34.0,0.0
2026-02-19,80793615,A673,460,0,0,23,0.0,437,437.0,0.0
2026-02-19,21275914,C816,191,0,0,0,2.0,189,189.0,0.0
2026-02-19,21139445,A715,282,0,0,2,0.0,280,280.0,0.0
2026-02-19,21103371,C810,79,0,237,7,4.0,305,305.0,0.0
2026-02-19,21137866,A668,719,0,0,18,0.0,701,701.0,0.0
2026-02-19,80864470,A673,865,0,0,17,0.0,848,848.0,0.0
2026-02-19,80840975,A673,200,0,0,1,0.0,199,199.0,0.0
2026-02-19,21132758,E564,22,0,0,0,0.0,22,22.0,0.0
2026-02-19,80804135,A672,693,0,0,3,0.0,690,690.0,0.0
2026-02-19,80848028,A715,476,0,0,2,0.0,474,474.0,0.0
2026-02-19,80807110,E564,76,0,0,6,0.0,70,70.0,0.0
2026-02-19,80884848,A680,16,0,0,1,0.0,15,15.0,0.0
2026-02-19,80807096,C810,1,0,0,0,1.0,0,0.0,0.0
2026-02-19,21421148,0386,1,0,0,0,0.0,1,1.0,0.0
2026-02-19,80884852,A680,10,0,0,2,0.0,8,8.0,0.0
2026-02-19,21155895,D767,3,0,0,0,0.0,3,3.0,0.0
2026-02-19,21113405,A680,52,0,0,1,0.0,51,51.0,0.0
2026-02-19,80868100,A673,61,0,0,3,0.0,58,58.0,0.0
2026-02-19,80848023,A673,992,0,0,14,194.0,784,784.0,0.0
2026-02-19,80804135,C810,1,0,0,0,0.0,1,1.0,0.0
2026-02-19,80807100,A673,635,0,0,7,36.0,592,592.0,0.0
2026-02-19,21171453,A680,44,0,0,2,0.0,42,42.0,0.0
2026-02-19,80840976,E568,4,0,0,0,0.0,4,4.0,0.0
2026-02-19,21121756,A715,56,0,0,1,0.0,55,55.0,0.0
2026-02-19,80868101,A673,80,0,1,6,0.0,75,75.0,0.0
2026-02-19,80804131,C816,351,0,0,0,0.0,351,351.0,0.0
2026-02-19,21419485,A716,177,0,210,2,0.0,385,385.0,0.0
2026-02-19,80807118,E564,35,0,0,1,0.0,34,34.0,0.0
2026-02-19,80807110,D901,263,0,0,14,0.0,249,249.0,0.0
2026-02-19,80807114,E569,15,0,0,0,0.0,15,15.0,0.0
2026-02-19,80864469,C816,1274,0,0,21,51.0,1202,1202.0,0.0
2026-02-19,80804133,A668,644,0,0,6,0.0,638,638.0,0.0
2026-02-19,80812840,A716,276,0,0,2,0.0,274,274.0,0.0
2026-02-19,80804705,C816,887,0,0,10,142.0,735,735.0,0.0
2026-02-19,80807095,E568,13,0,0,0,0.0,13,13.0,0.0
2026-02-19,80812839,C816,128,0,8,9,5.0,122,122.0,0.0
2026-02-19,80838161,C816,5,0,0,0,0.0,5,5.0,0.0
2026-02-19,21314594,A672,414,0,0,30,0.0,384,384.0,0.0
2026-02-19,80863646,A668,117,0,0,0,0.0,117,117.0,0.0
2026-02-19,21428668,C816,1230,0,0,23,84.0,1123,1123.0,0.0
2026-02-19,80807119,C819,8,0,0,0,0.0,8,8.0,0.0
2026-02-19,21137866,C563,17,0,27,2,0.0,42,42.0,0.0
2026-02-19,21132988,E556,18,0,0,1,0.0,17,17.0,0.0
2026-02-19,80804130,C937,5,0,0,1,0.0,4,4.0,0.0
2026-02-19,21314595,A680,76,0,0,2,0.0,74,74.0,0.0
2026-02-19,21325292,A680,201,0,0,6,0.0,195,195.0,0.0
2026-02-19,80851898,C816,210,0,0,8,0.0,202,202.0,0.0
2026-02-19,80804138,A668,152,0,0,0,0.0,152,152.0,0.0
2026-02-19,21314594,C810,14,0,0,0,0.0,14,14.0,0.0
2026-02-19,80848021,C937,2,0,0,0,0.0,2,2.0,0.0
2026-02-19,80864469,E568,6,0,0,1,0.0,5,5.0,0.0
2026-02-19,21269899,A715,456,0,0,0,0.0,456,456.0,0.0
2026-02-19,80885921,A680,64,0,0,3,0.0,61,61.0,0.0
2026-02-19,80804705,E568,8,0,0,0,0.0,8,8.0,0.0
2026-02-19,80863645,A680,230,0,0,0,0.0,230,230.0,0.0
2026-02-19,21422791,0386,2,0,0,0,0.0,2,2.0,0.0
2026-02-19,21118864,D901,1,0,0,0,0.0,1,1.0,0.0
2026-02-19,21434952,A680,206,0,0,9,0.0,197,197.0,0.0
2026-02-19,80804131,A673,535,0,0,0,0.0,535,535.0,0.0
2026-02-19,21165946,A672,1103,0,0,5,0.0,1098,1098.0,0.0
2026-02-19,80804704,E556,19,0,0,1,0.0,18,18.0,0.0
2026-02-19,80812103,A680,93,0,0,4,0.0,89,89.0,0.0
2026-02-19,80795932,A680,63,0,0,0,0.0,63,63.0,0.0
2026-02-19,80851898,E568,4,0,0,0,0.0,4,4.0,0.0
2026-02-19,21442422,A668,195,0,0,14,0.0,181,181.0,0.0
2026-02-19,80807112,E569,25,0,0,1,0.0,24,24.0,0.0
2026-02-19,21103371,C563,0,0,35,1,0.0,34,34.0,0.0
2026-02-19,21148509,E569,14,0,0,1,0.0,13,13.0,0.0
2026-02-19,80812110,C816,82,0,0,1,8.0,73,73.0,0.0
2026-02-19,21463645,0386,2,0,0,0,0.0,2,2.0,0.0
2026-02-19,80807091,E556,12,0,0,1,0.0,11,11.0,0.0
2026-02-19,21414747,A715,170,0,0,6,0.0,164,164.0,0.0
2026-02-19,80812839,A673,769,0,0,46,0.0,723,723.0,0.0
2026-02-19,80838161,A673,6,0,0,0,0.0,6,6.0,0.0
2026-02-19,80807097,E556,10,0,0,1,0.0,9,9.0,0.0
2026-02-19,21143103,A672,511,0,0,0,0.0,511,511.0,0.0
2026-02-19,80804136,D767,61,0,0,2,0.0,59,59.0,0.0
2026-02-19,80848025,D767,11,0,0,1,0.0,10,10.0,0.0
2026-02-19,21128067,E569,8,0,0,1,0.0,7,7.0,0.0
2026-02-19,21121756,C816,63,0,0,1,0.0,62,62.0,0.0
2026-02-19,21428668,A673,696,0,34,82,0.0,648,648.0,0.0
2026-02-19,80807113,A680,157,0,0,0,0.0,157,157.0,0.0
2026-02-19,21165868,A672,64,0,0,2,0.0,62,62.0,0.0
2026-02-19,80804699,C937,3,0,0,0,0.0,3,3.0,0.0
2026-02-19,80831843,D901,81,0,0,0,0.0,81,81.0,0.0
2026-02-19,21366842,A715,122,0,0,0,0.0,122,122.0,0.0
2026-02-19,21377091,A680,308,0,0,0,0.0,308,308.0,0.0
2026-02-19,21132988,A715,265,0,0,4,0.0,261,261.0,0.0
2026-02-19,80807117,A680,2,0,0,0,0.0,2,2.0,0.0
2026-02-19,21121752,E556,3,0,0,1,0.0,2,2.0,0.0
2026-02-19,80807120,0386,1,0,0,0,0.0,1,1.0,0.0
2026-02-19,21139445,A673,370,0,0,5,0.0,365,365.0,0.0
2026-02-19,21442896,C816,175,0,0,25,0.0,150,150.0,0.0
2026-02-19,21143110,A668,256,0,0,5,0.0,251,251.0,0.0
2026-02-19,21165868,C810,308,0,0,1,0.0,307,307.0,0.0
2026-02-19,80804127,A680,189,0,0,10,0.0,179,179.0,0.0
2026-02-19,80848031,C816,1173,0,0,3,11.0,1159,1159.0,0.0
2026-02-19,21133312,A668,140,0,0,4,0.0,136,136.0,0.0
2026-02-19,21151196,A716,132,0,0,8,0.0,124,124.0,0.0
2026-02-19,80807089,A668,100,0,0,4,0.0,96,96.0,0.0
2026-02-19,21155895,E568,1,0,0,0,0.0,1,1.0,0.0
2026-02-19,21434954,C816,332,0,0,6,0.0,326,326.0,0.0
2026-02-19,80848029,D767,12,0,0,2,0.0,10,10.0,0.0
2026-02-19,80804701,0386,1,0,0,0,0.0,1,1.0,0.0
2026-02-19,80848028,E467,5,0,0,0,0.0,5,5.0,0.0
2026-02-19,80804704,A715,567,0,0,7,0.0,560,560.0,0.0
2026-02-19,80807116,A672,1227,0,0,28,0.0,1199,1199.0,0.0
2026-02-19,21304907,A716,14,0,0,0,0.0,14,14.0,0.0
2026-02-19,80793615,A668,52,0,0,0,0.0,52,52.0,0.0
2026-02-19,80838165,C937,2,0,0,0,0.0,2,2.0,0.0
2026-02-19,21170683,E564,12,0,0,2,0.0,10,10.0,0.0
2026-02-19,80864470,A668,101,0,0,6,0.0,95,95.0,0.0
2026-02-19,80840975,A668,70,0,0,0,0.0,70,70.0,0.0
2026-02-19,21269899,C816,278,0,0,0,0.0,278,278.0,0.0
2026-02-19,80807091,A715,27,0,0,0,0.0,27,27.0,0.0
2026-02-19,21121756,A673,112,0,0,7,0.0,105,105.0,0.0
2026-02-19,80807116,C810,124,0,0,5,0.0,119,119.0,0.0
2026-02-19,21113405,E556,2,0,0,0,0.0,2,2.0,0.0
2026-02-19,80838165,0386,0,919,0,0,919.0,0,0.0,0.0
2026-02-19,21315350,A716,101,0,0,5,0.0,96,96.0,0.0
2026-02-19,80804704,E295,86,0,0,7,0.0,79,79.0,0.0
2026-02-19,80812154,A668,32,0,0,0,0.0,32,32.0,0.0
2026-02-19,80848023,A668,404,0,0,10,0.0,394,394.0,0.0
2026-02-19,21255844,A672,137,0,0,1,0.0,136,136.0,0.0
2026-02-19,80807100,A668,151,0,0,3,0.0,148,148.0,0.0
2026-02-19,21143102,E564,4,0,0,1,0.0,3,3.0,0.0
2026-02-19,21414747,C816,1776,0,0,24,53.0,1699,1699.0,0.0
2026-02-19,21442896,A673,831,0,14,87,0.0,758,758.0,0.0
2026-02-19,80807119,A680,81,0,0,0,0.0,81,81.0,0.0
2026-02-19,80807110,E569,65,0,0,3,0.0,62,62.0,0.0
2026-02-19,80848031,A673,54,0,0,1,0.0,53,53.0,0.0
2026-02-19,21307836,A680,54,0,0,4,0.0,50,50.0,0.0
2026-02-19,80848022,D767,9,0,0,2,0.0,7,7.0,0.0
2026-02-19,80807122,A715,144,0,0,1,0.0,143,143.0,0.0
2026-02-19,21434954,A673,647,0,0,0,0.0,647,647.0,0.0
2026-02-19,21143110,C563,9,0,17,0,0.0,26,26.0,0.0
2026-02-19,80804136,C816,376,0,0,3,10.0,363,363.0,0.0
2026-02-19,80838162,A680,633,0,0,1,0.0,632,632.0,0.0
2026-02-19,80804136,D191,2,0,11,0,0.0,13,13.0,0.0
2026-02-19,80804135,0386,1465,0,0,0,0.0,1465,1465.0,0.0
2026-02-19,80793614,A672,150,0,0,0,0.0,150,150.0,0.0
2026-02-19,21315350,D901,19,0,0,1,0.0,18,18.0,0.0
2026-02-19,80885919,A716,35,0,0,0,0.0,35,35.0,0.0
2026-02-19,80804698,A716,471,0,0,6,0.0,465,465.0,0.0
2026-02-19,21269899,A673,224,0,0,1,0.0,223,223.0,0.0
2026-02-19,80804129,C819,18,0,0,0,0.0,18,18.0,0.0
2026-02-19,80804134,A672,666,0,0,22,0.0,644,644.0,0.0
2026-02-19,80884848,A715,166,0,0,0,0.0,166,166.0,0.0
2026-02-19,80812840,E569,5,0,0,0,0.0,5,5.0,0.0
2026-02-19,21314602,E569,17,0,0,1,0.0,16,16.0,0.0
2026-02-19,21325292,E556,35,0,0,1,0.0,34,34.0,0.0
2026-02-19,21162696,A668,27,0,0,1,0.0,26,26.0,0.0
2026-02-19,80848024,C819,25,0,0,1,0.0,24,24.0,0.0
2026-02-19,80884852,A715,76,0,0,1,0.0,75,75.0,0.0
2026-02-19,21113405,A715,85,0,0,1,0.0,84,84.0,0.0
2026-02-19,21472283,C816,371,0,0,0,0.0,371,371.0,0.0
2026-02-19,80848025,E568,15,0,0,1,0.0,14,14.0,0.0
2026-02-19,80848029,C816,537,0,0,8,4.0,525,525.0,0.0
2026-02-19,80848029,D191,0,0,17,0,0.0,17,17.0,0.0
2026-02-19,80804134,C810,31,0,0,2,1.0,28,28.0,0.0
2026-02-19,21414747,A673,490,0,83,51,0.0,522,522.0,0.0
2026-02-19,21127799,A672,503,0,0,50,0.0,453,453.0,0.0
2026-02-19,21171453,A715,4,0,0,0,0.0,4,4.0,0.0
2026-02-19,80804131,A668,173,0,0,0,0.0,173,173.0,0.0
2026-02-19,80804137,E564,44,0,0,4,0.0,40,40.0,0.0
2026-02-19,80848026,D767,118,0,0,5,0.0,113,113.0,0.0
2026-02-19,80812103,E556,13,0,0,1,0.0,12,12.0,0.0
2026-02-19,80804136,A673,1182,0,0,36,47.0,1099,1099.0,0.0
2026-02-19,21132988,A673,718,0,0,16,33.0,669,669.0,0.0
2026-02-19,21416910,C816,539,0,0,0,0.0,539,539.0,0.0
2026-02-19,80812839,A668,292,0,0,11,0.0,281,281.0,0.0
2026-02-19,80805856,C816,199,0,34,9,3.0,221,221.0,0.0
2026-02-19,21176384,A716,18,0,0,0,0.0,18,18.0,0.0
2026-02-19,21165816,A716,24,0,0,0,0.0,24,24.0,0.0
2026-02-19,80807093,A672,325,0,0,0,0.0,325,325.0,0.0
2026-02-19,80807102,A716,328,0,0,1,0.0,327,327.0,0.0
2026-02-19,80848029,E568,6,0,0,1,0.0,5,5.0,0.0
2026-02-19,80807113,E556,9,0,0,1,0.0,8,8.0,0.0
2026-02-19,21352461,C816,607,0,0,0,0.0,607,607.0,0.0
2026-02-19,21103372,A716,103,0,0,2,0.0,101,101.0,0.0
2026-02-19,21314876,C816,133,0,0,2,0.0,131,131.0,0.0
2026-02-19,21275914,C937,57,0,30,2,0.0,85,85.0,0.0
2026-02-19,80804137,D901,10,0,0,0,0.0,10,10.0,0.0
2026-02-19,21314595,A715,82,0,0,0,0.0,82,82.0,0.0
2026-02-19,21325292,A715,280,0,0,0,0.0,280,280.0,0.0
2026-02-19,80840976,C937,8,0,0,0,0.0,8,8.0,0.0
2026-02-19,21143103,C937,7,0,0,0,0.0,7,7.0,0.0
2026-02-19,21139445,A668,78,0,0,0,0.0,78,78.0,0.0
2026-02-19,80807093,C810,45,0,0,0,0.0,45,45.0,0.0
2026-02-19,80885921,A715,20,0,0,1,0.0,19,19.0,0.0
2026-02-19,80848029,A673,389,0,0,3,44.0,342,342.0,0.0
2026-02-19,21165946,0386,2,0,0,0,1.0,1,1.0,0.0
2026-02-19,80805856,E568,2,0,0,1,0.0,1,1.0,0.0
2026-02-19,80863645,A715,109,0,0,0,0.0,109,109.0,0.0
2026-02-19,21151196,C819,5,0,0,0,0.0,5,5.0,0.0
2026-02-19,21176384,D901,6,0,0,0,0.0,6,6.0,0.0
2026-02-19,80848028,A668,329,0,0,2,0.0,327,327.0,0.0
2026-02-19,80812338,E569,3,0,0,1,0.0,2,2.0,0.0
2026-02-19,21434952,A715,60,0,0,1,0.0,59,59.0,0.0
2026-02-19,21314875,C816,51,0,0,1,1.0,49,49.0,0.0
2026-02-19,80807095,C937,37,0,0,1,0.0,36,36.0,0.0
2026-02-19,80807102,D901,108,0,0,12,0.0,96,96.0,0.0
2026-02-19,80804130,E564,19,0,0,2,0.0,17,17.0,0.0
2026-02-19,80812103,A715,17,0,11,0,0.0,28,28.0,0.0
2026-02-19,80795932,A715,123,0,0,0,0.0,123,123.0,0.0
2026-02-19,80884852,C816,615,0,0,1,7.0,607,607.0,0.0
2026-02-19,21098519,D767,14,0,0,1,0.0,13,13.0,0.0
2026-02-19,80805856,A673,1049,0,0,69,0.0,980,980.0,0.0
2026-02-19,21179704,D767,3,0,0,0,0.0,3,3.0,0.0
2026-02-19,80848022,E568,3,0,0,1,0.0,2,2.0,0.0
2026-02-19,80804706,C937,3,0,0,1,0.0,2,2.0,0.0
2026-02-19,21121756,A668,123,0,0,4,0.0,119,119.0,0.0
2026-02-19,80807113,A715,99,0,0,1,0.0,98,98.0,0.0
2026-02-19,80864469,C937,6,0,1,1,0.0,6,6.0,0.0
2026-02-19,21304907,E569,9,0,0,1,0.0,8,8.0,0.0
2026-02-19,80804705,C937,37,0,0,6,0.0,31,31.0,0.0
2026-02-19,21357275,A680,172,0,0,4,0.0,168,168.0,0.0
2026-02-19,80812846,D767,39,0,0,6,0.0,33,33.0,0.0
2026-02-19,21314875,E568,2,0,0,1,0.0,1,1.0,0.0
2026-02-19,21314876,A673,360,0,0,4,8.0,348,348.0,0.0
2026-02-19,21377091,A715,215,0,0,0,0.0,215,215.0,0.0
2026-02-19,80807117,A715,191,0,0,1,0.0,190,190.0,0.0
2026-02-19,80804129,A680,173,0,0,1,0.0,172,172.0,0.0
2026-02-19,80807120,E564,33,0,0,5,0.0,28,28.0,0.0
2026-02-19,21314593,D767,13,0,0,1,0.0,12,12.0,0.0
2026-02-19,80848026,C816,1840,0,0,41,25.0,1774,1774.0,0.0
2026-02-19,80848026,D191,0,0,40,1,0.0,39,39.0,0.0
2026-02-19,21442896,A668,92,0,0,0,0.0,92,92.0,0.0
2026-02-19,80812845,A716,226,0,0,2,0.0,224,224.0,0.0
2026-02-19,80848031,A668,16,0,0,0,0.0,16,16.0,0.0
2026-02-19,80804127,A715,32,0,0,0,0.0,32,32.0,0.0
2026-02-19,80848024,A680,108,0,0,1,0.0,107,107.0,0.0
2026-02-19,80804699,E564,5,0,0,0,0.0,5,5.0,0.0
2026-02-19,80804701,E564,10,0,0,1,0.0,9,9.0,0.0
2026-02-19,21137866,A716,404,0,0,9,0.0,395,395.0,0.0
2026-02-19,21255844,C937,69,0,17,4,0.0,82,82.0,0.0
2026-02-19,21315350,E569,18,0,0,6,0.0,12,12.0,0.0
2026-02-19,80884848,A673,52,0,3,0,0.0,55,55.0,0.0
2026-02-19,21314595,C816,479,0,0,0,0.0,479,479.0,0.0
2026-02-19,21118867,D901,6,0,0,0,0.0,6,6.0,0.0
2026-02-19,80884852,A673,165,0,0,5,0.0,160,160.0,0.0
2026-02-19,80848026,E568,11,0,0,3,0.0,8,8.0,0.0
2026-02-19,80812841,C819,41,0,0,3,0.0,38,38.0,0.0
2026-02-19,21325164,A715,1,0,0,0,0.0,1,1.0,0.0
2026-02-19,21171453,A673,80,0,0,6,0.0,74,74.0,0.0
2026-02-19,80807115,C819,54,0,0,1,0.0,53,53.0,0.0
2026-02-19,21434952,C816,190,0,0,10,0.0,180,180.0,0.0
2026-02-19,21354246,A680,25,0,0,0,0.0,25,25.0,0.0
2026-02-19,80838164,A672,420,0,0,1,0.0,419,419.0,0.0
2026-02-19,21303404,A672,104,0,0,0,0.0,104,104.0,0.0
2026-02-19,80812110,C937,2,0,0,0,0.0,2,2.0,0.0
2026-02-19,21137866,D901,141,0,0,0,0.0,141,141.0,0.0
2026-02-19,21103371,E564,8,0,0,0,0.0,8,8.0,0.0
2026-02-19,80804698,E569,5,0,0,1,0.0,4,4.0,0.0
2026-02-19,80838165,E564,29,0,0,0,0.0,29,29.0,0.0
2026-02-19,80804701,D901,16,0,0,1,0.0,15,15.0,0.0
2026-02-19,21155895,C937,5,0,0,1,0.0,4,4.0,0.0
2026-02-19,80807091,A672,235,0,0,1,0.0,234,234.0,0.0
2026-02-19,80848026,A673,3291,0,0,23,593.0,2675,2675.0,0.0
2026-02-19,21414747,A668,148,0,0,4,0.0,144,144.0,0.0
2026-02-19,80848027,A672,205,0,0,1,0.0,204,204.0,0.0
2026-02-19,80807097,A672,1086,0,0,4,0.0,1082,1082.0,0.0
2026-02-19,21170691,A680,22,0,0,1,0.0,21,21.0,0.0
2026-02-19,80807119,A715,274,0,0,0,0.0,274,274.0,0.0
2026-02-19,21098519,C816,871,0,0,13,4.0,854,854.0,0.0
2026-02-19,21357021,A680,164,0,0,0,0.0,164,164.0,0.0
2026-02-19,21307836,A715,95,0,0,1,0.0,94,94.0,0.0
2026-02-19,80804133,A716,370,0,0,1,0.0,369,369.0,0.0
2026-02-19,21098519,D191,2,0,0,0,0.0,2,2.0,0.0
2026-02-19,80807096,E564,1,0,0,1,0.0,0,0.0,0.0
2026-02-19,80793614,0386,4,0,0,0,0.0,4,4.0,0.0
2026-02-19,21366842,A668,68,0,0,0,0.0,68,68.0,0.0
2026-02-19,21132988,A668,295,0,0,4,0.0,291,291.0,0.0
2026-02-19,80807091,C810,1632,0,0,0,10.0,1622,1622.0,0.0
2026-02-19,21121752,A672,58,0,0,1,0.0,57,57.0,0.0
2026-02-19,21314595,A673,236,0,0,1,12.0,223,223.0,0.0
2026-02-19,80804135,E564,38,0,0,0,0.0,38,38.0,0.0
2026-02-19,80807097,C810,16,0,0,0,5.0,11,11.0,0.0
2026-02-19,21151196,A680,315,0,0,3,0.0,312,312.0,0.0
2026-02-19,80812846,C816,197,0,0,2,16.0,179,179.0,0.0
2026-02-19,80804128,A680,90,0,0,1,0.0,89,89.0,0.0
2026-02-19,80804137,E569,15,0,0,1,0.0,14,14.0,0.0
2026-02-19,21103371,D901,87,0,0,18,0.0,69,69.0,0.0
2026-02-19,21315474,A680,230,0,0,5,0.0,225,225.0,0.0
2026-02-19,80807092,D767,9,0,0,1,0.0,8,8.0,0.0
2026-02-19,80807090,C937,5,0,0,0,0.0,5,5.0,0.0
2026-02-19,80804127,C816,621,0,0,33,0.0,588,588.0,0.0
2026-02-19,80804138,A716,131,0,0,0,0.0,131,131.0,0.0
2026-02-19,80807122,A672,418,0,299,8,0.0,709,709.0,0.0
2026-02-19,80863645,A673,1024,0,0,4,0.0,1020,1020.0,0.0
2026-02-19,21128377,A672,621,0,0,46,0.0,575,575.0,0.0
2026-02-19,21434952,A673,382,0,1,36,0.0,347,347.0,0.0
2026-02-19,21098519,E568,3,0,0,0,0.0,3,3.0,0.0
2026-02-19,80804704,A668,258,0,0,15,0.0,243,243.0,0.0
2026-02-19,21176384,E569,5,0,0,0,0.0,5,5.0,0.0
2026-02-19,21179704,E568,3,0,0,0,0.0,3,3.0,0.0
2026-02-19,21137621,C816,542,0,0,11,0.0,531,531.0,0.0
2026-02-19,21127800,C816,40,0,0,5,0.0,35,35.0,0.0
2026-02-19,80795932,A673,349,0,0,1,6.0,342,342.0,0.0
2026-02-19,80807102,E569,61,0,0,9,0.0,52,52.0,0.0
2026-02-19,21128377,C810,20,0,0,0,0.0,20,20.0,0.0
2026-02-19,80807112,D767,15,0,0,0,0.0,15,15.0,0.0
2026-02-19,21148509,D767,58,0,0,6,0.0,52,52.0,0.0
2026-02-19,80804135,D901,128,0,0,0,0.0,128,128.0,0.0
2026-02-19,80812846,E568,10,0,0,1,0.0,9,9.0,0.0
2026-02-19,80807090,0386,1,0,0,0,0.0,1,1.0,0.0
2026-02-19,21325164,C816,213,0,0,2,0.0,211,211.0,0.0
2026-02-19,21098519,A673,1541,0,0,38,45.0,1458,1458.0,0.0
2026-02-19,21170686,A672,165,0,0,0,0.0,165,165.0,0.0
2026-02-19,21442422,A716,494,0,0,2,0.0,492,492.0,0.0
2026-02-19,21314593,E568,5,0,0,0,0.0,5,5.0,0.0
2026-02-19,21314594,E564,2,0,0,0,0.0,2,2.0,0.0
2026-02-19,21376841,A680,138,0,0,0,0.0,138,138.0,0.0
2026-02-19,80807093,0386,1,0,0,0,0.0,1,1.0,0.0
2026-02-19,21377091,A673,3252,0,0,0,0.0,3252,3252.0,0.0
2026-02-19,80793613,A680,50,0,0,0,0.0,50,50.0,0.0
2026-02-19,21291975,C937,9,0,0,0,0.0,9,9.0,0.0
2026-02-19,80854083,E568,1,0,0,0,0.0,1,1.0,0.0
2026-02-19,21170686,C810,83,0,0,0,0.0,83,83.0,0.0
2026-02-19,80807119,C816,75,0,0,1,3.0,71,71.0,0.0
2026-02-19,21132988,C563,13,0,7,2,0.0,18,18.0,0.0
2026-02-19,80804127,A673,74,0,0,2,0.0,72,72.0,0.0
2026-02-19,80848025,C937,16,0,0,0,0.0,16,16.0,0.0
2026-02-19,21314876,A668,136,0,0,0,0.0,136,136.0,0.0
2026-02-19,21301637,A672,319,0,0,1,0.0,318,318.0,0.0
2026-02-19,80805852,C937,2,0,0,0,0.0,2,2.0,0.0
2026-02-19,80857738,A672,5,0,0,0,0.0,5,5.0,0.0
2026-02-19,21143110,A716,1,0,0,0,0.0,1,1.0,0.0
2026-02-19,80804129,E556,36,0,0,0,0.0,36,36.0,0.0
2026-02-19,80812841,A680,336,0,0,15,0.0,321,321.0,0.0
2026-02-19,21133312,A716,83,0,45,2,0.0,126,126.0,0.0
2026-02-19,21127800,A673,86,0,0,4,0.0,82,82.0,0.0
2026-02-19,80807089,A716,401,0,0,1,0.0,400,400.0,0.0
2026-02-19,80823707,A680,4,0,0,0,0.0,4,4.0,0.0
2026-02-19,21132752,C816,309,0,0,3,0.0,306,306.0,0.0
2026-02-19,80795933,A672,318,0,0,3,0.0,315,315.0,0.0
2026-02-19,21314594,D901,32,0,0,2,0.0,30,30.0,0.0
2026-02-19,21165946,E564,18,0,0,1,0.0,17,17.0,0.0
2026-02-19,80807115,A680,243,0,0,3,0.0,240,240.0,0.0
2026-02-19,80812845,C819,70,0,0,1,0.0,69,69.0,0.0
2026-02-19,21118867,E569,2,0,0,0,0.0,2,2.0,0.0
2026-02-19,80804704,C563,13,0,39,1,0.0,51,51.0,0.0
2026-02-19,80793615,A716,87,0,0,0,0.0,87,87.0,0.0
2026-02-19,21325164,A673,674,0,0,15,0.0,659,659.0,0.0
2026-02-19,80884848,A668,10,0,0,0,0.0,10,10.0,0.0
2026-02-19,21315352,D767,11,0,0,2,0.0,9,9.0,0.0
2026-02-19,80864470,A716,74,0,0,3,0.0,71,71.0,0.0
2026-02-19,80840975,A716,95,0,0,0,0.0,95,95.0,0.0
2026-02-19,80848021,C819,19,0,0,0,0.0,19,19.0,0.0
2026-02-19,80807092,C816,651,0,0,5,52.0,594,594.0,0.0
2026-02-19,80884852,A668,25,0,0,2,0.0,23,23.0,0.0
2026-02-19,21113405,A668,110,0,0,0,0.0,110,110.0,0.0
2026-02-19,21143110,D901,57,0,0,2,0.0,55,55.0,0.0
2026-02-19,21141769,D767,44,0,0,4,0.0,40,40.0,0.0
2026-02-19,80804702,A672,23,0,0,2,0.0,21,21.0,0.0
2026-02-19,80807089,D901,174,0,0,18,0.0,156,156.0,0.0
2026-02-19,21137866,E569,13,0,0,0,0.0,13,13.0,0.0
2026-02-19,21171453,A668,9,0,0,0,0.0,9,9.0,0.0
2026-02-19,80807119,A673,169,0,0,4,37.0,128,128.0,0.0
2026-02-19,80804701,E569,5,0,0,0,0.0,5,5.0,0.0
2026-02-19,80848023,A716,192,0,0,2,0.0,190,190.0,0.0
2026-02-19,21354246,E556,4,0,0,0,0.0,4,4.0,0.0
2026-02-19,80812154,A716,40,0,0,1,0.0,39,39.0,0.0
2026-02-19,80807110,D767,68,0,0,8,0.0,60,60.0,0.0
2026-02-19,21165946,D901,68,0,0,8,0.0,60,60.0,0.0
2026-02-19,21357275,A715,138,0,0,3,0.0,135,135.0,0.0
2026-02-19,80804702,C810,19,0,0,0,0.0,19,19.0,0.0
2026-02-19,21165816,A680,18,0,0,0,0.0,18,18.0,0.0
2026-02-19,80812099,C816,60,0,0,1,2.0,57,57.0,0.0
2026-02-19,80804129,A715,97,0,0,0,0.0,97,97.0,0.0
2026-02-19,21352461,C937,5,0,0,0,0.0,5,5.0,0.0
2026-02-19,80807092,E568,4,0,0,0,0.0,4,4.0,0.0
2026-02-19,80838164,C937,5,0,0,1,0.0,4,4.0,0.0
2026-02-19,80807113,A672,367,0,0,1,0.0,366,366.0,0.0
2026-02-19,80807116,E564,177,0,0,0,0.0,177,177.0,0.0
2026-02-19,80848024,A715,53,0,0,0,0.0,53,53.0,0.0
2026-02-19,21103371,E569,9,0,0,0,0.0,9,9.0,0.0
2026-02-19,80848022,C937,55,0,5,4,0.0,56,56.0,0.0
2026-02-19,80807118,D767,16,0,0,1,0.0,15,15.0,0.0
2026-02-19,21314595,A668,112,0,0,2,0.0,110,110.0,0.0
2026-02-19,21325292,A668,186,0,0,3,0.0,183,183.0,0.0
2026-02-19,21314602,D767,1,0,0,1,0.0,0,0.0,0.0
2026-02-19,80807092,A673,150,0,0,4,0.0,146,146.0,0.0
2026-02-19,21148509,E568,13,0,0,0,0.0,13,13.0,0.0
2026-02-19,80807112,E568,4,0,0,0,0.0,4,4.0,0.0
2026-02-19,80807113,C810,135,0,0,0,19.0,116,116.0,0.0
2026-02-19,80865910,A672,429,0,0,0,0.0,429,429.0,0.0
2026-02-19,80885921,A668,80,0,0,3,0.0,77,77.0,0.0
2026-02-19,21314875,C937,4,0,0,0,0.0,4,4.0,0.0
2026-02-19,21118864,D767,2,0,0,0,0.0,2,2.0,0.0
2026-02-19,21303404,0386,496,0,0,0,0.0,496,496.0,0.0
2026-02-19,80807105,A672,693,0,0,13,0.0,680,680.0,0.0
2026-02-19,80863645,A668,356,0,0,1,0.0,355,355.0,0.0
2026-02-19,80804138,C819,16,0,0,0,0.0,16,16.0,0.0
2026-02-19,21162696,A716,14,0,7,0,0.0,21,21.0,0.0
2026-02-19,80807117,C810,2,0,0,0,0.0,2,2.0,0.0
2026-02-19,21377504,A672,676,0,0,1,0.0,675,675.0,0.0
2026-02-19,21434952,A668,114,0,1,5,0.0,110,110.0,0.0
2026-02-19,21354246,A715,57,0,0,1,0.0,56,56.0,0.0
2026-02-19,80807114,A672,239,0,0,1,0.0,238,238.0,0.0
2026-02-19,80804135,E569,17,0,0,0,0.0,17,17.0,0.0
2026-02-19,80812103,A668,26,0,0,0,0.0,26,26.0,0.0
2026-02-19,80795932,A668,55,0,0,1,0.0,54,54.0,0.0
2026-02-19,80804131,A716,8,0,0,0,0.0,8,8.0,0.0
2026-02-19,80812099,A673,128,0,0,3,0.0,125,125.0,0.0
2026-02-19,80807105,C810,30,0,27,2,14.0,41,41.0,0.0
2026-02-19,21315352,C816,425,0,0,0,0.0,425,425.0,0.0
2026-02-19,21170691,A715,31,0,0,0,0.0,31,31.0,0.0
2026-02-19,80807114,C810,488,0,0,0,11.0,477,477.0,0.0
2026-02-19,21357021,A715,298,0,0,0,0.0,298,298.0,0.0
2026-02-19,21121752,0386,1,0,0,0,0.0,1,1.0,0.0
2026-02-19,21141769,C816,208,0,0,11,0.0,197,197.0,0.0
2026-02-19,80812839,A716,19,0,0,0,0.0,19,19.0,0.0
2026-02-19,80838161,A716,3,0,0,0,0.0,3,3.0,0.0
2026-02-19,21357275,C816,366,0,0,7,0.0,359,359.0,0.0
2026-02-19,21377091,A668,358,0,0,0,0.0,358,358.0,0.0
2026-02-19,21132758,C816,1112,0,0,26,3.0,1083,1083.0,0.0
2026-02-19,80812845,A680,582,0,0,6,0.0,576,576.0,0.0
2026-02-19,21132758,D191,0,0,15,1,0.0,14,14.0,0.0
2026-02-19,21121751,C819,11,0,0,2,0.0,9,9.0,0.0
2026-02-19,21151196,A715,229,0,0,4,0.0,225,225.0,0.0
2026-02-19,80804134,E564,31,0,0,16,0.0,15,15.0,0.0
2026-02-19,21128377,0386,1,0,0,0,0.0,1,1.0,0.0
2026-02-19,21170686,C937,5,0,0,0,0.0,5,5.0,0.0
2026-02-19,80804128,A715,123,0,0,1,0.0,122,122.0,0.0
2026-02-19,21315352,E568,5,0,0,0,0.0,5,5.0,0.0
2026-02-19,21307836,A672,82,0,0,9,0.0,73,73.0,0.0
2026-02-19,80804127,A668,25,0,0,3,0.0,22,22.0,0.0
2026-02-19,21315474,A715,211,0,0,3,0.0,208,208.0,0.0
2026-02-19,21325292,C563,1,0,3,0,0.0,4,4.0,0.0
2026-02-19,80796091,A672,341,0,0,4,0.0,337,337.0,0.0
2026-02-19,80848021,A680,5,0,0,0,0.0,5,5.0,0.0
2026-02-19,21139445,A716,503,0,0,5,0.0,498,498.0,0.0
2026-02-19,21314594,E569,3,0,0,0,0.0,3,3.0,0.0
2026-02-19,80804132,C816,423,0,0,5,21.0,397,397.0,0.0
2026-02-19,80805850,A680,66,0,0,0,0.0,66,66.0,0.0
2026-02-19,21141769,E568,10,0,0,0,0.0,10,10.0,0.0
2026-02-19,80812841,E556,3,0,0,1,0.0,2,2.0,0.0
2026-02-19,80848028,A716,118,0,0,2,0.0,116,116.0,0.0
2026-02-19,21132758,E568,5,0,0,0,0.0,5,5.0,0.0
2026-02-19,21307836,C810,60,0,0,1,0.0,59,59.0,0.0
2026-02-19,21128067,A672,760,0,0,7,0.0,753,753.0,0.0
2026-02-19,80807110,E568,12,0,0,1,0.0,11,11.0,0.0
2026-02-19,80807118,C816,213,0,0,2,15.0,196,196.0,0.0
2026-02-19,21325164,A668,46,0,0,2,0.0,44,44.0,0.0
2026-02-19,80884850,A672,311,0,0,11,0.0,300,300.0,0.0
2026-02-19,80807089,E569,14,0,0,1,0.0,13,13.0,0.0
2026-02-19,80795933,C937,3,0,0,0,0.0,3,3.0,0.0
2026-02-19,21376841,A715,321,0,0,0,0.0,321,321.0,0.0
2026-02-19,21357275,A673,417,0,0,23,0.0,394,394.0,0.0
2026-02-19,80804703,C937,21,0,0,0,0.0,21,21.0,0.0
2026-02-19,21139445,D901,33,0,0,6,0.0,27,27.0,0.0
2026-02-19,80807093,E564,17,0,0,1,0.0,16,16.0,0.0
2026-02-19,21121756,A716,77,0,0,1,0.0,76,76.0,0.0
2026-02-19,21132758,A673,714,0,0,27,105.0,582,582.0,0.0
2026-02-19,21128067,C810,26,0,0,2,0.0,24,24.0,0.0
2026-02-19,80793613,A715,86,0,0,0,0.0,86,86.0,0.0
2026-02-19,80804129,A673,301,0,0,8,0.0,293,293.0,0.0
2026-02-19,80848028,D901,68,0,0,2,0.0,66,66.0,0.0
2026-02-19,21127730,A672,1221,0,0,5,0.0,1216,1216.0,0.0
2026-02-19,80807119,A668,189,0,0,1,0.0,188,188.0,0.0
2026-02-19,21179704,C937,7,0,0,0,0.0,7,7.0,0.0
2026-02-19,80791223,A672,90,0,0,0,0.0,90,90.0,0.0
2026-02-19,80848023,C819,66,0,0,1,0.0,65,65.0,0.0
2026-02-19,80807118,E568,6,0,0,0,0.0,6,6.0,0.0
2026-02-19,80863646,A680,111,0,0,0,0.0,111,111.0,0.0
2026-02-19,80807100,C819,5,0,0,0,0.0,5,5.0,0.0
2026-02-19,21314602,E568,1,0,0,0,0.0,1,1.0,0.0
2026-02-19,21442896,A716,978,0,0,4,0.0,974,974.0,0.0
2026-02-19,80804132,A673,1916,0,0,47,14.0,1855,1855.0,0.0
2026-02-19,80848024,A673,318,0,0,2,0.0,316,316.0,0.0
2026-02-19,80804703,0386,1,0,0,0,1.0,0,0.0,0.0
2026-02-19,80812846,C937,24,0,0,2,0.0,22,22.0,0.0
2026-02-19,80804132,E467,7,0,0,0,0.0,7,7.0,0.0
2026-02-19,80812841,A715,301,0,0,15,0.0,286,286.0,0.0
2026-02-19,21314593,C937,0,0,55,4,0.0,51,51.0,0.0
2026-02-19,80812154,E569,7,0,0,1,0.0,6,6.0,0.0
2026-02-19,80807115,A715,100,0,0,0,0.0,100,100.0,0.0
2026-02-19,21143102,D767,4,0,0,1,0.0,3,3.0,0.0
2026-02-19,80804128,C816,228,0,0,1,7.0,220,220.0,0.0
2026-02-19,80807118,A673,629,0,0,3,59.0,567,567.0,0.0
2026-02-19,21315474,C816,514,0,0,12,14.0,488,488.0,0.0
2026-02-19,21275914,C819,5,0,0,0,0.0,5,5.0,0.0
2026-02-19,80840976,C819,7,0,0,0,0.0,7,7.0,0.0
2026-02-19,80854083,C937,3,0,0,0,0.0,3,3.0,0.0
2026-02-19,21354246,A673,600,0,0,6,0.0,594,594.0,0.0
2026-02-19,80804702,0386,1,0,0,0,0.0,1,1.0,0.0
2026-02-19,21170691,A673,100,0,0,3,0.0,97,97.0,0.0
2026-02-19,80868102,C816,398,0,0,4,4.0,390,390.0,0.0
2026-02-19,21357021,A673,1156,0,0,0,0.0,1156,1156.0,0.0
2026-02-19,21414747,A716,187,0,0,1,0.0,186,186.0,0.0
2026-02-19,21121751,A680,57,0,0,3,0.0,54,54.0,0.0
2026-02-19,80865910,C937,2,0,0,0,0.0,2,2.0,0.0
2026-02-19,21165816,A715,27,0,0,0,0.0,27,27.0,0.0
2026-02-19,21419485,A672,192,0,0,35,0.0,157,157.0,0.0
2026-02-19,21377504,C937,6,0,0,1,0.0,5,5.0,0.0
2026-02-19,21162696,E569,2,0,0,0,0.0,2,2.0,0.0
2026-02-19,21366842,A716,107,0,0,0,0.0,107,107.0,0.0
2026-02-19,80804128,A673,767,0,0,10,2.0,755,755.0,0.0
2026-02-19,21132988,A716,185,0,0,1,0.0,184,184.0,0.0
2026-02-19,80864469,C819,40,0,0,1,0.0,39,39.0,0.0
2026-02-19,80804705,C819,30,0,0,5,0.0,25,25.0,0.0
2026-02-19,80812840,A672,2112,0,0,31,0.0,2081,2081.0,0.0
2026-02-19,80804137,D767,19,0,0,2,0.0,17,17.0,0.0
2026-02-19,21315474,A673,666,0,0,17,21.0,628,628.0,0.0
2026-02-19,21170683,C816,125,0,0,0,3.0,122,122.0,0.0
2026-02-19,80865910,0386,1,0,0,0,0.0,1,1.0,0.0
2026-02-19,80812845,E556,25,0,0,2,0.0,23,23.0,0.0
2026-02-19,80807105,0386,1,0,0,0,0.0,1,1.0,0.0
2026-02-19,80863643,A680,198,0,0,7,0.0,191,191.0,0.0
2026-02-19,80884845,A680,14,0,0,1,0.0,13,13.0,0.0
2026-02-19,80793615,A680,121,0,0,2,0.0,119,119.0,0.0
2026-02-19,21377504,0386,2261,0,0,0,0.0,2261,2261.0,0.0
2026-02-19,80838164,E564,10,0,0,0,0.0,10,10.0,0.0
2026-02-19,80812840,C810,19,0,64,1,44.0,38,38.0,0.0
2026-02-19,80851898,C819,42,0,0,5,0.0,37,37.0,0.0
2026-02-19,80807115,C816,318,0,745,11,132.0,920,920.0,0.0
2026-02-19,80804704,A716,1134,0,0,10,0.0,1124,1124.0,0.0
2026-02-19,21132988,D901,71,0,0,7,0.0,64,64.0,0.0
2026-02-19,80805850,E556,3,0,0,0,0.0,3,3.0,0.0
2026-02-19,80807091,E564,60,0,0,3,0.0,57,57.0,0.0
2026-02-19,21143102,C816,271,0,0,0,1.0,270,270.0,0.0
2026-02-19,21170683,E568,1,0,0,0,0.0,1,1.0,0.0
2026-02-19,80807097,E564,5,0,0,0,0.0,5,5.0,0.0
2026-02-19,80848027,E564,4,0,0,0,0.0,4,4.0,0.0
2026-02-19,21143102,D191,0,0,13,1,0.0,12,12.0,0.0
2026-02-19,21376841,A673,5103,0,0,0,0.0,5103,5103.0,0.0
2026-02-19,80868100,A680,9,0,0,0,0.0,9,9.0,0.0
2026-02-19,80807100,A680,74,0,0,1,0.0,73,73.0,0.0
2026-02-19,21139445,E569,2,0,0,0,0.0,2,2.0,0.0
2026-02-19,80807112,C937,19,0,0,0,0.0,19,19.0,0.0
2026-02-19,21148509,C937,25,0,0,2,0.0,23,23.0,0.0
2026-02-19,80868101,A680,10,0,0,2,0.0,8,8.0,0.0
2026-02-19,21121752,E564,2,0,0,0,0.0,2,2.0,0.0
2026-02-19,80804704,D901,42,0,0,7,0.0,35,35.0,0.0
2026-02-19,21170683,A673,1012,0,0,48,35.0,929,929.0,0.0
2026-02-19,80848028,E569,45,0,0,2,0.0,43,43.0,0.0
2026-02-19,21357275,A668,203,0,0,3,0.0,200,200.0,0.0
2026-02-19,21170683,E467,14,0,0,1,0.0,13,13.0,0.0
2026-02-19,21132758,A668,474,0,0,25,0.0,449,449.0,0.0
2026-02-19,80804130,D767,1,0,0,1,0.0,0,0.0,0.0
2026-02-19,80812845,A715,222,0,0,2,0.0,220,220.0,0.0
2026-02-19,80804129,A668,58,0,0,0,0.0,58,58.0,0.0
2026-02-19,80807091,D901,58,0,0,7,0.0,51,51.0,0.0
2026-02-19,80807122,E564,3,0,0,0,0.0,3,3.0,0.0
2026-02-19,80804133,E556,13,0,0,0,0.0,13,13.0,0.0
2026-02-19,80812841,A673,1805,0,0,56,0.0,1749,1749.0,0.0
2026-02-19,21128377,E564,7,0,0,0,0.0,7,7.0,0.0
2026-02-19,21275914,A680,19,0,0,0,0.0,19,19.0,0.0
2026-02-19,80807097,D901,51,0,0,0,0.0,51,51.0,0.0
2026-02-19,80812338,A672,32,0,0,0,0.0,32,32.0,0.0
2026-02-19,80840976,A680,376,0,0,3,0.0,373,373.0,0.0
2026-02-19,80807115,A673,788,0,0,17,75.0,696,696.0,0.0
2026-02-19,21421148,C816,495,0,0,10,0.0,485,485.0,0.0
2026-02-19,80848021,A715,47,0,0,0,0.0,47,47.0,0.0
2026-02-19,80804132,A668,601,0,0,12,0.0,589,589.0,0.0
2026-02-19,21118867,D767,3,0,0,1,0.0,2,2.0,0.0
2026-02-19,80848024,A668,433,0,0,3,0.0,430,430.0,0.0
2026-02-19,80805850,A715,12,0,0,0,0.0,12,12.0,0.0
2026-02-19,21143102,A673,589,0,0,21,20.0,548,548.0,0.0
2026-02-19,21127730,C937,5,0,1,0,0.0,6,6.0,0.0
2026-02-19,21151196,A672,1426,0,0,58,0.0,1368,1368.0,0.0
2026-02-19,80804138,E556,29,0,0,1,0.0,28,28.0,0.0
2026-02-19,80807095,A680,206,0,0,3,0.0,203,203.0,0.0
2026-02-19,21442897,C816,2058,0,0,9,14.0,2035,2035.0,0.0
2026-02-19,80884848,A716,155,0,0,1,0.0,154,154.0,0.0
2026-02-19,80807120,D767,42,0,0,0,0.0,42,42.0,0.0
2026-02-19,80884850,0386,3,0,0,0,0.0,3,3.0,0.0
2026-02-19,21304907,A672,105,0,0,8,0.0,97,97.0,0.0
2026-02-19,80884852,A716,93,0,0,2,0.0,91,91.0,0.0
2026-02-19,21113405,A716,112,0,0,0,0.0,112,112.0,0.0
2026-02-19,21354246,A668,65,0,0,0,0.0,65,65.0,0.0
2026-02-19,21151196,C810,24,0,0,0,0.0,24,24.0,0.0
2026-02-19,80804699,D767,5,0,0,0,0.0,5,5.0,0.0
2026-02-19,80804701,D767,13,0,0,2,0.0,11,11.0,0.0
2026-02-19,21315352,C937,3,0,4,0,0.0,7,7.0,0.0
2026-02-19,21127730,0386,0,1584,0,0,1584.0,0,0.0,0.0
2026-02-19,80804706,A680,29,0,0,5,0.0,24,24.0,0.0
2026-02-19,21171453,A716,11,0,0,0,0.0,11,11.0,0.0
2026-02-19,80864469,A680,20,0,0,3,0.0,17,17.0,0.0
2026-02-19,80804705,A680,98,0,0,10,0.0,88,88.0,0.0
2026-02-19,80804137,E568,3,0,0,0,0.0,3,3.0,0.0
2026-02-19,21141769,C937,16,0,0,2,0.0,14,14.0,0.0
2026-02-19,21170691,A668,26,0,0,1,0.0,25,25.0,0.0
2026-02-19,21315350,A672,805,0,1152,60,0.0,1897,1897.0,0.0
2026-02-19,21357021,A668,132,0,0,0,0.0,132,132.0,0.0
2026-02-19,21428668,A680,146,0,0,16,0.0,130,130.0,0.0
2026-02-19,80863646,A715,62,0,0,0,0.0,62,62.0,0.0
2026-02-19,80807110,C937,24,0,0,0,0.0,24,24.0,0.0
2026-02-19,21113405,D901,2,0,0,1,0.0,1,1.0,0.0
2026-02-19,21422791,C816,92,0,0,4,0.0,88,88.0,0.0
2026-02-19,80793613,A672,204,0,0,1,0.0,203,203.0,0.0
2026-02-19,80851898,A680,130,0,0,1,0.0,129,129.0,0.0
2026-02-19,21103371,D767,11,0,0,0,0.0,11,11.0,0.0
2026-02-19,21442897,A673,648,0,0,12,0.0,636,636.0,0.0
2026-02-19,21171453,D901,6,0,0,2,0.0,4,4.0,0.0
2026-02-19,21315350,C810,22,0,151,0,12.0,161,161.0,0.0
2026-02-19,80804128,A668,186,0,0,0,0.0,186,186.0,0.0
2026-02-19,80804136,C819,33,0,0,1,0.0,32,32.0,0.0
2026-02-19,80804130,C816,143,0,0,6,6.0,131,131.0,0.0
2026-02-19,21314595,A716,50,0,0,0,0.0,50,50.0,0.0
2026-02-19,21315474,A668,274,0,0,4,0.0,270,270.0,0.0
2026-02-19,21325292,A716,294,0,0,3,0.0,291,291.0,0.0
2026-02-19,21463645,C816,204,0,0,0,0.0,204,204.0,0.0
2026-02-19,80848021,C816,90,0,0,2,0.0,88,88.0,0.0
2026-02-19,80885919,A672,201,0,0,5,0.0,196,196.0,0.0
2026-02-19,80804698,A672,88,0,0,8,0.0,80,80.0,0.0
2026-02-19,80804702,E564,14,0,0,0,0.0,14,14.0,0.0
2026-02-19,80885921,A716,30,0,0,1,0.0,29,29.0,0.0
2026-02-19,80823707,A672,7,0,0,0,0.0,7,7.0,0.0
2026-02-19,80863645,A716,61,0,0,0,0.0,61,61.0,0.0
2026-02-19,21447518,A672,85,0,0,1,0.0,84,84.0,0.0
2026-02-19,80804135,D767,38,0,0,0,0.0,38,38.0,0.0
2026-02-19,21434952,A716,44,0,0,2,0.0,42,42.0,0.0
2026-02-19,80812840,C937,9,0,0,3,0.0,6,6.0,0.0
2026-02-19,21132988,E569,7,0,0,1,0.0,6,6.0,0.0
2026-02-19,21314602,C937,7,0,0,0,0.0,7,7.0,0.0
2026-02-19,80840975,E556,11,0,0,0,0.0,11,11.0,0.0
2026-02-19,80812110,A680,81,0,0,3,0.0,78,78.0,0.0
2026-02-19,21118864,C937,1,0,0,0,0.0,1,1.0,0.0
2026-02-19,80812103,A716,59,0,0,1,0.0,58,58.0,0.0
2026-02-19,80795932,A716,40,0,0,0,0.0,40,40.0,0.0
2026-02-19,80804698,C810,188,0,0,0,2.0,186,186.0,0.0
2026-02-19,80804130,E568,4,0,0,0,0.0,4,4.0,0.0
2026-02-19,21155895,A680,133,0,0,1,0.0,132,132.0,0.0
2026-02-19,80848029,C819,47,0,0,1,0.0,46,46.0,0.0
2026-02-19,21325292,D901,73,0,0,10,0.0,63,63.0,0.0
2026-02-19,80807120,C816,193,0,0,1,11.0,181,181.0,0.0
2026-02-19,80884846,A680,10,0,0,0,0.0,10,10.0,0.0
2026-02-19,21419485,0386,1,0,0,0,0.0,1,1.0,0.0
2026-02-19,21121751,A715,10,0,0,0,0.0,10,10.0,0.0
2026-02-19,21376841,A668,471,0,0,0,0.0,471,471.0,0.0
2026-02-19,21138340,E556,31,0,0,9,0.0,22,22.0,0.0
2026-02-19,80807113,E564,89,0,0,5,0.0,84,84.0,0.0
2026-02-19,80848023,E556,4,0,0,0,0.0,4,4.0,0.0
2026-02-19,80807113,A716,518,0,0,0,0.0,518,518.0,0.0
2026-02-19,80812840,0386,3349,0,0,0,28.0,3321,3321.0,0.0
2026-02-19,80804704,E569,27,0,0,1,0.0,26,26.0,0.0
2026-02-19,21314602,0386,3,0,0,0,0.0,3,3.0,0.0
2026-02-19,80804699,C816,227,0,0,1,7.0,219,219.0,0.0
2026-02-19,80807100,E556,74,0,0,14,0.0,60,60.0,0.0
2026-02-19,21118867,E568,2,0,0,0,0.0,2,2.0,0.0
2026-02-19,21377091,A716,237,0,0,0,0.0,237,237.0,0.0
2026-02-19,21442896,A680,58,0,0,13,0.0,45,45.0,0.0
2026-02-19,80804130,A673,238,0,233,23,5.0,443,443.0,0.0
2026-02-19,80807117,A716,14,0,0,0,0.0,14,14.0,0.0
2026-02-19,80848031,A680,16,0,0,1,0.0,15,15.0,0.0
2026-02-19,80807091,E569,21,0,0,3,0.0,18,18.0,0.0
2026-02-19,21170683,A668,37,0,0,2,0.0,35,35.0,0.0
2026-02-19,80805856,C819,1,0,0,0,0.0,1,1.0,0.0
2026-02-19,21176384,A672,74,0,0,3,0.0,71,71.0,0.0
2026-02-19,21151196,C563,6,0,36,1,0.0,41,41.0,0.0
2026-02-19,80795932,D901,14,0,0,2,0.0,12,12.0,0.0
2026-02-19,80807097,E569,5,0,0,1,0.0,4,4.0,0.0
2026-02-19,80848021,A673,368,0,0,2,32.0,334,334.0,0.0
2026-02-19,21425098,C816,7,0,0,0,0.0,7,7.0,0.0
2026-02-19,21434954,A680,225,0,0,6,0.0,219,219.0,0.0
2026-02-19,21165816,A672,68,0,0,0,0.0,68,68.0,0.0
2026-02-19,80807102,A672,1756,0,0,3,0.0,1753,1753.0,0.0
2026-02-19,80807120,E568,2,0,0,0,0.0,2,2.0,0.0
2026-02-19,80807105,E564,104,0,0,2,0.0,102,102.0,0.0
2026-02-19,80804127,A716,23,0,0,1,0.0,22,22.0,0.0
2026-02-19,21103372,A672,717,0,0,41,0.0,676,676.0,0.0
2026-02-19,80812841,A668,428,0,0,6,0.0,422,422.0,0.0
2026-02-19,80863643,A715,32,0,0,0,0.0,32,32.0,0.0
2026-02-19,80884845,A715,176,0,0,0,0.0,176,176.0,0.0
2026-02-19,21275914,E556,1,0,0,0,0.0,1,1.0,0.0
2026-02-19,80793615,A715,124,0,0,2,0.0,122,122.0,0.0
2026-02-19,80807114,E564,43,0,0,0,0.0,43,43.0,0.0
2026-02-19,80807115,A668,365,0,0,7,0.0,358,358.0,0.0
2026-02-19,80807113,D901,22,0,0,4,0.0,18,18.0,0.0
2026-02-19,21176384,C810,39,0,0,1,0.0,38,38.0,0.0
2026-02-19,80804701,E568,3,0,0,0,0.0,3,3.0,0.0
2026-02-19,80838165,C816,39,0,0,2,0.0,37,37.0,0.0
2026-02-19,80831843,0386,4386,0,0,0,0.0,4386,4386.0,0.0
2026-02-19,21165816,C810,775,0,0,0,0.0,775,775.0,0.0
2026-02-19,80807102,C810,42,0,0,0,4.0,38,38.0,0.0
2026-02-19,21103372,C810,111,0,0,17,0.0,94,94.0,0.0
2026-02-19,80807122,E569,9,0,0,0,0.0,9,9.0,0.0
2026-02-19,80812338,C937,3,0,0,0,0.0,3,3.0,0.0
2026-02-19,21325164,A716,21,0,0,0,0.0,21,21.0,0.0
2026-02-19,80863643,E295,229,0,0,25,0.0,204,204.0,0.0
2026-02-19,80868102,C937,4,0,0,0,0.0,4,4.0,0.0
2026-02-19,80868100,A715,83,0,0,0,0.0,83,83.0,0.0
2026-02-19,80807096,C816,140,0,0,3,11.0,126,126.0,0.0
2026-02-19,80804699,A673,50,0,0,2,0.0,48,48.0,0.0
2026-02-19,80807105,D901,162,0,0,13,0.0,149,149.0,0.0
2026-02-19,80807100,A715,557,0,0,3,0.0,554,554.0,0.0
2026-02-19,21165946,D767,6,0,0,1,0.0,5,5.0,0.0
2026-02-19,80868101,A715,216,0,0,3,0.0,213,213.0,0.0
2026-02-19,21291975,A680,87,0,0,1,0.0,86,86.0,0.0
2026-02-19,21103371,E568,2,0,0,0,0.0,2,2.0,0.0
2026-02-19,21425098,A673,29,0,14,4,0.0,39,39.0,0.0
2026-02-19,21121751,C816,616,0,0,35,0.0,581,581.0,0.0
2026-02-19,80807119,A716,57,0,46,0,0.0,103,103.0,0.0
2026-02-19,80864469,E556,17,0,0,0,0.0,17,17.0,0.0
2026-02-19,80848025,A680,46,0,0,1,0.0,45,45.0,0.0
2026-02-19,80804136,A680,279,0,0,5,0.0,274,274.0,0.0
2026-02-19,21143103,D767,2,0,0,0,0.0,2,2.0,0.0
2026-02-19,21307836,A716,254,0,0,1,0.0,253,253.0,0.0
2026-02-19,80804705,E556,17,0,0,1,0.0,16,16.0,0.0
2026-02-19,80805852,A680,46,0,0,0,0.0,46,46.0,0.0
2026-02-19,80812839,E556,4,0,0,0,0.0,4,4.0,0.0
2026-02-19,21275914,A715,3,0,0,0,0.0,3,3.0,0.0
2026-02-19,21113405,E569,6,0,0,0,0.0,6,6.0,0.0
2026-02-19,80840976,A715,178,0,0,0,0.0,178,178.0,0.0
2026-02-19,80838162,A716,218,0,0,0,0.0,218,218.0,0.0
2026-02-19,80848026,C819,113,0,0,3,0.0,110,110.0,0.0
2026-02-19,80838165,A673,80,0,0,2,0.0,78,78.0,0.0
2026-02-19,80838163,A672,4,0,0,0,0.0,4,4.0,0.0
2026-02-19,80804135,E568,2,0,0,0,0.0,2,2.0,0.0
2026-02-19,80812845,A672,1400,0,0,13,0.0,1387,1387.0,0.0
2026-02-19,21128067,E564,27,0,0,3,0.0,24,24.0,0.0
2026-02-19,80851898,E556,3,0,0,0,0.0,3,3.0,0.0
2026-02-19,21304907,0386,0,2272,0,0,0.0,2272,2272.0,0.0
2026-02-19,80807095,A715,281,0,0,11,0.0,270,270.0,0.0
2026-02-19,21421149,A672,1076,0,0,13,0.0,1063,1063.0,0.0
2026-02-19,21137866,A672,2017,0,0,79,0.0,1938,1938.0,0.0
2026-02-19,21472283,A680,13,0,0,0,0.0,13,13.0,0.0
2026-02-19,80848029,A680,143,0,0,1,0.0,142,142.0,0.0
2026-02-19,80807116,D767,73,0,0,6,0.0,67,67.0,0.0
2026-02-19,80812845,C810,163,0,0,0,0.0,163,163.0,0.0
2026-02-19,21142560,A672,1478,0,0,22,0.0,1456,1456.0,0.0
2026-02-19,21121751,A673,114,0,0,14,0.0,100,100.0,0.0
2026-02-19,80804706,A715,418,0,0,1,0.0,417,417.0,0.0
2026-02-19,21137866,C810,59,0,0,4,0.0,55,55.0,0.0
2026-02-19,21315350,0386,17,0,0,0,0.0,17,17.0,0.0
2026-02-19,80864469,A715,170,0,0,3,0.0,167,167.0,0.0
2026-02-19,21325292,E569,12,0,0,1,0.0,11,11.0,0.0
2026-02-19,21416910,A680,249,0,0,0,0.0,249,249.0,0.0
2026-02-19,80812110,E556,9,0,0,1,0.0,8,8.0,0.0
2026-02-19,80804705,A715,371,0,0,0,0.0,371,371.0,0.0
2026-02-19,80805856,A680,155,0,0,3,0.0,152,152.0,0.0
2026-02-19,80804698,C937,7,0,0,0,0.0,7,7.0,0.0
2026-02-19,21352461,A680,206,0,0,10,0.0,196,196.0,0.0
2026-02-19,80804702,E569,3,0,0,0,0.0,3,3.0,0.0
2026-02-19,21428668,A715,1010,0,0,3,0.0,1007,1007.0,0.0
2026-02-19,21314876,A680,58,0,0,1,0.0,57,57.0,0.0
2026-02-19,80851898,A715,270,0,0,7,0.0,263,263.0,0.0
2026-02-19,80804133,A672,868,0,0,10,0.0,858,858.0,0.0
2026-02-19,80812103,E569,11,0,0,0,0.0,11,11.0,0.0
2026-02-19,21179704,C819,1,0,0,0,0.0,1,1.0,0.0
2026-02-19,80795932,E569,4,0,0,0,0.0,4,4.0,0.0
2026-02-19,80884845,A673,54,0,11,5,0.0,60,60.0,0.0
2026-02-19,80885919,0386,4,0,0,0,0.0,4,4.0,0.0
2026-02-19,80848031,E556,4,0,0,0,0.0,4,4.0,0.0
2026-02-19,80840976,C816,1100,0,0,6,7.0,1087,1087.0,0.0
2026-02-19,21143103,C816,532,0,0,8,0.0,524,524.0,0.0
2026-02-19,80848021,A668,11,0,0,0,0.0,11,11.0,0.0
2026-02-19,80812846,C819,22,0,0,0,0.0,22,22.0,0.0
2026-02-19,80804137,C937,27,0,0,0,0.0,27,27.0,0.0
2026-02-19,21314875,A680,23,0,0,0,0.0,23,23.0,0.0
2026-02-19,80807113,E569,19,0,0,0,0.0,19,19.0,0.0
2026-02-19,80804133,C810,141,0,4,3,15.0,127,127.0,0.0
2026-02-19,80805850,A668,10,0,0,0,0.0,10,10.0,0.0
2026-02-19,80804127,C819,20,0,0,0,0.0,20,20.0,0.0
2026-02-19,80804138,A672,1287,0,0,9,0.0,1278,1278.0,0.0
2026-02-19,21165946,E568,1,0,0,0,0.0,1,1.0,0.0
2026-02-19,80807095,C816,365,0,0,3,33.0,329,329.0,0.0
2026-02-19,21138340,A673,38,0,0,4,0.0,34,34.0,0.0
2026-02-19,21176384,C937,4,0,0,0,0.0,4,4.0,0.0
2026-02-19,80812110,A715,21,0,0,0,0.0,21,21.0,0.0
2026-02-19,21155895,A715,13,0,7,0,0.0,20,20.0,0.0
2026-02-19,80884846,A715,91,0,0,1,0.0,90,90.0,0.0
2026-02-19,80804138,C810,46,0,0,0,6.0,40,40.0,0.0
2026-02-19,80807105,E569,24,0,0,3,0.0,21,21.0,0.0
2026-02-19,21325164,C819,2,0,0,0,0.0,2,2.0,0.0
2026-02-19,80804706,C816,875,0,0,3,20.0,852,852.0,0.0
2026-02-19,80807116,C816,251,0,0,3,0.0,248,248.0,0.0
2026-02-19,80812840,E564,29,0,0,1,0.0,28,28.0,0.0
2026-02-19,21442422,A672,236,0,0,6,0.0,230,230.0,0.0
2026-02-19,80807116,D191,0,0,48,1,0.0,47,47.0,0.0
2026-02-19,80848026,A680,1002,0,1,16,0.0,987,987.0,0.0
2026-02-19,21176384,0386,2,0,0,0,0.0,2,2.0,0.0
2026-02-19,21357275,A716,121,0,0,3,0.0,118,118.0,0.0
2026-02-19,21275914,A673,293,0,0,6,0.0,287,287.0,0.0
2026-02-19,21442896,A715,1071,0,0,4,0.0,1067,1067.0,0.0
2026-02-19,80840976,A673,233,0,0,0,8.0,225,225.0,0.0
2026-02-19,80804129,A716,184,0,0,1,0.0,183,183.0,0.0
2026-02-19,80812845,C563,9,0,31,1,0.0,39,39.0,0.0
2026-02-19,80848031,A715,1143,0,0,1,0.0,1142,1142.0,0.0
2026-02-19,21143103,A673,375,0,0,13,10.0,352,352.0,0.0
2026-02-19,21434954,A715,74,0,0,0,0.0,74,74.0,0.0
2026-02-19,80804136,E556,20,0,0,1,0.0,19,19.0,0.0
2026-02-19,80807095,A673,988,0,0,12,67.0,909,909.0,0.0
2026-02-19,80848024,A716,63,0,0,0,0.0,63,63.0,0.0
2026-02-19,80807116,E568,5,0,0,0,0.0,5,5.0,0.0
2026-02-19,21255844,C816,141,0,0,3,2.0,136,136.0,0.0
2026-02-19,21143110,A672,1300,0,0,8,0.0,1292,1292.0,0.0
2026-02-19,21133312,A672,342,0,0,12,0.0,330,330.0,0.0
2026-02-19,80807089,A672,1438,0,0,21,0.0,1417,1417.0,0.0
2026-02-19,80804129,D901,18,0,0,0,0.0,18,18.0,0.0
2026-02-19,21118867,C937,3,0,0,0,0.0,3,3.0,0.0
2026-02-19,80793615,A672,271,0,0,2,0.0,269,269.0,0.0
2026-02-19,80804706,A673,107,0,0,3,0.0,104,104.0,0.0
2026-02-19,21143110,C810,567,0,0,0,0.0,567,567.0,0.0
2026-02-19,80864470,A672,421,0,0,13,0.0,408,408.0,0.0
2026-02-19,80840975,A672,510,0,0,0,0.0,510,510.0,0.0
2026-02-19,80838162,E569,2,0,0,0,0.0,2,2.0,0.0
2026-02-19,80848029,E556,12,0,0,1,0.0,11,11.0,0.0
2026-02-19,80793614,C816,203,0,0,1,0.0,202,202.0,0.0
2026-02-19,80864469,A673,253,0,226,11,0.0,468,468.0,0.0
2026-02-19,80807089,C810,187,0,0,3,5.0,179,179.0,0.0
2026-02-19,80804705,A673,492,0,0,10,0.0,482,482.0,0.0
2026-02-19,80807120,C937,25,0,0,2,0.0,23,23.0,0.0
2026-02-19,80864469,E467,7,0,0,3,0.0,4,4.0,0.0
2026-02-19,80807092,C819,4,0,0,0,0.0,4,4.0,0.0
2026-02-19,80804705,E467,11,0,0,1,0.0,10,10.0,0.0
2026-02-19,21419490,A680,177,0,0,17,0.0,160,160.0,0.0
2026-02-19,21098519,A680,207,0,0,8,0.0,199,199.0,0.0
2026-02-19,21155895,C816,144,0,0,4,1.0,139,139.0,0.0
2026-02-19,21291975,A715,22,0,0,0,0.0,22,22.0,0.0
2026-02-19,80804134,C816,442,0,0,37,28.0,377,377.0,0.0
2026-02-19,80884846,C816,165,0,0,1,1.0,163,163.0,0.0
2026-02-19,21121751,A668,6,0,0,1,0.0,5,5.0,0.0
2026-02-19,21137866,C937,30,0,3,1,0.0,32,32.0,0.0
2026-02-19,80804134,D191,0,0,24,1,0.0,23,23.0,0.0
2026-02-19,21118867,0386,1,0,0,0,0.0,1,1.0,0.0
2026-02-19,21179704,A680,28,0,0,0,0.0,28,28.0,0.0
2026-02-19,21170691,A716,27,0,0,0,0.0,27,27.0,0.0
2026-02-19,80812338,E564,3,0,0,1,0.0,2,2.0,0.0
2026-02-19,80804701,C937,7,0,0,1,0.0,6,6.0,0.0
2026-02-19,80864470,C810,76,0,0,4,0.0,72,72.0,0.0
2026-02-19,80848023,A672,984,0,0,12,0.0,972,972.0,0.0
2026-02-19,80848025,A715,241,0,0,2,0.0,239,239.0,0.0
2026-02-19,80804136,A715,71,0,29,2,0.0,98,98.0,0.0
2026-02-19,21357021,A716,247,0,0,0,0.0,247,247.0,0.0
2026-02-19,80812154,A672,670,0,0,30,0.0,640,640.0,0.0
2026-02-19,80851898,A673,246,0,0,23,0.0,223,223.0,0.0
2026-02-19,80805852,A715,16,0,0,0,0.0,16,16.0,0.0
2026-02-19,80805856,E556,70,0,0,1,0.0,69,69.0,0.0
2026-02-19,80807100,A672,1774,0,0,13,0.0,1761,1761.0,0.0
2026-02-19,80807112,C819,13,0,0,1,0.0,12,12.0,0.0
2026-02-19,21255844,A673,181,0,0,0,0.0,181,181.0,0.0
2026-02-19,80812846,A680,136,0,0,0,0.0,136,136.0,0.0
2026-02-19,21151196,E564,8,0,0,0,0.0,8,8.0,0.0
2026-02-19,21314593,A680,214,0,0,4,0.0,210,210.0,0.0
2026-02-19,21314876,E556,7,0,0,1,0.0,6,6.0,0.0
2026-02-19,21137866,0386,1,0,0,0,1.0,0,0.0,0.0
2026-02-19,80804128,A716,122,0,0,0,0.0,122,122.0,0.0
2026-02-19,80807100,C810,23,0,0,0,0.0,23,23.0,0.0
2026-02-19,21315474,A716,169,0,0,0,0.0,169,169.0,0.0
2026-02-19,80807090,C816,116,0,0,1,2.0,113,113.0,0.0
2026-02-19,21304907,E564,4,0,0,0,0.0,4,4.0,0.0
2026-02-19,80863643,A668,283,0,0,17,0.0,266,266.0,0.0
2026-02-19,80884845,A668,10,0,0,0,0.0,10,10.0,0.0
2026-02-19,21170691,D901,5,0,0,0,0.0,5,5.0,0.0
2026-02-19,21103371,C937,38,0,0,2,0.0,36,36.0,0.0
2026-02-19,80793614,A673,1157,0,0,1,0.0,1156,1156.0,0.0
2026-02-19,80848029,A715,270,0,0,1,0.0,269,269.0,0.0
2026-02-19,80812110,A673,176,0,0,2,0.0,174,174.0,0.0
2026-02-19,21142560,0386,1,0,0,0,0.0,1,1.0,0.0
2026-02-19,80807093,C816,380,0,0,1,20.0,359,359.0,0.0
2026-02-19,21314875,E556,8,0,0,1,0.0,7,7.0,0.0
2026-02-19,21325164,A680,132,0,0,0,0.0,132,132.0,0.0
2026-02-19,21155895,A673,1211,0,0,19,32.0,1160,1160.0,0.0
2026-02-19,80884846,A673,38,0,0,0,0.0,38,38.0,0.0
2026-02-19,80807096,C937,2,0,0,0,0.0,2,2.0,0.0
2026-02-19,21151196,D901,201,0,0,8,0.0,193,193.0,0.0
2026-02-19,21162696,A672,224,0,0,9,0.0,215,215.0,0.0
2026-02-19,21315350,E564,2,0,0,0,0.0,2,2.0,0.0
2026-02-19,80868100,A668,25,0,0,2,0.0,23,23.0,0.0
2026-02-19,21103371,0386,1,0,0,0,0.0,1,1.0,0.0
2026-02-19,80804135,C937,5,0,0,0,0.0,5,5.0,0.0
2026-02-19,80805856,A715,144,0,0,7,0.0,137,137.0,0.0
2026-02-19,80804704,D767,59,0,0,9,0.0,50,50.0,0.0
2026-02-19,21376841,A716,468,0,0,0,0.0,468,468.0,0.0
2026-02-19,80848029,E295,55,0,0,2,0.0,53,53.0,0.0
2026-02-19,80804131,A672,305,0,0,0,0.0,305,305.0,0.0
2026-02-19,80793613,E564,1,0,0,0,0.0,1,1.0,0.0
2026-02-19,80868101,A668,2,0,0,1,0.0,1,1.0,0.0
2026-02-19,21315352,C819,2,0,0,0,0.0,2,2.0,0.0
2026-02-19,21352461,A715,155,0,0,0,0.0,155,155.0,0.0
2026-02-19,80793613,A716,56,0,0,1,0.0,55,55.0,0.0
2026-02-19,21291975,C816,37,0,0,4,0.0,33,33.0,0.0
2026-02-19,80807091,D767,29,0,0,0,0.0,29,29.0,0.0
2026-02-19,21314876,A715,92,0,0,1,0.0,91,91.0,0.0
2026-02-19,80807097,D767,6,0,0,0,0.0,6,6.0,0.0
2026-02-19,80807090,A673,506,0,0,2,2.0,502,502.0,0.0
2026-02-19,21141769,C819,12,0,0,2,0.0,10,10.0,0.0
2026-02-19,80848025,C816,761,0,0,3,39.0,719,719.0,0.0
2026-02-19,80812839,A672,319,0,0,9,0.0,310,310.0,0.0
2026-02-19,80848026,E556,26,0,0,0,0.0,26,26.0,0.0
2026-02-19,21275914,A668,153,0,0,1,0.0,152,152.0,0.0
2026-02-19,80805852,C816,32,0,0,2,0.0,30,30.0,0.0
2026-02-19,80804698,E564,16,0,0,3,0.0,13,13.0,0.0
2026-02-19,80840976,A668,65,0,0,0,0.0,65,65.0,0.0
2026-02-19,21132758,C819,10,0,0,1,0.0,9,9.0,0.0
2026-02-19,80812841,A716,203,0,0,8,0.0,195,195.0,0.0
2026-02-19,80807110,C819,73,0,0,1,0.0,72,72.0,0.0
2026-02-19,21314875,A715,38,0,0,1,0.0,37,37.0,0.0
2026-02-19,80807115,A716,186,0,0,4,0.0,182,182.0,0.0
2026-02-19,80812839,C810,6,0,24,1,4.0,25,25.0,0.0
2026-02-19,80793613,D901,26,0,0,4,0.0,22,22.0,0.0
2026-02-19,21314594,C937,5,0,0,0,0.0,5,5.0,0.0
2026-02-19,80807092,A680,32,0,0,1,0.0,31,31.0,0.0
2026-02-19,80807095,A668,436,0,0,2,0.0,434,434.0,0.0
2026-02-19,21139445,A672,148,0,0,4,0.0,144,144.0,0.0
2026-02-19,80804132,C819,27,0,0,0,0.0,27,27.0,0.0
2026-02-19,21128377,D767,10,0,0,0,0.0,10,10.0,0.0
2026-02-19,80804129,E569,8,0,0,0,0.0,8,8.0,0.0
2026-02-19,80848028,A672,1782,0,0,9,0.0,1773,1773.0,0.0
2026-02-19,21291975,A673,966,0,0,51,0.0,915,915.0,0.0
2026-02-19,80807118,C819,15,0,0,0,0.0,15,15.0,0.0
2026-02-19,21139445,C810,113,0,0,0,0.0,113,113.0,0.0
2026-02-19,80804706,A668,31,0,0,2,0.0,29,29.0,0.0
2026-02-19,80807112,A680,134,0,0,1,0.0,133,133.0,0.0
2026-02-19,21148509,A680,133,0,0,1,0.0,132,132.0,0.0
2026-02-19,80812099,A680,84,0,0,1,0.0,83,83.0,0.0
2026-02-19,80864469,A668,21,0,0,4,0.0,17,17.0,0.0
2026-02-19,80793615,C595,4,0,0,0,0.0,4,4.0,0.0
2026-02-19,80807089,C937,30,0,5,2,0.0,33,33.0,0.0
2026-02-19,80848025,A673,272,0,0,5,0.0,267,267.0,0.0
2026-02-19,80804705,A668,150,0,0,9,0.0,141,141.0,0.0
2026-02-19,80848026,A715,520,0,0,9,0.0,511,511.0,0.0
2026-02-19,80848028,C810,77,0,0,1,6.0,70,70.0,0.0
2026-02-19,80805852,A673,91,0,0,1,0.0,90,90.0,0.0
2026-02-19,80848025,E467,12,0,0,1,0.0,11,11.0,0.0
2026-02-19,80807102,E564,206,0,0,17,0.0,189,189.0,0.0
2026-02-19,21121756,A672,93,0,0,0,0.0,93,93.0,0.0
2026-02-19,21165946,C937,5,0,0,0,0.0,5,5.0,0.0
2026-02-19,21098519,E556,40,0,0,3,0.0,37,37.0,0.0
2026-02-19,21103372,E564,26,0,0,0,0.0,26,26.0,0.0
2026-02-19,21428668,A668,139,0,0,29,0.0,110,110.0,0.0
2026-02-19,80838164,C816,685,0,0,1,0.0,684,684.0,0.0
2026-02-19,80851898,A668,9,0,0,0,0.0,9,9.0,0.0
2026-02-19,21133312,0386,3,0,0,0,0.0,3,3.0,0.0
2026-02-19,80807089,0386,1,0,0,0,0.0,1,1.0,0.0
2026-02-19,21442896,A672,87,0,0,31,0.0,56,56.0,0.0
2026-02-19,21121756,C810,2,0,0,0,0.0,2,2.0,0.0
2026-02-19,80812846,E556,42,0,0,0,0.0,42,42.0,0.0
2026-02-19,80848026,E295,88,0,0,1,0.0,87,87.0,0.0
2026-02-19,21301637,D767,1,0,0,0,0.0,1,1.0,0.0
2026-02-19,21472283,A673,1321,0,0,0,0.0,1321,1321.0,0.0
2026-02-19,80848022,C816,736,0,0,13,15.0,708,708.0,0.0
2026-02-19,80848031,A672,624,0,0,0,0.0,624,624.0,0.0
2026-02-19,21165868,C937,4,0,0,0,0.0,4,4.0,0.0
2026-02-19,80848027,C816,49,0,0,0,0.0,49,49.0,0.0
2026-02-19,80804127,E556,2,0,0,1,0.0,1,1.0,0.0
2026-02-19,21170691,E569,5,0,0,0,0.0,5,5.0,0.0
2026-02-19,80848029,E467,10,0,0,0,0.0,10,10.0,0.0
2026-02-19,21165816,D901,7,0,0,0,0.0,7,7.0,0.0
2026-02-19,80840975,0386,2,0,0,0,0.0,2,2.0,0.0
2026-02-19,80804128,C819,8,0,0,0,0.0,8,8.0,0.0
2026-02-19,21103372,D901,107,0,0,7,0.0,100,100.0,0.0
2026-02-19,21127800,E556,21,0,0,1,0.0,20,20.0,0.0
2026-02-19,80848031,C810,3121,0,1,0,0.0,3122,3122.0,0.0
2026-02-19,21315352,A680,89,0,0,5,0.0,84,84.0,0.0
2026-02-19,21416910,A673,384,0,0,0,0.0,384,384.0,0.0
2026-02-19,80812110,A668,26,0,0,0,0.0,26,26.0,0.0
2026-02-19,21151196,E569,4,0,0,0,0.0,4,4.0,0.0
2026-02-19,80807091,E568,6,0,0,0,0.0,6,6.0,0.0
2026-02-19,21325164,E556,19,0,0,3,0.0,16,16.0,0.0
2026-02-19,21155895,A668,47,0,0,0,0.0,47,47.0,0.0
2026-02-19,21419490,A715,168,0,0,1,0.0,167,167.0,0.0
2026-02-19,21098519,A715,147,0,0,0,0.0,147,147.0,0.0
2026-02-19,80884846,A668,9,0,0,0,0.0,9,9.0,0.0
2026-02-19,80807116,C937,84,0,0,4,0.0,80,80.0,0.0
2026-02-19,21128377,C816,399,0,1,7,0.0,393,393.0,0.0
2026-02-19,21352461,A673,890,0,0,25,0.0,865,865.0,0.0
2026-02-19,21141769,A680,62,0,0,3,0.0,59,59.0,0.0
2026-02-19,80804705,C563,37,0,4,6,0.0,35,35.0,0.0
2026-02-19,21128377,D191,1,0,11,1,0.0,11,11.0,0.0
2026-02-19,80804702,D767,5,0,0,0,0.0,5,5.0,0.0
2026-02-19,21179704,A715,5,0,0,0,0.0,5,5.0,0.0
2026-02-19,80838164,A673,907,0,0,0,0.0,907,907.0,0.0
2026-02-19,21132758,A680,469,0,0,19,0.0,450,450.0,0.0
2026-02-19,21414747,A672,46,0,0,26,0.0,20,20.0,0.0
2026-02-19,80807110,A680,360,0,0,2,0.0,358,358.0,0.0
2026-02-19,80812846,A715,325,0,0,1,0.0,324,324.0,0.0
2026-02-19,80812845,E564,91,0,0,0,0.0,91,91.0,0.0
2026-02-19,80848022,A673,2002,0,0,41,30.0,1931,1931.0,0.0
2026-02-19,80807119,E556,26,0,0,0,0.0,26,26.0,0.0
2026-02-19,80848022,E467,6,0,0,0,0.0,6,6.0,0.0
2026-02-19,21162696,C937,4,0,0,0,0.0,4,4.0,0.0
2026-02-19,21314593,A715,65,0,0,0,0.0,65,65.0,0.0
2026-02-19,21137866,E564,106,0,0,7,0.0,99,99.0,0.0
2026-02-19,21170686,C816,18,0,0,0,0.0,18,18.0,0.0
2026-02-19,21366842,A672,1021,0,0,0,0.0,1021,1021.0,0.0
2026-02-19,21434954,A668,322,0,0,2,0.0,320,320.0,0.0
2026-02-19,21314875,A673,107,0,0,4,8.0,95,95.0,0.0
2026-02-19,80804132,A680,164,0,0,2,0.0,162,162.0,0.0
2026-02-19,21132988,A672,648,0,0,19,0.0,629,629.0,0.0
2026-02-19,80807090,A668,28,0,0,0,0.0,28,28.0,0.0
2026-02-19,80807113,D767,39,0,0,3,0.0,36,36.0,0.0
2026-02-19,21170683,C819,5,0,0,0,0.0,5,5.0,0.0
2026-02-19,80848021,A716,826,0,0,1,0.0,825,825.0,0.0
2026-02-19,80805850,A716,35,0,0,0,0.0,35,35.0,0.0
2026-02-19,80793613,E569,1,0,0,0,0.0,1,1.0,0.0
2026-02-19,80807118,A680,216,0,0,1,0.0,215,215.0,0.0
2026-02-19,21162696,0386,3,0,0,0,0.0,3,3.0,0.0
2026-02-19,21132988,C810,49,0,1,1,19.0,30,30.0,0.0
2026-02-19,80812845,D901,242,0,0,8,0.0,234,234.0,0.0
2026-02-19,21301637,C816,41,0,0,0,0.0,41,41.0,0.0
2026-02-19,21118864,A680,44,0,0,0,0.0,44,44.0,0.0
2026-02-19,80804704,A672,526,0,0,19,0.0,507,507.0,0.0
2026-02-19,80807092,E556,18,0,0,4,0.0,14,14.0,0.0
2026-02-19,80857738,C816,1329,0,0,0,3.0,1326,1326.0,0.0
2026-02-19,80807105,D767,52,0,0,4,0.0,48,48.0,0.0
2026-02-19,80804131,0386,3,0,0,0,0.0,3,3.0,0.0
2026-02-19,80812841,E569,28,0,0,3,0.0,25,25.0,0.0
2026-02-19,80795933,C816,190,0,0,0,0.0,190,190.0,0.0
2026-02-19,80804134,C937,55,0,5,0,0.0,60,60.0,0.0
2026-02-19,80807114,D767,24,0,0,2,0.0,22,22.0,0.0
2026-02-19,80804703,C816,76,0,0,3,0.0,73,73.0,0.0
2026-02-19,80848026,E467,5,0,0,3,0.0,2,2.0,0.0
2026-02-19,80804133,E564,122,0,0,10,0.0,112,112.0,0.0
2026-02-19,21291975,A668,78,0,0,0,0.0,78,78.0,0.0
2026-02-19,80804704,C810,215,0,0,4,20.0,191,191.0,0.0
2026-02-19,21419490,C816,1123,0,0,0,7.0,1116,1116.0,0.0
2026-02-19,80812839,0386,2283,0,0,0,18.0,2265,2265.0,0.0
2026-02-19,21170686,A673,304,0,0,3,0.0,301,301.0,0.0
2026-02-19,80807112,E556,34,0,0,2,0.0,32,32.0,0.0
2026-02-19,21179704,C816,32,0,0,4,0.0,28,28.0,0.0
2026-02-19,80812099,E556,10,0,0,1,0.0,9,9.0,0.0
2026-02-19,80848025,A668,77,0,0,2,0.0,75,75.0,0.0
2026-02-19,80804136,A668,381,0,0,12,0.0,369,369.0,0.0
2026-02-19,80885920,C816,524,0,0,0,42.0,482,482.0,0.0
