date,material,location,beginning_inventory,production_gr,delivery_gr,shipment,delivery_ship,ending_inventory,calculated_ending,balance_diff
2026-02-21,80848028,C937,34,0,0,3,0.0,31,31.0,0.0
2026-02-21,80805852,A668,18,0,0,1,0.0,17,17.0,0.0
2026-02-21,80863646,A716,37,0,0,0,0.0,37,37.0,0.0
2026-02-21,80804138,E564,26,0,5,2,0.0,29,29.0,0.0
2026-02-21,21314876,A672,348,0,0,1,0.0,347,347.0,0.0
2026-02-21,21139445,0386,1,0,0,0,0.0,1,1.0,0.0
2026-02-21,21314593,C816,965,0,0,26,0.0,939,939.0,0.0
2026-02-21,80805856,C810,93,0,88,1,79.0,101,101.0,0.0
2026-02-21,80804133,D901,168,0,64,20,0.0,212,212.0,0.0
2026-02-21,80807092,A715,136,0,0,2,0.0,134,134.0,0.0
2026-02-21,80807093,C937,6,0,0,1,0.0,5,5.0,0.0
2026-02-21,21165816,E569,5,0,0,0,0.0,5,5.0,0.0
2026-02-21,80848029,A668,233,0,0,10,0.0,223,223.0,0.0
2026-02-21,80854083,C816,34,0,0,0,0.0,34,34.0,0.0
2026-02-21,80795933,A673,1159,0,0,10,0.0,1149,1149.0,0.0
2026-02-21,21103372,E569,5,0,5,0,0.0,10,10.0,0.0
2026-02-21,21314876,C810,6,0,1,0,0.0,7,7.0,0.0
2026-02-21,80804703,A673,90,0,21,11,0.0,100,100.0,0.0
2026-02-21,80868102,A680,29,0,0,1,0.0,28,28.0,0.0
2026-02-21,80884848,A672,21,0,5,0,0.0,26,26.0,0.0
2026-02-21,21419490,A673,421,0,0,8,0.0,413,413.0,0.0
2026-02-21,80804138,D901,78,0,37,11,0.0,104,104.0,0.0
2026-02-21,21128067,D767,36,0,0,4,0.0,32,32.0,0.0
2026-02-21,80807112,A715,154,0,0,1,0.0,153,153.0,0.0
2026-02-21,21179704,A673,103,0,0,8,0.0,95,95.0,0.0
2026-02-21,21148509,A715,246,0,0,6,0.0,240,240.0,0.0
2026-02-21,80884852,A672,816,0,0,1,0.0,815,815.0,0.0
2026-02-21,21113405,A672,209,0,0,3,0.0,206,206.0,0.0
2026-02-21,21121756,0386,812,0,0,0,0.0,812,812.0,0.0
2026-02-21,80812099,A715,20,0,0,0,0.0,20,20.0,0.0
2026-02-21,80885920,A673,604,0,43,0,0.0,647,647.0,0.0
2026-02-21,21315352,E556,40,0,5,0,0.0,45,45.0,0.0
2026-02-21,21416910,A668,262,0,0,0,0.0,262,262.0,0.0
2026-02-21,80805856,A668,299,0,0,27,0.0,272,272.0,0.0
2026-02-21,80865910,C816,4,0,0,0,0.0,4,4.0,0.0
2026-02-21,21121751,A716,32,0,0,0,0.0,32,32.0,0.0
2026-02-21,21171453,A672,29,0,0,1,0.0,28,28.0,0.0
2026-02-21,80812846,A673,478,0,0,3,31.0,444,444.0,0.0
2026-02-21,80807105,D191,28,0,0,1,0.0,27,27.0,0.0
2026-02-21,21352461,A668,333,0,0,8,0.0,325,325.0,0.0
2026-02-21,21141769,E556,25,0,0,0,0.0,25,25.0,0.0
2026-02-21,21377504,C816,87,0,0,1,15.0,71,71.0,0.0
2026-02-21,80807113,E568,4,0,0,0,0.0,4,4.0,0.0
2026-02-21,21170683,A680,139,0,0,4,0.0,135,135.0,0.0
2026-02-21,21113405,C810,23,0,0,0,0.0,23,23.0,0.0
2026-02-21,21314593,A673,774,0,303,26,5.0,1046,1046.0,0.0
2026-02-21,80807114,C816,1299,0,0,1,15.0,1283,1283.0,0.0
2026-02-21,21132758,E556,11,0,0,8,0.0,3,3.0,0.0
2026-02-21,21133312,E564,6,0,0,0,0.0,6,6.0,0.0
2026-02-21,80807089,E564,21,0,5,0,0.0,26,26.0,0.0
2026-02-21,80848022,A668,610,0,0,31,0.0,579,579.0,0.0
2026-02-21,80854083,A673,85,0,0,0,0.0,85,85.0,0.0
2026-02-21,80863643,A716,23,0,0,0,0.0,23,23.0,0.0
2026-02-21,80793615,E564,2,0,0,0,0.0,2,2.0,0.0
2026-02-21,80884845,A716,250,0,0,0,0.0,250,250.0,0.0
2026-02-21,80807105,E568,4,0,0,0,0.0,4,4.0,0.0
2026-02-21,21314875,A668,55,0,0,0,0.0,55,55.0,0.0
2026-02-21,80804132,E556,28,0,13,5,0.0,36,36.0,0.0
2026-02-21,80840975,E564,8,0,0,1,0.0,7,7.0,0.0
2026-02-21,21269899,0386,2,0,0,0,0.0,2,2.0,0.0
2026-02-21,80804130,C819,5,0,0,0,0.0,5,5.0,0.0
2026-02-21,21314595,A672,675,0,0,26,0.0,649,649.0,0.0
2026-02-21,21325292,A672,562,0,0,0,3.0,559,559.0,0.0
2026-02-21,21377504,E568,2,0,0,0,0.0,2,2.0,0.0
2026-02-21,21143102,A680,166,0,0,4,0.0,162,162.0,0.0
2026-02-21,80807114,E568,2,0,0,0,0.0,2,2.0,0.0
2026-02-21,80812845,E569,39,0,5,1,0.0,43,43.0,0.0
2026-02-21,80885921,A672,163,0,0,9,0.0,154,154.0,0.0
2026-02-21,21315352,A715,48,0,0,4,0.0,44,44.0,0.0
2026-02-21,80865910,A673,2364,0,0,2,0.0,2362,2362.0,0.0
2026-02-21,80807118,E556,37,0,19,0,0.0,56,56.0,0.0
2026-02-21,80863645,A672,585,0,0,2,0.0,583,583.0,0.0
2026-02-21,21133312,D901,50,0,21,6,0.0,65,65.0,0.0
2026-02-21,21434952,A672,338,0,0,32,0.0,306,306.0,0.0
2026-02-21,21314595,C810,5,0,0,1,0.0,4,4.0,0.0
2026-02-21,21325292,C810,51,0,0,3,0.0,48,48.0,0.0
2026-02-21,80868100,A716,78,0,0,1,0.0,77,77.0,0.0
2026-02-21,80796091,C816,325,0,0,2,0.0,323,323.0,0.0
2026-02-21,21141769,A715,124,0,0,3,0.0,121,121.0,0.0
2026-02-21,21377504,A673,531,0,0,4,0.0,527,527.0,0.0
2026-02-21,21414747,0386,1,0,0,0,0.0,1,1.0,0.0
2026-02-21,80807100,A716,84,0,0,0,0.0,84,84.0,0.0
2026-02-21,80812103,A672,87,0,0,3,0.0,84,84.0,0.0
2026-02-21,80807114,A673,739,0,0,4,5.0,730,730.0,0.0
2026-02-21,80795932,A672,309,0,0,2,0.0,307,307.0,0.0
2026-02-21,80807112,C816,319,0,0,5,19.0,295,295.0,0.0
2026-02-21,21148509,C816,254,0,0,14,10.0,230,230.0,0.0
2026-02-21,80805850,E569,2,0,0,0,0.0,2,2.0,0.0
2026-02-21,21132758,A715,120,0,72,4,0.0,188,188.0,0.0
2026-02-21,80807120,C819,39,0,0,1,0.0,38,38.0,0.0
2026-02-21,80868101,A716,119,0,0,0,0.0,119,119.0,0.0
2026-02-21,80848026,A668,620,0,0,33,0.0,587,587.0,0.0
2026-02-21,80807110,A715,566,0,0,16,0.0,550,550.0,0.0
2026-02-21,21366842,0386,1,0,0,0,0.0,1,1.0,0.0
2026-02-21,21128067,C816,346,0,0,32,0.0,314,314.0,0.0
2026-02-21,21303404,C937,2,0,0,0,0.0,2,2.0,0.0
2026-02-21,80804704,C937,51,0,0,12,0.0,39,39.0,0.0
2026-02-21,80804701,C819,4,0,0,0,0.0,4,4.0,0.0
2026-02-21,80804132,A715,138,0,0,1,0.0,137,137.0,0.0
2026-02-21,21377091,A672,3713,0,0,0,0.0,3713,3713.0,0.0
2026-02-21,80884850,C816,171,0,0,2,0.0,169,169.0,0.0
2026-02-21,80807091,C937,21,0,0,2,0.0,19,19.0,0.0
2026-02-21,80840976,A716,203,0,0,0,0.0,203,203.0,0.0
2026-02-21,80807117,A672,16,0,0,0,0.0,16,16.0,0.0
2026-02-21,80848023,D901,391,0,194,39,0.0,546,546.0,0.0
2026-02-21,21434946,0386,86,0,0,0,0.0,86,86.0,0.0
2026-02-21,80848027,C937,4,0,0,0,0.0,4,4.0,0.0
2026-02-21,80807097,C937,4,0,0,0,0.0,4,4.0,0.0
2026-02-21,80807100,D901,94,0,36,3,0.0,127,127.0,0.0
2026-02-21,80804137,A680,71,0,0,2,0.0,69,69.0,0.0
2026-02-21,80812840,D767,31,0,44,6,0.0,69,69.0,0.0
2026-02-21,21132758,E295,97,0,20,20,0.0,97,97.0,0.0
2026-02-21,21442897,A680,48,0,0,5,0.0,43,43.0,0.0
2026-02-21,80804128,E556,19,0,0,2,0.0,17,17.0,0.0
2026-02-21,21127730,C816,1912,0,0,19,0.0,1893,1893.0,0.0
2026-02-21,80804127,A672,325,0,0,15,0.0,310,310.0,0.0
2026-02-21,80804133,E569,18,0,4,1,0.0,21,21.0,0.0
2026-02-21,80807118,A715,321,0,429,5,0.0,745,745.0,0.0
2026-02-21,21029016,E568,4,0,0,0,0.0,4,4.0,0.0
2026-02-21,21315474,E556,25,0,15,5,0.0,35,35.0,0.0
2026-02-21,21162696,E564,13,0,2,0,0.0,15,15.0,0.0
2026-02-21,80791223,C816,64,0,0,0,0.0,64,64.0,0.0
2026-02-21,80807095,A716,101,0,0,3,0.0,98,98.0,0.0
2026-02-21,21128067,E568,14,0,0,1,0.0,13,13.0,0.0
2026-02-21,21118864,A715,15,0,0,0,0.0,15,15.0,0.0
2026-02-21,80807091,0386,1,0,0,0,0.0,1,1.0,0.0
2026-02-21,80807112,A673,1053,0,0,27,13.0,1013,1013.0,0.0
2026-02-21,21148509,A673,432,0,0,21,21.0,390,390.0,0.0
2026-02-21,21133493,C816,32,0,0,4,0.0,28,28.0,0.0
2026-02-21,80807122,C937,2,0,0,0,0.0,2,2.0,0.0
2026-02-21,80804703,A668,29,0,0,6,0.0,23,23.0,0.0
2026-02-21,21128377,C937,14,0,0,3,0.0,11,11.0,0.0
2026-02-21,80804138,E569,8,0,3,1,0.0,10,10.0,0.0
2026-02-21,21325164,A672,2233,0,0,12,0.0,2221,2221.0,0.0
2026-02-21,80804706,A716,216,0,0,0,0.0,216,216.0,0.0
2026-02-21,21419490,A668,107,0,51,5,0.0,153,153.0,0.0
2026-02-21,21098519,A668,607,0,0,36,0.0,571,571.0,0.0
2026-02-21,80807096,C819,12,0,0,0,0.0,12,12.0,0.0
2026-02-21,80864469,A716,342,0,0,4,0.0,338,338.0,0.0
2026-02-21,80812839,E564,16,0,2,7,0.0,11,11.0,0.0
2026-02-21,80804705,A716,2373,0,0,11,0.0,2362,2362.0,0.0
2026-02-21,80848026,C563,55,0,0,2,0.0,53,53.0,0.0
2026-02-21,21179704,A668,41,0,0,3,0.0,38,38.0,0.0
2026-02-21,80884850,A673,413,0,0,8,0.0,405,405.0,0.0
2026-02-21,80885920,A668,107,0,49,17,0.0,139,139.0,0.0
2026-02-21,80804135,C819,9,0,0,0,0.0,9,9.0,0.0
2026-02-21,21422791,A680,47,0,0,1,0.0,46,46.0,0.0
2026-02-21,21428668,A716,931,0,0,7,0.0,924,924.0,0.0
2026-02-21,21325164,C810,19,0,0,0,0.0,19,19.0,0.0
2026-02-21,80807110,C816,216,0,0,3,20.0,193,193.0,0.0
2026-02-21,80807122,0386,2,0,0,0,0.0,2,2.0,0.0
2026-02-21,80807119,A672,991,0,0,8,0.0,983,983.0,0.0
2026-02-21,80812846,A668,249,0,0,7,0.0,242,242.0,0.0
2026-02-21,21419500,A680,24,0,0,1,0.0,23,23.0,0.0
2026-02-21,21127730,A673,378,0,635,33,1.0,979,979.0,0.0
2026-02-21,80804130,A680,51,0,20,1,0.0,70,70.0,0.0
2026-02-21,80851898,A716,215,0,0,2,0.0,213,213.0,0.0
2026-02-21,80791223,A673,73,0,0,0,0.0,73,73.0,0.0
2026-02-21,21170683,E556,19,0,0,1,0.0,18,18.0,0.0
2026-02-21,21113405,C937,6,0,0,0,0.0,6,6.0,0.0
2026-02-21,21314593,A668,174,0,60,3,0.0,231,231.0,0.0
2026-02-21,21463645,A680,35,0,0,0,0.0,35,35.0,0.0
2026-02-21,80838162,A672,659,0,0,0,0.0,659,659.0,0.0
2026-02-21,80804705,D901,95,0,0,0,0.0,95,95.0,0.0
2026-02-21,80807119,C810,7,0,0,1,0.0,6,6.0,0.0
2026-02-21,80884848,0386,1,0,0,0,0.0,1,1.0,0.0
2026-02-21,21133493,A673,97,0,0,3,0.0,94,94.0,0.0
2026-02-21,80807115,E556,42,0,22,6,0.0,58,58.0,0.0
2026-02-21,21315352,A673,305,0,0,23,5.0,277,277.0,0.0
2026-02-21,21301637,C937,24,0,0,0,0.0,24,24.0,0.0
2026-02-21,80884852,0386,1,0,0,0,0.0,1,1.0,0.0
2026-02-21,21151196,D767,9,0,0,1,0.0,8,8.0,0.0
2026-02-21,80868102,A715,267,0,0,1,0.0,266,266.0,0.0
2026-02-21,80812840,C816,457,0,0,4,9.0,444,444.0,0.0
2026-02-21,21113405,0386,813,0,0,0,0.0,813,813.0,0.0
2026-02-21,21314602,C816,97,0,0,3,44.0,50,50.0,0.0
2026-02-21,80807120,A680,186,0,0,6,0.0,180,180.0,0.0
2026-02-21,80812110,A716,92,0,0,0,0.0,92,92.0,0.0
2026-02-21,21133312,E569,5,0,0,0,0.0,5,5.0,0.0
2026-02-21,21141769,A673,323,0,0,22,16.0,285,285.0,0.0
2026-02-21,21118864,C816,100,0,0,1,1.0,98,98.0,0.0
2026-02-21,21121756,E564,4,0,0,0,0.0,4,4.0,0.0
2026-02-21,21304907,D767,2,0,0,1,0.0,1,1.0,0.0
2026-02-21,21155895,A716,58,0,0,1,0.0,57,57.0,0.0
2026-02-21,80884846,A716,97,0,0,0,0.0,97,97.0,0.0
2026-02-21,80807110,A673,769,0,0,15,40.0,714,714.0,0.0
2026-02-21,80804699,A680,15,0,0,1,0.0,14,14.0,0.0
2026-02-21,80804701,A680,25,0,0,4,0.0,21,21.0,0.0
2026-02-21,21325292,C937,14,0,0,2,0.0,12,12.0,0.0
2026-02-21,80864470,E569,8,0,1,1,0.0,8,8.0,0.0
2026-02-21,80840975,E569,8,0,2,1,0.0,9,9.0,0.0
2026-02-21,21170683,A715,14,0,0,0,0.0,14,14.0,0.0
2026-02-21,80812840,E568,8,0,0,1,0.0,7,7.0,0.0
2026-02-21,80848031,E564,4,0,0,0,0.0,4,4.0,0.0
2026-02-21,80804702,C937,1,0,0,0,0.0,1,1.0,0.0
2026-02-21,80848031,A716,170,0,0,0,0.0,170,170.0,0.0
2026-02-21,80831843,C816,2,0,0,0,0.0,2,2.0,0.0
2026-02-21,21315350,D767,48,0,12,1,0.0,59,59.0,0.0
2026-02-21,21434954,A716,51,0,0,0,0.0,51,51.0,0.0
2026-02-21,21121756,D901,9,0,0,1,0.0,8,8.0,0.0
2026-02-21,80848023,E569,24,0,7,2,0.0,29,29.0,0.0
2026-02-21,80807100,E569,8,0,0,1,0.0,7,7.0,0.0
2026-02-21,80838165,A680,70,0,0,4,0.0,66,66.0,0.0
2026-02-21,80812840,A673,1845,0,0,29,0.0,1816,1816.0,0.0
2026-02-21,21314602,A673,182,0,0,4,0.0,178,178.0,0.0
2026-02-21,80885921,0386,4,0,0,0,0.0,4,4.0,0.0
2026-02-21,21143102,A715,89,0,0,3,0.0,86,86.0,0.0
2026-02-21,21118864,A673,364,0,0,8,0.0,356,356.0,0.0
2026-02-21,80863645,0386,4,0,0,0,0.0,4,4.0,0.0
2026-02-21,80807092,A668,92,0,35,3,0.0,124,124.0,0.0
2026-02-21,21434952,0386,2261,0,0,0,0.0,2261,2261.0,0.0
2026-02-21,80807113,C937,23,0,0,0,0.0,23,23.0,0.0
2026-02-21,80807096,A680,36,0,0,0,0.0,36,36.0,0.0
2026-02-21,80848031,D901,5,0,0,1,0.0,4,4.0,0.0
2026-02-21,80804698,D767,9,0,2,2,0.0,9,9.0,0.0
2026-02-21,21275914,E569,5,0,3,0,0.0,8,8.0,0.0
2026-02-21,80812338,C816,53,0,0,0,0.0,53,53.0,0.0
2026-02-21,80812103,0386,3,0,0,0,3.0,0,0.0,0.0
2026-02-21,80795932,0386,3,0,0,0,0.0,3,3.0,0.0
2026-02-21,80807095,C819,53,0,0,4,0.0,49,49.0,0.0
2026-02-21,80804135,A680,242,0,0,1,0.0,241,241.0,0.0
2026-02-21,80807112,A668,634,0,0,6,0.0,628,628.0,0.0
2026-02-21,21148509,A668,193,0,0,8,0.0,185,185.0,0.0
2026-02-21,80812099,A668,18,0,1,1,0.0,18,18.0,0.0
2026-02-21,80807105,C937,32,0,0,1,0.0,31,31.0,0.0
2026-02-21,80831843,A673,188,0,0,0,0.0,188,188.0,0.0
2026-02-21,21291975,A716,19,0,0,0,0.0,19,19.0,0.0
2026-02-21,21377091,0386,4,0,0,0,0.0,4,4.0,0.0
2026-02-21,21132988,E564,70,0,20,0,0.0,90,90.0,0.0
2026-02-21,80807116,C819,28,0,0,2,0.0,26,26.0,0.0
2026-02-21,80848025,A716,308,0,0,0,0.0,308,308.0,0.0
2026-02-21,80804136,A716,204,0,0,8,0.0,196,196.0,0.0
2026-02-21,80805852,A716,36,0,0,0,0.0,36,36.0,0.0
2026-02-21,21357275,A672,457,0,0,16,0.0,441,441.0,0.0
2026-02-21,80884850,A668,106,0,0,2,0.0,104,104.0,0.0
2026-02-21,80804129,A672,267,0,0,6,0.0,261,261.0,0.0
2026-02-21,80804127,0386,0,1817,0,0,1817.0,0,0.0,0.0
2026-02-21,80804137,A715,189,0,0,1,0.0,188,188.0,0.0
2026-02-21,21442897,A715,793,0,0,5,0.0,788,788.0,0.0
2026-02-21,80864469,E569,3,0,13,0,0.0,16,16.0,0.0
2026-02-21,80804130,E556,30,0,4,2,0.0,32,32.0,0.0
2026-02-21,80804705,E569,16,0,4,4,0.0,16,16.0,0.0
2026-02-21,80804704,E564,102,0,0,11,0.0,91,91.0,0.0
2026-02-21,80807102,D767,14,0,4,0,0.0,18,18.0,0.0
2026-02-21,21314594,A680,51,0,0,5,0.0,46,46.0,0.0
2026-02-21,21357275,C810,9,0,0,1,0.0,8,8.0,0.0
2026-02-21,80812338,A673,104,0,0,1,0.0,103,103.0,0.0
2026-02-21,80812839,E569,17,0,0,1,0.0,16,16.0,0.0
2026-02-21,21315350,C816,779,0,0,40,0.0,739,739.0,0.0
2026-02-21,21103372,D767,22,0,0,1,0.0,21,21.0,0.0
2026-02-21,21132758,C810,108,0,0,0,92.0,16,16.0,0.0
2026-02-21,21255844,C819,5,0,0,0,0.0,5,5.0,0.0
2026-02-21,80804132,A672,696,0,0,13,2.0,681,681.0,0.0
2026-02-21,80848024,A672,304,0,0,4,0.0,300,300.0,0.0
2026-02-21,80868102,A673,57,0,12,5,0.0,64,64.0,0.0
2026-02-21,80804136,D901,11,0,47,2,0.0,56,56.0,0.0
2026-02-21,80848029,A716,116,0,0,1,0.0,115,115.0,0.0
2026-02-21,21325164,0386,1911,0,0,0,0.0,1911,1911.0,0.0
2026-02-21,21307836,C937,2,0,0,0,0.0,2,2.0,0.0
2026-02-21,80851898,E569,4,0,0,0,0.0,4,4.0,0.0
2026-02-21,21315352,A668,65,0,0,5,0.0,60,60.0,0.0
2026-02-21,80796091,C937,4,0,0,0,0.0,4,4.0,0.0
2026-02-21,80804132,C810,60,0,0,6,0.0,54,54.0,0.0
2026-02-21,21354246,A672,721,0,0,6,0.0,715,715.0,0.0
2026-02-21,80807120,E556,17,0,4,2,0.0,19,19.0,0.0
2026-02-21,21141769,A668,158,0,0,12,0.0,146,146.0,0.0
2026-02-21,80805856,A716,91,0,0,3,0.0,88,88.0,0.0
2026-02-21,80885919,C816,164,0,0,10,0.0,154,154.0,0.0
2026-02-21,80804698,C816,2271,0,0,15,25.0,2231,2231.0,0.0
2026-02-21,21165946,A680,1477,0,0,1,0.0,1476,1476.0,0.0
2026-02-21,21422791,A715,5,0,0,0,0.0,5,5.0,0.0
2026-02-21,21128067,C937,12,0,0,1,0.0,11,11.0,0.0
2026-02-21,21155895,C819,10,0,0,1,0.0,9,9.0,0.0
2026-02-21,80848029,D901,97,0,0,33,0.0,64,64.0,0.0
2026-02-21,21352461,A716,132,0,0,2,0.0,130,130.0,0.0
2026-02-21,80804134,C819,10,0,0,0,0.0,10,10.0,0.0
2026-02-21,80807110,A668,486,0,0,10,0.0,476,476.0,0.0
2026-02-21,21314876,E564,18,0,0,0,0.0,18,18.0,0.0
2026-02-21,80804699,E556,7,0,0,1,0.0,6,6.0,0.0
2026-02-21,80793613,E568,1,0,0,0,0.0,1,1.0,0.0
2026-02-21,21170691,A672,38,0,0,0,0.0,38,38.0,0.0
2026-02-21,21314876,A716,154,0,0,1,0.0,153,153.0,0.0
2026-02-21,21419500,A715,80,0,0,0,0.0,80,80.0,0.0
2026-02-21,80804130,A715,101,0,0,6,0.0,95,95.0,0.0
2026-02-21,80812110,E569,1,0,5,1,0.0,5,5.0,0.0
2026-02-21,21357021,A672,2227,0,0,0,0.0,2227,2227.0,0.0
2026-02-21,21143103,A680,68,0,0,0,0.0,68,68.0,0.0
2026-02-21,80848022,A716,238,0,0,5,0.0,233,233.0,0.0
2026-02-21,21165868,A680,9,0,0,0,0.0,9,9.0,0.0
2026-02-21,21121756,E569,5,0,0,0,0.0,5,5.0,0.0
2026-02-21,21170691,C810,703,0,0,1,0.0,702,702.0,0.0
2026-02-21,80804137,C816,253,0,0,3,9.0,241,241.0,0.0
2026-02-21,21314875,A716,62,0,0,2,0.0,60,60.0,0.0
2026-02-21,80804128,A672,1124,0,0,2,1.0,1121,1121.0,0.0
2026-02-21,21315474,A672,732,0,0,20,3.0,709,709.0,0.0
2026-02-21,80812845,D767,70,0,0,8,0.0,62,62.0,0.0
2026-02-21,80807118,A668,507,0,0,1,0.0,506,506.0,0.0
2026-02-21,21314602,A668,39,0,0,0,0.0,39,39.0,0.0
2026-02-21,21314876,D901,16,0,9,0,0.0,25,25.0,0.0
2026-02-21,21113405,E564,7,0,0,1,0.0,6,6.0,0.0
2026-02-21,80848031,E569,17,0,0,1,0.0,16,16.0,0.0
2026-02-21,80807120,A715,89,0,0,0,0.0,89,89.0,0.0
2026-02-21,21137866,D767,93,0,0,10,0.0,83,83.0,0.0
2026-02-21,21176384,C816,61,0,0,2,0.0,59,59.0,0.0
2026-02-21,21118864,A668,65,0,0,1,0.0,64,64.0,0.0
2026-02-21,80885919,A673,289,0,0,0,0.0,289,289.0,0.0
2026-02-21,80804698,A673,77,0,17,8,0.0,86,86.0,0.0
2026-02-21,80807102,C816,176,0,0,3,0.0,173,173.0,0.0
2026-02-21,21171453,E564,3,0,0,0,0.0,3,3.0,0.0
2026-02-21,80804128,C810,5,0,0,0,0.0,5,5.0,0.0
2026-02-21,80807116,A680,644,0,0,17,0.0,627,627.0,0.0
2026-02-21,80807096,E556,14,0,60,6,0.0,68,68.0,0.0
2026-02-21,21103372,D191,2,0,0,0,0.0,2,2.0,0.0
2026-02-21,21315474,C810,130,0,0,8,11.0,111,111.0,0.0
2026-02-21,80804699,A715,68,0,0,1,0.0,67,67.0,0.0
2026-02-21,80804701,A715,1105,0,0,3,0.0,1102,1102.0,0.0
2026-02-21,21314875,D901,17,0,8,5,0.0,20,20.0,0.0
2026-02-21,21132758,C563,34,0,0,2,0.0,32,32.0,0.0
2026-02-21,80848026,A716,277,0,0,11,0.0,266,266.0,0.0
2026-02-21,21376841,A672,3177,0,0,0,0.0,3177,3177.0,0.0
2026-02-21,21121751,E556,9,0,0,2,0.0,7,7.0,0.0
2026-02-21,80807102,E568,4,0,0,0,0.0,4,4.0,0.0
2026-02-21,80804137,A673,453,0,384,11,2.0,824,824.0,0.0
2026-02-21,21103372,E568,3,0,0,0,0.0,3,3.0,0.0
2026-02-21,21255844,A680,1755,0,0,0,0.0,1755,1755.0,0.0
2026-02-21,21314595,E564,2,0,0,0,0.0,2,2.0,0.0
2026-02-21,21325292,E564,69,0,15,8,0.0,76,76.0,0.0
2026-02-21,21419500,C816,250,0,0,5,66.0,179,179.0,0.0
2026-02-21,80804133,D767,33,0,18,0,0.0,51,51.0,0.0
2026-02-21,21176384,A673,159,0,0,5,1.0,153,153.0,0.0
2026-02-21,80812841,A672,2279,0,0,44,28.0,2207,2207.0,0.0
2026-02-21,80848026,D901,0,0,593,0,0.0,593,593.0,0.0
2026-02-21,80804136,E569,1,0,32,3,0.0,30,30.0,0.0
2026-02-21,80807096,A715,97,0,304,6,0.0,395,395.0,0.0
2026-02-21,80807115,A672,684,0,0,20,2.0,662,662.0,0.0
2026-02-21,80793614,A680,9,0,0,0,0.0,9,9.0,0.0
2026-02-21,21118867,C816,269,0,0,0,7.0,262,262.0,0.0
2026-02-21,21170683,C810,5,0,0,0,0.0,5,5.0,0.0
2026-02-21,80812338,A668,11,0,0,1,0.0,10,10.0,0.0
2026-02-21,80812103,E564,16,0,0,0,0.0,16,16.0,0.0
2026-02-21,80868102,A668,8,0,10,0,0.0,18,18.0,0.0
2026-02-21,80804138,D767,15,0,6,2,0.0,19,19.0,0.0
2026-02-21,80804135,A715,181,0,0,0,0.0,181,181.0,0.0
2026-02-21,80812841,C810,20,0,0,1,0.0,19,19.0,0.0
2026-02-21,21103371,E295,116,0,2,13,0.0,105,105.0,0.0
2026-02-21,80804134,A680,280,0,0,7,0.0,273,273.0,0.0
2026-02-21,21314595,D901,25,0,12,2,0.0,35,35.0,0.0
2026-02-21,80804703,A716,334,0,0,1,0.0,333,333.0,0.0
2026-02-21,80812845,D191,55,0,0,3,0.0,52,52.0,0.0
2026-02-21,80807115,C810,105,0,115,5,49.0,166,166.0,0.0
2026-02-21,21419490,A716,172,0,0,2,0.0,170,170.0,0.0
2026-02-21,21098519,A716,148,0,0,8,0.0,140,140.0,0.0
2026-02-21,21422791,A673,2193,0,0,40,0.0,2153,2153.0,0.0
2026-02-21,21137866,C816,895,0,0,18,31.0,846,846.0,0.0
2026-02-21,21357275,0386,4,0,0,0,0.0,4,4.0,0.0
2026-02-21,21137866,D191,8,0,0,2,0.0,6,6.0,0.0
2026-02-21,21179704,A716,26,0,0,0,0.0,26,26.0,0.0
2026-02-21,80804701,C816,173,0,1,7,0.0,167,167.0,0.0
2026-02-21,80848029,E569,8,0,0,1,0.0,7,7.0,0.0
2026-02-21,21419500,A673,264,0,0,65,0.0,199,199.0,0.0
2026-02-21,80885920,A716,426,0,0,1,0.0,425,425.0,0.0
2026-02-21,80812846,A716,194,0,0,1,0.0,193,193.0,0.0
2026-02-21,21463645,A673,1049,0,0,0,0.0,1049,1049.0,0.0
2026-02-21,21142560,C816,291,0,0,4,0.0,287,287.0,0.0
2026-02-21,80804127,E564,7,0,0,0,0.0,7,7.0,0.0
2026-02-21,80807090,A680,21,0,0,1,0.0,20,20.0,0.0
2026-02-21,80812845,E568,6,0,0,0,0.0,6,6.0,0.0
2026-02-21,21315474,C563,4,0,0,0,0.0,4,4.0,0.0
2026-02-21,21314593,A716,60,0,0,2,0.0,58,58.0,0.0
2026-02-21,21098519,D901,113,0,45,10,0.0,148,148.0,0.0
2026-02-21,21118867,A673,461,0,0,3,0.0,458,458.0,0.0
2026-02-21,80840976,E556,5,0,0,0,0.0,5,5.0,0.0
2026-02-21,21137866,E568,18,0,0,2,0.0,16,16.0,0.0
2026-02-21,21314594,A715,55,0,0,0,0.0,55,55.0,0.0
2026-02-21,80805856,E569,0,0,27,1,0.0,26,26.0,0.0
2026-02-21,80807093,A680,8,0,0,0,0.0,8,8.0,0.0
2026-02-21,21103371,C816,708,0,0,0,2.0,706,706.0,0.0
2026-02-21,80854083,A716,2,0,0,0,0.0,2,2.0,0.0
2026-02-21,21103371,D191,2,0,0,0,0.0,2,2.0,0.0
2026-02-21,21352461,E569,1,0,0,0,0.0,1,1.0,0.0
2026-02-21,80807097,C819,2,0,0,0,0.0,2,2.0,0.0
2026-02-21,80807120,A673,513,0,0,6,13.0,494,494.0,0.0
2026-02-21,21143102,A668,220,0,0,9,0.0,211,211.0,0.0
2026-02-21,21133312,D767,4,0,0,0,0.0,4,4.0,0.0
2026-02-21,80807095,E556,54,0,12,4,0.0,62,62.0,0.0
2026-02-21,80812846,D901,128,0,51,17,0.0,162,162.0,0.0
2026-02-21,80807089,D767,25,0,5,2,0.0,28,28.0,0.0
2026-02-21,21354246,0386,2272,0,0,0,0.0,2272,2272.0,0.0
2026-02-21,21137866,A673,961,0,0,89,21.0,851,851.0,0.0
2026-02-21,80804701,A673,282,0,32,62,0.0,252,252.0,0.0
2026-02-21,21151196,C937,18,0,0,3,0.0,15,15.0,0.0
2026-02-21,80804135,C816,556,0,0,3,0.0,553,553.0,0.0
2026-02-21,80840975,D767,4,0,0,1,0.0,3,3.0,0.0
2026-02-21,80807119,E564,17,0,0,1,0.0,16,16.0,0.0
2026-02-21,21165946,A715,29,0,0,0,0.0,29,29.0,0.0
2026-02-21,80807116,E556,49,0,11,5,0.0,55,55.0,0.0
2026-02-21,21357021,0386,4,0,0,0,0.0,4,4.0,0.0
2026-02-21,21304907,C937,5,0,0,0,0.0,5,5.0,0.0
2026-02-21,80804133,E568,4,0,0,0,0.0,4,4.0,0.0
2026-02-21,21325164,D901,4,0,0,0,0.0,4,4.0,0.0
2026-02-21,80838162,E564,12,0,1,1,0.0,12,12.0,0.0
2026-02-21,21143103,A715,122,0,0,3,0.0,119,119.0,0.0
2026-02-21,80812154,D767,10,0,0,0,0.0,10,10.0,0.0
2026-02-21,21151196,0386,0,2090,0,0,2089.0,1,1.0,0.0
2026-02-21,21103371,A673,471,0,0,35,17.0,419,419.0,0.0
2026-02-21,80807100,D767,38,0,0,4,0.0,34,34.0,0.0
2026-02-21,21165868,A715,29,0,0,0,0.0,29,29.0,0.0
2026-02-21,80804137,A668,97,0,87,4,0.0,180,180.0,0.0
2026-02-21,21442897,A668,75,0,38,7,0.0,106,106.0,0.0
2026-02-21,21255844,E556,1,0,0,0,0.0,1,1.0,0.0
2026-02-21,21315350,C937,125,0,0,0,0.0,125,125.0,0.0
2026-02-21,21442422,C816,2260,0,0,38,18.0,2204,2204.0,0.0
2026-02-21,80804138,E568,5,0,0,0,0.0,5,5.0,0.0
2026-02-21,80807119,D901,68,0,37,3,0.0,102,102.0,0.0
2026-02-21,80807096,A673,143,0,0,5,12.0,126,126.0,0.0
2026-02-21,80848026,E569,29,0,51,15,0.0,65,65.0,0.0
2026-02-21,21314594,C816,934,0,0,48,0.0,886,886.0,0.0
2026-02-21,80807092,A716,106,0,0,0,0.0,106,106.0,0.0
2026-02-21,80848021,A672,91,0,0,5,0.0,86,86.0,0.0
2026-02-21,80793613,C937,4,0,0,0,0.0,4,4.0,0.0
2026-02-21,80804135,A673,119,0,0,6,0.0,113,113.0,0.0
2026-02-21,80805850,A672,40,0,0,0,0.0,40,40.0,0.0
2026-02-21,80807116,A715,207,0,0,4,0.0,203,203.0,0.0
2026-02-21,21314595,E569,5,0,0,0,0.0,5,5.0,0.0
2026-02-21,80848021,C810,41,0,0,0,0.0,41,41.0,0.0
2026-02-21,21376841,0386,2,0,0,0,0.0,2,2.0,0.0
2026-02-21,21143110,C816,700,0,0,1,0.0,699,699.0,0.0
2026-02-21,80807112,A716,262,0,0,1,0.0,261,261.0,0.0
2026-02-21,21148509,A716,117,0,0,0,0.0,117,117.0,0.0
2026-02-21,80812099,A716,101,0,0,0,0.0,101,101.0,0.0
2026-02-21,21155895,E556,9,0,0,0,0.0,9,9.0,0.0
2026-02-21,21133312,D191,13,0,0,1,0.0,12,12.0,0.0
2026-02-21,80807089,C816,1249,0,0,5,141.0,1103,1103.0,0.0
2026-02-21,80804134,E556,0,0,45,4,0.0,41,41.0,0.0
2026-02-21,80795933,C819,15,0,0,3,0.0,12,12.0,0.0
2026-02-21,80807092,D901,49,0,0,12,0.0,37,37.0,0.0
2026-02-21,80838164,A680,673,0,0,2,0.0,671,671.0,0.0
2026-02-21,21165946,C816,231,0,0,11,18.0,202,202.0,0.0
2026-02-21,21255844,A715,3,0,0,0,0.0,3,3.0,0.0
2026-02-21,21419500,A668,28,0,2,2,0.0,28,28.0,0.0
2026-02-21,80848022,A680,1342,0,0,33,0.0,1309,1309.0,0.0
2026-02-21,80804130,A668,111,0,0,3,0.0,108,108.0,0.0
2026-02-21,80848027,A680,56,0,0,0,0.0,56,56.0,0.0
2026-02-21,80807097,A680,49,0,0,1,0.0,48,48.0,0.0
2026-02-21,80812841,0386,3,0,0,0,0.0,3,3.0,0.0
2026-02-21,21314594,A673,247,0,909,8,8.0,1140,1140.0,0.0
2026-02-21,80863646,A672,291,0,0,0,0.0,291,291.0,0.0
2026-02-21,80804702,C819,2,0,0,0,0.0,2,2.0,0.0
2026-02-21,21431638,A672,1167,0,0,26,0.0,1141,1141.0,0.0
2026-02-21,80812839,D767,4,0,5,0,0.0,9,9.0,0.0
2026-02-21,80807089,E568,2,0,0,0,0.0,2,2.0,0.0
2026-02-21,21098519,E569,5,0,0,0,0.0,5,5.0,0.0
2026-02-21,80807115,0386,1,0,0,0,0.0,1,1.0,0.0
2026-02-21,21165868,C816,44,0,0,1,0.0,43,43.0,0.0
2026-02-21,21142556,A672,859,0,0,4,0.0,855,855.0,0.0
2026-02-21,80807090,E556,4,0,0,0,0.0,4,4.0,0.0
2026-02-21,80812154,C816,53,0,0,2,2.0,49,49.0,0.0
2026-02-21,21314593,C819,2,0,0,0,0.0,2,2.0,0.0
2026-02-21,21121752,A680,8,0,0,0,0.0,8,8.0,0.0
2026-02-21,21118867,A668,31,0,0,0,0.0,31,31.0,0.0
2026-02-21,80793614,A715,270,0,0,1,0.0,269,269.0,0.0
2026-02-21,80864470,E568,4,0,0,0,0.0,4,4.0,0.0
2026-02-21,80840975,E568,3,0,0,0,0.0,3,3.0,0.0
2026-02-21,80807093,E556,4,0,0,0,0.0,4,4.0,0.0
2026-02-21,21431638,C810,555,0,0,6,0.0,549,549.0,0.0
2026-02-21,80812846,E569,25,0,1,7,0.0,19,19.0,0.0
2026-02-21,21165816,C937,4,0,0,0,0.0,4,4.0,0.0
2026-02-21,80807102,C937,16,0,0,1,0.0,15,15.0,0.0
2026-02-21,80807089,A673,265,0,0,19,0.0,246,246.0,0.0
2026-02-21,21103372,C937,35,0,0,3,0.0,32,32.0,0.0
2026-02-21,21142556,C810,101,0,1,2,0.0,100,100.0,0.0
2026-02-21,21315352,A716,35,0,0,0,0.0,35,35.0,0.0
2026-02-21,21128377,A680,274,0,0,25,0.0,249,249.0,0.0
2026-02-21,80804127,E569,5,0,0,0,0.0,5,5.0,0.0
2026-02-21,80804134,A715,123,0,35,6,0.0,152,152.0,0.0
2026-02-21,80807120,A668,455,0,0,6,0.0,449,449.0,0.0
2026-02-21,21165946,A673,1273,0,0,33,14.0,1226,1226.0,0.0
2026-02-21,80848028,D767,23,0,0,2,0.0,21,21.0,0.0
2026-02-21,21165946,E467,19,0,0,3,0.0,16,16.0,0.0
2026-02-21,21141769,A716,92,0,62,0,0.0,154,154.0,0.0
2026-02-21,80848023,E568,15,0,0,0,0.0,15,15.0,0.0
2026-02-21,80804699,A668,11,0,2,3,0.0,10,10.0,0.0
2026-02-21,80804701,A668,38,0,10,5,0.0,43,43.0,0.0
2026-02-21,80812154,E568,2,0,0,0,0.0,2,2.0,0.0
2026-02-21,80807100,E568,2,0,0,0,0.0,2,2.0,0.0
2026-02-21,80804129,E564,8,0,0,0,0.0,8,8.0,0.0
2026-02-21,21132758,A716,208,0,0,4,0.0,204,204.0,0.0
2026-02-21,80807110,A716,342,0,0,2,0.0,340,340.0,0.0
2026-02-21,21121751,A672,63,0,0,0,0.0,63,63.0,0.0
2026-02-21,21170686,A680,36,0,0,0,0.0,36,36.0,0.0
2026-02-21,21325164,E569,4,0,0,0,0.0,4,4.0,0.0
2026-02-21,80807105,C819,10,0,0,1,0.0,9,9.0,0.0
2026-02-21,80804134,E295,0,0,88,11,0.0,77,77.0,0.0
2026-02-21,21165868,A673,441,0,0,5,1.0,435,435.0,0.0
2026-02-21,21315352,D901,25,0,15,2,0.0,38,38.0,0.0
2026-02-21,21162696,C816,57,0,0,0,11.0,46,46.0,0.0
2026-02-21,21121756,D767,4,0,0,3,0.0,1,1.0,0.0
2026-02-21,80807090,A715,52,0,0,1,0.0,51,51.0,0.0
2026-02-21,80848025,E556,10,0,2,0,0.0,12,12.0,0.0
2026-02-21,80804132,E564,60,0,20,3,0.0,77,77.0,0.0
2026-02-21,80805852,E556,4,0,0,0,0.0,4,4.0,0.0
2026-02-21,80812154,A673,279,0,0,13,0.0,266,266.0,0.0
2026-02-21,80807114,C819,2,0,0,0,0.0,2,2.0,0.0
2026-02-21,80804132,A716,528,0,0,3,0.0,525,525.0,0.0
2026-02-21,21141769,D901,85,0,43,26,0.0,102,102.0,0.0
2026-02-21,80807093,A715,60,0,0,0,0.0,60,60.0,0.0
2026-02-21,21103371,A668,326,0,0,42,0.0,284,284.0,0.0
2026-02-21,80807119,E569,17,0,0,3,0.0,14,14.0,0.0
2026-02-21,21132758,D901,138,0,0,25,0.0,113,113.0,0.0
2026-02-21,21301637,A680,188,0,0,1,0.0,187,187.0,0.0
2026-02-21,80807118,A716,234,0,0,1,0.0,233,233.0,0.0
2026-02-21,80863643,A672,467,0,0,35,0.0,432,432.0,0.0
2026-02-21,80857738,A680,2,0,0,0,0.0,2,2.0,0.0
2026-02-21,80884845,A672,29,0,0,0,0.0,29,29.0,0.0
2026-02-21,21314602,A716,62,0,0,0,0.0,62,62.0,0.0
2026-02-21,80807116,A673,1132,0,0,18,44.0,1070,1070.0,0.0
2026-02-21,21162696,E568,3,0,0,0,0.0,3,3.0,0.0
2026-02-21,80807096,A668,75,0,0,0,0.0,75,75.0,0.0
2026-02-21,80807120,C563,32,0,0,1,0.0,31,31.0,0.0
2026-02-21,21118864,A716,27,0,0,1,0.0,26,26.0,0.0
2026-02-21,80795933,A680,9,0,0,0,0.0,9,9.0,0.0
2026-02-21,80804703,A680,21,0,0,2,0.0,19,19.0,0.0
2026-02-21,80812845,C937,69,0,0,3,0.0,66,66.0,0.0
2026-02-21,80804132,D901,30,0,14,3,0.0,41,41.0,0.0
2026-02-21,80804135,A668,29,0,0,0,0.0,29,29.0,0.0
2026-02-21,80863643,C810,74,0,0,2,49.0,23,23.0,0.0
2026-02-21,21138340,A672,977,0,0,76,0.0,901,901.0,0.0
2026-02-21,80868100,A672,15,0,0,5,0.0,10,10.0,0.0
2026-02-21,21162696,A673,42,0,68,2,0.0,108,108.0,0.0
2026-02-21,80885920,A680,91,0,0,10,0.0,81,81.0,0.0
2026-02-21,80807118,D901,106,0,59,4,0.0,161,161.0,0.0
2026-02-21,21139445,C816,1085,0,0,12,49.0,1024,1024.0,0.0
2026-02-21,80807092,E569,15,0,0,0,0.0,15,15.0,0.0
2026-02-21,80804702,A680,14,0,0,0,0.0,14,14.0,0.0
2026-02-21,21148509,C819,25,0,0,2,0.0,23,23.0,0.0
2026-02-21,80868101,A672,637,0,0,0,0.0,637,637.0,0.0
2026-02-21,80848028,C816,527,0,0,13,3.0,511,511.0,0.0
2026-02-21,21127799,C816,58,0,0,0,0.0,58,58.0,0.0
2026-02-21,21029016,C819,4,0,0,0,0.0,4,4.0,0.0
2026-02-21,21303404,E556,16,0,6,1,0.0,21,21.0,0.0
2026-02-21,21128067,C819,30,0,0,2,0.0,28,28.0,0.0
2026-02-21,80804128,E564,14,0,4,1,0.0,17,17.0,0.0
2026-02-21,80868100,C810,8,0,0,0,0.0,8,8.0,0.0
2026-02-21,21421149,0386,1,0,0,0,0.0,1,1.0,0.0
2026-02-21,21315474,E564,63,0,17,6,0.0,74,74.0,0.0
2026-02-21,80848021,0386,1,0,0,0,0.0,1,1.0,0.0
2026-02-21,21275914,A672,187,0,0,3,0.0,184,184.0,0.0
2026-02-21,80868101,C810,4,0,0,0,0.0,4,4.0,0.0
2026-02-21,80812099,E569,6,0,0,0,0.0,6,6.0,0.0
2026-02-21,80848022,E556,16,0,5,1,0.0,20,20.0,0.0
2026-02-21,80840976,A672,448,0,0,1,0.0,447,447.0,0.0
2026-02-21,80805850,0386,3,0,0,0,0.0,3,3.0,0.0
2026-02-21,80848027,E556,1,0,0,0,0.0,1,1.0,0.0
2026-02-21,21314594,A668,53,0,163,6,0.0,210,210.0,0.0
2026-02-21,21132988,D767,55,0,19,1,0.0,73,73.0,0.0
2026-02-21,80848028,E568,24,0,0,0,0.0,24,24.0,0.0
2026-02-21,80804133,C937,43,0,0,0,0.0,43,43.0,0.0
2026-02-21,80804134,A673,1389,0,0,80,0.0,1309,1309.0,0.0
2026-02-21,21275914,C810,19,0,0,0,0.0,19,19.0,0.0
2026-02-21,80807095,A672,671,0,0,11,0.0,660,660.0,0.0
2026-02-21,80804134,E467,2,0,0,2,0.0,0,0.0,0.0
2026-02-21,80868102,A716,238,0,0,1,0.0,237,237.0,0.0
2026-02-21,80804128,D901,3,0,2,1,0.0,4,4.0,0.0
2026-02-21,80863646,C937,3,0,0,0,0.0,3,3.0,0.0
2026-02-21,21315474,D901,85,0,21,7,0.0,99,99.0,0.0
2026-02-21,80807105,A680,152,0,0,5,0.0,147,147.0,0.0
2026-02-21,80848028,A673,1387,0,0,37,11.0,1339,1339.0,0.0
2026-02-21,80804138,C937,17,0,0,2,0.0,15,15.0,0.0
2026-02-21,21127799,A673,112,0,0,2,0.0,110,110.0,0.0
2026-02-21,21121756,E568,7,0,0,0,0.0,7,7.0,0.0
2026-02-21,21377504,A680,26,0,0,0,0.0,26,26.0,0.0
2026-02-21,80807095,C810,32,0,0,1,0.0,31,31.0,0.0
2026-02-21,80804706,A672,52,0,0,7,0.0,45,45.0,0.0
2026-02-21,21165946,A668,51,0,0,0,0.0,51,51.0,0.0
2026-02-21,80807114,A680,124,0,0,0,0.0,124,124.0,0.0
2026-02-21,80864469,A672,192,0,0,19,3.0,170,170.0,0.0
2026-02-21,80804705,A672,263,0,0,17,14.0,232,232.0,0.0
2026-02-21,80863646,0386,4,0,0,0,0.0,4,4.0,0.0
2026-02-21,21425098,0386,4137,0,0,0,0.0,4137,4137.0,0.0
2026-02-21,21170683,A716,48,0,0,2,0.0,46,46.0,0.0
2026-02-21,21431638,0386,1,0,0,0,0.0,1,1.0,0.0
2026-02-21,80848022,A715,261,0,0,5,0.0,256,256.0,0.0
2026-02-21,21315352,E569,7,0,0,0,0.0,7,7.0,0.0
2026-02-21,80848027,A715,81,0,0,1,0.0,80,80.0,0.0
2026-02-21,80807097,A715,48,0,0,0,0.0,48,48.0,0.0
2026-02-21,80812841,E564,45,0,45,3,0.0,87,87.0,0.0
2026-02-21,21428668,A672,335,0,7,37,0.0,305,305.0,0.0
2026-02-21,21143103,A668,90,0,87,3,0.0,174,174.0,0.0
2026-02-21,80804706,C810,166,0,0,1,0.0,165,165.0,0.0
2026-02-21,80805856,D767,32,0,0,3,0.0,29,29.0,0.0
2026-02-21,80807093,A673,99,0,31,4,0.0,126,126.0,0.0
2026-02-21,21165868,A668,94,0,0,0,0.0,94,94.0,0.0
2026-02-21,80807115,E564,159,0,0,31,0.0,128,128.0,0.0
2026-02-21,80864469,C810,262,0,0,4,0.0,258,258.0,0.0
2026-02-21,80804705,C810,318,0,0,9,17.0,292,292.0,0.0
2026-02-21,21141769,E569,12,0,0,0,0.0,12,12.0,0.0
2026-02-21,80851898,A672,1045,0,0,15,13.0,1017,1017.0,0.0
2026-02-21,21357275,E569,1,0,0,0,0.0,1,1.0,0.0
2026-02-21,21121752,A715,4,0,0,0,0.0,4,4.0,0.0
2026-02-21,21132758,E569,8,0,5,1,0.0,12,12.0,0.0
2026-02-21,21143102,A716,138,0,0,6,0.0,132,132.0,0.0
2026-02-21,21170683,D901,50,0,35,5,0.0,80,80.0,0.0
2026-02-21,21128377,A715,110,0,0,4,0.0,106,106.0,0.0
2026-02-21,80796091,A680,109,0,0,0,0.0,109,109.0,0.0
2026-02-21,21366842,C816,55,0,0,0,0.0,55,55.0,0.0
2026-02-21,21132988,C816,490,0,0,35,18.0,437,437.0,0.0
2026-02-21,80804132,E569,21,0,9,3,0.0,27,27.0,0.0
2026-02-21,80812840,C819,3,0,0,1,0.0,2,2.0,0.0
2026-02-21,21132988,D191,14,0,0,0,0.0,14,14.0,0.0
2026-02-21,21143110,C937,2,0,0,0,0.0,2,2.0,0.0
2026-02-21,80807116,A668,753,0,0,11,0.0,742,742.0,0.0
2026-02-21,80852695,A715,2,0,0,0,0.0,2,2.0,0.0
2026-02-21,80807115,D901,147,0,0,5,0.0,142,142.0,0.0
2026-02-21,80812110,A672,87,0,0,1,0.0,86,86.0,0.0
2026-02-21,21121751,0386,27,0,0,0,0.0,27,27.0,0.0
2026-02-21,21128067,A680,94,0,0,3,0.0,91,91.0,0.0
2026-02-21,21155895,A672,330,0,0,14,0.0,316,316.0,0.0
2026-02-21,80884846,A672,30,0,2,1,0.0,31,31.0,0.0
2026-02-21,21143102,D901,52,0,20,1,0.0,71,71.0,0.0
2026-02-21,80807118,E569,19,0,4,1,0.0,22,22.0,0.0
2026-02-21,80793615,C937,6,0,0,1,0.0,5,5.0,0.0
2026-02-21,21170686,A715,16,0,0,0,0.0,16,16.0,0.0
2026-02-21,21179704,E556,13,0,5,1,0.0,17,17.0,0.0
2026-02-21,80864470,C937,6,0,0,1,0.0,5,5.0,0.0
2026-02-21,80840975,C937,3,0,0,0,0.0,3,3.0,0.0
2026-02-21,80884850,A680,100,0,0,4,0.0,96,96.0,0.0
2026-02-21,80804704,C816,4403,0,0,5,169.0,4229,4229.0,0.0
2026-02-21,21171453,D767,5,0,0,0,0.0,5,5.0,0.0
2026-02-21,80804704,D191,14,0,0,1,0.0,13,13.0,0.0
2026-02-21,21132988,E568,17,0,0,0,0.0,17,17.0,0.0
2026-02-21,21155895,C810,15,0,0,1,2.0,12,12.0,0.0
2026-02-21,21255844,A668,98,0,0,2,0.0,96,96.0,0.0
2026-02-21,80807091,C816,1075,0,0,5,17.0,1053,1053.0,0.0
2026-02-21,21127730,A680,326,0,0,5,0.0,321,321.0,0.0
2026-02-21,80863643,0386,2,0,0,0,2.0,0,0.0,0.0
2026-02-21,80807097,C816,253,0,0,2,0.0,251,251.0,0.0
2026-02-21,80791223,A680,14,0,0,0,0.0,14,14.0,0.0
2026-02-21,80804137,A716,90,0,0,0,0.0,90,90.0,0.0
2026-02-21,80884845,0386,2,0,0,0,0.0,2,2.0,0.0
2026-02-21,80868100,C937,4,0,0,0,0.0,4,4.0,0.0
2026-02-21,21434954,A672,638,0,0,15,0.0,623,623.0,0.0
2026-02-21,21314593,E556,64,0,0,4,0.0,60,60.0,0.0
2026-02-21,21442897,A716,578,0,0,2,0.0,576,576.0,0.0
2026-02-21,80848023,C937,66,0,0,4,0.0,62,62.0,0.0
2026-02-21,80793615,0386,3,0,0,0,3.0,0,0.0,0.0
2026-02-21,21366842,A673,235,0,0,0,0.0,235,235.0,0.0
2026-02-21,21301637,A715,47,0,0,0,0.0,47,47.0,0.0
2026-02-21,80807090,A672,68,0,0,1,0.0,67,67.0,0.0
2026-02-21,80807100,C937,4,0,0,0,0.0,4,4.0,0.0
2026-02-21,80868101,C937,4,0,0,0,0.0,4,4.0,0.0
2026-02-21,21121752,C816,374,0,0,2,12.0,360,360.0,0.0
2026-02-21,80793614,A668,9,0,0,0,0.0,9,9.0,0.0
2026-02-21,80795933,A715,7,0,0,0,0.0,7,7.0,0.0
2026-02-21,80804703,A715,447,0,0,0,0.0,447,447.0,0.0
2026-02-21,21325292,D767,27,0,0,4,0.0,23,23.0,0.0
2026-02-21,80807090,C810,43,0,0,0,0.0,43,43.0,0.0
2026-02-21,80804128,E569,10,0,0,1,0.0,9,9.0,0.0
2026-02-21,80807116,C563,27,0,0,1,0.0,26,26.0,0.0
2026-02-21,80804134,A668,390,0,0,18,0.0,372,372.0,0.0
2026-02-21,80807122,C816,474,0,0,0,13.0,461,461.0,0.0
2026-02-21,21315474,E569,10,0,0,1,0.0,9,9.0,0.0
2026-02-21,21303404,A673,820,0,0,31,0.0,789,789.0,0.0
2026-02-21,80804704,A673,703,0,47,21,0.0,729,729.0,0.0
2026-02-21,80868101,0386,2,0,0,0,0.0,2,2.0,0.0
2026-02-21,80885920,A715,333,0,0,2,0.0,331,331.0,0.0
2026-02-21,80804702,A715,63,0,0,0,0.0,63,63.0,0.0
2026-02-21,80807105,E556,29,0,16,4,0.0,41,41.0,0.0
2026-02-21,80807091,A673,154,0,0,5,0.0,149,149.0,0.0
2026-02-21,21422791,A716,19,0,0,0,0.0,19,19.0,0.0
2026-02-21,21291975,A672,190,0,0,1,0.0,189,189.0,0.0
2026-02-21,80848027,A673,137,0,0,2,5.0,130,130.0,0.0
2026-02-21,80807097,A673,463,0,0,4,14.0,445,445.0,0.0
2026-02-21,21377504,E556,7,0,0,0,0.0,7,7.0,0.0
2026-02-21,80884848,C816,220,0,0,2,4.0,214,214.0,0.0
2026-02-21,21275914,0386,162,0,0,0,0.0,162,162.0,0.0
2026-02-21,21314876,E568,4,0,0,0,0.0,4,4.0,0.0
2026-02-21,21419500,A716,67,0,0,1,0.0,66,66.0,0.0
2026-02-21,80804130,A716,38,0,0,0,0.0,38,38.0,0.0
2026-02-21,80804136,A672,790,0,0,36,13.0,741,741.0,0.0
2026-02-21,80848025,A672,1498,0,0,12,2.0,1484,1484.0,0.0
2026-02-21,80805852,A672,33,0,0,1,0.0,32,32.0,0.0
2026-02-21,21113405,C816,374,0,0,6,19.0,349,349.0,0.0
2026-02-21,21121752,A673,51,0,0,3,0.0,48,48.0,0.0
2026-02-21,80805850,E564,2,0,0,0,0.0,2,2.0,0.0
2026-02-21,21419485,A680,98,0,33,0,0.0,131,131.0,0.0
2026-02-21,21171453,C816,53,0,0,1,0.0,52,52.0,0.0
2026-02-21,80807093,A668,6,0,0,0,0.0,6,6.0,0.0
2026-02-21,80812840,A680,314,0,0,4,0.0,310,310.0,0.0
2026-02-21,21314602,A680,78,0,0,3,0.0,75,75.0,0.0
2026-02-21,80848025,C810,44,0,0,1,4.0,39,39.0,0.0
2026-02-21,80804136,C810,106,0,683,3,41.0,745,745.0,0.0
2026-02-21,21118867,A716,26,0,0,0,0.0,26,26.0,0.0
2026-02-21,80807122,A673,73,0,39,3,0.0,109,109.0,0.0
2026-02-21,21128377,A673,827,0,0,24,22.0,781,781.0,0.0
2026-02-21,21315350,C819,5,0,0,1,0.0,4,4.0,0.0
2026-02-21,21472283,A672,102,0,0,0,0.0,102,102.0,0.0
2026-02-21,80804130,D901,3,0,5,1,0.0,7,7.0,0.0
2026-02-21,80848029,A672,961,0,0,17,2.0,942,942.0,0.0
2026-02-21,80807120,A716,75,0,0,1,0.0,74,74.0,0.0
2026-02-21,21113405,E568,8,0,0,0,0.0,8,8.0,0.0
2026-02-21,80804706,0386,1,0,0,0,0.0,1,1.0,0.0
2026-02-21,80848021,D901,59,0,32,9,0.0,82,82.0,0.0
2026-02-21,80807105,A715,74,0,0,1,0.0,73,73.0,0.0
2026-02-21,80864469,0386,1,0,0,0,0.0,1,1.0,0.0
2026-02-21,80807115,E569,33,0,24,0,0.0,57,57.0,0.0
2026-02-21,21377504,A715,50,0,0,1,0.0,49,49.0,0.0
2026-02-21,80804699,A716,98,0,0,1,0.0,97,97.0,0.0
2026-02-21,80804701,A716,818,0,0,6,0.0,812,812.0,0.0
2026-02-21,21139445,C937,11,0,0,0,0.0,11,11.0,0.0
2026-02-21,80807114,A715,110,0,0,2,0.0,108,108.0,0.0
2026-02-21,21325292,C816,256,0,0,28,0.0,228,228.0,0.0
2026-02-21,21148509,E556,28,0,0,3,0.0,25,25.0,0.0
2026-02-21,80848029,C810,20,0,0,1,0.0,19,19.0,0.0
2026-02-21,21325164,D767,29,0,0,3,0.0,26,26.0,0.0
2026-02-21,21416910,A672,441,0,0,0,0.0,441,441.0,0.0
2026-02-21,21143102,E569,6,0,0,0,0.0,6,6.0,0.0
2026-02-21,21113405,A673,553,0,0,3,0.0,550,550.0,0.0
2026-02-21,80805856,A672,739,0,0,43,11.0,685,685.0,0.0
2026-02-21,80804698,C819,8,0,0,0,0.0,8,8.0,0.0
2026-02-21,80885921,C816,123,0,0,11,0.0,112,112.0,0.0
2026-02-21,21128067,E556,4,0,0,0,0.0,4,4.0,0.0
2026-02-21,80804702,C816,376,0,0,7,18.0,351,351.0,0.0
2026-02-21,80863645,C816,347,0,0,0,0.0,347,347.0,0.0
2026-02-21,80807120,D901,68,0,27,10,0.0,85,85.0,0.0
2026-02-21,21352461,A672,548,0,0,5,0.0,543,543.0,0.0
2026-02-21,80807119,D767,11,0,0,0,0.0,11,11.0,0.0
2026-02-21,80812103,C816,95,0,0,2,0.0,93,93.0,0.0
2026-02-21,21301637,A673,1853,0,0,79,0.0,1774,1774.0,0.0
2026-02-21,80795932,C816,252,0,0,2,0.0,250,250.0,0.0
2026-02-21,21103371,A716,92,0,0,3,0.0,89,89.0,0.0
2026-02-21,80838165,A716,52,0,0,0,0.0,52,52.0,0.0
2026-02-21,21325292,E568,14,0,0,1,0.0,13,13.0,0.0
2026-02-21,80857738,A673,8,0,1,1,0.0,8,8.0,0.0
2026-02-21,21121756,C937,5,0,0,0,0.0,5,5.0,0.0
2026-02-21,80848022,A672,1401,0,0,13,36.0,1352,1352.0,0.0
2026-02-21,21352461,C810,11,0,0,1,0.0,10,10.0,0.0
2026-02-21,80812338,A680,74,0,0,0,0.0,74,74.0,0.0
2026-02-21,80804137,C819,24,0,0,0,0.0,24,24.0,0.0
2026-02-21,21314875,A672,106,0,0,4,5.0,97,97.0,0.0
2026-02-21,80807113,C816,1675,0,0,8,33.0,1634,1634.0,0.0
2026-02-21,80807096,A716,57,0,0,0,0.0,57,57.0,0.0
2026-02-21,80796091,A715,167,0,0,0,0.0,167,167.0,0.0
2026-02-21,80812110,0386,0,322,0,0,322.0,0,0.0,0.0
2026-02-21,21377091,C816,177,0,0,0,0.0,177,177.0,0.0
2026-02-21,80848022,C810,82,0,0,4,3.0,75,75.0,0.0
2026-02-21,21325292,A673,467,0,0,44,14.0,409,409.0,0.0
2026-02-21,80807117,C816,134,0,0,1,13.0,120,120.0,0.0
2026-02-21,21155895,0386,1,0,0,0,1.0,0,0.0,0.0
2026-02-21,80804135,A716,253,0,0,0,0.0,253,253.0,0.0
2026-02-21,21133493,E556,88,0,18,4,0.0,102,102.0,0.0
2026-02-21,80884846,0386,1,0,0,0,0.0,1,1.0,0.0
2026-02-21,21121751,E564,7,0,0,0,0.0,7,7.0,0.0
2026-02-21,21434954,C937,4,0,0,0,0.0,4,4.0,0.0
2026-02-21,80807102,C819,4,0,0,0,0.0,4,4.0,0.0
2026-02-21,80885921,A673,283,0,0,20,0.0,263,263.0,0.0
2026-02-21,21128067,A715,187,0,0,2,0.0,185,185.0,0.0
2026-02-21,80804702,A673,24,0,0,4,0.0,20,20.0,0.0
2026-02-21,80807105,C816,505,0,0,4,94.0,407,407.0,0.0
2026-02-21,21304907,A680,28,0,0,1,0.0,27,27.0,0.0
2026-02-21,80884850,A715,90,0,0,1,0.0,89,89.0,0.0
2026-02-21,80807096,D901,76,0,27,8,0.0,95,95.0,0.0
2026-02-21,80812103,A673,139,0,0,3,0.0,136,136.0,0.0
2026-02-21,80848026,A672,770,0,0,11,30.0,729,729.0,0.0
2026-02-21,80807110,E556,33,0,16,6,0.0,43,43.0,0.0
2026-02-21,21434954,0386,1,0,0,0,0.0,1,1.0,0.0
2026-02-21,80807091,A668,163,0,0,2,0.0,161,161.0,0.0
2026-02-21,80848027,A668,37,0,0,0,0.0,37,37.0,0.0
2026-02-21,21127730,A715,138,0,0,1,0.0,137,137.0,0.0
2026-02-21,80807097,A668,45,0,0,1,0.0,44,44.0,0.0
2026-02-21,80791223,A715,16,0,0,0,0.0,16,16.0,0.0
2026-02-21,21315350,A680,289,0,0,17,0.0,272,272.0,0.0
2026-02-21,21121751,D901,15,0,0,3,0.0,12,12.0,0.0
2026-02-21,80804127,E568,1,0,0,0,0.0,1,1.0,0.0
2026-02-21,80807113,A673,813,0,2,7,8.0,800,800.0,0.0
2026-02-21,80848026,C810,501,0,0,4,13.0,484,484.0,0.0
2026-02-21,21314594,A716,48,0,0,0,0.0,48,48.0,0.0
2026-02-21,80807117,A673,89,0,26,4,0.0,111,111.0,0.0
2026-02-21,21121752,A668,9,0,0,0,0.0,9,9.0,0.0
2026-02-21,21422791,E569,1,0,0,0,0.0,1,1.0,0.0
2026-02-21,21127730,E295,142,0,188,33,0.0,297,297.0,0.0
2026-02-21,80804136,C937,31,0,0,3,0.0,28,28.0,0.0
2026-02-21,80812840,E556,56,0,9,6,0.0,59,59.0,0.0
2026-02-21,21132988,C937,20,0,0,3,0.0,17,17.0,0.0
2026-02-21,21307836,C816,2252,0,0,6,23.0,2223,2223.0,0.0
2026-02-21,80804130,E569,2,0,5,0,0.0,7,7.0,0.0
2026-02-21,80807105,A673,757,0,0,1,33.0,723,723.0,0.0
2026-02-21,80807122,A668,12,0,7,1,0.0,18,18.0,0.0
2026-02-21,21325164,E568,5,0,0,0,0.0,5,5.0,0.0
2026-02-21,21118867,C819,5,0,0,0,0.0,5,5.0,0.0
2026-02-21,21128377,A668,328,0,0,23,0.0,305,305.0,0.0
2026-02-21,80807105,E467,10,0,0,1,0.0,9,9.0,0.0
2026-02-21,80807100,E564,63,0,15,2,0.0,76,76.0,0.0
2026-02-21,80885919,A680,65,0,0,0,0.0,65,65.0,0.0
2026-02-21,80804698,A680,14,0,12,2,0.0,24,24.0,0.0
2026-02-21,80838162,C816,161,0,0,0,0.0,161,161.0,0.0
2026-02-21,21447518,A680,9,0,0,0,0.0,9,9.0,0.0
2026-02-21,21291975,0386,0,736,0,0,736.0,0,0.0,0.0
2026-02-21,80804703,A672,66,0,0,5,0.0,61,61.0,0.0
2026-02-21,21165946,A716,124,0,0,2,0.0,122,122.0,0.0
2026-02-21,21419490,A672,441,0,0,16,0.0,425,425.0,0.0
2026-02-21,80848025,0386,1,0,0,0,0.0,1,1.0,0.0
2026-02-21,21098519,A672,1509,0,0,6,0.0,1503,1503.0,0.0
2026-02-21,80804136,0386,1,0,0,0,0.0,1,1.0,0.0
2026-02-21,80807119,E568,5,0,0,0,0.0,5,5.0,0.0
2026-02-21,21137866,C819,34,0,0,2,0.0,32,32.0,0.0
2026-02-21,21179704,A672,292,0,0,12,0.0,280,280.0,0.0
2026-02-21,21170686,A668,42,0,0,0,0.0,42,42.0,0.0
2026-02-21,80848029,C937,33,0,0,3,0.0,30,30.0,0.0
2026-02-21,80885920,A672,132,0,23,39,0.0,116,116.0,0.0
2026-02-21,80807120,E569,17,0,0,1,0.0,16,16.0,0.0
2026-02-21,80891759,C810,2,0,0,0,0.0,2,2.0,0.0
2026-02-21,80804703,C810,385,0,0,7,0.0,378,378.0,0.0
2026-02-21,21143103,A716,98,0,0,1,0.0,97,97.0,0.0
2026-02-21,80812846,A672,2181,0,0,48,30.0,2103,2103.0,0.0
2026-02-21,21165868,A716,21,0,0,0,0.0,21,21.0,0.0
2026-02-21,21098519,C810,165,0,0,0,2.0,163,163.0,0.0
2026-02-21,21419485,A715,518,0,0,5,0.0,513,513.0,0.0
2026-02-21,21132758,D767,15,0,8,2,0.0,21,21.0,0.0
2026-02-21,80804699,E569,4,0,0,0,0.0,4,4.0,0.0
2026-02-21,80807095,E564,74,0,20,10,0.0,84,84.0,0.0
2026-02-21,80804129,D767,13,0,0,0,0.0,13,13.0,0.0
2026-02-21,21314593,A672,1599,0,0,20,0.0,1579,1579.0,0.0
2026-02-21,21307836,A673,93,0,36,10,0.0,119,119.0,0.0
2026-02-21,80812840,A715,318,0,0,3,0.0,315,315.0,0.0
2026-02-21,21314602,A715,244,0,0,1,0.0,243,243.0,0.0
2026-02-21,21472283,0386,1,0,0,0,0.0,1,1.0,0.0
2026-02-21,80805856,C937,21,0,0,0,0.0,21,21.0,0.0
2026-02-21,21176384,A680,14,0,0,0,0.0,14,14.0,0.0
2026-02-21,21301637,A668,198,0,0,0,0.0,198,198.0,0.0
2026-02-21,80796091,A673,468,0,0,7,0.0,461,461.0,0.0
2026-02-21,21137621,A672,1973,0,0,40,0.0,1933,1933.0,0.0
2026-02-21,21127800,A672,573,0,0,17,0.0,556,556.0,0.0
2026-02-21,80807102,A680,270,0,0,7,0.0,263,263.0,0.0
2026-02-21,80857738,A668,2,0,0,0,0.0,2,2.0,0.0
2026-02-21,80812846,C810,40,0,0,1,0.0,39,39.0,0.0
2026-02-21,80838162,A673,620,0,0,0,0.0,620,620.0,0.0
2026-02-21,21103372,A680,204,0,0,0,0.0,204,204.0,0.0
2026-02-21,80804132,D767,50,0,0,3,0.0,47,47.0,0.0
2026-02-21,80840976,D901,27,0,8,2,0.0,33,33.0,0.0
2026-02-21,80795933,A668,54,0,0,0,0.0,54,54.0,0.0
2026-02-21,21143103,D901,30,0,10,3,0.0,37,37.0,0.0
2026-02-21,21314876,C937,3,0,0,1,0.0,2,2.0,0.0
2026-02-21,21314593,C810,58,0,0,1,3.0,54,54.0,0.0
2026-02-21,80804706,E564,2,0,0,1,0.0,1,1.0,0.0
2026-02-21,80812338,E556,4,0,0,0,0.0,4,4.0,0.0
2026-02-21,80804133,C819,41,0,0,1,0.0,40,40.0,0.0
2026-02-21,21165868,D901,6,0,0,0,0.0,6,6.0,0.0
2026-02-21,21128067,A673,321,0,0,0,11.0,310,310.0,0.0
2026-02-21,80807116,A716,294,0,0,3,0.0,291,291.0,0.0
2026-02-21,80804705,E564,44,0,16,7,0.0,53,53.0,0.0
2026-02-21,21416910,0386,1909,0,0,0,0.0,1909,1909.0,0.0
2026-02-21,80805856,0386,1073,0,0,0,47.0,1026,1026.0,0.0
2026-02-21,80838165,E569,4,0,0,0,0.0,4,4.0,0.0
2026-02-21,80807095,D901,192,0,67,29,0.0,230,230.0,0.0
2026-02-21,21352461,0386,4,0,0,0,0.0,4,4.0,0.0
2026-02-21,80831843,A715,347,0,0,0,0.0,347,347.0,0.0
2026-02-21,21354246,D767,6,0,0,1,0.0,5,5.0,0.0
2026-02-21,80804702,A668,11,0,1,3,0.0,9,9.0,0.0
2026-02-21,21314876,0386,165,0,0,0,0.0,165,165.0,0.0
2026-02-21,80807096,E569,1,0,15,1,0.0,15,15.0,0.0
2026-02-21,80804706,D901,15,0,0,4,0.0,11,11.0,0.0
2026-02-21,80848022,0386,1,0,0,0,1.0,0,0.0,0.0
2026-02-21,80807116,D901,187,0,82,28,0.0,241,241.0,0.0
2026-02-21,21132752,A672,772,0,0,0,0.0,772,772.0,0.0
2026-02-21,21118867,A680,16,0,0,0,0.0,16,16.0,0.0
2026-02-21,21419485,C816,1570,0,0,29,2.0,1539,1539.0,0.0
2026-02-21,80812338,A715,6,0,0,0,0.0,6,6.0,0.0
2026-02-21,21315350,E556,117,0,4,3,0.0,118,118.0,0.0
2026-02-21,80807113,A668,657,0,0,15,0.0,642,642.0,0.0
2026-02-21,80848026,C937,129,0,0,28,0.0,101,101.0,0.0
2026-02-21,80812110,E564,18,0,2,1,0.0,19,19.0,0.0
2026-02-21,80793614,A716,2,0,0,0,0.0,2,2.0,0.0
2026-02-21,80838163,A680,3,0,0,0,0.0,3,3.0,0.0
2026-02-21,80804128,D767,7,0,7,2,0.0,12,12.0,0.0
2026-02-21,80807117,A668,4,0,0,0,0.0,4,4.0,0.0
2026-02-21,80807092,A672,900,0,0,7,0.0,893,893.0,0.0
2026-02-21,21315474,D767,38,0,15,8,0.0,45,45.0,0.0
2026-02-21,21155895,E564,8,0,0,1,0.0,7,7.0,0.0
2026-02-21,80804129,C816,359,0,0,3,0.0,356,356.0,0.0
2026-02-21,80804134,A716,164,0,0,12,0.0,152,152.0,0.0
2026-02-21,21137866,A680,365,0,0,6,0.0,359,359.0,0.0
2026-02-21,80807105,A668,295,0,0,14,0.0,281,281.0,0.0
2026-02-21,21314595,C937,4,0,0,1,0.0,3,3.0,0.0
2026-02-21,21304907,A715,106,0,0,1,0.0,105,105.0,0.0
2026-02-21,80848024,C816,247,0,0,0,0.0,247,247.0,0.0
2026-02-21,21377504,A668,60,0,0,1,0.0,59,59.0,0.0
2026-02-21,80807092,C810,46,0,0,1,2.0,43,43.0,0.0
2026-02-21,80848026,0386,1,0,0,0,0.0,1,1.0,0.0
2026-02-21,80804698,E556,8,0,0,0,0.0,8,8.0,0.0
2026-02-21,21143110,C819,4,0,0,0,0.0,4,4.0,0.0
2026-02-21,80807112,A672,1222,0,1149,8,2.0,2361,2361.0,0.0
2026-02-21,21148509,A672,1129,0,0,18,2.0,1109,1109.0,0.0
2026-02-21,80807114,A668,96,0,0,1,0.0,95,95.0,0.0
2026-02-21,80807089,C819,2,0,0,0,0.0,2,2.0,0.0
2026-02-21,80812099,A672,85,0,0,1,0.0,84,84.0,0.0
2026-02-21,80863645,C937,4,0,0,0,0.0,4,4.0,0.0
2026-02-21,21151196,E295,183,0,0,20,0.0,163,163.0,0.0
2026-02-21,80804129,E568,7,0,0,0,0.0,7,7.0,0.0
2026-02-21,21434952,C937,3,0,0,0,0.0,3,3.0,0.0
2026-02-21,80807090,E564,9,0,3,1,0.0,11,11.0,0.0
2026-02-21,21419485,A673,425,0,25,0,0.0,450,450.0,0.0
2026-02-21,21155895,D901,53,0,32,12,0.0,73,73.0,0.0
2026-02-21,80804134,D901,28,0,19,0,0.0,47,47.0,0.0
2026-02-21,80807090,A716,15,0,0,0,0.0,15,15.0,0.0
2026-02-21,80812103,C937,2,0,0,0,0.0,2,2.0,0.0
2026-02-21,80807112,C810,56,0,0,0,9.0,47,47.0,0.0
2026-02-21,21315350,A715,85,0,0,3,0.0,82,82.0,0.0
2026-02-21,21148509,C810,33,0,0,4,0.0,29,29.0,0.0
2026-02-21,80795932,C937,3,0,0,0,0.0,3,3.0,0.0
2026-02-21,80840975,C819,6,0,0,0,0.0,6,6.0,0.0
2026-02-21,80864470,C819,3,0,0,0,0.0,3,3.0,0.0
2026-02-21,21354246,C816,88,0,0,2,6.0,80,80.0,0.0
2026-02-21,21103371,A680,203,0,0,9,0.0,194,194.0,0.0
2026-02-21,80804132,E568,6,0,0,0,0.0,6,6.0,0.0
2026-02-21,80807093,A716,265,0,0,0,0.0,265,265.0,0.0
2026-02-21,80804137,E556,26,0,6,1,0.0,31,31.0,0.0
2026-02-21,21170683,D767,5,0,0,0,0.0,5,5.0,0.0
2026-02-21,21098519,C937,34,0,0,3,0.0,31,31.0,0.0
2026-02-21,80804133,A680,338,0,0,2,0.0,336,336.0,0.0
2026-02-21,21170691,C816,62,0,0,0,0.0,62,62.0,0.0
2026-02-21,21307836,A668,26,0,6,0,0.0,32,32.0,0.0
2026-02-21,80812154,C819,4,0,0,0,0.0,4,4.0,0.0
2026-02-21,80812841,D767,49,0,0,1,0.0,48,48.0,0.0
2026-02-21,21357021,C816,222,0,0,0,0.0,222,222.0,0.0
2026-02-21,80840976,E569,9,0,5,2,0.0,12,12.0,0.0
2026-02-21,80796091,A668,61,0,0,1,0.0,60,60.0,0.0
2026-02-21,80807090,D901,2,0,0,0,0.0,2,2.0,0.0
2026-02-21,21143103,E569,3,0,0,0,0.0,3,3.0,0.0
2026-02-21,80807115,D767,37,0,0,3,0.0,34,34.0,0.0
2026-02-21,80807102,E556,10,0,2,2,0.0,10,10.0,0.0
2026-02-21,21354246,E568,2,0,0,0,0.0,2,2.0,0.0
2026-02-21,80804698,A715,49,0,20,0,0.0,69,69.0,0.0
2026-02-21,80885919,A715,18,0,0,0,0.0,18,18.0,0.0
2026-02-21,21165868,E569,5,0,0,0,0.0,5,5.0,0.0
2026-02-21,21103372,E556,49,0,0,1,0.0,48,48.0,0.0
2026-02-21,21133493,A672,1567,0,0,101,0.0,1466,1466.0,0.0
2026-02-21,21447518,A715,1,0,0,0,0.0,1,1.0,0.0
2026-02-21,80804127,C937,7,0,0,0,0.0,7,7.0,0.0
2026-02-21,80804138,A680,243,0,0,2,0.0,241,241.0,0.0
2026-02-21,21151196,C816,696,0,0,31,0.0,665,665.0,0.0
2026-02-21,21315352,A672,551,0,0,47,0.0,504,504.0,0.0
2026-02-21,21419490,0386,1,0,0,0,0.0,1,1.0,0.0
2026-02-21,21098519,0386,1,0,0,0,1.0,0,0.0,0.0
2026-02-21,21151196,D191,12,0,0,1,0.0,11,11.0,0.0
2026-02-21,80807093,D901,8,0,0,1,0.0,7,7.0,0.0
2026-02-21,80807095,E569,34,0,0,2,0.0,32,32.0,0.0
2026-02-21,21128067,A668,326,0,0,10,0.0,316,316.0,0.0
2026-02-21,80804136,E564,73,0,0,12,0.0,61,61.0,0.0
2026-02-21,80805852,E564,10,0,0,1,0.0,9,9.0,0.0
2026-02-21,21141769,A672,512,0,239,51,4.0,696,696.0,0.0
2026-02-21,21304907,C816,2183,0,0,1,21.0,2161,2161.0,0.0
2026-02-21,21315352,C810,3,0,76,0,18.0,61,61.0,0.0
2026-02-21,21132758,A672,1817,0,0,86,0.0,1731,1731.0,0.0
2026-02-21,80807110,A672,2281,0,0,2,2.0,2277,2277.0,0.0
2026-02-21,21325164,C937,9,0,0,1,0.0,8,8.0,0.0
2026-02-21,21442422,A680,37,0,0,19,0.0,18,18.0,0.0
2026-02-21,80807116,E569,41,0,22,9,0.0,54,54.0,0.0
2026-02-21,21141769,C810,23,0,0,3,0.0,20,20.0,0.0
2026-02-21,21127730,A668,1491,0,0,11,0.0,1480,1480.0,0.0
2026-02-21,21162696,C819,1,0,0,0,0.0,1,1.0,0.0
2026-02-21,80804128,E568,3,0,0,0,0.0,3,3.0,0.0
2026-02-21,21137621,0386,1,0,0,0,0.0,1,1.0,0.0
2026-02-21,80791223,A668,6,0,0,0,0.0,6,6.0,0.0
2026-02-21,21315474,E568,14,0,0,2,0.0,12,12.0,0.0
2026-02-21,21176384,A715,12,0,0,0,0.0,12,12.0,0.0
2026-02-21,21376841,C816,458,0,0,0,0.0,458,458.0,0.0
2026-02-21,80807110,C810,50,0,0,0,11.0,39,39.0,0.0
2026-02-21,80848025,D901,19,0,0,0,0.0,19,19.0,0.0
2026-02-21,80807102,A715,83,0,0,0,0.0,83,83.0,0.0
2026-02-21,80807119,C937,7,0,0,1,0.0,6,6.0,0.0
2026-02-21,21103372,A715,220,0,0,12,0.0,208,208.0,0.0
2026-02-21,80793613,C816,183,0,0,0,0.0,183,183.0,0.0
2026-02-21,21151196,A673,931,0,0,28,41.0,862,862.0,0.0
2026-02-21,21118867,E556,2,0,0,0,0.0,2,2.0,0.0
2026-02-21,80807118,A672,1402,0,0,15,0.0,1387,1387.0,0.0
2026-02-21,21143110,A680,301,0,0,5,0.0,296,296.0,0.0
2026-02-21,21255844,E569,5,0,3,1,0.0,7,7.0,0.0
2026-02-21,21314602,A672,529,0,0,0,0.0,529,529.0,0.0
2026-02-21,80812839,C819,8,0,0,1,0.0,7,7.0,0.0
2026-02-21,21133312,A680,85,0,0,6,0.0,79,79.0,0.0
2026-02-21,80807089,A680,95,0,0,2,0.0,93,93.0,0.0
2026-02-21,21304907,A673,40,0,0,0,0.0,40,40.0,0.0
2026-02-21,80805856,E564,60,0,38,9,0.0,89,89.0,0.0
2026-02-21,21118864,A672,100,0,0,1,0.0,99,99.0,0.0
2026-02-21,21128067,C563,15,0,0,1,0.0,14,14.0,0.0
2026-02-21,80812841,C816,357,0,0,12,0.0,345,345.0,0.0
2026-02-21,80823707,C816,4,0,0,0,0.0,4,4.0,0.0
2026-02-21,80807118,C810,2459,0,0,0,8.0,2451,2451.0,0.0
2026-02-21,21447518,C816,3391,0,0,0,0.0,3391,3391.0,0.0
2026-02-21,21137866,E556,19,0,0,1,0.0,18,18.0,0.0
2026-02-21,80864470,A680,247,0,0,10,0.0,237,237.0,0.0
2026-02-21,80840975,A680,226,0,0,2,0.0,224,224.0,0.0
2026-02-21,80804701,E556,11,0,0,0,0.0,11,11.0,0.0
2026-02-21,80838164,A716,199,0,0,1,0.0,198,198.0,0.0
2026-02-21,80807115,D191,5,0,0,0,0.0,5,5.0,0.0
2026-02-21,80807092,C937,9,0,0,2,0.0,7,7.0,0.0
2026-02-21,21132752,0386,1,0,0,0,0.0,1,1.0,0.0
2026-02-21,21315350,A673,767,0,0,24,5.0,738,738.0,0.0
2026-02-21,80807091,A716,95,0,0,1,0.0,94,94.0,0.0
2026-02-21,80831843,A672,475,0,0,0,0.0,475,475.0,0.0
2026-02-21,80804134,E569,0,0,50,3,0.0,47,47.0,0.0
2026-02-21,80848027,A716,11,0,0,0,0.0,11,11.0,0.0
2026-02-21,80807097,A716,28,0,0,1,0.0,27,27.0,0.0
2026-02-21,21127730,C563,57,0,0,5,0.0,52,52.0,0.0
2026-02-21,80848023,A680,325,0,0,19,0.0,306,306.0,0.0
2026-02-21,21314875,E564,15,0,0,1,0.0,14,14.0,0.0
2026-02-21,80812154,A680,82,0,0,0,0.0,82,82.0,0.0
2026-02-21,80793613,A673,307,0,0,4,4.0,299,299.0,0.0
2026-02-21,80812841,E568,9,0,0,1,0.0,8,8.0,0.0
2026-02-21,21419485,A668,111,0,86,21,0.0,176,176.0,0.0
2026-02-21,21118867,A715,22,0,0,0,0.0,22,22.0,0.0
2026-02-21,80807115,E568,4,0,0,0,0.0,4,4.0,0.0
2026-02-21,80812099,C937,3,0,0,0,0.0,3,3.0,0.0
2026-02-21,80812840,A668,550,0,0,9,0.0,541,541.0,0.0
2026-02-21,21121752,A716,13,0,0,0,0.0,13,13.0,0.0
2026-02-21,21121756,C819,1,0,0,1,0.0,0,0.0,0.0
2026-02-21,21165816,C816,61,0,0,0,0.0,61,61.0,0.0
2026-02-21,80848022,D901,108,0,30,7,0.0,131,131.0,0.0
2026-02-21,80848021,D767,3,0,0,0,0.0,3,3.0,0.0
2026-02-21,80823707,A673,17,0,0,0,0.0,17,17.0,0.0
2026-02-21,21103372,C816,422,0,1088,44,6.0,1460,1460.0,0.0
2026-02-21,21447518,A673,10,0,2,0,0.0,12,12.0,0.0
2026-02-21,80807122,A716,100,0,0,0,0.0,100,100.0,0.0
2026-02-21,80807090,E569,3,0,0,0,0.0,3,3.0,0.0
2026-02-21,21128377,A716,172,0,0,6,0.0,166,166.0,0.0
2026-02-21,80848027,D901,16,0,6,0,0.0,22,22.0,0.0
2026-02-21,21137866,A715,590,0,0,6,0.0,584,584.0,0.0
2026-02-21,80868102,A672,822,0,0,4,0.0,818,818.0,0.0
2026-02-21,80852695,A716,4,0,0,0,0.0,4,4.0,0.0
2026-02-21,80804135,E556,44,0,0,0,0.0,44,44.0,0.0
2026-02-21,80807093,E569,1,0,0,0,0.0,1,1.0,0.0
2026-02-21,80812845,E295,87,0,39,5,0.0,121,121.0,0.0
2026-02-21,21162696,A680,14,0,0,0,0.0,14,14.0,0.0
2026-02-21,80868102,C810,2,0,0,0,0.0,2,2.0,0.0
2026-02-21,21170686,A716,12,0,0,0,0.0,12,12.0,0.0
2026-02-21,21128377,D901,81,0,42,8,0.0,115,115.0,0.0
2026-02-21,80804131,A680,369,0,0,0,0.0,369,369.0,0.0
2026-02-21,21269899,C819,4,0,0,0,0.0,4,4.0,0.0
2026-02-21,21170683,A672,258,0,0,9,0.0,249,249.0,0.0
2026-02-21,21103371,A715,154,0,0,1,0.0,153,153.0,0.0
2026-02-21,21291975,E569,7,0,0,0,0.0,7,7.0,0.0
2026-02-21,21165816,A673,125,0,0,0,1.0,124,124.0,0.0
2026-02-21,80807102,A673,720,0,0,21,25.0,674,674.0,0.0
2026-02-21,80804133,A715,93,0,0,1,0.0,92,92.0,0.0
2026-02-21,21103372,A673,764,0,0,8,11.0,745,745.0,0.0
2026-02-21,80812839,A680,116,0,0,5,0.0,111,111.0,0.0
2026-02-21,80848025,E569,16,0,0,1,0.0,15,15.0,0.0
2026-02-21,21301637,A716,38,0,0,0,0.0,38,38.0,0.0
2026-02-21,21357275,C937,4,0,0,0,0.0,4,4.0,0.0
2026-02-21,21314594,E556,29,0,3,2,0.0,30,30.0,0.0
2026-02-21,80805852,E569,3,0,0,0,0.0,3,3.0,0.0
2026-02-21,21170686,D901,7,0,0,0,0.0,7,7.0,0.0
2026-02-21,21132758,C937,30,0,0,4,0.0,26,26.0,0.0
2026-02-21,80804129,C937,13,0,0,0,0.0,13,13.0,0.0
2026-02-21,21315352,0386,1,0,0,0,0.0,1,1.0,0.0
2026-02-21,80804703,E564,3,0,1,1,0.0,3,3.0,0.0
2026-02-21,21143102,A672,704,0,8,35,0.0,677,677.0,0.0
2026-02-21,80795933,A716,15,0,0,0,0.0,15,15.0,0.0
2026-02-21,80838163,C816,5,0,0,0,0.0,5,5.0,0.0
2026-02-21,80812845,C816,272,0,0,10,20.0,242,242.0,0.0
2026-02-21,21151196,A668,633,0,0,21,0.0,612,612.0,0.0
2026-02-21,21098519,E564,7,0,5,1,0.0,11,11.0,0.0
2026-02-21,80804138,A715,250,0,0,0,0.0,250,250.0,0.0
2026-02-21,21139445,A680,61,0,0,16,0.0,45,45.0,0.0
2026-02-21,21179704,E564,9,0,0,1,0.0,8,8.0,0.0
2026-02-21,80804132,C937,61,0,0,5,0.0,56,56.0,0.0
2026-02-21,21132988,C819,35,0,0,2,0.0,33,33.0,0.0
2026-02-21,21421149,C816,373,0,0,4,0.0,369,369.0,0.0
2026-02-21,80848024,C937,3,0,0,0,0.0,3,3.0,0.0
2026-02-21,80807089,E556,15,0,0,1,0.0,14,14.0,0.0
2026-02-21,21304907,A668,14,0,0,0,0.0,14,14.0,0.0
2026-02-21,21301637,D901,42,0,0,0,0.0,42,42.0,0.0
2026-02-21,80848028,A680,472,0,0,6,0.0,466,466.0,0.0
2026-02-21,80812846,E564,34,0,10,4,0.0,40,40.0,0.0
2026-02-21,80805850,C816,43,0,0,0,0.0,43,43.0,0.0
2026-02-21,80804702,A716,158,0,0,1,0.0,157,157.0,0.0
2026-02-21,21165946,E556,18,0,0,1,0.0,17,17.0,0.0
2026-02-21,80807118,C937,12,0,0,1,0.0,11,11.0,0.0
2026-02-21,21314593,E564,2,0,0,0,0.0,2,2.0,0.0
2026-02-21,80804703,D901,14,0,0,1,0.0,13,13.0,0.0
2026-02-21,80864470,E556,20,0,0,2,0.0,18,18.0,0.0
2026-02-21,21442422,A715,474,0,0,8,0.0,466,466.0,0.0
2026-02-21,21121751,D767,3,0,0,2,0.0,1,1.0,0.0
2026-02-21,21354246,C937,3,0,0,0,0.0,3,3.0,0.0
2026-02-21,80804704,C819,43,0,0,3,0.0,40,40.0,0.0
2026-02-21,21421148,A672,1333,0,0,4,0.0,1329,1329.0,0.0
2026-02-21,21121756,A680,43,0,0,1,0.0,42,42.0,0.0
2026-02-21,21315350,A668,149,0,0,2,0.0,147,147.0,0.0
2026-02-21,80807091,C819,5,0,0,0,0.0,5,5.0,0.0
2026-02-21,80838163,A673,3,0,0,0,0.0,3,3.0,0.0
2026-02-21,80807118,0386,3,0,0,0,0.0,3,3.0,0.0
2026-02-21,21170691,C937,5,0,0,0,0.0,5,5.0,0.0
2026-02-21,80804137,A672,1061,0,0,20,0.0,1041,1041.0,0.0
2026-02-21,80838164,E569,2,0,0,0,0.0,2,2.0,0.0
2026-02-21,80812845,A673,1926,0,0,2,39.0,1885,1885.0,0.0
2026-02-21,80793613,A668,44,0,0,0,0.0,44,44.0,0.0
2026-02-21,80812154,E556,24,0,3,4,0.0,23,23.0,0.0
2026-02-21,21442897,A672,137,0,0,22,0.0,115,115.0,0.0
2026-02-21,80812845,E467,26,0,0,6,0.0,20,20.0,0.0
2026-02-21,80804133,C816,684,0,0,12,40.0,632,632.0,0.0
2026-02-21,21118864,0386,4,0,0,0,0.0,4,4.0,0.0
2026-02-21,21143110,A715,86,0,0,1,0.0,85,85.0,0.0
2026-02-21,21314593,D901,28,0,12,6,0.0,34,34.0,0.0
2026-02-21,80848022,E569,30,0,9,0,0.0,39,39.0,0.0
2026-02-21,21133312,A715,89,0,0,5,0.0,84,84.0,0.0
2026-02-21,21121752,C819,15,0,0,1,0.0,14,14.0,0.0
2026-02-21,80807089,A715,315,0,0,2,0.0,313,313.0,0.0
2026-02-21,80863646,C816,187,0,0,1,0.0,186,186.0,0.0
2026-02-21,80804137,C810,39,0,0,2,7.0,30,30.0,0.0
2026-02-21,80885919,A668,47,0,0,5,0.0,42,42.0,0.0
2026-02-21,80804698,A668,18,0,7,4,0.0,21,21.0,0.0
2026-02-21,80805850,A673,88,0,0,2,0.0,86,86.0,0.0
2026-02-21,80804128,C937,15,0,0,1,0.0,14,14.0,0.0
2026-02-21,80807105,A716,74,0,177,3,0.0,248,248.0,0.0
2026-02-21,21142556,C816,123,0,0,1,0.0,122,122.0,0.0
2026-02-21,21447518,A668,4,0,1,0,0.0,5,5.0,0.0
2026-02-21,21315474,C937,16,0,0,1,0.0,15,15.0,0.0
2026-02-21,80807122,C819,1,0,0,0,0.0,1,1.0,0.0
2026-02-21,80804138,C816,146,0,0,2,4.0,140,140.0,0.0
2026-02-21,80864470,A715,120,0,0,4,0.0,116,116.0,0.0
2026-02-21,80840975,A715,174,0,0,0,0.0,174,174.0,0.0
2026-02-21,80807114,A716,45,0,107,0,0.0,152,152.0,0.0
2026-02-21,21143110,E295,96,0,32,23,0.0,105,105.0,0.0
2026-02-21,21128377,E569,6,0,0,0,0.0,6,6.0,0.0
2026-02-21,21422791,A672,32,0,0,1,0.0,31,31.0,0.0
2026-02-21,21162696,E556,14,0,1,2,0.0,13,13.0,0.0
2026-02-21,80848023,A715,310,0,0,3,0.0,307,307.0,0.0
2026-02-21,80812154,A715,205,0,0,2,0.0,203,203.0,0.0
2026-02-21,80804133,A673,1330,0,902,38,30.0,2164,2164.0,0.0
2026-02-21,21419500,A672,90,0,0,17,0.0,73,73.0,0.0
2026-02-21,21414747,A680,0,0,192,5,0.0,187,187.0,0.0
2026-02-21,80804130,A672,628,0,483,23,0.0,1088,1088.0,0.0
2026-02-21,80804133,E467,20,0,0,1,0.0,19,19.0,0.0
2026-02-21,80807092,E564,30,0,10,7,0.0,33,33.0,0.0
2026-02-21,80807114,D901,23,0,13,0,0.0,36,36.0,0.0
2026-02-21,21463645,A672,270,0,0,0,0.0,270,270.0,0.0
2026-02-21,80863646,A673,351,0,0,2,0.0,349,349.0,0.0
2026-02-21,21176384,A668,39,0,0,0,0.0,39,39.0,0.0
2026-02-21,21366842,A680,88,0,0,0,0.0,88,88.0,0.0
2026-02-21,21171453,C819,3,0,0,0,0.0,3,3.0,0.0
2026-02-21,80840976,D767,3,0,0,3,0.0,0,0.0,0.0
2026-02-21,21165816,A668,25,0,0,1,0.0,24,24.0,0.0
2026-02-21,80807102,A668,266,0,0,5,0.0,261,261.0,0.0
2026-02-21,21170686,E569,5,0,0,0,0.0,5,5.0,0.0
2026-02-21,21132988,A680,124,0,0,9,0.0,115,115.0,0.0
2026-02-21,80868102,0386,1,0,0,0,0.0,1,1.0,0.0
2026-02-21,21103372,A668,337,0,0,24,0.0,313,313.0,0.0
2026-02-21,80804130,C810,5,0,0,1,0.0,4,4.0,0.0
2026-02-21,21118867,A672,55,0,0,1,0.0,54,54.0,0.0
2026-02-21,80804138,A673,268,0,0,5,21.0,242,242.0,0.0
2026-02-21,80796091,A716,102,0,0,1,0.0,101,101.0,0.0
2026-02-21,21170683,C937,7,0,0,1,0.0,6,6.0,0.0
2026-02-21,80807112,E564,41,0,0,5,0.0,36,36.0,0.0
2026-02-21,21148509,E564,44,0,6,5,0.0,45,45.0,0.0
2026-02-21,80812099,E564,16,0,0,0,0.0,16,16.0,0.0
2026-02-21,80807095,D767,36,0,0,5,0.0,31,31.0,0.0
2026-02-21,21133312,C816,253,0,0,18,5.0,230,230.0,0.0
2026-02-21,80807120,A672,740,0,0,10,0.0,730,730.0,0.0
2026-02-21,80812841,C937,54,0,0,2,0.0,52,52.0,0.0
2026-02-21,21118867,C810,3,0,0,0,0.0,3,3.0,0.0
2026-02-21,21128067,A716,347,0,0,4,0.0,343,343.0,0.0
2026-02-21,80807115,C937,58,0,0,2,0.0,56,56.0,0.0
2026-02-21,80804704,A680,68,0,0,14,0.0,54,54.0,0.0
2026-02-21,80863643,C816,296,0,0,11,0.0,285,285.0,0.0
2026-02-21,21301637,E569,14,0,0,0,0.0,14,14.0,0.0
2026-02-21,21162696,A715,4,0,0,0,0.0,4,4.0,0.0
2026-02-21,80884845,C816,174,0,0,2,9.0,163,163.0,0.0
2026-02-21,80793615,C816,144,0,0,6,0.0,138,138.0,0.0
2026-02-21,80804699,A672,13,0,0,3,0.0,10,10.0,0.0
2026-02-21,80804701,A672,97,0,0,9,0.0,88,88.0,0.0
2026-02-21,80864470,C816,232,0,0,7,70.0,155,155.0,0.0
2026-02-21,21442422,A673,649,0,117,16,0.0,750,750.0,0.0
2026-02-21,80840975,C816,414,0,0,2,19.0,393,393.0,0.0
2026-02-21,80884850,A716,139,0,0,2,0.0,137,137.0,0.0
2026-02-21,80807120,C810,25,0,0,0,0.0,25,25.0,0.0
2026-02-21,21143102,C937,11,0,0,2,0.0,9,9.0,0.0
2026-02-21,80807091,A680,89,0,0,1,0.0,88,88.0,0.0
2026-02-21,80848028,E556,11,0,3,1,0.0,13,13.0,0.0
2026-02-21,80804131,A715,8,0,0,0,0.0,8,8.0,0.0
2026-02-21,21127799,E556,30,0,5,4,0.0,31,31.0,0.0
2026-02-21,80864469,D767,1,0,0,1,0.0,0,0.0,0.0
2026-02-21,80804705,D767,47,0,16,0,0.0,63,63.0,0.0
2026-02-21,80807112,D901,80,0,0,3,0.0,77,77.0,0.0
2026-02-21,21148509,D901,83,0,35,19,0.0,99,99.0,0.0
2026-02-21,21127730,A716,505,0,0,1,0.0,504,504.0,0.0
2026-02-21,80804699,C810,79,0,0,1,2.0,76,76.0,0.0
2026-02-21,80804701,C810,118,0,0,1,6.0,111,111.0,0.0
2026-02-21,21138340,C816,40,0,0,0,0.0,40,40.0,0.0
2026-02-21,80791223,A716,14,0,0,0,0.0,14,14.0,0.0
2026-02-21,21179704,E569,2,0,0,0,0.0,2,2.0,0.0
2026-02-21,80868100,C816,161,0,1643,24,36.0,1744,1744.0,0.0
2026-02-21,21128067,D901,69,0,29,4,0.0,94,94.0,0.0
2026-02-21,80848023,C816,628,0,3557,34,63.0,4088,4088.0,0.0
2026-02-21,80812839,A715,60,0,0,2,0.0,58,58.0,0.0
2026-02-21,80807100,C816,282,0,0,1,19.0,262,262.0,0.0
2026-02-21,21121756,E556,3,0,0,0,0.0,3,3.0,0.0
2026-02-21,21103371,A672,639,0,0,19,0.0,620,620.0,0.0
2026-02-21,80838165,A672,83,0,0,1,0.0,82,82.0,0.0
2026-02-21,80868101,C816,360,0,0,4,5.0,351,351.0,0.0
2026-02-21,21143110,A673,292,0,0,4,14.0,274,274.0,0.0
2026-02-21,21133312,A673,170,0,73,20,19.0,204,204.0,0.0
2026-02-21,21315352,E564,2,0,0,0,0.0,2,2.0,0.0
2026-02-21,80807122,A680,6,0,0,1,0.0,5,5.0,0.0
2026-02-21,80812845,A668,955,0,0,10,0.0,945,945.0,0.0
2026-02-21,21314593,E569,10,0,6,1,0.0,15,15.0,0.0
2026-02-21,80807113,C819,6,0,0,0,0.0,6,6.0,0.0
2026-02-21,80863643,A673,459,0,194,29,0.0,624,624.0,0.0
2026-02-21,80807096,A672,1853,0,0,22,0.0,1831,1831.0,0.0
2026-02-21,21127730,D901,17,0,4,1,0.0,20,20.0,0.0
2026-02-21,21141769,E564,31,0,15,3,0.0,43,43.0,0.0
2026-02-21,80793615,A673,434,0,0,41,0.0,393,393.0,0.0
2026-02-21,21275914,C816,189,0,0,5,0.0,184,184.0,0.0
2026-02-21,21139445,A715,278,0,0,7,0.0,271,271.0,0.0
2026-02-21,21103371,C810,295,0,0,8,97.0,190,190.0,0.0
2026-02-21,21137866,A668,674,0,0,9,0.0,665,665.0,0.0
2026-02-21,80864470,A673,791,0,0,13,0.0,778,778.0,0.0
2026-02-21,80840975,A673,198,0,0,2,0.0,196,196.0,0.0
2026-02-21,21132758,E564,21,0,13,3,0.0,31,31.0,0.0
2026-02-21,80804135,A672,687,0,0,5,0.0,682,682.0,0.0
2026-02-21,80848028,A715,472,0,0,2,0.0,470,470.0,0.0
2026-02-21,80807110,E564,68,0,14,4,0.0,78,78.0,0.0
2026-02-21,80884848,A680,14,0,0,1,0.0,13,13.0,0.0
2026-02-21,21421148,0386,1,0,0,0,0.0,1,1.0,0.0
2026-02-21,80884852,A680,8,0,32,2,0.0,38,38.0,0.0
2026-02-21,21155895,D767,2,0,2,0,0.0,4,4.0,0.0
2026-02-21,21113405,A680,50,0,0,1,0.0,49,49.0,0.0
2026-02-21,80868100,A673,54,0,0,6,0.0,48,48.0,0.0
2026-02-21,80848023,A673,738,0,0,62,0.0,676,676.0,0.0
2026-02-21,80804135,C810,1,0,0,0,0.0,1,1.0,0.0
2026-02-21,80807100,A673,571,0,0,5,16.0,550,550.0,0.0
2026-02-21,21171453,A680,41,0,0,1,0.0,40,40.0,0.0
2026-02-21,80840976,E568,4,0,0,1,0.0,3,3.0,0.0
2026-02-21,21121756,A715,54,0,0,1,0.0,53,53.0,0.0
2026-02-21,80868101,A673,69,0,6,7,0.0,68,68.0,0.0
2026-02-21,80804131,C816,351,0,0,0,0.0,351,351.0,0.0
2026-02-21,21419485,A716,385,0,0,3,0.0,382,382.0,0.0
2026-02-21,80807118,E564,31,0,0,3,0.0,28,28.0,0.0
2026-02-21,80807110,D901,243,0,76,43,0.0,276,276.0,0.0
2026-02-21,21314602,E564,12,0,2,0,0.0,14,14.0,0.0
2026-02-21,80807114,E569,15,0,0,1,0.0,14,14.0,0.0
2026-02-21,80864469,C816,1079,0,0,13,121.0,945,945.0,0.0
2026-02-21,80804133,A668,629,0,0,27,0.0,602,602.0,0.0
2026-02-21,80812840,A716,271,0,0,6,0.0,265,265.0,0.0
2026-02-21,80804705,C816,520,0,1,18,28.0,475,475.0,0.0
2026-02-21,80807095,E568,12,0,0,0,0.0,12,12.0,0.0
2026-02-21,80812839,C816,132,0,8,6,0.0,134,134.0,0.0
2026-02-21,80838161,C816,5,0,0,0,0.0,5,5.0,0.0
2026-02-21,21314594,A672,363,0,0,0,0.0,363,363.0,0.0
2026-02-21,80863646,A668,116,0,0,2,0.0,114,114.0,0.0
2026-02-21,21428668,C816,944,0,0,5,37.0,902,902.0,0.0
2026-02-21,80807119,C819,8,0,0,0,0.0,8,8.0,0.0
2026-02-21,21137866,C563,42,0,0,2,0.0,40,40.0,0.0
2026-02-21,21132988,E556,16,0,0,1,0.0,15,15.0,0.0
2026-02-21,80804130,C937,4,0,0,1,0.0,3,3.0,0.0
2026-02-21,21314595,A680,73,0,0,5,0.0,68,68.0,0.0
2026-02-21,21325292,A680,195,0,0,3,0.0,192,192.0,0.0
2026-02-21,80851898,C816,198,0,0,8,17.0,173,173.0,0.0
2026-02-21,80804138,A668,150,0,0,0,0.0,150,150.0,0.0
2026-02-21,21314594,C810,15,0,0,0,0.0,15,15.0,0.0
2026-02-21,80848021,C937,2,0,0,0,0.0,2,2.0,0.0
2026-02-21,80864469,E568,4,0,0,0,0.0,4,4.0,0.0
2026-02-21,21269899,A715,455,0,0,1,0.0,454,454.0,0.0
2026-02-21,80885921,A680,55,0,0,4,0.0,51,51.0,0.0
2026-02-21,80804705,E568,7,0,0,0,0.0,7,7.0,0.0
2026-02-21,80863645,A680,230,0,0,3,0.0,227,227.0,0.0
2026-02-21,21422791,0386,2,0,0,0,0.0,2,2.0,0.0
2026-02-21,21118864,D901,1,0,0,0,0.0,1,1.0,0.0
2026-02-21,21434952,A680,174,0,0,0,0.0,174,174.0,0.0
2026-02-21,80804131,A673,535,0,0,0,0.0,535,535.0,0.0
2026-02-21,21165946,A672,1091,0,0,5,0.0,1086,1086.0,0.0
2026-02-21,80804704,E556,17,0,0,1,0.0,16,16.0,0.0
2026-02-21,80812103,A680,87,0,0,2,0.0,85,85.0,0.0
2026-02-21,80795932,A680,63,0,0,0,0.0,63,63.0,0.0
2026-02-21,80851898,E568,3,0,0,1,0.0,2,2.0,0.0
2026-02-21,21442422,A668,159,0,68,31,0.0,196,196.0,0.0
2026-02-21,80807112,E569,24,0,9,3,0.0,30,30.0,0.0
2026-02-21,21103371,C563,32,0,0,2,0.0,30,30.0,0.0
2026-02-21,21148509,E569,12,0,0,0,0.0,12,12.0,0.0
2026-02-21,80812110,C816,71,0,0,3,0.0,68,68.0,0.0
2026-02-21,21463645,0386,2,0,0,0,0.0,2,2.0,0.0
2026-02-21,80807091,E556,12,0,4,1,0.0,15,15.0,0.0
2026-02-21,21414747,A715,1127,0,0,9,0.0,1118,1118.0,0.0
2026-02-21,80812839,A673,703,0,0,20,0.0,683,683.0,0.0
2026-02-21,80838161,A673,6,0,0,0,0.0,6,6.0,0.0
2026-02-21,80807097,E556,8,0,2,2,0.0,8,8.0,0.0
2026-02-21,21143103,A672,497,0,0,0,0.0,497,497.0,0.0
2026-02-21,80804136,D767,57,0,0,6,0.0,51,51.0,0.0
2026-02-21,80848025,D767,11,0,5,1,0.0,15,15.0,0.0
2026-02-21,21165946,C810,0,0,1,0,0.0,1,1.0,0.0
2026-02-21,21128067,E569,7,0,0,1,0.0,6,6.0,0.0
2026-02-21,21121756,C816,57,0,0,3,12.0,42,42.0,0.0
2026-02-21,21428668,A673,573,0,88,35,0.0,626,626.0,0.0
2026-02-21,80807113,A680,156,0,97,0,0.0,253,253.0,0.0
2026-02-21,21165868,A672,60,0,0,3,0.0,57,57.0,0.0
2026-02-21,80804699,C937,3,0,0,0,0.0,3,3.0,0.0
2026-02-21,80831843,D901,81,0,0,0,0.0,81,81.0,0.0
2026-02-21,21366842,A715,122,0,0,0,0.0,122,122.0,0.0
2026-02-21,21377091,A680,308,0,0,0,0.0,308,308.0,0.0
2026-02-21,21132988,A715,261,0,0,3,0.0,258,258.0,0.0
2026-02-21,80807117,A680,2,0,0,0,0.0,2,2.0,0.0
2026-02-21,21121752,E556,5,0,0,1,0.0,4,4.0,0.0
2026-02-21,21139445,A673,363,0,0,11,0.0,352,352.0,0.0
2026-02-21,21442896,C816,81,0,583,31,225.0,408,408.0,0.0
2026-02-21,21143110,A668,251,0,0,3,0.0,248,248.0,0.0
2026-02-21,21165868,C810,306,0,0,1,0.0,305,305.0,0.0
2026-02-21,80804127,A680,162,0,0,22,0.0,140,140.0,0.0
2026-02-21,80848031,C816,1141,0,0,5,12.0,1124,1124.0,0.0
2026-02-21,21133312,A668,127,0,6,1,0.0,132,132.0,0.0
2026-02-21,21151196,A716,115,0,0,6,0.0,109,109.0,0.0
2026-02-21,80807089,A668,90,0,38,11,0.0,117,117.0,0.0
2026-02-21,21155895,E568,1,0,0,0,0.0,1,1.0,0.0
2026-02-21,21434954,C816,326,0,0,0,0.0,326,326.0,0.0
2026-02-21,80848029,D767,10,0,0,1,0.0,9,9.0,0.0
2026-02-21,80848028,E467,4,0,0,0,0.0,4,4.0,0.0
2026-02-21,80804704,A715,553,0,0,3,0.0,550,550.0,0.0
2026-02-21,80807116,A672,1125,0,0,29,6.0,1090,1090.0,0.0
2026-02-21,21304907,A716,14,0,0,0,0.0,14,14.0,0.0
2026-02-21,80793615,A668,52,0,0,0,0.0,52,52.0,0.0
2026-02-21,80838165,C937,2,0,0,0,0.0,2,2.0,0.0
2026-02-21,21170683,E564,9,0,2,2,0.0,9,9.0,0.0
2026-02-21,80864470,A668,91,0,0,4,0.0,87,87.0,0.0
2026-02-21,80840975,A668,70,0,0,1,0.0,69,69.0,0.0
2026-02-21,21269899,C816,278,0,0,0,0.0,278,278.0,0.0
2026-02-21,80807091,A715,27,0,0,0,0.0,27,27.0,0.0
2026-02-21,21121756,A673,99,0,0,3,0.0,96,96.0,0.0
2026-02-21,80807116,C810,118,0,0,5,0.0,113,113.0,0.0
2026-02-21,21113405,E556,2,0,0,0,0.0,2,2.0,0.0
2026-02-21,21315350,A716,94,0,0,1,0.0,93,93.0,0.0
2026-02-21,80804704,E295,68,0,8,11,0.0,65,65.0,0.0
2026-02-21,80812154,A668,31,0,0,1,0.0,30,30.0,0.0
2026-02-21,80848023,A668,377,0,0,18,0.0,359,359.0,0.0
2026-02-21,21255844,A672,134,0,0,0,0.0,134,134.0,0.0
2026-02-21,80807100,A668,146,0,0,2,0.0,144,144.0,0.0
2026-02-21,21143102,E564,3,0,0,0,0.0,3,3.0,0.0
2026-02-21,21414747,C816,1531,0,0,11,3.0,1517,1517.0,0.0
2026-02-21,21442896,A673,723,0,84,77,0.0,730,730.0,0.0
2026-02-21,80807119,A680,80,0,0,1,0.0,79,79.0,0.0
2026-02-21,80807110,E569,54,0,8,3,0.0,59,59.0,0.0
2026-02-21,80848031,A673,50,0,19,2,0.0,67,67.0,0.0
2026-02-21,21307836,A680,47,0,0,3,0.0,44,44.0,0.0
2026-02-21,80807096,0386,0,2534,0,0,2534.0,0,0.0,0.0
2026-02-21,80848022,D767,21,0,13,0,0.0,34,34.0,0.0
2026-02-21,80807122,A715,143,0,0,2,0.0,141,141.0,0.0
2026-02-21,21434954,A673,646,0,0,61,0.0,585,585.0,0.0
2026-02-21,21143110,C563,26,0,0,3,0.0,23,23.0,0.0
2026-02-21,80804136,C816,426,0,1792,11,97.0,2110,2110.0,0.0
2026-02-21,80838162,A680,631,0,0,0,0.0,631,631.0,0.0
2026-02-21,80804136,D191,13,0,0,0,0.0,13,13.0,0.0
2026-02-21,80804135,0386,1465,0,0,0,0.0,1465,1465.0,0.0
2026-02-21,80793614,A672,149,0,0,1,1.0,147,147.0,0.0
2026-02-21,21315350,D901,28,0,12,5,0.0,35,35.0,0.0
2026-02-21,80885919,A716,34,0,0,0,0.0,34,34.0,0.0
2026-02-21,80804698,A716,458,0,0,13,0.0,445,445.0,0.0
2026-02-21,21269899,A673,222,0,0,0,0.0,222,222.0,0.0
2026-02-21,80804129,C819,18,0,0,0,0.0,18,18.0,0.0
2026-02-21,80804134,A672,548,0,1,42,6.0,501,501.0,0.0
2026-02-21,80884848,A715,166,0,0,0,0.0,166,166.0,0.0
2026-02-21,80812840,E569,5,0,1,1,0.0,5,5.0,0.0
2026-02-21,21314602,E569,15,0,9,4,0.0,20,20.0,0.0
2026-02-21,21325292,E556,30,0,14,1,0.0,43,43.0,0.0
2026-02-21,21162696,A668,25,0,19,2,0.0,42,42.0,0.0
2026-02-21,80848024,C819,24,0,0,3,0.0,21,21.0,0.0
2026-02-21,80884852,A715,74,0,179,0,0.0,253,253.0,0.0
2026-02-21,21113405,A715,83,0,0,1,0.0,82,82.0,0.0
2026-02-21,21472283,C816,371,0,0,0,0.0,371,371.0,0.0
2026-02-21,80848025,E568,13,0,0,0,0.0,13,13.0,0.0
2026-02-21,80848029,C816,520,0,0,16,0.0,504,504.0,0.0
2026-02-21,80848029,D191,18,0,0,0,0.0,18,18.0,0.0
2026-02-21,80804134,C810,17,0,0,4,9.0,4,4.0,0.0
2026-02-21,21414747,A673,456,0,72,0,0.0,528,528.0,0.0
2026-02-21,21127799,A672,407,0,0,0,0.0,407,407.0,0.0
2026-02-21,21171453,A715,4,0,0,0,0.0,4,4.0,0.0
2026-02-21,80804131,A668,173,0,0,0,0.0,173,173.0,0.0
2026-02-21,80804137,E564,40,0,11,1,0.0,50,50.0,0.0
2026-02-21,80848026,D767,93,0,12,9,0.0,96,96.0,0.0
2026-02-21,80812103,E556,10,0,1,1,0.0,10,10.0,0.0
2026-02-21,80804136,A673,1060,0,0,58,6.0,996,996.0,0.0
2026-02-21,21132988,A673,654,0,401,17,9.0,1029,1029.0,0.0
2026-02-21,21416910,C816,539,0,0,0,0.0,539,539.0,0.0
2026-02-21,80812839,A668,281,0,0,0,0.0,281,281.0,0.0
2026-02-21,80805856,C816,217,0,12,7,0.0,222,222.0,0.0
2026-02-21,21176384,A716,18,0,0,0,0.0,18,18.0,0.0
2026-02-21,21165816,A716,24,0,0,0,0.0,24,24.0,0.0
2026-02-21,80807093,A672,325,0,0,0,0.0,325,325.0,0.0
2026-02-21,80807102,A716,384,0,0,11,0.0,373,373.0,0.0
2026-02-21,80848029,E568,4,0,0,0,0.0,4,4.0,0.0
2026-02-21,80807113,E556,7,0,2,0,0.0,9,9.0,0.0
2026-02-21,21352461,C816,597,0,0,20,0.0,577,577.0,0.0
2026-02-21,21103372,A716,96,0,0,7,0.0,89,89.0,0.0
2026-02-21,21314876,C816,130,0,0,6,2.0,122,122.0,0.0
2026-02-21,21275914,C937,76,0,0,8,0.0,68,68.0,0.0
2026-02-21,80804137,D901,9,0,1,0,0.0,10,10.0,0.0
2026-02-21,21314595,A715,81,0,0,1,0.0,80,80.0,0.0
2026-02-21,21325292,A715,271,0,0,7,0.0,264,264.0,0.0
2026-02-21,80840976,C937,8,0,0,0,0.0,8,8.0,0.0
2026-02-21,21143103,C937,7,0,0,1,0.0,6,6.0,0.0
2026-02-21,21139445,A668,75,0,29,7,0.0,97,97.0,0.0
2026-02-21,80807093,C810,43,0,0,1,0.0,42,42.0,0.0
2026-02-21,80885921,A715,18,0,0,1,0.0,17,17.0,0.0
2026-02-21,80848029,A673,308,0,0,11,30.0,267,267.0,0.0
2026-02-21,80863645,A715,109,0,0,0,0.0,109,109.0,0.0
2026-02-21,21151196,C819,5,0,0,0,0.0,5,5.0,0.0
2026-02-21,21176384,D901,5,0,1,0,0.0,6,6.0,0.0
2026-02-21,80848028,A668,324,0,0,1,0.0,323,323.0,0.0
2026-02-21,80812338,E569,2,0,0,0,0.0,2,2.0,0.0
2026-02-21,21434952,A715,56,0,0,2,0.0,54,54.0,0.0
2026-02-21,21314875,C816,47,0,0,6,1.0,40,40.0,0.0
2026-02-21,80807095,C937,32,0,0,3,0.0,29,29.0,0.0
2026-02-21,80807102,D901,81,0,48,0,0.0,129,129.0,0.0
2026-02-21,80804130,E564,15,0,21,1,0.0,35,35.0,0.0
2026-02-21,80812103,A715,28,0,0,0,0.0,28,28.0,0.0
2026-02-21,80795932,A715,122,0,0,1,0.0,121,121.0,0.0
2026-02-21,80884852,C816,549,0,0,0,14.0,535,535.0,0.0
2026-02-21,21098519,D767,17,0,5,1,0.0,21,21.0,0.0
2026-02-21,80805856,A673,928,0,0,70,0.0,858,858.0,0.0
2026-02-21,21179704,D767,2,0,0,1,0.0,1,1.0,0.0
2026-02-21,80804706,C937,2,0,0,0,0.0,2,2.0,0.0
2026-02-21,21121756,A668,118,0,0,7,0.0,111,111.0,0.0
2026-02-21,80807113,A715,98,0,0,1,0.0,97,97.0,0.0
2026-02-21,21118867,E564,4,0,1,0,0.0,5,5.0,0.0
2026-02-21,80864469,C937,6,0,0,0,0.0,6,6.0,0.0
2026-02-21,21304907,E569,8,0,2,1,0.0,9,9.0,0.0
2026-02-21,80804705,C937,26,0,0,4,0.0,22,22.0,0.0
2026-02-21,21357275,A680,166,0,0,8,0.0,158,158.0,0.0
2026-02-21,80812846,D767,28,0,0,6,0.0,22,22.0,0.0
2026-02-21,21314875,E568,1,0,0,1,0.0,0,0.0,0.0
2026-02-21,21314876,A673,338,0,0,5,3.0,330,330.0,0.0
2026-02-21,21377091,A715,215,0,0,0,0.0,215,215.0,0.0
2026-02-21,80807117,A715,189,0,0,0,0.0,189,189.0,0.0
2026-02-21,80804129,A680,172,0,0,1,0.0,171,171.0,0.0
2026-02-21,80807120,E564,24,0,10,5,0.0,29,29.0,0.0
2026-02-21,21314593,D767,13,0,6,1,0.0,18,18.0,0.0
2026-02-21,80848026,C816,1687,0,0,61,50.0,1576,1576.0,0.0
2026-02-21,80848026,D191,41,0,0,0,0.0,41,41.0,0.0
2026-02-21,21442896,A668,82,0,34,3,0.0,113,113.0,0.0
2026-02-21,80812845,A716,403,0,0,2,0.0,401,401.0,0.0
2026-02-21,80848031,A668,16,0,2,0,0.0,18,18.0,0.0
2026-02-21,80804127,A715,37,0,0,1,0.0,36,36.0,0.0
2026-02-21,80848024,A680,107,0,0,1,0.0,106,106.0,0.0
2026-02-21,80804699,E564,5,0,0,1,0.0,4,4.0,0.0
2026-02-21,80804701,E564,8,0,2,2,0.0,8,8.0,0.0
2026-02-21,21137866,A716,393,0,0,5,0.0,388,388.0,0.0
2026-02-21,21255844,C937,71,0,0,7,0.0,64,64.0,0.0
2026-02-21,21315350,E569,6,0,37,0,0.0,43,43.0,0.0
2026-02-21,80884848,A673,51,0,15,3,0.0,63,63.0,0.0
2026-02-21,21314595,C816,463,0,0,4,0.0,459,459.0,0.0
2026-02-21,21118867,D901,6,0,0,0,0.0,6,6.0,0.0
2026-02-21,80884852,A673,150,0,41,13,0.0,178,178.0,0.0
2026-02-21,80848026,E568,7,0,0,2,0.0,5,5.0,0.0
2026-02-21,80812841,C819,35,0,0,2,0.0,33,33.0,0.0
2026-02-21,21325164,A715,1,0,0,0,0.0,1,1.0,0.0
2026-02-21,21171453,A673,73,0,0,5,0.0,68,68.0,0.0
2026-02-21,80807115,C819,52,0,0,2,0.0,50,50.0,0.0
2026-02-21,21434952,C816,173,0,0,24,0.0,149,149.0,0.0
2026-02-21,21354246,A680,25,0,0,0,0.0,25,25.0,0.0
2026-02-21,80838164,A672,417,0,0,0,0.0,417,417.0,0.0
2026-02-21,21303404,A672,92,0,0,2,0.0,90,90.0,0.0
2026-02-21,21255844,0386,0,1164,0,0,40.0,1124,1124.0,0.0
2026-02-21,80812110,C937,2,0,0,0,0.0,2,2.0,0.0
2026-02-21,21137866,D901,143,0,53,2,0.0,194,194.0,0.0
2026-02-21,21103371,E564,7,0,1,1,0.0,7,7.0,0.0
2026-02-21,80804698,E569,3,0,0,0,0.0,3,3.0,0.0
2026-02-21,80838165,E564,26,0,0,3,0.0,23,23.0,0.0
2026-02-21,80804701,D901,24,0,0,0,0.0,24,24.0,0.0
2026-02-21,21155895,C937,4,0,0,1,0.0,3,3.0,0.0
2026-02-21,80807091,A672,226,0,0,10,0.0,216,216.0,0.0
2026-02-21,80848026,A673,2373,0,0,44,0.0,2329,2329.0,0.0
2026-02-21,21414747,A668,144,0,77,22,0.0,199,199.0,0.0
2026-02-21,80848027,A672,202,0,0,3,0.0,199,199.0,0.0
2026-02-21,80807097,A672,1065,0,0,11,0.0,1054,1054.0,0.0
2026-02-21,21170691,A680,21,0,0,0,0.0,21,21.0,0.0
2026-02-21,80807119,A715,269,0,0,0,0.0,269,269.0,0.0
2026-02-21,21098519,C816,794,0,0,26,4.0,764,764.0,0.0
2026-02-21,21357021,A680,164,0,0,0,0.0,164,164.0,0.0
2026-02-21,21307836,A715,94,0,0,2,0.0,92,92.0,0.0
2026-02-21,80804133,A716,548,0,0,7,0.0,541,541.0,0.0
2026-02-21,21098519,D191,2,0,0,0,0.0,2,2.0,0.0
2026-02-21,80807096,E564,0,0,26,3,0.0,23,23.0,0.0
2026-02-21,80793614,0386,4,0,0,0,0.0,4,4.0,0.0
2026-02-21,21366842,A668,68,0,0,0,0.0,68,68.0,0.0
2026-02-21,21132988,A668,288,0,182,0,0.0,470,470.0,0.0
2026-02-21,80807091,C810,1616,0,0,0,10.0,1606,1606.0,0.0
2026-02-21,21121752,A672,45,0,3,7,0.0,41,41.0,0.0
2026-02-21,21314595,A673,212,0,0,1,8.0,203,203.0,0.0
2026-02-21,80804135,E564,38,0,0,0,0.0,38,38.0,0.0
2026-02-21,80807097,C810,11,0,0,0,3.0,8,8.0,0.0
2026-02-21,21151196,A680,300,0,217,12,0.0,505,505.0,0.0
2026-02-21,80804134,0386,1,0,0,0,0.0,1,1.0,0.0
2026-02-21,80812846,C816,175,0,0,4,0.0,171,171.0,0.0
2026-02-21,80804128,A680,88,0,0,1,0.0,87,87.0,0.0
2026-02-21,80804137,E569,13,0,0,1,0.0,12,12.0,0.0
2026-02-21,21103371,D901,62,0,79,8,0.0,133,133.0,0.0
2026-02-21,21315474,A680,222,0,0,4,0.0,218,218.0,0.0
2026-02-21,80807092,D767,8,0,5,1,0.0,12,12.0,0.0
2026-02-21,80807090,C937,4,0,0,0,0.0,4,4.0,0.0
2026-02-21,80804127,C816,577,0,0,7,41.0,529,529.0,0.0
2026-02-21,80804138,A716,131,0,0,1,0.0,130,130.0,0.0
2026-02-21,80807122,A672,701,0,0,7,0.0,694,694.0,0.0
2026-02-21,80863645,A673,1017,0,0,0,0.0,1017,1017.0,0.0
2026-02-21,21128377,A672,557,0,390,3,0.0,944,944.0,0.0
2026-02-21,21434952,A673,327,0,0,12,0.0,315,315.0,0.0
2026-02-21,21098519,E568,3,0,0,0,0.0,3,3.0,0.0
2026-02-21,80804704,A668,212,0,38,26,0.0,224,224.0,0.0
2026-02-21,21176384,E569,5,0,0,0,0.0,5,5.0,0.0
2026-02-21,21179704,E568,3,0,0,0,0.0,3,3.0,0.0
2026-02-21,21137621,C816,506,0,0,10,0.0,496,496.0,0.0
2026-02-21,21127800,C816,44,0,616,1,0.0,659,659.0,0.0
2026-02-21,80795932,A673,336,0,0,4,2.0,330,330.0,0.0
2026-02-21,80807102,E569,51,0,0,0,0.0,51,51.0,0.0
2026-02-21,21128377,C810,20,0,0,0,0.0,20,20.0,0.0
2026-02-21,80807112,D767,23,0,9,1,0.0,31,31.0,0.0
2026-02-21,21148509,D767,52,0,18,7,0.0,63,63.0,0.0
2026-02-21,80804135,D901,128,0,0,0,0.0,128,128.0,0.0
2026-02-21,80812846,E568,8,0,0,0,0.0,8,8.0,0.0
2026-02-21,80807090,0386,1,0,0,0,0.0,1,1.0,0.0
2026-02-21,21325164,C816,211,0,0,4,0.0,207,207.0,0.0
2026-02-21,21098519,A673,1413,0,0,20,27.0,1366,1366.0,0.0
2026-02-21,21170686,A672,163,0,0,3,0.0,160,160.0,0.0
2026-02-21,21442422,A716,487,0,0,4,0.0,483,483.0,0.0
2026-02-21,21314593,E568,5,0,0,0,0.0,5,5.0,0.0
2026-02-21,21314594,E564,2,0,0,0,0.0,2,2.0,0.0
2026-02-21,21376841,A680,138,0,0,0,0.0,138,138.0,0.0
2026-02-21,80807093,0386,1,0,0,0,0.0,1,1.0,0.0
2026-02-21,21377091,A673,3252,0,0,0,0.0,3252,3252.0,0.0
2026-02-21,80793613,A680,50,0,0,0,0.0,50,50.0,0.0
2026-02-21,21291975,C937,9,0,0,0,0.0,9,9.0,0.0
2026-02-21,80854083,E568,1,0,0,0,0.0,1,1.0,0.0
2026-02-21,21170686,C810,83,0,0,0,0.0,83,83.0,0.0
2026-02-21,80807119,C816,70,0,0,1,5.0,64,64.0,0.0
2026-02-21,21132988,C563,19,0,0,0,0.0,19,19.0,0.0
2026-02-21,80804127,A673,70,0,0,6,0.0,64,64.0,0.0
2026-02-21,80848025,C937,14,0,0,0,0.0,14,14.0,0.0
2026-02-21,21314876,A668,135,0,0,2,0.0,133,133.0,0.0
2026-02-21,21301637,A672,318,0,0,1,0.0,317,317.0,0.0
2026-02-21,80805852,C937,2,0,0,0,0.0,2,2.0,0.0
2026-02-21,80857738,A672,5,0,0,0,0.0,5,5.0,0.0
2026-02-21,21143110,A716,1,0,0,0,0.0,1,1.0,0.0
2026-02-21,80804129,E556,36,0,0,0,0.0,36,36.0,0.0
2026-02-21,80812841,A680,309,0,0,12,0.0,297,297.0,0.0
2026-02-21,21133312,A716,123,0,0,1,0.0,122,122.0,0.0
2026-02-21,21127800,A673,73,0,0,0,0.0,73,73.0,0.0
2026-02-21,80807089,A716,397,0,0,5,0.0,392,392.0,0.0
2026-02-21,80823707,A680,4,0,0,0,0.0,4,4.0,0.0
2026-02-21,21132752,C816,295,0,0,5,0.0,290,290.0,0.0
2026-02-21,80795933,A672,314,0,0,1,0.0,313,313.0,0.0
2026-02-21,21314594,D901,25,0,12,3,0.0,34,34.0,0.0
2026-02-21,21165946,E564,15,0,4,2,0.0,17,17.0,0.0
2026-02-21,80807115,A680,239,0,0,7,0.0,232,232.0,0.0
2026-02-21,80812845,C819,68,0,0,5,0.0,63,63.0,0.0
2026-02-21,21118867,E569,2,0,0,0,0.0,2,2.0,0.0
2026-02-21,80804704,C563,49,0,0,11,0.0,38,38.0,0.0
2026-02-21,80793615,A716,85,0,0,1,0.0,84,84.0,0.0
2026-02-21,21325164,A673,646,0,0,10,0.0,636,636.0,0.0
2026-02-21,80884848,A668,9,0,4,1,0.0,12,12.0,0.0
2026-02-21,21315352,D767,9,0,0,1,0.0,8,8.0,0.0
2026-02-21,80864470,A716,71,0,0,2,0.0,69,69.0,0.0
2026-02-21,80840975,A716,95,0,0,0,0.0,95,95.0,0.0
2026-02-21,80848021,C819,19,0,0,0,0.0,19,19.0,0.0
2026-02-21,80807092,C816,509,0,0,2,65.0,442,442.0,0.0
2026-02-21,80884852,A668,20,0,15,1,0.0,34,34.0,0.0
2026-02-21,21113405,A668,105,0,0,6,0.0,99,99.0,0.0
2026-02-21,21143110,D901,50,0,21,5,0.0,66,66.0,0.0
2026-02-21,21141769,D767,35,0,0,7,0.0,28,28.0,0.0
2026-02-21,80804702,A672,19,0,0,6,0.0,13,13.0,0.0
2026-02-21,80807089,D901,142,0,0,22,0.0,120,120.0,0.0
2026-02-21,21137866,E569,13,0,2,1,0.0,14,14.0,0.0
2026-02-21,21171453,A668,9,0,0,0,0.0,9,9.0,0.0
2026-02-21,80807119,A673,106,0,0,0,13.0,93,93.0,0.0
2026-02-21,80804701,E569,5,0,0,0,0.0,5,5.0,0.0
2026-02-21,80848023,A716,182,0,0,8,0.0,174,174.0,0.0
2026-02-21,21354246,E556,5,0,0,0,0.0,5,5.0,0.0
2026-02-21,80812154,A716,38,0,0,2,0.0,36,36.0,0.0
2026-02-21,80807110,D767,54,0,29,7,0.0,76,76.0,0.0
2026-02-21,21165946,D901,65,0,36,13,0.0,88,88.0,0.0
2026-02-21,21357275,A715,135,0,0,0,0.0,135,135.0,0.0
2026-02-21,80804702,C810,19,0,0,0,1.0,18,18.0,0.0
2026-02-21,21165816,A680,18,0,0,0,0.0,18,18.0,0.0
2026-02-21,80812099,C816,57,0,0,2,0.0,55,55.0,0.0
2026-02-21,80804129,A715,96,0,0,0,0.0,96,96.0,0.0
2026-02-21,21352461,C937,5,0,0,1,0.0,4,4.0,0.0
2026-02-21,80807092,E568,4,0,0,0,0.0,4,4.0,0.0
2026-02-21,80838164,C937,3,0,0,1,0.0,2,2.0,0.0
2026-02-21,80807113,A672,355,0,1440,48,0.0,1747,1747.0,0.0
2026-02-21,80807116,E564,163,0,41,6,0.0,198,198.0,0.0
2026-02-21,80848024,A715,53,0,0,0,0.0,53,53.0,0.0
2026-02-21,21103371,E569,9,0,0,0,0.0,9,9.0,0.0
2026-02-21,80848022,C937,49,0,0,5,0.0,44,44.0,0.0
2026-02-21,80807118,D767,14,0,10,1,0.0,23,23.0,0.0
2026-02-21,21314595,A668,106,0,0,2,0.0,104,104.0,0.0
2026-02-21,21325292,A668,179,0,0,8,0.0,171,171.0,0.0
2026-02-21,80807092,A673,142,0,2,2,0.0,142,142.0,0.0
2026-02-21,21148509,E568,12,0,0,0,0.0,12,12.0,0.0
2026-02-21,80807112,E568,4,0,0,1,0.0,3,3.0,0.0
2026-02-21,80807113,C810,109,0,0,1,15.0,93,93.0,0.0
2026-02-21,80865910,A672,429,0,0,0,0.0,429,429.0,0.0
2026-02-21,80885921,A668,77,0,0,0,0.0,77,77.0,0.0
2026-02-21,21314875,C937,3,0,0,0,0.0,3,3.0,0.0
2026-02-21,21118864,D767,2,0,0,0,0.0,2,2.0,0.0
2026-02-21,21303404,0386,496,0,0,0,0.0,496,496.0,0.0
2026-02-21,80807105,A672,647,0,0,12,0.0,635,635.0,0.0
2026-02-21,80863645,A668,354,0,0,1,0.0,353,353.0,0.0
2026-02-21,80804138,C819,16,0,0,0,0.0,16,16.0,0.0
2026-02-21,21162696,A716,21,0,0,1,0.0,20,20.0,0.0
2026-02-21,80807117,C810,2,0,0,0,0.0,2,2.0,0.0
2026-02-21,21377504,A672,662,0,0,1,0.0,661,661.0,0.0
2026-02-21,21434952,A668,107,0,1,0,0.0,108,108.0,0.0
2026-02-21,21354246,A715,56,0,0,0,0.0,56,56.0,0.0
2026-02-21,80807114,A672,236,0,0,1,0.0,235,235.0,0.0
2026-02-21,80804135,E569,17,0,0,0,0.0,17,17.0,0.0
2026-02-21,80812103,A668,26,0,0,1,0.0,25,25.0,0.0
2026-02-21,80795932,A668,54,0,0,0,0.0,54,54.0,0.0
2026-02-21,80804131,A716,8,0,0,0,0.0,8,8.0,0.0
2026-02-21,80812099,A673,122,0,1,3,0.0,120,120.0,0.0
2026-02-21,80807105,C810,38,0,0,2,0.0,36,36.0,0.0
2026-02-21,21315352,C816,3975,0,37,46,0.0,3966,3966.0,0.0
2026-02-21,21170691,A715,31,0,0,0,0.0,31,31.0,0.0
2026-02-21,80807114,C810,476,0,0,1,11.0,464,464.0,0.0
2026-02-21,21357021,A715,298,0,0,0,0.0,298,298.0,0.0
2026-02-21,21121752,0386,1,0,0,0,0.0,1,1.0,0.0
2026-02-21,21141769,C816,197,0,0,0,0.0,197,197.0,0.0
2026-02-21,80812839,A716,19,0,0,1,0.0,18,18.0,0.0
2026-02-21,80838161,A716,3,0,0,0,0.0,3,3.0,0.0
2026-02-21,21357275,C816,326,0,0,8,0.0,318,318.0,0.0
2026-02-21,21377091,A668,358,0,0,0,0.0,358,358.0,0.0
2026-02-21,21132758,C816,1057,0,0,30,4.0,1023,1023.0,0.0
2026-02-21,80812845,A680,570,0,0,12,0.0,558,558.0,0.0
2026-02-21,21132758,D191,13,0,0,1,0.0,12,12.0,0.0
2026-02-21,21121751,C819,8,0,0,2,0.0,6,6.0,0.0
2026-02-21,21151196,A715,217,0,0,14,0.0,203,203.0,0.0
2026-02-21,80804134,E564,15,0,91,5,0.0,101,101.0,0.0
2026-02-21,21170686,C937,5,0,0,0,0.0,5,5.0,0.0
2026-02-21,80804128,A715,215,0,0,1,0.0,214,214.0,0.0
2026-02-21,21315352,E568,5,0,0,0,0.0,5,5.0,0.0
2026-02-21,21307836,A672,70,0,0,6,0.0,64,64.0,0.0
2026-02-21,80804127,A668,20,0,0,3,0.0,17,17.0,0.0
2026-02-21,21315474,A715,453,0,0,4,0.0,449,449.0,0.0
2026-02-21,21325292,C563,3,0,0,1,0.0,2,2.0,0.0
2026-02-21,80796091,A672,333,0,0,3,0.0,330,330.0,0.0
2026-02-21,80848021,A680,4,0,0,0,0.0,4,4.0,0.0
2026-02-21,21139445,A716,491,0,0,7,0.0,484,484.0,0.0
2026-02-21,21314594,E569,3,0,0,0,0.0,3,3.0,0.0
2026-02-21,80804132,C816,387,0,0,10,23.0,354,354.0,0.0
2026-02-21,80805850,A680,66,0,0,0,0.0,66,66.0,0.0
2026-02-21,21141769,E568,10,0,0,1,0.0,9,9.0,0.0
2026-02-21,80812841,E556,103,0,13,4,0.0,112,112.0,0.0
2026-02-21,80848028,A716,115,0,0,2,0.0,113,113.0,0.0
2026-02-21,21132758,E568,5,0,0,0,0.0,5,5.0,0.0
2026-02-21,21307836,C810,58,0,0,1,0.0,57,57.0,0.0
2026-02-21,21128067,A672,702,0,0,0,0.0,702,702.0,0.0
2026-02-21,80807110,E568,10,0,0,0,0.0,10,10.0,0.0
2026-02-21,80807118,C816,196,0,0,2,12.0,182,182.0,0.0
2026-02-21,21325164,A668,43,0,0,1,0.0,42,42.0,0.0
2026-02-21,80884850,A672,297,0,0,0,0.0,297,297.0,0.0
2026-02-21,80807089,E569,12,0,2,1,0.0,13,13.0,0.0
2026-02-21,80795933,C937,3,0,0,0,0.0,3,3.0,0.0
2026-02-21,21376841,A715,321,0,0,0,0.0,321,321.0,0.0
2026-02-21,21357275,A673,381,0,0,0,0.0,381,381.0,0.0
2026-02-21,80804703,C937,20,0,0,1,0.0,19,19.0,0.0
2026-02-21,21139445,D901,25,0,0,6,0.0,19,19.0,0.0
2026-02-21,80807093,E564,15,0,0,2,0.0,13,13.0,0.0
2026-02-21,21121756,A716,74,0,0,0,0.0,74,74.0,0.0
2026-02-21,21132758,A673,545,0,0,55,26.0,464,464.0,0.0
2026-02-21,21128067,C810,22,0,0,2,0.0,20,20.0,0.0
2026-02-21,80793613,A715,86,0,0,1,0.0,85,85.0,0.0
2026-02-21,80804129,A673,285,0,0,3,0.0,282,282.0,0.0
2026-02-21,80848028,D901,66,0,26,5,0.0,87,87.0,0.0
2026-02-21,21127730,A672,1216,0,0,0,0.0,1216,1216.0,0.0
2026-02-21,21301637,0386,0,2303,0,0,2303.0,0,0.0,0.0
2026-02-21,80807119,A668,183,0,0,6,0.0,177,177.0,0.0
2026-02-21,21179704,C937,7,0,0,0,0.0,7,7.0,0.0
2026-02-21,80791223,A672,90,0,0,0,0.0,90,90.0,0.0
2026-02-21,80848023,C819,63,0,0,2,0.0,61,61.0,0.0
2026-02-21,80807118,E568,6,0,0,1,0.0,5,5.0,0.0
2026-02-21,80863646,A680,111,0,0,1,0.0,110,110.0,0.0
2026-02-21,80807100,C819,5,0,0,0,0.0,5,5.0,0.0
2026-02-21,21314602,E568,1,0,0,0,0.0,1,1.0,0.0
2026-02-21,21442896,A716,971,0,0,0,0.0,971,971.0,0.0
2026-02-21,80804132,A673,1797,0,0,40,7.0,1750,1750.0,0.0
2026-02-21,80848024,A673,316,0,0,2,0.0,314,314.0,0.0
2026-02-21,80812846,C937,22,0,0,1,0.0,21,21.0,0.0
2026-02-21,80804132,E467,7,0,0,0,0.0,7,7.0,0.0
2026-02-21,80812841,A715,258,0,0,16,0.0,242,242.0,0.0
2026-02-21,21127730,C810,0,0,22,0,22.0,0,0.0,0.0
2026-02-21,21314593,C937,44,0,0,7,0.0,37,37.0,0.0
2026-02-21,80812154,E569,5,0,0,0,0.0,5,5.0,0.0
2026-02-21,80807115,A715,99,0,0,1,0.0,98,98.0,0.0
2026-02-21,21143102,D767,3,0,0,1,0.0,2,2.0,0.0
2026-02-21,80804128,C816,219,0,0,2,3.0,214,214.0,0.0
2026-02-21,80807118,A673,533,0,0,1,32.0,500,500.0,0.0
2026-02-21,21315474,C816,465,0,0,23,24.0,418,418.0,0.0
2026-02-21,21275914,C819,5,0,0,0,0.0,5,5.0,0.0
2026-02-21,80840976,C819,7,0,0,0,0.0,7,7.0,0.0
2026-02-21,80854083,C937,3,0,0,0,0.0,3,3.0,0.0
2026-02-21,21354246,A673,586,0,0,2,0.0,584,584.0,0.0
2026-02-21,80804702,0386,1,0,0,0,0.0,1,1.0,0.0
2026-02-21,21170691,A673,94,0,0,4,1.0,89,89.0,0.0
2026-02-21,80868102,C816,366,0,0,8,5.0,353,353.0,0.0
2026-02-21,21357021,A673,1156,0,0,0,0.0,1156,1156.0,0.0
2026-02-21,21414747,A716,183,0,0,3,0.0,180,180.0,0.0
2026-02-21,21121751,A680,52,0,0,2,0.0,50,50.0,0.0
2026-02-21,80865910,C937,2,0,0,0,0.0,2,2.0,0.0
2026-02-21,21165816,A715,27,0,0,0,0.0,27,27.0,0.0
2026-02-21,21419485,A672,200,0,4,21,0.0,183,183.0,0.0
2026-02-21,21377504,C937,4,0,0,1,0.0,3,3.0,0.0
2026-02-21,21162696,E569,2,0,0,0,0.0,2,2.0,0.0
2026-02-21,21366842,A716,107,0,0,0,0.0,107,107.0,0.0
2026-02-21,80804128,A673,750,0,0,6,2.0,742,742.0,0.0
2026-02-21,21132988,A716,184,0,133,0,0.0,317,317.0,0.0
2026-02-21,80864469,C819,36,0,0,3,0.0,33,33.0,0.0
2026-02-21,80804705,C819,24,0,0,0,0.0,24,24.0,0.0
2026-02-21,80812840,A672,2029,0,0,42,28.0,1959,1959.0,0.0
2026-02-21,80804137,D767,16,0,11,2,0.0,25,25.0,0.0
2026-02-21,21315474,A673,608,0,0,19,13.0,576,576.0,0.0
2026-02-21,21170683,C816,122,0,0,2,5.0,115,115.0,0.0
2026-02-21,80865910,0386,1,0,0,0,1.0,0,0.0,0.0
2026-02-21,80812845,E556,24,0,13,1,0.0,36,36.0,0.0
2026-02-21,80863643,A680,191,0,0,2,0.0,189,189.0,0.0
2026-02-21,80884845,A680,12,0,0,0,0.0,12,12.0,0.0
2026-02-21,80793615,A680,118,0,0,3,0.0,115,115.0,0.0
2026-02-21,21377504,0386,2261,0,0,0,0.0,2261,2261.0,0.0
2026-02-21,80838164,E564,17,0,1,0,0.0,18,18.0,0.0
2026-02-21,80812840,C810,83,0,28,2,41.0,68,68.0,0.0
2026-02-21,80851898,C819,36,0,0,2,0.0,34,34.0,0.0
2026-02-21,80807115,C816,911,0,0,6,70.0,835,835.0,0.0
2026-02-21,80804704,A716,1115,0,0,6,0.0,1109,1109.0,0.0
2026-02-21,21132988,D901,69,0,33,0,0.0,102,102.0,0.0
2026-02-21,80805850,E556,3,0,0,0,0.0,3,3.0,0.0
2026-02-21,80807091,E564,51,0,0,0,0.0,51,51.0,0.0
2026-02-21,21143102,C816,253,0,0,16,5.0,232,232.0,0.0
2026-02-21,21170683,E568,1,0,0,0,0.0,1,1.0,0.0
2026-02-21,80807097,E564,5,0,0,1,0.0,4,4.0,0.0
2026-02-21,80848027,E564,4,0,0,0,0.0,4,4.0,0.0
2026-02-21,21143102,D191,11,0,0,1,0.0,10,10.0,0.0
2026-02-21,21376841,A673,5103,0,0,0,0.0,5103,5103.0,0.0
2026-02-21,80868100,A680,9,0,7,0,0.0,16,16.0,0.0
2026-02-21,80807100,A680,72,0,0,1,0.0,71,71.0,0.0
2026-02-21,21139445,E569,2,0,0,0,0.0,2,2.0,0.0
2026-02-21,80807112,C937,17,0,0,2,0.0,15,15.0,0.0
2026-02-21,21148509,C937,20,0,0,3,0.0,17,17.0,0.0
2026-02-21,80868101,A680,8,0,0,0,0.0,8,8.0,0.0
2026-02-21,21121752,E564,2,0,0,0,0.0,2,2.0,0.0
2026-02-21,80804704,D901,30,0,0,5,0.0,25,25.0,0.0
2026-02-21,21170683,A673,900,0,0,27,21.0,852,852.0,0.0
2026-02-21,80848028,E569,38,0,1,6,0.0,33,33.0,0.0
2026-02-21,21357275,A668,200,0,0,1,0.0,199,199.0,0.0
2026-02-21,21170683,E467,12,0,0,1,0.0,11,11.0,0.0
2026-02-21,21132758,A668,433,0,0,34,0.0,399,399.0,0.0
2026-02-21,80804130,D767,20,0,2,1,0.0,21,21.0,0.0
2026-02-21,80812845,A715,217,0,0,2,0.0,215,215.0,0.0
2026-02-21,80804129,A668,57,0,0,1,0.0,56,56.0,0.0
2026-02-21,80807091,D901,48,0,25,5,0.0,68,68.0,0.0
2026-02-21,80807122,E564,3,0,0,0,0.0,3,3.0,0.0
2026-02-21,80804133,E556,16,0,5,0,0.0,21,21.0,0.0
2026-02-21,80812841,A673,1689,0,0,52,0.0,1637,1637.0,0.0
2026-02-21,21128377,E564,7,0,0,0,0.0,7,7.0,0.0
2026-02-21,21275914,A680,19,0,0,0,0.0,19,19.0,0.0
2026-02-21,80807097,D901,49,0,21,9,0.0,61,61.0,0.0
2026-02-21,80812338,A672,32,0,0,0,0.0,32,32.0,0.0
2026-02-21,80840976,A680,371,0,0,3,0.0,368,368.0,0.0
2026-02-21,80807115,A673,646,0,0,32,32.0,582,582.0,0.0
2026-02-21,21421148,C816,480,0,0,2,0.0,478,478.0,0.0
2026-02-21,80848021,A715,47,0,0,0,0.0,47,47.0,0.0
2026-02-21,80804132,A668,576,0,0,8,0.0,568,568.0,0.0
2026-02-21,21118867,D767,1,0,0,1,0.0,0,0.0,0.0
2026-02-21,80848024,A668,428,0,0,8,0.0,420,420.0,0.0
2026-02-21,80805850,A715,12,0,0,0,0.0,12,12.0,0.0
2026-02-21,21143102,A673,529,0,0,27,7.0,495,495.0,0.0
2026-02-21,21127730,C937,6,0,0,0,0.0,6,6.0,0.0
2026-02-21,21151196,A672,1361,0,895,101,0.0,2155,2155.0,0.0
2026-02-21,80804138,E556,27,0,11,2,0.0,36,36.0,0.0
2026-02-21,80807095,A680,200,0,0,2,0.0,198,198.0,0.0
2026-02-21,21442897,C816,1870,0,0,15,94.0,1761,1761.0,0.0
2026-02-21,80884848,A716,154,0,0,0,0.0,154,154.0,0.0
2026-02-21,80807120,D767,40,0,14,7,0.0,47,47.0,0.0
2026-02-21,80884850,0386,3,0,0,0,0.0,3,3.0,0.0
2026-02-21,21304907,A672,89,0,0,3,0.0,86,86.0,0.0
2026-02-21,80884852,A716,89,0,0,1,0.0,88,88.0,0.0
2026-02-21,21113405,A716,111,0,0,2,0.0,109,109.0,0.0
2026-02-21,21354246,A668,64,0,0,2,0.0,62,62.0,0.0
2026-02-21,21151196,C810,21,0,0,3,0.0,18,18.0,0.0
2026-02-21,80804699,D767,5,0,0,1,0.0,4,4.0,0.0
2026-02-21,80804701,D767,9,0,6,3,0.0,12,12.0,0.0
2026-02-21,21315352,C937,7,0,0,0,0.0,7,7.0,0.0
2026-02-21,80804706,A680,19,0,0,3,0.0,16,16.0,0.0
2026-02-21,21171453,A716,11,0,0,0,0.0,11,11.0,0.0
2026-02-21,80864469,A680,10,0,87,6,0.0,91,91.0,0.0
2026-02-21,80804705,A680,73,0,0,16,0.0,57,57.0,0.0
2026-02-21,80804137,E568,3,0,0,0,0.0,3,3.0,0.0
2026-02-21,21141769,C937,12,0,0,3,0.0,9,9.0,0.0
2026-02-21,21170691,A668,25,0,0,0,0.0,25,25.0,0.0
2026-02-21,21315350,A672,1783,0,0,205,18.0,1560,1560.0,0.0
2026-02-21,21357021,A668,132,0,0,0,0.0,132,132.0,0.0
2026-02-21,21428668,A680,111,0,46,21,0.0,136,136.0,0.0
2026-02-21,80863646,A715,62,0,0,0,0.0,62,62.0,0.0
2026-02-21,80807110,C937,21,0,0,3,0.0,18,18.0,0.0
2026-02-21,21113405,D901,5,0,4,0,0.0,9,9.0,0.0
2026-02-21,21422791,C816,80,0,0,0,0.0,80,80.0,0.0
2026-02-21,80793613,A672,202,0,0,1,0.0,201,201.0,0.0
2026-02-21,80851898,A680,129,0,0,1,0.0,128,128.0,0.0
2026-02-21,21103371,D767,10,0,4,1,0.0,13,13.0,0.0
2026-02-21,21442897,A673,599,0,348,92,0.0,855,855.0,0.0
2026-02-21,21171453,D901,15,0,4,3,0.0,16,16.0,0.0
2026-02-21,21315350,C810,121,0,0,6,3.0,112,112.0,0.0
2026-02-21,80804128,A668,184,0,0,5,0.0,179,179.0,0.0
2026-02-21,80804136,C819,31,0,0,1,0.0,30,30.0,0.0
2026-02-21,80804130,C816,127,0,0,6,0.0,121,121.0,0.0
2026-02-21,21314595,A716,49,0,0,1,0.0,48,48.0,0.0
2026-02-21,21315474,A668,268,0,0,5,0.0,263,263.0,0.0
2026-02-21,21325292,A716,290,0,0,5,0.0,285,285.0,0.0
2026-02-21,21463645,C816,204,0,0,0,0.0,204,204.0,0.0
2026-02-21,80807096,D767,22,0,1,1,0.0,22,22.0,0.0
2026-02-21,80848021,C816,86,0,0,4,0.0,82,82.0,0.0
2026-02-21,80885919,A672,190,0,0,6,0.0,184,184.0,0.0
2026-02-21,80804698,A672,71,0,0,9,0.0,62,62.0,0.0
2026-02-21,80804702,E564,12,0,0,1,0.0,11,11.0,0.0
2026-02-21,80885921,A716,28,0,0,2,0.0,26,26.0,0.0
2026-02-21,80823707,A672,7,0,0,0,0.0,7,7.0,0.0
2026-02-21,80863645,A716,61,0,0,1,0.0,60,60.0,0.0
2026-02-21,21447518,A672,81,0,0,2,0.0,79,79.0,0.0
2026-02-21,80804135,D767,38,0,0,0,0.0,38,38.0,0.0
2026-02-21,21434952,A716,42,0,0,2,0.0,40,40.0,0.0
2026-02-21,80812840,C937,6,0,0,2,0.0,4,4.0,0.0
2026-02-21,21132988,E569,5,0,1,0,0.0,6,6.0,0.0
2026-02-21,21314602,C937,7,0,0,1,0.0,6,6.0,0.0
2026-02-21,80840975,E556,12,0,4,2,0.0,14,14.0,0.0
2026-02-21,80812110,A680,77,0,0,3,0.0,74,74.0,0.0
2026-02-21,21118864,C937,1,0,0,0,0.0,1,1.0,0.0
2026-02-21,80812103,A716,57,0,0,1,0.0,56,56.0,0.0
2026-02-21,80795932,A716,40,0,0,0,0.0,40,40.0,0.0
2026-02-21,80804698,C810,183,0,0,2,3.0,178,178.0,0.0
2026-02-21,80804130,E568,4,0,0,0,0.0,4,4.0,0.0
2026-02-21,21155895,A680,127,0,0,7,0.0,120,120.0,0.0
2026-02-21,80848029,C819,42,0,0,1,0.0,41,41.0,0.0
2026-02-21,21325292,D901,62,0,35,7,0.0,90,90.0,0.0
2026-02-21,80807120,C816,178,0,0,4,14.0,160,160.0,0.0
2026-02-21,80884846,A680,10,0,0,1,0.0,9,9.0,0.0
2026-02-21,21419485,0386,1,0,0,0,0.0,1,1.0,0.0
2026-02-21,21121751,A715,10,0,0,0,0.0,10,10.0,0.0
2026-02-21,21376841,A668,471,0,0,0,0.0,471,471.0,0.0
2026-02-21,21138340,E556,77,0,19,5,0.0,91,91.0,0.0
2026-02-21,80807113,E564,73,0,22,8,0.0,87,87.0,0.0
2026-02-21,80848023,E556,4,0,2,1,0.0,5,5.0,0.0
2026-02-21,80807113,A716,518,0,0,1,0.0,517,517.0,0.0
2026-02-21,80812840,0386,3321,0,0,0,0.0,3321,3321.0,0.0
2026-02-21,80804704,E569,24,0,0,3,0.0,21,21.0,0.0
2026-02-21,21314602,0386,3,0,0,0,0.0,3,3.0,0.0
2026-02-21,80804699,C816,201,0,0,4,6.0,191,191.0,0.0
2026-02-21,80807100,E556,60,0,2,9,0.0,53,53.0,0.0
2026-02-21,21118867,E568,2,0,0,0,0.0,2,2.0,0.0
2026-02-21,21377091,A716,237,0,0,0,0.0,237,237.0,0.0
2026-02-21,21442896,A680,20,0,77,13,0.0,84,84.0,0.0
2026-02-21,80804130,A673,417,0,0,22,2.0,393,393.0,0.0
2026-02-21,80807117,A716,14,0,0,0,0.0,14,14.0,0.0
2026-02-21,80848031,A680,15,0,0,0,0.0,15,15.0,0.0
2026-02-21,80807091,E569,17,0,1,3,0.0,15,15.0,0.0
2026-02-21,21170683,A668,35,0,0,0,0.0,35,35.0,0.0
2026-02-21,80805856,C819,1,0,0,0,0.0,1,1.0,0.0
2026-02-21,21176384,A672,71,0,0,2,0.0,69,69.0,0.0
2026-02-21,21151196,C563,38,0,0,3,0.0,35,35.0,0.0
2026-02-21,80795932,D901,16,0,0,2,0.0,14,14.0,0.0
2026-02-21,80807097,E569,3,0,0,1,0.0,2,2.0,0.0
2026-02-21,80848021,A673,307,0,0,7,19.0,281,281.0,0.0
2026-02-21,21425098,C816,7,0,0,0,0.0,7,7.0,0.0
2026-02-21,21434954,A680,219,0,0,0,0.0,219,219.0,0.0
2026-02-21,21165816,A672,68,0,0,1,0.0,67,67.0,0.0
2026-02-21,80807102,A672,1743,0,0,2,0.0,1741,1741.0,0.0
2026-02-21,80807120,E568,2,0,0,0,0.0,2,2.0,0.0
2026-02-21,80807105,E564,88,0,1,11,0.0,78,78.0,0.0
2026-02-21,80804127,A716,21,0,0,0,0.0,21,21.0,0.0
2026-02-21,21103372,A672,655,0,0,27,0.0,628,628.0,0.0
2026-02-21,80812841,A668,406,0,0,36,0.0,370,370.0,0.0
2026-02-21,80863643,A715,32,0,0,1,0.0,31,31.0,0.0
2026-02-21,80884845,A715,176,0,0,1,0.0,175,175.0,0.0
2026-02-21,21275914,E556,1,0,0,0,0.0,1,1.0,0.0
2026-02-21,80793615,A715,119,0,0,1,0.0,118,118.0,0.0
2026-02-21,80807114,E564,37,0,6,2,0.0,41,41.0,0.0
2026-02-21,80807115,A668,351,0,0,13,0.0,338,338.0,0.0
2026-02-21,80807113,D901,13,0,74,6,0.0,81,81.0,0.0
2026-02-21,21176384,C810,37,0,0,1,0.0,36,36.0,0.0
2026-02-21,80804701,E568,3,0,0,0,0.0,3,3.0,0.0
2026-02-21,80838165,C816,953,0,0,1,0.0,952,952.0,0.0
2026-02-21,80831843,0386,4386,0,0,0,0.0,4386,4386.0,0.0
2026-02-21,21165816,C810,775,0,0,1,0.0,774,774.0,0.0
2026-02-21,80807102,C810,33,0,0,1,3.0,29,29.0,0.0
2026-02-21,21103372,C810,94,0,0,14,0.0,80,80.0,0.0
2026-02-21,80807122,E569,8,0,0,0,0.0,8,8.0,0.0
2026-02-21,80812338,C937,3,0,0,0,0.0,3,3.0,0.0
2026-02-21,21325164,A716,21,0,0,0,0.0,21,21.0,0.0
2026-02-21,80863643,E295,197,0,0,15,0.0,182,182.0,0.0
2026-02-21,80868102,C937,4,0,0,0,0.0,4,4.0,0.0
2026-02-21,80868100,A715,82,0,0,0,0.0,82,82.0,0.0
2026-02-21,80807096,C816,125,0,0,0,8.0,117,117.0,0.0
2026-02-21,80804699,A673,44,0,6,2,0.0,48,48.0,0.0
2026-02-21,80807105,D901,131,0,0,13,0.0,118,118.0,0.0
2026-02-21,80807100,A715,551,0,0,3,0.0,548,548.0,0.0
2026-02-21,21165946,D767,3,0,0,1,0.0,2,2.0,0.0
2026-02-21,80868101,A715,213,0,0,2,0.0,211,211.0,0.0
2026-02-21,21291975,A680,85,0,0,2,0.0,83,83.0,0.0
2026-02-21,21103371,E568,2,0,0,0,0.0,2,2.0,0.0
2026-02-21,21425098,A673,36,0,6,7,0.0,35,35.0,0.0
2026-02-21,21121751,C816,563,0,0,21,17.0,525,525.0,0.0
2026-02-21,80807119,A716,103,0,0,0,0.0,103,103.0,0.0
2026-02-21,80864469,E556,16,0,0,2,0.0,14,14.0,0.0
2026-02-21,80848025,A680,44,0,0,1,0.0,43,43.0,0.0
2026-02-21,80804136,A680,271,0,0,9,0.0,262,262.0,0.0
2026-02-21,21143103,D767,2,0,0,0,0.0,2,2.0,0.0
2026-02-21,21307836,A716,252,0,0,2,0.0,250,250.0,0.0
2026-02-21,80804705,E556,14,0,0,2,0.0,12,12.0,0.0
2026-02-21,80796091,E564,1,0,0,0,0.0,1,1.0,0.0
2026-02-21,80805852,A680,45,0,0,1,0.0,44,44.0,0.0
2026-02-21,80812839,E556,4,0,0,0,0.0,4,4.0,0.0
2026-02-21,21275914,A715,3,0,0,0,0.0,3,3.0,0.0
2026-02-21,21113405,E569,6,0,0,0,0.0,6,6.0,0.0
2026-02-21,80840976,A715,178,0,0,0,0.0,178,178.0,0.0
2026-02-21,80838162,A716,218,0,0,0,0.0,218,218.0,0.0
2026-02-21,80848026,C819,104,0,0,8,0.0,96,96.0,0.0
2026-02-21,80838165,A673,76,0,0,1,0.0,75,75.0,0.0
2026-02-21,80838163,A672,4,0,0,0,0.0,4,4.0,0.0
2026-02-21,80804135,E568,2,0,0,0,0.0,2,2.0,0.0
2026-02-21,80812845,A672,1329,0,0,29,3.0,1297,1297.0,0.0
2026-02-21,21128067,E564,21,0,1,4,0.0,18,18.0,0.0
2026-02-21,80851898,E556,3,0,0,0,0.0,3,3.0,0.0
2026-02-21,21304907,0386,2272,0,0,0,0.0,2272,2272.0,0.0
2026-02-21,80807095,A715,581,0,0,1,0.0,580,580.0,0.0
2026-02-21,21421149,A672,1040,0,0,26,0.0,1014,1014.0,0.0
2026-02-21,21137866,A672,1924,0,0,71,17.0,1836,1836.0,0.0
2026-02-21,21472283,A680,13,0,0,0,0.0,13,13.0,0.0
2026-02-21,80848029,A680,140,0,0,3,0.0,137,137.0,0.0
2026-02-21,80807116,D767,60,0,0,3,0.0,57,57.0,0.0
2026-02-21,80812845,C810,156,0,0,2,0.0,154,154.0,0.0
2026-02-21,21142560,A672,1444,0,0,27,0.0,1417,1417.0,0.0
2026-02-21,21121751,A673,84,0,0,5,0.0,79,79.0,0.0
2026-02-21,80804706,A715,416,0,0,2,0.0,414,414.0,0.0
2026-02-21,21137866,C810,53,0,1,6,0.0,48,48.0,0.0
2026-02-21,21315350,0386,17,0,0,0,0.0,17,17.0,0.0
2026-02-21,80864469,A715,164,0,0,3,0.0,161,161.0,0.0
2026-02-21,21325292,E569,11,0,0,1,0.0,10,10.0,0.0
2026-02-21,21416910,A680,249,0,0,0,0.0,249,249.0,0.0
2026-02-21,80812110,E556,14,0,2,2,0.0,14,14.0,0.0
2026-02-21,80804705,A715,364,0,0,8,0.0,356,356.0,0.0
2026-02-21,80805856,A680,147,0,0,6,0.0,141,141.0,0.0
2026-02-21,80804698,C937,6,0,0,1,0.0,5,5.0,0.0
2026-02-21,21352461,A680,183,0,0,2,0.0,181,181.0,0.0
2026-02-21,80804702,E569,3,0,0,0,0.0,3,3.0,0.0
2026-02-21,21428668,A715,999,0,0,4,0.0,995,995.0,0.0
2026-02-21,21314876,A680,57,0,0,1,0.0,56,56.0,0.0
2026-02-21,80851898,A715,261,0,0,6,0.0,255,255.0,0.0
2026-02-21,80804133,A672,822,0,0,20,6.0,796,796.0,0.0
2026-02-21,80812103,E569,11,0,0,1,0.0,10,10.0,0.0
2026-02-21,21179704,C819,1,0,0,0,0.0,1,1.0,0.0
2026-02-21,80795932,E569,4,0,0,0,0.0,4,4.0,0.0
2026-02-21,80884845,A673,58,0,16,8,0.0,66,66.0,0.0
2026-02-21,80885919,0386,4,0,0,0,0.0,4,4.0,0.0
2026-02-21,80848031,E556,4,0,0,0,0.0,4,4.0,0.0
2026-02-21,80840976,C816,1085,0,0,10,28.0,1047,1047.0,0.0
2026-02-21,21143103,C816,524,0,0,2,0.0,522,522.0,0.0
2026-02-21,80848021,A668,11,0,0,1,0.0,10,10.0,0.0
2026-02-21,80812846,C819,22,0,0,1,0.0,21,21.0,0.0
2026-02-21,80804137,C937,26,0,0,2,0.0,24,24.0,0.0
2026-02-21,21314875,A680,23,0,0,1,0.0,22,22.0,0.0
2026-02-21,80807113,E569,18,0,6,0,0.0,24,24.0,0.0
2026-02-21,80804133,C810,113,0,0,4,8.0,101,101.0,0.0
2026-02-21,80805850,A668,10,0,0,0,0.0,10,10.0,0.0
2026-02-21,80804127,C819,19,0,0,1,0.0,18,18.0,0.0
2026-02-21,80804138,A672,1264,0,0,11,0.0,1253,1253.0,0.0
2026-02-21,21165946,E568,1,0,0,0,0.0,1,1.0,0.0
2026-02-21,80807095,C816,325,0,0,11,16.0,298,298.0,0.0
2026-02-21,21138340,A673,94,0,0,8,0.0,86,86.0,0.0
2026-02-21,80804134,D767,20,0,59,9,0.0,70,70.0,0.0
2026-02-21,21176384,C937,4,0,0,0,0.0,4,4.0,0.0
2026-02-21,80812110,A715,30,0,0,0,0.0,30,30.0,0.0
2026-02-21,21155895,A715,20,0,0,0,0.0,20,20.0,0.0
2026-02-21,80884846,A715,90,0,0,0,0.0,90,90.0,0.0
2026-02-21,80804138,C810,35,0,0,0,6.0,29,29.0,0.0
2026-02-21,80807105,E569,19,0,6,2,0.0,23,23.0,0.0
2026-02-21,21325164,C819,2,0,0,0,0.0,2,2.0,0.0
2026-02-21,80804706,C816,810,0,0,4,18.0,788,788.0,0.0
2026-02-21,80807116,C816,241,0,0,2,0.0,239,239.0,0.0
2026-02-21,80812840,E564,23,0,13,4,0.0,32,32.0,0.0
2026-02-21,21442422,A672,195,0,0,26,0.0,169,169.0,0.0
2026-02-21,80807116,D191,54,0,0,3,0.0,51,51.0,0.0
2026-02-21,80848026,A680,956,0,0,27,0.0,929,929.0,0.0
2026-02-21,21176384,0386,2,0,0,0,0.0,2,2.0,0.0
2026-02-21,21357275,A716,117,0,0,2,0.0,115,115.0,0.0
2026-02-21,21275914,A673,283,0,0,0,0.0,283,283.0,0.0
2026-02-21,21442896,A715,1064,0,0,5,0.0,1059,1059.0,0.0
2026-02-21,80840976,A673,217,0,0,2,5.0,210,210.0,0.0
2026-02-21,80804129,A716,181,0,0,1,0.0,180,180.0,0.0
2026-02-21,80812845,C563,41,0,0,2,0.0,39,39.0,0.0
2026-02-21,80848031,A715,1140,0,0,3,0.0,1137,1137.0,0.0
2026-02-21,21103372,0386,1,0,0,0,0.0,1,1.0,0.0
2026-02-21,21143103,A673,347,0,421,18,5.0,745,745.0,0.0
2026-02-21,21434954,A715,73,0,0,0,0.0,73,73.0,0.0
2026-02-21,80804136,E556,26,0,3,4,0.0,25,25.0,0.0
2026-02-21,80807095,A673,868,0,0,12,32.0,824,824.0,0.0
2026-02-21,80848024,A716,63,0,0,0,0.0,63,63.0,0.0
2026-02-21,80807116,E568,4,0,0,0,0.0,4,4.0,0.0
2026-02-21,21255844,C816,131,0,0,4,0.0,127,127.0,0.0
2026-02-21,21143110,A672,1281,0,0,15,0.0,1266,1266.0,0.0
2026-02-21,21133312,A672,318,0,0,0,0.0,318,318.0,0.0
2026-02-21,80807089,A672,1397,0,0,27,0.0,1370,1370.0,0.0
2026-02-21,80804129,D901,18,0,0,0,0.0,18,18.0,0.0
2026-02-21,21118867,C937,3,0,0,0,0.0,3,3.0,0.0
2026-02-21,80793615,A672,265,0,0,9,0.0,256,256.0,0.0
2026-02-21,80804706,A673,103,0,0,8,0.0,95,95.0,0.0
2026-02-21,21143110,C810,567,0,0,0,72.0,495,495.0,0.0
2026-02-21,80864470,A672,386,0,0,9,3.0,374,374.0,0.0
2026-02-21,80840975,A672,503,0,0,3,1.0,499,499.0,0.0
2026-02-21,80838162,E569,2,0,0,0,0.0,2,2.0,0.0
2026-02-21,80848029,E556,11,0,0,0,0.0,11,11.0,0.0
2026-02-21,80793614,C816,201,0,0,1,0.0,200,200.0,0.0
2026-02-21,80864469,A673,408,0,56,39,0.0,425,425.0,0.0
2026-02-21,80807089,C810,166,0,0,2,7.0,157,157.0,0.0
2026-02-21,80804705,A673,469,0,0,21,0.0,448,448.0,0.0
2026-02-21,80807120,C937,23,0,0,2,0.0,21,21.0,0.0
2026-02-21,80864469,E467,3,0,0,3,0.0,0,0.0,0.0
2026-02-21,80807092,C819,4,0,0,0,0.0,4,4.0,0.0
2026-02-21,80804705,E467,10,0,0,0,0.0,10,10.0,0.0
2026-02-21,21419490,A680,153,0,0,7,0.0,146,146.0,0.0
2026-02-21,21098519,A680,340,0,0,7,0.0,333,333.0,0.0
2026-02-21,21155895,C816,139,0,0,4,1.0,134,134.0,0.0
2026-02-21,21291975,A715,22,0,0,0,0.0,22,22.0,0.0
2026-02-21,80804134,C816,348,0,1881,32,46.0,2151,2151.0,0.0
2026-02-21,80884846,C816,156,0,0,0,3.0,153,153.0,0.0
2026-02-21,21121751,A668,4,0,0,1,0.0,3,3.0,0.0
2026-02-21,21137866,C937,32,0,0,0,0.0,32,32.0,0.0
2026-02-21,80804134,D191,27,0,0,2,0.0,25,25.0,0.0
2026-02-21,21118867,0386,1,0,0,0,0.0,1,1.0,0.0
2026-02-21,21179704,A680,28,0,0,2,0.0,26,26.0,0.0
2026-02-21,21170691,A716,27,0,0,0,0.0,27,27.0,0.0
2026-02-21,80812338,E564,2,0,0,0,0.0,2,2.0,0.0
2026-02-21,80804701,C937,5,0,0,1,0.0,4,4.0,0.0
2026-02-21,80864470,C810,72,0,0,4,0.0,68,68.0,0.0
2026-02-21,80848023,A672,940,0,0,42,2.0,896,896.0,0.0
2026-02-21,80848025,A715,238,0,0,1,0.0,237,237.0,0.0
2026-02-21,80804136,A715,123,0,0,3,0.0,120,120.0,0.0
2026-02-21,21357021,A716,247,0,0,0,0.0,247,247.0,0.0
2026-02-21,80812154,A672,610,0,0,29,0.0,581,581.0,0.0
2026-02-21,80851898,A673,200,0,0,0,0.0,200,200.0,0.0
2026-02-21,80805852,A715,16,0,0,0,0.0,16,16.0,0.0
2026-02-21,80805856,E556,72,0,9,0,0.0,81,81.0,0.0
2026-02-21,80807100,A672,1705,0,0,32,0.0,1673,1673.0,0.0
2026-02-21,80807112,C819,12,0,0,1,0.0,11,11.0,0.0
2026-02-21,21255844,A673,181,0,309,0,0.0,490,490.0,0.0
2026-02-21,80812846,A680,135,0,0,2,0.0,133,133.0,0.0
2026-02-21,21151196,E564,8,0,0,0,0.0,8,8.0,0.0
2026-02-21,21314593,A680,206,0,0,9,0.0,197,197.0,0.0
2026-02-21,21314876,E556,5,0,0,1,0.0,4,4.0,0.0
2026-02-21,80804128,A716,121,0,0,0,0.0,121,121.0,0.0
2026-02-21,80807100,C810,23,0,0,1,0.0,22,22.0,0.0
2026-02-21,21315474,A716,169,0,0,5,0.0,164,164.0,0.0
2026-02-21,80807090,C816,111,0,0,2,4.0,105,105.0,0.0
2026-02-21,21304907,E564,5,0,0,0,0.0,5,5.0,0.0
2026-02-21,80863643,A668,266,0,0,12,0.0,254,254.0,0.0
2026-02-21,80884845,A668,9,0,6,1,0.0,14,14.0,0.0
2026-02-21,21170691,D901,6,0,0,0,0.0,6,6.0,0.0
2026-02-21,21103371,C937,34,0,0,2,0.0,32,32.0,0.0
2026-02-21,80793614,A673,1144,0,0,6,0.0,1138,1138.0,0.0
2026-02-21,80848029,A715,265,0,0,7,0.0,258,258.0,0.0
2026-02-21,80812110,A673,170,0,0,5,0.0,165,165.0,0.0
2026-02-21,21142560,0386,1,0,0,0,0.0,1,1.0,0.0
2026-02-21,80807093,C816,343,0,0,2,24.0,317,317.0,0.0
2026-02-21,21314875,E556,7,0,0,0,0.0,7,7.0,0.0
2026-02-21,21325164,A680,129,0,0,1,0.0,128,128.0,0.0
2026-02-21,21155895,A673,1094,0,0,4,18.0,1072,1072.0,0.0
2026-02-21,80884846,A673,35,0,10,2,0.0,43,43.0,0.0
2026-02-21,80807096,C937,2,0,0,0,0.0,2,2.0,0.0
2026-02-21,21151196,D901,171,0,85,18,0.0,238,238.0,0.0
2026-02-21,21162696,A672,191,0,0,14,0.0,177,177.0,0.0
2026-02-21,21315350,E564,2,0,0,0,0.0,2,2.0,0.0
2026-02-21,80868100,A668,21,0,0,1,0.0,20,20.0,0.0
2026-02-21,21103371,0386,1,0,0,0,0.0,1,1.0,0.0
2026-02-21,80804135,C937,5,0,0,0,0.0,5,5.0,0.0
2026-02-21,80805856,A715,136,0,0,6,0.0,130,130.0,0.0
2026-02-21,80804704,D767,47,0,20,5,0.0,62,62.0,0.0
2026-02-21,21376841,A716,468,0,0,0,0.0,468,468.0,0.0
2026-02-21,80848029,E295,51,0,7,2,0.0,56,56.0,0.0
2026-02-21,80804131,A672,305,0,0,0,0.0,305,305.0,0.0
2026-02-21,80793613,E564,1,0,0,0,0.0,1,1.0,0.0
2026-02-21,80868101,A668,0,0,21,1,0.0,20,20.0,0.0
2026-02-21,21315352,C819,2,0,0,0,0.0,2,2.0,0.0
2026-02-21,21352461,A715,153,0,0,0,0.0,153,153.0,0.0
2026-02-21,80793613,A716,55,0,0,0,0.0,55,55.0,0.0
2026-02-21,21291975,C816,32,0,0,2,0.0,30,30.0,0.0
2026-02-21,80807091,D767,28,0,10,2,0.0,36,36.0,0.0
2026-02-21,21314876,A715,91,0,0,1,0.0,90,90.0,0.0
2026-02-21,80807097,D767,9,0,5,1,0.0,13,13.0,0.0
2026-02-21,80807090,A673,482,0,0,17,6.0,459,459.0,0.0
2026-02-21,21141769,C819,9,0,0,2,0.0,7,7.0,0.0
2026-02-21,80848025,C816,645,0,0,10,41.0,594,594.0,0.0
2026-02-21,80812839,A672,290,0,0,6,0.0,284,284.0,0.0
2026-02-21,80848026,E556,37,0,18,3,0.0,52,52.0,0.0
2026-02-21,21275914,A668,151,0,0,2,0.0,149,149.0,0.0
2026-02-21,80805852,C816,28,0,0,2,0.0,26,26.0,0.0
2026-02-21,80804698,E564,13,0,14,4,0.0,23,23.0,0.0
2026-02-21,80840976,A668,65,0,0,0,0.0,65,65.0,0.0
2026-02-21,21132758,C819,9,0,0,0,0.0,9,9.0,0.0
2026-02-21,80812841,A716,193,0,0,10,0.0,183,183.0,0.0
2026-02-21,80807110,C819,72,0,0,2,0.0,70,70.0,0.0
2026-02-21,21314875,A715,36,0,0,1,0.0,35,35.0,0.0
2026-02-21,80807115,A716,178,0,0,3,0.0,175,175.0,0.0
2026-02-21,80812839,C810,29,0,0,2,0.0,27,27.0,0.0
2026-02-21,80793613,D901,29,0,4,3,0.0,30,30.0,0.0
2026-02-21,21314594,C937,5,0,0,0,0.0,5,5.0,0.0
2026-02-21,80807092,A680,31,0,0,1,0.0,30,30.0,0.0
2026-02-21,80807095,A668,429,0,0,15,0.0,414,414.0,0.0
2026-02-21,21139445,A672,102,0,0,0,0.0,102,102.0,0.0
2026-02-21,80804132,C819,26,0,0,1,0.0,25,25.0,0.0
2026-02-21,21128377,D767,9,0,0,0,0.0,9,9.0,0.0
2026-02-21,80804129,E569,8,0,0,0,0.0,8,8.0,0.0
2026-02-21,80848028,A672,1750,0,0,37,6.0,1707,1707.0,0.0
2026-02-21,21291975,A673,879,0,0,23,0.0,856,856.0,0.0
2026-02-21,80807118,C819,14,0,0,0,0.0,14,14.0,0.0
2026-02-21,21139445,C810,108,0,0,1,0.0,107,107.0,0.0
2026-02-21,80804706,A668,27,0,6,6,0.0,27,27.0,0.0
2026-02-21,80807112,A680,128,0,218,3,0.0,343,343.0,0.0
2026-02-21,21148509,A680,131,0,0,0,0.0,131,131.0,0.0
2026-02-21,80812099,A680,81,0,0,2,0.0,79,79.0,0.0
2026-02-21,80864469,A668,15,0,50,4,0.0,61,61.0,0.0
2026-02-21,80793615,C595,4,0,0,0,0.0,4,4.0,0.0
2026-02-21,80807089,C937,32,0,0,4,0.0,28,28.0,0.0
2026-02-21,80848025,A673,253,0,106,5,0.0,354,354.0,0.0
2026-02-21,80804705,A668,116,0,39,18,0.0,137,137.0,0.0
2026-02-21,80848026,A715,837,0,0,35,0.0,802,802.0,0.0
2026-02-21,80848028,C810,59,0,0,2,5.0,52,52.0,0.0
2026-02-21,80805852,A673,90,0,0,6,0.0,84,84.0,0.0
2026-02-21,80848025,E467,10,0,0,0,0.0,10,10.0,0.0
2026-02-21,80807102,E564,185,0,54,38,0.0,201,201.0,0.0
2026-02-21,21121756,A672,75,0,0,1,0.0,74,74.0,0.0
2026-02-21,21165946,C937,4,0,0,1,0.0,3,3.0,0.0
2026-02-21,21098519,E556,34,0,0,2,0.0,32,32.0,0.0
2026-02-21,21103372,E564,26,0,4,3,0.0,27,27.0,0.0
2026-02-21,21428668,A668,89,0,65,0,0.0,154,154.0,0.0
2026-02-21,80838164,C816,682,0,0,1,0.0,681,681.0,0.0
2026-02-21,80851898,A668,9,0,0,0,0.0,9,9.0,0.0
2026-02-21,21133312,0386,3,0,0,0,0.0,3,3.0,0.0
2026-02-21,80807089,0386,1,0,0,0,0.0,1,1.0,0.0
2026-02-21,21442896,A672,55,0,4,16,0.0,43,43.0,0.0
2026-02-21,21121756,C810,2,0,0,0,0.0,2,2.0,0.0
2026-02-21,80812846,E556,42,0,14,7,0.0,49,49.0,0.0
2026-02-21,80848026,E295,85,0,0,4,0.0,81,81.0,0.0
2026-02-21,21301637,D767,1,0,0,0,0.0,1,1.0,0.0
2026-02-21,21472283,A673,1321,0,0,0,0.0,1321,1321.0,0.0
2026-02-21,80848022,C816,698,0,0,14,3.0,681,681.0,0.0
2026-02-21,80848031,A672,623,0,0,3,0.0,620,620.0,0.0
2026-02-21,21165868,C937,4,0,0,0,0.0,4,4.0,0.0
2026-02-21,80848027,C816,49,0,0,1,0.0,48,48.0,0.0
2026-02-21,80804127,E556,12,0,3,1,0.0,14,14.0,0.0
2026-02-21,21170691,E569,5,0,0,0,0.0,5,5.0,0.0
2026-02-21,80848029,E467,10,0,0,1,0.0,9,9.0,0.0
2026-02-21,21165816,D901,7,0,0,0,0.0,7,7.0,0.0
2026-02-21,80840975,0386,2,0,0,0,0.0,2,2.0,0.0
2026-02-21,80804128,C819,8,0,0,0,0.0,8,8.0,0.0
2026-02-21,21103372,D901,105,0,47,1,0.0,151,151.0,0.0
2026-02-21,21127800,E556,30,0,9,3,0.0,36,36.0,0.0
2026-02-21,80848031,C810,3110,0,0,0,0.0,3110,3110.0,0.0
2026-02-21,21315352,A680,78,0,0,6,0.0,72,72.0,0.0
2026-02-21,21416910,A673,384,0,0,0,0.0,384,384.0,0.0
2026-02-21,80812110,A668,26,0,0,0,0.0,26,26.0,0.0
2026-02-21,21151196,E569,4,0,0,0,0.0,4,4.0,0.0
2026-02-21,80807091,E568,6,0,0,0,0.0,6,6.0,0.0
2026-02-21,21325164,E556,33,0,5,2,0.0,36,36.0,0.0
2026-02-21,21155895,A668,45,0,0,3,0.0,42,42.0,0.0
2026-02-21,21419490,A715,164,0,0,0,0.0,164,164.0,0.0
2026-02-21,80848023,0386,66,0,0,0,0.0,66,66.0,0.0
2026-02-21,21098519,A715,138,0,0,18,0.0,120,120.0,0.0
2026-02-21,80884846,A668,9,0,1,0,0.0,10,10.0,0.0
2026-02-21,80807116,C937,77,0,0,13,0.0,64,64.0,0.0
2026-02-21,21128377,C816,389,0,0,18,0.0,371,371.0,0.0
2026-02-21,21352461,A673,859,0,0,31,0.0,828,828.0,0.0
2026-02-21,21141769,A680,55,0,27,7,0.0,75,75.0,0.0
2026-02-21,80804705,C563,33,0,0,3,0.0,30,30.0,0.0
2026-02-21,21128377,D191,12,0,0,1,0.0,11,11.0,0.0
2026-02-21,80804702,D767,5,0,0,0,0.0,5,5.0,0.0
2026-02-21,21179704,A715,5,0,0,0,0.0,5,5.0,0.0
2026-02-21,80838164,A673,907,0,0,1,0.0,906,906.0,0.0
2026-02-21,21132758,A680,434,0,0,26,0.0,408,408.0,0.0
2026-02-21,21414747,A672,161,0,6,19,0.0,148,148.0,0.0
2026-02-21,80807110,A680,356,0,0,3,0.0,353,353.0,0.0
2026-02-21,80812846,A715,323,0,0,1,0.0,322,322.0,0.0
2026-02-21,80812845,E564,91,0,21,11,0.0,101,101.0,0.0
2026-02-21,80848022,A673,1870,0,0,12,22.0,1836,1836.0,0.0
2026-02-21,80807119,E556,26,0,9,3,0.0,32,32.0,0.0
2026-02-21,80848022,E467,6,0,0,1,0.0,5,5.0,0.0
2026-02-21,21162696,C937,4,0,0,0,0.0,4,4.0,0.0
2026-02-21,21314593,A715,139,0,0,0,0.0,139,139.0,0.0
2026-02-21,21137866,E564,95,0,27,19,0.0,103,103.0,0.0
2026-02-21,21170686,C816,17,0,0,0,0.0,17,17.0,0.0
2026-02-21,21366842,A672,1021,0,0,0,0.0,1021,1021.0,0.0
2026-02-21,21434954,A668,320,0,0,10,0.0,310,310.0,0.0
2026-02-21,21314875,A673,86,0,0,2,3.0,81,81.0,0.0
2026-02-21,80804132,A680,159,0,0,4,0.0,155,155.0,0.0
2026-02-21,21132988,A672,619,0,0,6,3.0,610,610.0,0.0
2026-02-21,80807090,A668,28,0,0,0,0.0,28,28.0,0.0
2026-02-21,80807113,D767,38,0,19,5,0.0,52,52.0,0.0
2026-02-21,21170683,C819,5,0,0,0,0.0,5,5.0,0.0
2026-02-21,80848021,A716,824,0,0,1,0.0,823,823.0,0.0
2026-02-21,80805850,A716,35,0,0,1,0.0,34,34.0,0.0
2026-02-21,80793613,E569,1,0,0,0,0.0,1,1.0,0.0
2026-02-21,80807118,A680,215,0,0,0,0.0,215,215.0,0.0
2026-02-21,21162696,0386,3,0,0,0,0.0,3,3.0,0.0
2026-02-21,21132988,C810,27,0,0,0,0.0,27,27.0,0.0
2026-02-21,80812845,D901,222,0,89,11,0.0,300,300.0,0.0
2026-02-21,21301637,C816,40,0,0,2,0.0,38,38.0,0.0
2026-02-21,21118864,A680,44,0,0,1,0.0,43,43.0,0.0
2026-02-21,80804704,A672,512,0,0,26,15.0,471,471.0,0.0
2026-02-21,80807092,E556,15,0,0,2,0.0,13,13.0,0.0
2026-02-21,80857738,C816,1325,0,0,0,2.0,1323,1323.0,0.0
2026-02-21,80807105,D767,45,0,14,7,0.0,52,52.0,0.0
2026-02-21,80804131,0386,3,0,0,0,0.0,3,3.0,0.0
2026-02-21,80812841,E569,21,0,21,4,0.0,38,38.0,0.0
2026-02-21,80795933,C816,189,0,0,2,0.0,187,187.0,0.0
2026-02-21,80804134,C937,54,0,0,5,0.0,49,49.0,0.0
2026-02-21,80807114,D767,23,0,0,3,0.0,20,20.0,0.0
2026-02-21,80804703,C816,67,0,0,0,0.0,67,67.0,0.0
2026-02-21,80804133,E564,112,0,31,14,0.0,129,129.0,0.0
2026-02-21,21291975,A668,78,0,0,0,0.0,78,78.0,0.0
2026-02-21,80804704,C810,163,0,0,10,56.0,97,97.0,0.0
2026-02-21,21419490,C816,1043,0,0,11,9.0,1023,1023.0,0.0
2026-02-21,80812839,0386,2243,0,0,0,27.0,2216,2216.0,0.0
2026-02-21,21170686,A673,301,0,0,3,1.0,297,297.0,0.0
2026-02-21,80807112,E556,31,0,11,5,0.0,37,37.0,0.0
2026-02-21,21179704,C816,666,0,0,4,13.0,649,649.0,0.0
2026-02-21,80812099,E556,9,0,3,1,0.0,11,11.0,0.0
2026-02-21,80848025,A668,73,0,19,7,0.0,85,85.0,0.0
2026-02-21,80804136,A668,364,0,0,19,0.0,345,345.0,0.0
2026-02-21,80885920,C816,389,0,0,11,0.0,378,378.0,0.0
