date,material,location,beginning_inventory,production_gr,delivery_gr,shipment,delivery_ship,ending_inventory,calculated_ending,balance_diff
2026-01-11,80848028,C937,1,0,0,1,0.0,0,0.0,0.0
2026-01-11,80805852,A668,17,0,0,1,0.0,16,16.0,0.0
2026-01-11,80863646,A716,5,0,0,0,0.0,5,5.0,0.0
2026-01-11,80804138,E564,14,0,13,3,0.0,24,24.0,0.0
2026-01-11,21314593,C816,450,0,0,6,0.0,444,444.0,0.0
2026-01-11,80805856,C810,23,0,0,1,0.0,22,22.0,0.0
2026-01-11,80804133,D901,109,0,0,22,0.0,87,87.0,0.0
2026-01-11,80807092,A715,20,0,0,1,0.0,19,19.0,0.0
2026-01-11,80848028,0386,4,0,0,0,0.0,4,4.0,0.0
2026-01-11,80807093,C937,10,0,0,1,0.0,9,9.0,0.0
2026-01-11,21165816,E569,5,0,0,0,0.0,5,5.0,0.0
2026-01-11,80848029,A668,327,0,8,12,0.0,323,323.0,0.0
2026-01-11,80854083,C816,34,0,0,0,0.0,34,34.0,0.0
2026-01-11,21103372,E569,10,0,0,1,0.0,9,9.0,0.0
2026-01-11,80804703,A673,190,0,50,14,15.0,211,211.0,0.0
2026-01-11,80868102,A680,16,0,0,1,0.0,15,15.0,0.0
2026-01-11,80884848,A672,23,0,0,2,0.0,21,21.0,0.0
2026-01-11,21419490,A673,1206,0,0,7,0.0,1199,1199.0,0.0
2026-01-11,21029016,D767,5,0,0,1,0.0,4,4.0,0.0
2026-01-11,80804138,D901,65,0,0,9,0.0,56,56.0,0.0
2026-01-11,21128067,D767,36,0,7,2,0.0,41,41.0,0.0
2026-01-11,80807112,A715,220,0,0,8,0.0,212,212.0,0.0
2026-01-11,21179704,A673,24,0,0,10,0.0,14,14.0,0.0
2026-01-11,21148509,A715,82,0,0,8,0.0,74,74.0,0.0
2026-01-11,80884852,A672,487,0,0,13,0.0,474,474.0,0.0
2026-01-11,21113405,A672,286,0,0,11,0.0,275,275.0,0.0
2026-01-11,21121756,0386,1,0,0,0,0.0,1,1.0,0.0
2026-01-11,80812099,A715,25,0,0,0,0.0,25,25.0,0.0
2026-01-11,80885920,A673,524,0,32,39,0.0,517,517.0,0.0
2026-01-11,21315352,E556,14,0,14,1,0.0,27,27.0,0.0
2026-01-11,21416910,A668,262,0,0,0,0.0,262,262.0,0.0
2026-01-11,80805856,A668,190,0,118,8,0.0,300,300.0,0.0
2026-01-11,80865910,C816,6,0,0,0,0.0,6,6.0,0.0
2026-01-11,21121751,A716,55,0,0,2,0.0,53,53.0,0.0
2026-01-11,21171453,A672,30,0,0,1,0.0,29,29.0,0.0
2026-01-11,80812846,A673,372,0,0,33,38.0,301,301.0,0.0
2026-01-11,80807105,D191,24,0,0,2,0.0,22,22.0,0.0
2026-01-11,21352461,A668,256,0,0,17,0.0,239,239.0,0.0
2026-01-11,21141769,E556,13,0,0,1,0.0,12,12.0,0.0
2026-01-11,21377504,C816,176,0,0,1,0.0,175,175.0,0.0
2026-01-11,80807113,E568,7,0,0,0,0.0,7,7.0,0.0
2026-01-11,21170683,A680,105,0,0,8,0.0,97,97.0,0.0
2026-01-11,21113405,C810,5,0,0,1,0.0,4,4.0,0.0
2026-01-11,21314593,A673,513,0,0,18,0.0,495,495.0,0.0
2026-01-11,80807114,C816,57,0,0,5,0.0,52,52.0,0.0
2026-01-11,21132758,E556,16,0,0,6,0.0,10,10.0,0.0
2026-01-11,21133312,E564,6,0,0,1,0.0,5,5.0,0.0
2026-01-11,80807089,E564,15,0,2,1,0.0,16,16.0,0.0
2026-01-11,80848022,A668,48,0,162,26,0.0,184,184.0,0.0
2026-01-11,80854083,A673,85,0,0,0,0.0,85,85.0,0.0
2026-01-11,80863643,A716,2,0,0,0,0.0,2,2.0,0.0
2026-01-11,80807105,E568,4,0,0,0,0.0,4,4.0,0.0
2026-01-11,80804132,E556,30,0,0,5,0.0,25,25.0,0.0
2026-01-11,80840975,E564,2,0,0,0,0.0,2,2.0,0.0
2026-01-11,80804130,C819,5,0,0,0,0.0,5,5.0,0.0
2026-01-11,21325292,A672,412,0,0,9,0.0,403,403.0,0.0
2026-01-11,21377504,E568,1,0,0,0,0.0,1,1.0,0.0
2026-01-11,21143102,A680,105,0,0,18,0.0,87,87.0,0.0
2026-01-11,80807114,E568,2,0,0,0,0.0,2,2.0,0.0
2026-01-11,80812845,E569,30,0,0,3,0.0,27,27.0,0.0
2026-01-11,21315352,A715,1,0,0,0,0.0,1,1.0,0.0
2026-01-11,80865910,A673,7,0,0,2,0.0,5,5.0,0.0
2026-01-11,80807118,E556,34,0,29,7,0.0,56,56.0,0.0
2026-01-11,21133312,D901,65,0,0,7,0.0,58,58.0,0.0
2026-01-11,21434952,A672,414,0,0,30,0.0,384,384.0,0.0
2026-01-11,21314595,C810,10,0,0,1,0.0,9,9.0,0.0
2026-01-11,21325292,C810,26,0,0,4,0.0,22,22.0,0.0
2026-01-11,80868100,A716,8,0,0,1,0.0,7,7.0,0.0
2026-01-11,80796091,C816,486,0,0,4,0.0,482,482.0,0.0
2026-01-11,21141769,A715,9,0,0,2,0.0,7,7.0,0.0
2026-01-11,21377504,A673,803,0,0,8,0.0,795,795.0,0.0
2026-01-11,21414747,0386,2,0,0,0,2.0,0,0.0,0.0
2026-01-11,80807100,A716,24,0,0,0,0.0,24,24.0,0.0
2026-01-11,80812103,A672,96,0,0,4,0.0,92,92.0,0.0
2026-01-11,80807114,A673,68,0,0,4,0.0,64,64.0,0.0
2026-01-11,80795932,A672,59,0,0,6,0.0,53,53.0,0.0
2026-01-11,80807112,C816,441,0,0,13,37.0,391,391.0,0.0
2026-01-11,21148509,C816,199,0,3,25,12.0,165,165.0,0.0
2026-01-11,80805850,E569,2,0,0,0,0.0,2,2.0,0.0
2026-01-11,21132758,A715,107,0,0,5,0.0,102,102.0,0.0
2026-01-11,80807120,C819,52,0,0,1,0.0,51,51.0,0.0
2026-01-11,80868101,A716,4,0,0,1,0.0,3,3.0,0.0
2026-01-11,80848026,A668,841,0,0,40,0.0,801,801.0,0.0
2026-01-11,80807110,A715,217,0,0,21,0.0,196,196.0,0.0
2026-01-11,21029016,C816,39,0,0,10,0.0,29,29.0,0.0
2026-01-11,21366842,0386,1,0,0,0,0.0,1,1.0,0.0
2026-01-11,21128067,C816,850,0,0,22,7.0,821,821.0,0.0
2026-01-11,21303404,C937,2,0,0,0,0.0,2,2.0,0.0
2026-01-11,80804704,C937,27,0,0,13,0.0,14,14.0,0.0
2026-01-11,21132988,0386,1,0,0,0,1.0,0,0.0,0.0
2026-01-11,80804701,C819,8,0,0,0,0.0,8,8.0,0.0
2026-01-11,80804132,A715,107,0,0,4,0.0,103,103.0,0.0
2026-01-11,21377091,A672,3713,0,0,0,0.0,3713,3713.0,0.0
2026-01-11,80884850,C816,33,0,0,5,0.0,28,28.0,0.0
2026-01-11,80807091,C937,28,0,0,4,0.0,24,24.0,0.0
2026-01-11,80840976,A716,13,0,0,0,0.0,13,13.0,0.0
2026-01-11,80807117,A672,16,0,0,0,0.0,16,16.0,0.0
2026-01-11,80848023,D901,163,0,46,53,0.0,156,156.0,0.0
2026-01-11,21434946,0386,86,0,0,0,0.0,86,86.0,0.0
2026-01-11,80848027,C937,3,0,0,0,0.0,3,3.0,0.0
2026-01-11,80807097,C937,2,0,0,0,0.0,2,2.0,0.0
2026-01-11,80807100,D901,88,0,0,13,0.0,75,75.0,0.0
2026-01-11,80804137,A680,29,0,0,2,0.0,27,27.0,0.0
2026-01-11,80812840,D767,0,0,7,7,0.0,0,0.0,0.0
2026-01-11,21132758,E295,130,0,1,19,0.0,112,112.0,0.0
2026-01-11,21442897,A680,39,0,0,7,0.0,32,32.0,0.0
2026-01-11,21127730,C816,919,0,0,3,0.0,916,916.0,0.0
2026-01-11,80804127,A672,280,0,0,21,0.0,259,259.0,0.0
2026-01-11,80804133,E569,9,0,0,0,0.0,9,9.0,0.0
2026-01-11,80807118,A715,568,0,0,5,0.0,563,563.0,0.0
2026-01-11,21029016,E568,4,0,0,0,0.0,4,4.0,0.0
2026-01-11,21162696,E564,3,0,0,1,0.0,2,2.0,0.0
2026-01-11,80791223,C816,64,0,0,0,0.0,64,64.0,0.0
2026-01-11,80807095,A716,22,0,0,5,0.0,17,17.0,0.0
2026-01-11,21128067,E568,2,0,0,1,0.0,1,1.0,0.0
2026-01-11,21118864,A715,15,0,0,0,0.0,15,15.0,0.0
2026-01-11,80807091,0386,164,0,0,0,160.0,4,4.0,0.0
2026-01-11,80807112,A673,495,0,0,10,0.0,485,485.0,0.0
2026-01-11,21148509,A673,384,0,7,19,23.0,349,349.0,0.0
2026-01-11,21133493,C816,84,0,0,3,0.0,81,81.0,0.0
2026-01-11,80891759,A668,2,0,0,0,0.0,2,2.0,0.0
2026-01-11,80807122,C937,1,0,0,0,0.0,1,1.0,0.0
2026-01-11,80804703,A668,0,0,71,6,0.0,65,65.0,0.0
2026-01-11,21128377,C937,19,0,0,1,0.0,18,18.0,0.0
2026-01-11,80804138,E569,6,0,0,0,0.0,6,6.0,0.0
2026-01-11,21325164,A672,3,0,0,3,0.0,0,0.0,0.0
2026-01-11,21419490,A668,461,0,0,9,0.0,452,452.0,0.0
2026-01-11,21098519,A668,518,0,0,5,0.0,513,513.0,0.0
2026-01-11,80807096,C819,7,0,2,0,0.0,9,9.0,0.0
2026-01-11,80864469,A716,11,0,0,1,0.0,10,10.0,0.0
2026-01-11,80812839,E564,34,0,13,3,0.0,44,44.0,0.0
2026-01-11,80804705,A716,34,0,0,12,0.0,22,22.0,0.0
2026-01-11,80848026,C563,46,0,0,2,0.0,44,44.0,0.0
2026-01-11,21179704,A668,11,0,0,2,0.0,9,9.0,0.0
2026-01-11,80884850,A673,183,0,0,1,0.0,182,182.0,0.0
2026-01-11,80885920,A668,18,0,103,0,0.0,121,121.0,0.0
2026-01-11,21422791,A680,13,0,0,2,0.0,11,11.0,0.0
2026-01-11,21428668,A716,1102,0,0,1,0.0,1101,1101.0,0.0
2026-01-11,80807110,C816,253,0,0,8,44.0,201,201.0,0.0
2026-01-11,80807119,A672,708,0,0,39,0.0,669,669.0,0.0
2026-01-11,80812846,A668,190,0,0,47,0.0,143,143.0,0.0
2026-01-11,21127730,A673,340,0,0,0,2.0,338,338.0,0.0
2026-01-11,80804130,A680,20,0,0,1,0.0,19,19.0,0.0
2026-01-11,80851898,A716,279,0,0,3,0.0,276,276.0,0.0
2026-01-11,80791223,A673,73,0,0,0,0.0,73,73.0,0.0
2026-01-11,21113405,C937,7,0,0,1,0.0,6,6.0,0.0
2026-01-11,21314593,A668,111,0,0,5,0.0,106,106.0,0.0
2026-01-11,21463645,A680,35,0,0,0,0.0,35,35.0,0.0
2026-01-11,80838162,A672,1,0,0,0,0.0,1,1.0,0.0
2026-01-11,80804705,D901,0,0,18,16,0.0,2,2.0,0.0
2026-01-11,80807119,C810,4,0,0,0,0.0,4,4.0,0.0
2026-01-11,80884848,0386,1,0,0,0,0.0,1,1.0,0.0
2026-01-11,21133493,A673,152,0,0,11,0.0,141,141.0,0.0
2026-01-11,80807115,E556,42,0,0,8,0.0,34,34.0,0.0
2026-01-11,21315352,A673,474,0,0,24,5.0,445,445.0,0.0
2026-01-11,21301637,C937,24,0,0,0,0.0,24,24.0,0.0
2026-01-11,80884852,0386,3,0,0,0,0.0,3,3.0,0.0
2026-01-11,21151196,D767,10,0,3,1,0.0,12,12.0,0.0
2026-01-11,80868102,A715,2,0,0,2,0.0,0,0.0,0.0
2026-01-11,80812840,C816,538,0,0,13,7.0,518,518.0,0.0
2026-01-11,21314602,C816,52,0,0,2,10.0,40,40.0,0.0
2026-01-11,80807120,A680,254,0,0,9,0.0,245,245.0,0.0
2026-01-11,80812110,A716,25,0,0,2,0.0,23,23.0,0.0
2026-01-11,21133312,E569,5,0,0,0,0.0,5,5.0,0.0
2026-01-11,21141769,A673,234,0,0,25,4.0,205,205.0,0.0
2026-01-11,21118864,C816,143,0,0,1,0.0,142,142.0,0.0
2026-01-11,21171453,0386,3,0,0,0,0.0,3,3.0,0.0
2026-01-11,21121756,E564,28,0,0,1,0.0,27,27.0,0.0
2026-01-11,21304907,D767,5,0,0,2,0.0,3,3.0,0.0
2026-01-11,21155895,A716,113,0,0,3,0.0,110,110.0,0.0
2026-01-11,80884846,A716,99,0,0,0,0.0,99,99.0,0.0
2026-01-11,80807110,A673,180,0,432,23,145.0,444,444.0,0.0
2026-01-11,80804701,A680,2,0,0,1,0.0,1,1.0,0.0
2026-01-11,21325292,C937,18,0,0,2,0.0,16,16.0,0.0
2026-01-11,80864470,E569,1,0,0,1,0.0,0,0.0,0.0
2026-01-11,80840975,E569,5,0,0,1,0.0,4,4.0,0.0
2026-01-11,21170683,A715,9,0,0,0,0.0,9,9.0,0.0
2026-01-11,80812840,E568,3,0,0,1,0.0,2,2.0,0.0
2026-01-11,80848031,E564,4,0,0,0,0.0,4,4.0,0.0
2026-01-11,80848031,A716,4,0,0,0,0.0,4,4.0,0.0
2026-01-11,80831843,C816,2,0,0,0,0.0,2,2.0,0.0
2026-01-11,21315350,D767,18,0,0,3,0.0,15,15.0,0.0
2026-01-11,21121756,D901,2,0,0,1,0.0,1,1.0,0.0
2026-01-11,80848023,E569,15,0,0,0,0.0,15,15.0,0.0
2026-01-11,80807100,E569,8,0,0,2,0.0,6,6.0,0.0
2026-01-11,80812840,A673,1179,0,0,62,0.0,1117,1117.0,0.0
2026-01-11,21314602,A673,65,0,0,2,0.0,63,63.0,0.0
2026-01-11,80885921,0386,0,894,0,0,889.0,5,5.0,0.0
2026-01-11,21143102,A715,115,0,0,6,0.0,109,109.0,0.0
2026-01-11,21118864,A673,546,0,0,2,0.0,544,544.0,0.0
2026-01-11,80863645,0386,4,0,0,0,0.0,4,4.0,0.0
2026-01-11,80807092,A668,125,0,19,13,0.0,131,131.0,0.0
2026-01-11,21434952,0386,4,0,0,0,0.0,4,4.0,0.0
2026-01-11,80807113,C937,25,0,0,6,0.0,19,19.0,0.0
2026-01-11,80807096,A680,16,0,0,1,0.0,15,15.0,0.0
2026-01-11,80848031,D901,14,0,0,0,0.0,14,14.0,0.0
2026-01-11,21275914,E569,13,0,0,0,0.0,13,13.0,0.0
2026-01-11,80812338,C816,27,0,0,2,1.0,24,24.0,0.0
2026-01-11,80812103,0386,47,0,0,0,44.0,3,3.0,0.0
2026-01-11,80795932,0386,0,1497,0,0,1494.0,3,3.0,0.0
2026-01-11,80807095,C819,62,0,0,2,0.0,60,60.0,0.0
2026-01-11,80804135,A680,285,0,0,1,0.0,284,284.0,0.0
2026-01-11,80807112,A668,250,0,0,10,0.0,240,240.0,0.0
2026-01-11,21148509,A668,169,0,0,9,0.0,160,160.0,0.0
2026-01-11,80812099,A668,22,0,0,2,0.0,20,20.0,0.0
2026-01-11,80807105,C937,29,0,0,0,0.0,29,29.0,0.0
2026-01-11,80831843,A673,188,0,0,0,0.0,188,188.0,0.0
2026-01-11,21291975,A716,24,0,0,1,0.0,23,23.0,0.0
2026-01-11,80807113,0386,1,0,0,0,0.0,1,1.0,0.0
2026-01-11,21377091,0386,4,0,0,0,0.0,4,4.0,0.0
2026-01-11,21132988,E564,0,0,27,1,0.0,26,26.0,0.0
2026-01-11,80807116,C819,40,0,0,0,0.0,40,40.0,0.0
2026-01-11,80804136,A716,72,0,0,6,0.0,66,66.0,0.0
2026-01-11,80805852,A716,3,0,21,1,0.0,23,23.0,0.0
2026-01-11,80884850,A668,23,0,0,1,0.0,22,22.0,0.0
2026-01-11,80804129,A672,470,0,0,7,0.0,463,463.0,0.0
2026-01-11,80804127,0386,0,1818,0,0,1816.0,2,2.0,0.0
2026-01-11,80804137,A715,27,0,0,4,0.0,23,23.0,0.0
2026-01-11,21442897,A715,953,0,0,0,0.0,953,953.0,0.0
2026-01-11,80864469,E569,5,0,0,0,0.0,5,5.0,0.0
2026-01-11,80804130,E556,16,0,0,2,0.0,14,14.0,0.0
2026-01-11,80804705,E569,7,0,0,4,0.0,3,3.0,0.0
2026-01-11,80804704,E564,11,0,66,21,0.0,56,56.0,0.0
2026-01-11,80807102,D767,17,0,0,2,0.0,15,15.0,0.0
2026-01-11,21357275,C810,23,0,0,1,0.0,22,22.0,0.0
2026-01-11,80812338,A673,22,0,0,1,0.0,21,21.0,0.0
2026-01-11,80812839,E569,17,0,0,1,0.0,16,16.0,0.0
2026-01-11,21315350,C816,516,0,0,18,12.0,486,486.0,0.0
2026-01-11,21103372,D767,25,0,0,2,0.0,23,23.0,0.0
2026-01-11,21132758,C810,41,0,5,0,0.0,46,46.0,0.0
2026-01-11,21255844,C819,5,0,0,0,0.0,5,5.0,0.0
2026-01-11,80804132,A672,455,0,0,36,0.0,419,419.0,0.0
2026-01-11,80848024,A672,45,0,0,1,0.0,44,44.0,0.0
2026-01-11,80868102,A673,33,0,0,7,0.0,26,26.0,0.0
2026-01-11,80804136,D901,20,0,4,5,0.0,19,19.0,0.0
2026-01-11,80848029,A716,20,0,0,0,0.0,20,20.0,0.0
2026-01-11,21325164,0386,56,0,0,0,53.0,3,3.0,0.0
2026-01-11,21307836,C937,2,0,0,0,0.0,2,2.0,0.0
2026-01-11,80851898,E569,4,0,0,0,0.0,4,4.0,0.0
2026-01-11,21315352,A668,112,0,0,5,0.0,107,107.0,0.0
2026-01-11,80804132,C810,64,0,1,2,0.0,63,63.0,0.0
2026-01-11,80807120,E556,36,0,0,2,0.0,34,34.0,0.0
2026-01-11,21141769,A668,116,0,13,7,0.0,122,122.0,0.0
2026-01-11,21315350,E568,2,0,0,1,0.0,1,1.0,0.0
2026-01-11,80805856,A716,102,0,0,9,0.0,93,93.0,0.0
2026-01-11,80885919,C816,36,0,0,0,0.0,36,36.0,0.0
2026-01-11,80804698,C816,0,0,656,13,288.0,355,355.0,0.0
2026-01-11,21029016,C937,9,0,0,1,0.0,8,8.0,0.0
2026-01-11,21165946,A680,314,0,0,1,0.0,313,313.0,0.0
2026-01-11,21422791,A715,1,0,0,0,0.0,1,1.0,0.0
2026-01-11,21128067,C937,15,0,0,2,0.0,13,13.0,0.0
2026-01-11,21155895,C819,8,0,6,1,0.0,13,13.0,0.0
2026-01-11,80804134,C819,63,0,0,4,0.0,59,59.0,0.0
2026-01-11,21307836,0386,2,0,0,0,0.0,2,2.0,0.0
2026-01-11,80807110,A668,150,0,290,16,0.0,424,424.0,0.0
2026-01-11,80793613,E568,1,0,0,0,0.0,1,1.0,0.0
2026-01-11,21170691,A672,137,0,0,4,0.0,133,133.0,0.0
2026-01-11,80804130,A715,50,0,0,7,0.0,43,43.0,0.0
2026-01-11,80812110,E569,2,0,0,0,0.0,2,2.0,0.0
2026-01-11,21357021,A672,2227,0,0,0,0.0,2227,2227.0,0.0
2026-01-11,21143103,A680,34,0,0,0,0.0,34,34.0,0.0
2026-01-11,80848022,A716,12,0,0,4,0.0,8,8.0,0.0
2026-01-11,21165868,A680,26,0,0,1,0.0,25,25.0,0.0
2026-01-11,21121756,E569,3,0,0,1,0.0,2,2.0,0.0
2026-01-11,21170691,C810,27,0,0,0,0.0,27,27.0,0.0
2026-01-11,80804137,C816,118,0,0,9,12.0,97,97.0,0.0
2026-01-11,80804128,A672,194,0,0,21,0.0,173,173.0,0.0
2026-01-11,21315474,A672,0,0,386,0,0.0,386,386.0,0.0
2026-01-11,80812845,D767,58,0,0,16,0.0,42,42.0,0.0
2026-01-11,80807118,A668,428,0,0,4,0.0,424,424.0,0.0
2026-01-11,21314602,A668,9,0,0,0,0.0,9,9.0,0.0
2026-01-11,21113405,E564,14,0,0,2,0.0,12,12.0,0.0
2026-01-11,80848031,E569,7,0,0,1,0.0,6,6.0,0.0
2026-01-11,80807120,A715,6,0,0,1,0.0,5,5.0,0.0
2026-01-11,21137866,D767,10,0,0,10,0.0,0,0.0,0.0
2026-01-11,21176384,C816,40,0,0,3,0.0,37,37.0,0.0
2026-01-11,21118864,A668,108,0,0,1,0.0,107,107.0,0.0
2026-01-11,80885919,A673,33,0,0,15,0.0,18,18.0,0.0
2026-01-11,80807102,C816,280,0,26,15,75.0,216,216.0,0.0
2026-01-11,21171453,E564,3,0,0,0,0.0,3,3.0,0.0
2026-01-11,80804128,C810,1,0,0,0,0.0,1,1.0,0.0
2026-01-11,80807116,A680,315,0,0,28,0.0,287,287.0,0.0
2026-01-11,80807096,E556,12,0,0,0,0.0,12,12.0,0.0
2026-01-11,21103372,D191,2,0,0,0,0.0,2,2.0,0.0
2026-01-11,21315474,C810,38,0,0,5,0.0,33,33.0,0.0
2026-01-11,21132758,C563,7,0,0,3,0.0,4,4.0,0.0
2026-01-11,80848026,A716,40,0,0,11,0.0,29,29.0,0.0
2026-01-11,21376841,A672,3177,0,0,0,0.0,3177,3177.0,0.0
2026-01-11,21121751,E556,14,0,2,2,0.0,14,14.0,0.0
2026-01-11,80807102,E568,4,0,0,0,0.0,4,4.0,0.0
2026-01-11,80804137,A673,102,0,265,5,0.0,362,362.0,0.0
2026-01-11,21103372,E568,3,0,0,0,0.0,3,3.0,0.0
2026-01-11,21255844,A680,8,0,0,0,0.0,8,8.0,0.0
2026-01-11,21314595,E564,2,0,0,0,0.0,2,2.0,0.0
2026-01-11,21325292,E564,70,0,0,7,0.0,63,63.0,0.0
2026-01-11,21419500,C816,264,0,0,1,98.0,165,165.0,0.0
2026-01-11,80804133,D767,41,0,0,7,0.0,34,34.0,0.0
2026-01-11,21176384,A673,136,0,1,11,0.0,126,126.0,0.0
2026-01-11,80812841,A672,1615,0,0,147,0.0,1468,1468.0,0.0
2026-01-11,80848026,D901,135,0,0,118,0.0,17,17.0,0.0
2026-01-11,80804136,E569,16,0,0,5,0.0,11,11.0,0.0
2026-01-11,80807115,A672,301,0,842,51,0.0,1092,1092.0,0.0
2026-01-11,80793614,A680,4,0,0,0,0.0,4,4.0,0.0
2026-01-11,21170683,C810,2,0,0,0,0.0,2,2.0,0.0
2026-01-11,80812338,A668,2,0,0,1,0.0,1,1.0,0.0
2026-01-11,80812103,E564,5,0,0,1,0.0,4,4.0,0.0
2026-01-11,80868102,A668,8,0,0,4,0.0,4,4.0,0.0
2026-01-11,80804138,D767,11,0,0,1,0.0,10,10.0,0.0
2026-01-11,80812841,C810,31,0,0,2,0.0,29,29.0,0.0
2026-01-11,21103371,E295,208,0,0,0,0.0,208,208.0,0.0
2026-01-11,80804134,A680,209,0,0,13,0.0,196,196.0,0.0
2026-01-11,80812845,D191,53,0,0,7,0.0,46,46.0,0.0
2026-01-11,80807115,C810,31,0,0,2,0.0,29,29.0,0.0
2026-01-11,21419490,A716,244,0,0,3,0.0,241,241.0,0.0
2026-01-11,21098519,A716,105,0,0,0,0.0,105,105.0,0.0
2026-01-11,21422791,A673,393,0,0,47,0.0,346,346.0,0.0
2026-01-11,21137866,C816,896,0,17,35,29.0,849,849.0,0.0
2026-01-11,21357275,0386,3,0,0,0,2.0,1,1.0,0.0
2026-01-11,21137866,D191,13,0,0,0,0.0,13,13.0,0.0
2026-01-11,21179704,A716,7,0,0,1,0.0,6,6.0,0.0
2026-01-11,80804701,C816,314,0,0,17,145.0,152,152.0,0.0
2026-01-11,80848029,E569,1,0,0,1,0.0,0,0.0,0.0
2026-01-11,80812846,A716,125,0,0,3,0.0,122,122.0,0.0
2026-01-11,21463645,A673,1049,0,0,0,0.0,1049,1049.0,0.0
2026-01-11,21142560,C816,292,0,0,3,0.0,289,289.0,0.0
2026-01-11,80807090,A680,9,0,0,0,0.0,9,9.0,0.0
2026-01-11,80812845,E568,3,0,0,0,0.0,3,3.0,0.0
2026-01-11,21315474,C563,2,0,0,1,0.0,1,1.0,0.0
2026-01-11,21314593,A716,0,0,33,4,0.0,29,29.0,0.0
2026-01-11,21098519,D901,58,0,0,17,0.0,41,41.0,0.0
2026-01-11,80840976,E556,2,0,0,0,0.0,2,2.0,0.0
2026-01-11,80805856,E569,9,0,0,4,0.0,5,5.0,0.0
2026-01-11,80807093,A680,8,0,0,0,0.0,8,8.0,0.0
2026-01-11,21103371,C816,529,0,0,44,0.0,485,485.0,0.0
2026-01-11,80854083,A716,2,0,0,0,0.0,2,2.0,0.0
2026-01-11,21103371,D191,2,0,0,0,0.0,2,2.0,0.0
2026-01-11,21352461,E569,1,0,0,0,0.0,1,1.0,0.0
2026-01-11,80807097,C819,2,0,0,0,0.0,2,2.0,0.0
2026-01-11,80807120,A673,625,0,0,21,8.0,596,596.0,0.0
2026-01-11,21143102,A668,173,0,0,12,0.0,161,161.0,0.0
2026-01-11,21133312,D767,14,0,0,1,0.0,13,13.0,0.0
2026-01-11,80807095,E556,0,0,80,1,0.0,79,79.0,0.0
2026-01-11,80812846,D901,100,0,0,30,0.0,70,70.0,0.0
2026-01-11,80807089,D767,17,0,0,2,0.0,15,15.0,0.0
2026-01-11,21137866,A673,420,0,0,52,9.0,359,359.0,0.0
2026-01-11,80804701,A673,100,0,0,38,0.0,62,62.0,0.0
2026-01-11,80804135,C816,721,0,0,3,0.0,718,718.0,0.0
2026-01-11,80864470,D767,6,0,0,0,0.0,6,6.0,0.0
2026-01-11,80840975,D767,1,0,0,1,0.0,0,0.0,0.0
2026-01-11,80807119,E564,17,0,0,0,0.0,17,17.0,0.0
2026-01-11,21165946,A715,35,0,0,0,0.0,35,35.0,0.0
2026-01-11,80807116,E556,36,0,0,8,0.0,28,28.0,0.0
2026-01-11,21357021,0386,4,0,0,0,0.0,4,4.0,0.0
2026-01-11,21304907,C937,5,0,0,0,0.0,5,5.0,0.0
2026-01-11,21325164,D901,4,0,0,0,0.0,4,4.0,0.0
2026-01-11,80838162,E564,5,0,0,1,0.0,4,4.0,0.0
2026-01-11,21143103,A715,103,0,0,0,0.0,103,103.0,0.0
2026-01-11,80812154,D767,9,0,0,1,0.0,8,8.0,0.0
2026-01-11,21151196,0386,0,2091,0,0,2087.0,4,4.0,0.0
2026-01-11,21103371,A673,728,0,0,61,0.0,667,667.0,0.0
2026-01-11,80807100,D767,26,0,0,5,0.0,21,21.0,0.0
2026-01-11,21165868,A715,31,0,0,0,0.0,31,31.0,0.0
2026-01-11,80804128,0386,5,1244,0,0,1245.0,4,4.0,0.0
2026-01-11,80804137,A668,80,0,7,5,0.0,82,82.0,0.0
2026-01-11,21442897,A668,69,0,24,0,0.0,93,93.0,0.0
2026-01-11,21255844,E556,1,0,0,0,0.0,1,1.0,0.0
2026-01-11,21315350,C937,33,0,0,0,0.0,33,33.0,0.0
2026-01-11,21442422,C816,2455,0,0,11,0.0,2444,2444.0,0.0
2026-01-11,80804138,E568,6,0,0,0,0.0,6,6.0,0.0
2026-01-11,80807119,D901,30,0,5,35,0.0,0,0.0,0.0
2026-01-11,80807096,A673,1,0,0,1,0.0,0,0.0,0.0
2026-01-11,80848026,E569,52,0,0,4,0.0,48,48.0,0.0
2026-01-11,21314594,C816,865,0,0,27,0.0,838,838.0,0.0
2026-01-11,80807092,A716,17,0,0,0,0.0,17,17.0,0.0
2026-01-11,80848021,A672,7,0,0,2,0.0,5,5.0,0.0
2026-01-11,80793613,C937,4,0,0,0,0.0,4,4.0,0.0
2026-01-11,80804135,A673,332,0,0,2,9.0,321,321.0,0.0
2026-01-11,80805850,A672,50,0,0,0,0.0,50,50.0,0.0
2026-01-11,80807116,A715,30,0,0,9,0.0,21,21.0,0.0
2026-01-11,21314595,E569,5,0,0,0,0.0,5,5.0,0.0
2026-01-11,21376841,0386,2,0,0,0,0.0,2,2.0,0.0
2026-01-11,21143110,C816,358,0,0,12,0.0,346,346.0,0.0
2026-01-11,80807112,A716,122,0,0,2,0.0,120,120.0,0.0
2026-01-11,21162696,D767,4,0,0,1,0.0,3,3.0,0.0
2026-01-11,80812099,A716,78,0,0,3,0.0,75,75.0,0.0
2026-01-11,80807089,C816,437,0,0,28,0.0,409,409.0,0.0
2026-01-11,80804134,E556,0,0,10,2,0.0,8,8.0,0.0
2026-01-11,80807092,D901,57,0,0,8,0.0,49,49.0,0.0
2026-01-11,80838164,A680,2,0,0,2,0.0,0,0.0,0.0
2026-01-11,21165946,C816,158,0,0,10,2.0,146,146.0,0.0
2026-01-11,21255844,A715,3,0,0,0,0.0,3,3.0,0.0
2026-01-11,80848022,A680,137,0,0,25,0.0,112,112.0,0.0
2026-01-11,80804130,A668,24,0,76,9,0.0,91,91.0,0.0
2026-01-11,80807097,A680,47,0,0,0,0.0,47,47.0,0.0
2026-01-11,80812841,0386,4,0,0,0,0.0,4,4.0,0.0
2026-01-11,21314594,A673,0,0,781,19,40.0,722,722.0,0.0
2026-01-11,80863646,A672,18,0,0,3,0.0,15,15.0,0.0
2026-01-11,21431638,A672,543,0,0,2,0.0,541,541.0,0.0
2026-01-11,80812839,D767,3,0,0,0,0.0,3,3.0,0.0
2026-01-11,80807089,E568,2,0,0,0,0.0,2,2.0,0.0
2026-01-11,21098519,E569,5,0,0,1,0.0,4,4.0,0.0
2026-01-11,80807115,0386,3,0,0,0,0.0,3,3.0,0.0
2026-01-11,21165868,C816,92,0,0,0,0.0,92,92.0,0.0
2026-01-11,21142556,A672,938,0,0,86,0.0,852,852.0,0.0
2026-01-11,80807090,E556,4,0,0,0,0.0,4,4.0,0.0
2026-01-11,80812154,C816,42,0,0,0,0.0,42,42.0,0.0
2026-01-11,21314593,C819,2,0,0,0,0.0,2,2.0,0.0
2026-01-11,21121752,A680,13,0,0,0,0.0,13,13.0,0.0
2026-01-11,80864470,E568,4,0,0,0,0.0,4,4.0,0.0
2026-01-11,80840975,E568,3,0,0,0,0.0,3,3.0,0.0
2026-01-11,80807093,E556,4,0,0,0,0.0,4,4.0,0.0
2026-01-11,21431638,C810,192,0,0,5,0.0,187,187.0,0.0
2026-01-11,80812846,E569,24,0,0,3,0.0,21,21.0,0.0
2026-01-11,21165816,C937,6,0,0,0,0.0,6,6.0,0.0
2026-01-11,80807102,C937,11,0,0,2,0.0,9,9.0,0.0
2026-01-11,80807089,A673,362,0,0,16,15.0,331,331.0,0.0
2026-01-11,21103372,C937,34,0,0,6,0.0,28,28.0,0.0
2026-01-11,21142556,C810,217,0,0,0,0.0,217,217.0,0.0
2026-01-11,21128377,A680,188,0,0,7,0.0,181,181.0,0.0
2026-01-11,80804127,E569,5,0,0,0,0.0,5,5.0,0.0
2026-01-11,80804134,A715,139,0,0,7,0.0,132,132.0,0.0
2026-01-11,80807120,A668,548,0,0,26,0.0,522,522.0,0.0
2026-01-11,21165946,A673,1101,0,0,71,17.0,1013,1013.0,0.0
2026-01-11,80848028,D767,18,0,0,2,0.0,16,16.0,0.0
2026-01-11,21165946,E467,52,0,0,4,0.0,48,48.0,0.0
2026-01-11,80848023,E568,1,0,0,1,0.0,0,0.0,0.0
2026-01-11,80804701,A668,33,0,0,4,0.0,29,29.0,0.0
2026-01-11,80812154,E568,2,0,0,0,0.0,2,2.0,0.0
2026-01-11,80807100,E568,2,0,0,0,0.0,2,2.0,0.0
2026-01-11,80804129,E564,8,0,0,0,0.0,8,8.0,0.0
2026-01-11,21132758,A716,118,0,10,9,0.0,119,119.0,0.0
2026-01-11,80807110,A716,126,0,0,6,0.0,120,120.0,0.0
2026-01-11,21121751,A672,187,0,0,7,0.0,180,180.0,0.0
2026-01-11,21170686,A680,19,0,0,0,0.0,19,19.0,0.0
2026-01-11,21325164,E569,4,0,0,0,0.0,4,4.0,0.0
2026-01-11,80807105,C819,24,0,0,2,0.0,22,22.0,0.0
2026-01-11,80804134,E295,36,0,0,11,0.0,25,25.0,0.0
2026-01-11,21165868,A673,189,0,0,6,2.0,181,181.0,0.0
2026-01-11,21315352,D901,33,0,0,5,0.0,28,28.0,0.0
2026-01-11,21162696,C816,33,0,0,0,0.0,33,33.0,0.0
2026-01-11,21121756,D767,23,0,0,0,0.0,23,23.0,0.0
2026-01-11,80807090,A715,46,0,0,1,0.0,45,45.0,0.0
2026-01-11,80848025,E556,7,0,0,1,0.0,6,6.0,0.0
2026-01-11,80804132,E564,24,0,0,9,0.0,15,15.0,0.0
2026-01-11,80805852,E556,5,0,0,0,0.0,5,5.0,0.0
2026-01-11,80812154,A673,306,0,0,12,0.0,294,294.0,0.0
2026-01-11,80807114,C819,2,0,0,0,0.0,2,2.0,0.0
2026-01-11,80804132,A716,20,0,203,13,0.0,210,210.0,0.0
2026-01-11,21141769,D901,13,0,0,10,0.0,3,3.0,0.0
2026-01-11,80807093,A715,62,0,0,0,0.0,62,62.0,0.0
2026-01-11,21103371,A668,372,0,0,0,0.0,372,372.0,0.0
2026-01-11,80807119,E569,10,0,0,0,0.0,10,10.0,0.0
2026-01-11,21132758,D901,54,0,22,16,0.0,60,60.0,0.0
2026-01-11,21301637,A680,258,0,0,1,0.0,257,257.0,0.0
2026-01-11,80807118,A716,9,0,141,2,0.0,148,148.0,0.0
2026-01-11,80863643,A672,777,0,0,0,0.0,777,777.0,0.0
2026-01-11,80857738,A680,2,0,0,0,0.0,2,2.0,0.0
2026-01-11,80807116,A673,872,0,0,98,31.0,743,743.0,0.0
2026-01-11,21162696,E568,3,0,0,0,0.0,3,3.0,0.0
2026-01-11,80807120,C563,38,0,0,4,0.0,34,34.0,0.0
2026-01-11,21118864,A716,27,0,0,0,0.0,27,27.0,0.0
2026-01-11,80795933,A680,4,0,0,0,0.0,4,4.0,0.0
2026-01-11,80812845,C937,66,0,0,4,0.0,62,62.0,0.0
2026-01-11,80804132,D901,11,0,6,0,0.0,17,17.0,0.0
2026-01-11,80804135,A668,68,0,0,1,0.0,67,67.0,0.0
2026-01-11,80863643,C810,9,0,0,0,0.0,9,9.0,0.0
2026-01-11,21138340,A672,3114,0,0,83,0.0,3031,3031.0,0.0
2026-01-11,80868100,A672,47,0,0,4,0.0,43,43.0,0.0
2026-01-11,21162696,A673,72,0,0,4,0.0,68,68.0,0.0
2026-01-11,80807118,D901,184,0,15,29,0.0,170,170.0,0.0
2026-01-11,21139445,C816,1055,0,0,26,57.0,972,972.0,0.0
2026-01-11,80848028,C816,469,0,0,11,51.0,407,407.0,0.0
2026-01-11,21127799,C816,114,0,0,3,0.0,111,111.0,0.0
2026-01-11,21029016,C819,5,0,0,0,0.0,5,5.0,0.0
2026-01-11,21303404,E556,2,0,2,1,0.0,3,3.0,0.0
2026-01-11,80804128,E564,5,0,0,1,0.0,4,4.0,0.0
2026-01-11,21315474,E564,0,0,100,8,0.0,92,92.0,0.0
2026-01-11,21275914,A672,26,0,245,5,0.0,266,266.0,0.0
2026-01-11,80812099,E569,5,0,0,0,0.0,5,5.0,0.0
2026-01-11,80848022,E556,6,0,2,3,0.0,5,5.0,0.0
2026-01-11,80840976,A672,40,0,0,5,0.0,35,35.0,0.0
2026-01-11,80805850,0386,3,0,0,0,0.0,3,3.0,0.0
2026-01-11,80848027,E556,1,0,0,0,0.0,1,1.0,0.0
2026-01-11,21314594,A668,0,0,144,5,0.0,139,139.0,0.0
2026-01-11,21132988,D767,51,0,0,7,0.0,44,44.0,0.0
2026-01-11,80848028,E568,11,0,0,1,0.0,10,10.0,0.0
2026-01-11,80804133,C937,26,0,0,8,0.0,18,18.0,0.0
2026-01-11,80804134,A673,1754,0,38,161,12.0,1619,1619.0,0.0
2026-01-11,21275914,C810,1,0,0,0,0.0,1,1.0,0.0
2026-01-11,80807095,A672,670,0,0,11,0.0,659,659.0,0.0
2026-01-11,80804134,E467,28,0,0,3,0.0,25,25.0,0.0
2026-01-11,80804128,D901,2,0,0,0,0.0,2,2.0,0.0
2026-01-11,80863646,C937,3,0,0,0,0.0,3,3.0,0.0
2026-01-11,21315474,D901,0,0,97,5,0.0,92,92.0,0.0
2026-01-11,80807105,A680,147,0,0,4,0.0,143,143.0,0.0
2026-01-11,80848028,A673,71,0,0,13,0.0,58,58.0,0.0
2026-01-11,80804138,C937,16,0,0,0,0.0,16,16.0,0.0
2026-01-11,21127799,A673,150,0,0,3,0.0,147,147.0,0.0
2026-01-11,21377504,A680,27,0,0,0,0.0,27,27.0,0.0
2026-01-11,80807095,C810,17,0,0,3,0.0,14,14.0,0.0
2026-01-11,21165946,A668,40,0,0,4,0.0,36,36.0,0.0
2026-01-11,80807114,A680,23,0,0,2,0.0,21,21.0,0.0
2026-01-11,80864469,A672,31,0,0,10,0.0,21,21.0,0.0
2026-01-11,80804705,A672,161,0,0,16,0.0,145,145.0,0.0
2026-01-11,21425098,0386,4409,0,0,0,10.0,4399,4399.0,0.0
2026-01-11,21170683,A716,76,0,0,1,0.0,75,75.0,0.0
2026-01-11,21315352,E569,4,0,0,0,0.0,4,4.0,0.0
2026-01-11,80807097,A715,37,0,0,0,0.0,37,37.0,0.0
2026-01-11,80812841,E564,7,0,29,11,0.0,25,25.0,0.0
2026-01-11,21428668,A672,843,0,0,1,0.0,842,842.0,0.0
2026-01-11,80839736,E556,0,0,9,9,0.0,0,0.0,0.0
2026-01-11,21143103,A668,86,0,0,0,0.0,86,86.0,0.0
2026-01-11,80804706,C810,206,0,0,0,0.0,206,206.0,0.0
2026-01-11,80805856,D767,57,0,0,7,0.0,50,50.0,0.0
2026-01-11,80807093,A673,135,0,11,4,0.0,142,142.0,0.0
2026-01-11,21165868,A668,62,0,0,1,0.0,61,61.0,0.0
2026-01-11,80807115,E564,126,0,62,0,0.0,188,188.0,0.0
2026-01-11,80864469,C810,85,0,0,0,0.0,85,85.0,0.0
2026-01-11,80804705,C810,44,0,0,9,0.0,35,35.0,0.0
2026-01-11,21141769,E569,2,0,0,1,0.0,1,1.0,0.0
2026-01-11,80851898,A672,2119,0,0,31,0.0,2088,2088.0,0.0
2026-01-11,21357275,E569,1,0,0,0,0.0,1,1.0,0.0
2026-01-11,21121752,A715,2,0,0,0,0.0,2,2.0,0.0
2026-01-11,21132758,E569,9,0,0,0,0.0,9,9.0,0.0
2026-01-11,21143102,A716,116,0,0,7,0.0,109,109.0,0.0
2026-01-11,21170683,D901,77,0,32,18,0.0,91,91.0,0.0
2026-01-11,21128377,A715,147,0,0,0,0.0,147,147.0,0.0
2026-01-11,21366842,C816,55,0,0,0,0.0,55,55.0,0.0
2026-01-11,21132988,C816,87,0,0,3,4.0,80,80.0,0.0
2026-01-11,80804132,E569,18,0,0,7,0.0,11,11.0,0.0
2026-01-11,80812840,C819,11,0,0,1,0.0,10,10.0,0.0
2026-01-11,21143110,C937,2,0,0,0,0.0,2,2.0,0.0
2026-01-11,80807116,A668,161,0,16,33,0.0,144,144.0,0.0
2026-01-11,80852695,A715,2,0,0,0,0.0,2,2.0,0.0
2026-01-11,80807115,D901,106,0,0,26,0.0,80,80.0,0.0
2026-01-11,80812110,A672,40,0,0,6,0.0,34,34.0,0.0
2026-01-11,21121751,0386,3,0,0,0,0.0,3,3.0,0.0
2026-01-11,21128067,A680,127,0,0,0,0.0,127,127.0,0.0
2026-01-11,21155895,A672,459,0,0,12,0.0,447,447.0,0.0
2026-01-11,80884846,A672,24,0,0,3,0.0,21,21.0,0.0
2026-01-11,21113405,D767,23,0,0,5,0.0,18,18.0,0.0
2026-01-11,21143102,D901,41,0,0,4,0.0,37,37.0,0.0
2026-01-11,80807118,E569,19,0,0,4,0.0,15,15.0,0.0
2026-01-11,80839736,A715,34,0,0,8,0.0,26,26.0,0.0
2026-01-11,21170686,A715,19,0,0,0,0.0,19,19.0,0.0
2026-01-11,21179704,E556,11,0,0,3,0.0,8,8.0,0.0
2026-01-11,80864470,C937,6,0,0,1,0.0,5,5.0,0.0
2026-01-11,80840975,C937,3,0,0,0,0.0,3,3.0,0.0
2026-01-11,80884850,A680,58,0,0,0,0.0,58,58.0,0.0
2026-01-11,80804704,C816,662,0,0,20,354.0,288,288.0,0.0
2026-01-11,21171453,D767,5,0,0,0,0.0,5,5.0,0.0
2026-01-11,80804704,D191,3,0,0,1,0.0,2,2.0,0.0
2026-01-11,21155895,C810,6,0,0,1,0.0,5,5.0,0.0
2026-01-11,21255844,A668,28,0,0,1,0.0,27,27.0,0.0
2026-01-11,80807091,C816,121,0,675,6,109.0,681,681.0,0.0
2026-01-11,21127730,A680,480,0,0,2,0.0,478,478.0,0.0
2026-01-11,80863643,0386,3,0,0,0,0.0,3,3.0,0.0
2026-01-11,80807097,C816,165,0,0,8,0.0,157,157.0,0.0
2026-01-11,80791223,A680,14,0,0,0,0.0,14,14.0,0.0
2026-01-11,80804137,A716,25,0,0,1,0.0,24,24.0,0.0
2026-01-11,80868100,C937,4,0,0,0,0.0,4,4.0,0.0
2026-01-11,21434954,A672,555,0,0,40,0.0,515,515.0,0.0
2026-01-11,21314593,E556,0,0,4,4,0.0,0,0.0,0.0
2026-01-11,21442897,A716,0,0,86,1,0.0,85,85.0,0.0
2026-01-11,80848023,C937,10,0,0,2,0.0,8,8.0,0.0
2026-01-11,80793615,0386,3,0,0,0,0.0,3,3.0,0.0
2026-01-11,21366842,A673,235,0,0,0,0.0,235,235.0,0.0
2026-01-11,21301637,A715,47,0,0,0,0.0,47,47.0,0.0
2026-01-11,80807090,A672,28,0,0,1,0.0,27,27.0,0.0
2026-01-11,80807100,C937,4,0,0,0,0.0,4,4.0,0.0
2026-01-11,80868101,C937,4,0,0,0,0.0,4,4.0,0.0
2026-01-11,80804704,E568,4,0,0,1,0.0,3,3.0,0.0
2026-01-11,21121752,C816,101,0,0,10,0.0,91,91.0,0.0
2026-01-11,80793614,A668,4,0,0,0,0.0,4,4.0,0.0
2026-01-11,80795933,A715,8,0,0,0,0.0,8,8.0,0.0
2026-01-11,21325292,D767,38,0,0,5,0.0,33,33.0,0.0
2026-01-11,80807090,C810,7,0,0,0,0.0,7,7.0,0.0
2026-01-11,80804128,E569,7,0,0,2,0.0,5,5.0,0.0
2026-01-11,80807116,C563,56,0,0,3,0.0,53,53.0,0.0
2026-01-11,80804134,A668,447,0,0,34,0.0,413,413.0,0.0
2026-01-11,80807122,C816,1,0,0,1,0.0,0,0.0,0.0
2026-01-11,21315474,E569,10,0,0,1,0.0,9,9.0,0.0
2026-01-11,80807100,0386,1,0,0,0,0.0,1,1.0,0.0
2026-01-11,80804704,A673,260,0,839,96,73.0,930,930.0,0.0
2026-01-11,80804702,A715,4,0,0,0,0.0,4,4.0,0.0
2026-01-11,80807105,E556,39,0,5,4,0.0,40,40.0,0.0
2026-01-11,80807091,A673,209,0,0,6,16.0,187,187.0,0.0
2026-01-11,21291975,A672,238,0,0,1,0.0,237,237.0,0.0
2026-01-11,80807097,A673,120,0,0,8,0.0,112,112.0,0.0
2026-01-11,21377504,E556,0,0,9,1,0.0,8,8.0,0.0
2026-01-11,80884848,C816,535,0,0,1,0.0,534,534.0,0.0
2026-01-11,21314876,E568,4,0,0,0,0.0,4,4.0,0.0
2026-01-11,80804130,A716,22,0,0,0,0.0,22,22.0,0.0
2026-01-11,80804136,A672,851,0,0,49,0.0,802,802.0,0.0
2026-01-11,80848025,A672,18,0,0,5,0.0,13,13.0,0.0
2026-01-11,80805852,A672,56,0,0,2,0.0,54,54.0,0.0
2026-01-11,21113405,C816,145,0,0,7,0.0,138,138.0,0.0
2026-01-11,21121752,A673,80,0,0,0,0.0,80,80.0,0.0
2026-01-11,80805850,E564,3,0,0,0,0.0,3,3.0,0.0
2026-01-11,21419485,A680,301,0,0,1,0.0,300,300.0,0.0
2026-01-11,21171453,C816,40,0,0,3,0.0,37,37.0,0.0
2026-01-11,80807093,A668,8,0,0,0,0.0,8,8.0,0.0
2026-01-11,80807095,0386,1,0,0,0,0.0,1,1.0,0.0
2026-01-11,80812840,A680,200,0,0,6,0.0,194,194.0,0.0
2026-01-11,21314602,A680,47,0,0,0,0.0,47,47.0,0.0
2026-01-11,80804136,C810,60,0,152,2,0.0,210,210.0,0.0
2026-01-11,80807122,A673,82,0,0,2,0.0,80,80.0,0.0
2026-01-11,80812839,C937,5,0,0,0,0.0,5,5.0,0.0
2026-01-11,21128377,A673,519,0,0,40,0.0,479,479.0,0.0
2026-01-11,21315350,C819,1,0,0,1,0.0,0,0.0,0.0
2026-01-11,80804127,D767,12,0,0,7,0.0,5,5.0,0.0
2026-01-11,21472283,A672,102,0,0,0,0.0,102,102.0,0.0
2026-01-11,80804130,D901,2,0,0,1,0.0,1,1.0,0.0
2026-01-11,80848029,A672,262,0,0,20,0.0,242,242.0,0.0
2026-01-11,80807120,A716,10,0,0,0,0.0,10,10.0,0.0
2026-01-11,80804706,0386,1,0,0,0,0.0,1,1.0,0.0
2026-01-11,80848021,D901,13,0,0,2,0.0,11,11.0,0.0
2026-01-11,80807105,A715,92,0,0,4,0.0,88,88.0,0.0
2026-01-11,80864469,0386,0,1431,0,0,1429.0,2,2.0,0.0
2026-01-11,80807115,E569,78,0,0,10,0.0,68,68.0,0.0
2026-01-11,80804705,0386,3,0,0,0,0.0,3,3.0,0.0
2026-01-11,21377504,A715,66,0,0,0,0.0,66,66.0,0.0
2026-01-11,80804701,A716,18,0,0,5,0.0,13,13.0,0.0
2026-01-11,21139445,C937,5,0,0,0,0.0,5,5.0,0.0
2026-01-11,21325292,C816,175,0,0,5,0.0,170,170.0,0.0
2026-01-11,80848029,C810,10,0,0,1,0.0,9,9.0,0.0
2026-01-11,21416910,A672,441,0,0,0,0.0,441,441.0,0.0
2026-01-11,21143102,E569,6,0,0,0,0.0,6,6.0,0.0
2026-01-11,21428668,0386,2,0,0,0,0.0,2,2.0,0.0
2026-01-11,21113405,A673,305,0,0,14,2.0,289,289.0,0.0
2026-01-11,80805856,A672,488,0,0,55,0.0,433,433.0,0.0
2026-01-11,21029016,E556,12,0,0,6,0.0,6,6.0,0.0
2026-01-11,80804698,C819,2,0,0,0,0.0,2,2.0,0.0
2026-01-11,80885921,C816,10,0,0,6,0.0,4,4.0,0.0
2026-01-11,21128067,E556,2,0,0,0,0.0,2,2.0,0.0
2026-01-11,80863645,C816,453,0,0,5,0.0,448,448.0,0.0
2026-01-11,80807120,D901,111,0,17,6,0.0,122,122.0,0.0
2026-01-11,21352461,A672,563,0,0,4,0.0,559,559.0,0.0
2026-01-11,80807119,D767,8,0,0,1,0.0,7,7.0,0.0
2026-01-11,80812103,C816,52,0,28,4,0.0,76,76.0,0.0
2026-01-11,21301637,A673,1023,0,0,84,0.0,939,939.0,0.0
2026-01-11,80795932,C816,27,0,0,2,0.0,25,25.0,0.0
2026-01-11,21103371,A716,59,0,0,0,0.0,59,59.0,0.0
2026-01-11,80838165,A716,1,0,0,1,0.0,0,0.0,0.0
2026-01-11,21325292,E568,1,0,0,1,0.0,0,0.0,0.0
2026-01-11,80857738,A673,9,0,0,0,0.0,9,9.0,0.0
2026-01-11,80848022,A672,171,0,0,14,0.0,157,157.0,0.0
2026-01-11,21352461,C810,25,0,0,1,0.0,24,24.0,0.0
2026-01-11,80812338,A680,8,0,0,1,0.0,7,7.0,0.0
2026-01-11,80804137,C819,4,0,0,0,0.0,4,4.0,0.0
2026-01-11,21314875,A672,11,0,0,6,0.0,5,5.0,0.0
2026-01-11,80807113,C816,655,0,0,15,10.0,630,630.0,0.0
2026-01-11,80807096,A716,21,0,0,0,0.0,21,21.0,0.0
2026-01-11,21377091,C816,177,0,0,0,0.0,177,177.0,0.0
2026-01-11,80848022,C810,45,0,0,1,0.0,44,44.0,0.0
2026-01-11,21325292,A673,387,0,0,34,0.0,353,353.0,0.0
2026-01-11,80807117,C816,85,0,0,0,0.0,85,85.0,0.0
2026-01-11,21133493,E556,302,0,0,9,0.0,293,293.0,0.0
2026-01-11,80884846,0386,1,0,0,0,0.0,1,1.0,0.0
2026-01-11,21121751,E564,13,0,0,0,0.0,13,13.0,0.0
2026-01-11,21434954,C937,2,0,0,0,0.0,2,2.0,0.0
2026-01-11,80807102,C819,4,0,0,0,0.0,4,4.0,0.0
2026-01-11,21029016,A715,4,0,0,0,0.0,4,4.0,0.0
2026-01-11,21128067,A715,193,0,0,6,0.0,187,187.0,0.0
2026-01-11,80807105,C816,378,0,0,46,0.0,332,332.0,0.0
2026-01-11,21304907,A680,64,0,0,0,0.0,64,64.0,0.0
2026-01-11,80884850,A715,34,0,0,0,0.0,34,34.0,0.0
2026-01-11,21442896,0386,1,0,0,0,0.0,1,1.0,0.0
2026-01-11,80807096,D901,94,0,0,7,0.0,87,87.0,0.0
2026-01-11,80812103,A673,110,0,0,8,0.0,102,102.0,0.0
2026-01-11,80848026,A672,510,0,422,13,0.0,919,919.0,0.0
2026-01-11,21434954,0386,4,0,0,0,0.0,4,4.0,0.0
2026-01-11,80807091,A668,100,0,0,6,0.0,94,94.0,0.0
2026-01-11,80848027,A668,3,0,0,1,0.0,2,2.0,0.0
2026-01-11,21127730,A715,89,0,0,4,0.0,85,85.0,0.0
2026-01-11,80807097,A668,39,0,0,1,0.0,38,38.0,0.0
2026-01-11,80791223,A715,16,0,0,0,0.0,16,16.0,0.0
2026-01-11,21315350,A680,158,0,0,0,0.0,158,158.0,0.0
2026-01-11,21121751,D901,27,0,0,1,0.0,26,26.0,0.0
2026-01-11,80804127,E568,1,0,0,0,0.0,1,1.0,0.0
2026-01-11,80807113,A673,476,0,0,21,10.0,445,445.0,0.0
2026-01-11,80848026,C810,190,0,0,16,0.0,174,174.0,0.0
2026-01-11,80807117,A673,195,0,0,14,0.0,181,181.0,0.0
2026-01-11,21121752,A668,6,0,0,0,0.0,6,6.0,0.0
2026-01-11,21422791,E569,1,0,0,0,0.0,1,1.0,0.0
2026-01-11,21127730,E295,307,0,7,59,0.0,255,255.0,0.0
2026-01-11,80804136,C937,34,0,0,1,0.0,33,33.0,0.0
2026-01-11,80812840,E556,63,0,8,9,0.0,62,62.0,0.0
2026-01-11,21132988,C937,32,0,0,2,0.0,30,30.0,0.0
2026-01-11,21307836,C816,394,0,0,2,20.0,372,372.0,0.0
2026-01-11,80804130,E569,3,0,0,0,0.0,3,3.0,0.0
2026-01-11,80807105,A673,705,0,110,29,0.0,786,786.0,0.0
2026-01-11,80807122,A668,10,0,0,1,0.0,9,9.0,0.0
2026-01-11,21325164,E568,5,0,0,0,0.0,5,5.0,0.0
2026-01-11,21118867,C819,3,0,0,0,0.0,3,3.0,0.0
2026-01-11,21128377,A668,226,0,0,13,0.0,213,213.0,0.0
2026-01-11,80807105,E467,39,0,0,12,0.0,27,27.0,0.0
2026-01-11,80807100,E564,56,0,0,14,0.0,42,42.0,0.0
2026-01-11,80838162,C816,13,0,0,0,0.0,13,13.0,0.0
2026-01-11,80891759,A672,1,0,0,0,0.0,1,1.0,0.0
2026-01-11,21165946,A716,201,0,0,2,0.0,199,199.0,0.0
2026-01-11,21419490,A672,1065,0,0,26,0.0,1039,1039.0,0.0
2026-01-11,80848025,0386,3,0,0,0,0.0,3,3.0,0.0
2026-01-11,21098519,A672,613,0,0,21,0.0,592,592.0,0.0
2026-01-11,80804136,0386,3,0,0,0,1.0,2,2.0,0.0
2026-01-11,80807119,E568,5,0,0,0,0.0,5,5.0,0.0
2026-01-11,21137866,C819,15,0,0,0,0.0,15,15.0,0.0
2026-01-11,21179704,A672,108,0,0,24,0.0,84,84.0,0.0
2026-01-11,21170686,A668,46,0,0,0,0.0,46,46.0,0.0
2026-01-11,80848029,C937,8,0,0,1,0.0,7,7.0,0.0
2026-01-11,80885920,A672,131,0,0,8,0.0,123,123.0,0.0
2026-01-11,80807120,E569,12,0,0,2,0.0,10,10.0,0.0
2026-01-11,80891759,C810,2,0,0,0,0.0,2,2.0,0.0
2026-01-11,80804703,C810,516,0,0,2,0.0,514,514.0,0.0
2026-01-11,21143103,A716,72,0,0,4,0.0,68,68.0,0.0
2026-01-11,80812846,A672,2094,0,0,32,0.0,2062,2062.0,0.0
2026-01-11,21165868,A716,26,0,0,0,0.0,26,26.0,0.0
2026-01-11,21098519,C810,266,0,0,9,0.0,257,257.0,0.0
2026-01-11,21419485,A715,342,0,0,3,0.0,339,339.0,0.0
2026-01-11,21132758,D767,11,0,0,1,0.0,10,10.0,0.0
2026-01-11,80804699,E569,4,0,0,0,0.0,4,4.0,0.0
2026-01-11,80807095,E564,35,0,18,16,0.0,37,37.0,0.0
2026-01-11,80804129,D767,13,0,0,0,0.0,13,13.0,0.0
2026-01-11,21314593,A672,26,0,1016,30,0.0,1012,1012.0,0.0
2026-01-11,21307836,A673,87,0,0,11,0.0,76,76.0,0.0
2026-01-11,80812840,A715,206,0,0,3,0.0,203,203.0,0.0
2026-01-11,21314602,A715,121,0,1,6,0.0,116,116.0,0.0
2026-01-11,21472283,0386,1,0,0,0,0.0,1,1.0,0.0
2026-01-11,80805856,C937,3,0,0,3,0.0,0,0.0,0.0
2026-01-11,80848029,0386,1,0,0,0,0.0,1,1.0,0.0
2026-01-11,21176384,A680,0,0,8,1,0.0,7,7.0,0.0
2026-01-11,21301637,A668,198,0,0,0,0.0,198,198.0,0.0
2026-01-11,21137621,A672,2271,0,0,66,0.0,2205,2205.0,0.0
2026-01-11,21127800,A672,1475,0,0,55,0.0,1420,1420.0,0.0
2026-01-11,80807102,A680,235,0,0,4,0.0,231,231.0,0.0
2026-01-11,80857738,A668,2,0,0,0,0.0,2,2.0,0.0
2026-01-11,80812846,C810,22,0,0,3,0.0,19,19.0,0.0
2026-01-11,80838162,A673,8,0,0,1,0.0,7,7.0,0.0
2026-01-11,21103372,A680,175,0,0,2,0.0,173,173.0,0.0
2026-01-11,80804132,D767,62,0,0,7,0.0,55,55.0,0.0
2026-01-11,80840976,D901,12,0,0,2,0.0,10,10.0,0.0
2026-01-11,80795933,A668,5,0,0,0,0.0,5,5.0,0.0
2026-01-11,21143103,D901,38,0,3,2,0.0,39,39.0,0.0
2026-01-11,21314876,C937,3,0,0,1,0.0,2,2.0,0.0
2026-01-11,21314593,C810,13,0,0,0,0.0,13,13.0,0.0
2026-01-11,80804706,E564,4,0,0,0,0.0,4,4.0,0.0
2026-01-11,80812338,E556,4,0,0,0,0.0,4,4.0,0.0
2026-01-11,21029016,A673,67,0,0,0,0.0,67,67.0,0.0
2026-01-11,80804133,C819,45,0,2,5,0.0,42,42.0,0.0
2026-01-11,21165868,D901,8,0,1,1,0.0,8,8.0,0.0
2026-01-11,21128067,A673,366,0,0,0,57.0,309,309.0,0.0
2026-01-11,80807116,A716,24,0,0,7,0.0,17,17.0,0.0
2026-01-11,80804705,E564,0,0,12,10,0.0,2,2.0,0.0
2026-01-11,21416910,0386,1909,0,0,0,0.0,1909,1909.0,0.0
2026-01-11,80805856,0386,4,0,0,0,0.0,4,4.0,0.0
2026-01-11,80838165,E569,4,0,0,0,0.0,4,4.0,0.0
2026-01-11,80807095,D901,90,0,0,0,0.0,90,90.0,0.0
2026-01-11,21352461,0386,2,0,0,0,0.0,2,2.0,0.0
2026-01-11,80831843,A715,347,0,0,0,0.0,347,347.0,0.0
2026-01-11,80807096,E569,17,0,0,2,0.0,15,15.0,0.0
2026-01-11,80804706,D901,3,0,0,1,0.0,2,2.0,0.0
2026-01-11,80848022,0386,1,0,0,0,0.0,1,1.0,0.0
2026-01-11,80807116,D901,93,0,0,14,0.0,79,79.0,0.0
2026-01-11,21132752,A672,570,0,0,5,0.0,565,565.0,0.0
2026-01-11,21419485,C816,1244,0,0,13,0.0,1231,1231.0,0.0
2026-01-11,80812338,A715,6,0,0,0,0.0,6,6.0,0.0
2026-01-11,21315350,E556,14,0,20,6,0.0,28,28.0,0.0
2026-01-11,80807113,A668,461,0,0,18,0.0,443,443.0,0.0
2026-01-11,80848026,C937,74,0,0,22,0.0,52,52.0,0.0
2026-01-11,80812110,E564,11,0,0,2,0.0,9,9.0,0.0
2026-01-11,80793614,A716,2,0,0,0,0.0,2,2.0,0.0
2026-01-11,80838163,A680,3,0,0,0,0.0,3,3.0,0.0
2026-01-11,80804128,D767,2,0,0,1,0.0,1,1.0,0.0
2026-01-11,80807117,A668,4,0,0,0,0.0,4,4.0,0.0
2026-01-11,80807092,A672,946,0,1,13,0.0,934,934.0,0.0
2026-01-11,21315474,D767,35,0,0,0,0.0,35,35.0,0.0
2026-01-11,21155895,E564,13,0,0,0,0.0,13,13.0,0.0
2026-01-11,80804129,C816,521,0,0,5,0.0,516,516.0,0.0
2026-01-11,80804134,A716,207,0,0,14,0.0,193,193.0,0.0
2026-01-11,21137866,A680,182,0,0,0,0.0,182,182.0,0.0
2026-01-11,80807105,A668,268,0,31,21,0.0,278,278.0,0.0
2026-01-11,21314595,C937,5,0,0,0,0.0,5,5.0,0.0
2026-01-11,80848024,C816,58,0,0,1,0.0,57,57.0,0.0
2026-01-11,21377504,A668,93,0,0,0,0.0,93,93.0,0.0
2026-01-11,80807092,C810,7,0,0,1,0.0,6,6.0,0.0
2026-01-11,80848026,0386,4,0,0,0,0.0,4,4.0,0.0
2026-01-11,21143110,C819,4,0,0,0,0.0,4,4.0,0.0
2026-01-11,80807112,A672,1256,0,0,35,0.0,1221,1221.0,0.0
2026-01-11,21148509,A672,410,0,0,27,0.0,383,383.0,0.0
2026-01-11,80807114,A668,14,0,0,1,0.0,13,13.0,0.0
2026-01-11,80807089,C819,2,0,0,0,0.0,2,2.0,0.0
2026-01-11,80812099,A672,86,0,0,4,0.0,82,82.0,0.0
2026-01-11,80863645,C937,4,0,0,0,0.0,4,4.0,0.0
2026-01-11,21151196,E295,300,0,0,2,0.0,298,298.0,0.0
2026-01-11,80804129,E568,7,0,0,0,0.0,7,7.0,0.0
2026-01-11,21434952,C937,3,0,0,0,0.0,3,3.0,0.0
2026-01-11,80807090,E564,9,0,0,1,0.0,8,8.0,0.0
2026-01-11,21419485,A673,793,0,0,24,0.0,769,769.0,0.0
2026-01-11,21155895,D901,112,0,7,12,0.0,107,107.0,0.0
2026-01-11,80804134,D901,13,0,0,4,0.0,9,9.0,0.0
2026-01-11,80807090,A716,11,0,0,0,0.0,11,11.0,0.0
2026-01-11,80812103,C937,6,0,0,0,0.0,6,6.0,0.0
2026-01-11,80807112,C810,59,0,26,0,0.0,85,85.0,0.0
2026-01-11,21315350,A715,68,0,0,7,0.0,61,61.0,0.0
2026-01-11,21148509,C810,20,0,0,0,0.0,20,20.0,0.0
2026-01-11,80795932,C937,3,0,0,0,0.0,3,3.0,0.0
2026-01-11,80840975,C819,3,0,2,0,0.0,5,5.0,0.0
2026-01-11,80864470,C819,10,0,0,1,0.0,9,9.0,0.0
2026-01-11,21354246,C816,195,0,0,2,0.0,193,193.0,0.0
2026-01-11,21103371,A680,287,0,0,2,0.0,285,285.0,0.0
2026-01-11,80804132,E568,4,0,0,1,0.0,3,3.0,0.0
2026-01-11,80807093,A716,277,0,0,0,0.0,277,277.0,0.0
2026-01-11,80804137,E556,5,0,0,1,0.0,4,4.0,0.0
2026-01-11,21170683,D767,1,0,0,1,0.0,0,0.0,0.0
2026-01-11,21098519,C937,36,0,0,2,0.0,34,34.0,0.0
2026-01-11,80804133,A680,234,0,0,12,0.0,222,222.0,0.0
2026-01-11,21170691,C816,94,0,0,0,0.0,94,94.0,0.0
2026-01-11,21307836,A668,38,0,5,3,0.0,40,40.0,0.0
2026-01-11,80812154,C819,4,0,0,0,0.0,4,4.0,0.0
2026-01-11,80812841,D767,102,0,0,4,0.0,98,98.0,0.0
2026-01-11,21357021,C816,222,0,0,0,0.0,222,222.0,0.0
2026-01-11,80840976,E569,6,0,0,0,0.0,6,6.0,0.0
2026-01-11,80807090,D901,4,0,1,0,0.0,5,5.0,0.0
2026-01-11,21143103,E569,3,0,0,0,0.0,3,3.0,0.0
2026-01-11,80807115,D767,49,0,0,10,0.0,39,39.0,0.0
2026-01-11,80807102,E556,9,0,9,2,0.0,16,16.0,0.0
2026-01-11,21354246,E568,1,0,0,0,0.0,1,1.0,0.0
2026-01-11,21165868,E569,5,0,0,0,0.0,5,5.0,0.0
2026-01-11,21133493,A672,2919,0,0,112,0.0,2807,2807.0,0.0
2026-01-11,80804127,C937,8,0,0,3,0.0,5,5.0,0.0
2026-01-11,80804138,A680,162,0,0,7,0.0,155,155.0,0.0
2026-01-11,21151196,C816,330,0,0,84,0.0,246,246.0,0.0
2026-01-11,21315352,A672,682,0,0,32,0.0,650,650.0,0.0
2026-01-11,21419490,0386,6,0,0,0,0.0,6,6.0,0.0
2026-01-11,80807093,D901,6,0,0,0,0.0,6,6.0,0.0
2026-01-11,21029016,A668,29,0,0,0,0.0,29,29.0,0.0
2026-01-11,21179704,0386,0,635,0,0,632.0,3,3.0,0.0
2026-01-11,80807095,E569,38,0,0,4,0.0,34,34.0,0.0
2026-01-11,21128067,A668,423,0,0,19,0.0,404,404.0,0.0
2026-01-11,80885920,0386,1,0,0,0,0.0,1,1.0,0.0
2026-01-11,80804136,E564,49,0,0,13,0.0,36,36.0,0.0
2026-01-11,80805852,E564,10,0,0,1,0.0,9,9.0,0.0
2026-01-11,21141769,A672,148,0,0,42,0.0,106,106.0,0.0
2026-01-11,21304907,C816,19,0,0,2,2.0,15,15.0,0.0
2026-01-11,80812846,0386,49,0,0,0,45.0,4,4.0,0.0
2026-01-11,21132758,A672,1434,0,0,87,0.0,1347,1347.0,0.0
2026-01-11,80807110,A672,360,0,0,24,0.0,336,336.0,0.0
2026-01-11,21325164,C937,10,0,0,1,0.0,9,9.0,0.0
2026-01-11,21442422,A680,354,0,0,6,0.0,348,348.0,0.0
2026-01-11,80807116,E569,77,0,0,12,0.0,65,65.0,0.0
2026-01-11,21141769,C810,19,0,0,1,0.0,18,18.0,0.0
2026-01-11,21127730,A668,370,0,0,9,0.0,361,361.0,0.0
2026-01-11,21162696,C819,1,0,0,0,0.0,1,1.0,0.0
2026-01-11,80804128,E568,5,0,0,0,0.0,5,5.0,0.0
2026-01-11,80791223,A668,6,0,0,0,0.0,6,6.0,0.0
2026-01-11,21315474,E568,4,0,0,1,0.0,3,3.0,0.0
2026-01-11,21176384,A715,3,0,0,1,0.0,2,2.0,0.0
2026-01-11,21376841,C816,458,0,0,0,0.0,458,458.0,0.0
2026-01-11,80807110,C810,40,0,0,3,0.0,37,37.0,0.0
2026-01-11,80848025,D901,19,0,0,0,0.0,19,19.0,0.0
2026-01-11,80807102,A715,73,0,0,1,0.0,72,72.0,0.0
2026-01-11,80807119,C937,7,0,0,1,0.0,6,6.0,0.0
2026-01-11,21103372,A715,163,0,0,7,0.0,156,156.0,0.0
2026-01-11,80793613,C816,264,0,0,4,0.0,260,260.0,0.0
2026-01-11,21151196,A673,629,0,0,9,0.0,620,620.0,0.0
2026-01-11,21118867,E556,1,0,0,0,0.0,1,1.0,0.0
2026-01-11,80807118,A672,903,0,0,18,0.0,885,885.0,0.0
2026-01-11,21143110,A680,244,0,61,2,0.0,303,303.0,0.0
2026-01-11,21255844,E569,14,0,0,1,0.0,13,13.0,0.0
2026-01-11,21314602,A672,199,0,0,3,0.0,196,196.0,0.0
2026-01-11,80812839,C819,28,0,0,3,0.0,25,25.0,0.0
2026-01-11,21133312,A680,103,0,0,11,0.0,92,92.0,0.0
2026-01-11,80807089,A680,64,0,0,7,0.0,57,57.0,0.0
2026-01-11,21304907,A673,107,0,0,0,0.0,107,107.0,0.0
2026-01-11,80805856,E564,15,0,0,5,0.0,10,10.0,0.0
2026-01-11,21118864,A672,136,0,0,1,0.0,135,135.0,0.0
2026-01-11,21128067,C563,15,0,0,1,0.0,14,14.0,0.0
2026-01-11,80812841,C816,584,0,0,19,33.0,532,532.0,0.0
2026-01-11,80823707,C816,4,0,0,0,0.0,4,4.0,0.0
2026-01-11,80807118,C810,30,0,4,0,0.0,34,34.0,0.0
2026-01-11,21137866,E556,3,0,0,0,0.0,3,3.0,0.0
2026-01-11,80864470,A680,75,0,0,3,0.0,72,72.0,0.0
2026-01-11,80840975,A680,25,0,0,1,0.0,24,24.0,0.0
2026-01-11,80838164,A716,9,0,0,1,0.0,8,8.0,0.0
2026-01-11,80807115,D191,6,0,0,0,0.0,6,6.0,0.0
2026-01-11,80807092,C937,5,0,0,2,0.0,3,3.0,0.0
2026-01-11,21315350,A673,234,0,0,32,4.0,198,198.0,0.0
2026-01-11,80807091,A716,14,0,0,2,0.0,12,12.0,0.0
2026-01-11,80831843,A672,475,0,0,0,0.0,475,475.0,0.0
2026-01-11,80804134,E569,18,0,0,0,0.0,18,18.0,0.0
2026-01-11,80848027,A716,4,0,0,0,0.0,4,4.0,0.0
2026-01-11,80807097,A716,20,0,0,0,0.0,20,20.0,0.0
2026-01-11,21127730,C563,52,0,0,9,0.0,43,43.0,0.0
2026-01-11,80848023,A680,417,0,0,47,0.0,370,370.0,0.0
2026-01-11,21314875,E564,7,0,0,1,0.0,6,6.0,0.0
2026-01-11,80812154,A680,89,0,0,2,0.0,87,87.0,0.0
2026-01-11,80793613,A673,634,0,0,11,7.0,616,616.0,0.0
2026-01-11,21419485,A668,274,0,0,5,0.0,269,269.0,0.0
2026-01-11,80807115,E568,5,0,0,0,0.0,5,5.0,0.0
2026-01-11,80812099,C937,4,0,0,0,0.0,4,4.0,0.0
2026-01-11,80812840,A668,329,0,0,8,0.0,321,321.0,0.0
2026-01-11,21121752,A716,3,0,0,0,0.0,3,3.0,0.0
2026-01-11,21121756,C819,11,0,5,1,0.0,15,15.0,0.0
2026-01-11,21165816,C816,110,0,0,1,0.0,109,109.0,0.0
2026-01-11,80848022,D901,28,0,0,13,0.0,15,15.0,0.0
2026-01-11,80848021,D767,3,0,0,0,0.0,3,3.0,0.0
2026-01-11,80823707,A673,17,0,0,0,0.0,17,17.0,0.0
2026-01-11,21103372,C816,631,0,0,34,3.0,594,594.0,0.0
2026-01-11,80807090,E569,3,0,0,0,0.0,3,3.0,0.0
2026-01-11,80848027,D901,3,0,0,2,0.0,1,1.0,0.0
2026-01-11,21137866,A715,188,0,0,4,0.0,184,184.0,0.0
2026-01-11,80807112,0386,3,0,0,0,3.0,0,0.0,0.0
2026-01-11,21148509,0386,1,0,0,0,0.0,1,1.0,0.0
2026-01-11,80852695,A716,4,0,0,0,0.0,4,4.0,0.0
2026-01-11,80812099,0386,0,322,0,0,319.0,3,3.0,0.0
2026-01-11,80807093,E569,1,0,0,0,0.0,1,1.0,0.0
2026-01-11,80812845,E295,114,0,0,16,0.0,98,98.0,0.0
2026-01-11,21162696,A680,24,0,0,0,0.0,24,24.0,0.0
2026-01-11,21170686,A716,15,0,0,0,0.0,15,15.0,0.0
2026-01-11,21128377,D901,96,0,0,4,0.0,92,92.0,0.0
2026-01-11,80804131,A680,4,0,0,1,0.0,3,3.0,0.0
2026-01-11,21269899,C819,4,0,0,0,0.0,4,4.0,0.0
2026-01-11,21170683,A672,265,0,0,0,0.0,265,265.0,0.0
2026-01-11,21103371,A715,92,0,0,2,0.0,90,90.0,0.0
2026-01-11,21291975,E569,7,0,0,0,0.0,7,7.0,0.0
2026-01-11,21165816,A673,292,0,0,2,2.0,288,288.0,0.0
2026-01-11,80807102,A673,624,0,0,31,8.0,585,585.0,0.0
2026-01-11,80804133,A715,81,0,0,1,0.0,80,80.0,0.0
2026-01-11,21103372,A673,587,0,0,38,0.0,549,549.0,0.0
2026-01-11,80812839,A680,179,0,0,7,0.0,172,172.0,0.0
2026-01-11,80848025,E569,3,0,0,1,0.0,2,2.0,0.0
2026-01-11,21301637,A716,46,0,0,0,0.0,46,46.0,0.0
2026-01-11,21357275,C937,4,0,0,0,0.0,4,4.0,0.0
2026-01-11,80805852,E569,6,0,0,1,0.0,5,5.0,0.0
2026-01-11,21170686,D901,8,0,1,1,0.0,8,8.0,0.0
2026-01-11,21132758,C937,6,0,0,4,0.0,2,2.0,0.0
2026-01-11,80804129,C937,13,0,0,0,0.0,13,13.0,0.0
2026-01-11,80804703,E564,2,0,1,0,0.0,3,3.0,0.0
2026-01-11,21143102,A672,580,0,0,18,0.0,562,562.0,0.0
2026-01-11,80795933,A716,4,0,0,0,0.0,4,4.0,0.0
2026-01-11,80838163,C816,5,0,0,0,0.0,5,5.0,0.0
2026-01-11,80812845,C816,264,0,0,20,7.0,237,237.0,0.0
2026-01-11,21151196,A668,371,0,0,29,0.0,342,342.0,0.0
2026-01-11,21098519,E564,24,0,0,1,0.0,23,23.0,0.0
2026-01-11,80804138,A715,141,0,0,7,0.0,134,134.0,0.0
2026-01-11,21139445,A680,68,0,0,3,0.0,65,65.0,0.0
2026-01-11,21179704,E564,1,0,0,0,0.0,1,1.0,0.0
2026-01-11,80804132,C937,53,0,0,4,0.0,49,49.0,0.0
2026-01-11,21132988,C819,6,0,0,1,0.0,5,5.0,0.0
2026-01-11,21421149,C816,207,0,0,5,0.0,202,202.0,0.0
2026-01-11,80848024,C937,3,0,0,0,0.0,3,3.0,0.0
2026-01-11,80807089,E556,9,0,1,0,0.0,10,10.0,0.0
2026-01-11,21132758,0386,4,1886,0,0,1886.0,4,4.0,0.0
2026-01-11,21304907,A668,14,0,0,0,0.0,14,14.0,0.0
2026-01-11,21143102,C810,2,0,0,0,0.0,2,2.0,0.0
2026-01-11,21301637,D901,42,0,0,0,0.0,42,42.0,0.0
2026-01-11,80848028,A680,75,0,0,5,0.0,70,70.0,0.0
2026-01-11,80807110,0386,2,0,0,0,0.0,2,2.0,0.0
2026-01-11,80812846,E564,43,0,2,6,0.0,39,39.0,0.0
2026-01-11,80805850,C816,61,0,0,1,0.0,60,60.0,0.0
2026-01-11,80804702,A716,4,0,0,0,0.0,4,4.0,0.0
2026-01-11,80807118,C937,9,0,0,2,0.0,7,7.0,0.0
2026-01-11,21314593,E564,2,0,0,0,0.0,2,2.0,0.0
2026-01-11,80804703,D901,5,0,8,1,0.0,12,12.0,0.0
2026-01-11,80864470,E556,4,0,13,2,0.0,15,15.0,0.0
2026-01-11,21442422,A715,709,0,0,0,0.0,709,709.0,0.0
2026-01-11,21121751,D767,19,0,0,3,0.0,16,16.0,0.0
2026-01-11,21421148,A672,488,0,0,5,0.0,483,483.0,0.0
2026-01-11,21121756,A680,30,0,0,3,0.0,27,27.0,0.0
2026-01-11,21315350,A668,132,0,0,11,0.0,121,121.0,0.0
2026-01-11,80807091,C819,5,0,0,0,0.0,5,5.0,0.0
2026-01-11,80838163,A673,3,0,0,0,0.0,3,3.0,0.0
2026-01-11,80807118,0386,1,0,0,0,0.0,1,1.0,0.0
2026-01-11,21170691,C937,4,0,0,0,0.0,4,4.0,0.0
2026-01-11,80804137,A672,226,0,0,38,0.0,188,188.0,0.0
2026-01-11,80838164,E569,2,0,0,0,0.0,2,2.0,0.0
2026-01-11,80812845,A673,1194,0,0,114,0.0,1080,1080.0,0.0
2026-01-11,80793613,A668,59,0,0,1,0.0,58,58.0,0.0
2026-01-11,80812154,E556,24,0,10,1,0.0,33,33.0,0.0
2026-01-11,21442897,A672,287,0,0,24,0.0,263,263.0,0.0
2026-01-11,80812845,E467,38,0,0,4,0.0,34,34.0,0.0
2026-01-11,80804133,C816,469,0,0,21,16.0,432,432.0,0.0
2026-01-11,21118864,0386,4,0,0,0,0.0,4,4.0,0.0
2026-01-11,21143110,A715,36,0,0,1,0.0,35,35.0,0.0
2026-01-11,21314593,D901,0,0,36,3,0.0,33,33.0,0.0
2026-01-11,80848022,E569,33,0,0,5,0.0,28,28.0,0.0
2026-01-11,21133312,A715,105,0,0,10,0.0,95,95.0,0.0
2026-01-11,80807089,A715,209,0,0,1,0.0,208,208.0,0.0
2026-01-11,80863646,C816,30,0,0,1,0.0,29,29.0,0.0
2026-01-11,80804137,C810,13,0,0,0,0.0,13,13.0,0.0
2026-01-11,80805850,A673,122,0,0,1,0.0,121,121.0,0.0
2026-01-11,80804128,C937,2,0,0,1,0.0,1,1.0,0.0
2026-01-11,80807105,A716,208,0,0,10,0.0,198,198.0,0.0
2026-01-11,21142556,C816,203,0,0,13,0.0,190,190.0,0.0
2026-01-11,21315474,C937,22,0,0,0,0.0,22,22.0,0.0
2026-01-11,80807122,C819,1,0,0,0,0.0,1,1.0,0.0
2026-01-11,80804138,C816,85,0,0,9,7.0,69,69.0,0.0
2026-01-11,80864470,A715,58,0,0,5,0.0,53,53.0,0.0
2026-01-11,80840975,A715,11,0,0,1,0.0,10,10.0,0.0
2026-01-11,80807114,A716,26,0,0,0,0.0,26,26.0,0.0
2026-01-11,21143110,E295,112,0,0,27,0.0,85,85.0,0.0
2026-01-11,21128377,E569,6,0,0,0,0.0,6,6.0,0.0
2026-01-11,21162696,E556,2,0,18,3,0.0,17,17.0,0.0
2026-01-11,80848023,A715,33,0,0,10,0.0,23,23.0,0.0
2026-01-11,80812154,A715,205,0,0,4,0.0,201,201.0,0.0
2026-01-11,80804133,A673,1499,0,1,30,26.0,1444,1444.0,0.0
2026-01-11,21414747,A680,464,0,0,8,0.0,456,456.0,0.0
2026-01-11,80804130,A672,312,0,0,51,0.0,261,261.0,0.0
2026-01-11,80804133,E467,27,0,0,2,0.0,25,25.0,0.0
2026-01-11,21113405,C819,14,0,0,1,0.0,13,13.0,0.0
2026-01-11,80807092,E564,40,0,1,3,0.0,38,38.0,0.0
2026-01-11,80807114,D901,5,0,9,7,0.0,7,7.0,0.0
2026-01-11,21463645,A672,270,0,0,0,0.0,270,270.0,0.0
2026-01-11,21176384,A668,41,0,0,2,0.0,39,39.0,0.0
2026-01-11,21366842,A680,88,0,0,0,0.0,88,88.0,0.0
2026-01-11,21171453,C819,4,0,0,0,0.0,4,4.0,0.0
2026-01-11,80840976,D767,14,0,0,1,0.0,13,13.0,0.0
2026-01-11,21165816,A668,78,0,0,4,0.0,74,74.0,0.0
2026-01-11,80807102,A668,249,0,0,14,0.0,235,235.0,0.0
2026-01-11,21170686,E569,5,0,0,0,0.0,5,5.0,0.0
2026-01-11,21103372,A668,289,0,0,25,0.0,264,264.0,0.0
2026-01-11,80804130,C810,6,0,0,0,0.0,6,6.0,0.0
2026-01-11,80804138,A673,199,0,0,21,0.0,178,178.0,0.0
2026-01-11,21170683,C937,7,0,0,0,0.0,7,7.0,0.0
2026-01-11,80807112,E564,52,0,15,4,0.0,63,63.0,0.0
2026-01-11,21148509,E564,35,0,23,1,0.0,57,57.0,0.0
2026-01-11,80812099,E564,9,0,0,0,0.0,9,9.0,0.0
2026-01-11,80807095,D767,41,0,0,5,0.0,36,36.0,0.0
2026-01-11,21133312,C816,116,0,0,19,0.0,97,97.0,0.0
2026-01-11,80807120,A672,1070,0,0,17,0.0,1053,1053.0,0.0
2026-01-11,80812841,C937,12,0,0,6,0.0,6,6.0,0.0
2026-01-11,21128067,A716,195,0,0,6,0.0,189,189.0,0.0
2026-01-11,80807115,C937,6,0,0,6,0.0,0,0.0,0.0
2026-01-11,80804704,A680,35,0,0,18,0.0,17,17.0,0.0
2026-01-11,80863643,C816,61,0,0,0,0.0,61,61.0,0.0
2026-01-11,21301637,E569,14,0,0,0,0.0,14,14.0,0.0
2026-01-11,21162696,A715,4,0,0,0,0.0,4,4.0,0.0
2026-01-11,80793615,C816,460,0,0,3,0.0,457,457.0,0.0
2026-01-11,80804701,A672,27,0,0,7,0.0,20,20.0,0.0
2026-01-11,21170683,0386,0,979,0,0,976.0,3,3.0,0.0
2026-01-11,80864470,C816,196,0,86,7,8.0,267,267.0,0.0
2026-01-11,21442422,A673,1243,0,0,56,0.0,1187,1187.0,0.0
2026-01-11,80840975,C816,27,0,0,3,0.0,24,24.0,0.0
2026-01-11,80884850,A716,47,0,0,1,0.0,46,46.0,0.0
2026-01-11,80807120,C810,24,0,0,1,0.0,23,23.0,0.0
2026-01-11,21143102,C937,14,0,0,0,0.0,14,14.0,0.0
2026-01-11,80807091,A680,59,0,0,4,0.0,55,55.0,0.0
2026-01-11,80848028,E556,4,0,0,1,0.0,3,3.0,0.0
2026-01-11,80804131,A715,8,0,0,0,0.0,8,8.0,0.0
2026-01-11,21127799,E556,117,0,0,4,0.0,113,113.0,0.0
2026-01-11,80864469,D767,8,0,0,1,0.0,7,7.0,0.0
2026-01-11,80804705,D767,10,0,2,6,0.0,6,6.0,0.0
2026-01-11,80807112,D901,121,0,12,0,0.0,133,133.0,0.0
2026-01-11,21127730,A716,37,0,0,0,0.0,37,37.0,0.0
2026-01-11,80804701,C810,19,0,13,0,0.0,32,32.0,0.0
2026-01-11,21138340,C816,81,0,0,3,0.0,78,78.0,0.0
2026-01-11,80791223,A716,14,0,0,0,0.0,14,14.0,0.0
2026-01-11,21179704,E569,2,0,0,0,0.0,2,2.0,0.0
2026-01-11,21128067,D901,94,0,18,18,0.0,94,94.0,0.0
2026-01-11,80848023,C816,539,0,0,31,7.0,501,501.0,0.0
2026-01-11,80812839,A715,95,0,0,3,0.0,92,92.0,0.0
2026-01-11,80807100,C816,276,0,0,10,42.0,224,224.0,0.0
2026-01-11,21121756,E556,5,0,4,0,0.0,9,9.0,0.0
2026-01-11,21103371,A672,426,0,300,0,0.0,726,726.0,0.0
2026-01-11,80838165,A672,15,0,0,2,0.0,13,13.0,0.0
2026-01-11,80851898,D767,8,0,0,0,0.0,8,8.0,0.0
2026-01-11,21143110,A673,203,0,0,3,2.0,198,198.0,0.0
2026-01-11,21133312,A673,366,0,0,23,0.0,343,343.0,0.0
2026-01-11,21315352,E564,2,0,0,0,0.0,2,2.0,0.0
2026-01-11,80812845,A668,666,0,0,41,0.0,625,625.0,0.0
2026-01-11,21314593,E569,1,0,0,1,0.0,0,0.0,0.0
2026-01-11,80807113,C819,3,0,0,1,0.0,2,2.0,0.0
2026-01-11,80863643,A673,132,0,0,0,0.0,132,132.0,0.0
2026-01-11,80807096,A672,36,0,0,36,0.0,0,0.0,0.0
2026-01-11,21127730,D901,13,0,2,2,0.0,13,13.0,0.0
2026-01-11,21141769,E564,0,0,10,1,0.0,9,9.0,0.0
2026-01-11,21275914,C816,295,0,0,0,0.0,295,295.0,0.0
2026-01-11,21139445,A715,131,0,0,7,0.0,124,124.0,0.0
2026-01-11,21103371,C810,76,0,163,21,0.0,218,218.0,0.0
2026-01-11,21137866,A668,299,0,0,43,0.0,256,256.0,0.0
2026-01-11,80864470,A673,242,0,0,44,0.0,198,198.0,0.0
2026-01-11,80840975,A673,15,0,0,0,0.0,15,15.0,0.0
2026-01-11,21132758,E564,27,0,0,3,0.0,24,24.0,0.0
2026-01-11,80864470,E467,3,0,0,1,0.0,2,2.0,0.0
2026-01-11,80804135,A672,877,0,0,4,0.0,873,873.0,0.0
2026-01-11,80848028,A715,12,0,0,10,0.0,2,2.0,0.0
2026-01-11,80807110,E564,59,0,0,9,0.0,50,50.0,0.0
2026-01-11,80884848,A680,42,0,0,1,0.0,41,41.0,0.0
2026-01-11,80884852,A680,51,0,0,3,0.0,48,48.0,0.0
2026-01-11,21155895,D767,10,0,0,0,0.0,10,10.0,0.0
2026-01-11,21113405,A680,65,0,0,2,0.0,63,63.0,0.0
2026-01-11,80868100,A673,64,0,0,3,0.0,61,61.0,0.0
2026-01-11,80848023,A673,941,0,0,40,0.0,901,901.0,0.0
2026-01-11,80804135,C810,6,0,0,0,0.0,6,6.0,0.0
2026-01-11,80807100,A673,153,0,0,28,0.0,125,125.0,0.0
2026-01-11,21171453,A680,36,0,0,2,0.0,34,34.0,0.0
2026-01-11,80840976,E568,4,0,0,0,0.0,4,4.0,0.0
2026-01-11,21121756,A715,34,0,0,1,0.0,33,33.0,0.0
2026-01-11,80868101,A673,6,0,0,6,0.0,0,0.0,0.0
2026-01-11,80804137,0386,1,0,0,0,0.0,1,1.0,0.0
2026-01-11,21442897,0386,2,0,0,0,0.0,2,2.0,0.0
2026-01-11,21419485,A716,274,0,0,0,0.0,274,274.0,0.0
2026-01-11,80807118,E564,37,0,16,11,0.0,42,42.0,0.0
2026-01-11,80807110,D901,63,0,0,38,0.0,25,25.0,0.0
2026-01-11,21314602,E564,6,0,0,1,0.0,5,5.0,0.0
2026-01-11,80807114,E569,7,0,0,1,0.0,6,6.0,0.0
2026-01-11,80864469,C816,84,0,0,9,11.0,64,64.0,0.0
2026-01-11,80804133,A668,678,0,0,49,0.0,629,629.0,0.0
2026-01-11,80812840,A716,245,0,0,4,0.0,241,241.0,0.0
2026-01-11,80804705,C816,81,0,2855,20,1052.0,1864,1864.0,0.0
2026-01-11,80807095,E568,9,0,0,1,0.0,8,8.0,0.0
2026-01-11,80812839,C816,202,0,0,26,0.0,176,176.0,0.0
2026-01-11,80838161,C816,5,0,0,0,0.0,5,5.0,0.0
2026-01-11,80863646,A668,2,0,0,2,0.0,0,0.0,0.0
2026-01-11,21428668,C816,3203,0,0,16,6.0,3181,3181.0,0.0
2026-01-11,80807119,C819,15,0,0,0,0.0,15,15.0,0.0
2026-01-11,21137866,C563,39,0,0,3,0.0,36,36.0,0.0
2026-01-11,21132988,E556,1,0,0,0,0.0,1,1.0,0.0
2026-01-11,21314595,A680,11,0,0,1,0.0,10,10.0,0.0
2026-01-11,21325292,A680,142,0,0,3,0.0,139,139.0,0.0
2026-01-11,80851898,C816,416,0,0,1,0.0,415,415.0,0.0
2026-01-11,80804138,A668,99,0,0,7,0.0,92,92.0,0.0
2026-01-11,21314594,C810,9,0,0,0,0.0,9,9.0,0.0
2026-01-11,80848021,C937,2,0,0,0,0.0,2,2.0,0.0
2026-01-11,80864469,E568,3,0,0,0,0.0,3,3.0,0.0
2026-01-11,21269899,A715,10,0,0,0,0.0,10,10.0,0.0
2026-01-11,80804705,E568,5,0,0,1,0.0,4,4.0,0.0
2026-01-11,21422791,0386,3,0,0,0,0.0,3,3.0,0.0
2026-01-11,21118864,D901,1,0,0,0,0.0,1,1.0,0.0
2026-01-11,21434952,A680,193,0,0,0,0.0,193,193.0,0.0
2026-01-11,80804131,A673,3,0,0,3,0.0,0,0.0,0.0
2026-01-11,21165946,A672,502,0,0,14,0.0,488,488.0,0.0
2026-01-11,21419500,0386,1,0,0,0,0.0,1,1.0,0.0
2026-01-11,80804130,0386,3,0,0,0,0.0,3,3.0,0.0
2026-01-11,80812103,A680,98,0,0,2,0.0,96,96.0,0.0
2026-01-11,80795932,A680,9,0,0,0,0.0,9,9.0,0.0
2026-01-11,80851898,E568,1,0,0,1,0.0,0,0.0,0.0
2026-01-11,21442422,A668,308,0,0,33,0.0,275,275.0,0.0
2026-01-11,80807112,E569,22,0,0,3,0.0,19,19.0,0.0
2026-01-11,21103371,C563,40,0,0,2,0.0,38,38.0,0.0
2026-01-11,21148509,E569,1,0,0,1,0.0,0,0.0,0.0
2026-01-11,80812110,C816,6,0,0,6,0.0,0,0.0,0.0
2026-01-11,21463645,0386,2,0,0,0,0.0,2,2.0,0.0
2026-01-11,80807091,E556,6,0,0,2,0.0,4,4.0,0.0
2026-01-11,21414747,A715,314,0,0,3,0.0,311,311.0,0.0
2026-01-11,80812839,A673,1101,0,0,53,0.0,1048,1048.0,0.0
2026-01-11,80838161,A673,6,0,0,0,0.0,6,6.0,0.0
2026-01-11,80807097,E556,8,0,11,2,0.0,17,17.0,0.0
2026-01-11,21029016,E569,12,0,0,0,0.0,12,12.0,0.0
2026-01-11,21143103,A672,224,0,0,0,0.0,224,224.0,0.0
2026-01-11,80804136,D767,40,0,0,1,0.0,39,39.0,0.0
2026-01-11,80848025,D767,2,0,0,0,0.0,2,2.0,0.0
2026-01-11,21165946,C810,5,0,0,0,0.0,5,5.0,0.0
2026-01-11,21128067,E569,8,0,0,0,0.0,8,8.0,0.0
2026-01-11,21121756,C816,164,0,0,11,3.0,150,150.0,0.0
2026-01-11,21428668,A673,659,0,0,54,0.0,605,605.0,0.0
2026-01-11,80807113,A680,187,0,0,8,0.0,179,179.0,0.0
2026-01-11,21165868,A672,120,0,0,4,0.0,116,116.0,0.0
2026-01-11,80804699,C937,3,0,0,0,0.0,3,3.0,0.0
2026-01-11,80831843,D901,81,0,0,0,0.0,81,81.0,0.0
2026-01-11,21366842,A715,122,0,0,0,0.0,122,122.0,0.0
2026-01-11,21377091,A680,308,0,0,0,0.0,308,308.0,0.0
2026-01-11,80807117,A680,7,0,0,1,0.0,6,6.0,0.0
2026-01-11,21121752,E556,0,0,10,1,0.0,9,9.0,0.0
2026-01-11,21143103,C810,1,0,0,0,0.0,1,1.0,0.0
2026-01-11,21139445,A673,298,0,18,35,0.0,281,281.0,0.0
2026-01-11,21442896,C816,644,0,0,0,57.0,587,587.0,0.0
2026-01-11,21143110,A668,470,0,0,6,0.0,464,464.0,0.0
2026-01-11,21165868,C810,28,0,0,1,0.0,27,27.0,0.0
2026-01-11,21133312,A668,137,0,0,15,0.0,122,122.0,0.0
2026-01-11,21151196,A716,131,0,0,6,0.0,125,125.0,0.0
2026-01-11,80807089,A668,35,0,66,9,0.0,92,92.0,0.0
2026-01-11,21155895,E568,1,0,0,0,0.0,1,1.0,0.0
2026-01-11,21434954,C816,236,0,0,0,0.0,236,236.0,0.0
2026-01-11,80848029,D767,13,0,0,0,0.0,13,13.0,0.0
2026-01-11,80804701,0386,2,0,0,0,0.0,2,2.0,0.0
2026-01-11,80848028,E467,3,0,0,1,0.0,2,2.0,0.0
2026-01-11,80807116,A672,501,0,0,105,0.0,396,396.0,0.0
2026-01-11,21304907,A716,3,0,0,0,0.0,3,3.0,0.0
2026-01-11,80838165,C937,4,0,0,0,0.0,4,4.0,0.0
2026-01-11,21170683,E564,24,0,0,2,0.0,22,22.0,0.0
2026-01-11,80864470,A668,29,0,0,2,0.0,27,27.0,0.0
2026-01-11,80840975,A668,13,0,0,1,0.0,12,12.0,0.0
2026-01-11,80807091,A715,17,0,0,0,0.0,17,17.0,0.0
2026-01-11,21121756,A673,84,0,0,12,0.0,72,72.0,0.0
2026-01-11,80807116,C810,15,0,110,4,0.0,121,121.0,0.0
2026-01-11,21113405,E556,7,0,4,0,0.0,11,11.0,0.0
2026-01-11,21315350,A716,0,0,91,2,0.0,89,89.0,0.0
2026-01-11,80804704,E295,22,0,0,1,0.0,21,21.0,0.0
2026-01-11,80812154,A668,31,0,0,0,0.0,31,31.0,0.0
2026-01-11,80848023,A668,471,0,0,7,0.0,464,464.0,0.0
2026-01-11,21255844,A672,39,0,0,3,0.0,36,36.0,0.0
2026-01-11,80807100,A668,36,0,0,5,0.0,31,31.0,0.0
2026-01-11,21143102,E564,6,0,0,0,0.0,6,6.0,0.0
2026-01-11,21414747,C816,204,0,0,13,0.0,191,191.0,0.0
2026-01-11,21442896,A673,386,0,0,57,0.0,329,329.0,0.0
2026-01-11,80807119,A680,43,0,0,0,0.0,43,43.0,0.0
2026-01-11,80807110,E569,55,0,0,8,0.0,47,47.0,0.0
2026-01-11,21307836,A680,7,0,0,5,0.0,2,2.0,0.0
2026-01-11,80807096,0386,16,0,0,0,5.0,11,11.0,0.0
2026-01-11,80848022,D767,22,0,0,0,0.0,22,22.0,0.0
2026-01-11,80807122,A715,19,0,0,0,0.0,19,19.0,0.0
2026-01-11,21434954,A673,686,0,0,0,0.0,686,686.0,0.0
2026-01-11,21143110,C563,29,0,0,3,0.0,26,26.0,0.0
2026-01-11,80804136,C816,390,0,298,41,123.0,524,524.0,0.0
2026-01-11,80838162,A680,5,0,0,2,0.0,3,3.0,0.0
2026-01-11,80804136,D191,2,0,0,1,0.0,1,1.0,0.0
2026-01-11,80804135,0386,1,0,0,0,0.0,1,1.0,0.0
2026-01-11,80793614,A672,14,0,0,0,0.0,14,14.0,0.0
2026-01-11,21315350,D901,72,0,0,3,0.0,69,69.0,0.0
2026-01-11,21269899,A673,1,0,0,1,0.0,0,0.0,0.0
2026-01-11,80804129,C819,18,0,0,0,0.0,18,18.0,0.0
2026-01-11,80804134,A672,411,0,0,28,0.0,383,383.0,0.0
2026-01-11,80884848,A715,174,0,0,0,0.0,174,174.0,0.0
2026-01-11,80812840,E569,4,0,0,0,0.0,4,4.0,0.0
2026-01-11,21314602,E569,16,0,0,2,0.0,14,14.0,0.0
2026-01-11,21325292,E556,38,0,1,5,0.0,34,34.0,0.0
2026-01-11,21162696,A668,29,0,0,5,0.0,24,24.0,0.0
2026-01-11,80848024,C819,15,0,0,2,0.0,13,13.0,0.0
2026-01-11,80884852,A715,121,0,0,1,0.0,120,120.0,0.0
2026-01-11,21113405,A715,31,0,0,1,0.0,30,30.0,0.0
2026-01-11,21472283,C816,371,0,0,0,0.0,371,371.0,0.0
2026-01-11,80848029,C816,646,0,0,29,0.0,617,617.0,0.0
2026-01-11,80848029,D191,6,0,0,0,0.0,6,6.0,0.0
2026-01-11,80804134,C810,56,0,0,5,0.0,51,51.0,0.0
2026-01-11,21414747,A673,1170,0,0,27,0.0,1143,1143.0,0.0
2026-01-11,21127799,A672,1315,0,0,33,0.0,1282,1282.0,0.0
2026-01-11,21171453,A715,3,0,0,0,0.0,3,3.0,0.0
2026-01-11,80804131,A668,2,0,0,1,0.0,1,1.0,0.0
2026-01-11,80804137,E564,37,0,22,9,0.0,50,50.0,0.0
2026-01-11,80848026,D767,32,0,0,17,0.0,15,15.0,0.0
2026-01-11,80812103,E556,11,0,1,1,0.0,11,11.0,0.0
2026-01-11,80804136,A673,1203,0,0,73,0.0,1130,1130.0,0.0
2026-01-11,21132988,A673,363,0,38,49,23.0,329,329.0,0.0
2026-01-11,21416910,C816,539,0,0,0,0.0,539,539.0,0.0
2026-01-11,80812839,A668,381,0,0,18,0.0,363,363.0,0.0
2026-01-11,80805856,C816,232,0,0,22,0.0,210,210.0,0.0
2026-01-11,21165816,A716,1,0,0,0,0.0,1,1.0,0.0
2026-01-11,80807093,A672,372,0,0,1,0.0,371,371.0,0.0
2026-01-11,80807102,A716,12,0,0,2,0.0,10,10.0,0.0
2026-01-11,80848029,E568,3,0,0,0,0.0,3,3.0,0.0
2026-01-11,80807113,E556,7,0,5,1,0.0,11,11.0,0.0
2026-01-11,21352461,C816,499,0,0,7,0.0,492,492.0,0.0
2026-01-11,21103372,A716,68,0,0,8,0.0,60,60.0,0.0
2026-01-11,21275914,C937,122,0,0,2,0.0,120,120.0,0.0
2026-01-11,80804137,D901,4,0,0,1,0.0,3,3.0,0.0
2026-01-11,21325292,A715,226,0,0,6,0.0,220,220.0,0.0
2026-01-11,80840976,C937,3,0,0,0,0.0,3,3.0,0.0
2026-01-11,21143103,C937,7,0,0,0,0.0,7,7.0,0.0
2026-01-11,21139445,A668,0,0,106,0,0.0,106,106.0,0.0
2026-01-11,80807093,C810,87,0,0,2,0.0,85,85.0,0.0
2026-01-11,80848029,A673,529,0,93,15,48.0,559,559.0,0.0
2026-01-11,21165946,0386,1225,0,0,0,0.0,1225,1225.0,0.0
2026-01-11,80805856,E568,4,0,0,0,0.0,4,4.0,0.0
2026-01-11,80863645,A715,6,0,0,1,0.0,5,5.0,0.0
2026-01-11,21151196,C819,5,0,0,0,0.0,5,5.0,0.0
2026-01-11,21176384,D901,0,0,10,1,0.0,9,9.0,0.0
2026-01-11,80812338,E569,5,0,0,0,0.0,5,5.0,0.0
2026-01-11,21434952,A715,56,0,0,2,0.0,54,54.0,0.0
2026-01-11,80807095,C937,39,0,0,6,0.0,33,33.0,0.0
2026-01-11,80807102,D901,151,0,17,5,0.0,163,163.0,0.0
2026-01-11,80804130,E564,17,0,0,6,0.0,11,11.0,0.0
2026-01-11,80812103,A715,27,0,0,0,0.0,27,27.0,0.0
2026-01-11,80795932,A715,8,0,0,1,0.0,7,7.0,0.0
2026-01-11,80884852,C816,358,0,0,2,0.0,356,356.0,0.0
2026-01-11,21098519,D767,21,0,0,1,0.0,20,20.0,0.0
2026-01-11,21143103,0386,0,611,0,0,608.0,3,3.0,0.0
2026-01-11,80805856,A673,394,0,266,58,0.0,602,602.0,0.0
2026-01-11,21179704,D767,10,0,0,0,0.0,10,10.0,0.0
2026-01-11,80848022,E568,11,0,0,1,0.0,10,10.0,0.0
2026-01-11,80804706,C937,1,0,0,0,0.0,1,1.0,0.0
2026-01-11,21121756,A668,54,0,0,13,0.0,41,41.0,0.0
2026-01-11,80807113,A715,117,0,0,2,0.0,115,115.0,0.0
2026-01-11,80864469,C937,9,0,0,0,0.0,9,9.0,0.0
2026-01-11,21304907,E569,7,0,0,1,0.0,6,6.0,0.0
2026-01-11,80804705,C937,21,0,0,3,0.0,18,18.0,0.0
2026-01-11,80812846,D767,17,0,0,6,0.0,11,11.0,0.0
2026-01-11,21314875,E568,4,0,0,0,0.0,4,4.0,0.0
2026-01-11,21377091,A715,215,0,0,0,0.0,215,215.0,0.0
2026-01-11,80807117,A715,275,0,0,1,0.0,274,274.0,0.0
2026-01-11,80804129,A680,220,0,0,1,0.0,219,219.0,0.0
2026-01-11,80807120,E564,43,0,15,2,0.0,56,56.0,0.0
2026-01-11,21314593,D767,12,0,1,1,0.0,12,12.0,0.0
2026-01-11,80848026,C816,1135,0,0,33,20.0,1082,1082.0,0.0
2026-01-11,80848026,D191,15,0,0,0,0.0,15,15.0,0.0
2026-01-11,21442896,A668,0,0,38,4,0.0,34,34.0,0.0
2026-01-11,80812845,A716,35,0,0,9,0.0,26,26.0,0.0
2026-01-11,80848031,A668,13,0,0,0,0.0,13,13.0,0.0
2026-01-11,80804127,A715,12,0,0,3,0.0,9,9.0,0.0
2026-01-11,80807116,0386,5,0,0,0,0.0,5,5.0,0.0
2026-01-11,80851898,C937,2,0,0,1,0.0,1,1.0,0.0
2026-01-11,80804701,E564,5,0,0,1,0.0,4,4.0,0.0
2026-01-11,21137866,A716,68,0,0,21,0.0,47,47.0,0.0
2026-01-11,21255844,C937,73,0,0,13,0.0,60,60.0,0.0
2026-01-11,21315350,E569,29,0,0,1,0.0,28,28.0,0.0
2026-01-11,80884848,A673,58,0,0,1,0.0,57,57.0,0.0
2026-01-11,21314595,C816,1151,0,0,18,0.0,1133,1133.0,0.0
2026-01-11,80884852,A673,160,0,0,0,0.0,160,160.0,0.0
2026-01-11,80848026,E568,7,0,0,4,0.0,3,3.0,0.0
2026-01-11,80812841,C819,22,0,2,4,0.0,20,20.0,0.0
2026-01-11,21325164,A715,1,0,0,0,0.0,1,1.0,0.0
2026-01-11,21171453,A673,116,0,0,1,1.0,114,114.0,0.0
2026-01-11,80807115,C819,17,0,1,0,0.0,18,18.0,0.0
2026-01-11,21434952,C816,167,0,0,0,0.0,167,167.0,0.0
2026-01-11,21303404,A672,4,0,0,2,0.0,2,2.0,0.0
2026-01-11,80812110,C937,4,0,0,0,0.0,4,4.0,0.0
2026-01-11,21137866,D901,59,0,0,16,0.0,43,43.0,0.0
2026-01-11,21103371,E564,11,0,0,0,0.0,11,11.0,0.0
2026-01-11,80804698,E569,4,0,0,1,0.0,3,3.0,0.0
2026-01-11,80804701,D901,8,0,0,4,0.0,4,4.0,0.0
2026-01-11,21155895,C937,12,0,0,1,0.0,11,11.0,0.0
2026-01-11,80807091,A672,224,0,0,22,0.0,202,202.0,0.0
2026-01-11,80848026,A673,3348,0,0,319,127.0,2902,2902.0,0.0
2026-01-11,80891759,C816,3,0,0,1,0.0,2,2.0,0.0
2026-01-11,21414747,A668,335,0,0,16,0.0,319,319.0,0.0
2026-01-11,80848027,A672,3,0,0,3,0.0,0,0.0,0.0
2026-01-11,80807097,A672,624,0,0,30,0.0,594,594.0,0.0
2026-01-11,21170691,A680,38,0,0,1,0.0,37,37.0,0.0
2026-01-11,80807119,A715,200,0,3,1,0.0,202,202.0,0.0
2026-01-11,21098519,C816,964,0,0,28,2.0,934,934.0,0.0
2026-01-11,21357021,A680,164,0,0,0,0.0,164,164.0,0.0
2026-01-11,21307836,A715,60,0,0,2,0.0,58,58.0,0.0
2026-01-11,80804133,A716,277,0,3,14,0.0,266,266.0,0.0
2026-01-11,21098519,D191,2,0,0,0,0.0,2,2.0,0.0
2026-01-11,21366842,A668,68,0,0,0,0.0,68,68.0,0.0
2026-01-11,21132988,A668,140,0,0,0,0.0,140,140.0,0.0
2026-01-11,80807091,C810,9,0,0,0,0.0,9,9.0,0.0
2026-01-11,21121752,A672,133,0,0,4,0.0,129,129.0,0.0
2026-01-11,80804135,E564,38,0,0,0,0.0,38,38.0,0.0
2026-01-11,80807097,C810,1,0,0,0,0.0,1,1.0,0.0
2026-01-11,21151196,A680,296,0,0,22,0.0,274,274.0,0.0
2026-01-11,80804134,0386,5,0,0,0,0.0,5,5.0,0.0
2026-01-11,80812846,C816,138,0,51,12,7.0,170,170.0,0.0
2026-01-11,80804137,E569,5,0,0,1,0.0,4,4.0,0.0
2026-01-11,21103371,D901,111,0,8,0,0.0,119,119.0,0.0
2026-01-11,21315474,A680,0,0,144,6,0.0,138,138.0,0.0
2026-01-11,80807092,D767,13,0,0,1,0.0,12,12.0,0.0
2026-01-11,80807090,C937,5,0,0,0,0.0,5,5.0,0.0
2026-01-11,80804127,C816,286,0,0,32,0.0,254,254.0,0.0
2026-01-11,80804138,A716,27,0,0,1,0.0,26,26.0,0.0
2026-01-11,80807122,A672,15,0,0,12,0.0,3,3.0,0.0
2026-01-11,21128377,A672,629,0,1,35,0.0,595,595.0,0.0
2026-01-11,21434952,A673,422,0,0,16,0.0,406,406.0,0.0
2026-01-11,21098519,E568,3,0,0,0,0.0,3,3.0,0.0
2026-01-11,80852695,A672,4,0,0,1,0.0,3,3.0,0.0
2026-01-11,80804704,A668,0,0,382,30,0.0,352,352.0,0.0
2026-01-11,21176384,E569,5,0,0,0,0.0,5,5.0,0.0
2026-01-11,21179704,E568,3,0,0,0,0.0,3,3.0,0.0
2026-01-11,21137621,C816,710,0,0,0,0.0,710,710.0,0.0
2026-01-11,21127800,C816,104,0,0,4,0.0,100,100.0,0.0
2026-01-11,80795932,A673,46,0,0,5,0.0,41,41.0,0.0
2026-01-11,80807102,E569,39,0,0,7,0.0,32,32.0,0.0
2026-01-11,21128377,C810,15,0,0,2,0.0,13,13.0,0.0
2026-01-11,80807112,D767,6,0,0,3,0.0,3,3.0,0.0
2026-01-11,21148509,D767,54,0,0,15,0.0,39,39.0,0.0
2026-01-11,80804135,D901,128,0,0,0,0.0,128,128.0,0.0
2026-01-11,80812846,E568,20,0,0,0,0.0,20,20.0,0.0
2026-01-11,80807090,0386,0,1162,0,0,1157.0,5,5.0,0.0
2026-01-11,80839736,A672,87,0,0,42,0.0,45,45.0,0.0
2026-01-11,21325164,C816,8,0,56,1,0.0,63,63.0,0.0
2026-01-11,21098519,A673,1241,0,30,62,24.0,1185,1185.0,0.0
2026-01-11,21170686,A672,75,0,0,3,0.0,72,72.0,0.0
2026-01-11,21442422,A716,636,0,0,3,0.0,633,633.0,0.0
2026-01-11,21314593,E568,5,0,0,0,0.0,5,5.0,0.0
2026-01-11,21314594,E564,2,0,0,0,0.0,2,2.0,0.0
2026-01-11,21376841,A680,138,0,0,0,0.0,138,138.0,0.0
2026-01-11,80807093,0386,1,0,0,0,0.0,1,1.0,0.0
2026-01-11,21377091,A673,3252,0,0,0,0.0,3252,3252.0,0.0
2026-01-11,80793613,A680,63,0,0,1,0.0,62,62.0,0.0
2026-01-11,21291975,C937,9,0,0,0,0.0,9,9.0,0.0
2026-01-11,80854083,E568,1,0,0,0,0.0,1,1.0,0.0
2026-01-11,21170686,C810,28,0,0,1,0.0,27,27.0,0.0
2026-01-11,80807119,C816,38,0,0,3,0.0,35,35.0,0.0
2026-01-11,80848025,C937,2,0,0,1,0.0,1,1.0,0.0
2026-01-11,21301637,A672,361,0,0,2,0.0,359,359.0,0.0
2026-01-11,80805852,C937,2,0,0,0,0.0,2,2.0,0.0
2026-01-11,80857738,A672,5,0,0,0,0.0,5,5.0,0.0
2026-01-11,21143110,A716,1,0,0,0,0.0,1,1.0,0.0
2026-01-11,80804129,E556,36,0,0,0,0.0,36,36.0,0.0
2026-01-11,80812841,A680,229,0,0,8,0.0,221,221.0,0.0
2026-01-11,21127800,A673,145,0,0,4,0.0,141,141.0,0.0
2026-01-11,80807089,A716,439,0,0,10,0.0,429,429.0,0.0
2026-01-11,80823707,A680,4,0,0,0,0.0,4,4.0,0.0
2026-01-11,21132752,C816,209,0,0,6,0.0,203,203.0,0.0
2026-01-11,21165946,E564,35,0,0,2,0.0,33,33.0,0.0
2026-01-11,80807115,A680,92,0,17,13,0.0,96,96.0,0.0
2026-01-11,21118867,E569,1,0,0,0,0.0,1,1.0,0.0
2026-01-11,80804704,C563,2,0,0,2,0.0,0,0.0,0.0
2026-01-11,80884848,A668,8,0,0,1,0.0,7,7.0,0.0
2026-01-11,21315352,D767,12,0,2,2,0.0,12,12.0,0.0
2026-01-11,80864470,A716,37,0,0,0,0.0,37,37.0,0.0
2026-01-11,80840975,A716,13,0,0,0,0.0,13,13.0,0.0
2026-01-11,80848021,C819,2,0,0,0,0.0,2,2.0,0.0
2026-01-11,80807092,C816,115,0,0,2,0.0,113,113.0,0.0
2026-01-11,80884852,A668,55,0,0,3,0.0,52,52.0,0.0
2026-01-11,21113405,A668,187,0,0,2,0.0,185,185.0,0.0
2026-01-11,21143110,D901,71,0,15,1,0.0,85,85.0,0.0
2026-01-11,21141769,D767,36,0,0,0,0.0,36,36.0,0.0
2026-01-11,80807089,D901,93,0,73,12,0.0,154,154.0,0.0
2026-01-11,21137866,E569,12,0,0,1,0.0,11,11.0,0.0
2026-01-11,21171453,A668,9,0,0,0,0.0,9,9.0,0.0
2026-01-11,80807119,A673,75,0,0,14,25.0,36,36.0,0.0
2026-01-11,80804701,E569,4,0,0,0,0.0,4,4.0,0.0
2026-01-11,80848023,A716,13,0,0,9,0.0,4,4.0,0.0
2026-01-11,80812154,A716,51,0,0,0,0.0,51,51.0,0.0
2026-01-11,80807110,D767,88,0,0,14,0.0,74,74.0,0.0
2026-01-11,21165946,D901,94,0,24,15,0.0,103,103.0,0.0
2026-01-11,21357275,A715,12,0,0,1,0.0,11,11.0,0.0
2026-01-11,21165816,A680,38,0,0,1,0.0,37,37.0,0.0
2026-01-11,80812099,C816,48,0,0,0,0.0,48,48.0,0.0
2026-01-11,80804129,A715,105,0,0,0,0.0,105,105.0,0.0
2026-01-11,21352461,C937,3,0,0,0,0.0,3,3.0,0.0
2026-01-11,80807092,E568,4,0,0,0,0.0,4,4.0,0.0
2026-01-11,80838164,C937,6,0,0,0,0.0,6,6.0,0.0
2026-01-11,80807113,A672,1209,0,0,20,0.0,1189,1189.0,0.0
2026-01-11,80807116,E564,194,0,0,35,0.0,159,159.0,0.0
2026-01-11,80848024,A715,11,0,0,0,0.0,11,11.0,0.0
2026-01-11,21103371,E569,10,0,0,0,0.0,10,10.0,0.0
2026-01-11,80848022,C937,12,0,0,10,0.0,2,2.0,0.0
2026-01-11,80807118,D767,8,0,0,2,0.0,6,6.0,0.0
2026-01-11,21314595,A668,48,0,0,1,0.0,47,47.0,0.0
2026-01-11,21325292,A668,129,0,0,5,0.0,124,124.0,0.0
2026-01-11,21314602,D767,16,0,0,1,0.0,15,15.0,0.0
2026-01-11,80807092,A673,152,0,16,8,0.0,160,160.0,0.0
2026-01-11,21148509,E568,4,0,0,1,0.0,3,3.0,0.0
2026-01-11,80807112,E568,6,0,0,1,0.0,5,5.0,0.0
2026-01-11,80807113,C810,39,0,15,0,0.0,54,54.0,0.0
2026-01-11,80865910,A672,10,0,0,1,0.0,9,9.0,0.0
2026-01-11,80885921,A668,11,0,0,3,0.0,8,8.0,0.0
2026-01-11,21314875,C937,2,0,0,0,0.0,2,2.0,0.0
2026-01-11,21118864,D767,2,0,0,0,0.0,2,2.0,0.0
2026-01-11,80807105,A672,722,0,0,24,0.0,698,698.0,0.0
2026-01-11,80804138,C819,3,0,0,0,0.0,3,3.0,0.0
2026-01-11,21162696,A716,4,0,0,0,0.0,4,4.0,0.0
2026-01-11,80807117,C810,2,0,0,0,0.0,2,2.0,0.0
2026-01-11,21377504,A672,946,0,0,12,0.0,934,934.0,0.0
2026-01-11,21434952,A668,218,0,0,20,0.0,198,198.0,0.0
2026-01-11,80807114,A672,23,0,0,9,0.0,14,14.0,0.0
2026-01-11,80804135,E569,17,0,0,0,0.0,17,17.0,0.0
2026-01-11,80812103,A668,16,0,0,0,0.0,16,16.0,0.0
2026-01-11,80795932,A668,4,0,0,0,0.0,4,4.0,0.0
2026-01-11,80804131,A716,8,0,0,0,0.0,8,8.0,0.0
2026-01-11,80812099,A673,138,0,0,9,0.0,129,129.0,0.0
2026-01-11,80807105,C810,36,0,0,0,0.0,36,36.0,0.0
2026-01-11,21315352,C816,422,0,0,0,0.0,422,422.0,0.0
2026-01-11,21170691,A715,31,0,0,0,0.0,31,31.0,0.0
2026-01-11,21357021,A715,298,0,0,0,0.0,298,298.0,0.0
2026-01-11,21141769,C816,65,0,0,9,0.0,56,56.0,0.0
2026-01-11,80812839,A716,28,0,0,1,0.0,27,27.0,0.0
2026-01-11,80838161,A716,3,0,0,0,0.0,3,3.0,0.0
2026-01-11,21357275,C816,175,0,0,19,0.0,156,156.0,0.0
2026-01-11,21377091,A668,358,0,0,0,0.0,358,358.0,0.0
2026-01-11,21132758,C816,391,0,0,25,0.0,366,366.0,0.0
2026-01-11,80812845,A680,425,0,0,18,0.0,407,407.0,0.0
2026-01-11,21121751,C819,43,0,0,2,0.0,41,41.0,0.0
2026-01-11,21151196,A715,117,0,0,0,0.0,117,117.0,0.0
2026-01-11,80804134,E564,17,0,53,38,0.0,32,32.0,0.0
2026-01-11,21128377,0386,1,0,0,0,0.0,1,1.0,0.0
2026-01-11,21170686,C937,7,0,0,0,0.0,7,7.0,0.0
2026-01-11,80804128,A715,3,0,0,3,0.0,0,0.0,0.0
2026-01-11,21315352,E568,5,0,0,0,0.0,5,5.0,0.0
2026-01-11,21307836,A672,70,0,0,3,0.0,67,67.0,0.0
2026-01-11,21325292,C563,5,0,0,0,0.0,5,5.0,0.0
2026-01-11,80848021,A680,5,0,0,0,0.0,5,5.0,0.0
2026-01-11,21139445,A716,170,0,0,4,0.0,166,166.0,0.0
2026-01-11,21314594,E569,3,0,0,0,0.0,3,3.0,0.0
2026-01-11,80804132,C816,479,0,0,26,37.0,416,416.0,0.0
2026-01-11,80805850,A680,68,0,0,0,0.0,68,68.0,0.0
2026-01-11,21141769,E568,4,0,0,1,0.0,3,3.0,0.0
2026-01-11,80812841,E556,1,0,0,1,0.0,0,0.0,0.0
2026-01-11,80848028,A716,29,0,0,1,0.0,28,28.0,0.0
2026-01-11,21132758,E568,5,0,0,0,0.0,5,5.0,0.0
2026-01-11,21307836,C810,103,0,0,1,0.0,102,102.0,0.0
2026-01-11,21029016,A672,128,0,0,38,0.0,90,90.0,0.0
2026-01-11,21128067,A672,734,0,0,37,0.0,697,697.0,0.0
2026-01-11,80807110,E568,6,0,0,1,0.0,5,5.0,0.0
2026-01-11,80807118,C816,470,0,0,5,36.0,429,429.0,0.0
2026-01-11,80884850,A672,61,0,0,13,0.0,48,48.0,0.0
2026-01-11,80807089,E569,14,0,0,0,0.0,14,14.0,0.0
2026-01-11,80795933,C937,4,0,0,0,0.0,4,4.0,0.0
2026-01-11,21376841,A715,321,0,0,0,0.0,321,321.0,0.0
2026-01-11,21357275,A673,287,0,0,20,0.0,267,267.0,0.0
2026-01-11,21139445,D901,20,0,0,4,0.0,16,16.0,0.0
2026-01-11,21029016,C810,5,0,0,0,0.0,5,5.0,0.0
2026-01-11,80807093,E564,16,0,3,3,0.0,16,16.0,0.0
2026-01-11,21121756,A716,49,0,0,5,0.0,44,44.0,0.0
2026-01-11,21132758,A673,421,0,0,46,5.0,370,370.0,0.0
2026-01-11,21128067,C810,95,0,3,2,0.0,96,96.0,0.0
2026-01-11,80793613,A715,11,0,0,1,0.0,10,10.0,0.0
2026-01-11,80804129,A673,503,0,0,7,0.0,496,496.0,0.0
2026-01-11,80848028,D901,15,0,0,4,0.0,11,11.0,0.0
2026-01-11,21127730,A672,1897,0,0,19,0.0,1878,1878.0,0.0
2026-01-11,21301637,0386,1,0,0,0,0.0,1,1.0,0.0
2026-01-11,80807119,A668,113,0,0,3,0.0,110,110.0,0.0
2026-01-11,21179704,C937,3,0,0,1,0.0,2,2.0,0.0
2026-01-11,80791223,A672,90,0,0,0,0.0,90,90.0,0.0
2026-01-11,80848023,C819,20,0,0,1,0.0,19,19.0,0.0
2026-01-11,80807118,E568,7,0,0,0,0.0,7,7.0,0.0
2026-01-11,80863646,A680,11,0,0,0,0.0,11,11.0,0.0
2026-01-11,80807100,C819,6,0,0,0,0.0,6,6.0,0.0
2026-01-11,21314602,E568,1,0,0,0,0.0,1,1.0,0.0
2026-01-11,21442896,A716,0,0,46,3,0.0,43,43.0,0.0
2026-01-11,80804132,A673,817,0,733,40,4.0,1506,1506.0,0.0
2026-01-11,80848024,A673,28,0,0,2,0.0,26,26.0,0.0
2026-01-11,80804703,0386,1,0,0,0,0.0,1,1.0,0.0
2026-01-11,80812846,C937,22,0,0,4,0.0,18,18.0,0.0
2026-01-11,80804132,E467,10,0,0,5,0.0,5,5.0,0.0
2026-01-11,80812841,A715,379,0,0,22,0.0,357,357.0,0.0
2026-01-11,21127730,C810,1,0,0,0,0.0,1,1.0,0.0
2026-01-11,21314593,C937,25,0,0,4,0.0,21,21.0,0.0
2026-01-11,80812154,E569,6,0,0,0,0.0,6,6.0,0.0
2026-01-11,80807115,A715,15,0,0,4,0.0,11,11.0,0.0
2026-01-11,21143102,D767,12,0,0,1,0.0,11,11.0,0.0
2026-01-11,80804128,C816,27,0,0,7,0.0,20,20.0,0.0
2026-01-11,80807118,A673,360,0,0,3,33.0,324,324.0,0.0
2026-01-11,21315474,C816,211,0,0,23,0.0,188,188.0,0.0
2026-01-11,21275914,C819,5,0,0,0,0.0,5,5.0,0.0
2026-01-11,80840976,C819,1,0,0,1,0.0,0,0.0,0.0
2026-01-11,80854083,C937,3,0,0,0,0.0,3,3.0,0.0
2026-01-11,21354246,A673,772,0,67,9,0.0,830,830.0,0.0
2026-01-11,21170691,A673,224,0,0,0,2.0,222,222.0,0.0
2026-01-11,80868102,C816,8,0,0,3,0.0,5,5.0,0.0
2026-01-11,21357021,A673,1156,0,0,0,0.0,1156,1156.0,0.0
2026-01-11,21414747,A716,282,0,0,0,0.0,282,282.0,0.0
2026-01-11,21121751,A680,61,0,0,2,0.0,59,59.0,0.0
2026-01-11,80865910,C937,2,0,0,0,0.0,2,2.0,0.0
2026-01-11,21419485,A672,487,0,0,37,0.0,450,450.0,0.0
2026-01-11,21377504,C937,10,0,0,2,0.0,8,8.0,0.0
2026-01-11,21162696,E569,2,0,0,0,0.0,2,2.0,0.0
2026-01-11,21366842,A716,107,0,0,0,0.0,107,107.0,0.0
2026-01-11,80804128,A673,103,0,13,19,0.0,97,97.0,0.0
2026-01-11,21132988,A716,45,0,0,7,0.0,38,38.0,0.0
2026-01-11,80804705,C819,8,0,0,6,0.0,2,2.0,0.0
2026-01-11,80812840,A672,1180,0,0,42,0.0,1138,1138.0,0.0
2026-01-11,80804137,D767,13,0,0,3,0.0,10,10.0,0.0
2026-01-11,21315474,A673,340,0,0,0,3.0,337,337.0,0.0
2026-01-11,21170683,C816,81,0,0,0,0.0,81,81.0,0.0
2026-01-11,80812845,E556,2,0,23,1,0.0,24,24.0,0.0
2026-01-11,80863643,A680,117,0,0,0,0.0,117,117.0,0.0
2026-01-11,80838164,E564,2,0,0,2,0.0,0,0.0,0.0
2026-01-11,80812840,C810,80,0,2,0,0.0,82,82.0,0.0
2026-01-11,80851898,C819,53,0,1,5,0.0,49,49.0,0.0
2026-01-11,80807115,C816,386,0,0,28,0.0,358,358.0,0.0
2026-01-11,80805850,E556,3,0,0,0,0.0,3,3.0,0.0
2026-01-11,80807091,E564,37,0,0,17,0.0,20,20.0,0.0
2026-01-11,21143102,C816,320,0,0,12,0.0,308,308.0,0.0
2026-01-11,21170683,E568,1,0,0,0,0.0,1,1.0,0.0
2026-01-11,80807097,E564,5,0,0,0,0.0,5,5.0,0.0
2026-01-11,80848027,E564,4,0,0,0,0.0,4,4.0,0.0
2026-01-11,21376841,A673,5103,0,0,0,0.0,5103,5103.0,0.0
2026-01-11,80868100,A680,14,0,0,0,0.0,14,14.0,0.0
2026-01-11,21139445,E569,1,0,0,0,0.0,1,1.0,0.0
2026-01-11,80807112,C937,8,0,0,0,0.0,8,8.0,0.0
2026-01-11,21148509,C937,5,0,0,4,0.0,1,1.0,0.0
2026-01-11,21121752,E564,2,0,0,0,0.0,2,2.0,0.0
2026-01-11,80804704,D901,2,0,0,0,0.0,2,2.0,0.0
2026-01-11,21170683,A673,718,0,0,46,0.0,672,672.0,0.0
2026-01-11,80848028,E569,18,0,0,5,0.0,13,13.0,0.0
2026-01-11,21357275,A668,102,0,0,0,0.0,102,102.0,0.0
2026-01-11,21170683,E467,29,0,0,0,0.0,29,29.0,0.0
2026-01-11,21132758,A668,357,0,0,31,0.0,326,326.0,0.0
2026-01-11,80804130,D767,23,0,0,2,0.0,21,21.0,0.0
2026-01-11,80812845,A715,211,0,0,11,0.0,200,200.0,0.0
2026-01-11,80804129,A668,107,0,0,0,0.0,107,107.0,0.0
2026-01-11,80807091,D901,18,0,4,10,0.0,12,12.0,0.0
2026-01-11,80807122,E564,3,0,0,0,0.0,3,3.0,0.0
2026-01-11,80804133,E556,9,0,0,1,0.0,8,8.0,0.0
2026-01-11,80812841,A673,1283,0,1108,152,0.0,2239,2239.0,0.0
2026-01-11,21128377,E564,6,0,1,0,0.0,7,7.0,0.0
2026-01-11,80796091,0386,1,0,0,0,1.0,0,0.0,0.0
2026-01-11,21275914,A680,5,0,18,1,0.0,22,22.0,0.0
2026-01-11,80807097,D901,87,0,2,8,0.0,81,81.0,0.0
2026-01-11,80812338,A672,10,0,0,1,0.0,9,9.0,0.0
2026-01-11,80840976,A680,35,0,0,5,0.0,30,30.0,0.0
2026-01-11,80807115,A673,1041,0,0,41,8.0,992,992.0,0.0
2026-01-11,21421148,C816,224,0,0,7,0.0,217,217.0,0.0
2026-01-11,80848021,A715,7,0,0,0,0.0,7,7.0,0.0
2026-01-11,80804132,A668,279,0,315,27,0.0,567,567.0,0.0
2026-01-11,80805850,A715,12,0,0,0,0.0,12,12.0,0.0
2026-01-11,21143102,A673,389,0,171,29,24.0,507,507.0,0.0
2026-01-11,21127730,C937,4,0,0,0,0.0,4,4.0,0.0
2026-01-11,21128067,0386,1,0,0,0,0.0,1,1.0,0.0
2026-01-11,21151196,A672,1005,0,0,44,0.0,961,961.0,0.0
2026-01-11,80804138,E556,10,0,24,1,0.0,33,33.0,0.0
2026-01-11,80807095,A680,193,0,0,10,0.0,183,183.0,0.0
2026-01-11,21442897,C816,1090,0,0,7,65.0,1018,1018.0,0.0
2026-01-11,80884848,A716,4,0,163,1,0.0,166,166.0,0.0
2026-01-11,80807120,D767,62,0,0,9,0.0,53,53.0,0.0
2026-01-11,21304907,A672,306,0,0,5,0.0,301,301.0,0.0
2026-01-11,80884852,A716,129,0,0,1,0.0,128,128.0,0.0
2026-01-11,21113405,A716,50,0,3,2,0.0,51,51.0,0.0
2026-01-11,21354246,A668,94,0,2,1,0.0,95,95.0,0.0
2026-01-11,80804699,D767,2,0,0,0,0.0,2,2.0,0.0
2026-01-11,80804701,D767,8,0,0,2,0.0,6,6.0,0.0
2026-01-11,21315352,C937,12,0,0,0,0.0,12,12.0,0.0
2026-01-11,21127730,0386,1,0,0,0,0.0,1,1.0,0.0
2026-01-11,21171453,A716,31,0,0,1,0.0,30,30.0,0.0
2026-01-11,80864469,A680,45,0,0,1,0.0,44,44.0,0.0
2026-01-11,80804705,A680,2,0,0,2,0.0,0,0.0,0.0
2026-01-11,80804137,E568,3,0,0,0,0.0,3,3.0,0.0
2026-01-11,21141769,C937,23,0,0,0,0.0,23,23.0,0.0
2026-01-11,21170691,A668,68,0,0,1,0.0,67,67.0,0.0
2026-01-11,21315350,A672,829,0,0,30,0.0,799,799.0,0.0
2026-01-11,21357021,A668,132,0,0,0,0.0,132,132.0,0.0
2026-01-11,21428668,A680,516,0,0,18,0.0,498,498.0,0.0
2026-01-11,80863646,A715,2,0,0,0,0.0,2,2.0,0.0
2026-01-11,80807110,C937,14,0,0,1,0.0,13,13.0,0.0
2026-01-11,21113405,D901,11,0,5,2,0.0,14,14.0,0.0
2026-01-11,21422791,C816,101,0,0,12,0.0,89,89.0,0.0
2026-01-11,80793613,A672,261,0,0,3,0.0,258,258.0,0.0
2026-01-11,80851898,A680,189,0,0,1,0.0,188,188.0,0.0
2026-01-11,21103371,D767,11,0,0,0,0.0,11,11.0,0.0
2026-01-11,21442897,A673,640,0,56,65,0.0,631,631.0,0.0
2026-01-11,21171453,D901,16,0,2,0,0.0,18,18.0,0.0
2026-01-11,21315350,C810,53,0,0,4,0.0,49,49.0,0.0
2026-01-11,80804128,A668,47,0,1,10,0.0,38,38.0,0.0
2026-01-11,80804136,C819,14,0,0,5,0.0,9,9.0,0.0
2026-01-11,80804130,C816,128,0,0,5,17.0,106,106.0,0.0
2026-01-11,21315474,A668,152,0,0,1,0.0,151,151.0,0.0
2026-01-11,21325292,A716,3,0,194,7,0.0,190,190.0,0.0
2026-01-11,21463645,C816,204,0,0,0,0.0,204,204.0,0.0
2026-01-11,80807096,D767,12,0,0,5,0.0,7,7.0,0.0
2026-01-11,80848021,C816,6,0,0,2,0.0,4,4.0,0.0
2026-01-11,80885919,A672,57,0,0,13,0.0,44,44.0,0.0
2026-01-11,80823707,A672,7,0,0,0,0.0,7,7.0,0.0
2026-01-11,80863645,A716,2,0,0,0,0.0,2,2.0,0.0
2026-01-11,80804135,D767,38,0,0,0,0.0,38,38.0,0.0
2026-01-11,80812840,C937,7,0,0,2,0.0,5,5.0,0.0
2026-01-11,21132988,E569,2,0,0,0,0.0,2,2.0,0.0
2026-01-11,21314602,C937,6,0,0,0,0.0,6,6.0,0.0
2026-01-11,80840975,E556,9,0,0,1,0.0,8,8.0,0.0
2026-01-11,80812110,A680,34,0,0,6,0.0,28,28.0,0.0
2026-01-11,21118864,C937,1,0,0,0,0.0,1,1.0,0.0
2026-01-11,80812103,A716,88,0,0,4,0.0,84,84.0,0.0
2026-01-11,80804130,E568,4,0,0,0,0.0,4,4.0,0.0
2026-01-11,21155895,A680,136,0,0,7,0.0,129,129.0,0.0
2026-01-11,21325292,D901,65,0,0,13,0.0,52,52.0,0.0
2026-01-11,80807120,C816,215,0,0,8,25.0,182,182.0,0.0
2026-01-11,80884846,A680,15,0,0,0,0.0,15,15.0,0.0
2026-01-11,21419485,0386,2,0,0,0,0.0,2,2.0,0.0
2026-01-11,21121751,A715,7,0,0,0,0.0,7,7.0,0.0
2026-01-11,21376841,A668,471,0,0,0,0.0,471,471.0,0.0
2026-01-11,21138340,E556,294,0,0,9,0.0,285,285.0,0.0
2026-01-11,80807113,E564,84,0,24,0,0.0,108,108.0,0.0
2026-01-11,80848023,E556,3,0,0,1,0.0,2,2.0,0.0
2026-01-11,80807113,A716,25,0,0,1,0.0,24,24.0,0.0
2026-01-11,21314602,0386,3,0,0,0,0.0,3,3.0,0.0
2026-01-11,80807100,E556,67,0,0,11,0.0,56,56.0,0.0
2026-01-11,21118867,E568,1,0,0,0,0.0,1,1.0,0.0
2026-01-11,21377091,A716,237,0,0,0,0.0,237,237.0,0.0
2026-01-11,21442896,A680,28,0,0,7,0.0,21,21.0,0.0
2026-01-11,80804130,A673,76,0,287,21,4.0,338,338.0,0.0
2026-01-11,80807117,A716,14,0,0,0,0.0,14,14.0,0.0
2026-01-11,80807091,E569,15,0,0,1,0.0,14,14.0,0.0
2026-01-11,21170683,A668,33,0,0,0,0.0,33,33.0,0.0
2026-01-11,21176384,A672,0,0,84,6,0.0,78,78.0,0.0
2026-01-11,21151196,C563,24,0,0,6,0.0,18,18.0,0.0
2026-01-11,80795932,D901,10,0,0,2,0.0,8,8.0,0.0
2026-01-11,80807097,E569,9,0,0,0,0.0,9,9.0,0.0
2026-01-11,80848021,A673,10,0,0,9,0.0,1,1.0,0.0
2026-01-11,21425098,C816,0,0,16,0,16.0,0,0.0,0.0
2026-01-11,21434954,A680,239,0,1,0,0.0,240,240.0,0.0
2026-01-11,21165816,A672,140,0,0,3,0.0,137,137.0,0.0
2026-01-11,80807102,A672,1559,0,0,51,0.0,1508,1508.0,0.0
2026-01-11,80807120,E568,2,0,0,0,0.0,2,2.0,0.0
2026-01-11,80807105,E564,101,0,1,7,0.0,95,95.0,0.0
2026-01-11,80804127,A716,1,0,0,1,0.0,0,0.0,0.0
2026-01-11,21103372,A672,661,0,0,27,0.0,634,634.0,0.0
2026-01-11,80812841,A668,274,0,249,24,0.0,499,499.0,0.0
2026-01-11,80863643,A715,2,0,0,0,0.0,2,2.0,0.0
2026-01-11,21275914,E556,1,0,0,0,0.0,1,1.0,0.0
2026-01-11,80807114,E564,29,0,0,2,0.0,27,27.0,0.0
2026-01-11,80807115,A668,381,0,0,30,0.0,351,351.0,0.0
2026-01-11,80807113,D901,72,0,13,0,0.0,85,85.0,0.0
2026-01-11,21176384,C810,27,0,0,1,0.0,26,26.0,0.0
2026-01-11,80804701,E568,3,0,0,0,0.0,3,3.0,0.0
2026-01-11,80831843,0386,4386,0,0,0,0.0,4386,4386.0,0.0
2026-01-11,21165816,C810,29,0,0,1,0.0,28,28.0,0.0
2026-01-11,80807102,C810,14,0,38,1,0.0,51,51.0,0.0
2026-01-11,21103372,C810,214,0,6,0,0.0,220,220.0,0.0
2026-01-11,80807122,E569,1,0,0,0,0.0,1,1.0,0.0
2026-01-11,80812338,C937,3,0,0,0,0.0,3,3.0,0.0
2026-01-11,21325164,A716,6,0,0,0,0.0,6,6.0,0.0
2026-01-11,80863643,E295,253,0,0,0,0.0,253,253.0,0.0
2026-01-11,80868102,C937,4,0,0,0,0.0,4,4.0,0.0
2026-01-11,80868100,A715,11,0,0,1,0.0,10,10.0,0.0
2026-01-11,80807096,C816,23,0,0,3,3.0,17,17.0,0.0
2026-01-11,80807105,D901,195,0,0,0,0.0,195,195.0,0.0
2026-01-11,80807100,A715,28,0,0,8,0.0,20,20.0,0.0
2026-01-11,21165946,D767,8,0,0,0,0.0,8,8.0,0.0
2026-01-11,80868101,A715,6,0,0,0,0.0,6,6.0,0.0
2026-01-11,21291975,A680,154,0,0,2,0.0,152,152.0,0.0
2026-01-11,21103371,E568,2,0,0,0,0.0,2,2.0,0.0
2026-01-11,21425098,A673,175,0,33,9,0.0,199,199.0,0.0
2026-01-11,21121751,C816,213,0,0,9,0.0,204,204.0,0.0
2026-01-11,80807119,A716,19,0,0,0,0.0,19,19.0,0.0
2026-01-11,80812338,0386,2,0,0,0,0.0,2,2.0,0.0
2026-01-11,80848025,A680,12,0,0,0,0.0,12,12.0,0.0
2026-01-11,80804136,A680,241,0,0,24,0.0,217,217.0,0.0
2026-01-11,21143103,D767,2,0,0,0,0.0,2,2.0,0.0
2026-01-11,21307836,A716,73,0,0,1,0.0,72,72.0,0.0
2026-01-11,80804705,E556,2,0,0,0,0.0,2,2.0,0.0
2026-01-11,80805852,A680,54,0,0,1,0.0,53,53.0,0.0
2026-01-11,80812839,E556,1,0,0,1,0.0,0,0.0,0.0
2026-01-11,21275914,A715,3,0,0,0,0.0,3,3.0,0.0
2026-01-11,21113405,E569,11,0,0,0,0.0,11,11.0,0.0
2026-01-11,80840976,A715,21,0,0,1,0.0,20,20.0,0.0
2026-01-11,80838162,A716,6,0,0,0,0.0,6,6.0,0.0
2026-01-11,80848026,C819,58,0,0,19,0.0,39,39.0,0.0
2026-01-11,80838165,A673,29,0,0,4,0.0,25,25.0,0.0
2026-01-11,80838163,A672,4,0,0,0,0.0,4,4.0,0.0
2026-01-11,21029016,E564,13,0,0,0,0.0,13,13.0,0.0
2026-01-11,80804135,E568,2,0,0,0,0.0,2,2.0,0.0
2026-01-11,80812845,A672,979,0,0,73,0.0,906,906.0,0.0
2026-01-11,21128067,E564,44,0,0,4,0.0,40,40.0,0.0
2026-01-11,80851898,E556,4,0,0,1,0.0,3,3.0,0.0
2026-01-11,21304907,0386,4,0,0,0,3.0,1,1.0,0.0
2026-01-11,80807095,A715,340,0,0,8,0.0,332,332.0,0.0
2026-01-11,21421149,A672,477,0,0,27,0.0,450,450.0,0.0
2026-01-11,21137866,A672,750,0,0,32,0.0,718,718.0,0.0
2026-01-11,21472283,A680,13,0,0,0,0.0,13,13.0,0.0
2026-01-11,80807116,D767,35,0,0,7,0.0,28,28.0,0.0
2026-01-11,80812845,C810,62,0,0,14,0.0,48,48.0,0.0
2026-01-11,21142560,A672,1067,0,0,62,0.0,1005,1005.0,0.0
2026-01-11,21121751,A673,273,0,0,21,2.0,250,250.0,0.0
2026-01-11,21137866,C810,0,0,124,6,0.0,118,118.0,0.0
2026-01-11,21315350,0386,3,0,0,0,0.0,3,3.0,0.0
2026-01-11,80864469,A715,156,0,0,5,0.0,151,151.0,0.0
2026-01-11,21325292,E569,12,0,0,0,0.0,12,12.0,0.0
2026-01-11,21416910,A680,249,0,0,0,0.0,249,249.0,0.0
2026-01-11,80812110,E556,11,0,0,2,0.0,9,9.0,0.0
2026-01-11,80804705,A715,6,0,0,6,0.0,0,0.0,0.0
2026-01-11,80805856,A680,91,0,0,5,0.0,86,86.0,0.0
2026-01-11,80804698,C937,3,0,0,0,0.0,3,3.0,0.0
2026-01-11,21352461,A680,240,0,0,8,0.0,232,232.0,0.0
2026-01-11,80804702,E569,3,0,0,0,0.0,3,3.0,0.0
2026-01-11,21428668,A715,1240,0,0,6,0.0,1234,1234.0,0.0
2026-01-11,80851898,A715,379,0,0,7,0.0,372,372.0,0.0
2026-01-11,80804133,A672,571,0,0,7,0.0,564,564.0,0.0
2026-01-11,80812103,E569,9,0,0,0,0.0,9,9.0,0.0
2026-01-11,21179704,C819,1,0,0,0,0.0,1,1.0,0.0
2026-01-11,80795932,E569,4,0,0,0,0.0,4,4.0,0.0
2026-01-11,80884845,A673,9,0,0,3,0.0,6,6.0,0.0
2026-01-11,80804698,0386,2,0,0,0,1.0,1,1.0,0.0
2026-01-11,80848031,E556,4,0,0,0,0.0,4,4.0,0.0
2026-01-11,80840976,C816,101,0,0,10,0.0,91,91.0,0.0
2026-01-11,21143103,C816,210,0,0,0,0.0,210,210.0,0.0
2026-01-11,80848021,A668,5,0,0,1,0.0,4,4.0,0.0
2026-01-11,80804137,C937,4,0,0,2,0.0,2,2.0,0.0
2026-01-11,21314875,A680,5,0,0,1,0.0,4,4.0,0.0
2026-01-11,80807113,E569,25,0,0,2,0.0,23,23.0,0.0
2026-01-11,80804133,C810,52,0,1,1,0.0,52,52.0,0.0
2026-01-11,80805850,A668,10,0,0,0,0.0,10,10.0,0.0
2026-01-11,80804127,C819,5,0,0,2,0.0,3,3.0,0.0
2026-01-11,80804138,A672,818,0,0,46,0.0,772,772.0,0.0
2026-01-11,21165946,E568,1,0,0,0,0.0,1,1.0,0.0
2026-01-11,80807095,C816,184,0,0,16,0.0,168,168.0,0.0
2026-01-11,21138340,A673,173,0,0,8,0.0,165,165.0,0.0
2026-01-11,80804134,D767,49,0,15,9,0.0,55,55.0,0.0
2026-01-11,21176384,C937,3,0,0,0,0.0,3,3.0,0.0
2026-01-11,80812110,A715,13,0,0,0,0.0,13,13.0,0.0
2026-01-11,21155895,A715,23,0,0,1,0.0,22,22.0,0.0
2026-01-11,80884846,A715,91,0,0,0,0.0,91,91.0,0.0
2026-01-11,80804138,C810,5,0,0,1,0.0,4,4.0,0.0
2026-01-11,80807105,E569,26,0,0,0,0.0,26,26.0,0.0
2026-01-11,21325164,C819,2,0,0,0,0.0,2,2.0,0.0
2026-01-11,80804706,C816,1816,0,0,4,132.0,1680,1680.0,0.0
2026-01-11,80807116,C816,352,0,0,18,0.0,334,334.0,0.0
2026-01-11,80812840,E564,28,0,1,6,0.0,23,23.0,0.0
2026-01-11,21442422,A672,1220,0,0,18,0.0,1202,1202.0,0.0
2026-01-11,80807116,D191,12,0,0,2,0.0,10,10.0,0.0
2026-01-11,80848026,A680,422,0,591,55,0.0,958,958.0,0.0
2026-01-11,21357275,A716,1,0,0,1,0.0,0,0.0,0.0
2026-01-11,21275914,A673,458,0,0,0,0.0,458,458.0,0.0
2026-01-11,21442896,A715,1207,0,0,0,0.0,1207,1207.0,0.0
2026-01-11,80807102,0386,4,0,0,0,2.0,2,2.0,0.0
2026-01-11,80840976,A673,34,0,0,5,6.0,23,23.0,0.0
2026-01-11,80804129,A716,0,0,213,1,0.0,212,212.0,0.0
2026-01-11,80812845,C563,52,0,0,0,0.0,52,52.0,0.0
2026-01-11,21143103,A673,400,0,0,12,2.0,386,386.0,0.0
2026-01-11,80804136,E556,7,0,0,1,0.0,6,6.0,0.0
2026-01-11,80807095,A673,774,0,0,18,20.0,736,736.0,0.0
2026-01-11,80848024,A716,4,0,0,0,0.0,4,4.0,0.0
2026-01-11,80807116,E568,1,0,0,0,0.0,1,1.0,0.0
2026-01-11,21255844,C816,33,0,0,4,0.0,29,29.0,0.0
2026-01-11,21143110,A672,842,0,323,10,0.0,1155,1155.0,0.0
2026-01-11,21133312,A672,526,0,0,0,0.0,526,526.0,0.0
2026-01-11,80807089,A672,1020,0,0,31,0.0,989,989.0,0.0
2026-01-11,80804129,D901,18,0,0,0,0.0,18,18.0,0.0
2026-01-11,21118867,C937,2,0,0,0,0.0,2,2.0,0.0
2026-01-11,21143110,C810,2,0,83,0,0.0,85,85.0,0.0
2026-01-11,80864470,A672,155,0,0,3,0.0,152,152.0,0.0
2026-01-11,80840975,A672,21,0,0,5,0.0,16,16.0,0.0
2026-01-11,80838162,E569,2,0,0,0,0.0,2,2.0,0.0
2026-01-11,80848029,E556,3,0,0,2,0.0,1,1.0,0.0
2026-01-11,80793614,C816,12,0,0,1,0.0,11,11.0,0.0
2026-01-11,80864469,A673,263,0,0,36,33.0,194,194.0,0.0
2026-01-11,80807089,C810,56,0,0,4,0.0,52,52.0,0.0
2026-01-11,80804705,A673,121,0,57,51,0.0,127,127.0,0.0
2026-01-11,80807120,C937,48,0,0,6,0.0,42,42.0,0.0
2026-01-11,80864469,E467,15,0,0,2,0.0,13,13.0,0.0
2026-01-11,80807092,C819,4,0,0,0,0.0,4,4.0,0.0
2026-01-11,80804705,E467,15,0,0,2,0.0,13,13.0,0.0
2026-01-11,21419490,A680,564,0,0,8,0.0,556,556.0,0.0
2026-01-11,21098519,A680,128,0,0,9,0.0,119,119.0,0.0
2026-01-11,21155895,C816,34,0,0,10,0.0,24,24.0,0.0
2026-01-11,21291975,A715,22,0,0,0,0.0,22,22.0,0.0
2026-01-11,80804134,C816,588,0,0,58,34.0,496,496.0,0.0
2026-01-11,80884846,C816,358,0,0,1,0.0,357,357.0,0.0
2026-01-11,21121751,A668,27,0,0,1,0.0,26,26.0,0.0
2026-01-11,21137866,C937,38,0,0,6,0.0,32,32.0,0.0
2026-01-11,21118867,0386,0,672,0,0,667.0,5,5.0,0.0
2026-01-11,21179704,A680,10,0,0,2,0.0,8,8.0,0.0
2026-01-11,21170691,A716,29,0,0,0,0.0,29,29.0,0.0
2026-01-11,80812338,E564,4,0,0,0,0.0,4,4.0,0.0
2026-01-11,80804701,C937,4,0,0,1,0.0,3,3.0,0.0
2026-01-11,80864470,C810,18,0,59,1,0.0,76,76.0,0.0
2026-01-11,80848023,A672,515,0,523,75,0.0,963,963.0,0.0
2026-01-11,80804136,A715,117,0,0,2,0.0,115,115.0,0.0
2026-01-11,21357021,A716,247,0,0,0,0.0,247,247.0,0.0
2026-01-11,80812154,A672,701,0,0,0,0.0,701,701.0,0.0
2026-01-11,80851898,A673,735,0,0,1,0.0,734,734.0,0.0
2026-01-11,80805852,A715,14,0,0,0,0.0,14,14.0,0.0
2026-01-11,80805856,E556,13,0,0,7,0.0,6,6.0,0.0
2026-01-11,80807100,A672,613,0,0,80,0.0,533,533.0,0.0
2026-01-11,80807112,C819,23,0,0,0,0.0,23,23.0,0.0
2026-01-11,21255844,A673,77,0,0,4,0.0,73,73.0,0.0
2026-01-11,80812846,A680,138,0,0,4,0.0,134,134.0,0.0
2026-01-11,80812845,0386,1,0,0,0,0.0,1,1.0,0.0
2026-01-11,21151196,E564,14,0,0,0,0.0,14,14.0,0.0
2026-01-11,21314593,A680,41,0,102,6,0.0,137,137.0,0.0
2026-01-11,21314876,E556,5,0,0,0,0.0,5,5.0,0.0
2026-01-11,21137866,0386,1,0,0,0,0.0,1,1.0,0.0
2026-01-11,80804128,A716,15,0,0,1,0.0,14,14.0,0.0
2026-01-11,80807100,C810,30,0,0,1,0.0,29,29.0,0.0
2026-01-11,80807090,C816,46,0,0,3,7.0,36,36.0,0.0
2026-01-11,21304907,E564,7,0,0,0,0.0,7,7.0,0.0
2026-01-11,80863643,A668,54,0,0,0,0.0,54,54.0,0.0
2026-01-11,21170691,D901,8,0,1,1,0.0,8,8.0,0.0
2026-01-11,21103371,C937,36,0,0,4,0.0,32,32.0,0.0
2026-01-11,80848029,A715,1,0,0,1,0.0,0,0.0,0.0
2026-01-11,80812110,A673,159,0,0,6,0.0,153,153.0,0.0
2026-01-11,80807093,C816,906,0,0,8,12.0,886,886.0,0.0
2026-01-11,21314875,E556,6,0,0,0,0.0,6,6.0,0.0
2026-01-11,21155895,A673,1304,0,0,0,12.0,1292,1292.0,0.0
2026-01-11,80884846,A673,24,0,4,0,0.0,28,28.0,0.0
2026-01-11,80807096,C937,2,0,0,0,0.0,2,2.0,0.0
2026-01-11,21151196,D901,64,0,64,9,0.0,119,119.0,0.0
2026-01-11,21162696,A672,199,0,0,6,0.0,193,193.0,0.0
2026-01-11,21315350,E564,2,0,0,0,0.0,2,2.0,0.0
2026-01-11,80868100,A668,11,0,0,1,0.0,10,10.0,0.0
2026-01-11,21103371,0386,1,0,0,0,1.0,0,0.0,0.0
2026-01-11,80804135,C937,6,0,0,0,0.0,6,6.0,0.0
2026-01-11,80805856,A715,96,0,0,5,0.0,91,91.0,0.0
2026-01-11,80804704,D767,95,0,0,1,0.0,94,94.0,0.0
2026-01-11,21376841,A716,468,0,0,0,0.0,468,468.0,0.0
2026-01-11,80848029,E295,19,0,0,5,0.0,14,14.0,0.0
2026-01-11,80804131,A672,9,0,0,0,0.0,9,9.0,0.0
2026-01-11,80793613,E564,1,0,0,0,0.0,1,1.0,0.0
2026-01-11,80868101,A668,5,0,0,2,0.0,3,3.0,0.0
2026-01-11,21315352,C819,2,0,0,0,0.0,2,2.0,0.0
2026-01-11,21352461,A715,156,0,6,0,0.0,162,162.0,0.0
2026-01-11,80793613,A716,5,0,0,0,0.0,5,5.0,0.0
2026-01-11,21291975,C816,87,0,0,5,0.0,82,82.0,0.0
2026-01-11,80807091,D767,30,0,0,5,0.0,25,25.0,0.0
2026-01-11,21314876,A715,4,0,0,1,0.0,3,3.0,0.0
2026-01-11,80807097,D767,13,0,0,3,0.0,10,10.0,0.0
2026-01-11,80807090,A673,613,0,0,0,1.0,612,612.0,0.0
2026-01-11,21141769,C819,32,0,4,1,0.0,35,35.0,0.0
2026-01-11,80848025,C816,0,0,960,2,416.0,542,542.0,0.0
2026-01-11,80812839,A672,371,0,0,10,0.0,361,361.0,0.0
2026-01-11,80848026,E556,23,0,0,0,0.0,23,23.0,0.0
2026-01-11,21275914,A668,214,0,0,2,0.0,212,212.0,0.0
2026-01-11,80805852,C816,45,0,0,0,0.0,45,45.0,0.0
2026-01-11,80840976,A668,9,0,0,0,0.0,9,9.0,0.0
2026-01-11,21132758,C819,3,0,0,0,0.0,3,3.0,0.0
2026-01-11,80812841,A716,274,0,0,10,0.0,264,264.0,0.0
2026-01-11,80807110,C819,106,0,0,1,0.0,105,105.0,0.0
2026-01-11,21121752,D767,8,0,0,1,0.0,7,7.0,0.0
2026-01-11,80807115,A716,47,0,0,16,0.0,31,31.0,0.0
2026-01-11,80812839,C810,12,0,0,1,0.0,11,11.0,0.0
2026-01-11,80793613,D901,36,0,0,4,0.0,32,32.0,0.0
2026-01-11,21314594,C937,3,0,0,0,0.0,3,3.0,0.0
2026-01-11,80807092,A680,22,0,0,2,0.0,20,20.0,0.0
2026-01-11,80807095,A668,344,0,0,27,0.0,317,317.0,0.0
2026-01-11,21139445,A672,204,0,0,23,0.0,181,181.0,0.0
2026-01-11,80804132,C819,13,0,0,0,0.0,13,13.0,0.0
2026-01-11,21128377,D767,10,0,0,1,0.0,9,9.0,0.0
2026-01-11,80804129,E569,8,0,0,0,0.0,8,8.0,0.0
2026-01-11,80848028,A672,407,0,0,80,0.0,327,327.0,0.0
2026-01-11,21442422,0386,1,0,0,0,0.0,1,1.0,0.0
2026-01-11,21291975,A673,1187,0,0,43,0.0,1144,1144.0,0.0
2026-01-11,80807118,C819,22,0,0,2,0.0,20,20.0,0.0
2026-01-11,21139445,C810,122,0,0,1,0.0,121,121.0,0.0
2026-01-11,80807112,A680,171,0,0,5,0.0,166,166.0,0.0
2026-01-11,21148509,A680,37,0,0,3,0.0,34,34.0,0.0
2026-01-11,80812099,A680,83,0,0,6,0.0,77,77.0,0.0
2026-01-11,80864469,A668,10,0,15,1,0.0,24,24.0,0.0
2026-01-11,80793615,C595,4,0,0,0,0.0,4,4.0,0.0
2026-01-11,80807089,C937,30,0,0,3,0.0,27,27.0,0.0
2026-01-11,80804705,A668,0,0,64,0,0.0,64,64.0,0.0
2026-01-11,80848026,A715,537,0,70,13,0.0,594,594.0,0.0
2026-01-11,80848028,C810,0,0,118,2,0.0,116,116.0,0.0
2026-01-11,80805852,A673,103,0,0,2,0.0,101,101.0,0.0
2026-01-11,80848025,E467,4,0,0,0,0.0,4,4.0,0.0
2026-01-11,80807102,E564,185,0,60,58,0.0,187,187.0,0.0
2026-01-11,21121756,A672,40,0,0,7,0.0,33,33.0,0.0
2026-01-11,21165946,C937,8,0,0,1,0.0,7,7.0,0.0
2026-01-11,21103372,E564,16,0,2,2,0.0,16,16.0,0.0
2026-01-11,21428668,A668,186,0,0,17,0.0,169,169.0,0.0
2026-01-11,80838164,C816,10,0,0,4,0.0,6,6.0,0.0
2026-01-11,80851898,A668,9,0,0,0,0.0,9,9.0,0.0
2026-01-11,21442896,A672,275,0,0,14,0.0,261,261.0,0.0
2026-01-11,21121756,C810,15,0,4,0,0.0,19,19.0,0.0
2026-01-11,80812846,E556,36,0,25,11,0.0,50,50.0,0.0
2026-01-11,80848026,E295,58,0,0,1,0.0,57,57.0,0.0
2026-01-11,21301637,D767,1,0,0,0,0.0,1,1.0,0.0
2026-01-11,21472283,A673,1321,0,0,0,0.0,1321,1321.0,0.0
2026-01-11,80848022,C816,447,0,0,28,8.0,411,411.0,0.0
2026-01-11,21165868,C937,2,0,0,0,0.0,2,2.0,0.0
2026-01-11,80848027,C816,4,0,0,0,0.0,4,4.0,0.0
2026-01-11,80804127,E556,13,0,0,0,0.0,13,13.0,0.0
2026-01-11,21170691,E569,5,0,0,0,0.0,5,5.0,0.0
2026-01-11,80848029,E467,7,0,0,0,0.0,7,7.0,0.0
2026-01-11,80864470,0386,4,0,0,0,0.0,4,4.0,0.0
2026-01-11,21165816,D901,9,0,0,1,0.0,8,8.0,0.0
2026-01-11,80804128,C819,8,0,0,1,0.0,7,7.0,0.0
2026-01-11,21103372,D901,154,0,0,16,0.0,138,138.0,0.0
2026-01-11,21127800,E556,117,0,0,7,0.0,110,110.0,0.0
2026-01-11,21315352,A680,143,0,0,3,0.0,140,140.0,0.0
2026-01-11,21416910,A673,384,0,0,0,0.0,384,384.0,0.0
2026-01-11,80812110,A668,18,0,0,3,0.0,15,15.0,0.0
2026-01-11,21151196,E569,3,0,0,0,0.0,3,3.0,0.0
2026-01-11,80807091,E568,6,0,0,0,0.0,6,6.0,0.0
2026-01-11,21325164,E556,0,0,4,1,0.0,3,3.0,0.0
2026-01-11,21155895,A668,55,0,0,2,0.0,53,53.0,0.0
2026-01-11,21419490,A715,293,0,0,0,0.0,293,293.0,0.0
2026-01-11,80848023,0386,1,0,0,0,0.0,1,1.0,0.0
2026-01-11,21098519,A715,114,0,0,0,0.0,114,114.0,0.0
2026-01-11,80884846,A668,7,0,0,0,0.0,7,7.0,0.0
2026-01-11,21128377,C816,273,0,0,15,0.0,258,258.0,0.0
2026-01-11,21352461,A673,777,0,0,3,0.0,774,774.0,0.0
2026-01-11,21179704,A715,3,0,0,0,0.0,3,3.0,0.0
2026-01-11,80838164,A673,4,0,0,3,0.0,1,1.0,0.0
2026-01-11,80852695,C816,3,0,0,0,0.0,3,3.0,0.0
2026-01-11,21132758,A680,327,0,0,37,0.0,290,290.0,0.0
2026-01-11,21414747,A672,974,0,0,26,0.0,948,948.0,0.0
2026-01-11,80807110,A680,166,0,0,8,0.0,158,158.0,0.0
2026-01-11,80812846,A715,318,0,0,23,0.0,295,295.0,0.0
2026-01-11,80812845,E564,129,0,0,32,0.0,97,97.0,0.0
2026-01-11,80848022,A673,107,0,852,78,28.0,853,853.0,0.0
2026-01-11,80807119,E556,17,0,25,3,0.0,39,39.0,0.0
2026-01-11,80848022,E467,5,0,0,1,0.0,4,4.0,0.0
2026-01-11,21162696,C937,3,0,0,0,0.0,3,3.0,0.0
2026-01-11,21314593,A715,13,0,0,0,0.0,13,13.0,0.0
2026-01-11,21137866,E564,73,0,6,11,0.0,68,68.0,0.0
2026-01-11,21170686,C816,62,0,0,1,0.0,61,61.0,0.0
2026-01-11,21366842,A672,1021,0,0,0,0.0,1021,1021.0,0.0
2026-01-11,21434954,A668,265,0,0,7,0.0,258,258.0,0.0
2026-01-11,80804132,A680,104,0,0,6,0.0,98,98.0,0.0
2026-01-11,21132988,A672,14,0,0,14,0.0,0,0.0,0.0
2026-01-11,80807090,A668,12,0,0,0,0.0,12,12.0,0.0
2026-01-11,80807113,D767,22,0,0,3,0.0,19,19.0,0.0
2026-01-11,21170683,C819,5,0,0,0,0.0,5,5.0,0.0
2026-01-11,80848021,A716,14,0,0,2,0.0,12,12.0,0.0
2026-01-11,80805850,A716,8,0,27,0,0.0,35,35.0,0.0
2026-01-11,80793613,E569,1,0,0,0,0.0,1,1.0,0.0
2026-01-11,80807118,A680,159,0,0,2,0.0,157,157.0,0.0
2026-01-11,21132988,C810,6,0,0,0,0.0,6,6.0,0.0
2026-01-11,80812845,D901,234,0,0,28,0.0,206,206.0,0.0
2026-01-11,21301637,C816,109,0,0,1,0.0,108,108.0,0.0
2026-01-11,21118864,A680,58,0,0,1,0.0,57,57.0,0.0
2026-01-11,80807092,E556,13,0,0,0,0.0,13,13.0,0.0
2026-01-11,80857738,C816,3,0,0,0,0.0,3,3.0,0.0
2026-01-11,80807105,D767,62,0,0,4,0.0,58,58.0,0.0
2026-01-11,80852695,A673,7,0,0,2,0.0,5,5.0,0.0
2026-01-11,21377504,D767,9,0,0,2,0.0,7,7.0,0.0
2026-01-11,80795933,C816,14,0,0,1,0.0,13,13.0,0.0
2026-01-11,80804134,C937,62,0,0,0,0.0,62,62.0,0.0
2026-01-11,80807114,D767,25,0,0,3,0.0,22,22.0,0.0
2026-01-11,80804703,C816,962,0,0,7,43.0,912,912.0,0.0
2026-01-11,80848026,E467,12,0,0,3,0.0,9,9.0,0.0
2026-01-11,80804133,E564,79,0,77,5,0.0,151,151.0,0.0
2026-01-11,21291975,A668,78,0,0,0,0.0,78,78.0,0.0
2026-01-11,80804704,C810,88,0,0,4,0.0,84,84.0,0.0
2026-01-11,21419490,C816,500,0,0,12,0.0,488,488.0,0.0
2026-01-11,21170686,A673,100,0,0,3,2.0,95,95.0,0.0
2026-01-11,80807112,E556,43,0,9,4,0.0,48,48.0,0.0
2026-01-11,21179704,C816,7,0,0,1,0.0,6,6.0,0.0
2026-01-11,80812099,E556,13,0,0,3,0.0,10,10.0,0.0
2026-01-11,80804136,A668,290,0,0,11,0.0,279,279.0,0.0
2026-01-11,80885920,C816,663,0,0,15,165.0,483,483.0,0.0
