date,material,location,beginning_inventory,production_gr,delivery_gr,shipment,delivery_ship,ending_inventory,calculated_ending,balance_diff
2026-01-31,80848028,C937,23,0,0,5,0.0,18,18.0,0.0
2026-01-31,80805852,A668,4,0,0,0,0.0,4,4.0,0.0
2026-01-31,80863646,A716,2,0,0,1,0.0,1,1.0,0.0
2026-01-31,80804138,E564,28,0,0,2,0.0,26,26.0,0.0
2026-01-31,21314876,A672,409,0,0,4,2.0,403,403.0,0.0
2026-01-31,21139445,0386,1,0,0,0,0.0,1,1.0,0.0
2026-01-31,21314593,C816,524,0,0,7,0.0,517,517.0,0.0
2026-01-31,80805856,C810,26,0,0,1,2.0,23,23.0,0.0
2026-01-31,80804133,D901,117,0,0,24,0.0,93,93.0,0.0
2026-01-31,80807092,A715,84,0,0,3,0.0,81,81.0,0.0
2026-01-31,80848028,0386,2,0,0,0,2.0,0,0.0,0.0
2026-01-31,80807093,C937,3,0,0,1,0.0,2,2.0,0.0
2026-01-31,21165816,E569,5,0,0,0,0.0,5,5.0,0.0
2026-01-31,80848029,A668,174,0,0,15,0.0,159,159.0,0.0
2026-01-31,80854083,C816,34,0,0,0,0.0,34,34.0,0.0
2026-01-31,80795933,A673,1334,0,0,0,0.0,1334,1334.0,0.0
2026-01-31,21103372,E569,13,0,0,1,0.0,12,12.0,0.0
2026-01-31,80804703,A673,183,0,41,4,9.0,211,211.0,0.0
2026-01-31,80868102,A680,4,0,0,1,0.0,3,3.0,0.0
2026-01-31,80884848,A672,37,0,0,0,0.0,37,37.0,0.0
2026-01-31,21419490,A673,869,0,0,40,0.0,829,829.0,0.0
2026-01-31,80804138,D901,87,0,19,11,0.0,95,95.0,0.0
2026-01-31,21128067,D767,48,0,6,9,0.0,45,45.0,0.0
2026-01-31,80807112,A715,251,0,0,3,0.0,248,248.0,0.0
2026-01-31,21179704,A673,67,0,0,3,0.0,64,64.0,0.0
2026-01-31,21148509,A715,121,0,0,8,0.0,113,113.0,0.0
2026-01-31,80884852,A672,382,0,0,9,0.0,373,373.0,0.0
2026-01-31,21113405,A672,287,0,0,0,0.0,287,287.0,0.0
2026-01-31,80812099,A715,18,0,0,1,0.0,17,17.0,0.0
2026-01-31,80885920,A673,580,0,72,14,0.0,638,638.0,0.0
2026-01-31,21315352,E556,1,0,9,2,0.0,8,8.0,0.0
2026-01-31,21416910,A668,262,0,0,0,0.0,262,262.0,0.0
2026-01-31,80805856,A668,109,0,0,16,0.0,93,93.0,0.0
2026-01-31,80865910,C816,6,0,0,0,0.0,6,6.0,0.0
2026-01-31,21121751,A716,33,0,23,1,0.0,55,55.0,0.0
2026-01-31,21171453,A672,46,0,0,0,0.0,46,46.0,0.0
2026-01-31,80812846,A673,585,0,0,32,0.0,553,553.0,0.0
2026-01-31,80807105,D191,41,0,0,3,0.0,38,38.0,0.0
2026-01-31,21352461,A668,128,0,0,0,0.0,128,128.0,0.0
2026-01-31,21141769,E556,12,0,0,0,0.0,12,12.0,0.0
2026-01-31,21377504,C816,117,0,0,0,0.0,117,117.0,0.0
2026-01-31,80807113,E568,5,0,0,0,0.0,5,5.0,0.0
2026-01-31,21170683,A680,78,0,0,2,0.0,76,76.0,0.0
2026-01-31,21113405,C810,2,0,2,0,0.0,4,4.0,0.0
2026-01-31,21314593,A673,509,0,181,25,5.0,660,660.0,0.0
2026-01-31,80807114,C816,199,0,0,0,7.0,192,192.0,0.0
2026-01-31,21132758,E556,43,0,0,7,0.0,36,36.0,0.0
2026-01-31,21133312,E564,3,0,0,0,0.0,3,3.0,0.0
2026-01-31,80807089,E564,16,0,0,1,0.0,15,15.0,0.0
2026-01-31,80848022,A668,451,0,0,57,0.0,394,394.0,0.0
2026-01-31,80854083,A673,85,0,0,0,0.0,85,85.0,0.0
2026-01-31,80863643,A716,13,0,0,1,0.0,12,12.0,0.0
2026-01-31,80793615,E564,2,0,0,0,0.0,2,2.0,0.0
2026-01-31,80807105,E568,5,0,0,0,0.0,5,5.0,0.0
2026-01-31,21314875,A668,20,0,0,3,0.0,17,17.0,0.0
2026-01-31,80804132,E556,22,0,0,3,0.0,19,19.0,0.0
2026-01-31,21269899,0386,2,0,0,0,0.0,2,2.0,0.0
2026-01-31,80804130,C819,5,0,0,0,0.0,5,5.0,0.0
2026-01-31,21314595,A672,933,0,0,6,0.0,927,927.0,0.0
2026-01-31,21325292,A672,369,0,0,34,12.0,323,323.0,0.0
2026-01-31,21377504,E568,2,0,0,0,0.0,2,2.0,0.0
2026-01-31,21143102,A680,137,0,0,11,0.0,126,126.0,0.0
2026-01-31,80807114,E568,2,0,0,0,0.0,2,2.0,0.0
2026-01-31,80812845,E569,42,0,7,0,0.0,49,49.0,0.0
2026-01-31,80885921,A672,131,0,0,10,0.0,121,121.0,0.0
2026-01-31,21315352,A715,33,0,0,1,0.0,32,32.0,0.0
2026-01-31,80865910,A673,2425,0,0,4,0.0,2421,2421.0,0.0
2026-01-31,80807118,E556,42,0,12,8,0.0,46,46.0,0.0
2026-01-31,80863645,A672,690,0,0,4,0.0,686,686.0,0.0
2026-01-31,21133312,D901,0,0,18,4,0.0,14,14.0,0.0
2026-01-31,21434952,A672,601,0,82,44,0.0,639,639.0,0.0
2026-01-31,21314595,C810,7,0,0,0,0.0,7,7.0,0.0
2026-01-31,21325292,C810,58,0,0,4,0.0,54,54.0,0.0
2026-01-31,80868100,A716,93,0,0,1,0.0,92,92.0,0.0
2026-01-31,80796091,C816,402,0,0,5,0.0,397,397.0,0.0
2026-01-31,21141769,A715,56,0,0,1,0.0,55,55.0,0.0
2026-01-31,21377504,A673,665,0,0,5,0.0,660,660.0,0.0
2026-01-31,21414747,0386,1,0,0,0,0.0,1,1.0,0.0
2026-01-31,80807100,A716,34,0,0,0,0.0,34,34.0,0.0
2026-01-31,80812103,A672,86,0,0,6,8.0,72,72.0,0.0
2026-01-31,80807114,A673,252,0,0,2,6.0,244,244.0,0.0
2026-01-31,80795932,A672,348,0,0,3,0.0,345,345.0,0.0
2026-01-31,80807112,C816,393,0,0,5,18.0,370,370.0,0.0
2026-01-31,21148509,C816,109,0,0,15,0.0,94,94.0,0.0
2026-01-31,80805850,E569,2,0,0,0,0.0,2,2.0,0.0
2026-01-31,21132758,A715,123,0,0,6,0.0,117,117.0,0.0
2026-01-31,80807120,C819,34,0,0,7,0.0,27,27.0,0.0
2026-01-31,80868101,A716,133,0,0,0,0.0,133,133.0,0.0
2026-01-31,80848026,A668,429,0,0,61,0.0,368,368.0,0.0
2026-01-31,80807110,A715,768,0,0,17,0.0,751,751.0,0.0
2026-01-31,21366842,0386,1,0,0,0,0.0,1,1.0,0.0
2026-01-31,21128067,C816,759,0,0,10,1.0,748,748.0,0.0
2026-01-31,21303404,C937,2,0,0,0,0.0,2,2.0,0.0
2026-01-31,80804704,C937,41,0,13,3,0.0,51,51.0,0.0
2026-01-31,21132988,0386,3,0,0,0,2.0,1,1.0,0.0
2026-01-31,80804701,C819,7,0,0,0,0.0,7,7.0,0.0
2026-01-31,80804132,A715,99,0,0,6,0.0,93,93.0,0.0
2026-01-31,21377091,A672,3713,0,0,0,0.0,3713,3713.0,0.0
2026-01-31,80884850,C816,226,0,0,2,0.0,224,224.0,0.0
2026-01-31,80807091,C937,10,0,0,3,0.0,7,7.0,0.0
2026-01-31,80840976,A716,0,0,232,2,0.0,230,230.0,0.0
2026-01-31,80807117,A672,16,0,0,0,0.0,16,16.0,0.0
2026-01-31,80848023,D901,240,0,0,123,0.0,117,117.0,0.0
2026-01-31,21434946,0386,86,0,0,0,0.0,86,86.0,0.0
2026-01-31,80848027,C937,8,0,0,0,0.0,8,8.0,0.0
2026-01-31,80807097,C937,2,0,0,1,0.0,1,1.0,0.0
2026-01-31,80807100,D901,113,0,17,21,0.0,109,109.0,0.0
2026-01-31,80804137,A680,31,0,0,3,0.0,28,28.0,0.0
2026-01-31,80812840,D767,34,0,0,11,0.0,23,23.0,0.0
2026-01-31,21132758,E295,0,0,132,21,0.0,111,111.0,0.0
2026-01-31,21442897,A680,6,0,0,4,0.0,2,2.0,0.0
2026-01-31,80804128,E556,14,0,6,4,0.0,16,16.0,0.0
2026-01-31,21127730,C816,634,0,0,0,0.0,634,634.0,0.0
2026-01-31,80804127,A672,64,0,0,11,0.0,53,53.0,0.0
2026-01-31,80804133,E569,16,0,2,3,0.0,15,15.0,0.0
2026-01-31,80807118,A715,469,0,0,8,0.0,461,461.0,0.0
2026-01-31,21029016,E568,4,0,0,0,0.0,4,4.0,0.0
2026-01-31,21315474,E556,20,0,0,4,0.0,16,16.0,0.0
2026-01-31,21162696,E564,6,0,0,0,0.0,6,6.0,0.0
2026-01-31,80791223,C816,64,0,0,0,0.0,64,64.0,0.0
2026-01-31,80804704,0386,656,0,0,0,655.0,1,1.0,0.0
2026-01-31,80807095,A716,66,0,0,4,0.0,62,62.0,0.0
2026-01-31,21128067,E568,6,0,0,0,0.0,6,6.0,0.0
2026-01-31,21118864,A715,15,0,0,0,0.0,15,15.0,0.0
2026-01-31,80807112,A673,1141,0,0,31,0.0,1110,1110.0,0.0
2026-01-31,21148509,A673,263,0,0,0,0.0,263,263.0,0.0
2026-01-31,21133493,C816,46,0,0,0,0.0,46,46.0,0.0
2026-01-31,80891759,A668,1,0,0,0,0.0,1,1.0,0.0
2026-01-31,80807122,C937,1,0,0,0,0.0,1,1.0,0.0
2026-01-31,80804703,A668,20,0,22,2,0.0,40,40.0,0.0
2026-01-31,21128377,C937,19,0,1,0,0.0,20,20.0,0.0
2026-01-31,80804138,E569,8,0,0,1,0.0,7,7.0,0.0
2026-01-31,21325164,A672,101,0,0,17,0.0,84,84.0,0.0
2026-01-31,80804706,A716,236,0,0,2,0.0,234,234.0,0.0
2026-01-31,21419490,A668,324,0,0,4,0.0,320,320.0,0.0
2026-01-31,21098519,A668,471,0,0,4,0.0,467,467.0,0.0
2026-01-31,80807096,C819,2,0,0,1,0.0,1,1.0,0.0
2026-01-31,80864469,A716,216,0,0,0,0.0,216,216.0,0.0
2026-01-31,80812839,E564,34,0,5,2,0.0,37,37.0,0.0
2026-01-31,80804705,A716,927,0,0,22,0.0,905,905.0,0.0
2026-01-31,80848026,C563,59,0,0,1,0.0,58,58.0,0.0
2026-01-31,21179704,A668,26,0,0,2,0.0,24,24.0,0.0
2026-01-31,80884850,A673,595,0,0,4,0.0,591,591.0,0.0
2026-01-31,80885920,A668,0,0,176,24,0.0,152,152.0,0.0
2026-01-31,80804135,C819,9,0,0,0,0.0,9,9.0,0.0
2026-01-31,21422791,A680,82,0,0,3,0.0,79,79.0,0.0
2026-01-31,21428668,A716,1019,0,0,3,0.0,1016,1016.0,0.0
2026-01-31,21325164,C810,1,0,2,0,2.0,1,1.0,0.0
2026-01-31,80807110,C816,302,0,0,11,19.0,272,272.0,0.0
2026-01-31,80807122,0386,1,0,0,0,0.0,1,1.0,0.0
2026-01-31,80807119,A672,327,0,0,37,0.0,290,290.0,0.0
2026-01-31,80812846,A668,226,0,0,10,0.0,216,216.0,0.0
2026-01-31,21419500,A680,10,0,0,3,0.0,7,7.0,0.0
2026-01-31,21127730,A673,531,0,0,3,1.0,527,527.0,0.0
2026-01-31,80804130,A680,53,0,0,3,0.0,50,50.0,0.0
2026-01-31,80851898,A716,248,0,0,2,0.0,246,246.0,0.0
2026-01-31,80791223,A673,73,0,0,0,0.0,73,73.0,0.0
2026-01-31,21170683,E556,6,0,0,2,0.0,4,4.0,0.0
2026-01-31,21113405,C937,5,0,0,0,0.0,5,5.0,0.0
2026-01-31,21314593,A668,129,0,0,8,0.0,121,121.0,0.0
2026-01-31,21463645,A680,35,0,0,0,0.0,35,35.0,0.0
2026-01-31,80804705,D901,80,0,0,4,0.0,76,76.0,0.0
2026-01-31,80807119,C810,5,0,0,0,0.0,5,5.0,0.0
2026-01-31,80884848,0386,1,0,0,0,0.0,1,1.0,0.0
2026-01-31,21133493,A673,92,0,0,7,0.0,85,85.0,0.0
2026-01-31,80807115,E556,15,0,14,4,0.0,25,25.0,0.0
2026-01-31,21315352,A673,296,0,0,13,8.0,275,275.0,0.0
2026-01-31,21301637,C937,24,0,0,0,0.0,24,24.0,0.0
2026-01-31,80884852,0386,3,0,0,0,0.0,3,3.0,0.0
2026-01-31,21151196,D767,6,0,2,1,0.0,7,7.0,0.0
2026-01-31,80868102,A715,291,0,1,1,0.0,291,291.0,0.0
2026-01-31,80812840,C816,689,0,0,12,5.0,672,672.0,0.0
2026-01-31,21314602,C816,51,0,0,2,4.0,45,45.0,0.0
2026-01-31,80807120,A680,259,0,0,4,0.0,255,255.0,0.0
2026-01-31,21133312,E569,5,0,0,0,0.0,5,5.0,0.0
2026-01-31,21141769,A673,314,0,0,18,0.0,296,296.0,0.0
2026-01-31,21118864,C816,122,0,0,1,0.0,121,121.0,0.0
2026-01-31,21121756,E564,5,0,0,1,0.0,4,4.0,0.0
2026-01-31,21304907,D767,5,0,0,1,0.0,4,4.0,0.0
2026-01-31,21155895,A716,85,0,0,2,0.0,83,83.0,0.0
2026-01-31,80884846,A716,97,0,0,0,0.0,97,97.0,0.0
2026-01-31,80807110,A673,579,0,0,52,4.0,523,523.0,0.0
2026-01-31,80804699,A680,14,0,0,2,0.0,12,12.0,0.0
2026-01-31,21325292,C937,23,0,0,1,0.0,22,22.0,0.0
2026-01-31,80864470,E569,8,0,0,1,0.0,7,7.0,0.0
2026-01-31,80840975,E569,12,0,0,0,0.0,12,12.0,0.0
2026-01-31,21170683,A715,11,0,0,0,0.0,11,11.0,0.0
2026-01-31,80812840,E568,17,0,0,1,0.0,16,16.0,0.0
2026-01-31,80848031,E564,4,0,0,0,0.0,4,4.0,0.0
2026-01-31,80804702,C937,1,0,0,0,0.0,1,1.0,0.0
2026-01-31,80848031,A716,1,0,165,0,0.0,166,166.0,0.0
2026-01-31,80831843,C816,2,0,0,0,0.0,2,2.0,0.0
2026-01-31,21315350,D767,18,0,0,5,0.0,13,13.0,0.0
2026-01-31,21434954,A716,32,0,0,3,0.0,29,29.0,0.0
2026-01-31,21121756,D901,9,0,1,0,0.0,10,10.0,0.0
2026-01-31,80848023,E569,33,0,0,3,0.0,30,30.0,0.0
2026-01-31,21325292,0386,0,2236,0,0,2232.0,4,4.0,0.0
2026-01-31,80807100,E569,16,0,2,2,0.0,16,16.0,0.0
2026-01-31,80838165,A680,147,0,18,4,0.0,161,161.0,0.0
2026-01-31,80812840,A673,1447,0,0,18,0.0,1429,1429.0,0.0
2026-01-31,21314602,A673,143,0,0,5,0.0,138,138.0,0.0
2026-01-31,80885921,0386,0,894,0,0,890.0,4,4.0,0.0
2026-01-31,21143102,A715,88,0,0,4,0.0,84,84.0,0.0
2026-01-31,21118864,A673,442,0,0,2,0.0,440,440.0,0.0
2026-01-31,80863645,0386,4,0,0,0,0.0,4,4.0,0.0
2026-01-31,80807092,A668,74,0,0,14,0.0,60,60.0,0.0
2026-01-31,21434952,0386,3,0,0,0,0.0,3,3.0,0.0
2026-01-31,80807113,C937,26,0,0,1,0.0,25,25.0,0.0
2026-01-31,80807096,A680,21,0,0,1,0.0,20,20.0,0.0
2026-01-31,80848031,D901,6,0,0,1,0.0,5,5.0,0.0
2026-01-31,80804698,D767,8,0,6,1,0.0,13,13.0,0.0
2026-01-31,21275914,E569,8,0,0,0,0.0,8,8.0,0.0
2026-01-31,80812338,C816,75,0,0,1,0.0,74,74.0,0.0
2026-01-31,80812103,0386,3,322,0,0,322.0,3,3.0,0.0
2026-01-31,80795932,0386,3,0,0,0,0.0,3,3.0,0.0
2026-01-31,80804135,A680,261,0,0,1,0.0,260,260.0,0.0
2026-01-31,80807112,A668,328,0,0,39,0.0,289,289.0,0.0
2026-01-31,21148509,A668,133,0,0,8,0.0,125,125.0,0.0
2026-01-31,80812099,A668,31,0,0,2,0.0,29,29.0,0.0
2026-01-31,80807105,C937,23,0,0,4,0.0,19,19.0,0.0
2026-01-31,80831843,A673,188,0,0,0,0.0,188,188.0,0.0
2026-01-31,21291975,A716,19,0,0,0,0.0,19,19.0,0.0
2026-01-31,21377091,0386,4,0,0,0,0.0,4,4.0,0.0
2026-01-31,21132988,E564,45,0,0,6,0.0,39,39.0,0.0
2026-01-31,80807116,C819,70,0,0,3,0.0,67,67.0,0.0
2026-01-31,80848025,A716,133,0,0,3,0.0,130,130.0,0.0
2026-01-31,80804136,A716,155,0,0,11,0.0,144,144.0,0.0
2026-01-31,80805852,A716,34,0,0,0,0.0,34,34.0,0.0
2026-01-31,21357275,A672,549,0,0,0,0.0,549,549.0,0.0
2026-01-31,80884850,A668,148,0,0,1,0.0,147,147.0,0.0
2026-01-31,80804129,A672,360,0,0,5,0.0,355,355.0,0.0
2026-01-31,80804137,A715,98,0,0,6,0.0,92,92.0,0.0
2026-01-31,21442897,A715,897,0,0,6,0.0,891,891.0,0.0
2026-01-31,80864469,E569,8,0,0,1,0.0,7,7.0,0.0
2026-01-31,80804130,E556,33,0,0,2,0.0,31,31.0,0.0
2026-01-31,80804705,E569,19,0,10,1,0.0,28,28.0,0.0
2026-01-31,80804704,E564,109,0,0,14,0.0,95,95.0,0.0
2026-01-31,80807102,D767,14,0,0,2,0.0,12,12.0,0.0
2026-01-31,21314594,A680,75,0,0,2,0.0,73,73.0,0.0
2026-01-31,21357275,C810,3,0,0,1,0.0,2,2.0,0.0
2026-01-31,80812338,A673,136,0,0,2,0.0,134,134.0,0.0
2026-01-31,80812839,E569,26,0,0,2,0.0,24,24.0,0.0
2026-01-31,21315350,C816,377,0,0,31,0.0,346,346.0,0.0
2026-01-31,21103372,D767,24,0,0,2,0.0,22,22.0,0.0
2026-01-31,21132758,C810,10,0,198,2,168.0,38,38.0,0.0
2026-01-31,21255844,C819,5,0,0,0,0.0,5,5.0,0.0
2026-01-31,80804132,A672,392,0,0,27,0.0,365,365.0,0.0
2026-01-31,80848024,A672,393,0,0,4,0.0,389,389.0,0.0
2026-01-31,80868102,A673,56,0,16,9,0.0,63,63.0,0.0
2026-01-31,80804136,D901,13,0,8,4,0.0,17,17.0,0.0
2026-01-31,80848029,A716,93,0,0,1,0.0,92,92.0,0.0
2026-01-31,21325164,0386,1,0,0,0,0.0,1,1.0,0.0
2026-01-31,21307836,C937,2,0,0,0,0.0,2,2.0,0.0
2026-01-31,80851898,E569,4,0,0,0,0.0,4,4.0,0.0
2026-01-31,21315352,A668,58,0,0,2,0.0,56,56.0,0.0
2026-01-31,80796091,C937,3,0,0,0,0.0,3,3.0,0.0
2026-01-31,80804132,C810,78,0,0,1,3.0,74,74.0,0.0
2026-01-31,21354246,A672,870,0,0,16,7.0,847,847.0,0.0
2026-01-31,80807120,E556,19,0,13,0,0.0,32,32.0,0.0
2026-01-31,21141769,A668,129,0,0,6,0.0,123,123.0,0.0
2026-01-31,21315350,E568,8,0,0,0,0.0,8,8.0,0.0
2026-01-31,80805856,A716,119,0,0,5,0.0,114,114.0,0.0
2026-01-31,80885919,C816,41,0,0,8,0.0,33,33.0,0.0
2026-01-31,80804698,C816,408,0,0,12,95.0,301,301.0,0.0
2026-01-31,21029016,C937,1,0,0,1,0.0,0,0.0,0.0
2026-01-31,21165946,A680,180,0,0,0,0.0,180,180.0,0.0
2026-01-31,21422791,A715,5,0,0,0,0.0,5,5.0,0.0
2026-01-31,21128067,C937,15,0,0,0,0.0,15,15.0,0.0
2026-01-31,21155895,C819,6,0,0,1,0.0,5,5.0,0.0
2026-01-31,80848029,D901,19,0,0,19,0.0,0,0.0,0.0
2026-01-31,21352461,A716,116,0,0,1,0.0,115,115.0,0.0
2026-01-31,80804134,C819,33,0,0,2,0.0,31,31.0,0.0
2026-01-31,21307836,0386,1,0,0,0,0.0,1,1.0,0.0
2026-01-31,80807110,A668,466,0,0,20,0.0,446,446.0,0.0
2026-01-31,21314876,E564,7,0,0,1,0.0,6,6.0,0.0
2026-01-31,80793613,E568,1,0,0,0,0.0,1,1.0,0.0
2026-01-31,21170691,A672,76,0,0,4,0.0,72,72.0,0.0
2026-01-31,21314876,A716,179,0,0,0,0.0,179,179.0,0.0
2026-01-31,21419500,A715,114,0,0,2,0.0,112,112.0,0.0
2026-01-31,80804130,A715,120,0,0,5,0.0,115,115.0,0.0
2026-01-31,80812110,E569,8,0,0,0,0.0,8,8.0,0.0
2026-01-31,21357021,A672,2227,0,0,0,0.0,2227,2227.0,0.0
2026-01-31,21143103,A680,31,0,0,0,0.0,31,31.0,0.0
2026-01-31,80848022,A716,99,0,0,3,0.0,96,96.0,0.0
2026-01-31,21165868,A680,15,0,0,0,0.0,15,15.0,0.0
2026-01-31,21121756,E569,5,0,0,0,0.0,5,5.0,0.0
2026-01-31,21170691,C810,718,0,0,1,0.0,717,717.0,0.0
2026-01-31,80804137,C816,139,0,0,5,13.0,121,121.0,0.0
2026-01-31,21314875,A716,45,0,0,0,0.0,45,45.0,0.0
2026-01-31,80804128,A672,671,0,0,18,9.0,644,644.0,0.0
2026-01-31,21315474,A672,236,0,0,19,0.0,217,217.0,0.0
2026-01-31,80812845,D767,77,0,0,9,0.0,68,68.0,0.0
2026-01-31,80807118,A668,269,0,0,18,0.0,251,251.0,0.0
2026-01-31,21314602,A668,20,0,0,1,0.0,19,19.0,0.0
2026-01-31,21314876,D901,19,0,4,0,0.0,23,23.0,0.0
2026-01-31,21113405,E564,6,0,0,0,0.0,6,6.0,0.0
2026-01-31,80848031,E569,10,0,0,1,0.0,9,9.0,0.0
2026-01-31,80807120,A715,76,0,0,3,0.0,73,73.0,0.0
2026-01-31,21137866,D767,41,0,36,7,0.0,70,70.0,0.0
2026-01-31,21176384,C816,76,0,0,1,0.0,75,75.0,0.0
2026-01-31,21118864,A668,83,0,0,2,0.0,81,81.0,0.0
2026-01-31,80885919,A673,237,0,0,22,0.0,215,215.0,0.0
2026-01-31,80804698,A673,91,0,37,19,0.0,109,109.0,0.0
2026-01-31,80807102,C816,173,0,0,20,7.0,146,146.0,0.0
2026-01-31,21171453,E564,3,0,0,0,0.0,3,3.0,0.0
2026-01-31,80804128,C810,4,0,0,0,0.0,4,4.0,0.0
2026-01-31,80807116,A680,316,0,0,41,0.0,275,275.0,0.0
2026-01-31,80807096,E556,64,0,8,2,0.0,70,70.0,0.0
2026-01-31,21103372,D191,2,0,0,0,0.0,2,2.0,0.0
2026-01-31,21315474,C810,90,0,0,0,7.0,83,83.0,0.0
2026-01-31,80804699,A715,75,0,0,1,0.0,74,74.0,0.0
2026-01-31,80804701,A715,1159,0,0,4,0.0,1155,1155.0,0.0
2026-01-31,21314875,D901,3,0,0,0,0.0,3,3.0,0.0
2026-01-31,21132758,C563,15,0,0,5,0.0,10,10.0,0.0
2026-01-31,80848026,A716,197,0,0,22,0.0,175,175.0,0.0
2026-01-31,21376841,A672,3177,0,0,0,0.0,3177,3177.0,0.0
2026-01-31,21121751,E556,15,0,0,0,0.0,15,15.0,0.0
2026-01-31,80807102,E568,4,0,0,0,0.0,4,4.0,0.0
2026-01-31,80804137,A673,315,0,225,9,4.0,527,527.0,0.0
2026-01-31,21103372,E568,3,0,0,0,0.0,3,3.0,0.0
2026-01-31,21255844,A680,1116,0,0,0,0.0,1116,1116.0,0.0
2026-01-31,21314595,E564,2,0,0,0,0.0,2,2.0,0.0
2026-01-31,21325292,E564,86,0,0,0,0.0,86,86.0,0.0
2026-01-31,21419500,C816,61,0,448,2,190.0,317,317.0,0.0
2026-01-31,80804133,D767,14,0,23,3,0.0,34,34.0,0.0
2026-01-31,21176384,A673,214,0,0,6,1.0,207,207.0,0.0
2026-01-31,80812841,A672,1603,0,0,120,0.0,1483,1483.0,0.0
2026-01-31,80848026,D901,10,0,2,12,0.0,0,0.0,0.0
2026-01-31,80804136,E569,24,0,1,0,0.0,25,25.0,0.0
2026-01-31,80807096,A715,243,0,0,12,0.0,231,231.0,0.0
2026-01-31,80807115,A672,400,0,0,13,0.0,387,387.0,0.0
2026-01-31,80793614,A680,9,0,0,0,0.0,9,9.0,0.0
2026-01-31,21118867,C816,41,0,0,4,0.0,37,37.0,0.0
2026-01-31,21170683,C810,7,0,0,0,2.0,5,5.0,0.0
2026-01-31,80812338,A668,15,0,0,1,0.0,14,14.0,0.0
2026-01-31,80812103,E564,10,0,0,1,0.0,9,9.0,0.0
2026-01-31,80868102,A668,9,0,10,4,0.0,15,15.0,0.0
2026-01-31,80804138,D767,6,0,0,0,0.0,6,6.0,0.0
2026-01-31,80804135,A715,187,0,0,0,0.0,187,187.0,0.0
2026-01-31,80812841,C810,47,0,0,2,4.0,41,41.0,0.0
2026-01-31,21103371,E295,171,0,12,0,0.0,183,183.0,0.0
2026-01-31,80804134,A680,104,0,150,17,0.0,237,237.0,0.0
2026-01-31,21314595,D901,19,0,12,6,0.0,25,25.0,0.0
2026-01-31,80804703,A716,349,0,0,0,0.0,349,349.0,0.0
2026-01-31,80812845,D191,43,0,0,5,0.0,38,38.0,0.0
2026-01-31,80807115,C810,76,0,0,14,0.0,62,62.0,0.0
2026-01-31,21419490,A716,206,0,0,1,0.0,205,205.0,0.0
2026-01-31,21098519,A716,132,0,0,14,0.0,118,118.0,0.0
2026-01-31,21422791,A673,3378,0,0,66,0.0,3312,3312.0,0.0
2026-01-31,21137866,C816,507,0,0,0,0.0,507,507.0,0.0
2026-01-31,21357275,0386,4,0,0,0,0.0,4,4.0,0.0
2026-01-31,21137866,D191,19,0,0,0,0.0,19,19.0,0.0
2026-01-31,21179704,A716,19,0,0,0,0.0,19,19.0,0.0
2026-01-31,80804701,C816,1222,0,0,3,179.0,1040,1040.0,0.0
2026-01-31,80848029,E569,10,0,0,0,0.0,10,10.0,0.0
2026-01-31,21419500,A673,249,0,33,20,0.0,262,262.0,0.0
2026-01-31,80885920,A716,510,0,0,3,0.0,507,507.0,0.0
2026-01-31,80812846,A716,85,0,0,4,0.0,81,81.0,0.0
2026-01-31,21463645,A673,1049,0,0,0,0.0,1049,1049.0,0.0
2026-01-31,21142560,C816,120,0,0,3,0.0,117,117.0,0.0
2026-01-31,80804127,E564,4,0,0,1,0.0,3,3.0,0.0
2026-01-31,80807090,A680,22,0,0,0,0.0,22,22.0,0.0
2026-01-31,80812845,E568,3,0,0,1,0.0,2,2.0,0.0
2026-01-31,21315474,C563,6,0,0,1,0.0,5,5.0,0.0
2026-01-31,21314593,A716,56,0,0,3,0.0,53,53.0,0.0
2026-01-31,21098519,D901,126,0,10,18,0.0,118,118.0,0.0
2026-01-31,21118867,A673,127,0,0,6,0.0,121,121.0,0.0
2026-01-31,80840976,E556,5,0,0,1,0.0,4,4.0,0.0
2026-01-31,21137866,E568,10,0,0,0,0.0,10,10.0,0.0
2026-01-31,21314594,A715,72,0,0,1,0.0,71,71.0,0.0
2026-01-31,80805856,E569,6,0,2,1,0.0,7,7.0,0.0
2026-01-31,80807093,A680,8,0,0,0,0.0,8,8.0,0.0
2026-01-31,21103371,C816,538,0,0,0,0.0,538,538.0,0.0
2026-01-31,80854083,A716,2,0,0,0,0.0,2,2.0,0.0
2026-01-31,21103371,D191,2,0,0,0,0.0,2,2.0,0.0
2026-01-31,21352461,E569,1,0,0,0,0.0,1,1.0,0.0
2026-01-31,80807097,C819,2,0,0,0,0.0,2,2.0,0.0
2026-01-31,80807120,A673,797,0,0,28,13.0,756,756.0,0.0
2026-01-31,21143102,A668,175,0,0,0,0.0,175,175.0,0.0
2026-01-31,80807095,E556,10,0,30,14,0.0,26,26.0,0.0
2026-01-31,80812846,D901,66,0,0,0,0.0,66,66.0,0.0
2026-01-31,80807089,D767,5,0,0,1,0.0,4,4.0,0.0
2026-01-31,21354246,0386,2272,0,0,0,0.0,2272,2272.0,0.0
2026-01-31,21137866,A673,362,0,396,55,16.0,687,687.0,0.0
2026-01-31,80804701,A673,390,0,119,143,11.0,355,355.0,0.0
2026-01-31,21151196,C937,15,0,0,0,0.0,15,15.0,0.0
2026-01-31,80804135,C816,637,0,0,4,0.0,633,633.0,0.0
2026-01-31,80864470,D767,14,0,0,5,0.0,9,9.0,0.0
2026-01-31,80840975,D767,7,0,0,1,0.0,6,6.0,0.0
2026-01-31,80807119,E564,7,0,0,2,0.0,5,5.0,0.0
2026-01-31,21165946,A715,30,0,0,0,0.0,30,30.0,0.0
2026-01-31,80807116,E556,31,0,4,6,0.0,29,29.0,0.0
2026-01-31,21357021,0386,4,0,0,0,0.0,4,4.0,0.0
2026-01-31,21304907,C937,5,0,0,0,0.0,5,5.0,0.0
2026-01-31,80804133,E568,4,0,0,0,0.0,4,4.0,0.0
2026-01-31,21325164,D901,4,0,0,0,0.0,4,4.0,0.0
2026-01-31,80848023,D767,28,0,0,9,0.0,19,19.0,0.0
2026-01-31,21143103,A715,61,0,0,0,0.0,61,61.0,0.0
2026-01-31,21151196,0386,1,0,0,0,0.0,1,1.0,0.0
2026-01-31,21103371,A673,609,0,0,58,0.0,551,551.0,0.0
2026-01-31,80807100,D767,37,0,0,2,0.0,35,35.0,0.0
2026-01-31,21165868,A715,29,0,0,0,0.0,29,29.0,0.0
2026-01-31,80804128,0386,0,1235,0,0,1232.0,3,3.0,0.0
2026-01-31,80804137,A668,50,0,67,3,0.0,114,114.0,0.0
2026-01-31,21442897,A668,69,0,29,19,0.0,79,79.0,0.0
2026-01-31,21255844,E556,1,0,0,0,0.0,1,1.0,0.0
2026-01-31,21315350,C937,143,0,2,10,0.0,135,135.0,0.0
2026-01-31,21442422,C816,1931,0,0,19,183.0,1729,1729.0,0.0
2026-01-31,80804138,E568,5,0,0,0,0.0,5,5.0,0.0
2026-01-31,80807119,D901,35,0,10,3,0.0,42,42.0,0.0
2026-01-31,80807096,A673,88,0,0,5,0.0,83,83.0,0.0
2026-01-31,80848026,E569,31,0,0,11,0.0,20,20.0,0.0
2026-01-31,21314594,C816,510,0,0,14,0.0,496,496.0,0.0
2026-01-31,80807092,A716,108,0,0,0,0.0,108,108.0,0.0
2026-01-31,80848021,A672,102,0,0,8,0.0,94,94.0,0.0
2026-01-31,80793613,C937,4,0,0,0,0.0,4,4.0,0.0
2026-01-31,80804135,A673,214,0,0,6,0.0,208,208.0,0.0
2026-01-31,80805850,A672,44,0,0,0,0.0,44,44.0,0.0
2026-01-31,80807116,A715,131,0,0,6,0.0,125,125.0,0.0
2026-01-31,21314595,E569,5,0,0,0,0.0,5,5.0,0.0
2026-01-31,80848021,C810,42,0,0,0,0.0,42,42.0,0.0
2026-01-31,21376841,0386,2,0,0,0,0.0,2,2.0,0.0
2026-01-31,21143110,C816,141,0,0,0,0.0,141,141.0,0.0
2026-01-31,80807112,A716,152,0,0,4,0.0,148,148.0,0.0
2026-01-31,21148509,A716,86,0,0,6,0.0,80,80.0,0.0
2026-01-31,21162696,D767,3,0,0,0,0.0,3,3.0,0.0
2026-01-31,80812099,A716,46,0,0,1,0.0,45,45.0,0.0
2026-01-31,21155895,E556,15,0,0,1,0.0,14,14.0,0.0
2026-01-31,21133312,D191,10,0,0,1,0.0,9,9.0,0.0
2026-01-31,80807089,C816,1045,0,38,18,244.0,821,821.0,0.0
2026-01-31,80807092,D901,63,0,5,0,0.0,68,68.0,0.0
2026-01-31,21165946,C816,185,0,0,4,0.0,181,181.0,0.0
2026-01-31,21255844,A715,3,0,0,0,0.0,3,3.0,0.0
2026-01-31,21419500,A668,24,0,6,0,0.0,30,30.0,0.0
2026-01-31,80848022,A680,727,0,0,31,0.0,696,696.0,0.0
2026-01-31,80804130,A668,58,0,73,3,0.0,128,128.0,0.0
2026-01-31,80848027,A680,70,0,0,2,0.0,68,68.0,0.0
2026-01-31,80807097,A680,29,0,2,1,0.0,30,30.0,0.0
2026-01-31,80812841,0386,4,0,0,0,0.0,4,4.0,0.0
2026-01-31,21314594,A673,515,0,0,12,4.0,499,499.0,0.0
2026-01-31,80863646,A672,353,0,0,5,0.0,348,348.0,0.0
2026-01-31,21431638,A672,293,0,0,15,0.0,278,278.0,0.0
2026-01-31,80812839,D767,5,0,0,0,0.0,5,5.0,0.0
2026-01-31,80807089,E568,2,0,0,0,0.0,2,2.0,0.0
2026-01-31,21098519,E569,4,0,0,0,0.0,4,4.0,0.0
2026-01-31,80807115,0386,2,0,0,0,0.0,2,2.0,0.0
2026-01-31,21165868,C816,59,0,0,1,0.0,58,58.0,0.0
2026-01-31,21142556,A672,1378,0,0,58,0.0,1320,1320.0,0.0
2026-01-31,80807090,E556,4,0,0,0,0.0,4,4.0,0.0
2026-01-31,80812154,C816,97,0,0,3,0.0,94,94.0,0.0
2026-01-31,21314593,C819,2,0,0,0,0.0,2,2.0,0.0
2026-01-31,21121752,A680,13,0,0,1,0.0,12,12.0,0.0
2026-01-31,21118867,A668,60,0,0,1,0.0,59,59.0,0.0
2026-01-31,80793614,A715,299,0,0,2,0.0,297,297.0,0.0
2026-01-31,80864470,E568,3,0,0,0,0.0,3,3.0,0.0
2026-01-31,80840975,E568,3,0,0,0,0.0,3,3.0,0.0
2026-01-31,80807093,E556,4,0,0,0,0.0,4,4.0,0.0
2026-01-31,21431638,C810,638,0,0,1,0.0,637,637.0,0.0
2026-01-31,80812846,E569,36,0,0,3,0.0,33,33.0,0.0
2026-01-31,21165816,C937,4,0,0,0,0.0,4,4.0,0.0
2026-01-31,80807102,C937,11,0,0,1,0.0,10,10.0,0.0
2026-01-31,80807089,A673,51,0,18,15,28.0,26,26.0,0.0
2026-01-31,21103372,C937,16,0,5,4,0.0,17,17.0,0.0
2026-01-31,21142556,C810,240,0,0,10,0.0,230,230.0,0.0
2026-01-31,21315352,A716,40,0,0,1,0.0,39,39.0,0.0
2026-01-31,21128377,A680,153,0,0,28,0.0,125,125.0,0.0
2026-01-31,80804127,E569,5,0,0,0,0.0,5,5.0,0.0
2026-01-31,80804134,A715,95,0,0,5,0.0,90,90.0,0.0
2026-01-31,80807120,A668,560,0,0,29,0.0,531,531.0,0.0
2026-01-31,21165946,A673,1828,0,0,85,0.0,1743,1743.0,0.0
2026-01-31,21165946,E467,11,0,0,3,0.0,8,8.0,0.0
2026-01-31,21141769,A716,108,0,0,6,0.0,102,102.0,0.0
2026-01-31,80848023,E568,4,0,0,2,0.0,2,2.0,0.0
2026-01-31,80804699,A668,25,0,0,2,0.0,23,23.0,0.0
2026-01-31,80804701,A668,85,0,0,9,0.0,76,76.0,0.0
2026-01-31,80812154,E568,2,0,0,0,0.0,2,2.0,0.0
2026-01-31,80807100,E568,2,0,0,0,0.0,2,2.0,0.0
2026-01-31,80804129,E564,8,0,0,0,0.0,8,8.0,0.0
2026-01-31,21132758,A716,176,0,0,8,0.0,168,168.0,0.0
2026-01-31,80807110,A716,400,0,0,4,0.0,396,396.0,0.0
2026-01-31,21121751,A672,242,0,0,12,4.0,226,226.0,0.0
2026-01-31,21170686,A680,41,0,0,1,0.0,40,40.0,0.0
2026-01-31,21325164,E569,4,0,0,0,0.0,4,4.0,0.0
2026-01-31,80807105,C819,8,0,0,2,0.0,6,6.0,0.0
2026-01-31,80804134,E295,0,0,79,4,0.0,75,75.0,0.0
2026-01-31,21165868,A673,504,0,0,2,1.0,501,501.0,0.0
2026-01-31,21315352,D901,3,0,4,2,0.0,5,5.0,0.0
2026-01-31,21162696,C816,39,0,0,6,0.0,33,33.0,0.0
2026-01-31,21121756,D767,7,0,0,3,0.0,4,4.0,0.0
2026-01-31,80807090,A715,68,0,0,1,0.0,67,67.0,0.0
2026-01-31,80848025,E556,11,0,2,0,0.0,13,13.0,0.0
2026-01-31,80804132,E564,66,0,0,19,0.0,47,47.0,0.0
2026-01-31,80805852,E556,3,0,0,0,0.0,3,3.0,0.0
2026-01-31,80812154,A673,451,0,0,19,0.0,432,432.0,0.0
2026-01-31,80807114,C819,2,0,0,0,0.0,2,2.0,0.0
2026-01-31,80804132,A716,172,0,80,5,0.0,247,247.0,0.0
2026-01-31,21141769,D901,54,0,8,3,0.0,59,59.0,0.0
2026-01-31,80807093,A715,61,0,0,0,0.0,61,61.0,0.0
2026-01-31,21103371,A668,371,0,0,78,0.0,293,293.0,0.0
2026-01-31,80807119,E569,12,0,0,1,0.0,11,11.0,0.0
2026-01-31,21132758,D901,45,0,22,26,0.0,41,41.0,0.0
2026-01-31,21301637,A680,210,0,0,1,0.0,209,209.0,0.0
2026-01-31,80807118,A716,270,0,0,3,0.0,267,267.0,0.0
2026-01-31,80863643,A672,733,0,0,14,0.0,719,719.0,0.0
2026-01-31,80857738,A680,2,0,0,0,0.0,2,2.0,0.0
2026-01-31,21314602,A716,26,0,0,0,0.0,26,26.0,0.0
2026-01-31,80807116,A673,572,0,0,82,33.0,457,457.0,0.0
2026-01-31,21162696,E568,3,0,0,0,0.0,3,3.0,0.0
2026-01-31,80807096,A668,56,0,0,6,0.0,50,50.0,0.0
2026-01-31,80807120,C563,33,0,0,4,0.0,29,29.0,0.0
2026-01-31,21118864,A716,27,0,0,0,0.0,27,27.0,0.0
2026-01-31,80795933,A680,9,0,0,0,0.0,9,9.0,0.0
2026-01-31,80804703,A680,10,0,0,1,0.0,9,9.0,0.0
2026-01-31,80812845,C937,69,0,2,5,0.0,66,66.0,0.0
2026-01-31,80804132,D901,18,0,0,3,0.0,15,15.0,0.0
2026-01-31,80804135,A668,43,0,0,1,0.0,42,42.0,0.0
2026-01-31,80863643,C810,23,0,0,1,11.0,11,11.0,0.0
2026-01-31,21138340,A672,1282,0,0,48,0.0,1234,1234.0,0.0
2026-01-31,80868100,A672,68,0,0,2,0.0,66,66.0,0.0
2026-01-31,21162696,A673,89,0,0,8,0.0,81,81.0,0.0
2026-01-31,80885920,A680,83,0,0,4,0.0,79,79.0,0.0
2026-01-31,80807118,D901,155,0,25,42,0.0,138,138.0,0.0
2026-01-31,21139445,C816,726,0,0,34,152.0,540,540.0,0.0
2026-01-31,80807092,E569,5,0,0,0,0.0,5,5.0,0.0
2026-01-31,21148509,C819,11,0,0,1,0.0,10,10.0,0.0
2026-01-31,80868101,A672,713,0,0,2,0.0,711,711.0,0.0
2026-01-31,80848028,C816,438,0,0,4,48.0,386,386.0,0.0
2026-01-31,21127799,C816,64,0,0,4,0.0,60,60.0,0.0
2026-01-31,21029016,C819,4,0,0,0,0.0,4,4.0,0.0
2026-01-31,21303404,E556,4,0,15,4,0.0,15,15.0,0.0
2026-01-31,21128067,C819,19,0,0,1,0.0,18,18.0,0.0
2026-01-31,80804128,E564,18,0,0,1,0.0,17,17.0,0.0
2026-01-31,80868100,C810,8,0,0,0,0.0,8,8.0,0.0
2026-01-31,21421149,0386,1,0,0,0,0.0,1,1.0,0.0
2026-01-31,80848021,0386,1,0,0,0,0.0,1,1.0,0.0
2026-01-31,21275914,A672,220,0,0,1,0.0,219,219.0,0.0
2026-01-31,80812099,E569,5,0,0,0,0.0,5,5.0,0.0
2026-01-31,80848022,E556,2,0,0,1,0.0,1,1.0,0.0
2026-01-31,80840976,A672,584,0,0,7,1.0,576,576.0,0.0
2026-01-31,80805850,0386,3,0,0,0,0.0,3,3.0,0.0
2026-01-31,80848027,E556,1,0,0,0,0.0,1,1.0,0.0
2026-01-31,21314594,A668,87,0,0,0,0.0,87,87.0,0.0
2026-01-31,21132988,D767,28,0,0,4,0.0,24,24.0,0.0
2026-01-31,80848028,E568,16,0,0,1,0.0,15,15.0,0.0
2026-01-31,80804133,C937,16,0,0,0,0.0,16,16.0,0.0
2026-01-31,80804134,A673,1527,0,0,87,0.0,1440,1440.0,0.0
2026-01-31,80807095,A672,386,0,0,21,0.0,365,365.0,0.0
2026-01-31,80804134,E467,19,0,0,4,0.0,15,15.0,0.0
2026-01-31,80868102,A716,22,0,0,1,0.0,21,21.0,0.0
2026-01-31,80804128,D901,4,0,0,0,0.0,4,4.0,0.0
2026-01-31,80863646,C937,3,0,0,0,0.0,3,3.0,0.0
2026-01-31,21315474,D901,8,0,0,8,0.0,0,0.0,0.0
2026-01-31,80807105,A680,127,0,0,3,0.0,124,124.0,0.0
2026-01-31,80848028,A673,427,0,0,6,0.0,421,421.0,0.0
2026-01-31,80804138,C937,9,0,0,1,0.0,8,8.0,0.0
2026-01-31,21127799,A673,69,0,0,3,0.0,66,66.0,0.0
2026-01-31,21121756,E568,7,0,0,0,0.0,7,7.0,0.0
2026-01-31,21377504,A680,26,0,0,0,0.0,26,26.0,0.0
2026-01-31,80807095,C810,0,0,1,1,0.0,0,0.0,0.0
2026-01-31,80804706,A672,74,0,0,2,0.0,72,72.0,0.0
2026-01-31,21165946,A668,79,0,0,5,0.0,74,74.0,0.0
2026-01-31,80807114,A680,59,0,0,1,0.0,58,58.0,0.0
2026-01-31,80864469,A672,177,0,0,7,0.0,170,170.0,0.0
2026-01-31,80804705,A672,182,0,0,37,0.0,145,145.0,0.0
2026-01-31,80863646,0386,4,0,0,0,0.0,4,4.0,0.0
2026-01-31,21425098,0386,4137,0,0,0,0.0,4137,4137.0,0.0
2026-01-31,21170683,A716,69,0,0,2,0.0,67,67.0,0.0
2026-01-31,21431638,0386,1,0,0,0,0.0,1,1.0,0.0
2026-01-31,80848022,A715,125,0,162,1,0.0,286,286.0,0.0
2026-01-31,21315352,E569,3,0,0,0,0.0,3,3.0,0.0
2026-01-31,80848027,A715,96,0,0,0,0.0,96,96.0,0.0
2026-01-31,80807097,A715,25,0,0,1,0.0,24,24.0,0.0
2026-01-31,80812841,E564,39,0,3,5,0.0,37,37.0,0.0
2026-01-31,21142556,0386,2,0,0,0,0.0,2,2.0,0.0
2026-01-31,21428668,A672,417,0,0,38,0.0,379,379.0,0.0
2026-01-31,21143103,A668,70,0,0,0,0.0,70,70.0,0.0
2026-01-31,80804706,C810,188,0,0,1,0.0,187,187.0,0.0
2026-01-31,80805856,D767,7,0,4,11,0.0,0,0.0,0.0
2026-01-31,80807093,A673,100,0,41,3,0.0,138,138.0,0.0
2026-01-31,21165868,A668,112,0,0,0,0.0,112,112.0,0.0
2026-01-31,80807115,E564,136,0,0,1,0.0,135,135.0,0.0
2026-01-31,80864469,C810,183,0,0,4,0.0,179,179.0,0.0
2026-01-31,80804705,C810,275,0,0,11,23.0,241,241.0,0.0
2026-01-31,21141769,E569,7,0,0,1,0.0,6,6.0,0.0
2026-01-31,80851898,A672,1576,0,0,19,0.0,1557,1557.0,0.0
2026-01-31,21357275,E569,1,0,0,0,0.0,1,1.0,0.0
2026-01-31,21121752,A715,4,0,0,0,0.0,4,4.0,0.0
2026-01-31,21132758,E569,7,0,0,0,0.0,7,7.0,0.0
2026-01-31,21143102,A716,111,0,0,6,0.0,105,105.0,0.0
2026-01-31,21170683,D901,68,0,0,13,0.0,55,55.0,0.0
2026-01-31,21128377,A715,74,0,0,2,0.0,72,72.0,0.0
2026-01-31,80796091,A680,145,0,0,4,0.0,141,141.0,0.0
2026-01-31,21366842,C816,55,0,0,0,0.0,55,55.0,0.0
2026-01-31,21132988,C816,219,0,142,15,1.0,345,345.0,0.0
2026-01-31,80804132,E569,19,0,0,1,0.0,18,18.0,0.0
2026-01-31,80812840,C819,13,0,0,1,0.0,12,12.0,0.0
2026-01-31,21132988,D191,13,0,0,0,0.0,13,13.0,0.0
2026-01-31,21143110,C937,2,0,0,0,0.0,2,2.0,0.0
2026-01-31,80807116,A668,413,0,0,19,0.0,394,394.0,0.0
2026-01-31,80852695,A715,2,0,0,0,0.0,2,2.0,0.0
2026-01-31,80807115,D901,25,0,0,25,0.0,0,0.0,0.0
2026-01-31,80812110,A672,97,0,0,4,0.0,93,93.0,0.0
2026-01-31,21121751,0386,1,0,0,0,0.0,1,1.0,0.0
2026-01-31,21128067,A680,127,0,0,7,0.0,120,120.0,0.0
2026-01-31,21155895,A672,345,0,0,12,0.0,333,333.0,0.0
2026-01-31,80884846,A672,12,0,0,0,0.0,12,12.0,0.0
2026-01-31,21113405,D767,4,0,0,4,0.0,0,0.0,0.0
2026-01-31,21143102,D901,21,0,0,5,0.0,16,16.0,0.0
2026-01-31,80807118,E569,29,0,0,6,0.0,23,23.0,0.0
2026-01-31,80793615,C937,2,0,1,0,0.0,3,3.0,0.0
2026-01-31,21170686,A715,16,0,0,0,0.0,16,16.0,0.0
2026-01-31,21179704,E556,10,0,4,1,0.0,13,13.0,0.0
2026-01-31,80864470,C937,12,0,4,0,0.0,16,16.0,0.0
2026-01-31,80840975,C937,3,0,0,0,0.0,3,3.0,0.0
2026-01-31,80884850,A680,0,0,137,6,0.0,131,131.0,0.0
2026-01-31,80804704,C816,516,0,4086,21,1059.0,3522,3522.0,0.0
2026-01-31,21171453,D767,5,0,0,0,0.0,5,5.0,0.0
2026-01-31,80804704,D191,16,0,0,1,0.0,15,15.0,0.0
2026-01-31,21132988,E568,6,0,0,2,0.0,4,4.0,0.0
2026-01-31,21155895,C810,12,0,0,1,3.0,8,8.0,0.0
2026-01-31,21255844,A668,129,0,0,2,0.0,127,127.0,0.0
2026-01-31,80807091,C816,345,0,0,12,0.0,333,333.0,0.0
2026-01-31,21127730,A680,394,0,0,6,0.0,388,388.0,0.0
2026-01-31,80807097,C816,173,0,0,3,0.0,170,170.0,0.0
2026-01-31,80791223,A680,14,0,0,0,0.0,14,14.0,0.0
2026-01-31,80804137,A716,64,0,0,2,0.0,62,62.0,0.0
2026-01-31,80884845,0386,2,0,0,0,0.0,2,2.0,0.0
2026-01-31,80868100,C937,4,0,0,0,0.0,4,4.0,0.0
2026-01-31,21434954,A672,265,0,0,15,0.0,250,250.0,0.0
2026-01-31,21314593,E556,20,0,0,1,0.0,19,19.0,0.0
2026-01-31,21442897,A716,653,0,0,2,0.0,651,651.0,0.0
2026-01-31,80848023,C937,43,0,26,5,0.0,64,64.0,0.0
2026-01-31,80793615,0386,3,0,0,0,0.0,3,3.0,0.0
2026-01-31,21366842,A673,235,0,0,0,0.0,235,235.0,0.0
2026-01-31,21301637,A715,47,0,0,0,0.0,47,47.0,0.0
2026-01-31,80807090,A672,79,0,0,2,0.0,77,77.0,0.0
2026-01-31,80807100,C937,4,0,0,0,0.0,4,4.0,0.0
2026-01-31,80868101,C937,4,0,0,0,0.0,4,4.0,0.0
2026-01-31,80804704,E568,11,0,0,2,0.0,9,9.0,0.0
2026-01-31,21121752,C816,191,0,0,3,0.0,188,188.0,0.0
2026-01-31,80793614,A668,9,0,0,0,0.0,9,9.0,0.0
2026-01-31,80795933,A715,7,0,0,0,0.0,7,7.0,0.0
2026-01-31,80804703,A715,471,0,0,2,0.0,469,469.0,0.0
2026-01-31,21325292,D767,30,0,1,3,0.0,28,28.0,0.0
2026-01-31,21138340,0386,1,0,0,0,0.0,1,1.0,0.0
2026-01-31,80807090,C810,65,0,0,0,0.0,65,65.0,0.0
2026-01-31,80804128,E569,8,0,0,2,0.0,6,6.0,0.0
2026-01-31,80807116,C563,20,0,0,4,0.0,16,16.0,0.0
2026-01-31,80868100,0386,2,0,0,0,0.0,2,2.0,0.0
2026-01-31,80804134,A668,311,0,0,17,0.0,294,294.0,0.0
2026-01-31,80807122,C816,31,0,0,2,4.0,25,25.0,0.0
2026-01-31,21315474,E569,8,0,0,1,0.0,7,7.0,0.0
2026-01-31,21303404,A673,430,0,432,30,0.0,832,832.0,0.0
2026-01-31,80804704,A673,785,0,0,87,7.0,691,691.0,0.0
2026-01-31,80868101,0386,2,0,0,0,0.0,2,2.0,0.0
2026-01-31,80885920,A715,436,0,0,3,0.0,433,433.0,0.0
2026-01-31,80804702,A715,63,0,0,0,0.0,63,63.0,0.0
2026-01-31,80807105,E556,28,0,14,0,0.0,42,42.0,0.0
2026-01-31,80807091,A673,551,0,0,12,3.0,536,536.0,0.0
2026-01-31,21422791,A716,13,0,0,0,0.0,13,13.0,0.0
2026-01-31,21291975,A672,208,0,0,1,0.0,207,207.0,0.0
2026-01-31,80848027,A673,208,0,0,3,6.0,199,199.0,0.0
2026-01-31,80807097,A673,107,0,4,4,3.0,104,104.0,0.0
2026-01-31,21377504,E556,4,0,0,0,0.0,4,4.0,0.0
2026-01-31,80884848,C816,422,0,0,0,4.0,418,418.0,0.0
2026-01-31,21275914,0386,358,0,0,0,35.0,323,323.0,0.0
2026-01-31,21314876,E568,4,0,0,0,0.0,4,4.0,0.0
2026-01-31,21419500,A716,88,0,0,0,0.0,88,88.0,0.0
2026-01-31,80804130,A716,29,0,0,0,0.0,29,29.0,0.0
2026-01-31,80804136,A672,963,0,0,49,10.0,904,904.0,0.0
2026-01-31,80848025,A672,611,0,0,17,1.0,593,593.0,0.0
2026-01-31,80805852,A672,19,0,0,2,0.0,17,17.0,0.0
2026-01-31,21113405,C816,471,0,0,4,0.0,467,467.0,0.0
2026-01-31,21121752,A673,120,0,0,6,0.0,114,114.0,0.0
2026-01-31,80805850,E564,3,0,0,0,0.0,3,3.0,0.0
2026-01-31,21419485,A680,93,0,0,17,0.0,76,76.0,0.0
2026-01-31,21171453,C816,89,0,0,3,0.0,86,86.0,0.0
2026-01-31,80807093,A668,6,0,0,0,0.0,6,6.0,0.0
2026-01-31,80807095,0386,3,0,0,0,2.0,1,1.0,0.0
2026-01-31,80812840,A680,238,0,0,7,0.0,231,231.0,0.0
2026-01-31,21314602,A680,104,0,0,2,0.0,102,102.0,0.0
2026-01-31,80804136,C810,48,0,0,15,0.0,33,33.0,0.0
2026-01-31,21118867,A716,30,0,0,0,0.0,30,30.0,0.0
2026-01-31,80807122,A673,101,0,15,3,0.0,113,113.0,0.0
2026-01-31,80812839,C937,4,0,0,0,0.0,4,4.0,0.0
2026-01-31,21128377,A673,534,0,0,17,0.0,517,517.0,0.0
2026-01-31,21315350,C819,2,0,0,0,0.0,2,2.0,0.0
2026-01-31,80804127,D767,9,0,0,2,0.0,7,7.0,0.0
2026-01-31,21472283,A672,102,0,0,0,0.0,102,102.0,0.0
2026-01-31,80804130,D901,2,0,0,1,0.0,1,1.0,0.0
2026-01-31,80848029,A672,703,0,0,38,0.0,665,665.0,0.0
2026-01-31,80807120,A716,67,0,0,2,0.0,65,65.0,0.0
2026-01-31,21113405,E568,8,0,0,0,0.0,8,8.0,0.0
2026-01-31,80804706,0386,1,0,0,0,0.0,1,1.0,0.0
2026-01-31,80848021,D901,74,0,33,0,0.0,107,107.0,0.0
2026-01-31,80807105,A715,61,0,0,2,0.0,59,59.0,0.0
2026-01-31,80864469,0386,1,0,0,0,0.0,1,1.0,0.0
2026-01-31,80807115,E569,66,0,2,0,0.0,68,68.0,0.0
2026-01-31,80804705,0386,1,0,0,0,0.0,1,1.0,0.0
2026-01-31,21377504,A715,58,0,0,1,0.0,57,57.0,0.0
2026-01-31,80804699,A716,105,0,0,0,0.0,105,105.0,0.0
2026-01-31,80804701,A716,38,0,0,2,0.0,36,36.0,0.0
2026-01-31,21139445,C937,2,0,0,2,0.0,0,0.0,0.0
2026-01-31,80807114,A715,144,0,0,2,0.0,142,142.0,0.0
2026-01-31,21325292,C816,230,0,0,32,5.0,193,193.0,0.0
2026-01-31,21148509,E556,12,0,0,4,0.0,8,8.0,0.0
2026-01-31,80848029,C810,0,0,1,0,0.0,1,1.0,0.0
2026-01-31,21325164,D767,0,0,16,0,0.0,16,16.0,0.0
2026-01-31,21416910,A672,441,0,0,0,0.0,441,441.0,0.0
2026-01-31,21143102,E569,6,0,0,0,0.0,6,6.0,0.0
2026-01-31,21428668,0386,2,0,0,0,0.0,2,2.0,0.0
2026-01-31,21113405,A673,230,0,0,3,0.0,227,227.0,0.0
2026-01-31,80805856,A672,504,0,0,26,14.0,464,464.0,0.0
2026-01-31,80885921,C816,60,0,0,9,0.0,51,51.0,0.0
2026-01-31,21128067,E556,8,0,0,1,0.0,7,7.0,0.0
2026-01-31,80804702,C816,587,0,0,6,19.0,562,562.0,0.0
2026-01-31,80863645,C816,396,0,0,2,0.0,394,394.0,0.0
2026-01-31,80807120,D901,75,0,18,13,0.0,80,80.0,0.0
2026-01-31,21352461,A672,333,0,0,9,0.0,324,324.0,0.0
2026-01-31,80807119,D767,8,0,1,1,0.0,8,8.0,0.0
2026-01-31,80812103,C816,68,0,0,9,0.0,59,59.0,0.0
2026-01-31,21301637,A673,1526,0,0,79,0.0,1447,1447.0,0.0
2026-01-31,80795932,C816,292,0,0,3,0.0,289,289.0,0.0
2026-01-31,21103371,A716,103,0,0,0,0.0,103,103.0,0.0
2026-01-31,21325292,E568,7,0,0,1,0.0,6,6.0,0.0
2026-01-31,80857738,A673,1,0,12,0,0.0,13,13.0,0.0
2026-01-31,21121756,C937,9,0,0,1,0.0,8,8.0,0.0
2026-01-31,80848022,A672,706,0,0,53,18.0,635,635.0,0.0
2026-01-31,80812338,A680,83,0,0,1,0.0,82,82.0,0.0
2026-01-31,80804137,C819,9,0,0,0,0.0,9,9.0,0.0
2026-01-31,21314875,A672,50,0,0,5,0.0,45,45.0,0.0
2026-01-31,80807113,C816,2072,0,0,22,3.0,2047,2047.0,0.0
2026-01-31,80807096,A716,63,0,0,1,0.0,62,62.0,0.0
2026-01-31,80796091,A715,171,0,0,0,0.0,171,171.0,0.0
2026-01-31,80812110,0386,4,0,0,0,0.0,4,4.0,0.0
2026-01-31,21377091,C816,177,0,0,0,0.0,177,177.0,0.0
2026-01-31,80848022,C810,18,0,0,3,0.0,15,15.0,0.0
2026-01-31,21325292,A673,439,0,0,17,0.0,422,422.0,0.0
2026-01-31,80807117,C816,311,0,0,0,15.0,296,296.0,0.0
2026-01-31,80848031,C937,11,0,0,2,0.0,9,9.0,0.0
2026-01-31,80804135,A716,271,0,0,1,0.0,270,270.0,0.0
2026-01-31,21133493,E556,148,0,0,20,0.0,128,128.0,0.0
2026-01-31,80884846,0386,1,0,0,0,0.0,1,1.0,0.0
2026-01-31,21121751,E564,4,0,0,1,0.0,3,3.0,0.0
2026-01-31,21434954,C937,3,0,0,0,0.0,3,3.0,0.0
2026-01-31,80807102,C819,4,0,0,0,0.0,4,4.0,0.0
2026-01-31,80885921,A673,194,0,0,9,0.0,185,185.0,0.0
2026-01-31,21128067,A715,244,0,0,6,0.0,238,238.0,0.0
2026-01-31,80804702,A673,39,0,6,4,0.0,41,41.0,0.0
2026-01-31,80807105,C816,279,0,0,20,7.0,252,252.0,0.0
2026-01-31,21304907,A680,53,0,0,1,0.0,52,52.0,0.0
2026-01-31,80884850,A715,1,0,0,0,0.0,1,1.0,0.0
2026-01-31,80807096,D901,76,0,0,7,0.0,69,69.0,0.0
2026-01-31,80812103,A673,120,0,0,8,0.0,112,112.0,0.0
2026-01-31,80848026,A672,712,0,0,130,7.0,575,575.0,0.0
2026-01-31,80807110,E556,40,0,10,7,0.0,43,43.0,0.0
2026-01-31,21434954,0386,1,0,0,0,0.0,1,1.0,0.0
2026-01-31,80807091,A668,286,0,0,8,0.0,278,278.0,0.0
2026-01-31,80848027,A668,42,0,0,1,0.0,41,41.0,0.0
2026-01-31,21127730,A715,163,0,0,0,0.0,163,163.0,0.0
2026-01-31,80807097,A668,37,0,0,1,0.0,36,36.0,0.0
2026-01-31,80791223,A715,16,0,0,0,0.0,16,16.0,0.0
2026-01-31,21315350,A680,198,0,0,8,0.0,190,190.0,0.0
2026-01-31,21121751,D901,28,0,2,6,0.0,24,24.0,0.0
2026-01-31,80804127,E568,1,0,0,0,0.0,1,1.0,0.0
2026-01-31,80807113,A673,483,0,0,30,22.0,431,431.0,0.0
2026-01-31,80848026,C810,322,0,0,36,48.0,238,238.0,0.0
2026-01-31,21314594,A716,55,0,0,1,0.0,54,54.0,0.0
2026-01-31,80807117,A673,112,0,12,22,0.0,102,102.0,0.0
2026-01-31,21121752,A668,10,0,0,0,0.0,10,10.0,0.0
2026-01-31,21422791,E569,1,0,0,0,0.0,1,1.0,0.0
2026-01-31,21127730,E295,332,0,16,30,0.0,318,318.0,0.0
2026-01-31,80804136,C937,30,0,1,1,0.0,30,30.0,0.0
2026-01-31,80812840,E556,34,0,7,7,0.0,34,34.0,0.0
2026-01-31,21132988,C937,18,0,0,2,0.0,16,16.0,0.0
2026-01-31,21307836,C816,293,0,0,5,47.0,241,241.0,0.0
2026-01-31,80804130,E569,15,0,0,0,0.0,15,15.0,0.0
2026-01-31,80807105,A673,675,0,0,5,16.0,654,654.0,0.0
2026-01-31,80807122,A668,0,0,28,0,0.0,28,28.0,0.0
2026-01-31,21325164,E568,5,0,0,0,0.0,5,5.0,0.0
2026-01-31,21118867,C819,5,0,0,0,0.0,5,5.0,0.0
2026-01-31,21128377,A668,199,0,0,8,0.0,191,191.0,0.0
2026-01-31,80807105,E467,41,0,0,5,0.0,36,36.0,0.0
2026-01-31,80807100,E564,75,0,0,5,0.0,70,70.0,0.0
2026-01-31,80885919,A680,61,0,0,0,0.0,61,61.0,0.0
2026-01-31,80804698,A680,44,0,0,2,0.0,42,42.0,0.0
2026-01-31,80838162,C816,163,0,0,0,0.0,163,163.0,0.0
2026-01-31,21291975,0386,1,0,0,0,1.0,0,0.0,0.0
2026-01-31,80804703,A672,55,0,0,9,0.0,46,46.0,0.0
2026-01-31,21165946,A716,150,0,0,2,0.0,148,148.0,0.0
2026-01-31,21419490,A672,779,0,0,30,0.0,749,749.0,0.0
2026-01-31,80848025,0386,0,3616,0,0,3613.0,3,3.0,0.0
2026-01-31,21098519,A672,1153,0,0,149,0.0,1004,1004.0,0.0
2026-01-31,80804136,0386,1,1421,0,0,1418.0,4,4.0,0.0
2026-01-31,80807119,E568,5,0,0,0,0.0,5,5.0,0.0
2026-01-31,21179704,A672,166,0,0,12,0.0,154,154.0,0.0
2026-01-31,21170686,A668,60,0,0,0,0.0,60,60.0,0.0
2026-01-31,80885920,A672,89,0,0,25,0.0,64,64.0,0.0
2026-01-31,80807120,E569,20,0,0,0,0.0,20,20.0,0.0
2026-01-31,80891759,C810,2,0,0,0,0.0,2,2.0,0.0
2026-01-31,80804703,C810,446,0,0,3,0.0,443,443.0,0.0
2026-01-31,21143103,A716,112,0,0,0,0.0,112,112.0,0.0
2026-01-31,80812846,A672,1163,0,1311,79,26.0,2369,2369.0,0.0
2026-01-31,21165868,A716,21,0,0,0,0.0,21,21.0,0.0
2026-01-31,21098519,C810,191,0,0,0,4.0,187,187.0,0.0
2026-01-31,21419485,A715,272,0,0,7,0.0,265,265.0,0.0
2026-01-31,21132758,D767,9,0,0,4,0.0,5,5.0,0.0
2026-01-31,80804699,E569,4,0,0,0,0.0,4,4.0,0.0
2026-01-31,80807095,E564,62,0,3,16,0.0,49,49.0,0.0
2026-01-31,80804129,D767,13,0,0,0,0.0,13,13.0,0.0
2026-01-31,21314593,A672,287,0,0,6,0.0,281,281.0,0.0
2026-01-31,21307836,A673,116,0,45,9,0.0,152,152.0,0.0
2026-01-31,80812840,A715,211,0,0,7,0.0,204,204.0,0.0
2026-01-31,21314602,A715,253,0,0,6,0.0,247,247.0,0.0
2026-01-31,21472283,0386,1,0,0,0,0.0,1,1.0,0.0
2026-01-31,80805856,C937,15,0,0,6,0.0,9,9.0,0.0
2026-01-31,21176384,A680,22,0,0,1,0.0,21,21.0,0.0
2026-01-31,21301637,A668,198,0,0,0,0.0,198,198.0,0.0
2026-01-31,80796091,A673,627,0,0,21,0.0,606,606.0,0.0
2026-01-31,21137621,A672,990,0,0,93,0.0,897,897.0,0.0
2026-01-31,21127800,A672,729,0,0,33,0.0,696,696.0,0.0
2026-01-31,80807102,A680,246,0,0,9,0.0,237,237.0,0.0
2026-01-31,80857738,A668,2,0,0,0,0.0,2,2.0,0.0
2026-01-31,80812846,C810,28,0,0,3,0.0,25,25.0,0.0
2026-01-31,80838162,A673,646,0,3,1,0.0,648,648.0,0.0
2026-01-31,21103372,A680,97,0,0,0,0.0,97,97.0,0.0
2026-01-31,80804132,D767,33,0,23,0,0.0,56,56.0,0.0
2026-01-31,80840976,D901,28,0,5,0,0.0,33,33.0,0.0
2026-01-31,80795933,A668,56,0,0,0,0.0,56,56.0,0.0
2026-01-31,21143103,D901,28,0,6,3,0.0,31,31.0,0.0
2026-01-31,21314876,C937,3,0,0,1,0.0,2,2.0,0.0
2026-01-31,21314593,C810,30,0,0,2,0.0,28,28.0,0.0
2026-01-31,80804706,E564,4,0,0,0,0.0,4,4.0,0.0
2026-01-31,80812338,E556,4,0,0,0,0.0,4,4.0,0.0
2026-01-31,80804133,C819,27,0,0,1,0.0,26,26.0,0.0
2026-01-31,21165868,D901,6,0,0,0,0.0,6,6.0,0.0
2026-01-31,21128067,A673,348,0,0,0,3.0,345,345.0,0.0
2026-01-31,80807116,A716,233,0,0,7,0.0,226,226.0,0.0
2026-01-31,80804705,E564,102,0,0,15,0.0,87,87.0,0.0
2026-01-31,21416910,0386,1909,0,0,0,0.0,1909,1909.0,0.0
2026-01-31,80805856,0386,4,0,0,0,0.0,4,4.0,0.0
2026-01-31,80838165,E569,4,0,0,0,0.0,4,4.0,0.0
2026-01-31,80807095,D901,166,0,0,28,0.0,138,138.0,0.0
2026-01-31,21352461,0386,553,0,0,0,549.0,4,4.0,0.0
2026-01-31,80831843,A715,347,0,0,0,0.0,347,347.0,0.0
2026-01-31,21354246,D767,5,0,0,1,0.0,4,4.0,0.0
2026-01-31,80804702,A668,28,0,0,3,0.0,25,25.0,0.0
2026-01-31,80807096,E569,19,0,0,2,0.0,17,17.0,0.0
2026-01-31,80804706,D901,6,0,0,2,0.0,4,4.0,0.0
2026-01-31,80848022,0386,3,3623,0,0,3622.0,4,4.0,0.0
2026-01-31,21132752,A672,232,0,0,33,0.0,199,199.0,0.0
2026-01-31,21314875,0386,143,0,0,0,141.0,2,2.0,0.0
2026-01-31,21118867,A680,26,0,0,0,0.0,26,26.0,0.0
2026-01-31,21419485,C816,842,0,0,1,152.0,689,689.0,0.0
2026-01-31,80812338,A715,6,0,0,0,0.0,6,6.0,0.0
2026-01-31,21315350,E556,0,0,110,11,0.0,99,99.0,0.0
2026-01-31,80807113,A668,387,0,0,11,0.0,376,376.0,0.0
2026-01-31,80848026,C937,74,0,0,0,0.0,74,74.0,0.0
2026-01-31,80812110,E564,4,0,0,1,0.0,3,3.0,0.0
2026-01-31,80793614,A716,2,0,0,0,0.0,2,2.0,0.0
2026-01-31,80838163,A680,3,0,0,0,0.0,3,3.0,0.0
2026-01-31,80804128,D767,8,0,0,0,0.0,8,8.0,0.0
2026-01-31,80807117,A668,4,0,0,0,0.0,4,4.0,0.0
2026-01-31,80807092,A672,822,0,0,41,10.0,771,771.0,0.0
2026-01-31,21315474,D767,48,0,0,4,0.0,44,44.0,0.0
2026-01-31,21155895,E564,5,0,1,0,0.0,6,6.0,0.0
2026-01-31,80804129,C816,436,0,0,5,0.0,431,431.0,0.0
2026-01-31,80804134,A716,153,0,0,11,0.0,142,142.0,0.0
2026-01-31,21137866,A680,144,0,0,10,0.0,134,134.0,0.0
2026-01-31,80807105,A668,299,0,0,12,0.0,287,287.0,0.0
2026-01-31,21314595,C937,5,0,0,0,0.0,5,5.0,0.0
2026-01-31,21304907,A715,135,0,0,2,0.0,133,133.0,0.0
2026-01-31,80848024,C816,305,0,0,5,0.0,300,300.0,0.0
2026-01-31,21377504,A668,79,0,0,1,0.0,78,78.0,0.0
2026-01-31,80807092,C810,10,0,0,0,0.0,10,10.0,0.0
2026-01-31,80848026,0386,3,0,0,0,0.0,3,3.0,0.0
2026-01-31,80804698,E556,4,0,0,1,0.0,3,3.0,0.0
2026-01-31,21143110,C819,4,0,0,0,0.0,4,4.0,0.0
2026-01-31,80807112,A672,2008,0,0,16,12.0,1980,1980.0,0.0
2026-01-31,21148509,A672,636,0,0,46,0.0,590,590.0,0.0
2026-01-31,80807114,A668,137,0,0,3,0.0,134,134.0,0.0
2026-01-31,80807089,C819,2,0,0,0,0.0,2,2.0,0.0
2026-01-31,80812099,A672,42,0,79,6,6.0,109,109.0,0.0
2026-01-31,80863645,C937,4,0,0,0,0.0,4,4.0,0.0
2026-01-31,80804129,E568,7,0,0,0,0.0,7,7.0,0.0
2026-01-31,21434952,C937,3,0,0,1,0.0,2,2.0,0.0
2026-01-31,80807090,E564,12,0,1,2,0.0,11,11.0,0.0
2026-01-31,21419485,A673,391,0,33,49,0.0,375,375.0,0.0
2026-01-31,21155895,D901,98,0,2,5,0.0,95,95.0,0.0
2026-01-31,80804134,D901,0,0,28,2,0.0,26,26.0,0.0
2026-01-31,80807090,A716,15,0,0,0,0.0,15,15.0,0.0
2026-01-31,80812103,C937,3,0,0,0,0.0,3,3.0,0.0
2026-01-31,80807112,C810,73,0,0,3,11.0,59,59.0,0.0
2026-01-31,21315350,A715,118,0,0,5,0.0,113,113.0,0.0
2026-01-31,21148509,C810,8,0,0,1,0.0,7,7.0,0.0
2026-01-31,80795932,C937,3,0,0,0,0.0,3,3.0,0.0
2026-01-31,80840975,C819,3,0,0,1,0.0,2,2.0,0.0
2026-01-31,80864470,C819,31,0,0,0,0.0,31,31.0,0.0
2026-01-31,21354246,C816,134,0,0,0,0.0,134,134.0,0.0
2026-01-31,21103371,A680,224,0,0,0,0.0,224,224.0,0.0
2026-01-31,80804132,E568,2,0,0,1,0.0,1,1.0,0.0
2026-01-31,80807093,A716,270,0,0,0,0.0,270,270.0,0.0
2026-01-31,80804137,E556,11,0,0,3,0.0,8,8.0,0.0
2026-01-31,21170683,D767,4,0,0,0,0.0,4,4.0,0.0
2026-01-31,21098519,C937,29,0,2,4,0.0,27,27.0,0.0
2026-01-31,80804133,A680,242,0,0,17,0.0,225,225.0,0.0
2026-01-31,21170691,C816,75,0,0,1,0.0,74,74.0,0.0
2026-01-31,21307836,A668,25,0,14,6,0.0,33,33.0,0.0
2026-01-31,80812154,C819,4,0,0,0,0.0,4,4.0,0.0
2026-01-31,80812841,D767,4,0,98,15,0.0,87,87.0,0.0
2026-01-31,21357021,C816,222,0,0,0,0.0,222,222.0,0.0
2026-01-31,80840976,E569,22,0,0,2,0.0,20,20.0,0.0
2026-01-31,80796091,A668,76,0,0,0,0.0,76,76.0,0.0
2026-01-31,80807090,D901,3,0,0,0,0.0,3,3.0,0.0
2026-01-31,21143103,E569,3,0,0,0,0.0,3,3.0,0.0
2026-01-31,80807115,D767,38,0,12,0,0.0,50,50.0,0.0
2026-01-31,80807102,E556,0,0,9,1,0.0,8,8.0,0.0
2026-01-31,21354246,E568,2,0,0,0,0.0,2,2.0,0.0
2026-01-31,80804698,A715,39,0,0,1,0.0,38,38.0,0.0
2026-01-31,80885919,A715,22,0,0,0,0.0,22,22.0,0.0
2026-01-31,21165868,E569,5,0,0,0,0.0,5,5.0,0.0
2026-01-31,21103372,E556,46,0,0,11,0.0,35,35.0,0.0
2026-01-31,21133493,A672,1128,0,0,66,0.0,1062,1062.0,0.0
2026-01-31,80804127,C937,25,0,0,2,0.0,23,23.0,0.0
2026-01-31,80804138,A680,240,0,0,0,0.0,240,240.0,0.0
2026-01-31,21151196,C816,619,0,0,20,1.0,598,598.0,0.0
2026-01-31,21315352,A672,256,0,0,14,0.0,242,242.0,0.0
2026-01-31,21419490,0386,6,0,0,0,0.0,6,6.0,0.0
2026-01-31,21098519,0386,1,0,0,0,0.0,1,1.0,0.0
2026-01-31,21151196,D191,8,0,0,1,0.0,7,7.0,0.0
2026-01-31,80807093,D901,5,0,0,0,0.0,5,5.0,0.0
2026-01-31,80807095,E569,49,0,3,3,0.0,49,49.0,0.0
2026-01-31,21128067,A668,396,0,0,12,0.0,384,384.0,0.0
2026-01-31,80804136,E564,20,0,0,13,0.0,7,7.0,0.0
2026-01-31,80805852,E564,3,0,0,0,0.0,3,3.0,0.0
2026-01-31,21141769,A672,610,0,0,77,0.0,533,533.0,0.0
2026-01-31,21304907,C816,2234,0,0,0,0.0,2234,2234.0,0.0
2026-01-31,21315352,C810,1,0,0,0,0.0,1,1.0,0.0
2026-01-31,21132758,A672,804,0,414,61,0.0,1157,1157.0,0.0
2026-01-31,80807110,A672,1503,0,0,88,17.0,1398,1398.0,0.0
2026-01-31,21325164,C937,4,0,0,0,0.0,4,4.0,0.0
2026-01-31,21314593,0386,1,0,0,0,0.0,1,1.0,0.0
2026-01-31,21442422,A680,57,0,0,19,0.0,38,38.0,0.0
2026-01-31,80807116,E569,46,0,0,5,0.0,41,41.0,0.0
2026-01-31,21141769,C810,2,0,60,7,14.0,41,41.0,0.0
2026-01-31,21127730,A668,1624,0,0,6,0.0,1618,1618.0,0.0
2026-01-31,21162696,C819,1,0,0,0,0.0,1,1.0,0.0
2026-01-31,80804128,E568,3,0,0,0,0.0,3,3.0,0.0
2026-01-31,80791223,A668,6,0,0,0,0.0,6,6.0,0.0
2026-01-31,21127800,0386,0,632,0,0,630.0,2,2.0,0.0
2026-01-31,21315474,E568,2,0,0,1,0.0,1,1.0,0.0
2026-01-31,21176384,A715,12,0,0,0,0.0,12,12.0,0.0
2026-01-31,21376841,C816,458,0,0,0,0.0,458,458.0,0.0
2026-01-31,80807110,C810,27,0,0,3,0.0,24,24.0,0.0
2026-01-31,80848025,D901,19,0,0,0,0.0,19,19.0,0.0
2026-01-31,80807102,A715,72,0,0,3,0.0,69,69.0,0.0
2026-01-31,21103372,A715,154,0,0,6,0.0,148,148.0,0.0
2026-01-31,80793613,C816,209,0,0,3,0.0,206,206.0,0.0
2026-01-31,21151196,A673,463,0,240,84,20.0,599,599.0,0.0
2026-01-31,21118867,E556,2,0,0,0,0.0,2,2.0,0.0
2026-01-31,80807118,A672,746,0,0,27,18.0,701,701.0,0.0
2026-01-31,21143110,A680,389,0,0,6,0.0,383,383.0,0.0
2026-01-31,21255844,E569,8,0,0,0,0.0,8,8.0,0.0
2026-01-31,21314602,A672,533,0,0,21,0.0,512,512.0,0.0
2026-01-31,80812839,C819,6,0,0,1,0.0,5,5.0,0.0
2026-01-31,21133312,A680,26,0,81,0,0.0,107,107.0,0.0
2026-01-31,80807089,A680,67,0,0,12,0.0,55,55.0,0.0
2026-01-31,21304907,A673,82,0,0,3,0.0,79,79.0,0.0
2026-01-31,80805856,E564,14,0,0,11,0.0,3,3.0,0.0
2026-01-31,21118864,A672,117,0,0,2,0.0,115,115.0,0.0
2026-01-31,21128067,C563,14,0,0,3,0.0,11,11.0,0.0
2026-01-31,80812841,C816,628,0,0,46,14.0,568,568.0,0.0
2026-01-31,80823707,C816,4,0,0,0,0.0,4,4.0,0.0
2026-01-31,80807118,C810,2505,0,0,0,8.0,2497,2497.0,0.0
2026-01-31,21447518,C816,0,0,3564,0,58.0,3506,3506.0,0.0
2026-01-31,21137866,E556,20,0,0,1,0.0,19,19.0,0.0
2026-01-31,80864470,A680,262,0,0,10,0.0,252,252.0,0.0
2026-01-31,80840975,A680,260,0,0,2,0.0,258,258.0,0.0
2026-01-31,80804701,E556,1,0,0,0,0.0,1,1.0,0.0
2026-01-31,80807115,D191,5,0,0,0,0.0,5,5.0,0.0
2026-01-31,80807092,C937,15,0,0,0,0.0,15,15.0,0.0
2026-01-31,21132752,0386,1,0,0,0,0.0,1,1.0,0.0
2026-01-31,21315350,A673,617,0,0,7,0.0,610,610.0,0.0
2026-01-31,80807091,A716,117,0,0,4,0.0,113,113.0,0.0
2026-01-31,80831843,A672,475,0,0,0,0.0,475,475.0,0.0
2026-01-31,80804134,E569,38,0,7,4,0.0,41,41.0,0.0
2026-01-31,80848027,A716,11,0,0,0,0.0,11,11.0,0.0
2026-01-31,80807097,A716,15,0,0,0,0.0,15,15.0,0.0
2026-01-31,21127730,C563,42,0,0,4,0.0,38,38.0,0.0
2026-01-31,80848023,A680,239,0,0,32,0.0,207,207.0,0.0
2026-01-31,21314875,E564,8,0,0,1,0.0,7,7.0,0.0
2026-01-31,80812154,A680,93,0,0,1,0.0,92,92.0,0.0
2026-01-31,80793613,A673,475,0,0,4,2.0,469,469.0,0.0
2026-01-31,80812841,E568,10,0,0,1,0.0,9,9.0,0.0
2026-01-31,21419485,A668,116,0,9,1,0.0,124,124.0,0.0
2026-01-31,21118867,A715,23,0,0,0,0.0,23,23.0,0.0
2026-01-31,80807115,E568,3,0,0,0,0.0,3,3.0,0.0
2026-01-31,80807092,0386,244,0,0,0,242.0,2,2.0,0.0
2026-01-31,80812099,C937,1,0,0,0,0.0,1,1.0,0.0
2026-01-31,80812840,A668,409,0,0,11,0.0,398,398.0,0.0
2026-01-31,21121752,A716,13,0,0,0,0.0,13,13.0,0.0
2026-01-31,21121756,C819,8,0,0,1,0.0,7,7.0,0.0
2026-01-31,21165816,C816,80,0,0,0,0.0,80,80.0,0.0
2026-01-31,80848022,D901,118,0,0,17,0.0,101,101.0,0.0
2026-01-31,80848021,D767,3,0,0,0,0.0,3,3.0,0.0
2026-01-31,80823707,A673,17,0,0,0,0.0,17,17.0,0.0
2026-01-31,21103372,C816,398,0,0,21,6.0,371,371.0,0.0
2026-01-31,80807090,E569,3,0,0,0,0.0,3,3.0,0.0
2026-01-31,21128377,A716,118,0,0,9,0.0,109,109.0,0.0
2026-01-31,80848027,D901,19,0,3,5,0.0,17,17.0,0.0
2026-01-31,21137866,A715,214,0,0,9,0.0,205,205.0,0.0
2026-01-31,80807112,0386,1,0,0,0,0.0,1,1.0,0.0
2026-01-31,80868102,A672,935,0,0,8,0.0,927,927.0,0.0
2026-01-31,80852695,A716,4,0,0,0,0.0,4,4.0,0.0
2026-01-31,80804135,E556,44,0,0,0,0.0,44,44.0,0.0
2026-01-31,80807093,E569,1,0,0,0,0.0,1,1.0,0.0
2026-01-31,80812845,E295,79,0,45,13,0.0,111,111.0,0.0
2026-01-31,21162696,A680,10,0,13,3,0.0,20,20.0,0.0
2026-01-31,21170686,A716,9,0,0,0,0.0,9,9.0,0.0
2026-01-31,21128377,D901,98,0,7,4,0.0,101,101.0,0.0
2026-01-31,80804131,A680,371,0,0,1,0.0,370,370.0,0.0
2026-01-31,21269899,C819,4,0,0,0,0.0,4,4.0,0.0
2026-01-31,21170683,A672,152,0,0,10,0.0,142,142.0,0.0
2026-01-31,21103371,A715,82,0,47,6,0.0,123,123.0,0.0
2026-01-31,21291975,E569,7,0,0,0,0.0,7,7.0,0.0
2026-01-31,21165816,A673,182,0,0,4,1.0,177,177.0,0.0
2026-01-31,80807102,A673,661,0,0,33,15.0,613,613.0,0.0
2026-01-31,80804133,A715,71,0,0,1,0.0,70,70.0,0.0
2026-01-31,21103372,A673,791,0,2,93,0.0,700,700.0,0.0
2026-01-31,80812839,A680,221,0,0,2,0.0,219,219.0,0.0
2026-01-31,80848025,E569,5,0,0,1,0.0,4,4.0,0.0
2026-01-31,21301637,A716,38,0,0,0,0.0,38,38.0,0.0
2026-01-31,21357275,C937,4,0,0,0,0.0,4,4.0,0.0
2026-01-31,21314594,E556,15,0,5,2,0.0,18,18.0,0.0
2026-01-31,80805852,E569,3,0,0,0,0.0,3,3.0,0.0
2026-01-31,21170686,D901,8,0,0,0,0.0,8,8.0,0.0
2026-01-31,21132758,C937,25,0,0,4,0.0,21,21.0,0.0
2026-01-31,21133493,0386,1,0,0,0,0.0,1,1.0,0.0
2026-01-31,80804129,C937,13,0,0,0,0.0,13,13.0,0.0
2026-01-31,21315352,0386,0,754,0,0,750.0,4,4.0,0.0
2026-01-31,80804703,E564,2,0,0,0,0.0,2,2.0,0.0
2026-01-31,21143102,A672,308,0,0,29,0.0,279,279.0,0.0
2026-01-31,80795933,A716,4,0,0,0,0.0,4,4.0,0.0
2026-01-31,80838163,C816,5,0,0,0,0.0,5,5.0,0.0
2026-01-31,80812845,C816,264,0,0,17,0.0,247,247.0,0.0
2026-01-31,21151196,A668,175,0,257,17,0.0,415,415.0,0.0
2026-01-31,21098519,E564,15,0,0,3,0.0,12,12.0,0.0
2026-01-31,80804138,A715,99,0,0,2,0.0,97,97.0,0.0
2026-01-31,21141769,0386,3,0,0,0,2.0,1,1.0,0.0
2026-01-31,80804132,C937,43,0,1,3,0.0,41,41.0,0.0
2026-01-31,21132988,C819,10,0,0,3,0.0,7,7.0,0.0
2026-01-31,21421149,C816,468,0,0,10,0.0,458,458.0,0.0
2026-01-31,80848024,C937,3,0,0,0,0.0,3,3.0,0.0
2026-01-31,80807089,E556,2,0,0,1,0.0,1,1.0,0.0
2026-01-31,21132758,0386,5,0,0,0,4.0,1,1.0,0.0
2026-01-31,21304907,A668,14,0,0,0,0.0,14,14.0,0.0
2026-01-31,21143102,C810,1,0,0,0,0.0,1,1.0,0.0
2026-01-31,21301637,D901,42,0,0,0,0.0,42,42.0,0.0
2026-01-31,80848028,A680,172,0,0,19,0.0,153,153.0,0.0
2026-01-31,80812846,E564,28,0,0,1,0.0,27,27.0,0.0
2026-01-31,80805850,C816,49,0,0,0,0.0,49,49.0,0.0
2026-01-31,80804702,A716,10,0,1,1,0.0,10,10.0,0.0
2026-01-31,21165946,E556,2,0,0,0,0.0,2,2.0,0.0
2026-01-31,80807118,C937,10,0,2,0,0.0,12,12.0,0.0
2026-01-31,21314593,E564,2,0,0,0,0.0,2,2.0,0.0
2026-01-31,80804703,D901,6,0,2,1,0.0,7,7.0,0.0
2026-01-31,80864470,E556,9,0,8,2,0.0,15,15.0,0.0
2026-01-31,21442422,A715,608,0,0,6,0.0,602,602.0,0.0
2026-01-31,21121751,D767,11,0,0,2,0.0,9,9.0,0.0
2026-01-31,80804132,0386,2,0,0,0,0.0,2,2.0,0.0
2026-01-31,21354246,C937,9,0,3,1,0.0,11,11.0,0.0
2026-01-31,80804704,C819,11,0,0,6,0.0,5,5.0,0.0
2026-01-31,21421148,A672,279,0,0,14,0.0,265,265.0,0.0
2026-01-31,21121756,A680,70,0,0,1,0.0,69,69.0,0.0
2026-01-31,21315350,A668,101,0,0,0,0.0,101,101.0,0.0
2026-01-31,80807091,C819,5,0,0,0,0.0,5,5.0,0.0
2026-01-31,80838163,A673,3,0,0,0,0.0,3,3.0,0.0
2026-01-31,21170691,C937,5,0,0,0,0.0,5,5.0,0.0
2026-01-31,80804137,A672,434,0,0,30,0.0,404,404.0,0.0
2026-01-31,80838164,E569,2,0,0,0,0.0,2,2.0,0.0
2026-01-31,80812845,A673,1446,0,0,53,52.0,1341,1341.0,0.0
2026-01-31,80793613,A668,50,0,0,0,0.0,50,50.0,0.0
2026-01-31,80812154,E556,7,0,17,6,0.0,18,18.0,0.0
2026-01-31,21442897,A672,52,0,0,49,0.0,3,3.0,0.0
2026-01-31,80812845,E467,22,0,0,6,0.0,16,16.0,0.0
2026-01-31,80804133,C816,569,0,0,19,12.0,538,538.0,0.0
2026-01-31,21118864,0386,4,0,0,0,0.0,4,4.0,0.0
2026-01-31,21143110,A715,96,0,0,0,0.0,96,96.0,0.0
2026-01-31,21314593,D901,3,0,0,2,0.0,1,1.0,0.0
2026-01-31,80848022,E569,38,0,0,4,0.0,34,34.0,0.0
2026-01-31,21133312,A715,34,0,0,4,0.0,30,30.0,0.0
2026-01-31,21121752,C819,9,0,0,1,0.0,8,8.0,0.0
2026-01-31,80807089,A715,139,0,0,11,0.0,128,128.0,0.0
2026-01-31,80863646,C816,225,0,0,1,0.0,224,224.0,0.0
2026-01-31,80804137,C810,16,0,0,1,0.0,15,15.0,0.0
2026-01-31,80885919,A668,54,0,0,1,0.0,53,53.0,0.0
2026-01-31,80804698,A668,17,0,15,5,0.0,27,27.0,0.0
2026-01-31,80805850,A673,100,0,0,2,0.0,98,98.0,0.0
2026-01-31,80804128,C937,5,0,0,1,0.0,4,4.0,0.0
2026-01-31,80807105,A716,166,0,0,9,0.0,157,157.0,0.0
2026-01-31,21142556,C816,257,0,0,4,0.0,253,253.0,0.0
2026-01-31,21315474,C937,5,0,0,1,0.0,4,4.0,0.0
2026-01-31,80807122,C819,1,0,0,0,0.0,1,1.0,0.0
2026-01-31,80804138,C816,169,0,0,8,9.0,152,152.0,0.0
2026-01-31,80864470,A715,71,0,58,2,0.0,127,127.0,0.0
2026-01-31,80840975,A715,193,0,0,1,0.0,192,192.0,0.0
2026-01-31,80807114,A716,47,0,0,0,0.0,47,47.0,0.0
2026-01-31,21143110,E295,71,0,11,20,0.0,62,62.0,0.0
2026-01-31,21128377,E569,6,0,0,0,0.0,6,6.0,0.0
2026-01-31,21422791,A672,47,0,0,0,0.0,47,47.0,0.0
2026-01-31,21162696,E556,12,0,4,2,0.0,14,14.0,0.0
2026-01-31,80848023,A715,219,0,0,16,0.0,203,203.0,0.0
2026-01-31,80812154,A715,140,0,127,3,0.0,264,264.0,0.0
2026-01-31,80804133,A673,981,0,825,121,117.0,1568,1568.0,0.0
2026-01-31,21419500,A672,53,0,0,0,0.0,53,53.0,0.0
2026-01-31,21414747,A680,222,0,0,1,0.0,221,221.0,0.0
2026-01-31,80804130,A672,638,0,0,23,0.0,615,615.0,0.0
2026-01-31,80804133,E467,11,0,0,1,0.0,10,10.0,0.0
2026-01-31,21113405,C819,14,0,0,1,0.0,13,13.0,0.0
2026-01-31,80807092,E564,33,0,0,6,0.0,27,27.0,0.0
2026-01-31,80807114,D901,26,0,13,6,0.0,33,33.0,0.0
2026-01-31,21463645,A672,270,0,0,0,0.0,270,270.0,0.0
2026-01-31,80863646,A673,416,0,0,6,0.0,410,410.0,0.0
2026-01-31,21176384,A668,51,0,0,0,0.0,51,51.0,0.0
2026-01-31,21366842,A680,88,0,0,0,0.0,88,88.0,0.0
2026-01-31,21171453,C819,5,0,0,0,0.0,5,5.0,0.0
2026-01-31,80840976,D767,3,0,0,1,0.0,2,2.0,0.0
2026-01-31,21165816,A668,45,0,0,1,0.0,44,44.0,0.0
2026-01-31,80807102,A668,266,0,0,10,0.0,256,256.0,0.0
2026-01-31,21170686,E569,5,0,0,0,0.0,5,5.0,0.0
2026-01-31,21132988,A680,62,0,0,4,0.0,58,58.0,0.0
2026-01-31,80868102,0386,1,0,0,0,0.0,1,1.0,0.0
2026-01-31,21103372,A668,310,0,0,19,0.0,291,291.0,0.0
2026-01-31,80804130,C810,5,0,0,0,1.0,4,4.0,0.0
2026-01-31,21118867,A672,92,0,0,3,0.0,89,89.0,0.0
2026-01-31,80804138,A673,259,0,0,11,9.0,239,239.0,0.0
2026-01-31,80796091,A716,106,0,0,1,0.0,105,105.0,0.0
2026-01-31,21170683,C937,5,0,0,0,0.0,5,5.0,0.0
2026-01-31,80807112,E564,51,0,0,4,0.0,47,47.0,0.0
2026-01-31,21148509,E564,58,0,1,3,0.0,56,56.0,0.0
2026-01-31,80812099,E564,10,0,0,1,0.0,9,9.0,0.0
2026-01-31,80807095,D767,7,0,0,6,0.0,1,1.0,0.0
2026-01-31,21133312,C816,225,0,0,24,0.0,201,201.0,0.0
2026-01-31,80807120,A672,1093,0,0,39,0.0,1054,1054.0,0.0
2026-01-31,21118867,C810,3,0,0,0,0.0,3,3.0,0.0
2026-01-31,21128067,A716,364,0,0,9,0.0,355,355.0,0.0
2026-01-31,80807115,C937,61,0,0,9,0.0,52,52.0,0.0
2026-01-31,80863643,C816,251,0,0,3,0.0,248,248.0,0.0
2026-01-31,21301637,E569,14,0,0,0,0.0,14,14.0,0.0
2026-01-31,21162696,A715,4,0,0,0,0.0,4,4.0,0.0
2026-01-31,80884845,C816,339,0,0,2,3.0,334,334.0,0.0
2026-01-31,80793615,C816,299,0,0,11,0.0,288,288.0,0.0
2026-01-31,80804699,A672,40,0,0,3,0.0,37,37.0,0.0
2026-01-31,21170683,0386,1,0,0,0,1.0,0,0.0,0.0
2026-01-31,80864470,C816,231,0,0,8,3.0,220,220.0,0.0
2026-01-31,21442422,A673,654,0,0,8,0.0,646,646.0,0.0
2026-01-31,80840975,C816,524,0,0,5,0.0,519,519.0,0.0
2026-01-31,80884850,A716,19,0,0,1,0.0,18,18.0,0.0
2026-01-31,80807120,C810,50,0,0,2,10.0,38,38.0,0.0
2026-01-31,80807091,A680,144,0,0,4,0.0,140,140.0,0.0
2026-01-31,80848028,E556,3,0,5,2,0.0,6,6.0,0.0
2026-01-31,80804131,A715,8,0,0,0,0.0,8,8.0,0.0
2026-01-31,21127799,E556,57,0,0,2,0.0,55,55.0,0.0
2026-01-31,80864469,D767,10,0,0,1,0.0,9,9.0,0.0
2026-01-31,80804705,D767,55,0,22,11,0.0,66,66.0,0.0
2026-01-31,80807112,D901,131,0,0,3,0.0,128,128.0,0.0
2026-01-31,21148509,D901,84,0,0,10,0.0,74,74.0,0.0
2026-01-31,21127730,A716,526,0,0,1,0.0,525,525.0,0.0
2026-01-31,80804699,C810,88,0,0,0,2.0,86,86.0,0.0
2026-01-31,80804701,C810,187,0,0,3,7.0,177,177.0,0.0
2026-01-31,21138340,C816,42,0,9,2,0.0,49,49.0,0.0
2026-01-31,80791223,A716,14,0,0,0,0.0,14,14.0,0.0
2026-01-31,21179704,E569,2,0,0,0,0.0,2,2.0,0.0
2026-01-31,80868100,C816,939,0,0,18,6.0,915,915.0,0.0
2026-01-31,21128067,D901,57,0,22,3,0.0,76,76.0,0.0
2026-01-31,80848023,C816,981,0,0,41,14.0,926,926.0,0.0
2026-01-31,80812839,A715,101,0,0,4,0.0,97,97.0,0.0
2026-01-31,80807100,C816,172,0,0,10,0.0,162,162.0,0.0
2026-01-31,21143102,0386,1,950,0,0,948.0,3,3.0,0.0
2026-01-31,21121756,E556,4,0,0,0,0.0,4,4.0,0.0
2026-01-31,21103371,A672,774,0,0,0,0.0,774,774.0,0.0
2026-01-31,80838165,A672,129,0,4,3,0.0,130,130.0,0.0
2026-01-31,80851898,D767,9,0,0,1,0.0,8,8.0,0.0
2026-01-31,80868101,C816,695,0,0,1,14.0,680,680.0,0.0
2026-01-31,21143110,A673,64,0,0,0,1.0,63,63.0,0.0
2026-01-31,21133312,A673,203,0,0,18,0.0,185,185.0,0.0
2026-01-31,21315352,E564,2,0,0,0,0.0,2,2.0,0.0
2026-01-31,80812845,A668,870,0,0,24,0.0,846,846.0,0.0
2026-01-31,21314593,E569,10,0,0,2,0.0,8,8.0,0.0
2026-01-31,80807113,C819,6,0,0,0,0.0,6,6.0,0.0
2026-01-31,80863643,A673,123,0,395,7,0.0,511,511.0,0.0
2026-01-31,80807096,A672,1107,0,0,87,11.0,1009,1009.0,0.0
2026-01-31,21127730,D901,16,0,2,1,0.0,17,17.0,0.0
2026-01-31,21141769,E564,56,0,0,4,0.0,52,52.0,0.0
2026-01-31,80793615,A673,693,0,0,24,0.0,669,669.0,0.0
2026-01-31,21275914,C816,240,0,0,1,0.0,239,239.0,0.0
2026-01-31,21139445,A715,251,0,0,3,0.0,248,248.0,0.0
2026-01-31,21103371,C810,205,0,0,8,39.0,158,158.0,0.0
2026-01-31,21137866,A668,190,0,0,20,0.0,170,170.0,0.0
2026-01-31,80864470,A673,961,0,0,31,0.0,930,930.0,0.0
2026-01-31,80840975,A673,248,0,0,3,0.0,245,245.0,0.0
2026-01-31,21132758,E564,28,0,0,0,0.0,28,28.0,0.0
2026-01-31,80864470,E467,22,0,0,2,0.0,20,20.0,0.0
2026-01-31,80804135,A672,776,0,0,6,0.0,770,770.0,0.0
2026-01-31,80848028,A715,226,0,0,5,0.0,221,221.0,0.0
2026-01-31,80807110,E564,82,0,0,14,0.0,68,68.0,0.0
2026-01-31,80884848,A680,29,0,0,1,0.0,28,28.0,0.0
2026-01-31,80884852,A680,23,0,0,1,0.0,22,22.0,0.0
2026-01-31,21155895,D767,2,0,0,1,0.0,1,1.0,0.0
2026-01-31,21113405,A680,70,0,0,1,0.0,69,69.0,0.0
2026-01-31,80868100,A673,64,0,9,3,0.0,70,70.0,0.0
2026-01-31,80848023,A673,587,0,0,61,0.0,526,526.0,0.0
2026-01-31,80804135,C810,1,0,0,0,0.0,1,1.0,0.0
2026-01-31,80807100,A673,439,0,0,21,20.0,398,398.0,0.0
2026-01-31,21171453,A680,67,0,0,1,0.0,66,66.0,0.0
2026-01-31,80840976,E568,4,0,0,0,0.0,4,4.0,0.0
2026-01-31,21121756,A715,71,0,0,1,0.0,70,70.0,0.0
2026-01-31,80868101,A673,59,0,0,6,0.0,53,53.0,0.0
2026-01-31,80804137,0386,1,0,0,0,0.0,1,1.0,0.0
2026-01-31,80804131,C816,351,0,0,0,0.0,351,351.0,0.0
2026-01-31,21419485,A716,242,0,0,6,0.0,236,236.0,0.0
2026-01-31,80807118,E564,42,0,0,9,0.0,33,33.0,0.0
2026-01-31,80807110,D901,284,0,29,6,0.0,307,307.0,0.0
2026-01-31,21314602,E564,7,0,0,1,0.0,6,6.0,0.0
2026-01-31,80807114,E569,5,0,0,1,0.0,4,4.0,0.0
2026-01-31,80864469,C816,1135,0,0,10,70.0,1055,1055.0,0.0
2026-01-31,80804133,A668,467,0,255,31,0.0,691,691.0,0.0
2026-01-31,80812840,A716,347,0,0,6,0.0,341,341.0,0.0
2026-01-31,80804705,C816,1650,0,0,29,473.0,1148,1148.0,0.0
2026-01-31,80812839,C816,285,0,0,10,0.0,275,275.0,0.0
2026-01-31,80838161,C816,5,0,0,0,0.0,5,5.0,0.0
2026-01-31,21314594,A672,739,0,0,23,8.0,708,708.0,0.0
2026-01-31,80863646,A668,151,0,0,3,0.0,148,148.0,0.0
2026-01-31,21428668,C816,1863,0,0,26,86.0,1751,1751.0,0.0
2026-01-31,21137866,C563,19,0,0,0,0.0,19,19.0,0.0
2026-01-31,21132988,E556,12,0,0,1,0.0,11,11.0,0.0
2026-01-31,80804130,C937,1,0,0,0,0.0,1,1.0,0.0
2026-01-31,21314595,A680,103,0,0,3,0.0,100,100.0,0.0
2026-01-31,21325292,A680,135,0,0,8,0.0,127,127.0,0.0
2026-01-31,80851898,C816,289,0,0,4,0.0,285,285.0,0.0
2026-01-31,80804138,A668,133,0,0,8,0.0,125,125.0,0.0
2026-01-31,21314594,C810,4,0,0,0,0.0,4,4.0,0.0
2026-01-31,80848021,C937,2,0,0,0,0.0,2,2.0,0.0
2026-01-31,80864469,E568,1,0,0,1,0.0,0,0.0,0.0
2026-01-31,21269899,A715,466,0,0,1,0.0,465,465.0,0.0
2026-01-31,80885921,A680,52,0,0,1,0.0,51,51.0,0.0
2026-01-31,80863645,A680,262,0,0,3,0.0,259,259.0,0.0
2026-01-31,21422791,0386,2,0,0,0,0.0,2,2.0,0.0
2026-01-31,21118864,D901,1,0,0,0,0.0,1,1.0,0.0
2026-01-31,21434952,A680,283,0,0,3,0.0,280,280.0,0.0
2026-01-31,80804131,A673,536,0,0,0,0.0,536,536.0,0.0
2026-01-31,21165946,A672,319,0,0,15,0.0,304,304.0,0.0
2026-01-31,80804704,E556,18,0,0,0,0.0,18,18.0,0.0
2026-01-31,80804130,0386,1,0,0,0,1.0,0,0.0,0.0
2026-01-31,80812103,A680,78,0,0,7,0.0,71,71.0,0.0
2026-01-31,80795932,A680,71,0,0,1,0.0,70,70.0,0.0
2026-01-31,80851898,E568,8,0,0,0,0.0,8,8.0,0.0
2026-01-31,21442422,A668,122,0,51,14,0.0,159,159.0,0.0
2026-01-31,80807112,E569,16,0,0,5,0.0,11,11.0,0.0
2026-01-31,21103371,C563,23,0,0,3,0.0,20,20.0,0.0
2026-01-31,21148509,E569,9,0,0,0,0.0,9,9.0,0.0
2026-01-31,80812110,C816,99,0,0,6,2.0,91,91.0,0.0
2026-01-31,21463645,0386,2,0,0,0,0.0,2,2.0,0.0
2026-01-31,80807091,E556,13,0,2,3,0.0,12,12.0,0.0
2026-01-31,21414747,A715,249,0,0,7,0.0,242,242.0,0.0
2026-01-31,80812839,A673,1225,0,0,30,0.0,1195,1195.0,0.0
2026-01-31,80838161,A673,6,0,0,0,0.0,6,6.0,0.0
2026-01-31,80807097,E556,6,0,1,0,0.0,7,7.0,0.0
2026-01-31,21143103,A672,165,0,0,5,0.0,160,160.0,0.0
2026-01-31,80804136,D767,29,0,0,11,0.0,18,18.0,0.0
2026-01-31,21165946,C810,1,0,0,0,0.0,1,1.0,0.0
2026-01-31,21128067,E569,4,0,0,0,0.0,4,4.0,0.0
2026-01-31,21121756,C816,133,0,0,3,0.0,130,130.0,0.0
2026-01-31,21428668,A673,438,0,163,62,0.0,539,539.0,0.0
2026-01-31,80807113,A680,223,0,0,7,0.0,216,216.0,0.0
2026-01-31,21165868,A672,88,0,0,1,0.0,87,87.0,0.0
2026-01-31,80804699,C937,3,0,0,0,0.0,3,3.0,0.0
2026-01-31,80831843,D901,81,0,0,0,0.0,81,81.0,0.0
2026-01-31,21366842,A715,122,0,0,0,0.0,122,122.0,0.0
2026-01-31,21377091,A680,308,0,0,0,0.0,308,308.0,0.0
2026-01-31,21132988,A715,116,0,0,6,0.0,110,110.0,0.0
2026-01-31,80807117,A680,22,0,0,1,0.0,21,21.0,0.0
2026-01-31,21121752,E556,8,0,0,1,0.0,7,7.0,0.0
2026-01-31,21139445,A673,307,0,49,23,10.0,323,323.0,0.0
2026-01-31,21442896,C816,136,0,1273,13,339.0,1057,1057.0,0.0
2026-01-31,21143110,A668,331,0,0,5,0.0,326,326.0,0.0
2026-01-31,21165868,C810,323,0,0,1,0.0,322,322.0,0.0
2026-01-31,80804127,A680,96,0,0,5,0.0,91,91.0,0.0
2026-01-31,80848031,C816,1351,0,0,0,8.0,1343,1343.0,0.0
2026-01-31,21133312,A668,106,0,0,7,0.0,99,99.0,0.0
2026-01-31,21151196,A716,134,0,41,4,0.0,171,171.0,0.0
2026-01-31,80807089,A668,21,0,32,11,0.0,42,42.0,0.0
2026-01-31,21155895,E568,1,0,0,0,0.0,1,1.0,0.0
2026-01-31,21434954,C816,457,0,0,15,0.0,442,442.0,0.0
2026-01-31,80804701,0386,1,0,0,0,0.0,1,1.0,0.0
2026-01-31,80848028,E467,5,0,0,0,0.0,5,5.0,0.0
2026-01-31,80804704,A715,668,0,0,2,0.0,666,666.0,0.0
2026-01-31,80807116,A672,880,0,0,6,5.0,869,869.0,0.0
2026-01-31,21304907,A716,15,0,0,0,0.0,15,15.0,0.0
2026-01-31,80793615,A668,71,0,0,1,0.0,70,70.0,0.0
2026-01-31,80838165,C937,4,0,0,0,0.0,4,4.0,0.0
2026-01-31,21170683,E564,14,0,0,2,0.0,12,12.0,0.0
2026-01-31,80864470,A668,87,0,0,3,0.0,84,84.0,0.0
2026-01-31,80840975,A668,79,0,0,1,0.0,78,78.0,0.0
2026-01-31,21269899,C816,284,0,0,0,0.0,284,284.0,0.0
2026-01-31,80807091,A715,38,0,0,1,0.0,37,37.0,0.0
2026-01-31,21121756,A673,257,0,0,5,0.0,252,252.0,0.0
2026-01-31,80807116,C810,169,0,0,10,16.0,143,143.0,0.0
2026-01-31,21113405,E556,5,0,0,0,0.0,5,5.0,0.0
2026-01-31,21315350,A716,77,0,0,2,0.0,75,75.0,0.0
2026-01-31,80804704,E295,53,0,17,20,0.0,50,50.0,0.0
2026-01-31,80812154,A668,38,0,0,1,0.0,37,37.0,0.0
2026-01-31,80848023,A668,197,0,0,8,0.0,189,189.0,0.0
2026-01-31,21255844,A672,168,0,0,0,0.0,168,168.0,0.0
2026-01-31,80807100,A668,150,0,0,11,0.0,139,139.0,0.0
2026-01-31,21143102,E564,3,0,0,0,0.0,3,3.0,0.0
2026-01-31,21414747,C816,993,0,0,15,0.0,978,978.0,0.0
2026-01-31,21442896,A673,664,0,128,31,0.0,761,761.0,0.0
2026-01-31,80807119,A680,36,0,0,2,0.0,34,34.0,0.0
2026-01-31,80807110,E569,43,0,10,6,0.0,47,47.0,0.0
2026-01-31,80848031,A673,54,0,12,5,0.0,61,61.0,0.0
2026-01-31,21307836,A680,27,0,0,1,0.0,26,26.0,0.0
2026-01-31,80848022,D767,20,0,0,0,0.0,20,20.0,0.0
2026-01-31,21434954,A673,434,0,0,21,0.0,413,413.0,0.0
2026-01-31,21143110,C563,27,0,0,2,0.0,25,25.0,0.0
2026-01-31,80804136,C816,221,0,0,27,0.0,194,194.0,0.0
2026-01-31,80804136,D191,16,0,0,2,0.0,14,14.0,0.0
2026-01-31,80804135,0386,1,0,0,0,0.0,1,1.0,0.0
2026-01-31,80793614,A672,158,0,0,1,0.0,157,157.0,0.0
2026-01-31,21315350,D901,15,0,3,2,0.0,16,16.0,0.0
2026-01-31,80885919,A716,39,0,0,0,0.0,39,39.0,0.0
2026-01-31,80804698,A716,245,0,0,9,0.0,236,236.0,0.0
2026-01-31,21269899,A673,227,0,0,0,0.0,227,227.0,0.0
2026-01-31,80804129,C819,18,0,0,0,0.0,18,18.0,0.0
2026-01-31,80804134,A672,578,0,18,28,26.0,542,542.0,0.0
2026-01-31,80884848,A715,170,0,0,0,0.0,170,170.0,0.0
2026-01-31,80812840,E569,4,0,0,1,0.0,3,3.0,0.0
2026-01-31,21314602,E569,22,0,0,1,0.0,21,21.0,0.0
2026-01-31,21325292,E556,0,0,50,2,0.0,48,48.0,0.0
2026-01-31,21162696,A668,33,0,0,2,0.0,31,31.0,0.0
2026-01-31,80884852,A715,101,0,0,1,0.0,100,100.0,0.0
2026-01-31,21113405,A715,99,0,0,1,0.0,98,98.0,0.0
2026-01-31,21472283,C816,371,0,0,0,0.0,371,371.0,0.0
2026-01-31,80804136,E568,4,0,0,0,0.0,4,4.0,0.0
2026-01-31,80848025,E568,9,0,0,1,0.0,8,8.0,0.0
2026-01-31,80848029,C816,322,0,0,14,1.0,307,307.0,0.0
2026-01-31,80848029,D191,14,0,0,2,0.0,12,12.0,0.0
2026-01-31,80804134,C810,26,0,0,8,6.0,12,12.0,0.0
2026-01-31,21414747,A673,576,0,0,0,0.0,576,576.0,0.0
2026-01-31,21127799,A672,558,0,0,14,0.0,544,544.0,0.0
2026-01-31,21171453,A715,3,0,0,0,0.0,3,3.0,0.0
2026-01-31,80804131,A668,173,0,0,0,0.0,173,173.0,0.0
2026-01-31,80804137,E564,15,0,0,4,0.0,11,11.0,0.0
2026-01-31,80848026,D767,10,0,0,4,0.0,6,6.0,0.0
2026-01-31,80812103,E556,1,0,5,3,0.0,3,3.0,0.0
2026-01-31,80804136,A673,1010,0,0,102,0.0,908,908.0,0.0
2026-01-31,21132988,A673,327,0,0,53,4.0,270,270.0,0.0
2026-01-31,21416910,C816,539,0,0,0,0.0,539,539.0,0.0
2026-01-31,80812839,A668,521,0,0,6,0.0,515,515.0,0.0
2026-01-31,80805856,C816,255,0,0,20,14.0,221,221.0,0.0
2026-01-31,21176384,A716,11,0,0,0,0.0,11,11.0,0.0
2026-01-31,21165816,A716,24,0,0,0,0.0,24,24.0,0.0
2026-01-31,80807093,A672,345,0,0,2,0.0,343,343.0,0.0
2026-01-31,80807102,A716,254,0,0,6,0.0,248,248.0,0.0
2026-01-31,80848029,E568,2,0,0,0,0.0,2,2.0,0.0
2026-01-31,80807113,E556,6,0,5,1,0.0,10,10.0,0.0
2026-01-31,21352461,C816,124,0,776,0,0.0,900,900.0,0.0
2026-01-31,21103372,A716,62,0,35,1,0.0,96,96.0,0.0
2026-01-31,21314876,C816,168,0,0,4,0.0,164,164.0,0.0
2026-01-31,21275914,C937,72,0,0,12,0.0,60,60.0,0.0
2026-01-31,80804137,D901,6,0,0,1,0.0,5,5.0,0.0
2026-01-31,21314595,A715,94,0,0,1,0.0,93,93.0,0.0
2026-01-31,21325292,A715,280,0,0,1,0.0,279,279.0,0.0
2026-01-31,80840976,C937,13,0,1,1,0.0,13,13.0,0.0
2026-01-31,21143103,C937,8,0,0,2,0.0,6,6.0,0.0
2026-01-31,21139445,A668,79,0,36,18,0.0,97,97.0,0.0
2026-01-31,80807093,C810,52,0,0,0,0.0,52,52.0,0.0
2026-01-31,80885921,A715,20,0,0,1,0.0,19,19.0,0.0
2026-01-31,80848029,A673,217,0,0,8,10.0,199,199.0,0.0
2026-01-31,21165946,0386,1,0,0,0,0.0,1,1.0,0.0
2026-01-31,80805856,E568,2,0,0,1,0.0,1,1.0,0.0
2026-01-31,80863645,A715,114,0,0,0,0.0,114,114.0,0.0
2026-01-31,21151196,C819,5,0,0,0,0.0,5,5.0,0.0
2026-01-31,21176384,D901,5,0,0,0,0.0,5,5.0,0.0
2026-01-31,80848028,A668,130,0,0,11,0.0,119,119.0,0.0
2026-01-31,80812338,E569,3,0,0,1,0.0,2,2.0,0.0
2026-01-31,21434952,A715,15,0,0,2,0.0,13,13.0,0.0
2026-01-31,21314875,C816,4,0,73,0,0.0,77,77.0,0.0
2026-01-31,80807095,C937,37,0,0,1,0.0,36,36.0,0.0
2026-01-31,80807102,D901,126,0,12,16,0.0,122,122.0,0.0
2026-01-31,80804130,E564,22,0,0,5,0.0,17,17.0,0.0
2026-01-31,80812103,A715,23,0,1,0,0.0,24,24.0,0.0
2026-01-31,80795932,A715,139,0,0,2,0.0,137,137.0,0.0
2026-01-31,80884852,C816,157,0,0,3,2.0,152,152.0,0.0
2026-01-31,21098519,D767,18,0,0,1,0.0,17,17.0,0.0
2026-01-31,21143103,0386,1,0,0,0,0.0,1,1.0,0.0
2026-01-31,80805856,A673,655,0,0,37,0.0,618,618.0,0.0
2026-01-31,80848022,E568,16,0,0,1,0.0,15,15.0,0.0
2026-01-31,80804706,C937,5,0,0,0,0.0,5,5.0,0.0
2026-01-31,21121756,A668,184,0,0,5,0.0,179,179.0,0.0
2026-01-31,80807113,A715,126,0,0,2,0.0,124,124.0,0.0
2026-01-31,21118867,E564,3,0,0,0,0.0,3,3.0,0.0
2026-01-31,80864469,C937,4,0,0,0,0.0,4,4.0,0.0
2026-01-31,21304907,E569,13,0,0,0,0.0,13,13.0,0.0
2026-01-31,80804705,C937,34,0,9,9,0.0,34,34.0,0.0
2026-01-31,21357275,A680,248,0,0,4,0.0,244,244.0,0.0
2026-01-31,80812846,D767,44,0,0,4,0.0,40,40.0,0.0
2026-01-31,21314875,E568,3,0,0,0,0.0,3,3.0,0.0
2026-01-31,21314876,A673,455,0,0,5,1.0,449,449.0,0.0
2026-01-31,21377091,A715,215,0,0,0,0.0,215,215.0,0.0
2026-01-31,80807117,A715,229,0,0,2,0.0,227,227.0,0.0
2026-01-31,80804129,A680,195,0,0,2,0.0,193,193.0,0.0
2026-01-31,80807120,E564,53,0,2,3,0.0,52,52.0,0.0
2026-01-31,21314593,D767,14,0,10,1,0.0,23,23.0,0.0
2026-01-31,80848026,C816,1162,0,0,75,81.0,1006,1006.0,0.0
2026-01-31,80848026,D191,40,0,0,3,0.0,37,37.0,0.0
2026-01-31,21442896,A668,72,0,35,4,0.0,103,103.0,0.0
2026-01-31,80812845,A716,140,0,0,7,0.0,133,133.0,0.0
2026-01-31,80848031,A668,26,0,0,1,0.0,25,25.0,0.0
2026-01-31,80804127,A715,29,0,0,1,0.0,28,28.0,0.0
2026-01-31,80807116,0386,5,0,0,0,0.0,5,5.0,0.0
2026-01-31,80848024,A680,133,0,0,0,0.0,133,133.0,0.0
2026-01-31,80804699,E564,5,0,0,0,0.0,5,5.0,0.0
2026-01-31,80804701,E564,17,0,0,1,0.0,16,16.0,0.0
2026-01-31,21137866,A716,224,0,70,15,0.0,279,279.0,0.0
2026-01-31,21255844,C937,55,0,0,8,0.0,47,47.0,0.0
2026-01-31,21315350,E569,27,0,0,1,0.0,26,26.0,0.0
2026-01-31,80884848,A673,25,0,6,3,0.0,28,28.0,0.0
2026-01-31,21314595,C816,733,0,0,44,0.0,689,689.0,0.0
2026-01-31,21118867,D901,7,0,0,0,0.0,7,7.0,0.0
2026-01-31,80884852,A673,69,0,21,2,0.0,88,88.0,0.0
2026-01-31,80812841,C819,33,0,0,4,0.0,29,29.0,0.0
2026-01-31,21325164,A715,1,0,0,0,0.0,1,1.0,0.0
2026-01-31,21171453,A673,229,0,0,8,1.0,220,220.0,0.0
2026-01-31,80807115,C819,40,0,0,10,0.0,30,30.0,0.0
2026-01-31,21434952,C816,279,0,0,0,0.0,279,279.0,0.0
2026-01-31,21354246,A680,25,0,0,0,0.0,25,25.0,0.0
2026-01-31,21303404,A672,51,0,0,0,10.0,41,41.0,0.0
2026-01-31,80812110,C937,3,0,0,0,0.0,3,3.0,0.0
2026-01-31,21137866,D901,23,0,52,17,0.0,58,58.0,0.0
2026-01-31,21103371,E564,6,0,0,1,0.0,5,5.0,0.0
2026-01-31,80804698,E569,5,0,0,0,0.0,5,5.0,0.0
2026-01-31,80804701,D901,17,0,0,7,0.0,10,10.0,0.0
2026-01-31,21155895,C937,5,0,0,1,0.0,4,4.0,0.0
2026-01-31,80807091,A672,515,0,0,5,8.0,502,502.0,0.0
2026-01-31,80848026,A673,2010,0,0,253,58.0,1699,1699.0,0.0
2026-01-31,80891759,C816,1,0,0,0,0.0,1,1.0,0.0
2026-01-31,21414747,A668,166,0,0,14,0.0,152,152.0,0.0
2026-01-31,80848027,A672,240,0,0,2,0.0,238,238.0,0.0
2026-01-31,80807097,A672,201,0,501,10,5.0,687,687.0,0.0
2026-01-31,21170691,A680,26,0,0,0,0.0,26,26.0,0.0
2026-01-31,80807119,A715,110,0,0,15,0.0,95,95.0,0.0
2026-01-31,21098519,C816,655,0,0,37,1.0,617,617.0,0.0
2026-01-31,21357021,A680,164,0,0,0,0.0,164,164.0,0.0
2026-01-31,21307836,A715,127,0,0,3,0.0,124,124.0,0.0
2026-01-31,80804133,A716,325,0,0,10,0.0,315,315.0,0.0
2026-01-31,21098519,D191,2,0,0,0,0.0,2,2.0,0.0
2026-01-31,80807096,E564,15,0,0,0,0.0,15,15.0,0.0
2026-01-31,80793614,0386,4,0,0,0,0.0,4,4.0,0.0
2026-01-31,21366842,A668,68,0,0,0,0.0,68,68.0,0.0
2026-01-31,21132988,A668,123,0,0,10,0.0,113,113.0,0.0
2026-01-31,80807091,C810,1694,0,0,0,1.0,1693,1693.0,0.0
2026-01-31,21121752,A672,153,0,0,4,4.0,145,145.0,0.0
2026-01-31,21314595,A673,365,0,0,4,7.0,354,354.0,0.0
2026-01-31,80804135,E564,38,0,0,0,0.0,38,38.0,0.0
2026-01-31,80807097,C810,1,0,1,0,0.0,2,2.0,0.0
2026-01-31,21151196,A680,212,0,0,16,0.0,196,196.0,0.0
2026-01-31,80804134,0386,5,0,0,0,0.0,5,5.0,0.0
2026-01-31,80812846,C816,232,0,0,6,8.0,218,218.0,0.0
2026-01-31,80804128,A680,55,0,0,2,0.0,53,53.0,0.0
2026-01-31,80804137,E569,7,0,0,0,0.0,7,7.0,0.0
2026-01-31,21103371,D901,104,0,0,17,0.0,87,87.0,0.0
2026-01-31,21315474,A680,42,0,0,4,0.0,38,38.0,0.0
2026-01-31,80807092,D767,8,0,3,0,0.0,11,11.0,0.0
2026-01-31,80807090,C937,6,0,0,0,0.0,6,6.0,0.0
2026-01-31,80804127,C816,1061,0,0,59,0.0,1002,1002.0,0.0
2026-01-31,80804138,A716,63,0,0,0,0.0,63,63.0,0.0
2026-01-31,80807122,A672,0,0,547,10,0.0,537,537.0,0.0
2026-01-31,80863645,A673,1171,0,0,9,0.0,1162,1162.0,0.0
2026-01-31,21128377,A672,739,0,0,76,0.0,663,663.0,0.0
2026-01-31,21434952,A673,850,0,0,21,0.0,829,829.0,0.0
2026-01-31,21098519,E568,3,0,0,0,0.0,3,3.0,0.0
2026-01-31,80804704,A668,220,0,6,40,0.0,186,186.0,0.0
2026-01-31,21176384,E569,5,0,0,0,0.0,5,5.0,0.0
2026-01-31,21179704,E568,3,0,0,0,0.0,3,3.0,0.0
2026-01-31,21137621,C816,352,0,0,14,0.0,338,338.0,0.0
2026-01-31,21127800,C816,39,0,0,3,0.0,36,36.0,0.0
2026-01-31,21127799,0386,0,597,0,0,596.0,1,1.0,0.0
2026-01-31,80795932,A673,431,0,0,4,1.0,426,426.0,0.0
2026-01-31,80807102,E569,62,0,0,5,0.0,57,57.0,0.0
2026-01-31,80807122,C810,1,0,0,0,0.0,1,1.0,0.0
2026-01-31,21128377,C810,9,0,0,1,0.0,8,8.0,0.0
2026-01-31,80807112,D767,18,0,10,5,0.0,23,23.0,0.0
2026-01-31,21148509,D767,59,0,0,9,0.0,50,50.0,0.0
2026-01-31,80804135,D901,128,0,0,0,0.0,128,128.0,0.0
2026-01-31,80812846,E568,28,0,0,0,0.0,28,28.0,0.0
2026-01-31,80807090,0386,1,0,0,0,0.0,1,1.0,0.0
2026-01-31,21325164,C816,270,0,0,1,0.0,269,269.0,0.0
2026-01-31,21098519,A673,1155,0,0,99,19.0,1037,1037.0,0.0
2026-01-31,21170686,A672,181,0,0,2,0.0,179,179.0,0.0
2026-01-31,21442422,A716,572,0,0,6,0.0,566,566.0,0.0
2026-01-31,21314593,E568,5,0,0,0,0.0,5,5.0,0.0
2026-01-31,21314594,E564,2,0,0,0,0.0,2,2.0,0.0
2026-01-31,21376841,A680,138,0,0,0,0.0,138,138.0,0.0
2026-01-31,80807093,0386,1,0,0,0,0.0,1,1.0,0.0
2026-01-31,21377091,A673,3252,0,0,0,0.0,3252,3252.0,0.0
2026-01-31,80793613,A680,54,0,0,1,0.0,53,53.0,0.0
2026-01-31,21291975,C937,9,0,0,0,0.0,9,9.0,0.0
2026-01-31,80854083,E568,1,0,0,0,0.0,1,1.0,0.0
2026-01-31,21170686,C810,95,0,0,1,0.0,94,94.0,0.0
2026-01-31,80807119,C816,67,0,0,4,2.0,61,61.0,0.0
2026-01-31,21132988,C563,9,0,0,4,0.0,5,5.0,0.0
2026-01-31,80804127,A673,115,0,2,4,0.0,113,113.0,0.0
2026-01-31,80848025,C937,13,0,0,2,0.0,11,11.0,0.0
2026-01-31,21314876,A668,171,0,0,4,0.0,167,167.0,0.0
2026-01-31,21301637,A672,335,0,0,1,0.0,334,334.0,0.0
2026-01-31,80805852,C937,2,0,0,0,0.0,2,2.0,0.0
2026-01-31,80857738,A672,5,0,0,0,0.0,5,5.0,0.0
2026-01-31,21143110,A716,1,0,0,0,0.0,1,1.0,0.0
2026-01-31,80804129,E556,36,0,0,0,0.0,36,36.0,0.0
2026-01-31,80812841,A680,276,0,0,10,0.0,266,266.0,0.0
2026-01-31,21133312,A716,87,0,0,5,0.0,82,82.0,0.0
2026-01-31,21127800,A673,61,0,0,4,0.0,57,57.0,0.0
2026-01-31,80807089,A716,321,0,0,11,0.0,310,310.0,0.0
2026-01-31,80823707,A680,4,0,0,0,0.0,4,4.0,0.0
2026-01-31,21132752,C816,392,0,0,11,0.0,381,381.0,0.0
2026-01-31,80795933,A672,358,0,0,2,0.0,356,356.0,0.0
2026-01-31,21314594,D901,15,0,13,3,0.0,25,25.0,0.0
2026-01-31,21165946,E564,30,0,1,1,0.0,30,30.0,0.0
2026-01-31,80807115,A680,143,0,0,12,0.0,131,131.0,0.0
2026-01-31,80812845,C819,42,0,0,17,0.0,25,25.0,0.0
2026-01-31,21118867,E569,2,0,0,0,0.0,2,2.0,0.0
2026-01-31,80804704,C563,48,0,0,5,0.0,43,43.0,0.0
2026-01-31,80793615,A716,98,0,0,0,0.0,98,98.0,0.0
2026-01-31,21325164,A673,104,0,0,7,0.0,97,97.0,0.0
2026-01-31,80884848,A668,5,0,2,1,0.0,6,6.0,0.0
2026-01-31,21315352,D767,16,0,0,1,0.0,15,15.0,0.0
2026-01-31,80864470,A716,82,0,0,0,0.0,82,82.0,0.0
2026-01-31,80840975,A716,2,0,92,0,0.0,94,94.0,0.0
2026-01-31,80807092,C816,0,0,439,15,45.0,379,379.0,0.0
2026-01-31,80884852,A668,25,0,0,1,0.0,24,24.0,0.0
2026-01-31,21113405,A668,179,0,0,4,0.0,175,175.0,0.0
2026-01-31,21143110,D901,60,0,15,0,0.0,75,75.0,0.0
2026-01-31,21141769,D767,34,0,0,0,0.0,34,34.0,0.0
2026-01-31,80804702,A672,20,0,0,5,0.0,15,15.0,0.0
2026-01-31,21137866,E569,9,0,0,1,0.0,8,8.0,0.0
2026-01-31,21171453,A668,9,0,0,0,0.0,9,9.0,0.0
2026-01-31,80807119,A673,187,0,0,15,0.0,172,172.0,0.0
2026-01-31,80804701,E569,3,0,0,0,0.0,3,3.0,0.0
2026-01-31,80848023,A716,229,0,1,16,0.0,214,214.0,0.0
2026-01-31,21354246,E556,2,0,0,0,0.0,2,2.0,0.0
2026-01-31,80812154,A716,38,0,0,0,0.0,38,38.0,0.0
2026-01-31,80807110,D767,67,0,0,8,0.0,59,59.0,0.0
2026-01-31,21165946,D901,74,0,17,0,0.0,91,91.0,0.0
2026-01-31,21357275,A715,174,0,0,3,0.0,171,171.0,0.0
2026-01-31,80804702,C810,20,0,0,0,1.0,19,19.0,0.0
2026-01-31,21165816,A680,27,0,0,1,0.0,26,26.0,0.0
2026-01-31,80812099,C816,66,0,0,2,1.0,63,63.0,0.0
2026-01-31,80804129,A715,100,0,0,0,0.0,100,100.0,0.0
2026-01-31,21352461,C937,5,0,0,0,0.0,5,5.0,0.0
2026-01-31,80807092,E568,4,0,0,0,0.0,4,4.0,0.0
2026-01-31,80838164,C937,5,0,0,0,0.0,5,5.0,0.0
2026-01-31,80807113,A672,1105,0,0,123,0.0,982,982.0,0.0
2026-01-31,80848024,A715,11,0,0,0,0.0,11,11.0,0.0
2026-01-31,21103371,E569,9,0,0,0,0.0,9,9.0,0.0
2026-01-31,80848022,C937,56,0,2,2,0.0,56,56.0,0.0
2026-01-31,80807118,D767,18,0,4,3,0.0,19,19.0,0.0
2026-01-31,21314595,A668,134,0,0,1,0.0,133,133.0,0.0
2026-01-31,21325292,A668,156,0,0,6,0.0,150,150.0,0.0
2026-01-31,21314602,D767,11,0,0,1,0.0,10,10.0,0.0
2026-01-31,80807092,A673,280,0,0,13,0.0,267,267.0,0.0
2026-01-31,21148509,E568,8,0,0,1,0.0,7,7.0,0.0
2026-01-31,80807112,E568,6,0,0,0,0.0,6,6.0,0.0
2026-01-31,80807113,C810,221,0,0,1,6.0,214,214.0,0.0
2026-01-31,80865910,A672,0,0,435,2,0.0,433,433.0,0.0
2026-01-31,80885921,A668,29,0,0,1,0.0,28,28.0,0.0
2026-01-31,21118864,D767,1,0,0,0,0.0,1,1.0,0.0
2026-01-31,21303404,0386,0,495,0,0,0.0,495,495.0,0.0
2026-01-31,80807105,A672,631,0,0,30,0.0,601,601.0,0.0
2026-01-31,80863645,A668,416,0,0,5,0.0,411,411.0,0.0
2026-01-31,80804138,C819,8,0,0,1,0.0,7,7.0,0.0
2026-01-31,21162696,A716,6,0,1,1,0.0,6,6.0,0.0
2026-01-31,80807117,C810,2,0,0,0,0.0,2,2.0,0.0
2026-01-31,21377504,A672,800,0,0,2,3.0,795,795.0,0.0
2026-01-31,21434952,A668,406,0,0,39,0.0,367,367.0,0.0
2026-01-31,21354246,A715,66,0,0,1,0.0,65,65.0,0.0
2026-01-31,80807114,A672,325,0,0,7,0.0,318,318.0,0.0
2026-01-31,80804135,E569,17,0,0,0,0.0,17,17.0,0.0
2026-01-31,80812103,A668,13,0,0,2,0.0,11,11.0,0.0
2026-01-31,80795932,A668,61,0,0,1,0.0,60,60.0,0.0
2026-01-31,80804131,A716,8,0,0,0,0.0,8,8.0,0.0
2026-01-31,80812099,A673,166,0,0,3,0.0,163,163.0,0.0
2026-01-31,80807105,C810,35,0,0,6,4.0,25,25.0,0.0
2026-01-31,21315352,C816,215,0,0,21,0.0,194,194.0,0.0
2026-01-31,21170691,A715,31,0,0,0,0.0,31,31.0,0.0
2026-01-31,80807114,C810,29,0,0,2,3.0,24,24.0,0.0
2026-01-31,21357021,A715,298,0,0,0,0.0,298,298.0,0.0
2026-01-31,21121752,0386,3,0,0,0,0.0,3,3.0,0.0
2026-01-31,21141769,C816,197,0,2,27,0.0,172,172.0,0.0
2026-01-31,80812839,A716,24,0,0,0,0.0,24,24.0,0.0
2026-01-31,80838161,A716,3,0,0,0,0.0,3,3.0,0.0
2026-01-31,21357275,C816,551,0,0,16,0.0,535,535.0,0.0
2026-01-31,21377091,A668,358,0,0,0,0.0,358,358.0,0.0
2026-01-31,21132758,C816,639,0,0,38,9.0,592,592.0,0.0
2026-01-31,80812845,A680,539,0,0,18,0.0,521,521.0,0.0
2026-01-31,21132758,D191,3,0,0,1,0.0,2,2.0,0.0
2026-01-31,21121751,C819,5,0,0,1,0.0,4,4.0,0.0
2026-01-31,21151196,A715,128,0,0,5,0.0,123,123.0,0.0
2026-01-31,80804134,E564,130,0,2,12,0.0,120,120.0,0.0
2026-01-31,21170686,C937,5,0,0,0,0.0,5,5.0,0.0
2026-01-31,80804128,A715,52,0,54,3,0.0,103,103.0,0.0
2026-01-31,21315352,E568,5,0,0,0,0.0,5,5.0,0.0
2026-01-31,21307836,A672,71,0,0,2,0.0,69,69.0,0.0
2026-01-31,80804127,A668,35,0,0,3,0.0,32,32.0,0.0
2026-01-31,21315474,A715,142,0,0,3,0.0,139,139.0,0.0
2026-01-31,21325292,C563,4,0,0,0,0.0,4,4.0,0.0
2026-01-31,80796091,A672,420,0,0,7,0.0,413,413.0,0.0
2026-01-31,80848021,A680,1,0,0,1,0.0,0,0.0,0.0
2026-01-31,21139445,A716,230,0,0,0,0.0,230,230.0,0.0
2026-01-31,21314594,E569,3,0,0,0,0.0,3,3.0,0.0
2026-01-31,80804132,C816,490,0,0,26,15.0,449,449.0,0.0
2026-01-31,80805850,A680,68,0,0,0,0.0,68,68.0,0.0
2026-01-31,21141769,E568,6,0,0,2,0.0,4,4.0,0.0
2026-01-31,80812841,E556,14,0,0,10,0.0,4,4.0,0.0
2026-01-31,80848028,A716,98,0,0,4,0.0,94,94.0,0.0
2026-01-31,21132758,E568,5,0,0,0,0.0,5,5.0,0.0
2026-01-31,21307836,C810,82,0,0,2,0.0,80,80.0,0.0
2026-01-31,21128067,A672,1072,0,0,4,0.0,1068,1068.0,0.0
2026-01-31,80807110,E568,8,0,0,1,0.0,7,7.0,0.0
2026-01-31,80807118,C816,217,0,0,4,0.0,213,213.0,0.0
2026-01-31,80884850,A672,0,0,423,9,0.0,414,414.0,0.0
2026-01-31,80807089,E569,27,0,0,2,0.0,25,25.0,0.0
2026-01-31,80795933,C937,2,0,0,0,0.0,2,2.0,0.0
2026-01-31,21376841,A715,321,0,0,0,0.0,321,321.0,0.0
2026-01-31,21357275,A673,752,0,0,18,0.0,734,734.0,0.0
2026-01-31,80804703,C937,7,0,0,2,0.0,5,5.0,0.0
2026-01-31,21139445,D901,6,0,12,11,0.0,7,7.0,0.0
2026-01-31,80807093,E564,10,0,0,3,0.0,7,7.0,0.0
2026-01-31,21121756,A716,93,0,0,2,0.0,91,91.0,0.0
2026-01-31,21132758,A673,476,0,0,44,36.0,396,396.0,0.0
2026-01-31,21128067,C810,46,0,0,2,9.0,35,35.0,0.0
2026-01-31,80793613,A715,92,0,0,0,0.0,92,92.0,0.0
2026-01-31,80804129,A673,383,0,0,4,0.0,379,379.0,0.0
2026-01-31,80848028,D901,35,0,0,0,0.0,35,35.0,0.0
2026-01-31,21127730,A672,1537,0,0,5,0.0,1532,1532.0,0.0
2026-01-31,21301637,0386,1,0,0,0,0.0,1,1.0,0.0
2026-01-31,80807119,A668,199,0,0,1,0.0,198,198.0,0.0
2026-01-31,21179704,C937,7,0,1,0,0.0,8,8.0,0.0
2026-01-31,80791223,A672,90,0,0,0,0.0,90,90.0,0.0
2026-01-31,80848023,C819,36,0,0,1,0.0,35,35.0,0.0
2026-01-31,80807118,E568,6,0,0,0,0.0,6,6.0,0.0
2026-01-31,80863646,A680,130,0,0,1,0.0,129,129.0,0.0
2026-01-31,80807100,C819,5,0,0,0,0.0,5,5.0,0.0
2026-01-31,21314602,E568,1,0,0,0,0.0,1,1.0,0.0
2026-01-31,21442896,A716,1042,0,0,2,0.0,1040,1040.0,0.0
2026-01-31,80804132,A673,960,0,0,53,0.0,907,907.0,0.0
2026-01-31,80848024,A673,384,0,0,5,0.0,379,379.0,0.0
2026-01-31,80804703,0386,1,0,0,0,0.0,1,1.0,0.0
2026-01-31,80812846,C937,7,0,0,3,0.0,4,4.0,0.0
2026-01-31,80804132,E467,21,0,0,2,0.0,19,19.0,0.0
2026-01-31,80812841,A715,391,0,0,15,0.0,376,376.0,0.0
2026-01-31,21127730,C810,24,0,18,0,42.0,0,0.0,0.0
2026-01-31,80812154,E569,2,0,3,0,0.0,5,5.0,0.0
2026-01-31,80807115,A715,54,0,0,5,0.0,49,49.0,0.0
2026-01-31,21143102,D767,7,0,0,1,0.0,6,6.0,0.0
2026-01-31,80804128,C816,101,0,0,5,13.0,83,83.0,0.0
2026-01-31,80807118,A673,741,0,0,14,41.0,686,686.0,0.0
2026-01-31,21315474,C816,303,0,0,12,3.0,288,288.0,0.0
2026-01-31,21275914,C819,5,0,0,0,0.0,5,5.0,0.0
2026-01-31,80854083,C937,3,0,0,0,0.0,3,3.0,0.0
2026-01-31,21354246,A673,715,0,0,6,0.0,709,709.0,0.0
2026-01-31,80804702,0386,1,0,0,0,0.0,1,1.0,0.0
2026-01-31,21170691,A673,142,0,0,4,2.0,136,136.0,0.0
2026-01-31,80868102,C816,619,0,0,5,24.0,590,590.0,0.0
2026-01-31,21357021,A673,1156,0,0,0,0.0,1156,1156.0,0.0
2026-01-31,21414747,A716,234,0,0,1,0.0,233,233.0,0.0
2026-01-31,21121751,A680,100,0,0,2,0.0,98,98.0,0.0
2026-01-31,80865910,C937,2,0,0,0,0.0,2,2.0,0.0
2026-01-31,21165816,A715,27,0,0,0,0.0,27,27.0,0.0
2026-01-31,21419485,A672,183,0,0,32,0.0,151,151.0,0.0
2026-01-31,21377504,C937,10,0,1,1,0.0,10,10.0,0.0
2026-01-31,21162696,E569,2,0,0,0,0.0,2,2.0,0.0
2026-01-31,21366842,A716,107,0,0,0,0.0,107,107.0,0.0
2026-01-31,80804128,A673,442,0,0,20,1.0,421,421.0,0.0
2026-01-31,21132988,A716,126,0,0,5,0.0,121,121.0,0.0
2026-01-31,80864469,C819,12,0,0,1,0.0,11,11.0,0.0
2026-01-31,80812840,A672,1558,0,0,32,19.0,1507,1507.0,0.0
2026-01-31,80804137,D767,0,0,28,4,0.0,24,24.0,0.0
2026-01-31,21315474,A673,513,0,8,37,21.0,463,463.0,0.0
2026-01-31,21170683,C816,122,0,0,6,0.0,116,116.0,0.0
2026-01-31,80865910,0386,1,0,0,0,0.0,1,1.0,0.0
2026-01-31,80863643,A680,112,0,0,6,0.0,106,106.0,0.0
2026-01-31,80793615,A680,145,0,0,0,0.0,145,145.0,0.0
2026-01-31,21377504,0386,2261,0,0,0,0.0,2261,2261.0,0.0
2026-01-31,80812840,C810,22,0,185,3,75.0,129,129.0,0.0
2026-01-31,80807114,0386,3,0,0,0,3.0,0,0.0,0.0
2026-01-31,80851898,C819,14,0,0,1,0.0,13,13.0,0.0
2026-01-31,80807115,C816,406,0,0,21,15.0,370,370.0,0.0
2026-01-31,80804704,A716,1347,0,0,20,0.0,1327,1327.0,0.0
2026-01-31,21132988,D901,31,0,0,4,0.0,27,27.0,0.0
2026-01-31,80805850,E556,3,0,0,0,0.0,3,3.0,0.0
2026-01-31,80807091,E564,62,0,0,7,0.0,55,55.0,0.0
2026-01-31,21143102,C816,241,0,0,26,0.0,215,215.0,0.0
2026-01-31,21170683,E568,1,0,0,0,0.0,1,1.0,0.0
2026-01-31,80807097,E564,6,0,0,1,0.0,5,5.0,0.0
2026-01-31,80848027,E564,4,0,0,0,0.0,4,4.0,0.0
2026-01-31,21143102,D191,8,0,0,2,0.0,6,6.0,0.0
2026-01-31,21376841,A673,5103,0,0,0,0.0,5103,5103.0,0.0
2026-01-31,80868100,A680,14,0,0,1,0.0,13,13.0,0.0
2026-01-31,80807100,A680,61,0,0,4,0.0,57,57.0,0.0
2026-01-31,21139445,E569,2,0,0,0,0.0,2,2.0,0.0
2026-01-31,80807112,C937,16,0,0,2,0.0,14,14.0,0.0
2026-01-31,21148509,C937,24,0,3,1,0.0,26,26.0,0.0
2026-01-31,80868101,A680,11,0,0,1,0.0,10,10.0,0.0
2026-01-31,21121752,E564,2,0,0,0,0.0,2,2.0,0.0
2026-01-31,80804704,D901,30,0,0,8,0.0,22,22.0,0.0
2026-01-31,21170683,A673,446,0,0,62,0.0,384,384.0,0.0
2026-01-31,80848028,E569,21,0,0,4,0.0,17,17.0,0.0
2026-01-31,21357275,A668,302,0,0,4,0.0,298,298.0,0.0
2026-01-31,21170683,E467,9,0,0,1,0.0,8,8.0,0.0
2026-01-31,21132758,A668,340,0,0,45,0.0,295,295.0,0.0
2026-01-31,80804130,D767,19,0,0,0,0.0,19,19.0,0.0
2026-01-31,80812845,A715,107,0,0,15,0.0,92,92.0,0.0
2026-01-31,80804129,A668,84,0,0,0,0.0,84,84.0,0.0
2026-01-31,80807091,D901,66,0,9,4,0.0,71,71.0,0.0
2026-01-31,80807122,E564,3,0,0,0,0.0,3,3.0,0.0
2026-01-31,80804133,E556,14,0,0,1,0.0,13,13.0,0.0
2026-01-31,80812841,A673,1441,0,0,21,0.0,1420,1420.0,0.0
2026-01-31,21128377,E564,3,0,0,0,0.0,3,3.0,0.0
2026-01-31,21275914,A680,19,0,0,0,0.0,19,19.0,0.0
2026-01-31,80807097,D901,0,0,78,7,0.0,71,71.0,0.0
2026-01-31,80812338,A672,33,0,0,1,0.0,32,32.0,0.0
2026-01-31,80840976,A680,456,0,0,7,0.0,449,449.0,0.0
2026-01-31,80807115,A673,331,0,780,38,100.0,973,973.0,0.0
2026-01-31,21421148,C816,117,0,0,0,0.0,117,117.0,0.0
2026-01-31,80848021,A715,47,0,0,0,0.0,47,47.0,0.0
2026-01-31,80804132,A668,277,0,0,35,0.0,242,242.0,0.0
2026-01-31,21118867,D767,6,0,0,0,0.0,6,6.0,0.0
2026-01-31,80848024,A668,540,0,0,4,0.0,536,536.0,0.0
2026-01-31,80805850,A715,12,0,0,0,0.0,12,12.0,0.0
2026-01-31,21143102,A673,430,0,0,0,8.0,422,422.0,0.0
2026-01-31,21127730,C937,6,0,0,0,0.0,6,6.0,0.0
2026-01-31,21151196,A672,620,0,0,116,0.0,504,504.0,0.0
2026-01-31,80804138,E556,24,0,7,6,0.0,25,25.0,0.0
2026-01-31,80807095,A680,131,0,0,6,0.0,125,125.0,0.0
2026-01-31,21442897,C816,1940,0,0,13,268.0,1659,1659.0,0.0
2026-01-31,80884848,A716,163,0,0,0,0.0,163,163.0,0.0
2026-01-31,80807120,D767,53,0,6,5,0.0,54,54.0,0.0
2026-01-31,80884850,0386,3,0,0,0,0.0,3,3.0,0.0
2026-01-31,21304907,A672,219,0,0,8,0.0,211,211.0,0.0
2026-01-31,80884852,A716,114,0,0,1,0.0,113,113.0,0.0
2026-01-31,21113405,A716,133,0,0,0,0.0,133,133.0,0.0
2026-01-31,21354246,A668,80,0,0,0,0.0,80,80.0,0.0
2026-01-31,21151196,C810,42,0,0,4,38.0,0,0.0,0.0
2026-01-31,80804699,D767,5,0,0,0,0.0,5,5.0,0.0
2026-01-31,80804701,D767,14,0,5,3,0.0,16,16.0,0.0
2026-01-31,21127730,0386,1205,0,0,0,70.0,1135,1135.0,0.0
2026-01-31,80804706,A680,5,0,0,3,0.0,2,2.0,0.0
2026-01-31,21171453,A716,22,0,0,0,0.0,22,22.0,0.0
2026-01-31,80864469,A680,65,0,0,8,0.0,57,57.0,0.0
2026-01-31,80804705,A680,69,0,0,19,0.0,50,50.0,0.0
2026-01-31,80804137,E568,3,0,0,0,0.0,3,3.0,0.0
2026-01-31,21141769,C937,15,0,0,2,0.0,13,13.0,0.0
2026-01-31,21170691,A668,42,0,0,2,0.0,40,40.0,0.0
2026-01-31,21315350,A672,1398,0,0,162,18.0,1218,1218.0,0.0
2026-01-31,21357021,A668,132,0,0,0,0.0,132,132.0,0.0
2026-01-31,21428668,A680,132,0,0,21,0.0,111,111.0,0.0
2026-01-31,80863646,A715,66,0,0,1,0.0,65,65.0,0.0
2026-01-31,80807110,C937,25,0,9,0,0.0,34,34.0,0.0
2026-01-31,21113405,D901,12,0,1,1,0.0,12,12.0,0.0
2026-01-31,21422791,C816,140,0,0,5,0.0,135,135.0,0.0
2026-01-31,80793613,A672,222,0,0,3,0.0,219,219.0,0.0
2026-01-31,80851898,A680,157,0,0,3,0.0,154,154.0,0.0
2026-01-31,21103371,D767,13,0,0,3,0.0,10,10.0,0.0
2026-01-31,21442897,A673,653,0,0,51,0.0,602,602.0,0.0
2026-01-31,21171453,D901,26,0,0,2,0.0,24,24.0,0.0
2026-01-31,21315350,C810,7,0,0,1,0.0,6,6.0,0.0
2026-01-31,80804128,A668,103,0,0,2,0.0,101,101.0,0.0
2026-01-31,80804136,C819,25,0,0,2,0.0,23,23.0,0.0
2026-01-31,80804130,C816,200,0,0,9,0.0,191,191.0,0.0
2026-01-31,21314595,A716,61,0,0,0,0.0,61,61.0,0.0
2026-01-31,21315474,A668,231,0,0,13,0.0,218,218.0,0.0
2026-01-31,21325292,A716,48,0,0,19,0.0,29,29.0,0.0
2026-01-31,21463645,C816,204,0,0,0,0.0,204,204.0,0.0
2026-01-31,80807096,D767,16,0,0,1,0.0,15,15.0,0.0
2026-01-31,80848021,C816,746,0,0,2,47.0,697,697.0,0.0
2026-01-31,80885919,A672,163,0,0,7,0.0,156,156.0,0.0
2026-01-31,80804698,A672,76,0,0,10,0.0,66,66.0,0.0
2026-01-31,80804702,E564,26,0,0,2,0.0,24,24.0,0.0
2026-01-31,80885921,A716,36,0,0,1,0.0,35,35.0,0.0
2026-01-31,80823707,A672,7,0,0,0,0.0,7,7.0,0.0
2026-01-31,80863645,A716,66,0,0,0,0.0,66,66.0,0.0
2026-01-31,80804135,D767,38,0,0,0,0.0,38,38.0,0.0
2026-01-31,21434952,A716,25,0,0,2,0.0,23,23.0,0.0
2026-01-31,80812840,C937,8,0,0,0,0.0,8,8.0,0.0
2026-01-31,21132988,E569,7,0,0,0,0.0,7,7.0,0.0
2026-01-31,21314602,C937,5,0,2,1,0.0,6,6.0,0.0
2026-01-31,80840975,E556,12,0,6,0,0.0,18,18.0,0.0
2026-01-31,80812110,A680,81,0,0,2,0.0,79,79.0,0.0
2026-01-31,21118864,C937,1,0,0,0,0.0,1,1.0,0.0
2026-01-31,80812103,A716,38,0,0,7,0.0,31,31.0,0.0
2026-01-31,80795932,A716,44,0,0,0,0.0,44,44.0,0.0
2026-01-31,80804698,C810,25,0,0,1,4.0,20,20.0,0.0
2026-01-31,80804130,E568,4,0,0,0,0.0,4,4.0,0.0
2026-01-31,21155895,A680,144,0,0,0,0.0,144,144.0,0.0
2026-01-31,80848029,C819,23,0,0,6,0.0,17,17.0,0.0
2026-01-31,21325292,D901,67,0,19,13,0.0,73,73.0,0.0
2026-01-31,80807120,C816,317,0,0,3,1.0,313,313.0,0.0
2026-01-31,80884846,A680,1,0,0,0,0.0,1,1.0,0.0
2026-01-31,21419485,0386,2,0,0,0,0.0,2,2.0,0.0
2026-01-31,21121751,A715,10,0,0,0,0.0,10,10.0,0.0
2026-01-31,21376841,A668,471,0,0,0,0.0,471,471.0,0.0
2026-01-31,21138340,E556,145,0,0,9,0.0,136,136.0,0.0
2026-01-31,80807113,E564,70,0,0,9,0.0,61,61.0,0.0
2026-01-31,80848023,E556,6,0,0,0,0.0,6,6.0,0.0
2026-01-31,80807113,A716,160,0,0,1,0.0,159,159.0,0.0
2026-01-31,80812840,0386,1,0,0,0,0.0,1,1.0,0.0
2026-01-31,80804704,E569,34,0,1,2,0.0,33,33.0,0.0
2026-01-31,21314602,0386,1,0,0,0,0.0,1,1.0,0.0
2026-01-31,80804699,C816,431,0,0,2,23.0,406,406.0,0.0
2026-01-31,80807100,E556,66,0,38,18,0.0,86,86.0,0.0
2026-01-31,21118867,E568,2,0,0,0,0.0,2,2.0,0.0
2026-01-31,21377091,A716,237,0,0,0,0.0,237,237.0,0.0
2026-01-31,21442896,A680,63,0,0,0,0.0,63,63.0,0.0
2026-01-31,80804130,A673,533,0,0,21,5.0,507,507.0,0.0
2026-01-31,80807117,A716,14,0,0,0,0.0,14,14.0,0.0
2026-01-31,80807091,E569,38,0,1,4,0.0,35,35.0,0.0
2026-01-31,21170683,A668,21,0,0,2,0.0,19,19.0,0.0
2026-01-31,21176384,A672,107,0,0,1,0.0,106,106.0,0.0
2026-01-31,21151196,C563,44,0,0,3,0.0,41,41.0,0.0
2026-01-31,80795932,D901,13,0,1,1,0.0,13,13.0,0.0
2026-01-31,80807097,E569,5,0,0,0,0.0,5,5.0,0.0
2026-01-31,80848021,A673,227,0,0,16,0.0,211,211.0,0.0
2026-01-31,21425098,C816,45,0,0,0,0.0,45,45.0,0.0
2026-01-31,21434954,A680,96,0,0,31,0.0,65,65.0,0.0
2026-01-31,21165816,A672,95,0,0,3,0.0,92,92.0,0.0
2026-01-31,80807102,A672,1680,0,0,47,7.0,1626,1626.0,0.0
2026-01-31,80807120,E568,2,0,0,0,0.0,2,2.0,0.0
2026-01-31,80807105,E564,94,0,0,8,0.0,86,86.0,0.0
2026-01-31,80804127,A716,26,0,0,0,0.0,26,26.0,0.0
2026-01-31,21103372,A672,459,0,263,72,0.0,650,650.0,0.0
2026-01-31,80812841,A668,257,0,0,12,0.0,245,245.0,0.0
2026-01-31,80863643,A715,4,0,0,0,0.0,4,4.0,0.0
2026-01-31,21275914,E556,1,0,0,0,0.0,1,1.0,0.0
2026-01-31,80793615,A715,153,0,0,2,0.0,151,151.0,0.0
2026-01-31,80807114,E564,38,0,0,7,0.0,31,31.0,0.0
2026-01-31,80807115,A668,171,0,256,24,0.0,403,403.0,0.0
2026-01-31,80807113,D901,70,0,9,22,0.0,57,57.0,0.0
2026-01-31,21176384,C810,56,0,0,1,0.0,55,55.0,0.0
2026-01-31,80804701,E568,3,0,0,0,0.0,3,3.0,0.0
2026-01-31,80838165,C816,99,0,0,4,0.0,95,95.0,0.0
2026-01-31,80831843,0386,4386,0,0,0,0.0,4386,4386.0,0.0
2026-01-31,21165816,C810,785,0,0,1,0.0,784,784.0,0.0
2026-01-31,80807102,C810,21,0,0,2,0.0,19,19.0,0.0
2026-01-31,21103372,C810,108,0,1,17,0.0,92,92.0,0.0
2026-01-31,80807122,E569,2,0,4,0,0.0,6,6.0,0.0
2026-01-31,80812338,C937,3,0,0,0,0.0,3,3.0,0.0
2026-01-31,21325164,A716,5,0,0,1,0.0,4,4.0,0.0
2026-01-31,80863643,E295,224,0,0,13,0.0,211,211.0,0.0
2026-01-31,80868102,C937,4,0,0,0,0.0,4,4.0,0.0
2026-01-31,80868100,A715,100,0,0,0,0.0,100,100.0,0.0
2026-01-31,80807096,C816,80,0,0,3,2.0,75,75.0,0.0
2026-01-31,80804699,A673,60,0,9,8,0.0,61,61.0,0.0
2026-01-31,80807105,D901,63,0,0,11,0.0,52,52.0,0.0
2026-01-31,80807100,A715,483,0,0,5,0.0,478,478.0,0.0
2026-01-31,21165946,D767,2,0,0,1,0.0,1,1.0,0.0
2026-01-31,80868101,A715,233,0,0,2,0.0,231,231.0,0.0
2026-01-31,21291975,A680,113,0,0,2,0.0,111,111.0,0.0
2026-01-31,21103371,E568,2,0,0,0,0.0,2,2.0,0.0
2026-01-31,21425098,A673,99,0,0,8,0.0,91,91.0,0.0
2026-01-31,21121751,C816,429,0,0,21,0.0,408,408.0,0.0
2026-01-31,80807119,A716,48,0,0,0,0.0,48,48.0,0.0
2026-01-31,80864469,E556,9,0,0,2,0.0,7,7.0,0.0
2026-01-31,80848025,A680,41,0,0,4,0.0,37,37.0,0.0
2026-01-31,80804136,A680,283,0,0,20,0.0,263,263.0,0.0
2026-01-31,21143103,D767,2,0,0,0,0.0,2,2.0,0.0
2026-01-31,21307836,A716,109,0,0,2,0.0,107,107.0,0.0
2026-01-31,80804705,E556,13,0,0,2,0.0,11,11.0,0.0
2026-01-31,80805852,A680,32,0,0,1,0.0,31,31.0,0.0
2026-01-31,80812839,E556,4,0,0,0,0.0,4,4.0,0.0
2026-01-31,21275914,A715,3,0,0,0,0.0,3,3.0,0.0
2026-01-31,21113405,E569,6,0,0,0,0.0,6,6.0,0.0
2026-01-31,80840976,A715,205,0,0,1,0.0,204,204.0,0.0
2026-01-31,80848026,C819,90,0,0,14,0.0,76,76.0,0.0
2026-01-31,80838165,A673,166,0,0,10,0.0,156,156.0,0.0
2026-01-31,80838163,A672,4,0,0,0,0.0,4,4.0,0.0
2026-01-31,80804135,E568,2,0,0,0,0.0,2,2.0,0.0
2026-01-31,80812845,A672,1339,0,0,16,47.0,1276,1276.0,0.0
2026-01-31,21128067,E564,33,0,0,3,0.0,30,30.0,0.0
2026-01-31,80851898,E556,3,0,0,0,0.0,3,3.0,0.0
2026-01-31,80807095,A715,227,0,0,21,0.0,206,206.0,0.0
2026-01-31,21421149,A672,186,0,0,22,0.0,164,164.0,0.0
2026-01-31,21137866,A672,595,0,0,74,0.0,521,521.0,0.0
2026-01-31,21472283,A680,13,0,0,0,0.0,13,13.0,0.0
2026-01-31,80848029,A680,110,0,0,1,0.0,109,109.0,0.0
2026-01-31,80807116,D767,13,0,44,10,0.0,47,47.0,0.0
2026-01-31,80812845,C810,97,0,0,25,0.0,72,72.0,0.0
2026-01-31,21142560,A672,425,0,0,13,0.0,412,412.0,0.0
2026-01-31,21121751,A673,425,0,0,34,7.0,384,384.0,0.0
2026-01-31,80804706,A715,433,0,0,3,0.0,430,430.0,0.0
2026-01-31,21137866,C810,45,0,0,3,4.0,38,38.0,0.0
2026-01-31,21315350,0386,0,2392,0,0,2387.0,5,5.0,0.0
2026-01-31,80864469,A715,196,0,0,4,0.0,192,192.0,0.0
2026-01-31,21325292,E569,5,0,0,1,0.0,4,4.0,0.0
2026-01-31,21416910,A680,249,0,0,0,0.0,249,249.0,0.0
2026-01-31,80812110,E556,12,0,8,2,0.0,18,18.0,0.0
2026-01-31,80804705,A715,476,0,0,11,0.0,465,465.0,0.0
2026-01-31,80805856,A680,96,0,0,8,0.0,88,88.0,0.0
2026-01-31,80804698,C937,8,0,0,2,0.0,6,6.0,0.0
2026-01-31,21352461,A680,169,0,0,9,0.0,160,160.0,0.0
2026-01-31,80804702,E569,3,0,0,0,0.0,3,3.0,0.0
2026-01-31,21428668,A715,1131,0,0,3,0.0,1128,1128.0,0.0
2026-01-31,21314876,A680,68,0,0,1,0.0,67,67.0,0.0
2026-01-31,80851898,A715,308,0,0,2,0.0,306,306.0,0.0
2026-01-31,80804133,A672,554,0,0,25,0.0,529,529.0,0.0
2026-01-31,80812103,E569,10,0,0,2,0.0,8,8.0,0.0
2026-01-31,21179704,C819,1,0,0,0,0.0,1,1.0,0.0
2026-01-31,80795932,E569,4,0,0,0,0.0,4,4.0,0.0
2026-01-31,80884845,A673,37,0,0,4,0.0,33,33.0,0.0
2026-01-31,80885919,0386,0,909,0,0,905.0,4,4.0,0.0
2026-01-31,80804698,0386,1,0,0,0,0.0,1,1.0,0.0
2026-01-31,80848031,E556,4,0,0,0,0.0,4,4.0,0.0
2026-01-31,80840976,C816,1372,0,0,26,0.0,1346,1346.0,0.0
2026-01-31,21143103,C816,159,0,185,1,0.0,343,343.0,0.0
2026-01-31,80848021,A668,2,0,2,0,0.0,4,4.0,0.0
2026-01-31,80812846,C819,12,0,0,1,0.0,11,11.0,0.0
2026-01-31,80804137,C937,10,0,0,3,0.0,7,7.0,0.0
2026-01-31,21314875,A680,4,0,0,2,0.0,2,2.0,0.0
2026-01-31,80807113,E569,28,0,0,1,0.0,27,27.0,0.0
2026-01-31,80804133,C810,57,0,1,5,0.0,53,53.0,0.0
2026-01-31,80805850,A668,10,0,0,0,0.0,10,10.0,0.0
2026-01-31,80804138,A672,1356,0,0,40,11.0,1305,1305.0,0.0
2026-01-31,21165946,E568,1,0,0,0,0.0,1,1.0,0.0
2026-01-31,80807095,C816,111,0,0,20,0.0,91,91.0,0.0
2026-01-31,21138340,A673,83,0,0,3,0.0,80,80.0,0.0
2026-01-31,80804134,D767,71,0,0,5,0.0,66,66.0,0.0
2026-01-31,21176384,C937,4,0,0,0,0.0,4,4.0,0.0
2026-01-31,80812110,A715,23,0,0,0,0.0,23,23.0,0.0
2026-01-31,21155895,A715,17,0,0,0,0.0,17,17.0,0.0
2026-01-31,80884846,A715,91,0,0,0,0.0,91,91.0,0.0
2026-01-31,80804138,C810,7,0,0,0,0.0,7,7.0,0.0
2026-01-31,80807105,E569,19,0,0,0,0.0,19,19.0,0.0
2026-01-31,21325164,C819,2,0,0,0,0.0,2,2.0,0.0
2026-01-31,80804706,C816,1258,0,0,8,67.0,1183,1183.0,0.0
2026-01-31,80807116,C816,333,0,0,8,20.0,305,305.0,0.0
2026-01-31,80812840,E564,27,0,1,2,0.0,26,26.0,0.0
2026-01-31,21442422,A672,709,0,0,26,0.0,683,683.0,0.0
2026-01-31,80807116,D191,16,0,0,0,0.0,16,16.0,0.0
2026-01-31,80848026,A680,1001,0,0,107,0.0,894,894.0,0.0
2026-01-31,21176384,0386,2,0,0,0,0.0,2,2.0,0.0
2026-01-31,21357275,A716,146,0,0,1,0.0,145,145.0,0.0
2026-01-31,21275914,A673,356,0,0,4,0.0,352,352.0,0.0
2026-01-31,21442896,A715,1149,0,0,4,0.0,1145,1145.0,0.0
2026-01-31,80840976,A673,345,0,0,1,1.0,343,343.0,0.0
2026-01-31,80804129,A716,195,0,0,1,0.0,194,194.0,0.0
2026-01-31,80812845,C563,61,0,0,4,0.0,57,57.0,0.0
2026-01-31,80848031,A715,1207,0,0,3,0.0,1204,1204.0,0.0
2026-01-31,21143103,A673,268,0,0,22,0.0,246,246.0,0.0
2026-01-31,21434954,A715,44,0,0,1,0.0,43,43.0,0.0
2026-01-31,80804136,E556,9,0,10,0,0.0,19,19.0,0.0
2026-01-31,80807095,A673,680,0,0,50,0.0,630,630.0,0.0
2026-01-31,80848024,A716,4,0,0,1,0.0,3,3.0,0.0
2026-01-31,80807116,E568,7,0,0,1,0.0,6,6.0,0.0
2026-01-31,21255844,C816,170,0,0,3,0.0,167,167.0,0.0
2026-01-31,21143110,A672,1588,0,0,0,0.0,1588,1588.0,0.0
2026-01-31,21133312,A672,163,0,189,39,0.0,313,313.0,0.0
2026-01-31,80807089,A672,380,0,0,20,0.0,360,360.0,0.0
2026-01-31,80804129,D901,18,0,0,0,0.0,18,18.0,0.0
2026-01-31,21118867,C937,3,0,0,0,0.0,3,3.0,0.0
2026-01-31,80793615,A672,382,0,0,4,0.0,378,378.0,0.0
2026-01-31,80804706,A673,89,0,32,11,8.0,102,102.0,0.0
2026-01-31,21143110,C810,807,0,0,0,83.0,724,724.0,0.0
2026-01-31,80864470,A672,535,0,0,5,7.0,523,523.0,0.0
2026-01-31,80840975,A672,627,0,0,7,0.0,620,620.0,0.0
2026-01-31,80838162,E569,2,0,0,0,0.0,2,2.0,0.0
2026-01-31,80848029,E556,8,0,0,1,0.0,7,7.0,0.0
2026-01-31,80793614,C816,217,0,0,1,0.0,216,216.0,0.0
2026-01-31,80864469,A673,338,0,77,7,0.0,408,408.0,0.0
2026-01-31,80807089,C810,33,0,168,4,25.0,172,172.0,0.0
2026-01-31,80804705,A673,492,0,165,75,4.0,578,578.0,0.0
2026-01-31,80807120,C937,38,0,0,5,0.0,33,33.0,0.0
2026-01-31,80864469,E467,25,0,0,3,0.0,22,22.0,0.0
2026-01-31,80807092,C819,4,0,0,0,0.0,4,4.0,0.0
2026-01-31,21419490,A680,378,0,0,5,0.0,373,373.0,0.0
2026-01-31,21098519,A680,318,0,0,0,0.0,318,318.0,0.0
2026-01-31,21155895,C816,147,0,0,0,0.0,147,147.0,0.0
2026-01-31,21291975,A715,22,0,0,0,0.0,22,22.0,0.0
2026-01-31,80804134,C816,412,0,0,30,0.0,382,382.0,0.0
2026-01-31,80884846,C816,277,0,0,1,3.0,273,273.0,0.0
2026-01-31,21121751,A668,23,0,0,1,0.0,22,22.0,0.0
2026-01-31,21137866,C937,19,0,0,2,0.0,17,17.0,0.0
2026-01-31,80804134,D191,15,0,0,1,0.0,14,14.0,0.0
2026-01-31,21179704,A680,24,0,0,2,0.0,22,22.0,0.0
2026-01-31,21170691,A716,27,0,0,0,0.0,27,27.0,0.0
2026-01-31,80804701,C937,12,0,0,1,0.0,11,11.0,0.0
2026-01-31,80864470,C810,80,0,0,2,0.0,78,78.0,0.0
2026-01-31,80848023,A672,867,0,0,32,0.0,835,835.0,0.0
2026-01-31,80848025,A715,158,0,0,1,0.0,157,157.0,0.0
2026-01-31,80804136,A715,115,0,0,7,0.0,108,108.0,0.0
2026-01-31,21357021,A716,247,0,0,0,0.0,247,247.0,0.0
2026-01-31,80812154,A672,1036,0,0,21,10.0,1005,1005.0,0.0
2026-01-31,80851898,A673,425,0,0,21,0.0,404,404.0,0.0
2026-01-31,80805852,A715,14,0,0,0,0.0,14,14.0,0.0
2026-01-31,80805856,E556,0,0,12,0,0.0,12,12.0,0.0
2026-01-31,80807100,A672,1555,0,0,39,27.0,1489,1489.0,0.0
2026-01-31,80807112,C819,27,0,0,0,0.0,27,27.0,0.0
2026-01-31,21255844,A673,261,0,0,2,0.0,259,259.0,0.0
2026-01-31,80812846,A680,92,0,55,2,0.0,145,145.0,0.0
2026-01-31,80812845,0386,2,0,0,0,0.0,2,2.0,0.0
2026-01-31,21151196,E564,10,0,0,1,0.0,9,9.0,0.0
2026-01-31,21314593,A680,53,0,0,6,0.0,47,47.0,0.0
2026-01-31,21314876,E556,6,0,0,1,0.0,5,5.0,0.0
2026-01-31,80804128,A716,52,0,0,1,0.0,51,51.0,0.0
2026-01-31,80804134,E568,2,0,0,0,0.0,2,2.0,0.0
2026-01-31,80807100,C810,17,0,0,1,0.0,16,16.0,0.0
2026-01-31,21315474,A716,118,0,0,9,0.0,109,109.0,0.0
2026-01-31,80807090,C816,187,0,0,2,0.0,185,185.0,0.0
2026-01-31,21304907,E564,6,0,0,0,0.0,6,6.0,0.0
2026-01-31,80863643,A668,40,0,206,8,0.0,238,238.0,0.0
2026-01-31,80884845,A668,0,0,9,1,0.0,8,8.0,0.0
2026-01-31,21170691,D901,5,0,0,1,0.0,4,4.0,0.0
2026-01-31,21103371,C937,31,0,0,1,0.0,30,30.0,0.0
2026-01-31,80793614,A673,1301,0,0,20,0.0,1281,1281.0,0.0
2026-01-31,80848029,A715,151,0,0,5,0.0,146,146.0,0.0
2026-01-31,80812110,A673,100,0,0,16,0.0,84,84.0,0.0
2026-01-31,80807093,C816,570,0,0,9,4.0,557,557.0,0.0
2026-01-31,21314875,E556,8,0,0,1,0.0,7,7.0,0.0
2026-01-31,21325164,A680,19,0,0,0,0.0,19,19.0,0.0
2026-01-31,21155895,A673,1393,0,0,92,5.0,1296,1296.0,0.0
2026-01-31,80884846,A673,19,0,0,4,0.0,15,15.0,0.0
2026-01-31,80807096,C937,2,0,0,0,0.0,2,2.0,0.0
2026-01-31,21151196,D901,81,0,10,14,0.0,77,77.0,0.0
2026-01-31,21162696,A672,143,0,22,19,0.0,146,146.0,0.0
2026-01-31,21315350,E564,2,0,0,0,0.0,2,2.0,0.0
2026-01-31,80868100,A668,15,0,2,0,0.0,17,17.0,0.0
2026-01-31,80804135,C937,4,0,1,0,0.0,5,5.0,0.0
2026-01-31,80805856,A715,137,0,2,5,0.0,134,134.0,0.0
2026-01-31,80804704,D767,29,0,0,3,0.0,26,26.0,0.0
2026-01-31,21376841,A716,468,0,0,0,0.0,468,468.0,0.0
2026-01-31,80804131,A672,306,0,0,0,0.0,306,306.0,0.0
2026-01-31,80793613,E564,1,0,0,0,0.0,1,1.0,0.0
2026-01-31,80868101,A668,12,0,17,0,0.0,29,29.0,0.0
2026-01-31,21315352,C819,2,0,0,0,0.0,2,2.0,0.0
2026-01-31,21352461,A715,117,0,0,1,0.0,116,116.0,0.0
2026-01-31,80804133,0386,1,0,0,0,1.0,0,0.0,0.0
2026-01-31,80793613,A716,56,0,0,0,0.0,56,56.0,0.0
2026-01-31,21291975,C816,63,0,0,0,0.0,63,63.0,0.0
2026-01-31,80807091,D767,40,0,0,2,0.0,38,38.0,0.0
2026-01-31,21314876,A715,105,0,0,1,0.0,104,104.0,0.0
2026-01-31,80807097,D767,12,0,0,0,0.0,12,12.0,0.0
2026-01-31,80807090,A673,800,0,0,37,1.0,762,762.0,0.0
2026-01-31,80848025,C816,48,0,0,11,0.0,37,37.0,0.0
2026-01-31,80812839,A672,543,0,0,16,0.0,527,527.0,0.0
2026-01-31,80848026,E556,0,0,4,0,0.0,4,4.0,0.0
2026-01-31,21275914,A668,180,0,0,1,0.0,179,179.0,0.0
2026-01-31,80805852,C816,65,0,0,2,0.0,63,63.0,0.0
2026-01-31,80804698,E564,35,0,0,5,0.0,30,30.0,0.0
2026-01-31,80840976,A668,76,0,0,0,0.0,76,76.0,0.0
2026-01-31,80812841,A716,204,0,0,7,0.0,197,197.0,0.0
2026-01-31,80807110,C819,56,0,0,3,0.0,53,53.0,0.0
2026-01-31,80804138,0386,1,0,0,0,0.0,1,1.0,0.0
2026-01-31,21121752,D767,8,0,0,1,0.0,7,7.0,0.0
2026-01-31,21314875,A715,18,0,0,0,0.0,18,18.0,0.0
2026-01-31,80807115,A716,227,0,1,16,0.0,212,212.0,0.0
2026-01-31,80812839,C810,33,0,0,2,3.0,28,28.0,0.0
2026-01-31,80793613,D901,25,0,4,3,0.0,26,26.0,0.0
2026-01-31,21314594,C937,5,0,0,0,0.0,5,5.0,0.0
2026-01-31,80807092,A680,1,0,0,1,0.0,0,0.0,0.0
2026-01-31,80807095,A668,251,0,0,8,0.0,243,243.0,0.0
2026-01-31,21139445,A672,210,0,0,31,0.0,179,179.0,0.0
2026-01-31,80804132,C819,17,0,0,1,0.0,16,16.0,0.0
2026-01-31,21128377,D767,4,0,0,0,0.0,4,4.0,0.0
2026-01-31,80804129,E569,8,0,0,0,0.0,8,8.0,0.0
2026-01-31,80848028,A672,744,0,0,51,10.0,683,683.0,0.0
2026-01-31,21442422,0386,1,0,0,0,0.0,1,1.0,0.0
2026-01-31,21291975,A673,961,0,0,80,0.0,881,881.0,0.0
2026-01-31,80807118,C819,11,0,0,3,0.0,8,8.0,0.0
2026-01-31,21139445,C810,61,0,0,3,0.0,58,58.0,0.0
2026-01-31,80804706,A668,28,0,10,3,0.0,35,35.0,0.0
2026-01-31,80807112,A680,240,0,0,9,0.0,231,231.0,0.0
2026-01-31,21148509,A680,58,0,0,6,0.0,52,52.0,0.0
2026-01-31,80812099,A680,53,0,30,4,0.0,79,79.0,0.0
2026-01-31,80864469,A668,17,0,32,4,0.0,45,45.0,0.0
2026-01-31,80793615,C595,4,0,0,0,0.0,4,4.0,0.0
2026-01-31,80848025,A673,204,0,0,43,0.0,161,161.0,0.0
2026-01-31,80804705,A668,157,0,41,9,0.0,189,189.0,0.0
2026-01-31,80848026,A715,467,0,0,49,0.0,418,418.0,0.0
2026-01-31,80848028,C810,0,0,113,5,31.0,77,77.0,0.0
2026-01-31,80805852,A673,30,0,0,3,0.0,27,27.0,0.0
2026-01-31,80848025,E467,9,0,0,1,0.0,8,8.0,0.0
2026-01-31,80807102,E564,216,0,2,22,0.0,196,196.0,0.0
2026-01-31,21121756,A672,234,0,0,11,1.0,222,222.0,0.0
2026-01-31,21165946,C937,4,0,0,0,0.0,4,4.0,0.0
2026-01-31,21098519,E556,18,0,0,5,0.0,13,13.0,0.0
2026-01-31,21103372,E564,26,0,0,6,0.0,20,20.0,0.0
2026-01-31,21428668,A668,119,0,40,28,0.0,131,131.0,0.0
2026-01-31,80838164,C816,740,0,0,2,0.0,738,738.0,0.0
2026-01-31,80851898,A668,9,0,0,0,0.0,9,9.0,0.0
2026-01-31,21133312,0386,3,0,0,0,0.0,3,3.0,0.0
2026-01-31,80807089,0386,3,0,0,0,0.0,3,3.0,0.0
2026-01-31,21442896,A672,15,0,0,15,0.0,0,0.0,0.0
2026-01-31,21121756,C810,9,0,0,0,0.0,9,9.0,0.0
2026-01-31,80812846,E556,34,0,0,5,0.0,29,29.0,0.0
2026-01-31,80848026,E295,59,0,15,15,0.0,59,59.0,0.0
2026-01-31,21301637,D767,1,0,0,0,0.0,1,1.0,0.0
2026-01-31,21472283,A673,1321,0,0,0,0.0,1321,1321.0,0.0
2026-01-31,80848022,C816,295,0,0,39,0.0,256,256.0,0.0
2026-01-31,80848031,A672,659,0,0,2,0.0,657,657.0,0.0
2026-01-31,21165868,C937,4,0,0,0,0.0,4,4.0,0.0
2026-01-31,80848027,C816,61,0,0,1,0.0,60,60.0,0.0
2026-01-31,80804127,E556,2,0,0,1,0.0,1,1.0,0.0
2026-01-31,21170691,E569,5,0,0,0,0.0,5,5.0,0.0
2026-01-31,80848029,E467,3,0,0,1,0.0,2,2.0,0.0
2026-01-31,21165816,D901,6,0,0,0,0.0,6,6.0,0.0
2026-01-31,80840975,0386,2,0,0,0,0.0,2,2.0,0.0
2026-01-31,21103372,D901,22,0,103,11,0.0,114,114.0,0.0
2026-01-31,21127800,E556,68,0,0,4,0.0,64,64.0,0.0
2026-01-31,80848031,C810,1,0,0,0,0.0,1,1.0,0.0
2026-01-31,21315352,A680,79,0,0,6,0.0,73,73.0,0.0
2026-01-31,21416910,A673,384,0,0,0,0.0,384,384.0,0.0
2026-01-31,80812110,A668,25,0,0,0,0.0,25,25.0,0.0
2026-01-31,21151196,E569,2,0,0,0,0.0,2,2.0,0.0
2026-01-31,80807091,E568,6,0,0,0,0.0,6,6.0,0.0
2026-01-31,21325164,E556,15,0,0,4,0.0,11,11.0,0.0
2026-01-31,21155895,A668,54,0,0,2,0.0,52,52.0,0.0
2026-01-31,21419490,A715,227,0,0,1,0.0,226,226.0,0.0
2026-01-31,80848023,0386,1,0,0,0,0.0,1,1.0,0.0
2026-01-31,21098519,A715,259,0,0,10,0.0,249,249.0,0.0
2026-01-31,80884846,A668,4,0,4,0,0.0,8,8.0,0.0
2026-01-31,80807116,C937,54,0,0,9,0.0,45,45.0,0.0
2026-01-31,21128377,C816,225,0,0,16,0.0,209,209.0,0.0
2026-01-31,21352461,A673,466,0,0,36,0.0,430,430.0,0.0
2026-01-31,21141769,A680,65,0,0,4,0.0,61,61.0,0.0
2026-01-31,80804705,C563,41,0,0,7,0.0,34,34.0,0.0
2026-01-31,21128377,D191,12,0,0,1,0.0,11,11.0,0.0
2026-01-31,80804702,D767,6,0,0,0,0.0,6,6.0,0.0
2026-01-31,21179704,A715,5,0,0,0,0.0,5,5.0,0.0
2026-01-31,80838164,A673,978,0,11,0,0.0,989,989.0,0.0
2026-01-31,21132758,A680,193,0,85,0,0.0,278,278.0,0.0
2026-01-31,21414747,A672,570,0,0,32,0.0,538,538.0,0.0
2026-01-31,80807110,A680,329,0,0,9,0.0,320,320.0,0.0
2026-01-31,80812846,A715,253,0,0,14,0.0,239,239.0,0.0
2026-01-31,80812845,E564,119,0,7,10,0.0,116,116.0,0.0
2026-01-31,80848022,A673,998,0,0,44,0.0,954,954.0,0.0
2026-01-31,80807119,E556,29,0,0,4,0.0,25,25.0,0.0
2026-01-31,80848022,E467,5,0,0,1,0.0,4,4.0,0.0
2026-01-31,21162696,C937,7,0,0,0,0.0,7,7.0,0.0
2026-01-31,21314593,A715,52,0,0,0,0.0,52,52.0,0.0
2026-01-31,21137866,E564,84,0,0,1,0.0,83,83.0,0.0
2026-01-31,21170686,C816,37,0,0,1,0.0,36,36.0,0.0
2026-01-31,21366842,A672,1021,0,0,0,0.0,1021,1021.0,0.0
2026-01-31,21434954,A668,74,0,0,0,0.0,74,74.0,0.0
2026-01-31,21314875,A673,30,0,0,6,0.0,24,24.0,0.0
2026-01-31,80804132,A680,106,0,0,5,0.0,101,101.0,0.0
2026-01-31,21132988,A672,293,0,0,0,0.0,293,293.0,0.0
2026-01-31,80807090,A668,30,0,0,1,0.0,29,29.0,0.0
2026-01-31,80807113,D767,48,0,5,5,0.0,48,48.0,0.0
2026-01-31,21170683,C819,5,0,0,0,0.0,5,5.0,0.0
2026-01-31,80848021,A716,309,0,0,0,0.0,309,309.0,0.0
2026-01-31,80805850,A716,35,0,0,0,0.0,35,35.0,0.0
2026-01-31,80793613,E569,1,0,0,0,0.0,1,1.0,0.0
2026-01-31,80807118,A680,139,0,0,5,0.0,134,134.0,0.0
2026-01-31,21132988,C810,5,0,82,0,49.0,38,38.0,0.0
2026-01-31,80812845,D901,242,0,63,52,0.0,253,253.0,0.0
2026-01-31,21301637,C816,79,0,0,1,0.0,78,78.0,0.0
2026-01-31,21118864,A680,47,0,0,0,0.0,47,47.0,0.0
2026-01-31,80804704,A672,313,0,0,86,0.0,227,227.0,0.0
2026-01-31,80807092,E556,14,0,5,1,0.0,18,18.0,0.0
2026-01-31,80857738,C816,1336,0,0,0,0.0,1336,1336.0,0.0
2026-01-31,80807105,D767,26,0,0,6,0.0,20,20.0,0.0
2026-01-31,80804131,0386,3,0,0,0,0.0,3,3.0,0.0
2026-01-31,21377504,D767,8,0,0,1,0.0,7,7.0,0.0
2026-01-31,80812841,E569,16,0,1,2,0.0,15,15.0,0.0
2026-01-31,80795933,C816,204,0,0,1,0.0,203,203.0,0.0
2026-01-31,80804134,C937,15,0,0,5,0.0,10,10.0,0.0
2026-01-31,80807114,D767,28,0,7,0,0.0,35,35.0,0.0
2026-01-31,80804703,C816,447,0,0,3,119.0,325,325.0,0.0
2026-01-31,80848026,E467,27,0,0,3,0.0,24,24.0,0.0
2026-01-31,80804133,E564,86,0,0,25,0.0,61,61.0,0.0
2026-01-31,21291975,A668,78,0,0,0,0.0,78,78.0,0.0
2026-01-31,80804704,C810,44,0,5,3,0.0,46,46.0,0.0
2026-01-31,21419490,C816,361,0,0,0,0.0,361,361.0,0.0
2026-01-31,21170686,A673,352,0,0,1,0.0,351,351.0,0.0
2026-01-31,80807112,E556,33,0,0,4,0.0,29,29.0,0.0
2026-01-31,21179704,C816,94,0,0,2,0.0,92,92.0,0.0
2026-01-31,80812099,E556,11,0,0,1,0.0,10,10.0,0.0
2026-01-31,80848025,A668,35,0,0,12,0.0,23,23.0,0.0
2026-01-31,80804136,A668,360,0,0,40,0.0,320,320.0,0.0
2026-01-31,80885920,C816,219,0,0,25,105.0,89,89.0,0.0
