date,material,location,beginning_inventory,production_gr,delivery_gr,shipment,delivery_ship,ending_inventory,calculated_ending,balance_diff
2026-02-14,80848028,C937,42,0,0,2,0.0,40,40.0,0.0
2026-02-14,80805852,A668,24,0,0,1,0.0,23,23.0,0.0
2026-02-14,80863646,A716,37,0,0,0,0.0,37,37.0,0.0
2026-02-14,80804138,E564,25,0,5,0,0.0,30,30.0,0.0
2026-02-14,21314876,A672,364,0,0,1,0.0,363,363.0,0.0
2026-02-14,21139445,0386,1,0,0,0,0.0,1,1.0,0.0
2026-02-14,21314593,C816,824,0,0,21,0.0,803,803.0,0.0
2026-02-14,80805856,C810,66,0,0,1,21.0,44,44.0,0.0
2026-02-14,80804133,D901,193,0,20,1,0.0,212,212.0,0.0
2026-02-14,80807092,A715,144,0,0,1,0.0,143,143.0,0.0
2026-02-14,80807093,C937,7,0,0,0,0.0,7,7.0,0.0
2026-02-14,21165816,E569,5,0,0,0,0.0,5,5.0,0.0
2026-02-14,80848029,A668,273,0,0,12,0.0,261,261.0,0.0
2026-02-14,80854083,C816,34,0,0,0,0.0,34,34.0,0.0
2026-02-14,80795933,A673,1214,0,0,8,0.0,1206,1206.0,0.0
2026-02-14,21103372,E569,8,0,0,0,0.0,8,8.0,0.0
2026-02-14,21314876,C810,2,0,2,0,2.0,2,2.0,0.0
2026-02-14,80804703,A673,131,0,3,5,0.0,129,129.0,0.0
2026-02-14,80868102,A680,37,0,0,2,0.0,35,35.0,0.0
2026-02-14,80884848,A672,9,0,0,2,0.0,7,7.0,0.0
2026-02-14,21419490,A673,543,0,0,1,0.0,542,542.0,0.0
2026-02-14,80804138,D901,92,0,13,3,0.0,102,102.0,0.0
2026-02-14,21128067,D767,40,0,9,3,0.0,46,46.0,0.0
2026-02-14,80807112,A715,168,0,0,1,0.0,167,167.0,0.0
2026-02-14,21179704,A673,135,0,0,1,0.0,134,134.0,0.0
2026-02-14,21148509,A715,129,0,0,3,0.0,126,126.0,0.0
2026-02-14,80884852,A672,306,0,0,8,0.0,298,298.0,0.0
2026-02-14,21113405,A672,233,0,0,10,0.0,223,223.0,0.0
2026-02-14,80812099,A715,18,0,0,0,0.0,18,18.0,0.0
2026-02-14,80885920,A673,578,0,0,73,0.0,505,505.0,0.0
2026-02-14,21315352,E556,8,0,0,0,0.0,8,8.0,0.0
2026-02-14,21416910,A668,262,0,0,0,0.0,262,262.0,0.0
2026-02-14,80805856,A668,263,0,0,1,0.0,262,262.0,0.0
2026-02-14,80865910,C816,4,0,0,0,0.0,4,4.0,0.0
2026-02-14,21121751,A716,44,0,0,2,0.0,42,42.0,0.0
2026-02-14,21171453,A672,34,0,0,0,0.0,34,34.0,0.0
2026-02-14,80812846,A673,600,0,0,11,0.0,589,589.0,0.0
2026-02-14,80807105,D191,7,0,0,1,0.0,6,6.0,0.0
2026-02-14,21352461,A668,380,0,0,15,0.0,365,365.0,0.0
2026-02-14,21141769,E556,27,0,3,1,0.0,29,29.0,0.0
2026-02-14,21377504,C816,94,0,0,0,0.0,94,94.0,0.0
2026-02-14,80807113,E568,4,0,0,0,0.0,4,4.0,0.0
2026-02-14,21170683,A680,96,0,0,2,0.0,94,94.0,0.0
2026-02-14,21113405,C810,23,0,0,0,0.0,23,23.0,0.0
2026-02-14,21314593,A673,413,0,0,17,0.0,396,396.0,0.0
2026-02-14,80807114,C816,1332,0,0,2,0.0,1330,1330.0,0.0
2026-02-14,21132758,E556,32,0,2,8,0.0,26,26.0,0.0
2026-02-14,21133312,E564,6,0,0,0,0.0,6,6.0,0.0
2026-02-14,80807089,E564,27,0,0,1,0.0,26,26.0,0.0
2026-02-14,80848022,A668,423,0,0,30,0.0,393,393.0,0.0
2026-02-14,80854083,A673,85,0,0,0,0.0,85,85.0,0.0
2026-02-14,80863643,A716,11,0,0,0,0.0,11,11.0,0.0
2026-02-14,80793615,E564,2,0,0,0,0.0,2,2.0,0.0
2026-02-14,80884845,A716,252,0,0,1,0.0,251,251.0,0.0
2026-02-14,80807105,E568,4,0,0,0,0.0,4,4.0,0.0
2026-02-14,21314875,A668,63,0,0,1,0.0,62,62.0,0.0
2026-02-14,80804132,E556,31,0,2,2,0.0,31,31.0,0.0
2026-02-14,80840975,E564,8,0,0,0,0.0,8,8.0,0.0
2026-02-14,21269899,0386,2,0,0,0,0.0,2,2.0,0.0
2026-02-14,80804130,C819,5,0,0,0,0.0,5,5.0,0.0
2026-02-14,21314595,A672,759,0,0,7,0.0,752,752.0,0.0
2026-02-14,21325292,A672,655,0,0,9,0.0,646,646.0,0.0
2026-02-14,21377504,E568,2,0,0,0,0.0,2,2.0,0.0
2026-02-14,21143102,A680,137,0,0,8,0.0,129,129.0,0.0
2026-02-14,80807114,E568,2,0,0,0,0.0,2,2.0,0.0
2026-02-14,80812845,E569,16,0,25,1,0.0,40,40.0,0.0
2026-02-14,80885921,A672,208,0,0,0,0.0,208,208.0,0.0
2026-02-14,21315352,A715,27,0,0,0,0.0,27,27.0,0.0
2026-02-14,80865910,A673,2377,0,0,2,0.0,2375,2375.0,0.0
2026-02-14,80807118,E556,41,0,11,3,0.0,49,49.0,0.0
2026-02-14,80863645,A672,599,0,0,3,0.0,596,596.0,0.0
2026-02-14,21133312,D901,62,0,5,2,0.0,65,65.0,0.0
2026-02-14,21434952,A672,478,0,0,24,0.0,454,454.0,0.0
2026-02-14,21314595,C810,7,0,0,0,0.0,7,7.0,0.0
2026-02-14,21325292,C810,61,0,0,2,0.0,59,59.0,0.0
2026-02-14,80868100,A716,82,0,0,1,0.0,81,81.0,0.0
2026-02-14,80796091,C816,350,0,0,4,0.0,346,346.0,0.0
2026-02-14,21141769,A715,90,0,0,0,0.0,90,90.0,0.0
2026-02-14,21377504,A673,573,0,0,4,0.0,569,569.0,0.0
2026-02-14,21414747,0386,1,0,0,0,0.0,1,1.0,0.0
2026-02-14,80807100,A716,84,0,0,0,0.0,84,84.0,0.0
2026-02-14,80812103,A672,72,0,0,3,0.0,69,69.0,0.0
2026-02-14,80807114,A673,776,0,0,5,0.0,771,771.0,0.0
2026-02-14,80795932,A672,322,0,0,1,0.0,321,321.0,0.0
2026-02-14,80807112,C816,207,0,0,7,0.0,200,200.0,0.0
2026-02-14,21148509,C816,361,0,0,5,0.0,356,356.0,0.0
2026-02-14,80805850,E569,2,0,0,0,0.0,2,2.0,0.0
2026-02-14,21132758,A715,123,0,0,2,0.0,121,121.0,0.0
2026-02-14,80807120,C819,49,0,0,1,0.0,48,48.0,0.0
2026-02-14,80868101,A716,124,0,0,1,0.0,123,123.0,0.0
2026-02-14,80848026,A668,642,0,0,58,0.0,584,584.0,0.0
2026-02-14,80807110,A715,540,0,0,4,0.0,536,536.0,0.0
2026-02-14,21366842,0386,1,0,0,0,0.0,1,1.0,0.0
2026-02-14,21128067,C816,408,0,0,0,0.0,408,408.0,0.0
2026-02-14,21303404,C937,2,0,0,0,0.0,2,2.0,0.0
2026-02-14,80804704,C937,73,0,0,0,0.0,73,73.0,0.0
2026-02-14,80804701,C819,6,0,0,0,0.0,6,6.0,0.0
2026-02-14,80804132,A715,112,0,0,0,0.0,112,112.0,0.0
2026-02-14,21377091,A672,3713,0,0,0,0.0,3713,3713.0,0.0
2026-02-14,80884850,C816,192,0,0,1,0.0,191,191.0,0.0
2026-02-14,80807091,C937,22,0,0,0,0.0,22,22.0,0.0
2026-02-14,80840976,A716,207,0,0,0,0.0,207,207.0,0.0
2026-02-14,80807117,A672,16,0,0,0,0.0,16,16.0,0.0
2026-02-14,80848023,D901,225,0,0,6,0.0,219,219.0,0.0
2026-02-14,21434946,0386,86,0,0,0,0.0,86,86.0,0.0
2026-02-14,80848027,C937,4,0,2,0,0.0,6,6.0,0.0
2026-02-14,80807097,C937,3,0,2,0,0.0,5,5.0,0.0
2026-02-14,80807100,D901,92,0,20,7,0.0,105,105.0,0.0
2026-02-14,80804137,A680,74,0,0,1,0.0,73,73.0,0.0
2026-02-14,80812840,D767,76,0,0,19,0.0,57,57.0,0.0
2026-02-14,21132758,E295,167,0,0,18,0.0,149,149.0,0.0
2026-02-14,21442897,A680,107,0,6,0,0.0,113,113.0,0.0
2026-02-14,80804128,E556,19,0,2,0,0.0,21,21.0,0.0
2026-02-14,21127730,C816,524,0,0,14,0.0,510,510.0,0.0
2026-02-14,80804127,A672,212,0,0,7,0.0,205,205.0,0.0
2026-02-14,80804133,E569,23,0,0,1,0.0,22,22.0,0.0
2026-02-14,80807118,A715,342,0,0,6,0.0,336,336.0,0.0
2026-02-14,21029016,E568,4,0,0,0,0.0,4,4.0,0.0
2026-02-14,21315474,E556,26,0,12,1,0.0,37,37.0,0.0
2026-02-14,21162696,E564,2,0,0,1,0.0,1,1.0,0.0
2026-02-14,80791223,C816,64,0,0,0,0.0,64,64.0,0.0
2026-02-14,80804704,0386,1,0,0,0,0.0,1,1.0,0.0
2026-02-14,80807095,A716,65,0,0,2,0.0,63,63.0,0.0
2026-02-14,21128067,E568,15,0,0,0,0.0,15,15.0,0.0
2026-02-14,21118864,A715,15,0,0,0,0.0,15,15.0,0.0
2026-02-14,80807112,A673,759,0,0,10,0.0,749,749.0,0.0
2026-02-14,21148509,A673,269,0,255,0,0.0,524,524.0,0.0
2026-02-14,21133493,C816,48,0,0,3,0.0,45,45.0,0.0
2026-02-14,80807122,C937,2,0,0,0,0.0,2,2.0,0.0
2026-02-14,80804703,A668,47,0,0,0,0.0,47,47.0,0.0
2026-02-14,21128377,C937,17,0,0,1,0.0,16,16.0,0.0
2026-02-14,80804138,E569,5,0,4,0,0.0,9,9.0,0.0
2026-02-14,21325164,A672,516,0,0,14,0.0,502,502.0,0.0
2026-02-14,80804706,A716,216,0,0,0,0.0,216,216.0,0.0
2026-02-14,21419490,A668,184,0,0,13,0.0,171,171.0,0.0
2026-02-14,21098519,A668,287,0,0,7,0.0,280,280.0,0.0
2026-02-14,80807096,C819,12,0,0,0,0.0,12,12.0,0.0
2026-02-14,80864469,A716,369,0,0,7,0.0,362,362.0,0.0
2026-02-14,80812839,E564,30,0,0,1,0.0,29,29.0,0.0
2026-02-14,80804705,A716,2410,0,0,7,0.0,2403,2403.0,0.0
2026-02-14,80848026,C563,4,0,0,3,0.0,1,1.0,0.0
2026-02-14,21179704,A668,47,0,0,1,0.0,46,46.0,0.0
2026-02-14,80884850,A673,460,0,0,3,0.0,457,457.0,0.0
2026-02-14,80885920,A668,139,0,0,22,0.0,117,117.0,0.0
2026-02-14,80804135,C819,9,0,0,0,0.0,9,9.0,0.0
2026-02-14,21422791,A680,56,0,0,0,0.0,56,56.0,0.0
2026-02-14,21428668,A716,965,0,0,6,0.0,959,959.0,0.0
2026-02-14,21325164,C810,31,0,34,0,10.0,55,55.0,0.0
2026-02-14,80807110,C816,332,0,0,6,0.0,326,326.0,0.0
2026-02-14,80807122,0386,2,0,0,0,0.0,2,2.0,0.0
2026-02-14,80807119,A672,1139,0,0,45,0.0,1094,1094.0,0.0
2026-02-14,80812846,A668,307,0,0,7,0.0,300,300.0,0.0
2026-02-14,21419500,A680,47,0,0,3,0.0,44,44.0,0.0
2026-02-14,21127730,A673,411,0,0,3,0.0,408,408.0,0.0
2026-02-14,80804130,A680,61,0,0,0,0.0,61,61.0,0.0
2026-02-14,80851898,A716,230,0,0,3,0.0,227,227.0,0.0
2026-02-14,80791223,A673,73,0,0,0,0.0,73,73.0,0.0
2026-02-14,21170683,E556,18,0,2,0,0.0,20,20.0,0.0
2026-02-14,21113405,C937,7,0,1,0,0.0,8,8.0,0.0
2026-02-14,21314593,A668,70,0,0,4,0.0,66,66.0,0.0
2026-02-14,21463645,A680,35,0,0,0,0.0,35,35.0,0.0
2026-02-14,80838162,A672,666,0,0,2,0.0,664,664.0,0.0
2026-02-14,80804705,D901,159,0,0,4,0.0,155,155.0,0.0
2026-02-14,80807119,C810,9,0,0,0,0.0,9,9.0,0.0
2026-02-14,80884848,0386,1,0,0,0,0.0,1,1.0,0.0
2026-02-14,21133493,A673,55,0,0,2,0.0,53,53.0,0.0
2026-02-14,80807115,E556,32,0,0,3,0.0,29,29.0,0.0
2026-02-14,21315352,A673,263,0,0,10,0.0,253,253.0,0.0
2026-02-14,21301637,C937,24,0,0,0,0.0,24,24.0,0.0
2026-02-14,80884852,0386,1,0,0,0,0.0,1,1.0,0.0
2026-02-14,21151196,D767,8,0,1,0,0.0,9,9.0,0.0
2026-02-14,80868102,A715,277,0,0,2,0.0,275,275.0,0.0
2026-02-14,80812840,C816,533,0,0,9,0.0,524,524.0,0.0
2026-02-14,21113405,0386,813,0,0,0,0.0,813,813.0,0.0
2026-02-14,21314602,C816,122,0,0,0,0.0,122,122.0,0.0
2026-02-14,80807120,A680,202,0,0,3,0.0,199,199.0,0.0
2026-02-14,80812110,A716,97,0,0,2,0.0,95,95.0,0.0
2026-02-14,21133312,E569,5,0,0,0,0.0,5,5.0,0.0
2026-02-14,21141769,A673,300,0,0,18,0.0,282,282.0,0.0
2026-02-14,21118864,C816,106,0,0,1,0.0,105,105.0,0.0
2026-02-14,21121756,E564,14,0,0,2,0.0,12,12.0,0.0
2026-02-14,21304907,D767,11,0,0,2,0.0,9,9.0,0.0
2026-02-14,21155895,A716,62,0,0,1,0.0,61,61.0,0.0
2026-02-14,80884846,A716,97,0,0,0,0.0,97,97.0,0.0
2026-02-14,80807110,A673,922,0,0,12,0.0,910,910.0,0.0
2026-02-14,80804699,A680,17,0,0,0,0.0,17,17.0,0.0
2026-02-14,80804701,A680,36,0,0,3,0.0,33,33.0,0.0
2026-02-14,21325292,C937,15,0,0,1,0.0,14,14.0,0.0
2026-02-14,80864470,E569,2,0,13,0,0.0,15,15.0,0.0
2026-02-14,80840975,E569,12,0,0,0,0.0,12,12.0,0.0
2026-02-14,21170683,A715,11,0,0,0,0.0,11,11.0,0.0
2026-02-14,80812840,E568,15,0,0,1,0.0,14,14.0,0.0
2026-02-14,80848031,E564,4,0,0,0,0.0,4,4.0,0.0
2026-02-14,80804702,C937,1,0,0,0,0.0,1,1.0,0.0
2026-02-14,80848031,A716,170,0,0,0,0.0,170,170.0,0.0
2026-02-14,80831843,C816,2,0,0,0,0.0,2,2.0,0.0
2026-02-14,21315350,D767,12,0,4,2,0.0,14,14.0,0.0
2026-02-14,21434954,A716,54,0,0,0,0.0,54,54.0,0.0
2026-02-14,21121756,D901,4,0,0,1,0.0,3,3.0,0.0
2026-02-14,80848023,E569,32,0,0,0,0.0,32,32.0,0.0
2026-02-14,80807100,E569,9,0,1,0,0.0,10,10.0,0.0
2026-02-14,80838165,A680,82,0,0,2,0.0,80,80.0,0.0
2026-02-14,80812840,A673,2032,0,0,38,0.0,1994,1994.0,0.0
2026-02-14,21314602,A673,225,0,0,4,0.0,221,221.0,0.0
2026-02-14,80885921,0386,4,0,0,0,0.0,4,4.0,0.0
2026-02-14,21143102,A715,104,0,0,0,0.0,104,104.0,0.0
2026-02-14,21118864,A673,379,0,0,1,0.0,378,378.0,0.0
2026-02-14,80863645,0386,4,0,0,0,0.0,4,4.0,0.0
2026-02-14,80807092,A668,84,0,17,6,0.0,95,95.0,0.0
2026-02-14,21434952,0386,3,0,0,0,2.0,1,1.0,0.0
2026-02-14,80807113,C937,26,0,0,0,0.0,26,26.0,0.0
2026-02-14,80807096,A680,15,0,0,0,0.0,15,15.0,0.0
2026-02-14,80848031,D901,6,0,0,0,0.0,6,6.0,0.0
2026-02-14,80804698,D767,8,0,1,1,0.0,8,8.0,0.0
2026-02-14,21275914,E569,5,0,3,1,0.0,7,7.0,0.0
2026-02-14,80812338,C816,64,0,0,1,0.0,63,63.0,0.0
2026-02-14,80812103,0386,3,0,0,0,0.0,3,3.0,0.0
2026-02-14,80795932,0386,3,0,0,0,0.0,3,3.0,0.0
2026-02-14,80807095,C819,42,0,0,6,0.0,36,36.0,0.0
2026-02-14,80804135,A680,247,0,0,1,0.0,246,246.0,0.0
2026-02-14,80807112,A668,188,0,0,11,0.0,177,177.0,0.0
2026-02-14,21148509,A668,137,0,82,1,0.0,218,218.0,0.0
2026-02-14,80812099,A668,23,0,0,0,0.0,23,23.0,0.0
2026-02-14,80831843,A673,188,0,0,0,0.0,188,188.0,0.0
2026-02-14,21291975,A716,19,0,0,0,0.0,19,19.0,0.0
2026-02-14,80807113,0386,0,2770,0,0,2768.0,2,2.0,0.0
2026-02-14,21377091,0386,4,0,0,0,0.0,4,4.0,0.0
2026-02-14,21132988,E564,60,0,23,2,0.0,81,81.0,0.0
2026-02-14,80807116,C819,15,0,22,3,0.0,34,34.0,0.0
2026-02-14,80848025,A716,102,0,214,0,0.0,316,316.0,0.0
2026-02-14,80804136,A716,197,0,25,5,0.0,217,217.0,0.0
2026-02-14,80805852,A716,41,0,0,0,0.0,41,41.0,0.0
2026-02-14,21357275,A672,480,0,0,8,0.0,472,472.0,0.0
2026-02-14,80884850,A668,119,0,0,1,0.0,118,118.0,0.0
2026-02-14,80804129,A672,296,0,0,3,0.0,293,293.0,0.0
2026-02-14,80804137,A715,97,0,0,1,0.0,96,96.0,0.0
2026-02-14,21442897,A715,829,0,0,1,0.0,828,828.0,0.0
2026-02-14,80864469,E569,5,0,2,1,0.0,6,6.0,0.0
2026-02-14,80804130,E556,15,0,18,3,0.0,30,30.0,0.0
2026-02-14,80804705,E569,27,0,0,3,0.0,24,24.0,0.0
2026-02-14,80804704,E564,113,0,9,2,0.0,120,120.0,0.0
2026-02-14,80807102,D767,17,0,0,1,0.0,16,16.0,0.0
2026-02-14,21314594,A680,56,0,0,1,0.0,55,55.0,0.0
2026-02-14,80812338,A673,111,0,0,2,0.0,109,109.0,0.0
2026-02-14,80812839,E569,10,0,13,2,0.0,21,21.0,0.0
2026-02-14,21315350,C816,435,0,226,7,0.0,654,654.0,0.0
2026-02-14,21103372,D767,10,0,19,2,0.0,27,27.0,0.0
2026-02-14,21132758,C810,114,0,0,0,22.0,92,92.0,0.0
2026-02-14,21255844,C819,5,0,0,0,0.0,5,5.0,0.0
2026-02-14,80804132,A672,807,0,0,13,0.0,794,794.0,0.0
2026-02-14,80848024,A672,337,0,0,4,0.0,333,333.0,0.0
2026-02-14,80868102,A673,71,0,3,7,0.0,67,67.0,0.0
2026-02-14,80804136,D901,22,0,0,0,0.0,22,22.0,0.0
2026-02-14,80848029,A716,67,0,0,1,0.0,66,66.0,0.0
2026-02-14,21307836,C937,2,0,0,0,0.0,2,2.0,0.0
2026-02-14,80851898,E569,4,0,0,0,0.0,4,4.0,0.0
2026-02-14,21315352,A668,42,0,0,1,0.0,41,41.0,0.0
2026-02-14,80796091,C937,3,0,1,0,0.0,4,4.0,0.0
2026-02-14,80804132,C810,83,0,0,0,0.0,83,83.0,0.0
2026-02-14,21354246,A672,765,0,0,5,0.0,760,760.0,0.0
2026-02-14,80807120,E556,17,0,5,0,0.0,22,22.0,0.0
2026-02-14,21141769,A668,143,0,0,0,0.0,143,143.0,0.0
2026-02-14,21315350,E568,3,0,0,1,0.0,2,2.0,0.0
2026-02-14,80805856,A716,102,0,0,6,0.0,96,96.0,0.0
2026-02-14,80885919,C816,190,0,0,2,0.0,188,188.0,0.0
2026-02-14,80804698,C816,2472,0,0,5,4.0,2463,2463.0,0.0
2026-02-14,21165946,A680,1493,0,0,3,0.0,1490,1490.0,0.0
2026-02-14,21422791,A715,5,0,0,0,0.0,5,5.0,0.0
2026-02-14,21128067,C937,7,0,8,1,0.0,14,14.0,0.0
2026-02-14,21155895,C819,10,0,0,0,0.0,10,10.0,0.0
2026-02-14,80848029,D901,136,0,0,0,0.0,136,136.0,0.0
2026-02-14,21352461,A716,83,0,61,1,0.0,143,143.0,0.0
2026-02-14,80804134,C819,47,0,0,5,0.0,42,42.0,0.0
2026-02-14,80807110,A668,541,0,0,12,0.0,529,529.0,0.0
2026-02-14,21314876,E564,21,0,0,0,0.0,21,21.0,0.0
2026-02-14,80804699,E556,9,0,0,1,0.0,8,8.0,0.0
2026-02-14,80793613,E568,1,0,0,0,0.0,1,1.0,0.0
2026-02-14,21170691,A672,48,0,0,1,0.0,47,47.0,0.0
2026-02-14,21314876,A716,158,0,0,0,0.0,158,158.0,0.0
2026-02-14,21419500,A715,93,0,0,2,0.0,91,91.0,0.0
2026-02-14,80804130,A715,100,0,0,8,0.0,92,92.0,0.0
2026-02-14,80812110,E569,3,0,0,0,0.0,3,3.0,0.0
2026-02-14,21357021,A672,2227,0,0,0,0.0,2227,2227.0,0.0
2026-02-14,21143103,A680,73,0,0,1,0.0,72,72.0,0.0
2026-02-14,80848022,A716,132,0,120,2,0.0,250,250.0,0.0
2026-02-14,21165868,A680,11,0,0,0,0.0,11,11.0,0.0
2026-02-14,21121756,E569,5,0,0,0,0.0,5,5.0,0.0
2026-02-14,21170691,C810,708,0,0,0,0.0,708,708.0,0.0
2026-02-14,80804137,C816,166,0,0,2,0.0,164,164.0,0.0
2026-02-14,21314875,A716,26,0,40,1,0.0,65,65.0,0.0
2026-02-14,80804128,A672,864,0,0,22,0.0,842,842.0,0.0
2026-02-14,21315474,A672,260,0,0,2,0.0,258,258.0,0.0
2026-02-14,80812845,D767,84,0,0,3,0.0,81,81.0,0.0
2026-02-14,80807118,A668,73,0,0,10,0.0,63,63.0,0.0
2026-02-14,21314602,A668,42,0,0,0,0.0,42,42.0,0.0
2026-02-14,21314876,D901,20,0,2,1,0.0,21,21.0,0.0
2026-02-14,21113405,E564,14,0,0,1,0.0,13,13.0,0.0
2026-02-14,80848031,E569,20,0,0,0,0.0,20,20.0,0.0
2026-02-14,80807120,A715,61,0,0,1,0.0,60,60.0,0.0
2026-02-14,21137866,D767,77,0,45,5,0.0,117,117.0,0.0
2026-02-14,21176384,C816,67,0,0,2,0.0,65,65.0,0.0
2026-02-14,21118864,A668,66,0,0,0,0.0,66,66.0,0.0
2026-02-14,80885919,A673,373,0,0,8,0.0,365,365.0,0.0
2026-02-14,80804698,A673,48,0,0,4,0.0,44,44.0,0.0
2026-02-14,80807102,C816,314,0,0,1,0.0,313,313.0,0.0
2026-02-14,21171453,E564,3,0,0,0,0.0,3,3.0,0.0
2026-02-14,80804128,C810,12,0,0,0,0.0,12,12.0,0.0
2026-02-14,80807116,A680,715,0,0,14,0.0,701,701.0,0.0
2026-02-14,80807096,E556,25,0,0,0,0.0,25,25.0,0.0
2026-02-14,21103372,D191,2,0,0,0,0.0,2,2.0,0.0
2026-02-14,21315474,C810,169,0,0,0,0.0,169,169.0,0.0
2026-02-14,80804699,A715,70,0,0,0,0.0,70,70.0,0.0
2026-02-14,80804701,A715,1117,0,0,1,0.0,1116,1116.0,0.0
2026-02-14,21314875,D901,22,0,1,1,0.0,22,22.0,0.0
2026-02-14,21132758,C563,23,0,0,1,0.0,22,22.0,0.0
2026-02-14,80848026,A716,204,0,0,11,0.0,193,193.0,0.0
2026-02-14,21376841,A672,3177,0,0,0,0.0,3177,3177.0,0.0
2026-02-14,21121751,E556,10,0,1,1,0.0,10,10.0,0.0
2026-02-14,80807102,E568,4,0,0,0,0.0,4,4.0,0.0
2026-02-14,80804137,A673,511,0,0,15,0.0,496,496.0,0.0
2026-02-14,21103372,E568,3,0,0,0,0.0,3,3.0,0.0
2026-02-14,21255844,A680,1755,0,0,0,0.0,1755,1755.0,0.0
2026-02-14,21314595,E564,2,0,0,0,0.0,2,2.0,0.0
2026-02-14,21325292,E564,67,0,18,1,0.0,84,84.0,0.0
2026-02-14,21419500,C816,133,0,0,2,56.0,75,75.0,0.0
2026-02-14,80804133,D767,38,0,0,2,0.0,36,36.0,0.0
2026-02-14,21176384,A673,169,0,0,1,0.0,168,168.0,0.0
2026-02-14,80812841,A672,1406,0,0,65,0.0,1341,1341.0,0.0
2026-02-14,80848026,D901,139,0,0,34,0.0,105,105.0,0.0
2026-02-14,80804136,E569,7,0,0,1,0.0,6,6.0,0.0
2026-02-14,80807096,A715,113,0,0,4,0.0,109,109.0,0.0
2026-02-14,80807115,A672,339,0,0,25,0.0,314,314.0,0.0
2026-02-14,80793614,A680,9,0,0,0,0.0,9,9.0,0.0
2026-02-14,21118867,C816,280,0,0,1,0.0,279,279.0,0.0
2026-02-14,21170683,C810,6,0,0,0,0.0,6,6.0,0.0
2026-02-14,80812338,A668,11,0,0,0,0.0,11,11.0,0.0
2026-02-14,80812103,E564,16,0,0,0,0.0,16,16.0,0.0
2026-02-14,80868102,A668,20,0,0,4,0.0,16,16.0,0.0
2026-02-14,80804138,D767,14,0,0,0,0.0,14,14.0,0.0
2026-02-14,80804135,A715,184,0,0,1,0.0,183,183.0,0.0
2026-02-14,80812841,C810,100,0,0,0,62.0,38,38.0,0.0
2026-02-14,21103371,E295,135,0,0,5,0.0,130,130.0,0.0
2026-02-14,80804134,A680,199,0,0,15,0.0,184,184.0,0.0
2026-02-14,21314595,D901,29,0,5,1,0.0,33,33.0,0.0
2026-02-14,80804703,A716,338,0,0,0,0.0,338,338.0,0.0
2026-02-14,80807115,C810,60,0,0,1,0.0,59,59.0,0.0
2026-02-14,21419490,A716,182,0,0,6,0.0,176,176.0,0.0
2026-02-14,21098519,A716,145,0,0,7,0.0,138,138.0,0.0
2026-02-14,21422791,A673,2477,0,0,33,0.0,2444,2444.0,0.0
2026-02-14,21137866,C816,1080,0,0,15,0.0,1065,1065.0,0.0
2026-02-14,21357275,0386,4,0,0,0,0.0,4,4.0,0.0
2026-02-14,21137866,D191,7,0,0,0,0.0,7,7.0,0.0
2026-02-14,21179704,A716,30,0,0,1,0.0,29,29.0,0.0
2026-02-14,80804701,C816,429,0,0,5,14.0,410,410.0,0.0
2026-02-14,80848029,E569,6,0,3,0,0.0,9,9.0,0.0
2026-02-14,21419500,A673,325,0,27,25,0.0,327,327.0,0.0
2026-02-14,80885920,A716,460,0,0,7,0.0,453,453.0,0.0
2026-02-14,80812846,A716,103,0,0,1,0.0,102,102.0,0.0
2026-02-14,21463645,A673,1049,0,0,0,0.0,1049,1049.0,0.0
2026-02-14,21142560,C816,330,0,0,7,0.0,323,323.0,0.0
2026-02-14,80804127,E564,9,0,0,0,0.0,9,9.0,0.0
2026-02-14,80807090,A680,21,0,0,0,0.0,21,21.0,0.0
2026-02-14,80812845,E568,7,0,0,0,0.0,7,7.0,0.0
2026-02-14,21315474,C563,3,0,0,0,0.0,3,3.0,0.0
2026-02-14,21314593,A716,71,0,0,1,0.0,70,70.0,0.0
2026-02-14,21098519,D901,135,0,21,2,0.0,154,154.0,0.0
2026-02-14,21118867,A673,80,0,0,2,0.0,78,78.0,0.0
2026-02-14,80840976,E556,6,0,0,0,0.0,6,6.0,0.0
2026-02-14,21137866,E568,26,0,0,1,0.0,25,25.0,0.0
2026-02-14,21314594,A715,58,0,0,0,0.0,58,58.0,0.0
2026-02-14,80805856,E569,7,0,0,1,0.0,6,6.0,0.0
2026-02-14,80807093,A680,8,0,0,0,0.0,8,8.0,0.0
2026-02-14,21103371,C816,466,0,0,10,0.0,456,456.0,0.0
2026-02-14,80854083,A716,2,0,0,0,0.0,2,2.0,0.0
2026-02-14,21103371,D191,2,0,0,0,0.0,2,2.0,0.0
2026-02-14,21352461,E569,1,0,0,0,0.0,1,1.0,0.0
2026-02-14,80807097,C819,2,0,0,0,0.0,2,2.0,0.0
2026-02-14,80807120,A673,455,0,144,12,0.0,587,587.0,0.0
2026-02-14,21143102,A668,124,0,0,2,0.0,122,122.0,0.0
2026-02-14,21133312,D767,5,0,0,0,0.0,5,5.0,0.0
2026-02-14,80807095,E556,0,0,66,4,0.0,62,62.0,0.0
2026-02-14,80812846,D901,144,0,19,8,0.0,155,155.0,0.0
2026-02-14,80807089,D767,19,0,0,0,0.0,19,19.0,0.0
2026-02-14,21354246,0386,2272,0,0,0,0.0,2272,2272.0,0.0
2026-02-14,21137866,A673,655,0,523,23,0.0,1155,1155.0,0.0
2026-02-14,80804701,A673,341,0,34,3,0.0,372,372.0,0.0
2026-02-14,21151196,C937,12,0,2,3,0.0,11,11.0,0.0
2026-02-14,80804135,C816,582,0,0,4,0.0,578,578.0,0.0
2026-02-14,80864470,D767,16,0,0,3,0.0,13,13.0,0.0
2026-02-14,80840975,D767,8,0,0,1,0.0,7,7.0,0.0
2026-02-14,80807119,E564,21,0,0,0,0.0,21,21.0,0.0
2026-02-14,21165946,A715,29,0,0,0,0.0,29,29.0,0.0
2026-02-14,80807116,E556,22,0,0,1,0.0,21,21.0,0.0
2026-02-14,21357021,0386,4,0,0,0,0.0,4,4.0,0.0
2026-02-14,21304907,C937,5,0,0,0,0.0,5,5.0,0.0
2026-02-14,80804133,E568,6,0,0,0,0.0,6,6.0,0.0
2026-02-14,21325164,D901,4,0,0,0,0.0,4,4.0,0.0
2026-02-14,80838162,E564,6,0,0,0,0.0,6,6.0,0.0
2026-02-14,80848023,D767,5,0,0,4,0.0,1,1.0,0.0
2026-02-14,21143103,A715,130,0,0,2,0.0,128,128.0,0.0
2026-02-14,80812154,D767,14,0,0,1,0.0,13,13.0,0.0
2026-02-14,21151196,0386,0,2099,0,0,2096.0,3,3.0,0.0
2026-02-14,21103371,A673,482,0,0,1,0.0,481,481.0,0.0
2026-02-14,80807100,D767,34,0,12,2,0.0,44,44.0,0.0
2026-02-14,21165868,A715,29,0,0,0,0.0,29,29.0,0.0
2026-02-14,80804137,A668,108,0,0,0,0.0,108,108.0,0.0
2026-02-14,21442897,A668,67,0,21,5,0.0,83,83.0,0.0
2026-02-14,21255844,E556,1,0,0,0,0.0,1,1.0,0.0
2026-02-14,21315350,C937,37,0,0,0,0.0,37,37.0,0.0
2026-02-14,21442422,C816,554,0,0,6,0.0,548,548.0,0.0
2026-02-14,80804138,E568,5,0,0,0,0.0,5,5.0,0.0
2026-02-14,80807119,D901,99,0,2,1,0.0,100,100.0,0.0
2026-02-14,80848026,E569,61,0,0,5,0.0,56,56.0,0.0
2026-02-14,21314594,C816,341,0,0,0,0.0,341,341.0,0.0
2026-02-14,80807092,A716,106,0,0,0,0.0,106,106.0,0.0
2026-02-14,80848021,A672,75,0,24,5,0.0,94,94.0,0.0
2026-02-14,80793613,C937,4,0,0,0,0.0,4,4.0,0.0
2026-02-14,80804135,A673,152,0,0,5,0.0,147,147.0,0.0
2026-02-14,80805850,A672,40,0,0,0,0.0,40,40.0,0.0
2026-02-14,80807116,A715,65,0,0,5,0.0,60,60.0,0.0
2026-02-14,21314595,E569,5,0,0,0,0.0,5,5.0,0.0
2026-02-14,80848021,C810,41,0,0,0,0.0,41,41.0,0.0
2026-02-14,21376841,0386,2,0,0,0,0.0,2,2.0,0.0
2026-02-14,21143110,C816,733,0,0,0,0.0,733,733.0,0.0
2026-02-14,80807112,A716,268,0,0,1,0.0,267,267.0,0.0
2026-02-14,21148509,A716,77,0,0,4,0.0,73,73.0,0.0
2026-02-14,21162696,D767,2,0,0,0,0.0,2,2.0,0.0
2026-02-14,80812099,A716,64,0,0,1,0.0,63,63.0,0.0
2026-02-14,21155895,E556,9,0,1,0,0.0,10,10.0,0.0
2026-02-14,80807089,C816,1654,0,0,23,0.0,1631,1631.0,0.0
2026-02-14,80804134,E556,19,0,0,3,0.0,16,16.0,0.0
2026-02-14,80795933,C819,3,0,0,0,0.0,3,3.0,0.0
2026-02-14,80807092,D901,51,0,0,3,0.0,48,48.0,0.0
2026-02-14,80838164,A680,677,0,0,1,0.0,676,676.0,0.0
2026-02-14,21165946,C816,260,0,0,2,0.0,258,258.0,0.0
2026-02-14,21255844,A715,3,0,0,0,0.0,3,3.0,0.0
2026-02-14,21419500,A668,35,0,0,2,0.0,33,33.0,0.0
2026-02-14,80848022,A680,819,0,0,17,0.0,802,802.0,0.0
2026-02-14,80804130,A668,86,0,0,6,0.0,80,80.0,0.0
2026-02-14,80848027,A680,58,0,0,0,0.0,58,58.0,0.0
2026-02-14,80807097,A680,52,0,0,2,0.0,50,50.0,0.0
2026-02-14,80812841,0386,3,0,0,0,0.0,3,3.0,0.0
2026-02-14,21314594,A673,284,0,0,10,0.0,274,274.0,0.0
2026-02-14,80863646,A672,309,0,0,4,0.0,305,305.0,0.0
2026-02-14,80804702,C819,2,0,0,0,0.0,2,2.0,0.0
2026-02-14,21431638,A672,1287,0,0,19,0.0,1268,1268.0,0.0
2026-02-14,80812839,D767,2,0,0,1,0.0,1,1.0,0.0
2026-02-14,80807089,E568,2,0,0,0,0.0,2,2.0,0.0
2026-02-14,21098519,E569,4,0,0,0,0.0,4,4.0,0.0
2026-02-14,21165868,C816,48,0,0,0,0.0,48,48.0,0.0
2026-02-14,21142556,A672,1073,0,0,33,0.0,1040,1040.0,0.0
2026-02-14,80807090,E556,4,0,0,0,0.0,4,4.0,0.0
2026-02-14,80812154,C816,65,0,0,0,0.0,65,65.0,0.0
2026-02-14,21314593,C819,2,0,0,0,0.0,2,2.0,0.0
2026-02-14,21121752,A680,9,0,0,0,0.0,9,9.0,0.0
2026-02-14,21118867,A668,41,0,0,2,0.0,39,39.0,0.0
2026-02-14,80793614,A715,278,0,0,2,0.0,276,276.0,0.0
2026-02-14,80864470,E568,7,0,0,1,0.0,6,6.0,0.0
2026-02-14,80840975,E568,3,0,0,0,0.0,3,3.0,0.0
2026-02-14,80807093,E556,4,0,0,0,0.0,4,4.0,0.0
2026-02-14,21431638,C810,581,0,0,1,0.0,580,580.0,0.0
2026-02-14,80812846,E569,28,0,6,1,0.0,33,33.0,0.0
2026-02-14,21165816,C937,4,0,0,0,0.0,4,4.0,0.0
2026-02-14,80807102,C937,12,0,10,1,0.0,21,21.0,0.0
2026-02-14,80807089,A673,312,0,0,10,0.0,302,302.0,0.0
2026-02-14,21103372,C937,26,0,1,0,0.0,27,27.0,0.0
2026-02-14,21142556,C810,141,0,0,8,0.0,133,133.0,0.0
2026-02-14,21315352,A716,30,0,7,1,0.0,36,36.0,0.0
2026-02-14,21128377,A680,153,0,0,6,0.0,147,147.0,0.0
2026-02-14,80804127,E569,5,0,0,0,0.0,5,5.0,0.0
2026-02-14,80804134,A715,159,0,0,6,0.0,153,153.0,0.0
2026-02-14,80807120,A668,348,0,0,11,0.0,337,337.0,0.0
2026-02-14,21165946,A673,1421,0,0,13,0.0,1408,1408.0,0.0
2026-02-14,80848028,D767,7,0,25,3,0.0,29,29.0,0.0
2026-02-14,21165946,E467,27,0,0,1,0.0,26,26.0,0.0
2026-02-14,21141769,A716,114,0,0,4,0.0,110,110.0,0.0
2026-02-14,80848023,E568,17,0,0,0,0.0,17,17.0,0.0
2026-02-14,80804699,A668,14,0,0,1,0.0,13,13.0,0.0
2026-02-14,80804701,A668,61,0,12,4,0.0,69,69.0,0.0
2026-02-14,80812154,E568,2,0,0,0,0.0,2,2.0,0.0
2026-02-14,80807100,E568,2,0,0,0,0.0,2,2.0,0.0
2026-02-14,80804129,E564,8,0,0,0,0.0,8,8.0,0.0
2026-02-14,21132758,A716,190,0,0,1,0.0,189,189.0,0.0
2026-02-14,80807110,A716,350,0,0,2,0.0,348,348.0,0.0
2026-02-14,21121751,A672,126,0,0,0,0.0,126,126.0,0.0
2026-02-14,21170686,A680,37,0,0,0,0.0,37,37.0,0.0
2026-02-14,21325164,E569,4,0,0,0,0.0,4,4.0,0.0
2026-02-14,80807105,C819,12,0,0,1,0.0,11,11.0,0.0
2026-02-14,80804134,E295,27,0,0,0,0.0,27,27.0,0.0
2026-02-14,21165868,A673,462,0,0,3,0.0,459,459.0,0.0
2026-02-14,21315352,D901,21,0,0,1,0.0,20,20.0,0.0
2026-02-14,21162696,C816,31,0,0,0,0.0,31,31.0,0.0
2026-02-14,21121756,D767,15,0,0,1,0.0,14,14.0,0.0
2026-02-14,80807090,A715,57,0,0,0,0.0,57,57.0,0.0
2026-02-14,80848025,E556,9,0,4,0,0.0,13,13.0,0.0
2026-02-14,80804132,E564,77,0,6,2,0.0,81,81.0,0.0
2026-02-14,80805852,E556,4,0,0,1,0.0,3,3.0,0.0
2026-02-14,80812154,A673,340,0,0,14,0.0,326,326.0,0.0
2026-02-14,80807114,C819,2,0,0,0,0.0,2,2.0,0.0
2026-02-14,80804132,A716,309,0,0,7,0.0,302,302.0,0.0
2026-02-14,21141769,D901,40,0,3,5,0.0,38,38.0,0.0
2026-02-14,80807093,A715,60,0,0,0,0.0,60,60.0,0.0
2026-02-14,21103371,A668,310,0,0,0,0.0,310,310.0,0.0
2026-02-14,80807119,E569,0,0,12,0,0.0,12,12.0,0.0
2026-02-14,21132758,D901,182,0,5,4,0.0,183,183.0,0.0
2026-02-14,21301637,A680,196,0,0,1,0.0,195,195.0,0.0
2026-02-14,80807118,A716,241,0,0,1,0.0,240,240.0,0.0
2026-02-14,80863643,A672,635,0,0,19,0.0,616,616.0,0.0
2026-02-14,80857738,A680,2,0,0,0,0.0,2,2.0,0.0
2026-02-14,80884845,A672,40,0,0,1,0.0,39,39.0,0.0
2026-02-14,21314602,A716,45,0,0,0,0.0,45,45.0,0.0
2026-02-14,80807116,A673,1430,0,0,53,0.0,1377,1377.0,0.0
2026-02-14,21162696,E568,3,0,0,0,0.0,3,3.0,0.0
2026-02-14,80807096,A668,19,0,0,2,0.0,17,17.0,0.0
2026-02-14,80807120,C563,29,0,0,0,0.0,29,29.0,0.0
2026-02-14,21118864,A716,27,0,0,0,0.0,27,27.0,0.0
2026-02-14,80795933,A680,9,0,0,0,0.0,9,9.0,0.0
2026-02-14,80804703,A680,28,0,0,1,0.0,27,27.0,0.0
2026-02-14,80812845,C937,77,0,0,1,0.0,76,76.0,0.0
2026-02-14,80804132,D901,38,0,5,2,0.0,41,41.0,0.0
2026-02-14,80804135,A668,32,0,0,0,0.0,32,32.0,0.0
2026-02-14,80863643,C810,12,0,0,1,0.0,11,11.0,0.0
2026-02-14,21138340,A672,1523,0,0,37,0.0,1486,1486.0,0.0
2026-02-14,80868100,A672,47,0,0,8,0.0,39,39.0,0.0
2026-02-14,21162696,A673,86,0,0,2,0.0,84,84.0,0.0
2026-02-14,80885920,A680,135,0,76,13,0.0,198,198.0,0.0
2026-02-14,80807118,D901,139,0,0,5,0.0,134,134.0,0.0
2026-02-14,21139445,C816,1386,0,0,17,0.0,1369,1369.0,0.0
2026-02-14,80807092,E569,21,0,0,1,0.0,20,20.0,0.0
2026-02-14,80804702,A680,17,0,0,1,0.0,16,16.0,0.0
2026-02-14,21148509,C819,28,0,0,0,0.0,28,28.0,0.0
2026-02-14,80868101,A672,662,0,0,0,0.0,662,662.0,0.0
2026-02-14,80848028,C816,573,0,0,12,0.0,561,561.0,0.0
2026-02-14,21127799,C816,44,0,0,1,0.0,43,43.0,0.0
2026-02-14,21029016,C819,4,0,0,0,0.0,4,4.0,0.0
2026-02-14,21303404,E556,17,0,8,2,0.0,23,23.0,0.0
2026-02-14,21128067,C819,3,0,0,1,0.0,2,2.0,0.0
2026-02-14,80804128,E564,13,0,4,1,0.0,16,16.0,0.0
2026-02-14,80868100,C810,8,0,0,0,0.0,8,8.0,0.0
2026-02-14,21421149,0386,1,0,0,0,0.0,1,1.0,0.0
2026-02-14,21315474,E564,77,0,0,1,0.0,76,76.0,0.0
2026-02-14,80848021,0386,1,0,0,0,0.0,1,1.0,0.0
2026-02-14,21275914,A672,198,0,0,1,0.0,197,197.0,0.0
2026-02-14,80868101,C810,5,0,0,1,0.0,4,4.0,0.0
2026-02-14,80812099,E569,5,0,2,0,0.0,7,7.0,0.0
2026-02-14,80848022,E556,16,0,4,1,0.0,19,19.0,0.0
2026-02-14,80840976,A672,473,0,0,8,0.0,465,465.0,0.0
2026-02-14,80805850,0386,3,0,0,0,0.0,3,3.0,0.0
2026-02-14,80848027,E556,1,0,0,0,0.0,1,1.0,0.0
2026-02-14,21314594,A668,57,0,0,0,0.0,57,57.0,0.0
2026-02-14,21132988,D767,61,0,5,0,0.0,66,66.0,0.0
2026-02-14,80848028,E568,28,0,0,1,0.0,27,27.0,0.0
2026-02-14,80804133,C937,49,0,0,0,0.0,49,49.0,0.0
2026-02-14,80804134,A673,1268,0,0,82,0.0,1186,1186.0,0.0
2026-02-14,21275914,C810,30,0,0,0,30.0,0,0.0,0.0
2026-02-14,80807095,A672,429,0,0,26,0.0,403,403.0,0.0
2026-02-14,80804134,E467,17,0,0,1,0.0,16,16.0,0.0
2026-02-14,80868102,A716,245,0,0,2,0.0,243,243.0,0.0
2026-02-14,80804128,D901,5,0,0,0,0.0,5,5.0,0.0
2026-02-14,80863646,C937,3,0,0,0,0.0,3,3.0,0.0
2026-02-14,21315474,D901,87,0,6,2,0.0,91,91.0,0.0
2026-02-14,80807105,A680,69,0,0,4,0.0,65,65.0,0.0
2026-02-14,80848028,A673,1490,0,0,0,0.0,1490,1490.0,0.0
2026-02-14,80804138,C937,24,0,0,1,0.0,23,23.0,0.0
2026-02-14,21127799,A673,77,0,0,8,0.0,69,69.0,0.0
2026-02-14,21121756,E568,7,0,0,0,0.0,7,7.0,0.0
2026-02-14,21377504,A680,26,0,0,0,0.0,26,26.0,0.0
2026-02-14,80807095,C810,54,0,0,0,0.0,54,54.0,0.0
2026-02-14,80804706,A672,23,0,24,2,0.0,45,45.0,0.0
2026-02-14,21165946,A668,52,0,0,0,0.0,52,52.0,0.0
2026-02-14,80807114,A680,45,0,0,0,0.0,45,45.0,0.0
2026-02-14,80864469,A672,144,0,52,9,0.0,187,187.0,0.0
2026-02-14,80804705,A672,294,0,34,32,0.0,296,296.0,0.0
2026-02-14,80863646,0386,4,0,0,0,0.0,4,4.0,0.0
2026-02-14,21425098,0386,4137,0,0,0,0.0,4137,4137.0,0.0
2026-02-14,21170683,A716,51,0,0,1,0.0,50,50.0,0.0
2026-02-14,21431638,0386,1,0,0,0,0.0,1,1.0,0.0
2026-02-14,80848022,A715,294,0,0,1,0.0,293,293.0,0.0
2026-02-14,21315352,E569,4,0,4,0,0.0,8,8.0,0.0
2026-02-14,80848027,A715,84,0,0,0,0.0,84,84.0,0.0
2026-02-14,80807097,A715,25,0,0,0,0.0,25,25.0,0.0
2026-02-14,80812841,E564,48,0,0,11,0.0,37,37.0,0.0
2026-02-14,21142556,0386,2,0,0,0,0.0,2,2.0,0.0
2026-02-14,21428668,A672,51,0,106,37,0.0,120,120.0,0.0
2026-02-14,21143103,A668,112,0,0,3,0.0,109,109.0,0.0
2026-02-14,80804706,C810,182,0,0,0,0.0,182,182.0,0.0
2026-02-14,80805856,D767,7,0,45,1,0.0,51,51.0,0.0
2026-02-14,80807093,A673,113,0,4,7,0.0,110,110.0,0.0
2026-02-14,21165868,A668,100,0,0,1,0.0,99,99.0,0.0
2026-02-14,80807115,E564,50,0,45,5,0.0,90,90.0,0.0
2026-02-14,80864469,C810,118,0,0,2,1.0,115,115.0,0.0
2026-02-14,80804705,C810,401,0,0,4,0.0,397,397.0,0.0
2026-02-14,21141769,E569,14,0,0,0,0.0,14,14.0,0.0
2026-02-14,80851898,A672,1233,0,0,17,0.0,1216,1216.0,0.0
2026-02-14,21357275,E569,1,0,0,0,0.0,1,1.0,0.0
2026-02-14,21121752,A715,4,0,0,0,0.0,4,4.0,0.0
2026-02-14,21132758,E569,15,0,0,1,0.0,14,14.0,0.0
2026-02-14,21143102,A716,92,0,62,2,0.0,152,152.0,0.0
2026-02-14,21170683,D901,66,0,0,1,0.0,65,65.0,0.0
2026-02-14,21128377,A715,97,0,0,3,0.0,94,94.0,0.0
2026-02-14,80796091,A680,120,0,0,2,0.0,118,118.0,0.0
2026-02-14,21366842,C816,55,0,0,0,0.0,55,55.0,0.0
2026-02-14,21132988,C816,314,0,0,1,0.0,313,313.0,0.0
2026-02-14,80804132,E569,19,0,8,1,0.0,26,26.0,0.0
2026-02-14,80812840,C819,6,0,0,1,0.0,5,5.0,0.0
2026-02-14,21143110,C937,2,0,0,0,0.0,2,2.0,0.0
2026-02-14,80807116,A668,840,0,0,22,0.0,818,818.0,0.0
2026-02-14,80852695,A715,2,0,0,0,0.0,2,2.0,0.0
2026-02-14,80807115,D901,65,0,0,4,0.0,61,61.0,0.0
2026-02-14,80812110,A672,50,0,0,4,0.0,46,46.0,0.0
2026-02-14,21128067,A680,107,0,0,1,0.0,106,106.0,0.0
2026-02-14,21155895,A672,230,0,0,1,0.0,229,229.0,0.0
2026-02-14,80884846,A672,2,0,6,0,0.0,8,8.0,0.0
2026-02-14,21113405,D767,7,0,0,2,0.0,5,5.0,0.0
2026-02-14,21143102,D901,61,0,5,1,0.0,65,65.0,0.0
2026-02-14,80807118,E569,21,0,4,0,0.0,25,25.0,0.0
2026-02-14,80793615,C937,2,0,5,0,0.0,7,7.0,0.0
2026-02-14,21170686,A715,16,0,0,0,0.0,16,16.0,0.0
2026-02-14,21179704,E556,20,0,0,1,0.0,19,19.0,0.0
2026-02-14,80864470,C937,3,0,10,0,0.0,13,13.0,0.0
2026-02-14,80840975,C937,3,0,0,0,0.0,3,3.0,0.0
2026-02-14,80884850,A680,122,0,0,2,0.0,120,120.0,0.0
2026-02-14,80804704,C816,610,0,0,32,0.0,578,578.0,0.0
2026-02-14,21171453,D767,5,0,0,0,0.0,5,5.0,0.0
2026-02-14,80804704,D191,1,0,0,0,0.0,1,1.0,0.0
2026-02-14,21132988,E568,20,0,0,0,0.0,20,20.0,0.0
2026-02-14,21155895,C810,24,0,0,0,0.0,24,24.0,0.0
2026-02-14,21255844,A668,108,0,0,2,0.0,106,106.0,0.0
2026-02-14,80807091,C816,139,0,0,6,0.0,133,133.0,0.0
2026-02-14,21127730,A680,347,0,0,4,0.0,343,343.0,0.0
2026-02-14,80807097,C816,273,0,0,5,0.0,268,268.0,0.0
2026-02-14,80791223,A680,14,0,0,0,0.0,14,14.0,0.0
2026-02-14,80804137,A716,72,0,0,0,0.0,72,72.0,0.0
2026-02-14,80884845,0386,2,0,0,0,0.0,2,2.0,0.0
2026-02-14,80868100,C937,4,0,0,0,0.0,4,4.0,0.0
2026-02-14,21434954,A672,692,0,0,27,0.0,665,665.0,0.0
2026-02-14,21314593,E556,51,0,19,0,0.0,70,70.0,0.0
2026-02-14,21442897,A716,613,0,0,3,0.0,610,610.0,0.0
2026-02-14,80848023,C937,0,0,68,0,0.0,68,68.0,0.0
2026-02-14,80793615,0386,3,0,0,0,0.0,3,3.0,0.0
2026-02-14,21366842,A673,235,0,0,0,0.0,235,235.0,0.0
2026-02-14,21301637,A715,47,0,0,0,0.0,47,47.0,0.0
2026-02-14,80807090,A672,69,0,0,1,0.0,68,68.0,0.0
2026-02-14,80807100,C937,4,0,0,0,0.0,4,4.0,0.0
2026-02-14,80868101,C937,4,0,0,0,0.0,4,4.0,0.0
2026-02-14,21121752,C816,105,0,0,0,0.0,105,105.0,0.0
2026-02-14,80793614,A668,9,0,0,0,0.0,9,9.0,0.0
2026-02-14,80795933,A715,7,0,0,0,0.0,7,7.0,0.0
2026-02-14,80804703,A715,450,0,0,0,0.0,450,450.0,0.0
2026-02-14,21325292,D767,32,0,9,3,0.0,38,38.0,0.0
2026-02-14,80807090,C810,50,0,0,1,0.0,49,49.0,0.0
2026-02-14,80804128,E569,14,0,0,0,0.0,14,14.0,0.0
2026-02-14,80807116,C563,22,0,0,2,0.0,20,20.0,0.0
2026-02-14,80868100,0386,2,0,0,0,0.0,2,2.0,0.0
2026-02-14,80804134,A668,268,0,0,26,0.0,242,242.0,0.0
2026-02-14,80807122,C816,625,0,0,1,60.0,564,564.0,0.0
2026-02-14,21315474,E569,10,0,0,0,0.0,10,10.0,0.0
2026-02-14,21303404,A673,925,0,0,15,0.0,910,910.0,0.0
2026-02-14,80804704,A673,776,0,27,24,0.0,779,779.0,0.0
2026-02-14,80868101,0386,2,0,0,0,0.0,2,2.0,0.0
2026-02-14,80885920,A715,373,0,0,4,0.0,369,369.0,0.0
2026-02-14,80804702,A715,63,0,0,0,0.0,63,63.0,0.0
2026-02-14,80807105,E556,8,0,0,0,0.0,8,8.0,0.0
2026-02-14,80807091,A673,236,0,0,9,0.0,227,227.0,0.0
2026-02-14,21422791,A716,19,0,0,0,0.0,19,19.0,0.0
2026-02-14,21291975,A672,194,0,0,0,0.0,194,194.0,0.0
2026-02-14,80848027,A673,151,0,0,1,0.0,150,150.0,0.0
2026-02-14,80807097,A673,171,0,0,4,0.0,167,167.0,0.0
2026-02-14,21377504,E556,4,0,0,1,0.0,3,3.0,0.0
2026-02-14,80884848,C816,311,0,0,1,5.0,305,305.0,0.0
2026-02-14,21275914,0386,232,0,0,0,0.0,232,232.0,0.0
2026-02-14,21314876,E568,4,0,0,0,0.0,4,4.0,0.0
2026-02-14,21419500,A716,74,0,0,1,0.0,73,73.0,0.0
2026-02-14,80804130,A716,36,0,0,0,0.0,36,36.0,0.0
2026-02-14,80804136,A672,516,0,0,25,0.0,491,491.0,0.0
2026-02-14,80848025,A672,1582,0,0,27,0.0,1555,1555.0,0.0
2026-02-14,80805852,A672,45,0,0,1,0.0,44,44.0,0.0
2026-02-14,21113405,C816,391,0,0,1,0.0,390,390.0,0.0
2026-02-14,21121752,A673,71,0,0,0,0.0,71,71.0,0.0
2026-02-14,80805850,E564,3,0,0,0,0.0,3,3.0,0.0
2026-02-14,21419485,A680,73,0,79,0,0.0,152,152.0,0.0
2026-02-14,21171453,C816,63,0,0,1,0.0,62,62.0,0.0
2026-02-14,80807093,A668,6,0,0,0,0.0,6,6.0,0.0
2026-02-14,80812840,A680,336,0,0,3,0.0,333,333.0,0.0
2026-02-14,21314602,A680,86,0,0,0,0.0,86,86.0,0.0
2026-02-14,80848025,C810,61,0,0,0,0.0,61,61.0,0.0
2026-02-14,80804136,C810,138,0,0,3,2.0,133,133.0,0.0
2026-02-14,21118867,A716,26,0,0,0,0.0,26,26.0,0.0
2026-02-14,80807122,A673,39,0,0,7,0.0,32,32.0,0.0
2026-02-14,80812839,C937,6,0,0,1,0.0,5,5.0,0.0
2026-02-14,21128377,A673,581,0,0,24,0.0,557,557.0,0.0
2026-02-14,21315350,C819,8,0,0,1,0.0,7,7.0,0.0
2026-02-14,21472283,A672,102,0,0,0,0.0,102,102.0,0.0
2026-02-14,80804130,D901,5,0,1,1,0.0,5,5.0,0.0
2026-02-14,80848029,A672,1076,0,0,17,0.0,1059,1059.0,0.0
2026-02-14,80807120,A716,76,0,0,1,0.0,75,75.0,0.0
2026-02-14,21113405,E568,8,0,0,0,0.0,8,8.0,0.0
2026-02-14,80804706,0386,1,0,0,0,0.0,1,1.0,0.0
2026-02-14,80848021,D901,94,0,3,6,0.0,91,91.0,0.0
2026-02-14,80807105,A715,36,0,0,1,0.0,35,35.0,0.0
2026-02-14,80864469,0386,0,1813,0,0,1812.0,1,1.0,0.0
2026-02-14,80807115,E569,41,0,12,2,0.0,51,51.0,0.0
2026-02-14,80804705,0386,1,0,0,0,0.0,1,1.0,0.0
2026-02-14,21377504,A715,53,0,0,1,0.0,52,52.0,0.0
2026-02-14,80804699,A716,98,0,0,0,0.0,98,98.0,0.0
2026-02-14,80804701,A716,825,0,0,4,0.0,821,821.0,0.0
2026-02-14,21139445,C937,12,0,0,0,0.0,12,12.0,0.0
2026-02-14,80807114,A715,114,0,0,2,0.0,112,112.0,0.0
2026-02-14,21325292,C816,336,0,0,0,0.0,336,336.0,0.0
2026-02-14,21148509,E556,29,0,4,0,0.0,33,33.0,0.0
2026-02-14,80848029,C810,33,0,0,2,0.0,31,31.0,0.0
2026-02-14,21416910,A672,441,0,0,0,0.0,441,441.0,0.0
2026-02-14,21143102,E569,6,0,0,0,0.0,6,6.0,0.0
2026-02-14,21113405,A673,596,0,0,9,0.0,587,587.0,0.0
2026-02-14,80805856,A672,652,0,0,53,0.0,599,599.0,0.0
2026-02-14,80804698,C819,9,0,0,0,0.0,9,9.0,0.0
2026-02-14,80885921,C816,163,0,0,6,0.0,157,157.0,0.0
2026-02-14,21128067,E556,5,0,0,0,0.0,5,5.0,0.0
2026-02-14,80804702,C816,442,0,0,2,0.0,440,440.0,0.0
2026-02-14,80863645,C816,357,0,0,0,0.0,357,357.0,0.0
2026-02-14,80807120,D901,87,0,0,5,0.0,82,82.0,0.0
2026-02-14,21352461,A672,646,0,0,30,0.0,616,616.0,0.0
2026-02-14,80807119,D767,14,0,0,0,0.0,14,14.0,0.0
2026-02-14,80812103,C816,109,0,0,5,0.0,104,104.0,0.0
2026-02-14,21301637,A673,2230,0,0,40,0.0,2190,2190.0,0.0
2026-02-14,80795932,C816,264,0,0,1,0.0,263,263.0,0.0
2026-02-14,21103371,A716,104,0,0,3,0.0,101,101.0,0.0
2026-02-14,80838165,A716,55,0,0,1,0.0,54,54.0,0.0
2026-02-14,21325292,E568,17,0,0,0,0.0,17,17.0,0.0
2026-02-14,80857738,A673,8,0,2,1,0.0,9,9.0,0.0
2026-02-14,21121756,C937,2,0,0,0,0.0,2,2.0,0.0
2026-02-14,80848022,A672,812,0,0,27,0.0,785,785.0,0.0
2026-02-14,80812338,A680,75,0,0,0,0.0,75,75.0,0.0
2026-02-14,80804137,C819,7,0,15,0,0.0,22,22.0,0.0
2026-02-14,21314875,A672,120,0,0,0,0.0,120,120.0,0.0
2026-02-14,80807113,C816,1780,0,0,9,0.0,1771,1771.0,0.0
2026-02-14,80807096,A716,57,0,0,0,0.0,57,57.0,0.0
2026-02-14,80796091,A715,168,0,0,0,0.0,168,168.0,0.0
2026-02-14,21377091,C816,177,0,0,0,0.0,177,177.0,0.0
2026-02-14,80848022,C810,35,0,138,3,5.0,165,165.0,0.0
2026-02-14,21325292,A673,596,0,0,10,0.0,586,586.0,0.0
2026-02-14,80807117,C816,219,0,0,0,0.0,219,219.0,0.0
2026-02-14,21155895,0386,1,0,0,0,0.0,1,1.0,0.0
2026-02-14,80804135,A716,259,0,0,1,0.0,258,258.0,0.0
2026-02-14,21133493,E556,66,0,0,16,0.0,50,50.0,0.0
2026-02-14,80884846,0386,1,0,0,0,0.0,1,1.0,0.0
2026-02-14,21434954,C937,3,0,1,0,0.0,4,4.0,0.0
2026-02-14,80807102,C819,4,0,0,0,0.0,4,4.0,0.0
2026-02-14,80885921,A673,346,0,0,7,0.0,339,339.0,0.0
2026-02-14,21314875,C810,2,0,0,0,0.0,2,2.0,0.0
2026-02-14,21128067,A715,195,0,0,1,0.0,194,194.0,0.0
2026-02-14,80804702,A673,37,0,0,2,0.0,35,35.0,0.0
2026-02-14,80807105,C816,503,0,0,19,0.0,484,484.0,0.0
2026-02-14,21304907,A680,33,0,0,1,0.0,32,32.0,0.0
2026-02-14,80884850,A715,101,0,0,1,0.0,100,100.0,0.0
2026-02-14,80812103,A673,83,0,89,7,0.0,165,165.0,0.0
2026-02-14,80848026,A672,725,0,0,30,0.0,695,695.0,0.0
2026-02-14,80807110,E556,32,0,9,1,0.0,40,40.0,0.0
2026-02-14,21434954,0386,1,0,0,0,0.0,1,1.0,0.0
2026-02-14,80807091,A668,181,0,0,4,0.0,177,177.0,0.0
2026-02-14,80848027,A668,38,0,0,0,0.0,38,38.0,0.0
2026-02-14,21127730,A715,145,0,0,2,0.0,143,143.0,0.0
2026-02-14,80807097,A668,48,0,0,1,0.0,47,47.0,0.0
2026-02-14,80791223,A715,16,0,0,0,0.0,16,16.0,0.0
2026-02-14,21315350,A680,235,0,0,13,0.0,222,222.0,0.0
2026-02-14,21121751,D901,26,0,0,3,0.0,23,23.0,0.0
2026-02-14,80804127,E568,1,0,0,0,0.0,1,1.0,0.0
2026-02-14,80807113,A673,182,0,0,7,0.0,175,175.0,0.0
2026-02-14,80848026,C810,461,0,0,16,68.0,377,377.0,0.0
2026-02-14,21314594,A716,48,0,0,0,0.0,48,48.0,0.0
2026-02-14,80807117,A673,101,0,13,3,0.0,111,111.0,0.0
2026-02-14,21121752,A668,9,0,0,0,0.0,9,9.0,0.0
2026-02-14,21422791,E569,1,0,0,0,0.0,1,1.0,0.0
2026-02-14,21127730,E295,223,0,0,29,0.0,194,194.0,0.0
2026-02-14,80804136,C937,21,0,0,1,0.0,20,20.0,0.0
2026-02-14,80812840,E556,48,0,16,3,0.0,61,61.0,0.0
2026-02-14,21132988,C937,14,0,0,0,0.0,14,14.0,0.0
2026-02-14,21307836,C816,2412,0,0,1,0.0,2411,2411.0,0.0
2026-02-14,80804130,E569,7,0,1,1,0.0,7,7.0,0.0
2026-02-14,80807105,A673,942,0,2,26,0.0,918,918.0,0.0
2026-02-14,80807122,A668,13,0,0,0,0.0,13,13.0,0.0
2026-02-14,21325164,E568,5,0,0,0,0.0,5,5.0,0.0
2026-02-14,21118867,C819,5,0,0,0,0.0,5,5.0,0.0
2026-02-14,21128377,A668,177,0,0,6,0.0,171,171.0,0.0
2026-02-14,80807105,E467,17,0,0,1,0.0,16,16.0,0.0
2026-02-14,80807100,E564,64,0,14,5,0.0,73,73.0,0.0
2026-02-14,80885919,A680,82,0,0,3,0.0,79,79.0,0.0
2026-02-14,80804698,A680,8,0,17,2,0.0,23,23.0,0.0
2026-02-14,80838162,C816,161,0,0,0,0.0,161,161.0,0.0
2026-02-14,21447518,A680,15,0,0,1,0.0,14,14.0,0.0
2026-02-14,21291975,0386,1,0,0,0,0.0,1,1.0,0.0
2026-02-14,80804703,A672,87,0,7,4,0.0,90,90.0,0.0
2026-02-14,21165946,A716,127,0,0,0,0.0,127,127.0,0.0
2026-02-14,21419490,A672,558,0,0,15,0.0,543,543.0,0.0
2026-02-14,80848025,0386,1,0,0,0,0.0,1,1.0,0.0
2026-02-14,21098519,A672,844,0,0,10,0.0,834,834.0,0.0
2026-02-14,80804136,0386,1,0,0,0,0.0,1,1.0,0.0
2026-02-14,80807119,E568,5,0,0,0,0.0,5,5.0,0.0
2026-02-14,21137866,C819,42,0,0,1,0.0,41,41.0,0.0
2026-02-14,21179704,A672,371,0,0,12,0.0,359,359.0,0.0
2026-02-14,21170686,A668,47,0,0,2,0.0,45,45.0,0.0
2026-02-14,80848029,C937,38,0,0,0,0.0,38,38.0,0.0
2026-02-14,80885920,A672,209,0,93,17,0.0,285,285.0,0.0
2026-02-14,80807120,E569,20,0,0,1,0.0,19,19.0,0.0
2026-02-14,80891759,C810,2,0,0,0,0.0,2,2.0,0.0
2026-02-14,80804703,C810,394,0,0,2,0.0,392,392.0,0.0
2026-02-14,21143103,A716,90,0,0,1,0.0,89,89.0,0.0
2026-02-14,80812846,A672,2451,0,0,55,0.0,2396,2396.0,0.0
2026-02-14,21165868,A716,21,0,0,0,0.0,21,21.0,0.0
2026-02-14,21098519,C810,126,0,0,5,1.0,120,120.0,0.0
2026-02-14,21419485,A715,202,0,0,3,0.0,199,199.0,0.0
2026-02-14,21132758,D767,24,0,0,1,0.0,23,23.0,0.0
2026-02-14,80804699,E569,4,0,0,0,0.0,4,4.0,0.0
2026-02-14,80807095,E564,80,0,0,3,0.0,77,77.0,0.0
2026-02-14,80804129,D767,13,0,0,0,0.0,13,13.0,0.0
2026-02-14,21314593,A672,848,0,0,33,0.0,815,815.0,0.0
2026-02-14,21307836,A673,140,0,6,12,0.0,134,134.0,0.0
2026-02-14,80812840,A715,341,0,0,3,0.0,338,338.0,0.0
2026-02-14,21314602,A715,271,0,0,1,0.0,270,270.0,0.0
2026-02-14,21472283,0386,1,0,0,0,0.0,1,1.0,0.0
2026-02-14,80805856,C937,15,0,0,3,0.0,12,12.0,0.0
2026-02-14,21176384,A680,18,0,0,0,0.0,18,18.0,0.0
2026-02-14,21301637,A668,198,0,0,0,0.0,198,198.0,0.0
2026-02-14,80796091,A673,516,0,0,13,0.0,503,503.0,0.0
2026-02-14,21137621,A672,578,0,0,85,0.0,493,493.0,0.0
2026-02-14,21127800,A672,931,0,0,64,0.0,867,867.0,0.0
2026-02-14,80807102,A680,285,0,0,5,0.0,280,280.0,0.0
2026-02-14,80857738,A668,2,0,0,0,0.0,2,2.0,0.0
2026-02-14,80812846,C810,51,0,0,2,0.0,49,49.0,0.0
2026-02-14,80838162,A673,628,0,0,0,0.0,628,628.0,0.0
2026-02-14,21103372,A680,149,0,0,0,0.0,149,149.0,0.0
2026-02-14,80804132,D767,47,0,10,2,0.0,55,55.0,0.0
2026-02-14,80840976,D901,27,0,4,1,0.0,30,30.0,0.0
2026-02-14,80795933,A668,55,0,0,0,0.0,55,55.0,0.0
2026-02-14,21143103,D901,32,0,4,2,0.0,34,34.0,0.0
2026-02-14,21314876,C937,1,0,0,0,0.0,1,1.0,0.0
2026-02-14,21314593,C810,109,0,0,1,56.0,52,52.0,0.0
2026-02-14,80804706,E564,3,0,0,0,0.0,3,3.0,0.0
2026-02-14,80812338,E556,4,0,0,0,0.0,4,4.0,0.0
2026-02-14,80804133,C819,46,0,11,3,0.0,54,54.0,0.0
2026-02-14,21165868,D901,6,0,0,0,0.0,6,6.0,0.0
2026-02-14,21128067,A673,392,0,1,0,0.0,393,393.0,0.0
2026-02-14,80807116,A716,132,0,0,2,0.0,130,130.0,0.0
2026-02-14,80804705,E564,44,0,0,2,0.0,42,42.0,0.0
2026-02-14,21416910,0386,1909,0,0,0,0.0,1909,1909.0,0.0
2026-02-14,80805856,0386,2,0,0,0,0.0,2,2.0,0.0
2026-02-14,80838165,E569,4,0,0,0,0.0,4,4.0,0.0
2026-02-14,80807095,D901,216,0,0,5,0.0,211,211.0,0.0
2026-02-14,21352461,0386,4,0,0,0,0.0,4,4.0,0.0
2026-02-14,80831843,A715,347,0,0,0,0.0,347,347.0,0.0
2026-02-14,21354246,D767,11,0,0,1,0.0,10,10.0,0.0
2026-02-14,80804702,A668,15,0,2,1,0.0,16,16.0,0.0
2026-02-14,21314876,0386,174,0,0,0,0.0,174,174.0,0.0
2026-02-14,80807096,E569,7,0,0,2,0.0,5,5.0,0.0
2026-02-14,80804706,D901,12,0,7,0,0.0,19,19.0,0.0
2026-02-14,80848022,0386,4,0,0,0,3.0,1,1.0,0.0
2026-02-14,80807116,D901,235,0,12,12,0.0,235,235.0,0.0
2026-02-14,21132752,A672,897,0,0,21,0.0,876,876.0,0.0
2026-02-14,21118867,A680,18,0,0,0,0.0,18,18.0,0.0
2026-02-14,21419485,C816,2168,0,0,18,30.0,2120,2120.0,0.0
2026-02-14,80812338,A715,6,0,0,0,0.0,6,6.0,0.0
2026-02-14,21315350,E556,80,0,13,18,0.0,75,75.0,0.0
2026-02-14,80807113,A668,221,0,0,4,0.0,217,217.0,0.0
2026-02-14,80848026,C937,112,0,5,3,0.0,114,114.0,0.0
2026-02-14,80793614,A716,2,0,0,0,0.0,2,2.0,0.0
2026-02-14,80838163,A680,3,0,0,0,0.0,3,3.0,0.0
2026-02-14,80804128,D767,8,0,3,1,0.0,10,10.0,0.0
2026-02-14,80807117,A668,4,0,0,0,0.0,4,4.0,0.0
2026-02-14,80807092,A672,976,0,0,15,0.0,961,961.0,0.0
2026-02-14,21315474,D767,8,0,41,2,0.0,47,47.0,0.0
2026-02-14,21155895,E564,8,0,0,0,0.0,8,8.0,0.0
2026-02-14,80804129,C816,381,0,0,4,0.0,377,377.0,0.0
2026-02-14,80804134,A716,92,0,0,12,0.0,80,80.0,0.0
2026-02-14,21137866,A680,209,0,0,2,0.0,207,207.0,0.0
2026-02-14,80807105,A668,338,0,0,8,0.0,330,330.0,0.0
2026-02-14,21314595,C937,5,0,0,0,0.0,5,5.0,0.0
2026-02-14,21304907,A715,117,0,0,3,0.0,114,114.0,0.0
2026-02-14,80848024,C816,256,0,0,2,0.0,254,254.0,0.0
2026-02-14,21377504,A668,65,0,0,0,0.0,65,65.0,0.0
2026-02-14,80807092,C810,5,0,0,0,0.0,5,5.0,0.0
2026-02-14,80848026,0386,2,0,0,0,0.0,2,2.0,0.0
2026-02-14,80804698,E556,12,0,1,0,0.0,13,13.0,0.0
2026-02-14,21143110,C819,4,0,0,0,0.0,4,4.0,0.0
2026-02-14,80807112,A672,1402,0,0,24,0.0,1378,1378.0,0.0
2026-02-14,21148509,A672,651,0,0,6,0.0,645,645.0,0.0
2026-02-14,80807114,A668,102,0,0,2,0.0,100,100.0,0.0
2026-02-14,80807089,C819,2,0,0,0,0.0,2,2.0,0.0
2026-02-14,80812099,A672,104,0,0,3,0.0,101,101.0,0.0
2026-02-14,80863645,C937,4,0,0,0,0.0,4,4.0,0.0
2026-02-14,21151196,E295,211,0,0,2,0.0,209,209.0,0.0
2026-02-14,80804129,E568,7,0,0,0,0.0,7,7.0,0.0
2026-02-14,21434952,C937,2,0,2,0,0.0,4,4.0,0.0
2026-02-14,80807090,E564,10,0,3,1,0.0,12,12.0,0.0
2026-02-14,21419485,A673,397,0,0,17,0.0,380,380.0,0.0
2026-02-14,21155895,D901,72,0,10,4,0.0,78,78.0,0.0
2026-02-14,80804134,D901,8,0,9,3,0.0,14,14.0,0.0
2026-02-14,80807090,A716,15,0,0,0,0.0,15,15.0,0.0
2026-02-14,80812103,C937,2,0,1,0,0.0,3,3.0,0.0
2026-02-14,80807112,C810,17,0,0,1,0.0,16,16.0,0.0
2026-02-14,21315350,A715,106,0,0,6,0.0,100,100.0,0.0
2026-02-14,21148509,C810,65,0,0,0,0.0,65,65.0,0.0
2026-02-14,80795932,C937,3,0,0,0,0.0,3,3.0,0.0
2026-02-14,80840975,C819,6,0,0,0,0.0,6,6.0,0.0
2026-02-14,80864470,C819,14,0,0,1,0.0,13,13.0,0.0
2026-02-14,21354246,C816,94,0,0,0,0.0,94,94.0,0.0
2026-02-14,21103371,A680,226,0,0,13,0.0,213,213.0,0.0
2026-02-14,80804132,E568,8,0,0,0,0.0,8,8.0,0.0
2026-02-14,80807093,A716,265,0,0,0,0.0,265,265.0,0.0
2026-02-14,80804137,E556,23,0,0,1,0.0,22,22.0,0.0
2026-02-14,21170683,D767,5,0,0,0,0.0,5,5.0,0.0
2026-02-14,21098519,C937,34,0,0,0,0.0,34,34.0,0.0
2026-02-14,80804133,A680,365,0,0,7,0.0,358,358.0,0.0
2026-02-14,21170691,C816,66,0,0,0,0.0,66,66.0,0.0
2026-02-14,21307836,A668,38,0,0,0,0.0,38,38.0,0.0
2026-02-14,80812154,C819,4,0,0,0,0.0,4,4.0,0.0
2026-02-14,80812841,D767,2,0,97,3,0.0,96,96.0,0.0
2026-02-14,21357021,C816,222,0,0,0,0.0,222,222.0,0.0
2026-02-14,80840976,E569,9,0,6,1,0.0,14,14.0,0.0
2026-02-14,80796091,A668,66,0,0,0,0.0,66,66.0,0.0
2026-02-14,80807090,D901,4,0,0,0,0.0,4,4.0,0.0
2026-02-14,21143103,E569,3,0,0,0,0.0,3,3.0,0.0
2026-02-14,80807115,D767,0,0,59,0,0.0,59,59.0,0.0
2026-02-14,80807102,E556,13,0,1,0,0.0,14,14.0,0.0
2026-02-14,21354246,E568,2,0,0,0,0.0,2,2.0,0.0
2026-02-14,80804698,A715,51,0,0,0,0.0,51,51.0,0.0
2026-02-14,80885919,A715,24,0,0,1,0.0,23,23.0,0.0
2026-02-14,21165868,E569,5,0,0,0,0.0,5,5.0,0.0
2026-02-14,21103372,E556,77,0,6,7,0.0,76,76.0,0.0
2026-02-14,21133493,A672,1206,0,0,90,0.0,1116,1116.0,0.0
2026-02-14,21447518,A715,2,0,0,0,0.0,2,2.0,0.0
2026-02-14,80804127,C937,14,0,1,1,0.0,14,14.0,0.0
2026-02-14,80804138,A680,231,0,0,1,0.0,230,230.0,0.0
2026-02-14,21151196,C816,631,0,0,9,0.0,622,622.0,0.0
2026-02-14,21315352,A672,356,0,0,8,0.0,348,348.0,0.0
2026-02-14,21419490,0386,1,0,0,0,0.0,1,1.0,0.0
2026-02-14,21098519,0386,123,0,0,0,120.0,3,3.0,0.0
2026-02-14,80807093,D901,9,0,0,0,0.0,9,9.0,0.0
2026-02-14,80807095,E569,25,0,18,3,0.0,40,40.0,0.0
2026-02-14,21128067,A668,381,0,0,8,0.0,373,373.0,0.0
2026-02-14,80804136,E564,82,0,0,3,0.0,79,79.0,0.0
2026-02-14,21141769,A672,225,0,366,20,0.0,571,571.0,0.0
2026-02-14,21304907,C816,2194,0,0,0,0.0,2194,2194.0,0.0
2026-02-14,21315352,C810,8,0,0,0,4.0,4,4.0,0.0
2026-02-14,21132758,A672,1332,0,0,26,0.0,1306,1306.0,0.0
2026-02-14,80807110,A672,2473,0,0,19,0.0,2454,2454.0,0.0
2026-02-14,21442422,A680,150,0,12,12,0.0,150,150.0,0.0
2026-02-14,80807116,E569,24,0,40,4,0.0,60,60.0,0.0
2026-02-14,21141769,C810,17,0,0,2,0.0,15,15.0,0.0
2026-02-14,21127730,A668,1541,0,0,14,0.0,1527,1527.0,0.0
2026-02-14,21162696,C819,1,0,0,0,0.0,1,1.0,0.0
2026-02-14,80804128,E568,3,0,0,0,0.0,3,3.0,0.0
2026-02-14,21137621,0386,1,0,0,0,0.0,1,1.0,0.0
2026-02-14,80791223,A668,6,0,0,0,0.0,6,6.0,0.0
2026-02-14,21127800,0386,2,0,0,0,0.0,2,2.0,0.0
2026-02-14,21315474,E568,17,0,0,0,0.0,17,17.0,0.0
2026-02-14,21176384,A715,12,0,0,0,0.0,12,12.0,0.0
2026-02-14,21376841,C816,458,0,0,0,0.0,458,458.0,0.0
2026-02-14,80807110,C810,103,0,0,3,0.0,100,100.0,0.0
2026-02-14,80848025,D901,19,0,0,0,0.0,19,19.0,0.0
2026-02-14,80807102,A715,47,0,0,1,0.0,46,46.0,0.0
2026-02-14,80807119,C937,7,0,0,0,0.0,7,7.0,0.0
2026-02-14,21103372,A715,164,0,0,7,0.0,157,157.0,0.0
2026-02-14,80793613,C816,192,0,0,3,0.0,189,189.0,0.0
2026-02-14,21151196,A673,681,0,0,26,0.0,655,655.0,0.0
2026-02-14,21118867,E556,2,0,0,0,0.0,2,2.0,0.0
2026-02-14,80807118,A672,435,0,0,11,0.0,424,424.0,0.0
2026-02-14,21143110,A680,320,0,0,2,0.0,318,318.0,0.0
2026-02-14,21255844,E569,6,0,2,1,0.0,7,7.0,0.0
2026-02-14,21314602,A672,597,0,0,8,0.0,589,589.0,0.0
2026-02-14,80812839,C819,7,0,10,1,0.0,16,16.0,0.0
2026-02-14,21133312,A680,98,0,0,1,0.0,97,97.0,0.0
2026-02-14,80807089,A680,94,0,21,4,0.0,111,111.0,0.0
2026-02-14,21304907,A673,57,0,0,0,0.0,57,57.0,0.0
2026-02-14,80805856,E564,35,0,42,2,0.0,75,75.0,0.0
2026-02-14,21118864,A672,104,0,0,1,0.0,103,103.0,0.0
2026-02-14,21128067,C563,15,0,0,1,0.0,14,14.0,0.0
2026-02-14,80812841,C816,618,0,0,17,0.0,601,601.0,0.0
2026-02-14,80823707,C816,4,0,0,0,0.0,4,4.0,0.0
2026-02-14,80807118,C810,2477,0,0,0,0.0,2477,2477.0,0.0
2026-02-14,21447518,C816,3410,0,0,0,2.0,3408,3408.0,0.0
2026-02-14,21137866,E556,24,0,1,1,0.0,24,24.0,0.0
2026-02-14,80864470,A680,145,0,0,1,0.0,144,144.0,0.0
2026-02-14,80840975,A680,231,0,0,1,0.0,230,230.0,0.0
2026-02-14,80804701,E556,12,0,1,0,0.0,13,13.0,0.0
2026-02-14,80838164,A716,199,0,0,0,0.0,199,199.0,0.0
2026-02-14,80807115,D191,5,0,0,0,0.0,5,5.0,0.0
2026-02-14,80807092,C937,7,0,0,0,0.0,7,7.0,0.0
2026-02-14,21132752,0386,1,0,0,0,0.0,1,1.0,0.0
2026-02-14,21315350,A673,537,0,0,13,0.0,524,524.0,0.0
2026-02-14,80807091,A716,97,0,0,2,0.0,95,95.0,0.0
2026-02-14,80831843,A672,475,0,0,0,0.0,475,475.0,0.0
2026-02-14,80804134,E569,18,0,0,2,0.0,16,16.0,0.0
2026-02-14,80848027,A716,11,0,0,0,0.0,11,11.0,0.0
2026-02-14,80807097,A716,15,0,0,0,0.0,15,15.0,0.0
2026-02-14,21127730,C563,9,0,0,4,0.0,5,5.0,0.0
2026-02-14,80848023,A680,270,0,0,11,0.0,259,259.0,0.0
2026-02-14,21314875,E564,14,0,2,0,0.0,16,16.0,0.0
2026-02-14,80812154,A680,88,0,0,0,0.0,88,88.0,0.0
2026-02-14,80793613,A673,352,0,0,4,0.0,348,348.0,0.0
2026-02-14,80812841,E568,19,0,0,2,0.0,17,17.0,0.0
2026-02-14,21419485,A668,126,0,0,14,0.0,112,112.0,0.0
2026-02-14,21118867,A715,22,0,0,0,0.0,22,22.0,0.0
2026-02-14,80807115,E568,5,0,0,0,0.0,5,5.0,0.0
2026-02-14,80812099,C937,0,0,2,0,0.0,2,2.0,0.0
2026-02-14,80812840,A668,623,0,0,10,0.0,613,613.0,0.0
2026-02-14,21121752,A716,13,0,0,0,0.0,13,13.0,0.0
2026-02-14,21121756,C819,5,0,1,1,0.0,5,5.0,0.0
2026-02-14,21165816,C816,70,0,0,1,0.0,69,69.0,0.0
2026-02-14,80848022,D901,128,0,4,5,0.0,127,127.0,0.0
2026-02-14,80848021,D767,3,0,0,0,0.0,3,3.0,0.0
2026-02-14,80823707,A673,17,0,0,0,0.0,17,17.0,0.0
2026-02-14,21103372,C816,511,0,0,0,0.0,511,511.0,0.0
2026-02-14,21447518,A673,21,0,0,2,0.0,19,19.0,0.0
2026-02-14,80807122,A716,102,0,0,0,0.0,102,102.0,0.0
2026-02-14,80807090,E569,3,0,0,0,0.0,3,3.0,0.0
2026-02-14,21128377,A716,100,0,0,0,0.0,100,100.0,0.0
2026-02-14,80848027,D901,19,0,0,1,0.0,18,18.0,0.0
2026-02-14,21137866,A715,321,0,0,3,0.0,318,318.0,0.0
2026-02-14,80807112,0386,0,2534,0,0,2532.0,2,2.0,0.0
2026-02-14,80868102,A672,865,0,0,9,0.0,856,856.0,0.0
2026-02-14,80852695,A716,4,0,0,0,0.0,4,4.0,0.0
2026-02-14,80812099,0386,4,0,0,0,0.0,4,4.0,0.0
2026-02-14,80804135,E556,44,0,0,0,0.0,44,44.0,0.0
2026-02-14,80807093,E569,1,0,0,0,0.0,1,1.0,0.0
2026-02-14,80812845,E295,30,0,0,8,0.0,22,22.0,0.0
2026-02-14,21162696,A680,22,0,0,2,0.0,20,20.0,0.0
2026-02-14,80868102,C810,2,0,0,0,0.0,2,2.0,0.0
2026-02-14,21170686,A716,12,0,0,0,0.0,12,12.0,0.0
2026-02-14,21128377,D901,105,0,11,6,0.0,110,110.0,0.0
2026-02-14,80804131,A680,369,0,0,0,0.0,369,369.0,0.0
2026-02-14,21269899,C819,4,0,0,0,0.0,4,4.0,0.0
2026-02-14,21170683,A672,226,0,0,3,0.0,223,223.0,0.0
2026-02-14,21103371,A715,125,0,0,5,0.0,120,120.0,0.0
2026-02-14,21291975,E569,7,0,0,0,0.0,7,7.0,0.0
2026-02-14,21165816,A673,149,0,0,4,0.0,145,145.0,0.0
2026-02-14,80807102,A673,853,0,0,12,0.0,841,841.0,0.0
2026-02-14,80804133,A715,91,0,0,1,0.0,90,90.0,0.0
2026-02-14,21103372,A673,965,0,2,19,0.0,948,948.0,0.0
2026-02-14,80812839,A680,163,0,0,3,0.0,160,160.0,0.0
2026-02-14,80848025,E569,13,0,9,1,0.0,21,21.0,0.0
2026-02-14,21301637,A716,38,0,0,0,0.0,38,38.0,0.0
2026-02-14,21357275,C937,4,0,0,0,0.0,4,4.0,0.0
2026-02-14,21314594,E556,25,0,5,2,0.0,28,28.0,0.0
2026-02-14,80805852,E569,3,0,0,0,0.0,3,3.0,0.0
2026-02-14,21170686,D901,5,0,0,1,0.0,4,4.0,0.0
2026-02-14,21132758,C937,8,0,17,3,0.0,22,22.0,0.0
2026-02-14,80804129,C937,13,0,0,0,0.0,13,13.0,0.0
2026-02-14,21315352,0386,1,0,0,0,0.0,1,1.0,0.0
2026-02-14,80804703,E564,3,0,0,0,0.0,3,3.0,0.0
2026-02-14,21143102,A672,446,0,0,0,0.0,446,446.0,0.0
2026-02-14,80795933,A716,15,0,0,0,0.0,15,15.0,0.0
2026-02-14,80838163,C816,5,0,0,0,0.0,5,5.0,0.0
2026-02-14,80812845,C816,477,0,0,9,0.0,468,468.0,0.0
2026-02-14,21151196,A668,500,0,0,5,0.0,495,495.0,0.0
2026-02-14,21098519,E564,14,0,1,2,0.0,13,13.0,0.0
2026-02-14,80804138,A715,259,0,0,3,0.0,256,256.0,0.0
2026-02-14,21141769,0386,0,526,0,0,524.0,2,2.0,0.0
2026-02-14,21139445,A680,84,0,0,7,0.0,77,77.0,0.0
2026-02-14,21179704,E564,6,0,0,0,0.0,6,6.0,0.0
2026-02-14,80804132,C937,54,0,0,0,0.0,54,54.0,0.0
2026-02-14,21132988,C819,21,0,15,0,0.0,36,36.0,0.0
2026-02-14,21421149,C816,405,0,0,3,0.0,402,402.0,0.0
2026-02-14,80848024,C937,3,0,0,0,0.0,3,3.0,0.0
2026-02-14,80807089,E556,17,0,0,0,0.0,17,17.0,0.0
2026-02-14,21304907,A668,14,0,0,0,0.0,14,14.0,0.0
2026-02-14,21301637,D901,42,0,0,0,0.0,42,42.0,0.0
2026-02-14,80848028,A680,231,0,0,11,0.0,220,220.0,0.0
2026-02-14,80812846,E564,36,0,3,2,0.0,37,37.0,0.0
2026-02-14,80805850,C816,43,0,0,0,0.0,43,43.0,0.0
2026-02-14,80804702,A716,158,0,0,0,0.0,158,158.0,0.0
2026-02-14,21165946,E556,13,0,5,0,0.0,18,18.0,0.0
2026-02-14,80807118,C937,14,0,0,1,0.0,13,13.0,0.0
2026-02-14,21314593,E564,2,0,0,0,0.0,2,2.0,0.0
2026-02-14,80804703,D901,19,0,0,2,0.0,17,17.0,0.0
2026-02-14,80864470,E556,4,0,0,0,0.0,4,4.0,0.0
2026-02-14,21442422,A715,533,0,0,13,0.0,520,520.0,0.0
2026-02-14,21121751,D767,13,0,0,2,0.0,11,11.0,0.0
2026-02-14,21354246,C937,2,0,2,0,0.0,4,4.0,0.0
2026-02-14,80804704,C819,5,0,0,1,0.0,4,4.0,0.0
2026-02-14,21421148,A672,1455,0,0,29,0.0,1426,1426.0,0.0
2026-02-14,21121756,A680,54,0,0,2,0.0,52,52.0,0.0
2026-02-14,21315350,A668,151,0,0,3,0.0,148,148.0,0.0
2026-02-14,80807091,C819,5,0,0,0,0.0,5,5.0,0.0
2026-02-14,80838163,A673,3,0,0,0,0.0,3,3.0,0.0
2026-02-14,80807118,0386,3,0,0,0,0.0,3,3.0,0.0
2026-02-14,21170691,C937,5,0,0,0,0.0,5,5.0,0.0
2026-02-14,80804137,A672,1204,0,0,24,0.0,1180,1180.0,0.0
2026-02-14,80838164,E569,2,0,0,0,0.0,2,2.0,0.0
2026-02-14,80812845,A673,2242,0,1,0,0.0,2243,2243.0,0.0
2026-02-14,80793613,A668,47,0,0,1,0.0,46,46.0,0.0
2026-02-14,80812154,E556,21,0,6,0,0.0,27,27.0,0.0
2026-02-14,21442897,A672,243,0,17,30,0.0,230,230.0,0.0
2026-02-14,80812845,E467,35,0,0,1,0.0,34,34.0,0.0
2026-02-14,80804133,C816,495,0,0,11,0.0,484,484.0,0.0
2026-02-14,21118864,0386,4,0,0,0,0.0,4,4.0,0.0
2026-02-14,21143110,A715,88,0,0,0,0.0,88,88.0,0.0
2026-02-14,21314593,D901,28,0,8,1,0.0,35,35.0,0.0
2026-02-14,80848022,E569,38,0,4,1,0.0,41,41.0,0.0
2026-02-14,21133312,A715,75,0,0,3,0.0,72,72.0,0.0
2026-02-14,21121752,C819,5,0,16,1,0.0,20,20.0,0.0
2026-02-14,80807089,A715,162,0,0,3,0.0,159,159.0,0.0
2026-02-14,80863646,C816,196,0,0,2,0.0,194,194.0,0.0
2026-02-14,80804137,C810,7,0,0,1,0.0,6,6.0,0.0
2026-02-14,80885919,A668,73,0,0,5,0.0,68,68.0,0.0
2026-02-14,80804698,A668,24,0,0,2,0.0,22,22.0,0.0
2026-02-14,80805850,A673,89,0,0,0,0.0,89,89.0,0.0
2026-02-14,80804128,C937,15,0,0,0,0.0,15,15.0,0.0
2026-02-14,80807105,A716,84,0,0,1,0.0,83,83.0,0.0
2026-02-14,21142556,C816,179,0,0,12,0.0,167,167.0,0.0
2026-02-14,21447518,A668,5,0,0,0,0.0,5,5.0,0.0
2026-02-14,21315474,C937,19,0,0,0,0.0,19,19.0,0.0
2026-02-14,80807122,C819,1,0,0,0,0.0,1,1.0,0.0
2026-02-14,80804138,C816,181,0,0,4,0.0,177,177.0,0.0
2026-02-14,80864470,A715,90,0,0,2,0.0,88,88.0,0.0
2026-02-14,80840975,A715,176,0,0,0,0.0,176,176.0,0.0
2026-02-14,80807114,A716,45,0,0,0,0.0,45,45.0,0.0
2026-02-14,21143110,E295,114,0,0,1,0.0,113,113.0,0.0
2026-02-14,21128377,E569,6,0,0,0,0.0,6,6.0,0.0
2026-02-14,21422791,A672,35,0,0,1,0.0,34,34.0,0.0
2026-02-14,21162696,E556,11,0,0,1,0.0,10,10.0,0.0
2026-02-14,80848023,A715,234,0,0,6,0.0,228,228.0,0.0
2026-02-14,80812154,A715,228,0,0,3,0.0,225,225.0,0.0
2026-02-14,80804133,A673,1554,0,0,11,0.0,1543,1543.0,0.0
2026-02-14,21419500,A672,56,0,28,3,0.0,81,81.0,0.0
2026-02-14,21414747,A680,42,0,0,25,0.0,17,17.0,0.0
2026-02-14,80804130,A672,879,0,0,44,0.0,835,835.0,0.0
2026-02-14,80804133,E467,22,0,0,0,0.0,22,22.0,0.0
2026-02-14,21113405,C819,4,0,0,0,0.0,4,4.0,0.0
2026-02-14,80807092,E564,33,0,4,2,0.0,35,35.0,0.0
2026-02-14,80807114,D901,35,0,1,0,0.0,36,36.0,0.0
2026-02-14,21463645,A672,270,0,0,0,0.0,270,270.0,0.0
2026-02-14,80863646,A673,360,0,0,1,0.0,359,359.0,0.0
2026-02-14,21176384,A668,41,0,0,1,0.0,40,40.0,0.0
2026-02-14,21366842,A680,88,0,0,0,0.0,88,88.0,0.0
2026-02-14,21171453,C819,3,0,0,0,0.0,3,3.0,0.0
2026-02-14,80840976,D767,10,0,0,1,0.0,9,9.0,0.0
2026-02-14,21165816,A668,32,0,0,0,0.0,32,32.0,0.0
2026-02-14,80807102,A668,289,0,0,8,0.0,281,281.0,0.0
2026-02-14,21170686,E569,5,0,0,0,0.0,5,5.0,0.0
2026-02-14,21132988,A680,87,0,0,1,0.0,86,86.0,0.0
2026-02-14,80868102,0386,1,0,0,0,0.0,1,1.0,0.0
2026-02-14,21103372,A668,366,0,0,4,0.0,362,362.0,0.0
2026-02-14,80804130,C810,3,0,0,1,0.0,2,2.0,0.0
2026-02-14,21118867,A672,70,0,0,2,0.0,68,68.0,0.0
2026-02-14,80804138,A673,341,0,0,2,0.0,339,339.0,0.0
2026-02-14,80796091,A716,104,0,0,0,0.0,104,104.0,0.0
2026-02-14,21170683,C937,7,0,0,0,0.0,7,7.0,0.0
2026-02-14,80807112,E564,49,0,7,1,0.0,55,55.0,0.0
2026-02-14,21148509,E564,36,0,22,3,0.0,55,55.0,0.0
2026-02-14,80812099,E564,6,0,0,1,0.0,5,5.0,0.0
2026-02-14,80807095,D767,31,0,23,4,0.0,50,50.0,0.0
2026-02-14,21133312,C816,176,0,0,2,0.0,174,174.0,0.0
2026-02-14,80807120,A672,703,0,0,15,0.0,688,688.0,0.0
2026-02-14,80812841,C937,19,0,0,3,0.0,16,16.0,0.0
2026-02-14,21118867,C810,3,0,0,0,0.0,3,3.0,0.0
2026-02-14,21128067,A716,360,0,0,2,0.0,358,358.0,0.0
2026-02-14,80807115,C937,38,0,0,0,0.0,38,38.0,0.0
2026-02-14,80804704,A680,141,0,5,9,0.0,137,137.0,0.0
2026-02-14,80863643,C816,278,0,0,13,0.0,265,265.0,0.0
2026-02-14,21301637,E569,14,0,0,0,0.0,14,14.0,0.0
2026-02-14,21162696,A715,4,0,0,0,0.0,4,4.0,0.0
2026-02-14,80884845,C816,232,0,0,0,13.0,219,219.0,0.0
2026-02-14,80793615,C816,182,0,0,2,0.0,180,180.0,0.0
2026-02-14,80804699,A672,30,0,0,2,0.0,28,28.0,0.0
2026-02-14,80804701,A672,124,0,0,2,0.0,122,122.0,0.0
2026-02-14,80864470,C816,292,0,0,9,0.0,283,283.0,0.0
2026-02-14,21442422,A673,627,0,55,0,0.0,682,682.0,0.0
2026-02-14,80840975,C816,434,0,0,3,0.0,431,431.0,0.0
2026-02-14,80884850,A716,146,0,0,1,0.0,145,145.0,0.0
2026-02-14,80807120,C810,64,0,0,0,1.0,63,63.0,0.0
2026-02-14,21143102,C937,12,0,0,0,0.0,12,12.0,0.0
2026-02-14,80807091,A680,98,0,0,1,0.0,97,97.0,0.0
2026-02-14,80848028,E556,11,0,3,1,0.0,13,13.0,0.0
2026-02-14,80804131,A715,8,0,0,0,0.0,8,8.0,0.0
2026-02-14,21127799,E556,26,0,0,2,0.0,24,24.0,0.0
2026-02-14,80864469,D767,20,0,0,4,0.0,16,16.0,0.0
2026-02-14,80804705,D767,46,0,17,3,0.0,60,60.0,0.0
2026-02-14,80807112,D901,103,0,6,0,0.0,109,109.0,0.0
2026-02-14,21148509,D901,96,0,15,7,0.0,104,104.0,0.0
2026-02-14,21127730,A716,518,0,0,1,0.0,517,517.0,0.0
2026-02-14,80804699,C810,80,0,0,0,0.0,80,80.0,0.0
2026-02-14,80804701,C810,133,0,0,0,0.0,133,133.0,0.0
2026-02-14,21138340,C816,25,0,0,4,0.0,21,21.0,0.0
2026-02-14,80791223,A716,14,0,0,0,0.0,14,14.0,0.0
2026-02-14,21179704,E569,2,0,0,0,0.0,2,2.0,0.0
2026-02-14,80868100,C816,429,0,0,25,13.0,391,391.0,0.0
2026-02-14,21128067,D901,78,0,4,4,0.0,78,78.0,0.0
2026-02-14,80848023,C816,749,0,0,25,0.0,724,724.0,0.0
2026-02-14,80812839,A715,71,0,0,2,0.0,69,69.0,0.0
2026-02-14,80807100,C816,346,0,0,3,0.0,343,343.0,0.0
2026-02-14,21143102,0386,3,0,0,0,0.0,3,3.0,0.0
2026-02-14,21121756,E556,3,0,0,0,0.0,3,3.0,0.0
2026-02-14,21103371,A672,758,0,0,20,0.0,738,738.0,0.0
2026-02-14,80838165,A672,93,0,0,0,0.0,93,93.0,0.0
2026-02-14,80851898,D767,1,0,0,1,0.0,0,0.0,0.0
2026-02-14,80868101,C816,509,0,0,1,6.0,502,502.0,0.0
2026-02-14,21143110,A673,332,0,0,2,0.0,330,330.0,0.0
2026-02-14,21133312,A673,256,0,0,2,0.0,254,254.0,0.0
2026-02-14,21315352,E564,2,0,0,0,0.0,2,2.0,0.0
2026-02-14,80807122,A680,7,0,0,0,0.0,7,7.0,0.0
2026-02-14,80812845,A668,1046,0,0,15,0.0,1031,1031.0,0.0
2026-02-14,21314593,E569,11,0,3,0,0.0,14,14.0,0.0
2026-02-14,80807113,C819,6,0,0,0,0.0,6,6.0,0.0
2026-02-14,80863643,A673,570,0,0,12,0.0,558,558.0,0.0
2026-02-14,80807096,A672,388,0,0,32,0.0,356,356.0,0.0
2026-02-14,21127730,D901,15,0,4,2,0.0,17,17.0,0.0
2026-02-14,21141769,E564,15,0,26,3,0.0,38,38.0,0.0
2026-02-14,80793615,A673,486,0,0,23,0.0,463,463.0,0.0
2026-02-14,21275914,C816,204,0,0,4,0.0,200,200.0,0.0
2026-02-14,21139445,A715,178,0,0,1,0.0,177,177.0,0.0
2026-02-14,21103371,C810,109,0,0,12,0.0,97,97.0,0.0
2026-02-14,21137866,A668,566,0,0,8,0.0,558,558.0,0.0
2026-02-14,80864470,A673,1073,0,0,21,0.0,1052,1052.0,0.0
2026-02-14,80840975,A673,206,0,0,2,0.0,204,204.0,0.0
2026-02-14,21132758,E564,20,0,0,2,0.0,18,18.0,0.0
2026-02-14,80864470,E467,6,0,0,2,0.0,4,4.0,0.0
2026-02-14,80804135,A672,716,0,0,7,0.0,709,709.0,0.0
2026-02-14,80848028,A715,183,0,0,7,0.0,176,176.0,0.0
2026-02-14,80807110,E564,81,0,0,3,0.0,78,78.0,0.0
2026-02-14,80884848,A680,19,0,0,1,0.0,18,18.0,0.0
2026-02-14,80807096,C810,25,0,1,0,0.0,26,26.0,0.0
2026-02-14,21421148,0386,1,0,0,0,0.0,1,1.0,0.0
2026-02-14,80884852,A680,0,0,21,5,0.0,16,16.0,0.0
2026-02-14,21155895,D767,3,0,0,0,0.0,3,3.0,0.0
2026-02-14,21113405,A680,56,0,0,0,0.0,56,56.0,0.0
2026-02-14,80868100,A673,62,0,6,3,0.0,65,65.0,0.0
2026-02-14,80848023,A673,1129,0,4,54,0.0,1079,1079.0,0.0
2026-02-14,80804135,C810,1,0,0,0,0.0,1,1.0,0.0
2026-02-14,80807100,A673,683,0,0,6,0.0,677,677.0,0.0
2026-02-14,21171453,A680,52,0,0,1,0.0,51,51.0,0.0
2026-02-14,80840976,E568,4,0,0,0,0.0,4,4.0,0.0
2026-02-14,21121756,A715,59,0,0,1,0.0,58,58.0,0.0
2026-02-14,80868101,A673,83,0,0,0,0.0,83,83.0,0.0
2026-02-14,80804131,C816,351,0,0,0,0.0,351,351.0,0.0
2026-02-14,21419485,A716,196,0,0,5,0.0,191,191.0,0.0
2026-02-14,80807118,E564,37,0,6,0,0.0,43,43.0,0.0
2026-02-14,80807110,D901,260,0,22,4,0.0,278,278.0,0.0
2026-02-14,21314602,E564,2,0,0,0,0.0,2,2.0,0.0
2026-02-14,80807114,E569,15,0,0,0,0.0,15,15.0,0.0
2026-02-14,80864469,C816,191,0,0,9,0.0,182,182.0,0.0
2026-02-14,80804133,A668,689,0,0,12,0.0,677,677.0,0.0
2026-02-14,80812840,A716,296,0,0,5,0.0,291,291.0,0.0
2026-02-14,80804705,C816,1096,0,0,12,0.0,1084,1084.0,0.0
2026-02-14,80807095,E568,14,0,0,0,0.0,14,14.0,0.0
2026-02-14,80812839,C816,150,0,0,11,0.0,139,139.0,0.0
2026-02-14,80838161,C816,5,0,0,0,0.0,5,5.0,0.0
2026-02-14,21314594,A672,455,0,0,0,0.0,455,455.0,0.0
2026-02-14,80863646,A668,119,0,0,1,0.0,118,118.0,0.0
2026-02-14,21428668,C816,1989,0,0,36,121.0,1832,1832.0,0.0
2026-02-14,80807119,C819,6,0,1,1,0.0,6,6.0,0.0
2026-02-14,21137866,C563,20,0,0,1,0.0,19,19.0,0.0
2026-02-14,21132988,E556,20,0,1,1,0.0,20,20.0,0.0
2026-02-14,80804130,C937,7,0,0,1,0.0,6,6.0,0.0
2026-02-14,21314595,A680,78,0,0,1,0.0,77,77.0,0.0
2026-02-14,21325292,A680,212,0,0,0,0.0,212,212.0,0.0
2026-02-14,80851898,C816,227,0,0,5,0.0,222,222.0,0.0
2026-02-14,80804138,A668,163,0,0,4,0.0,159,159.0,0.0
2026-02-14,21314594,C810,1,0,0,0,0.0,1,1.0,0.0
2026-02-14,80848021,C937,2,0,0,0,0.0,2,2.0,0.0
2026-02-14,80864469,E568,7,0,0,0,0.0,7,7.0,0.0
2026-02-14,21269899,A715,457,0,0,0,0.0,457,457.0,0.0
2026-02-14,80885921,A680,81,0,0,3,0.0,78,78.0,0.0
2026-02-14,80804705,E568,9,0,0,0,0.0,9,9.0,0.0
2026-02-14,80863645,A680,235,0,0,1,0.0,234,234.0,0.0
2026-02-14,21422791,0386,2,0,0,0,0.0,2,2.0,0.0
2026-02-14,21118864,D901,1,0,0,0,0.0,1,1.0,0.0
2026-02-14,21434952,A680,214,0,0,0,0.0,214,214.0,0.0
2026-02-14,80804131,A673,535,0,0,0,0.0,535,535.0,0.0
2026-02-14,21165946,A672,1120,0,0,4,0.0,1116,1116.0,0.0
2026-02-14,80804704,E556,19,0,2,1,0.0,20,20.0,0.0
2026-02-14,80804130,0386,0,935,0,0,932.0,3,3.0,0.0
2026-02-14,80812103,A680,71,0,0,7,0.0,64,64.0,0.0
2026-02-14,80795932,A680,63,0,0,0,0.0,63,63.0,0.0
2026-02-14,80851898,E568,9,0,0,1,0.0,8,8.0,0.0
2026-02-14,21442422,A668,195,0,0,0,0.0,195,195.0,0.0
2026-02-14,80807112,E569,18,0,10,2,0.0,26,26.0,0.0
2026-02-14,21103371,C563,3,0,0,2,0.0,1,1.0,0.0
2026-02-14,21148509,E569,6,0,5,0,0.0,11,11.0,0.0
2026-02-14,80812110,C816,96,0,0,4,0.0,92,92.0,0.0
2026-02-14,21463645,0386,2,0,0,0,0.0,2,2.0,0.0
2026-02-14,80807091,E556,9,0,5,0,0.0,14,14.0,0.0
2026-02-14,21414747,A715,190,0,0,0,0.0,190,190.0,0.0
2026-02-14,80812839,A673,885,0,0,20,0.0,865,865.0,0.0
2026-02-14,80838161,A673,6,0,0,0,0.0,6,6.0,0.0
2026-02-14,80807097,E556,11,0,0,0,0.0,11,11.0,0.0
2026-02-14,21143103,A672,570,0,0,0,0.0,570,570.0,0.0
2026-02-14,80804136,D767,7,0,68,4,0.0,71,71.0,0.0
2026-02-14,80848025,D767,10,0,2,1,0.0,11,11.0,0.0
2026-02-14,21165946,C810,2,0,0,0,0.0,2,2.0,0.0
2026-02-14,21128067,E569,5,0,3,0,0.0,8,8.0,0.0
2026-02-14,21121756,C816,77,0,0,5,0.0,72,72.0,0.0
2026-02-14,21428668,A673,441,0,0,50,0.0,391,391.0,0.0
2026-02-14,80807113,A680,167,0,0,3,0.0,164,164.0,0.0
2026-02-14,21165868,A672,74,0,0,1,0.0,73,73.0,0.0
2026-02-14,80804699,C937,3,0,0,0,0.0,3,3.0,0.0
2026-02-14,80831843,D901,81,0,0,0,0.0,81,81.0,0.0
2026-02-14,21366842,A715,122,0,0,0,0.0,122,122.0,0.0
2026-02-14,21377091,A680,308,0,0,0,0.0,308,308.0,0.0
2026-02-14,21132988,A715,156,0,0,1,0.0,155,155.0,0.0
2026-02-14,80807117,A680,4,0,0,1,0.0,3,3.0,0.0
2026-02-14,21121752,E556,6,0,1,2,0.0,5,5.0,0.0
2026-02-14,80807120,0386,1,0,0,0,0.0,1,1.0,0.0
2026-02-14,21139445,A673,326,0,27,4,0.0,349,349.0,0.0
2026-02-14,21442896,C816,957,0,0,6,161.0,790,790.0,0.0
2026-02-14,21143110,A668,265,0,0,3,0.0,262,262.0,0.0
2026-02-14,21165868,C810,311,0,0,1,0.0,310,310.0,0.0
2026-02-14,80804127,A680,68,0,0,0,0.0,68,68.0,0.0
2026-02-14,80848031,C816,1211,0,0,2,0.0,1209,1209.0,0.0
2026-02-14,21133312,A668,147,0,0,3,0.0,144,144.0,0.0
2026-02-14,21151196,A716,143,0,0,4,0.0,139,139.0,0.0
2026-02-14,80807089,A668,26,0,0,4,0.0,22,22.0,0.0
2026-02-14,21155895,E568,1,0,0,0,0.0,1,1.0,0.0
2026-02-14,21434954,C816,349,0,0,8,0.0,341,341.0,0.0
2026-02-14,80848029,D767,8,0,6,0,0.0,14,14.0,0.0
2026-02-14,80804701,0386,1,0,0,0,0.0,1,1.0,0.0
2026-02-14,80848028,E467,5,0,0,0,0.0,5,5.0,0.0
2026-02-14,80804704,A715,578,0,0,2,0.0,576,576.0,0.0
2026-02-14,80807116,A672,1478,0,0,13,0.0,1465,1465.0,0.0
2026-02-14,21304907,A716,14,0,0,0,0.0,14,14.0,0.0
2026-02-14,80793615,A668,56,0,0,1,0.0,55,55.0,0.0
2026-02-14,80838165,C937,3,0,0,0,0.0,3,3.0,0.0
2026-02-14,21170683,E564,10,0,4,1,0.0,13,13.0,0.0
2026-02-14,80864470,A668,119,0,0,2,0.0,117,117.0,0.0
2026-02-14,80840975,A668,70,0,0,0,0.0,70,70.0,0.0
2026-02-14,21269899,C816,278,0,0,0,0.0,278,278.0,0.0
2026-02-14,80807091,A715,28,0,0,1,0.0,27,27.0,0.0
2026-02-14,21121756,A673,149,0,0,10,0.0,139,139.0,0.0
2026-02-14,80807116,C810,148,0,0,7,0.0,141,141.0,0.0
2026-02-14,21113405,E556,4,0,0,0,0.0,4,4.0,0.0
2026-02-14,21315350,A716,67,0,43,4,0.0,106,106.0,0.0
2026-02-14,80804704,E295,103,0,0,3,0.0,100,100.0,0.0
2026-02-14,80812154,A668,32,0,0,0,0.0,32,32.0,0.0
2026-02-14,80848023,A668,386,0,96,36,0.0,446,446.0,0.0
2026-02-14,21255844,A672,143,0,0,2,0.0,141,141.0,0.0
2026-02-14,80807100,A668,164,0,0,3,0.0,161,161.0,0.0
2026-02-14,21143102,E564,4,0,0,0,0.0,4,4.0,0.0
2026-02-14,21414747,C816,2597,0,0,6,45.0,2546,2546.0,0.0
2026-02-14,21442896,A673,678,0,0,84,0.0,594,594.0,0.0
2026-02-14,80807119,A680,83,0,0,1,0.0,82,82.0,0.0
2026-02-14,80807110,E569,43,0,16,0,0.0,59,59.0,0.0
2026-02-14,80848031,A673,61,0,4,2,0.0,63,63.0,0.0
2026-02-14,21307836,A680,55,0,5,2,0.0,58,58.0,0.0
2026-02-14,80848022,D767,15,0,0,0,0.0,15,15.0,0.0
2026-02-14,80807122,A715,147,0,0,2,0.0,145,145.0,0.0
2026-02-14,21434954,A673,656,0,0,0,0.0,656,656.0,0.0
2026-02-14,21255844,C810,29,0,0,0,17.0,12,12.0,0.0
2026-02-14,21143110,C563,13,0,0,1,0.0,12,12.0,0.0
2026-02-14,80804136,C816,482,0,0,12,0.0,470,470.0,0.0
2026-02-14,80838162,A680,634,0,0,0,0.0,634,634.0,0.0
2026-02-14,80804136,D191,5,0,0,1,0.0,4,4.0,0.0
2026-02-14,80804135,0386,1465,0,0,0,0.0,1465,1465.0,0.0
2026-02-14,80793614,A672,151,0,0,0,0.0,151,151.0,0.0
2026-02-14,21315350,D901,24,0,0,1,0.0,23,23.0,0.0
2026-02-14,80885919,A716,25,0,15,1,0.0,39,39.0,0.0
2026-02-14,80804698,A716,486,0,0,5,0.0,481,481.0,0.0
2026-02-14,21269899,A673,225,0,0,0,0.0,225,225.0,0.0
2026-02-14,80804129,C819,18,0,0,0,0.0,18,18.0,0.0
2026-02-14,80804134,A672,537,0,0,18,0.0,519,519.0,0.0
2026-02-14,80884848,A715,167,0,0,0,0.0,167,167.0,0.0
2026-02-14,80812840,E569,6,0,2,1,0.0,7,7.0,0.0
2026-02-14,21314602,E569,17,0,9,2,0.0,24,24.0,0.0
2026-02-14,21325292,E556,28,0,14,2,0.0,40,40.0,0.0
2026-02-14,21162696,A668,34,0,0,2,0.0,32,32.0,0.0
2026-02-14,80848024,C819,30,0,0,0,0.0,30,30.0,0.0
2026-02-14,80884852,A715,83,0,0,2,0.0,81,81.0,0.0
2026-02-14,21113405,A715,89,0,0,2,0.0,87,87.0,0.0
2026-02-14,21472283,C816,371,0,0,0,0.0,371,371.0,0.0
2026-02-14,80848025,E568,15,0,0,0,0.0,15,15.0,0.0
2026-02-14,80848029,C816,582,0,0,4,0.0,578,578.0,0.0
2026-02-14,80804134,C810,231,0,11,8,5.0,229,229.0,0.0
2026-02-14,21414747,A673,433,0,29,44,0.0,418,418.0,0.0
2026-02-14,21127799,A672,628,0,0,25,0.0,603,603.0,0.0
2026-02-14,21171453,A715,4,0,0,0,0.0,4,4.0,0.0
2026-02-14,80804131,A668,173,0,0,0,0.0,173,173.0,0.0
2026-02-14,80804137,E564,40,0,8,2,0.0,46,46.0,0.0
2026-02-14,80848026,D767,73,0,0,2,0.0,71,71.0,0.0
2026-02-14,80812103,E556,16,0,0,1,0.0,15,15.0,0.0
2026-02-14,80804136,A673,557,0,842,94,0.0,1305,1305.0,0.0
2026-02-14,21132988,A673,765,0,1,10,0.0,756,756.0,0.0
2026-02-14,21416910,C816,539,0,0,0,0.0,539,539.0,0.0
2026-02-14,80812839,A668,345,0,0,5,0.0,340,340.0,0.0
2026-02-14,80805856,C816,351,0,1,21,0.0,331,331.0,0.0
2026-02-14,21176384,A716,18,0,0,0,0.0,18,18.0,0.0
2026-02-14,21165816,A716,24,0,0,0,0.0,24,24.0,0.0
2026-02-14,80807093,A672,325,0,0,0,0.0,325,325.0,0.0
2026-02-14,80807102,A716,339,0,0,4,0.0,335,335.0,0.0
2026-02-14,80848029,E568,6,0,0,0,0.0,6,6.0,0.0
2026-02-14,80807113,E556,9,0,0,0,0.0,9,9.0,0.0
2026-02-14,21352461,C816,684,0,0,38,0.0,646,646.0,0.0
2026-02-14,21103372,A716,84,0,0,9,0.0,75,75.0,0.0
2026-02-14,21314876,C816,136,0,0,1,0.0,135,135.0,0.0
2026-02-14,21275914,C937,68,0,0,0,0.0,68,68.0,0.0
2026-02-14,80804137,D901,10,0,0,0,0.0,10,10.0,0.0
2026-02-14,21314595,A715,82,0,0,0,0.0,82,82.0,0.0
2026-02-14,21325292,A715,294,0,0,1,0.0,293,293.0,0.0
2026-02-14,80840976,C937,7,0,1,0,0.0,8,8.0,0.0
2026-02-14,21143103,C937,9,0,0,1,0.0,8,8.0,0.0
2026-02-14,21139445,A668,96,0,0,5,0.0,91,91.0,0.0
2026-02-14,80807093,C810,46,0,0,0,0.0,46,46.0,0.0
2026-02-14,80885921,A715,26,0,0,1,0.0,25,25.0,0.0
2026-02-14,80848029,A673,446,0,0,15,0.0,431,431.0,0.0
2026-02-14,21165946,0386,2,0,0,0,0.0,2,2.0,0.0
2026-02-14,80805856,E568,4,0,0,0,0.0,4,4.0,0.0
2026-02-14,80863645,A715,109,0,0,0,0.0,109,109.0,0.0
2026-02-14,21151196,C819,5,0,0,0,0.0,5,5.0,0.0
2026-02-14,21176384,D901,6,0,0,0,0.0,6,6.0,0.0
2026-02-14,80848028,A668,347,0,0,5,0.0,342,342.0,0.0
2026-02-14,80812338,E569,4,0,0,0,0.0,4,4.0,0.0
2026-02-14,21434952,A715,64,0,0,1,0.0,63,63.0,0.0
2026-02-14,21314875,C816,54,0,0,0,0.0,54,54.0,0.0
2026-02-14,80807095,C937,44,0,0,0,0.0,44,44.0,0.0
2026-02-14,80807102,D901,125,0,8,7,0.0,126,126.0,0.0
2026-02-14,80804130,E564,24,0,7,1,0.0,30,30.0,0.0
2026-02-14,80812103,A715,17,0,0,0,0.0,17,17.0,0.0
2026-02-14,80795932,A715,128,0,0,1,0.0,127,127.0,0.0
2026-02-14,80884852,C816,752,0,0,0,33.0,719,719.0,0.0
2026-02-14,21098519,D767,17,0,3,2,0.0,18,18.0,0.0
2026-02-14,21143103,0386,844,0,0,0,0.0,844,844.0,0.0
2026-02-14,80805856,A673,830,0,0,62,0.0,768,768.0,0.0
2026-02-14,21179704,D767,6,0,0,0,0.0,6,6.0,0.0
2026-02-14,80848022,E568,3,0,0,0,0.0,3,3.0,0.0
2026-02-14,80804706,C937,4,0,0,0,0.0,4,4.0,0.0
2026-02-14,21121756,A668,140,0,0,7,0.0,133,133.0,0.0
2026-02-14,80807113,A715,101,0,0,0,0.0,101,101.0,0.0
2026-02-14,80864469,C937,6,0,0,0,0.0,6,6.0,0.0
2026-02-14,21304907,E569,8,0,5,0,0.0,13,13.0,0.0
2026-02-14,80804705,C937,36,0,9,1,0.0,44,44.0,0.0
2026-02-14,21357275,A680,186,0,0,7,0.0,179,179.0,0.0
2026-02-14,80812846,D767,34,0,6,2,0.0,38,38.0,0.0
2026-02-14,21314875,E568,2,0,0,0,0.0,2,2.0,0.0
2026-02-14,21314876,A673,371,0,0,2,0.0,369,369.0,0.0
2026-02-14,21377091,A715,215,0,0,0,0.0,215,215.0,0.0
2026-02-14,80807117,A715,196,0,0,1,0.0,195,195.0,0.0
2026-02-14,80804129,A680,180,0,0,1,0.0,179,179.0,0.0
2026-02-14,80807120,E564,36,0,3,1,0.0,38,38.0,0.0
2026-02-14,21314593,D767,7,0,10,1,0.0,16,16.0,0.0
2026-02-14,80848026,C816,1636,0,0,75,0.0,1561,1561.0,0.0
2026-02-14,21442896,A668,74,0,0,8,0.0,66,66.0,0.0
2026-02-14,80812845,A716,245,0,0,3,0.0,242,242.0,0.0
2026-02-14,80848031,A668,13,0,2,0,0.0,15,15.0,0.0
2026-02-14,80804127,A715,34,0,0,0,0.0,34,34.0,0.0
2026-02-14,80807116,0386,1,0,0,0,0.0,1,1.0,0.0
2026-02-14,80848024,A680,113,0,0,2,0.0,111,111.0,0.0
2026-02-14,80804699,E564,4,0,1,0,0.0,5,5.0,0.0
2026-02-14,80804701,E564,8,0,1,1,0.0,8,8.0,0.0
2026-02-14,21137866,A716,241,0,0,4,0.0,237,237.0,0.0
2026-02-14,21255844,C937,92,0,0,11,0.0,81,81.0,0.0
2026-02-14,21315350,E569,25,0,4,1,0.0,28,28.0,0.0
2026-02-14,80884848,A673,43,0,11,4,0.0,50,50.0,0.0
2026-02-14,21314595,C816,500,0,0,4,0.0,496,496.0,0.0
2026-02-14,21118867,D901,6,0,0,0,0.0,6,6.0,0.0
2026-02-14,80884852,A673,83,0,0,10,0.0,73,73.0,0.0
2026-02-14,80848026,E568,14,0,0,1,0.0,13,13.0,0.0
2026-02-14,80812841,C819,0,0,51,0,0.0,51,51.0,0.0
2026-02-14,21325164,A715,1,0,0,0,0.0,1,1.0,0.0
2026-02-14,21171453,A673,119,0,0,17,0.0,102,102.0,0.0
2026-02-14,80807115,C819,38,0,31,4,0.0,65,65.0,0.0
2026-02-14,21434952,C816,211,0,0,7,0.0,204,204.0,0.0
2026-02-14,21354246,A680,25,0,0,0,0.0,25,25.0,0.0
2026-02-14,80838164,A672,426,0,0,2,0.0,424,424.0,0.0
2026-02-14,21303404,A672,123,0,0,3,0.0,120,120.0,0.0
2026-02-14,21255844,0386,320,0,0,0,0.0,320,320.0,0.0
2026-02-14,80812110,C937,3,0,0,0,0.0,3,3.0,0.0
2026-02-14,21137866,D901,142,0,23,2,0.0,163,163.0,0.0
2026-02-14,21103371,E564,8,0,1,0,0.0,9,9.0,0.0
2026-02-14,80804698,E569,5,0,0,0,0.0,5,5.0,0.0
2026-02-14,80838165,E564,31,0,0,0,0.0,31,31.0,0.0
2026-02-14,80804701,D901,24,0,0,1,0.0,23,23.0,0.0
2026-02-14,21155895,C937,5,0,0,0,0.0,5,5.0,0.0
2026-02-14,80807091,A672,268,0,0,1,0.0,267,267.0,0.0
2026-02-14,80848026,A673,2669,0,0,264,0.0,2405,2405.0,0.0
2026-02-14,21414747,A668,125,0,18,18,0.0,125,125.0,0.0
2026-02-14,80848027,A672,209,0,0,1,0.0,208,208.0,0.0
2026-02-14,80807097,A672,1140,0,0,14,0.0,1126,1126.0,0.0
2026-02-14,21170691,A680,23,0,0,0,0.0,23,23.0,0.0
2026-02-14,80807119,A715,149,0,0,3,0.0,146,146.0,0.0
2026-02-14,21098519,C816,345,0,624,0,0.0,969,969.0,0.0
2026-02-14,21357021,A680,164,0,0,0,0.0,164,164.0,0.0
2026-02-14,21307836,A715,98,0,0,1,0.0,97,97.0,0.0
2026-02-14,80804133,A716,387,0,0,4,0.0,383,383.0,0.0
2026-02-14,21098519,D191,2,0,0,0,0.0,2,2.0,0.0
2026-02-14,80807096,E564,6,0,0,1,0.0,5,5.0,0.0
2026-02-14,80793614,0386,4,0,0,0,0.0,4,4.0,0.0
2026-02-14,21366842,A668,68,0,0,0,0.0,68,68.0,0.0
2026-02-14,21132988,A668,304,0,0,0,0.0,304,304.0,0.0
2026-02-14,80807091,C810,1641,0,0,0,0.0,1641,1641.0,0.0
2026-02-14,21121752,A672,76,0,0,10,0.0,66,66.0,0.0
2026-02-14,21314595,A673,249,0,0,4,0.0,245,245.0,0.0
2026-02-14,80804135,E564,38,0,0,0,0.0,38,38.0,0.0
2026-02-14,80807097,C810,1,0,0,0,0.0,1,1.0,0.0
2026-02-14,21151196,A680,189,0,0,3,0.0,186,186.0,0.0
2026-02-14,80804134,0386,2,0,0,0,2.0,0,0.0,0.0
2026-02-14,80812846,C816,251,0,0,4,0.0,247,247.0,0.0
2026-02-14,80804128,A680,64,0,0,1,0.0,63,63.0,0.0
2026-02-14,80804137,E569,17,0,0,1,0.0,16,16.0,0.0
2026-02-14,21103371,D901,110,0,0,13,0.0,97,97.0,0.0
2026-02-14,21315474,A680,124,0,0,2,0.0,122,122.0,0.0
2026-02-14,80807092,D767,9,0,0,0,0.0,9,9.0,0.0
2026-02-14,80807090,C937,5,0,0,0,0.0,5,5.0,0.0
2026-02-14,80804127,C816,747,0,0,70,0.0,677,677.0,0.0
2026-02-14,80804138,A716,91,0,0,0,0.0,91,91.0,0.0
2026-02-14,80807122,A672,438,0,0,4,0.0,434,434.0,0.0
2026-02-14,80863645,A673,1049,0,0,11,0.0,1038,1038.0,0.0
2026-02-14,21128377,A672,705,0,0,12,0.0,693,693.0,0.0
2026-02-14,21434952,A673,466,0,0,45,0.0,421,421.0,0.0
2026-02-14,21098519,E568,3,0,0,0,0.0,3,3.0,0.0
2026-02-14,80804704,A668,294,0,16,15,0.0,295,295.0,0.0
2026-02-14,21176384,E569,5,0,0,0,0.0,5,5.0,0.0
2026-02-14,21179704,E568,3,0,0,0,0.0,3,3.0,0.0
2026-02-14,21137621,C816,619,0,0,16,0.0,603,603.0,0.0
2026-02-14,21127800,C816,47,0,0,1,0.0,46,46.0,0.0
2026-02-14,80795932,A673,367,0,0,3,0.0,364,364.0,0.0
2026-02-14,80807102,E569,18,0,47,2,0.0,63,63.0,0.0
2026-02-14,80807122,C810,1,0,0,0,0.0,1,1.0,0.0
2026-02-14,21128377,C810,15,0,0,0,0.0,15,15.0,0.0
2026-02-14,80807112,D767,21,0,0,2,0.0,19,19.0,0.0
2026-02-14,21148509,D767,44,0,19,0,0.0,63,63.0,0.0
2026-02-14,80804135,D901,128,0,0,0,0.0,128,128.0,0.0
2026-02-14,80812846,E568,17,0,0,1,0.0,16,16.0,0.0
2026-02-14,80807090,0386,1,0,0,0,0.0,1,1.0,0.0
2026-02-14,21325164,C816,223,0,0,0,0.0,223,223.0,0.0
2026-02-14,21098519,A673,887,0,0,17,0.0,870,870.0,0.0
2026-02-14,21170686,A672,170,0,0,0,0.0,170,170.0,0.0
2026-02-14,21442422,A716,516,0,0,6,0.0,510,510.0,0.0
2026-02-14,21314593,E568,5,0,0,0,0.0,5,5.0,0.0
2026-02-14,21314594,E564,2,0,0,0,0.0,2,2.0,0.0
2026-02-14,21376841,A680,138,0,0,0,0.0,138,138.0,0.0
2026-02-14,80807093,0386,1,0,0,0,0.0,1,1.0,0.0
2026-02-14,21377091,A673,3252,0,0,0,0.0,3252,3252.0,0.0
2026-02-14,80793613,A680,50,0,0,0,0.0,50,50.0,0.0
2026-02-14,21291975,C937,9,0,0,0,0.0,9,9.0,0.0
2026-02-14,80854083,E568,1,0,0,0,0.0,1,1.0,0.0
2026-02-14,21170686,C810,88,0,0,1,0.0,87,87.0,0.0
2026-02-14,80807119,C816,86,0,0,2,0.0,84,84.0,0.0
2026-02-14,21132988,C563,16,0,0,1,0.0,15,15.0,0.0
2026-02-14,80804127,A673,70,0,22,5,0.0,87,87.0,0.0
2026-02-14,80848025,C937,15,0,2,0,0.0,17,17.0,0.0
2026-02-14,21314876,A668,139,0,0,0,0.0,139,139.0,0.0
2026-02-14,21301637,A672,323,0,0,1,0.0,322,322.0,0.0
2026-02-14,80805852,C937,2,0,0,0,0.0,2,2.0,0.0
2026-02-14,80857738,A672,5,0,0,0,0.0,5,5.0,0.0
2026-02-14,21143110,A716,1,0,0,0,0.0,1,1.0,0.0
2026-02-14,80804129,E556,36,0,0,0,0.0,36,36.0,0.0
2026-02-14,80812841,A680,228,0,0,21,0.0,207,207.0,0.0
2026-02-14,21133312,A716,88,0,0,2,0.0,86,86.0,0.0
2026-02-14,21127800,A673,102,0,0,1,0.0,101,101.0,0.0
2026-02-14,80807089,A716,414,0,0,3,0.0,411,411.0,0.0
2026-02-14,80823707,A680,4,0,0,0,0.0,4,4.0,0.0
2026-02-14,21132752,C816,319,0,0,1,0.0,318,318.0,0.0
2026-02-14,80795933,A672,331,0,0,2,0.0,329,329.0,0.0
2026-02-14,21314594,D901,31,0,4,1,0.0,34,34.0,0.0
2026-02-14,21165946,E564,18,0,1,1,0.0,18,18.0,0.0
2026-02-14,80807115,A680,117,0,0,5,0.0,112,112.0,0.0
2026-02-14,80812845,C819,81,0,0,2,0.0,79,79.0,0.0
2026-02-14,21118867,E569,2,0,0,0,0.0,2,2.0,0.0
2026-02-14,80804704,C563,23,0,0,3,0.0,20,20.0,0.0
2026-02-14,80793615,A716,89,0,0,1,0.0,88,88.0,0.0
2026-02-14,21325164,A673,724,0,0,7,0.0,717,717.0,0.0
2026-02-14,80884848,A668,11,0,0,1,0.0,10,10.0,0.0
2026-02-14,21315352,D767,6,0,10,1,0.0,15,15.0,0.0
2026-02-14,80864470,A716,90,0,0,3,0.0,87,87.0,0.0
2026-02-14,80840975,A716,96,0,0,1,0.0,95,95.0,0.0
2026-02-14,80848021,C819,5,0,0,0,0.0,5,5.0,0.0
2026-02-14,80807092,C816,181,0,0,6,20.0,155,155.0,0.0
2026-02-14,80884852,A668,18,0,0,1,0.0,17,17.0,0.0
2026-02-14,21113405,A668,131,0,0,0,0.0,131,131.0,0.0
2026-02-14,21143110,D901,56,0,11,3,0.0,64,64.0,0.0
2026-02-14,21141769,D767,49,0,4,2,0.0,51,51.0,0.0
2026-02-14,80804702,A672,21,0,0,1,0.0,20,20.0,0.0
2026-02-14,80807089,D901,168,0,27,3,0.0,192,192.0,0.0
2026-02-14,21137866,E569,10,0,3,0,0.0,13,13.0,0.0
2026-02-14,21171453,A668,9,0,0,0,0.0,9,9.0,0.0
2026-02-14,80807119,A673,181,0,0,2,0.0,179,179.0,0.0
2026-02-14,80804701,E569,5,0,0,0,0.0,5,5.0,0.0
2026-02-14,80848023,A716,202,0,0,1,0.0,201,201.0,0.0
2026-02-14,21354246,E556,7,0,0,1,0.0,6,6.0,0.0
2026-02-14,80812154,A716,42,0,0,0,0.0,42,42.0,0.0
2026-02-14,80807110,D767,74,0,5,2,0.0,77,77.0,0.0
2026-02-14,21165946,D901,85,0,6,4,0.0,87,87.0,0.0
2026-02-14,21357275,A715,148,0,0,4,0.0,144,144.0,0.0
2026-02-14,80804702,C810,19,0,0,0,0.0,19,19.0,0.0
2026-02-14,21165816,A680,20,0,0,0,0.0,20,20.0,0.0
2026-02-14,80812099,C816,68,0,0,3,0.0,65,65.0,0.0
2026-02-14,80804129,A715,98,0,0,0,0.0,98,98.0,0.0
2026-02-14,21352461,C937,5,0,0,0,0.0,5,5.0,0.0
2026-02-14,80807092,E568,4,0,0,0,0.0,4,4.0,0.0
2026-02-14,80838164,C937,5,0,0,0,0.0,5,5.0,0.0
2026-02-14,80807113,A672,467,0,0,12,0.0,455,455.0,0.0
2026-02-14,80807116,E564,188,0,20,13,0.0,195,195.0,0.0
2026-02-14,80848024,A715,53,0,0,0,0.0,53,53.0,0.0
2026-02-14,21103371,E569,9,0,0,0,0.0,9,9.0,0.0
2026-02-14,80848022,C937,64,0,0,1,0.0,63,63.0,0.0
2026-02-14,80807118,D767,19,0,2,1,0.0,20,20.0,0.0
2026-02-14,21314595,A668,114,0,0,0,0.0,114,114.0,0.0
2026-02-14,21325292,A668,198,0,0,3,0.0,195,195.0,0.0
2026-02-14,21314602,D767,11,0,0,2,0.0,9,9.0,0.0
2026-02-14,80807092,A673,119,0,14,5,0.0,128,128.0,0.0
2026-02-14,21148509,E568,13,0,0,0,0.0,13,13.0,0.0
2026-02-14,80807112,E568,4,0,0,0,0.0,4,4.0,0.0
2026-02-14,80807113,C810,152,0,0,0,0.0,152,152.0,0.0
2026-02-14,80865910,A672,430,0,0,0,0.0,430,430.0,0.0
2026-02-14,80885921,A668,94,0,0,8,0.0,86,86.0,0.0
2026-02-14,21314875,C937,4,0,0,0,0.0,4,4.0,0.0
2026-02-14,21118864,D767,2,0,0,0,0.0,2,2.0,0.0
2026-02-14,21303404,0386,496,0,0,0,0.0,496,496.0,0.0
2026-02-14,80807105,A672,250,0,622,31,0.0,841,841.0,0.0
2026-02-14,80863645,A668,363,0,0,0,0.0,363,363.0,0.0
2026-02-14,80804138,C819,6,0,9,1,0.0,14,14.0,0.0
2026-02-14,21162696,A716,16,0,0,1,0.0,15,15.0,0.0
2026-02-14,80807117,C810,2,0,0,0,0.0,2,2.0,0.0
2026-02-14,21377504,A672,715,0,0,5,0.0,710,710.0,0.0
2026-02-14,21434952,A668,153,0,0,12,0.0,141,141.0,0.0
2026-02-14,21354246,A715,59,0,0,1,0.0,58,58.0,0.0
2026-02-14,80807114,A672,248,0,0,3,0.0,245,245.0,0.0
2026-02-14,80804135,E569,17,0,0,0,0.0,17,17.0,0.0
2026-02-14,80812103,A668,16,0,13,0,0.0,29,29.0,0.0
2026-02-14,80795932,A668,56,0,0,1,0.0,55,55.0,0.0
2026-02-14,80804131,A716,8,0,0,0,0.0,8,8.0,0.0
2026-02-14,80812099,A673,158,0,0,8,0.0,150,150.0,0.0
2026-02-14,80807105,C810,38,0,0,4,0.0,34,34.0,0.0
2026-02-14,21315352,C816,476,0,0,19,0.0,457,457.0,0.0
2026-02-14,21170691,A715,31,0,0,0,0.0,31,31.0,0.0
2026-02-14,80807114,C810,495,0,0,2,0.0,493,493.0,0.0
2026-02-14,21357021,A715,298,0,0,0,0.0,298,298.0,0.0
2026-02-14,21121752,0386,3,0,0,0,3.0,0,0.0,0.0
2026-02-14,21141769,C816,207,0,0,7,0.0,200,200.0,0.0
2026-02-14,80812839,A716,21,0,0,1,0.0,20,20.0,0.0
2026-02-14,80838161,A716,3,0,0,0,0.0,3,3.0,0.0
2026-02-14,21357275,C816,404,0,0,13,0.0,391,391.0,0.0
2026-02-14,21377091,A668,358,0,0,0,0.0,358,358.0,0.0
2026-02-14,21132758,C816,721,0,0,0,0.0,721,721.0,0.0
2026-02-14,80812845,A680,616,0,0,14,0.0,602,602.0,0.0
2026-02-14,21121751,C819,23,0,0,2,0.0,21,21.0,0.0
2026-02-14,21151196,A715,137,0,5,5,0.0,137,137.0,0.0
2026-02-14,80804134,E564,62,0,18,6,0.0,74,74.0,0.0
2026-02-14,21128377,0386,17,0,0,0,13.0,4,4.0,0.0
2026-02-14,21170686,C937,5,0,0,0,0.0,5,5.0,0.0
2026-02-14,80804128,A715,129,0,0,1,0.0,128,128.0,0.0
2026-02-14,21315352,E568,5,0,0,0,0.0,5,5.0,0.0
2026-02-14,21307836,A672,94,0,0,4,0.0,90,90.0,0.0
2026-02-14,80804127,A668,9,0,21,1,0.0,29,29.0,0.0
2026-02-14,21315474,A715,221,0,0,0,0.0,221,221.0,0.0
2026-02-14,21325292,C563,2,0,0,0,0.0,2,2.0,0.0
2026-02-14,80796091,A672,355,0,0,1,0.0,354,354.0,0.0
2026-02-14,80848021,A680,5,0,0,0,0.0,5,5.0,0.0
2026-02-14,21139445,A716,508,0,0,0,0.0,508,508.0,0.0
2026-02-14,21314594,E569,3,0,0,0,0.0,3,3.0,0.0
2026-02-14,80804132,C816,512,0,0,11,0.0,501,501.0,0.0
2026-02-14,80805850,A680,66,0,0,0,0.0,66,66.0,0.0
2026-02-14,21141769,E568,10,0,0,0,0.0,10,10.0,0.0
2026-02-14,80812841,E556,36,0,0,7,0.0,29,29.0,0.0
2026-02-14,80848028,A716,125,0,0,1,0.0,124,124.0,0.0
2026-02-14,21132758,E568,5,0,0,0,0.0,5,5.0,0.0
2026-02-14,21307836,C810,62,0,0,1,0.0,61,61.0,0.0
2026-02-14,21128067,A672,807,0,0,11,0.0,796,796.0,0.0
2026-02-14,80807110,E568,12,0,0,0,0.0,12,12.0,0.0
2026-02-14,80807118,C816,249,0,0,3,0.0,246,246.0,0.0
2026-02-14,21325164,A668,51,0,0,1,0.0,50,50.0,0.0
2026-02-14,80884850,A672,339,0,0,4,0.0,335,335.0,0.0
2026-02-14,80807089,E569,16,0,0,0,0.0,16,16.0,0.0
2026-02-14,80795933,C937,2,0,1,0,0.0,3,3.0,0.0
2026-02-14,21376841,A715,321,0,0,0,0.0,321,321.0,0.0
2026-02-14,21357275,A673,494,0,0,13,0.0,481,481.0,0.0
2026-02-14,80804703,C937,22,0,0,0,0.0,22,22.0,0.0
2026-02-14,21139445,D901,14,0,0,0,0.0,14,14.0,0.0
2026-02-14,80807093,E564,20,0,0,1,0.0,19,19.0,0.0
2026-02-14,21121756,A716,82,0,0,0,0.0,82,82.0,0.0
2026-02-14,21132758,A673,569,0,0,16,0.0,553,553.0,0.0
2026-02-14,21128067,C810,30,0,0,1,0.0,29,29.0,0.0
2026-02-14,80793613,A715,89,0,0,1,0.0,88,88.0,0.0
2026-02-14,80804129,A673,326,0,0,5,0.0,321,321.0,0.0
2026-02-14,80848028,D901,59,0,19,1,0.0,77,77.0,0.0
2026-02-14,21127730,A672,1346,0,0,53,0.0,1293,1293.0,0.0
2026-02-14,21301637,0386,1,0,0,0,0.0,1,1.0,0.0
2026-02-14,80807119,A668,203,0,0,3,0.0,200,200.0,0.0
2026-02-14,21179704,C937,7,0,0,0,0.0,7,7.0,0.0
2026-02-14,80791223,A672,90,0,0,0,0.0,90,90.0,0.0
2026-02-14,80848023,C819,0,0,43,5,0.0,38,38.0,0.0
2026-02-14,80807118,E568,6,0,0,0,0.0,6,6.0,0.0
2026-02-14,80863646,A680,114,0,0,2,0.0,112,112.0,0.0
2026-02-14,80807100,C819,5,0,0,0,0.0,5,5.0,0.0
2026-02-14,21314602,E568,1,0,0,0,0.0,1,1.0,0.0
2026-02-14,21442896,A716,994,0,0,0,0.0,994,994.0,0.0
2026-02-14,80804132,A673,2053,0,0,43,0.0,2010,2010.0,0.0
2026-02-14,80848024,A673,325,0,0,1,0.0,324,324.0,0.0
2026-02-14,80804703,0386,1,0,0,0,0.0,1,1.0,0.0
2026-02-14,80812846,C937,24,0,0,0,0.0,24,24.0,0.0
2026-02-14,80804132,E467,9,0,0,1,0.0,8,8.0,0.0
2026-02-14,80812841,A715,384,0,0,17,0.0,367,367.0,0.0
2026-02-14,21127730,C810,87,0,76,0,1.0,162,162.0,0.0
2026-02-14,21314593,C937,20,0,0,2,0.0,18,18.0,0.0
2026-02-14,80812154,E569,8,0,0,0,0.0,8,8.0,0.0
2026-02-14,80807115,A715,58,0,0,0,0.0,58,58.0,0.0
2026-02-14,21143102,D767,4,0,0,0,0.0,4,4.0,0.0
2026-02-14,80804128,C816,243,0,0,3,0.0,240,240.0,0.0
2026-02-14,80807118,A673,322,0,0,5,0.0,317,317.0,0.0
2026-02-14,21315474,C816,570,0,0,5,0.0,565,565.0,0.0
2026-02-14,21275914,C819,5,0,0,0,0.0,5,5.0,0.0
2026-02-14,80840976,C819,7,0,0,0,0.0,7,7.0,0.0
2026-02-14,80854083,C937,3,0,0,0,0.0,3,3.0,0.0
2026-02-14,21354246,A673,636,0,0,11,0.0,625,625.0,0.0
2026-02-14,80804702,0386,1,0,0,0,0.0,1,1.0,0.0
2026-02-14,21170691,A673,111,0,0,3,0.0,108,108.0,0.0
2026-02-14,80868102,C816,469,0,0,0,18.0,451,451.0,0.0
2026-02-14,21357021,A673,1156,0,0,0,0.0,1156,1156.0,0.0
2026-02-14,21414747,A716,203,0,0,2,0.0,201,201.0,0.0
2026-02-14,21121751,A680,69,0,0,1,0.0,68,68.0,0.0
2026-02-14,80865910,C937,2,0,0,0,0.0,2,2.0,0.0
2026-02-14,21165816,A715,27,0,0,0,0.0,27,27.0,0.0
2026-02-14,21419485,A672,160,0,63,42,0.0,181,181.0,0.0
2026-02-14,21377504,C937,6,0,2,1,0.0,7,7.0,0.0
2026-02-14,21162696,E569,2,0,0,0,0.0,2,2.0,0.0
2026-02-14,21366842,A716,107,0,0,0,0.0,107,107.0,0.0
2026-02-14,80804128,A673,542,0,0,17,0.0,525,525.0,0.0
2026-02-14,21132988,A716,188,0,0,1,0.0,187,187.0,0.0
2026-02-14,80804705,C819,42,0,0,4,0.0,38,38.0,0.0
2026-02-14,80812840,A672,2310,0,0,34,0.0,2276,2276.0,0.0
2026-02-14,80804137,D767,22,0,0,0,0.0,22,22.0,0.0
2026-02-14,21315474,A673,206,0,0,5,0.0,201,201.0,0.0
2026-02-14,21170683,C816,135,0,0,1,0.0,134,134.0,0.0
2026-02-14,80865910,0386,1,0,0,0,0.0,1,1.0,0.0
2026-02-14,80812845,E556,32,0,0,1,0.0,31,31.0,0.0
2026-02-14,80807105,0386,1,0,0,0,0.0,1,1.0,0.0
2026-02-14,80863643,A680,212,0,0,0,0.0,212,212.0,0.0
2026-02-14,80884845,A680,17,0,0,2,0.0,15,15.0,0.0
2026-02-14,80793615,A680,127,0,0,2,0.0,125,125.0,0.0
2026-02-14,21377504,0386,2261,0,0,0,0.0,2261,2261.0,0.0
2026-02-14,80838164,E564,11,0,0,0,0.0,11,11.0,0.0
2026-02-14,80812840,C810,33,0,0,3,0.0,30,30.0,0.0
2026-02-14,80851898,C819,32,0,10,0,0.0,42,42.0,0.0
2026-02-14,80807115,C816,384,0,0,6,0.0,378,378.0,0.0
2026-02-14,80804704,A716,1156,0,0,6,0.0,1150,1150.0,0.0
2026-02-14,21132988,D901,49,0,43,5,0.0,87,87.0,0.0
2026-02-14,80805850,E556,3,0,0,0,0.0,3,3.0,0.0
2026-02-14,80807091,E564,66,0,5,3,0.0,68,68.0,0.0
2026-02-14,21143102,C816,228,0,85,8,0.0,305,305.0,0.0
2026-02-14,21170683,E568,1,0,0,0,0.0,1,1.0,0.0
2026-02-14,80807097,E564,5,0,0,0,0.0,5,5.0,0.0
2026-02-14,80848027,E564,4,0,0,0,0.0,4,4.0,0.0
2026-02-14,21376841,A673,5103,0,0,0,0.0,5103,5103.0,0.0
2026-02-14,80868100,A680,13,0,0,0,0.0,13,13.0,0.0
2026-02-14,80807100,A680,77,0,0,1,0.0,76,76.0,0.0
2026-02-14,21139445,E569,2,0,0,0,0.0,2,2.0,0.0
2026-02-14,80807112,C937,22,0,0,1,0.0,21,21.0,0.0
2026-02-14,21148509,C937,27,0,0,0,0.0,27,27.0,0.0
2026-02-14,80868101,A680,23,0,0,3,0.0,20,20.0,0.0
2026-02-14,21121752,E564,2,0,0,0,0.0,2,2.0,0.0
2026-02-14,80804704,D901,21,0,0,2,0.0,19,19.0,0.0
2026-02-14,21170683,A673,378,0,682,0,0.0,1060,1060.0,0.0
2026-02-14,80848028,E569,53,0,0,3,0.0,50,50.0,0.0
2026-02-14,21357275,A668,225,0,0,0,0.0,225,225.0,0.0
2026-02-14,21170683,E467,14,0,0,0,0.0,14,14.0,0.0
2026-02-14,21132758,A668,371,0,0,10,0.0,361,361.0,0.0
2026-02-14,80804130,D767,13,0,0,5,0.0,8,8.0,0.0
2026-02-14,80812845,A715,155,0,0,4,0.0,151,151.0,0.0
2026-02-14,80804129,A668,67,0,0,1,0.0,66,66.0,0.0
2026-02-14,80807091,D901,57,0,6,0,0.0,63,63.0,0.0
2026-02-14,80807122,E564,3,0,0,0,0.0,3,3.0,0.0
2026-02-14,80804133,E556,11,0,5,1,0.0,15,15.0,0.0
2026-02-14,80812841,A673,1154,0,0,112,0.0,1042,1042.0,0.0
2026-02-14,21128377,E564,7,0,0,0,0.0,7,7.0,0.0
2026-02-14,21275914,A680,19,0,0,0,0.0,19,19.0,0.0
2026-02-14,80807097,D901,66,0,2,2,0.0,66,66.0,0.0
2026-02-14,80812338,A672,32,0,0,0,0.0,32,32.0,0.0
2026-02-14,80840976,A680,387,0,0,2,0.0,385,385.0,0.0
2026-02-14,80807115,A673,905,0,0,40,0.0,865,865.0,0.0
2026-02-14,21421148,C816,517,0,0,5,0.0,512,512.0,0.0
2026-02-14,80848021,A715,47,0,0,0,0.0,47,47.0,0.0
2026-02-14,80804132,A668,638,0,0,11,0.0,627,627.0,0.0
2026-02-14,21118867,D767,4,0,0,0,0.0,4,4.0,0.0
2026-02-14,80848024,A668,445,0,0,1,0.0,444,444.0,0.0
2026-02-14,80805850,A715,12,0,0,0,0.0,12,12.0,0.0
2026-02-14,21143102,A673,298,0,0,11,0.0,287,287.0,0.0
2026-02-14,21127730,C937,5,0,0,0,0.0,5,5.0,0.0
2026-02-14,21151196,A672,1020,0,0,52,0.0,968,968.0,0.0
2026-02-14,80804138,E556,30,0,5,1,0.0,34,34.0,0.0
2026-02-14,80807095,A680,150,0,0,2,0.0,148,148.0,0.0
2026-02-14,21442897,C816,230,0,0,10,25.0,195,195.0,0.0
2026-02-14,80884848,A716,158,0,0,1,0.0,157,157.0,0.0
2026-02-14,80807120,D767,16,0,34,0,0.0,50,50.0,0.0
2026-02-14,80884850,0386,3,0,0,0,0.0,3,3.0,0.0
2026-02-14,21304907,A672,126,0,0,4,0.0,122,122.0,0.0
2026-02-14,80884852,A716,100,0,0,2,0.0,98,98.0,0.0
2026-02-14,21113405,A716,121,0,0,2,0.0,119,119.0,0.0
2026-02-14,21354246,A668,71,0,0,2,0.0,69,69.0,0.0
2026-02-14,21151196,C810,18,0,0,0,1.0,17,17.0,0.0
2026-02-14,80804699,D767,5,0,0,0,0.0,5,5.0,0.0
2026-02-14,80804701,D767,14,0,3,1,0.0,16,16.0,0.0
2026-02-14,21315352,C937,7,0,0,1,0.0,6,6.0,0.0
2026-02-14,21127730,0386,717,0,0,0,31.0,686,686.0,0.0
2026-02-14,80804706,A680,33,0,0,2,0.0,31,31.0,0.0
2026-02-14,21171453,A716,14,0,0,1,0.0,13,13.0,0.0
2026-02-14,80864469,A680,0,0,48,12,0.0,36,36.0,0.0
2026-02-14,80804705,A680,123,0,0,3,0.0,120,120.0,0.0
2026-02-14,80804137,E568,3,0,0,0,0.0,3,3.0,0.0
2026-02-14,21141769,C937,17,0,0,1,0.0,16,16.0,0.0
2026-02-14,21170691,A668,32,0,0,1,0.0,31,31.0,0.0
2026-02-14,21315350,A672,1573,0,0,125,0.0,1448,1448.0,0.0
2026-02-14,21357021,A668,132,0,0,0,0.0,132,132.0,0.0
2026-02-14,21428668,A680,93,0,100,20,0.0,173,173.0,0.0
2026-02-14,80863646,A715,62,0,0,0,0.0,62,62.0,0.0
2026-02-14,80807110,C937,29,0,0,1,0.0,28,28.0,0.0
2026-02-14,21113405,D901,7,0,0,2,0.0,5,5.0,0.0
2026-02-14,21422791,C816,103,0,0,6,0.0,97,97.0,0.0
2026-02-14,80793613,A672,207,0,0,1,0.0,206,206.0,0.0
2026-02-14,80851898,A680,137,0,0,1,0.0,136,136.0,0.0
2026-02-14,21103371,D767,4,0,9,1,0.0,12,12.0,0.0
2026-02-14,21442897,A673,697,0,161,63,0.0,795,795.0,0.0
2026-02-14,21171453,D901,17,0,0,4,0.0,13,13.0,0.0
2026-02-14,21315350,C810,66,0,210,3,141.0,132,132.0,0.0
2026-02-14,80804128,A668,136,0,0,5,0.0,131,131.0,0.0
2026-02-14,80804136,C819,27,0,13,2,0.0,38,38.0,0.0
2026-02-14,80804130,C816,106,0,0,1,0.0,105,105.0,0.0
2026-02-14,21314595,A716,50,0,0,0,0.0,50,50.0,0.0
2026-02-14,21315474,A668,145,0,0,5,0.0,140,140.0,0.0
2026-02-14,21325292,A716,109,0,195,2,0.0,302,302.0,0.0
2026-02-14,21463645,C816,204,0,0,0,0.0,204,204.0,0.0
2026-02-14,80848021,C816,97,0,0,2,0.0,95,95.0,0.0
2026-02-14,80885919,A672,248,0,0,8,0.0,240,240.0,0.0
2026-02-14,80804698,A672,92,0,13,6,0.0,99,99.0,0.0
2026-02-14,80804702,E564,12,0,2,0,0.0,14,14.0,0.0
2026-02-14,80885921,A716,20,0,15,1,0.0,34,34.0,0.0
2026-02-14,80823707,A672,7,0,0,0,0.0,7,7.0,0.0
2026-02-14,80863645,A716,61,0,0,0,0.0,61,61.0,0.0
2026-02-14,21447518,A672,47,0,20,1,0.0,66,66.0,0.0
2026-02-14,80804135,D767,38,0,0,0,0.0,38,38.0,0.0
2026-02-14,21434952,A716,44,0,0,0,0.0,44,44.0,0.0
2026-02-14,80812840,C937,14,0,0,1,0.0,13,13.0,0.0
2026-02-14,21132988,E569,4,0,3,0,0.0,7,7.0,0.0
2026-02-14,21314602,C937,0,0,10,0,0.0,10,10.0,0.0
2026-02-14,80840975,E556,12,0,2,1,0.0,13,13.0,0.0
2026-02-14,80812110,A680,62,0,0,2,0.0,60,60.0,0.0
2026-02-14,21118864,C937,1,0,0,0,0.0,1,1.0,0.0
2026-02-14,80812103,A716,33,0,31,2,0.0,62,62.0,0.0
2026-02-14,80795932,A716,41,0,0,0,0.0,41,41.0,0.0
2026-02-14,80804698,C810,10,0,181,0,0.0,191,191.0,0.0
2026-02-14,80804130,E568,4,0,0,0,0.0,4,4.0,0.0
2026-02-14,21155895,A680,83,0,0,2,0.0,81,81.0,0.0
2026-02-14,21325292,D901,80,0,4,5,0.0,79,79.0,0.0
2026-02-14,80807120,C816,238,0,0,5,0.0,233,233.0,0.0
2026-02-14,80884846,A680,11,0,0,0,0.0,11,11.0,0.0
2026-02-14,21419485,0386,1,0,0,0,0.0,1,1.0,0.0
2026-02-14,21121751,A715,10,0,0,0,0.0,10,10.0,0.0
2026-02-14,21376841,A668,471,0,0,0,0.0,471,471.0,0.0
2026-02-14,21138340,E556,48,0,26,0,0.0,74,74.0,0.0
2026-02-14,80807113,E564,79,0,15,1,0.0,93,93.0,0.0
2026-02-14,80848023,E556,4,0,0,0,0.0,4,4.0,0.0
2026-02-14,80807113,A716,519,0,0,0,0.0,519,519.0,0.0
2026-02-14,80804704,E569,21,0,6,1,0.0,26,26.0,0.0
2026-02-14,21314602,0386,3,0,0,0,0.0,3,3.0,0.0
2026-02-14,80804699,C816,276,0,0,2,0.0,274,274.0,0.0
2026-02-14,80807100,E556,71,0,16,1,0.0,86,86.0,0.0
2026-02-14,21118867,E568,2,0,0,0,0.0,2,2.0,0.0
2026-02-14,21377091,A716,237,0,0,0,0.0,237,237.0,0.0
2026-02-14,21442896,A680,16,0,73,0,0.0,89,89.0,0.0
2026-02-14,80804130,A673,356,0,0,24,0.0,332,332.0,0.0
2026-02-14,80807117,A716,14,0,0,0,0.0,14,14.0,0.0
2026-02-14,80848031,A680,18,0,0,1,0.0,17,17.0,0.0
2026-02-14,80807091,E569,16,0,6,1,0.0,21,21.0,0.0
2026-02-14,21170683,A668,18,0,21,1,0.0,38,38.0,0.0
2026-02-14,80805856,C819,3,0,0,1,0.0,2,2.0,0.0
2026-02-14,21176384,A672,85,0,0,1,0.0,84,84.0,0.0
2026-02-14,21151196,C563,11,0,0,1,0.0,10,10.0,0.0
2026-02-14,80795932,D901,17,0,4,2,0.0,19,19.0,0.0
2026-02-14,80807097,E569,4,0,1,0,0.0,5,5.0,0.0
2026-02-14,80848021,A673,365,0,24,5,0.0,384,384.0,0.0
2026-02-14,21425098,C816,38,0,0,0,10.0,28,28.0,0.0
2026-02-14,21434954,A680,237,0,0,0,0.0,237,237.0,0.0
2026-02-14,21165816,A672,73,0,0,0,0.0,73,73.0,0.0
2026-02-14,80807102,A672,1933,0,0,51,0.0,1882,1882.0,0.0
2026-02-14,80807120,E568,2,0,0,0,0.0,2,2.0,0.0
2026-02-14,80807105,E564,50,0,68,1,0.0,117,117.0,0.0
2026-02-14,80804127,A716,24,0,0,0,0.0,24,24.0,0.0
2026-02-14,21103372,A672,416,0,0,25,0.0,391,391.0,0.0
2026-02-14,80812841,A668,218,0,0,20,0.0,198,198.0,0.0
2026-02-14,80863643,A715,17,0,0,0,0.0,17,17.0,0.0
2026-02-14,80884845,A715,179,0,0,0,0.0,179,179.0,0.0
2026-02-14,21275914,E556,1,0,0,0,0.0,1,1.0,0.0
2026-02-14,80793615,A715,133,0,0,1,0.0,132,132.0,0.0
2026-02-14,80807114,E564,45,0,0,1,0.0,44,44.0,0.0
2026-02-14,80807115,A668,400,0,0,11,0.0,389,389.0,0.0
2026-02-14,80807113,D901,31,0,0,7,0.0,24,24.0,0.0
2026-02-14,21176384,C810,44,0,0,1,0.0,43,43.0,0.0
2026-02-14,80804701,E568,3,0,0,0,0.0,3,3.0,0.0
2026-02-14,80838165,C816,48,0,0,1,0.0,47,47.0,0.0
2026-02-14,80831843,0386,4386,0,0,0,0.0,4386,4386.0,0.0
2026-02-14,21165816,C810,776,0,0,0,0.0,776,776.0,0.0
2026-02-14,80807102,C810,50,0,0,1,0.0,49,49.0,0.0
2026-02-14,21103372,C810,154,0,0,5,1.0,148,148.0,0.0
2026-02-14,80807122,E569,9,0,0,0,0.0,9,9.0,0.0
2026-02-14,80812338,C937,3,0,0,0,0.0,3,3.0,0.0
2026-02-14,21325164,A716,22,0,0,0,0.0,22,22.0,0.0
2026-02-14,80863643,E295,306,0,0,23,0.0,283,283.0,0.0
2026-02-14,80868102,C937,4,0,0,0,0.0,4,4.0,0.0
2026-02-14,80868100,A715,90,0,0,0,0.0,90,90.0,0.0
2026-02-14,80807096,C816,199,0,0,2,0.0,197,197.0,0.0
2026-02-14,80804699,A673,59,0,0,2,0.0,57,57.0,0.0
2026-02-14,80807105,D901,43,0,130,5,0.0,168,168.0,0.0
2026-02-14,80807100,A715,582,0,0,9,0.0,573,573.0,0.0
2026-02-14,21165946,D767,6,0,0,0,0.0,6,6.0,0.0
2026-02-14,80868101,A715,218,0,0,0,0.0,218,218.0,0.0
2026-02-14,21291975,A680,94,0,0,1,0.0,93,93.0,0.0
2026-02-14,21103371,E568,2,0,0,0,0.0,2,2.0,0.0
2026-02-14,21425098,A673,43,0,0,3,0.0,40,40.0,0.0
2026-02-14,21121751,C816,260,0,0,6,0.0,254,254.0,0.0
2026-02-14,80807119,A716,57,0,0,0,0.0,57,57.0,0.0
2026-02-14,80864469,E556,20,0,3,2,0.0,21,21.0,0.0
2026-02-14,80848025,A680,14,0,39,2,0.0,51,51.0,0.0
2026-02-14,80804136,A680,179,0,0,6,0.0,173,173.0,0.0
2026-02-14,21143103,D767,2,0,0,0,0.0,2,2.0,0.0
2026-02-14,21307836,A716,258,0,0,1,0.0,257,257.0,0.0
2026-02-14,80804705,E556,17,0,1,0,0.0,18,18.0,0.0
2026-02-14,80805852,A680,50,0,0,2,0.0,48,48.0,0.0
2026-02-14,80812839,E556,4,0,1,0,0.0,5,5.0,0.0
2026-02-14,21275914,A715,3,0,0,0,0.0,3,3.0,0.0
2026-02-14,21113405,E569,6,0,0,0,0.0,6,6.0,0.0
2026-02-14,80840976,A715,182,0,0,1,0.0,181,181.0,0.0
2026-02-14,80838162,A716,218,0,0,0,0.0,218,218.0,0.0
2026-02-14,80848026,C819,0,0,110,13,0.0,97,97.0,0.0
2026-02-14,80838165,A673,91,0,0,5,0.0,86,86.0,0.0
2026-02-14,80838163,A672,4,0,0,0,0.0,4,4.0,0.0
2026-02-14,80804135,E568,2,0,0,0,0.0,2,2.0,0.0
2026-02-14,80812845,A672,622,0,947,50,0.0,1519,1519.0,0.0
2026-02-14,21128067,E564,25,0,6,2,0.0,29,29.0,0.0
2026-02-14,80851898,E556,3,0,0,0,0.0,3,3.0,0.0
2026-02-14,80807095,A715,322,0,0,7,0.0,315,315.0,0.0
2026-02-14,21421149,A672,1133,0,0,18,0.0,1115,1115.0,0.0
2026-02-14,21137866,A672,1125,0,0,13,0.0,1112,1112.0,0.0
2026-02-14,21472283,A680,13,0,0,0,0.0,13,13.0,0.0
2026-02-14,80848029,A680,151,0,0,3,0.0,148,148.0,0.0
2026-02-14,80807116,D767,77,0,14,4,0.0,87,87.0,0.0
2026-02-14,80812845,C810,240,0,0,9,0.0,231,231.0,0.0
2026-02-14,21142560,A672,1589,0,0,5,0.0,1584,1584.0,0.0
2026-02-14,21121751,A673,190,0,0,0,0.0,190,190.0,0.0
2026-02-14,80804706,A715,419,0,0,0,0.0,419,419.0,0.0
2026-02-14,21137866,C810,88,0,0,0,3.0,85,85.0,0.0
2026-02-14,21315350,0386,3,0,0,0,2.0,1,1.0,0.0
2026-02-14,80864469,A715,188,0,0,3,0.0,185,185.0,0.0
2026-02-14,21325292,E569,12,0,0,0,0.0,12,12.0,0.0
2026-02-14,21416910,A680,249,0,0,0,0.0,249,249.0,0.0
2026-02-14,80812110,E556,1,0,9,0,0.0,10,10.0,0.0
2026-02-14,80804705,A715,378,0,0,2,0.0,376,376.0,0.0
2026-02-14,80805856,A680,109,0,0,3,0.0,106,106.0,0.0
2026-02-14,80804698,C937,7,0,0,0,0.0,7,7.0,0.0
2026-02-14,21352461,A680,240,0,0,8,0.0,232,232.0,0.0
2026-02-14,80804702,E569,3,0,0,0,0.0,3,3.0,0.0
2026-02-14,21428668,A715,1046,0,0,7,0.0,1039,1039.0,0.0
2026-02-14,21314876,A680,58,0,0,0,0.0,58,58.0,0.0
2026-02-14,80851898,A715,276,0,0,1,0.0,275,275.0,0.0
2026-02-14,80804133,A672,991,0,0,20,0.0,971,971.0,0.0
2026-02-14,80812103,E569,11,0,0,0,0.0,11,11.0,0.0
2026-02-14,21179704,C819,1,0,0,0,0.0,1,1.0,0.0
2026-02-14,80795932,E569,4,0,0,0,0.0,4,4.0,0.0
2026-02-14,80884845,A673,41,0,15,4,0.0,52,52.0,0.0
2026-02-14,80885919,0386,4,0,0,0,0.0,4,4.0,0.0
2026-02-14,80848031,E556,4,0,0,0,0.0,4,4.0,0.0
2026-02-14,80840976,C816,1136,0,0,11,0.0,1125,1125.0,0.0
2026-02-14,21143103,C816,293,0,0,11,0.0,282,282.0,0.0
2026-02-14,80848021,A668,11,0,0,0,0.0,11,11.0,0.0
2026-02-14,80812846,C819,3,0,0,1,0.0,2,2.0,0.0
2026-02-14,80804137,C937,22,0,0,0,0.0,22,22.0,0.0
2026-02-14,21314875,A680,23,0,0,0,0.0,23,23.0,0.0
2026-02-14,80807113,E569,15,0,9,1,0.0,23,23.0,0.0
2026-02-14,80804133,C810,52,0,0,0,0.0,52,52.0,0.0
2026-02-14,80805850,A668,10,0,0,0,0.0,10,10.0,0.0
2026-02-14,80804127,C819,22,0,0,0,0.0,22,22.0,0.0
2026-02-14,80804138,A672,1374,0,0,25,0.0,1349,1349.0,0.0
2026-02-14,21165946,E568,1,0,0,0,0.0,1,1.0,0.0
2026-02-14,80807095,C816,445,0,0,8,0.0,437,437.0,0.0
2026-02-14,21138340,A673,64,0,1,5,0.0,60,60.0,0.0
2026-02-14,80804134,D767,6,0,0,0,0.0,6,6.0,0.0
2026-02-14,21176384,C937,4,0,0,0,0.0,4,4.0,0.0
2026-02-14,80812110,A715,21,0,0,0,0.0,21,21.0,0.0
2026-02-14,21155895,A715,14,0,0,0,0.0,14,14.0,0.0
2026-02-14,80884846,A715,91,0,0,0,0.0,91,91.0,0.0
2026-02-14,80804138,C810,57,0,1,0,0.0,58,58.0,0.0
2026-02-14,80807105,E569,24,0,4,0,0.0,28,28.0,0.0
2026-02-14,21325164,C819,2,0,0,0,0.0,2,2.0,0.0
2026-02-14,80804706,C816,896,0,0,0,0.0,896,896.0,0.0
2026-02-14,80807116,C816,431,0,0,15,0.0,416,416.0,0.0
2026-02-14,80812840,E564,32,0,5,2,0.0,35,35.0,0.0
2026-02-14,21442422,A672,344,0,0,30,0.0,314,314.0,0.0
2026-02-14,80848026,A680,969,0,0,30,0.0,939,939.0,0.0
2026-02-14,21176384,0386,2,0,0,0,0.0,2,2.0,0.0
2026-02-14,21357275,A716,128,0,0,1,0.0,127,127.0,0.0
2026-02-14,21275914,A673,302,0,0,6,0.0,296,296.0,0.0
2026-02-14,21442896,A715,1091,0,0,6,0.0,1085,1085.0,0.0
2026-02-14,80840976,A673,244,0,0,3,0.0,241,241.0,0.0
2026-02-14,80804129,A716,185,0,0,0,0.0,185,185.0,0.0
2026-02-14,80812845,C563,18,0,0,3,0.0,15,15.0,0.0
2026-02-14,80848031,A715,1152,0,0,1,0.0,1151,1151.0,0.0
2026-02-14,21143103,A673,408,0,0,0,0.0,408,408.0,0.0
2026-02-14,21434954,A715,76,0,0,0,0.0,76,76.0,0.0
2026-02-14,80804136,E556,1,0,21,2,0.0,20,20.0,0.0
2026-02-14,80807095,A673,566,0,0,27,0.0,539,539.0,0.0
2026-02-14,80848024,A716,63,0,0,0,0.0,63,63.0,0.0
2026-02-14,80807116,E568,6,0,0,0,0.0,6,6.0,0.0
2026-02-14,21255844,C816,149,0,0,2,0.0,147,147.0,0.0
2026-02-14,21143110,A672,1340,0,0,5,0.0,1335,1335.0,0.0
2026-02-14,21133312,A672,395,0,0,9,0.0,386,386.0,0.0
2026-02-14,80807089,A672,799,0,0,18,0.0,781,781.0,0.0
2026-02-14,80804129,D901,18,0,0,0,0.0,18,18.0,0.0
2026-02-14,21118867,C937,3,0,0,0,0.0,3,3.0,0.0
2026-02-14,80793615,A672,297,0,0,5,0.0,292,292.0,0.0
2026-02-14,80804706,A673,113,0,12,4,0.0,121,121.0,0.0
2026-02-14,21143110,C810,642,0,0,0,0.0,642,642.0,0.0
2026-02-14,80864470,A672,202,0,0,29,0.0,173,173.0,0.0
2026-02-14,80840975,A672,537,0,0,6,0.0,531,531.0,0.0
2026-02-14,80838162,E569,2,0,0,0,0.0,2,2.0,0.0
2026-02-14,80848029,E556,0,0,12,0,0.0,12,12.0,0.0
2026-02-14,80793614,C816,205,0,0,1,0.0,204,204.0,0.0
2026-02-14,80864469,A673,372,0,0,53,0.0,319,319.0,0.0
2026-02-14,80807089,C810,231,0,1,1,5.0,226,226.0,0.0
2026-02-14,80804705,A673,593,0,0,27,0.0,566,566.0,0.0
2026-02-14,80807120,C937,15,0,1,1,0.0,15,15.0,0.0
2026-02-14,80864469,E467,16,0,0,0,0.0,16,16.0,0.0
2026-02-14,80807092,C819,4,0,0,0,0.0,4,4.0,0.0
2026-02-14,80804705,E467,13,0,0,0,0.0,13,13.0,0.0
2026-02-14,21419490,A680,225,0,0,15,0.0,210,210.0,0.0
2026-02-14,21098519,A680,230,0,0,12,0.0,218,218.0,0.0
2026-02-14,21155895,C816,150,0,0,1,0.0,149,149.0,0.0
2026-02-14,21291975,A715,22,0,0,0,0.0,22,22.0,0.0
2026-02-14,80804134,C816,771,0,0,32,0.0,739,739.0,0.0
2026-02-14,80884846,C816,196,0,0,1,2.0,193,193.0,0.0
2026-02-14,21121751,A668,11,0,0,1,0.0,10,10.0,0.0
2026-02-14,21137866,C937,25,0,3,2,0.0,26,26.0,0.0
2026-02-14,21118867,0386,1,0,0,0,0.0,1,1.0,0.0
2026-02-14,21179704,A680,36,0,0,2,0.0,34,34.0,0.0
2026-02-14,21170691,A716,27,0,0,0,0.0,27,27.0,0.0
2026-02-14,80812338,E564,3,0,0,0,0.0,3,3.0,0.0
2026-02-14,80804701,C937,8,0,0,1,0.0,7,7.0,0.0
2026-02-14,80864470,C810,93,0,0,5,0.0,88,88.0,0.0
2026-02-14,80848023,A672,751,0,0,34,0.0,717,717.0,0.0
2026-02-14,80848025,A715,251,0,0,4,0.0,247,247.0,0.0
2026-02-14,80804136,A715,80,0,0,4,0.0,76,76.0,0.0
2026-02-14,21357021,A716,247,0,0,0,0.0,247,247.0,0.0
2026-02-14,80812154,A672,779,0,0,23,0.0,756,756.0,0.0
2026-02-14,80851898,A673,297,0,0,9,0.0,288,288.0,0.0
2026-02-14,80805852,A715,16,0,0,0,0.0,16,16.0,0.0
2026-02-14,80805856,E556,0,0,86,1,0.0,85,85.0,0.0
2026-02-14,80807100,A672,1953,0,0,27,0.0,1926,1926.0,0.0
2026-02-14,80807112,C819,16,0,3,0,0.0,19,19.0,0.0
2026-02-14,21255844,A673,221,0,0,20,0.0,201,201.0,0.0
2026-02-14,80812846,A680,140,0,0,0,0.0,140,140.0,0.0
2026-02-14,21151196,E564,8,0,0,0,0.0,8,8.0,0.0
2026-02-14,21314593,A680,100,0,0,2,0.0,98,98.0,0.0
2026-02-14,21314876,E556,7,0,0,0,0.0,7,7.0,0.0
2026-02-14,21137866,0386,1,0,0,0,0.0,1,1.0,0.0
2026-02-14,80804128,A716,75,0,48,1,0.0,122,122.0,0.0
2026-02-14,80807100,C810,24,0,0,0,0.0,24,24.0,0.0
2026-02-14,21315474,A716,183,0,0,3,0.0,180,180.0,0.0
2026-02-14,80807090,C816,132,0,0,3,0.0,129,129.0,0.0
2026-02-14,21304907,E564,4,0,0,0,0.0,4,4.0,0.0
2026-02-14,80863643,A668,297,0,0,4,0.0,293,293.0,0.0
2026-02-14,80884845,A668,8,0,1,0,0.0,9,9.0,0.0
2026-02-14,21170691,D901,8,0,0,1,0.0,7,7.0,0.0
2026-02-14,21103371,C937,24,0,2,0,0.0,26,26.0,0.0
2026-02-14,80793614,A673,1178,0,0,1,0.0,1177,1177.0,0.0
2026-02-14,80848029,A715,283,0,0,2,0.0,281,281.0,0.0
2026-02-14,80812110,A673,109,0,113,8,0.0,214,214.0,0.0
2026-02-14,21142560,0386,1,0,0,0,0.0,1,1.0,0.0
2026-02-14,80807093,C816,435,0,0,1,2.0,432,432.0,0.0
2026-02-14,21314875,E556,8,0,0,0,0.0,8,8.0,0.0
2026-02-14,21325164,A680,141,0,0,2,0.0,139,139.0,0.0
2026-02-14,21155895,A673,754,0,524,9,0.0,1269,1269.0,0.0
2026-02-14,80884846,A673,24,0,11,0,0.0,35,35.0,0.0
2026-02-14,80807096,C937,2,0,0,0,0.0,2,2.0,0.0
2026-02-14,21151196,D901,66,0,0,6,0.0,60,60.0,0.0
2026-02-14,21162696,A672,274,0,0,1,0.0,273,273.0,0.0
2026-02-14,21315350,E564,2,0,0,0,0.0,2,2.0,0.0
2026-02-14,80868100,A668,14,0,0,2,0.0,12,12.0,0.0
2026-02-14,80804135,C937,5,0,0,0,0.0,5,5.0,0.0
2026-02-14,80805856,A715,165,0,2,1,0.0,166,166.0,0.0
2026-02-14,80804704,D767,66,0,4,5,0.0,65,65.0,0.0
2026-02-14,21376841,A716,468,0,0,0,0.0,468,468.0,0.0
2026-02-14,80848029,E295,65,0,0,5,0.0,60,60.0,0.0
2026-02-14,80804131,A672,305,0,0,0,0.0,305,305.0,0.0
2026-02-14,80793613,E564,1,0,0,0,0.0,1,1.0,0.0
2026-02-14,80868101,A668,19,0,0,5,0.0,14,14.0,0.0
2026-02-14,21315352,C819,2,0,0,0,0.0,2,2.0,0.0
2026-02-14,21352461,A715,164,0,0,4,0.0,160,160.0,0.0
2026-02-14,80793613,A716,56,0,0,0,0.0,56,56.0,0.0
2026-02-14,21291975,C816,50,0,0,2,0.0,48,48.0,0.0
2026-02-14,80807091,D767,31,0,2,1,0.0,32,32.0,0.0
2026-02-14,21314876,A715,93,0,0,0,0.0,93,93.0,0.0
2026-02-14,80807097,D767,9,0,0,1,0.0,8,8.0,0.0
2026-02-14,80807090,A673,558,0,0,20,0.0,538,538.0,0.0
2026-02-14,21141769,C819,14,0,0,0,0.0,14,14.0,0.0
2026-02-14,80848025,C816,954,0,0,6,0.0,948,948.0,0.0
2026-02-14,80812839,A672,372,0,0,1,0.0,371,371.0,0.0
2026-02-14,80848026,E556,6,0,26,1,0.0,31,31.0,0.0
2026-02-14,21275914,A668,158,0,0,1,0.0,157,157.0,0.0
2026-02-14,80805852,C816,38,0,0,2,0.0,36,36.0,0.0
2026-02-14,80804698,E564,24,0,0,3,0.0,21,21.0,0.0
2026-02-14,80840976,A668,65,0,0,0,0.0,65,65.0,0.0
2026-02-14,21132758,C819,10,0,0,0,0.0,10,10.0,0.0
2026-02-14,80812841,A716,232,0,0,4,0.0,228,228.0,0.0
2026-02-14,80807110,C819,55,0,26,6,0.0,75,75.0,0.0
2026-02-14,21121752,D767,1,0,0,0,0.0,1,1.0,0.0
2026-02-14,21314875,A715,39,0,0,0,0.0,39,39.0,0.0
2026-02-14,80807115,A716,200,0,0,3,0.0,197,197.0,0.0
2026-02-14,80812839,C810,18,0,0,1,0.0,17,17.0,0.0
2026-02-14,80793613,D901,28,0,8,1,0.0,35,35.0,0.0
2026-02-14,21314594,C937,5,0,0,0,0.0,5,5.0,0.0
2026-02-14,80807092,A680,37,0,0,2,0.0,35,35.0,0.0
2026-02-14,80807095,A668,139,0,0,5,0.0,134,134.0,0.0
2026-02-14,21139445,A672,147,0,27,0,0.0,174,174.0,0.0
2026-02-14,80804132,C819,18,0,16,3,0.0,31,31.0,0.0
2026-02-14,21128377,D767,10,0,0,0,0.0,10,10.0,0.0
2026-02-14,80804129,E569,8,0,0,0,0.0,8,8.0,0.0
2026-02-14,80848028,A672,964,0,0,96,0.0,868,868.0,0.0
2026-02-14,21442422,0386,1,0,0,0,0.0,1,1.0,0.0
2026-02-14,21291975,A673,1036,0,0,3,0.0,1033,1033.0,0.0
2026-02-14,80807118,C819,17,0,1,0,0.0,18,18.0,0.0
2026-02-14,21139445,C810,114,0,0,0,0.0,114,114.0,0.0
2026-02-14,80804706,A668,36,0,0,1,0.0,35,35.0,0.0
2026-02-14,80807112,A680,148,0,0,7,0.0,141,141.0,0.0
2026-02-14,21148509,A680,81,0,0,4,0.0,77,77.0,0.0
2026-02-14,80812099,A680,93,0,0,4,0.0,89,89.0,0.0
2026-02-14,80864469,A668,46,0,0,1,0.0,45,45.0,0.0
2026-02-14,80793615,C595,4,0,0,0,0.0,4,4.0,0.0
2026-02-14,80807089,C937,37,0,0,2,0.0,35,35.0,0.0
2026-02-14,80848025,A673,276,0,0,15,0.0,261,261.0,0.0
2026-02-14,80804705,A668,102,0,0,6,0.0,96,96.0,0.0
2026-02-14,80848026,A715,490,0,0,0,0.0,490,490.0,0.0
2026-02-14,80848028,C810,92,0,0,1,0.0,91,91.0,0.0
2026-02-14,80805852,A673,118,0,0,4,0.0,114,114.0,0.0
2026-02-14,80848025,E467,12,0,0,0,0.0,12,12.0,0.0
2026-02-14,80807102,E564,197,0,32,7,0.0,222,222.0,0.0
2026-02-14,21121756,A672,130,0,0,6,0.0,124,124.0,0.0
2026-02-14,21165946,C937,5,0,0,0,0.0,5,5.0,0.0
2026-02-14,21098519,E556,46,0,0,0,0.0,46,46.0,0.0
2026-02-14,21103372,E564,21,0,5,1,0.0,25,25.0,0.0
2026-02-14,21428668,A668,158,0,0,2,0.0,156,156.0,0.0
2026-02-14,80838164,C816,692,0,0,1,0.0,691,691.0,0.0
2026-02-14,80851898,A668,9,0,0,0,0.0,9,9.0,0.0
2026-02-14,80807089,0386,1,0,0,0,0.0,1,1.0,0.0
2026-02-14,21442896,A672,134,0,14,21,0.0,127,127.0,0.0
2026-02-14,21121756,C810,6,0,0,0,4.0,2,2.0,0.0
2026-02-14,80812846,E556,42,0,6,2,0.0,46,46.0,0.0
2026-02-14,80848026,E295,51,0,0,5,0.0,46,46.0,0.0
2026-02-14,21301637,D767,1,0,0,0,0.0,1,1.0,0.0
2026-02-14,21472283,A673,1321,0,0,0,0.0,1321,1321.0,0.0
2026-02-14,80848022,C816,807,0,0,16,0.0,791,791.0,0.0
2026-02-14,80848031,A672,627,0,0,2,0.0,625,625.0,0.0
2026-02-14,21165868,C937,4,0,0,0,0.0,4,4.0,0.0
2026-02-14,80848027,C816,49,0,0,0,0.0,49,49.0,0.0
2026-02-14,80804127,E556,6,0,0,1,0.0,5,5.0,0.0
2026-02-14,21170691,E569,5,0,0,0,0.0,5,5.0,0.0
2026-02-14,80848029,E467,10,0,0,0,0.0,10,10.0,0.0
2026-02-14,80864470,0386,1,0,0,0,0.0,1,1.0,0.0
2026-02-14,21165816,D901,7,0,0,0,0.0,7,7.0,0.0
2026-02-14,80840975,0386,2,0,0,0,0.0,2,2.0,0.0
2026-02-14,80804128,C819,7,0,0,1,0.0,6,6.0,0.0
2026-02-14,21103372,D901,102,0,0,9,0.0,93,93.0,0.0
2026-02-14,21127800,E556,30,0,0,2,0.0,28,28.0,0.0
2026-02-14,21315352,A680,68,0,0,4,0.0,64,64.0,0.0
2026-02-14,21416910,A673,384,0,0,0,0.0,384,384.0,0.0
2026-02-14,80812110,A668,16,0,14,2,0.0,28,28.0,0.0
2026-02-14,21151196,E569,4,0,0,0,0.0,4,4.0,0.0
2026-02-14,80807091,E568,6,0,0,0,0.0,6,6.0,0.0
2026-02-14,21325164,E556,27,0,5,4,0.0,28,28.0,0.0
2026-02-14,21155895,A668,36,0,13,1,0.0,48,48.0,0.0
2026-02-14,21419490,A715,185,0,0,1,0.0,184,184.0,0.0
2026-02-14,21098519,A715,129,0,0,0,0.0,129,129.0,0.0
2026-02-14,80884846,A668,7,0,0,0,0.0,7,7.0,0.0
2026-02-14,80807116,C937,28,0,54,0,0.0,82,82.0,0.0
2026-02-14,21128377,C816,291,0,155,8,0.0,438,438.0,0.0
2026-02-14,21352461,A673,967,0,0,30,0.0,937,937.0,0.0
2026-02-14,21141769,A680,16,0,0,1,0.0,15,15.0,0.0
2026-02-14,80804705,C563,44,0,0,2,0.0,42,42.0,0.0
2026-02-14,21128377,D191,1,0,0,0,0.0,1,1.0,0.0
2026-02-14,80804702,D767,5,0,0,0,0.0,5,5.0,0.0
2026-02-14,21179704,A715,5,0,0,0,0.0,5,5.0,0.0
2026-02-14,80838164,A673,928,0,0,4,0.0,924,924.0,0.0
2026-02-14,21132758,A680,334,0,0,7,0.0,327,327.0,0.0
2026-02-14,21414747,A672,119,0,0,25,0.0,94,94.0,0.0
2026-02-14,80807110,A680,377,0,0,6,0.0,371,371.0,0.0
2026-02-14,80812846,A715,346,0,0,1,0.0,345,345.0,0.0
2026-02-14,80812845,E564,91,0,18,2,0.0,107,107.0,0.0
2026-02-14,80848022,A673,944,0,0,28,0.0,916,916.0,0.0
2026-02-14,80807119,E556,28,0,3,2,0.0,29,29.0,0.0
2026-02-14,80848022,E467,6,0,0,0,0.0,6,6.0,0.0
2026-02-14,21162696,C937,4,0,0,0,0.0,4,4.0,0.0
2026-02-14,21314593,A715,75,0,0,3,0.0,72,72.0,0.0
2026-02-14,21137866,E564,90,0,27,0,0.0,117,117.0,0.0
2026-02-14,21170686,C816,22,0,0,1,0.0,21,21.0,0.0
2026-02-14,21366842,A672,1021,0,0,0,0.0,1021,1021.0,0.0
2026-02-14,21434954,A668,343,0,0,0,0.0,343,343.0,0.0
2026-02-14,21314875,A673,113,0,0,2,0.0,111,111.0,0.0
2026-02-14,80804132,A680,176,0,0,4,0.0,172,172.0,0.0
2026-02-14,21132988,A672,510,0,0,5,0.0,505,505.0,0.0
2026-02-14,80807090,A668,28,0,0,0,0.0,28,28.0,0.0
2026-02-14,80807113,D767,45,0,1,2,0.0,44,44.0,0.0
2026-02-14,21170683,C819,5,0,0,0,0.0,5,5.0,0.0
2026-02-14,80848021,A716,829,0,0,1,0.0,828,828.0,0.0
2026-02-14,80805850,A716,35,0,0,0,0.0,35,35.0,0.0
2026-02-14,80793613,E569,1,0,0,0,0.0,1,1.0,0.0
2026-02-14,80807118,A680,97,0,0,0,0.0,97,97.0,0.0
2026-02-14,21132988,C810,18,0,0,1,0.0,17,17.0,0.0
2026-02-14,80812845,D901,276,0,17,11,0.0,282,282.0,0.0
2026-02-14,21301637,C816,48,0,0,1,0.0,47,47.0,0.0
2026-02-14,21118864,A680,45,0,0,0,0.0,45,45.0,0.0
2026-02-14,80804704,A672,488,0,85,48,0.0,525,525.0,0.0
2026-02-14,80807092,E556,15,0,8,2,0.0,21,21.0,0.0
2026-02-14,80857738,C816,1331,0,0,0,0.0,1331,1331.0,0.0
2026-02-14,80807105,D767,53,0,11,3,0.0,61,61.0,0.0
2026-02-14,80804131,0386,3,0,0,0,0.0,3,3.0,0.0
2026-02-14,21377504,D767,4,0,0,1,0.0,3,3.0,0.0
2026-02-14,80812841,E569,39,0,0,0,0.0,39,39.0,0.0
2026-02-14,80795933,C816,194,0,0,1,0.0,193,193.0,0.0
2026-02-14,80804134,C937,75,0,1,2,0.0,74,74.0,0.0
2026-02-14,80807114,D767,16,0,14,1,0.0,29,29.0,0.0
2026-02-14,80804703,C816,126,0,0,2,3.0,121,121.0,0.0
2026-02-14,80848026,E467,12,0,0,2,0.0,10,10.0,0.0
2026-02-14,80804133,E564,112,0,29,5,0.0,136,136.0,0.0
2026-02-14,21291975,A668,78,0,0,0,0.0,78,78.0,0.0
2026-02-14,80804704,C810,279,0,0,3,0.0,276,276.0,0.0
2026-02-14,21419490,C816,171,0,1061,16,0.0,1216,1216.0,0.0
2026-02-14,21170686,A673,317,0,0,4,0.0,313,313.0,0.0
2026-02-14,80807112,E556,23,0,19,2,0.0,40,40.0,0.0
2026-02-14,21179704,C816,43,0,0,2,0.0,41,41.0,0.0
2026-02-14,80812099,E556,13,0,0,1,0.0,12,12.0,0.0
2026-02-14,80848025,A668,75,0,0,2,0.0,73,73.0,0.0
2026-02-14,80804136,A668,199,0,247,15,0.0,431,431.0,0.0
2026-02-14,80885920,C816,1088,0,0,4,130.0,954,954.0,0.0
