material,sending,receiving,planned_deployment_date,deployed_qty,demand_element,ori_deployment_uid
21434946,A673,D901,2025-12-15,1,net demand for normal,21434946|A673|D901|2025-12-15|net demand for normal|000017
21447518,A672,A715,2025-12-20,2,net demand for normal,21447518|A672|A715|2025-12-20|net demand for normal|001080
80839736,A672,E556,2026-01-09,11,net demand for normal,80839736|A672|E556|2026-01-09|net demand for normal|020128
21029016,C816,D767,2026-01-10,1,net demand for forecast,21029016|C816|D767|2026-01-10|net demand for forecast|020432
21029016,C816,D767,2026-01-10,1,net demand for forecast,21029016|C816|D767|2026-01-10|net demand for forecast|020433
21029016,C816,D767,2026-01-10,1,net demand for forecast,21029016|C816|D767|2026-01-10|net demand for forecast|020434
21029016,C816,D767,2026-01-10,1,net demand for forecast,21029016|C816|D767|2026-01-10|net demand for forecast|020435
80839736,A672,E556,2026-01-10,59,net demand for normal,80839736|A672|E556|2026-01-10|net demand for normal|021564
80839736,A672,E556,2026-01-11,9,net demand for normal,80839736|A672|E556|2026-01-11|net demand for normal|023408
21113405,C816,D767,2026-01-19,1,net demand for forecast,21113405|C816|D767|2026-01-19|net demand for forecast|033900
21113405,C816,D767,2026-01-19,1,net demand for forecast,21113405|C816|D767|2026-01-19|net demand for forecast|033901
21113405,C816,D767,2026-01-19,1,net demand for forecast,21113405|C816|D767|2026-01-19|net demand for forecast|033902
21113405,C816,D767,2026-01-19,1,net demand for forecast,21113405|C816|D767|2026-01-19|net demand for forecast|033903
21113405,C816,D767,2026-01-19,1,net demand for normal,21113405|C816|D767|2026-01-19|net demand for normal|033904
21113405,C816,D767,2026-01-19,1,net demand for safety,21113405|C816|D767|2026-01-19|net demand for safety|033905
21179704,C816,D767,2026-01-19,1,net demand for safety,21179704|C816|D767|2026-01-19|net demand for safety|034005
80840976,C816,D767,2026-01-19,1,net demand for forecast,80840976|C816|D767|2026-01-19|net demand for forecast|034850
80840976,C816,D767,2026-01-19,1,net demand for forecast,80840976|C816|D767|2026-01-19|net demand for forecast|034851
80840976,C816,D767,2026-01-19,1,net demand for forecast,80840976|C816|D767|2026-01-19|net demand for forecast|034852
80840976,C816,D767,2026-01-19,1,net demand for forecast,80840976|C816|D767|2026-01-19|net demand for forecast|034853
80840976,C816,D767,2026-01-19,3,net demand for safety,80840976|C816|D767|2026-01-19|net demand for safety|034854
21121756,C816,D767,2026-01-20,3,net demand for safety,21121756|C816|D767|2026-01-20|net demand for safety|034981
80804699,A673,E556,2026-01-20,1,net demand for forecast,80804699|A673|E556|2026-01-20|net demand for forecast|035422
80812839,A673,E556,2026-01-20,1,net demand for safety,80812839|A673|E556|2026-01-20|net demand for safety|035887
21121756,C816,D767,2026-01-21,2,net demand for safety,21121756|C816|D767|2026-01-21|net demand for safety|036314
21304907,C816,D767,2026-01-21,1,net demand for safety,21304907|C816|D767|2026-01-21|net demand for safety|036467
80804699,A673,E556,2026-01-21,1,net demand for forecast,80804699|A673|E556|2026-01-21|net demand for forecast|036632
80804699,A673,E556,2026-01-21,1,net demand for forecast,80804699|A673|E556|2026-01-21|net demand for forecast|036633
21103372,A673,E556,2026-01-22,3,net demand for safety,21103372|A673|E556|2026-01-22|net demand for safety|037179
21118864,C816,D767,2026-01-22,1,net demand for safety,21118864|C816|D767|2026-01-22|net demand for safety|037190
21121751,C816,D767,2026-01-22,1,net demand for safety,21121751|C816|D767|2026-01-22|net demand for safety|037196
21170683,A673,E556,2026-01-22,2,net demand for safety,21170683|A673|E556|2026-01-22|net demand for safety|037382
21304907,C816,D767,2026-01-22,2,net demand for safety,21304907|C816|D767|2026-01-22|net demand for safety|037405
80804699,A673,E556,2026-01-22,1,net demand for forecast,80804699|A673|E556|2026-01-22|net demand for forecast|037582
80804699,A673,E556,2026-01-22,1,net demand for forecast,80804699|A673|E556|2026-01-22|net demand for forecast|037583
80812154,C816,D767,2026-01-22,1,net demand for forecast,80812154|C816|D767|2026-01-22|net demand for forecast|037811
80812154,C816,D767,2026-01-22,1,net demand for forecast,80812154|C816|D767|2026-01-22|net demand for forecast|037812
80812154,C816,D767,2026-01-22,1,net demand for forecast,80812154|C816|D767|2026-01-22|net demand for forecast|037813
80812154,C816,D767,2026-01-22,1,net demand for forecast,80812154|C816|D767|2026-01-22|net demand for forecast|037814
80812154,C816,D767,2026-01-22,7,net demand for safety,80812154|C816|D767|2026-01-22|net demand for safety|037815
21113405,C816,D767,2026-01-23,6,net demand for safety,21113405|C816|D767|2026-01-23|net demand for safety|038240
21121751,C816,D767,2026-01-23,1,net demand for safety,21121751|C816|D767|2026-01-23|net demand for safety|038241
21165946,A673,E556,2026-01-23,3,net demand for safety,21165946|A673|E556|2026-01-23|net demand for safety|038343
21165946,C816,E467,2026-01-23,3,net demand for safety,21165946|C816|E467|2026-01-23|net demand for safety|038345
21170683,A673,E556,2026-01-23,2,net demand for safety,21170683|A673|E556|2026-01-23|net demand for safety|038348
21304907,C816,D767,2026-01-23,1,net demand for safety,21304907|C816|D767|2026-01-23|net demand for safety|038369
21377504,C816,D767,2026-01-23,1,net demand for safety,21377504|C816|D767|2026-01-23|net demand for safety|038404
80804698,A673,E556,2026-01-23,1,net demand for forecast,80804698|A673|E556|2026-01-23|net demand for forecast|038655
80804698,A673,E556,2026-01-23,1,net demand for forecast,80804698|A673|E556|2026-01-23|net demand for forecast|038656
80804698,A673,E556,2026-01-23,1,net demand for forecast,80804698|A673|E556|2026-01-23|net demand for forecast|038657
80804698,A673,E556,2026-01-23,1,net demand for forecast,80804698|A673|E556|2026-01-23|net demand for forecast|038658
80804705,A672,E568,2026-01-23,2,net demand for normal,80804705|A672|E568|2026-01-23|net demand for normal|038783
80812845,C816,E467,2026-01-23,2,net demand for forecast,80812845|C816|E467|2026-01-23|net demand for forecast|039005
80812845,C816,E467,2026-01-23,2,net demand for forecast,80812845|C816|E467|2026-01-23|net demand for forecast|039006
80812845,C816,E467,2026-01-23,2,net demand for forecast,80812845|C816|E467|2026-01-23|net demand for forecast|039007
80812845,C816,E467,2026-01-23,2,net demand for forecast,80812845|C816|E467|2026-01-23|net demand for forecast|039008
80812845,C816,E467,2026-01-23,2,net demand for forecast,80812845|C816|E467|2026-01-23|net demand for forecast|039009
80812845,C816,E467,2026-01-23,2,net demand for normal,80812845|C816|E467|2026-01-23|net demand for normal|039010
80812845,C816,E467,2026-01-23,9,net demand for safety,80812845|C816|E467|2026-01-23|net demand for safety|039011
21098519,A673,E556,2026-01-24,11,net demand for safety,21098519|A673|E556|2026-01-24|net demand for safety|039184
21118867,C816,D767,2026-01-24,1,net demand for safety,21118867|C816|D767|2026-01-24|net demand for safety|039227
21121751,C816,D767,2026-01-24,2,net demand for safety,21121751|C816|D767|2026-01-24|net demand for safety|039235
21132988,A673,E556,2026-01-24,1,net demand for safety,21132988|A673|E556|2026-01-24|net demand for safety|039322
21165946,A673,E556,2026-01-24,1,net demand for safety,21165946|A673|E556|2026-01-24|net demand for safety|039469
21165946,C816,E467,2026-01-24,2,net demand for safety,21165946|C816|E467|2026-01-24|net demand for safety|039471
21170683,A673,E556,2026-01-24,2,net demand for safety,21170683|A673|E556|2026-01-24|net demand for safety|039474
21170683,C816,E467,2026-01-24,1,net demand for safety,21170683|C816|E467|2026-01-24|net demand for safety|039475
21314602,C816,D767,2026-01-24,3,net demand for safety,21314602|C816|D767|2026-01-24|net demand for safety|039507
21354246,C816,D767,2026-01-24,1,net demand for safety,21354246|C816|D767|2026-01-24|net demand for safety|039535
80804134,C816,E467,2026-01-24,1,net demand for forecast,80804134|C816|E467|2026-01-24|net demand for forecast|039620
80804134,C816,E467,2026-01-24,1,net demand for forecast,80804134|C816|E467|2026-01-24|net demand for forecast|039621
80804134,C816,E467,2026-01-24,1,net demand for forecast,80804134|C816|E467|2026-01-24|net demand for forecast|039622
80804134,C816,E467,2026-01-24,1,net demand for forecast,80804134|C816|E467|2026-01-24|net demand for forecast|039623
80804134,C816,E467,2026-01-24,1,net demand for forecast,80804134|C816|E467|2026-01-24|net demand for forecast|039624
80804134,C816,E467,2026-01-24,1,net demand for normal,80804134|C816|E467|2026-01-24|net demand for normal|039625
80804134,C816,E467,2026-01-24,1,net demand for safety,80804134|C816|E467|2026-01-24|net demand for safety|039626
80804705,A672,E568,2026-01-24,1,net demand for normal,80804705|A672|E568|2026-01-24|net demand for normal|039748
80804705,C816,E467,2026-01-24,1,net demand for forecast,80804705|C816|E467|2026-01-24|net demand for forecast|039776
80804705,C816,E467,2026-01-24,1,net demand for forecast,80804705|C816|E467|2026-01-24|net demand for forecast|039777
80804705,C816,E467,2026-01-24,1,net demand for forecast,80804705|C816|E467|2026-01-24|net demand for forecast|039778
80804705,C816,E467,2026-01-24,1,net demand for forecast,80804705|C816|E467|2026-01-24|net demand for forecast|039779
80804705,C816,E467,2026-01-24,6,net demand for safety,80804705|C816|E467|2026-01-24|net demand for safety|039780
80805856,A672,E568,2026-01-24,1,net demand for normal,80805856|A672|E568|2026-01-24|net demand for normal|039786
80807116,A672,E568,2026-01-24,1,net demand for forecast,80807116|A672|E568|2026-01-24|net demand for forecast|039955
80807116,A672,E568,2026-01-24,1,net demand for forecast,80807116|A672|E568|2026-01-24|net demand for forecast|039956
80807116,A672,E568,2026-01-24,1,net demand for forecast,80807116|A672|E568|2026-01-24|net demand for forecast|039957
80807116,A672,E568,2026-01-24,1,net demand for forecast,80807116|A672|E568|2026-01-24|net demand for forecast|039958
80807116,A672,E568,2026-01-24,1,net demand for normal,80807116|A672|E568|2026-01-24|net demand for normal|039959
21098519,A673,E556,2026-01-25,6,net demand for safety,21098519|A673|E556|2026-01-25|net demand for safety|040516
21113405,C816,D767,2026-01-25,1,net demand for safety,21113405|C816|D767|2026-01-25|net demand for safety|040535
21118867,C816,D767,2026-01-25,1,net demand for safety,21118867|C816|D767|2026-01-25|net demand for safety|040536
21121751,C816,D767,2026-01-25,1,net demand for safety,21121751|C816|D767|2026-01-25|net demand for safety|040547
21121752,C816,D767,2026-01-25,1,net demand for safety,21121752|C816|D767|2026-01-25|net demand for safety|040550
21121756,C816,D767,2026-01-25,1,net demand for safety,21121756|C816|D767|2026-01-25|net demand for safety|040552
21128067,A672,E568,2026-01-25,2,net demand for safety,21128067|A672|E568|2026-01-25|net demand for safety|040555
21148509,A673,E556,2026-01-25,1,net demand for safety,21148509|A673|E556|2026-01-25|net demand for safety|040648
21162696,C816,D767,2026-01-25,3,net demand for safety,21162696|C816|D767|2026-01-25|net demand for safety|040669
21165946,A673,E556,2026-01-25,1,net demand for safety,21165946|A673|E556|2026-01-25|net demand for safety|040674
21165946,C816,E467,2026-01-25,3,net demand for safety,21165946|C816|E467|2026-01-25|net demand for safety|040675
21170683,C816,E467,2026-01-25,1,net demand for safety,21170683|C816|E467|2026-01-25|net demand for safety|040685
21314602,C816,D767,2026-01-25,3,net demand for safety,21314602|C816|D767|2026-01-25|net demand for safety|040752
80804705,C816,E467,2026-01-25,1,net demand for forecast,80804705|C816|E467|2026-01-25|net demand for forecast|041161
80804705,C816,E467,2026-01-25,1,net demand for forecast,80804705|C816|E467|2026-01-25|net demand for forecast|041162
80804705,C816,E467,2026-01-25,1,net demand for forecast,80804705|C816|E467|2026-01-25|net demand for forecast|041163
80804705,C816,E467,2026-01-25,1,net demand for forecast,80804705|C816|E467|2026-01-25|net demand for forecast|041164
80804705,C816,E467,2026-01-25,1,net demand for forecast,80804705|C816|E467|2026-01-25|net demand for forecast|041165
80804705,C816,E467,2026-01-25,2,net demand for safety,80804705|C816|E467|2026-01-25|net demand for safety|041166
80805856,A672,E568,2026-01-25,1,net demand for normal,80805856|A672|E568|2026-01-25|net demand for normal|041172
80840976,C816,D767,2026-01-25,2,net demand for safety,80840976|C816|D767|2026-01-25|net demand for safety|041620
80848023,C816,D767,2026-01-25,2,net demand for safety,80848023|C816|D767|2026-01-25|net demand for safety|041653
80864469,C816,D767,2026-01-25,6,net demand for safety,80864469|C816|D767|2026-01-25|net demand for safety|041690
80864470,C816,D767,2026-01-25,2,net demand for safety,80864470|C816|D767|2026-01-25|net demand for safety|041692
21098519,A673,E556,2026-01-26,1,net demand for safety,21098519|A673|E556|2026-01-26|net demand for safety|041766
21113405,C816,D767,2026-01-26,5,net demand for safety,21113405|C816|D767|2026-01-26|net demand for safety|041794
21121752,C816,D767,2026-01-26,1,net demand for safety,21121752|C816|D767|2026-01-26|net demand for safety|041798
21121756,C816,D767,2026-01-26,4,net demand for safety,21121756|C816|D767|2026-01-26|net demand for safety|041799
21148509,A673,E556,2026-01-26,8,net demand for safety,21148509|A673|E556|2026-01-26|net demand for safety|041914
21162696,C816,D767,2026-01-26,1,net demand for safety,21162696|C816|D767|2026-01-26|net demand for safety|041986
21165946,A673,E556,2026-01-26,1,net demand for safety,21165946|A673|E556|2026-01-26|net demand for safety|041990
21165946,C816,E467,2026-01-26,2,net demand for safety,21165946|C816|E467|2026-01-26|net demand for safety|041991
21314602,C816,D767,2026-01-26,2,net demand for safety,21314602|C816|D767|2026-01-26|net demand for safety|042027
21315350,A672,E568,2026-01-26,1,net demand for safety,21315350|A672|E568|2026-01-26|net demand for safety|042037
21325292,A672,E568,2026-01-26,4,net demand for safety,21325292|A672|E568|2026-01-26|net demand for safety|042062
21354246,C816,D767,2026-01-26,1,net demand for safety,21354246|C816|D767|2026-01-26|net demand for safety|042071
21377504,C816,D767,2026-01-26,1,net demand for safety,21377504|C816|D767|2026-01-26|net demand for safety|042073
80804127,C816,D767,2026-01-26,14,net demand for safety,80804127|C816|D767|2026-01-26|net demand for safety|042134
80804701,A673,E556,2026-01-26,1,net demand for forecast,80804701|A673|E556|2026-01-26|net demand for forecast|042258
80804701,A673,E556,2026-01-26,1,net demand for forecast,80804701|A673|E556|2026-01-26|net demand for forecast|042259
80804701,A673,E556,2026-01-26,1,net demand for forecast,80804701|A673|E556|2026-01-26|net demand for forecast|042260
80804704,A672,E568,2026-01-26,1,net demand for normal,80804704|A672|E568|2026-01-26|net demand for normal|042296
80804705,A672,E568,2026-01-26,1,net demand for normal,80804705|A672|E568|2026-01-26|net demand for normal|042339
80807095,A672,E568,2026-01-26,1,net demand for forecast,80807095|A672|E568|2026-01-26|net demand for forecast|042410
80807095,A672,E568,2026-01-26,1,net demand for forecast,80807095|A672|E568|2026-01-26|net demand for forecast|042411
80807095,A672,E568,2026-01-26,1,net demand for forecast,80807095|A672|E568|2026-01-26|net demand for forecast|042412
80807095,A672,E568,2026-01-26,1,net demand for forecast,80807095|A672|E568|2026-01-26|net demand for forecast|042413
80807095,A672,E568,2026-01-26,1,net demand for forecast,80807095|A672|E568|2026-01-26|net demand for forecast|042414
80807095,A672,E568,2026-01-26,1,net demand for forecast,80807095|A672|E568|2026-01-26|net demand for forecast|042415
80807095,A672,E568,2026-01-26,1,net demand for normal,80807095|A672|E568|2026-01-26|net demand for normal|042416
80812154,C816,D767,2026-01-26,1,net demand for forecast,80812154|C816|D767|2026-01-26|net demand for forecast|042630
80812154,C816,D767,2026-01-26,1,net demand for forecast,80812154|C816|D767|2026-01-26|net demand for forecast|042631
80812154,C816,D767,2026-01-26,1,net demand for forecast,80812154|C816|D767|2026-01-26|net demand for forecast|042632
80812154,C816,D767,2026-01-26,1,net demand for forecast,80812154|C816|D767|2026-01-26|net demand for forecast|042633
80812154,C816,D767,2026-01-26,1,net demand for normal,80812154|C816|D767|2026-01-26|net demand for normal|042634
80812154,C816,D767,2026-01-26,2,net demand for safety,80812154|C816|D767|2026-01-26|net demand for safety|042635
80812839,A673,E556,2026-01-26,1,net demand for safety,80812839|A673|E556|2026-01-26|net demand for safety|042639
80812840,A672,E568,2026-01-26,2,net demand for safety,80812840|A672|E568|2026-01-26|net demand for safety|042647
80840975,C816,D767,2026-01-26,1,net demand for safety,80840975|C816|D767|2026-01-26|net demand for safety|042698
80840976,C816,D767,2026-01-26,1,net demand for safety,80840976|C816|D767|2026-01-26|net demand for safety|042706
80848028,A672,E568,2026-01-26,1,net demand for forecast,80848028|A672|E568|2026-01-26|net demand for forecast|042739
80848028,A672,E568,2026-01-26,1,net demand for forecast,80848028|A672|E568|2026-01-26|net demand for forecast|042740
80848028,A672,E568,2026-01-26,1,net demand for forecast,80848028|A672|E568|2026-01-26|net demand for forecast|042741
80848028,A672,E568,2026-01-26,1,net demand for forecast,80848028|A672|E568|2026-01-26|net demand for forecast|042742
80848028,A672,E568,2026-01-26,1,net demand for forecast,80848028|A672|E568|2026-01-26|net demand for forecast|042743
80848028,A672,E568,2026-01-26,1,net demand for forecast,80848028|A672|E568|2026-01-26|net demand for forecast|042744
80848028,A672,E568,2026-01-26,1,net demand for forecast,80848028|A672|E568|2026-01-26|net demand for forecast|042745
80848028,A672,E568,2026-01-26,1,net demand for normal,80848028|A672|E568|2026-01-26|net demand for normal|042746
80864469,C816,D767,2026-01-26,1,net demand for safety,80864469|C816|D767|2026-01-26|net demand for safety|042780
80864470,C816,D767,2026-01-26,2,net demand for safety,80864470|C816|D767|2026-01-26|net demand for safety|042782
21098519,A673,E556,2026-01-27,3,net demand for safety,21098519|A673|E556|2026-01-27|net demand for safety|042831
21113405,C816,D767,2026-01-27,1,net demand for safety,21113405|C816|D767|2026-01-27|net demand for safety|042869
21118867,C816,D767,2026-01-27,1,net demand for safety,21118867|C816|D767|2026-01-27|net demand for safety|042870
21121756,C816,D767,2026-01-27,7,net demand for safety,21121756|C816|D767|2026-01-27|net demand for safety|042873
21128067,A672,E568,2026-01-27,1,net demand for safety,21128067|A672|E568|2026-01-27|net demand for safety|042883
21128067,A673,C819,2026-01-27,1,net demand for safety,21128067|A673|C819|2026-01-27|net demand for safety|042884
21133312,C816,D767,2026-01-27,1,net demand for forecast,21133312|C816|D767|2026-01-27|net demand for forecast|042905
21133312,C816,D767,2026-01-27,1,net demand for forecast,21133312|C816|D767|2026-01-27|net demand for forecast|042906
21141769,A673,E556,2026-01-27,3,net demand for safety,21141769|A673|E556|2026-01-27|net demand for safety|042945
21165946,A673,E556,2026-01-27,1,net demand for safety,21165946|A673|E556|2026-01-27|net demand for safety|042986
21304907,C816,D767,2026-01-27,2,net demand for safety,21304907|C816|D767|2026-01-27|net demand for safety|043005
21314602,C816,D767,2026-01-27,2,net demand for safety,21314602|C816|D767|2026-01-27|net demand for safety|043034
21315474,A672,E568,2026-01-27,1,net demand for forecast,21315474|A672|E568|2026-01-27|net demand for forecast|043062
21315474,A672,E568,2026-01-27,1,net demand for forecast,21315474|A672|E568|2026-01-27|net demand for forecast|043063
21315474,A672,E568,2026-01-27,1,net demand for forecast,21315474|A672|E568|2026-01-27|net demand for forecast|043064
21315474,A672,E568,2026-01-27,1,net demand for forecast,21315474|A672|E568|2026-01-27|net demand for forecast|043065
21315474,A672,E568,2026-01-27,1,net demand for forecast,21315474|A672|E568|2026-01-27|net demand for forecast|043066
21315474,A672,E568,2026-01-27,1,net demand for forecast,21315474|A672|E568|2026-01-27|net demand for forecast|043067
21354246,C816,D767,2026-01-27,1,net demand for safety,21354246|C816|D767|2026-01-27|net demand for safety|043128
21377504,C816,D767,2026-01-27,1,net demand for safety,21377504|C816|D767|2026-01-27|net demand for safety|043130
80804127,C816,D767,2026-01-27,3,net demand for safety,80804127|C816|D767|2026-01-27|net demand for safety|043183
80804133,C816,E467,2026-01-27,4,net demand for safety,80804133|C816|E467|2026-01-27|net demand for safety|043234
80804701,A673,E556,2026-01-27,1,net demand for forecast,80804701|A673|E556|2026-01-27|net demand for forecast|043337
80804701,A673,E556,2026-01-27,1,net demand for forecast,80804701|A673|E556|2026-01-27|net demand for forecast|043338
80804701,A673,E556,2026-01-27,1,net demand for forecast,80804701|A673|E556|2026-01-27|net demand for forecast|043339
80804704,A673,C819,2026-01-27,1,net demand for forecast,80804704|A673|C819|2026-01-27|net demand for forecast|043384
80804704,A673,C819,2026-01-27,1,net demand for forecast,80804704|A673|C819|2026-01-27|net demand for forecast|043385
80804704,A673,C819,2026-01-27,1,net demand for forecast,80804704|A673|C819|2026-01-27|net demand for forecast|043386
80804704,A673,C819,2026-01-27,1,net demand for forecast,80804704|A673|C819|2026-01-27|net demand for forecast|043387
80804704,A673,C819,2026-01-27,1,net demand for forecast,80804704|A673|C819|2026-01-27|net demand for forecast|043388
80804704,A673,C819,2026-01-27,1,net demand for forecast,80804704|A673|C819|2026-01-27|net demand for forecast|043389
80807095,A672,E568,2026-01-27,1,net demand for forecast,80807095|A672|E568|2026-01-27|net demand for forecast|043618
80807095,A672,E568,2026-01-27,1,net demand for forecast,80807095|A672|E568|2026-01-27|net demand for forecast|043619
80807095,A672,E568,2026-01-27,1,net demand for forecast,80807095|A672|E568|2026-01-27|net demand for forecast|043620
80807095,A672,E568,2026-01-27,1,net demand for forecast,80807095|A672|E568|2026-01-27|net demand for forecast|043621
80807095,A672,E568,2026-01-27,1,net demand for forecast,80807095|A672|E568|2026-01-27|net demand for forecast|043622
80807095,A672,E568,2026-01-27,1,net demand for forecast,80807095|A672|E568|2026-01-27|net demand for forecast|043623
80807095,A672,E568,2026-01-27,1,net demand for normal,80807095|A672|E568|2026-01-27|net demand for normal|043624
80812845,C816,E467,2026-01-27,1,net demand for safety,80812845|C816|E467|2026-01-27|net demand for safety|043971
80840975,C816,D767,2026-01-27,1,net demand for safety,80840975|C816|D767|2026-01-27|net demand for safety|043982
80840976,C816,D767,2026-01-27,3,net demand for safety,80840976|C816|D767|2026-01-27|net demand for safety|043984
80848021,A673,C819,2026-01-27,1,net demand for AO,80848021|A673|C819|2026-01-27|net demand for AO|043985
80848021,A673,C819,2026-01-27,1,net demand for AO,80848021|A673|C819|2026-01-27|net demand for AO|043986
80848021,A673,C819,2026-01-27,1,net demand for AO,80848021|A673|C819|2026-01-27|net demand for AO|043987
80848021,A673,C819,2026-01-27,1,net demand for forecast,80848021|A673|C819|2026-01-27|net demand for forecast|043988
80848021,A673,C819,2026-01-27,1,net demand for forecast,80848021|A673|C819|2026-01-27|net demand for forecast|043989
80848021,A673,C819,2026-01-27,1,net demand for forecast,80848021|A673|C819|2026-01-27|net demand for forecast|043990
80848023,C816,C937,2026-01-27,1,net demand for forecast,80848023|C816|C937|2026-01-27|net demand for forecast|044007
80848023,C816,C937,2026-01-27,1,net demand for forecast,80848023|C816|C937|2026-01-27|net demand for forecast|044008
80848023,C816,C937,2026-01-27,1,net demand for forecast,80848023|C816|C937|2026-01-27|net demand for forecast|044009
80848023,C816,C937,2026-01-27,1,net demand for forecast,80848023|C816|C937|2026-01-27|net demand for forecast|044010
80848023,C816,C937,2026-01-27,1,net demand for forecast,80848023|C816|C937|2026-01-27|net demand for forecast|044011
80848023,C816,C937,2026-01-27,1,net demand for forecast,80848023|C816|C937|2026-01-27|net demand for forecast|044012
80848023,C816,C937,2026-01-27,1,net demand for normal,80848023|C816|C937|2026-01-27|net demand for normal|044013
80848025,A672,E568,2026-01-27,1,net demand for forecast,80848025|A672|E568|2026-01-27|net demand for forecast|044015
80848025,A672,E568,2026-01-27,1,net demand for forecast,80848025|A672|E568|2026-01-27|net demand for forecast|044016
80848025,A672,E568,2026-01-27,1,net demand for forecast,80848025|A672|E568|2026-01-27|net demand for forecast|044017
80848025,A672,E568,2026-01-27,1,net demand for forecast,80848025|A672|E568|2026-01-27|net demand for forecast|044018
80848025,A672,E568,2026-01-27,1,net demand for forecast,80848025|A672|E568|2026-01-27|net demand for forecast|044019
80848025,A672,E568,2026-01-27,3,net demand for safety,80848025|A672|E568|2026-01-27|net demand for safety|044020
80864469,C816,D767,2026-01-27,1,net demand for safety,80864469|C816|D767|2026-01-27|net demand for safety|044181
80864470,C816,D767,2026-01-27,3,net demand for safety,80864470|C816|D767|2026-01-27|net demand for safety|044182
21098519,A673,E556,2026-01-28,3,net demand for safety,21098519|A673|E556|2026-01-28|net demand for safety|044234
21113405,C816,D767,2026-01-28,1,net demand for safety,21113405|C816|D767|2026-01-28|net demand for safety|044253
21118867,C816,D767,2026-01-28,1,net demand for safety,21118867|C816|D767|2026-01-28|net demand for safety|044254
21128067,A672,E568,2026-01-28,2,net demand for safety,21128067|A672|E568|2026-01-28|net demand for safety|044261
21128067,A673,C819,2026-01-28,2,net demand for safety,21128067|A673|C819|2026-01-28|net demand for safety|044262
21133312,C816,D767,2026-01-28,1,net demand for forecast,21133312|C816|D767|2026-01-28|net demand for forecast|044277
21143102,C816,D191,2026-01-28,1,net demand for forecast,21143102|C816|D191|2026-01-28|net demand for forecast|044313
21143102,C816,D191,2026-01-28,1,net demand for forecast,21143102|C816|D191|2026-01-28|net demand for forecast|044314
21143102,C816,D191,2026-01-28,1,net demand for forecast,21143102|C816|D191|2026-01-28|net demand for forecast|044315
21143102,C816,D191,2026-01-28,1,net demand for forecast,21143102|C816|D191|2026-01-28|net demand for forecast|044316
21143102,C816,D191,2026-01-28,3,net demand for safety,21143102|C816|D191|2026-01-28|net demand for safety|044317
21148509,A672,E568,2026-01-28,1,net demand for safety,21148509|A672|E568|2026-01-28|net demand for safety|044337
21151196,C816,D191,2026-01-28,1,net demand for safety,21151196|C816|D191|2026-01-28|net demand for safety|044350
21165946,A673,E556,2026-01-28,1,net demand for forecast,21165946|A673|E556|2026-01-28|net demand for forecast|044353
21165946,A673,E556,2026-01-28,1,net demand for forecast,21165946|A673|E556|2026-01-28|net demand for forecast|044354
21165946,A673,E556,2026-01-28,1,net demand for forecast,21165946|A673|E556|2026-01-28|net demand for forecast|044355
21165946,A673,E556,2026-01-28,1,net demand for forecast,21165946|A673|E556|2026-01-28|net demand for forecast|044356
21165946,A673,E556,2026-01-28,1,net demand for forecast,21165946|A673|E556|2026-01-28|net demand for forecast|044357
21165946,A673,E556,2026-01-28,1,net demand for forecast,21165946|A673|E556|2026-01-28|net demand for forecast|044358
21165946,A673,E556,2026-01-28,1,net demand for forecast,21165946|A673|E556|2026-01-28|net demand for forecast|044359
21165946,A673,E556,2026-01-28,4,net demand for safety,21165946|A673|E556|2026-01-28|net demand for safety|044360
21165946,C816,E467,2026-01-28,3,net demand for safety,21165946|C816|E467|2026-01-28|net demand for safety|044361
21170683,C816,E467,2026-01-28,1,net demand for safety,21170683|C816|E467|2026-01-28|net demand for safety|044363
21304907,C816,D767,2026-01-28,1,net demand for safety,21304907|C816|D767|2026-01-28|net demand for safety|044380
21314602,C816,D767,2026-01-28,2,net demand for safety,21314602|C816|D767|2026-01-28|net demand for safety|044416
21315474,A672,E568,2026-01-28,1,net demand for forecast,21315474|A672|E568|2026-01-28|net demand for forecast|044432
21315474,A672,E568,2026-01-28,1,net demand for forecast,21315474|A672|E568|2026-01-28|net demand for forecast|044433
21315474,A672,E568,2026-01-28,1,net demand for forecast,21315474|A672|E568|2026-01-28|net demand for forecast|044434
21315474,A672,E568,2026-01-28,1,net demand for forecast,21315474|A672|E568|2026-01-28|net demand for forecast|044435
21315474,A672,E568,2026-01-28,1,net demand for forecast,21315474|A672|E568|2026-01-28|net demand for forecast|044436
21315474,A672,E568,2026-01-28,1,net demand for forecast,21315474|A672|E568|2026-01-28|net demand for forecast|044437
21354246,C816,D767,2026-01-28,1,net demand for safety,21354246|C816|D767|2026-01-28|net demand for safety|044459
21434952,C816,C937,2026-01-28,1,net demand for safety,21434952|C816|C937|2026-01-28|net demand for safety|044472
80793615,C816,C937,2026-01-28,1,net demand for safety,80793615|C816|C937|2026-01-28|net demand for safety|044513
80804127,C816,D767,2026-01-28,1,net demand for safety,80804127|C816|D767|2026-01-28|net demand for safety|044515
80804133,C816,E467,2026-01-28,1,net demand for safety,80804133|C816|E467|2026-01-28|net demand for safety|044539
80804134,C816,D191,2026-01-28,1,net demand for forecast,80804134|C816|D191|2026-01-28|net demand for forecast|044548
80804134,C816,D191,2026-01-28,1,net demand for forecast,80804134|C816|D191|2026-01-28|net demand for forecast|044549
80804134,C816,D191,2026-01-28,1,net demand for forecast,80804134|C816|D191|2026-01-28|net demand for forecast|044550
80804134,C816,D191,2026-01-28,1,net demand for forecast,80804134|C816|D191|2026-01-28|net demand for forecast|044551
80804699,A673,E556,2026-01-28,1,net demand for forecast,80804699|A673|E556|2026-01-28|net demand for forecast|044612
80804699,A673,E556,2026-01-28,1,net demand for forecast,80804699|A673|E556|2026-01-28|net demand for forecast|044613
80804701,A673,E556,2026-01-28,1,net demand for forecast,80804701|A673|E556|2026-01-28|net demand for forecast|044615
80804701,A673,E556,2026-01-28,1,net demand for forecast,80804701|A673|E556|2026-01-28|net demand for forecast|044616
80804701,A673,E556,2026-01-28,1,net demand for forecast,80804701|A673|E556|2026-01-28|net demand for forecast|044617
80804704,A673,C819,2026-01-28,1,net demand for forecast,80804704|A673|C819|2026-01-28|net demand for forecast|044665
80804704,A673,C819,2026-01-28,1,net demand for forecast,80804704|A673|C819|2026-01-28|net demand for forecast|044666
80804704,A673,C819,2026-01-28,1,net demand for forecast,80804704|A673|C819|2026-01-28|net demand for forecast|044667
80804704,A673,C819,2026-01-28,1,net demand for forecast,80804704|A673|C819|2026-01-28|net demand for forecast|044668
80804704,A673,C819,2026-01-28,1,net demand for forecast,80804704|A673|C819|2026-01-28|net demand for forecast|044669
80804704,A673,C819,2026-01-28,1,net demand for forecast,80804704|A673|C819|2026-01-28|net demand for forecast|044670
80807116,C816,D191,2026-01-28,3,net demand for forecast,80807116|C816|D191|2026-01-28|net demand for forecast|044841
80807116,C816,D191,2026-01-28,3,net demand for forecast,80807116|C816|D191|2026-01-28|net demand for forecast|044842
80807116,C816,D191,2026-01-28,3,net demand for forecast,80807116|C816|D191|2026-01-28|net demand for forecast|044843
80807116,C816,D191,2026-01-28,3,net demand for forecast,80807116|C816|D191|2026-01-28|net demand for forecast|044844
80807116,C816,D191,2026-01-28,12,net demand for safety,80807116|C816|D191|2026-01-28|net demand for safety|044845
80812099,C816,C937,2026-01-28,1,net demand for forecast,80812099|C816|C937|2026-01-28|net demand for forecast|044872
80812099,C816,C937,2026-01-28,1,net demand for forecast,80812099|C816|C937|2026-01-28|net demand for forecast|044873
80812099,C816,C937,2026-01-28,1,net demand for safety,80812099|C816|C937|2026-01-28|net demand for safety|044874
80812840,A672,E568,2026-01-28,1,net demand for safety,80812840|A672|E568|2026-01-28|net demand for safety|044893
80812845,C816,D191,2026-01-28,1,net demand for AO,80812845|C816|D191|2026-01-28|net demand for AO|044930
80812845,C816,D191,2026-01-28,1,net demand for AO,80812845|C816|D191|2026-01-28|net demand for AO|044931
80812845,C816,D191,2026-01-28,1,net demand for AO,80812845|C816|D191|2026-01-28|net demand for AO|044932
80812845,C816,D191,2026-01-28,1,net demand for forecast,80812845|C816|D191|2026-01-28|net demand for forecast|044933
80812845,C816,D191,2026-01-28,1,net demand for forecast,80812845|C816|D191|2026-01-28|net demand for forecast|044934
80812845,C816,D191,2026-01-28,1,net demand for forecast,80812845|C816|D191|2026-01-28|net demand for forecast|044935
80840975,C816,D767,2026-01-28,1,net demand for safety,80840975|C816|D767|2026-01-28|net demand for safety|044949
80840976,C816,D767,2026-01-28,1,net demand for forecast,80840976|C816|D767|2026-01-28|net demand for forecast|044950
80840976,C816,D767,2026-01-28,1,net demand for forecast,80840976|C816|D767|2026-01-28|net demand for forecast|044951
80840976,C816,D767,2026-01-28,1,net demand for forecast,80840976|C816|D767|2026-01-28|net demand for forecast|044952
80840976,C816,D767,2026-01-28,1,net demand for forecast,80840976|C816|D767|2026-01-28|net demand for forecast|044953
80840976,C816,D767,2026-01-28,4,net demand for safety,80840976|C816|D767|2026-01-28|net demand for safety|044954
80848025,C810,D767,2026-01-28,1,net demand for normal,80848025|C810|D767|2026-01-28|net demand for normal|045017
80848029,A672,E568,2026-01-28,1,net demand for safety,80848029|A672|E568|2026-01-28|net demand for safety|045075
80848029,C816,E467,2026-01-28,1,net demand for safety,80848029|C816|E467|2026-01-28|net demand for safety|045076
80851898,A672,E568,2026-01-28,1,net demand for safety,80851898|A672|E568|2026-01-28|net demand for safety|045078
80864469,A672,E568,2026-01-28,1,net demand for forecast,80864469|A672|E568|2026-01-28|net demand for forecast|045080
80864469,A672,E568,2026-01-28,1,net demand for forecast,80864469|A672|E568|2026-01-28|net demand for forecast|045081
80864469,A672,E568,2026-01-28,1,net demand for forecast,80864469|A672|E568|2026-01-28|net demand for forecast|045082
80864469,C816,D767,2026-01-28,3,net demand for safety,80864469|C816|D767|2026-01-28|net demand for safety|045093
80864470,A672,E568,2026-01-28,3,net demand for safety,80864470|A672|E568|2026-01-28|net demand for safety|045095
80864470,C816,D767,2026-01-28,2,net demand for safety,80864470|C816|D767|2026-01-28|net demand for safety|045096
80864470,C816,E467,2026-01-28,1,net demand for safety,80864470|C816|E467|2026-01-28|net demand for safety|045097
21098519,A673,E556,2026-01-29,1,net demand for forecast,21098519|A673|E556|2026-01-29|net demand for forecast|045159
21098519,A673,E556,2026-01-29,1,net demand for forecast,21098519|A673|E556|2026-01-29|net demand for forecast|045160
21098519,A673,E556,2026-01-29,1,net demand for forecast,21098519|A673|E556|2026-01-29|net demand for forecast|045161
21098519,A673,E556,2026-01-29,1,net demand for forecast,21098519|A673|E556|2026-01-29|net demand for forecast|045162
21098519,A673,E556,2026-01-29,1,net demand for forecast,21098519|A673|E556|2026-01-29|net demand for forecast|045163
21098519,A673,E556,2026-01-29,1,net demand for forecast,21098519|A673|E556|2026-01-29|net demand for forecast|045164
21098519,A673,E556,2026-01-29,1,net demand for forecast,21098519|A673|E556|2026-01-29|net demand for forecast|045165
21098519,A673,E556,2026-01-29,6,net demand for safety,21098519|A673|E556|2026-01-29|net demand for safety|045166
21103372,A673,E556,2026-01-29,30,net demand for safety,21103372|A673|E556|2026-01-29|net demand for safety|045184
21121751,C816,D767,2026-01-29,3,net demand for safety,21121751|C816|D767|2026-01-29|net demand for safety|045211
21128067,A673,C819,2026-01-29,3,net demand for safety,21128067|A673|C819|2026-01-29|net demand for safety|045217
21133312,C816,D767,2026-01-29,1,net demand for forecast,21133312|C816|D767|2026-01-29|net demand for forecast|045421
21137866,A672,E568,2026-01-29,1,net demand for forecast,21137866|A672|E568|2026-01-29|net demand for forecast|045426
21137866,A672,E568,2026-01-29,1,net demand for forecast,21137866|A672|E568|2026-01-29|net demand for forecast|045427
21137866,A672,E568,2026-01-29,1,net demand for forecast,21137866|A672|E568|2026-01-29|net demand for forecast|045428
21137866,A672,E568,2026-01-29,1,net demand for forecast,21137866|A672|E568|2026-01-29|net demand for forecast|045429
21137866,A672,E568,2026-01-29,1,net demand for forecast,21137866|A672|E568|2026-01-29|net demand for forecast|045430
21137866,A672,E568,2026-01-29,1,net demand for forecast,21137866|A672|E568|2026-01-29|net demand for forecast|045431
21137866,A672,E568,2026-01-29,1,net demand for forecast,21137866|A672|E568|2026-01-29|net demand for forecast|045432
21148509,A672,E568,2026-01-29,2,net demand for safety,21148509|A672|E568|2026-01-29|net demand for safety|045553
21148509,A673,E556,2026-01-29,1,net demand for forecast,21148509|A673|E556|2026-01-29|net demand for forecast|045554
21148509,A673,E556,2026-01-29,1,net demand for forecast,21148509|A673|E556|2026-01-29|net demand for forecast|045555
21148509,A673,E556,2026-01-29,1,net demand for forecast,21148509|A673|E556|2026-01-29|net demand for forecast|045556
21148509,A673,E556,2026-01-29,1,net demand for forecast,21148509|A673|E556|2026-01-29|net demand for forecast|045557
21148509,A673,E556,2026-01-29,1,net demand for forecast,21148509|A673|E556|2026-01-29|net demand for forecast|045558
21148509,A673,E556,2026-01-29,1,net demand for forecast,21148509|A673|E556|2026-01-29|net demand for forecast|045559
21148509,A673,E556,2026-01-29,1,net demand for forecast,21148509|A673|E556|2026-01-29|net demand for forecast|045560
21155895,A673,E556,2026-01-29,1,net demand for safety,21155895|A673|E556|2026-01-29|net demand for safety|045575
21165946,C816,E467,2026-01-29,3,net demand for safety,21165946|C816|E467|2026-01-29|net demand for safety|045582
21170683,A673,E556,2026-01-29,1,net demand for forecast,21170683|A673|E556|2026-01-29|net demand for forecast|045583
21170683,A673,E556,2026-01-29,1,net demand for forecast,21170683|A673|E556|2026-01-29|net demand for forecast|045584
21170683,A673,E556,2026-01-29,1,net demand for forecast,21170683|A673|E556|2026-01-29|net demand for forecast|045585
21170683,A673,E556,2026-01-29,1,net demand for forecast,21170683|A673|E556|2026-01-29|net demand for forecast|045586
21170683,A673,E556,2026-01-29,1,net demand for forecast,21170683|A673|E556|2026-01-29|net demand for forecast|045587
21170683,A673,E556,2026-01-29,1,net demand for forecast,21170683|A673|E556|2026-01-29|net demand for forecast|045588
21170683,A673,E556,2026-01-29,1,net demand for forecast,21170683|A673|E556|2026-01-29|net demand for forecast|045589
21179704,C816,D767,2026-01-29,1,net demand for forecast,21179704|C816|D767|2026-01-29|net demand for forecast|045602
21179704,C816,D767,2026-01-29,1,net demand for forecast,21179704|C816|D767|2026-01-29|net demand for forecast|045603
21304907,C816,D767,2026-01-29,1,net demand for safety,21304907|C816|D767|2026-01-29|net demand for safety|045610
21314602,C816,C937,2026-01-29,1,net demand for forecast,21314602|C816|C937|2026-01-29|net demand for forecast|045628
21314602,C816,C937,2026-01-29,1,net demand for forecast,21314602|C816|C937|2026-01-29|net demand for forecast|045629
21314602,C816,C937,2026-01-29,1,net demand for forecast,21314602|C816|C937|2026-01-29|net demand for forecast|045630
21314602,C816,C937,2026-01-29,1,net demand for normal,21314602|C816|C937|2026-01-29|net demand for normal|045631
21314602,C816,C937,2026-01-29,1,net demand for safety,21314602|C816|C937|2026-01-29|net demand for safety|045632
21314602,C816,D767,2026-01-29,5,net demand for safety,21314602|C816|D767|2026-01-29|net demand for safety|045633
21315474,A672,E568,2026-01-29,1,net demand for forecast,21315474|A672|E568|2026-01-29|net demand for forecast|045653
21315474,A672,E568,2026-01-29,1,net demand for forecast,21315474|A672|E568|2026-01-29|net demand for forecast|045654
21315474,A672,E568,2026-01-29,1,net demand for forecast,21315474|A672|E568|2026-01-29|net demand for forecast|045655
21315474,A672,E568,2026-01-29,1,net demand for forecast,21315474|A672|E568|2026-01-29|net demand for forecast|045656
21315474,A672,E568,2026-01-29,1,net demand for forecast,21315474|A672|E568|2026-01-29|net demand for forecast|045657
21315474,A672,E568,2026-01-29,1,net demand for forecast,21315474|A672|E568|2026-01-29|net demand for forecast|045658
21352461,C816,C810,2026-01-29,1,net demand for forecast,21352461|C816|C810|2026-01-29|net demand for forecast|045684
21352461,C816,C810,2026-01-29,1,net demand for forecast,21352461|C816|C810|2026-01-29|net demand for forecast|045685
21352461,C816,C810,2026-01-29,1,net demand for forecast,21352461|C816|C810|2026-01-29|net demand for forecast|045686
21352461,C816,C810,2026-01-29,1,net demand for normal,21352461|C816|C810|2026-01-29|net demand for normal|045687
21354246,C816,D767,2026-01-29,2,net demand for safety,21354246|C816|D767|2026-01-29|net demand for safety|045689
21357275,C816,C810,2026-01-29,1,net demand for safety,21357275|C816|C810|2026-01-29|net demand for safety|045690
21377504,C816,D767,2026-01-29,1,net demand for safety,21377504|C816|D767|2026-01-29|net demand for safety|045692
80793615,C816,C937,2026-01-29,1,net demand for forecast,80793615|C816|C937|2026-01-29|net demand for forecast|045765
80793615,C816,C937,2026-01-29,1,net demand for forecast,80793615|C816|C937|2026-01-29|net demand for forecast|045766
80793615,C816,C937,2026-01-29,2,net demand for safety,80793615|C816|C937|2026-01-29|net demand for safety|045767
80804127,C816,D767,2026-01-29,1,net demand for forecast,80804127|C816|D767|2026-01-29|net demand for forecast|045768
80804127,C816,D767,2026-01-29,1,net demand for forecast,80804127|C816|D767|2026-01-29|net demand for forecast|045769
80804127,C816,D767,2026-01-29,1,net demand for forecast,80804127|C816|D767|2026-01-29|net demand for forecast|045770
80804127,C816,D767,2026-01-29,1,net demand for forecast,80804127|C816|D767|2026-01-29|net demand for forecast|045771
80804127,C816,D767,2026-01-29,3,net demand for safety,80804127|C816|D767|2026-01-29|net demand for safety|045772
80804133,C816,E467,2026-01-29,4,net demand for safety,80804133|C816|E467|2026-01-29|net demand for safety|045825
80804704,A673,C819,2026-01-29,1,net demand for forecast,80804704|A673|C819|2026-01-29|net demand for forecast|045970
80804704,A673,C819,2026-01-29,1,net demand for forecast,80804704|A673|C819|2026-01-29|net demand for forecast|045971
80804704,A673,C819,2026-01-29,2,net demand for forecast,80804704|A673|C819|2026-01-29|net demand for forecast|045972
80804704,A673,C819,2026-01-29,2,net demand for forecast,80804704|A673|C819|2026-01-29|net demand for forecast|045973
80804704,A673,C819,2026-01-29,2,net demand for forecast,80804704|A673|C819|2026-01-29|net demand for forecast|045974
80804704,A673,C819,2026-01-29,2,net demand for forecast,80804704|A673|C819|2026-01-29|net demand for forecast|045975
80807110,A672,E568,2026-01-29,1,net demand for safety,80807110|A672|E568|2026-01-29|net demand for safety|046149
80812845,A672,E568,2026-01-29,1,net demand for forecast,80812845|A672|E568|2026-01-29|net demand for forecast|046341
80812845,A672,E568,2026-01-29,1,net demand for forecast,80812845|A672|E568|2026-01-29|net demand for forecast|046342
80812845,A672,E568,2026-01-29,1,net demand for forecast,80812845|A672|E568|2026-01-29|net demand for forecast|046343
80812845,A672,E568,2026-01-29,1,net demand for forecast,80812845|A672|E568|2026-01-29|net demand for forecast|046344
80812845,A672,E568,2026-01-29,4,net demand for safety,80812845|A672|E568|2026-01-29|net demand for safety|046345
80812845,C816,D191,2026-01-29,1,net demand for forecast,80812845|C816|D191|2026-01-29|net demand for forecast|046347
80812846,A673,C819,2026-01-29,10,net demand for safety,80812846|A673|C819|2026-01-29|net demand for safety|046348
80840975,C816,D767,2026-01-29,4,net demand for safety,80840975|C816|D767|2026-01-29|net demand for safety|046364
80840976,C816,D767,2026-01-29,1,net demand for forecast,80840976|C816|D767|2026-01-29|net demand for forecast|046366
80840976,C816,D767,2026-01-29,1,net demand for forecast,80840976|C816|D767|2026-01-29|net demand for forecast|046367
80840976,C816,D767,2026-01-29,1,net demand for forecast,80840976|C816|D767|2026-01-29|net demand for forecast|046368
80840976,C816,D767,2026-01-29,1,net demand for forecast,80840976|C816|D767|2026-01-29|net demand for forecast|046369
80840976,C816,D767,2026-01-29,1,net demand for safety,80840976|C816|D767|2026-01-29|net demand for safety|046370
80848023,C816,C937,2026-01-29,1,net demand for forecast,80848023|C816|C937|2026-01-29|net demand for forecast|046397
80848023,C816,C937,2026-01-29,1,net demand for forecast,80848023|C816|C937|2026-01-29|net demand for forecast|046398
80848023,C816,C937,2026-01-29,1,net demand for forecast,80848023|C816|C937|2026-01-29|net demand for forecast|046399
80848023,C816,C937,2026-01-29,1,net demand for forecast,80848023|C816|C937|2026-01-29|net demand for forecast|046400
80848023,C816,C937,2026-01-29,1,net demand for forecast,80848023|C816|C937|2026-01-29|net demand for forecast|046401
80848023,C816,C937,2026-01-29,1,net demand for forecast,80848023|C816|C937|2026-01-29|net demand for forecast|046402
80848023,C816,C937,2026-01-29,2,net demand for normal,80848023|C816|C937|2026-01-29|net demand for normal|046403
80848023,C816,C937,2026-01-29,5,net demand for safety,80848023|C816|C937|2026-01-29|net demand for safety|046404
80848023,C816,D767,2026-01-29,16,net demand for safety,80848023|C816|D767|2026-01-29|net demand for safety|046405
80848029,C816,E467,2026-01-29,2,net demand for safety,80848029|C816|E467|2026-01-29|net demand for safety|046442
80864469,A672,E568,2026-01-29,1,net demand for forecast,80864469|A672|E568|2026-01-29|net demand for forecast|046448
80864469,A672,E568,2026-01-29,1,net demand for forecast,80864469|A672|E568|2026-01-29|net demand for forecast|046449
80864469,A672,E568,2026-01-29,1,net demand for forecast,80864469|A672|E568|2026-01-29|net demand for forecast|046450
80864469,A673,C819,2026-01-29,1,net demand for forecast,80864469|A673|C819|2026-01-29|net demand for forecast|046451
80864469,A673,C819,2026-01-29,1,net demand for forecast,80864469|A673|C819|2026-01-29|net demand for forecast|046452
80864469,A673,C819,2026-01-29,1,net demand for forecast,80864469|A673|C819|2026-01-29|net demand for forecast|046453
80864469,C816,D767,2026-01-29,8,net demand for safety,80864469|C816|D767|2026-01-29|net demand for safety|046468
80864470,C816,D767,2026-01-29,1,net demand for safety,80864470|C816|D767|2026-01-29|net demand for safety|046470
80864470,C816,E467,2026-01-29,1,net demand for safety,80864470|C816|E467|2026-01-29|net demand for safety|046471
21113405,C816,D767,2026-01-30,1,net demand for forecast,21113405|C816|D767|2026-01-30|net demand for forecast|046537
21113405,C816,D767,2026-01-30,1,net demand for forecast,21113405|C816|D767|2026-01-30|net demand for forecast|046538
21113405,C816,D767,2026-01-30,1,net demand for forecast,21113405|C816|D767|2026-01-30|net demand for forecast|046539
21113405,C816,D767,2026-01-30,1,net demand for forecast,21113405|C816|D767|2026-01-30|net demand for forecast|046540
21113405,C816,D767,2026-01-30,3,net demand for safety,21113405|C816|D767|2026-01-30|net demand for safety|046541
21121751,C816,D767,2026-01-30,4,net demand for safety,21121751|C816|D767|2026-01-30|net demand for safety|046545
21121752,A672,C819,2026-01-30,1,net demand for safety,21121752|A672|C819|2026-01-30|net demand for safety|046546
21121756,C816,D767,2026-01-30,1,net demand for forecast,21121756|C816|D767|2026-01-30|net demand for forecast|046549
21121756,C816,D767,2026-01-30,1,net demand for forecast,21121756|C816|D767|2026-01-30|net demand for forecast|046550
21121756,C816,D767,2026-01-30,1,net demand for forecast,21121756|C816|D767|2026-01-30|net demand for forecast|046551
21121756,C816,D767,2026-01-30,1,net demand for forecast,21121756|C816|D767|2026-01-30|net demand for forecast|046552
21121756,C816,D767,2026-01-30,3,net demand for safety,21121756|C816|D767|2026-01-30|net demand for safety|046553
21128067,A672,E568,2026-01-30,1,net demand for safety,21128067|A672|E568|2026-01-30|net demand for safety|046556
21128067,A673,C819,2026-01-30,1,net demand for safety,21128067|A673|C819|2026-01-30|net demand for safety|046557
21132758,C816,D191,2026-01-30,1,net demand for forecast,21132758|C816|D191|2026-01-30|net demand for forecast|046574
21132758,C816,D191,2026-01-30,1,net demand for forecast,21132758|C816|D191|2026-01-30|net demand for forecast|046575
21132758,C816,D191,2026-01-30,1,net demand for forecast,21132758|C816|D191|2026-01-30|net demand for forecast|046576
21132758,C816,D191,2026-01-30,1,net demand for forecast,21132758|C816|D191|2026-01-30|net demand for forecast|046577
21132758,C816,D191,2026-01-30,6,net demand for safety,21132758|C816|D191|2026-01-30|net demand for safety|046578
21132988,A672,C819,2026-01-30,1,net demand for forecast,21132988|A672|C819|2026-01-30|net demand for forecast|046583
21132988,A672,C819,2026-01-30,1,net demand for forecast,21132988|A672|C819|2026-01-30|net demand for forecast|046584
21132988,A672,C819,2026-01-30,1,net demand for forecast,21132988|A672|C819|2026-01-30|net demand for forecast|046585
21132988,A672,C819,2026-01-30,1,net demand for forecast,21132988|A672|C819|2026-01-30|net demand for forecast|046586
21132988,A672,C819,2026-01-30,1,net demand for forecast,21132988|A672|C819|2026-01-30|net demand for forecast|046587
21132988,A672,C819,2026-01-30,1,net demand for forecast,21132988|A672|C819|2026-01-30|net demand for forecast|046588
21132988,A672,C819,2026-01-30,1,net demand for forecast,21132988|A672|C819|2026-01-30|net demand for forecast|046589
21132988,A672,C819,2026-01-30,1,net demand for forecast,21132988|A672|C819|2026-01-30|net demand for forecast|046590
21132988,A672,E568,2026-01-30,1,net demand for forecast,21132988|A672|E568|2026-01-30|net demand for forecast|046591
21132988,A672,E568,2026-01-30,1,net demand for forecast,21132988|A672|E568|2026-01-30|net demand for forecast|046592
21132988,A672,E568,2026-01-30,1,net demand for forecast,21132988|A672|E568|2026-01-30|net demand for forecast|046593
21132988,A672,E568,2026-01-30,1,net demand for forecast,21132988|A672|E568|2026-01-30|net demand for forecast|046594
21132988,A672,E568,2026-01-30,1,net demand for forecast,21132988|A672|E568|2026-01-30|net demand for forecast|046595
21132988,A672,E568,2026-01-30,1,net demand for forecast,21132988|A672|E568|2026-01-30|net demand for forecast|046596
21132988,A672,E568,2026-01-30,1,net demand for forecast,21132988|A672|E568|2026-01-30|net demand for forecast|046597
21133312,C816,D767,2026-01-30,1,net demand for forecast,21133312|C816|D767|2026-01-30|net demand for forecast|046609
21133312,C816,D767,2026-01-30,1,net demand for forecast,21133312|C816|D767|2026-01-30|net demand for forecast|046610
21133312,C816,D767,2026-01-30,2,net demand for safety,21133312|C816|D767|2026-01-30|net demand for safety|046611
21137866,A672,E568,2026-01-30,1,net demand for forecast,21137866|A672|E568|2026-01-30|net demand for forecast|046613
21137866,A672,E568,2026-01-30,1,net demand for forecast,21137866|A672|E568|2026-01-30|net demand for forecast|046614
21137866,A672,E568,2026-01-30,1,net demand for forecast,21137866|A672|E568|2026-01-30|net demand for forecast|046615
21137866,A672,E568,2026-01-30,1,net demand for forecast,21137866|A672|E568|2026-01-30|net demand for forecast|046616
21137866,A672,E568,2026-01-30,1,net demand for forecast,21137866|A672|E568|2026-01-30|net demand for forecast|046617
21137866,A672,E568,2026-01-30,1,net demand for forecast,21137866|A672|E568|2026-01-30|net demand for forecast|046618
21137866,A672,E568,2026-01-30,1,net demand for forecast,21137866|A672|E568|2026-01-30|net demand for forecast|046619
21141769,A672,E568,2026-01-30,5,net demand for safety,21141769|A672|E568|2026-01-30|net demand for safety|046669
21141769,A673,E556,2026-01-30,1,net demand for forecast,21141769|A673|E556|2026-01-30|net demand for forecast|046670
21141769,A673,E556,2026-01-30,1,net demand for forecast,21141769|A673|E556|2026-01-30|net demand for forecast|046671
21141769,A673,E556,2026-01-30,1,net demand for forecast,21141769|A673|E556|2026-01-30|net demand for forecast|046672
21141769,A673,E556,2026-01-30,1,net demand for forecast,21141769|A673|E556|2026-01-30|net demand for forecast|046673
21141769,A673,E556,2026-01-30,1,net demand for forecast,21141769|A673|E556|2026-01-30|net demand for forecast|046674
21141769,A673,E556,2026-01-30,1,net demand for forecast,21141769|A673|E556|2026-01-30|net demand for forecast|046675
21141769,A673,E556,2026-01-30,1,net demand for forecast,21141769|A673|E556|2026-01-30|net demand for forecast|046676
21148509,A673,E556,2026-01-30,1,net demand for forecast,21148509|A673|E556|2026-01-30|net demand for forecast|046693
21148509,A673,E556,2026-01-30,1,net demand for forecast,21148509|A673|E556|2026-01-30|net demand for forecast|046694
21148509,A673,E556,2026-01-30,1,net demand for forecast,21148509|A673|E556|2026-01-30|net demand for forecast|046695
21148509,A673,E556,2026-01-30,1,net demand for forecast,21148509|A673|E556|2026-01-30|net demand for forecast|046696
21148509,A673,E556,2026-01-30,1,net demand for forecast,21148509|A673|E556|2026-01-30|net demand for forecast|046697
21148509,A673,E556,2026-01-30,1,net demand for forecast,21148509|A673|E556|2026-01-30|net demand for forecast|046698
21148509,A673,E556,2026-01-30,1,net demand for forecast,21148509|A673|E556|2026-01-30|net demand for forecast|046699
21151196,C816,D191,2026-01-30,1,net demand for safety,21151196|C816|D191|2026-01-30|net demand for safety|046706
21155895,A673,E556,2026-01-30,1,net demand for safety,21155895|A673|E556|2026-01-30|net demand for safety|046707
21165946,C816,E467,2026-01-30,1,net demand for forecast,21165946|C816|E467|2026-01-30|net demand for forecast|046711
21165946,C816,E467,2026-01-30,1,net demand for forecast,21165946|C816|E467|2026-01-30|net demand for forecast|046712
21165946,C816,E467,2026-01-30,1,net demand for forecast,21165946|C816|E467|2026-01-30|net demand for forecast|046713
21165946,C816,E467,2026-01-30,1,net demand for forecast,21165946|C816|E467|2026-01-30|net demand for forecast|046714
21165946,C816,E467,2026-01-30,1,net demand for forecast,21165946|C816|E467|2026-01-30|net demand for forecast|046715
21165946,C816,E467,2026-01-30,4,net demand for safety,21165946|C816|E467|2026-01-30|net demand for safety|046716
21170683,A673,E556,2026-01-30,1,net demand for forecast,21170683|A673|E556|2026-01-30|net demand for forecast|046717
21170683,A673,E556,2026-01-30,1,net demand for forecast,21170683|A673|E556|2026-01-30|net demand for forecast|046718
21170683,A673,E556,2026-01-30,1,net demand for forecast,21170683|A673|E556|2026-01-30|net demand for forecast|046719
21170683,A673,E556,2026-01-30,1,net demand for forecast,21170683|A673|E556|2026-01-30|net demand for forecast|046720
21170683,A673,E556,2026-01-30,1,net demand for forecast,21170683|A673|E556|2026-01-30|net demand for forecast|046721
21170683,A673,E556,2026-01-30,1,net demand for forecast,21170683|A673|E556|2026-01-30|net demand for forecast|046722
21170683,A673,E556,2026-01-30,1,net demand for forecast,21170683|A673|E556|2026-01-30|net demand for forecast|046723
21170683,C816,E467,2026-01-30,1,net demand for safety,21170683|C816|E467|2026-01-30|net demand for safety|046725
21179704,C816,D767,2026-01-30,1,net demand for forecast,21179704|C816|D767|2026-01-30|net demand for forecast|046729
21179704,C816,D767,2026-01-30,1,net demand for forecast,21179704|C816|D767|2026-01-30|net demand for forecast|046730
21179704,C816,D767,2026-01-30,3,net demand for safety,21179704|C816|D767|2026-01-30|net demand for safety|046731
21304907,C816,D767,2026-01-30,2,net demand for safety,21304907|C816|D767|2026-01-30|net demand for safety|046740
21314602,C816,D767,2026-01-30,5,net demand for safety,21314602|C816|D767|2026-01-30|net demand for safety|046765
21352461,C816,C810,2026-01-30,1,net demand for forecast,21352461|C816|C810|2026-01-30|net demand for forecast|046889
21352461,C816,C810,2026-01-30,1,net demand for forecast,21352461|C816|C810|2026-01-30|net demand for forecast|046890
21352461,C816,C810,2026-01-30,1,net demand for forecast,21352461|C816|C810|2026-01-30|net demand for forecast|046891
21352461,C816,C810,2026-01-30,1,net demand for forecast,21352461|C816|C810|2026-01-30|net demand for forecast|046892
21352461,C816,C810,2026-01-30,1,net demand for normal,21352461|C816|C810|2026-01-30|net demand for normal|046893
21354246,C816,D767,2026-01-30,2,net demand for safety,21354246|C816|D767|2026-01-30|net demand for safety|046898
21357275,C816,C810,2026-01-30,1,net demand for forecast,21357275|C816|C810|2026-01-30|net demand for forecast|046899
21357275,C816,C810,2026-01-30,1,net demand for forecast,21357275|C816|C810|2026-01-30|net demand for forecast|046900
21357275,C816,C810,2026-01-30,1,net demand for forecast,21357275|C816|C810|2026-01-30|net demand for forecast|046901
21357275,C816,C810,2026-01-30,1,net demand for forecast,21357275|C816|C810|2026-01-30|net demand for forecast|046902
21357275,C816,C810,2026-01-30,4,net demand for safety,21357275|C816|C810|2026-01-30|net demand for safety|046903
21377504,C816,D767,2026-01-30,1,net demand for safety,21377504|C816|D767|2026-01-30|net demand for safety|046905
21434954,C816,C937,2026-01-30,1,net demand for safety,21434954|C816|C937|2026-01-30|net demand for safety|046936
80804132,A672,C819,2026-01-30,1,net demand for forecast,80804132|A672|C819|2026-01-30|net demand for forecast|047044
80804132,A672,C819,2026-01-30,1,net demand for forecast,80804132|A672|C819|2026-01-30|net demand for forecast|047045
80804132,A672,C819,2026-01-30,1,net demand for forecast,80804132|A672|C819|2026-01-30|net demand for forecast|047046
80804132,A672,C819,2026-01-30,1,net demand for forecast,80804132|A672|C819|2026-01-30|net demand for forecast|047047
80804132,A672,C819,2026-01-30,1,net demand for forecast,80804132|A672|C819|2026-01-30|net demand for forecast|047048
80804132,A672,C819,2026-01-30,1,net demand for forecast,80804132|A672|C819|2026-01-30|net demand for forecast|047049
80804132,A672,C819,2026-01-30,1,net demand for forecast,80804132|A672|C819|2026-01-30|net demand for forecast|047050
80804132,A672,C819,2026-01-30,1,net demand for forecast,80804132|A672|C819|2026-01-30|net demand for forecast|047051
80804132,A672,E568,2026-01-30,1,net demand for forecast,80804132|A672|E568|2026-01-30|net demand for forecast|047052
80804132,A672,E568,2026-01-30,1,net demand for forecast,80804132|A672|E568|2026-01-30|net demand for forecast|047053
80804132,A672,E568,2026-01-30,1,net demand for forecast,80804132|A672|E568|2026-01-30|net demand for forecast|047054
80804133,C816,E467,2026-01-30,2,net demand for safety,80804133|C816|E467|2026-01-30|net demand for safety|047066
80804134,A672,C819,2026-01-30,1,net demand for forecast,80804134|A672|C819|2026-01-30|net demand for forecast|047068
80804134,A672,C819,2026-01-30,1,net demand for forecast,80804134|A672|C819|2026-01-30|net demand for forecast|047069
80804134,A672,C819,2026-01-30,1,net demand for forecast,80804134|A672|C819|2026-01-30|net demand for forecast|047070
80804134,A672,C819,2026-01-30,1,net demand for forecast,80804134|A672|C819|2026-01-30|net demand for forecast|047071
80804134,A672,C819,2026-01-30,1,net demand for forecast,80804134|A672|C819|2026-01-30|net demand for forecast|047072
80804134,A672,C819,2026-01-30,1,net demand for forecast,80804134|A672|C819|2026-01-30|net demand for forecast|047073
80804134,A672,C819,2026-01-30,1,net demand for forecast,80804134|A672|C819|2026-01-30|net demand for forecast|047074
80804134,A672,C819,2026-01-30,1,net demand for forecast,80804134|A672|C819|2026-01-30|net demand for forecast|047075
80804136,A672,C819,2026-01-30,1,net demand for forecast,80804136|A672|C819|2026-01-30|net demand for forecast|047090
80804136,A672,C819,2026-01-30,1,net demand for forecast,80804136|A672|C819|2026-01-30|net demand for forecast|047091
80804136,A672,C819,2026-01-30,1,net demand for forecast,80804136|A672|C819|2026-01-30|net demand for forecast|047092
80804136,A672,C819,2026-01-30,1,net demand for forecast,80804136|A672|C819|2026-01-30|net demand for forecast|047093
80804136,A672,C819,2026-01-30,1,net demand for forecast,80804136|A672|C819|2026-01-30|net demand for forecast|047094
80804136,A672,C819,2026-01-30,1,net demand for forecast,80804136|A672|C819|2026-01-30|net demand for forecast|047095
80804136,A672,C819,2026-01-30,1,net demand for forecast,80804136|A672|C819|2026-01-30|net demand for forecast|047096
80804698,A673,E556,2026-01-30,1,net demand for forecast,80804698|A673|E556|2026-01-30|net demand for forecast|047130
80804698,A673,E556,2026-01-30,1,net demand for forecast,80804698|A673|E556|2026-01-30|net demand for forecast|047131
80804698,A673,E556,2026-01-30,1,net demand for forecast,80804698|A673|E556|2026-01-30|net demand for forecast|047132
80804698,A673,E556,2026-01-30,1,net demand for forecast,80804698|A673|E556|2026-01-30|net demand for forecast|047133
80804701,A673,E556,2026-01-30,1,net demand for forecast,80804701|A673|E556|2026-01-30|net demand for forecast|047156
80804701,A673,E556,2026-01-30,1,net demand for forecast,80804701|A673|E556|2026-01-30|net demand for forecast|047157
80804701,A673,E556,2026-01-30,1,net demand for forecast,80804701|A673|E556|2026-01-30|net demand for forecast|047158
80804701,A673,E556,2026-01-30,1,net demand for forecast,80804701|A673|E556|2026-01-30|net demand for forecast|047159
80804704,A673,C819,2026-01-30,1,net demand for forecast,80804704|A673|C819|2026-01-30|net demand for forecast|047250
80804704,A673,C819,2026-01-30,1,net demand for forecast,80804704|A673|C819|2026-01-30|net demand for forecast|047251
80804704,A673,C819,2026-01-30,1,net demand for forecast,80804704|A673|C819|2026-01-30|net demand for forecast|047252
80804704,A673,C819,2026-01-30,1,net demand for forecast,80804704|A673|C819|2026-01-30|net demand for forecast|047253
80804704,A673,C819,2026-01-30,1,net demand for forecast,80804704|A673|C819|2026-01-30|net demand for forecast|047254
80804704,A673,C819,2026-01-30,1,net demand for forecast,80804704|A673|C819|2026-01-30|net demand for forecast|047255
80804705,A672,E568,2026-01-30,1,net demand for normal,80804705|A672|E568|2026-01-30|net demand for normal|047271
80805856,A672,C819,2026-01-30,1,net demand for normal,80805856|A672|C819|2026-01-30|net demand for normal|047319
80807095,A672,C819,2026-01-30,1,net demand for AO,80807095|A672|C819|2026-01-30|net demand for AO|047441
80807095,A672,C819,2026-01-30,1,net demand for AO,80807095|A672|C819|2026-01-30|net demand for AO|047442
80807095,A672,C819,2026-01-30,1,net demand for AO,80807095|A672|C819|2026-01-30|net demand for AO|047443
80807095,A672,C819,2026-01-30,1,net demand for AO,80807095|A672|C819|2026-01-30|net demand for AO|047444
80807110,A672,C819,2026-01-30,1,net demand for forecast,80807110|A672|C819|2026-01-30|net demand for forecast|047468
80807110,A672,C819,2026-01-30,1,net demand for forecast,80807110|A672|C819|2026-01-30|net demand for forecast|047469
80807110,A672,C819,2026-01-30,1,net demand for forecast,80807110|A672|C819|2026-01-30|net demand for forecast|047470
80807110,A672,C819,2026-01-30,1,net demand for forecast,80807110|A672|C819|2026-01-30|net demand for forecast|047471
80807110,A672,C819,2026-01-30,1,net demand for forecast,80807110|A672|C819|2026-01-30|net demand for forecast|047472
80807110,A672,C819,2026-01-30,1,net demand for forecast,80807110|A672|C819|2026-01-30|net demand for forecast|047473
80807110,A672,C819,2026-01-30,1,net demand for forecast,80807110|A672|C819|2026-01-30|net demand for forecast|047474
80807110,A672,C819,2026-01-30,1,net demand for forecast,80807110|A672|C819|2026-01-30|net demand for forecast|047475
80807110,A672,C819,2026-01-30,12,net demand for safety,80807110|A672|C819|2026-01-30|net demand for safety|047476
80807110,A672,E568,2026-01-30,1,net demand for safety,80807110|A672|E568|2026-01-30|net demand for safety|047478
80807116,C816,D191,2026-01-30,1,net demand for forecast,80807116|C816|D191|2026-01-30|net demand for forecast|047523
80807116,C816,D191,2026-01-30,1,net demand for forecast,80807116|C816|D191|2026-01-30|net demand for forecast|047524
80807116,C816,D191,2026-01-30,1,net demand for forecast,80807116|C816|D191|2026-01-30|net demand for forecast|047525
80807116,C816,D191,2026-01-30,1,net demand for forecast,80807116|C816|D191|2026-01-30|net demand for forecast|047526
80807120,A672,C819,2026-01-30,1,net demand for forecast,80807120|A672|C819|2026-01-30|net demand for forecast|047565
80807120,A672,C819,2026-01-30,1,net demand for forecast,80807120|A672|C819|2026-01-30|net demand for forecast|047566
80807120,A672,C819,2026-01-30,1,net demand for forecast,80807120|A672|C819|2026-01-30|net demand for forecast|047567
80807120,A672,C819,2026-01-30,1,net demand for forecast,80807120|A672|C819|2026-01-30|net demand for forecast|047568
80807120,A672,C819,2026-01-30,1,net demand for forecast,80807120|A672|C819|2026-01-30|net demand for forecast|047569
80807120,A672,C819,2026-01-30,1,net demand for forecast,80807120|A672|C819|2026-01-30|net demand for forecast|047570
80807120,A672,C819,2026-01-30,1,net demand for forecast,80807120|A672|C819|2026-01-30|net demand for forecast|047571
80807120,A672,C819,2026-01-30,2,net demand for safety,80807120|A672|C819|2026-01-30|net demand for safety|047572
80812840,A672,E568,2026-01-30,2,net demand for safety,80812840|A672|E568|2026-01-30|net demand for safety|047589
80812845,A672,C819,2026-01-30,1,net demand for forecast,80812845|A672|C819|2026-01-30|net demand for forecast|047617
80812845,A672,C819,2026-01-30,1,net demand for forecast,80812845|A672|C819|2026-01-30|net demand for forecast|047618
80812845,A672,C819,2026-01-30,1,net demand for forecast,80812845|A672|C819|2026-01-30|net demand for forecast|047619
80812845,A672,C819,2026-01-30,1,net demand for forecast,80812845|A672|C819|2026-01-30|net demand for forecast|047620
80812845,A672,C819,2026-01-30,1,net demand for forecast,80812845|A672|C819|2026-01-30|net demand for forecast|047621
80812845,A672,C819,2026-01-30,1,net demand for forecast,80812845|A672|C819|2026-01-30|net demand for forecast|047622
80812845,A672,C819,2026-01-30,1,net demand for forecast,80812845|A672|C819|2026-01-30|net demand for forecast|047623
80812845,A672,C819,2026-01-30,5,net demand for safety,80812845|A672|C819|2026-01-30|net demand for safety|047624
80812845,C816,E467,2026-01-30,1,net demand for forecast,80812845|C816|E467|2026-01-30|net demand for forecast|047632
80812845,C816,E467,2026-01-30,1,net demand for forecast,80812845|C816|E467|2026-01-30|net demand for forecast|047633
80812845,C816,E467,2026-01-30,1,net demand for forecast,80812845|C816|E467|2026-01-30|net demand for forecast|047634
80812845,C816,E467,2026-01-30,1,net demand for forecast,80812845|C816|E467|2026-01-30|net demand for forecast|047635
80812845,C816,E467,2026-01-30,1,net demand for forecast,80812845|C816|E467|2026-01-30|net demand for forecast|047636
80812846,A673,C819,2026-01-30,1,net demand for forecast,80812846|A673|C819|2026-01-30|net demand for forecast|047637
80812846,A673,C819,2026-01-30,1,net demand for forecast,80812846|A673|C819|2026-01-30|net demand for forecast|047638
80812846,A673,C819,2026-01-30,1,net demand for forecast,80812846|A673|C819|2026-01-30|net demand for forecast|047639
80812846,A673,C819,2026-01-30,1,net demand for forecast,80812846|A673|C819|2026-01-30|net demand for forecast|047640
80812846,A673,C819,2026-01-30,1,net demand for forecast,80812846|A673|C819|2026-01-30|net demand for forecast|047641
80812846,A673,C819,2026-01-30,1,net demand for forecast,80812846|A673|C819|2026-01-30|net demand for forecast|047642
80812846,A673,C819,2026-01-30,1,net demand for forecast,80812846|A673|C819|2026-01-30|net demand for forecast|047643
80812846,A673,C819,2026-01-30,1,net demand for forecast,80812846|A673|C819|2026-01-30|net demand for forecast|047644
80812846,A673,C819,2026-01-30,1,net demand for forecast,80812846|A673|C819|2026-01-30|net demand for forecast|047645
80812846,A673,C819,2026-01-30,5,net demand for safety,80812846|A673|C819|2026-01-30|net demand for safety|047646
80840975,C816,D767,2026-01-30,2,net demand for safety,80840975|C816|D767|2026-01-30|net demand for safety|047681
80848023,A672,C819,2026-01-30,1,net demand for forecast,80848023|A672|C819|2026-01-30|net demand for forecast|047700
80848023,A672,C819,2026-01-30,1,net demand for forecast,80848023|A672|C819|2026-01-30|net demand for forecast|047701
80848023,A672,C819,2026-01-30,1,net demand for forecast,80848023|A672|C819|2026-01-30|net demand for forecast|047702
80848023,A672,C819,2026-01-30,1,net demand for forecast,80848023|A672|C819|2026-01-30|net demand for forecast|047703
80848023,A672,C819,2026-01-30,1,net demand for forecast,80848023|A672|C819|2026-01-30|net demand for forecast|047704
80848023,A672,C819,2026-01-30,1,net demand for forecast,80848023|A672|C819|2026-01-30|net demand for forecast|047705
80848023,A672,C819,2026-01-30,1,net demand for forecast,80848023|A672|C819|2026-01-30|net demand for forecast|047706
80848023,A672,E568,2026-01-30,1,net demand for forecast,80848023|A672|E568|2026-01-30|net demand for forecast|047707
80848023,A672,E568,2026-01-30,1,net demand for forecast,80848023|A672|E568|2026-01-30|net demand for forecast|047708
80848023,A672,E568,2026-01-30,1,net demand for forecast,80848023|A672|E568|2026-01-30|net demand for forecast|047709
80848023,A672,E568,2026-01-30,1,net demand for forecast,80848023|A672|E568|2026-01-30|net demand for forecast|047710
80848023,A672,E568,2026-01-30,1,net demand for forecast,80848023|A672|E568|2026-01-30|net demand for forecast|047711
80848023,A672,E568,2026-01-30,1,net demand for forecast,80848023|A672|E568|2026-01-30|net demand for forecast|047712
80848023,C816,D767,2026-01-30,2,net demand for safety,80848023|C816|D767|2026-01-30|net demand for safety|047713
80848028,C816,E467,2026-01-30,1,net demand for safety,80848028|C816|E467|2026-01-30|net demand for safety|047746
80848029,A673,C819,2026-01-30,1,net demand for forecast,80848029|A673|C819|2026-01-30|net demand for forecast|047747
80848029,A673,C819,2026-01-30,1,net demand for forecast,80848029|A673|C819|2026-01-30|net demand for forecast|047748
80848029,A673,C819,2026-01-30,1,net demand for forecast,80848029|A673|C819|2026-01-30|net demand for forecast|047749
80848029,A673,C819,2026-01-30,1,net demand for forecast,80848029|A673|C819|2026-01-30|net demand for forecast|047750
80848029,A673,C819,2026-01-30,1,net demand for forecast,80848029|A673|C819|2026-01-30|net demand for forecast|047751
80848029,A673,C819,2026-01-30,1,net demand for forecast,80848029|A673|C819|2026-01-30|net demand for forecast|047752
80848029,A673,C819,2026-01-30,1,net demand for forecast,80848029|A673|C819|2026-01-30|net demand for forecast|047753
80848029,A673,C819,2026-01-30,1,net demand for forecast,80848029|A673|C819|2026-01-30|net demand for forecast|047754
80848029,A673,C819,2026-01-30,1,net demand for forecast,80848029|A673|C819|2026-01-30|net demand for forecast|047755
80851898,C816,D767,2026-01-30,1,net demand for safety,80851898|C816|D767|2026-01-30|net demand for safety|047760
80864469,A672,E568,2026-01-30,1,net demand for forecast,80864469|A672|E568|2026-01-30|net demand for forecast|047769
80864469,A672,E568,2026-01-30,1,net demand for forecast,80864469|A672|E568|2026-01-30|net demand for forecast|047770
80864469,A672,E568,2026-01-30,1,net demand for forecast,80864469|A672|E568|2026-01-30|net demand for forecast|047771
80864469,A673,C819,2026-01-30,1,net demand for forecast,80864469|A673|C819|2026-01-30|net demand for forecast|047772
80864469,A673,C819,2026-01-30,1,net demand for forecast,80864469|A673|C819|2026-01-30|net demand for forecast|047773
80864469,A673,C819,2026-01-30,1,net demand for forecast,80864469|A673|C819|2026-01-30|net demand for forecast|047774
80864469,A673,C819,2026-01-30,1,net demand for forecast,80864469|A673|C819|2026-01-30|net demand for forecast|047775
80864469,C816,D767,2026-01-30,4,net demand for safety,80864469|C816|D767|2026-01-30|net demand for safety|047784
80864469,C816,E467,2026-01-30,3,net demand for safety,80864469|C816|E467|2026-01-30|net demand for safety|047785
80864470,A672,C819,2026-01-30,4,net demand for safety,80864470|A672|C819|2026-01-30|net demand for safety|047787
80864470,C816,D767,2026-01-30,2,net demand for safety,80864470|C816|D767|2026-01-30|net demand for safety|047789
80864470,C816,E467,2026-01-30,2,net demand for safety,80864470|C816|E467|2026-01-30|net demand for safety|047790
21098519,C810,C937,2026-01-31,4,net demand for safety,21098519|C810|C937|2026-01-31|net demand for safety|047828
21103371,C810,C937,2026-01-31,1,net demand for safety,21103371|C810|C937|2026-01-31|net demand for safety|047831
21103372,C810,C937,2026-01-31,1,net demand for forecast,21103372|C810|C937|2026-01-31|net demand for forecast|047834
21103372,C810,C937,2026-01-31,1,net demand for forecast,21103372|C810|C937|2026-01-31|net demand for forecast|047835
21103372,C810,C937,2026-01-31,1,net demand for forecast,21103372|C810|C937|2026-01-31|net demand for forecast|047836
21103372,C810,C937,2026-01-31,1,net demand for forecast,21103372|C810|C937|2026-01-31|net demand for forecast|047837
21103372,C810,C937,2026-01-31,1,net demand for forecast,21103372|C810|C937|2026-01-31|net demand for forecast|047838
21103372,C810,C937,2026-01-31,1,net demand for forecast,21103372|C810|C937|2026-01-31|net demand for forecast|047839
21103372,C810,C937,2026-01-31,1,net demand for forecast,21103372|C810|C937|2026-01-31|net demand for forecast|047840
21113405,C810,C937,2026-01-31,1,net demand for safety,21113405|C810|C937|2026-01-31|net demand for safety|047841
21121751,C816,D767,2026-01-31,3,net demand for safety,21121751|C816|D767|2026-01-31|net demand for safety|047843
21121752,A672,C819,2026-01-31,1,net demand for safety,21121752|A672|C819|2026-01-31|net demand for safety|047844
21121752,C816,D767,2026-01-31,2,net demand for safety,21121752|C816|D767|2026-01-31|net demand for safety|047846
21128067,A673,C819,2026-01-31,2,net demand for safety,21128067|A673|C819|2026-01-31|net demand for safety|047861
21132758,C810,C937,2026-01-31,13,net demand for safety,21132758|C810|C937|2026-01-31|net demand for safety|047874
21132988,A672,C819,2026-01-31,1,net demand for forecast,21132988|A672|C819|2026-01-31|net demand for forecast|047894
21132988,A672,C819,2026-01-31,1,net demand for forecast,21132988|A672|C819|2026-01-31|net demand for forecast|047895
21132988,A672,C819,2026-01-31,1,net demand for forecast,21132988|A672|C819|2026-01-31|net demand for forecast|047896
21132988,A672,C819,2026-01-31,1,net demand for forecast,21132988|A672|C819|2026-01-31|net demand for forecast|047897
21132988,A672,C819,2026-01-31,1,net demand for forecast,21132988|A672|C819|2026-01-31|net demand for forecast|047898
21132988,A672,C819,2026-01-31,1,net demand for forecast,21132988|A672|C819|2026-01-31|net demand for forecast|047899
21132988,A672,C819,2026-01-31,1,net demand for forecast,21132988|A672|C819|2026-01-31|net demand for forecast|047900
21132988,A672,C819,2026-01-31,1,net demand for forecast,21132988|A672|C819|2026-01-31|net demand for forecast|047901
21132988,A672,E568,2026-01-31,1,net demand for forecast,21132988|A672|E568|2026-01-31|net demand for forecast|047902
21132988,A672,E568,2026-01-31,1,net demand for forecast,21132988|A672|E568|2026-01-31|net demand for forecast|047903
21132988,A672,E568,2026-01-31,1,net demand for forecast,21132988|A672|E568|2026-01-31|net demand for forecast|047904
21132988,A672,E568,2026-01-31,1,net demand for forecast,21132988|A672|E568|2026-01-31|net demand for forecast|047905
21132988,A672,E568,2026-01-31,1,net demand for forecast,21132988|A672|E568|2026-01-31|net demand for forecast|047906
21132988,A672,E568,2026-01-31,1,net demand for forecast,21132988|A672|E568|2026-01-31|net demand for forecast|047907
21132988,A672,E568,2026-01-31,1,net demand for forecast,21132988|A672|E568|2026-01-31|net demand for forecast|047908
21132988,C810,C937,2026-01-31,10,net demand for safety,21132988|C810|C937|2026-01-31|net demand for safety|047913
21137866,C810,C937,2026-01-31,1,net demand for forecast,21137866|C810|C937|2026-01-31|net demand for forecast|047935
21137866,C810,C937,2026-01-31,1,net demand for forecast,21137866|C810|C937|2026-01-31|net demand for forecast|047936
21137866,C810,C937,2026-01-31,1,net demand for forecast,21137866|C810|C937|2026-01-31|net demand for forecast|047937
21137866,C810,C937,2026-01-31,1,net demand for forecast,21137866|C810|C937|2026-01-31|net demand for forecast|047938
21137866,C810,C937,2026-01-31,1,net demand for forecast,21137866|C810|C937|2026-01-31|net demand for forecast|047939
21137866,C810,C937,2026-01-31,1,net demand for forecast,21137866|C810|C937|2026-01-31|net demand for forecast|047940
21137866,C810,C937,2026-01-31,1,net demand for forecast,21137866|C810|C937|2026-01-31|net demand for forecast|047941
21141769,A672,E568,2026-01-31,1,net demand for forecast,21141769|A672|E568|2026-01-31|net demand for forecast|047962
21141769,A672,E568,2026-01-31,1,net demand for forecast,21141769|A672|E568|2026-01-31|net demand for forecast|047963
21141769,A672,E568,2026-01-31,1,net demand for forecast,21141769|A672|E568|2026-01-31|net demand for forecast|047964
21141769,A672,E568,2026-01-31,1,net demand for forecast,21141769|A672|E568|2026-01-31|net demand for forecast|047965
21141769,A672,E568,2026-01-31,1,net demand for forecast,21141769|A672|E568|2026-01-31|net demand for forecast|047966
21141769,A673,E556,2026-01-31,1,net demand for forecast,21141769|A673|E556|2026-01-31|net demand for forecast|047967
21141769,A673,E556,2026-01-31,1,net demand for forecast,21141769|A673|E556|2026-01-31|net demand for forecast|047968
21141769,A673,E556,2026-01-31,1,net demand for forecast,21141769|A673|E556|2026-01-31|net demand for forecast|047969
21141769,A673,E556,2026-01-31,1,net demand for forecast,21141769|A673|E556|2026-01-31|net demand for forecast|047970
21141769,A673,E556,2026-01-31,1,net demand for forecast,21141769|A673|E556|2026-01-31|net demand for forecast|047971
21141769,A673,E556,2026-01-31,1,net demand for forecast,21141769|A673|E556|2026-01-31|net demand for forecast|047972
21141769,A673,E556,2026-01-31,1,net demand for forecast,21141769|A673|E556|2026-01-31|net demand for forecast|047973
21141769,C810,C937,2026-01-31,1,net demand for forecast,21141769|C810|C937|2026-01-31|net demand for forecast|047974
21141769,C810,C937,2026-01-31,1,net demand for forecast,21141769|C810|C937|2026-01-31|net demand for forecast|047975
21141769,C810,C937,2026-01-31,1,net demand for forecast,21141769|C810|C937|2026-01-31|net demand for forecast|047976
21141769,C810,C937,2026-01-31,1,net demand for forecast,21141769|C810|C937|2026-01-31|net demand for forecast|047977
21141769,C810,C937,2026-01-31,1,net demand for forecast,21141769|C810|C937|2026-01-31|net demand for forecast|047978
21141769,C810,C937,2026-01-31,1,net demand for forecast,21141769|C810|C937|2026-01-31|net demand for forecast|047979
21141769,C810,C937,2026-01-31,1,net demand for forecast,21141769|C810|C937|2026-01-31|net demand for forecast|047980
21141769,C810,C937,2026-01-31,5,net demand for safety,21141769|C810|C937|2026-01-31|net demand for safety|047981
21143102,C810,C937,2026-01-31,1,net demand for normal,21143102|C810|C937|2026-01-31|net demand for normal|048019
21151196,C816,D191,2026-01-31,1,net demand for safety,21151196|C816|D191|2026-01-31|net demand for safety|048036
21155895,A673,E556,2026-01-31,1,net demand for safety,21155895|A673|E556|2026-01-31|net demand for safety|048038
21170683,C816,E467,2026-01-31,1,net demand for safety,21170683|C816|E467|2026-01-31|net demand for safety|048045
21179704,C816,D767,2026-01-31,1,net demand for forecast,21179704|C816|D767|2026-01-31|net demand for forecast|048050
21179704,C816,D767,2026-01-31,1,net demand for forecast,21179704|C816|D767|2026-01-31|net demand for forecast|048051
21179704,C816,D767,2026-01-31,1,net demand for forecast,21179704|C816|D767|2026-01-31|net demand for forecast|048052
21179704,C816,D767,2026-01-31,1,net demand for normal,21179704|C816|D767|2026-01-31|net demand for normal|048053
21179704,C816,D767,2026-01-31,1,net demand for safety,21179704|C816|D767|2026-01-31|net demand for safety|048054
21304907,C816,D767,2026-01-31,1,net demand for safety,21304907|C816|D767|2026-01-31|net demand for safety|048057
21314602,C816,D767,2026-01-31,1,net demand for safety,21314602|C816|D767|2026-01-31|net demand for safety|048082
21325164,C810,C937,2026-01-31,1,net demand for safety,21325164|C810|C937|2026-01-31|net demand for safety|048184
21354246,C816,D767,2026-01-31,1,net demand for safety,21354246|C816|D767|2026-01-31|net demand for safety|048229
21377504,C816,D767,2026-01-31,1,net demand for safety,21377504|C816|D767|2026-01-31|net demand for safety|048230
80804132,C810,C937,2026-01-31,3,net demand for safety,80804132|C810|C937|2026-01-31|net demand for safety|048383
80804132,C816,E467,2026-01-31,2,net demand for safety,80804132|C816|E467|2026-01-31|net demand for safety|048384
80804133,A672,C819,2026-01-31,1,net demand for forecast,80804133|A672|C819|2026-01-31|net demand for forecast|048393
80804133,A672,C819,2026-01-31,1,net demand for forecast,80804133|A672|C819|2026-01-31|net demand for forecast|048394
80804133,A672,C819,2026-01-31,1,net demand for forecast,80804133|A672|C819|2026-01-31|net demand for forecast|048395
80804133,A672,C819,2026-01-31,1,net demand for forecast,80804133|A672|C819|2026-01-31|net demand for forecast|048396
80804133,A672,C819,2026-01-31,1,net demand for forecast,80804133|A672|C819|2026-01-31|net demand for forecast|048397
80804133,A672,C819,2026-01-31,1,net demand for forecast,80804133|A672|C819|2026-01-31|net demand for forecast|048398
80804133,A672,C819,2026-01-31,1,net demand for forecast,80804133|A672|C819|2026-01-31|net demand for forecast|048399
80804133,A672,C819,2026-01-31,1,net demand for forecast,80804133|A672|C819|2026-01-31|net demand for forecast|048400
80804133,C816,E467,2026-01-31,1,net demand for safety,80804133|C816|E467|2026-01-31|net demand for safety|048402
80804134,A672,C819,2026-01-31,1,net demand for forecast,80804134|A672|C819|2026-01-31|net demand for forecast|048411
80804134,A672,C819,2026-01-31,1,net demand for forecast,80804134|A672|C819|2026-01-31|net demand for forecast|048412
80804134,A672,C819,2026-01-31,1,net demand for forecast,80804134|A672|C819|2026-01-31|net demand for forecast|048413
80804134,A672,C819,2026-01-31,1,net demand for forecast,80804134|A672|C819|2026-01-31|net demand for forecast|048414
80804134,A672,C819,2026-01-31,1,net demand for forecast,80804134|A672|C819|2026-01-31|net demand for forecast|048415
80804134,A672,C819,2026-01-31,1,net demand for forecast,80804134|A672|C819|2026-01-31|net demand for forecast|048416
80804134,A672,C819,2026-01-31,1,net demand for forecast,80804134|A672|C819|2026-01-31|net demand for forecast|048417
80804136,A672,C819,2026-01-31,1,net demand for forecast,80804136|A672|C819|2026-01-31|net demand for forecast|048479
80804136,A672,C819,2026-01-31,2,net demand for forecast,80804136|A672|C819|2026-01-31|net demand for forecast|048480
80804136,A672,C819,2026-01-31,2,net demand for forecast,80804136|A672|C819|2026-01-31|net demand for forecast|048481
80804136,A672,C819,2026-01-31,2,net demand for forecast,80804136|A672|C819|2026-01-31|net demand for forecast|048482
80804136,A672,C819,2026-01-31,2,net demand for forecast,80804136|A672|C819|2026-01-31|net demand for forecast|048483
80804136,A672,C819,2026-01-31,2,net demand for forecast,80804136|A672|C819|2026-01-31|net demand for forecast|048484
80804136,A672,C819,2026-01-31,2,net demand for forecast,80804136|A672|C819|2026-01-31|net demand for forecast|048485
80804138,A672,C819,2026-01-31,1,net demand for safety,80804138|A672|C819|2026-01-31|net demand for safety|048487
80804698,A673,E556,2026-01-31,1,net demand for forecast,80804698|A673|E556|2026-01-31|net demand for forecast|048491
80804698,A673,E556,2026-01-31,1,net demand for forecast,80804698|A673|E556|2026-01-31|net demand for forecast|048492
80804698,A673,E556,2026-01-31,1,net demand for forecast,80804698|A673|E556|2026-01-31|net demand for forecast|048493
80804698,A673,E556,2026-01-31,1,net demand for forecast,80804698|A673|E556|2026-01-31|net demand for forecast|048494
80804698,A673,E556,2026-01-31,1,net demand for forecast,80804698|A673|E556|2026-01-31|net demand for forecast|048495
80804701,C810,C937,2026-01-31,1,net demand for safety,80804701|C810|C937|2026-01-31|net demand for safety|048526
80804703,C810,C937,2026-01-31,1,net demand for forecast,80804703|C810|C937|2026-01-31|net demand for forecast|048564
80804703,C810,C937,2026-01-31,1,net demand for forecast,80804703|C810|C937|2026-01-31|net demand for forecast|048565
80804703,C810,C937,2026-01-31,1,net demand for forecast,80804703|C810|C937|2026-01-31|net demand for forecast|048566
80804703,C810,C937,2026-01-31,1,net demand for forecast,80804703|C810|C937|2026-01-31|net demand for forecast|048567
80804703,C810,C937,2026-01-31,1,net demand for forecast,80804703|C810|C937|2026-01-31|net demand for forecast|048568
80804703,C810,C937,2026-01-31,1,net demand for forecast,80804703|C810|C937|2026-01-31|net demand for forecast|048569
80804703,C810,C937,2026-01-31,4,net demand for safety,80804703|C810|C937|2026-01-31|net demand for safety|048570
80804704,A673,C819,2026-01-31,1,net demand for forecast,80804704|A673|C819|2026-01-31|net demand for forecast|048586
80804704,A673,C819,2026-01-31,1,net demand for forecast,80804704|A673|C819|2026-01-31|net demand for forecast|048587
80804704,A673,C819,2026-01-31,1,net demand for forecast,80804704|A673|C819|2026-01-31|net demand for forecast|048588
80804704,A673,C819,2026-01-31,1,net demand for forecast,80804704|A673|C819|2026-01-31|net demand for forecast|048589
80804704,A673,C819,2026-01-31,1,net demand for forecast,80804704|A673|C819|2026-01-31|net demand for forecast|048590
80804704,A673,C819,2026-01-31,1,net demand for forecast,80804704|A673|C819|2026-01-31|net demand for forecast|048591
80804704,C816,D191,2026-01-31,3,net demand for safety,80804704|C816|D191|2026-01-31|net demand for safety|048622
80804705,A672,E568,2026-01-31,1,net demand for normal,80804705|A672|E568|2026-01-31|net demand for normal|048632
80805856,A672,C819,2026-01-31,1,net demand for normal,80805856|A672|C819|2026-01-31|net demand for normal|048676
80807089,C810,C937,2026-01-31,3,net demand for forecast,80807089|C810|C937|2026-01-31|net demand for forecast|048679
80807089,C810,C937,2026-01-31,3,net demand for forecast,80807089|C810|C937|2026-01-31|net demand for forecast|048680
80807089,C810,C937,2026-01-31,3,net demand for forecast,80807089|C810|C937|2026-01-31|net demand for forecast|048681
80807089,C810,C937,2026-01-31,3,net demand for forecast,80807089|C810|C937|2026-01-31|net demand for forecast|048682
80807089,C810,C937,2026-01-31,3,net demand for forecast,80807089|C810|C937|2026-01-31|net demand for forecast|048683
80807089,C810,C937,2026-01-31,3,net demand for forecast,80807089|C810|C937|2026-01-31|net demand for forecast|048684
80807089,C810,C937,2026-01-31,3,net demand for forecast,80807089|C810|C937|2026-01-31|net demand for forecast|048685
80807089,C810,C937,2026-01-31,3,net demand for normal,80807089|C810|C937|2026-01-31|net demand for normal|048686
80807089,C810,C937,2026-01-31,21,net demand for safety,80807089|C810|C937|2026-01-31|net demand for safety|048687
80807091,C810,C937,2026-01-31,1,net demand for forecast,80807091|C810|C937|2026-01-31|net demand for forecast|048717
80807091,C810,C937,2026-01-31,1,net demand for forecast,80807091|C810|C937|2026-01-31|net demand for forecast|048718
80807091,C810,C937,2026-01-31,1,net demand for forecast,80807091|C810|C937|2026-01-31|net demand for forecast|048719
80807091,C810,C937,2026-01-31,1,net demand for forecast,80807091|C810|C937|2026-01-31|net demand for forecast|048720
80807091,C810,C937,2026-01-31,1,net demand for forecast,80807091|C810|C937|2026-01-31|net demand for forecast|048721
80807091,C810,C937,2026-01-31,1,net demand for forecast,80807091|C810|C937|2026-01-31|net demand for forecast|048722
80807091,C810,C937,2026-01-31,1,net demand for forecast,80807091|C810|C937|2026-01-31|net demand for forecast|048723
80807091,C810,C937,2026-01-31,2,net demand for safety,80807091|C810|C937|2026-01-31|net demand for safety|048724
80807095,A672,C819,2026-01-31,1,net demand for AO,80807095|A672|C819|2026-01-31|net demand for AO|048759
80807095,A672,C819,2026-01-31,1,net demand for AO,80807095|A672|C819|2026-01-31|net demand for AO|048760
80807095,A672,C819,2026-01-31,1,net demand for AO,80807095|A672|C819|2026-01-31|net demand for AO|048761
80807095,A672,C819,2026-01-31,1,net demand for AO,80807095|A672|C819|2026-01-31|net demand for AO|048762
80807096,A672,C819,2026-01-31,1,net demand for AO,80807096|A672|C819|2026-01-31|net demand for AO|048763
80807096,A672,C819,2026-01-31,1,net demand for AO,80807096|A672|C819|2026-01-31|net demand for AO|048764
80807096,A672,C819,2026-01-31,1,net demand for AO,80807096|A672|C819|2026-01-31|net demand for AO|048765
80807096,A672,C819,2026-01-31,1,net demand for forecast,80807096|A672|C819|2026-01-31|net demand for forecast|048766
80807096,A672,C819,2026-01-31,1,net demand for forecast,80807096|A672|C819|2026-01-31|net demand for forecast|048767
80807096,A672,C819,2026-01-31,1,net demand for forecast,80807096|A672|C819|2026-01-31|net demand for forecast|048768
80807096,A672,C819,2026-01-31,1,net demand for safety,80807096|A672|C819|2026-01-31|net demand for safety|048769
80807110,A672,C819,2026-01-31,1,net demand for forecast,80807110|A672|C819|2026-01-31|net demand for forecast|048784
80807110,A672,C819,2026-01-31,1,net demand for forecast,80807110|A672|C819|2026-01-31|net demand for forecast|048785
80807110,A672,C819,2026-01-31,1,net demand for forecast,80807110|A672|C819|2026-01-31|net demand for forecast|048786
80807110,A672,C819,2026-01-31,1,net demand for forecast,80807110|A672|C819|2026-01-31|net demand for forecast|048787
80807110,A672,C819,2026-01-31,1,net demand for forecast,80807110|A672|C819|2026-01-31|net demand for forecast|048788
80807110,A672,C819,2026-01-31,1,net demand for forecast,80807110|A672|C819|2026-01-31|net demand for forecast|048789
80807110,A672,C819,2026-01-31,1,net demand for forecast,80807110|A672|C819|2026-01-31|net demand for forecast|048790
80807110,A672,C819,2026-01-31,1,net demand for safety,80807110|A672|C819|2026-01-31|net demand for safety|048791
80807110,A672,E568,2026-01-31,1,net demand for safety,80807110|A672|E568|2026-01-31|net demand for safety|048793
80807112,C810,C937,2026-01-31,2,net demand for safety,80807112|C810|C937|2026-01-31|net demand for safety|048797
80807115,C810,C937,2026-01-31,1,net demand for forecast,80807115|C810|C937|2026-01-31|net demand for forecast|048829
80807115,C810,C937,2026-01-31,1,net demand for forecast,80807115|C810|C937|2026-01-31|net demand for forecast|048830
80807115,C810,C937,2026-01-31,1,net demand for forecast,80807115|C810|C937|2026-01-31|net demand for forecast|048831
80807115,C810,C937,2026-01-31,1,net demand for forecast,80807115|C810|C937|2026-01-31|net demand for forecast|048832
80807115,C810,C937,2026-01-31,1,net demand for forecast,80807115|C810|C937|2026-01-31|net demand for forecast|048833
80807115,C810,C937,2026-01-31,1,net demand for forecast,80807115|C810|C937|2026-01-31|net demand for forecast|048834
80807115,C810,C937,2026-01-31,1,net demand for forecast,80807115|C810|C937|2026-01-31|net demand for forecast|048835
80807116,C810,C937,2026-01-31,2,net demand for forecast,80807116|C810|C937|2026-01-31|net demand for forecast|048842
80807116,C810,C937,2026-01-31,2,net demand for forecast,80807116|C810|C937|2026-01-31|net demand for forecast|048843
80807116,C810,C937,2026-01-31,2,net demand for forecast,80807116|C810|C937|2026-01-31|net demand for forecast|048844
80807116,C810,C937,2026-01-31,2,net demand for forecast,80807116|C810|C937|2026-01-31|net demand for forecast|048845
80807116,C810,C937,2026-01-31,2,net demand for forecast,80807116|C810|C937|2026-01-31|net demand for forecast|048846
80807116,C810,C937,2026-01-31,2,net demand for forecast,80807116|C810|C937|2026-01-31|net demand for forecast|048847
80807116,C810,C937,2026-01-31,2,net demand for forecast,80807116|C810|C937|2026-01-31|net demand for forecast|048848
80807116,C816,D191,2026-01-31,1,net demand for forecast,80807116|C816|D191|2026-01-31|net demand for forecast|048854
80807116,C816,D191,2026-01-31,1,net demand for forecast,80807116|C816|D191|2026-01-31|net demand for forecast|048855
80807116,C816,D191,2026-01-31,1,net demand for forecast,80807116|C816|D191|2026-01-31|net demand for forecast|048856
80807116,C816,D191,2026-01-31,1,net demand for forecast,80807116|C816|D191|2026-01-31|net demand for forecast|048857
80807120,A672,C819,2026-01-31,1,net demand for forecast,80807120|A672|C819|2026-01-31|net demand for forecast|048885
80807120,A672,C819,2026-01-31,1,net demand for forecast,80807120|A672|C819|2026-01-31|net demand for forecast|048886
80807120,A672,C819,2026-01-31,1,net demand for forecast,80807120|A672|C819|2026-01-31|net demand for forecast|048887
80807120,A672,C819,2026-01-31,1,net demand for forecast,80807120|A672|C819|2026-01-31|net demand for forecast|048888
80807120,A672,C819,2026-01-31,1,net demand for forecast,80807120|A672|C819|2026-01-31|net demand for forecast|048889
80807120,A672,C819,2026-01-31,1,net demand for forecast,80807120|A672|C819|2026-01-31|net demand for forecast|048890
80807120,A672,C819,2026-01-31,1,net demand for forecast,80807120|A672|C819|2026-01-31|net demand for forecast|048891
80807120,A672,C819,2026-01-31,1,net demand for forecast,80807120|A672|C819|2026-01-31|net demand for forecast|048892
80807120,A672,C819,2026-01-31,1,net demand for safety,80807120|A672|C819|2026-01-31|net demand for safety|048893
80807120,C810,C937,2026-01-31,5,net demand for safety,80807120|C810|C937|2026-01-31|net demand for safety|048895
80812099,A673,E564,2026-01-31,1,net demand for safety,80812099|A673|E564|2026-01-31|net demand for safety|048905
80812840,A672,E568,2026-01-31,1,net demand for safety,80812840|A672|E568|2026-01-31|net demand for safety|048987
80812840,C810,C937,2026-01-31,11,net demand for safety,80812840|C810|C937|2026-01-31|net demand for safety|048988
80812845,A672,C819,2026-01-31,1,net demand for forecast,80812845|A672|C819|2026-01-31|net demand for forecast|049009
80812845,A672,C819,2026-01-31,1,net demand for forecast,80812845|A672|C819|2026-01-31|net demand for forecast|049010
80812845,A672,C819,2026-01-31,1,net demand for forecast,80812845|A672|C819|2026-01-31|net demand for forecast|049011
80812845,A672,C819,2026-01-31,1,net demand for forecast,80812845|A672|C819|2026-01-31|net demand for forecast|049012
80812845,A672,C819,2026-01-31,1,net demand for forecast,80812845|A672|C819|2026-01-31|net demand for forecast|049013
80812845,A672,C819,2026-01-31,1,net demand for forecast,80812845|A672|C819|2026-01-31|net demand for forecast|049014
80812845,A672,C819,2026-01-31,1,net demand for forecast,80812845|A672|C819|2026-01-31|net demand for forecast|049015
80812845,A672,C819,2026-01-31,1,net demand for forecast,80812845|A672|C819|2026-01-31|net demand for forecast|049016
80812845,A672,C819,2026-01-31,4,net demand for safety,80812845|A672|C819|2026-01-31|net demand for safety|049017
80812845,C816,E467,2026-01-31,1,net demand for forecast,80812845|C816|E467|2026-01-31|net demand for forecast|049019
80812845,C816,E467,2026-01-31,1,net demand for forecast,80812845|C816|E467|2026-01-31|net demand for forecast|049020
80812845,C816,E467,2026-01-31,1,net demand for forecast,80812845|C816|E467|2026-01-31|net demand for forecast|049021
80812845,C816,E467,2026-01-31,1,net demand for forecast,80812845|C816|E467|2026-01-31|net demand for forecast|049022
80812845,C816,E467,2026-01-31,1,net demand for forecast,80812845|C816|E467|2026-01-31|net demand for forecast|049023
80812846,A672,E568,2026-01-31,1,net demand for safety,80812846|A672|E568|2026-01-31|net demand for safety|049025
80840975,C816,D767,2026-01-31,1,net demand for safety,80840975|C816|D767|2026-01-31|net demand for safety|049027
80848021,A673,C819,2026-01-31,1,net demand for AO,80848021|A673|C819|2026-01-31|net demand for AO|049029
80848021,A673,C819,2026-01-31,1,net demand for AO,80848021|A673|C819|2026-01-31|net demand for AO|049030
80848021,A673,C819,2026-01-31,1,net demand for AO,80848021|A673|C819|2026-01-31|net demand for AO|049031
80848021,A673,C819,2026-01-31,1,net demand for AO,80848021|A673|C819|2026-01-31|net demand for AO|049032
80848021,A673,C819,2026-01-31,1,net demand for forecast,80848021|A673|C819|2026-01-31|net demand for forecast|049033
80848021,A673,C819,2026-01-31,1,net demand for forecast,80848021|A673|C819|2026-01-31|net demand for forecast|049034
80848021,A673,C819,2026-01-31,1,net demand for forecast,80848021|A673|C819|2026-01-31|net demand for forecast|049035
80848021,A673,C819,2026-01-31,1,net demand for forecast,80848021|A673|C819|2026-01-31|net demand for forecast|049036
80848023,C816,D767,2026-01-31,10,net demand for safety,80848023|C816|D767|2026-01-31|net demand for safety|049087
80848024,A672,C819,2026-01-31,1,net demand for forecast,80848024|A672|C819|2026-01-31|net demand for forecast|049089
80848024,A672,C819,2026-01-31,1,net demand for forecast,80848024|A672|C819|2026-01-31|net demand for forecast|049090
80848024,A672,C819,2026-01-31,1,net demand for forecast,80848024|A672|C819|2026-01-31|net demand for forecast|049091
80848024,A672,C819,2026-01-31,1,net demand for forecast,80848024|A672|C819|2026-01-31|net demand for forecast|049092
80848024,A672,C819,2026-01-31,1,net demand for forecast,80848024|A672|C819|2026-01-31|net demand for forecast|049093
80848024,A672,C819,2026-01-31,1,net demand for forecast,80848024|A672|C819|2026-01-31|net demand for forecast|049094
80848024,A672,C819,2026-01-31,1,net demand for forecast,80848024|A672|C819|2026-01-31|net demand for forecast|049095
80848024,A672,C819,2026-01-31,1,net demand for forecast,80848024|A672|C819|2026-01-31|net demand for forecast|049096
80848024,A672,C819,2026-01-31,1,net demand for normal,80848024|A672|C819|2026-01-31|net demand for normal|049097
80848024,A672,C819,2026-01-31,1,net demand for safety,80848024|A672|C819|2026-01-31|net demand for safety|049098
80848026,A672,E568,2026-01-31,5,net demand for normal,80848026|A672|E568|2026-01-31|net demand for normal|049159
80848028,C810,C937,2026-01-31,1,net demand for forecast,80848028|C810|C937|2026-01-31|net demand for forecast|049169
80848028,C810,C937,2026-01-31,1,net demand for forecast,80848028|C810|C937|2026-01-31|net demand for forecast|049170
80848028,C810,C937,2026-01-31,1,net demand for forecast,80848028|C810|C937|2026-01-31|net demand for forecast|049171
80848028,C810,C937,2026-01-31,1,net demand for forecast,80848028|C810|C937|2026-01-31|net demand for forecast|049172
80848028,C810,C937,2026-01-31,1,net demand for forecast,80848028|C810|C937|2026-01-31|net demand for forecast|049173
80848028,C810,C937,2026-01-31,1,net demand for forecast,80848028|C810|C937|2026-01-31|net demand for forecast|049174
80848028,C810,C937,2026-01-31,1,net demand for forecast,80848028|C810|C937|2026-01-31|net demand for forecast|049175
80848028,C810,C937,2026-01-31,25,net demand for safety,80848028|C810|C937|2026-01-31|net demand for safety|049176
80848029,C816,E467,2026-01-31,1,net demand for forecast,80848029|C816|E467|2026-01-31|net demand for forecast|049192
80848029,C816,E467,2026-01-31,1,net demand for forecast,80848029|C816|E467|2026-01-31|net demand for forecast|049193
80848029,C816,E467,2026-01-31,1,net demand for forecast,80848029|C816|E467|2026-01-31|net demand for forecast|049194
80851898,C816,D767,2026-01-31,1,net demand for safety,80851898|C816|D767|2026-01-31|net demand for safety|049198
80864469,A673,C819,2026-01-31,1,net demand for forecast,80864469|A673|C819|2026-01-31|net demand for forecast|049206
80864469,A673,C819,2026-01-31,1,net demand for forecast,80864469|A673|C819|2026-01-31|net demand for forecast|049207
80864469,A673,C819,2026-01-31,1,net demand for forecast,80864469|A673|C819|2026-01-31|net demand for forecast|049208
80864469,A673,C819,2026-01-31,2,net demand for forecast,80864469|A673|C819|2026-01-31|net demand for forecast|049209
80864469,A673,C819,2026-01-31,2,net demand for forecast,80864469|A673|C819|2026-01-31|net demand for forecast|049210
80864469,A673,C819,2026-01-31,2,net demand for forecast,80864469|A673|C819|2026-01-31|net demand for forecast|049211
80864469,A673,E556,2026-01-31,1,net demand for forecast,80864469|A673|E556|2026-01-31|net demand for forecast|049212
80864469,A673,E556,2026-01-31,1,net demand for forecast,80864469|A673|E556|2026-01-31|net demand for forecast|049213
80864469,A673,E556,2026-01-31,1,net demand for forecast,80864469|A673|E556|2026-01-31|net demand for forecast|049214
80864469,A673,E556,2026-01-31,1,net demand for forecast,80864469|A673|E556|2026-01-31|net demand for forecast|049215
80864469,A673,E556,2026-01-31,1,net demand for forecast,80864469|A673|E556|2026-01-31|net demand for forecast|049216
80864469,A673,E556,2026-01-31,1,net demand for forecast,80864469|A673|E556|2026-01-31|net demand for forecast|049217
80864469,C816,D767,2026-01-31,1,net demand for forecast,80864469|C816|D767|2026-01-31|net demand for forecast|049226
80864469,C816,D767,2026-01-31,1,net demand for forecast,80864469|C816|D767|2026-01-31|net demand for forecast|049227
80864469,C816,D767,2026-01-31,1,net demand for forecast,80864469|C816|D767|2026-01-31|net demand for forecast|049228
80864469,C816,D767,2026-01-31,1,net demand for forecast,80864469|C816|D767|2026-01-31|net demand for forecast|049229
80864469,C816,D767,2026-01-31,5,net demand for safety,80864469|C816|D767|2026-01-31|net demand for safety|049230
80864469,C816,E467,2026-01-31,4,net demand for safety,80864469|C816|E467|2026-01-31|net demand for safety|049231
80864470,A672,E568,2026-01-31,1,net demand for safety,80864470|A672|E568|2026-01-31|net demand for safety|049234
80864470,C816,D767,2026-01-31,6,net demand for safety,80864470|C816|D767|2026-01-31|net demand for safety|049235
80864470,C816,E467,2026-01-31,3,net demand for safety,80864470|C816|E467|2026-01-31|net demand for safety|049236
21098519,C810,C937,2026-02-01,1,net demand for safety,21098519|C810|C937|2026-02-01|net demand for safety|049304
21098519,C810,D767,2026-02-01,4,net demand for safety,21098519|C810|D767|2026-02-01|net demand for safety|049305
21103371,C810,C937,2026-02-01,2,net demand for safety,21103371|C810|C937|2026-02-01|net demand for safety|049307
21103371,C810,E295,2026-02-01,8,net demand for safety,21103371|C810|E295|2026-02-01|net demand for safety|049308
21103372,A673,E556,2026-02-01,1,net demand for forecast,21103372|A673|E556|2026-02-01|net demand for forecast|049329
21103372,A673,E556,2026-02-01,1,net demand for forecast,21103372|A673|E556|2026-02-01|net demand for forecast|049330
21103372,A673,E556,2026-02-01,1,net demand for forecast,21103372|A673|E556|2026-02-01|net demand for forecast|049331
21103372,A673,E556,2026-02-01,1,net demand for forecast,21103372|A673|E556|2026-02-01|net demand for forecast|049332
21103372,A673,E556,2026-02-01,1,net demand for forecast,21103372|A673|E556|2026-02-01|net demand for forecast|049333
21103372,A673,E556,2026-02-01,1,net demand for forecast,21103372|A673|E556|2026-02-01|net demand for forecast|049334
21103372,A673,E556,2026-02-01,1,net demand for forecast,21103372|A673|E556|2026-02-01|net demand for forecast|049335
21103372,C810,C937,2026-02-01,1,net demand for forecast,21103372|C810|C937|2026-02-01|net demand for forecast|049336
21103372,C810,C937,2026-02-01,1,net demand for forecast,21103372|C810|C937|2026-02-01|net demand for forecast|049337
21103372,C810,C937,2026-02-01,1,net demand for forecast,21103372|C810|C937|2026-02-01|net demand for forecast|049338
21103372,C810,C937,2026-02-01,1,net demand for forecast,21103372|C810|C937|2026-02-01|net demand for forecast|049339
21103372,C810,C937,2026-02-01,1,net demand for forecast,21103372|C810|C937|2026-02-01|net demand for forecast|049340
21103372,C810,C937,2026-02-01,1,net demand for forecast,21103372|C810|C937|2026-02-01|net demand for forecast|049341
21103372,C810,C937,2026-02-01,1,net demand for forecast,21103372|C810|C937|2026-02-01|net demand for forecast|049342
21113405,C810,C937,2026-02-01,1,net demand for safety,21113405|C810|C937|2026-02-01|net demand for safety|049343
21121751,A672,E556,2026-02-01,1,net demand for safety,21121751|A672|E556|2026-02-01|net demand for safety|049344
21121751,A673,E564,2026-02-01,1,net demand for safety,21121751|A673|E564|2026-02-01|net demand for safety|049346
21121751,C816,D767,2026-02-01,1,net demand for forecast,21121751|C816|D767|2026-02-01|net demand for forecast|049347
21121751,C816,D767,2026-02-01,1,net demand for forecast,21121751|C816|D767|2026-02-01|net demand for forecast|049348
21121751,C816,D767,2026-02-01,1,net demand for forecast,21121751|C816|D767|2026-02-01|net demand for forecast|049349
21121751,C816,D767,2026-02-01,1,net demand for forecast,21121751|C816|D767|2026-02-01|net demand for forecast|049350
21121751,C816,D767,2026-02-01,5,net demand for safety,21121751|C816|D767|2026-02-01|net demand for safety|049351
21121752,A672,E556,2026-02-01,2,net demand for safety,21121752|A672|E556|2026-02-01|net demand for safety|049352
21121752,C816,D767,2026-02-01,2,net demand for safety,21121752|C816|D767|2026-02-01|net demand for safety|049353
21121756,A672,C819,2026-02-01,1,net demand for safety,21121756|A672|C819|2026-02-01|net demand for safety|049354
21128067,A672,E568,2026-02-01,1,net demand for forecast,21128067|A672|E568|2026-02-01|net demand for forecast|049359
21128067,A672,E568,2026-02-01,1,net demand for forecast,21128067|A672|E568|2026-02-01|net demand for forecast|049360
21128067,A672,E568,2026-02-01,1,net demand for forecast,21128067|A672|E568|2026-02-01|net demand for forecast|049361
21128067,A672,E568,2026-02-01,1,net demand for forecast,21128067|A672|E568|2026-02-01|net demand for forecast|049362
21128067,A672,E568,2026-02-01,1,net demand for forecast,21128067|A672|E568|2026-02-01|net demand for forecast|049363
21128067,A672,E568,2026-02-01,1,net demand for forecast,21128067|A672|E568|2026-02-01|net demand for forecast|049364
21128067,A672,E568,2026-02-01,3,net demand for safety,21128067|A672|E568|2026-02-01|net demand for safety|049365
21128067,A673,C819,2026-02-01,2,net demand for safety,21128067|A673|C819|2026-02-01|net demand for safety|049366
21128067,C810,D767,2026-02-01,1,net demand for safety,21128067|C810|D767|2026-02-01|net demand for safety|049368
21132758,C810,E295,2026-02-01,2,net demand for forecast,21132758|C810|E295|2026-02-01|net demand for forecast|049376
21132758,C810,E295,2026-02-01,2,net demand for forecast,21132758|C810|E295|2026-02-01|net demand for forecast|049377
21132758,C810,E295,2026-02-01,3,net demand for forecast,21132758|C810|E295|2026-02-01|net demand for forecast|049378
21132758,C810,E295,2026-02-01,3,net demand for forecast,21132758|C810|E295|2026-02-01|net demand for forecast|049379
21132758,C810,E295,2026-02-01,3,net demand for forecast,21132758|C810|E295|2026-02-01|net demand for forecast|049380
21132758,C810,E295,2026-02-01,3,net demand for forecast,21132758|C810|E295|2026-02-01|net demand for forecast|049381
21132758,C810,E295,2026-02-01,3,net demand for forecast,21132758|C810|E295|2026-02-01|net demand for forecast|049382
21132758,C816,E569,2026-02-01,1,net demand for forecast,21132758|C816|E569|2026-02-01|net demand for forecast|049388
21132758,C816,E569,2026-02-01,1,net demand for forecast,21132758|C816|E569|2026-02-01|net demand for forecast|049389
21132758,C816,E569,2026-02-01,1,net demand for forecast,21132758|C816|E569|2026-02-01|net demand for forecast|049390
21132758,C816,E569,2026-02-01,1,net demand for forecast,21132758|C816|E569|2026-02-01|net demand for forecast|049391
21132758,C816,E569,2026-02-01,1,net demand for forecast,21132758|C816|E569|2026-02-01|net demand for forecast|049392
21132758,C816,E569,2026-02-01,1,net demand for forecast,21132758|C816|E569|2026-02-01|net demand for forecast|049393
21132758,C816,E569,2026-02-01,1,net demand for forecast,21132758|C816|E569|2026-02-01|net demand for forecast|049394
21132988,A672,C819,2026-02-01,1,net demand for forecast,21132988|A672|C819|2026-02-01|net demand for forecast|049395
21132988,A672,C819,2026-02-01,1,net demand for forecast,21132988|A672|C819|2026-02-01|net demand for forecast|049396
21132988,A672,C819,2026-02-01,1,net demand for forecast,21132988|A672|C819|2026-02-01|net demand for forecast|049397
21132988,A672,C819,2026-02-01,1,net demand for forecast,21132988|A672|C819|2026-02-01|net demand for forecast|049398
21132988,A672,C819,2026-02-01,1,net demand for forecast,21132988|A672|C819|2026-02-01|net demand for forecast|049399
21132988,A672,C819,2026-02-01,1,net demand for forecast,21132988|A672|C819|2026-02-01|net demand for forecast|049400
21132988,A672,C819,2026-02-01,1,net demand for forecast,21132988|A672|C819|2026-02-01|net demand for forecast|049401
21132988,A672,C819,2026-02-01,1,net demand for forecast,21132988|A672|C819|2026-02-01|net demand for forecast|049402
21132988,C810,D767,2026-02-01,1,net demand for forecast,21132988|C810|D767|2026-02-01|net demand for forecast|049407
21132988,C810,D767,2026-02-01,1,net demand for forecast,21132988|C810|D767|2026-02-01|net demand for forecast|049408
21132988,C810,D767,2026-02-01,1,net demand for forecast,21132988|C810|D767|2026-02-01|net demand for forecast|049409
21132988,C810,D767,2026-02-01,1,net demand for forecast,21132988|C810|D767|2026-02-01|net demand for forecast|049410
21132988,C810,D767,2026-02-01,3,net demand for safety,21132988|C810|D767|2026-02-01|net demand for safety|049411
21132988,C816,D191,2026-02-01,2,net demand for safety,21132988|C816|D191|2026-02-01|net demand for safety|049418
21139445,C816,A672,2026-02-01,3,net demand for forecast,21139445|C816|A672|2026-02-01|net demand for forecast|049444
21139445,C816,A672,2026-02-01,3,net demand for forecast,21139445|C816|A672|2026-02-01|net demand for forecast|049445
21139445,C816,A672,2026-02-01,3,net demand for forecast,21139445|C816|A672|2026-02-01|net demand for forecast|049446
21139445,C816,A672,2026-02-01,3,net demand for forecast,21139445|C816|A672|2026-02-01|net demand for forecast|049447
21139445,C816,A672,2026-02-01,3,net demand for forecast,21139445|C816|A672|2026-02-01|net demand for forecast|049448
21139445,C816,A672,2026-02-01,3,net demand for forecast,21139445|C816|A672|2026-02-01|net demand for forecast|049449
21139445,C816,A672,2026-02-01,3,net demand for forecast,21139445|C816|A672|2026-02-01|net demand for forecast|049450
21141769,A673,E556,2026-02-01,1,net demand for forecast,21141769|A673|E556|2026-02-01|net demand for forecast|049453
21141769,A673,E556,2026-02-01,1,net demand for forecast,21141769|A673|E556|2026-02-01|net demand for forecast|049454
21141769,A673,E556,2026-02-01,1,net demand for forecast,21141769|A673|E556|2026-02-01|net demand for forecast|049455
21141769,A673,E556,2026-02-01,1,net demand for forecast,21141769|A673|E556|2026-02-01|net demand for forecast|049456
21141769,A673,E556,2026-02-01,1,net demand for forecast,21141769|A673|E556|2026-02-01|net demand for forecast|049457
21141769,A673,E556,2026-02-01,1,net demand for forecast,21141769|A673|E556|2026-02-01|net demand for forecast|049458
21141769,A673,E556,2026-02-01,1,net demand for forecast,21141769|A673|E556|2026-02-01|net demand for forecast|049459
21141769,C810,C937,2026-02-01,1,net demand for forecast,21141769|C810|C937|2026-02-01|net demand for forecast|049460
21141769,C810,C937,2026-02-01,1,net demand for forecast,21141769|C810|C937|2026-02-01|net demand for forecast|049461
21141769,C810,C937,2026-02-01,1,net demand for forecast,21141769|C810|C937|2026-02-01|net demand for forecast|049462
21141769,C810,C937,2026-02-01,1,net demand for forecast,21141769|C810|C937|2026-02-01|net demand for forecast|049463
21141769,C810,C937,2026-02-01,1,net demand for forecast,21141769|C810|C937|2026-02-01|net demand for forecast|049464
21141769,C810,C937,2026-02-01,1,net demand for forecast,21141769|C810|C937|2026-02-01|net demand for forecast|049465
21141769,C810,C937,2026-02-01,1,net demand for forecast,21141769|C810|C937|2026-02-01|net demand for forecast|049466
21141769,C810,D767,2026-02-01,2,net demand for forecast,21141769|C810|D767|2026-02-01|net demand for forecast|049467
21141769,C810,D767,2026-02-01,2,net demand for forecast,21141769|C810|D767|2026-02-01|net demand for forecast|049468
21141769,C810,D767,2026-02-01,2,net demand for forecast,21141769|C810|D767|2026-02-01|net demand for forecast|049469
21141769,C810,D767,2026-02-01,2,net demand for forecast,21141769|C810|D767|2026-02-01|net demand for forecast|049470
21141769,C810,D767,2026-02-01,2,net demand for safety,21141769|C810|D767|2026-02-01|net demand for safety|049471
21143102,C816,D767,2026-02-01,2,net demand for safety,21143102|C816|D767|2026-02-01|net demand for safety|049473
21143110,C810,E295,2026-02-01,1,net demand for forecast,21143110|C810|E295|2026-02-01|net demand for forecast|049475
21143110,C810,E295,2026-02-01,1,net demand for forecast,21143110|C810|E295|2026-02-01|net demand for forecast|049476
21143110,C810,E295,2026-02-01,1,net demand for forecast,21143110|C810|E295|2026-02-01|net demand for forecast|049477
21143110,C810,E295,2026-02-01,1,net demand for forecast,21143110|C810|E295|2026-02-01|net demand for forecast|049478
21143110,C810,E295,2026-02-01,1,net demand for forecast,21143110|C810|E295|2026-02-01|net demand for forecast|049479
21143110,C810,E295,2026-02-01,1,net demand for forecast,21143110|C810|E295|2026-02-01|net demand for forecast|049480
21143110,C810,E295,2026-02-01,1,net demand for forecast,21143110|C810|E295|2026-02-01|net demand for forecast|049481
21143110,C810,E295,2026-02-01,6,net demand for safety,21143110|C810|E295|2026-02-01|net demand for safety|049482
21151196,C810,E295,2026-02-01,1,net demand for normal,21151196|C810|E295|2026-02-01|net demand for normal|049489
21155895,A672,C819,2026-02-01,2,net demand for safety,21155895|A672|C819|2026-02-01|net demand for safety|049490
21155895,A673,E556,2026-02-01,1,net demand for safety,21155895|A673|E556|2026-02-01|net demand for safety|049492
21162696,A672,E556,2026-02-01,5,net demand for safety,21162696|A672|E556|2026-02-01|net demand for safety|049493
21162696,C816,D767,2026-02-01,1,net demand for forecast,21162696|C816|D767|2026-02-01|net demand for forecast|049494
21162696,C816,D767,2026-02-01,1,net demand for forecast,21162696|C816|D767|2026-02-01|net demand for forecast|049495
21162696,C816,D767,2026-02-01,1,net demand for forecast,21162696|C816|D767|2026-02-01|net demand for forecast|049496
21162696,C816,D767,2026-02-01,1,net demand for forecast,21162696|C816|D767|2026-02-01|net demand for forecast|049497
21170683,C816,E467,2026-02-01,1,net demand for safety,21170683|C816|E467|2026-02-01|net demand for safety|049508
21304907,C816,D767,2026-02-01,1,net demand for forecast,21304907|C816|D767|2026-02-01|net demand for forecast|049515
21304907,C816,D767,2026-02-01,1,net demand for forecast,21304907|C816|D767|2026-02-01|net demand for forecast|049516
21304907,C816,D767,2026-02-01,1,net demand for forecast,21304907|C816|D767|2026-02-01|net demand for forecast|049517
21304907,C816,D767,2026-02-01,1,net demand for forecast,21304907|C816|D767|2026-02-01|net demand for forecast|049518
21304907,C816,D767,2026-02-01,3,net demand for safety,21304907|C816|D767|2026-02-01|net demand for safety|049519
21304907,C816,E569,2026-02-01,1,net demand for safety,21304907|C816|E569|2026-02-01|net demand for safety|049520
21307836,C816,A672,2026-02-01,1,net demand for forecast,21307836|C816|A672|2026-02-01|net demand for forecast|049522
21307836,C816,A672,2026-02-01,1,net demand for forecast,21307836|C816|A672|2026-02-01|net demand for forecast|049523
21307836,C816,A672,2026-02-01,1,net demand for forecast,21307836|C816|A672|2026-02-01|net demand for forecast|049524
21307836,C816,A672,2026-02-01,1,net demand for forecast,21307836|C816|A672|2026-02-01|net demand for forecast|049525
21307836,C816,A672,2026-02-01,1,net demand for forecast,21307836|C816|A672|2026-02-01|net demand for forecast|049526
21307836,C816,A672,2026-02-01,1,net demand for forecast,21307836|C816|A672|2026-02-01|net demand for forecast|049527
21307836,C816,A672,2026-02-01,1,net demand for forecast,21307836|C816|A672|2026-02-01|net demand for forecast|049528
21307836,C816,A680,2026-02-01,2,net demand for forecast,21307836|C816|A680|2026-02-01|net demand for forecast|049530
21307836,C816,A680,2026-02-01,2,net demand for forecast,21307836|C816|A680|2026-02-01|net demand for forecast|049531
21307836,C816,A680,2026-02-01,2,net demand for forecast,21307836|C816|A680|2026-02-01|net demand for forecast|049532
21307836,C816,A680,2026-02-01,2,net demand for forecast,21307836|C816|A680|2026-02-01|net demand for forecast|049533
21307836,C816,A680,2026-02-01,2,net demand for forecast,21307836|C816|A680|2026-02-01|net demand for forecast|049534
21307836,C816,A680,2026-02-01,2,net demand for forecast,21307836|C816|A680|2026-02-01|net demand for forecast|049535
21307836,C816,A680,2026-02-01,2,net demand for forecast,21307836|C816|A680|2026-02-01|net demand for forecast|049536
21314593,A672,E556,2026-02-01,2,net demand for forecast,21314593|A672|E556|2026-02-01|net demand for forecast|049537
21314593,A672,E556,2026-02-01,2,net demand for forecast,21314593|A672|E556|2026-02-01|net demand for forecast|049538
21314593,A672,E556,2026-02-01,2,net demand for forecast,21314593|A672|E556|2026-02-01|net demand for forecast|049539
21314593,A672,E556,2026-02-01,2,net demand for forecast,21314593|A672|E556|2026-02-01|net demand for forecast|049540
21314593,A672,E556,2026-02-01,2,net demand for forecast,21314593|A672|E556|2026-02-01|net demand for forecast|049541
21314593,A672,E556,2026-02-01,45,net demand for safety,21314593|A672|E556|2026-02-01|net demand for safety|049542
21314594,A672,E556,2026-02-01,3,net demand for safety,21314594|A672|E556|2026-02-01|net demand for safety|049543
21314602,C816,D767,2026-02-01,1,net demand for forecast,21314602|C816|D767|2026-02-01|net demand for forecast|049547
21314602,C816,D767,2026-02-01,1,net demand for forecast,21314602|C816|D767|2026-02-01|net demand for forecast|049548
21314602,C816,D767,2026-02-01,1,net demand for forecast,21314602|C816|D767|2026-02-01|net demand for forecast|049549
21314602,C816,D767,2026-02-01,1,net demand for forecast,21314602|C816|D767|2026-02-01|net demand for forecast|049550
21314876,A672,E556,2026-02-01,1,net demand for safety,21314876|A672|E556|2026-02-01|net demand for safety|049552
21315350,C816,E569,2026-02-01,11,net demand for safety,21315350|C816|E569|2026-02-01|net demand for safety|049558
21315352,A672,E556,2026-02-01,1,net demand for forecast,21315352|A672|E556|2026-02-01|net demand for forecast|049561
21315352,A672,E556,2026-02-01,1,net demand for forecast,21315352|A672|E556|2026-02-01|net demand for forecast|049562
21315352,A672,E556,2026-02-01,1,net demand for forecast,21315352|A672|E556|2026-02-01|net demand for forecast|049563
21315352,A672,E556,2026-02-01,1,net demand for forecast,21315352|A672|E556|2026-02-01|net demand for forecast|049564
21315352,A672,E556,2026-02-01,1,net demand for forecast,21315352|A672|E556|2026-02-01|net demand for forecast|049565
21315352,C816,E569,2026-02-01,2,net demand for safety,21315352|C816|E569|2026-02-01|net demand for safety|049570
21315474,A672,E556,2026-02-01,2,net demand for forecast,21315474|A672|E556|2026-02-01|net demand for forecast|049571
21315474,A672,E556,2026-02-01,2,net demand for forecast,21315474|A672|E556|2026-02-01|net demand for forecast|049572
21315474,A672,E556,2026-02-01,2,net demand for forecast,21315474|A672|E556|2026-02-01|net demand for forecast|049573
21315474,A672,E556,2026-02-01,2,net demand for forecast,21315474|A672|E556|2026-02-01|net demand for forecast|049574
21315474,A672,E556,2026-02-01,2,net demand for forecast,21315474|A672|E556|2026-02-01|net demand for forecast|049575
21315474,A672,E556,2026-02-01,31,net demand for safety,21315474|A672|E556|2026-02-01|net demand for safety|049576
21315474,C810,D767,2026-02-01,5,net demand for safety,21315474|C810|D767|2026-02-01|net demand for safety|049577
21325292,A672,E568,2026-02-01,1,net demand for forecast,21325292|A672|E568|2026-02-01|net demand for forecast|049581
21325292,A672,E568,2026-02-01,1,net demand for forecast,21325292|A672|E568|2026-02-01|net demand for forecast|049582
21325292,A672,E568,2026-02-01,1,net demand for forecast,21325292|A672|E568|2026-02-01|net demand for forecast|049583
21325292,A672,E568,2026-02-01,1,net demand for forecast,21325292|A672|E568|2026-02-01|net demand for forecast|049584
21325292,A672,E568,2026-02-01,1,net demand for forecast,21325292|A672|E568|2026-02-01|net demand for forecast|049585
21325292,A672,E568,2026-02-01,1,net demand for forecast,21325292|A672|E568|2026-02-01|net demand for forecast|049586
21325292,A672,E568,2026-02-01,1,net demand for forecast,21325292|A672|E568|2026-02-01|net demand for forecast|049587
21419485,C816,A672,2026-02-01,7,net demand for forecast,21419485|C816|A672|2026-02-01|net demand for forecast|049593
21419485,C816,A672,2026-02-01,7,net demand for forecast,21419485|C816|A672|2026-02-01|net demand for forecast|049594
21419485,C816,A672,2026-02-01,7,net demand for forecast,21419485|C816|A672|2026-02-01|net demand for forecast|049595
21419485,C816,A672,2026-02-01,7,net demand for forecast,21419485|C816|A672|2026-02-01|net demand for forecast|049596
21419485,C816,A672,2026-02-01,7,net demand for forecast,21419485|C816|A672|2026-02-01|net demand for forecast|049597
21419485,C816,A672,2026-02-01,7,net demand for forecast,21419485|C816|A672|2026-02-01|net demand for forecast|049598
21419485,C816,A672,2026-02-01,7,net demand for forecast,21419485|C816|A672|2026-02-01|net demand for forecast|049599
21419485,C816,A680,2026-02-01,5,net demand for forecast,21419485|C816|A680|2026-02-01|net demand for forecast|049601
21419485,C816,A680,2026-02-01,5,net demand for forecast,21419485|C816|A680|2026-02-01|net demand for forecast|049602
21419485,C816,A680,2026-02-01,5,net demand for forecast,21419485|C816|A680|2026-02-01|net demand for forecast|049603
21419485,C816,A680,2026-02-01,5,net demand for forecast,21419485|C816|A680|2026-02-01|net demand for forecast|049604
21419485,C816,A680,2026-02-01,5,net demand for forecast,21419485|C816|A680|2026-02-01|net demand for forecast|049605
21419485,C816,A680,2026-02-01,5,net demand for forecast,21419485|C816|A680|2026-02-01|net demand for forecast|049606
21419485,C816,A680,2026-02-01,6,net demand for forecast,21419485|C816|A680|2026-02-01|net demand for forecast|049607
21419500,C816,A672,2026-02-01,2,net demand for forecast,21419500|C816|A672|2026-02-01|net demand for forecast|049609
21419500,C816,A672,2026-02-01,2,net demand for forecast,21419500|C816|A672|2026-02-01|net demand for forecast|049610
21419500,C816,A672,2026-02-01,2,net demand for forecast,21419500|C816|A672|2026-02-01|net demand for forecast|049611
21419500,C816,A672,2026-02-01,2,net demand for forecast,21419500|C816|A672|2026-02-01|net demand for forecast|049612
21419500,C816,A672,2026-02-01,2,net demand for forecast,21419500|C816|A672|2026-02-01|net demand for forecast|049613
21419500,C816,A672,2026-02-01,2,net demand for forecast,21419500|C816|A672|2026-02-01|net demand for forecast|049614
21419500,C816,A672,2026-02-01,2,net demand for forecast,21419500|C816|A672|2026-02-01|net demand for forecast|049615
21419500,C816,A680,2026-02-01,1,net demand for forecast,21419500|C816|A680|2026-02-01|net demand for forecast|049617
21419500,C816,A680,2026-02-01,1,net demand for forecast,21419500|C816|A680|2026-02-01|net demand for forecast|049618
21419500,C816,A680,2026-02-01,1,net demand for forecast,21419500|C816|A680|2026-02-01|net demand for forecast|049619
21419500,C816,A680,2026-02-01,1,net demand for forecast,21419500|C816|A680|2026-02-01|net demand for forecast|049620
21419500,C816,A680,2026-02-01,1,net demand for forecast,21419500|C816|A680|2026-02-01|net demand for forecast|049621
21419500,C816,A680,2026-02-01,1,net demand for forecast,21419500|C816|A680|2026-02-01|net demand for forecast|049622
21419500,C816,A680,2026-02-01,1,net demand for forecast,21419500|C816|A680|2026-02-01|net demand for forecast|049623
21428668,C816,A680,2026-02-01,6,net demand for forecast,21428668|C816|A680|2026-02-01|net demand for forecast|049626
21428668,C816,A680,2026-02-01,6,net demand for forecast,21428668|C816|A680|2026-02-01|net demand for forecast|049627
21428668,C816,A680,2026-02-01,6,net demand for forecast,21428668|C816|A680|2026-02-01|net demand for forecast|049628
21428668,C816,A680,2026-02-01,6,net demand for forecast,21428668|C816|A680|2026-02-01|net demand for forecast|049629
21428668,C816,A680,2026-02-01,6,net demand for forecast,21428668|C816|A680|2026-02-01|net demand for forecast|049630
21428668,C816,A680,2026-02-01,6,net demand for forecast,21428668|C816|A680|2026-02-01|net demand for forecast|049631
21428668,C816,A680,2026-02-01,6,net demand for forecast,21428668|C816|A680|2026-02-01|net demand for forecast|049632
21434952,C816,C937,2026-02-01,1,net demand for safety,21434952|C816|C937|2026-02-01|net demand for safety|049633
21442422,C816,A680,2026-02-01,5,net demand for forecast,21442422|C816|A680|2026-02-01|net demand for forecast|049636
21442422,C816,A680,2026-02-01,5,net demand for forecast,21442422|C816|A680|2026-02-01|net demand for forecast|049637
21442422,C816,A680,2026-02-01,5,net demand for forecast,21442422|C816|A680|2026-02-01|net demand for forecast|049638
21442422,C816,A680,2026-02-01,5,net demand for forecast,21442422|C816|A680|2026-02-01|net demand for forecast|049639
21442422,C816,A680,2026-02-01,5,net demand for forecast,21442422|C816|A680|2026-02-01|net demand for forecast|049640
21442422,C816,A680,2026-02-01,5,net demand for forecast,21442422|C816|A680|2026-02-01|net demand for forecast|049641
21442422,C816,A680,2026-02-01,5,net demand for forecast,21442422|C816|A680|2026-02-01|net demand for forecast|049642
21442896,C816,A672,2026-02-01,5,net demand for forecast,21442896|C816|A672|2026-02-01|net demand for forecast|049644
21442896,C816,A672,2026-02-01,5,net demand for forecast,21442896|C816|A672|2026-02-01|net demand for forecast|049645
21442896,C816,A672,2026-02-01,5,net demand for forecast,21442896|C816|A672|2026-02-01|net demand for forecast|049646
21442896,C816,A672,2026-02-01,5,net demand for forecast,21442896|C816|A672|2026-02-01|net demand for forecast|049647
21442896,C816,A672,2026-02-01,5,net demand for forecast,21442896|C816|A672|2026-02-01|net demand for forecast|049648
21442896,C816,A672,2026-02-01,5,net demand for forecast,21442896|C816|A672|2026-02-01|net demand for forecast|049649
21442896,C816,A672,2026-02-01,5,net demand for forecast,21442896|C816|A672|2026-02-01|net demand for forecast|049650
21442896,C816,A672,2026-02-01,10,net demand for normal,21442896|C816|A672|2026-02-01|net demand for normal|049651
21442896,C816,A680,2026-02-01,3,net demand for forecast,21442896|C816|A680|2026-02-01|net demand for forecast|049653
21442896,C816,A680,2026-02-01,3,net demand for forecast,21442896|C816|A680|2026-02-01|net demand for forecast|049654
21442896,C816,A680,2026-02-01,3,net demand for forecast,21442896|C816|A680|2026-02-01|net demand for forecast|049655
21442896,C816,A680,2026-02-01,3,net demand for forecast,21442896|C816|A680|2026-02-01|net demand for forecast|049656
21442896,C816,A680,2026-02-01,3,net demand for forecast,21442896|C816|A680|2026-02-01|net demand for forecast|049657
21442896,C816,A680,2026-02-01,3,net demand for forecast,21442896|C816|A680|2026-02-01|net demand for forecast|049658
21442896,C816,A680,2026-02-01,3,net demand for forecast,21442896|C816|A680|2026-02-01|net demand for forecast|049659
21442897,C816,A672,2026-02-01,4,net demand for forecast,21442897|C816|A672|2026-02-01|net demand for forecast|049661
21442897,C816,A672,2026-02-01,4,net demand for forecast,21442897|C816|A672|2026-02-01|net demand for forecast|049662
21442897,C816,A672,2026-02-01,4,net demand for forecast,21442897|C816|A672|2026-02-01|net demand for forecast|049663
21442897,C816,A672,2026-02-01,4,net demand for forecast,21442897|C816|A672|2026-02-01|net demand for forecast|049664
21442897,C816,A672,2026-02-01,5,net demand for forecast,21442897|C816|A672|2026-02-01|net demand for forecast|049665
21442897,C816,A672,2026-02-01,5,net demand for forecast,21442897|C816|A672|2026-02-01|net demand for forecast|049666
21442897,C816,A672,2026-02-01,5,net demand for forecast,21442897|C816|A672|2026-02-01|net demand for forecast|049667
21442897,C816,A672,2026-02-01,3,net demand for normal,21442897|C816|A672|2026-02-01|net demand for normal|049668
21442897,C816,A680,2026-02-01,2,net demand for forecast,21442897|C816|A680|2026-02-01|net demand for forecast|049670
21442897,C816,A680,2026-02-01,2,net demand for forecast,21442897|C816|A680|2026-02-01|net demand for forecast|049671
21442897,C816,A680,2026-02-01,2,net demand for forecast,21442897|C816|A680|2026-02-01|net demand for forecast|049672
21442897,C816,A680,2026-02-01,2,net demand for forecast,21442897|C816|A680|2026-02-01|net demand for forecast|049673
21442897,C816,A680,2026-02-01,2,net demand for forecast,21442897|C816|A680|2026-02-01|net demand for forecast|049674
21442897,C816,A680,2026-02-01,2,net demand for forecast,21442897|C816|A680|2026-02-01|net demand for forecast|049675
21442897,C816,A680,2026-02-01,2,net demand for forecast,21442897|C816|A680|2026-02-01|net demand for forecast|049676
21442897,C816,A680,2026-02-01,3,net demand for normal,21442897|C816|A680|2026-02-01|net demand for normal|049677
21447518,C816,A672,2026-02-01,1,net demand for forecast,21447518|C816|A672|2026-02-01|net demand for forecast|049678
21447518,C816,A672,2026-02-01,1,net demand for forecast,21447518|C816|A672|2026-02-01|net demand for forecast|049679
21447518,C816,A672,2026-02-01,1,net demand for forecast,21447518|C816|A672|2026-02-01|net demand for forecast|049680
21447518,C816,A672,2026-02-01,1,net demand for forecast,21447518|C816|A672|2026-02-01|net demand for forecast|049681
21447518,C816,A672,2026-02-01,1,net demand for forecast,21447518|C816|A672|2026-02-01|net demand for forecast|049682
21447518,C816,A672,2026-02-01,1,net demand for forecast,21447518|C816|A672|2026-02-01|net demand for forecast|049683
21447518,C816,A672,2026-02-01,1,net demand for forecast,21447518|C816|A672|2026-02-01|net demand for forecast|049684
21447518,C816,A672,2026-02-01,1,net demand for net demand for forecast,21447518|C816|A672|2026-02-01|net demand for net demand for forecast|049685
21447518,C816,A672,2026-02-01,1,net demand for net demand for forecast,21447518|C816|A672|2026-02-01|net demand for net demand for forecast|049686
21447518,C816,A672,2026-02-01,1,net demand for net demand for forecast,21447518|C816|A672|2026-02-01|net demand for net demand for forecast|049687
21447518,C816,A672,2026-02-01,1,net demand for net demand for forecast,21447518|C816|A672|2026-02-01|net demand for net demand for forecast|049688
21447518,C816,A672,2026-02-01,3,net demand for net demand for safety,21447518|C816|A672|2026-02-01|net demand for net demand for safety|049689
21447518,C816,A672,2026-02-01,4,net demand for net demand for safety,21447518|C816|A672|2026-02-01|net demand for net demand for safety|049690
21447518,C816,A672,2026-02-01,1,net demand for normal,21447518|C816|A672|2026-02-01|net demand for normal|049691
21447518,C816,A680,2026-02-01,1,net demand for forecast,21447518|C816|A680|2026-02-01|net demand for forecast|049700
21447518,C816,A680,2026-02-01,1,net demand for forecast,21447518|C816|A680|2026-02-01|net demand for forecast|049701
21447518,C816,A680,2026-02-01,1,net demand for forecast,21447518|C816|A680|2026-02-01|net demand for forecast|049702
21447518,C816,A680,2026-02-01,1,net demand for forecast,21447518|C816|A680|2026-02-01|net demand for forecast|049703
21447518,C816,A680,2026-02-01,1,net demand for forecast,21447518|C816|A680|2026-02-01|net demand for forecast|049704
21447518,C816,A680,2026-02-01,1,net demand for forecast,21447518|C816|A680|2026-02-01|net demand for forecast|049705
21447518,C816,A680,2026-02-01,1,net demand for normal,21447518|C816|A680|2026-02-01|net demand for normal|049706
80804127,A672,E556,2026-02-01,1,net demand for forecast,80804127|A672|E556|2026-02-01|net demand for forecast|049709
80804127,A672,E556,2026-02-01,1,net demand for forecast,80804127|A672|E556|2026-02-01|net demand for forecast|049710
80804127,A672,E556,2026-02-01,1,net demand for forecast,80804127|A672|E556|2026-02-01|net demand for forecast|049711
80804127,A672,E556,2026-02-01,1,net demand for forecast,80804127|A672|E556|2026-02-01|net demand for forecast|049712
80804127,A672,E556,2026-02-01,1,net demand for forecast,80804127|A672|E556|2026-02-01|net demand for forecast|049713
80804127,A672,E556,2026-02-01,2,net demand for normal,80804127|A672|E556|2026-02-01|net demand for normal|049714
80804127,A672,E556,2026-02-01,8,net demand for safety,80804127|A672|E556|2026-02-01|net demand for safety|049715
80804128,A672,E556,2026-02-01,4,net demand for safety,80804128|A672|E556|2026-02-01|net demand for safety|049716
80804130,A672,E556,2026-02-01,3,net demand for safety,80804130|A672|E556|2026-02-01|net demand for safety|049718
80804132,C810,C937,2026-02-01,1,net demand for forecast,80804132|C810|C937|2026-02-01|net demand for forecast|049725
80804132,C810,C937,2026-02-01,1,net demand for forecast,80804132|C810|C937|2026-02-01|net demand for forecast|049726
80804132,C810,C937,2026-02-01,1,net demand for forecast,80804132|C810|C937|2026-02-01|net demand for forecast|049727
80804132,C810,C937,2026-02-01,1,net demand for forecast,80804132|C810|C937|2026-02-01|net demand for forecast|049728
80804132,C810,C937,2026-02-01,1,net demand for forecast,80804132|C810|C937|2026-02-01|net demand for forecast|049729
80804132,C810,C937,2026-02-01,1,net demand for forecast,80804132|C810|C937|2026-02-01|net demand for forecast|049730
80804132,C810,C937,2026-02-01,1,net demand for forecast,80804132|C810|C937|2026-02-01|net demand for forecast|049731
80804132,C816,E467,2026-02-01,5,net demand for safety,80804132|C816|E467|2026-02-01|net demand for safety|049732
80804132,C816,E569,2026-02-01,1,net demand for forecast,80804132|C816|E569|2026-02-01|net demand for forecast|049741
80804132,C816,E569,2026-02-01,1,net demand for forecast,80804132|C816|E569|2026-02-01|net demand for forecast|049742
80804132,C816,E569,2026-02-01,1,net demand for forecast,80804132|C816|E569|2026-02-01|net demand for forecast|049743
80804132,C816,E569,2026-02-01,1,net demand for forecast,80804132|C816|E569|2026-02-01|net demand for forecast|049744
80804132,C816,E569,2026-02-01,1,net demand for forecast,80804132|C816|E569|2026-02-01|net demand for forecast|049745
80804132,C816,E569,2026-02-01,1,net demand for forecast,80804132|C816|E569|2026-02-01|net demand for forecast|049746
80804132,C816,E569,2026-02-01,1,net demand for forecast,80804132|C816|E569|2026-02-01|net demand for forecast|049747
80804132,C816,E569,2026-02-01,2,net demand for safety,80804132|C816|E569|2026-02-01|net demand for safety|049748
80804133,A672,C819,2026-02-01,1,net demand for forecast,80804133|A672|C819|2026-02-01|net demand for forecast|049749
80804133,A672,C819,2026-02-01,1,net demand for forecast,80804133|A672|C819|2026-02-01|net demand for forecast|049750
80804133,A672,C819,2026-02-01,1,net demand for forecast,80804133|A672|C819|2026-02-01|net demand for forecast|049751
80804133,A672,C819,2026-02-01,1,net demand for forecast,80804133|A672|C819|2026-02-01|net demand for forecast|049752
80804133,A672,C819,2026-02-01,1,net demand for forecast,80804133|A672|C819|2026-02-01|net demand for forecast|049753
80804133,A672,C819,2026-02-01,1,net demand for forecast,80804133|A672|C819|2026-02-01|net demand for forecast|049754
80804133,A672,C819,2026-02-01,1,net demand for forecast,80804133|A672|C819|2026-02-01|net demand for forecast|049755
80804133,C816,E467,2026-02-01,1,net demand for forecast,80804133|C816|E467|2026-02-01|net demand for forecast|049757
80804133,C816,E467,2026-02-01,1,net demand for forecast,80804133|C816|E467|2026-02-01|net demand for forecast|049758
80804133,C816,E467,2026-02-01,1,net demand for forecast,80804133|C816|E467|2026-02-01|net demand for forecast|049759
80804133,C816,E467,2026-02-01,1,net demand for forecast,80804133|C816|E467|2026-02-01|net demand for forecast|049760
80804133,C816,E467,2026-02-01,1,net demand for forecast,80804133|C816|E467|2026-02-01|net demand for forecast|049761
80804133,C816,E467,2026-02-01,5,net demand for safety,80804133|C816|E467|2026-02-01|net demand for safety|049762
80804134,A672,E556,2026-02-01,2,net demand for forecast,80804134|A672|E556|2026-02-01|net demand for forecast|049844
80804134,A672,E556,2026-02-01,2,net demand for forecast,80804134|A672|E556|2026-02-01|net demand for forecast|049845
80804134,A672,E556,2026-02-01,2,net demand for forecast,80804134|A672|E556|2026-02-01|net demand for forecast|049846
80804134,A672,E556,2026-02-01,2,net demand for forecast,80804134|A672|E556|2026-02-01|net demand for forecast|049847
80804134,A672,E556,2026-02-01,2,net demand for forecast,80804134|A672|E556|2026-02-01|net demand for forecast|049848
80804134,A672,E556,2026-02-01,1,net demand for normal,80804134|A672|E556|2026-02-01|net demand for normal|049849
80804134,C816,E467,2026-02-01,1,net demand for forecast,80804134|C816|E467|2026-02-01|net demand for forecast|049850
80804134,C816,E467,2026-02-01,1,net demand for forecast,80804134|C816|E467|2026-02-01|net demand for forecast|049851
80804134,C816,E467,2026-02-01,1,net demand for forecast,80804134|C816|E467|2026-02-01|net demand for forecast|049852
80804134,C816,E467,2026-02-01,1,net demand for forecast,80804134|C816|E467|2026-02-01|net demand for forecast|049853
80804134,C816,E467,2026-02-01,1,net demand for forecast,80804134|C816|E467|2026-02-01|net demand for forecast|049854
80804136,A672,C819,2026-02-01,1,net demand for forecast,80804136|A672|C819|2026-02-01|net demand for forecast|049855
80804136,A672,C819,2026-02-01,1,net demand for forecast,80804136|A672|C819|2026-02-01|net demand for forecast|049856
80804136,A672,C819,2026-02-01,1,net demand for forecast,80804136|A672|C819|2026-02-01|net demand for forecast|049857
80804136,A672,C819,2026-02-01,1,net demand for forecast,80804136|A672|C819|2026-02-01|net demand for forecast|049858
80804136,A672,C819,2026-02-01,1,net demand for forecast,80804136|A672|C819|2026-02-01|net demand for forecast|049859
80804136,A672,C819,2026-02-01,1,net demand for forecast,80804136|A672|C819|2026-02-01|net demand for forecast|049860
80804136,A672,C819,2026-02-01,1,net demand for forecast,80804136|A672|C819|2026-02-01|net demand for forecast|049861
80804136,A672,C819,2026-02-01,1,net demand for forecast,80804136|A672|C819|2026-02-01|net demand for forecast|049862
80804138,A672,C819,2026-02-01,1,net demand for safety,80804138|A672|C819|2026-02-01|net demand for safety|049893
80804138,A672,E556,2026-02-01,3,net demand for safety,80804138|A672|E556|2026-02-01|net demand for safety|049894
80804698,C810,D767,2026-02-01,1,net demand for safety,80804698|C810|D767|2026-02-01|net demand for safety|049897
80804698,C816,A672,2026-02-01,2,net demand for forecast,80804698|C816|A672|2026-02-01|net demand for forecast|049898
80804698,C816,A672,2026-02-01,2,net demand for forecast,80804698|C816|A672|2026-02-01|net demand for forecast|049899
80804698,C816,A672,2026-02-01,2,net demand for forecast,80804698|C816|A672|2026-02-01|net demand for forecast|049900
80804698,C816,A672,2026-02-01,2,net demand for forecast,80804698|C816|A672|2026-02-01|net demand for forecast|049901
80804698,C816,A672,2026-02-01,2,net demand for forecast,80804698|C816|A672|2026-02-01|net demand for forecast|049902
80804698,C816,A672,2026-02-01,2,net demand for forecast,80804698|C816|A672|2026-02-01|net demand for forecast|049903
80804698,C816,A672,2026-02-01,2,net demand for forecast,80804698|C816|A672|2026-02-01|net demand for forecast|049904
80804699,C816,A672,2026-02-01,1,net demand for forecast,80804699|C816|A672|2026-02-01|net demand for forecast|049907
80804699,C816,A672,2026-02-01,1,net demand for forecast,80804699|C816|A672|2026-02-01|net demand for forecast|049908
80804699,C816,A672,2026-02-01,1,net demand for forecast,80804699|C816|A672|2026-02-01|net demand for forecast|049909
80804699,C816,A672,2026-02-01,1,net demand for forecast,80804699|C816|A672|2026-02-01|net demand for forecast|049910
80804699,C816,A672,2026-02-01,1,net demand for forecast,80804699|C816|A672|2026-02-01|net demand for forecast|049911
80804699,C816,A672,2026-02-01,1,net demand for forecast,80804699|C816|A672|2026-02-01|net demand for forecast|049912
80804699,C816,A672,2026-02-01,1,net demand for forecast,80804699|C816|A672|2026-02-01|net demand for forecast|049913
80804699,C816,A680,2026-02-01,1,net demand for forecast,80804699|C816|A680|2026-02-01|net demand for forecast|049915
80804699,C816,A680,2026-02-01,1,net demand for forecast,80804699|C816|A680|2026-02-01|net demand for forecast|049916
80804699,C816,A680,2026-02-01,1,net demand for forecast,80804699|C816|A680|2026-02-01|net demand for forecast|049917
80804699,C816,A680,2026-02-01,1,net demand for forecast,80804699|C816|A680|2026-02-01|net demand for forecast|049918
80804699,C816,A680,2026-02-01,1,net demand for forecast,80804699|C816|A680|2026-02-01|net demand for forecast|049919
80804699,C816,A680,2026-02-01,1,net demand for forecast,80804699|C816|A680|2026-02-01|net demand for forecast|049920
80804699,C816,A680,2026-02-01,1,net demand for forecast,80804699|C816|A680|2026-02-01|net demand for forecast|049921
80804701,C810,C937,2026-02-01,1,net demand for safety,80804701|C810|C937|2026-02-01|net demand for safety|049926
80804701,C810,D767,2026-02-01,5,net demand for safety,80804701|C810|D767|2026-02-01|net demand for safety|049927
80804703,C810,C937,2026-02-01,1,net demand for forecast,80804703|C810|C937|2026-02-01|net demand for forecast|049939
80804703,C810,C937,2026-02-01,1,net demand for forecast,80804703|C810|C937|2026-02-01|net demand for forecast|049940
80804703,C810,C937,2026-02-01,1,net demand for forecast,80804703|C810|C937|2026-02-01|net demand for forecast|049941
80804703,C810,C937,2026-02-01,1,net demand for forecast,80804703|C810|C937|2026-02-01|net demand for forecast|049942
80804703,C810,C937,2026-02-01,1,net demand for forecast,80804703|C810|C937|2026-02-01|net demand for forecast|049943
80804703,C810,C937,2026-02-01,1,net demand for forecast,80804703|C810|C937|2026-02-01|net demand for forecast|049944
80804703,C810,C937,2026-02-01,1,net demand for forecast,80804703|C810|C937|2026-02-01|net demand for forecast|049945
80804703,C810,C937,2026-02-01,1,net demand for safety,80804703|C810|C937|2026-02-01|net demand for safety|049946
80804703,C816,A672,2026-02-01,2,net demand for forecast,80804703|C816|A672|2026-02-01|net demand for forecast|049947
80804703,C816,A672,2026-02-01,2,net demand for forecast,80804703|C816|A672|2026-02-01|net demand for forecast|049948
80804703,C816,A672,2026-02-01,2,net demand for forecast,80804703|C816|A672|2026-02-01|net demand for forecast|049949
80804703,C816,A672,2026-02-01,2,net demand for forecast,80804703|C816|A672|2026-02-01|net demand for forecast|049950
80804703,C816,A672,2026-02-01,2,net demand for forecast,80804703|C816|A672|2026-02-01|net demand for forecast|049951
80804703,C816,A672,2026-02-01,2,net demand for forecast,80804703|C816|A672|2026-02-01|net demand for forecast|049952
80804703,C816,A672,2026-02-01,2,net demand for forecast,80804703|C816|A672|2026-02-01|net demand for forecast|049953
80804704,C816,A672,2026-02-01,9,net demand for forecast,80804704|C816|A672|2026-02-01|net demand for forecast|049962
80804704,C816,A672,2026-02-01,27,net demand for forecast,80804704|C816|A672|2026-02-01|net demand for forecast|049963
80804704,C816,A672,2026-02-01,27,net demand for forecast,80804704|C816|A672|2026-02-01|net demand for forecast|049964
80804704,C816,A672,2026-02-01,27,net demand for forecast,80804704|C816|A672|2026-02-01|net demand for forecast|049965
80804704,C816,A672,2026-02-01,27,net demand for forecast,80804704|C816|A672|2026-02-01|net demand for forecast|049966
80804704,C816,A672,2026-02-01,27,net demand for forecast,80804704|C816|A672|2026-02-01|net demand for forecast|049967
80804704,C816,A672,2026-02-01,27,net demand for forecast,80804704|C816|A672|2026-02-01|net demand for forecast|049968
80804704,C816,A672,2026-02-01,6,net demand for net demand for safety,80804704|C816|A672|2026-02-01|net demand for net demand for safety|049969
80804704,C816,A680,2026-02-01,1,net demand for forecast,80804704|C816|A680|2026-02-01|net demand for forecast|049988
80804704,C816,A680,2026-02-01,1,net demand for forecast,80804704|C816|A680|2026-02-01|net demand for forecast|049989
80804704,C816,A680,2026-02-01,1,net demand for forecast,80804704|C816|A680|2026-02-01|net demand for forecast|049990
80804704,C816,A680,2026-02-01,1,net demand for forecast,80804704|C816|A680|2026-02-01|net demand for forecast|049991
80804704,C816,A680,2026-02-01,1,net demand for forecast,80804704|C816|A680|2026-02-01|net demand for forecast|049992
80804704,C816,A680,2026-02-01,1,net demand for forecast,80804704|C816|A680|2026-02-01|net demand for forecast|049993
80804704,C816,A680,2026-02-01,1,net demand for forecast,80804704|C816|A680|2026-02-01|net demand for forecast|049994
80804704,C816,A680,2026-02-01,1,net demand for normal,80804704|C816|A680|2026-02-01|net demand for normal|049995
80804704,C816,D191,2026-02-01,2,net demand for safety,80804704|C816|D191|2026-02-01|net demand for safety|050002
80804704,C816,E569,2026-02-01,1,net demand for safety,80804704|C816|E569|2026-02-01|net demand for safety|050011
80804705,C810,C937,2026-02-01,1,net demand for forecast,80804705|C810|C937|2026-02-01|net demand for forecast|050016
80804705,C810,C937,2026-02-01,1,net demand for forecast,80804705|C810|C937|2026-02-01|net demand for forecast|050017
80804705,C810,C937,2026-02-01,1,net demand for forecast,80804705|C810|C937|2026-02-01|net demand for forecast|050018
80804705,C810,C937,2026-02-01,1,net demand for forecast,80804705|C810|C937|2026-02-01|net demand for forecast|050019
80804705,C810,C937,2026-02-01,1,net demand for forecast,80804705|C810|C937|2026-02-01|net demand for forecast|050020
80804705,C810,C937,2026-02-01,1,net demand for forecast,80804705|C810|C937|2026-02-01|net demand for forecast|050021
80804705,C810,C937,2026-02-01,1,net demand for forecast,80804705|C810|C937|2026-02-01|net demand for forecast|050022
80804705,C810,C937,2026-02-01,5,net demand for safety,80804705|C810|C937|2026-02-01|net demand for safety|050023
80804705,C810,D767,2026-02-01,8,net demand for safety,80804705|C810|D767|2026-02-01|net demand for safety|050024
80804705,C816,A672,2026-02-01,3,net demand for forecast,80804705|C816|A672|2026-02-01|net demand for forecast|050026
80804705,C816,A672,2026-02-01,5,net demand for forecast,80804705|C816|A672|2026-02-01|net demand for forecast|050027
80804705,C816,A672,2026-02-01,5,net demand for forecast,80804705|C816|A672|2026-02-01|net demand for forecast|050028
80804705,C816,A672,2026-02-01,5,net demand for forecast,80804705|C816|A672|2026-02-01|net demand for forecast|050029
80804705,C816,A672,2026-02-01,5,net demand for forecast,80804705|C816|A672|2026-02-01|net demand for forecast|050030
80804705,C816,A672,2026-02-01,5,net demand for forecast,80804705|C816|A672|2026-02-01|net demand for forecast|050031
80804705,C816,A672,2026-02-01,5,net demand for forecast,80804705|C816|A672|2026-02-01|net demand for forecast|050032
80804705,C816,A672,2026-02-01,1,net demand for net demand for forecast,80804705|C816|A672|2026-02-01|net demand for net demand for forecast|050033
80804705,C816,A672,2026-02-01,1,net demand for net demand for forecast,80804705|C816|A672|2026-02-01|net demand for net demand for forecast|050034
80804705,C816,A672,2026-02-01,1,net demand for net demand for forecast,80804705|C816|A672|2026-02-01|net demand for net demand for forecast|050035
80804705,C816,A672,2026-02-01,1,net demand for net demand for forecast,80804705|C816|A672|2026-02-01|net demand for net demand for forecast|050036
80804705,C816,A672,2026-02-01,1,net demand for net demand for forecast,80804705|C816|A672|2026-02-01|net demand for net demand for forecast|050037
80804705,C816,A672,2026-02-01,1,net demand for net demand for forecast,80804705|C816|A672|2026-02-01|net demand for net demand for forecast|050038
80804705,C816,A672,2026-02-01,2,net demand for net demand for forecast,80804705|C816|A672|2026-02-01|net demand for net demand for forecast|050039
80804705,C816,A672,2026-02-01,5,net demand for net demand for safety,80804705|C816|A672|2026-02-01|net demand for net demand for safety|050040
80804705,C816,A680,2026-02-01,5,net demand for forecast,80804705|C816|A680|2026-02-01|net demand for forecast|050042
80804705,C816,A680,2026-02-01,5,net demand for forecast,80804705|C816|A680|2026-02-01|net demand for forecast|050043
80804705,C816,A680,2026-02-01,5,net demand for forecast,80804705|C816|A680|2026-02-01|net demand for forecast|050044
80804705,C816,A680,2026-02-01,5,net demand for forecast,80804705|C816|A680|2026-02-01|net demand for forecast|050045
80804705,C816,A680,2026-02-01,5,net demand for forecast,80804705|C816|A680|2026-02-01|net demand for forecast|050046
80804705,C816,A680,2026-02-01,5,net demand for forecast,80804705|C816|A680|2026-02-01|net demand for forecast|050047
80804705,C816,A680,2026-02-01,5,net demand for forecast,80804705|C816|A680|2026-02-01|net demand for forecast|050048
80804705,C816,E569,2026-02-01,1,net demand for forecast,80804705|C816|E569|2026-02-01|net demand for forecast|050056
80804705,C816,E569,2026-02-01,1,net demand for forecast,80804705|C816|E569|2026-02-01|net demand for forecast|050057
80804705,C816,E569,2026-02-01,1,net demand for forecast,80804705|C816|E569|2026-02-01|net demand for forecast|050058
80804705,C816,E569,2026-02-01,1,net demand for forecast,80804705|C816|E569|2026-02-01|net demand for forecast|050059
80804705,C816,E569,2026-02-01,1,net demand for forecast,80804705|C816|E569|2026-02-01|net demand for forecast|050060
80804705,C816,E569,2026-02-01,1,net demand for forecast,80804705|C816|E569|2026-02-01|net demand for forecast|050061
80804705,C816,E569,2026-02-01,1,net demand for forecast,80804705|C816|E569|2026-02-01|net demand for forecast|050062
80804705,C816,E569,2026-02-01,3,net demand for safety,80804705|C816|E569|2026-02-01|net demand for safety|050063
80805852,A673,E564,2026-02-01,3,net demand for safety,80805852|A673|E564|2026-02-01|net demand for safety|050071
80805856,A672,C819,2026-02-01,1,net demand for normal,80805856|A672|C819|2026-02-01|net demand for normal|050072
80805856,C810,D767,2026-02-01,7,net demand for normal,80805856|C810|D767|2026-02-01|net demand for normal|050073
80807089,C816,A680,2026-02-01,2,net demand for forecast,80807089|C816|A680|2026-02-01|net demand for forecast|050088
80807089,C816,A680,2026-02-01,4,net demand for forecast,80807089|C816|A680|2026-02-01|net demand for forecast|050089
80807089,C816,A680,2026-02-01,4,net demand for forecast,80807089|C816|A680|2026-02-01|net demand for forecast|050090
80807089,C816,A680,2026-02-01,5,net demand for forecast,80807089|C816|A680|2026-02-01|net demand for forecast|050091
80807089,C816,A680,2026-02-01,5,net demand for forecast,80807089|C816|A680|2026-02-01|net demand for forecast|050092
80807089,C816,A680,2026-02-01,5,net demand for forecast,80807089|C816|A680|2026-02-01|net demand for forecast|050093
80807089,C816,A680,2026-02-01,5,net demand for forecast,80807089|C816|A680|2026-02-01|net demand for forecast|050094
80807091,A672,E556,2026-02-01,2,net demand for safety,80807091|A672|E556|2026-02-01|net demand for safety|050097
80807091,C810,D767,2026-02-01,4,net demand for safety,80807091|C810|D767|2026-02-01|net demand for safety|050099
80807092,C816,A680,2026-02-01,1,net demand for AO,80807092|C816|A680|2026-02-01|net demand for AO|050108
80807092,C816,A680,2026-02-01,1,net demand for AO,80807092|C816|A680|2026-02-01|net demand for AO|050109
80807092,C816,A680,2026-02-01,1,net demand for AO,80807092|C816|A680|2026-02-01|net demand for AO|050110
80807092,C816,A680,2026-02-01,1,net demand for AO,80807092|C816|A680|2026-02-01|net demand for AO|050111
80807092,C816,A680,2026-02-01,1,net demand for AO,80807092|C816|A680|2026-02-01|net demand for AO|050112
80807092,C816,A680,2026-02-01,1,net demand for forecast,80807092|C816|A680|2026-02-01|net demand for forecast|050113
80807092,C816,A680,2026-02-01,1,net demand for forecast,80807092|C816|A680|2026-02-01|net demand for forecast|050114
80807092,C816,A680,2026-02-01,1,net demand for forecast,80807092|C816|A680|2026-02-01|net demand for forecast|050115
80807092,C816,A680,2026-02-01,1,net demand for forecast,80807092|C816|A680|2026-02-01|net demand for forecast|050116
80807092,C816,A680,2026-02-01,1,net demand for forecast,80807092|C816|A680|2026-02-01|net demand for forecast|050117
80807092,C816,A680,2026-02-01,1,net demand for forecast,80807092|C816|A680|2026-02-01|net demand for forecast|050118
80807092,C816,A680,2026-02-01,1,net demand for forecast,80807092|C816|A680|2026-02-01|net demand for forecast|050119
80807097,A672,E556,2026-02-01,2,net demand for safety,80807097|A672|E556|2026-02-01|net demand for safety|050216
80807105,C816,E569,2026-02-01,1,net demand for forecast,80807105|C816|E569|2026-02-01|net demand for forecast|050240
80807105,C816,E569,2026-02-01,1,net demand for forecast,80807105|C816|E569|2026-02-01|net demand for forecast|050241
80807105,C816,E569,2026-02-01,1,net demand for forecast,80807105|C816|E569|2026-02-01|net demand for forecast|050242
80807105,C816,E569,2026-02-01,1,net demand for forecast,80807105|C816|E569|2026-02-01|net demand for forecast|050243
80807105,C816,E569,2026-02-01,1,net demand for forecast,80807105|C816|E569|2026-02-01|net demand for forecast|050244
80807105,C816,E569,2026-02-01,1,net demand for forecast,80807105|C816|E569|2026-02-01|net demand for forecast|050245
80807105,C816,E569,2026-02-01,1,net demand for forecast,80807105|C816|E569|2026-02-01|net demand for forecast|050246
80807110,A672,E556,2026-02-01,5,net demand for safety,80807110|A672|E556|2026-02-01|net demand for safety|050247
80807110,A672,E568,2026-02-01,1,net demand for safety,80807110|A672|E568|2026-02-01|net demand for safety|050248
80807112,A672,C819,2026-02-01,1,net demand for safety,80807112|A672|C819|2026-02-01|net demand for safety|050251
80807112,A672,E556,2026-02-01,6,net demand for safety,80807112|A672|E556|2026-02-01|net demand for safety|050252
80807112,C810,C937,2026-02-01,1,net demand for forecast,80807112|C810|C937|2026-02-01|net demand for forecast|050254
80807112,C810,C937,2026-02-01,1,net demand for forecast,80807112|C810|C937|2026-02-01|net demand for forecast|050255
80807112,C810,C937,2026-02-01,1,net demand for forecast,80807112|C810|C937|2026-02-01|net demand for forecast|050256
80807112,C810,C937,2026-02-01,1,net demand for forecast,80807112|C810|C937|2026-02-01|net demand for forecast|050257
80807112,C810,C937,2026-02-01,1,net demand for forecast,80807112|C810|C937|2026-02-01|net demand for forecast|050258
80807112,C810,C937,2026-02-01,1,net demand for forecast,80807112|C810|C937|2026-02-01|net demand for forecast|050259
80807112,C810,C937,2026-02-01,1,net demand for forecast,80807112|C810|C937|2026-02-01|net demand for forecast|050260
80807112,C810,C937,2026-02-01,6,net demand for safety,80807112|C810|C937|2026-02-01|net demand for safety|050261
80807112,C810,D767,2026-02-01,1,net demand for safety,80807112|C810|D767|2026-02-01|net demand for safety|050262
80807113,C810,C937,2026-02-01,3,net demand for safety,80807113|C810|C937|2026-02-01|net demand for safety|050265
80807113,C810,D767,2026-02-01,7,net demand for safety,80807113|C810|D767|2026-02-01|net demand for safety|050266
80807113,C816,E569,2026-02-01,4,net demand for safety,80807113|C816|E569|2026-02-01|net demand for safety|050267
80807116,C810,C937,2026-02-01,3,net demand for forecast,80807116|C810|C937|2026-02-01|net demand for forecast|050287
80807116,C810,C937,2026-02-01,3,net demand for forecast,80807116|C810|C937|2026-02-01|net demand for forecast|050288
80807116,C810,C937,2026-02-01,3,net demand for forecast,80807116|C810|C937|2026-02-01|net demand for forecast|050289
80807116,C810,C937,2026-02-01,3,net demand for forecast,80807116|C810|C937|2026-02-01|net demand for forecast|050290
80807116,C810,C937,2026-02-01,3,net demand for forecast,80807116|C810|C937|2026-02-01|net demand for forecast|050291
80807116,C810,C937,2026-02-01,3,net demand for forecast,80807116|C810|C937|2026-02-01|net demand for forecast|050292
80807116,C810,C937,2026-02-01,3,net demand for forecast,80807116|C810|C937|2026-02-01|net demand for forecast|050293
80807116,C816,E569,2026-02-01,1,net demand for forecast,80807116|C816|E569|2026-02-01|net demand for forecast|050305
80807116,C816,E569,2026-02-01,1,net demand for forecast,80807116|C816|E569|2026-02-01|net demand for forecast|050306
80807116,C816,E569,2026-02-01,1,net demand for forecast,80807116|C816|E569|2026-02-01|net demand for forecast|050307
80807116,C816,E569,2026-02-01,1,net demand for forecast,80807116|C816|E569|2026-02-01|net demand for forecast|050308
80807116,C816,E569,2026-02-01,1,net demand for forecast,80807116|C816|E569|2026-02-01|net demand for forecast|050309
80807116,C816,E569,2026-02-01,1,net demand for forecast,80807116|C816|E569|2026-02-01|net demand for forecast|050310
80807116,C816,E569,2026-02-01,1,net demand for forecast,80807116|C816|E569|2026-02-01|net demand for forecast|050311
80807118,A672,E556,2026-02-01,2,net demand for safety,80807118|A672|E556|2026-02-01|net demand for safety|050313
80807118,C810,D767,2026-02-01,3,net demand for safety,80807118|C810|D767|2026-02-01|net demand for safety|050315
80807119,A672,E556,2026-02-01,15,net demand for safety,80807119|A672|E556|2026-02-01|net demand for safety|050317
80807120,A672,E556,2026-02-01,1,net demand for safety,80807120|A672|E556|2026-02-01|net demand for safety|050318
80807120,C810,D767,2026-02-01,1,net demand for safety,80807120|C810|D767|2026-02-01|net demand for safety|050320
80812099,A672,E556,2026-02-01,3,net demand for safety,80812099|A672|E556|2026-02-01|net demand for safety|050322
80812099,A673,E564,2026-02-01,1,net demand for forecast,80812099|A673|E564|2026-02-01|net demand for forecast|050323
80812099,A673,E564,2026-02-01,1,net demand for forecast,80812099|A673|E564|2026-02-01|net demand for forecast|050324
80812099,A673,E564,2026-02-01,1,net demand for forecast,80812099|A673|E564|2026-02-01|net demand for forecast|050325
80812099,A673,E564,2026-02-01,1,net demand for forecast,80812099|A673|E564|2026-02-01|net demand for forecast|050326
80812099,A673,E564,2026-02-01,1,net demand for forecast,80812099|A673|E564|2026-02-01|net demand for forecast|050327
80812099,A673,E564,2026-02-01,1,net demand for forecast,80812099|A673|E564|2026-02-01|net demand for forecast|050328
80812099,A673,E564,2026-02-01,1,net demand for forecast,80812099|A673|E564|2026-02-01|net demand for forecast|050329
80812099,A673,E564,2026-02-01,4,net demand for safety,80812099|A673|E564|2026-02-01|net demand for safety|050330
80812103,C816,C937,2026-02-01,1,net demand for safety,80812103|C816|C937|2026-02-01|net demand for safety|050331
80812103,C816,E569,2026-02-01,6,net demand for safety,80812103|C816|E569|2026-02-01|net demand for safety|050332
80812154,A672,E556,2026-02-01,1,net demand for safety,80812154|A672|E556|2026-02-01|net demand for safety|050333
80812338,C816,E569,2026-02-01,1,net demand for safety,80812338|C816|E569|2026-02-01|net demand for safety|050334
80812839,C810,D767,2026-02-01,1,net demand for safety,80812839|C810|D767|2026-02-01|net demand for safety|050335
80812839,C816,E569,2026-02-01,4,net demand for safety,80812839|C816|E569|2026-02-01|net demand for safety|050337
80812840,A672,E556,2026-02-01,6,net demand for safety,80812840|A672|E556|2026-02-01|net demand for safety|050338
80812840,C810,D767,2026-02-01,1,net demand for forecast,80812840|C810|D767|2026-02-01|net demand for forecast|050339
80812840,C810,D767,2026-02-01,1,net demand for forecast,80812840|C810|D767|2026-02-01|net demand for forecast|050340
80812840,C810,D767,2026-02-01,1,net demand for forecast,80812840|C810|D767|2026-02-01|net demand for forecast|050341
80812840,C810,D767,2026-02-01,1,net demand for forecast,80812840|C810|D767|2026-02-01|net demand for forecast|050342
80812840,C810,D767,2026-02-01,4,net demand for safety,80812840|C810|D767|2026-02-01|net demand for safety|050343
80812841,A672,E556,2026-02-01,6,net demand for normal,80812841|A672|E556|2026-02-01|net demand for normal|050345
80812845,A672,E556,2026-02-01,1,net demand for forecast,80812845|A672|E556|2026-02-01|net demand for forecast|050353
80812845,A672,E556,2026-02-01,1,net demand for forecast,80812845|A672|E556|2026-02-01|net demand for forecast|050354
80812845,A672,E556,2026-02-01,1,net demand for forecast,80812845|A672|E556|2026-02-01|net demand for forecast|050355
80812845,A672,E556,2026-02-01,1,net demand for forecast,80812845|A672|E556|2026-02-01|net demand for forecast|050356
80812845,A672,E556,2026-02-01,1,net demand for forecast,80812845|A672|E556|2026-02-01|net demand for forecast|050357
80812845,A672,E556,2026-02-01,1,net demand for normal,80812845|A672|E556|2026-02-01|net demand for normal|050358
80812845,A672,E556,2026-02-01,2,net demand for safety,80812845|A672|E556|2026-02-01|net demand for safety|050359
80812845,C816,E467,2026-02-01,2,net demand for forecast,80812845|C816|E467|2026-02-01|net demand for forecast|050360
80812845,C816,E467,2026-02-01,2,net demand for forecast,80812845|C816|E467|2026-02-01|net demand for forecast|050361
80812845,C816,E467,2026-02-01,2,net demand for forecast,80812845|C816|E467|2026-02-01|net demand for forecast|050362
80812845,C816,E467,2026-02-01,2,net demand for forecast,80812845|C816|E467|2026-02-01|net demand for forecast|050363
80812845,C816,E467,2026-02-01,2,net demand for forecast,80812845|C816|E467|2026-02-01|net demand for forecast|050364
80812846,A672,E556,2026-02-01,7,net demand for safety,80812846|A672|E556|2026-02-01|net demand for safety|050365
80838164,A673,E564,2026-02-01,1,net demand for forecast,80838164|A673|E564|2026-02-01|net demand for forecast|050368
80838164,A673,E564,2026-02-01,1,net demand for forecast,80838164|A673|E564|2026-02-01|net demand for forecast|050369
80838164,A673,E564,2026-02-01,1,net demand for forecast,80838164|A673|E564|2026-02-01|net demand for forecast|050370
80838164,A673,E564,2026-02-01,1,net demand for forecast,80838164|A673|E564|2026-02-01|net demand for forecast|050371
80838164,A673,E564,2026-02-01,1,net demand for forecast,80838164|A673|E564|2026-02-01|net demand for forecast|050372
80838164,A673,E564,2026-02-01,1,net demand for forecast,80838164|A673|E564|2026-02-01|net demand for forecast|050373
80838164,A673,E564,2026-02-01,1,net demand for forecast,80838164|A673|E564|2026-02-01|net demand for forecast|050374
80838164,A673,E564,2026-02-01,1,net demand for normal,80838164|A673|E564|2026-02-01|net demand for normal|050375
80838164,A673,E564,2026-02-01,1,net demand for safety,80838164|A673|E564|2026-02-01|net demand for safety|050376
80840975,C816,D767,2026-02-01,1,net demand for forecast,80840975|C816|D767|2026-02-01|net demand for forecast|050377
80840975,C816,D767,2026-02-01,1,net demand for forecast,80840975|C816|D767|2026-02-01|net demand for forecast|050378
80840975,C816,D767,2026-02-01,1,net demand for forecast,80840975|C816|D767|2026-02-01|net demand for forecast|050379
80840975,C816,D767,2026-02-01,1,net demand for forecast,80840975|C816|D767|2026-02-01|net demand for forecast|050380
80840975,C816,D767,2026-02-01,3,net demand for safety,80840975|C816|D767|2026-02-01|net demand for safety|050381
80840976,A672,E556,2026-02-01,1,net demand for safety,80840976|A672|E556|2026-02-01|net demand for safety|050382
80840976,C816,E569,2026-02-01,1,net demand for safety,80840976|C816|E569|2026-02-01|net demand for safety|050384
80848021,C816,A672,2026-02-01,2,net demand for forecast,80848021|C816|A672|2026-02-01|net demand for forecast|050390
80848021,C816,A672,2026-02-01,2,net demand for forecast,80848021|C816|A672|2026-02-01|net demand for forecast|050391
80848021,C816,A672,2026-02-01,2,net demand for forecast,80848021|C816|A672|2026-02-01|net demand for forecast|050392
80848021,C816,A672,2026-02-01,2,net demand for forecast,80848021|C816|A672|2026-02-01|net demand for forecast|050393
80848021,C816,A672,2026-02-01,2,net demand for forecast,80848021|C816|A672|2026-02-01|net demand for forecast|050394
80848021,C816,A672,2026-02-01,2,net demand for forecast,80848021|C816|A672|2026-02-01|net demand for forecast|050395
80848021,C816,A672,2026-02-01,2,net demand for forecast,80848021|C816|A672|2026-02-01|net demand for forecast|050396
80848022,A672,E556,2026-02-01,1,net demand for forecast,80848022|A672|E556|2026-02-01|net demand for forecast|050401
80848022,A672,E556,2026-02-01,1,net demand for forecast,80848022|A672|E556|2026-02-01|net demand for forecast|050402
80848022,A672,E556,2026-02-01,1,net demand for forecast,80848022|A672|E556|2026-02-01|net demand for forecast|050403
80848022,A672,E556,2026-02-01,1,net demand for forecast,80848022|A672|E556|2026-02-01|net demand for forecast|050404
80848022,A672,E556,2026-02-01,1,net demand for forecast,80848022|A672|E556|2026-02-01|net demand for forecast|050405
80848022,A672,E556,2026-02-01,1,net demand for normal,80848022|A672|E556|2026-02-01|net demand for normal|050406
80848022,C816,E467,2026-02-01,4,net demand for safety,80848022|C816|E467|2026-02-01|net demand for safety|050407
80848023,C816,C937,2026-02-01,10,net demand for safety,80848023|C816|C937|2026-02-01|net demand for safety|050408
80848023,C816,D767,2026-02-01,1,net demand for forecast,80848023|C816|D767|2026-02-01|net demand for forecast|050409
80848023,C816,D767,2026-02-01,1,net demand for forecast,80848023|C816|D767|2026-02-01|net demand for forecast|050410
80848023,C816,D767,2026-02-01,1,net demand for forecast,80848023|C816|D767|2026-02-01|net demand for forecast|050411
80848023,C816,D767,2026-02-01,1,net demand for forecast,80848023|C816|D767|2026-02-01|net demand for forecast|050412
80848023,C816,D767,2026-02-01,7,net demand for safety,80848023|C816|D767|2026-02-01|net demand for safety|050413
80848023,C816,E569,2026-02-01,6,net demand for safety,80848023|C816|E569|2026-02-01|net demand for safety|050414
80848025,C816,E467,2026-02-01,4,net demand for safety,80848025|C816|E467|2026-02-01|net demand for safety|050436
80848025,C816,E569,2026-02-01,1,net demand for forecast,80848025|C816|E569|2026-02-01|net demand for forecast|050437
80848025,C816,E569,2026-02-01,1,net demand for forecast,80848025|C816|E569|2026-02-01|net demand for forecast|050438
80848025,C816,E569,2026-02-01,1,net demand for forecast,80848025|C816|E569|2026-02-01|net demand for forecast|050439
80848025,C816,E569,2026-02-01,1,net demand for forecast,80848025|C816|E569|2026-02-01|net demand for forecast|050440
80848025,C816,E569,2026-02-01,1,net demand for forecast,80848025|C816|E569|2026-02-01|net demand for forecast|050441
80848025,C816,E569,2026-02-01,1,net demand for forecast,80848025|C816|E569|2026-02-01|net demand for forecast|050442
80848025,C816,E569,2026-02-01,2,net demand for forecast,80848025|C816|E569|2026-02-01|net demand for forecast|050443
80848025,C816,E569,2026-02-01,9,net demand for safety,80848025|C816|E569|2026-02-01|net demand for safety|050444
80848026,A672,E568,2026-02-01,5,net demand for normal,80848026|A672|E568|2026-02-01|net demand for normal|050567
80848028,A672,E556,2026-02-01,1,net demand for forecast,80848028|A672|E556|2026-02-01|net demand for forecast|050574
80848028,A672,E556,2026-02-01,1,net demand for forecast,80848028|A672|E556|2026-02-01|net demand for forecast|050575
80848028,A672,E556,2026-02-01,1,net demand for forecast,80848028|A672|E556|2026-02-01|net demand for forecast|050576
80848028,A672,E556,2026-02-01,1,net demand for forecast,80848028|A672|E556|2026-02-01|net demand for forecast|050577
80848028,A672,E556,2026-02-01,1,net demand for forecast,80848028|A672|E556|2026-02-01|net demand for forecast|050578
80848028,C810,D767,2026-02-01,1,net demand for forecast,80848028|C810|D767|2026-02-01|net demand for forecast|050583
80848028,C810,D767,2026-02-01,1,net demand for forecast,80848028|C810|D767|2026-02-01|net demand for forecast|050584
80848028,C810,D767,2026-02-01,1,net demand for forecast,80848028|C810|D767|2026-02-01|net demand for forecast|050585
80848028,C810,D767,2026-02-01,1,net demand for forecast,80848028|C810|D767|2026-02-01|net demand for forecast|050586
80848028,C810,D767,2026-02-01,1,net demand for normal,80848028|C810|D767|2026-02-01|net demand for normal|050587
80848028,C810,D767,2026-02-01,2,net demand for safety,80848028|C810|D767|2026-02-01|net demand for safety|050588
80848028,C816,E569,2026-02-01,1,net demand for forecast,80848028|C816|E569|2026-02-01|net demand for forecast|050589
80848028,C816,E569,2026-02-01,1,net demand for forecast,80848028|C816|E569|2026-02-01|net demand for forecast|050590
80848028,C816,E569,2026-02-01,1,net demand for forecast,80848028|C816|E569|2026-02-01|net demand for forecast|050591
80848028,C816,E569,2026-02-01,1,net demand for forecast,80848028|C816|E569|2026-02-01|net demand for forecast|050592
80848028,C816,E569,2026-02-01,1,net demand for forecast,80848028|C816|E569|2026-02-01|net demand for forecast|050593
80848028,C816,E569,2026-02-01,1,net demand for forecast,80848028|C816|E569|2026-02-01|net demand for forecast|050594
80848028,C816,E569,2026-02-01,1,net demand for forecast,80848028|C816|E569|2026-02-01|net demand for forecast|050595
80848028,C816,E569,2026-02-01,1,net demand for safety,80848028|C816|E569|2026-02-01|net demand for safety|050596
80848029,C810,C937,2026-02-01,1,net demand for normal,80848029|C810|C937|2026-02-01|net demand for normal|050675
80848029,C816,E467,2026-02-01,1,net demand for forecast,80848029|C816|E467|2026-02-01|net demand for forecast|050676
80848029,C816,E467,2026-02-01,1,net demand for forecast,80848029|C816|E467|2026-02-01|net demand for forecast|050677
80848029,C816,E467,2026-02-01,1,net demand for forecast,80848029|C816|E467|2026-02-01|net demand for forecast|050678
80848029,C816,E467,2026-02-01,1,net demand for forecast,80848029|C816|E467|2026-02-01|net demand for forecast|050679
80848031,C816,E569,2026-02-01,2,net demand for safety,80848031|C816|E569|2026-02-01|net demand for safety|050682
80851898,A672,C819,2026-02-01,1,net demand for safety,80851898|A672|C819|2026-02-01|net demand for safety|050683
80851898,C816,D767,2026-02-01,2,net demand for safety,80851898|C816|D767|2026-02-01|net demand for safety|050684
80864469,A673,C819,2026-02-01,1,net demand for forecast,80864469|A673|C819|2026-02-01|net demand for forecast|050685
80864469,A673,C819,2026-02-01,1,net demand for forecast,80864469|A673|C819|2026-02-01|net demand for forecast|050686
80864469,A673,C819,2026-02-01,1,net demand for forecast,80864469|A673|C819|2026-02-01|net demand for forecast|050687
80864469,A673,C819,2026-02-01,1,net demand for forecast,80864469|A673|C819|2026-02-01|net demand for forecast|050688
80864469,A673,C819,2026-02-01,1,net demand for forecast,80864469|A673|C819|2026-02-01|net demand for forecast|050689
80864469,A673,C819,2026-02-01,1,net demand for forecast,80864469|A673|C819|2026-02-01|net demand for forecast|050690
80864469,A673,E556,2026-02-01,1,net demand for forecast,80864469|A673|E556|2026-02-01|net demand for forecast|050691
80864469,A673,E556,2026-02-01,1,net demand for forecast,80864469|A673|E556|2026-02-01|net demand for forecast|050692
80864469,A673,E556,2026-02-01,1,net demand for forecast,80864469|A673|E556|2026-02-01|net demand for forecast|050693
80864469,A673,E556,2026-02-01,1,net demand for forecast,80864469|A673|E556|2026-02-01|net demand for forecast|050694
80864469,A673,E556,2026-02-01,1,net demand for forecast,80864469|A673|E556|2026-02-01|net demand for forecast|050695
80864469,A673,E556,2026-02-01,1,net demand for forecast,80864469|A673|E556|2026-02-01|net demand for forecast|050696
80864469,C816,A672,2026-02-01,4,net demand for forecast,80864469|C816|A672|2026-02-01|net demand for forecast|050698
80864469,C816,A672,2026-02-01,4,net demand for forecast,80864469|C816|A672|2026-02-01|net demand for forecast|050699
80864469,C816,A672,2026-02-01,4,net demand for forecast,80864469|C816|A672|2026-02-01|net demand for forecast|050700
80864469,C816,A672,2026-02-01,4,net demand for forecast,80864469|C816|A672|2026-02-01|net demand for forecast|050701
80864469,C816,A672,2026-02-01,4,net demand for forecast,80864469|C816|A672|2026-02-01|net demand for forecast|050702
80864469,C816,A672,2026-02-01,4,net demand for forecast,80864469|C816|A672|2026-02-01|net demand for forecast|050703
80864469,C816,A672,2026-02-01,4,net demand for forecast,80864469|C816|A672|2026-02-01|net demand for forecast|050704
80864469,C816,A680,2026-02-01,1,net demand for forecast,80864469|C816|A680|2026-02-01|net demand for forecast|050706
80864469,C816,A680,2026-02-01,1,net demand for forecast,80864469|C816|A680|2026-02-01|net demand for forecast|050707
80864469,C816,A680,2026-02-01,1,net demand for forecast,80864469|C816|A680|2026-02-01|net demand for forecast|050708
80864469,C816,A680,2026-02-01,1,net demand for forecast,80864469|C816|A680|2026-02-01|net demand for forecast|050709
80864469,C816,A680,2026-02-01,1,net demand for forecast,80864469|C816|A680|2026-02-01|net demand for forecast|050710
80864469,C816,A680,2026-02-01,1,net demand for forecast,80864469|C816|A680|2026-02-01|net demand for forecast|050711
80864469,C816,A680,2026-02-01,1,net demand for forecast,80864469|C816|A680|2026-02-01|net demand for forecast|050712
80864469,C816,E467,2026-02-01,2,net demand for safety,80864469|C816|E467|2026-02-01|net demand for safety|050713
80864470,A672,C819,2026-02-01,2,net demand for safety,80864470|A672|C819|2026-02-01|net demand for safety|050714
80864470,A672,E556,2026-02-01,3,net demand for safety,80864470|A672|E556|2026-02-01|net demand for safety|050715
80864470,C816,C937,2026-02-01,1,net demand for safety,80864470|C816|C937|2026-02-01|net demand for safety|050716
80864470,C816,D767,2026-02-01,1,net demand for forecast,80864470|C816|D767|2026-02-01|net demand for forecast|050717
80864470,C816,D767,2026-02-01,1,net demand for forecast,80864470|C816|D767|2026-02-01|net demand for forecast|050718
80864470,C816,D767,2026-02-01,1,net demand for forecast,80864470|C816|D767|2026-02-01|net demand for forecast|050719
80864470,C816,D767,2026-02-01,1,net demand for forecast,80864470|C816|D767|2026-02-01|net demand for forecast|050720
80864470,C816,D767,2026-02-01,4,net demand for safety,80864470|C816|D767|2026-02-01|net demand for safety|050721
80864470,C816,E467,2026-02-01,2,net demand for safety,80864470|C816|E467|2026-02-01|net demand for safety|050722
80868100,C816,A680,2026-02-01,1,net demand for forecast,80868100|C816|A680|2026-02-01|net demand for forecast|050725
80868100,C816,A680,2026-02-01,1,net demand for forecast,80868100|C816|A680|2026-02-01|net demand for forecast|050726
80868100,C816,A680,2026-02-01,1,net demand for forecast,80868100|C816|A680|2026-02-01|net demand for forecast|050727
80868100,C816,A680,2026-02-01,1,net demand for forecast,80868100|C816|A680|2026-02-01|net demand for forecast|050728
80868100,C816,A680,2026-02-01,1,net demand for forecast,80868100|C816|A680|2026-02-01|net demand for forecast|050729
80868100,C816,A680,2026-02-01,1,net demand for forecast,80868100|C816|A680|2026-02-01|net demand for forecast|050730
80868101,C816,A680,2026-02-01,1,net demand for forecast,80868101|C816|A680|2026-02-01|net demand for forecast|050732
80868101,C816,A680,2026-02-01,1,net demand for forecast,80868101|C816|A680|2026-02-01|net demand for forecast|050733
80868101,C816,A680,2026-02-01,1,net demand for forecast,80868101|C816|A680|2026-02-01|net demand for forecast|050734
80868101,C816,A680,2026-02-01,1,net demand for forecast,80868101|C816|A680|2026-02-01|net demand for forecast|050735
80868101,C816,A680,2026-02-01,1,net demand for forecast,80868101|C816|A680|2026-02-01|net demand for forecast|050736
80884845,C816,A680,2026-02-01,1,net demand for forecast,80884845|C816|A680|2026-02-01|net demand for forecast|050739
80884845,C816,A680,2026-02-01,1,net demand for forecast,80884845|C816|A680|2026-02-01|net demand for forecast|050740
80884845,C816,A680,2026-02-01,1,net demand for forecast,80884845|C816|A680|2026-02-01|net demand for forecast|050741
80884845,C816,A680,2026-02-01,1,net demand for forecast,80884845|C816|A680|2026-02-01|net demand for forecast|050742
80884845,C816,A680,2026-02-01,1,net demand for forecast,80884845|C816|A680|2026-02-01|net demand for forecast|050743
80884845,C816,A680,2026-02-01,1,net demand for normal,80884845|C816|A680|2026-02-01|net demand for normal|050744
80884846,C816,A680,2026-02-01,1,net demand for forecast,80884846|C816|A680|2026-02-01|net demand for forecast|050746
80884846,C816,A680,2026-02-01,1,net demand for forecast,80884846|C816|A680|2026-02-01|net demand for forecast|050747
80884846,C816,A680,2026-02-01,1,net demand for forecast,80884846|C816|A680|2026-02-01|net demand for forecast|050748
