material,sending,receiving,planned_deployment_date,deployed_qty,demand_element,ori_deployment_uid
21434946,A673,D901,2025-12-15,1,net demand for normal,21434946|A673|D901|2025-12-15|net demand for normal|000017
80793615,A673,E564,2025-12-15,1,net demand for forecast,80793615|A673|E564|2025-12-15|net demand for forecast|000022
80804699,C816,A673,2025-12-15,1,net demand for net demand for forecast,80804699|C816|A673|2025-12-15|net demand for net demand for forecast|000037
80793615,A673,E564,2025-12-16,1,net demand for forecast,80793615|A673|E564|2025-12-16|net demand for forecast|000100
80793615,C816,C937,2025-12-17,1,net demand for normal,80793615|C816|C937|2025-12-17|net demand for normal|000127
80812846,A673,C819,2025-12-17,1,net demand for safety,80812846|A673|C819|2025-12-17|net demand for safety|000138
80840976,A673,C819,2025-12-17,1,net demand for safety,80840976|A673|C819|2025-12-17|net demand for safety|000140
80812846,A673,C819,2025-12-18,1,net demand for safety,80812846|A673|C819|2025-12-18|net demand for safety|000162
21098519,A673,E556,2025-12-19,5,net demand for safety,21098519|A673|E556|2025-12-19|net demand for safety|000166
21128067,A673,C819,2025-12-19,1,net demand for forecast,21128067|A673|C819|2025-12-19|net demand for forecast|000170
21128067,A673,C819,2025-12-19,1,net demand for forecast,21128067|A673|C819|2025-12-19|net demand for forecast|000171
21128067,A673,C819,2025-12-19,1,net demand for forecast,21128067|A673|C819|2025-12-19|net demand for forecast|000172
21128067,A673,C819,2025-12-19,1,net demand for forecast,21128067|A673|C819|2025-12-19|net demand for forecast|000173
21128067,A673,C819,2025-12-19,1,net demand for forecast,21128067|A673|C819|2025-12-19|net demand for forecast|000174
21128067,A673,C819,2025-12-19,1,net demand for forecast,21128067|A673|C819|2025-12-19|net demand for forecast|000175
21128067,A673,C819,2025-12-19,1,net demand for forecast,21128067|A673|C819|2025-12-19|net demand for forecast|000176
21128067,A673,C819,2025-12-19,1,net demand for forecast,21128067|A673|C819|2025-12-19|net demand for forecast|000177
21128067,A673,C819,2025-12-19,1,net demand for forecast,21128067|A673|C819|2025-12-19|net demand for forecast|000178
21132758,C816,D191,2025-12-19,1,net demand for safety,21132758|C816|D191|2025-12-19|net demand for safety|000181
21141769,A673,E556,2025-12-19,1,net demand for safety,21141769|A673|E556|2025-12-19|net demand for safety|000184
80804135,A673,C819,2025-12-19,2,net demand for safety,80804135|A673|C819|2025-12-19|net demand for safety|000722
80804135,A673,E556,2025-12-19,16,net demand for safety,80804135|A673|E556|2025-12-19|net demand for safety|000724
80812846,A673,C819,2025-12-19,6,net demand for safety,80812846|A673|C819|2025-12-19|net demand for safety|000728
21098519,A673,E556,2025-12-20,4,net demand for safety,21098519|A673|E556|2025-12-20|net demand for safety|000738
21128067,A673,C819,2025-12-20,1,net demand for forecast,21128067|A673|C819|2025-12-20|net demand for forecast|000785
21128067,A673,C819,2025-12-20,1,net demand for forecast,21128067|A673|C819|2025-12-20|net demand for forecast|000786
21128067,A673,C819,2025-12-20,1,net demand for forecast,21128067|A673|C819|2025-12-20|net demand for forecast|000787
21128067,A673,C819,2025-12-20,1,net demand for forecast,21128067|A673|C819|2025-12-20|net demand for forecast|000788
21128067,A673,C819,2025-12-20,1,net demand for forecast,21128067|A673|C819|2025-12-20|net demand for forecast|000789
21128067,A673,C819,2025-12-20,1,net demand for forecast,21128067|A673|C819|2025-12-20|net demand for forecast|000790
21128067,A673,C819,2025-12-20,1,net demand for forecast,21128067|A673|C819|2025-12-20|net demand for forecast|000791
21128067,A673,C819,2025-12-20,1,net demand for forecast,21128067|A673|C819|2025-12-20|net demand for forecast|000792
21128067,A673,C819,2025-12-20,1,net demand for forecast,21128067|A673|C819|2025-12-20|net demand for forecast|000793
21447518,A672,A715,2025-12-20,2,net demand for normal,21447518|A672|A715|2025-12-20|net demand for normal|001080
80804135,A673,E556,2025-12-20,1,net demand for forecast,80804135|A673|E556|2025-12-20|net demand for forecast|001083
80804135,A673,E556,2025-12-20,1,net demand for forecast,80804135|A673|E556|2025-12-20|net demand for forecast|001084
80804135,A673,E556,2025-12-20,1,net demand for forecast,80804135|A673|E556|2025-12-20|net demand for forecast|001085
80804135,A673,E556,2025-12-20,1,net demand for forecast,80804135|A673|E556|2025-12-20|net demand for forecast|001086
80804135,A673,E556,2025-12-20,1,net demand for forecast,80804135|A673|E556|2025-12-20|net demand for forecast|001087
80804135,A673,E556,2025-12-20,1,net demand for forecast,80804135|A673|E556|2025-12-20|net demand for forecast|001088
80804135,A673,E556,2025-12-20,1,net demand for forecast,80804135|A673|E556|2025-12-20|net demand for forecast|001089
80804135,A673,E556,2025-12-20,9,net demand for safety,80804135|A673|E556|2025-12-20|net demand for safety|001090
80812846,A673,C819,2025-12-20,2,net demand for safety,80812846|A673|C819|2025-12-20|net demand for safety|001123
80840976,A673,C819,2025-12-20,1,net demand for safety,80840976|A673|C819|2025-12-20|net demand for safety|001128
21128067,A673,C819,2025-12-21,1,net demand for forecast,21128067|A673|C819|2025-12-21|net demand for forecast|001170
21128067,A673,C819,2025-12-21,1,net demand for forecast,21128067|A673|C819|2025-12-21|net demand for forecast|001171
21128067,A673,C819,2025-12-21,1,net demand for forecast,21128067|A673|C819|2025-12-21|net demand for forecast|001172
21128067,A673,C819,2025-12-21,1,net demand for forecast,21128067|A673|C819|2025-12-21|net demand for forecast|001173
21128067,A673,C819,2025-12-21,1,net demand for forecast,21128067|A673|C819|2025-12-21|net demand for forecast|001174
21128067,A673,C819,2025-12-21,1,net demand for forecast,21128067|A673|C819|2025-12-21|net demand for forecast|001175
21128067,A673,C819,2025-12-21,1,net demand for forecast,21128067|A673|C819|2025-12-21|net demand for forecast|001176
21128067,A673,C819,2025-12-21,1,net demand for forecast,21128067|A673|C819|2025-12-21|net demand for forecast|001177
21128067,A673,C819,2025-12-21,1,net demand for forecast,21128067|A673|C819|2025-12-21|net demand for forecast|001178
21148509,A673,E556,2025-12-21,1,net demand for forecast,21148509|A673|E556|2025-12-21|net demand for forecast|001195
21148509,A673,E556,2025-12-21,1,net demand for forecast,21148509|A673|E556|2025-12-21|net demand for forecast|001196
21148509,A673,E556,2025-12-21,1,net demand for forecast,21148509|A673|E556|2025-12-21|net demand for forecast|001197
21148509,A673,E556,2025-12-21,1,net demand for forecast,21148509|A673|E556|2025-12-21|net demand for forecast|001198
21148509,A673,E556,2025-12-21,1,net demand for forecast,21148509|A673|E556|2025-12-21|net demand for forecast|001199
21148509,A673,E556,2025-12-21,1,net demand for forecast,21148509|A673|E556|2025-12-21|net demand for forecast|001200
21148509,A673,E556,2025-12-21,1,net demand for forecast,21148509|A673|E556|2025-12-21|net demand for forecast|001201
80804134,C816,D191,2025-12-21,4,net demand for safety,80804134|C816|D191|2025-12-21|net demand for safety|001574
80804135,A673,E556,2025-12-21,1,net demand for forecast,80804135|A673|E556|2025-12-21|net demand for forecast|001576
80804135,A673,E556,2025-12-21,1,net demand for forecast,80804135|A673|E556|2025-12-21|net demand for forecast|001577
80804135,A673,E556,2025-12-21,1,net demand for forecast,80804135|A673|E556|2025-12-21|net demand for forecast|001578
80804135,A673,E556,2025-12-21,1,net demand for forecast,80804135|A673|E556|2025-12-21|net demand for forecast|001579
80804135,A673,E556,2025-12-21,1,net demand for forecast,80804135|A673|E556|2025-12-21|net demand for forecast|001580
80804135,A673,E556,2025-12-21,1,net demand for forecast,80804135|A673|E556|2025-12-21|net demand for forecast|001581
80804135,A673,E556,2025-12-21,1,net demand for forecast,80804135|A673|E556|2025-12-21|net demand for forecast|001582
80804135,A673,E556,2025-12-21,5,net demand for safety,80804135|A673|E556|2025-12-21|net demand for safety|001583
80804698,C816,E564,2025-12-21,4,net demand for normal,80804698|C816|E564|2025-12-21|net demand for normal|001592
80807116,A672,E568,2025-12-21,1,net demand for safety,80807116|A672|E568|2025-12-21|net demand for safety|001605
21098519,A673,E556,2025-12-22,2,net demand for safety,21098519|A673|E556|2025-12-22|net demand for safety|001629
21118867,A673,E564,2025-12-22,1,net demand for normal,21118867|A673|E564|2025-12-22|net demand for normal|001631
21128067,A672,E568,2025-12-22,2,net demand for safety,21128067|A672|E568|2025-12-22|net demand for safety|001634
21148509,A673,E556,2025-12-22,1,net demand for forecast,21148509|A673|E556|2025-12-22|net demand for forecast|001859
21148509,A673,E556,2025-12-22,1,net demand for forecast,21148509|A673|E556|2025-12-22|net demand for forecast|001860
21148509,A673,E556,2025-12-22,1,net demand for forecast,21148509|A673|E556|2025-12-22|net demand for forecast|001861
21148509,A673,E556,2025-12-22,1,net demand for forecast,21148509|A673|E556|2025-12-22|net demand for forecast|001862
21148509,A673,E556,2025-12-22,1,net demand for forecast,21148509|A673|E556|2025-12-22|net demand for forecast|001863
21148509,A673,E556,2025-12-22,1,net demand for forecast,21148509|A673|E556|2025-12-22|net demand for forecast|001864
21148509,A673,E556,2025-12-22,1,net demand for forecast,21148509|A673|E556|2025-12-22|net demand for forecast|001865
21170683,C816,E467,2025-12-22,2,net demand for forecast,21170683|C816|E467|2025-12-22|net demand for forecast|002028
21170683,C816,E467,2025-12-22,2,net demand for forecast,21170683|C816|E467|2025-12-22|net demand for forecast|002029
21170683,C816,E467,2025-12-22,3,net demand for forecast,21170683|C816|E467|2025-12-22|net demand for forecast|002030
21170683,C816,E467,2025-12-22,3,net demand for forecast,21170683|C816|E467|2025-12-22|net demand for forecast|002031
21170683,C816,E467,2025-12-22,3,net demand for forecast,21170683|C816|E467|2025-12-22|net demand for forecast|002032
21170683,C816,E467,2025-12-22,1,net demand for safety,21170683|C816|E467|2025-12-22|net demand for safety|002033
80804134,C816,D191,2025-12-22,2,net demand for safety,80804134|C816|D191|2025-12-22|net demand for safety|002335
80804698,C816,E564,2025-12-22,2,net demand for normal,80804698|C816|E564|2025-12-22|net demand for normal|002341
80804699,A673,E556,2025-12-22,1,net demand for normal,80804699|A673|E556|2025-12-22|net demand for normal|002342
80812846,A673,C819,2025-12-22,1,net demand for safety,80812846|A673|C819|2025-12-22|net demand for safety|002346
21098519,A673,E556,2025-12-23,3,net demand for safety,21098519|A673|E556|2025-12-23|net demand for safety|002371
21165946,C816,E467,2025-12-23,2,net demand for forecast,21165946|C816|E467|2025-12-23|net demand for forecast|002528
21165946,C816,E467,2025-12-23,2,net demand for forecast,21165946|C816|E467|2025-12-23|net demand for forecast|002529
21165946,C816,E467,2025-12-23,2,net demand for forecast,21165946|C816|E467|2025-12-23|net demand for forecast|002530
21165946,C816,E467,2025-12-23,2,net demand for forecast,21165946|C816|E467|2025-12-23|net demand for forecast|002531
21165946,C816,E467,2025-12-23,2,net demand for forecast,21165946|C816|E467|2025-12-23|net demand for forecast|002532
21165946,C816,E467,2025-12-23,33,net demand for safety,21165946|C816|E467|2025-12-23|net demand for safety|002533
21170683,C816,E467,2025-12-23,2,net demand for forecast,21170683|C816|E467|2025-12-23|net demand for forecast|002544
21170683,C816,E467,2025-12-23,2,net demand for forecast,21170683|C816|E467|2025-12-23|net demand for forecast|002545
21170683,C816,E467,2025-12-23,2,net demand for forecast,21170683|C816|E467|2025-12-23|net demand for forecast|002546
21170683,C816,E467,2025-12-23,2,net demand for forecast,21170683|C816|E467|2025-12-23|net demand for forecast|002547
21170683,C816,E467,2025-12-23,2,net demand for forecast,21170683|C816|E467|2025-12-23|net demand for forecast|002548
21170683,C816,E467,2025-12-23,2,net demand for normal,21170683|C816|E467|2025-12-23|net demand for normal|002549
80804134,C816,D191,2025-12-23,2,net demand for safety,80804134|C816|D191|2025-12-23|net demand for safety|002879
80804698,A673,E556,2025-12-23,1,net demand for normal,80804698|A673|E556|2025-12-23|net demand for normal|002886
80804705,A672,E568,2025-12-23,1,net demand for safety,80804705|A672|E568|2025-12-23|net demand for safety|002890
80807116,A672,E568,2025-12-23,1,net demand for safety,80807116|A672|E568|2025-12-23|net demand for safety|002905
21118867,A673,E564,2025-12-24,1,net demand for normal,21118867|A673|E564|2025-12-24|net demand for normal|002946
21137866,A672,E568,2025-12-24,1,net demand for forecast,21137866|A672|E568|2025-12-24|net demand for forecast|002990
21137866,A672,E568,2025-12-24,1,net demand for forecast,21137866|A672|E568|2025-12-24|net demand for forecast|002991
21137866,A672,E568,2025-12-24,1,net demand for forecast,21137866|A672|E568|2025-12-24|net demand for forecast|002992
21137866,A672,E568,2025-12-24,1,net demand for forecast,21137866|A672|E568|2025-12-24|net demand for forecast|002993
21137866,A672,E568,2025-12-24,1,net demand for forecast,21137866|A672|E568|2025-12-24|net demand for forecast|002994
21137866,A672,E568,2025-12-24,1,net demand for forecast,21137866|A672|E568|2025-12-24|net demand for forecast|002995
21137866,A672,E568,2025-12-24,1,net demand for forecast,21137866|A672|E568|2025-12-24|net demand for forecast|002996
21165946,A673,E556,2025-12-24,1,net demand for normal,21165946|A673|E556|2025-12-24|net demand for normal|003042
21170683,A673,E556,2025-12-24,2,net demand for normal,21170683|A673|E556|2025-12-24|net demand for normal|003046
21170683,C816,E467,2025-12-24,1,net demand for forecast,21170683|C816|E467|2025-12-24|net demand for forecast|003047
21170683,C816,E467,2025-12-24,1,net demand for forecast,21170683|C816|E467|2025-12-24|net demand for forecast|003048
21170683,C816,E467,2025-12-24,1,net demand for forecast,21170683|C816|E467|2025-12-24|net demand for forecast|003049
21170683,C816,E467,2025-12-24,1,net demand for forecast,21170683|C816|E467|2025-12-24|net demand for forecast|003050
21170683,C816,E467,2025-12-24,1,net demand for forecast,21170683|C816|E467|2025-12-24|net demand for forecast|003051
21170683,C816,E467,2025-12-24,1,net demand for normal,21170683|C816|E467|2025-12-24|net demand for normal|003052
21354246,A672,E556,2025-12-24,1,net demand for normal,21354246|A672|E556|2025-12-24|net demand for normal|003111
80804134,C816,D191,2025-12-24,3,net demand for safety,80804134|C816|D191|2025-12-24|net demand for safety|003336
80804135,A673,C819,2025-12-24,1,net demand for forecast,80804135|A673|C819|2025-12-24|net demand for forecast|003337
80804135,A673,C819,2025-12-24,1,net demand for forecast,80804135|A673|C819|2025-12-24|net demand for forecast|003338
80804135,A673,C819,2025-12-24,1,net demand for forecast,80804135|A673|C819|2025-12-24|net demand for forecast|003339
80804135,A673,C819,2025-12-24,1,net demand for forecast,80804135|A673|C819|2025-12-24|net demand for forecast|003340
80804135,A673,C819,2025-12-24,1,net demand for forecast,80804135|A673|C819|2025-12-24|net demand for forecast|003341
80804135,A673,C819,2025-12-24,1,net demand for forecast,80804135|A673|C819|2025-12-24|net demand for forecast|003342
80804135,A673,C819,2025-12-24,1,net demand for safety,80804135|A673|C819|2025-12-24|net demand for safety|003343
21098519,A673,E556,2025-12-25,4,net demand for safety,21098519|A673|E556|2025-12-25|net demand for safety|003690
21137866,A672,E568,2025-12-25,1,net demand for forecast,21137866|A672|E568|2025-12-25|net demand for forecast|003715
21137866,A672,E568,2025-12-25,1,net demand for forecast,21137866|A672|E568|2025-12-25|net demand for forecast|003716
21137866,A672,E568,2025-12-25,1,net demand for forecast,21137866|A672|E568|2025-12-25|net demand for forecast|003717
21137866,A672,E568,2025-12-25,1,net demand for forecast,21137866|A672|E568|2025-12-25|net demand for forecast|003718
21137866,A672,E568,2025-12-25,1,net demand for forecast,21137866|A672|E568|2025-12-25|net demand for forecast|003719
21137866,A672,E568,2025-12-25,1,net demand for forecast,21137866|A672|E568|2025-12-25|net demand for forecast|003720
21137866,A672,E568,2025-12-25,1,net demand for forecast,21137866|A672|E568|2025-12-25|net demand for forecast|003721
21165946,C816,E467,2025-12-25,1,net demand for forecast,21165946|C816|E467|2025-12-25|net demand for forecast|003993
21165946,C816,E467,2025-12-25,1,net demand for forecast,21165946|C816|E467|2025-12-25|net demand for forecast|003994
21165946,C816,E467,2025-12-25,1,net demand for forecast,21165946|C816|E467|2025-12-25|net demand for forecast|003995
21165946,C816,E467,2025-12-25,1,net demand for forecast,21165946|C816|E467|2025-12-25|net demand for forecast|003996
21165946,C816,E467,2025-12-25,1,net demand for forecast,21165946|C816|E467|2025-12-25|net demand for forecast|003997
21165946,C816,E467,2025-12-25,2,net demand for safety,21165946|C816|E467|2025-12-25|net demand for safety|003998
21170683,A673,E556,2025-12-25,2,net demand for normal,21170683|A673|E556|2025-12-25|net demand for normal|004008
21354246,A672,E556,2025-12-25,1,net demand for normal,21354246|A672|E556|2025-12-25|net demand for normal|004043
21098519,A673,E556,2025-12-26,7,net demand for safety,21098519|A673|E556|2025-12-26|net demand for safety|004687
21132758,C816,D191,2025-12-26,1,net demand for forecast,21132758|C816|D191|2025-12-26|net demand for forecast|004852
21132758,C816,D191,2025-12-26,1,net demand for forecast,21132758|C816|D191|2025-12-26|net demand for forecast|004853
21132758,C816,D191,2025-12-26,1,net demand for forecast,21132758|C816|D191|2025-12-26|net demand for forecast|004854
21132758,C816,D191,2025-12-26,1,net demand for forecast,21132758|C816|D191|2025-12-26|net demand for forecast|004855
21137866,A672,E568,2025-12-26,1,net demand for forecast,21137866|A672|E568|2025-12-26|net demand for forecast|004864
21137866,A672,E568,2025-12-26,1,net demand for forecast,21137866|A672|E568|2025-12-26|net demand for forecast|004865
21137866,A672,E568,2025-12-26,1,net demand for forecast,21137866|A672|E568|2025-12-26|net demand for forecast|004866
21137866,A672,E568,2025-12-26,1,net demand for forecast,21137866|A672|E568|2025-12-26|net demand for forecast|004867
21137866,A672,E568,2025-12-26,1,net demand for forecast,21137866|A672|E568|2025-12-26|net demand for forecast|004868
21137866,A672,E568,2025-12-26,1,net demand for forecast,21137866|A672|E568|2025-12-26|net demand for forecast|004869
21137866,A672,E568,2025-12-26,1,net demand for forecast,21137866|A672|E568|2025-12-26|net demand for forecast|004870
21165946,A673,E556,2025-12-26,1,net demand for forecast,21165946|A673|E556|2025-12-26|net demand for forecast|005000
21165946,A673,E556,2025-12-26,1,net demand for forecast,21165946|A673|E556|2025-12-26|net demand for forecast|005001
21165946,A673,E556,2025-12-26,1,net demand for forecast,21165946|A673|E556|2025-12-26|net demand for forecast|005002
21165946,A673,E556,2025-12-26,1,net demand for forecast,21165946|A673|E556|2025-12-26|net demand for forecast|005003
21165946,A673,E556,2025-12-26,1,net demand for forecast,21165946|A673|E556|2025-12-26|net demand for forecast|005004
21165946,A673,E556,2025-12-26,1,net demand for normal,21165946|A673|E556|2025-12-26|net demand for normal|005005
21170683,A673,E556,2025-12-26,2,net demand for forecast,21170683|A673|E556|2025-12-26|net demand for forecast|005011
21170683,A673,E556,2025-12-26,2,net demand for forecast,21170683|A673|E556|2025-12-26|net demand for forecast|005012
21170683,A673,E556,2025-12-26,2,net demand for forecast,21170683|A673|E556|2025-12-26|net demand for forecast|005013
21170683,A673,E556,2025-12-26,2,net demand for forecast,21170683|A673|E556|2025-12-26|net demand for forecast|005014
21170683,A673,E556,2025-12-26,2,net demand for forecast,21170683|A673|E556|2025-12-26|net demand for forecast|005015
21170683,A673,E556,2025-12-26,2,net demand for forecast,21170683|A673|E556|2025-12-26|net demand for forecast|005016
21170683,A673,E556,2025-12-26,3,net demand for forecast,21170683|A673|E556|2025-12-26|net demand for forecast|005017
80812845,C816,E467,2025-12-26,7,net demand for safety,80812845|C816|E467|2025-12-26|net demand for safety|005493
80864469,C816,E467,2025-12-26,1,net demand for safety,80864469|C816|E467|2025-12-26|net demand for safety|005509
21098519,A673,E556,2025-12-27,1,net demand for safety,21098519|A673|E556|2025-12-27|net demand for safety|005524
21103372,A673,E556,2025-12-27,7,net demand for safety,21103372|A673|E556|2025-12-27|net demand for safety|005532
21132758,C816,D191,2025-12-27,1,net demand for forecast,21132758|C816|D191|2025-12-27|net demand for forecast|005773
21132758,C816,D191,2025-12-27,2,net demand for forecast,21132758|C816|D191|2025-12-27|net demand for forecast|005774
21132758,C816,D191,2025-12-27,2,net demand for forecast,21132758|C816|D191|2025-12-27|net demand for forecast|005775
21132758,C816,D191,2025-12-27,2,net demand for forecast,21132758|C816|D191|2025-12-27|net demand for forecast|005776
21137866,A672,E568,2025-12-27,1,net demand for forecast,21137866|A672|E568|2025-12-27|net demand for forecast|005785
21137866,A672,E568,2025-12-27,1,net demand for forecast,21137866|A672|E568|2025-12-27|net demand for forecast|005786
21137866,A672,E568,2025-12-27,1,net demand for forecast,21137866|A672|E568|2025-12-27|net demand for forecast|005787
21137866,A672,E568,2025-12-27,1,net demand for forecast,21137866|A672|E568|2025-12-27|net demand for forecast|005788
21137866,A672,E568,2025-12-27,1,net demand for forecast,21137866|A672|E568|2025-12-27|net demand for forecast|005789
21137866,A672,E568,2025-12-27,1,net demand for forecast,21137866|A672|E568|2025-12-27|net demand for forecast|005790
21137866,A672,E568,2025-12-27,1,net demand for forecast,21137866|A672|E568|2025-12-27|net demand for forecast|005791
21151196,C816,D191,2025-12-27,1,net demand for forecast,21151196|C816|D191|2025-12-27|net demand for forecast|005837
21151196,C816,D191,2025-12-27,1,net demand for forecast,21151196|C816|D191|2025-12-27|net demand for forecast|005838
21151196,C816,D191,2025-12-27,1,net demand for forecast,21151196|C816|D191|2025-12-27|net demand for forecast|005839
21151196,C816,D191,2025-12-27,1,net demand for forecast,21151196|C816|D191|2025-12-27|net demand for forecast|005840
21165946,A673,E556,2025-12-27,1,net demand for forecast,21165946|A673|E556|2025-12-27|net demand for forecast|005870
21165946,A673,E556,2025-12-27,1,net demand for forecast,21165946|A673|E556|2025-12-27|net demand for forecast|005871
21165946,A673,E556,2025-12-27,1,net demand for forecast,21165946|A673|E556|2025-12-27|net demand for forecast|005872
21165946,A673,E556,2025-12-27,2,net demand for forecast,21165946|A673|E556|2025-12-27|net demand for forecast|005873
21165946,A673,E556,2025-12-27,2,net demand for forecast,21165946|A673|E556|2025-12-27|net demand for forecast|005874
21165946,A673,E556,2025-12-27,2,net demand for forecast,21165946|A673|E556|2025-12-27|net demand for forecast|005875
21165946,A673,E556,2025-12-27,2,net demand for forecast,21165946|A673|E556|2025-12-27|net demand for forecast|005876
21165946,A673,E556,2025-12-27,1,net demand for normal,21165946|A673|E556|2025-12-27|net demand for normal|005877
21165946,A673,E556,2025-12-27,8,net demand for safety,21165946|A673|E556|2025-12-27|net demand for safety|005878
21165946,C816,E467,2025-12-27,1,net demand for forecast,21165946|C816|E467|2025-12-27|net demand for forecast|005879
21165946,C816,E467,2025-12-27,1,net demand for forecast,21165946|C816|E467|2025-12-27|net demand for forecast|005880
21165946,C816,E467,2025-12-27,1,net demand for forecast,21165946|C816|E467|2025-12-27|net demand for forecast|005881
21165946,C816,E467,2025-12-27,1,net demand for forecast,21165946|C816|E467|2025-12-27|net demand for forecast|005882
21165946,C816,E467,2025-12-27,1,net demand for forecast,21165946|C816|E467|2025-12-27|net demand for forecast|005883
21165946,C816,E467,2025-12-27,1,net demand for normal,21165946|C816|E467|2025-12-27|net demand for normal|005884
21170683,A673,E556,2025-12-27,1,net demand for forecast,21170683|A673|E556|2025-12-27|net demand for forecast|005890
21170683,A673,E556,2025-12-27,1,net demand for forecast,21170683|A673|E556|2025-12-27|net demand for forecast|005891
21170683,A673,E556,2025-12-27,1,net demand for forecast,21170683|A673|E556|2025-12-27|net demand for forecast|005892
21170683,A673,E556,2025-12-27,1,net demand for forecast,21170683|A673|E556|2025-12-27|net demand for forecast|005893
21170683,A673,E556,2025-12-27,1,net demand for forecast,21170683|A673|E556|2025-12-27|net demand for forecast|005894
21170683,A673,E556,2025-12-27,1,net demand for forecast,21170683|A673|E556|2025-12-27|net demand for forecast|005895
21170683,A673,E556,2025-12-27,1,net demand for forecast,21170683|A673|E556|2025-12-27|net demand for forecast|005896
21170683,A673,E556,2025-12-27,2,net demand for normal,21170683|A673|E556|2025-12-27|net demand for normal|005897
80848026,C816,E467,2025-12-27,1,net demand for safety,80848026|C816|E467|2025-12-27|net demand for safety|006149
21098519,A673,E556,2025-12-28,1,net demand for safety,21098519|A673|E556|2025-12-28|net demand for safety|006271
21103372,A673,E556,2025-12-28,14,net demand for safety,21103372|A673|E556|2025-12-28|net demand for safety|006273
21128067,A673,C819,2025-12-28,1,net demand for forecast,21128067|A673|C819|2025-12-28|net demand for forecast|006310
21128067,A673,C819,2025-12-28,1,net demand for forecast,21128067|A673|C819|2025-12-28|net demand for forecast|006311
21128067,A673,C819,2025-12-28,1,net demand for forecast,21128067|A673|C819|2025-12-28|net demand for forecast|006312
21128067,A673,C819,2025-12-28,1,net demand for forecast,21128067|A673|C819|2025-12-28|net demand for forecast|006313
21128067,A673,C819,2025-12-28,1,net demand for forecast,21128067|A673|C819|2025-12-28|net demand for forecast|006314
21128067,A673,C819,2025-12-28,1,net demand for forecast,21128067|A673|C819|2025-12-28|net demand for forecast|006315
21128067,A673,C819,2025-12-28,1,net demand for forecast,21128067|A673|C819|2025-12-28|net demand for forecast|006316
21128067,A673,C819,2025-12-28,1,net demand for forecast,21128067|A673|C819|2025-12-28|net demand for forecast|006317
21128067,A673,C819,2025-12-28,1,net demand for normal,21128067|A673|C819|2025-12-28|net demand for normal|006318
21132758,C816,D191,2025-12-28,1,net demand for forecast,21132758|C816|D191|2025-12-28|net demand for forecast|006321
21132758,C816,D191,2025-12-28,1,net demand for forecast,21132758|C816|D191|2025-12-28|net demand for forecast|006322
21132758,C816,D191,2025-12-28,1,net demand for forecast,21132758|C816|D191|2025-12-28|net demand for forecast|006323
21132758,C816,D191,2025-12-28,1,net demand for forecast,21132758|C816|D191|2025-12-28|net demand for forecast|006324
21143102,C816,D191,2025-12-28,1,net demand for forecast,21143102|C816|D191|2025-12-28|net demand for forecast|006356
21143102,C816,D191,2025-12-28,1,net demand for forecast,21143102|C816|D191|2025-12-28|net demand for forecast|006357
21143102,C816,D191,2025-12-28,1,net demand for forecast,21143102|C816|D191|2025-12-28|net demand for forecast|006358
21143102,C816,D191,2025-12-28,1,net demand for forecast,21143102|C816|D191|2025-12-28|net demand for forecast|006359
21151196,C816,D191,2025-12-28,1,net demand for forecast,21151196|C816|D191|2025-12-28|net demand for forecast|006368
21151196,C816,D191,2025-12-28,1,net demand for forecast,21151196|C816|D191|2025-12-28|net demand for forecast|006369
21151196,C816,D191,2025-12-28,1,net demand for forecast,21151196|C816|D191|2025-12-28|net demand for forecast|006370
21151196,C816,D191,2025-12-28,1,net demand for forecast,21151196|C816|D191|2025-12-28|net demand for forecast|006371
80804133,C816,E467,2025-12-28,8,net demand for safety,80804133|C816|E467|2025-12-28|net demand for safety|007046
80804134,C816,D191,2025-12-28,5,net demand for safety,80804134|C816|D191|2025-12-28|net demand for safety|007052
80804705,C816,E467,2025-12-28,1,net demand for forecast,80804705|C816|E467|2025-12-28|net demand for forecast|007055
80804705,C816,E467,2025-12-28,1,net demand for forecast,80804705|C816|E467|2025-12-28|net demand for forecast|007056
80804705,C816,E467,2025-12-28,1,net demand for forecast,80804705|C816|E467|2025-12-28|net demand for forecast|007057
80804705,C816,E467,2025-12-28,1,net demand for forecast,80804705|C816|E467|2025-12-28|net demand for forecast|007058
80848026,C816,E467,2025-12-28,4,net demand for safety,80848026|C816|E467|2025-12-28|net demand for safety|007148
21029016,A673,E556,2025-12-29,6,net demand for safety,21029016|A673|E556|2025-12-29|net demand for safety|007227
21098519,A673,E556,2025-12-29,1,net demand for forecast,21098519|A673|E556|2025-12-29|net demand for forecast|007228
21098519,A673,E556,2025-12-29,1,net demand for forecast,21098519|A673|E556|2025-12-29|net demand for forecast|007229
21098519,A673,E556,2025-12-29,1,net demand for forecast,21098519|A673|E556|2025-12-29|net demand for forecast|007230
21098519,A673,E556,2025-12-29,1,net demand for forecast,21098519|A673|E556|2025-12-29|net demand for forecast|007231
21098519,A673,E556,2025-12-29,1,net demand for forecast,21098519|A673|E556|2025-12-29|net demand for forecast|007232
21098519,A673,E556,2025-12-29,1,net demand for forecast,21098519|A673|E556|2025-12-29|net demand for forecast|007233
21098519,A673,E556,2025-12-29,1,net demand for forecast,21098519|A673|E556|2025-12-29|net demand for forecast|007234
21098519,A673,E556,2025-12-29,8,net demand for safety,21098519|A673|E556|2025-12-29|net demand for safety|007235
21103372,A673,E556,2025-12-29,9,net demand for safety,21103372|A673|E556|2025-12-29|net demand for safety|007253
21128067,A672,E568,2025-12-29,1,net demand for safety,21128067|A672|E568|2025-12-29|net demand for safety|007304
21132758,C816,D191,2025-12-29,1,net demand for forecast,21132758|C816|D191|2025-12-29|net demand for forecast|007393
21132758,C816,D191,2025-12-29,1,net demand for forecast,21132758|C816|D191|2025-12-29|net demand for forecast|007394
21132758,C816,D191,2025-12-29,1,net demand for forecast,21132758|C816|D191|2025-12-29|net demand for forecast|007395
21132758,C816,D191,2025-12-29,1,net demand for forecast,21132758|C816|D191|2025-12-29|net demand for forecast|007396
21132758,C816,D191,2025-12-29,1,net demand for normal,21132758|C816|D191|2025-12-29|net demand for normal|007397
21143102,C816,D191,2025-12-29,1,net demand for forecast,21143102|C816|D191|2025-12-29|net demand for forecast|007536
21143102,C816,D191,2025-12-29,1,net demand for forecast,21143102|C816|D191|2025-12-29|net demand for forecast|007537
21143102,C816,D191,2025-12-29,1,net demand for forecast,21143102|C816|D191|2025-12-29|net demand for forecast|007538
21143102,C816,D191,2025-12-29,1,net demand for forecast,21143102|C816|D191|2025-12-29|net demand for forecast|007539
21151196,C816,D191,2025-12-29,1,net demand for forecast,21151196|C816|D191|2025-12-29|net demand for forecast|007558
21151196,C816,D191,2025-12-29,2,net demand for forecast,21151196|C816|D191|2025-12-29|net demand for forecast|007559
21151196,C816,D191,2025-12-29,2,net demand for forecast,21151196|C816|D191|2025-12-29|net demand for forecast|007560
21151196,C816,D191,2025-12-29,2,net demand for forecast,21151196|C816|D191|2025-12-29|net demand for forecast|007561
80804133,C816,E467,2025-12-29,2,net demand for safety,80804133|C816|E467|2025-12-29|net demand for safety|007771
80804705,C816,E467,2025-12-29,1,net demand for forecast,80804705|C816|E467|2025-12-29|net demand for forecast|007785
80804705,C816,E467,2025-12-29,1,net demand for forecast,80804705|C816|E467|2025-12-29|net demand for forecast|007786
80804705,C816,E467,2025-12-29,1,net demand for forecast,80804705|C816|E467|2025-12-29|net demand for forecast|007787
80804705,C816,E467,2025-12-29,1,net demand for forecast,80804705|C816|E467|2025-12-29|net demand for forecast|007788
80807105,C816,E467,2025-12-29,3,net demand for safety,80807105|C816|E467|2025-12-29|net demand for safety|007864
80848026,C816,E467,2025-12-29,2,net demand for safety,80848026|C816|E467|2025-12-29|net demand for safety|007929
21029016,A673,E556,2025-12-30,3,net demand for safety,21029016|A673|E556|2025-12-30|net demand for safety|008018
21103372,A673,E556,2025-12-30,5,net demand for safety,21103372|A673|E556|2025-12-30|net demand for safety|008021
21121752,A672,E556,2025-12-30,1,net demand for normal,21121752|A672|E556|2025-12-30|net demand for normal|008054
21133312,C816,D191,2025-12-30,1,net demand for forecast,21133312|C816|D191|2025-12-30|net demand for forecast|008176
21133312,C816,D191,2025-12-30,1,net demand for forecast,21133312|C816|D191|2025-12-30|net demand for forecast|008177
21133312,C816,D191,2025-12-30,2,net demand for forecast,21133312|C816|D191|2025-12-30|net demand for forecast|008178
21133312,C816,D191,2025-12-30,2,net demand for forecast,21133312|C816|D191|2025-12-30|net demand for forecast|008179
21133312,C816,D191,2025-12-30,1,net demand for normal,21133312|C816|D191|2025-12-30|net demand for normal|008180
21133312,C816,D191,2025-12-30,3,net demand for safety,21133312|C816|D191|2025-12-30|net demand for safety|008181
21143102,C816,D191,2025-12-30,1,net demand for forecast,21143102|C816|D191|2025-12-30|net demand for forecast|008386
21143102,C816,D191,2025-12-30,1,net demand for forecast,21143102|C816|D191|2025-12-30|net demand for forecast|008387
21143102,C816,D191,2025-12-30,1,net demand for forecast,21143102|C816|D191|2025-12-30|net demand for forecast|008388
21143102,C816,D191,2025-12-30,1,net demand for forecast,21143102|C816|D191|2025-12-30|net demand for forecast|008389
21151196,C816,D191,2025-12-30,1,net demand for forecast,21151196|C816|D191|2025-12-30|net demand for forecast|008541
21151196,C816,D191,2025-12-30,1,net demand for forecast,21151196|C816|D191|2025-12-30|net demand for forecast|008542
21151196,C816,D191,2025-12-30,1,net demand for forecast,21151196|C816|D191|2025-12-30|net demand for forecast|008543
21151196,C816,D191,2025-12-30,1,net demand for forecast,21151196|C816|D191|2025-12-30|net demand for forecast|008544
21155895,A673,E556,2025-12-30,2,net demand for forecast,21155895|A673|E556|2025-12-30|net demand for forecast|008556
21155895,A673,E556,2025-12-30,2,net demand for forecast,21155895|A673|E556|2025-12-30|net demand for forecast|008557
21155895,A673,E556,2025-12-30,2,net demand for forecast,21155895|A673|E556|2025-12-30|net demand for forecast|008558
21155895,A673,E556,2025-12-30,2,net demand for forecast,21155895|A673|E556|2025-12-30|net demand for forecast|008559
21155895,A673,E556,2025-12-30,2,net demand for forecast,21155895|A673|E556|2025-12-30|net demand for forecast|008560
21155895,A673,E556,2025-12-30,2,net demand for forecast,21155895|A673|E556|2025-12-30|net demand for forecast|008561
21155895,A673,E556,2025-12-30,2,net demand for forecast,21155895|A673|E556|2025-12-30|net demand for forecast|008562
21155895,A673,E556,2025-12-30,1,net demand for normal,21155895|A673|E556|2025-12-30|net demand for normal|008563
21155895,A673,E556,2025-12-30,13,net demand for safety,21155895|A673|E556|2025-12-30|net demand for safety|008564
21442896,C816,A668,2025-12-30,3,net demand for forecast,21442896|C816|A668|2025-12-30|net demand for forecast|008675
21442896,C816,A668,2025-12-30,3,net demand for forecast,21442896|C816|A668|2025-12-30|net demand for forecast|008676
21442896,C816,A668,2025-12-30,4,net demand for forecast,21442896|C816|A668|2025-12-30|net demand for forecast|008677
21442896,C816,A668,2025-12-30,4,net demand for forecast,21442896|C816|A668|2025-12-30|net demand for forecast|008678
21442896,C816,A668,2025-12-30,4,net demand for forecast,21442896|C816|A668|2025-12-30|net demand for forecast|008679
21442896,C816,A668,2025-12-30,4,net demand for forecast,21442896|C816|A668|2025-12-30|net demand for forecast|008680
21442896,C816,A668,2025-12-30,4,net demand for normal,21442896|C816|A668|2025-12-30|net demand for normal|008681
21442896,C816,A668,2025-12-30,16,net demand for safety,21442896|C816|A668|2025-12-30|net demand for safety|008682
21442896,C816,A680,2025-12-30,5,net demand for forecast,21442896|C816|A680|2025-12-30|net demand for forecast|008698
21442896,C816,A680,2025-12-30,5,net demand for forecast,21442896|C816|A680|2025-12-30|net demand for forecast|008699
21442896,C816,A680,2025-12-30,6,net demand for forecast,21442896|C816|A680|2025-12-30|net demand for forecast|008700
21442896,C816,A680,2025-12-30,6,net demand for forecast,21442896|C816|A680|2025-12-30|net demand for forecast|008701
21442896,C816,A680,2025-12-30,6,net demand for forecast,21442896|C816|A680|2025-12-30|net demand for forecast|008702
21442896,C816,A680,2025-12-30,6,net demand for forecast,21442896|C816|A680|2025-12-30|net demand for forecast|008703
21442896,C816,A680,2025-12-30,6,net demand for forecast,21442896|C816|A680|2025-12-30|net demand for forecast|008704
21442896,C816,A680,2025-12-30,8,net demand for normal,21442896|C816|A680|2025-12-30|net demand for normal|008705
21442897,C816,A668,2025-12-30,1,net demand for forecast,21442897|C816|A668|2025-12-30|net demand for forecast|008706
21442897,C816,A668,2025-12-30,1,net demand for forecast,21442897|C816|A668|2025-12-30|net demand for forecast|008707
21442897,C816,A668,2025-12-30,1,net demand for forecast,21442897|C816|A668|2025-12-30|net demand for forecast|008708
21442897,C816,A668,2025-12-30,1,net demand for forecast,21442897|C816|A668|2025-12-30|net demand for forecast|008709
21442897,C816,A668,2025-12-30,1,net demand for forecast,21442897|C816|A668|2025-12-30|net demand for forecast|008710
21442897,C816,A668,2025-12-30,1,net demand for forecast,21442897|C816|A668|2025-12-30|net demand for forecast|008711
21442897,C816,A668,2025-12-30,1,net demand for normal,21442897|C816|A668|2025-12-30|net demand for normal|008712
21442897,C816,A668,2025-12-30,2,net demand for safety,21442897|C816|A668|2025-12-30|net demand for safety|008713
21442897,C816,A680,2025-12-30,4,net demand for forecast,21442897|C816|A680|2025-12-30|net demand for forecast|008730
21442897,C816,A680,2025-12-30,4,net demand for forecast,21442897|C816|A680|2025-12-30|net demand for forecast|008731
21442897,C816,A680,2025-12-30,5,net demand for forecast,21442897|C816|A680|2025-12-30|net demand for forecast|008732
21442897,C816,A680,2025-12-30,5,net demand for forecast,21442897|C816|A680|2025-12-30|net demand for forecast|008733
21442897,C816,A680,2025-12-30,5,net demand for forecast,21442897|C816|A680|2025-12-30|net demand for forecast|008734
21442897,C816,A680,2025-12-30,5,net demand for forecast,21442897|C816|A680|2025-12-30|net demand for forecast|008735
21442897,C816,A680,2025-12-30,5,net demand for forecast,21442897|C816|A680|2025-12-30|net demand for forecast|008736
21442897,C816,A680,2025-12-30,6,net demand for normal,21442897|C816|A680|2025-12-30|net demand for normal|008737
80804133,C816,E467,2025-12-30,2,net demand for safety,80804133|C816|E467|2025-12-30|net demand for safety|008746
80804705,C816,E467,2025-12-30,1,net demand for forecast,80804705|C816|E467|2025-12-30|net demand for forecast|008846
80804705,C816,E467,2025-12-30,1,net demand for forecast,80804705|C816|E467|2025-12-30|net demand for forecast|008847
80804705,C816,E467,2025-12-30,1,net demand for forecast,80804705|C816|E467|2025-12-30|net demand for forecast|008848
80807089,C816,A668,2025-12-30,22,net demand for safety,80807089|C816|A668|2025-12-30|net demand for safety|008851
80807105,C816,E467,2025-12-30,11,net demand for safety,80807105|C816|E467|2025-12-30|net demand for safety|008863
80812846,A673,C819,2025-12-30,1,net demand for safety,80812846|A673|C819|2025-12-30|net demand for safety|008967
80848026,C816,E467,2025-12-30,1,net demand for safety,80848026|C816|E467|2025-12-30|net demand for safety|008978
80864469,A673,C819,2025-12-30,1,net demand for forecast,80864469|A673|C819|2025-12-30|net demand for forecast|008981
80864469,A673,C819,2025-12-30,1,net demand for forecast,80864469|A673|C819|2025-12-30|net demand for forecast|008982
80864469,A673,C819,2025-12-30,1,net demand for forecast,80864469|A673|C819|2025-12-30|net demand for forecast|008983
80864469,A673,C819,2025-12-30,1,net demand for forecast,80864469|A673|C819|2025-12-30|net demand for forecast|008984
80864469,C816,A668,2025-12-30,5,net demand for safety,80864469|C816|A668|2025-12-30|net demand for safety|008985
80864469,C816,E467,2025-12-30,3,net demand for safety,80864469|C816|E467|2025-12-30|net demand for safety|008987
21098519,A673,E556,2025-12-31,1,net demand for forecast,21098519|A673|E556|2025-12-31|net demand for forecast|009052
21098519,A673,E556,2025-12-31,1,net demand for forecast,21098519|A673|E556|2025-12-31|net demand for forecast|009053
21098519,A673,E556,2025-12-31,1,net demand for forecast,21098519|A673|E556|2025-12-31|net demand for forecast|009054
21098519,A673,E556,2025-12-31,1,net demand for forecast,21098519|A673|E556|2025-12-31|net demand for forecast|009055
21098519,A673,E556,2025-12-31,1,net demand for forecast,21098519|A673|E556|2025-12-31|net demand for forecast|009056
21098519,A673,E556,2025-12-31,1,net demand for forecast,21098519|A673|E556|2025-12-31|net demand for forecast|009057
21098519,A673,E556,2025-12-31,1,net demand for forecast,21098519|A673|E556|2025-12-31|net demand for forecast|009058
21098519,A673,E556,2025-12-31,1,net demand for safety,21098519|A673|E556|2025-12-31|net demand for safety|009059
21103372,A673,E556,2025-12-31,4,net demand for safety,21103372|A673|E556|2025-12-31|net demand for safety|009061
21121752,A672,E556,2025-12-31,1,net demand for normal,21121752|A672|E556|2025-12-31|net demand for normal|009083
21133312,C816,D191,2025-12-31,1,net demand for forecast,21133312|C816|D191|2025-12-31|net demand for forecast|009263
21133312,C816,D191,2025-12-31,1,net demand for forecast,21133312|C816|D191|2025-12-31|net demand for forecast|009264
21133312,C816,D191,2025-12-31,1,net demand for forecast,21133312|C816|D191|2025-12-31|net demand for forecast|009265
21133312,C816,D191,2025-12-31,1,net demand for forecast,21133312|C816|D191|2025-12-31|net demand for forecast|009266
21133312,C816,D191,2025-12-31,1,net demand for normal,21133312|C816|D191|2025-12-31|net demand for normal|009267
21143102,C816,D191,2025-12-31,1,net demand for forecast,21143102|C816|D191|2025-12-31|net demand for forecast|009304
21143102,C816,D191,2025-12-31,1,net demand for forecast,21143102|C816|D191|2025-12-31|net demand for forecast|009305
21143102,C816,D191,2025-12-31,1,net demand for forecast,21143102|C816|D191|2025-12-31|net demand for forecast|009306
21143102,C816,D191,2025-12-31,1,net demand for forecast,21143102|C816|D191|2025-12-31|net demand for forecast|009307
21143102,C816,D191,2025-12-31,2,net demand for safety,21143102|C816|D191|2025-12-31|net demand for safety|009308
21315352,A673,D901,2025-12-31,7,net demand for normal,21315352|A673|D901|2025-12-31|net demand for normal|009506
21442896,C816,A668,2025-12-31,1,net demand for forecast,21442896|C816|A668|2025-12-31|net demand for forecast|009670
21442896,C816,A668,2025-12-31,1,net demand for forecast,21442896|C816|A668|2025-12-31|net demand for forecast|009671
21442896,C816,A668,2025-12-31,1,net demand for forecast,21442896|C816|A668|2025-12-31|net demand for forecast|009672
21442896,C816,A668,2025-12-31,1,net demand for forecast,21442896|C816|A668|2025-12-31|net demand for forecast|009673
21442896,C816,A668,2025-12-31,1,net demand for forecast,21442896|C816|A668|2025-12-31|net demand for forecast|009674
21442896,C816,A668,2025-12-31,1,net demand for forecast,21442896|C816|A668|2025-12-31|net demand for forecast|009675
21442896,C816,A668,2025-12-31,1,net demand for normal,21442896|C816|A668|2025-12-31|net demand for normal|009676
21442896,C816,A680,2025-12-31,3,net demand for forecast,21442896|C816|A680|2025-12-31|net demand for forecast|009692
21442896,C816,A680,2025-12-31,3,net demand for forecast,21442896|C816|A680|2025-12-31|net demand for forecast|009693
21442896,C816,A680,2025-12-31,3,net demand for forecast,21442896|C816|A680|2025-12-31|net demand for forecast|009694
21442896,C816,A680,2025-12-31,3,net demand for forecast,21442896|C816|A680|2025-12-31|net demand for forecast|009695
21442896,C816,A680,2025-12-31,3,net demand for forecast,21442896|C816|A680|2025-12-31|net demand for forecast|009696
21442896,C816,A680,2025-12-31,3,net demand for forecast,21442896|C816|A680|2025-12-31|net demand for forecast|009697
21442896,C816,A680,2025-12-31,3,net demand for forecast,21442896|C816|A680|2025-12-31|net demand for forecast|009698
21442897,C816,A680,2025-12-31,2,net demand for forecast,21442897|C816|A680|2025-12-31|net demand for forecast|009707
21442897,C816,A680,2025-12-31,2,net demand for forecast,21442897|C816|A680|2025-12-31|net demand for forecast|009708
21442897,C816,A680,2025-12-31,2,net demand for forecast,21442897|C816|A680|2025-12-31|net demand for forecast|009709
21442897,C816,A680,2025-12-31,2,net demand for forecast,21442897|C816|A680|2025-12-31|net demand for forecast|009710
21442897,C816,A680,2025-12-31,3,net demand for forecast,21442897|C816|A680|2025-12-31|net demand for forecast|009711
21442897,C816,A680,2025-12-31,3,net demand for forecast,21442897|C816|A680|2025-12-31|net demand for forecast|009712
21442897,C816,A680,2025-12-31,3,net demand for forecast,21442897|C816|A680|2025-12-31|net demand for forecast|009713
80804133,C816,E467,2025-12-31,2,net demand for safety,80804133|C816|E467|2025-12-31|net demand for safety|009737
80804136,C816,D191,2025-12-31,3,net demand for safety,80804136|C816|D191|2025-12-31|net demand for safety|009742
80804701,A673,E556,2025-12-31,1,net demand for forecast,80804701|A673|E556|2025-12-31|net demand for forecast|009747
80804701,A673,E556,2025-12-31,1,net demand for forecast,80804701|A673|E556|2025-12-31|net demand for forecast|009748
80807089,C816,A668,2025-12-31,6,net demand for safety,80807089|C816|A668|2025-12-31|net demand for safety|009751
80812839,A673,E556,2025-12-31,2,net demand for safety,80812839|A673|E556|2025-12-31|net demand for safety|009954
80812845,C816,E467,2025-12-31,14,net demand for safety,80812845|C816|E467|2025-12-31|net demand for safety|009969
80848026,C816,E467,2025-12-31,1,net demand for safety,80848026|C816|E467|2025-12-31|net demand for safety|010089
80851898,A672,E568,2025-12-31,3,net demand for safety,80851898|A672|E568|2025-12-31|net demand for safety|010099
80864469,A673,C819,2025-12-31,1,net demand for forecast,80864469|A673|C819|2025-12-31|net demand for forecast|010100
80864469,A673,C819,2025-12-31,1,net demand for forecast,80864469|A673|C819|2025-12-31|net demand for forecast|010101
80864469,A673,C819,2025-12-31,1,net demand for forecast,80864469|A673|C819|2025-12-31|net demand for forecast|010102
80864469,A673,C819,2025-12-31,1,net demand for forecast,80864469|A673|C819|2025-12-31|net demand for forecast|010103
80864469,A673,C819,2025-12-31,1,net demand for forecast,80864469|A673|C819|2025-12-31|net demand for forecast|010104
80864469,C816,A668,2025-12-31,4,net demand for safety,80864469|C816|A668|2025-12-31|net demand for safety|010106
21103372,A673,E556,2026-01-01,6,net demand for safety,21103372|A673|E556|2026-01-01|net demand for safety|010121
21128067,A672,E568,2026-01-01,1,net demand for safety,21128067|A672|E568|2026-01-01|net demand for safety|010233
21128377,C816,D191,2026-01-01,1,net demand for forecast,21128377|C816|D191|2026-01-01|net demand for forecast|010240
21128377,C816,D191,2026-01-01,1,net demand for forecast,21128377|C816|D191|2026-01-01|net demand for forecast|010241
21128377,C816,D191,2026-01-01,1,net demand for forecast,21128377|C816|D191|2026-01-01|net demand for forecast|010242
21128377,C816,D191,2026-01-01,1,net demand for forecast,21128377|C816|D191|2026-01-01|net demand for forecast|010243
21128377,C816,D191,2026-01-01,1,net demand for normal,21128377|C816|D191|2026-01-01|net demand for normal|010244
21148509,A673,E556,2026-01-01,1,net demand for normal,21148509|A673|E556|2026-01-01|net demand for normal|010314
21155895,A673,E556,2026-01-01,1,net demand for forecast,21155895|A673|E556|2026-01-01|net demand for forecast|010335
21155895,A673,E556,2026-01-01,1,net demand for forecast,21155895|A673|E556|2026-01-01|net demand for forecast|010336
21155895,A673,E556,2026-01-01,1,net demand for forecast,21155895|A673|E556|2026-01-01|net demand for forecast|010337
21155895,A673,E556,2026-01-01,1,net demand for forecast,21155895|A673|E556|2026-01-01|net demand for forecast|010338
21155895,A673,E556,2026-01-01,1,net demand for forecast,21155895|A673|E556|2026-01-01|net demand for forecast|010339
21155895,A673,E556,2026-01-01,1,net demand for forecast,21155895|A673|E556|2026-01-01|net demand for forecast|010340
21155895,A673,E556,2026-01-01,1,net demand for forecast,21155895|A673|E556|2026-01-01|net demand for forecast|010341
21155895,A673,E556,2026-01-01,1,net demand for normal,21155895|A673|E556|2026-01-01|net demand for normal|010342
21155895,A673,E556,2026-01-01,1,net demand for safety,21155895|A673|E556|2026-01-01|net demand for safety|010343
21442896,C816,A672,2026-01-01,1,net demand for normal,21442896|C816|A672|2026-01-01|net demand for normal|010564
21442896,C816,A680,2026-01-01,3,net demand for normal,21442896|C816|A680|2026-01-01|net demand for normal|010566
21442897,C816,A672,2026-01-01,2,net demand for forecast,21442897|C816|A672|2026-01-01|net demand for forecast|010567
21442897,C816,A672,2026-01-01,2,net demand for forecast,21442897|C816|A672|2026-01-01|net demand for forecast|010568
21442897,C816,A672,2026-01-01,2,net demand for forecast,21442897|C816|A672|2026-01-01|net demand for forecast|010569
21442897,C816,A672,2026-01-01,2,net demand for forecast,21442897|C816|A672|2026-01-01|net demand for forecast|010570
21442897,C816,A672,2026-01-01,2,net demand for forecast,21442897|C816|A672|2026-01-01|net demand for forecast|010571
21442897,C816,A672,2026-01-01,2,net demand for forecast,21442897|C816|A672|2026-01-01|net demand for forecast|010572
21442897,C816,A672,2026-01-01,2,net demand for forecast,21442897|C816|A672|2026-01-01|net demand for forecast|010573
21442897,C816,A672,2026-01-01,2,net demand for normal,21442897|C816|A672|2026-01-01|net demand for normal|010574
21442897,C816,A680,2026-01-01,2,net demand for forecast,21442897|C816|A680|2026-01-01|net demand for forecast|010575
21442897,C816,A680,2026-01-01,2,net demand for forecast,21442897|C816|A680|2026-01-01|net demand for forecast|010576
21442897,C816,A680,2026-01-01,2,net demand for forecast,21442897|C816|A680|2026-01-01|net demand for forecast|010577
21442897,C816,A680,2026-01-01,2,net demand for forecast,21442897|C816|A680|2026-01-01|net demand for forecast|010578
21442897,C816,A680,2026-01-01,2,net demand for forecast,21442897|C816|A680|2026-01-01|net demand for forecast|010579
21442897,C816,A680,2026-01-01,2,net demand for forecast,21442897|C816|A680|2026-01-01|net demand for forecast|010580
21442897,C816,A680,2026-01-01,2,net demand for forecast,21442897|C816|A680|2026-01-01|net demand for forecast|010581
21442897,C816,A680,2026-01-01,2,net demand for normal,21442897|C816|A680|2026-01-01|net demand for normal|010582
80804132,C816,E467,2026-01-01,2,net demand for safety,80804132|C816|E467|2026-01-01|net demand for safety|010680
80804134,C816,D191,2026-01-01,1,net demand for forecast,80804134|C816|D191|2026-01-01|net demand for forecast|010684
80804134,C816,D191,2026-01-01,1,net demand for forecast,80804134|C816|D191|2026-01-01|net demand for forecast|010685
80804136,C816,D191,2026-01-01,1,net demand for safety,80804136|C816|D191|2026-01-01|net demand for safety|010794
80804701,A673,E556,2026-01-01,1,net demand for forecast,80804701|A673|E556|2026-01-01|net demand for forecast|010798
80804701,A673,E556,2026-01-01,1,net demand for forecast,80804701|A673|E556|2026-01-01|net demand for forecast|010799
80804701,A673,E556,2026-01-01,1,net demand for forecast,80804701|A673|E556|2026-01-01|net demand for forecast|010800
80804704,A673,C819,2026-01-01,1,net demand for forecast,80804704|A673|C819|2026-01-01|net demand for forecast|010801
80804704,A673,C819,2026-01-01,1,net demand for forecast,80804704|A673|C819|2026-01-01|net demand for forecast|010802
80804704,A673,C819,2026-01-01,1,net demand for forecast,80804704|A673|C819|2026-01-01|net demand for forecast|010803
80804704,A673,C819,2026-01-01,1,net demand for forecast,80804704|A673|C819|2026-01-01|net demand for forecast|010804
80804704,A673,C819,2026-01-01,1,net demand for forecast,80804704|A673|C819|2026-01-01|net demand for forecast|010805
80804704,A673,C819,2026-01-01,1,net demand for forecast,80804704|A673|C819|2026-01-01|net demand for forecast|010806
80807089,C816,A668,2026-01-01,3,net demand for safety,80807089|C816|A668|2026-01-01|net demand for safety|010824
80807105,C816,E467,2026-01-01,1,net demand for safety,80807105|C816|E467|2026-01-01|net demand for safety|010849
80807116,C816,D191,2026-01-01,11,net demand for safety,80807116|C816|D191|2026-01-01|net demand for safety|010869
80812839,A673,E556,2026-01-01,1,net demand for safety,80812839|A673|E556|2026-01-01|net demand for safety|010883
80812840,A672,E568,2026-01-01,11,net demand for safety,80812840|A672|E568|2026-01-01|net demand for safety|010894
80812845,C816,E467,2026-01-01,3,net demand for safety,80812845|C816|E467|2026-01-01|net demand for safety|010909
80812846,A673,C819,2026-01-01,1,net demand for safety,80812846|A673|C819|2026-01-01|net demand for safety|010912
80851898,A672,E568,2026-01-01,1,net demand for safety,80851898|A672|E568|2026-01-01|net demand for safety|010943
80864469,A673,C819,2026-01-01,1,net demand for forecast,80864469|A673|C819|2026-01-01|net demand for forecast|010967
80864469,A673,C819,2026-01-01,1,net demand for forecast,80864469|A673|C819|2026-01-01|net demand for forecast|010968
80864469,A673,C819,2026-01-01,1,net demand for forecast,80864469|A673|C819|2026-01-01|net demand for forecast|010969
80864469,A673,C819,2026-01-01,1,net demand for forecast,80864469|A673|C819|2026-01-01|net demand for forecast|010970
80864469,A673,C819,2026-01-01,2,net demand for forecast,80864469|A673|C819|2026-01-01|net demand for forecast|010971
80864469,C816,A668,2026-01-01,3,net demand for safety,80864469|C816|A668|2026-01-01|net demand for safety|010976
80864469,C816,A672,2026-01-01,1,net demand for forecast,80864469|C816|A672|2026-01-01|net demand for forecast|010977
80864469,C816,A672,2026-01-01,1,net demand for forecast,80864469|C816|A672|2026-01-01|net demand for forecast|010978
80864469,C816,A672,2026-01-01,1,net demand for forecast,80864469|C816|A672|2026-01-01|net demand for forecast|010979
80864469,C816,A672,2026-01-01,1,net demand for forecast,80864469|C816|A672|2026-01-01|net demand for forecast|010980
80864469,C816,A672,2026-01-01,1,net demand for forecast,80864469|C816|A672|2026-01-01|net demand for forecast|010981
80864469,C816,A672,2026-01-01,1,net demand for forecast,80864469|C816|A672|2026-01-01|net demand for forecast|010982
80864469,C816,A672,2026-01-01,1,net demand for forecast,80864469|C816|A672|2026-01-01|net demand for forecast|010983
80864469,C816,E467,2026-01-01,2,net demand for safety,80864469|C816|E467|2026-01-01|net demand for safety|010986
80868100,C816,A680,2026-01-01,1,net demand for forecast,80868100|C816|A680|2026-01-01|net demand for forecast|010987
80868100,C816,A680,2026-01-01,1,net demand for forecast,80868100|C816|A680|2026-01-01|net demand for forecast|010988
80868100,C816,A680,2026-01-01,1,net demand for forecast,80868100|C816|A680|2026-01-01|net demand for forecast|010989
80868100,C816,A680,2026-01-01,1,net demand for forecast,80868100|C816|A680|2026-01-01|net demand for forecast|010990
80868100,C816,A680,2026-01-01,1,net demand for forecast,80868100|C816|A680|2026-01-01|net demand for forecast|010991
80868100,C816,A680,2026-01-01,1,net demand for forecast,80868100|C816|A680|2026-01-01|net demand for forecast|010992
80868100,C816,A680,2026-01-01,1,net demand for forecast,80868100|C816|A680|2026-01-01|net demand for forecast|010993
80885920,C816,A680,2026-01-01,8,net demand for normal,80885920|C816|A680|2026-01-01|net demand for normal|010995
21098519,A673,E556,2026-01-02,1,net demand for safety,21098519|A673|E556|2026-01-02|net demand for safety|010997
21127730,C810,E295,2026-01-02,1,net demand for normal,21127730|C810|E295|2026-01-02|net demand for normal|011113
21128067,A672,E568,2026-01-02,2,net demand for safety,21128067|A672|E568|2026-01-02|net demand for safety|011120
21128377,C816,D191,2026-01-02,1,net demand for forecast,21128377|C816|D191|2026-01-02|net demand for forecast|011125
21128377,C816,D191,2026-01-02,1,net demand for forecast,21128377|C816|D191|2026-01-02|net demand for forecast|011126
21128377,C816,D191,2026-01-02,1,net demand for forecast,21128377|C816|D191|2026-01-02|net demand for forecast|011127
21128377,C816,D191,2026-01-02,1,net demand for forecast,21128377|C816|D191|2026-01-02|net demand for forecast|011128
21128377,C816,D191,2026-01-02,1,net demand for normal,21128377|C816|D191|2026-01-02|net demand for normal|011129
21128377,C816,D191,2026-01-02,6,net demand for safety,21128377|C816|D191|2026-01-02|net demand for safety|011130
21132758,C810,E295,2026-01-02,3,net demand for normal,21132758|C810|E295|2026-01-02|net demand for normal|011229
21143110,C810,E295,2026-01-02,2,net demand for safety,21143110|C810|E295|2026-01-02|net demand for safety|011272
21148509,A673,E556,2026-01-02,1,net demand for normal,21148509|A673|E556|2026-01-02|net demand for normal|011274
21442896,C816,A672,2026-01-02,3,net demand for normal,21442896|C816|A672|2026-01-02|net demand for normal|011432
21442896,C816,A680,2026-01-02,1,net demand for normal,21442896|C816|A680|2026-01-02|net demand for normal|011433
21442897,C816,A672,2026-01-02,2,net demand for forecast,21442897|C816|A672|2026-01-02|net demand for forecast|011434
21442897,C816,A672,2026-01-02,2,net demand for forecast,21442897|C816|A672|2026-01-02|net demand for forecast|011435
21442897,C816,A672,2026-01-02,2,net demand for forecast,21442897|C816|A672|2026-01-02|net demand for forecast|011436
21442897,C816,A672,2026-01-02,2,net demand for forecast,21442897|C816|A672|2026-01-02|net demand for forecast|011437
21442897,C816,A672,2026-01-02,2,net demand for forecast,21442897|C816|A672|2026-01-02|net demand for forecast|011438
21442897,C816,A672,2026-01-02,2,net demand for forecast,21442897|C816|A672|2026-01-02|net demand for forecast|011439
21442897,C816,A672,2026-01-02,2,net demand for forecast,21442897|C816|A672|2026-01-02|net demand for forecast|011440
21442897,C816,A672,2026-01-02,2,net demand for normal,21442897|C816|A672|2026-01-02|net demand for normal|011441
80804134,C816,D191,2026-01-02,1,net demand for AO,80804134|C816|D191|2026-01-02|net demand for AO|011450
80804134,C816,D191,2026-01-02,1,net demand for AO,80804134|C816|D191|2026-01-02|net demand for AO|011451
80804134,C816,D191,2026-01-02,1,net demand for AO,80804134|C816|D191|2026-01-02|net demand for AO|011452
80804134,C816,D191,2026-01-02,1,net demand for AO,80804134|C816|D191|2026-01-02|net demand for AO|011453
80804134,C816,D191,2026-01-02,1,net demand for forecast,80804134|C816|D191|2026-01-02|net demand for forecast|011454
80804134,C816,D191,2026-01-02,1,net demand for forecast,80804134|C816|D191|2026-01-02|net demand for forecast|011455
80804701,A673,E556,2026-01-02,1,net demand for forecast,80804701|A673|E556|2026-01-02|net demand for forecast|011462
80804701,A673,E556,2026-01-02,1,net demand for forecast,80804701|A673|E556|2026-01-02|net demand for forecast|011463
80804701,A673,E556,2026-01-02,1,net demand for forecast,80804701|A673|E556|2026-01-02|net demand for forecast|011464
80804704,A673,C819,2026-01-02,1,net demand for forecast,80804704|A673|C819|2026-01-02|net demand for forecast|011465
80804704,A673,C819,2026-01-02,1,net demand for forecast,80804704|A673|C819|2026-01-02|net demand for forecast|011466
80804704,A673,C819,2026-01-02,1,net demand for forecast,80804704|A673|C819|2026-01-02|net demand for forecast|011467
80804704,A673,C819,2026-01-02,1,net demand for forecast,80804704|A673|C819|2026-01-02|net demand for forecast|011468
80804704,A673,C819,2026-01-02,1,net demand for forecast,80804704|A673|C819|2026-01-02|net demand for forecast|011469
80804704,A673,C819,2026-01-02,1,net demand for forecast,80804704|A673|C819|2026-01-02|net demand for forecast|011470
80807089,C816,A668,2026-01-02,6,net demand for safety,80807089|C816|A668|2026-01-02|net demand for safety|011478
80807105,C816,E467,2026-01-02,2,net demand for safety,80807105|C816|E467|2026-01-02|net demand for safety|011503
80807116,C816,D191,2026-01-02,4,net demand for safety,80807116|C816|D191|2026-01-02|net demand for safety|011515
80807122,C816,A680,2026-01-02,1,net demand for forecast,80807122|C816|A680|2026-01-02|net demand for forecast|011585
80807122,C816,A680,2026-01-02,1,net demand for forecast,80807122|C816|A680|2026-01-02|net demand for forecast|011586
80812840,A672,E568,2026-01-02,3,net demand for safety,80812840|A672|E568|2026-01-02|net demand for safety|011608
80812841,A672,E568,2026-01-02,1,net demand for forecast,80812841|A672|E568|2026-01-02|net demand for forecast|011617
80812841,A672,E568,2026-01-02,1,net demand for forecast,80812841|A672|E568|2026-01-02|net demand for forecast|011618
80812841,A672,E568,2026-01-02,1,net demand for forecast,80812841|A672|E568|2026-01-02|net demand for forecast|011619
80812841,A672,E568,2026-01-02,1,net demand for forecast,80812841|A672|E568|2026-01-02|net demand for forecast|011620
80812841,A672,E568,2026-01-02,1,net demand for forecast,80812841|A672|E568|2026-01-02|net demand for forecast|011621
80812841,A672,E568,2026-01-02,1,net demand for forecast,80812841|A672|E568|2026-01-02|net demand for forecast|011622
80812841,A672,E568,2026-01-02,1,net demand for forecast,80812841|A672|E568|2026-01-02|net demand for forecast|011623
80812845,C810,E295,2026-01-02,9,net demand for safety,80812845|C810|E295|2026-01-02|net demand for safety|011626
80812845,C816,E467,2026-01-02,5,net demand for safety,80812845|C816|E467|2026-01-02|net demand for safety|011628
80812846,A673,C819,2026-01-02,1,net demand for forecast,80812846|A673|C819|2026-01-02|net demand for forecast|011631
80812846,A673,C819,2026-01-02,1,net demand for forecast,80812846|A673|C819|2026-01-02|net demand for forecast|011632
80812846,A673,C819,2026-01-02,1,net demand for forecast,80812846|A673|C819|2026-01-02|net demand for forecast|011633
80812846,A673,C819,2026-01-02,1,net demand for forecast,80812846|A673|C819|2026-01-02|net demand for forecast|011634
80812846,A673,C819,2026-01-02,1,net demand for forecast,80812846|A673|C819|2026-01-02|net demand for forecast|011635
80812846,A673,C819,2026-01-02,1,net demand for forecast,80812846|A673|C819|2026-01-02|net demand for forecast|011636
80812846,A673,C819,2026-01-02,1,net demand for forecast,80812846|A673|C819|2026-01-02|net demand for forecast|011637
80812846,A673,C819,2026-01-02,5,net demand for safety,80812846|A673|C819|2026-01-02|net demand for safety|011638
80848021,C816,A672,2026-01-02,1,net demand for forecast,80848021|C816|A672|2026-01-02|net demand for forecast|011644
80848021,C816,A672,2026-01-02,1,net demand for forecast,80848021|C816|A672|2026-01-02|net demand for forecast|011645
80848021,C816,A672,2026-01-02,1,net demand for forecast,80848021|C816|A672|2026-01-02|net demand for forecast|011646
80848021,C816,A672,2026-01-02,1,net demand for forecast,80848021|C816|A672|2026-01-02|net demand for forecast|011647
80848021,C816,A672,2026-01-02,1,net demand for forecast,80848021|C816|A672|2026-01-02|net demand for forecast|011648
80851898,A672,E568,2026-01-02,2,net demand for safety,80851898|A672|E568|2026-01-02|net demand for safety|011668
80864469,A673,C819,2026-01-02,1,net demand for forecast,80864469|A673|C819|2026-01-02|net demand for forecast|011671
80864469,A673,C819,2026-01-02,1,net demand for forecast,80864469|A673|C819|2026-01-02|net demand for forecast|011672
80864469,A673,C819,2026-01-02,1,net demand for forecast,80864469|A673|C819|2026-01-02|net demand for forecast|011673
80864469,A673,C819,2026-01-02,1,net demand for forecast,80864469|A673|C819|2026-01-02|net demand for forecast|011674
80864469,A673,C819,2026-01-02,1,net demand for forecast,80864469|A673|C819|2026-01-02|net demand for forecast|011675
80864469,C816,A668,2026-01-02,3,net demand for safety,80864469|C816|A668|2026-01-02|net demand for safety|011676
80864469,C816,A672,2026-01-02,2,net demand for forecast,80864469|C816|A672|2026-01-02|net demand for forecast|011677
80864469,C816,A672,2026-01-02,2,net demand for forecast,80864469|C816|A672|2026-01-02|net demand for forecast|011678
80864469,C816,A672,2026-01-02,2,net demand for forecast,80864469|C816|A672|2026-01-02|net demand for forecast|011679
80864469,C816,A672,2026-01-02,2,net demand for forecast,80864469|C816|A672|2026-01-02|net demand for forecast|011680
80864469,C816,A672,2026-01-02,3,net demand for forecast,80864469|C816|A672|2026-01-02|net demand for forecast|011681
80864469,C816,A672,2026-01-02,3,net demand for forecast,80864469|C816|A672|2026-01-02|net demand for forecast|011682
80864469,C816,A672,2026-01-02,3,net demand for forecast,80864469|C816|A672|2026-01-02|net demand for forecast|011683
80864469,C816,E467,2026-01-02,5,net demand for safety,80864469|C816|E467|2026-01-02|net demand for safety|011685
80885920,C816,A680,2026-01-02,6,net demand for normal,80885920|C816|A680|2026-01-02|net demand for normal|011757
21103372,A673,E556,2026-01-03,1,net demand for forecast,21103372|A673|E556|2026-01-03|net demand for forecast|011776
21103372,A673,E556,2026-01-03,1,net demand for forecast,21103372|A673|E556|2026-01-03|net demand for forecast|011777
21103372,A673,E556,2026-01-03,1,net demand for forecast,21103372|A673|E556|2026-01-03|net demand for forecast|011778
21103372,A673,E556,2026-01-03,1,net demand for forecast,21103372|A673|E556|2026-01-03|net demand for forecast|011779
21103372,A673,E556,2026-01-03,1,net demand for forecast,21103372|A673|E556|2026-01-03|net demand for forecast|011780
21103372,A673,E556,2026-01-03,1,net demand for forecast,21103372|A673|E556|2026-01-03|net demand for forecast|011781
21103372,A673,E556,2026-01-03,1,net demand for forecast,21103372|A673|E556|2026-01-03|net demand for forecast|011782
21113405,A672,E568,2026-01-03,1,net demand for forecast,21113405|A672|E568|2026-01-03|net demand for forecast|011800
21113405,A672,E568,2026-01-03,1,net demand for forecast,21113405|A672|E568|2026-01-03|net demand for forecast|011801
21113405,A672,E568,2026-01-03,1,net demand for forecast,21113405|A672|E568|2026-01-03|net demand for forecast|011802
21113405,A673,E564,2026-01-03,1,net demand for forecast,21113405|A673|E564|2026-01-03|net demand for forecast|011807
21113405,A673,E564,2026-01-03,1,net demand for forecast,21113405|A673|E564|2026-01-03|net demand for forecast|011808
21113405,A673,E564,2026-01-03,1,net demand for forecast,21113405|A673|E564|2026-01-03|net demand for forecast|011809
21113405,A673,E564,2026-01-03,1,net demand for forecast,21113405|A673|E564|2026-01-03|net demand for forecast|011810
21113405,A673,E564,2026-01-03,1,net demand for forecast,21113405|A673|E564|2026-01-03|net demand for forecast|011811
21113405,A673,E564,2026-01-03,1,net demand for forecast,21113405|A673|E564|2026-01-03|net demand for forecast|011812
21113405,A673,E564,2026-01-03,1,net demand for forecast,21113405|A673|E564|2026-01-03|net demand for forecast|011813
21113405,A673,E564,2026-01-03,1,net demand for normal,21113405|A673|E564|2026-01-03|net demand for normal|011814
21121756,A672,E568,2026-01-03,1,net demand for forecast,21121756|A672|E568|2026-01-03|net demand for forecast|011835
21121756,A672,E568,2026-01-03,1,net demand for forecast,21121756|A672|E568|2026-01-03|net demand for forecast|011836
21121756,A672,E568,2026-01-03,1,net demand for forecast,21121756|A672|E568|2026-01-03|net demand for forecast|011837
21148509,A673,E556,2026-01-03,2,net demand for normal,21148509|A673|E556|2026-01-03|net demand for normal|011914
21162696,A673,E564,2026-01-03,4,net demand for safety,21162696|A673|E564|2026-01-03|net demand for safety|012011
21442896,C816,A672,2026-01-03,1,net demand for normal,21442896|C816|A672|2026-01-03|net demand for normal|012155
21442897,C816,A672,2026-01-03,1,net demand for forecast,21442897|C816|A672|2026-01-03|net demand for forecast|012156
21442897,C816,A672,2026-01-03,1,net demand for forecast,21442897|C816|A672|2026-01-03|net demand for forecast|012157
21442897,C816,A672,2026-01-03,1,net demand for forecast,21442897|C816|A672|2026-01-03|net demand for forecast|012158
21442897,C816,A672,2026-01-03,1,net demand for forecast,21442897|C816|A672|2026-01-03|net demand for forecast|012159
21442897,C816,A672,2026-01-03,1,net demand for forecast,21442897|C816|A672|2026-01-03|net demand for forecast|012160
21442897,C816,A672,2026-01-03,1,net demand for forecast,21442897|C816|A672|2026-01-03|net demand for forecast|012161
21442897,C816,A672,2026-01-03,1,net demand for forecast,21442897|C816|A672|2026-01-03|net demand for forecast|012162
21442897,C816,A672,2026-01-03,1,net demand for normal,21442897|C816|A672|2026-01-03|net demand for normal|012163
21442897,C816,A680,2026-01-03,1,net demand for forecast,21442897|C816|A680|2026-01-03|net demand for forecast|012165
21442897,C816,A680,2026-01-03,1,net demand for forecast,21442897|C816|A680|2026-01-03|net demand for forecast|012166
21442897,C816,A680,2026-01-03,1,net demand for forecast,21442897|C816|A680|2026-01-03|net demand for forecast|012167
21442897,C816,A680,2026-01-03,1,net demand for forecast,21442897|C816|A680|2026-01-03|net demand for forecast|012168
21442897,C816,A680,2026-01-03,1,net demand for forecast,21442897|C816|A680|2026-01-03|net demand for forecast|012169
21442897,C816,A680,2026-01-03,1,net demand for forecast,21442897|C816|A680|2026-01-03|net demand for forecast|012170
21442897,C816,A680,2026-01-03,1,net demand for forecast,21442897|C816|A680|2026-01-03|net demand for forecast|012171
21442897,C816,A680,2026-01-03,1,net demand for normal,21442897|C816|A680|2026-01-03|net demand for normal|012172
80804133,A672,E568,2026-01-03,1,net demand for forecast,80804133|A672|E568|2026-01-03|net demand for forecast|012188
80804133,A672,E568,2026-01-03,1,net demand for forecast,80804133|A672|E568|2026-01-03|net demand for forecast|012189
80804133,A672,E568,2026-01-03,1,net demand for forecast,80804133|A672|E568|2026-01-03|net demand for forecast|012190
80804133,A672,E568,2026-01-03,1,net demand for forecast,80804133|A672|E568|2026-01-03|net demand for forecast|012191
80804134,C816,D191,2026-01-03,1,net demand for AO,80804134|C816|D191|2026-01-03|net demand for AO|012192
80804134,C816,D191,2026-01-03,1,net demand for AO,80804134|C816|D191|2026-01-03|net demand for AO|012193
80804134,C816,D191,2026-01-03,1,net demand for AO,80804134|C816|D191|2026-01-03|net demand for AO|012194
80804134,C816,D191,2026-01-03,1,net demand for AO,80804134|C816|D191|2026-01-03|net demand for AO|012195
80804134,C816,D191,2026-01-03,1,net demand for forecast,80804134|C816|D191|2026-01-03|net demand for forecast|012196
80804134,C816,D191,2026-01-03,1,net demand for forecast,80804134|C816|D191|2026-01-03|net demand for forecast|012197
80804134,C816,D191,2026-01-03,1,net demand for forecast,80804134|C816|D191|2026-01-03|net demand for forecast|012198
80804704,A673,C819,2026-01-03,1,net demand for forecast,80804704|A673|C819|2026-01-03|net demand for forecast|012290
80804704,A673,C819,2026-01-03,1,net demand for forecast,80804704|A673|C819|2026-01-03|net demand for forecast|012291
80804704,A673,C819,2026-01-03,1,net demand for forecast,80804704|A673|C819|2026-01-03|net demand for forecast|012292
80804704,A673,C819,2026-01-03,1,net demand for forecast,80804704|A673|C819|2026-01-03|net demand for forecast|012293
80804704,A673,C819,2026-01-03,1,net demand for forecast,80804704|A673|C819|2026-01-03|net demand for forecast|012294
80804704,A673,C819,2026-01-03,1,net demand for forecast,80804704|A673|C819|2026-01-03|net demand for forecast|012295
80807089,C816,A668,2026-01-03,7,net demand for safety,80807089|C816|A668|2026-01-03|net demand for safety|012298
80807105,C816,D191,2026-01-03,2,net demand for safety,80807105|C816|D191|2026-01-03|net demand for safety|012338
80807116,C816,D191,2026-01-03,4,net demand for safety,80807116|C816|D191|2026-01-03|net demand for safety|012347
80812099,A673,E564,2026-01-03,1,net demand for safety,80812099|A673|E564|2026-01-03|net demand for safety|012357
80812839,A673,E556,2026-01-03,1,net demand for safety,80812839|A673|E556|2026-01-03|net demand for safety|012364
80812840,A672,E568,2026-01-03,1,net demand for safety,80812840|A672|E568|2026-01-03|net demand for safety|012375
80812841,A672,E568,2026-01-03,1,net demand for forecast,80812841|A672|E568|2026-01-03|net demand for forecast|012384
80812841,A672,E568,2026-01-03,1,net demand for forecast,80812841|A672|E568|2026-01-03|net demand for forecast|012385
80812841,A672,E568,2026-01-03,1,net demand for forecast,80812841|A672|E568|2026-01-03|net demand for forecast|012386
80812841,A672,E568,2026-01-03,1,net demand for forecast,80812841|A672|E568|2026-01-03|net demand for forecast|012387
80812841,A672,E568,2026-01-03,1,net demand for forecast,80812841|A672|E568|2026-01-03|net demand for forecast|012388
80812841,A672,E568,2026-01-03,1,net demand for forecast,80812841|A672|E568|2026-01-03|net demand for forecast|012389
80812841,A672,E568,2026-01-03,1,net demand for forecast,80812841|A672|E568|2026-01-03|net demand for forecast|012390
80812845,C810,E295,2026-01-03,9,net demand for safety,80812845|C810|E295|2026-01-03|net demand for safety|012400
80851898,A672,E568,2026-01-03,1,net demand for safety,80851898|A672|E568|2026-01-03|net demand for safety|012490
80864469,A673,C819,2026-01-03,1,net demand for forecast,80864469|A673|C819|2026-01-03|net demand for forecast|012495
80864469,A673,C819,2026-01-03,1,net demand for forecast,80864469|A673|C819|2026-01-03|net demand for forecast|012496
80864469,A673,C819,2026-01-03,1,net demand for forecast,80864469|A673|C819|2026-01-03|net demand for forecast|012497
80864469,A673,C819,2026-01-03,1,net demand for forecast,80864469|A673|C819|2026-01-03|net demand for forecast|012498
80864469,A673,C819,2026-01-03,1,net demand for forecast,80864469|A673|C819|2026-01-03|net demand for forecast|012499
80864469,C816,A668,2026-01-03,4,net demand for safety,80864469|C816|A668|2026-01-03|net demand for safety|012500
80864469,C816,A672,2026-01-03,3,net demand for forecast,80864469|C816|A672|2026-01-03|net demand for forecast|012501
80864469,C816,A672,2026-01-03,3,net demand for forecast,80864469|C816|A672|2026-01-03|net demand for forecast|012502
80864469,C816,A672,2026-01-03,3,net demand for forecast,80864469|C816|A672|2026-01-03|net demand for forecast|012503
80864469,C816,A672,2026-01-03,4,net demand for forecast,80864469|C816|A672|2026-01-03|net demand for forecast|012504
80864469,C816,A672,2026-01-03,4,net demand for forecast,80864469|C816|A672|2026-01-03|net demand for forecast|012505
80864469,C816,A672,2026-01-03,4,net demand for forecast,80864469|C816|A672|2026-01-03|net demand for forecast|012506
80864469,C816,A672,2026-01-03,4,net demand for forecast,80864469|C816|A672|2026-01-03|net demand for forecast|012507
80864469,C816,E467,2026-01-03,1,net demand for safety,80864469|C816|E467|2026-01-03|net demand for safety|012510
80885920,C816,A668,2026-01-03,1,net demand for forecast,80885920|C816|A668|2026-01-03|net demand for forecast|012516
80885920,C816,A668,2026-01-03,1,net demand for forecast,80885920|C816|A668|2026-01-03|net demand for forecast|012517
80885920,C816,A668,2026-01-03,1,net demand for forecast,80885920|C816|A668|2026-01-03|net demand for forecast|012518
80885920,C816,A668,2026-01-03,1,net demand for forecast,80885920|C816|A668|2026-01-03|net demand for forecast|012519
80885920,C816,A668,2026-01-03,1,net demand for forecast,80885920|C816|A668|2026-01-03|net demand for forecast|012520
80885920,C816,A668,2026-01-03,1,net demand for forecast,80885920|C816|A668|2026-01-03|net demand for forecast|012521
80885920,C816,A668,2026-01-03,77,net demand for safety,80885920|C816|A668|2026-01-03|net demand for safety|012522
80885920,C816,A680,2026-01-03,9,net demand for forecast,80885920|C816|A680|2026-01-03|net demand for forecast|012530
80885920,C816,A680,2026-01-03,9,net demand for forecast,80885920|C816|A680|2026-01-03|net demand for forecast|012531
80885920,C816,A680,2026-01-03,9,net demand for forecast,80885920|C816|A680|2026-01-03|net demand for forecast|012532
80885920,C816,A680,2026-01-03,9,net demand for forecast,80885920|C816|A680|2026-01-03|net demand for forecast|012533
80885920,C816,A680,2026-01-03,10,net demand for forecast,80885920|C816|A680|2026-01-03|net demand for forecast|012534
80885920,C816,A680,2026-01-03,10,net demand for forecast,80885920|C816|A680|2026-01-03|net demand for forecast|012535
80885920,C816,A680,2026-01-03,11,net demand for forecast,80885920|C816|A680|2026-01-03|net demand for forecast|012536
80885920,C816,A680,2026-01-03,5,net demand for normal,80885920|C816|A680|2026-01-03|net demand for normal|012537
21103371,0386,C810,2026-01-04,3,net demand for net demand for safety,21103371|0386|C810|2026-01-04|net demand for net demand for safety|012539
21103372,A673,E556,2026-01-04,1,net demand for forecast,21103372|A673|E556|2026-01-04|net demand for forecast|012540
21103372,A673,E556,2026-01-04,1,net demand for forecast,21103372|A673|E556|2026-01-04|net demand for forecast|012541
21103372,A673,E556,2026-01-04,1,net demand for forecast,21103372|A673|E556|2026-01-04|net demand for forecast|012542
21103372,A673,E556,2026-01-04,1,net demand for forecast,21103372|A673|E556|2026-01-04|net demand for forecast|012543
21103372,A673,E556,2026-01-04,1,net demand for forecast,21103372|A673|E556|2026-01-04|net demand for forecast|012544
21103372,A673,E556,2026-01-04,1,net demand for forecast,21103372|A673|E556|2026-01-04|net demand for forecast|012545
21103372,A673,E556,2026-01-04,1,net demand for forecast,21103372|A673|E556|2026-01-04|net demand for forecast|012546
21103372,A673,E556,2026-01-04,13,net demand for safety,21103372|A673|E556|2026-01-04|net demand for safety|012547
21103372,C816,E564,2026-01-04,2,net demand for safety,21103372|C816|E564|2026-01-04|net demand for safety|012549
21113405,A672,E568,2026-01-04,1,net demand for forecast,21113405|A672|E568|2026-01-04|net demand for forecast|012562
21113405,A672,E568,2026-01-04,1,net demand for forecast,21113405|A672|E568|2026-01-04|net demand for forecast|012563
21113405,A672,E568,2026-01-04,1,net demand for forecast,21113405|A672|E568|2026-01-04|net demand for forecast|012564
21113405,A673,D901,2026-01-04,1,net demand for forecast,21113405|A673|D901|2026-01-04|net demand for forecast|012565
21113405,A673,D901,2026-01-04,1,net demand for forecast,21113405|A673|D901|2026-01-04|net demand for forecast|012566
21113405,A673,D901,2026-01-04,1,net demand for forecast,21113405|A673|D901|2026-01-04|net demand for forecast|012567
21113405,A673,D901,2026-01-04,1,net demand for forecast,21113405|A673|D901|2026-01-04|net demand for forecast|012568
21113405,A673,E564,2026-01-04,1,net demand for forecast,21113405|A673|E564|2026-01-04|net demand for forecast|012569
21113405,A673,E564,2026-01-04,1,net demand for forecast,21113405|A673|E564|2026-01-04|net demand for forecast|012570
21113405,A673,E564,2026-01-04,1,net demand for forecast,21113405|A673|E564|2026-01-04|net demand for forecast|012571
21113405,A673,E564,2026-01-04,1,net demand for forecast,21113405|A673|E564|2026-01-04|net demand for forecast|012572
21113405,A673,E564,2026-01-04,1,net demand for forecast,21113405|A673|E564|2026-01-04|net demand for forecast|012573
21113405,A673,E564,2026-01-04,1,net demand for forecast,21113405|A673|E564|2026-01-04|net demand for forecast|012574
21113405,A673,E564,2026-01-04,1,net demand for forecast,21113405|A673|E564|2026-01-04|net demand for forecast|012575
21113405,A673,E564,2026-01-04,1,net demand for normal,21113405|A673|E564|2026-01-04|net demand for normal|012576
21113405,C816,D767,2026-01-04,1,net demand for forecast,21113405|C816|D767|2026-01-04|net demand for forecast|012578
21113405,C816,D767,2026-01-04,1,net demand for forecast,21113405|C816|D767|2026-01-04|net demand for forecast|012579
21113405,C816,D767,2026-01-04,1,net demand for forecast,21113405|C816|D767|2026-01-04|net demand for forecast|012580
21113405,C816,D767,2026-01-04,1,net demand for forecast,21113405|C816|D767|2026-01-04|net demand for forecast|012581
21121751,A673,D901,2026-01-04,3,net demand for safety,21121751|A673|D901|2026-01-04|net demand for safety|012582
21121752,C816,D767,2026-01-04,1,net demand for forecast,21121752|C816|D767|2026-01-04|net demand for forecast|012584
21121752,C816,D767,2026-01-04,1,net demand for forecast,21121752|C816|D767|2026-01-04|net demand for forecast|012585
21121752,C816,D767,2026-01-04,1,net demand for forecast,21121752|C816|D767|2026-01-04|net demand for forecast|012586
21121752,C816,D767,2026-01-04,1,net demand for forecast,21121752|C816|D767|2026-01-04|net demand for forecast|012587
21121752,C816,D767,2026-01-04,1,net demand for safety,21121752|C816|D767|2026-01-04|net demand for safety|012588
21121756,A672,E568,2026-01-04,1,net demand for forecast,21121756|A672|E568|2026-01-04|net demand for forecast|012602
21121756,A672,E568,2026-01-04,1,net demand for forecast,21121756|A672|E568|2026-01-04|net demand for forecast|012603
21121756,A672,E568,2026-01-04,1,net demand for forecast,21121756|A672|E568|2026-01-04|net demand for forecast|012604
21121756,C816,D767,2026-01-04,1,net demand for normal,21121756|C816|D767|2026-01-04|net demand for normal|012605
21128067,C810,D767,2026-01-04,7,net demand for safety,21128067|C810|D767|2026-01-04|net demand for safety|012607
21128067,C816,C563,2026-01-04,4,net demand for safety,21128067|C816|C563|2026-01-04|net demand for safety|012608
21128377,A673,D901,2026-01-04,12,net demand for normal,21128377|A673|D901|2026-01-04|net demand for normal|012610
21128377,C810,D767,2026-01-04,8,net demand for safety,21128377|C810|D767|2026-01-04|net demand for safety|012611
21132758,A673,C819,2026-01-04,1,net demand for forecast,21132758|A673|C819|2026-01-04|net demand for forecast|012612
21132758,A673,C819,2026-01-04,1,net demand for forecast,21132758|A673|C819|2026-01-04|net demand for forecast|012613
21132758,A673,C819,2026-01-04,1,net demand for forecast,21132758|A673|C819|2026-01-04|net demand for forecast|012614
21132758,A673,C819,2026-01-04,1,net demand for forecast,21132758|A673|C819|2026-01-04|net demand for forecast|012615
21132758,A673,C819,2026-01-04,1,net demand for forecast,21132758|A673|C819|2026-01-04|net demand for forecast|012616
21132758,A673,D901,2026-01-04,13,net demand for forecast,21132758|A673|D901|2026-01-04|net demand for forecast|012617
21132758,A673,D901,2026-01-04,13,net demand for forecast,21132758|A673|D901|2026-01-04|net demand for forecast|012618
21132758,A673,D901,2026-01-04,13,net demand for forecast,21132758|A673|D901|2026-01-04|net demand for forecast|012619
21132758,A673,D901,2026-01-04,13,net demand for forecast,21132758|A673|D901|2026-01-04|net demand for forecast|012620
21132758,C810,D767,2026-01-04,2,net demand for safety,21132758|C810|D767|2026-01-04|net demand for safety|012622
21132758,C810,E295,2026-01-04,6,net demand for forecast,21132758|C810|E295|2026-01-04|net demand for forecast|012623
21132758,C810,E295,2026-01-04,6,net demand for forecast,21132758|C810|E295|2026-01-04|net demand for forecast|012624
21132758,C810,E295,2026-01-04,6,net demand for forecast,21132758|C810|E295|2026-01-04|net demand for forecast|012625
21132758,C810,E295,2026-01-04,6,net demand for forecast,21132758|C810|E295|2026-01-04|net demand for forecast|012626
21132758,C810,E295,2026-01-04,6,net demand for forecast,21132758|C810|E295|2026-01-04|net demand for forecast|012627
21132758,C810,E295,2026-01-04,6,net demand for forecast,21132758|C810|E295|2026-01-04|net demand for forecast|012628
21132758,C810,E295,2026-01-04,6,net demand for forecast,21132758|C810|E295|2026-01-04|net demand for forecast|012629
21132758,C810,E295,2026-01-04,23,net demand for safety,21132758|C810|E295|2026-01-04|net demand for safety|012630
21132758,C816,C563,2026-01-04,2,net demand for forecast,21132758|C816|C563|2026-01-04|net demand for forecast|012631
21132758,C816,C563,2026-01-04,2,net demand for forecast,21132758|C816|C563|2026-01-04|net demand for forecast|012632
21132758,C816,C563,2026-01-04,2,net demand for forecast,21132758|C816|C563|2026-01-04|net demand for forecast|012633
21132758,C816,C563,2026-01-04,2,net demand for forecast,21132758|C816|C563|2026-01-04|net demand for forecast|012634
21132758,C816,C563,2026-01-04,2,net demand for forecast,21132758|C816|C563|2026-01-04|net demand for forecast|012635
21132758,C816,E569,2026-01-04,1,net demand for forecast,21132758|C816|E569|2026-01-04|net demand for forecast|012636
21132758,C816,E569,2026-01-04,1,net demand for forecast,21132758|C816|E569|2026-01-04|net demand for forecast|012637
21132758,C816,E569,2026-01-04,1,net demand for forecast,21132758|C816|E569|2026-01-04|net demand for forecast|012638
21132758,C816,E569,2026-01-04,1,net demand for forecast,21132758|C816|E569|2026-01-04|net demand for forecast|012639
21132758,C816,E569,2026-01-04,1,net demand for forecast,21132758|C816|E569|2026-01-04|net demand for forecast|012640
21132758,C816,E569,2026-01-04,1,net demand for forecast,21132758|C816|E569|2026-01-04|net demand for forecast|012641
21132758,C816,E569,2026-01-04,1,net demand for forecast,21132758|C816|E569|2026-01-04|net demand for forecast|012642
21137866,A673,D901,2026-01-04,8,net demand for forecast,21137866|A673|D901|2026-01-04|net demand for forecast|012643
21137866,A673,D901,2026-01-04,8,net demand for forecast,21137866|A673|D901|2026-01-04|net demand for forecast|012644
21137866,A673,D901,2026-01-04,8,net demand for forecast,21137866|A673|D901|2026-01-04|net demand for forecast|012645
21137866,A673,D901,2026-01-04,8,net demand for forecast,21137866|A673|D901|2026-01-04|net demand for forecast|012646
21137866,A673,E556,2026-01-04,1,net demand for forecast,21137866|A673|E556|2026-01-04|net demand for forecast|012647
21137866,A673,E556,2026-01-04,1,net demand for forecast,21137866|A673|E556|2026-01-04|net demand for forecast|012648
21137866,A673,E556,2026-01-04,1,net demand for forecast,21137866|A673|E556|2026-01-04|net demand for forecast|012649
21137866,A673,E556,2026-01-04,1,net demand for forecast,21137866|A673|E556|2026-01-04|net demand for forecast|012650
21137866,A673,E556,2026-01-04,1,net demand for forecast,21137866|A673|E556|2026-01-04|net demand for forecast|012651
21137866,A673,E556,2026-01-04,1,net demand for forecast,21137866|A673|E556|2026-01-04|net demand for forecast|012652
21137866,A673,E556,2026-01-04,1,net demand for forecast,21137866|A673|E556|2026-01-04|net demand for forecast|012653
21137866,C810,D767,2026-01-04,2,net demand for forecast,21137866|C810|D767|2026-01-04|net demand for forecast|012654
21137866,C810,D767,2026-01-04,2,net demand for forecast,21137866|C810|D767|2026-01-04|net demand for forecast|012655
21137866,C810,D767,2026-01-04,2,net demand for forecast,21137866|C810|D767|2026-01-04|net demand for forecast|012656
21137866,C810,D767,2026-01-04,2,net demand for forecast,21137866|C810|D767|2026-01-04|net demand for forecast|012657
21137866,C816,E564,2026-01-04,1,net demand for forecast,21137866|C816|E564|2026-01-04|net demand for forecast|012658
21137866,C816,E564,2026-01-04,1,net demand for forecast,21137866|C816|E564|2026-01-04|net demand for forecast|012659
21137866,C816,E564,2026-01-04,1,net demand for forecast,21137866|C816|E564|2026-01-04|net demand for forecast|012660
21137866,C816,E564,2026-01-04,1,net demand for forecast,21137866|C816|E564|2026-01-04|net demand for forecast|012661
21137866,C816,E564,2026-01-04,1,net demand for forecast,21137866|C816|E564|2026-01-04|net demand for forecast|012662
21137866,C816,E564,2026-01-04,1,net demand for forecast,21137866|C816|E564|2026-01-04|net demand for forecast|012663
21137866,C816,E564,2026-01-04,1,net demand for forecast,21137866|C816|E564|2026-01-04|net demand for forecast|012664
21139445,A673,D901,2026-01-04,5,net demand for safety,21139445|A673|D901|2026-01-04|net demand for safety|012665
21143103,0386,C810,2026-01-04,1,net demand for net demand for safety,21143103|0386|C810|2026-01-04|net demand for net demand for safety|012666
21143103,A673,D901,2026-01-04,26,net demand for safety,21143103|A673|D901|2026-01-04|net demand for safety|012667
21143110,0386,C810,2026-01-04,29,net demand for net demand for safety,21143110|0386|C810|2026-01-04|net demand for net demand for safety|012674
21143110,0386,C810,2026-01-04,8,push replenishment,21143110|0386|C810|2026-01-04|push replenishment|012675
21143110,A673,D901,2026-01-04,7,net demand for safety,21143110|A673|D901|2026-01-04|net demand for safety|012677
21148509,A673,D901,2026-01-04,3,net demand for forecast,21148509|A673|D901|2026-01-04|net demand for forecast|012678
21148509,A673,D901,2026-01-04,3,net demand for forecast,21148509|A673|D901|2026-01-04|net demand for forecast|012679
21148509,A673,D901,2026-01-04,3,net demand for forecast,21148509|A673|D901|2026-01-04|net demand for forecast|012680
21148509,A673,D901,2026-01-04,3,net demand for forecast,21148509|A673|D901|2026-01-04|net demand for forecast|012681
21148509,A673,E556,2026-01-04,1,net demand for forecast,21148509|A673|E556|2026-01-04|net demand for forecast|012682
21148509,A673,E556,2026-01-04,1,net demand for forecast,21148509|A673|E556|2026-01-04|net demand for forecast|012683
21148509,A673,E556,2026-01-04,1,net demand for forecast,21148509|A673|E556|2026-01-04|net demand for forecast|012684
21148509,A673,E556,2026-01-04,1,net demand for forecast,21148509|A673|E556|2026-01-04|net demand for forecast|012685
21148509,A673,E556,2026-01-04,1,net demand for forecast,21148509|A673|E556|2026-01-04|net demand for forecast|012686
21148509,A673,E556,2026-01-04,1,net demand for forecast,21148509|A673|E556|2026-01-04|net demand for forecast|012687
21148509,A673,E556,2026-01-04,1,net demand for forecast,21148509|A673|E556|2026-01-04|net demand for forecast|012688
21148509,A673,E556,2026-01-04,1,net demand for normal,21148509|A673|E556|2026-01-04|net demand for normal|012689
21148509,C810,D767,2026-01-04,2,net demand for forecast,21148509|C810|D767|2026-01-04|net demand for forecast|012690
21148509,C810,D767,2026-01-04,2,net demand for forecast,21148509|C810|D767|2026-01-04|net demand for forecast|012691
21148509,C810,D767,2026-01-04,2,net demand for forecast,21148509|C810|D767|2026-01-04|net demand for forecast|012692
21148509,C810,D767,2026-01-04,2,net demand for forecast,21148509|C810|D767|2026-01-04|net demand for forecast|012693
21148509,C816,E564,2026-01-04,1,net demand for normal,21148509|C816|E564|2026-01-04|net demand for normal|012694
21151196,C810,D767,2026-01-04,1,net demand for normal,21151196|C810|D767|2026-01-04|net demand for normal|012695
21151196,C810,E295,2026-01-04,10,net demand for forecast,21151196|C810|E295|2026-01-04|net demand for forecast|012696
21151196,C810,E295,2026-01-04,10,net demand for forecast,21151196|C810|E295|2026-01-04|net demand for forecast|012697
21151196,C810,E295,2026-01-04,10,net demand for forecast,21151196|C810|E295|2026-01-04|net demand for forecast|012698
21151196,C810,E295,2026-01-04,10,net demand for forecast,21151196|C810|E295|2026-01-04|net demand for forecast|012699
21151196,C810,E295,2026-01-04,10,net demand for forecast,21151196|C810|E295|2026-01-04|net demand for forecast|012700
21151196,C810,E295,2026-01-04,10,net demand for forecast,21151196|C810|E295|2026-01-04|net demand for forecast|012701
21151196,C810,E295,2026-01-04,10,net demand for forecast,21151196|C810|E295|2026-01-04|net demand for forecast|012702
21151196,C816,C563,2026-01-04,1,net demand for forecast,21151196|C816|C563|2026-01-04|net demand for forecast|012703
21151196,C816,C563,2026-01-04,1,net demand for forecast,21151196|C816|C563|2026-01-04|net demand for forecast|012704
21151196,C816,C563,2026-01-04,1,net demand for forecast,21151196|C816|C563|2026-01-04|net demand for forecast|012705
21151196,C816,C563,2026-01-04,1,net demand for forecast,21151196|C816|C563|2026-01-04|net demand for forecast|012706
21151196,C816,C563,2026-01-04,1,net demand for forecast,21151196|C816|C563|2026-01-04|net demand for forecast|012707
21151196,C816,C563,2026-01-04,2,net demand for normal,21151196|C816|C563|2026-01-04|net demand for normal|012708
21162696,C816,D767,2026-01-04,1,net demand for safety,21162696|C816|D767|2026-01-04|net demand for safety|012709
21165868,A673,D901,2026-01-04,2,net demand for safety,21165868|A673|D901|2026-01-04|net demand for safety|012710
21165946,A673,D901,2026-01-04,7,net demand for safety,21165946|A673|D901|2026-01-04|net demand for safety|012711
21170683,C810,D767,2026-01-04,2,net demand for safety,21170683|C810|D767|2026-01-04|net demand for safety|012713
21170686,A673,D901,2026-01-04,2,net demand for safety,21170686|A673|D901|2026-01-04|net demand for safety|012714
21170691,A673,D901,2026-01-04,2,net demand for safety,21170691|A673|D901|2026-01-04|net demand for safety|012715
21304907,C816,D767,2026-01-04,1,net demand for safety,21304907|C816|D767|2026-01-04|net demand for safety|012802
21304907,C816,E569,2026-01-04,1,net demand for safety,21304907|C816|E569|2026-01-04|net demand for safety|012803
21314593,0386,C810,2026-01-04,7,net demand for net demand for safety,21314593|0386|C810|2026-01-04|net demand for net demand for safety|012895
21314593,0386,C810,2026-01-04,10,net demand for net demand for safety,21314593|0386|C810|2026-01-04|net demand for net demand for safety|012896
21314593,0386,C810,2026-01-04,10,net demand for safety,21314593|0386|C810|2026-01-04|net demand for safety|012897
21314593,0386,C810,2026-01-04,15,push replenishment,21314593|0386|C810|2026-01-04|push replenishment|012898
21314593,A673,D901,2026-01-04,2,net demand for normal,21314593|A673|D901|2026-01-04|net demand for normal|012902
21314593,C816,E569,2026-01-04,1,net demand for forecast,21314593|C816|E569|2026-01-04|net demand for forecast|012903
21314593,C816,E569,2026-01-04,1,net demand for forecast,21314593|C816|E569|2026-01-04|net demand for forecast|012904
21314593,C816,E569,2026-01-04,1,net demand for forecast,21314593|C816|E569|2026-01-04|net demand for forecast|012905
21314593,C816,E569,2026-01-04,1,net demand for forecast,21314593|C816|E569|2026-01-04|net demand for forecast|012906
21314593,C816,E569,2026-01-04,1,net demand for forecast,21314593|C816|E569|2026-01-04|net demand for forecast|012907
21314593,C816,E569,2026-01-04,1,net demand for forecast,21314593|C816|E569|2026-01-04|net demand for forecast|012908
21314593,C816,E569,2026-01-04,1,net demand for forecast,21314593|C816|E569|2026-01-04|net demand for forecast|012909
21314594,A673,D901,2026-01-04,3,net demand for normal,21314594|A673|D901|2026-01-04|net demand for normal|012910
21314602,C816,D767,2026-01-04,1,net demand for safety,21314602|C816|D767|2026-01-04|net demand for safety|012911
21314602,C816,E569,2026-01-04,1,net demand for safety,21314602|C816|E569|2026-01-04|net demand for safety|012912
21315350,A673,C819,2026-01-04,1,net demand for forecast,21315350|A673|C819|2026-01-04|net demand for forecast|012914
21315350,A673,C819,2026-01-04,1,net demand for forecast,21315350|A673|C819|2026-01-04|net demand for forecast|012915
21315350,A673,C819,2026-01-04,1,net demand for forecast,21315350|A673|C819|2026-01-04|net demand for forecast|012916
21315350,A673,C819,2026-01-04,1,net demand for forecast,21315350|A673|C819|2026-01-04|net demand for forecast|012917
21315350,C810,D767,2026-01-04,1,net demand for forecast,21315350|C810|D767|2026-01-04|net demand for forecast|012918
21315350,C810,D767,2026-01-04,1,net demand for forecast,21315350|C810|D767|2026-01-04|net demand for forecast|012919
21315350,C810,D767,2026-01-04,2,net demand for forecast,21315350|C810|D767|2026-01-04|net demand for forecast|012920
21315350,C810,D767,2026-01-04,2,net demand for forecast,21315350|C810|D767|2026-01-04|net demand for forecast|012921
21315352,C810,D767,2026-01-04,1,net demand for forecast,21315352|C810|D767|2026-01-04|net demand for forecast|012933
21315352,C810,D767,2026-01-04,1,net demand for forecast,21315352|C810|D767|2026-01-04|net demand for forecast|012934
21315352,C810,D767,2026-01-04,2,net demand for forecast,21315352|C810|D767|2026-01-04|net demand for forecast|012935
21315352,C810,D767,2026-01-04,2,net demand for forecast,21315352|C810|D767|2026-01-04|net demand for forecast|012936
21315352,C810,D767,2026-01-04,1,net demand for normal,21315352|C810|D767|2026-01-04|net demand for normal|012937
21315352,C810,D767,2026-01-04,8,net demand for safety,21315352|C810|D767|2026-01-04|net demand for safety|012938
21315474,0386,C810,2026-01-04,7,net demand for net demand for safety,21315474|0386|C810|2026-01-04|net demand for net demand for safety|013041
21315474,0386,C810,2026-01-04,26,push replenishment,21315474|0386|C810|2026-01-04|push replenishment|013042
21315474,C810,D767,2026-01-04,1,net demand for safety,21315474|C810|D767|2026-01-04|net demand for safety|013061
21325292,A672,E568,2026-01-04,7,net demand for safety,21325292|A672|E568|2026-01-04|net demand for safety|013069
21377504,C816,D767,2026-01-04,1,net demand for forecast,21377504|C816|D767|2026-01-04|net demand for forecast|013070
21377504,C816,D767,2026-01-04,1,net demand for forecast,21377504|C816|D767|2026-01-04|net demand for forecast|013071
21377504,C816,D767,2026-01-04,1,net demand for forecast,21377504|C816|D767|2026-01-04|net demand for forecast|013072
21377504,C816,D767,2026-01-04,1,net demand for forecast,21377504|C816|D767|2026-01-04|net demand for forecast|013073
21377504,C816,D767,2026-01-04,1,net demand for normal,21377504|C816|D767|2026-01-04|net demand for normal|013074
21377504,C816,D767,2026-01-04,1,net demand for safety,21377504|C816|D767|2026-01-04|net demand for safety|013075
21442896,C816,A672,2026-01-04,1,net demand for normal,21442896|C816|A672|2026-01-04|net demand for normal|013078
80804133,A672,E568,2026-01-04,1,net demand for forecast,80804133|A672|E568|2026-01-04|net demand for forecast|013095
80804133,A672,E568,2026-01-04,1,net demand for forecast,80804133|A672|E568|2026-01-04|net demand for forecast|013096
80804133,A672,E568,2026-01-04,1,net demand for forecast,80804133|A672|E568|2026-01-04|net demand for forecast|013097
80804133,A672,E568,2026-01-04,1,net demand for forecast,80804133|A672|E568|2026-01-04|net demand for forecast|013098
80804133,C816,E467,2026-01-04,1,net demand for forecast,80804133|C816|E467|2026-01-04|net demand for forecast|013099
80804133,C816,E467,2026-01-04,1,net demand for forecast,80804133|C816|E467|2026-01-04|net demand for forecast|013100
80804133,C816,E467,2026-01-04,1,net demand for forecast,80804133|C816|E467|2026-01-04|net demand for forecast|013101
80804133,C816,E467,2026-01-04,1,net demand for forecast,80804133|C816|E467|2026-01-04|net demand for forecast|013102
80804133,C816,E467,2026-01-04,1,net demand for forecast,80804133|C816|E467|2026-01-04|net demand for forecast|013103
80804134,A673,D901,2026-01-04,1,net demand for forecast,80804134|A673|D901|2026-01-04|net demand for forecast|013109
80804134,A673,D901,2026-01-04,2,net demand for forecast,80804134|A673|D901|2026-01-04|net demand for forecast|013110
80804134,A673,D901,2026-01-04,2,net demand for forecast,80804134|A673|D901|2026-01-04|net demand for forecast|013111
80804134,A673,D901,2026-01-04,2,net demand for forecast,80804134|A673|D901|2026-01-04|net demand for forecast|013112
80804134,C816,D191,2026-01-04,1,net demand for AO,80804134|C816|D191|2026-01-04|net demand for AO|013113
80804134,C816,D191,2026-01-04,1,net demand for AO,80804134|C816|D191|2026-01-04|net demand for AO|013114
80804134,C816,D191,2026-01-04,1,net demand for AO,80804134|C816|D191|2026-01-04|net demand for AO|013115
80804134,C816,D191,2026-01-04,1,net demand for AO,80804134|C816|D191|2026-01-04|net demand for AO|013116
80804134,C816,D191,2026-01-04,1,net demand for forecast,80804134|C816|D191|2026-01-04|net demand for forecast|013117
80804134,C816,D191,2026-01-04,1,net demand for forecast,80804134|C816|D191|2026-01-04|net demand for forecast|013118
80804134,C816,D191,2026-01-04,1,net demand for forecast,80804134|C816|D191|2026-01-04|net demand for forecast|013119
80804134,C816,D191,2026-01-04,1,net demand for forecast,80804134|C816|D191|2026-01-04|net demand for forecast|013120
80804136,A673,D901,2026-01-04,3,net demand for safety,80804136|A673|D901|2026-01-04|net demand for safety|013125
80804136,C810,D767,2026-01-04,2,net demand for safety,80804136|C810|D767|2026-01-04|net demand for safety|013127
80804138,A673,D901,2026-01-04,8,net demand for safety,80804138|A673|D901|2026-01-04|net demand for safety|013128
80804138,C810,D767,2026-01-04,1,net demand for safety,80804138|C810|D767|2026-01-04|net demand for safety|013130
80804138,C816,E564,2026-01-04,4,net demand for safety,80804138|C816|E564|2026-01-04|net demand for safety|013131
80804701,C816,A680,2026-01-04,1,net demand for forecast,80804701|C816|A680|2026-01-04|net demand for forecast|013132
80804701,C816,A680,2026-01-04,1,net demand for forecast,80804701|C816|A680|2026-01-04|net demand for forecast|013133
80804701,C816,A680,2026-01-04,1,net demand for forecast,80804701|C816|A680|2026-01-04|net demand for forecast|013134
80804701,C816,A680,2026-01-04,1,net demand for forecast,80804701|C816|A680|2026-01-04|net demand for forecast|013135
80804701,C816,A680,2026-01-04,1,net demand for forecast,80804701|C816|A680|2026-01-04|net demand for forecast|013136
80804701,C816,A680,2026-01-04,1,net demand for forecast,80804701|C816|A680|2026-01-04|net demand for forecast|013137
80804701,C816,A680,2026-01-04,1,net demand for forecast,80804701|C816|A680|2026-01-04|net demand for forecast|013138
80804703,0386,C810,2026-01-04,1,net demand for net demand for normal,80804703|0386|C810|2026-01-04|net demand for net demand for normal|013139
80804703,C816,A668,2026-01-04,3,net demand for forecast,80804703|C816|A668|2026-01-04|net demand for forecast|013140
80804703,C816,A668,2026-01-04,3,net demand for forecast,80804703|C816|A668|2026-01-04|net demand for forecast|013141
80804703,C816,A668,2026-01-04,3,net demand for forecast,80804703|C816|A668|2026-01-04|net demand for forecast|013142
80804703,C816,A668,2026-01-04,3,net demand for forecast,80804703|C816|A668|2026-01-04|net demand for forecast|013143
80804703,C816,A668,2026-01-04,3,net demand for forecast,80804703|C816|A668|2026-01-04|net demand for forecast|013144
80804703,C816,A668,2026-01-04,3,net demand for forecast,80804703|C816|A668|2026-01-04|net demand for forecast|013145
80804703,C816,A668,2026-01-04,1,net demand for normal,80804703|C816|A668|2026-01-04|net demand for normal|013146
80804703,C816,A668,2026-01-04,35,net demand for safety,80804703|C816|A668|2026-01-04|net demand for safety|013147
80804703,C816,A672,2026-01-04,5,net demand for forecast,80804703|C816|A672|2026-01-04|net demand for forecast|013148
80804703,C816,A672,2026-01-04,5,net demand for forecast,80804703|C816|A672|2026-01-04|net demand for forecast|013149
80804703,C816,A672,2026-01-04,5,net demand for forecast,80804703|C816|A672|2026-01-04|net demand for forecast|013150
80804703,C816,A672,2026-01-04,5,net demand for forecast,80804703|C816|A672|2026-01-04|net demand for forecast|013151
80804703,C816,A672,2026-01-04,5,net demand for forecast,80804703|C816|A672|2026-01-04|net demand for forecast|013152
80804703,C816,A672,2026-01-04,6,net demand for forecast,80804703|C816|A672|2026-01-04|net demand for forecast|013153
80804703,C816,A672,2026-01-04,6,net demand for forecast,80804703|C816|A672|2026-01-04|net demand for forecast|013154
80804703,C816,A680,2026-01-04,1,net demand for forecast,80804703|C816|A680|2026-01-04|net demand for forecast|013168
80804703,C816,A680,2026-01-04,1,net demand for forecast,80804703|C816|A680|2026-01-04|net demand for forecast|013169
80804703,C816,A680,2026-01-04,1,net demand for forecast,80804703|C816|A680|2026-01-04|net demand for forecast|013170
80804703,C816,A680,2026-01-04,1,net demand for forecast,80804703|C816|A680|2026-01-04|net demand for forecast|013171
80804703,C816,A680,2026-01-04,1,net demand for forecast,80804703|C816|A680|2026-01-04|net demand for forecast|013172
80804703,C816,A680,2026-01-04,1,net demand for forecast,80804703|C816|A680|2026-01-04|net demand for forecast|013173
80804703,C816,A680,2026-01-04,1,net demand for forecast,80804703|C816|A680|2026-01-04|net demand for forecast|013174
80804703,C816,E564,2026-01-04,1,net demand for safety,80804703|C816|E564|2026-01-04|net demand for safety|013175
80804704,A673,C819,2026-01-04,2,net demand for forecast,80804704|A673|C819|2026-01-04|net demand for forecast|013176
80804704,A673,C819,2026-01-04,2,net demand for forecast,80804704|A673|C819|2026-01-04|net demand for forecast|013177
80804704,A673,C819,2026-01-04,2,net demand for forecast,80804704|A673|C819|2026-01-04|net demand for forecast|013178
80804704,A673,C819,2026-01-04,2,net demand for forecast,80804704|A673|C819|2026-01-04|net demand for forecast|013179
80804704,A673,C819,2026-01-04,2,net demand for forecast,80804704|A673|C819|2026-01-04|net demand for forecast|013180
80804704,A673,C819,2026-01-04,2,net demand for forecast,80804704|A673|C819|2026-01-04|net demand for forecast|013181
80807089,C810,D767,2026-01-04,2,net demand for safety,80807089|C810|D767|2026-01-04|net demand for safety|013184
80807089,C816,A668,2026-01-04,6,net demand for safety,80807089|C816|A668|2026-01-04|net demand for safety|013185
80807089,C816,E564,2026-01-04,3,net demand for safety,80807089|C816|E564|2026-01-04|net demand for safety|013187
80807092,C816,E569,2026-01-04,1,net demand for forecast,80807092|C816|E569|2026-01-04|net demand for forecast|013191
80807092,C816,E569,2026-01-04,1,net demand for forecast,80807092|C816|E569|2026-01-04|net demand for forecast|013192
80807092,C816,E569,2026-01-04,1,net demand for forecast,80807092|C816|E569|2026-01-04|net demand for forecast|013193
80807092,C816,E569,2026-01-04,1,net demand for forecast,80807092|C816|E569|2026-01-04|net demand for forecast|013194
80807092,C816,E569,2026-01-04,1,net demand for forecast,80807092|C816|E569|2026-01-04|net demand for forecast|013195
80807092,C816,E569,2026-01-04,1,net demand for forecast,80807092|C816|E569|2026-01-04|net demand for forecast|013196
80807092,C816,E569,2026-01-04,1,net demand for forecast,80807092|C816|E569|2026-01-04|net demand for forecast|013197
80807092,C816,E569,2026-01-04,15,net demand for safety,80807092|C816|E569|2026-01-04|net demand for safety|013198
80807093,A673,D901,2026-01-04,1,net demand for safety,80807093|A673|D901|2026-01-04|net demand for safety|013199
80807095,A673,D901,2026-01-04,17,net demand for safety,80807095|A673|D901|2026-01-04|net demand for safety|013200
80807095,C810,D767,2026-01-04,1,net demand for safety,80807095|C810|D767|2026-01-04|net demand for safety|013201
80807095,C816,E564,2026-01-04,11,net demand for safety,80807095|C816|E564|2026-01-04|net demand for safety|013202
80807095,C816,E569,2026-01-04,5,net demand for safety,80807095|C816|E569|2026-01-04|net demand for safety|013203
80807097,A673,D901,2026-01-04,6,net demand for safety,80807097|A673|D901|2026-01-04|net demand for safety|013205
80807102,C810,D767,2026-01-04,3,net demand for safety,80807102|C810|D767|2026-01-04|net demand for safety|013207
80807102,C816,E569,2026-01-04,6,net demand for safety,80807102|C816|E569|2026-01-04|net demand for safety|013208
80807105,C816,D191,2026-01-04,2,net demand for safety,80807105|C816|D191|2026-01-04|net demand for safety|013211
80807105,C816,E564,2026-01-04,1,net demand for safety,80807105|C816|E564|2026-01-04|net demand for safety|013212
80807105,C816,E569,2026-01-04,3,net demand for safety,80807105|C816|E569|2026-01-04|net demand for safety|013213
80807112,A673,D901,2026-01-04,21,net demand for safety,80807112|A673|D901|2026-01-04|net demand for safety|013216
80807112,C816,E564,2026-01-04,5,net demand for safety,80807112|C816|E564|2026-01-04|net demand for safety|013217
80807112,C816,E569,2026-01-04,4,net demand for safety,80807112|C816|E569|2026-01-04|net demand for safety|013218
80807113,C816,E564,2026-01-04,3,net demand for safety,80807113|C816|E564|2026-01-04|net demand for safety|013226
80807113,C816,E569,2026-01-04,4,net demand for safety,80807113|C816|E569|2026-01-04|net demand for safety|013227
80807115,0386,C810,2026-01-04,35,net demand for net demand for safety,80807115|0386|C810|2026-01-04|net demand for net demand for safety|013309
80807115,0386,C810,2026-01-04,68,net demand for net demand for safety,80807115|0386|C810|2026-01-04|net demand for net demand for safety|013310
80807115,0386,C810,2026-01-04,41,net demand for safety,80807115|0386|C810|2026-01-04|net demand for safety|013311
80807115,0386,C810,2026-01-04,11,push replenishment,80807115|0386|C810|2026-01-04|push replenishment|013312
80807118,A673,D901,2026-01-04,22,net demand for safety,80807118|A673|D901|2026-01-04|net demand for safety|013319
80807118,C816,E569,2026-01-04,3,net demand for safety,80807118|C816|E569|2026-01-04|net demand for safety|013320
80807120,C810,D767,2026-01-04,26,net demand for safety,80807120|C810|D767|2026-01-04|net demand for safety|013322
80807120,C816,C563,2026-01-04,2,net demand for safety,80807120|C816|C563|2026-01-04|net demand for safety|013323
80807120,C816,E564,2026-01-04,7,net demand for safety,80807120|C816|E564|2026-01-04|net demand for safety|013324
80807120,C816,E569,2026-01-04,3,net demand for safety,80807120|C816|E569|2026-01-04|net demand for safety|013325
80812099,A673,E564,2026-01-04,1,net demand for safety,80812099|A673|E564|2026-01-04|net demand for safety|013327
80812099,C816,E569,2026-01-04,1,net demand for safety,80812099|C816|E569|2026-01-04|net demand for safety|013328
80812839,C816,E564,2026-01-04,6,net demand for safety,80812839|C816|E564|2026-01-04|net demand for safety|013341
80812840,A672,E568,2026-01-04,1,net demand for forecast,80812840|A672|E568|2026-01-04|net demand for forecast|013348
80812840,A672,E568,2026-01-04,1,net demand for forecast,80812840|A672|E568|2026-01-04|net demand for forecast|013349
80812840,A672,E568,2026-01-04,1,net demand for forecast,80812840|A672|E568|2026-01-04|net demand for forecast|013350
80812840,A672,E568,2026-01-04,1,net demand for forecast,80812840|A672|E568|2026-01-04|net demand for forecast|013351
80812840,A672,E568,2026-01-04,1,net demand for forecast,80812840|A672|E568|2026-01-04|net demand for forecast|013352
80812840,A672,E568,2026-01-04,1,net demand for forecast,80812840|A672|E568|2026-01-04|net demand for forecast|013353
80812840,A672,E568,2026-01-04,1,net demand for forecast,80812840|A672|E568|2026-01-04|net demand for forecast|013354
80812840,A672,E568,2026-01-04,6,net demand for safety,80812840|A672|E568|2026-01-04|net demand for safety|013355
80812840,C810,D767,2026-01-04,1,net demand for forecast,80812840|C810|D767|2026-01-04|net demand for forecast|013356
80812840,C810,D767,2026-01-04,1,net demand for forecast,80812840|C810|D767|2026-01-04|net demand for forecast|013357
80812840,C810,D767,2026-01-04,1,net demand for forecast,80812840|C810|D767|2026-01-04|net demand for forecast|013358
80812840,C810,D767,2026-01-04,1,net demand for forecast,80812840|C810|D767|2026-01-04|net demand for forecast|013359
80812841,C816,E564,2026-01-04,1,net demand for forecast,80812841|C816|E564|2026-01-04|net demand for forecast|013368
80812841,C816,E564,2026-01-04,1,net demand for forecast,80812841|C816|E564|2026-01-04|net demand for forecast|013369
80812841,C816,E564,2026-01-04,1,net demand for forecast,80812841|C816|E564|2026-01-04|net demand for forecast|013370
80812841,C816,E564,2026-01-04,1,net demand for forecast,80812841|C816|E564|2026-01-04|net demand for forecast|013371
80812841,C816,E564,2026-01-04,1,net demand for forecast,80812841|C816|E564|2026-01-04|net demand for forecast|013372
80812841,C816,E564,2026-01-04,1,net demand for forecast,80812841|C816|E564|2026-01-04|net demand for forecast|013373
80812841,C816,E564,2026-01-04,2,net demand for forecast,80812841|C816|E564|2026-01-04|net demand for forecast|013374
80812841,C816,E569,2026-01-04,1,net demand for forecast,80812841|C816|E569|2026-01-04|net demand for forecast|013375
80812841,C816,E569,2026-01-04,1,net demand for forecast,80812841|C816|E569|2026-01-04|net demand for forecast|013376
80812841,C816,E569,2026-01-04,1,net demand for forecast,80812841|C816|E569|2026-01-04|net demand for forecast|013377
80812841,C816,E569,2026-01-04,2,net demand for forecast,80812841|C816|E569|2026-01-04|net demand for forecast|013378
80812841,C816,E569,2026-01-04,2,net demand for forecast,80812841|C816|E569|2026-01-04|net demand for forecast|013379
80812841,C816,E569,2026-01-04,2,net demand for forecast,80812841|C816|E569|2026-01-04|net demand for forecast|013380
80812841,C816,E569,2026-01-04,2,net demand for forecast,80812841|C816|E569|2026-01-04|net demand for forecast|013381
80812845,A673,D901,2026-01-04,13,net demand for safety,80812845|A673|D901|2026-01-04|net demand for safety|013382
80812845,C810,D767,2026-01-04,3,net demand for safety,80812845|C810|D767|2026-01-04|net demand for safety|013384
80812845,C810,E295,2026-01-04,5,net demand for safety,80812845|C810|E295|2026-01-04|net demand for safety|013385
80812845,C816,C563,2026-01-04,3,net demand for safety,80812845|C816|C563|2026-01-04|net demand for safety|013386
80812845,C816,E467,2026-01-04,2,net demand for safety,80812845|C816|E467|2026-01-04|net demand for safety|013387
80812846,C816,E564,2026-01-04,2,net demand for safety,80812846|C816|E564|2026-01-04|net demand for safety|013389
80812846,C816,E569,2026-01-04,2,net demand for safety,80812846|C816|E569|2026-01-04|net demand for safety|013390
80840976,A673,C819,2026-01-04,1,net demand for forecast,80840976|A673|C819|2026-01-04|net demand for forecast|013391
80840976,A673,C819,2026-01-04,1,net demand for forecast,80840976|A673|C819|2026-01-04|net demand for forecast|013392
80840976,A673,C819,2026-01-04,1,net demand for forecast,80840976|A673|C819|2026-01-04|net demand for forecast|013393
80840976,A673,C819,2026-01-04,1,net demand for forecast,80840976|A673|C819|2026-01-04|net demand for forecast|013394
80848023,C816,C937,2026-01-04,24,net demand for safety,80848023|C816|C937|2026-01-04|net demand for safety|013397
80848023,C816,D767,2026-01-04,22,net demand for safety,80848023|C816|D767|2026-01-04|net demand for safety|013398
80848023,C816,E569,2026-01-04,15,net demand for safety,80848023|C816|E569|2026-01-04|net demand for safety|013399
80848026,0386,C810,2026-01-04,2,net demand for net demand for safety,80848026|0386|C810|2026-01-04|net demand for net demand for safety|013522
80848026,0386,C810,2026-01-04,5,net demand for net demand for safety,80848026|0386|C810|2026-01-04|net demand for net demand for safety|013523
80848026,0386,C810,2026-01-04,18,net demand for net demand for safety,80848026|0386|C810|2026-01-04|net demand for net demand for safety|013524
80848026,0386,C810,2026-01-04,85,net demand for safety,80848026|0386|C810|2026-01-04|net demand for safety|013525
80848029,A673,D901,2026-01-04,20,net demand for normal,80848029|A673|D901|2026-01-04|net demand for normal|013530
80864469,C816,A672,2026-01-04,3,net demand for forecast,80864469|C816|A672|2026-01-04|net demand for forecast|013541
80864469,C816,A672,2026-01-04,3,net demand for forecast,80864469|C816|A672|2026-01-04|net demand for forecast|013542
80864469,C816,A672,2026-01-04,3,net demand for forecast,80864469|C816|A672|2026-01-04|net demand for forecast|013543
80864469,C816,A672,2026-01-04,4,net demand for forecast,80864469|C816|A672|2026-01-04|net demand for forecast|013544
80864469,C816,A672,2026-01-04,4,net demand for forecast,80864469|C816|A672|2026-01-04|net demand for forecast|013545
80864469,C816,A672,2026-01-04,4,net demand for forecast,80864469|C816|A672|2026-01-04|net demand for forecast|013546
80864469,C816,A672,2026-01-04,4,net demand for forecast,80864469|C816|A672|2026-01-04|net demand for forecast|013547
80864470,C816,C937,2026-01-04,1,net demand for forecast,80864470|C816|C937|2026-01-04|net demand for forecast|013553
80864470,C816,C937,2026-01-04,1,net demand for forecast,80864470|C816|C937|2026-01-04|net demand for forecast|013554
80864470,C816,C937,2026-01-04,1,net demand for forecast,80864470|C816|C937|2026-01-04|net demand for forecast|013555
80864470,C816,C937,2026-01-04,1,net demand for forecast,80864470|C816|C937|2026-01-04|net demand for forecast|013556
80864470,C816,C937,2026-01-04,1,net demand for forecast,80864470|C816|C937|2026-01-04|net demand for forecast|013557
80864470,C816,C937,2026-01-04,1,net demand for forecast,80864470|C816|C937|2026-01-04|net demand for forecast|013558
80884846,C816,A672,2026-01-04,1,net demand for forecast,80884846|C816|A672|2026-01-04|net demand for forecast|013559
80884846,C816,A672,2026-01-04,1,net demand for forecast,80884846|C816|A672|2026-01-04|net demand for forecast|013560
80884846,C816,A672,2026-01-04,1,net demand for forecast,80884846|C816|A672|2026-01-04|net demand for forecast|013561
80884846,C816,A672,2026-01-04,1,net demand for forecast,80884846|C816|A672|2026-01-04|net demand for forecast|013562
80884846,C816,A672,2026-01-04,1,net demand for forecast,80884846|C816|A672|2026-01-04|net demand for forecast|013563
80884846,C816,A672,2026-01-04,1,net demand for forecast,80884846|C816|A672|2026-01-04|net demand for forecast|013564
80884846,C816,A672,2026-01-04,1,net demand for forecast,80884846|C816|A672|2026-01-04|net demand for forecast|013565
80885920,C816,A680,2026-01-04,5,net demand for forecast,80885920|C816|A680|2026-01-04|net demand for forecast|013573
80885920,C816,A680,2026-01-04,5,net demand for forecast,80885920|C816|A680|2026-01-04|net demand for forecast|013574
80885920,C816,A680,2026-01-04,5,net demand for forecast,80885920|C816|A680|2026-01-04|net demand for forecast|013575
80885920,C816,A680,2026-01-04,5,net demand for forecast,80885920|C816|A680|2026-01-04|net demand for forecast|013576
80885920,C816,A680,2026-01-04,5,net demand for forecast,80885920|C816|A680|2026-01-04|net demand for forecast|013577
80885920,C816,A680,2026-01-04,6,net demand for forecast,80885920|C816|A680|2026-01-04|net demand for forecast|013578
80885920,C816,A680,2026-01-04,6,net demand for forecast,80885920|C816|A680|2026-01-04|net demand for forecast|013579
