material,sending,receiving,planned_deployment_date,deployed_qty,demand_element,ori_deployment_uid
21434946,A673,D901,2025-12-15,1,net demand for normal,21434946|A673|D901|2025-12-15|net demand for normal|000017
21447518,A672,A715,2025-12-20,2,net demand for normal,21447518|A672|A715|2025-12-20|net demand for normal|001080
80839736,A672,E556,2026-01-09,11,net demand for normal,80839736|A672|E556|2026-01-09|net demand for normal|020128
21029016,C816,D767,2026-01-10,1,net demand for forecast,21029016|C816|D767|2026-01-10|net demand for forecast|020432
21029016,C816,D767,2026-01-10,1,net demand for forecast,21029016|C816|D767|2026-01-10|net demand for forecast|020433
21029016,C816,D767,2026-01-10,1,net demand for forecast,21029016|C816|D767|2026-01-10|net demand for forecast|020434
21029016,C816,D767,2026-01-10,1,net demand for forecast,21029016|C816|D767|2026-01-10|net demand for forecast|020435
80839736,A672,E556,2026-01-10,59,net demand for normal,80839736|A672|E556|2026-01-10|net demand for normal|021564
80839736,A672,E556,2026-01-11,9,net demand for normal,80839736|A672|E556|2026-01-11|net demand for normal|023408
80804699,A673,E556,2026-01-20,1,net demand for forecast,80804699|A673|E556|2026-01-20|net demand for forecast|035422
80812839,A673,E556,2026-01-20,1,net demand for safety,80812839|A673|E556|2026-01-20|net demand for safety|035887
80804699,A673,E556,2026-01-21,1,net demand for forecast,80804699|A673|E556|2026-01-21|net demand for forecast|036632
80804699,A673,E556,2026-01-21,1,net demand for forecast,80804699|A673|E556|2026-01-21|net demand for forecast|036633
21103372,A673,E556,2026-01-22,3,net demand for safety,21103372|A673|E556|2026-01-22|net demand for safety|037179
21170683,A673,E556,2026-01-22,2,net demand for safety,21170683|A673|E556|2026-01-22|net demand for safety|037382
80804699,A673,E556,2026-01-22,1,net demand for forecast,80804699|A673|E556|2026-01-22|net demand for forecast|037582
80804699,A673,E556,2026-01-22,1,net demand for forecast,80804699|A673|E556|2026-01-22|net demand for forecast|037583
21165946,A673,E556,2026-01-23,3,net demand for safety,21165946|A673|E556|2026-01-23|net demand for safety|038343
21165946,C816,E467,2026-01-23,3,net demand for safety,21165946|C816|E467|2026-01-23|net demand for safety|038345
21170683,A673,E556,2026-01-23,2,net demand for safety,21170683|A673|E556|2026-01-23|net demand for safety|038348
80804698,A673,E556,2026-01-23,1,net demand for forecast,80804698|A673|E556|2026-01-23|net demand for forecast|038655
80804698,A673,E556,2026-01-23,1,net demand for forecast,80804698|A673|E556|2026-01-23|net demand for forecast|038656
80804698,A673,E556,2026-01-23,1,net demand for forecast,80804698|A673|E556|2026-01-23|net demand for forecast|038657
80804698,A673,E556,2026-01-23,1,net demand for forecast,80804698|A673|E556|2026-01-23|net demand for forecast|038658
80804705,A672,E568,2026-01-23,2,net demand for normal,80804705|A672|E568|2026-01-23|net demand for normal|038783
80812845,C816,E467,2026-01-23,2,net demand for forecast,80812845|C816|E467|2026-01-23|net demand for forecast|039005
80812845,C816,E467,2026-01-23,2,net demand for forecast,80812845|C816|E467|2026-01-23|net demand for forecast|039006
80812845,C816,E467,2026-01-23,2,net demand for forecast,80812845|C816|E467|2026-01-23|net demand for forecast|039007
80812845,C816,E467,2026-01-23,2,net demand for forecast,80812845|C816|E467|2026-01-23|net demand for forecast|039008
80812845,C816,E467,2026-01-23,2,net demand for forecast,80812845|C816|E467|2026-01-23|net demand for forecast|039009
80812845,C816,E467,2026-01-23,2,net demand for normal,80812845|C816|E467|2026-01-23|net demand for normal|039010
80812845,C816,E467,2026-01-23,9,net demand for safety,80812845|C816|E467|2026-01-23|net demand for safety|039011
21098519,A673,E556,2026-01-24,11,net demand for safety,21098519|A673|E556|2026-01-24|net demand for safety|039184
21132988,A673,E556,2026-01-24,1,net demand for safety,21132988|A673|E556|2026-01-24|net demand for safety|039322
21165946,A673,E556,2026-01-24,1,net demand for safety,21165946|A673|E556|2026-01-24|net demand for safety|039469
21165946,C816,E467,2026-01-24,2,net demand for safety,21165946|C816|E467|2026-01-24|net demand for safety|039471
21170683,A673,E556,2026-01-24,2,net demand for safety,21170683|A673|E556|2026-01-24|net demand for safety|039474
21170683,C816,E467,2026-01-24,1,net demand for safety,21170683|C816|E467|2026-01-24|net demand for safety|039475
80804134,C816,E467,2026-01-24,1,net demand for forecast,80804134|C816|E467|2026-01-24|net demand for forecast|039620
80804134,C816,E467,2026-01-24,1,net demand for forecast,80804134|C816|E467|2026-01-24|net demand for forecast|039621
80804134,C816,E467,2026-01-24,1,net demand for forecast,80804134|C816|E467|2026-01-24|net demand for forecast|039622
80804134,C816,E467,2026-01-24,1,net demand for forecast,80804134|C816|E467|2026-01-24|net demand for forecast|039623
80804134,C816,E467,2026-01-24,1,net demand for forecast,80804134|C816|E467|2026-01-24|net demand for forecast|039624
80804134,C816,E467,2026-01-24,1,net demand for normal,80804134|C816|E467|2026-01-24|net demand for normal|039625
80804134,C816,E467,2026-01-24,1,net demand for safety,80804134|C816|E467|2026-01-24|net demand for safety|039626
80804705,A672,E568,2026-01-24,1,net demand for normal,80804705|A672|E568|2026-01-24|net demand for normal|039748
80804705,C816,E467,2026-01-24,1,net demand for forecast,80804705|C816|E467|2026-01-24|net demand for forecast|039776
80804705,C816,E467,2026-01-24,1,net demand for forecast,80804705|C816|E467|2026-01-24|net demand for forecast|039777
80804705,C816,E467,2026-01-24,1,net demand for forecast,80804705|C816|E467|2026-01-24|net demand for forecast|039778
80804705,C816,E467,2026-01-24,1,net demand for forecast,80804705|C816|E467|2026-01-24|net demand for forecast|039779
80804705,C816,E467,2026-01-24,6,net demand for safety,80804705|C816|E467|2026-01-24|net demand for safety|039780
80805856,A672,E568,2026-01-24,1,net demand for normal,80805856|A672|E568|2026-01-24|net demand for normal|039786
80807116,A672,E568,2026-01-24,1,net demand for forecast,80807116|A672|E568|2026-01-24|net demand for forecast|039955
80807116,A672,E568,2026-01-24,1,net demand for forecast,80807116|A672|E568|2026-01-24|net demand for forecast|039956
80807116,A672,E568,2026-01-24,1,net demand for forecast,80807116|A672|E568|2026-01-24|net demand for forecast|039957
80807116,A672,E568,2026-01-24,1,net demand for forecast,80807116|A672|E568|2026-01-24|net demand for forecast|039958
80807116,A672,E568,2026-01-24,1,net demand for normal,80807116|A672|E568|2026-01-24|net demand for normal|039959
21098519,A673,E556,2026-01-25,6,net demand for safety,21098519|A673|E556|2026-01-25|net demand for safety|040516
21128067,A672,E568,2026-01-25,2,net demand for safety,21128067|A672|E568|2026-01-25|net demand for safety|040555
21148509,A673,E556,2026-01-25,1,net demand for safety,21148509|A673|E556|2026-01-25|net demand for safety|040648
21165946,A673,E556,2026-01-25,1,net demand for safety,21165946|A673|E556|2026-01-25|net demand for safety|040674
21165946,C816,E467,2026-01-25,3,net demand for safety,21165946|C816|E467|2026-01-25|net demand for safety|040675
21170683,C816,E467,2026-01-25,1,net demand for safety,21170683|C816|E467|2026-01-25|net demand for safety|040685
80804705,C816,E467,2026-01-25,1,net demand for forecast,80804705|C816|E467|2026-01-25|net demand for forecast|041161
80804705,C816,E467,2026-01-25,1,net demand for forecast,80804705|C816|E467|2026-01-25|net demand for forecast|041162
80804705,C816,E467,2026-01-25,1,net demand for forecast,80804705|C816|E467|2026-01-25|net demand for forecast|041163
80804705,C816,E467,2026-01-25,1,net demand for forecast,80804705|C816|E467|2026-01-25|net demand for forecast|041164
80804705,C816,E467,2026-01-25,1,net demand for forecast,80804705|C816|E467|2026-01-25|net demand for forecast|041165
80804705,C816,E467,2026-01-25,2,net demand for safety,80804705|C816|E467|2026-01-25|net demand for safety|041166
80805856,A672,E568,2026-01-25,1,net demand for normal,80805856|A672|E568|2026-01-25|net demand for normal|041172
21098519,A673,E556,2026-01-26,1,net demand for safety,21098519|A673|E556|2026-01-26|net demand for safety|041766
21148509,A673,E556,2026-01-26,8,net demand for safety,21148509|A673|E556|2026-01-26|net demand for safety|041914
21165946,A673,E556,2026-01-26,1,net demand for safety,21165946|A673|E556|2026-01-26|net demand for safety|041990
21165946,C816,E467,2026-01-26,2,net demand for safety,21165946|C816|E467|2026-01-26|net demand for safety|041991
21315350,A672,E568,2026-01-26,1,net demand for safety,21315350|A672|E568|2026-01-26|net demand for safety|042037
21325292,A672,E568,2026-01-26,4,net demand for safety,21325292|A672|E568|2026-01-26|net demand for safety|042062
80804701,A673,E556,2026-01-26,1,net demand for forecast,80804701|A673|E556|2026-01-26|net demand for forecast|042258
80804701,A673,E556,2026-01-26,1,net demand for forecast,80804701|A673|E556|2026-01-26|net demand for forecast|042259
80804701,A673,E556,2026-01-26,1,net demand for forecast,80804701|A673|E556|2026-01-26|net demand for forecast|042260
80804704,A672,E568,2026-01-26,1,net demand for normal,80804704|A672|E568|2026-01-26|net demand for normal|042296
80804705,A672,E568,2026-01-26,1,net demand for normal,80804705|A672|E568|2026-01-26|net demand for normal|042339
80807095,A672,E568,2026-01-26,1,net demand for forecast,80807095|A672|E568|2026-01-26|net demand for forecast|042410
80807095,A672,E568,2026-01-26,1,net demand for forecast,80807095|A672|E568|2026-01-26|net demand for forecast|042411
80807095,A672,E568,2026-01-26,1,net demand for forecast,80807095|A672|E568|2026-01-26|net demand for forecast|042412
80807095,A672,E568,2026-01-26,1,net demand for forecast,80807095|A672|E568|2026-01-26|net demand for forecast|042413
80807095,A672,E568,2026-01-26,1,net demand for forecast,80807095|A672|E568|2026-01-26|net demand for forecast|042414
80807095,A672,E568,2026-01-26,1,net demand for forecast,80807095|A672|E568|2026-01-26|net demand for forecast|042415
80807095,A672,E568,2026-01-26,1,net demand for normal,80807095|A672|E568|2026-01-26|net demand for normal|042416
80812839,A673,E556,2026-01-26,1,net demand for safety,80812839|A673|E556|2026-01-26|net demand for safety|042639
80812840,A672,E568,2026-01-26,2,net demand for safety,80812840|A672|E568|2026-01-26|net demand for safety|042647
80848028,A672,E568,2026-01-26,1,net demand for forecast,80848028|A672|E568|2026-01-26|net demand for forecast|042739
80848028,A672,E568,2026-01-26,1,net demand for forecast,80848028|A672|E568|2026-01-26|net demand for forecast|042740
80848028,A672,E568,2026-01-26,1,net demand for forecast,80848028|A672|E568|2026-01-26|net demand for forecast|042741
80848028,A672,E568,2026-01-26,1,net demand for forecast,80848028|A672|E568|2026-01-26|net demand for forecast|042742
80848028,A672,E568,2026-01-26,1,net demand for forecast,80848028|A672|E568|2026-01-26|net demand for forecast|042743
80848028,A672,E568,2026-01-26,1,net demand for forecast,80848028|A672|E568|2026-01-26|net demand for forecast|042744
80848028,A672,E568,2026-01-26,1,net demand for forecast,80848028|A672|E568|2026-01-26|net demand for forecast|042745
80848028,A672,E568,2026-01-26,1,net demand for normal,80848028|A672|E568|2026-01-26|net demand for normal|042746
21098519,A673,E556,2026-01-27,3,net demand for safety,21098519|A673|E556|2026-01-27|net demand for safety|042831
21128067,A672,E568,2026-01-27,1,net demand for safety,21128067|A672|E568|2026-01-27|net demand for safety|042883
21128067,A673,C819,2026-01-27,1,net demand for safety,21128067|A673|C819|2026-01-27|net demand for safety|042884
21141769,A673,E556,2026-01-27,3,net demand for safety,21141769|A673|E556|2026-01-27|net demand for safety|042945
21165946,A673,E556,2026-01-27,1,net demand for safety,21165946|A673|E556|2026-01-27|net demand for safety|042986
21315474,A672,E568,2026-01-27,1,net demand for forecast,21315474|A672|E568|2026-01-27|net demand for forecast|043062
21315474,A672,E568,2026-01-27,1,net demand for forecast,21315474|A672|E568|2026-01-27|net demand for forecast|043063
21315474,A672,E568,2026-01-27,1,net demand for forecast,21315474|A672|E568|2026-01-27|net demand for forecast|043064
21315474,A672,E568,2026-01-27,1,net demand for forecast,21315474|A672|E568|2026-01-27|net demand for forecast|043065
21315474,A672,E568,2026-01-27,1,net demand for forecast,21315474|A672|E568|2026-01-27|net demand for forecast|043066
21315474,A672,E568,2026-01-27,1,net demand for forecast,21315474|A672|E568|2026-01-27|net demand for forecast|043067
80804133,C816,E467,2026-01-27,4,net demand for safety,80804133|C816|E467|2026-01-27|net demand for safety|043234
80804701,A673,E556,2026-01-27,1,net demand for forecast,80804701|A673|E556|2026-01-27|net demand for forecast|043337
80804701,A673,E556,2026-01-27,1,net demand for forecast,80804701|A673|E556|2026-01-27|net demand for forecast|043338
80804701,A673,E556,2026-01-27,1,net demand for forecast,80804701|A673|E556|2026-01-27|net demand for forecast|043339
80804704,A673,C819,2026-01-27,1,net demand for forecast,80804704|A673|C819|2026-01-27|net demand for forecast|043384
80804704,A673,C819,2026-01-27,1,net demand for forecast,80804704|A673|C819|2026-01-27|net demand for forecast|043385
80804704,A673,C819,2026-01-27,1,net demand for forecast,80804704|A673|C819|2026-01-27|net demand for forecast|043386
80804704,A673,C819,2026-01-27,1,net demand for forecast,80804704|A673|C819|2026-01-27|net demand for forecast|043387
80804704,A673,C819,2026-01-27,1,net demand for forecast,80804704|A673|C819|2026-01-27|net demand for forecast|043388
80804704,A673,C819,2026-01-27,1,net demand for forecast,80804704|A673|C819|2026-01-27|net demand for forecast|043389
80807095,A672,E568,2026-01-27,1,net demand for forecast,80807095|A672|E568|2026-01-27|net demand for forecast|043618
80807095,A672,E568,2026-01-27,1,net demand for forecast,80807095|A672|E568|2026-01-27|net demand for forecast|043619
80807095,A672,E568,2026-01-27,1,net demand for forecast,80807095|A672|E568|2026-01-27|net demand for forecast|043620
80807095,A672,E568,2026-01-27,1,net demand for forecast,80807095|A672|E568|2026-01-27|net demand for forecast|043621
80807095,A672,E568,2026-01-27,1,net demand for forecast,80807095|A672|E568|2026-01-27|net demand for forecast|043622
80807095,A672,E568,2026-01-27,1,net demand for forecast,80807095|A672|E568|2026-01-27|net demand for forecast|043623
80807095,A672,E568,2026-01-27,1,net demand for normal,80807095|A672|E568|2026-01-27|net demand for normal|043624
80812845,C816,E467,2026-01-27,1,net demand for safety,80812845|C816|E467|2026-01-27|net demand for safety|043971
80848021,A673,C819,2026-01-27,1,net demand for AO,80848021|A673|C819|2026-01-27|net demand for AO|043985
80848021,A673,C819,2026-01-27,1,net demand for AO,80848021|A673|C819|2026-01-27|net demand for AO|043986
80848021,A673,C819,2026-01-27,1,net demand for AO,80848021|A673|C819|2026-01-27|net demand for AO|043987
80848021,A673,C819,2026-01-27,1,net demand for forecast,80848021|A673|C819|2026-01-27|net demand for forecast|043988
80848021,A673,C819,2026-01-27,1,net demand for forecast,80848021|A673|C819|2026-01-27|net demand for forecast|043989
80848021,A673,C819,2026-01-27,1,net demand for forecast,80848021|A673|C819|2026-01-27|net demand for forecast|043990
80848023,C816,C937,2026-01-27,1,net demand for forecast,80848023|C816|C937|2026-01-27|net demand for forecast|044007
80848023,C816,C937,2026-01-27,1,net demand for forecast,80848023|C816|C937|2026-01-27|net demand for forecast|044008
80848023,C816,C937,2026-01-27,1,net demand for forecast,80848023|C816|C937|2026-01-27|net demand for forecast|044009
80848023,C816,C937,2026-01-27,1,net demand for forecast,80848023|C816|C937|2026-01-27|net demand for forecast|044010
80848023,C816,C937,2026-01-27,1,net demand for forecast,80848023|C816|C937|2026-01-27|net demand for forecast|044011
80848023,C816,C937,2026-01-27,1,net demand for forecast,80848023|C816|C937|2026-01-27|net demand for forecast|044012
80848023,C816,C937,2026-01-27,1,net demand for normal,80848023|C816|C937|2026-01-27|net demand for normal|044013
80848025,A672,E568,2026-01-27,1,net demand for forecast,80848025|A672|E568|2026-01-27|net demand for forecast|044015
80848025,A672,E568,2026-01-27,1,net demand for forecast,80848025|A672|E568|2026-01-27|net demand for forecast|044016
80848025,A672,E568,2026-01-27,1,net demand for forecast,80848025|A672|E568|2026-01-27|net demand for forecast|044017
80848025,A672,E568,2026-01-27,1,net demand for forecast,80848025|A672|E568|2026-01-27|net demand for forecast|044018
80848025,A672,E568,2026-01-27,1,net demand for forecast,80848025|A672|E568|2026-01-27|net demand for forecast|044019
80848025,A672,E568,2026-01-27,3,net demand for safety,80848025|A672|E568|2026-01-27|net demand for safety|044020
21098519,A673,E556,2026-01-28,3,net demand for safety,21098519|A673|E556|2026-01-28|net demand for safety|044234
21128067,A672,E568,2026-01-28,2,net demand for safety,21128067|A672|E568|2026-01-28|net demand for safety|044261
21128067,A673,C819,2026-01-28,2,net demand for safety,21128067|A673|C819|2026-01-28|net demand for safety|044262
21143102,C816,D191,2026-01-28,1,net demand for forecast,21143102|C816|D191|2026-01-28|net demand for forecast|044313
21143102,C816,D191,2026-01-28,1,net demand for forecast,21143102|C816|D191|2026-01-28|net demand for forecast|044314
21143102,C816,D191,2026-01-28,1,net demand for forecast,21143102|C816|D191|2026-01-28|net demand for forecast|044315
21143102,C816,D191,2026-01-28,1,net demand for forecast,21143102|C816|D191|2026-01-28|net demand for forecast|044316
21143102,C816,D191,2026-01-28,3,net demand for safety,21143102|C816|D191|2026-01-28|net demand for safety|044317
21148509,A672,E568,2026-01-28,1,net demand for safety,21148509|A672|E568|2026-01-28|net demand for safety|044337
21151196,C816,D191,2026-01-28,1,net demand for safety,21151196|C816|D191|2026-01-28|net demand for safety|044350
21165946,A673,E556,2026-01-28,1,net demand for forecast,21165946|A673|E556|2026-01-28|net demand for forecast|044353
21165946,A673,E556,2026-01-28,1,net demand for forecast,21165946|A673|E556|2026-01-28|net demand for forecast|044354
21165946,A673,E556,2026-01-28,1,net demand for forecast,21165946|A673|E556|2026-01-28|net demand for forecast|044355
21165946,A673,E556,2026-01-28,1,net demand for forecast,21165946|A673|E556|2026-01-28|net demand for forecast|044356
21165946,A673,E556,2026-01-28,1,net demand for forecast,21165946|A673|E556|2026-01-28|net demand for forecast|044357
21165946,A673,E556,2026-01-28,1,net demand for forecast,21165946|A673|E556|2026-01-28|net demand for forecast|044358
21165946,A673,E556,2026-01-28,1,net demand for forecast,21165946|A673|E556|2026-01-28|net demand for forecast|044359
21165946,A673,E556,2026-01-28,4,net demand for safety,21165946|A673|E556|2026-01-28|net demand for safety|044360
21165946,C816,E467,2026-01-28,3,net demand for safety,21165946|C816|E467|2026-01-28|net demand for safety|044361
21170683,C816,E467,2026-01-28,1,net demand for safety,21170683|C816|E467|2026-01-28|net demand for safety|044363
21315474,A672,E568,2026-01-28,1,net demand for forecast,21315474|A672|E568|2026-01-28|net demand for forecast|044432
21315474,A672,E568,2026-01-28,1,net demand for forecast,21315474|A672|E568|2026-01-28|net demand for forecast|044433
21315474,A672,E568,2026-01-28,1,net demand for forecast,21315474|A672|E568|2026-01-28|net demand for forecast|044434
21315474,A672,E568,2026-01-28,1,net demand for forecast,21315474|A672|E568|2026-01-28|net demand for forecast|044435
21315474,A672,E568,2026-01-28,1,net demand for forecast,21315474|A672|E568|2026-01-28|net demand for forecast|044436
21315474,A672,E568,2026-01-28,1,net demand for forecast,21315474|A672|E568|2026-01-28|net demand for forecast|044437
21434952,C816,C937,2026-01-28,1,net demand for safety,21434952|C816|C937|2026-01-28|net demand for safety|044472
80793615,C816,C937,2026-01-28,1,net demand for safety,80793615|C816|C937|2026-01-28|net demand for safety|044513
80804133,C816,E467,2026-01-28,1,net demand for safety,80804133|C816|E467|2026-01-28|net demand for safety|044539
80804134,C816,D191,2026-01-28,1,net demand for forecast,80804134|C816|D191|2026-01-28|net demand for forecast|044548
80804134,C816,D191,2026-01-28,1,net demand for forecast,80804134|C816|D191|2026-01-28|net demand for forecast|044549
80804134,C816,D191,2026-01-28,1,net demand for forecast,80804134|C816|D191|2026-01-28|net demand for forecast|044550
80804134,C816,D191,2026-01-28,1,net demand for forecast,80804134|C816|D191|2026-01-28|net demand for forecast|044551
80804699,A673,E556,2026-01-28,1,net demand for forecast,80804699|A673|E556|2026-01-28|net demand for forecast|044612
80804699,A673,E556,2026-01-28,1,net demand for forecast,80804699|A673|E556|2026-01-28|net demand for forecast|044613
80804701,A673,E556,2026-01-28,1,net demand for forecast,80804701|A673|E556|2026-01-28|net demand for forecast|044615
80804701,A673,E556,2026-01-28,1,net demand for forecast,80804701|A673|E556|2026-01-28|net demand for forecast|044616
80804701,A673,E556,2026-01-28,1,net demand for forecast,80804701|A673|E556|2026-01-28|net demand for forecast|044617
80804704,A673,C819,2026-01-28,1,net demand for forecast,80804704|A673|C819|2026-01-28|net demand for forecast|044665
80804704,A673,C819,2026-01-28,1,net demand for forecast,80804704|A673|C819|2026-01-28|net demand for forecast|044666
80804704,A673,C819,2026-01-28,1,net demand for forecast,80804704|A673|C819|2026-01-28|net demand for forecast|044667
80804704,A673,C819,2026-01-28,1,net demand for forecast,80804704|A673|C819|2026-01-28|net demand for forecast|044668
80804704,A673,C819,2026-01-28,1,net demand for forecast,80804704|A673|C819|2026-01-28|net demand for forecast|044669
80804704,A673,C819,2026-01-28,1,net demand for forecast,80804704|A673|C819|2026-01-28|net demand for forecast|044670
80807116,C816,D191,2026-01-28,3,net demand for forecast,80807116|C816|D191|2026-01-28|net demand for forecast|044841
80807116,C816,D191,2026-01-28,3,net demand for forecast,80807116|C816|D191|2026-01-28|net demand for forecast|044842
80807116,C816,D191,2026-01-28,3,net demand for forecast,80807116|C816|D191|2026-01-28|net demand for forecast|044843
80807116,C816,D191,2026-01-28,3,net demand for forecast,80807116|C816|D191|2026-01-28|net demand for forecast|044844
80807116,C816,D191,2026-01-28,12,net demand for safety,80807116|C816|D191|2026-01-28|net demand for safety|044845
80812099,C816,C937,2026-01-28,1,net demand for forecast,80812099|C816|C937|2026-01-28|net demand for forecast|044872
80812099,C816,C937,2026-01-28,1,net demand for forecast,80812099|C816|C937|2026-01-28|net demand for forecast|044873
80812099,C816,C937,2026-01-28,1,net demand for safety,80812099|C816|C937|2026-01-28|net demand for safety|044874
80812840,A672,E568,2026-01-28,1,net demand for safety,80812840|A672|E568|2026-01-28|net demand for safety|044893
80812845,C816,D191,2026-01-28,1,net demand for AO,80812845|C816|D191|2026-01-28|net demand for AO|044930
80812845,C816,D191,2026-01-28,1,net demand for AO,80812845|C816|D191|2026-01-28|net demand for AO|044931
80812845,C816,D191,2026-01-28,1,net demand for AO,80812845|C816|D191|2026-01-28|net demand for AO|044932
80812845,C816,D191,2026-01-28,1,net demand for forecast,80812845|C816|D191|2026-01-28|net demand for forecast|044933
80812845,C816,D191,2026-01-28,1,net demand for forecast,80812845|C816|D191|2026-01-28|net demand for forecast|044934
80812845,C816,D191,2026-01-28,1,net demand for forecast,80812845|C816|D191|2026-01-28|net demand for forecast|044935
80848029,A672,E568,2026-01-28,1,net demand for safety,80848029|A672|E568|2026-01-28|net demand for safety|045075
80848029,C816,E467,2026-01-28,1,net demand for safety,80848029|C816|E467|2026-01-28|net demand for safety|045076
80851898,A672,E568,2026-01-28,1,net demand for safety,80851898|A672|E568|2026-01-28|net demand for safety|045078
80864469,A672,E568,2026-01-28,1,net demand for forecast,80864469|A672|E568|2026-01-28|net demand for forecast|045080
80864469,A672,E568,2026-01-28,1,net demand for forecast,80864469|A672|E568|2026-01-28|net demand for forecast|045081
80864469,A672,E568,2026-01-28,1,net demand for forecast,80864469|A672|E568|2026-01-28|net demand for forecast|045082
80864470,A672,E568,2026-01-28,3,net demand for safety,80864470|A672|E568|2026-01-28|net demand for safety|045095
80864470,C816,E467,2026-01-28,1,net demand for safety,80864470|C816|E467|2026-01-28|net demand for safety|045097
21098519,A673,E556,2026-01-29,1,net demand for forecast,21098519|A673|E556|2026-01-29|net demand for forecast|045159
21098519,A673,E556,2026-01-29,1,net demand for forecast,21098519|A673|E556|2026-01-29|net demand for forecast|045160
21098519,A673,E556,2026-01-29,1,net demand for forecast,21098519|A673|E556|2026-01-29|net demand for forecast|045161
21098519,A673,E556,2026-01-29,1,net demand for forecast,21098519|A673|E556|2026-01-29|net demand for forecast|045162
21098519,A673,E556,2026-01-29,1,net demand for forecast,21098519|A673|E556|2026-01-29|net demand for forecast|045163
21098519,A673,E556,2026-01-29,1,net demand for forecast,21098519|A673|E556|2026-01-29|net demand for forecast|045164
21098519,A673,E556,2026-01-29,1,net demand for forecast,21098519|A673|E556|2026-01-29|net demand for forecast|045165
21098519,A673,E556,2026-01-29,6,net demand for safety,21098519|A673|E556|2026-01-29|net demand for safety|045166
21103372,A673,E556,2026-01-29,30,net demand for safety,21103372|A673|E556|2026-01-29|net demand for safety|045184
21128067,A673,C819,2026-01-29,3,net demand for safety,21128067|A673|C819|2026-01-29|net demand for safety|045217
21137866,A672,E568,2026-01-29,1,net demand for forecast,21137866|A672|E568|2026-01-29|net demand for forecast|045426
21137866,A672,E568,2026-01-29,1,net demand for forecast,21137866|A672|E568|2026-01-29|net demand for forecast|045427
21137866,A672,E568,2026-01-29,1,net demand for forecast,21137866|A672|E568|2026-01-29|net demand for forecast|045428
21137866,A672,E568,2026-01-29,1,net demand for forecast,21137866|A672|E568|2026-01-29|net demand for forecast|045429
21137866,A672,E568,2026-01-29,1,net demand for forecast,21137866|A672|E568|2026-01-29|net demand for forecast|045430
21137866,A672,E568,2026-01-29,1,net demand for forecast,21137866|A672|E568|2026-01-29|net demand for forecast|045431
21137866,A672,E568,2026-01-29,1,net demand for forecast,21137866|A672|E568|2026-01-29|net demand for forecast|045432
21148509,A672,E568,2026-01-29,2,net demand for safety,21148509|A672|E568|2026-01-29|net demand for safety|045553
21148509,A673,E556,2026-01-29,1,net demand for forecast,21148509|A673|E556|2026-01-29|net demand for forecast|045554
21148509,A673,E556,2026-01-29,1,net demand for forecast,21148509|A673|E556|2026-01-29|net demand for forecast|045555
21148509,A673,E556,2026-01-29,1,net demand for forecast,21148509|A673|E556|2026-01-29|net demand for forecast|045556
21148509,A673,E556,2026-01-29,1,net demand for forecast,21148509|A673|E556|2026-01-29|net demand for forecast|045557
21148509,A673,E556,2026-01-29,1,net demand for forecast,21148509|A673|E556|2026-01-29|net demand for forecast|045558
21148509,A673,E556,2026-01-29,1,net demand for forecast,21148509|A673|E556|2026-01-29|net demand for forecast|045559
21148509,A673,E556,2026-01-29,1,net demand for forecast,21148509|A673|E556|2026-01-29|net demand for forecast|045560
21155895,A673,E556,2026-01-29,1,net demand for safety,21155895|A673|E556|2026-01-29|net demand for safety|045575
21165946,C816,E467,2026-01-29,3,net demand for safety,21165946|C816|E467|2026-01-29|net demand for safety|045582
21170683,A673,E556,2026-01-29,1,net demand for forecast,21170683|A673|E556|2026-01-29|net demand for forecast|045583
21170683,A673,E556,2026-01-29,1,net demand for forecast,21170683|A673|E556|2026-01-29|net demand for forecast|045584
21170683,A673,E556,2026-01-29,1,net demand for forecast,21170683|A673|E556|2026-01-29|net demand for forecast|045585
21170683,A673,E556,2026-01-29,1,net demand for forecast,21170683|A673|E556|2026-01-29|net demand for forecast|045586
21170683,A673,E556,2026-01-29,1,net demand for forecast,21170683|A673|E556|2026-01-29|net demand for forecast|045587
21170683,A673,E556,2026-01-29,1,net demand for forecast,21170683|A673|E556|2026-01-29|net demand for forecast|045588
21170683,A673,E556,2026-01-29,1,net demand for forecast,21170683|A673|E556|2026-01-29|net demand for forecast|045589
21314602,C816,C937,2026-01-29,1,net demand for forecast,21314602|C816|C937|2026-01-29|net demand for forecast|045628
21314602,C816,C937,2026-01-29,1,net demand for forecast,21314602|C816|C937|2026-01-29|net demand for forecast|045629
21314602,C816,C937,2026-01-29,1,net demand for forecast,21314602|C816|C937|2026-01-29|net demand for forecast|045630
21314602,C816,C937,2026-01-29,1,net demand for normal,21314602|C816|C937|2026-01-29|net demand for normal|045631
21314602,C816,C937,2026-01-29,1,net demand for safety,21314602|C816|C937|2026-01-29|net demand for safety|045632
21315474,A672,E568,2026-01-29,1,net demand for forecast,21315474|A672|E568|2026-01-29|net demand for forecast|045653
21315474,A672,E568,2026-01-29,1,net demand for forecast,21315474|A672|E568|2026-01-29|net demand for forecast|045654
21315474,A672,E568,2026-01-29,1,net demand for forecast,21315474|A672|E568|2026-01-29|net demand for forecast|045655
21315474,A672,E568,2026-01-29,1,net demand for forecast,21315474|A672|E568|2026-01-29|net demand for forecast|045656
21315474,A672,E568,2026-01-29,1,net demand for forecast,21315474|A672|E568|2026-01-29|net demand for forecast|045657
21315474,A672,E568,2026-01-29,1,net demand for forecast,21315474|A672|E568|2026-01-29|net demand for forecast|045658
21352461,C816,C810,2026-01-29,1,net demand for forecast,21352461|C816|C810|2026-01-29|net demand for forecast|045684
21352461,C816,C810,2026-01-29,1,net demand for forecast,21352461|C816|C810|2026-01-29|net demand for forecast|045685
21352461,C816,C810,2026-01-29,1,net demand for forecast,21352461|C816|C810|2026-01-29|net demand for forecast|045686
21352461,C816,C810,2026-01-29,1,net demand for normal,21352461|C816|C810|2026-01-29|net demand for normal|045687
21357275,C816,C810,2026-01-29,1,net demand for safety,21357275|C816|C810|2026-01-29|net demand for safety|045690
80793615,C816,C937,2026-01-29,1,net demand for forecast,80793615|C816|C937|2026-01-29|net demand for forecast|045765
80793615,C816,C937,2026-01-29,1,net demand for forecast,80793615|C816|C937|2026-01-29|net demand for forecast|045766
80793615,C816,C937,2026-01-29,2,net demand for safety,80793615|C816|C937|2026-01-29|net demand for safety|045767
80804133,C816,E467,2026-01-29,4,net demand for safety,80804133|C816|E467|2026-01-29|net demand for safety|045825
80804704,A673,C819,2026-01-29,1,net demand for forecast,80804704|A673|C819|2026-01-29|net demand for forecast|045970
80804704,A673,C819,2026-01-29,1,net demand for forecast,80804704|A673|C819|2026-01-29|net demand for forecast|045971
80804704,A673,C819,2026-01-29,2,net demand for forecast,80804704|A673|C819|2026-01-29|net demand for forecast|045972
80804704,A673,C819,2026-01-29,2,net demand for forecast,80804704|A673|C819|2026-01-29|net demand for forecast|045973
80804704,A673,C819,2026-01-29,2,net demand for forecast,80804704|A673|C819|2026-01-29|net demand for forecast|045974
80804704,A673,C819,2026-01-29,2,net demand for forecast,80804704|A673|C819|2026-01-29|net demand for forecast|045975
80807110,A672,E568,2026-01-29,1,net demand for safety,80807110|A672|E568|2026-01-29|net demand for safety|046149
80812845,A672,E568,2026-01-29,1,net demand for forecast,80812845|A672|E568|2026-01-29|net demand for forecast|046341
80812845,A672,E568,2026-01-29,1,net demand for forecast,80812845|A672|E568|2026-01-29|net demand for forecast|046342
80812845,A672,E568,2026-01-29,1,net demand for forecast,80812845|A672|E568|2026-01-29|net demand for forecast|046343
80812845,A672,E568,2026-01-29,1,net demand for forecast,80812845|A672|E568|2026-01-29|net demand for forecast|046344
80812845,A672,E568,2026-01-29,4,net demand for safety,80812845|A672|E568|2026-01-29|net demand for safety|046345
80812845,C816,D191,2026-01-29,1,net demand for forecast,80812845|C816|D191|2026-01-29|net demand for forecast|046347
80812846,A673,C819,2026-01-29,10,net demand for safety,80812846|A673|C819|2026-01-29|net demand for safety|046348
80848023,C816,C937,2026-01-29,1,net demand for forecast,80848023|C816|C937|2026-01-29|net demand for forecast|046397
80848023,C816,C937,2026-01-29,1,net demand for forecast,80848023|C816|C937|2026-01-29|net demand for forecast|046398
80848023,C816,C937,2026-01-29,1,net demand for forecast,80848023|C816|C937|2026-01-29|net demand for forecast|046399
80848023,C816,C937,2026-01-29,1,net demand for forecast,80848023|C816|C937|2026-01-29|net demand for forecast|046400
80848023,C816,C937,2026-01-29,1,net demand for forecast,80848023|C816|C937|2026-01-29|net demand for forecast|046401
80848023,C816,C937,2026-01-29,1,net demand for forecast,80848023|C816|C937|2026-01-29|net demand for forecast|046402
80848023,C816,C937,2026-01-29,2,net demand for normal,80848023|C816|C937|2026-01-29|net demand for normal|046403
80848023,C816,C937,2026-01-29,5,net demand for safety,80848023|C816|C937|2026-01-29|net demand for safety|046404
80848029,C816,E467,2026-01-29,2,net demand for safety,80848029|C816|E467|2026-01-29|net demand for safety|046442
80864469,A672,E568,2026-01-29,1,net demand for forecast,80864469|A672|E568|2026-01-29|net demand for forecast|046448
80864469,A672,E568,2026-01-29,1,net demand for forecast,80864469|A672|E568|2026-01-29|net demand for forecast|046449
80864469,A672,E568,2026-01-29,1,net demand for forecast,80864469|A672|E568|2026-01-29|net demand for forecast|046450
80864469,A673,C819,2026-01-29,1,net demand for forecast,80864469|A673|C819|2026-01-29|net demand for forecast|046451
80864469,A673,C819,2026-01-29,1,net demand for forecast,80864469|A673|C819|2026-01-29|net demand for forecast|046452
80864469,A673,C819,2026-01-29,1,net demand for forecast,80864469|A673|C819|2026-01-29|net demand for forecast|046453
80864470,C816,E467,2026-01-29,1,net demand for safety,80864470|C816|E467|2026-01-29|net demand for safety|046471
21128067,A672,E568,2026-01-30,1,net demand for safety,21128067|A672|E568|2026-01-30|net demand for safety|046556
21128067,A673,C819,2026-01-30,1,net demand for safety,21128067|A673|C819|2026-01-30|net demand for safety|046557
21132758,C816,D191,2026-01-30,1,net demand for forecast,21132758|C816|D191|2026-01-30|net demand for forecast|046574
21132758,C816,D191,2026-01-30,1,net demand for forecast,21132758|C816|D191|2026-01-30|net demand for forecast|046575
21132758,C816,D191,2026-01-30,1,net demand for forecast,21132758|C816|D191|2026-01-30|net demand for forecast|046576
21132758,C816,D191,2026-01-30,1,net demand for forecast,21132758|C816|D191|2026-01-30|net demand for forecast|046577
21132758,C816,D191,2026-01-30,6,net demand for safety,21132758|C816|D191|2026-01-30|net demand for safety|046578
21132988,A672,E568,2026-01-30,1,net demand for forecast,21132988|A672|E568|2026-01-30|net demand for forecast|046591
21132988,A672,E568,2026-01-30,1,net demand for forecast,21132988|A672|E568|2026-01-30|net demand for forecast|046592
21132988,A672,E568,2026-01-30,1,net demand for forecast,21132988|A672|E568|2026-01-30|net demand for forecast|046593
21132988,A672,E568,2026-01-30,1,net demand for forecast,21132988|A672|E568|2026-01-30|net demand for forecast|046594
21132988,A672,E568,2026-01-30,1,net demand for forecast,21132988|A672|E568|2026-01-30|net demand for forecast|046595
21132988,A672,E568,2026-01-30,1,net demand for forecast,21132988|A672|E568|2026-01-30|net demand for forecast|046596
21132988,A672,E568,2026-01-30,1,net demand for forecast,21132988|A672|E568|2026-01-30|net demand for forecast|046597
21137866,A672,E568,2026-01-30,1,net demand for forecast,21137866|A672|E568|2026-01-30|net demand for forecast|046613
21137866,A672,E568,2026-01-30,1,net demand for forecast,21137866|A672|E568|2026-01-30|net demand for forecast|046614
21137866,A672,E568,2026-01-30,1,net demand for forecast,21137866|A672|E568|2026-01-30|net demand for forecast|046615
21137866,A672,E568,2026-01-30,1,net demand for forecast,21137866|A672|E568|2026-01-30|net demand for forecast|046616
21137866,A672,E568,2026-01-30,1,net demand for forecast,21137866|A672|E568|2026-01-30|net demand for forecast|046617
21137866,A672,E568,2026-01-30,1,net demand for forecast,21137866|A672|E568|2026-01-30|net demand for forecast|046618
21137866,A672,E568,2026-01-30,1,net demand for forecast,21137866|A672|E568|2026-01-30|net demand for forecast|046619
21141769,A672,E568,2026-01-30,5,net demand for safety,21141769|A672|E568|2026-01-30|net demand for safety|046669
21141769,A673,E556,2026-01-30,1,net demand for forecast,21141769|A673|E556|2026-01-30|net demand for forecast|046670
21141769,A673,E556,2026-01-30,1,net demand for forecast,21141769|A673|E556|2026-01-30|net demand for forecast|046671
21141769,A673,E556,2026-01-30,1,net demand for forecast,21141769|A673|E556|2026-01-30|net demand for forecast|046672
21141769,A673,E556,2026-01-30,1,net demand for forecast,21141769|A673|E556|2026-01-30|net demand for forecast|046673
21141769,A673,E556,2026-01-30,1,net demand for forecast,21141769|A673|E556|2026-01-30|net demand for forecast|046674
21141769,A673,E556,2026-01-30,1,net demand for forecast,21141769|A673|E556|2026-01-30|net demand for forecast|046675
21141769,A673,E556,2026-01-30,1,net demand for forecast,21141769|A673|E556|2026-01-30|net demand for forecast|046676
21148509,A673,E556,2026-01-30,1,net demand for forecast,21148509|A673|E556|2026-01-30|net demand for forecast|046693
21148509,A673,E556,2026-01-30,1,net demand for forecast,21148509|A673|E556|2026-01-30|net demand for forecast|046694
21148509,A673,E556,2026-01-30,1,net demand for forecast,21148509|A673|E556|2026-01-30|net demand for forecast|046695
21148509,A673,E556,2026-01-30,1,net demand for forecast,21148509|A673|E556|2026-01-30|net demand for forecast|046696
21148509,A673,E556,2026-01-30,1,net demand for forecast,21148509|A673|E556|2026-01-30|net demand for forecast|046697
21148509,A673,E556,2026-01-30,1,net demand for forecast,21148509|A673|E556|2026-01-30|net demand for forecast|046698
21148509,A673,E556,2026-01-30,1,net demand for forecast,21148509|A673|E556|2026-01-30|net demand for forecast|046699
21151196,C816,D191,2026-01-30,1,net demand for safety,21151196|C816|D191|2026-01-30|net demand for safety|046706
21155895,A673,E556,2026-01-30,1,net demand for safety,21155895|A673|E556|2026-01-30|net demand for safety|046707
21165946,C816,E467,2026-01-30,1,net demand for forecast,21165946|C816|E467|2026-01-30|net demand for forecast|046711
21165946,C816,E467,2026-01-30,1,net demand for forecast,21165946|C816|E467|2026-01-30|net demand for forecast|046712
21165946,C816,E467,2026-01-30,1,net demand for forecast,21165946|C816|E467|2026-01-30|net demand for forecast|046713
21165946,C816,E467,2026-01-30,1,net demand for forecast,21165946|C816|E467|2026-01-30|net demand for forecast|046714
21165946,C816,E467,2026-01-30,1,net demand for forecast,21165946|C816|E467|2026-01-30|net demand for forecast|046715
21165946,C816,E467,2026-01-30,4,net demand for safety,21165946|C816|E467|2026-01-30|net demand for safety|046716
21170683,A673,E556,2026-01-30,1,net demand for forecast,21170683|A673|E556|2026-01-30|net demand for forecast|046717
21170683,A673,E556,2026-01-30,1,net demand for forecast,21170683|A673|E556|2026-01-30|net demand for forecast|046718
21170683,A673,E556,2026-01-30,1,net demand for forecast,21170683|A673|E556|2026-01-30|net demand for forecast|046719
21170683,A673,E556,2026-01-30,1,net demand for forecast,21170683|A673|E556|2026-01-30|net demand for forecast|046720
21170683,A673,E556,2026-01-30,1,net demand for forecast,21170683|A673|E556|2026-01-30|net demand for forecast|046721
21170683,A673,E556,2026-01-30,1,net demand for forecast,21170683|A673|E556|2026-01-30|net demand for forecast|046722
21170683,A673,E556,2026-01-30,1,net demand for forecast,21170683|A673|E556|2026-01-30|net demand for forecast|046723
21170683,C816,E467,2026-01-30,1,net demand for safety,21170683|C816|E467|2026-01-30|net demand for safety|046725
21352461,C816,C810,2026-01-30,1,net demand for forecast,21352461|C816|C810|2026-01-30|net demand for forecast|046889
21352461,C816,C810,2026-01-30,1,net demand for forecast,21352461|C816|C810|2026-01-30|net demand for forecast|046890
21352461,C816,C810,2026-01-30,1,net demand for forecast,21352461|C816|C810|2026-01-30|net demand for forecast|046891
21352461,C816,C810,2026-01-30,1,net demand for forecast,21352461|C816|C810|2026-01-30|net demand for forecast|046892
21352461,C816,C810,2026-01-30,1,net demand for normal,21352461|C816|C810|2026-01-30|net demand for normal|046893
21357275,C816,C810,2026-01-30,1,net demand for forecast,21357275|C816|C810|2026-01-30|net demand for forecast|046899
21357275,C816,C810,2026-01-30,1,net demand for forecast,21357275|C816|C810|2026-01-30|net demand for forecast|046900
21357275,C816,C810,2026-01-30,1,net demand for forecast,21357275|C816|C810|2026-01-30|net demand for forecast|046901
21357275,C816,C810,2026-01-30,1,net demand for forecast,21357275|C816|C810|2026-01-30|net demand for forecast|046902
21357275,C816,C810,2026-01-30,4,net demand for safety,21357275|C816|C810|2026-01-30|net demand for safety|046903
21434954,C816,C937,2026-01-30,1,net demand for safety,21434954|C816|C937|2026-01-30|net demand for safety|046936
80804132,A672,E568,2026-01-30,1,net demand for forecast,80804132|A672|E568|2026-01-30|net demand for forecast|047052
80804132,A672,E568,2026-01-30,1,net demand for forecast,80804132|A672|E568|2026-01-30|net demand for forecast|047053
80804132,A672,E568,2026-01-30,1,net demand for forecast,80804132|A672|E568|2026-01-30|net demand for forecast|047054
80804133,C816,E467,2026-01-30,2,net demand for safety,80804133|C816|E467|2026-01-30|net demand for safety|047066
80804698,A673,E556,2026-01-30,1,net demand for forecast,80804698|A673|E556|2026-01-30|net demand for forecast|047130
80804698,A673,E556,2026-01-30,1,net demand for forecast,80804698|A673|E556|2026-01-30|net demand for forecast|047131
80804698,A673,E556,2026-01-30,1,net demand for forecast,80804698|A673|E556|2026-01-30|net demand for forecast|047132
80804698,A673,E556,2026-01-30,1,net demand for forecast,80804698|A673|E556|2026-01-30|net demand for forecast|047133
80804701,A673,E556,2026-01-30,1,net demand for forecast,80804701|A673|E556|2026-01-30|net demand for forecast|047156
80804701,A673,E556,2026-01-30,1,net demand for forecast,80804701|A673|E556|2026-01-30|net demand for forecast|047157
80804701,A673,E556,2026-01-30,1,net demand for forecast,80804701|A673|E556|2026-01-30|net demand for forecast|047158
80804701,A673,E556,2026-01-30,1,net demand for forecast,80804701|A673|E556|2026-01-30|net demand for forecast|047159
80804704,A673,C819,2026-01-30,1,net demand for forecast,80804704|A673|C819|2026-01-30|net demand for forecast|047250
80804704,A673,C819,2026-01-30,1,net demand for forecast,80804704|A673|C819|2026-01-30|net demand for forecast|047251
80804704,A673,C819,2026-01-30,1,net demand for forecast,80804704|A673|C819|2026-01-30|net demand for forecast|047252
80804704,A673,C819,2026-01-30,1,net demand for forecast,80804704|A673|C819|2026-01-30|net demand for forecast|047253
80804704,A673,C819,2026-01-30,1,net demand for forecast,80804704|A673|C819|2026-01-30|net demand for forecast|047254
80804704,A673,C819,2026-01-30,1,net demand for forecast,80804704|A673|C819|2026-01-30|net demand for forecast|047255
80804705,A672,E568,2026-01-30,1,net demand for normal,80804705|A672|E568|2026-01-30|net demand for normal|047271
80807110,A672,E568,2026-01-30,1,net demand for safety,80807110|A672|E568|2026-01-30|net demand for safety|047478
80807116,C816,D191,2026-01-30,1,net demand for forecast,80807116|C816|D191|2026-01-30|net demand for forecast|047523
80807116,C816,D191,2026-01-30,1,net demand for forecast,80807116|C816|D191|2026-01-30|net demand for forecast|047524
80807116,C816,D191,2026-01-30,1,net demand for forecast,80807116|C816|D191|2026-01-30|net demand for forecast|047525
80807116,C816,D191,2026-01-30,1,net demand for forecast,80807116|C816|D191|2026-01-30|net demand for forecast|047526
80812840,A672,E568,2026-01-30,2,net demand for safety,80812840|A672|E568|2026-01-30|net demand for safety|047589
80812845,C816,E467,2026-01-30,1,net demand for forecast,80812845|C816|E467|2026-01-30|net demand for forecast|047632
80812845,C816,E467,2026-01-30,1,net demand for forecast,80812845|C816|E467|2026-01-30|net demand for forecast|047633
80812845,C816,E467,2026-01-30,1,net demand for forecast,80812845|C816|E467|2026-01-30|net demand for forecast|047634
80812845,C816,E467,2026-01-30,1,net demand for forecast,80812845|C816|E467|2026-01-30|net demand for forecast|047635
80812845,C816,E467,2026-01-30,1,net demand for forecast,80812845|C816|E467|2026-01-30|net demand for forecast|047636
80812846,A673,C819,2026-01-30,1,net demand for forecast,80812846|A673|C819|2026-01-30|net demand for forecast|047637
80812846,A673,C819,2026-01-30,1,net demand for forecast,80812846|A673|C819|2026-01-30|net demand for forecast|047638
80812846,A673,C819,2026-01-30,1,net demand for forecast,80812846|A673|C819|2026-01-30|net demand for forecast|047639
80812846,A673,C819,2026-01-30,1,net demand for forecast,80812846|A673|C819|2026-01-30|net demand for forecast|047640
80812846,A673,C819,2026-01-30,1,net demand for forecast,80812846|A673|C819|2026-01-30|net demand for forecast|047641
80812846,A673,C819,2026-01-30,1,net demand for forecast,80812846|A673|C819|2026-01-30|net demand for forecast|047642
80812846,A673,C819,2026-01-30,1,net demand for forecast,80812846|A673|C819|2026-01-30|net demand for forecast|047643
80812846,A673,C819,2026-01-30,1,net demand for forecast,80812846|A673|C819|2026-01-30|net demand for forecast|047644
80812846,A673,C819,2026-01-30,1,net demand for forecast,80812846|A673|C819|2026-01-30|net demand for forecast|047645
80812846,A673,C819,2026-01-30,5,net demand for safety,80812846|A673|C819|2026-01-30|net demand for safety|047646
80848023,A672,E568,2026-01-30,1,net demand for forecast,80848023|A672|E568|2026-01-30|net demand for forecast|047707
80848023,A672,E568,2026-01-30,1,net demand for forecast,80848023|A672|E568|2026-01-30|net demand for forecast|047708
80848023,A672,E568,2026-01-30,1,net demand for forecast,80848023|A672|E568|2026-01-30|net demand for forecast|047709
80848023,A672,E568,2026-01-30,1,net demand for forecast,80848023|A672|E568|2026-01-30|net demand for forecast|047710
80848023,A672,E568,2026-01-30,1,net demand for forecast,80848023|A672|E568|2026-01-30|net demand for forecast|047711
80848023,A672,E568,2026-01-30,1,net demand for forecast,80848023|A672|E568|2026-01-30|net demand for forecast|047712
80848028,C816,E467,2026-01-30,1,net demand for safety,80848028|C816|E467|2026-01-30|net demand for safety|047746
80848029,A673,C819,2026-01-30,1,net demand for forecast,80848029|A673|C819|2026-01-30|net demand for forecast|047747
80848029,A673,C819,2026-01-30,1,net demand for forecast,80848029|A673|C819|2026-01-30|net demand for forecast|047748
80848029,A673,C819,2026-01-30,1,net demand for forecast,80848029|A673|C819|2026-01-30|net demand for forecast|047749
80848029,A673,C819,2026-01-30,1,net demand for forecast,80848029|A673|C819|2026-01-30|net demand for forecast|047750
80848029,A673,C819,2026-01-30,1,net demand for forecast,80848029|A673|C819|2026-01-30|net demand for forecast|047751
80848029,A673,C819,2026-01-30,1,net demand for forecast,80848029|A673|C819|2026-01-30|net demand for forecast|047752
80848029,A673,C819,2026-01-30,1,net demand for forecast,80848029|A673|C819|2026-01-30|net demand for forecast|047753
80848029,A673,C819,2026-01-30,1,net demand for forecast,80848029|A673|C819|2026-01-30|net demand for forecast|047754
80848029,A673,C819,2026-01-30,1,net demand for forecast,80848029|A673|C819|2026-01-30|net demand for forecast|047755
80864469,A672,E568,2026-01-30,1,net demand for forecast,80864469|A672|E568|2026-01-30|net demand for forecast|047769
80864469,A672,E568,2026-01-30,1,net demand for forecast,80864469|A672|E568|2026-01-30|net demand for forecast|047770
80864469,A672,E568,2026-01-30,1,net demand for forecast,80864469|A672|E568|2026-01-30|net demand for forecast|047771
80864469,A673,C819,2026-01-30,1,net demand for forecast,80864469|A673|C819|2026-01-30|net demand for forecast|047772
80864469,A673,C819,2026-01-30,1,net demand for forecast,80864469|A673|C819|2026-01-30|net demand for forecast|047773
80864469,A673,C819,2026-01-30,1,net demand for forecast,80864469|A673|C819|2026-01-30|net demand for forecast|047774
80864469,A673,C819,2026-01-30,1,net demand for forecast,80864469|A673|C819|2026-01-30|net demand for forecast|047775
80864469,C816,E467,2026-01-30,3,net demand for safety,80864469|C816|E467|2026-01-30|net demand for safety|047785
80864470,C816,E467,2026-01-30,2,net demand for safety,80864470|C816|E467|2026-01-30|net demand for safety|047790
21128067,A673,C819,2026-01-31,2,net demand for safety,21128067|A673|C819|2026-01-31|net demand for safety|047861
21132988,A672,E568,2026-01-31,1,net demand for forecast,21132988|A672|E568|2026-01-31|net demand for forecast|047902
21132988,A672,E568,2026-01-31,1,net demand for forecast,21132988|A672|E568|2026-01-31|net demand for forecast|047903
21132988,A672,E568,2026-01-31,1,net demand for forecast,21132988|A672|E568|2026-01-31|net demand for forecast|047904
21132988,A672,E568,2026-01-31,1,net demand for forecast,21132988|A672|E568|2026-01-31|net demand for forecast|047905
21132988,A672,E568,2026-01-31,1,net demand for forecast,21132988|A672|E568|2026-01-31|net demand for forecast|047906
21132988,A672,E568,2026-01-31,1,net demand for forecast,21132988|A672|E568|2026-01-31|net demand for forecast|047907
21132988,A672,E568,2026-01-31,1,net demand for forecast,21132988|A672|E568|2026-01-31|net demand for forecast|047908
21141769,A672,E568,2026-01-31,1,net demand for forecast,21141769|A672|E568|2026-01-31|net demand for forecast|047962
21141769,A672,E568,2026-01-31,1,net demand for forecast,21141769|A672|E568|2026-01-31|net demand for forecast|047963
21141769,A672,E568,2026-01-31,1,net demand for forecast,21141769|A672|E568|2026-01-31|net demand for forecast|047964
21141769,A672,E568,2026-01-31,1,net demand for forecast,21141769|A672|E568|2026-01-31|net demand for forecast|047965
21141769,A672,E568,2026-01-31,1,net demand for forecast,21141769|A672|E568|2026-01-31|net demand for forecast|047966
21141769,A673,E556,2026-01-31,1,net demand for forecast,21141769|A673|E556|2026-01-31|net demand for forecast|047967
21141769,A673,E556,2026-01-31,1,net demand for forecast,21141769|A673|E556|2026-01-31|net demand for forecast|047968
21141769,A673,E556,2026-01-31,1,net demand for forecast,21141769|A673|E556|2026-01-31|net demand for forecast|047969
21141769,A673,E556,2026-01-31,1,net demand for forecast,21141769|A673|E556|2026-01-31|net demand for forecast|047970
21141769,A673,E556,2026-01-31,1,net demand for forecast,21141769|A673|E556|2026-01-31|net demand for forecast|047971
21141769,A673,E556,2026-01-31,1,net demand for forecast,21141769|A673|E556|2026-01-31|net demand for forecast|047972
21141769,A673,E556,2026-01-31,1,net demand for forecast,21141769|A673|E556|2026-01-31|net demand for forecast|047973
21151196,C816,D191,2026-01-31,1,net demand for safety,21151196|C816|D191|2026-01-31|net demand for safety|048036
21155895,A673,E556,2026-01-31,1,net demand for safety,21155895|A673|E556|2026-01-31|net demand for safety|048038
21170683,C816,E467,2026-01-31,1,net demand for safety,21170683|C816|E467|2026-01-31|net demand for safety|048045
80804132,C816,E467,2026-01-31,2,net demand for safety,80804132|C816|E467|2026-01-31|net demand for safety|048384
80804133,C816,E467,2026-01-31,1,net demand for safety,80804133|C816|E467|2026-01-31|net demand for safety|048402
80804698,A673,E556,2026-01-31,1,net demand for forecast,80804698|A673|E556|2026-01-31|net demand for forecast|048491
80804698,A673,E556,2026-01-31,1,net demand for forecast,80804698|A673|E556|2026-01-31|net demand for forecast|048492
80804698,A673,E556,2026-01-31,1,net demand for forecast,80804698|A673|E556|2026-01-31|net demand for forecast|048493
80804698,A673,E556,2026-01-31,1,net demand for forecast,80804698|A673|E556|2026-01-31|net demand for forecast|048494
80804698,A673,E556,2026-01-31,1,net demand for forecast,80804698|A673|E556|2026-01-31|net demand for forecast|048495
80804704,A673,C819,2026-01-31,1,net demand for forecast,80804704|A673|C819|2026-01-31|net demand for forecast|048586
80804704,A673,C819,2026-01-31,1,net demand for forecast,80804704|A673|C819|2026-01-31|net demand for forecast|048587
80804704,A673,C819,2026-01-31,1,net demand for forecast,80804704|A673|C819|2026-01-31|net demand for forecast|048588
80804704,A673,C819,2026-01-31,1,net demand for forecast,80804704|A673|C819|2026-01-31|net demand for forecast|048589
80804704,A673,C819,2026-01-31,1,net demand for forecast,80804704|A673|C819|2026-01-31|net demand for forecast|048590
80804704,A673,C819,2026-01-31,1,net demand for forecast,80804704|A673|C819|2026-01-31|net demand for forecast|048591
80804704,C816,D191,2026-01-31,3,net demand for safety,80804704|C816|D191|2026-01-31|net demand for safety|048622
80804705,A672,E568,2026-01-31,1,net demand for normal,80804705|A672|E568|2026-01-31|net demand for normal|048632
80807110,A672,E568,2026-01-31,1,net demand for safety,80807110|A672|E568|2026-01-31|net demand for safety|048793
80807116,C816,D191,2026-01-31,1,net demand for forecast,80807116|C816|D191|2026-01-31|net demand for forecast|048854
80807116,C816,D191,2026-01-31,1,net demand for forecast,80807116|C816|D191|2026-01-31|net demand for forecast|048855
80807116,C816,D191,2026-01-31,1,net demand for forecast,80807116|C816|D191|2026-01-31|net demand for forecast|048856
80807116,C816,D191,2026-01-31,1,net demand for forecast,80807116|C816|D191|2026-01-31|net demand for forecast|048857
80812099,A673,E564,2026-01-31,1,net demand for safety,80812099|A673|E564|2026-01-31|net demand for safety|048905
80812840,A672,E568,2026-01-31,1,net demand for safety,80812840|A672|E568|2026-01-31|net demand for safety|048987
80812845,C816,E467,2026-01-31,1,net demand for forecast,80812845|C816|E467|2026-01-31|net demand for forecast|049019
80812845,C816,E467,2026-01-31,1,net demand for forecast,80812845|C816|E467|2026-01-31|net demand for forecast|049020
80812845,C816,E467,2026-01-31,1,net demand for forecast,80812845|C816|E467|2026-01-31|net demand for forecast|049021
80812845,C816,E467,2026-01-31,1,net demand for forecast,80812845|C816|E467|2026-01-31|net demand for forecast|049022
80812845,C816,E467,2026-01-31,1,net demand for forecast,80812845|C816|E467|2026-01-31|net demand for forecast|049023
80812846,A672,E568,2026-01-31,1,net demand for safety,80812846|A672|E568|2026-01-31|net demand for safety|049025
80848021,A673,C819,2026-01-31,1,net demand for AO,80848021|A673|C819|2026-01-31|net demand for AO|049029
80848021,A673,C819,2026-01-31,1,net demand for AO,80848021|A673|C819|2026-01-31|net demand for AO|049030
80848021,A673,C819,2026-01-31,1,net demand for AO,80848021|A673|C819|2026-01-31|net demand for AO|049031
80848021,A673,C819,2026-01-31,1,net demand for AO,80848021|A673|C819|2026-01-31|net demand for AO|049032
80848021,A673,C819,2026-01-31,1,net demand for forecast,80848021|A673|C819|2026-01-31|net demand for forecast|049033
80848021,A673,C819,2026-01-31,1,net demand for forecast,80848021|A673|C819|2026-01-31|net demand for forecast|049034
80848021,A673,C819,2026-01-31,1,net demand for forecast,80848021|A673|C819|2026-01-31|net demand for forecast|049035
80848021,A673,C819,2026-01-31,1,net demand for forecast,80848021|A673|C819|2026-01-31|net demand for forecast|049036
80848026,A672,E568,2026-01-31,5,net demand for normal,80848026|A672|E568|2026-01-31|net demand for normal|049159
80848029,C816,E467,2026-01-31,1,net demand for forecast,80848029|C816|E467|2026-01-31|net demand for forecast|049192
80848029,C816,E467,2026-01-31,1,net demand for forecast,80848029|C816|E467|2026-01-31|net demand for forecast|049193
80848029,C816,E467,2026-01-31,1,net demand for forecast,80848029|C816|E467|2026-01-31|net demand for forecast|049194
80864469,A673,C819,2026-01-31,1,net demand for forecast,80864469|A673|C819|2026-01-31|net demand for forecast|049206
80864469,A673,C819,2026-01-31,1,net demand for forecast,80864469|A673|C819|2026-01-31|net demand for forecast|049207
80864469,A673,C819,2026-01-31,1,net demand for forecast,80864469|A673|C819|2026-01-31|net demand for forecast|049208
80864469,A673,C819,2026-01-31,2,net demand for forecast,80864469|A673|C819|2026-01-31|net demand for forecast|049209
80864469,A673,C819,2026-01-31,2,net demand for forecast,80864469|A673|C819|2026-01-31|net demand for forecast|049210
80864469,A673,C819,2026-01-31,2,net demand for forecast,80864469|A673|C819|2026-01-31|net demand for forecast|049211
80864469,A673,E556,2026-01-31,1,net demand for forecast,80864469|A673|E556|2026-01-31|net demand for forecast|049212
80864469,A673,E556,2026-01-31,1,net demand for forecast,80864469|A673|E556|2026-01-31|net demand for forecast|049213
80864469,A673,E556,2026-01-31,1,net demand for forecast,80864469|A673|E556|2026-01-31|net demand for forecast|049214
80864469,A673,E556,2026-01-31,1,net demand for forecast,80864469|A673|E556|2026-01-31|net demand for forecast|049215
80864469,A673,E556,2026-01-31,1,net demand for forecast,80864469|A673|E556|2026-01-31|net demand for forecast|049216
80864469,A673,E556,2026-01-31,1,net demand for forecast,80864469|A673|E556|2026-01-31|net demand for forecast|049217
80864469,C816,E467,2026-01-31,4,net demand for safety,80864469|C816|E467|2026-01-31|net demand for safety|049231
80864470,A672,E568,2026-01-31,1,net demand for safety,80864470|A672|E568|2026-01-31|net demand for safety|049234
80864470,C816,E467,2026-01-31,3,net demand for safety,80864470|C816|E467|2026-01-31|net demand for safety|049236
21103372,A673,E556,2026-02-01,1,net demand for forecast,21103372|A673|E556|2026-02-01|net demand for forecast|049329
21103372,A673,E556,2026-02-01,1,net demand for forecast,21103372|A673|E556|2026-02-01|net demand for forecast|049330
21103372,A673,E556,2026-02-01,1,net demand for forecast,21103372|A673|E556|2026-02-01|net demand for forecast|049331
21103372,A673,E556,2026-02-01,1,net demand for forecast,21103372|A673|E556|2026-02-01|net demand for forecast|049332
21103372,A673,E556,2026-02-01,1,net demand for forecast,21103372|A673|E556|2026-02-01|net demand for forecast|049333
21103372,A673,E556,2026-02-01,1,net demand for forecast,21103372|A673|E556|2026-02-01|net demand for forecast|049334
21103372,A673,E556,2026-02-01,1,net demand for forecast,21103372|A673|E556|2026-02-01|net demand for forecast|049335
21121751,A673,E564,2026-02-01,1,net demand for safety,21121751|A673|E564|2026-02-01|net demand for safety|049346
21128067,A672,E568,2026-02-01,1,net demand for forecast,21128067|A672|E568|2026-02-01|net demand for forecast|049359
21128067,A672,E568,2026-02-01,1,net demand for forecast,21128067|A672|E568|2026-02-01|net demand for forecast|049360
21128067,A672,E568,2026-02-01,1,net demand for forecast,21128067|A672|E568|2026-02-01|net demand for forecast|049361
21128067,A672,E568,2026-02-01,1,net demand for forecast,21128067|A672|E568|2026-02-01|net demand for forecast|049362
21128067,A672,E568,2026-02-01,1,net demand for forecast,21128067|A672|E568|2026-02-01|net demand for forecast|049363
21128067,A672,E568,2026-02-01,1,net demand for forecast,21128067|A672|E568|2026-02-01|net demand for forecast|049364
21128067,A672,E568,2026-02-01,3,net demand for safety,21128067|A672|E568|2026-02-01|net demand for safety|049365
21128067,A673,C819,2026-02-01,2,net demand for safety,21128067|A673|C819|2026-02-01|net demand for safety|049366
21132758,C816,E569,2026-02-01,1,net demand for forecast,21132758|C816|E569|2026-02-01|net demand for forecast|049388
21132758,C816,E569,2026-02-01,1,net demand for forecast,21132758|C816|E569|2026-02-01|net demand for forecast|049389
21132758,C816,E569,2026-02-01,1,net demand for forecast,21132758|C816|E569|2026-02-01|net demand for forecast|049390
21132758,C816,E569,2026-02-01,1,net demand for forecast,21132758|C816|E569|2026-02-01|net demand for forecast|049391
21132758,C816,E569,2026-02-01,1,net demand for forecast,21132758|C816|E569|2026-02-01|net demand for forecast|049392
21132758,C816,E569,2026-02-01,1,net demand for forecast,21132758|C816|E569|2026-02-01|net demand for forecast|049393
21132758,C816,E569,2026-02-01,1,net demand for forecast,21132758|C816|E569|2026-02-01|net demand for forecast|049394
21132988,C816,D191,2026-02-01,2,net demand for safety,21132988|C816|D191|2026-02-01|net demand for safety|049418
21141769,A673,E556,2026-02-01,1,net demand for forecast,21141769|A673|E556|2026-02-01|net demand for forecast|049453
21141769,A673,E556,2026-02-01,1,net demand for forecast,21141769|A673|E556|2026-02-01|net demand for forecast|049454
21141769,A673,E556,2026-02-01,1,net demand for forecast,21141769|A673|E556|2026-02-01|net demand for forecast|049455
21141769,A673,E556,2026-02-01,1,net demand for forecast,21141769|A673|E556|2026-02-01|net demand for forecast|049456
21141769,A673,E556,2026-02-01,1,net demand for forecast,21141769|A673|E556|2026-02-01|net demand for forecast|049457
21141769,A673,E556,2026-02-01,1,net demand for forecast,21141769|A673|E556|2026-02-01|net demand for forecast|049458
21141769,A673,E556,2026-02-01,1,net demand for forecast,21141769|A673|E556|2026-02-01|net demand for forecast|049459
21151196,C810,E295,2026-02-01,1,net demand for normal,21151196|C810|E295|2026-02-01|net demand for normal|049489
21155895,A673,E556,2026-02-01,1,net demand for safety,21155895|A673|E556|2026-02-01|net demand for safety|049492
21170683,C816,E467,2026-02-01,1,net demand for safety,21170683|C816|E467|2026-02-01|net demand for safety|049508
21304907,C816,E569,2026-02-01,1,net demand for safety,21304907|C816|E569|2026-02-01|net demand for safety|049520
21315350,C816,E569,2026-02-01,11,net demand for safety,21315350|C816|E569|2026-02-01|net demand for safety|049558
21315352,C816,E569,2026-02-01,2,net demand for safety,21315352|C816|E569|2026-02-01|net demand for safety|049570
21325292,A672,E568,2026-02-01,1,net demand for forecast,21325292|A672|E568|2026-02-01|net demand for forecast|049581
21325292,A672,E568,2026-02-01,1,net demand for forecast,21325292|A672|E568|2026-02-01|net demand for forecast|049582
21325292,A672,E568,2026-02-01,1,net demand for forecast,21325292|A672|E568|2026-02-01|net demand for forecast|049583
21325292,A672,E568,2026-02-01,1,net demand for forecast,21325292|A672|E568|2026-02-01|net demand for forecast|049584
21325292,A672,E568,2026-02-01,1,net demand for forecast,21325292|A672|E568|2026-02-01|net demand for forecast|049585
21325292,A672,E568,2026-02-01,1,net demand for forecast,21325292|A672|E568|2026-02-01|net demand for forecast|049586
21325292,A672,E568,2026-02-01,1,net demand for forecast,21325292|A672|E568|2026-02-01|net demand for forecast|049587
21434952,C816,C937,2026-02-01,1,net demand for safety,21434952|C816|C937|2026-02-01|net demand for safety|049633
80804132,C816,E467,2026-02-01,5,net demand for safety,80804132|C816|E467|2026-02-01|net demand for safety|049732
80804132,C816,E569,2026-02-01,1,net demand for forecast,80804132|C816|E569|2026-02-01|net demand for forecast|049741
80804132,C816,E569,2026-02-01,1,net demand for forecast,80804132|C816|E569|2026-02-01|net demand for forecast|049742
80804132,C816,E569,2026-02-01,1,net demand for forecast,80804132|C816|E569|2026-02-01|net demand for forecast|049743
80804132,C816,E569,2026-02-01,1,net demand for forecast,80804132|C816|E569|2026-02-01|net demand for forecast|049744
80804132,C816,E569,2026-02-01,1,net demand for forecast,80804132|C816|E569|2026-02-01|net demand for forecast|049745
80804132,C816,E569,2026-02-01,1,net demand for forecast,80804132|C816|E569|2026-02-01|net demand for forecast|049746
80804132,C816,E569,2026-02-01,1,net demand for forecast,80804132|C816|E569|2026-02-01|net demand for forecast|049747
80804132,C816,E569,2026-02-01,2,net demand for safety,80804132|C816|E569|2026-02-01|net demand for safety|049748
80804133,C816,E467,2026-02-01,1,net demand for forecast,80804133|C816|E467|2026-02-01|net demand for forecast|049757
80804133,C816,E467,2026-02-01,1,net demand for forecast,80804133|C816|E467|2026-02-01|net demand for forecast|049758
80804133,C816,E467,2026-02-01,1,net demand for forecast,80804133|C816|E467|2026-02-01|net demand for forecast|049759
80804133,C816,E467,2026-02-01,1,net demand for forecast,80804133|C816|E467|2026-02-01|net demand for forecast|049760
80804133,C816,E467,2026-02-01,1,net demand for forecast,80804133|C816|E467|2026-02-01|net demand for forecast|049761
80804133,C816,E467,2026-02-01,5,net demand for safety,80804133|C816|E467|2026-02-01|net demand for safety|049762
80804134,C816,E467,2026-02-01,1,net demand for forecast,80804134|C816|E467|2026-02-01|net demand for forecast|049850
80804134,C816,E467,2026-02-01,1,net demand for forecast,80804134|C816|E467|2026-02-01|net demand for forecast|049851
80804134,C816,E467,2026-02-01,1,net demand for forecast,80804134|C816|E467|2026-02-01|net demand for forecast|049852
80804134,C816,E467,2026-02-01,1,net demand for forecast,80804134|C816|E467|2026-02-01|net demand for forecast|049853
80804134,C816,E467,2026-02-01,1,net demand for forecast,80804134|C816|E467|2026-02-01|net demand for forecast|049854
80804704,C816,D191,2026-02-01,2,net demand for safety,80804704|C816|D191|2026-02-01|net demand for safety|050002
80804704,C816,E569,2026-02-01,1,net demand for safety,80804704|C816|E569|2026-02-01|net demand for safety|050011
80804705,C816,E569,2026-02-01,1,net demand for forecast,80804705|C816|E569|2026-02-01|net demand for forecast|050056
80804705,C816,E569,2026-02-01,1,net demand for forecast,80804705|C816|E569|2026-02-01|net demand for forecast|050057
80804705,C816,E569,2026-02-01,1,net demand for forecast,80804705|C816|E569|2026-02-01|net demand for forecast|050058
80804705,C816,E569,2026-02-01,1,net demand for forecast,80804705|C816|E569|2026-02-01|net demand for forecast|050059
80804705,C816,E569,2026-02-01,1,net demand for forecast,80804705|C816|E569|2026-02-01|net demand for forecast|050060
80804705,C816,E569,2026-02-01,1,net demand for forecast,80804705|C816|E569|2026-02-01|net demand for forecast|050061
80804705,C816,E569,2026-02-01,1,net demand for forecast,80804705|C816|E569|2026-02-01|net demand for forecast|050062
80804705,C816,E569,2026-02-01,3,net demand for safety,80804705|C816|E569|2026-02-01|net demand for safety|050063
80805852,A673,E564,2026-02-01,3,net demand for safety,80805852|A673|E564|2026-02-01|net demand for safety|050071
80807105,C816,E569,2026-02-01,1,net demand for forecast,80807105|C816|E569|2026-02-01|net demand for forecast|050240
80807105,C816,E569,2026-02-01,1,net demand for forecast,80807105|C816|E569|2026-02-01|net demand for forecast|050241
80807105,C816,E569,2026-02-01,1,net demand for forecast,80807105|C816|E569|2026-02-01|net demand for forecast|050242
80807105,C816,E569,2026-02-01,1,net demand for forecast,80807105|C816|E569|2026-02-01|net demand for forecast|050243
80807105,C816,E569,2026-02-01,1,net demand for forecast,80807105|C816|E569|2026-02-01|net demand for forecast|050244
80807105,C816,E569,2026-02-01,1,net demand for forecast,80807105|C816|E569|2026-02-01|net demand for forecast|050245
80807105,C816,E569,2026-02-01,1,net demand for forecast,80807105|C816|E569|2026-02-01|net demand for forecast|050246
80807110,A672,E568,2026-02-01,1,net demand for safety,80807110|A672|E568|2026-02-01|net demand for safety|050248
80807113,C816,E569,2026-02-01,4,net demand for safety,80807113|C816|E569|2026-02-01|net demand for safety|050267
80807116,C816,E569,2026-02-01,1,net demand for forecast,80807116|C816|E569|2026-02-01|net demand for forecast|050305
80807116,C816,E569,2026-02-01,1,net demand for forecast,80807116|C816|E569|2026-02-01|net demand for forecast|050306
80807116,C816,E569,2026-02-01,1,net demand for forecast,80807116|C816|E569|2026-02-01|net demand for forecast|050307
80807116,C816,E569,2026-02-01,1,net demand for forecast,80807116|C816|E569|2026-02-01|net demand for forecast|050308
80807116,C816,E569,2026-02-01,1,net demand for forecast,80807116|C816|E569|2026-02-01|net demand for forecast|050309
80807116,C816,E569,2026-02-01,1,net demand for forecast,80807116|C816|E569|2026-02-01|net demand for forecast|050310
80807116,C816,E569,2026-02-01,1,net demand for forecast,80807116|C816|E569|2026-02-01|net demand for forecast|050311
80812099,A673,E564,2026-02-01,1,net demand for forecast,80812099|A673|E564|2026-02-01|net demand for forecast|050323
80812099,A673,E564,2026-02-01,1,net demand for forecast,80812099|A673|E564|2026-02-01|net demand for forecast|050324
80812099,A673,E564,2026-02-01,1,net demand for forecast,80812099|A673|E564|2026-02-01|net demand for forecast|050325
80812099,A673,E564,2026-02-01,1,net demand for forecast,80812099|A673|E564|2026-02-01|net demand for forecast|050326
80812099,A673,E564,2026-02-01,1,net demand for forecast,80812099|A673|E564|2026-02-01|net demand for forecast|050327
80812099,A673,E564,2026-02-01,1,net demand for forecast,80812099|A673|E564|2026-02-01|net demand for forecast|050328
80812099,A673,E564,2026-02-01,1,net demand for forecast,80812099|A673|E564|2026-02-01|net demand for forecast|050329
80812099,A673,E564,2026-02-01,4,net demand for safety,80812099|A673|E564|2026-02-01|net demand for safety|050330
80812103,C816,C937,2026-02-01,1,net demand for safety,80812103|C816|C937|2026-02-01|net demand for safety|050331
80812103,C816,E569,2026-02-01,6,net demand for safety,80812103|C816|E569|2026-02-01|net demand for safety|050332
80812338,C816,E569,2026-02-01,1,net demand for safety,80812338|C816|E569|2026-02-01|net demand for safety|050334
80812839,C816,E569,2026-02-01,4,net demand for safety,80812839|C816|E569|2026-02-01|net demand for safety|050337
80812845,C816,E467,2026-02-01,2,net demand for forecast,80812845|C816|E467|2026-02-01|net demand for forecast|050360
80812845,C816,E467,2026-02-01,2,net demand for forecast,80812845|C816|E467|2026-02-01|net demand for forecast|050361
80812845,C816,E467,2026-02-01,2,net demand for forecast,80812845|C816|E467|2026-02-01|net demand for forecast|050362
80812845,C816,E467,2026-02-01,2,net demand for forecast,80812845|C816|E467|2026-02-01|net demand for forecast|050363
80812845,C816,E467,2026-02-01,2,net demand for forecast,80812845|C816|E467|2026-02-01|net demand for forecast|050364
80838164,A673,E564,2026-02-01,1,net demand for forecast,80838164|A673|E564|2026-02-01|net demand for forecast|050368
80838164,A673,E564,2026-02-01,1,net demand for forecast,80838164|A673|E564|2026-02-01|net demand for forecast|050369
80838164,A673,E564,2026-02-01,1,net demand for forecast,80838164|A673|E564|2026-02-01|net demand for forecast|050370
80838164,A673,E564,2026-02-01,1,net demand for forecast,80838164|A673|E564|2026-02-01|net demand for forecast|050371
80838164,A673,E564,2026-02-01,1,net demand for forecast,80838164|A673|E564|2026-02-01|net demand for forecast|050372
80838164,A673,E564,2026-02-01,1,net demand for forecast,80838164|A673|E564|2026-02-01|net demand for forecast|050373
80838164,A673,E564,2026-02-01,1,net demand for forecast,80838164|A673|E564|2026-02-01|net demand for forecast|050374
80838164,A673,E564,2026-02-01,1,net demand for normal,80838164|A673|E564|2026-02-01|net demand for normal|050375
80838164,A673,E564,2026-02-01,1,net demand for safety,80838164|A673|E564|2026-02-01|net demand for safety|050376
80840976,C816,E569,2026-02-01,1,net demand for safety,80840976|C816|E569|2026-02-01|net demand for safety|050384
80848022,C816,E467,2026-02-01,4,net demand for safety,80848022|C816|E467|2026-02-01|net demand for safety|050407
80848023,C816,C937,2026-02-01,10,net demand for safety,80848023|C816|C937|2026-02-01|net demand for safety|050408
80848023,C816,E569,2026-02-01,6,net demand for safety,80848023|C816|E569|2026-02-01|net demand for safety|050414
80848025,C816,E467,2026-02-01,4,net demand for safety,80848025|C816|E467|2026-02-01|net demand for safety|050436
80848025,C816,E569,2026-02-01,1,net demand for forecast,80848025|C816|E569|2026-02-01|net demand for forecast|050437
80848025,C816,E569,2026-02-01,1,net demand for forecast,80848025|C816|E569|2026-02-01|net demand for forecast|050438
80848025,C816,E569,2026-02-01,1,net demand for forecast,80848025|C816|E569|2026-02-01|net demand for forecast|050439
80848025,C816,E569,2026-02-01,1,net demand for forecast,80848025|C816|E569|2026-02-01|net demand for forecast|050440
80848025,C816,E569,2026-02-01,1,net demand for forecast,80848025|C816|E569|2026-02-01|net demand for forecast|050441
80848025,C816,E569,2026-02-01,1,net demand for forecast,80848025|C816|E569|2026-02-01|net demand for forecast|050442
80848025,C816,E569,2026-02-01,2,net demand for forecast,80848025|C816|E569|2026-02-01|net demand for forecast|050443
80848025,C816,E569,2026-02-01,9,net demand for safety,80848025|C816|E569|2026-02-01|net demand for safety|050444
80848026,A672,E568,2026-02-01,5,net demand for normal,80848026|A672|E568|2026-02-01|net demand for normal|050567
80848028,C816,E569,2026-02-01,1,net demand for forecast,80848028|C816|E569|2026-02-01|net demand for forecast|050589
80848028,C816,E569,2026-02-01,1,net demand for forecast,80848028|C816|E569|2026-02-01|net demand for forecast|050590
80848028,C816,E569,2026-02-01,1,net demand for forecast,80848028|C816|E569|2026-02-01|net demand for forecast|050591
80848028,C816,E569,2026-02-01,1,net demand for forecast,80848028|C816|E569|2026-02-01|net demand for forecast|050592
80848028,C816,E569,2026-02-01,1,net demand for forecast,80848028|C816|E569|2026-02-01|net demand for forecast|050593
80848028,C816,E569,2026-02-01,1,net demand for forecast,80848028|C816|E569|2026-02-01|net demand for forecast|050594
80848028,C816,E569,2026-02-01,1,net demand for forecast,80848028|C816|E569|2026-02-01|net demand for forecast|050595
80848028,C816,E569,2026-02-01,1,net demand for safety,80848028|C816|E569|2026-02-01|net demand for safety|050596
80848029,C810,C937,2026-02-01,1,net demand for normal,80848029|C810|C937|2026-02-01|net demand for normal|050675
80848029,C816,E467,2026-02-01,1,net demand for forecast,80848029|C816|E467|2026-02-01|net demand for forecast|050676
80848029,C816,E467,2026-02-01,1,net demand for forecast,80848029|C816|E467|2026-02-01|net demand for forecast|050677
80848029,C816,E467,2026-02-01,1,net demand for forecast,80848029|C816|E467|2026-02-01|net demand for forecast|050678
80848029,C816,E467,2026-02-01,1,net demand for forecast,80848029|C816|E467|2026-02-01|net demand for forecast|050679
80848031,C816,E569,2026-02-01,2,net demand for safety,80848031|C816|E569|2026-02-01|net demand for safety|050682
80864469,A673,C819,2026-02-01,1,net demand for forecast,80864469|A673|C819|2026-02-01|net demand for forecast|050685
80864469,A673,C819,2026-02-01,1,net demand for forecast,80864469|A673|C819|2026-02-01|net demand for forecast|050686
80864469,A673,C819,2026-02-01,1,net demand for forecast,80864469|A673|C819|2026-02-01|net demand for forecast|050687
80864469,A673,C819,2026-02-01,1,net demand for forecast,80864469|A673|C819|2026-02-01|net demand for forecast|050688
80864469,A673,C819,2026-02-01,1,net demand for forecast,80864469|A673|C819|2026-02-01|net demand for forecast|050689
80864469,A673,C819,2026-02-01,1,net demand for forecast,80864469|A673|C819|2026-02-01|net demand for forecast|050690
80864469,A673,E556,2026-02-01,1,net demand for forecast,80864469|A673|E556|2026-02-01|net demand for forecast|050691
80864469,A673,E556,2026-02-01,1,net demand for forecast,80864469|A673|E556|2026-02-01|net demand for forecast|050692
80864469,A673,E556,2026-02-01,1,net demand for forecast,80864469|A673|E556|2026-02-01|net demand for forecast|050693
80864469,A673,E556,2026-02-01,1,net demand for forecast,80864469|A673|E556|2026-02-01|net demand for forecast|050694
80864469,A673,E556,2026-02-01,1,net demand for forecast,80864469|A673|E556|2026-02-01|net demand for forecast|050695
80864469,A673,E556,2026-02-01,1,net demand for forecast,80864469|A673|E556|2026-02-01|net demand for forecast|050696
80864469,C816,E467,2026-02-01,2,net demand for safety,80864469|C816|E467|2026-02-01|net demand for safety|050713
80864470,C816,C937,2026-02-01,1,net demand for safety,80864470|C816|C937|2026-02-01|net demand for safety|050716
80864470,C816,E467,2026-02-01,2,net demand for safety,80864470|C816|E467|2026-02-01|net demand for safety|050722
21098519,A673,E556,2026-02-02,1,net demand for forecast,21098519|A673|E556|2026-02-02|net demand for forecast|050753
21098519,A673,E556,2026-02-02,1,net demand for forecast,21098519|A673|E556|2026-02-02|net demand for forecast|050754
21098519,A673,E556,2026-02-02,1,net demand for forecast,21098519|A673|E556|2026-02-02|net demand for forecast|050755
21098519,A673,E556,2026-02-02,1,net demand for forecast,21098519|A673|E556|2026-02-02|net demand for forecast|050756
21098519,A673,E556,2026-02-02,1,net demand for forecast,21098519|A673|E556|2026-02-02|net demand for forecast|050757
21098519,A673,E556,2026-02-02,1,net demand for forecast,21098519|A673|E556|2026-02-02|net demand for forecast|050758
21098519,A673,E556,2026-02-02,1,net demand for forecast,21098519|A673|E556|2026-02-02|net demand for forecast|050759
21098519,A673,E556,2026-02-02,5,net demand for safety,21098519|A673|E556|2026-02-02|net demand for safety|050760
21098519,C816,E569,2026-02-02,1,net demand for safety,21098519|C816|E569|2026-02-02|net demand for safety|050764
21103371,C816,C563,2026-02-02,3,net demand for safety,21103371|C816|C563|2026-02-02|net demand for safety|050765
21103372,A673,E556,2026-02-02,1,net demand for forecast,21103372|A673|E556|2026-02-02|net demand for forecast|050768
21103372,A673,E556,2026-02-02,1,net demand for forecast,21103372|A673|E556|2026-02-02|net demand for forecast|050769
21103372,A673,E556,2026-02-02,1,net demand for forecast,21103372|A673|E556|2026-02-02|net demand for forecast|050770
21103372,A673,E556,2026-02-02,1,net demand for forecast,21103372|A673|E556|2026-02-02|net demand for forecast|050771
21103372,A673,E556,2026-02-02,1,net demand for forecast,21103372|A673|E556|2026-02-02|net demand for forecast|050772
21103372,A673,E556,2026-02-02,1,net demand for forecast,21103372|A673|E556|2026-02-02|net demand for forecast|050773
21103372,A673,E556,2026-02-02,1,net demand for forecast,21103372|A673|E556|2026-02-02|net demand for forecast|050774
21127730,C816,C563,2026-02-02,9,net demand for safety,21127730|C816|C563|2026-02-02|net demand for safety|050783
21128067,C816,E569,2026-02-02,1,net demand for safety,21128067|C816|E569|2026-02-02|net demand for safety|050787
21132758,C816,C563,2026-02-02,1,net demand for forecast,21132758|C816|C563|2026-02-02|net demand for forecast|050788
21132758,C816,C563,2026-02-02,1,net demand for forecast,21132758|C816|C563|2026-02-02|net demand for forecast|050789
21132758,C816,C563,2026-02-02,1,net demand for forecast,21132758|C816|C563|2026-02-02|net demand for forecast|050790
21132758,C816,C563,2026-02-02,1,net demand for forecast,21132758|C816|C563|2026-02-02|net demand for forecast|050791
21132758,C816,C563,2026-02-02,1,net demand for forecast,21132758|C816|C563|2026-02-02|net demand for forecast|050792
21132758,C816,C563,2026-02-02,1,net demand for normal,21132758|C816|C563|2026-02-02|net demand for normal|050793
21132758,C816,E569,2026-02-02,1,net demand for forecast,21132758|C816|E569|2026-02-02|net demand for forecast|050794
21132758,C816,E569,2026-02-02,1,net demand for forecast,21132758|C816|E569|2026-02-02|net demand for forecast|050795
21132758,C816,E569,2026-02-02,1,net demand for forecast,21132758|C816|E569|2026-02-02|net demand for forecast|050796
21132758,C816,E569,2026-02-02,1,net demand for forecast,21132758|C816|E569|2026-02-02|net demand for forecast|050797
21132758,C816,E569,2026-02-02,1,net demand for forecast,21132758|C816|E569|2026-02-02|net demand for forecast|050798
21132758,C816,E569,2026-02-02,1,net demand for forecast,21132758|C816|E569|2026-02-02|net demand for forecast|050799
21132758,C816,E569,2026-02-02,1,net demand for forecast,21132758|C816|E569|2026-02-02|net demand for forecast|050800
21132988,C816,D191,2026-02-02,3,net demand for safety,21132988|C816|D191|2026-02-02|net demand for safety|050801
21137866,A672,E568,2026-02-02,1,net demand for forecast,21137866|A672|E568|2026-02-02|net demand for forecast|050804
21137866,A672,E568,2026-02-02,1,net demand for forecast,21137866|A672|E568|2026-02-02|net demand for forecast|050805
21137866,A672,E568,2026-02-02,1,net demand for forecast,21137866|A672|E568|2026-02-02|net demand for forecast|050806
21137866,A672,E568,2026-02-02,1,net demand for forecast,21137866|A672|E568|2026-02-02|net demand for forecast|050807
21137866,A672,E568,2026-02-02,1,net demand for forecast,21137866|A672|E568|2026-02-02|net demand for forecast|050808
21137866,A672,E568,2026-02-02,1,net demand for forecast,21137866|A672|E568|2026-02-02|net demand for forecast|050809
21137866,A672,E568,2026-02-02,1,net demand for forecast,21137866|A672|E568|2026-02-02|net demand for forecast|050810
21137866,C816,C563,2026-02-02,1,net demand for forecast,21137866|C816|C563|2026-02-02|net demand for forecast|050815
21137866,C816,C563,2026-02-02,1,net demand for forecast,21137866|C816|C563|2026-02-02|net demand for forecast|050816
21137866,C816,C563,2026-02-02,1,net demand for forecast,21137866|C816|C563|2026-02-02|net demand for forecast|050817
21137866,C816,C563,2026-02-02,1,net demand for forecast,21137866|C816|C563|2026-02-02|net demand for forecast|050818
21137866,C816,C563,2026-02-02,1,net demand for forecast,21137866|C816|C563|2026-02-02|net demand for forecast|050819
21139445,C816,A668,2026-02-02,16,net demand for safety,21139445|C816|A668|2026-02-02|net demand for safety|050820
21141769,C816,E569,2026-02-02,1,net demand for forecast,21141769|C816|E569|2026-02-02|net demand for forecast|050833
21141769,C816,E569,2026-02-02,1,net demand for forecast,21141769|C816|E569|2026-02-02|net demand for forecast|050834
21141769,C816,E569,2026-02-02,1,net demand for forecast,21141769|C816|E569|2026-02-02|net demand for forecast|050835
21141769,C816,E569,2026-02-02,1,net demand for forecast,21141769|C816|E569|2026-02-02|net demand for forecast|050836
21141769,C816,E569,2026-02-02,1,net demand for forecast,21141769|C816|E569|2026-02-02|net demand for forecast|050837
21143110,C816,C563,2026-02-02,1,net demand for safety,21143110|C816|C563|2026-02-02|net demand for safety|050841
21162696,A673,E564,2026-02-02,2,net demand for safety,21162696|A673|E564|2026-02-02|net demand for safety|050876
21165946,C816,E467,2026-02-02,1,net demand for forecast,21165946|C816|E467|2026-02-02|net demand for forecast|050877
21165946,C816,E467,2026-02-02,1,net demand for forecast,21165946|C816|E467|2026-02-02|net demand for forecast|050878
21165946,C816,E467,2026-02-02,1,net demand for forecast,21165946|C816|E467|2026-02-02|net demand for forecast|050879
21165946,C816,E467,2026-02-02,1,net demand for forecast,21165946|C816|E467|2026-02-02|net demand for forecast|050880
21165946,C816,E467,2026-02-02,1,net demand for forecast,21165946|C816|E467|2026-02-02|net demand for forecast|050881
21165946,C816,E467,2026-02-02,2,net demand for safety,21165946|C816|E467|2026-02-02|net demand for safety|050882
21170683,C816,E467,2026-02-02,1,net demand for safety,21170683|C816|E467|2026-02-02|net demand for safety|050889
21255844,C816,E569,2026-02-02,1,net demand for safety,21255844|C816|E569|2026-02-02|net demand for safety|050892
21304907,C816,E569,2026-02-02,2,net demand for safety,21304907|C816|E569|2026-02-02|net demand for safety|050896
21314602,A673,E564,2026-02-02,1,net demand for safety,21314602|A673|E564|2026-02-02|net demand for safety|050918
21315350,C816,E569,2026-02-02,10,net demand for safety,21315350|C816|E569|2026-02-02|net demand for safety|050934
21315474,C816,E569,2026-02-02,2,net demand for safety,21315474|C816|E569|2026-02-02|net demand for safety|050948
21325292,A672,E568,2026-02-02,1,net demand for forecast,21325292|A672|E568|2026-02-02|net demand for forecast|050950
21325292,A672,E568,2026-02-02,1,net demand for forecast,21325292|A672|E568|2026-02-02|net demand for forecast|050951
21325292,A672,E568,2026-02-02,1,net demand for forecast,21325292|A672|E568|2026-02-02|net demand for forecast|050952
21325292,A672,E568,2026-02-02,1,net demand for forecast,21325292|A672|E568|2026-02-02|net demand for forecast|050953
21325292,A672,E568,2026-02-02,1,net demand for forecast,21325292|A672|E568|2026-02-02|net demand for forecast|050954
21325292,A672,E568,2026-02-02,1,net demand for forecast,21325292|A672|E568|2026-02-02|net demand for forecast|050955
21325292,A672,E568,2026-02-02,1,net demand for forecast,21325292|A672|E568|2026-02-02|net demand for forecast|050956
21325292,C816,C563,2026-02-02,1,net demand for safety,21325292|C816|C563|2026-02-02|net demand for safety|050959
21325292,C816,E569,2026-02-02,1,net demand for forecast,21325292|C816|E569|2026-02-02|net demand for forecast|050961
21325292,C816,E569,2026-02-02,1,net demand for forecast,21325292|C816|E569|2026-02-02|net demand for forecast|050962
21325292,C816,E569,2026-02-02,1,net demand for forecast,21325292|C816|E569|2026-02-02|net demand for forecast|050963
21325292,C816,E569,2026-02-02,1,net demand for forecast,21325292|C816|E569|2026-02-02|net demand for forecast|050964
21325292,C816,E569,2026-02-02,1,net demand for forecast,21325292|C816|E569|2026-02-02|net demand for forecast|050965
21325292,C816,E569,2026-02-02,3,net demand for safety,21325292|C816|E569|2026-02-02|net demand for safety|050966
21414747,C816,A668,2026-02-02,4,net demand for safety,21414747|C816|A668|2026-02-02|net demand for safety|050973
21419485,C816,A668,2026-02-02,4,net demand for safety,21419485|C816|A668|2026-02-02|net demand for safety|050975
21428668,C816,A668,2026-02-02,19,net demand for safety,21428668|C816|A668|2026-02-02|net demand for safety|051005
21442422,C816,A668,2026-02-02,7,net demand for safety,21442422|C816|A668|2026-02-02|net demand for safety|051014
21442896,C816,A668,2026-02-02,4,net demand for safety,21442896|C816|A668|2026-02-02|net demand for safety|051023
21442897,C816,A668,2026-02-02,2,net demand for safety,21442897|C816|A668|2026-02-02|net demand for safety|051038
80796091,A673,E564,2026-02-02,1,net demand for safety,80796091|A673|E564|2026-02-02|net demand for safety|051065
80804128,A672,E568,2026-02-02,1,net demand for safety,80804128|A672|E568|2026-02-02|net demand for safety|051069
80804132,A672,E568,2026-02-02,1,net demand for normal,80804132|A672|E568|2026-02-02|net demand for normal|051079
80804133,A672,E568,2026-02-02,4,net demand for safety,80804133|A672|E568|2026-02-02|net demand for safety|051093
80804133,C816,E569,2026-02-02,1,net demand for safety,80804133|C816|E569|2026-02-02|net demand for safety|051110
80804134,C816,D191,2026-02-02,1,net demand for forecast,80804134|C816|D191|2026-02-02|net demand for forecast|051117
80804134,C816,D191,2026-02-02,1,net demand for forecast,80804134|C816|D191|2026-02-02|net demand for forecast|051118
80804134,C816,D191,2026-02-02,1,net demand for forecast,80804134|C816|D191|2026-02-02|net demand for forecast|051119
80804134,C816,D191,2026-02-02,10,net demand for safety,80804134|C816|D191|2026-02-02|net demand for safety|051120
80804134,C816,E467,2026-02-02,1,net demand for forecast,80804134|C816|E467|2026-02-02|net demand for forecast|051121
80804134,C816,E467,2026-02-02,1,net demand for forecast,80804134|C816|E467|2026-02-02|net demand for forecast|051122
80804134,C816,E467,2026-02-02,1,net demand for forecast,80804134|C816|E467|2026-02-02|net demand for forecast|051123
80804134,C816,E467,2026-02-02,1,net demand for forecast,80804134|C816|E467|2026-02-02|net demand for forecast|051124
80804134,C816,E467,2026-02-02,1,net demand for forecast,80804134|C816|E467|2026-02-02|net demand for forecast|051125
80804134,C816,E467,2026-02-02,8,net demand for safety,80804134|C816|E467|2026-02-02|net demand for safety|051126
80804134,C816,E569,2026-02-02,2,net demand for safety,80804134|C816|E569|2026-02-02|net demand for safety|051128
80804698,C816,A668,2026-02-02,2,net demand for safety,80804698|C816|A668|2026-02-02|net demand for safety|051159
80804699,A673,E556,2026-02-02,1,net demand for forecast,80804699|A673|E556|2026-02-02|net demand for forecast|051174
80804699,A673,E556,2026-02-02,1,net demand for forecast,80804699|A673|E556|2026-02-02|net demand for forecast|051175
80804699,A673,E556,2026-02-02,1,net demand for normal,80804699|A673|E556|2026-02-02|net demand for normal|051176
80804701,C816,A668,2026-02-02,1,net demand for forecast,80804701|C816|A668|2026-02-02|net demand for forecast|051190
80804701,C816,A668,2026-02-02,1,net demand for forecast,80804701|C816|A668|2026-02-02|net demand for forecast|051191
80804701,C816,A668,2026-02-02,1,net demand for forecast,80804701|C816|A668|2026-02-02|net demand for forecast|051192
80804701,C816,A668,2026-02-02,1,net demand for forecast,80804701|C816|A668|2026-02-02|net demand for forecast|051193
80804701,C816,A668,2026-02-02,1,net demand for forecast,80804701|C816|A668|2026-02-02|net demand for forecast|051194
80804701,C816,A668,2026-02-02,1,net demand for forecast,80804701|C816|A668|2026-02-02|net demand for forecast|051195
80804701,C816,A668,2026-02-02,22,net demand for safety,80804701|C816|A668|2026-02-02|net demand for safety|051196
80804702,C816,A668,2026-02-02,2,net demand for safety,80804702|C816|A668|2026-02-02|net demand for safety|051198
80804703,C816,A668,2026-02-02,2,net demand for safety,80804703|C816|A668|2026-02-02|net demand for safety|051200
80804704,C816,A668,2026-02-02,3,net demand for forecast,80804704|C816|A668|2026-02-02|net demand for forecast|051230
80804704,C816,A668,2026-02-02,3,net demand for forecast,80804704|C816|A668|2026-02-02|net demand for forecast|051231
80804704,C816,A668,2026-02-02,3,net demand for forecast,80804704|C816|A668|2026-02-02|net demand for forecast|051232
80804704,C816,A668,2026-02-02,3,net demand for forecast,80804704|C816|A668|2026-02-02|net demand for forecast|051233
80804704,C816,A668,2026-02-02,3,net demand for forecast,80804704|C816|A668|2026-02-02|net demand for forecast|051234
80804704,C816,A668,2026-02-02,3,net demand for forecast,80804704|C816|A668|2026-02-02|net demand for forecast|051235
80804704,C816,A668,2026-02-02,33,net demand for safety,80804704|C816|A668|2026-02-02|net demand for safety|051236
80804704,C816,C563,2026-02-02,1,net demand for forecast,80804704|C816|C563|2026-02-02|net demand for forecast|051262
80804704,C816,C563,2026-02-02,1,net demand for forecast,80804704|C816|C563|2026-02-02|net demand for forecast|051263
80804704,C816,C563,2026-02-02,1,net demand for forecast,80804704|C816|C563|2026-02-02|net demand for forecast|051264
80804704,C816,C563,2026-02-02,1,net demand for forecast,80804704|C816|C563|2026-02-02|net demand for forecast|051265
80804704,C816,C563,2026-02-02,1,net demand for forecast,80804704|C816|C563|2026-02-02|net demand for forecast|051266
80804704,C816,C563,2026-02-02,6,net demand for safety,80804704|C816|C563|2026-02-02|net demand for safety|051267
80804704,C816,D191,2026-02-02,1,net demand for safety,80804704|C816|D191|2026-02-02|net demand for safety|051268
80804705,A672,E568,2026-02-02,1,net demand for normal,80804705|A672|E568|2026-02-02|net demand for normal|051269
80804705,C816,A668,2026-02-02,1,net demand for forecast,80804705|C816|A668|2026-02-02|net demand for forecast|051274
80804705,C816,A668,2026-02-02,1,net demand for forecast,80804705|C816|A668|2026-02-02|net demand for forecast|051275
80804705,C816,A668,2026-02-02,1,net demand for forecast,80804705|C816|A668|2026-02-02|net demand for forecast|051276
80804705,C816,A668,2026-02-02,1,net demand for forecast,80804705|C816|A668|2026-02-02|net demand for forecast|051277
80804705,C816,A668,2026-02-02,1,net demand for forecast,80804705|C816|A668|2026-02-02|net demand for forecast|051278
80804705,C816,A668,2026-02-02,1,net demand for forecast,80804705|C816|A668|2026-02-02|net demand for forecast|051279
80804705,C816,A668,2026-02-02,33,net demand for safety,80804705|C816|A668|2026-02-02|net demand for safety|051280
80804705,C816,C563,2026-02-02,1,net demand for forecast,80804705|C816|C563|2026-02-02|net demand for forecast|051303
80804705,C816,C563,2026-02-02,1,net demand for forecast,80804705|C816|C563|2026-02-02|net demand for forecast|051304
80804705,C816,C563,2026-02-02,1,net demand for forecast,80804705|C816|C563|2026-02-02|net demand for forecast|051305
80804705,C816,C563,2026-02-02,1,net demand for forecast,80804705|C816|C563|2026-02-02|net demand for forecast|051306
80804705,C816,C563,2026-02-02,1,net demand for forecast,80804705|C816|C563|2026-02-02|net demand for forecast|051307
80804705,C816,C563,2026-02-02,1,net demand for safety,80804705|C816|C563|2026-02-02|net demand for safety|051308
80804706,C816,A668,2026-02-02,1,net demand for forecast,80804706|C816|A668|2026-02-02|net demand for forecast|051309
80804706,C816,A668,2026-02-02,1,net demand for forecast,80804706|C816|A668|2026-02-02|net demand for forecast|051310
80804706,C816,A668,2026-02-02,1,net demand for forecast,80804706|C816|A668|2026-02-02|net demand for forecast|051311
80804706,C816,A668,2026-02-02,1,net demand for forecast,80804706|C816|A668|2026-02-02|net demand for forecast|051312
80804706,C816,A668,2026-02-02,1,net demand for forecast,80804706|C816|A668|2026-02-02|net demand for forecast|051313
80804706,C816,A668,2026-02-02,1,net demand for forecast,80804706|C816|A668|2026-02-02|net demand for forecast|051314
80804706,C816,A668,2026-02-02,8,net demand for safety,80804706|C816|A668|2026-02-02|net demand for safety|051315
80805852,A673,E564,2026-02-02,2,net demand for safety,80805852|A673|E564|2026-02-02|net demand for safety|051318
80805856,A672,E568,2026-02-02,1,net demand for normal,80805856|A672|E568|2026-02-02|net demand for normal|051320
80807089,C816,A668,2026-02-02,1,net demand for forecast,80807089|C816|A668|2026-02-02|net demand for forecast|051323
80807089,C816,A668,2026-02-02,1,net demand for forecast,80807089|C816|A668|2026-02-02|net demand for forecast|051324
80807089,C816,A668,2026-02-02,1,net demand for forecast,80807089|C816|A668|2026-02-02|net demand for forecast|051325
80807089,C816,A668,2026-02-02,1,net demand for forecast,80807089|C816|A668|2026-02-02|net demand for forecast|051326
80807089,C816,A668,2026-02-02,1,net demand for forecast,80807089|C816|A668|2026-02-02|net demand for forecast|051327
80807091,C816,E569,2026-02-02,1,net demand for safety,80807091|C816|E569|2026-02-02|net demand for safety|051352
80807092,C816,A668,2026-02-02,1,net demand for AO,80807092|C816|A668|2026-02-02|net demand for AO|051356
80807092,C816,A668,2026-02-02,1,net demand for AO,80807092|C816|A668|2026-02-02|net demand for AO|051357
80807092,C816,A668,2026-02-02,1,net demand for AO,80807092|C816|A668|2026-02-02|net demand for AO|051358
80807092,C816,A668,2026-02-02,1,net demand for AO,80807092|C816|A668|2026-02-02|net demand for AO|051359
80807092,C816,A668,2026-02-02,1,net demand for AO,80807092|C816|A668|2026-02-02|net demand for AO|051360
80807092,C816,A668,2026-02-02,1,net demand for AO,80807092|C816|A668|2026-02-02|net demand for AO|051361
80807092,C816,A668,2026-02-02,1,net demand for AO,80807092|C816|A668|2026-02-02|net demand for AO|051362
80807092,C816,A668,2026-02-02,1,net demand for AO,80807092|C816|A668|2026-02-02|net demand for AO|051363
80807092,C816,A668,2026-02-02,1,net demand for AO,80807092|C816|A668|2026-02-02|net demand for AO|051364
80807092,C816,A668,2026-02-02,1,net demand for forecast,80807092|C816|A668|2026-02-02|net demand for forecast|051365
80807092,C816,A668,2026-02-02,2,net demand for forecast,80807092|C816|A668|2026-02-02|net demand for forecast|051366
80807092,C816,A668,2026-02-02,2,net demand for forecast,80807092|C816|A668|2026-02-02|net demand for forecast|051367
80807092,C816,A668,2026-02-02,2,net demand for forecast,80807092|C816|A668|2026-02-02|net demand for forecast|051368
80807092,C816,A668,2026-02-02,2,net demand for forecast,80807092|C816|A668|2026-02-02|net demand for forecast|051369
80807092,C816,A668,2026-02-02,11,net demand for safety,80807092|C816|A668|2026-02-02|net demand for safety|051370
80807095,C816,E569,2026-02-02,21,net demand for safety,80807095|C816|E569|2026-02-02|net demand for safety|051401
80807097,C816,E569,2026-02-02,1,net demand for safety,80807097|C816|E569|2026-02-02|net demand for safety|051409
80807105,C816,E569,2026-02-02,1,net demand for forecast,80807105|C816|E569|2026-02-02|net demand for forecast|051436
80807105,C816,E569,2026-02-02,1,net demand for forecast,80807105|C816|E569|2026-02-02|net demand for forecast|051437
80807105,C816,E569,2026-02-02,1,net demand for forecast,80807105|C816|E569|2026-02-02|net demand for forecast|051438
80807105,C816,E569,2026-02-02,1,net demand for forecast,80807105|C816|E569|2026-02-02|net demand for forecast|051439
80807105,C816,E569,2026-02-02,1,net demand for forecast,80807105|C816|E569|2026-02-02|net demand for forecast|051440
80807105,C816,E569,2026-02-02,1,net demand for forecast,80807105|C816|E569|2026-02-02|net demand for forecast|051441
80807105,C816,E569,2026-02-02,1,net demand for forecast,80807105|C816|E569|2026-02-02|net demand for forecast|051442
80807110,A672,E568,2026-02-02,1,net demand for safety,80807110|A672|E568|2026-02-02|net demand for safety|051444
80807115,A672,E568,2026-02-02,1,net demand for forecast,80807115|A672|E568|2026-02-02|net demand for forecast|051465
80807115,A672,E568,2026-02-02,1,net demand for forecast,80807115|A672|E568|2026-02-02|net demand for forecast|051466
80807120,C816,C563,2026-02-02,1,net demand for forecast,80807120|C816|C563|2026-02-02|net demand for forecast|051488
80807120,C816,C563,2026-02-02,1,net demand for forecast,80807120|C816|C563|2026-02-02|net demand for forecast|051489
80807120,C816,C563,2026-02-02,1,net demand for forecast,80807120|C816|C563|2026-02-02|net demand for forecast|051490
80807120,C816,C563,2026-02-02,1,net demand for forecast,80807120|C816|C563|2026-02-02|net demand for forecast|051491
80807120,C816,C563,2026-02-02,1,net demand for safety,80807120|C816|C563|2026-02-02|net demand for safety|051492
80807120,C816,E569,2026-02-02,4,net demand for safety,80807120|C816|E569|2026-02-02|net demand for safety|051493
80812103,C816,E569,2026-02-02,1,net demand for forecast,80812103|C816|E569|2026-02-02|net demand for forecast|051502
80812103,C816,E569,2026-02-02,1,net demand for forecast,80812103|C816|E569|2026-02-02|net demand for forecast|051503
80812103,C816,E569,2026-02-02,1,net demand for forecast,80812103|C816|E569|2026-02-02|net demand for forecast|051504
80812103,C816,E569,2026-02-02,1,net demand for forecast,80812103|C816|E569|2026-02-02|net demand for forecast|051505
80812103,C816,E569,2026-02-02,1,net demand for forecast,80812103|C816|E569|2026-02-02|net demand for forecast|051506
80812103,C816,E569,2026-02-02,1,net demand for forecast,80812103|C816|E569|2026-02-02|net demand for forecast|051507
80812103,C816,E569,2026-02-02,1,net demand for forecast,80812103|C816|E569|2026-02-02|net demand for forecast|051508
80812338,C816,E569,2026-02-02,1,net demand for safety,80812338|C816|E569|2026-02-02|net demand for safety|051511
80812839,C816,E569,2026-02-02,3,net demand for safety,80812839|C816|E569|2026-02-02|net demand for safety|051514
80812840,A672,E568,2026-02-02,3,net demand for safety,80812840|A672|E568|2026-02-02|net demand for safety|051516
80812846,A672,E568,2026-02-02,1,net demand for safety,80812846|A672|E568|2026-02-02|net demand for safety|051550
80812846,C816,E569,2026-02-02,2,net demand for safety,80812846|C816|E569|2026-02-02|net demand for safety|051553
80838162,A673,E564,2026-02-02,1,net demand for forecast,80838162|A673|E564|2026-02-02|net demand for forecast|051554
80838162,A673,E564,2026-02-02,1,net demand for forecast,80838162|A673|E564|2026-02-02|net demand for forecast|051555
80838162,A673,E564,2026-02-02,1,net demand for forecast,80838162|A673|E564|2026-02-02|net demand for forecast|051556
80838162,A673,E564,2026-02-02,1,net demand for forecast,80838162|A673|E564|2026-02-02|net demand for forecast|051557
80838162,A673,E564,2026-02-02,1,net demand for forecast,80838162|A673|E564|2026-02-02|net demand for forecast|051558
80838162,A673,E564,2026-02-02,1,net demand for normal,80838162|A673|E564|2026-02-02|net demand for normal|051559
80838162,A673,E564,2026-02-02,1,net demand for safety,80838162|A673|E564|2026-02-02|net demand for safety|051560
80848023,C816,E569,2026-02-02,1,net demand for forecast,80848023|C816|E569|2026-02-02|net demand for forecast|051590
80848023,C816,E569,2026-02-02,1,net demand for forecast,80848023|C816|E569|2026-02-02|net demand for forecast|051591
80848023,C816,E569,2026-02-02,1,net demand for forecast,80848023|C816|E569|2026-02-02|net demand for forecast|051592
80848023,C816,E569,2026-02-02,1,net demand for forecast,80848023|C816|E569|2026-02-02|net demand for forecast|051593
80848023,C816,E569,2026-02-02,1,net demand for forecast,80848023|C816|E569|2026-02-02|net demand for forecast|051594
80848023,C816,E569,2026-02-02,1,net demand for forecast,80848023|C816|E569|2026-02-02|net demand for forecast|051595
80848023,C816,E569,2026-02-02,1,net demand for forecast,80848023|C816|E569|2026-02-02|net demand for forecast|051596
80848025,C816,A668,2026-02-02,1,net demand for AO,80848025|C816|A668|2026-02-02|net demand for AO|051612
80848025,C816,A668,2026-02-02,1,net demand for AO,80848025|C816|A668|2026-02-02|net demand for AO|051613
80848025,C816,A668,2026-02-02,1,net demand for AO,80848025|C816|A668|2026-02-02|net demand for AO|051614
80848025,C816,A668,2026-02-02,1,net demand for AO,80848025|C816|A668|2026-02-02|net demand for AO|051615
80848025,C816,A668,2026-02-02,1,net demand for AO,80848025|C816|A668|2026-02-02|net demand for AO|051616
80848025,C816,A668,2026-02-02,1,net demand for AO,80848025|C816|A668|2026-02-02|net demand for AO|051617
80848025,C816,A668,2026-02-02,1,net demand for AO,80848025|C816|A668|2026-02-02|net demand for AO|051618
80848025,C816,A668,2026-02-02,1,net demand for forecast,80848025|C816|A668|2026-02-02|net demand for forecast|051619
80848025,C816,A668,2026-02-02,1,net demand for forecast,80848025|C816|A668|2026-02-02|net demand for forecast|051620
80848025,C816,A668,2026-02-02,1,net demand for forecast,80848025|C816|A668|2026-02-02|net demand for forecast|051621
80848025,C816,A668,2026-02-02,1,net demand for forecast,80848025|C816|A668|2026-02-02|net demand for forecast|051622
80848025,C816,A668,2026-02-02,1,net demand for forecast,80848025|C816|A668|2026-02-02|net demand for forecast|051623
80848025,C816,A668,2026-02-02,1,net demand for forecast,80848025|C816|A668|2026-02-02|net demand for forecast|051624
80848025,C816,A668,2026-02-02,5,net demand for safety,80848025|C816|A668|2026-02-02|net demand for safety|051625
80848026,A672,E568,2026-02-02,2,net demand for normal,80848026|A672|E568|2026-02-02|net demand for normal|051633
80848029,A672,E568,2026-02-02,1,net demand for forecast,80848029|A672|E568|2026-02-02|net demand for forecast|051643
80848029,A672,E568,2026-02-02,1,net demand for forecast,80848029|A672|E568|2026-02-02|net demand for forecast|051644
80848029,C816,D191,2026-02-02,4,net demand for safety,80848029|C816|D191|2026-02-02|net demand for safety|051646
80848029,C816,E569,2026-02-02,2,net demand for safety,80848029|C816|E569|2026-02-02|net demand for safety|051647
80851898,A672,E568,2026-02-02,1,net demand for safety,80851898|A672|E568|2026-02-02|net demand for safety|051656
80864469,A673,C819,2026-02-02,1,net demand for forecast,80864469|A673|C819|2026-02-02|net demand for forecast|051657
80864469,A673,C819,2026-02-02,1,net demand for forecast,80864469|A673|C819|2026-02-02|net demand for forecast|051658
80864469,A673,C819,2026-02-02,1,net demand for forecast,80864469|A673|C819|2026-02-02|net demand for forecast|051659
80864469,A673,C819,2026-02-02,1,net demand for forecast,80864469|A673|C819|2026-02-02|net demand for forecast|051660
80864469,A673,E556,2026-02-02,1,net demand for forecast,80864469|A673|E556|2026-02-02|net demand for forecast|051661
80864469,A673,E556,2026-02-02,1,net demand for forecast,80864469|A673|E556|2026-02-02|net demand for forecast|051662
80864469,A673,E556,2026-02-02,1,net demand for forecast,80864469|A673|E556|2026-02-02|net demand for forecast|051663
80864469,A673,E556,2026-02-02,1,net demand for forecast,80864469|A673|E556|2026-02-02|net demand for forecast|051664
80864469,A673,E556,2026-02-02,1,net demand for forecast,80864469|A673|E556|2026-02-02|net demand for forecast|051665
80864469,A673,E556,2026-02-02,1,net demand for forecast,80864469|A673|E556|2026-02-02|net demand for forecast|051666
80864469,C816,A668,2026-02-02,6,net demand for safety,80864469|C816|A668|2026-02-02|net demand for safety|051667
80864469,C816,E467,2026-02-02,1,net demand for safety,80864469|C816|E467|2026-02-02|net demand for safety|051681
80864469,C816,E569,2026-02-02,3,net demand for safety,80864469|C816|E569|2026-02-02|net demand for safety|051682
80864470,A672,E568,2026-02-02,1,net demand for forecast,80864470|A672|E568|2026-02-02|net demand for forecast|051685
80864470,A672,E568,2026-02-02,1,net demand for forecast,80864470|A672|E568|2026-02-02|net demand for forecast|051686
80864470,A672,E568,2026-02-02,1,net demand for forecast,80864470|A672|E568|2026-02-02|net demand for forecast|051687
80864470,A672,E568,2026-02-02,2,net demand for safety,80864470|A672|E568|2026-02-02|net demand for safety|051688
80868102,C816,A668,2026-02-02,1,net demand for forecast,80868102|C816|A668|2026-02-02|net demand for forecast|051702
80868102,C816,A668,2026-02-02,1,net demand for forecast,80868102|C816|A668|2026-02-02|net demand for forecast|051703
80868102,C816,A668,2026-02-02,1,net demand for forecast,80868102|C816|A668|2026-02-02|net demand for forecast|051704
80868102,C816,A668,2026-02-02,1,net demand for forecast,80868102|C816|A668|2026-02-02|net demand for forecast|051705
80868102,C816,A668,2026-02-02,1,net demand for safety,80868102|C816|A668|2026-02-02|net demand for safety|051706
80884852,C816,A668,2026-02-02,3,net demand for safety,80884852|C816|A668|2026-02-02|net demand for safety|051717
21103371,C816,C563,2026-02-03,2,net demand for safety,21103371|C816|C563|2026-02-03|net demand for safety|051744
21103372,A673,E556,2026-02-03,1,net demand for forecast,21103372|A673|E556|2026-02-03|net demand for forecast|051745
21103372,A673,E556,2026-02-03,1,net demand for forecast,21103372|A673|E556|2026-02-03|net demand for forecast|051746
21103372,A673,E556,2026-02-03,1,net demand for forecast,21103372|A673|E556|2026-02-03|net demand for forecast|051747
21103372,A673,E556,2026-02-03,1,net demand for forecast,21103372|A673|E556|2026-02-03|net demand for forecast|051748
21103372,A673,E556,2026-02-03,1,net demand for forecast,21103372|A673|E556|2026-02-03|net demand for forecast|051749
21103372,A673,E556,2026-02-03,1,net demand for forecast,21103372|A673|E556|2026-02-03|net demand for forecast|051750
21103372,A673,E556,2026-02-03,1,net demand for forecast,21103372|A673|E556|2026-02-03|net demand for forecast|051751
21103372,C810,C937,2026-02-03,4,net demand for safety,21103372|C810|C937|2026-02-03|net demand for safety|051752
21121751,A672,E556,2026-02-03,2,net demand for safety,21121751|A672|E556|2026-02-03|net demand for safety|051755
21121751,A673,E564,2026-02-03,1,net demand for safety,21121751|A673|E564|2026-02-03|net demand for safety|051757
21121752,C816,D767,2026-02-03,1,net demand for safety,21121752|C816|D767|2026-02-03|net demand for safety|051759
21121756,C810,C937,2026-02-03,1,net demand for safety,21121756|C810|C937|2026-02-03|net demand for safety|051760
21127730,C816,C563,2026-02-03,1,net demand for safety,21127730|C816|C563|2026-02-03|net demand for safety|051763
21128067,A673,C819,2026-02-03,1,net demand for safety,21128067|A673|C819|2026-02-03|net demand for safety|051764
21132758,C816,C563,2026-02-03,1,net demand for forecast,21132758|C816|C563|2026-02-03|net demand for forecast|051771
21132758,C816,C563,2026-02-03,1,net demand for forecast,21132758|C816|C563|2026-02-03|net demand for forecast|051772
21132758,C816,C563,2026-02-03,1,net demand for forecast,21132758|C816|C563|2026-02-03|net demand for forecast|051773
21132758,C816,C563,2026-02-03,1,net demand for forecast,21132758|C816|C563|2026-02-03|net demand for forecast|051774
21132758,C816,C563,2026-02-03,1,net demand for forecast,21132758|C816|C563|2026-02-03|net demand for forecast|051775
21132758,C816,C563,2026-02-03,1,net demand for normal,21132758|C816|C563|2026-02-03|net demand for normal|051776
21132758,C816,D191,2026-02-03,1,net demand for forecast,21132758|C816|D191|2026-02-03|net demand for forecast|051777
21132758,C816,D191,2026-02-03,1,net demand for forecast,21132758|C816|D191|2026-02-03|net demand for forecast|051778
21132758,C816,D191,2026-02-03,1,net demand for forecast,21132758|C816|D191|2026-02-03|net demand for forecast|051779
21132758,C816,D191,2026-02-03,1,net demand for forecast,21132758|C816|D191|2026-02-03|net demand for forecast|051780
21132758,C816,D191,2026-02-03,1,net demand for normal,21132758|C816|D191|2026-02-03|net demand for normal|051781
21132988,C816,D191,2026-02-03,2,net demand for safety,21132988|C816|D191|2026-02-03|net demand for safety|051787
21132988,C816,E569,2026-02-03,1,net demand for safety,21132988|C816|E569|2026-02-03|net demand for safety|051796
21137866,A672,E568,2026-02-03,1,net demand for forecast,21137866|A672|E568|2026-02-03|net demand for forecast|051827
21137866,A672,E568,2026-02-03,1,net demand for forecast,21137866|A672|E568|2026-02-03|net demand for forecast|051828
21137866,A672,E568,2026-02-03,1,net demand for forecast,21137866|A672|E568|2026-02-03|net demand for forecast|051829
21137866,A672,E568,2026-02-03,1,net demand for forecast,21137866|A672|E568|2026-02-03|net demand for forecast|051830
21137866,A672,E568,2026-02-03,1,net demand for forecast,21137866|A672|E568|2026-02-03|net demand for forecast|051831
21137866,A672,E568,2026-02-03,1,net demand for forecast,21137866|A672|E568|2026-02-03|net demand for forecast|051832
21137866,A672,E568,2026-02-03,1,net demand for forecast,21137866|A672|E568|2026-02-03|net demand for forecast|051833
21137866,C816,C563,2026-02-03,1,net demand for forecast,21137866|C816|C563|2026-02-03|net demand for forecast|051838
21137866,C816,C563,2026-02-03,1,net demand for forecast,21137866|C816|C563|2026-02-03|net demand for forecast|051839
21137866,C816,C563,2026-02-03,1,net demand for forecast,21137866|C816|C563|2026-02-03|net demand for forecast|051840
21137866,C816,C563,2026-02-03,1,net demand for forecast,21137866|C816|C563|2026-02-03|net demand for forecast|051841
21137866,C816,C563,2026-02-03,1,net demand for forecast,21137866|C816|C563|2026-02-03|net demand for forecast|051842
21139445,C816,A672,2026-02-03,2,net demand for forecast,21139445|C816|A672|2026-02-03|net demand for forecast|051843
21139445,C816,A672,2026-02-03,2,net demand for forecast,21139445|C816|A672|2026-02-03|net demand for forecast|051844
21139445,C816,A672,2026-02-03,2,net demand for forecast,21139445|C816|A672|2026-02-03|net demand for forecast|051845
21139445,C816,A672,2026-02-03,2,net demand for forecast,21139445|C816|A672|2026-02-03|net demand for forecast|051846
21139445,C816,A672,2026-02-03,2,net demand for forecast,21139445|C816|A672|2026-02-03|net demand for forecast|051847
21139445,C816,A672,2026-02-03,2,net demand for forecast,21139445|C816|A672|2026-02-03|net demand for forecast|051848
21139445,C816,A672,2026-02-03,2,net demand for forecast,21139445|C816|A672|2026-02-03|net demand for forecast|051849
21141769,C816,E569,2026-02-03,1,net demand for forecast,21141769|C816|E569|2026-02-03|net demand for forecast|051857
21141769,C816,E569,2026-02-03,1,net demand for forecast,21141769|C816|E569|2026-02-03|net demand for forecast|051858
21141769,C816,E569,2026-02-03,1,net demand for forecast,21141769|C816|E569|2026-02-03|net demand for forecast|051859
21141769,C816,E569,2026-02-03,1,net demand for forecast,21141769|C816|E569|2026-02-03|net demand for forecast|051860
21141769,C816,E569,2026-02-03,1,net demand for forecast,21141769|C816|E569|2026-02-03|net demand for forecast|051861
21143102,C810,C937,2026-02-03,2,net demand for safety,21143102|C810|C937|2026-02-03|net demand for safety|051862
21143102,C816,D191,2026-02-03,1,net demand for forecast,21143102|C816|D191|2026-02-03|net demand for forecast|051863
21143102,C816,D191,2026-02-03,1,net demand for forecast,21143102|C816|D191|2026-02-03|net demand for forecast|051864
21143102,C816,D191,2026-02-03,1,net demand for forecast,21143102|C816|D191|2026-02-03|net demand for forecast|051865
21143102,C816,D191,2026-02-03,1,net demand for forecast,21143102|C816|D191|2026-02-03|net demand for forecast|051866
21143102,C816,D191,2026-02-03,2,net demand for safety,21143102|C816|D191|2026-02-03|net demand for safety|051867
21143110,C816,C563,2026-02-03,1,net demand for safety,21143110|C816|C563|2026-02-03|net demand for safety|051877
21148509,A672,E568,2026-02-03,1,net demand for forecast,21148509|A672|E568|2026-02-03|net demand for forecast|051940
21148509,A672,E568,2026-02-03,1,net demand for forecast,21148509|A672|E568|2026-02-03|net demand for forecast|051941
21148509,A672,E568,2026-02-03,1,net demand for forecast,21148509|A672|E568|2026-02-03|net demand for forecast|051942
21148509,A672,E568,2026-02-03,1,net demand for forecast,21148509|A672|E568|2026-02-03|net demand for forecast|051943
21148509,A672,E568,2026-02-03,1,net demand for forecast,21148509|A672|E568|2026-02-03|net demand for forecast|051944
21162696,A672,E556,2026-02-03,1,net demand for safety,21162696|A672|E556|2026-02-03|net demand for safety|051985
21165946,C810,C937,2026-02-03,2,net demand for safety,21165946|C810|C937|2026-02-03|net demand for safety|051987
21170683,C816,E467,2026-02-03,1,net demand for safety,21170683|C816|E467|2026-02-03|net demand for safety|051993
21275914,C810,C937,2026-02-03,11,net demand for safety,21275914|C810|C937|2026-02-03|net demand for safety|051996
21304907,C816,E569,2026-02-03,2,net demand for safety,21304907|C816|E569|2026-02-03|net demand for safety|051997
21307836,C816,A668,2026-02-03,3,net demand for safety,21307836|C816|A668|2026-02-03|net demand for safety|051998
21307836,C816,A680,2026-02-03,1,net demand for forecast,21307836|C816|A680|2026-02-03|net demand for forecast|052000
21307836,C816,A680,2026-02-03,1,net demand for forecast,21307836|C816|A680|2026-02-03|net demand for forecast|052001
21307836,C816,A680,2026-02-03,1,net demand for forecast,21307836|C816|A680|2026-02-03|net demand for forecast|052002
21307836,C816,A680,2026-02-03,1,net demand for forecast,21307836|C816|A680|2026-02-03|net demand for forecast|052003
21307836,C816,A680,2026-02-03,1,net demand for forecast,21307836|C816|A680|2026-02-03|net demand for forecast|052004
21307836,C816,A680,2026-02-03,1,net demand for forecast,21307836|C816|A680|2026-02-03|net demand for forecast|052005
21307836,C816,A680,2026-02-03,1,net demand for forecast,21307836|C816|A680|2026-02-03|net demand for forecast|052006
21314602,A673,E564,2026-02-03,1,net demand for safety,21314602|A673|E564|2026-02-03|net demand for safety|052009
21314602,C816,E569,2026-02-03,8,net demand for safety,21314602|C816|E569|2026-02-03|net demand for safety|052010
21315350,C816,E569,2026-02-03,1,net demand for safety,21315350|C816|E569|2026-02-03|net demand for safety|052021
21315352,A672,E556,2026-02-03,1,net demand for forecast,21315352|A672|E556|2026-02-03|net demand for forecast|052022
21315352,A672,E556,2026-02-03,1,net demand for forecast,21315352|A672|E556|2026-02-03|net demand for forecast|052023
21315352,A672,E556,2026-02-03,1,net demand for forecast,21315352|A672|E556|2026-02-03|net demand for forecast|052024
21315352,A672,E556,2026-02-03,1,net demand for forecast,21315352|A672|E556|2026-02-03|net demand for forecast|052025
21315352,A672,E556,2026-02-03,1,net demand for forecast,21315352|A672|E556|2026-02-03|net demand for forecast|052026
21315352,C810,C937,2026-02-03,1,net demand for safety,21315352|C810|C937|2026-02-03|net demand for safety|052027
21315352,C816,E569,2026-02-03,1,net demand for safety,21315352|C816|E569|2026-02-03|net demand for safety|052028
21315474,C816,E569,2026-02-03,1,net demand for forecast,21315474|C816|E569|2026-02-03|net demand for forecast|052030
21315474,C816,E569,2026-02-03,1,net demand for forecast,21315474|C816|E569|2026-02-03|net demand for forecast|052031
21315474,C816,E569,2026-02-03,1,net demand for forecast,21315474|C816|E569|2026-02-03|net demand for forecast|052032
21315474,C816,E569,2026-02-03,1,net demand for forecast,21315474|C816|E569|2026-02-03|net demand for forecast|052033
21315474,C816,E569,2026-02-03,1,net demand for forecast,21315474|C816|E569|2026-02-03|net demand for forecast|052034
21315474,C816,E569,2026-02-03,4,net demand for safety,21315474|C816|E569|2026-02-03|net demand for safety|052035
21325164,A672,E556,2026-02-03,2,net demand for forecast,21325164|A672|E556|2026-02-03|net demand for forecast|052036
21325164,A672,E556,2026-02-03,2,net demand for forecast,21325164|A672|E556|2026-02-03|net demand for forecast|052037
21325164,A672,E556,2026-02-03,2,net demand for forecast,21325164|A672|E556|2026-02-03|net demand for forecast|052038
21325164,A672,E556,2026-02-03,2,net demand for forecast,21325164|A672|E556|2026-02-03|net demand for forecast|052039
21325164,A672,E556,2026-02-03,2,net demand for forecast,21325164|A672|E556|2026-02-03|net demand for forecast|052040
21325164,A672,E556,2026-02-03,1,net demand for normal,21325164|A672|E556|2026-02-03|net demand for normal|052041
21325164,A672,E556,2026-02-03,24,net demand for safety,21325164|A672|E556|2026-02-03|net demand for safety|052042
21377504,C816,D767,2026-02-03,1,net demand for safety,21377504|C816|D767|2026-02-03|net demand for safety|052045
21414747,C816,A668,2026-02-03,22,net demand for safety,21414747|C816|A668|2026-02-03|net demand for safety|052046
21419485,C816,A668,2026-02-03,20,net demand for safety,21419485|C816|A668|2026-02-03|net demand for safety|052049
21419485,C816,A672,2026-02-03,8,net demand for forecast,21419485|C816|A672|2026-02-03|net demand for forecast|052050
21419485,C816,A672,2026-02-03,8,net demand for forecast,21419485|C816|A672|2026-02-03|net demand for forecast|052051
21419485,C816,A672,2026-02-03,8,net demand for forecast,21419485|C816|A672|2026-02-03|net demand for forecast|052052
21419485,C816,A672,2026-02-03,8,net demand for forecast,21419485|C816|A672|2026-02-03|net demand for forecast|052053
21419485,C816,A672,2026-02-03,8,net demand for forecast,21419485|C816|A672|2026-02-03|net demand for forecast|052054
21419485,C816,A672,2026-02-03,8,net demand for forecast,21419485|C816|A672|2026-02-03|net demand for forecast|052055
21419485,C816,A672,2026-02-03,8,net demand for forecast,21419485|C816|A672|2026-02-03|net demand for forecast|052056
21419485,C816,A680,2026-02-03,5,net demand for forecast,21419485|C816|A680|2026-02-03|net demand for forecast|052058
21419485,C816,A680,2026-02-03,5,net demand for forecast,21419485|C816|A680|2026-02-03|net demand for forecast|052059
21419485,C816,A680,2026-02-03,5,net demand for forecast,21419485|C816|A680|2026-02-03|net demand for forecast|052060
21419485,C816,A680,2026-02-03,5,net demand for forecast,21419485|C816|A680|2026-02-03|net demand for forecast|052061
21419485,C816,A680,2026-02-03,5,net demand for forecast,21419485|C816|A680|2026-02-03|net demand for forecast|052062
21419485,C816,A680,2026-02-03,5,net demand for forecast,21419485|C816|A680|2026-02-03|net demand for forecast|052063
21419485,C816,A680,2026-02-03,5,net demand for forecast,21419485|C816|A680|2026-02-03|net demand for forecast|052064
21419500,C816,A668,2026-02-03,3,net demand for safety,21419500|C816|A668|2026-02-03|net demand for safety|052065
21419500,C816,A672,2026-02-03,2,net demand for forecast,21419500|C816|A672|2026-02-03|net demand for forecast|052066
21419500,C816,A672,2026-02-03,2,net demand for forecast,21419500|C816|A672|2026-02-03|net demand for forecast|052067
21419500,C816,A672,2026-02-03,2,net demand for forecast,21419500|C816|A672|2026-02-03|net demand for forecast|052068
21419500,C816,A672,2026-02-03,2,net demand for forecast,21419500|C816|A672|2026-02-03|net demand for forecast|052069
21419500,C816,A672,2026-02-03,2,net demand for forecast,21419500|C816|A672|2026-02-03|net demand for forecast|052070
21419500,C816,A672,2026-02-03,2,net demand for forecast,21419500|C816|A672|2026-02-03|net demand for forecast|052071
21419500,C816,A672,2026-02-03,2,net demand for forecast,21419500|C816|A672|2026-02-03|net demand for forecast|052072
21419500,C816,A680,2026-02-03,1,net demand for forecast,21419500|C816|A680|2026-02-03|net demand for forecast|052074
21419500,C816,A680,2026-02-03,1,net demand for forecast,21419500|C816|A680|2026-02-03|net demand for forecast|052075
21419500,C816,A680,2026-02-03,1,net demand for forecast,21419500|C816|A680|2026-02-03|net demand for forecast|052076
21419500,C816,A680,2026-02-03,1,net demand for forecast,21419500|C816|A680|2026-02-03|net demand for forecast|052077
21419500,C816,A680,2026-02-03,1,net demand for forecast,21419500|C816|A680|2026-02-03|net demand for forecast|052078
21419500,C816,A680,2026-02-03,1,net demand for forecast,21419500|C816|A680|2026-02-03|net demand for forecast|052079
21419500,C816,A680,2026-02-03,1,net demand for forecast,21419500|C816|A680|2026-02-03|net demand for forecast|052080
21428668,C816,A668,2026-02-03,19,net demand for safety,21428668|C816|A668|2026-02-03|net demand for safety|052081
21428668,C816,A672,2026-02-03,5,net demand for forecast,21428668|C816|A672|2026-02-03|net demand for forecast|052082
21428668,C816,A672,2026-02-03,5,net demand for forecast,21428668|C816|A672|2026-02-03|net demand for forecast|052083
21428668,C816,A672,2026-02-03,5,net demand for forecast,21428668|C816|A672|2026-02-03|net demand for forecast|052084
21428668,C816,A672,2026-02-03,5,net demand for forecast,21428668|C816|A672|2026-02-03|net demand for forecast|052085
21428668,C816,A672,2026-02-03,5,net demand for forecast,21428668|C816|A672|2026-02-03|net demand for forecast|052086
21428668,C816,A672,2026-02-03,5,net demand for forecast,21428668|C816|A672|2026-02-03|net demand for forecast|052087
21428668,C816,A672,2026-02-03,5,net demand for forecast,21428668|C816|A672|2026-02-03|net demand for forecast|052088
21428668,C816,A680,2026-02-03,6,net demand for forecast,21428668|C816|A680|2026-02-03|net demand for forecast|052090
21428668,C816,A680,2026-02-03,6,net demand for forecast,21428668|C816|A680|2026-02-03|net demand for forecast|052091
21428668,C816,A680,2026-02-03,6,net demand for forecast,21428668|C816|A680|2026-02-03|net demand for forecast|052092
21428668,C816,A680,2026-02-03,6,net demand for forecast,21428668|C816|A680|2026-02-03|net demand for forecast|052093
21428668,C816,A680,2026-02-03,6,net demand for forecast,21428668|C816|A680|2026-02-03|net demand for forecast|052094
21428668,C816,A680,2026-02-03,6,net demand for forecast,21428668|C816|A680|2026-02-03|net demand for forecast|052095
21428668,C816,A680,2026-02-03,6,net demand for forecast,21428668|C816|A680|2026-02-03|net demand for forecast|052096
21442422,C816,A668,2026-02-03,14,net demand for safety,21442422|C816|A668|2026-02-03|net demand for safety|052097
21442422,C816,A680,2026-02-03,3,net demand for forecast,21442422|C816|A680|2026-02-03|net demand for forecast|052099
21442422,C816,A680,2026-02-03,3,net demand for forecast,21442422|C816|A680|2026-02-03|net demand for forecast|052100
21442422,C816,A680,2026-02-03,3,net demand for forecast,21442422|C816|A680|2026-02-03|net demand for forecast|052101
21442422,C816,A680,2026-02-03,3,net demand for forecast,21442422|C816|A680|2026-02-03|net demand for forecast|052102
21442422,C816,A680,2026-02-03,3,net demand for forecast,21442422|C816|A680|2026-02-03|net demand for forecast|052103
21442422,C816,A680,2026-02-03,3,net demand for forecast,21442422|C816|A680|2026-02-03|net demand for forecast|052104
21442422,C816,A680,2026-02-03,3,net demand for forecast,21442422|C816|A680|2026-02-03|net demand for forecast|052105
21442422,C816,A680,2026-02-03,1,net demand for normal,21442422|C816|A680|2026-02-03|net demand for normal|052106
21442896,C816,A668,2026-02-03,10,net demand for safety,21442896|C816|A668|2026-02-03|net demand for safety|052107
21442896,C816,A672,2026-02-03,1,net demand for forecast,21442896|C816|A672|2026-02-03|net demand for forecast|052108
21442896,C816,A672,2026-02-03,1,net demand for forecast,21442896|C816|A672|2026-02-03|net demand for forecast|052109
21442896,C816,A672,2026-02-03,1,net demand for forecast,21442896|C816|A672|2026-02-03|net demand for forecast|052110
21442896,C816,A672,2026-02-03,1,net demand for forecast,21442896|C816|A672|2026-02-03|net demand for forecast|052111
21442896,C816,A672,2026-02-03,1,net demand for forecast,21442896|C816|A672|2026-02-03|net demand for forecast|052112
21442896,C816,A672,2026-02-03,1,net demand for forecast,21442896|C816|A672|2026-02-03|net demand for forecast|052113
21442896,C816,A672,2026-02-03,1,net demand for forecast,21442896|C816|A672|2026-02-03|net demand for forecast|052114
21442896,C816,A680,2026-02-03,3,net demand for forecast,21442896|C816|A680|2026-02-03|net demand for forecast|052116
21442896,C816,A680,2026-02-03,3,net demand for forecast,21442896|C816|A680|2026-02-03|net demand for forecast|052117
21442896,C816,A680,2026-02-03,3,net demand for forecast,21442896|C816|A680|2026-02-03|net demand for forecast|052118
21442896,C816,A680,2026-02-03,3,net demand for forecast,21442896|C816|A680|2026-02-03|net demand for forecast|052119
21442896,C816,A680,2026-02-03,3,net demand for forecast,21442896|C816|A680|2026-02-03|net demand for forecast|052120
21442896,C816,A680,2026-02-03,3,net demand for forecast,21442896|C816|A680|2026-02-03|net demand for forecast|052121
21442896,C816,A680,2026-02-03,3,net demand for forecast,21442896|C816|A680|2026-02-03|net demand for forecast|052122
21442897,C816,A668,2026-02-03,9,net demand for safety,21442897|C816|A668|2026-02-03|net demand for safety|052123
21442897,C816,A672,2026-02-03,2,net demand for forecast,21442897|C816|A672|2026-02-03|net demand for forecast|052124
21442897,C816,A672,2026-02-03,2,net demand for forecast,21442897|C816|A672|2026-02-03|net demand for forecast|052125
21442897,C816,A672,2026-02-03,2,net demand for forecast,21442897|C816|A672|2026-02-03|net demand for forecast|052126
21442897,C816,A672,2026-02-03,2,net demand for forecast,21442897|C816|A672|2026-02-03|net demand for forecast|052127
21442897,C816,A672,2026-02-03,2,net demand for forecast,21442897|C816|A672|2026-02-03|net demand for forecast|052128
21442897,C816,A672,2026-02-03,2,net demand for forecast,21442897|C816|A672|2026-02-03|net demand for forecast|052129
21442897,C816,A672,2026-02-03,2,net demand for forecast,21442897|C816|A672|2026-02-03|net demand for forecast|052130
21442897,C816,A680,2026-02-03,1,net demand for forecast,21442897|C816|A680|2026-02-03|net demand for forecast|052132
21442897,C816,A680,2026-02-03,1,net demand for forecast,21442897|C816|A680|2026-02-03|net demand for forecast|052133
21442897,C816,A680,2026-02-03,1,net demand for forecast,21442897|C816|A680|2026-02-03|net demand for forecast|052134
21442897,C816,A680,2026-02-03,1,net demand for forecast,21442897|C816|A680|2026-02-03|net demand for forecast|052135
21442897,C816,A680,2026-02-03,1,net demand for forecast,21442897|C816|A680|2026-02-03|net demand for forecast|052136
21442897,C816,A680,2026-02-03,1,net demand for forecast,21442897|C816|A680|2026-02-03|net demand for forecast|052137
21442897,C816,A680,2026-02-03,1,net demand for forecast,21442897|C816|A680|2026-02-03|net demand for forecast|052138
21447518,C816,A672,2026-02-03,1,net demand for net demand for forecast,21447518|C816|A672|2026-02-03|net demand for net demand for forecast|052139
21447518,C816,A672,2026-02-03,2,net demand for net demand for safety,21447518|C816|A672|2026-02-03|net demand for net demand for safety|052140
21447518,C816,A672,2026-02-03,3,net demand for net demand for safety,21447518|C816|A672|2026-02-03|net demand for net demand for safety|052141
80796091,C816,C937,2026-02-03,1,net demand for safety,80796091|C816|C937|2026-02-03|net demand for safety|052143
80804128,A672,E556,2026-02-03,4,net demand for safety,80804128|A672|E556|2026-02-03|net demand for safety|052144
80804128,C810,C937,2026-02-03,1,net demand for forecast,80804128|C810|C937|2026-02-03|net demand for forecast|052145
80804128,C810,C937,2026-02-03,1,net demand for forecast,80804128|C810|C937|2026-02-03|net demand for forecast|052146
80804128,C810,C937,2026-02-03,1,net demand for forecast,80804128|C810|C937|2026-02-03|net demand for forecast|052147
80804128,C810,C937,2026-02-03,1,net demand for forecast,80804128|C810|C937|2026-02-03|net demand for forecast|052148
80804128,C810,C937,2026-02-03,1,net demand for forecast,80804128|C810|C937|2026-02-03|net demand for forecast|052149
80804128,C810,C937,2026-02-03,1,net demand for safety,80804128|C810|C937|2026-02-03|net demand for safety|052150
80804130,A672,E556,2026-02-03,5,net demand for safety,80804130|A672|E556|2026-02-03|net demand for safety|052153
80804132,A672,E556,2026-02-03,2,net demand for forecast,80804132|A672|E556|2026-02-03|net demand for forecast|052157
80804132,A672,E556,2026-02-03,2,net demand for forecast,80804132|A672|E556|2026-02-03|net demand for forecast|052158
80804132,A672,E556,2026-02-03,2,net demand for forecast,80804132|A672|E556|2026-02-03|net demand for forecast|052159
80804132,A672,E556,2026-02-03,3,net demand for forecast,80804132|A672|E556|2026-02-03|net demand for forecast|052160
80804132,A672,E556,2026-02-03,3,net demand for forecast,80804132|A672|E556|2026-02-03|net demand for forecast|052161
80804132,A672,E556,2026-02-03,26,net demand for safety,80804132|A672|E556|2026-02-03|net demand for safety|052162
80804132,A672,E568,2026-02-03,1,net demand for forecast,80804132|A672|E568|2026-02-03|net demand for forecast|052163
80804132,A672,E568,2026-02-03,1,net demand for forecast,80804132|A672|E568|2026-02-03|net demand for forecast|052164
80804132,A672,E568,2026-02-03,1,net demand for forecast,80804132|A672|E568|2026-02-03|net demand for forecast|052165
80804132,A672,E568,2026-02-03,1,net demand for safety,80804132|A672|E568|2026-02-03|net demand for safety|052166
80804132,C810,C937,2026-02-03,1,net demand for forecast,80804132|C810|C937|2026-02-03|net demand for forecast|052167
80804132,C810,C937,2026-02-03,1,net demand for forecast,80804132|C810|C937|2026-02-03|net demand for forecast|052168
80804132,C810,C937,2026-02-03,1,net demand for forecast,80804132|C810|C937|2026-02-03|net demand for forecast|052169
80804132,C810,C937,2026-02-03,1,net demand for forecast,80804132|C810|C937|2026-02-03|net demand for forecast|052170
80804132,C810,C937,2026-02-03,1,net demand for forecast,80804132|C810|C937|2026-02-03|net demand for forecast|052171
80804132,C810,C937,2026-02-03,1,net demand for forecast,80804132|C810|C937|2026-02-03|net demand for forecast|052172
80804132,C810,C937,2026-02-03,1,net demand for forecast,80804132|C810|C937|2026-02-03|net demand for forecast|052173
80804133,C816,E569,2026-02-03,1,net demand for forecast,80804133|C816|E569|2026-02-03|net demand for forecast|052189
80804133,C816,E569,2026-02-03,1,net demand for forecast,80804133|C816|E569|2026-02-03|net demand for forecast|052190
80804133,C816,E569,2026-02-03,1,net demand for forecast,80804133|C816|E569|2026-02-03|net demand for forecast|052191
80804133,C816,E569,2026-02-03,1,net demand for forecast,80804133|C816|E569|2026-02-03|net demand for forecast|052192
80804133,C816,E569,2026-02-03,1,net demand for forecast,80804133|C816|E569|2026-02-03|net demand for forecast|052193
80804133,C816,E569,2026-02-03,1,net demand for forecast,80804133|C816|E569|2026-02-03|net demand for forecast|052194
80804133,C816,E569,2026-02-03,1,net demand for forecast,80804133|C816|E569|2026-02-03|net demand for forecast|052195
80804134,C810,C937,2026-02-03,3,net demand for forecast,80804134|C810|C937|2026-02-03|net demand for forecast|052197
80804134,C810,C937,2026-02-03,3,net demand for forecast,80804134|C810|C937|2026-02-03|net demand for forecast|052198
80804134,C810,C937,2026-02-03,4,net demand for forecast,80804134|C810|C937|2026-02-03|net demand for forecast|052199
80804134,C810,C937,2026-02-03,4,net demand for forecast,80804134|C810|C937|2026-02-03|net demand for forecast|052200
80804134,C810,C937,2026-02-03,4,net demand for forecast,80804134|C810|C937|2026-02-03|net demand for forecast|052201
80804134,C810,C937,2026-02-03,4,net demand for forecast,80804134|C810|C937|2026-02-03|net demand for forecast|052202
80804134,C810,C937,2026-02-03,4,net demand for forecast,80804134|C810|C937|2026-02-03|net demand for forecast|052203
80804134,C810,C937,2026-02-03,30,net demand for safety,80804134|C810|C937|2026-02-03|net demand for safety|052204
80804134,C816,E569,2026-02-03,5,net demand for safety,80804134|C816|E569|2026-02-03|net demand for safety|052207
80804138,A672,E556,2026-02-03,3,net demand for safety,80804138|A672|E556|2026-02-03|net demand for safety|052223
80804138,C810,C937,2026-02-03,1,net demand for forecast,80804138|C810|C937|2026-02-03|net demand for forecast|052225
80804138,C810,C937,2026-02-03,1,net demand for forecast,80804138|C810|C937|2026-02-03|net demand for forecast|052226
80804138,C810,C937,2026-02-03,1,net demand for forecast,80804138|C810|C937|2026-02-03|net demand for forecast|052227
80804138,C810,C937,2026-02-03,2,net demand for forecast,80804138|C810|C937|2026-02-03|net demand for forecast|052228
80804138,C810,C937,2026-02-03,2,net demand for forecast,80804138|C810|C937|2026-02-03|net demand for forecast|052229
80804138,C810,C937,2026-02-03,2,net demand for forecast,80804138|C810|C937|2026-02-03|net demand for forecast|052230
80804138,C810,C937,2026-02-03,2,net demand for forecast,80804138|C810|C937|2026-02-03|net demand for forecast|052231
80804138,C810,C937,2026-02-03,4,net demand for safety,80804138|C810|C937|2026-02-03|net demand for safety|052232
80804698,C816,A672,2026-02-03,2,net demand for forecast,80804698|C816|A672|2026-02-03|net demand for forecast|052239
80804698,C816,A672,2026-02-03,2,net demand for forecast,80804698|C816|A672|2026-02-03|net demand for forecast|052240
80804698,C816,A672,2026-02-03,2,net demand for forecast,80804698|C816|A672|2026-02-03|net demand for forecast|052241
80804698,C816,A672,2026-02-03,2,net demand for forecast,80804698|C816|A672|2026-02-03|net demand for forecast|052242
80804698,C816,A672,2026-02-03,2,net demand for forecast,80804698|C816|A672|2026-02-03|net demand for forecast|052243
80804698,C816,A672,2026-02-03,2,net demand for forecast,80804698|C816|A672|2026-02-03|net demand for forecast|052244
80804698,C816,A672,2026-02-03,2,net demand for forecast,80804698|C816|A672|2026-02-03|net demand for forecast|052245
80804701,C816,A672,2026-02-03,1,net demand for forecast,80804701|C816|A672|2026-02-03|net demand for forecast|052252
80804701,C816,A672,2026-02-03,1,net demand for forecast,80804701|C816|A672|2026-02-03|net demand for forecast|052253
80804701,C816,A672,2026-02-03,1,net demand for forecast,80804701|C816|A672|2026-02-03|net demand for forecast|052254
80804701,C816,A672,2026-02-03,1,net demand for forecast,80804701|C816|A672|2026-02-03|net demand for forecast|052255
80804701,C816,A672,2026-02-03,1,net demand for forecast,80804701|C816|A672|2026-02-03|net demand for forecast|052256
80804701,C816,A672,2026-02-03,1,net demand for forecast,80804701|C816|A672|2026-02-03|net demand for forecast|052257
80804701,C816,A672,2026-02-03,1,net demand for forecast,80804701|C816|A672|2026-02-03|net demand for forecast|052258
80804703,C816,A668,2026-02-03,1,net demand for safety,80804703|C816|A668|2026-02-03|net demand for safety|052262
80804703,C816,A672,2026-02-03,1,net demand for forecast,80804703|C816|A672|2026-02-03|net demand for forecast|052263
80804703,C816,A672,2026-02-03,1,net demand for forecast,80804703|C816|A672|2026-02-03|net demand for forecast|052264
80804703,C816,A672,2026-02-03,1,net demand for forecast,80804703|C816|A672|2026-02-03|net demand for forecast|052265
80804703,C816,A672,2026-02-03,1,net demand for forecast,80804703|C816|A672|2026-02-03|net demand for forecast|052266
80804703,C816,A672,2026-02-03,1,net demand for forecast,80804703|C816|A672|2026-02-03|net demand for forecast|052267
80804703,C816,A672,2026-02-03,1,net demand for forecast,80804703|C816|A672|2026-02-03|net demand for forecast|052268
80804703,C816,A672,2026-02-03,1,net demand for forecast,80804703|C816|A672|2026-02-03|net demand for forecast|052269
80804704,C810,C937,2026-02-03,1,net demand for forecast,80804704|C810|C937|2026-02-03|net demand for forecast|052270
80804704,C810,C937,2026-02-03,1,net demand for forecast,80804704|C810|C937|2026-02-03|net demand for forecast|052271
80804704,C810,C937,2026-02-03,1,net demand for forecast,80804704|C810|C937|2026-02-03|net demand for forecast|052272
80804704,C810,C937,2026-02-03,1,net demand for forecast,80804704|C810|C937|2026-02-03|net demand for forecast|052273
80804704,C810,C937,2026-02-03,1,net demand for forecast,80804704|C810|C937|2026-02-03|net demand for forecast|052274
80804704,C810,C937,2026-02-03,1,net demand for forecast,80804704|C810|C937|2026-02-03|net demand for forecast|052275
80804704,C810,C937,2026-02-03,1,net demand for forecast,80804704|C810|C937|2026-02-03|net demand for forecast|052276
80804704,C810,C937,2026-02-03,8,net demand for safety,80804704|C810|C937|2026-02-03|net demand for safety|052277
80804704,C816,A672,2026-02-03,10,net demand for forecast,80804704|C816|A672|2026-02-03|net demand for forecast|052291
80804704,C816,A672,2026-02-03,10,net demand for forecast,80804704|C816|A672|2026-02-03|net demand for forecast|052292
80804704,C816,A672,2026-02-03,13,net demand for forecast,80804704|C816|A672|2026-02-03|net demand for forecast|052293
80804704,C816,A672,2026-02-03,13,net demand for forecast,80804704|C816|A672|2026-02-03|net demand for forecast|052294
80804704,C816,A672,2026-02-03,13,net demand for forecast,80804704|C816|A672|2026-02-03|net demand for forecast|052295
80804704,C816,A672,2026-02-03,13,net demand for forecast,80804704|C816|A672|2026-02-03|net demand for forecast|052296
80804704,C816,A672,2026-02-03,13,net demand for forecast,80804704|C816|A672|2026-02-03|net demand for forecast|052297
80804704,C816,A672,2026-02-03,1,net demand for net demand for forecast,80804704|C816|A672|2026-02-03|net demand for net demand for forecast|052298
80804704,C816,A672,2026-02-03,1,net demand for net demand for forecast,80804704|C816|A672|2026-02-03|net demand for net demand for forecast|052299
80804704,C816,A672,2026-02-03,1,net demand for net demand for forecast,80804704|C816|A672|2026-02-03|net demand for net demand for forecast|052300
80804704,C816,A672,2026-02-03,1,net demand for net demand for forecast,80804704|C816|A672|2026-02-03|net demand for net demand for forecast|052301
80804704,C816,A672,2026-02-03,1,net demand for net demand for forecast,80804704|C816|A672|2026-02-03|net demand for net demand for forecast|052302
80804704,C816,A672,2026-02-03,1,net demand for net demand for forecast,80804704|C816|A672|2026-02-03|net demand for net demand for forecast|052303
80804704,C816,A672,2026-02-03,1,net demand for net demand for forecast,80804704|C816|A672|2026-02-03|net demand for net demand for forecast|052304
80804704,C816,A672,2026-02-03,7,net demand for net demand for safety,80804704|C816|A672|2026-02-03|net demand for net demand for safety|052305
80804704,C816,C563,2026-02-03,1,net demand for forecast,80804704|C816|C563|2026-02-03|net demand for forecast|052323
80804704,C816,C563,2026-02-03,1,net demand for forecast,80804704|C816|C563|2026-02-03|net demand for forecast|052324
80804704,C816,C563,2026-02-03,1,net demand for forecast,80804704|C816|C563|2026-02-03|net demand for forecast|052325
80804704,C816,C563,2026-02-03,1,net demand for forecast,80804704|C816|C563|2026-02-03|net demand for forecast|052326
80804704,C816,C563,2026-02-03,1,net demand for forecast,80804704|C816|C563|2026-02-03|net demand for forecast|052327
80804704,C816,C563,2026-02-03,5,net demand for safety,80804704|C816|C563|2026-02-03|net demand for safety|052328
80804704,C816,D191,2026-02-03,2,net demand for safety,80804704|C816|D191|2026-02-03|net demand for safety|052329
80804705,A672,E568,2026-02-03,1,net demand for normal,80804705|A672|E568|2026-02-03|net demand for normal|052338
80804705,C816,A672,2026-02-03,1,net demand for forecast,80804705|C816|A672|2026-02-03|net demand for forecast|052344
80804705,C816,A672,2026-02-03,3,net demand for forecast,80804705|C816|A672|2026-02-03|net demand for forecast|052345
80804705,C816,A672,2026-02-03,3,net demand for forecast,80804705|C816|A672|2026-02-03|net demand for forecast|052346
80804705,C816,A672,2026-02-03,3,net demand for forecast,80804705|C816|A672|2026-02-03|net demand for forecast|052347
80804705,C816,A672,2026-02-03,3,net demand for forecast,80804705|C816|A672|2026-02-03|net demand for forecast|052348
80804705,C816,A672,2026-02-03,3,net demand for forecast,80804705|C816|A672|2026-02-03|net demand for forecast|052349
80804705,C816,A672,2026-02-03,1,net demand for net demand for forecast,80804705|C816|A672|2026-02-03|net demand for net demand for forecast|052350
80804705,C816,A672,2026-02-03,1,net demand for net demand for forecast,80804705|C816|A672|2026-02-03|net demand for net demand for forecast|052351
80804705,C816,A672,2026-02-03,1,net demand for net demand for forecast,80804705|C816|A672|2026-02-03|net demand for net demand for forecast|052352
80804705,C816,A672,2026-02-03,1,net demand for net demand for forecast,80804705|C816|A672|2026-02-03|net demand for net demand for forecast|052353
80804705,C816,A672,2026-02-03,1,net demand for net demand for forecast,80804705|C816|A672|2026-02-03|net demand for net demand for forecast|052354
80804705,C816,A672,2026-02-03,1,net demand for net demand for forecast,80804705|C816|A672|2026-02-03|net demand for net demand for forecast|052355
80804705,C816,A672,2026-02-03,1,net demand for net demand for forecast,80804705|C816|A672|2026-02-03|net demand for net demand for forecast|052356
80804705,C816,A680,2026-02-03,2,net demand for forecast,80804705|C816|A680|2026-02-03|net demand for forecast|052358
80804705,C816,A680,2026-02-03,2,net demand for forecast,80804705|C816|A680|2026-02-03|net demand for forecast|052359
80804705,C816,A680,2026-02-03,2,net demand for forecast,80804705|C816|A680|2026-02-03|net demand for forecast|052360
80804705,C816,A680,2026-02-03,2,net demand for forecast,80804705|C816|A680|2026-02-03|net demand for forecast|052361
80804705,C816,A680,2026-02-03,2,net demand for forecast,80804705|C816|A680|2026-02-03|net demand for forecast|052362
80804705,C816,A680,2026-02-03,2,net demand for forecast,80804705|C816|A680|2026-02-03|net demand for forecast|052363
80804705,C816,A680,2026-02-03,2,net demand for forecast,80804705|C816|A680|2026-02-03|net demand for forecast|052364
80804706,C816,A672,2026-02-03,1,net demand for forecast,80804706|C816|A672|2026-02-03|net demand for forecast|052366
80804706,C816,A672,2026-02-03,1,net demand for forecast,80804706|C816|A672|2026-02-03|net demand for forecast|052367
80804706,C816,A672,2026-02-03,1,net demand for forecast,80804706|C816|A672|2026-02-03|net demand for forecast|052368
80804706,C816,A672,2026-02-03,1,net demand for forecast,80804706|C816|A672|2026-02-03|net demand for forecast|052369
80804706,C816,A672,2026-02-03,1,net demand for forecast,80804706|C816|A672|2026-02-03|net demand for forecast|052370
80804706,C816,A672,2026-02-03,1,net demand for forecast,80804706|C816|A672|2026-02-03|net demand for forecast|052371
80804706,C816,A672,2026-02-03,1,net demand for forecast,80804706|C816|A672|2026-02-03|net demand for forecast|052372
80805856,A672,E556,2026-02-03,1,net demand for forecast,80805856|A672|E556|2026-02-03|net demand for forecast|052480
80805856,A672,E556,2026-02-03,1,net demand for forecast,80805856|A672|E556|2026-02-03|net demand for forecast|052481
80805856,A672,E556,2026-02-03,1,net demand for forecast,80805856|A672|E556|2026-02-03|net demand for forecast|052482
80805856,A672,E556,2026-02-03,1,net demand for forecast,80805856|A672|E556|2026-02-03|net demand for forecast|052483
80805856,A672,E556,2026-02-03,2,net demand for forecast,80805856|A672|E556|2026-02-03|net demand for forecast|052484
80805856,C810,C937,2026-02-03,2,net demand for normal,80805856|C810|C937|2026-02-03|net demand for normal|052485
80807089,C816,A680,2026-02-03,1,net demand for forecast,80807089|C816|A680|2026-02-03|net demand for forecast|052493
80807089,C816,A680,2026-02-03,2,net demand for forecast,80807089|C816|A680|2026-02-03|net demand for forecast|052494
80807089,C816,A680,2026-02-03,2,net demand for forecast,80807089|C816|A680|2026-02-03|net demand for forecast|052495
80807089,C816,A680,2026-02-03,2,net demand for forecast,80807089|C816|A680|2026-02-03|net demand for forecast|052496
80807089,C816,A680,2026-02-03,3,net demand for forecast,80807089|C816|A680|2026-02-03|net demand for forecast|052497
80807089,C816,A680,2026-02-03,3,net demand for forecast,80807089|C816|A680|2026-02-03|net demand for forecast|052498
80807089,C816,A680,2026-02-03,3,net demand for forecast,80807089|C816|A680|2026-02-03|net demand for forecast|052499
80807091,A672,E556,2026-02-03,1,net demand for safety,80807091|A672|E556|2026-02-03|net demand for safety|052508
80807091,C816,E569,2026-02-03,3,net demand for safety,80807091|C816|E569|2026-02-03|net demand for safety|052512
80807092,A672,E556,2026-02-03,3,net demand for safety,80807092|A672|E556|2026-02-03|net demand for safety|052513
80807092,C816,A668,2026-02-03,1,net demand for AO,80807092|C816|A668|2026-02-03|net demand for AO|052516
80807092,C816,A668,2026-02-03,1,net demand for AO,80807092|C816|A668|2026-02-03|net demand for AO|052517
80807092,C816,A668,2026-02-03,1,net demand for AO,80807092|C816|A668|2026-02-03|net demand for AO|052518
80807092,C816,A668,2026-02-03,1,net demand for AO,80807092|C816|A668|2026-02-03|net demand for AO|052519
80807092,C816,A668,2026-02-03,1,net demand for AO,80807092|C816|A668|2026-02-03|net demand for AO|052520
80807092,C816,A668,2026-02-03,1,net demand for AO,80807092|C816|A668|2026-02-03|net demand for AO|052521
80807092,C816,A668,2026-02-03,1,net demand for AO,80807092|C816|A668|2026-02-03|net demand for AO|052522
80807092,C816,A668,2026-02-03,1,net demand for AO,80807092|C816|A668|2026-02-03|net demand for AO|052523
80807092,C816,A668,2026-02-03,1,net demand for AO,80807092|C816|A668|2026-02-03|net demand for AO|052524
80807092,C816,A668,2026-02-03,1,net demand for forecast,80807092|C816|A668|2026-02-03|net demand for forecast|052525
80807092,C816,A668,2026-02-03,1,net demand for forecast,80807092|C816|A668|2026-02-03|net demand for forecast|052526
80807092,C816,A668,2026-02-03,1,net demand for forecast,80807092|C816|A668|2026-02-03|net demand for forecast|052527
80807092,C816,A668,2026-02-03,1,net demand for forecast,80807092|C816|A668|2026-02-03|net demand for forecast|052528
80807092,C816,A668,2026-02-03,1,net demand for forecast,80807092|C816|A668|2026-02-03|net demand for forecast|052529
80807092,C816,A668,2026-02-03,1,net demand for forecast,80807092|C816|A668|2026-02-03|net demand for forecast|052530
80807092,C816,A668,2026-02-03,5,net demand for safety,80807092|C816|A668|2026-02-03|net demand for safety|052531
80807092,C816,E569,2026-02-03,1,net demand for forecast,80807092|C816|E569|2026-02-03|net demand for forecast|052532
80807092,C816,E569,2026-02-03,1,net demand for forecast,80807092|C816|E569|2026-02-03|net demand for forecast|052533
80807092,C816,E569,2026-02-03,1,net demand for forecast,80807092|C816|E569|2026-02-03|net demand for forecast|052534
80807092,C816,E569,2026-02-03,1,net demand for forecast,80807092|C816|E569|2026-02-03|net demand for forecast|052535
80807092,C816,E569,2026-02-03,1,net demand for forecast,80807092|C816|E569|2026-02-03|net demand for forecast|052536
80807092,C816,E569,2026-02-03,1,net demand for forecast,80807092|C816|E569|2026-02-03|net demand for forecast|052537
80807092,C816,E569,2026-02-03,1,net demand for forecast,80807092|C816|E569|2026-02-03|net demand for forecast|052538
80807092,C816,E569,2026-02-03,1,net demand for normal,80807092|C816|E569|2026-02-03|net demand for normal|052539
80807092,C816,E569,2026-02-03,1,net demand for safety,80807092|C816|E569|2026-02-03|net demand for safety|052540
80807095,C810,C937,2026-02-03,1,net demand for forecast,80807095|C810|C937|2026-02-03|net demand for forecast|052547
80807095,C810,C937,2026-02-03,1,net demand for forecast,80807095|C810|C937|2026-02-03|net demand for forecast|052548
80807095,C810,C937,2026-02-03,1,net demand for forecast,80807095|C810|C937|2026-02-03|net demand for forecast|052549
80807095,C810,C937,2026-02-03,1,net demand for forecast,80807095|C810|C937|2026-02-03|net demand for forecast|052550
80807095,C810,C937,2026-02-03,1,net demand for forecast,80807095|C810|C937|2026-02-03|net demand for forecast|052551
80807095,C810,C937,2026-02-03,1,net demand for forecast,80807095|C810|C937|2026-02-03|net demand for forecast|052552
80807095,C810,C937,2026-02-03,1,net demand for forecast,80807095|C810|C937|2026-02-03|net demand for forecast|052553
80807095,C810,C937,2026-02-03,24,net demand for safety,80807095|C810|C937|2026-02-03|net demand for safety|052554
80807095,C816,E569,2026-02-03,3,net demand for safety,80807095|C816|E569|2026-02-03|net demand for safety|052561
80807100,A672,E556,2026-02-03,9,net demand for safety,80807100|A672|E556|2026-02-03|net demand for safety|052564
80807105,C816,E569,2026-02-03,2,net demand for forecast,80807105|C816|E569|2026-02-03|net demand for forecast|052572
80807105,C816,E569,2026-02-03,2,net demand for forecast,80807105|C816|E569|2026-02-03|net demand for forecast|052573
80807105,C816,E569,2026-02-03,2,net demand for forecast,80807105|C816|E569|2026-02-03|net demand for forecast|052574
80807105,C816,E569,2026-02-03,2,net demand for forecast,80807105|C816|E569|2026-02-03|net demand for forecast|052575
80807105,C816,E569,2026-02-03,2,net demand for forecast,80807105|C816|E569|2026-02-03|net demand for forecast|052576
80807105,C816,E569,2026-02-03,2,net demand for forecast,80807105|C816|E569|2026-02-03|net demand for forecast|052577
80807105,C816,E569,2026-02-03,2,net demand for forecast,80807105|C816|E569|2026-02-03|net demand for forecast|052578
80807110,A672,E556,2026-02-03,6,net demand for safety,80807110|A672|E556|2026-02-03|net demand for safety|052587
80807110,A672,E568,2026-02-03,1,net demand for forecast,80807110|A672|E568|2026-02-03|net demand for forecast|052588
80807110,A672,E568,2026-02-03,1,net demand for forecast,80807110|A672|E568|2026-02-03|net demand for forecast|052589
80807110,A672,E568,2026-02-03,1,net demand for forecast,80807110|A672|E568|2026-02-03|net demand for forecast|052590
80807110,A672,E568,2026-02-03,1,net demand for forecast,80807110|A672|E568|2026-02-03|net demand for forecast|052591
80807110,A672,E568,2026-02-03,1,net demand for forecast,80807110|A672|E568|2026-02-03|net demand for forecast|052592
80807110,A672,E568,2026-02-03,3,net demand for safety,80807110|A672|E568|2026-02-03|net demand for safety|052593
80807112,A672,E556,2026-02-03,5,net demand for safety,80807112|A672|E556|2026-02-03|net demand for safety|052596
80807113,A672,E556,2026-02-03,1,net demand for safety,80807113|A672|E556|2026-02-03|net demand for safety|052599
80807113,C810,C937,2026-02-03,3,net demand for safety,80807113|C810|C937|2026-02-03|net demand for safety|052601
80807115,A672,E556,2026-02-03,4,net demand for forecast,80807115|A672|E556|2026-02-03|net demand for forecast|052616
80807115,A672,E556,2026-02-03,4,net demand for forecast,80807115|A672|E556|2026-02-03|net demand for forecast|052617
80807115,A672,E556,2026-02-03,4,net demand for forecast,80807115|A672|E556|2026-02-03|net demand for forecast|052618
80807115,A672,E556,2026-02-03,5,net demand for forecast,80807115|A672|E556|2026-02-03|net demand for forecast|052619
80807115,A672,E556,2026-02-03,5,net demand for forecast,80807115|A672|E556|2026-02-03|net demand for forecast|052620
80807115,A672,E568,2026-02-03,1,net demand for forecast,80807115|A672|E568|2026-02-03|net demand for forecast|052621
80807115,A672,E568,2026-02-03,1,net demand for forecast,80807115|A672|E568|2026-02-03|net demand for forecast|052622
80807116,A672,E556,2026-02-03,2,net demand for forecast,80807116|A672|E556|2026-02-03|net demand for forecast|052623
80807116,A672,E556,2026-02-03,2,net demand for forecast,80807116|A672|E556|2026-02-03|net demand for forecast|052624
80807116,A672,E556,2026-02-03,2,net demand for forecast,80807116|A672|E556|2026-02-03|net demand for forecast|052625
80807116,A672,E556,2026-02-03,2,net demand for forecast,80807116|A672|E556|2026-02-03|net demand for forecast|052626
80807116,A672,E556,2026-02-03,2,net demand for forecast,80807116|A672|E556|2026-02-03|net demand for forecast|052627
80807116,C816,C563,2026-02-03,1,net demand for AO,80807116|C816|C563|2026-02-03|net demand for AO|052628
80807116,C816,C563,2026-02-03,1,net demand for AO,80807116|C816|C563|2026-02-03|net demand for AO|052629
80807116,C816,C563,2026-02-03,1,net demand for AO,80807116|C816|C563|2026-02-03|net demand for AO|052630
80807116,C816,C563,2026-02-03,1,net demand for AO,80807116|C816|C563|2026-02-03|net demand for AO|052631
80807116,C816,C563,2026-02-03,1,net demand for AO,80807116|C816|C563|2026-02-03|net demand for AO|052632
80807116,C816,C563,2026-02-03,1,net demand for AO,80807116|C816|C563|2026-02-03|net demand for AO|052633
80807116,C816,C563,2026-02-03,1,net demand for AO,80807116|C816|C563|2026-02-03|net demand for AO|052634
80807116,C816,C563,2026-02-03,1,net demand for AO,80807116|C816|C563|2026-02-03|net demand for AO|052635
80807116,C816,D191,2026-02-03,1,net demand for AO,80807116|C816|D191|2026-02-03|net demand for AO|052636
80807116,C816,D191,2026-02-03,1,net demand for AO,80807116|C816|D191|2026-02-03|net demand for AO|052637
80807116,C816,D191,2026-02-03,1,net demand for AO,80807116|C816|D191|2026-02-03|net demand for AO|052638
80807118,A672,E556,2026-02-03,1,net demand for safety,80807118|A672|E556|2026-02-03|net demand for safety|052640
80807119,A672,E556,2026-02-03,1,net demand for forecast,80807119|A672|E556|2026-02-03|net demand for forecast|052643
80807119,A672,E556,2026-02-03,1,net demand for forecast,80807119|A672|E556|2026-02-03|net demand for forecast|052644
80807119,A672,E556,2026-02-03,1,net demand for forecast,80807119|A672|E556|2026-02-03|net demand for forecast|052645
80807119,A672,E556,2026-02-03,1,net demand for forecast,80807119|A672|E556|2026-02-03|net demand for forecast|052646
80807119,A672,E556,2026-02-03,1,net demand for forecast,80807119|A672|E556|2026-02-03|net demand for forecast|052647
80807119,A672,E556,2026-02-03,7,net demand for safety,80807119|A672|E556|2026-02-03|net demand for safety|052648
80807120,A672,E556,2026-02-03,2,net demand for safety,80807120|A672|E556|2026-02-03|net demand for safety|052656
80807120,C816,C563,2026-02-03,1,net demand for forecast,80807120|C816|C563|2026-02-03|net demand for forecast|052658
80807120,C816,C563,2026-02-03,1,net demand for forecast,80807120|C816|C563|2026-02-03|net demand for forecast|052659
80807120,C816,C563,2026-02-03,1,net demand for forecast,80807120|C816|C563|2026-02-03|net demand for forecast|052660
80807120,C816,C563,2026-02-03,1,net demand for forecast,80807120|C816|C563|2026-02-03|net demand for forecast|052661
80807120,C816,C563,2026-02-03,1,net demand for forecast,80807120|C816|C563|2026-02-03|net demand for forecast|052662
80807120,C816,C563,2026-02-03,1,net demand for safety,80807120|C816|C563|2026-02-03|net demand for safety|052663
80807120,C816,E569,2026-02-03,5,net demand for safety,80807120|C816|E569|2026-02-03|net demand for safety|052664
80812110,A673,E564,2026-02-03,1,net demand for forecast,80812110|A673|E564|2026-02-03|net demand for forecast|052666
80812110,A673,E564,2026-02-03,1,net demand for forecast,80812110|A673|E564|2026-02-03|net demand for forecast|052667
80812110,A673,E564,2026-02-03,1,net demand for forecast,80812110|A673|E564|2026-02-03|net demand for forecast|052668
80812110,A673,E564,2026-02-03,1,net demand for forecast,80812110|A673|E564|2026-02-03|net demand for forecast|052669
80812110,A673,E564,2026-02-03,1,net demand for forecast,80812110|A673|E564|2026-02-03|net demand for forecast|052670
80812110,A673,E564,2026-02-03,1,net demand for forecast,80812110|A673|E564|2026-02-03|net demand for forecast|052671
80812110,A673,E564,2026-02-03,1,net demand for forecast,80812110|A673|E564|2026-02-03|net demand for forecast|052672
80812338,A673,E564,2026-02-03,1,net demand for safety,80812338|A673|E564|2026-02-03|net demand for safety|052673
80812839,C816,E569,2026-02-03,1,net demand for safety,80812839|C816|E569|2026-02-03|net demand for safety|052675
80812840,A672,E568,2026-02-03,1,net demand for safety,80812840|A672|E568|2026-02-03|net demand for safety|052677
80812841,A672,E556,2026-02-03,6,net demand for forecast,80812841|A672|E556|2026-02-03|net demand for forecast|052688
80812841,A672,E556,2026-02-03,6,net demand for forecast,80812841|A672|E556|2026-02-03|net demand for forecast|052689
80812841,A672,E556,2026-02-03,6,net demand for forecast,80812841|A672|E556|2026-02-03|net demand for forecast|052690
80812841,A672,E556,2026-02-03,6,net demand for forecast,80812841|A672|E556|2026-02-03|net demand for forecast|052691
80812841,A672,E556,2026-02-03,6,net demand for forecast,80812841|A672|E556|2026-02-03|net demand for forecast|052692
80812841,A672,E556,2026-02-03,9,net demand for normal,80812841|A672|E556|2026-02-03|net demand for normal|052693
80812841,A672,E568,2026-02-03,1,net demand for forecast,80812841|A672|E568|2026-02-03|net demand for forecast|052694
80812841,A672,E568,2026-02-03,1,net demand for forecast,80812841|A672|E568|2026-02-03|net demand for forecast|052695
80812841,A672,E568,2026-02-03,1,net demand for forecast,80812841|A672|E568|2026-02-03|net demand for forecast|052696
80812841,A672,E568,2026-02-03,1,net demand for forecast,80812841|A672|E568|2026-02-03|net demand for forecast|052697
80812841,A672,E568,2026-02-03,1,net demand for forecast,80812841|A672|E568|2026-02-03|net demand for forecast|052698
80812841,A672,E568,2026-02-03,1,net demand for forecast,80812841|A672|E568|2026-02-03|net demand for forecast|052699
80812841,A672,E568,2026-02-03,1,net demand for forecast,80812841|A672|E568|2026-02-03|net demand for forecast|052700
80812845,C816,E467,2026-02-03,2,net demand for normal,80812845|C816|E467|2026-02-03|net demand for normal|052701
80812846,A672,E568,2026-02-03,1,net demand for safety,80812846|A672|E568|2026-02-03|net demand for safety|052720
80812846,C816,E569,2026-02-03,2,net demand for safety,80812846|C816|E569|2026-02-03|net demand for safety|052723
80848021,C816,A672,2026-02-03,1,net demand for forecast,80848021|C816|A672|2026-02-03|net demand for forecast|052724
80848021,C816,A672,2026-02-03,1,net demand for forecast,80848021|C816|A672|2026-02-03|net demand for forecast|052725
80848021,C816,A672,2026-02-03,1,net demand for forecast,80848021|C816|A672|2026-02-03|net demand for forecast|052726
80848021,C816,A672,2026-02-03,1,net demand for forecast,80848021|C816|A672|2026-02-03|net demand for forecast|052727
80848021,C816,A672,2026-02-03,1,net demand for forecast,80848021|C816|A672|2026-02-03|net demand for forecast|052728
80848021,C816,A672,2026-02-03,2,net demand for forecast,80848021|C816|A672|2026-02-03|net demand for forecast|052729
80848022,C810,C937,2026-02-03,3,net demand for safety,80848022|C810|C937|2026-02-03|net demand for safety|052731
80848023,C816,E569,2026-02-03,1,net demand for forecast,80848023|C816|E569|2026-02-03|net demand for forecast|052737
80848023,C816,E569,2026-02-03,1,net demand for forecast,80848023|C816|E569|2026-02-03|net demand for forecast|052738
80848023,C816,E569,2026-02-03,1,net demand for forecast,80848023|C816|E569|2026-02-03|net demand for forecast|052739
80848023,C816,E569,2026-02-03,1,net demand for forecast,80848023|C816|E569|2026-02-03|net demand for forecast|052740
80848023,C816,E569,2026-02-03,1,net demand for forecast,80848023|C816|E569|2026-02-03|net demand for forecast|052741
80848023,C816,E569,2026-02-03,1,net demand for forecast,80848023|C816|E569|2026-02-03|net demand for forecast|052742
80848023,C816,E569,2026-02-03,1,net demand for forecast,80848023|C816|E569|2026-02-03|net demand for forecast|052743
80848025,A672,E568,2026-02-03,1,net demand for forecast,80848025|A672|E568|2026-02-03|net demand for forecast|052744
80848025,A672,E568,2026-02-03,1,net demand for forecast,80848025|A672|E568|2026-02-03|net demand for forecast|052745
80848025,A672,E568,2026-02-03,1,net demand for forecast,80848025|A672|E568|2026-02-03|net demand for forecast|052746
80848025,A672,E568,2026-02-03,1,net demand for forecast,80848025|A672|E568|2026-02-03|net demand for forecast|052747
80848025,A672,E568,2026-02-03,1,net demand for forecast,80848025|A672|E568|2026-02-03|net demand for forecast|052748
80848025,A672,E568,2026-02-03,1,net demand for forecast,80848025|A672|E568|2026-02-03|net demand for forecast|052749
80848025,A672,E568,2026-02-03,2,net demand for safety,80848025|A672|E568|2026-02-03|net demand for safety|052750
80848025,C816,A680,2026-02-03,1,net demand for forecast,80848025|C816|A680|2026-02-03|net demand for forecast|052757
80848025,C816,A680,2026-02-03,1,net demand for forecast,80848025|C816|A680|2026-02-03|net demand for forecast|052758
80848025,C816,A680,2026-02-03,1,net demand for forecast,80848025|C816|A680|2026-02-03|net demand for forecast|052759
80848025,C816,A680,2026-02-03,1,net demand for forecast,80848025|C816|A680|2026-02-03|net demand for forecast|052760
80848025,C816,A680,2026-02-03,1,net demand for forecast,80848025|C816|A680|2026-02-03|net demand for forecast|052761
80848025,C816,A680,2026-02-03,1,net demand for forecast,80848025|C816|A680|2026-02-03|net demand for forecast|052762
80848025,C816,A680,2026-02-03,1,net demand for forecast,80848025|C816|A680|2026-02-03|net demand for forecast|052763
80848025,C816,E467,2026-02-03,1,net demand for safety,80848025|C816|E467|2026-02-03|net demand for safety|052764
80848026,A672,E568,2026-02-03,3,net demand for normal,80848026|A672|E568|2026-02-03|net demand for normal|052765
80848026,C810,C937,2026-02-03,8,net demand for forecast,80848026|C810|C937|2026-02-03|net demand for forecast|052766
80848026,C810,C937,2026-02-03,8,net demand for forecast,80848026|C810|C937|2026-02-03|net demand for forecast|052767
80848026,C810,C937,2026-02-03,10,net demand for forecast,80848026|C810|C937|2026-02-03|net demand for forecast|052768
80848026,C810,C937,2026-02-03,10,net demand for forecast,80848026|C810|C937|2026-02-03|net demand for forecast|052769
80848026,C810,C937,2026-02-03,10,net demand for forecast,80848026|C810|C937|2026-02-03|net demand for forecast|052770
80848026,C810,C937,2026-02-03,10,net demand for forecast,80848026|C810|C937|2026-02-03|net demand for forecast|052771
80848026,C810,C937,2026-02-03,10,net demand for forecast,80848026|C810|C937|2026-02-03|net demand for forecast|052772
80848026,C816,E569,2026-02-03,2,net demand for forecast,80848026|C816|E569|2026-02-03|net demand for forecast|052783
80848026,C816,E569,2026-02-03,2,net demand for forecast,80848026|C816|E569|2026-02-03|net demand for forecast|052784
80848026,C816,E569,2026-02-03,3,net demand for forecast,80848026|C816|E569|2026-02-03|net demand for forecast|052785
80848026,C816,E569,2026-02-03,3,net demand for forecast,80848026|C816|E569|2026-02-03|net demand for forecast|052786
80848026,C816,E569,2026-02-03,3,net demand for forecast,80848026|C816|E569|2026-02-03|net demand for forecast|052787
80848026,C816,E569,2026-02-03,3,net demand for forecast,80848026|C816|E569|2026-02-03|net demand for forecast|052788
80848026,C816,E569,2026-02-03,3,net demand for forecast,80848026|C816|E569|2026-02-03|net demand for forecast|052789
80848028,C816,E569,2026-02-03,1,net demand for forecast,80848028|C816|E569|2026-02-03|net demand for forecast|052791
80848028,C816,E569,2026-02-03,1,net demand for forecast,80848028|C816|E569|2026-02-03|net demand for forecast|052792
80848028,C816,E569,2026-02-03,1,net demand for forecast,80848028|C816|E569|2026-02-03|net demand for forecast|052793
80848028,C816,E569,2026-02-03,1,net demand for forecast,80848028|C816|E569|2026-02-03|net demand for forecast|052794
80848028,C816,E569,2026-02-03,1,net demand for forecast,80848028|C816|E569|2026-02-03|net demand for forecast|052795
80848028,C816,E569,2026-02-03,1,net demand for forecast,80848028|C816|E569|2026-02-03|net demand for forecast|052796
80848028,C816,E569,2026-02-03,1,net demand for forecast,80848028|C816|E569|2026-02-03|net demand for forecast|052797
80848028,C816,E569,2026-02-03,2,net demand for safety,80848028|C816|E569|2026-02-03|net demand for safety|052798
80848029,A672,E568,2026-02-03,1,net demand for forecast,80848029|A672|E568|2026-02-03|net demand for forecast|052799
80848029,A672,E568,2026-02-03,1,net demand for forecast,80848029|A672|E568|2026-02-03|net demand for forecast|052800
80848029,C810,C937,2026-02-03,2,net demand for forecast,80848029|C810|C937|2026-02-03|net demand for forecast|052802
80848029,C810,C937,2026-02-03,2,net demand for forecast,80848029|C810|C937|2026-02-03|net demand for forecast|052803
80848029,C810,C937,2026-02-03,2,net demand for forecast,80848029|C810|C937|2026-02-03|net demand for forecast|052804
80848029,C810,C937,2026-02-03,2,net demand for forecast,80848029|C810|C937|2026-02-03|net demand for forecast|052805
80848029,C810,C937,2026-02-03,2,net demand for forecast,80848029|C810|C937|2026-02-03|net demand for forecast|052806
80848029,C810,C937,2026-02-03,2,net demand for forecast,80848029|C810|C937|2026-02-03|net demand for forecast|052807
80848029,C810,C937,2026-02-03,3,net demand for forecast,80848029|C810|C937|2026-02-03|net demand for forecast|052808
80848029,C810,C937,2026-02-03,1,net demand for normal,80848029|C810|C937|2026-02-03|net demand for normal|052809
80848029,C810,C937,2026-02-03,13,net demand for safety,80848029|C810|C937|2026-02-03|net demand for safety|052810
80848029,C816,D191,2026-02-03,2,net demand for safety,80848029|C816|D191|2026-02-03|net demand for safety|052828
80848031,C816,E569,2026-02-03,2,net demand for safety,80848031|C816|E569|2026-02-03|net demand for safety|052834
80851898,A672,E568,2026-02-03,1,net demand for safety,80851898|A672|E568|2026-02-03|net demand for safety|052836
80864469,A673,C819,2026-02-03,1,net demand for forecast,80864469|A673|C819|2026-02-03|net demand for forecast|052837
80864469,A673,C819,2026-02-03,1,net demand for forecast,80864469|A673|C819|2026-02-03|net demand for forecast|052838
80864469,A673,C819,2026-02-03,1,net demand for forecast,80864469|A673|C819|2026-02-03|net demand for forecast|052839
80864469,A673,C819,2026-02-03,1,net demand for forecast,80864469|A673|C819|2026-02-03|net demand for forecast|052840
80864469,A673,C819,2026-02-03,1,net demand for forecast,80864469|A673|C819|2026-02-03|net demand for forecast|052841
80864469,A673,C819,2026-02-03,1,net demand for forecast,80864469|A673|C819|2026-02-03|net demand for forecast|052842
80864469,A673,E556,2026-02-03,1,net demand for forecast,80864469|A673|E556|2026-02-03|net demand for forecast|052843
80864469,A673,E556,2026-02-03,1,net demand for forecast,80864469|A673|E556|2026-02-03|net demand for forecast|052844
80864469,A673,E556,2026-02-03,1,net demand for forecast,80864469|A673|E556|2026-02-03|net demand for forecast|052845
80864469,A673,E556,2026-02-03,1,net demand for forecast,80864469|A673|E556|2026-02-03|net demand for forecast|052846
80864469,A673,E556,2026-02-03,1,net demand for forecast,80864469|A673|E556|2026-02-03|net demand for forecast|052847
80864469,A673,E556,2026-02-03,1,net demand for forecast,80864469|A673|E556|2026-02-03|net demand for forecast|052848
80864469,C816,A668,2026-02-03,5,net demand for safety,80864469|C816|A668|2026-02-03|net demand for safety|052849
80864469,C816,A672,2026-02-03,3,net demand for forecast,80864469|C816|A672|2026-02-03|net demand for forecast|052850
80864469,C816,A672,2026-02-03,3,net demand for forecast,80864469|C816|A672|2026-02-03|net demand for forecast|052851
80864469,C816,A672,2026-02-03,4,net demand for forecast,80864469|C816|A672|2026-02-03|net demand for forecast|052852
80864469,C816,A672,2026-02-03,4,net demand for forecast,80864469|C816|A672|2026-02-03|net demand for forecast|052853
80864469,C816,A672,2026-02-03,5,net demand for forecast,80864469|C816|A672|2026-02-03|net demand for forecast|052854
80864469,C816,A672,2026-02-03,5,net demand for forecast,80864469|C816|A672|2026-02-03|net demand for forecast|052855
80864469,C816,A672,2026-02-03,5,net demand for forecast,80864469|C816|A672|2026-02-03|net demand for forecast|052856
80864469,C816,E467,2026-02-03,1,net demand for safety,80864469|C816|E467|2026-02-03|net demand for safety|052858
80868100,C816,A668,2026-02-03,4,net demand for safety,80868100|C816|A668|2026-02-03|net demand for safety|052859
80868101,C816,A680,2026-02-03,1,net demand for AO,80868101|C816|A680|2026-02-03|net demand for AO|052862
80868101,C816,A680,2026-02-03,1,net demand for AO,80868101|C816|A680|2026-02-03|net demand for AO|052863
80868101,C816,A680,2026-02-03,1,net demand for AO,80868101|C816|A680|2026-02-03|net demand for AO|052864
80868101,C816,A680,2026-02-03,1,net demand for forecast,80868101|C816|A680|2026-02-03|net demand for forecast|052865
80868101,C816,A680,2026-02-03,1,net demand for forecast,80868101|C816|A680|2026-02-03|net demand for forecast|052866
80868101,C816,A680,2026-02-03,1,net demand for forecast,80868101|C816|A680|2026-02-03|net demand for forecast|052867
80868101,C816,A680,2026-02-03,1,net demand for forecast,80868101|C816|A680|2026-02-03|net demand for forecast|052868
80868101,C816,A680,2026-02-03,1,net demand for forecast,80868101|C816|A680|2026-02-03|net demand for forecast|052869
80868101,C816,A680,2026-02-03,1,net demand for forecast,80868101|C816|A680|2026-02-03|net demand for forecast|052870
80868102,C816,A680,2026-02-03,1,net demand for forecast,80868102|C816|A680|2026-02-03|net demand for forecast|052872
80868102,C816,A680,2026-02-03,1,net demand for forecast,80868102|C816|A680|2026-02-03|net demand for forecast|052873
80868102,C816,A680,2026-02-03,1,net demand for forecast,80868102|C816|A680|2026-02-03|net demand for forecast|052874
80868102,C816,A680,2026-02-03,1,net demand for forecast,80868102|C816|A680|2026-02-03|net demand for forecast|052875
80868102,C816,A680,2026-02-03,1,net demand for forecast,80868102|C816|A680|2026-02-03|net demand for forecast|052876
80868102,C816,A680,2026-02-03,1,net demand for forecast,80868102|C816|A680|2026-02-03|net demand for forecast|052877
80884848,C816,A668,2026-02-03,3,net demand for safety,80884848|C816|A668|2026-02-03|net demand for safety|052880
80884852,C816,A668,2026-02-03,9,net demand for safety,80884852|C816|A668|2026-02-03|net demand for safety|052882
80885920,C816,A668,2026-02-03,56,net demand for safety,80885920|C816|A668|2026-02-03|net demand for safety|052884
80885920,C816,A672,2026-02-03,17,net demand for forecast,80885920|C816|A672|2026-02-03|net demand for forecast|052885
80885920,C816,A672,2026-02-03,17,net demand for forecast,80885920|C816|A672|2026-02-03|net demand for forecast|052886
80885920,C816,A672,2026-02-03,17,net demand for forecast,80885920|C816|A672|2026-02-03|net demand for forecast|052887
80885920,C816,A672,2026-02-03,17,net demand for forecast,80885920|C816|A672|2026-02-03|net demand for forecast|052888
80885920,C816,A672,2026-02-03,17,net demand for forecast,80885920|C816|A672|2026-02-03|net demand for forecast|052889
80885920,C816,A672,2026-02-03,18,net demand for forecast,80885920|C816|A672|2026-02-03|net demand for forecast|052890
80885920,C816,A672,2026-02-03,18,net demand for forecast,80885920|C816|A672|2026-02-03|net demand for forecast|052891
80885920,C816,A680,2026-02-03,14,net demand for forecast,80885920|C816|A680|2026-02-03|net demand for forecast|052893
80885920,C816,A680,2026-02-03,15,net demand for forecast,80885920|C816|A680|2026-02-03|net demand for forecast|052894
80885920,C816,A680,2026-02-03,15,net demand for forecast,80885920|C816|A680|2026-02-03|net demand for forecast|052895
80885920,C816,A680,2026-02-03,15,net demand for forecast,80885920|C816|A680|2026-02-03|net demand for forecast|052896
80885920,C816,A680,2026-02-03,15,net demand for forecast,80885920|C816|A680|2026-02-03|net demand for forecast|052897
80885920,C816,A680,2026-02-03,15,net demand for forecast,80885920|C816|A680|2026-02-03|net demand for forecast|052898
80885920,C816,A680,2026-02-03,15,net demand for forecast,80885920|C816|A680|2026-02-03|net demand for forecast|052899
