material,sending,receiving,planned_deployment_date,deployed_qty,demand_element,ori_deployment_uid
21434946,A673,D901,2025-12-15,1,net demand for normal,21434946|A673|D901|2025-12-15|net demand for normal|000017
21447518,A672,A715,2025-12-20,2,net demand for normal,21447518|A672|A715|2025-12-20|net demand for normal|001080
80804699,A673,E556,2025-12-22,1,net demand for normal,80804699|A673|E556|2025-12-22|net demand for normal|002342
80868100,C816,A680,2026-01-01,1,net demand for forecast,80868100|C816|A680|2026-01-01|net demand for forecast|010987
80868100,C816,A680,2026-01-01,1,net demand for forecast,80868100|C816|A680|2026-01-01|net demand for forecast|010988
80868100,C816,A680,2026-01-01,1,net demand for forecast,80868100|C816|A680|2026-01-01|net demand for forecast|010989
80868100,C816,A680,2026-01-01,1,net demand for forecast,80868100|C816|A680|2026-01-01|net demand for forecast|010990
80868100,C816,A680,2026-01-01,1,net demand for forecast,80868100|C816|A680|2026-01-01|net demand for forecast|010991
80868100,C816,A680,2026-01-01,1,net demand for forecast,80868100|C816|A680|2026-01-01|net demand for forecast|010992
80868100,C816,A680,2026-01-01,1,net demand for forecast,80868100|C816|A680|2026-01-01|net demand for forecast|010993
21121756,A672,E568,2026-01-03,1,net demand for forecast,21121756|A672|E568|2026-01-03|net demand for forecast|011835
21121756,A672,E568,2026-01-03,1,net demand for forecast,21121756|A672|E568|2026-01-03|net demand for forecast|011836
21121756,A672,E568,2026-01-03,1,net demand for forecast,21121756|A672|E568|2026-01-03|net demand for forecast|011837
21113405,C816,D767,2026-01-04,1,net demand for forecast,21113405|C816|D767|2026-01-04|net demand for forecast|012578
21113405,C816,D767,2026-01-04,1,net demand for forecast,21113405|C816|D767|2026-01-04|net demand for forecast|012579
21113405,C816,D767,2026-01-04,1,net demand for forecast,21113405|C816|D767|2026-01-04|net demand for forecast|012580
21113405,C816,D767,2026-01-04,1,net demand for forecast,21113405|C816|D767|2026-01-04|net demand for forecast|012581
21121752,C816,D767,2026-01-04,1,net demand for forecast,21121752|C816|D767|2026-01-04|net demand for forecast|012584
21121752,C816,D767,2026-01-04,1,net demand for forecast,21121752|C816|D767|2026-01-04|net demand for forecast|012585
21121752,C816,D767,2026-01-04,1,net demand for forecast,21121752|C816|D767|2026-01-04|net demand for forecast|012586
21121752,C816,D767,2026-01-04,1,net demand for forecast,21121752|C816|D767|2026-01-04|net demand for forecast|012587
21121752,C816,D767,2026-01-04,1,net demand for safety,21121752|C816|D767|2026-01-04|net demand for safety|012588
21121756,A672,E568,2026-01-04,1,net demand for forecast,21121756|A672|E568|2026-01-04|net demand for forecast|012602
21121756,A672,E568,2026-01-04,1,net demand for forecast,21121756|A672|E568|2026-01-04|net demand for forecast|012603
21121756,A672,E568,2026-01-04,1,net demand for forecast,21121756|A672|E568|2026-01-04|net demand for forecast|012604
21121756,C816,D767,2026-01-04,1,net demand for normal,21121756|C816|D767|2026-01-04|net demand for normal|012605
21162696,C816,D767,2026-01-04,1,net demand for safety,21162696|C816|D767|2026-01-04|net demand for safety|012709
21304907,C816,D767,2026-01-04,1,net demand for safety,21304907|C816|D767|2026-01-04|net demand for safety|012802
21314602,C816,D767,2026-01-04,1,net demand for safety,21314602|C816|D767|2026-01-04|net demand for safety|012911
21377504,C816,D767,2026-01-04,1,net demand for forecast,21377504|C816|D767|2026-01-04|net demand for forecast|013070
21377504,C816,D767,2026-01-04,1,net demand for forecast,21377504|C816|D767|2026-01-04|net demand for forecast|013071
21377504,C816,D767,2026-01-04,1,net demand for forecast,21377504|C816|D767|2026-01-04|net demand for forecast|013072
21377504,C816,D767,2026-01-04,1,net demand for forecast,21377504|C816|D767|2026-01-04|net demand for forecast|013073
21377504,C816,D767,2026-01-04,1,net demand for normal,21377504|C816|D767|2026-01-04|net demand for normal|013074
21377504,C816,D767,2026-01-04,1,net demand for safety,21377504|C816|D767|2026-01-04|net demand for safety|013075
80848023,C816,D767,2026-01-04,22,net demand for safety,80848023|C816|D767|2026-01-04|net demand for safety|013398
21162696,C816,D767,2026-01-05,2,net demand for safety,21162696|C816|D767|2026-01-05|net demand for safety|014086
21304907,C816,D767,2026-01-05,1,net demand for safety,21304907|C816|D767|2026-01-05|net demand for safety|014091
21304907,C816,D767,2026-01-06,1,net demand for safety,21304907|C816|D767|2026-01-06|net demand for safety|015307
21354246,C816,D767,2026-01-06,1,net demand for forecast,21354246|C816|D767|2026-01-06|net demand for forecast|015464
21354246,C816,D767,2026-01-06,1,net demand for forecast,21354246|C816|D767|2026-01-06|net demand for forecast|015465
21354246,C816,D767,2026-01-06,1,net demand for forecast,21354246|C816|D767|2026-01-06|net demand for forecast|015466
21354246,C816,D767,2026-01-06,1,net demand for forecast,21354246|C816|D767|2026-01-06|net demand for forecast|015467
21354246,C816,D767,2026-01-06,1,net demand for normal,21354246|C816|D767|2026-01-06|net demand for normal|015468
21354246,C816,D767,2026-01-06,1,net demand for safety,21354246|C816|D767|2026-01-06|net demand for safety|015469
80838164,A673,E564,2026-01-06,1,net demand for normal,80838164|A673|E564|2026-01-06|net demand for normal|016397
80868102,C816,C810,2026-01-06,1,net demand for forecast,80868102|C816|C810|2026-01-06|net demand for forecast|016560
21304907,C816,D767,2026-01-07,2,net demand for safety,21304907|C816|D767|2026-01-07|net demand for safety|016708
21354246,C816,D767,2026-01-07,1,net demand for forecast,21354246|C816|D767|2026-01-07|net demand for forecast|016878
21354246,C816,D767,2026-01-07,1,net demand for forecast,21354246|C816|D767|2026-01-07|net demand for forecast|016879
21354246,C816,D767,2026-01-07,1,net demand for forecast,21354246|C816|D767|2026-01-07|net demand for forecast|016880
21354246,C816,D767,2026-01-07,1,net demand for forecast,21354246|C816|D767|2026-01-07|net demand for forecast|016881
21354246,C816,D767,2026-01-07,1,net demand for normal,21354246|C816|D767|2026-01-07|net demand for normal|016882
21354246,C816,D767,2026-01-07,6,net demand for safety,21354246|C816|D767|2026-01-07|net demand for safety|016883
80804132,C816,E467,2026-01-07,12,net demand for safety,80804132|C816|E467|2026-01-07|net demand for safety|017042
80804134,C816,E467,2026-01-07,1,net demand for forecast,80804134|C816|E467|2026-01-07|net demand for forecast|017079
80804134,C816,E467,2026-01-07,1,net demand for forecast,80804134|C816|E467|2026-01-07|net demand for forecast|017080
80804134,C816,E467,2026-01-07,1,net demand for forecast,80804134|C816|E467|2026-01-07|net demand for forecast|017081
80804134,C816,E467,2026-01-07,1,net demand for forecast,80804134|C816|E467|2026-01-07|net demand for forecast|017082
80804134,C816,E467,2026-01-07,1,net demand for forecast,80804134|C816|E467|2026-01-07|net demand for forecast|017083
80807105,C816,E467,2026-01-07,11,net demand for safety,80807105|C816|E467|2026-01-07|net demand for safety|017401
21113405,C816,D767,2026-01-08,2,net demand for safety,21113405|C816|D767|2026-01-08|net demand for safety|017702
21121756,A672,E568,2026-01-08,1,net demand for normal,21121756|A672|E568|2026-01-08|net demand for normal|017809
21304907,C816,D767,2026-01-08,1,net demand for safety,21304907|C816|D767|2026-01-08|net demand for safety|018075
80804132,C816,E467,2026-01-08,2,net demand for safety,80804132|C816|E467|2026-01-08|net demand for safety|018469
80804134,C816,E467,2026-01-08,1,net demand for forecast,80804134|C816|E467|2026-01-08|net demand for forecast|018500
80804134,C816,E467,2026-01-08,1,net demand for forecast,80804134|C816|E467|2026-01-08|net demand for forecast|018501
80804134,C816,E467,2026-01-08,1,net demand for forecast,80804134|C816|E467|2026-01-08|net demand for forecast|018502
80804134,C816,E467,2026-01-08,1,net demand for forecast,80804134|C816|E467|2026-01-08|net demand for forecast|018503
80804134,C816,E467,2026-01-08,1,net demand for forecast,80804134|C816|E467|2026-01-08|net demand for forecast|018504
80812154,C816,D767,2026-01-08,2,net demand for safety,80812154|C816|D767|2026-01-08|net demand for safety|019072
80812845,C816,E467,2026-01-08,1,net demand for forecast,80812845|C816|E467|2026-01-08|net demand for forecast|019128
80812845,C816,E467,2026-01-08,1,net demand for forecast,80812845|C816|E467|2026-01-08|net demand for forecast|019129
80812845,C816,E467,2026-01-08,1,net demand for forecast,80812845|C816|E467|2026-01-08|net demand for forecast|019130
80812845,C816,E467,2026-01-08,1,net demand for forecast,80812845|C816|E467|2026-01-08|net demand for forecast|019131
80812845,C816,E467,2026-01-08,1,net demand for forecast,80812845|C816|E467|2026-01-08|net demand for forecast|019132
80848026,C816,E467,2026-01-08,1,net demand for forecast,80848026|C816|E467|2026-01-08|net demand for forecast|019175
80848026,C816,E467,2026-01-08,1,net demand for forecast,80848026|C816|E467|2026-01-08|net demand for forecast|019176
80848026,C816,E467,2026-01-08,1,net demand for forecast,80848026|C816|E467|2026-01-08|net demand for forecast|019177
80848026,C816,E467,2026-01-08,1,net demand for forecast,80848026|C816|E467|2026-01-08|net demand for forecast|019178
80848026,C816,E467,2026-01-08,1,net demand for forecast,80848026|C816|E467|2026-01-08|net demand for forecast|019179
80851898,C816,D767,2026-01-08,1,net demand for safety,80851898|C816|D767|2026-01-08|net demand for safety|019198
21113405,C816,D767,2026-01-09,3,net demand for safety,21113405|C816|D767|2026-01-09|net demand for safety|019276
21121751,C816,D767,2026-01-09,2,net demand for safety,21121751|C816|D767|2026-01-09|net demand for safety|019279
21121756,C816,D767,2026-01-09,12,net demand for safety,21121756|C816|D767|2026-01-09|net demand for safety|019294
21304907,C816,D767,2026-01-09,1,net demand for safety,21304907|C816|D767|2026-01-09|net demand for safety|019427
21315352,C810,D767,2026-01-09,1,net demand for normal,21315352|C810|D767|2026-01-09|net demand for normal|019473
21325164,A672,E556,2026-01-09,2,net demand for normal,21325164|A672|E556|2026-01-09|net demand for normal|019479
80804132,C816,E467,2026-01-09,1,net demand for safety,80804132|C816|E467|2026-01-09|net demand for safety|019568
80839736,A672,E556,2026-01-09,11,net demand for normal,80839736|A672|E556|2026-01-09|net demand for normal|020128
80848022,C816,E467,2026-01-09,1,net demand for safety,80848022|C816|E467|2026-01-09|net demand for safety|020140
80848023,C816,D767,2026-01-09,1,net demand for forecast,80848023|C816|D767|2026-01-09|net demand for forecast|020152
80848023,C816,D767,2026-01-09,1,net demand for forecast,80848023|C816|D767|2026-01-09|net demand for forecast|020153
80848023,C816,D767,2026-01-09,1,net demand for forecast,80848023|C816|D767|2026-01-09|net demand for forecast|020154
80848023,C816,D767,2026-01-09,1,net demand for forecast,80848023|C816|D767|2026-01-09|net demand for forecast|020155
80851898,C816,D767,2026-01-09,1,net demand for safety,80851898|C816|D767|2026-01-09|net demand for safety|020302
21029016,C816,D767,2026-01-10,1,net demand for forecast,21029016|C816|D767|2026-01-10|net demand for forecast|020432
21029016,C816,D767,2026-01-10,1,net demand for forecast,21029016|C816|D767|2026-01-10|net demand for forecast|020433
21029016,C816,D767,2026-01-10,1,net demand for forecast,21029016|C816|D767|2026-01-10|net demand for forecast|020434
21029016,C816,D767,2026-01-10,1,net demand for forecast,21029016|C816|D767|2026-01-10|net demand for forecast|020435
21113405,C816,D767,2026-01-10,7,net demand for safety,21113405|C816|D767|2026-01-10|net demand for safety|020459
21121751,C816,D767,2026-01-10,2,net demand for safety,21121751|C816|D767|2026-01-10|net demand for safety|020462
21121756,C816,D767,2026-01-10,3,net demand for safety,21121756|C816|D767|2026-01-10|net demand for safety|020473
21304907,C816,D767,2026-01-10,2,net demand for safety,21304907|C816|D767|2026-01-10|net demand for safety|020619
21314602,C816,D767,2026-01-10,12,net demand for safety,21314602|C816|D767|2026-01-10|net demand for safety|020637
21325164,A672,E556,2026-01-10,1,net demand for normal,21325164|A672|E556|2026-01-10|net demand for normal|020733
80804132,C816,E467,2026-01-10,1,net demand for safety,80804132|C816|E467|2026-01-10|net demand for safety|020794
80839736,A672,E556,2026-01-10,59,net demand for normal,80839736|A672|E556|2026-01-10|net demand for normal|021564
80848022,C816,E467,2026-01-10,1,net demand for safety,80848022|C816|E467|2026-01-10|net demand for safety|021572
80848023,C816,C937,2026-01-10,1,net demand for forecast,80848023|C816|C937|2026-01-10|net demand for forecast|021574
80848023,C816,C937,2026-01-10,2,net demand for forecast,80848023|C816|C937|2026-01-10|net demand for forecast|021575
80848023,C816,C937,2026-01-10,2,net demand for forecast,80848023|C816|C937|2026-01-10|net demand for forecast|021576
80848023,C816,C937,2026-01-10,2,net demand for forecast,80848023|C816|C937|2026-01-10|net demand for forecast|021577
80848023,C816,C937,2026-01-10,2,net demand for forecast,80848023|C816|C937|2026-01-10|net demand for forecast|021578
80848023,C816,C937,2026-01-10,2,net demand for forecast,80848023|C816|C937|2026-01-10|net demand for forecast|021579
80848023,C816,D767,2026-01-10,1,net demand for forecast,80848023|C816|D767|2026-01-10|net demand for forecast|021580
80848023,C816,D767,2026-01-10,2,net demand for forecast,80848023|C816|D767|2026-01-10|net demand for forecast|021581
80848023,C816,D767,2026-01-10,2,net demand for forecast,80848023|C816|D767|2026-01-10|net demand for forecast|021582
80848023,C816,D767,2026-01-10,2,net demand for forecast,80848023|C816|D767|2026-01-10|net demand for forecast|021583
80848026,C816,E467,2026-01-10,1,net demand for forecast,80848026|C816|E467|2026-01-10|net demand for forecast|021750
80848026,C816,E467,2026-01-10,1,net demand for forecast,80848026|C816|E467|2026-01-10|net demand for forecast|021751
80848026,C816,E467,2026-01-10,1,net demand for forecast,80848026|C816|E467|2026-01-10|net demand for forecast|021752
80848026,C816,E467,2026-01-10,1,net demand for forecast,80848026|C816|E467|2026-01-10|net demand for forecast|021753
80848026,C816,E467,2026-01-10,1,net demand for forecast,80848026|C816|E467|2026-01-10|net demand for forecast|021754
80848028,C816,E467,2026-01-10,2,net demand for safety,80848028|C816|E467|2026-01-10|net demand for safety|021762
80851898,C816,D767,2026-01-10,1,net demand for safety,80851898|C816|D767|2026-01-10|net demand for safety|021789
80864470,C816,D767,2026-01-10,1,net demand for forecast,80864470|C816|D767|2026-01-10|net demand for forecast|021798
80864470,C816,D767,2026-01-10,1,net demand for forecast,80864470|C816|D767|2026-01-10|net demand for forecast|021799
80864470,C816,D767,2026-01-10,1,net demand for forecast,80864470|C816|D767|2026-01-10|net demand for forecast|021800
80864470,C816,D767,2026-01-10,1,net demand for forecast,80864470|C816|D767|2026-01-10|net demand for forecast|021801
80864470,C816,D767,2026-01-10,17,net demand for safety,80864470|C816|D767|2026-01-10|net demand for safety|021802
80864470,C816,E467,2026-01-10,1,net demand for forecast,80864470|C816|E467|2026-01-10|net demand for forecast|021803
80864470,C816,E467,2026-01-10,1,net demand for forecast,80864470|C816|E467|2026-01-10|net demand for forecast|021804
80864470,C816,E467,2026-01-10,2,net demand for forecast,80864470|C816|E467|2026-01-10|net demand for forecast|021805
80864470,C816,E467,2026-01-10,2,net demand for forecast,80864470|C816|E467|2026-01-10|net demand for forecast|021806
80864470,C816,E467,2026-01-10,2,net demand for forecast,80864470|C816|E467|2026-01-10|net demand for forecast|021807
80864470,C816,E467,2026-01-10,15,net demand for safety,80864470|C816|E467|2026-01-10|net demand for safety|021808
21113405,C816,D767,2026-01-11,5,net demand for safety,21113405|C816|D767|2026-01-11|net demand for safety|021858
21121751,C816,D767,2026-01-11,3,net demand for safety,21121751|C816|D767|2026-01-11|net demand for safety|021970
21162696,C816,D767,2026-01-11,1,net demand for forecast,21162696|C816|D767|2026-01-11|net demand for forecast|022230
21162696,C816,D767,2026-01-11,1,net demand for forecast,21162696|C816|D767|2026-01-11|net demand for forecast|022231
21162696,C816,D767,2026-01-11,1,net demand for forecast,21162696|C816|D767|2026-01-11|net demand for forecast|022232
21162696,C816,D767,2026-01-11,1,net demand for forecast,21162696|C816|D767|2026-01-11|net demand for forecast|022233
21304907,C816,D767,2026-01-11,1,net demand for forecast,21304907|C816|D767|2026-01-11|net demand for forecast|022353
21304907,C816,D767,2026-01-11,1,net demand for forecast,21304907|C816|D767|2026-01-11|net demand for forecast|022354
21304907,C816,D767,2026-01-11,1,net demand for forecast,21304907|C816|D767|2026-01-11|net demand for forecast|022355
21304907,C816,D767,2026-01-11,1,net demand for forecast,21304907|C816|D767|2026-01-11|net demand for forecast|022356
21314602,C816,D767,2026-01-11,1,net demand for safety,21314602|C816|D767|2026-01-11|net demand for safety|022385
80804132,C816,E467,2026-01-11,1,net demand for forecast,80804132|C816|E467|2026-01-11|net demand for forecast|022805
80804132,C816,E467,2026-01-11,1,net demand for forecast,80804132|C816|E467|2026-01-11|net demand for forecast|022806
80804132,C816,E467,2026-01-11,1,net demand for forecast,80804132|C816|E467|2026-01-11|net demand for forecast|022807
80804132,C816,E467,2026-01-11,1,net demand for forecast,80804132|C816|E467|2026-01-11|net demand for forecast|022808
80804705,C816,E467,2026-01-11,1,net demand for safety,80804705|C816|E467|2026-01-11|net demand for safety|023070
80839736,A672,E556,2026-01-11,9,net demand for normal,80839736|A672|E556|2026-01-11|net demand for normal|023408
80848023,C816,C937,2026-01-11,2,net demand for forecast,80848023|C816|C937|2026-01-11|net demand for forecast|023432
80848023,C816,C937,2026-01-11,2,net demand for forecast,80848023|C816|C937|2026-01-11|net demand for forecast|023433
80848023,C816,C937,2026-01-11,2,net demand for forecast,80848023|C816|C937|2026-01-11|net demand for forecast|023434
80848023,C816,C937,2026-01-11,2,net demand for forecast,80848023|C816|C937|2026-01-11|net demand for forecast|023435
80848023,C816,C937,2026-01-11,2,net demand for forecast,80848023|C816|C937|2026-01-11|net demand for forecast|023436
80848023,C816,C937,2026-01-11,2,net demand for forecast,80848023|C816|C937|2026-01-11|net demand for forecast|023437
80848023,C816,D767,2026-01-11,1,net demand for forecast,80848023|C816|D767|2026-01-11|net demand for forecast|023438
80848023,C816,D767,2026-01-11,1,net demand for forecast,80848023|C816|D767|2026-01-11|net demand for forecast|023439
80848023,C816,D767,2026-01-11,1,net demand for forecast,80848023|C816|D767|2026-01-11|net demand for forecast|023440
80848023,C816,D767,2026-01-11,1,net demand for forecast,80848023|C816|D767|2026-01-11|net demand for forecast|023441
80848025,C816,E467,2026-01-11,5,net demand for safety,80848025|C816|E467|2026-01-11|net demand for safety|023483
80848026,C816,E467,2026-01-11,2,net demand for forecast,80848026|C816|E467|2026-01-11|net demand for forecast|023509
80848026,C816,E467,2026-01-11,2,net demand for forecast,80848026|C816|E467|2026-01-11|net demand for forecast|023510
80848026,C816,E467,2026-01-11,2,net demand for forecast,80848026|C816|E467|2026-01-11|net demand for forecast|023511
80848026,C816,E467,2026-01-11,2,net demand for forecast,80848026|C816|E467|2026-01-11|net demand for forecast|023512
80848026,C816,E467,2026-01-11,2,net demand for forecast,80848026|C816|E467|2026-01-11|net demand for forecast|023513
80848028,C816,E467,2026-01-11,1,net demand for safety,80848028|C816|E467|2026-01-11|net demand for safety|023531
80851898,C816,D767,2026-01-11,1,net demand for safety,80851898|C816|D767|2026-01-11|net demand for safety|023541
80864470,C816,C937,2026-01-11,1,net demand for forecast,80864470|C816|C937|2026-01-11|net demand for forecast|023596
80864470,C816,C937,2026-01-11,1,net demand for forecast,80864470|C816|C937|2026-01-11|net demand for forecast|023597
80864470,C816,C937,2026-01-11,1,net demand for forecast,80864470|C816|C937|2026-01-11|net demand for forecast|023598
80864470,C816,C937,2026-01-11,1,net demand for forecast,80864470|C816|C937|2026-01-11|net demand for forecast|023599
80864470,C816,C937,2026-01-11,1,net demand for forecast,80864470|C816|C937|2026-01-11|net demand for forecast|023600
80864470,C816,C937,2026-01-11,1,net demand for forecast,80864470|C816|C937|2026-01-11|net demand for forecast|023601
80864470,C816,C937,2026-01-11,2,net demand for safety,80864470|C816|C937|2026-01-11|net demand for safety|023602
21113405,C816,D767,2026-01-12,4,net demand for safety,21113405|C816|D767|2026-01-12|net demand for safety|023744
21118867,C816,D767,2026-01-12,1,net demand for forecast,21118867|C816|D767|2026-01-12|net demand for forecast|023750
21118867,C816,D767,2026-01-12,1,net demand for forecast,21118867|C816|D767|2026-01-12|net demand for forecast|023751
21118867,C816,D767,2026-01-12,1,net demand for forecast,21118867|C816|D767|2026-01-12|net demand for forecast|023752
21118867,C816,D767,2026-01-12,1,net demand for forecast,21118867|C816|D767|2026-01-12|net demand for forecast|023753
21118867,C816,D767,2026-01-12,2,net demand for normal,21118867|C816|D767|2026-01-12|net demand for normal|023754
21118867,C816,D767,2026-01-12,9,net demand for safety,21118867|C816|D767|2026-01-12|net demand for safety|023755
21121751,C816,D767,2026-01-12,1,net demand for safety,21121751|C816|D767|2026-01-12|net demand for safety|023758
21121756,C816,D767,2026-01-12,2,net demand for safety,21121756|C816|D767|2026-01-12|net demand for safety|023759
21162696,C816,D767,2026-01-12,1,net demand for forecast,21162696|C816|D767|2026-01-12|net demand for forecast|024042
21162696,C816,D767,2026-01-12,1,net demand for forecast,21162696|C816|D767|2026-01-12|net demand for forecast|024043
21162696,C816,D767,2026-01-12,1,net demand for forecast,21162696|C816|D767|2026-01-12|net demand for forecast|024044
21162696,C816,D767,2026-01-12,1,net demand for forecast,21162696|C816|D767|2026-01-12|net demand for forecast|024045
21179704,C816,C937,2026-01-12,4,net demand for safety,21179704|C816|C937|2026-01-12|net demand for safety|024057
21314602,C816,D767,2026-01-12,4,net demand for safety,21314602|C816|D767|2026-01-12|net demand for safety|024110
21315350,A673,C819,2026-01-12,1,net demand for forecast,21315350|A673|C819|2026-01-12|net demand for forecast|024112
21315350,A673,C819,2026-01-12,1,net demand for forecast,21315350|A673|C819|2026-01-12|net demand for forecast|024113
21315350,A673,C819,2026-01-12,1,net demand for forecast,21315350|A673|C819|2026-01-12|net demand for forecast|024114
21315350,A673,C819,2026-01-12,1,net demand for safety,21315350|A673|C819|2026-01-12|net demand for safety|024115
21377504,C816,C937,2026-01-12,1,net demand for safety,21377504|C816|C937|2026-01-12|net demand for safety|024144
21377504,C816,D767,2026-01-12,1,net demand for safety,21377504|C816|D767|2026-01-12|net demand for safety|024145
80804127,C816,C937,2026-01-12,1,net demand for forecast,80804127|C816|C937|2026-01-12|net demand for forecast|024176
80804127,C816,C937,2026-01-12,2,net demand for forecast,80804127|C816|C937|2026-01-12|net demand for forecast|024177
80804127,C816,C937,2026-01-12,2,net demand for forecast,80804127|C816|C937|2026-01-12|net demand for forecast|024178
80804127,C816,C937,2026-01-12,2,net demand for forecast,80804127|C816|C937|2026-01-12|net demand for forecast|024179
80804127,C816,C937,2026-01-12,2,net demand for forecast,80804127|C816|C937|2026-01-12|net demand for forecast|024180
80804127,C816,C937,2026-01-12,2,net demand for forecast,80804127|C816|C937|2026-01-12|net demand for forecast|024181
80804127,C816,C937,2026-01-12,15,net demand for safety,80804127|C816|C937|2026-01-12|net demand for safety|024182
80804127,C816,D767,2026-01-12,3,net demand for forecast,80804127|C816|D767|2026-01-12|net demand for forecast|024183
80804127,C816,D767,2026-01-12,4,net demand for forecast,80804127|C816|D767|2026-01-12|net demand for forecast|024184
80804127,C816,D767,2026-01-12,4,net demand for forecast,80804127|C816|D767|2026-01-12|net demand for forecast|024185
80804127,C816,D767,2026-01-12,4,net demand for forecast,80804127|C816|D767|2026-01-12|net demand for forecast|024186
80804127,C816,D767,2026-01-12,1,net demand for normal,80804127|C816|D767|2026-01-12|net demand for normal|024187
80804127,C816,D767,2026-01-12,30,net demand for safety,80804127|C816|D767|2026-01-12|net demand for safety|024188
80804132,C816,E467,2026-01-12,1,net demand for forecast,80804132|C816|E467|2026-01-12|net demand for forecast|024218
80804132,C816,E467,2026-01-12,1,net demand for forecast,80804132|C816|E467|2026-01-12|net demand for forecast|024219
80804132,C816,E467,2026-01-12,1,net demand for forecast,80804132|C816|E467|2026-01-12|net demand for forecast|024220
80804132,C816,E467,2026-01-12,1,net demand for forecast,80804132|C816|E467|2026-01-12|net demand for forecast|024221
80804132,C816,E467,2026-01-12,1,net demand for forecast,80804132|C816|E467|2026-01-12|net demand for forecast|024222
80804704,A673,C819,2026-01-12,1,net demand for forecast,80804704|A673|C819|2026-01-12|net demand for forecast|024348
80804704,A673,C819,2026-01-12,1,net demand for forecast,80804704|A673|C819|2026-01-12|net demand for forecast|024349
80804704,A673,C819,2026-01-12,1,net demand for forecast,80804704|A673|C819|2026-01-12|net demand for forecast|024350
80804704,A673,C819,2026-01-12,2,net demand for forecast,80804704|A673|C819|2026-01-12|net demand for forecast|024351
80804704,A673,C819,2026-01-12,2,net demand for forecast,80804704|A673|C819|2026-01-12|net demand for forecast|024352
80804704,A673,C819,2026-01-12,2,net demand for forecast,80804704|A673|C819|2026-01-12|net demand for forecast|024353
80804704,A673,C819,2026-01-12,1,net demand for normal,80804704|A673|C819|2026-01-12|net demand for normal|024354
80804705,A673,C819,2026-01-12,3,net demand for normal,80804705|A673|C819|2026-01-12|net demand for normal|024379
80804705,C816,E467,2026-01-12,2,net demand for safety,80804705|C816|E467|2026-01-12|net demand for safety|024439
80807105,C816,E467,2026-01-12,2,net demand for forecast,80807105|C816|E467|2026-01-12|net demand for forecast|024541
80807105,C816,E467,2026-01-12,2,net demand for forecast,80807105|C816|E467|2026-01-12|net demand for forecast|024542
80807105,C816,E467,2026-01-12,2,net demand for forecast,80807105|C816|E467|2026-01-12|net demand for forecast|024543
80807105,C816,E467,2026-01-12,2,net demand for forecast,80807105|C816|E467|2026-01-12|net demand for forecast|024544
80807105,C816,E467,2026-01-12,2,net demand for forecast,80807105|C816|E467|2026-01-12|net demand for forecast|024545
80848023,C816,C937,2026-01-12,1,net demand for forecast,80848023|C816|C937|2026-01-12|net demand for forecast|024931
80848023,C816,C937,2026-01-12,1,net demand for forecast,80848023|C816|C937|2026-01-12|net demand for forecast|024932
80848023,C816,C937,2026-01-12,1,net demand for forecast,80848023|C816|C937|2026-01-12|net demand for forecast|024933
80848023,C816,C937,2026-01-12,1,net demand for forecast,80848023|C816|C937|2026-01-12|net demand for forecast|024934
80848023,C816,C937,2026-01-12,1,net demand for forecast,80848023|C816|C937|2026-01-12|net demand for forecast|024935
80848023,C816,C937,2026-01-12,2,net demand for forecast,80848023|C816|C937|2026-01-12|net demand for forecast|024936
80848023,C816,C937,2026-01-12,1,net demand for normal,80848023|C816|C937|2026-01-12|net demand for normal|024937
80848023,C816,D767,2026-01-12,1,net demand for forecast,80848023|C816|D767|2026-01-12|net demand for forecast|024938
80848023,C816,D767,2026-01-12,1,net demand for forecast,80848023|C816|D767|2026-01-12|net demand for forecast|024939
80848023,C816,D767,2026-01-12,1,net demand for forecast,80848023|C816|D767|2026-01-12|net demand for forecast|024940
80848023,C816,D767,2026-01-12,1,net demand for forecast,80848023|C816|D767|2026-01-12|net demand for forecast|024941
80848023,C816,D767,2026-01-12,2,net demand for normal,80848023|C816|D767|2026-01-12|net demand for normal|024942
80848025,A672,E568,2026-01-12,1,net demand for normal,80848025|A672|E568|2026-01-12|net demand for normal|024943
80848026,C816,E467,2026-01-12,1,net demand for forecast,80848026|C816|E467|2026-01-12|net demand for forecast|025022
80848026,C816,E467,2026-01-12,1,net demand for forecast,80848026|C816|E467|2026-01-12|net demand for forecast|025023
80848026,C816,E467,2026-01-12,1,net demand for forecast,80848026|C816|E467|2026-01-12|net demand for forecast|025024
80848026,C816,E467,2026-01-12,1,net demand for forecast,80848026|C816|E467|2026-01-12|net demand for forecast|025025
80848026,C816,E467,2026-01-12,1,net demand for forecast,80848026|C816|E467|2026-01-12|net demand for forecast|025026
80851898,C816,D767,2026-01-12,1,net demand for safety,80851898|C816|D767|2026-01-12|net demand for safety|025114
80864469,C816,D767,2026-01-12,2,net demand for forecast,80864469|C816|D767|2026-01-12|net demand for forecast|025149
80864469,C816,D767,2026-01-12,2,net demand for forecast,80864469|C816|D767|2026-01-12|net demand for forecast|025150
80864469,C816,D767,2026-01-12,2,net demand for forecast,80864469|C816|D767|2026-01-12|net demand for forecast|025151
80864469,C816,D767,2026-01-12,2,net demand for forecast,80864469|C816|D767|2026-01-12|net demand for forecast|025152
80864469,C816,D767,2026-01-12,20,net demand for safety,80864469|C816|D767|2026-01-12|net demand for safety|025153
80864469,C816,E467,2026-01-12,13,net demand for safety,80864469|C816|E467|2026-01-12|net demand for safety|025154
80864470,C816,D767,2026-01-12,1,net demand for forecast,80864470|C816|D767|2026-01-12|net demand for forecast|025156
80864470,C816,D767,2026-01-12,1,net demand for forecast,80864470|C816|D767|2026-01-12|net demand for forecast|025157
80864470,C816,D767,2026-01-12,1,net demand for forecast,80864470|C816|D767|2026-01-12|net demand for forecast|025158
80864470,C816,D767,2026-01-12,1,net demand for forecast,80864470|C816|D767|2026-01-12|net demand for forecast|025159
80864470,C816,D767,2026-01-12,3,net demand for safety,80864470|C816|D767|2026-01-12|net demand for safety|025160
21113405,C816,D767,2026-01-13,1,net demand for safety,21113405|C816|D767|2026-01-13|net demand for safety|025191
21118867,C816,C937,2026-01-13,1,net demand for safety,21118867|C816|C937|2026-01-13|net demand for safety|025192
21121751,C816,D767,2026-01-13,1,net demand for safety,21121751|C816|D767|2026-01-13|net demand for safety|025195
21121756,C816,D767,2026-01-13,4,net demand for safety,21121756|C816|D767|2026-01-13|net demand for safety|025202
21132988,C816,D191,2026-01-13,1,net demand for forecast,21132988|C816|D191|2026-01-13|net demand for forecast|025283
21132988,C816,D191,2026-01-13,1,net demand for forecast,21132988|C816|D191|2026-01-13|net demand for forecast|025284
21132988,C816,D191,2026-01-13,1,net demand for forecast,21132988|C816|D191|2026-01-13|net demand for forecast|025285
21132988,C816,D191,2026-01-13,1,net demand for forecast,21132988|C816|D191|2026-01-13|net demand for forecast|025286
21132988,C816,D191,2026-01-13,1,net demand for normal,21132988|C816|D191|2026-01-13|net demand for normal|025287
21137866,C816,D191,2026-01-13,2,net demand for safety,21137866|C816|D191|2026-01-13|net demand for safety|025304
21139445,C816,A668,2026-01-13,1,net demand for safety,21139445|C816|A668|2026-01-13|net demand for safety|025318
21162696,C816,C937,2026-01-13,1,net demand for forecast,21162696|C816|C937|2026-01-13|net demand for forecast|025365
21162696,C816,C937,2026-01-13,1,net demand for forecast,21162696|C816|C937|2026-01-13|net demand for forecast|025366
21307836,C816,A668,2026-01-13,6,net demand for safety,21307836|C816|A668|2026-01-13|net demand for safety|025378
21314602,C816,D767,2026-01-13,1,net demand for safety,21314602|C816|D767|2026-01-13|net demand for safety|025409
21377504,C816,C937,2026-01-13,1,net demand for safety,21377504|C816|C937|2026-01-13|net demand for safety|025552
21377504,C816,D767,2026-01-13,1,net demand for safety,21377504|C816|D767|2026-01-13|net demand for safety|025553
21428668,C816,A668,2026-01-13,30,net demand for safety,21428668|C816|A668|2026-01-13|net demand for safety|025563
21442897,C816,A668,2026-01-13,10,net demand for safety,21442897|C816|A668|2026-01-13|net demand for safety|025573
80804132,C816,E467,2026-01-13,1,net demand for forecast,80804132|C816|E467|2026-01-13|net demand for forecast|025649
80804132,C816,E467,2026-01-13,1,net demand for forecast,80804132|C816|E467|2026-01-13|net demand for forecast|025650
80804132,C816,E467,2026-01-13,1,net demand for forecast,80804132|C816|E467|2026-01-13|net demand for forecast|025651
80804132,C816,E467,2026-01-13,1,net demand for forecast,80804132|C816|E467|2026-01-13|net demand for forecast|025652
80804132,C816,E467,2026-01-13,1,net demand for forecast,80804132|C816|E467|2026-01-13|net demand for forecast|025653
80804703,C816,A668,2026-01-13,6,net demand for safety,80804703|C816|A668|2026-01-13|net demand for safety|025721
80804704,A673,C819,2026-01-13,1,net demand for forecast,80804704|A673|C819|2026-01-13|net demand for forecast|025722
80804704,A673,C819,2026-01-13,1,net demand for forecast,80804704|A673|C819|2026-01-13|net demand for forecast|025723
80804704,A673,C819,2026-01-13,1,net demand for forecast,80804704|A673|C819|2026-01-13|net demand for forecast|025724
80804704,A673,C819,2026-01-13,2,net demand for forecast,80804704|A673|C819|2026-01-13|net demand for forecast|025725
80804704,A673,C819,2026-01-13,2,net demand for forecast,80804704|A673|C819|2026-01-13|net demand for forecast|025726
80804704,A673,C819,2026-01-13,2,net demand for forecast,80804704|A673|C819|2026-01-13|net demand for forecast|025727
80804704,A673,C819,2026-01-13,1,net demand for normal,80804704|A673|C819|2026-01-13|net demand for normal|025728
80804705,A673,C819,2026-01-13,2,net demand for normal,80804705|A673|C819|2026-01-13|net demand for normal|025750
80804705,C816,A668,2026-01-13,1,net demand for forecast,80804705|C816|A668|2026-01-13|net demand for forecast|025764
80804705,C816,A668,2026-01-13,1,net demand for forecast,80804705|C816|A668|2026-01-13|net demand for forecast|025765
80804705,C816,A668,2026-01-13,1,net demand for forecast,80804705|C816|A668|2026-01-13|net demand for forecast|025766
80804705,C816,A668,2026-01-13,1,net demand for forecast,80804705|C816|A668|2026-01-13|net demand for forecast|025767
80804705,C816,A668,2026-01-13,1,net demand for forecast,80804705|C816|A668|2026-01-13|net demand for forecast|025768
80804705,C816,A668,2026-01-13,1,net demand for forecast,80804705|C816|A668|2026-01-13|net demand for forecast|025769
80804705,C816,A668,2026-01-13,7,net demand for safety,80804705|C816|A668|2026-01-13|net demand for safety|025770
80807105,C816,D191,2026-01-13,1,net demand for forecast,80807105|C816|D191|2026-01-13|net demand for forecast|026062
80807105,C816,D191,2026-01-13,1,net demand for forecast,80807105|C816|D191|2026-01-13|net demand for forecast|026063
80807105,C816,D191,2026-01-13,1,net demand for forecast,80807105|C816|D191|2026-01-13|net demand for forecast|026064
80807105,C816,D191,2026-01-13,1,net demand for forecast,80807105|C816|D191|2026-01-13|net demand for forecast|026065
80807105,C816,E467,2026-01-13,2,net demand for forecast,80807105|C816|E467|2026-01-13|net demand for forecast|026066
80807105,C816,E467,2026-01-13,2,net demand for forecast,80807105|C816|E467|2026-01-13|net demand for forecast|026067
80807105,C816,E467,2026-01-13,2,net demand for forecast,80807105|C816|E467|2026-01-13|net demand for forecast|026068
80807105,C816,E467,2026-01-13,2,net demand for forecast,80807105|C816|E467|2026-01-13|net demand for forecast|026069
80807105,C816,E467,2026-01-13,2,net demand for forecast,80807105|C816|E467|2026-01-13|net demand for forecast|026070
80807116,C816,D191,2026-01-13,1,net demand for AO,80807116|C816|D191|2026-01-13|net demand for AO|026239
80807116,C816,D191,2026-01-13,1,net demand for AO,80807116|C816|D191|2026-01-13|net demand for AO|026240
80807116,C816,D191,2026-01-13,1,net demand for forecast,80807116|C816|D191|2026-01-13|net demand for forecast|026241
80807116,C816,D191,2026-01-13,1,net demand for forecast,80807116|C816|D191|2026-01-13|net demand for forecast|026242
80807116,C816,D191,2026-01-13,1,net demand for forecast,80807116|C816|D191|2026-01-13|net demand for forecast|026243
80807116,C816,D191,2026-01-13,5,net demand for safety,80807116|C816|D191|2026-01-13|net demand for safety|026244
80840975,C816,D767,2026-01-13,1,net demand for normal,80840975|C816|D767|2026-01-13|net demand for normal|026374
80848021,C816,A668,2026-01-13,4,net demand for safety,80848021|C816|A668|2026-01-13|net demand for safety|026375
80848023,C816,D767,2026-01-13,1,net demand for forecast,80848023|C816|D767|2026-01-13|net demand for forecast|026441
80848023,C816,D767,2026-01-13,1,net demand for forecast,80848023|C816|D767|2026-01-13|net demand for forecast|026442
80848023,C816,D767,2026-01-13,1,net demand for forecast,80848023|C816|D767|2026-01-13|net demand for forecast|026443
80848023,C816,D767,2026-01-13,1,net demand for forecast,80848023|C816|D767|2026-01-13|net demand for forecast|026444
80848023,C816,D767,2026-01-13,1,net demand for normal,80848023|C816|D767|2026-01-13|net demand for normal|026445
80848026,C816,E467,2026-01-13,1,net demand for forecast,80848026|C816|E467|2026-01-13|net demand for forecast|026594
80848026,C816,E467,2026-01-13,1,net demand for forecast,80848026|C816|E467|2026-01-13|net demand for forecast|026595
80848026,C816,E467,2026-01-13,1,net demand for forecast,80848026|C816|E467|2026-01-13|net demand for forecast|026596
80848027,C816,C937,2026-01-13,4,net demand for safety,80848027|C816|C937|2026-01-13|net demand for safety|026604
80851898,C816,D767,2026-01-13,1,net demand for safety,80851898|C816|D767|2026-01-13|net demand for safety|026610
80864469,C816,A668,2026-01-13,7,net demand for safety,80864469|C816|A668|2026-01-13|net demand for safety|026611
80864469,C816,E467,2026-01-13,1,net demand for safety,80864469|C816|E467|2026-01-13|net demand for safety|026646
80884848,C816,A668,2026-01-13,1,net demand for safety,80884848|C816|A668|2026-01-13|net demand for safety|026823
80885920,C816,A668,2026-01-13,8,net demand for safety,80885920|C816|A668|2026-01-13|net demand for safety|026824
21113405,C816,D767,2026-01-14,1,net demand for safety,21113405|C816|D767|2026-01-14|net demand for safety|026842
21121756,C816,D767,2026-01-14,2,net demand for safety,21121756|C816|D767|2026-01-14|net demand for safety|026876
21137866,A673,C819,2026-01-14,1,net demand for forecast,21137866|A673|C819|2026-01-14|net demand for forecast|027027
21137866,A673,C819,2026-01-14,2,net demand for forecast,21137866|A673|C819|2026-01-14|net demand for forecast|027028
21137866,A673,C819,2026-01-14,2,net demand for forecast,21137866|A673|C819|2026-01-14|net demand for forecast|027029
21137866,A673,C819,2026-01-14,2,net demand for forecast,21137866|A673|C819|2026-01-14|net demand for forecast|027030
21137866,A673,C819,2026-01-14,3,net demand for forecast,21137866|A673|C819|2026-01-14|net demand for forecast|027031
21137866,A673,C819,2026-01-14,3,net demand for forecast,21137866|A673|C819|2026-01-14|net demand for forecast|027032
21137866,A673,C819,2026-01-14,3,net demand for forecast,21137866|A673|C819|2026-01-14|net demand for forecast|027033
21137866,A673,C819,2026-01-14,3,net demand for forecast,21137866|A673|C819|2026-01-14|net demand for forecast|027034
21137866,A673,C819,2026-01-14,3,net demand for forecast,21137866|A673|C819|2026-01-14|net demand for forecast|027035
21137866,A673,C819,2026-01-14,13,net demand for safety,21137866|A673|C819|2026-01-14|net demand for safety|027036
21137866,C816,D191,2026-01-14,3,net demand for safety,21137866|C816|D191|2026-01-14|net demand for safety|027042
21139445,C816,A668,2026-01-14,6,net demand for safety,21139445|C816|A668|2026-01-14|net demand for safety|027048
21377504,C816,C937,2026-01-14,1,net demand for safety,21377504|C816|C937|2026-01-14|net demand for safety|027215
21377504,C816,D767,2026-01-14,1,net demand for safety,21377504|C816|D767|2026-01-14|net demand for safety|027216
21428668,C816,A668,2026-01-14,5,net demand for safety,21428668|C816|A668|2026-01-14|net demand for safety|027219
21442896,C816,A680,2026-01-14,1,net demand for forecast,21442896|C816|A680|2026-01-14|net demand for forecast|027222
21442896,C816,A680,2026-01-14,1,net demand for forecast,21442896|C816|A680|2026-01-14|net demand for forecast|027223
21442896,C816,A680,2026-01-14,1,net demand for forecast,21442896|C816|A680|2026-01-14|net demand for forecast|027224
21442896,C816,A680,2026-01-14,1,net demand for forecast,21442896|C816|A680|2026-01-14|net demand for forecast|027225
21442896,C816,A680,2026-01-14,1,net demand for forecast,21442896|C816|A680|2026-01-14|net demand for forecast|027226
21442896,C816,A680,2026-01-14,1,net demand for forecast,21442896|C816|A680|2026-01-14|net demand for forecast|027227
21442896,C816,A680,2026-01-14,1,net demand for forecast,21442896|C816|A680|2026-01-14|net demand for forecast|027228
21442897,C816,A668,2026-01-14,5,net demand for safety,21442897|C816|A668|2026-01-14|net demand for safety|027229
21442897,C816,A680,2026-01-14,1,net demand for forecast,21442897|C816|A680|2026-01-14|net demand for forecast|027231
21442897,C816,A680,2026-01-14,1,net demand for forecast,21442897|C816|A680|2026-01-14|net demand for forecast|027232
21442897,C816,A680,2026-01-14,1,net demand for forecast,21442897|C816|A680|2026-01-14|net demand for forecast|027233
21442897,C816,A680,2026-01-14,1,net demand for forecast,21442897|C816|A680|2026-01-14|net demand for forecast|027234
21442897,C816,A680,2026-01-14,1,net demand for forecast,21442897|C816|A680|2026-01-14|net demand for forecast|027235
21442897,C816,A680,2026-01-14,1,net demand for forecast,21442897|C816|A680|2026-01-14|net demand for forecast|027236
21442897,C816,A680,2026-01-14,1,net demand for forecast,21442897|C816|A680|2026-01-14|net demand for forecast|027237
80795932,C816,C937,2026-01-14,1,net demand for safety,80795932|C816|C937|2026-01-14|net demand for safety|027239
80804698,C816,A680,2026-01-14,1,net demand for forecast,80804698|C816|A680|2026-01-14|net demand for forecast|027484
80804698,C816,A680,2026-01-14,1,net demand for forecast,80804698|C816|A680|2026-01-14|net demand for forecast|027485
80804698,C816,A680,2026-01-14,1,net demand for forecast,80804698|C816|A680|2026-01-14|net demand for forecast|027486
80804698,C816,A680,2026-01-14,1,net demand for forecast,80804698|C816|A680|2026-01-14|net demand for forecast|027487
80804698,C816,A680,2026-01-14,1,net demand for forecast,80804698|C816|A680|2026-01-14|net demand for forecast|027488
80804698,C816,A680,2026-01-14,1,net demand for forecast,80804698|C816|A680|2026-01-14|net demand for forecast|027489
80804698,C816,A680,2026-01-14,1,net demand for forecast,80804698|C816|A680|2026-01-14|net demand for forecast|027490
80804698,C816,A680,2026-01-14,1,net demand for normal,80804698|C816|A680|2026-01-14|net demand for normal|027491
80804701,C816,A680,2026-01-14,2,net demand for normal,80804701|C816|A680|2026-01-14|net demand for normal|027578
80804704,A673,C819,2026-01-14,1,net demand for forecast,80804704|A673|C819|2026-01-14|net demand for forecast|027636
80804704,A673,C819,2026-01-14,1,net demand for forecast,80804704|A673|C819|2026-01-14|net demand for forecast|027637
80804704,A673,C819,2026-01-14,1,net demand for forecast,80804704|A673|C819|2026-01-14|net demand for forecast|027638
80804704,A673,C819,2026-01-14,1,net demand for forecast,80804704|A673|C819|2026-01-14|net demand for forecast|027639
80804704,A673,C819,2026-01-14,1,net demand for forecast,80804704|A673|C819|2026-01-14|net demand for forecast|027640
80804704,A673,C819,2026-01-14,1,net demand for forecast,80804704|A673|C819|2026-01-14|net demand for forecast|027641
80804704,A673,C819,2026-01-14,1,net demand for normal,80804704|A673|C819|2026-01-14|net demand for normal|027642
80804704,C816,A680,2026-01-14,14,net demand for normal,80804704|C816|A680|2026-01-14|net demand for normal|027656
80804705,A673,C819,2026-01-14,2,net demand for normal,80804705|A673|C819|2026-01-14|net demand for normal|027659
80804705,C816,A668,2026-01-14,2,net demand for forecast,80804705|C816|A668|2026-01-14|net demand for forecast|027660
80804705,C816,A668,2026-01-14,2,net demand for forecast,80804705|C816|A668|2026-01-14|net demand for forecast|027661
80804705,C816,A668,2026-01-14,2,net demand for forecast,80804705|C816|A668|2026-01-14|net demand for forecast|027662
80804705,C816,A668,2026-01-14,2,net demand for forecast,80804705|C816|A668|2026-01-14|net demand for forecast|027663
80804705,C816,A668,2026-01-14,2,net demand for forecast,80804705|C816|A668|2026-01-14|net demand for forecast|027664
80804705,C816,A668,2026-01-14,2,net demand for forecast,80804705|C816|A668|2026-01-14|net demand for forecast|027665
80804705,C816,A668,2026-01-14,14,net demand for safety,80804705|C816|A668|2026-01-14|net demand for safety|027666
80804705,C816,A680,2026-01-14,2,net demand for forecast,80804705|C816|A680|2026-01-14|net demand for forecast|027699
80804705,C816,A680,2026-01-14,2,net demand for forecast,80804705|C816|A680|2026-01-14|net demand for forecast|027700
80804705,C816,A680,2026-01-14,2,net demand for forecast,80804705|C816|A680|2026-01-14|net demand for forecast|027701
80804705,C816,A680,2026-01-14,2,net demand for forecast,80804705|C816|A680|2026-01-14|net demand for forecast|027702
80804705,C816,A680,2026-01-14,2,net demand for forecast,80804705|C816|A680|2026-01-14|net demand for forecast|027703
80804705,C816,A680,2026-01-14,2,net demand for forecast,80804705|C816|A680|2026-01-14|net demand for forecast|027704
80804705,C816,A680,2026-01-14,2,net demand for forecast,80804705|C816|A680|2026-01-14|net demand for forecast|027705
80804705,C816,A680,2026-01-14,2,net demand for normal,80804705|C816|A680|2026-01-14|net demand for normal|027706
80804705,C816,E467,2026-01-14,1,net demand for safety,80804705|C816|E467|2026-01-14|net demand for safety|027714
80807105,C816,E467,2026-01-14,2,net demand for forecast,80807105|C816|E467|2026-01-14|net demand for forecast|027943
80807105,C816,E467,2026-01-14,2,net demand for forecast,80807105|C816|E467|2026-01-14|net demand for forecast|027944
80807105,C816,E467,2026-01-14,2,net demand for forecast,80807105|C816|E467|2026-01-14|net demand for forecast|027945
80807105,C816,E467,2026-01-14,2,net demand for forecast,80807105|C816|E467|2026-01-14|net demand for forecast|027946
80807105,C816,E467,2026-01-14,2,net demand for forecast,80807105|C816|E467|2026-01-14|net demand for forecast|027947
80807117,C816,A680,2026-01-14,1,net demand for AO,80807117|C816|A680|2026-01-14|net demand for AO|028024
80807117,C816,A680,2026-01-14,1,net demand for AO,80807117|C816|A680|2026-01-14|net demand for AO|028025
80807117,C816,A680,2026-01-14,1,net demand for AO,80807117|C816|A680|2026-01-14|net demand for AO|028026
80807117,C816,A680,2026-01-14,1,net demand for AO,80807117|C816|A680|2026-01-14|net demand for AO|028027
80807117,C816,A680,2026-01-14,1,net demand for AO,80807117|C816|A680|2026-01-14|net demand for AO|028028
80807117,C816,A680,2026-01-14,1,net demand for forecast,80807117|C816|A680|2026-01-14|net demand for forecast|028029
80807117,C816,A680,2026-01-14,1,net demand for forecast,80807117|C816|A680|2026-01-14|net demand for forecast|028030
80807117,C816,A680,2026-01-14,1,net demand for forecast,80807117|C816|A680|2026-01-14|net demand for forecast|028031
80812845,C816,D191,2026-01-14,8,net demand for safety,80812845|C816|D191|2026-01-14|net demand for safety|028174
80812845,C816,E467,2026-01-14,17,net demand for safety,80812845|C816|E467|2026-01-14|net demand for safety|028175
80838165,A673,E564,2026-01-14,1,net demand for normal,80838165|A673|E564|2026-01-14|net demand for normal|028195
80848023,C816,D767,2026-01-14,1,net demand for forecast,80848023|C816|D767|2026-01-14|net demand for forecast|028247
80848023,C816,D767,2026-01-14,1,net demand for forecast,80848023|C816|D767|2026-01-14|net demand for forecast|028248
80848023,C816,D767,2026-01-14,1,net demand for forecast,80848023|C816|D767|2026-01-14|net demand for forecast|028249
80848023,C816,D767,2026-01-14,1,net demand for forecast,80848023|C816|D767|2026-01-14|net demand for forecast|028250
80848023,C816,D767,2026-01-14,1,net demand for normal,80848023|C816|D767|2026-01-14|net demand for normal|028251
80848025,C816,A680,2026-01-14,1,net demand for forecast,80848025|C816|A680|2026-01-14|net demand for forecast|028261
80848025,C816,A680,2026-01-14,1,net demand for forecast,80848025|C816|A680|2026-01-14|net demand for forecast|028262
80848025,C816,A680,2026-01-14,1,net demand for forecast,80848025|C816|A680|2026-01-14|net demand for forecast|028263
80848025,C816,A680,2026-01-14,1,net demand for forecast,80848025|C816|A680|2026-01-14|net demand for forecast|028264
80848025,C816,A680,2026-01-14,1,net demand for forecast,80848025|C816|A680|2026-01-14|net demand for forecast|028265
80848025,C816,A680,2026-01-14,1,net demand for forecast,80848025|C816|A680|2026-01-14|net demand for forecast|028266
80848025,C816,A680,2026-01-14,1,net demand for forecast,80848025|C816|A680|2026-01-14|net demand for forecast|028267
80848026,C816,D191,2026-01-14,1,net demand for forecast,80848026|C816|D191|2026-01-14|net demand for forecast|028273
80848026,C816,D191,2026-01-14,1,net demand for forecast,80848026|C816|D191|2026-01-14|net demand for forecast|028274
80848026,C816,D191,2026-01-14,1,net demand for forecast,80848026|C816|D191|2026-01-14|net demand for forecast|028275
80848026,C816,E467,2026-01-14,1,net demand for forecast,80848026|C816|E467|2026-01-14|net demand for forecast|028276
80848026,C816,E467,2026-01-14,1,net demand for forecast,80848026|C816|E467|2026-01-14|net demand for forecast|028277
80848026,C816,E467,2026-01-14,2,net demand for forecast,80848026|C816|E467|2026-01-14|net demand for forecast|028278
80848026,C816,E467,2026-01-14,2,net demand for forecast,80848026|C816|E467|2026-01-14|net demand for forecast|028279
80848026,C816,E467,2026-01-14,2,net demand for forecast,80848026|C816|E467|2026-01-14|net demand for forecast|028280
80848026,C816,E467,2026-01-14,1,net demand for normal,80848026|C816|E467|2026-01-14|net demand for normal|028281
80864469,C816,A668,2026-01-14,1,net demand for forecast,80864469|C816|A668|2026-01-14|net demand for forecast|028312
80864469,C816,A668,2026-01-14,1,net demand for forecast,80864469|C816|A668|2026-01-14|net demand for forecast|028313
80864469,C816,A668,2026-01-14,1,net demand for forecast,80864469|C816|A668|2026-01-14|net demand for forecast|028314
80864469,C816,A668,2026-01-14,1,net demand for forecast,80864469|C816|A668|2026-01-14|net demand for forecast|028315
80864469,C816,A668,2026-01-14,1,net demand for forecast,80864469|C816|A668|2026-01-14|net demand for forecast|028316
80864469,C816,A668,2026-01-14,1,net demand for forecast,80864469|C816|A668|2026-01-14|net demand for forecast|028317
80864469,C816,A668,2026-01-14,8,net demand for safety,80864469|C816|A668|2026-01-14|net demand for safety|028318
80864469,C816,A680,2026-01-14,1,net demand for forecast,80864469|C816|A680|2026-01-14|net demand for forecast|028346
80864469,C816,A680,2026-01-14,3,net demand for forecast,80864469|C816|A680|2026-01-14|net demand for forecast|028347
80864469,C816,A680,2026-01-14,3,net demand for forecast,80864469|C816|A680|2026-01-14|net demand for forecast|028348
80864469,C816,A680,2026-01-14,3,net demand for forecast,80864469|C816|A680|2026-01-14|net demand for forecast|028349
80864469,C816,A680,2026-01-14,3,net demand for forecast,80864469|C816|A680|2026-01-14|net demand for forecast|028350
80864469,C816,A680,2026-01-14,3,net demand for forecast,80864469|C816|A680|2026-01-14|net demand for forecast|028351
80864469,C816,D767,2026-01-14,1,net demand for forecast,80864469|C816|D767|2026-01-14|net demand for forecast|028352
80864469,C816,D767,2026-01-14,1,net demand for forecast,80864469|C816|D767|2026-01-14|net demand for forecast|028353
80864469,C816,D767,2026-01-14,1,net demand for forecast,80864469|C816|D767|2026-01-14|net demand for forecast|028354
80864469,C816,D767,2026-01-14,1,net demand for forecast,80864469|C816|D767|2026-01-14|net demand for forecast|028355
80864469,C816,D767,2026-01-14,1,net demand for normal,80864469|C816|D767|2026-01-14|net demand for normal|028356
80864469,C816,D767,2026-01-14,3,net demand for safety,80864469|C816|D767|2026-01-14|net demand for safety|028357
80864469,C816,E467,2026-01-14,3,net demand for safety,80864469|C816|E467|2026-01-14|net demand for safety|028358
80864470,C816,E467,2026-01-14,1,net demand for forecast,80864470|C816|E467|2026-01-14|net demand for forecast|028362
80864470,C816,E467,2026-01-14,1,net demand for forecast,80864470|C816|E467|2026-01-14|net demand for forecast|028363
80864470,C816,E467,2026-01-14,1,net demand for forecast,80864470|C816|E467|2026-01-14|net demand for forecast|028364
80864470,C816,E467,2026-01-14,1,net demand for forecast,80864470|C816|E467|2026-01-14|net demand for forecast|028365
80864470,C816,E467,2026-01-14,1,net demand for forecast,80864470|C816|E467|2026-01-14|net demand for forecast|028366
80864470,C816,E467,2026-01-14,1,net demand for normal,80864470|C816|E467|2026-01-14|net demand for normal|028367
80864470,C816,E467,2026-01-14,1,net demand for safety,80864470|C816|E467|2026-01-14|net demand for safety|028368
80868101,C816,A668,2026-01-14,1,net demand for forecast,80868101|C816|A668|2026-01-14|net demand for forecast|028369
80868101,C816,A668,2026-01-14,1,net demand for forecast,80868101|C816|A668|2026-01-14|net demand for forecast|028370
80868101,C816,A668,2026-01-14,1,net demand for forecast,80868101|C816|A668|2026-01-14|net demand for forecast|028371
80868101,C816,A668,2026-01-14,1,net demand for forecast,80868101|C816|A668|2026-01-14|net demand for forecast|028372
80868101,C816,A668,2026-01-14,2,net demand for forecast,80868101|C816|A668|2026-01-14|net demand for forecast|028373
80868101,C816,A668,2026-01-14,2,net demand for forecast,80868101|C816|A668|2026-01-14|net demand for forecast|028374
80868101,C816,A668,2026-01-14,13,net demand for safety,80868101|C816|A668|2026-01-14|net demand for safety|028375
80868101,C816,A680,2026-01-14,1,net demand for AO,80868101|C816|A680|2026-01-14|net demand for AO|028387
80868101,C816,A680,2026-01-14,1,net demand for AO,80868101|C816|A680|2026-01-14|net demand for AO|028388
80868101,C816,A680,2026-01-14,1,net demand for AO,80868101|C816|A680|2026-01-14|net demand for AO|028389
80868101,C816,A680,2026-01-14,3,net demand for AO,80868101|C816|A680|2026-01-14|net demand for AO|028390
80868101,C816,A680,2026-01-14,4,net demand for AO,80868101|C816|A680|2026-01-14|net demand for AO|028391
80868101,C816,A680,2026-01-14,1,net demand for forecast,80868101|C816|A680|2026-01-14|net demand for forecast|028392
80868101,C816,A680,2026-01-14,2,net demand for forecast,80868101|C816|A680|2026-01-14|net demand for forecast|028393
80868101,C816,A680,2026-01-14,2,net demand for forecast,80868101|C816|A680|2026-01-14|net demand for forecast|028394
80868101,C816,C810,2026-01-14,1,net demand for AO,80868101|C816|C810|2026-01-14|net demand for AO|028395
80868101,C816,C810,2026-01-14,1,net demand for forecast,80868101|C816|C810|2026-01-14|net demand for forecast|028396
80868101,C816,C810,2026-01-14,1,net demand for forecast,80868101|C816|C810|2026-01-14|net demand for forecast|028397
80868101,C816,C810,2026-01-14,2,net demand for safety,80868101|C816|C810|2026-01-14|net demand for safety|028398
80868102,C816,A668,2026-01-14,1,net demand for forecast,80868102|C816|A668|2026-01-14|net demand for forecast|028399
80868102,C816,A668,2026-01-14,1,net demand for forecast,80868102|C816|A668|2026-01-14|net demand for forecast|028400
80868102,C816,A668,2026-01-14,1,net demand for forecast,80868102|C816|A668|2026-01-14|net demand for forecast|028401
80868102,C816,A668,2026-01-14,1,net demand for forecast,80868102|C816|A668|2026-01-14|net demand for forecast|028402
80868102,C816,A668,2026-01-14,2,net demand for forecast,80868102|C816|A668|2026-01-14|net demand for forecast|028403
80868102,C816,A668,2026-01-14,2,net demand for forecast,80868102|C816|A668|2026-01-14|net demand for forecast|028404
80868102,C816,A668,2026-01-14,13,net demand for safety,80868102|C816|A668|2026-01-14|net demand for safety|028405
80868102,C816,A680,2026-01-14,1,net demand for forecast,80868102|C816|A680|2026-01-14|net demand for forecast|028413
80868102,C816,A680,2026-01-14,1,net demand for forecast,80868102|C816|A680|2026-01-14|net demand for forecast|028414
80868102,C816,A680,2026-01-14,1,net demand for forecast,80868102|C816|A680|2026-01-14|net demand for forecast|028415
80868102,C816,A680,2026-01-14,1,net demand for forecast,80868102|C816|A680|2026-01-14|net demand for forecast|028416
80868102,C816,A680,2026-01-14,1,net demand for forecast,80868102|C816|A680|2026-01-14|net demand for forecast|028417
80868102,C816,A680,2026-01-14,1,net demand for forecast,80868102|C816|A680|2026-01-14|net demand for forecast|028418
80868102,C816,A680,2026-01-14,1,net demand for forecast,80868102|C816|A680|2026-01-14|net demand for forecast|028419
80868102,C816,C810,2026-01-14,1,net demand for forecast,80868102|C816|C810|2026-01-14|net demand for forecast|028420
80885920,C816,A680,2026-01-14,1,net demand for forecast,80885920|C816|A680|2026-01-14|net demand for forecast|028430
80885920,C816,A680,2026-01-14,1,net demand for forecast,80885920|C816|A680|2026-01-14|net demand for forecast|028431
80885920,C816,A680,2026-01-14,1,net demand for forecast,80885920|C816|A680|2026-01-14|net demand for forecast|028432
80885920,C816,A680,2026-01-14,1,net demand for forecast,80885920|C816|A680|2026-01-14|net demand for forecast|028433
80885920,C816,A680,2026-01-14,1,net demand for forecast,80885920|C816|A680|2026-01-14|net demand for forecast|028434
80885920,C816,A680,2026-01-14,1,net demand for forecast,80885920|C816|A680|2026-01-14|net demand for forecast|028435
80885920,C816,A680,2026-01-14,1,net demand for forecast,80885920|C816|A680|2026-01-14|net demand for forecast|028436
80885920,C816,A680,2026-01-14,2,net demand for normal,80885920|C816|A680|2026-01-14|net demand for normal|028437
21098519,C810,C937,2026-01-15,3,net demand for safety,21098519|C810|C937|2026-01-15|net demand for safety|028440
21103371,C816,C563,2026-01-15,1,net demand for safety,21103371|C816|C563|2026-01-15|net demand for safety|028456
21103372,C810,C937,2026-01-15,2,net demand for safety,21103372|C810|C937|2026-01-15|net demand for safety|028459
21113405,C810,C937,2026-01-15,1,net demand for safety,21113405|C810|C937|2026-01-15|net demand for safety|028468
21118864,C816,D767,2026-01-15,1,net demand for safety,21118864|C816|D767|2026-01-15|net demand for safety|028469
21127730,C810,C937,2026-01-15,1,net demand for safety,21127730|C810|C937|2026-01-15|net demand for safety|028472
21127730,C816,C563,2026-01-15,3,net demand for safety,21127730|C816|C563|2026-01-15|net demand for safety|028474
21128377,C810,C937,2026-01-15,1,net demand for forecast,21128377|C810|C937|2026-01-15|net demand for forecast|028478
21128377,C810,C937,2026-01-15,1,net demand for forecast,21128377|C810|C937|2026-01-15|net demand for forecast|028479
21128377,C810,C937,2026-01-15,1,net demand for forecast,21128377|C810|C937|2026-01-15|net demand for forecast|028480
21128377,C810,C937,2026-01-15,1,net demand for forecast,21128377|C810|C937|2026-01-15|net demand for forecast|028481
21128377,C810,C937,2026-01-15,1,net demand for forecast,21128377|C810|C937|2026-01-15|net demand for forecast|028482
21128377,C810,C937,2026-01-15,1,net demand for forecast,21128377|C810|C937|2026-01-15|net demand for forecast|028483
21128377,C810,C937,2026-01-15,1,net demand for forecast,21128377|C810|C937|2026-01-15|net demand for forecast|028484
21132988,C816,D191,2026-01-15,4,net demand for safety,21132988|C816|D191|2026-01-15|net demand for safety|028499
21137866,A673,C819,2026-01-15,1,net demand for forecast,21137866|A673|C819|2026-01-15|net demand for forecast|028501
21137866,A673,C819,2026-01-15,1,net demand for forecast,21137866|A673|C819|2026-01-15|net demand for forecast|028502
21137866,A673,C819,2026-01-15,1,net demand for forecast,21137866|A673|C819|2026-01-15|net demand for forecast|028503
21137866,A673,C819,2026-01-15,1,net demand for forecast,21137866|A673|C819|2026-01-15|net demand for forecast|028504
21137866,A673,C819,2026-01-15,1,net demand for forecast,21137866|A673|C819|2026-01-15|net demand for forecast|028505
21137866,A673,C819,2026-01-15,1,net demand for forecast,21137866|A673|C819|2026-01-15|net demand for forecast|028506
21137866,A673,C819,2026-01-15,2,net demand for forecast,21137866|A673|C819|2026-01-15|net demand for forecast|028507
21137866,A673,C819,2026-01-15,2,net demand for forecast,21137866|A673|C819|2026-01-15|net demand for forecast|028508
21137866,A673,C819,2026-01-15,2,net demand for forecast,21137866|A673|C819|2026-01-15|net demand for forecast|028509
21137866,C816,E569,2026-01-15,1,net demand for forecast,21137866|C816|E569|2026-01-15|net demand for forecast|028515
21137866,C816,E569,2026-01-15,1,net demand for forecast,21137866|C816|E569|2026-01-15|net demand for forecast|028516
21137866,C816,E569,2026-01-15,1,net demand for forecast,21137866|C816|E569|2026-01-15|net demand for forecast|028517
21137866,C816,E569,2026-01-15,1,net demand for forecast,21137866|C816|E569|2026-01-15|net demand for forecast|028518
21137866,C816,E569,2026-01-15,1,net demand for forecast,21137866|C816|E569|2026-01-15|net demand for forecast|028519
21137866,C816,E569,2026-01-15,1,net demand for forecast,21137866|C816|E569|2026-01-15|net demand for forecast|028520
21137866,C816,E569,2026-01-15,1,net demand for forecast,21137866|C816|E569|2026-01-15|net demand for forecast|028521
21139445,C810,C937,2026-01-15,1,net demand for safety,21139445|C810|C937|2026-01-15|net demand for safety|028526
21139445,C816,A668,2026-01-15,21,net demand for safety,21139445|C816|A668|2026-01-15|net demand for safety|028527
21139445,C816,A680,2026-01-15,2,net demand for forecast,21139445|C816|A680|2026-01-15|net demand for forecast|028536
21139445,C816,A680,2026-01-15,2,net demand for forecast,21139445|C816|A680|2026-01-15|net demand for forecast|028537
21139445,C816,A680,2026-01-15,2,net demand for forecast,21139445|C816|A680|2026-01-15|net demand for forecast|028538
21139445,C816,A680,2026-01-15,2,net demand for forecast,21139445|C816|A680|2026-01-15|net demand for forecast|028539
21139445,C816,A680,2026-01-15,2,net demand for forecast,21139445|C816|A680|2026-01-15|net demand for forecast|028540
21139445,C816,A680,2026-01-15,2,net demand for forecast,21139445|C816|A680|2026-01-15|net demand for forecast|028541
21139445,C816,A680,2026-01-15,2,net demand for forecast,21139445|C816|A680|2026-01-15|net demand for forecast|028542
21141769,A672,E568,2026-01-15,1,net demand for normal,21141769|A672|E568|2026-01-15|net demand for normal|028543
21141769,C810,C937,2026-01-15,1,net demand for forecast,21141769|C810|C937|2026-01-15|net demand for forecast|028545
21141769,C810,C937,2026-01-15,1,net demand for forecast,21141769|C810|C937|2026-01-15|net demand for forecast|028546
21141769,C810,C937,2026-01-15,1,net demand for forecast,21141769|C810|C937|2026-01-15|net demand for forecast|028547
21141769,C810,C937,2026-01-15,1,net demand for forecast,21141769|C810|C937|2026-01-15|net demand for forecast|028548
21141769,C810,C937,2026-01-15,1,net demand for forecast,21141769|C810|C937|2026-01-15|net demand for forecast|028549
21141769,C810,C937,2026-01-15,1,net demand for forecast,21141769|C810|C937|2026-01-15|net demand for forecast|028550
21141769,C810,C937,2026-01-15,1,net demand for forecast,21141769|C810|C937|2026-01-15|net demand for forecast|028551
21143110,C816,C563,2026-01-15,3,net demand for safety,21143110|C816|C563|2026-01-15|net demand for safety|028556
21151196,C816,C563,2026-01-15,2,net demand for forecast,21151196|C816|C563|2026-01-15|net demand for forecast|028557
21151196,C816,C563,2026-01-15,2,net demand for forecast,21151196|C816|C563|2026-01-15|net demand for forecast|028558
21151196,C816,C563,2026-01-15,2,net demand for forecast,21151196|C816|C563|2026-01-15|net demand for forecast|028559
21151196,C816,C563,2026-01-15,2,net demand for forecast,21151196|C816|C563|2026-01-15|net demand for forecast|028560
21151196,C816,C563,2026-01-15,2,net demand for forecast,21151196|C816|C563|2026-01-15|net demand for forecast|028561
21151196,C816,C563,2026-01-15,1,net demand for normal,21151196|C816|C563|2026-01-15|net demand for normal|028562
21162696,C816,C937,2026-01-15,1,net demand for forecast,21162696|C816|C937|2026-01-15|net demand for forecast|028588
21162696,C816,C937,2026-01-15,1,net demand for forecast,21162696|C816|C937|2026-01-15|net demand for forecast|028589
21162696,C816,C937,2026-01-15,1,net demand for forecast,21162696|C816|C937|2026-01-15|net demand for forecast|028590
21162696,C816,C937,2026-01-15,2,net demand for safety,21162696|C816|C937|2026-01-15|net demand for safety|028591
21179704,C816,C937,2026-01-15,1,net demand for forecast,21179704|C816|C937|2026-01-15|net demand for forecast|028594
21179704,C816,C937,2026-01-15,1,net demand for forecast,21179704|C816|C937|2026-01-15|net demand for forecast|028595
21179704,C816,C937,2026-01-15,1,net demand for forecast,21179704|C816|C937|2026-01-15|net demand for forecast|028596
21179704,C816,C937,2026-01-15,1,net demand for safety,21179704|C816|C937|2026-01-15|net demand for safety|028597
21179704,C816,D767,2026-01-15,1,net demand for safety,21179704|C816|D767|2026-01-15|net demand for safety|028598
21304907,C816,D767,2026-01-15,1,net demand for normal,21304907|C816|D767|2026-01-15|net demand for normal|028633
21307836,C816,A668,2026-01-15,4,net demand for safety,21307836|C816|A668|2026-01-15|net demand for safety|028634
21307836,C816,A680,2026-01-15,1,net demand for forecast,21307836|C816|A680|2026-01-15|net demand for forecast|028643
21307836,C816,A680,2026-01-15,1,net demand for forecast,21307836|C816|A680|2026-01-15|net demand for forecast|028644
21307836,C816,A680,2026-01-15,1,net demand for forecast,21307836|C816|A680|2026-01-15|net demand for forecast|028645
21307836,C816,A680,2026-01-15,1,net demand for forecast,21307836|C816|A680|2026-01-15|net demand for forecast|028646
21307836,C816,A680,2026-01-15,1,net demand for forecast,21307836|C816|A680|2026-01-15|net demand for forecast|028647
21307836,C816,A680,2026-01-15,1,net demand for forecast,21307836|C816|A680|2026-01-15|net demand for forecast|028648
21307836,C816,A680,2026-01-15,1,net demand for forecast,21307836|C816|A680|2026-01-15|net demand for forecast|028649
21307836,C816,A680,2026-01-15,1,net demand for normal,21307836|C816|A680|2026-01-15|net demand for normal|028650
21314602,C816,C937,2026-01-15,1,net demand for safety,21314602|C816|C937|2026-01-15|net demand for safety|028651
21314602,C816,D767,2026-01-15,1,net demand for forecast,21314602|C816|D767|2026-01-15|net demand for forecast|028652
21314602,C816,D767,2026-01-15,1,net demand for forecast,21314602|C816|D767|2026-01-15|net demand for forecast|028653
21314602,C816,D767,2026-01-15,1,net demand for forecast,21314602|C816|D767|2026-01-15|net demand for forecast|028654
21314602,C816,D767,2026-01-15,1,net demand for forecast,21314602|C816|D767|2026-01-15|net demand for forecast|028655
21314602,C816,D767,2026-01-15,6,net demand for safety,21314602|C816|D767|2026-01-15|net demand for safety|028656
21314602,C816,E569,2026-01-15,1,net demand for forecast,21314602|C816|E569|2026-01-15|net demand for forecast|028657
21314602,C816,E569,2026-01-15,1,net demand for forecast,21314602|C816|E569|2026-01-15|net demand for forecast|028658
21314602,C816,E569,2026-01-15,1,net demand for forecast,21314602|C816|E569|2026-01-15|net demand for forecast|028659
21314602,C816,E569,2026-01-15,1,net demand for forecast,21314602|C816|E569|2026-01-15|net demand for forecast|028660
21314602,C816,E569,2026-01-15,1,net demand for forecast,21314602|C816|E569|2026-01-15|net demand for forecast|028661
21314602,C816,E569,2026-01-15,1,net demand for forecast,21314602|C816|E569|2026-01-15|net demand for forecast|028662
21314602,C816,E569,2026-01-15,1,net demand for forecast,21314602|C816|E569|2026-01-15|net demand for forecast|028663
21314602,C816,E569,2026-01-15,1,net demand for safety,21314602|C816|E569|2026-01-15|net demand for safety|028664
21314876,C810,C937,2026-01-15,3,net demand for safety,21314876|C810|C937|2026-01-15|net demand for safety|028766
21315474,C816,C563,2026-01-15,1,net demand for forecast,21315474|C816|C563|2026-01-15|net demand for forecast|028774
21315474,C816,C563,2026-01-15,1,net demand for forecast,21315474|C816|C563|2026-01-15|net demand for forecast|028775
21428668,C816,A668,2026-01-15,27,net demand for safety,21428668|C816|A668|2026-01-15|net demand for safety|028777
21442896,C816,A668,2026-01-15,1,net demand for forecast,21442896|C816|A668|2026-01-15|net demand for forecast|028779
21442896,C816,A668,2026-01-15,1,net demand for forecast,21442896|C816|A668|2026-01-15|net demand for forecast|028780
21442896,C816,A668,2026-01-15,1,net demand for forecast,21442896|C816|A668|2026-01-15|net demand for forecast|028781
21442896,C816,A668,2026-01-15,1,net demand for forecast,21442896|C816|A668|2026-01-15|net demand for forecast|028782
21442896,C816,A668,2026-01-15,1,net demand for forecast,21442896|C816|A668|2026-01-15|net demand for forecast|028783
21442896,C816,A668,2026-01-15,1,net demand for forecast,21442896|C816|A668|2026-01-15|net demand for forecast|028784
21442896,C816,A668,2026-01-15,12,net demand for safety,21442896|C816|A668|2026-01-15|net demand for safety|028785
21442897,C816,A668,2026-01-15,5,net demand for safety,21442897|C816|A668|2026-01-15|net demand for safety|028786
80793615,C816,C937,2026-01-15,1,net demand for safety,80793615|C816|C937|2026-01-15|net demand for safety|028789
80804128,C810,C937,2026-01-15,1,net demand for normal,80804128|C810|C937|2026-01-15|net demand for normal|028790
80804130,C816,E569,2026-01-15,1,net demand for forecast,80804130|C816|E569|2026-01-15|net demand for forecast|028840
80804130,C816,E569,2026-01-15,1,net demand for forecast,80804130|C816|E569|2026-01-15|net demand for forecast|028841
80804130,C816,E569,2026-01-15,1,net demand for forecast,80804130|C816|E569|2026-01-15|net demand for forecast|028842
80804130,C816,E569,2026-01-15,1,net demand for forecast,80804130|C816|E569|2026-01-15|net demand for forecast|028843
80804130,C816,E569,2026-01-15,1,net demand for forecast,80804130|C816|E569|2026-01-15|net demand for forecast|028844
80804132,C816,E569,2026-01-15,1,net demand for forecast,80804132|C816|E569|2026-01-15|net demand for forecast|028922
80804132,C816,E569,2026-01-15,1,net demand for forecast,80804132|C816|E569|2026-01-15|net demand for forecast|028923
80804132,C816,E569,2026-01-15,1,net demand for forecast,80804132|C816|E569|2026-01-15|net demand for forecast|028924
80804132,C816,E569,2026-01-15,1,net demand for forecast,80804132|C816|E569|2026-01-15|net demand for forecast|028925
80804132,C816,E569,2026-01-15,1,net demand for forecast,80804132|C816|E569|2026-01-15|net demand for forecast|028926
80804132,C816,E569,2026-01-15,1,net demand for forecast,80804132|C816|E569|2026-01-15|net demand for forecast|028927
80804132,C816,E569,2026-01-15,1,net demand for forecast,80804132|C816|E569|2026-01-15|net demand for forecast|028928
80804134,C816,E467,2026-01-15,1,net demand for safety,80804134|C816|E467|2026-01-15|net demand for safety|028952
80804134,C816,E569,2026-01-15,2,net demand for safety,80804134|C816|E569|2026-01-15|net demand for safety|028954
80804698,C816,A680,2026-01-15,1,net demand for forecast,80804698|C816|A680|2026-01-15|net demand for forecast|028986
80804698,C816,A680,2026-01-15,1,net demand for forecast,80804698|C816|A680|2026-01-15|net demand for forecast|028987
80804698,C816,A680,2026-01-15,1,net demand for forecast,80804698|C816|A680|2026-01-15|net demand for forecast|028988
80804698,C816,A680,2026-01-15,1,net demand for forecast,80804698|C816|A680|2026-01-15|net demand for forecast|028989
80804698,C816,A680,2026-01-15,1,net demand for forecast,80804698|C816|A680|2026-01-15|net demand for forecast|028990
80804698,C816,A680,2026-01-15,1,net demand for forecast,80804698|C816|A680|2026-01-15|net demand for forecast|028991
80804698,C816,A680,2026-01-15,1,net demand for forecast,80804698|C816|A680|2026-01-15|net demand for forecast|028992
80804698,C816,A680,2026-01-15,1,net demand for normal,80804698|C816|A680|2026-01-15|net demand for normal|028993
80804699,C816,A668,2026-01-15,1,net demand for forecast,80804699|C816|A668|2026-01-15|net demand for forecast|028995
80804699,C816,A668,2026-01-15,1,net demand for forecast,80804699|C816|A668|2026-01-15|net demand for forecast|028996
80804699,C816,A668,2026-01-15,1,net demand for forecast,80804699|C816|A668|2026-01-15|net demand for forecast|028997
80804699,C816,A668,2026-01-15,2,net demand for forecast,80804699|C816|A668|2026-01-15|net demand for forecast|028998
80804699,C816,A668,2026-01-15,2,net demand for forecast,80804699|C816|A668|2026-01-15|net demand for forecast|028999
80804699,C816,A668,2026-01-15,2,net demand for forecast,80804699|C816|A668|2026-01-15|net demand for forecast|029000
80804699,C816,A668,2026-01-15,2,net demand for normal,80804699|C816|A668|2026-01-15|net demand for normal|029001
80804699,C816,A668,2026-01-15,17,net demand for safety,80804699|C816|A668|2026-01-15|net demand for safety|029002
80804699,C816,A680,2026-01-15,1,net demand for forecast,80804699|C816|A680|2026-01-15|net demand for forecast|029020
80804699,C816,A680,2026-01-15,1,net demand for forecast,80804699|C816|A680|2026-01-15|net demand for forecast|029021
80804699,C816,A680,2026-01-15,1,net demand for forecast,80804699|C816|A680|2026-01-15|net demand for forecast|029022
80804699,C816,A680,2026-01-15,1,net demand for forecast,80804699|C816|A680|2026-01-15|net demand for forecast|029023
80804699,C816,A680,2026-01-15,1,net demand for forecast,80804699|C816|A680|2026-01-15|net demand for forecast|029024
80804699,C816,A680,2026-01-15,1,net demand for forecast,80804699|C816|A680|2026-01-15|net demand for forecast|029025
80804699,C816,A680,2026-01-15,1,net demand for forecast,80804699|C816|A680|2026-01-15|net demand for forecast|029026
80804699,C816,A680,2026-01-15,1,net demand for normal,80804699|C816|A680|2026-01-15|net demand for normal|029027
80804703,C816,A668,2026-01-15,2,net demand for safety,80804703|C816|A668|2026-01-15|net demand for safety|029065
80804704,A672,E568,2026-01-15,1,net demand for normal,80804704|A672|E568|2026-01-15|net demand for normal|029067
80804704,C816,A668,2026-01-15,175,net demand for safety,80804704|C816|A668|2026-01-15|net demand for safety|029068
80804704,C816,A680,2026-01-15,6,net demand for forecast,80804704|C816|A680|2026-01-15|net demand for forecast|029084
80804704,C816,A680,2026-01-15,6,net demand for forecast,80804704|C816|A680|2026-01-15|net demand for forecast|029085
80804704,C816,A680,2026-01-15,6,net demand for forecast,80804704|C816|A680|2026-01-15|net demand for forecast|029086
80804704,C816,A680,2026-01-15,6,net demand for forecast,80804704|C816|A680|2026-01-15|net demand for forecast|029087
80804704,C816,A680,2026-01-15,6,net demand for forecast,80804704|C816|A680|2026-01-15|net demand for forecast|029088
80804704,C816,A680,2026-01-15,6,net demand for forecast,80804704|C816|A680|2026-01-15|net demand for forecast|029089
80804704,C816,A680,2026-01-15,6,net demand for forecast,80804704|C816|A680|2026-01-15|net demand for forecast|029090
80804704,C816,C563,2026-01-15,1,net demand for forecast,80804704|C816|C563|2026-01-15|net demand for forecast|029091
80804704,C816,C563,2026-01-15,2,net demand for forecast,80804704|C816|C563|2026-01-15|net demand for forecast|029092
80804704,C816,C563,2026-01-15,2,net demand for forecast,80804704|C816|C563|2026-01-15|net demand for forecast|029093
80804704,C816,C563,2026-01-15,2,net demand for forecast,80804704|C816|C563|2026-01-15|net demand for forecast|029094
80804704,C816,C563,2026-01-15,2,net demand for forecast,80804704|C816|C563|2026-01-15|net demand for forecast|029095
80804704,C816,C563,2026-01-15,2,net demand for normal,80804704|C816|C563|2026-01-15|net demand for normal|029096
80804704,C816,C563,2026-01-15,11,net demand for safety,80804704|C816|C563|2026-01-15|net demand for safety|029097
80804704,C816,D191,2026-01-15,8,net demand for safety,80804704|C816|D191|2026-01-15|net demand for safety|029098
80804704,C816,E569,2026-01-15,9,net demand for safety,80804704|C816|E569|2026-01-15|net demand for safety|029100
80804705,A673,C819,2026-01-15,3,net demand for forecast,80804705|A673|C819|2026-01-15|net demand for forecast|029102
80804705,A673,C819,2026-01-15,3,net demand for forecast,80804705|A673|C819|2026-01-15|net demand for forecast|029103
80804705,A673,C819,2026-01-15,3,net demand for forecast,80804705|A673|C819|2026-01-15|net demand for forecast|029104
80804705,A673,C819,2026-01-15,3,net demand for forecast,80804705|A673|C819|2026-01-15|net demand for forecast|029105
80804705,A673,C819,2026-01-15,3,net demand for forecast,80804705|A673|C819|2026-01-15|net demand for forecast|029106
80804705,A673,C819,2026-01-15,4,net demand for forecast,80804705|A673|C819|2026-01-15|net demand for forecast|029107
80804705,A673,C819,2026-01-15,4,net demand for normal,80804705|A673|C819|2026-01-15|net demand for normal|029108
80804705,C816,A668,2026-01-15,1,net demand for forecast,80804705|C816|A668|2026-01-15|net demand for forecast|029120
80804705,C816,A668,2026-01-15,1,net demand for forecast,80804705|C816|A668|2026-01-15|net demand for forecast|029121
80804705,C816,A668,2026-01-15,1,net demand for forecast,80804705|C816|A668|2026-01-15|net demand for forecast|029122
80804705,C816,A668,2026-01-15,1,net demand for forecast,80804705|C816|A668|2026-01-15|net demand for forecast|029123
80804705,C816,A668,2026-01-15,1,net demand for forecast,80804705|C816|A668|2026-01-15|net demand for forecast|029124
80804705,C816,A668,2026-01-15,1,net demand for forecast,80804705|C816|A668|2026-01-15|net demand for forecast|029125
80804705,C816,A680,2026-01-15,2,net demand for forecast,80804705|C816|A680|2026-01-15|net demand for forecast|029138
80804705,C816,A680,2026-01-15,2,net demand for forecast,80804705|C816|A680|2026-01-15|net demand for forecast|029139
80804705,C816,A680,2026-01-15,2,net demand for forecast,80804705|C816|A680|2026-01-15|net demand for forecast|029140
80804705,C816,A680,2026-01-15,2,net demand for forecast,80804705|C816|A680|2026-01-15|net demand for forecast|029141
80804705,C816,A680,2026-01-15,2,net demand for forecast,80804705|C816|A680|2026-01-15|net demand for forecast|029142
80804705,C816,A680,2026-01-15,2,net demand for forecast,80804705|C816|A680|2026-01-15|net demand for forecast|029143
80804705,C816,A680,2026-01-15,2,net demand for forecast,80804705|C816|A680|2026-01-15|net demand for forecast|029144
80807089,C816,A668,2026-01-15,49,net demand for safety,80807089|C816|A668|2026-01-15|net demand for safety|029161
80807089,C816,A680,2026-01-15,1,net demand for AO,80807089|C816|A680|2026-01-15|net demand for AO|029162
80807089,C816,A680,2026-01-15,1,net demand for AO,80807089|C816|A680|2026-01-15|net demand for AO|029163
80807089,C816,A680,2026-01-15,1,net demand for AO,80807089|C816|A680|2026-01-15|net demand for AO|029164
80807089,C816,A680,2026-01-15,1,net demand for AO,80807089|C816|A680|2026-01-15|net demand for AO|029165
80807089,C816,A680,2026-01-15,1,net demand for AO,80807089|C816|A680|2026-01-15|net demand for AO|029166
80807089,C816,A680,2026-01-15,1,net demand for AO,80807089|C816|A680|2026-01-15|net demand for AO|029167
80807089,C816,A680,2026-01-15,1,net demand for AO,80807089|C816|A680|2026-01-15|net demand for AO|029168
80807089,C816,A680,2026-01-15,1,net demand for AO,80807089|C816|A680|2026-01-15|net demand for AO|029169
80807089,C816,A680,2026-01-15,1,net demand for AO,80807089|C816|A680|2026-01-15|net demand for AO|029170
80807089,C816,A680,2026-01-15,1,net demand for AO,80807089|C816|A680|2026-01-15|net demand for AO|029171
80807089,C816,A680,2026-01-15,1,net demand for AO,80807089|C816|A680|2026-01-15|net demand for AO|029172
80807089,C816,A680,2026-01-15,1,net demand for AO,80807089|C816|A680|2026-01-15|net demand for AO|029173
80807089,C816,A680,2026-01-15,1,net demand for AO,80807089|C816|A680|2026-01-15|net demand for AO|029174
80807089,C816,A680,2026-01-15,1,net demand for forecast,80807089|C816|A680|2026-01-15|net demand for forecast|029175
80807089,C816,A680,2026-01-15,3,net demand for forecast,80807089|C816|A680|2026-01-15|net demand for forecast|029176
80807089,C816,A680,2026-01-15,4,net demand for forecast,80807089|C816|A680|2026-01-15|net demand for forecast|029177
80807089,C816,A680,2026-01-15,4,net demand for forecast,80807089|C816|A680|2026-01-15|net demand for forecast|029178
80807089,C816,A680,2026-01-15,5,net demand for forecast,80807089|C816|A680|2026-01-15|net demand for forecast|029179
80807089,C816,A680,2026-01-15,5,net demand for forecast,80807089|C816|A680|2026-01-15|net demand for forecast|029180
80807089,C816,A680,2026-01-15,5,net demand for forecast,80807089|C816|A680|2026-01-15|net demand for forecast|029181
80807089,C816,E569,2026-01-15,5,net demand for safety,80807089|C816|E569|2026-01-15|net demand for safety|029183
80807091,C810,C937,2026-01-15,1,net demand for forecast,80807091|C810|C937|2026-01-15|net demand for forecast|029190
80807091,C810,C937,2026-01-15,1,net demand for forecast,80807091|C810|C937|2026-01-15|net demand for forecast|029191
80807091,C810,C937,2026-01-15,1,net demand for forecast,80807091|C810|C937|2026-01-15|net demand for forecast|029192
80807091,C810,C937,2026-01-15,1,net demand for forecast,80807091|C810|C937|2026-01-15|net demand for forecast|029193
80807091,C810,C937,2026-01-15,1,net demand for forecast,80807091|C810|C937|2026-01-15|net demand for forecast|029194
80807091,C810,C937,2026-01-15,1,net demand for forecast,80807091|C810|C937|2026-01-15|net demand for forecast|029195
80807091,C810,C937,2026-01-15,1,net demand for forecast,80807091|C810|C937|2026-01-15|net demand for forecast|029196
80807091,C810,C937,2026-01-15,6,net demand for safety,80807091|C810|C937|2026-01-15|net demand for safety|029197
80807093,C810,C937,2026-01-15,1,net demand for safety,80807093|C810|C937|2026-01-15|net demand for safety|029211
80807096,C816,E569,2026-01-15,2,net demand for forecast,80807096|C816|E569|2026-01-15|net demand for forecast|029296
80807096,C816,E569,2026-01-15,2,net demand for forecast,80807096|C816|E569|2026-01-15|net demand for forecast|029297
80807096,C816,E569,2026-01-15,2,net demand for forecast,80807096|C816|E569|2026-01-15|net demand for forecast|029298
80807096,C816,E569,2026-01-15,2,net demand for forecast,80807096|C816|E569|2026-01-15|net demand for forecast|029299
80807096,C816,E569,2026-01-15,2,net demand for forecast,80807096|C816|E569|2026-01-15|net demand for forecast|029300
80807096,C816,E569,2026-01-15,2,net demand for forecast,80807096|C816|E569|2026-01-15|net demand for forecast|029301
80807096,C816,E569,2026-01-15,2,net demand for forecast,80807096|C816|E569|2026-01-15|net demand for forecast|029302
80807096,C816,E569,2026-01-15,15,net demand for safety,80807096|C816|E569|2026-01-15|net demand for safety|029303
80807110,C816,E569,2026-01-15,1,net demand for forecast,80807110|C816|E569|2026-01-15|net demand for forecast|029363
80807110,C816,E569,2026-01-15,1,net demand for forecast,80807110|C816|E569|2026-01-15|net demand for forecast|029364
80807110,C816,E569,2026-01-15,1,net demand for forecast,80807110|C816|E569|2026-01-15|net demand for forecast|029365
80807110,C816,E569,2026-01-15,1,net demand for forecast,80807110|C816|E569|2026-01-15|net demand for forecast|029366
80807110,C816,E569,2026-01-15,1,net demand for forecast,80807110|C816|E569|2026-01-15|net demand for forecast|029367
80807110,C816,E569,2026-01-15,1,net demand for forecast,80807110|C816|E569|2026-01-15|net demand for forecast|029368
80807110,C816,E569,2026-01-15,1,net demand for forecast,80807110|C816|E569|2026-01-15|net demand for forecast|029369
80807113,C816,E569,2026-01-15,1,net demand for safety,80807113|C816|E569|2026-01-15|net demand for safety|029377
80807116,C816,C563,2026-01-15,2,net demand for safety,80807116|C816|C563|2026-01-15|net demand for safety|029410
80807116,C816,E569,2026-01-15,1,net demand for forecast,80807116|C816|E569|2026-01-15|net demand for forecast|029411
80807116,C816,E569,2026-01-15,1,net demand for forecast,80807116|C816|E569|2026-01-15|net demand for forecast|029412
80807116,C816,E569,2026-01-15,1,net demand for forecast,80807116|C816|E569|2026-01-15|net demand for forecast|029413
80807116,C816,E569,2026-01-15,1,net demand for forecast,80807116|C816|E569|2026-01-15|net demand for forecast|029414
80807116,C816,E569,2026-01-15,1,net demand for forecast,80807116|C816|E569|2026-01-15|net demand for forecast|029415
80807116,C816,E569,2026-01-15,1,net demand for forecast,80807116|C816|E569|2026-01-15|net demand for forecast|029416
80807116,C816,E569,2026-01-15,1,net demand for forecast,80807116|C816|E569|2026-01-15|net demand for forecast|029417
80807116,C816,E569,2026-01-15,5,net demand for safety,80807116|C816|E569|2026-01-15|net demand for safety|029418
80807117,C816,A680,2026-01-15,1,net demand for AO,80807117|C816|A680|2026-01-15|net demand for AO|029420
80807117,C816,A680,2026-01-15,1,net demand for AO,80807117|C816|A680|2026-01-15|net demand for AO|029421
80807117,C816,A680,2026-01-15,1,net demand for AO,80807117|C816|A680|2026-01-15|net demand for AO|029422
80807117,C816,A680,2026-01-15,1,net demand for AO,80807117|C816|A680|2026-01-15|net demand for AO|029423
80807117,C816,A680,2026-01-15,1,net demand for AO,80807117|C816|A680|2026-01-15|net demand for AO|029424
80807117,C816,A680,2026-01-15,1,net demand for forecast,80807117|C816|A680|2026-01-15|net demand for forecast|029425
80807117,C816,A680,2026-01-15,1,net demand for forecast,80807117|C816|A680|2026-01-15|net demand for forecast|029426
80807117,C816,A680,2026-01-15,1,net demand for forecast,80807117|C816|A680|2026-01-15|net demand for forecast|029427
80807117,C816,A680,2026-01-15,1,net demand for forecast,80807117|C816|A680|2026-01-15|net demand for forecast|029428
80807119,C816,E569,2026-01-15,1,net demand for forecast,80807119|C816|E569|2026-01-15|net demand for forecast|029442
80807119,C816,E569,2026-01-15,1,net demand for forecast,80807119|C816|E569|2026-01-15|net demand for forecast|029443
80807119,C816,E569,2026-01-15,1,net demand for forecast,80807119|C816|E569|2026-01-15|net demand for forecast|029444
80807119,C816,E569,2026-01-15,1,net demand for forecast,80807119|C816|E569|2026-01-15|net demand for forecast|029445
80807119,C816,E569,2026-01-15,1,net demand for forecast,80807119|C816|E569|2026-01-15|net demand for forecast|029446
80807119,C816,E569,2026-01-15,1,net demand for forecast,80807119|C816|E569|2026-01-15|net demand for forecast|029447
80807119,C816,E569,2026-01-15,1,net demand for forecast,80807119|C816|E569|2026-01-15|net demand for forecast|029448
80807119,C816,E569,2026-01-15,11,net demand for safety,80807119|C816|E569|2026-01-15|net demand for safety|029449
80807120,C816,C563,2026-01-15,1,net demand for forecast,80807120|C816|C563|2026-01-15|net demand for forecast|029452
80807120,C816,C563,2026-01-15,1,net demand for forecast,80807120|C816|C563|2026-01-15|net demand for forecast|029453
80807120,C816,C563,2026-01-15,1,net demand for forecast,80807120|C816|C563|2026-01-15|net demand for forecast|029454
80807120,C816,C563,2026-01-15,1,net demand for forecast,80807120|C816|C563|2026-01-15|net demand for forecast|029455
80807120,C816,C563,2026-01-15,1,net demand for forecast,80807120|C816|C563|2026-01-15|net demand for forecast|029456
80807120,C816,E569,2026-01-15,1,net demand for forecast,80807120|C816|E569|2026-01-15|net demand for forecast|029457
80807120,C816,E569,2026-01-15,1,net demand for forecast,80807120|C816|E569|2026-01-15|net demand for forecast|029458
80807120,C816,E569,2026-01-15,1,net demand for forecast,80807120|C816|E569|2026-01-15|net demand for forecast|029459
80807120,C816,E569,2026-01-15,1,net demand for forecast,80807120|C816|E569|2026-01-15|net demand for forecast|029460
80807120,C816,E569,2026-01-15,1,net demand for forecast,80807120|C816|E569|2026-01-15|net demand for forecast|029461
80807120,C816,E569,2026-01-15,1,net demand for forecast,80807120|C816|E569|2026-01-15|net demand for forecast|029462
80807120,C816,E569,2026-01-15,1,net demand for forecast,80807120|C816|E569|2026-01-15|net demand for forecast|029463
80812099,C816,E569,2026-01-15,1,net demand for safety,80812099|C816|E569|2026-01-15|net demand for safety|029465
80812839,C816,E569,2026-01-15,1,net demand for forecast,80812839|C816|E569|2026-01-15|net demand for forecast|029478
80812839,C816,E569,2026-01-15,1,net demand for forecast,80812839|C816|E569|2026-01-15|net demand for forecast|029479
80812839,C816,E569,2026-01-15,1,net demand for forecast,80812839|C816|E569|2026-01-15|net demand for forecast|029480
80812839,C816,E569,2026-01-15,1,net demand for forecast,80812839|C816|E569|2026-01-15|net demand for forecast|029481
80812839,C816,E569,2026-01-15,1,net demand for forecast,80812839|C816|E569|2026-01-15|net demand for forecast|029482
80812839,C816,E569,2026-01-15,1,net demand for forecast,80812839|C816|E569|2026-01-15|net demand for forecast|029483
80812839,C816,E569,2026-01-15,1,net demand for forecast,80812839|C816|E569|2026-01-15|net demand for forecast|029484
80812839,C816,E569,2026-01-15,15,net demand for safety,80812839|C816|E569|2026-01-15|net demand for safety|029485
80812845,C810,C937,2026-01-15,16,net demand for safety,80812845|C810|C937|2026-01-15|net demand for safety|029504
80812845,C816,C563,2026-01-15,1,net demand for forecast,80812845|C816|C563|2026-01-15|net demand for forecast|029517
80812845,C816,C563,2026-01-15,1,net demand for forecast,80812845|C816|C563|2026-01-15|net demand for forecast|029518
80812845,C816,C563,2026-01-15,1,net demand for forecast,80812845|C816|C563|2026-01-15|net demand for forecast|029519
80812845,C816,C563,2026-01-15,1,net demand for forecast,80812845|C816|C563|2026-01-15|net demand for forecast|029520
80812845,C816,C563,2026-01-15,1,net demand for forecast,80812845|C816|C563|2026-01-15|net demand for forecast|029521
80812845,C816,E467,2026-01-15,1,net demand for forecast,80812845|C816|E467|2026-01-15|net demand for forecast|029522
80812845,C816,E467,2026-01-15,1,net demand for forecast,80812845|C816|E467|2026-01-15|net demand for forecast|029523
80812845,C816,E467,2026-01-15,1,net demand for forecast,80812845|C816|E467|2026-01-15|net demand for forecast|029524
80812845,C816,E467,2026-01-15,2,net demand for forecast,80812845|C816|E467|2026-01-15|net demand for forecast|029525
80812845,C816,E467,2026-01-15,2,net demand for forecast,80812845|C816|E467|2026-01-15|net demand for forecast|029526
80812845,C816,E569,2026-01-15,1,net demand for forecast,80812845|C816|E569|2026-01-15|net demand for forecast|029527
80812845,C816,E569,2026-01-15,1,net demand for forecast,80812845|C816|E569|2026-01-15|net demand for forecast|029528
80812845,C816,E569,2026-01-15,1,net demand for forecast,80812845|C816|E569|2026-01-15|net demand for forecast|029529
80812845,C816,E569,2026-01-15,1,net demand for forecast,80812845|C816|E569|2026-01-15|net demand for forecast|029530
80812845,C816,E569,2026-01-15,1,net demand for forecast,80812845|C816|E569|2026-01-15|net demand for forecast|029531
80812845,C816,E569,2026-01-15,1,net demand for forecast,80812845|C816|E569|2026-01-15|net demand for forecast|029532
80812845,C816,E569,2026-01-15,1,net demand for forecast,80812845|C816|E569|2026-01-15|net demand for forecast|029533
80812846,A672,E568,2026-01-15,1,net demand for forecast,80812846|A672|E568|2026-01-15|net demand for forecast|029534
80812846,A672,E568,2026-01-15,1,net demand for forecast,80812846|A672|E568|2026-01-15|net demand for forecast|029535
80812846,A672,E568,2026-01-15,1,net demand for forecast,80812846|A672|E568|2026-01-15|net demand for forecast|029536
80812846,A672,E568,2026-01-15,1,net demand for forecast,80812846|A672|E568|2026-01-15|net demand for forecast|029537
80812846,A672,E568,2026-01-15,1,net demand for forecast,80812846|A672|E568|2026-01-15|net demand for forecast|029538
80812846,A672,E568,2026-01-15,1,net demand for forecast,80812846|A672|E568|2026-01-15|net demand for forecast|029539
80812846,A672,E568,2026-01-15,1,net demand for forecast,80812846|A672|E568|2026-01-15|net demand for forecast|029540
80812846,C810,C937,2026-01-15,1,net demand for forecast,80812846|C810|C937|2026-01-15|net demand for forecast|029546
80812846,C810,C937,2026-01-15,1,net demand for forecast,80812846|C810|C937|2026-01-15|net demand for forecast|029547
80812846,C810,C937,2026-01-15,1,net demand for forecast,80812846|C810|C937|2026-01-15|net demand for forecast|029548
80812846,C810,C937,2026-01-15,1,net demand for forecast,80812846|C810|C937|2026-01-15|net demand for forecast|029549
80812846,C810,C937,2026-01-15,1,net demand for forecast,80812846|C810|C937|2026-01-15|net demand for forecast|029550
80812846,C810,C937,2026-01-15,1,net demand for forecast,80812846|C810|C937|2026-01-15|net demand for forecast|029551
80812846,C810,C937,2026-01-15,1,net demand for forecast,80812846|C810|C937|2026-01-15|net demand for forecast|029552
80812846,C810,C937,2026-01-15,3,net demand for safety,80812846|C810|C937|2026-01-15|net demand for safety|029553
80838165,A673,E564,2026-01-15,1,net demand for normal,80838165|A673|E564|2026-01-15|net demand for normal|029556
80840975,C816,D767,2026-01-15,1,net demand for normal,80840975|C816|D767|2026-01-15|net demand for normal|029557
80848021,C816,A668,2026-01-15,1,net demand for forecast,80848021|C816|A668|2026-01-15|net demand for forecast|029559
80848021,C816,A668,2026-01-15,1,net demand for forecast,80848021|C816|A668|2026-01-15|net demand for forecast|029560
80848021,C816,A668,2026-01-15,1,net demand for forecast,80848021|C816|A668|2026-01-15|net demand for forecast|029561
80848021,C816,A668,2026-01-15,2,net demand for safety,80848021|C816|A668|2026-01-15|net demand for safety|029562
80848022,A672,E568,2026-01-15,1,net demand for forecast,80848022|A672|E568|2026-01-15|net demand for forecast|029593
80848022,A672,E568,2026-01-15,1,net demand for forecast,80848022|A672|E568|2026-01-15|net demand for forecast|029594
80848022,A672,E568,2026-01-15,1,net demand for forecast,80848022|A672|E568|2026-01-15|net demand for forecast|029595
80848022,A672,E568,2026-01-15,1,net demand for forecast,80848022|A672|E568|2026-01-15|net demand for forecast|029596
80848022,A672,E568,2026-01-15,1,net demand for forecast,80848022|A672|E568|2026-01-15|net demand for forecast|029597
80848022,A672,E568,2026-01-15,1,net demand for forecast,80848022|A672|E568|2026-01-15|net demand for forecast|029598
80848022,A672,E568,2026-01-15,1,net demand for forecast,80848022|A672|E568|2026-01-15|net demand for forecast|029599
80848022,A672,E568,2026-01-15,1,net demand for normal,80848022|A672|E568|2026-01-15|net demand for normal|029600
80848022,C816,E467,2026-01-15,1,net demand for forecast,80848022|C816|E467|2026-01-15|net demand for forecast|029601
80848022,C816,E467,2026-01-15,1,net demand for forecast,80848022|C816|E467|2026-01-15|net demand for forecast|029602
80848025,C816,A680,2026-01-15,1,net demand for forecast,80848025|C816|A680|2026-01-15|net demand for forecast|029618
80848025,C816,A680,2026-01-15,1,net demand for forecast,80848025|C816|A680|2026-01-15|net demand for forecast|029619
80848025,C816,A680,2026-01-15,1,net demand for forecast,80848025|C816|A680|2026-01-15|net demand for forecast|029620
80848025,C816,A680,2026-01-15,1,net demand for forecast,80848025|C816|A680|2026-01-15|net demand for forecast|029621
80848025,C816,A680,2026-01-15,1,net demand for forecast,80848025|C816|A680|2026-01-15|net demand for forecast|029622
80848025,C816,A680,2026-01-15,1,net demand for forecast,80848025|C816|A680|2026-01-15|net demand for forecast|029623
80848025,C816,A680,2026-01-15,1,net demand for forecast,80848025|C816|A680|2026-01-15|net demand for forecast|029624
80848026,C810,C937,2026-01-15,12,net demand for forecast,80848026|C810|C937|2026-01-15|net demand for forecast|029630
80848026,C810,C937,2026-01-15,12,net demand for forecast,80848026|C810|C937|2026-01-15|net demand for forecast|029631
80848026,C810,C937,2026-01-15,12,net demand for forecast,80848026|C810|C937|2026-01-15|net demand for forecast|029632
80848026,C810,C937,2026-01-15,12,net demand for forecast,80848026|C810|C937|2026-01-15|net demand for forecast|029633
80848026,C810,C937,2026-01-15,12,net demand for forecast,80848026|C810|C937|2026-01-15|net demand for forecast|029634
80848026,C810,C937,2026-01-15,12,net demand for forecast,80848026|C810|C937|2026-01-15|net demand for forecast|029635
80848026,C810,C937,2026-01-15,13,net demand for forecast,80848026|C810|C937|2026-01-15|net demand for forecast|029636
80848026,C810,C937,2026-01-15,15,net demand for normal,80848026|C810|C937|2026-01-15|net demand for normal|029637
80848026,C816,D191,2026-01-15,2,net demand for forecast,80848026|C816|D191|2026-01-15|net demand for forecast|029650
80848026,C816,D191,2026-01-15,2,net demand for forecast,80848026|C816|D191|2026-01-15|net demand for forecast|029651
80848026,C816,D191,2026-01-15,3,net demand for forecast,80848026|C816|D191|2026-01-15|net demand for forecast|029652
80848026,C816,E467,2026-01-15,1,net demand for forecast,80848026|C816|E467|2026-01-15|net demand for forecast|029653
80848026,C816,E467,2026-01-15,1,net demand for forecast,80848026|C816|E467|2026-01-15|net demand for forecast|029654
80848026,C816,E467,2026-01-15,1,net demand for forecast,80848026|C816|E467|2026-01-15|net demand for forecast|029655
80848026,C816,E467,2026-01-15,1,net demand for forecast,80848026|C816|E467|2026-01-15|net demand for forecast|029656
80848026,C816,E467,2026-01-15,1,net demand for forecast,80848026|C816|E467|2026-01-15|net demand for forecast|029657
80848026,C816,E467,2026-01-15,1,net demand for normal,80848026|C816|E467|2026-01-15|net demand for normal|029658
80848026,C816,E569,2026-01-15,2,net demand for forecast,80848026|C816|E569|2026-01-15|net demand for forecast|029659
80848026,C816,E569,2026-01-15,2,net demand for forecast,80848026|C816|E569|2026-01-15|net demand for forecast|029660
80848026,C816,E569,2026-01-15,3,net demand for forecast,80848026|C816|E569|2026-01-15|net demand for forecast|029661
80848026,C816,E569,2026-01-15,3,net demand for forecast,80848026|C816|E569|2026-01-15|net demand for forecast|029662
80848026,C816,E569,2026-01-15,3,net demand for forecast,80848026|C816|E569|2026-01-15|net demand for forecast|029663
80848026,C816,E569,2026-01-15,3,net demand for forecast,80848026|C816|E569|2026-01-15|net demand for forecast|029664
80848026,C816,E569,2026-01-15,3,net demand for forecast,80848026|C816|E569|2026-01-15|net demand for forecast|029665
80848026,C816,E569,2026-01-15,1,net demand for normal,80848026|C816|E569|2026-01-15|net demand for normal|029666
80848027,C816,C937,2026-01-15,1,net demand for forecast,80848027|C816|C937|2026-01-15|net demand for forecast|029667
80848027,C816,C937,2026-01-15,1,net demand for forecast,80848027|C816|C937|2026-01-15|net demand for forecast|029668
80848027,C816,C937,2026-01-15,1,net demand for forecast,80848027|C816|C937|2026-01-15|net demand for forecast|029669
80848027,C816,C937,2026-01-15,2,net demand for safety,80848027|C816|C937|2026-01-15|net demand for safety|029670
80848028,C810,C937,2026-01-15,1,net demand for forecast,80848028|C810|C937|2026-01-15|net demand for forecast|029672
80848028,C810,C937,2026-01-15,1,net demand for forecast,80848028|C810|C937|2026-01-15|net demand for forecast|029673
80848028,C810,C937,2026-01-15,1,net demand for forecast,80848028|C810|C937|2026-01-15|net demand for forecast|029674
80848028,C810,C937,2026-01-15,1,net demand for forecast,80848028|C810|C937|2026-01-15|net demand for forecast|029675
80848028,C810,C937,2026-01-15,1,net demand for forecast,80848028|C810|C937|2026-01-15|net demand for forecast|029676
80848028,C810,C937,2026-01-15,1,net demand for forecast,80848028|C810|C937|2026-01-15|net demand for forecast|029677
80848028,C810,C937,2026-01-15,1,net demand for forecast,80848028|C810|C937|2026-01-15|net demand for forecast|029678
80848028,C810,C937,2026-01-15,1,net demand for normal,80848028|C810|C937|2026-01-15|net demand for normal|029679
80848028,C816,E467,2026-01-15,1,net demand for forecast,80848028|C816|E467|2026-01-15|net demand for forecast|029680
80848028,C816,E467,2026-01-15,1,net demand for forecast,80848028|C816|E467|2026-01-15|net demand for forecast|029681
80848028,C816,E467,2026-01-15,2,net demand for safety,80848028|C816|E467|2026-01-15|net demand for safety|029682
80848029,C816,E467,2026-01-15,2,net demand for safety,80848029|C816|E467|2026-01-15|net demand for safety|029683
80848029,C816,E569,2026-01-15,1,net demand for safety,80848029|C816|E569|2026-01-15|net demand for safety|029684
80864469,C816,A680,2026-01-15,3,net demand for forecast,80864469|C816|A680|2026-01-15|net demand for forecast|029702
80864469,C816,A680,2026-01-15,3,net demand for forecast,80864469|C816|A680|2026-01-15|net demand for forecast|029703
80864469,C816,A680,2026-01-15,4,net demand for forecast,80864469|C816|A680|2026-01-15|net demand for forecast|029704
80864469,C816,A680,2026-01-15,4,net demand for forecast,80864469|C816|A680|2026-01-15|net demand for forecast|029705
80864469,C816,A680,2026-01-15,4,net demand for forecast,80864469|C816|A680|2026-01-15|net demand for forecast|029706
80864469,C816,A680,2026-01-15,4,net demand for forecast,80864469|C816|A680|2026-01-15|net demand for forecast|029707
80864469,C816,A680,2026-01-15,4,net demand for forecast,80864469|C816|A680|2026-01-15|net demand for forecast|029708
80864469,C816,E467,2026-01-15,1,net demand for forecast,80864469|C816|E467|2026-01-15|net demand for forecast|029709
80864469,C816,E467,2026-01-15,1,net demand for forecast,80864469|C816|E467|2026-01-15|net demand for forecast|029710
80864469,C816,E467,2026-01-15,1,net demand for forecast,80864469|C816|E467|2026-01-15|net demand for forecast|029711
80864469,C816,E467,2026-01-15,1,net demand for forecast,80864469|C816|E467|2026-01-15|net demand for forecast|029712
80864469,C816,E467,2026-01-15,1,net demand for forecast,80864469|C816|E467|2026-01-15|net demand for forecast|029713
80864469,C816,E467,2026-01-15,4,net demand for safety,80864469|C816|E467|2026-01-15|net demand for safety|029714
80868101,C816,A680,2026-01-15,1,net demand for AO,80868101|C816|A680|2026-01-15|net demand for AO|029779
80868101,C816,A680,2026-01-15,1,net demand for AO,80868101|C816|A680|2026-01-15|net demand for AO|029780
80868101,C816,A680,2026-01-15,1,net demand for AO,80868101|C816|A680|2026-01-15|net demand for AO|029781
80868101,C816,A680,2026-01-15,2,net demand for AO,80868101|C816|A680|2026-01-15|net demand for AO|029782
80868101,C816,A680,2026-01-15,3,net demand for AO,80868101|C816|A680|2026-01-15|net demand for AO|029783
80868101,C816,A680,2026-01-15,1,net demand for forecast,80868101|C816|A680|2026-01-15|net demand for forecast|029784
80868101,C816,A680,2026-01-15,1,net demand for forecast,80868101|C816|A680|2026-01-15|net demand for forecast|029785
80868101,C816,A680,2026-01-15,1,net demand for forecast,80868101|C816|A680|2026-01-15|net demand for forecast|029786
80868101,C816,A680,2026-01-15,1,net demand for forecast,80868101|C816|A680|2026-01-15|net demand for forecast|029787
80868101,C816,A680,2026-01-15,2,net demand for forecast,80868101|C816|A680|2026-01-15|net demand for forecast|029788
80868101,C816,A680,2026-01-15,2,net demand for forecast,80868101|C816|A680|2026-01-15|net demand for forecast|029789
80868102,C816,A668,2026-01-15,1,net demand for AO,80868102|C816|A668|2026-01-15|net demand for AO|029790
80868102,C816,A668,2026-01-15,1,net demand for AO,80868102|C816|A668|2026-01-15|net demand for AO|029791
80868102,C816,A668,2026-01-15,1,net demand for forecast,80868102|C816|A668|2026-01-15|net demand for forecast|029792
80868102,C816,A668,2026-01-15,1,net demand for forecast,80868102|C816|A668|2026-01-15|net demand for forecast|029793
80868102,C816,A668,2026-01-15,1,net demand for forecast,80868102|C816|A668|2026-01-15|net demand for forecast|029794
80868102,C816,A668,2026-01-15,1,net demand for forecast,80868102|C816|A668|2026-01-15|net demand for forecast|029795
80868102,C816,A680,2026-01-15,1,net demand for forecast,80868102|C816|A680|2026-01-15|net demand for forecast|029802
80868102,C816,A680,2026-01-15,1,net demand for forecast,80868102|C816|A680|2026-01-15|net demand for forecast|029803
80868102,C816,A680,2026-01-15,1,net demand for forecast,80868102|C816|A680|2026-01-15|net demand for forecast|029804
80868102,C816,A680,2026-01-15,1,net demand for forecast,80868102|C816|A680|2026-01-15|net demand for forecast|029805
80868102,C816,A680,2026-01-15,1,net demand for forecast,80868102|C816|A680|2026-01-15|net demand for forecast|029806
80868102,C816,A680,2026-01-15,1,net demand for forecast,80868102|C816|A680|2026-01-15|net demand for forecast|029807
80884848,C816,A668,2026-01-15,2,net demand for safety,80884848|C816|A668|2026-01-15|net demand for safety|029809
21098519,A673,E556,2026-01-16,2,net demand for safety,21098519|A673|E556|2026-01-16|net demand for safety|029916
21103372,A673,E556,2026-01-16,1,net demand for forecast,21103372|A673|E556|2026-01-16|net demand for forecast|029922
21103372,A673,E556,2026-01-16,1,net demand for forecast,21103372|A673|E556|2026-01-16|net demand for forecast|029923
21103372,A673,E556,2026-01-16,1,net demand for forecast,21103372|A673|E556|2026-01-16|net demand for forecast|029924
21103372,A673,E556,2026-01-16,1,net demand for forecast,21103372|A673|E556|2026-01-16|net demand for forecast|029925
21103372,A673,E556,2026-01-16,1,net demand for forecast,21103372|A673|E556|2026-01-16|net demand for forecast|029926
21103372,A673,E556,2026-01-16,1,net demand for forecast,21103372|A673|E556|2026-01-16|net demand for forecast|029927
21103372,A673,E556,2026-01-16,1,net demand for forecast,21103372|A673|E556|2026-01-16|net demand for forecast|029928
21103372,A673,E556,2026-01-16,13,net demand for safety,21103372|A673|E556|2026-01-16|net demand for safety|029929
21113405,C810,C937,2026-01-16,1,net demand for safety,21113405|C810|C937|2026-01-16|net demand for safety|029931
21113405,C816,D767,2026-01-16,1,net demand for forecast,21113405|C816|D767|2026-01-16|net demand for forecast|029932
21113405,C816,D767,2026-01-16,1,net demand for forecast,21113405|C816|D767|2026-01-16|net demand for forecast|029933
21113405,C816,D767,2026-01-16,1,net demand for forecast,21113405|C816|D767|2026-01-16|net demand for forecast|029934
21113405,C816,D767,2026-01-16,1,net demand for forecast,21113405|C816|D767|2026-01-16|net demand for forecast|029935
21113405,C816,D767,2026-01-16,3,net demand for safety,21113405|C816|D767|2026-01-16|net demand for safety|029936
21121751,C816,D767,2026-01-16,1,net demand for forecast,21121751|C816|D767|2026-01-16|net demand for forecast|029944
21121751,C816,D767,2026-01-16,1,net demand for forecast,21121751|C816|D767|2026-01-16|net demand for forecast|029945
21121751,C816,D767,2026-01-16,1,net demand for forecast,21121751|C816|D767|2026-01-16|net demand for forecast|029946
21121751,C816,D767,2026-01-16,1,net demand for forecast,21121751|C816|D767|2026-01-16|net demand for forecast|029947
21121756,C816,D767,2026-01-16,1,net demand for forecast,21121756|C816|D767|2026-01-16|net demand for forecast|029951
21121756,C816,D767,2026-01-16,1,net demand for forecast,21121756|C816|D767|2026-01-16|net demand for forecast|029952
21121756,C816,D767,2026-01-16,1,net demand for forecast,21121756|C816|D767|2026-01-16|net demand for forecast|029953
21121756,C816,D767,2026-01-16,1,net demand for forecast,21121756|C816|D767|2026-01-16|net demand for forecast|029954
21121756,C816,D767,2026-01-16,3,net demand for safety,21121756|C816|D767|2026-01-16|net demand for safety|029955
21127730,C816,C563,2026-01-16,1,net demand for forecast,21127730|C816|C563|2026-01-16|net demand for forecast|029958
21127730,C816,C563,2026-01-16,1,net demand for forecast,21127730|C816|C563|2026-01-16|net demand for forecast|029959
21127730,C816,C563,2026-01-16,1,net demand for forecast,21127730|C816|C563|2026-01-16|net demand for forecast|029960
21127730,C816,C563,2026-01-16,1,net demand for forecast,21127730|C816|C563|2026-01-16|net demand for forecast|029961
21127730,C816,C563,2026-01-16,1,net demand for forecast,21127730|C816|C563|2026-01-16|net demand for forecast|029962
21127730,C816,C563,2026-01-16,10,net demand for safety,21127730|C816|C563|2026-01-16|net demand for safety|029963
21128067,C810,D767,2026-01-16,2,net demand for safety,21128067|C810|D767|2026-01-16|net demand for safety|029965
21128067,C816,E569,2026-01-16,1,net demand for safety,21128067|C816|E569|2026-01-16|net demand for safety|029967
21132758,A673,C819,2026-01-16,1,net demand for forecast,21132758|A673|C819|2026-01-16|net demand for forecast|030020
21132758,A673,C819,2026-01-16,1,net demand for forecast,21132758|A673|C819|2026-01-16|net demand for forecast|030021
21132758,A673,C819,2026-01-16,1,net demand for forecast,21132758|A673|C819|2026-01-16|net demand for forecast|030022
21132758,A673,E556,2026-01-16,3,net demand for forecast,21132758|A673|E556|2026-01-16|net demand for forecast|030029
21132758,A673,E556,2026-01-16,3,net demand for forecast,21132758|A673|E556|2026-01-16|net demand for forecast|030030
21132758,A673,E556,2026-01-16,3,net demand for forecast,21132758|A673|E556|2026-01-16|net demand for forecast|030031
21132758,A673,E556,2026-01-16,3,net demand for forecast,21132758|A673|E556|2026-01-16|net demand for forecast|030032
21132758,A673,E556,2026-01-16,3,net demand for forecast,21132758|A673|E556|2026-01-16|net demand for forecast|030033
21132758,A673,E556,2026-01-16,3,net demand for forecast,21132758|A673|E556|2026-01-16|net demand for forecast|030034
21132758,A673,E556,2026-01-16,3,net demand for forecast,21132758|A673|E556|2026-01-16|net demand for forecast|030035
21132758,A673,E556,2026-01-16,2,net demand for normal,21132758|A673|E556|2026-01-16|net demand for normal|030036
21132758,C810,C937,2026-01-16,1,net demand for normal,21132758|C810|C937|2026-01-16|net demand for normal|030037
21132758,C810,D767,2026-01-16,1,net demand for normal,21132758|C810|D767|2026-01-16|net demand for normal|030038
21132988,C810,C937,2026-01-16,3,net demand for safety,21132988|C810|C937|2026-01-16|net demand for safety|030050
21132988,C810,D767,2026-01-16,53,net demand for safety,21132988|C810|D767|2026-01-16|net demand for safety|030051
21132988,C816,D191,2026-01-16,1,net demand for forecast,21132988|C816|D191|2026-01-16|net demand for forecast|030052
21132988,C816,D191,2026-01-16,1,net demand for forecast,21132988|C816|D191|2026-01-16|net demand for forecast|030053
21132988,C816,D191,2026-01-16,1,net demand for forecast,21132988|C816|D191|2026-01-16|net demand for forecast|030054
21132988,C816,D191,2026-01-16,1,net demand for forecast,21132988|C816|D191|2026-01-16|net demand for forecast|030055
21132988,C816,D191,2026-01-16,3,net demand for safety,21132988|C816|D191|2026-01-16|net demand for safety|030056
21137866,A673,C819,2026-01-16,1,net demand for forecast,21137866|A673|C819|2026-01-16|net demand for forecast|030062
21137866,A673,C819,2026-01-16,1,net demand for forecast,21137866|A673|C819|2026-01-16|net demand for forecast|030063
21137866,A673,C819,2026-01-16,1,net demand for forecast,21137866|A673|C819|2026-01-16|net demand for forecast|030064
21137866,A673,C819,2026-01-16,1,net demand for forecast,21137866|A673|C819|2026-01-16|net demand for forecast|030065
21137866,A673,C819,2026-01-16,1,net demand for forecast,21137866|A673|C819|2026-01-16|net demand for forecast|030066
21137866,A673,C819,2026-01-16,1,net demand for forecast,21137866|A673|C819|2026-01-16|net demand for forecast|030067
21137866,A673,C819,2026-01-16,1,net demand for forecast,21137866|A673|C819|2026-01-16|net demand for forecast|030068
21137866,A673,C819,2026-01-16,1,net demand for forecast,21137866|A673|C819|2026-01-16|net demand for forecast|030069
21137866,A673,C819,2026-01-16,1,net demand for forecast,21137866|A673|C819|2026-01-16|net demand for forecast|030070
21137866,C810,C937,2026-01-16,1,net demand for forecast,21137866|C810|C937|2026-01-16|net demand for forecast|030071
21137866,C810,C937,2026-01-16,1,net demand for forecast,21137866|C810|C937|2026-01-16|net demand for forecast|030072
21137866,C810,C937,2026-01-16,1,net demand for forecast,21137866|C810|C937|2026-01-16|net demand for forecast|030073
21137866,C810,C937,2026-01-16,1,net demand for forecast,21137866|C810|C937|2026-01-16|net demand for forecast|030074
21137866,C810,C937,2026-01-16,1,net demand for forecast,21137866|C810|C937|2026-01-16|net demand for forecast|030075
21137866,C810,C937,2026-01-16,1,net demand for forecast,21137866|C810|C937|2026-01-16|net demand for forecast|030076
21137866,C810,C937,2026-01-16,1,net demand for forecast,21137866|C810|C937|2026-01-16|net demand for forecast|030077
21139445,C810,C937,2026-01-16,1,net demand for safety,21139445|C810|C937|2026-01-16|net demand for safety|030082
21139445,C816,A668,2026-01-16,2,net demand for safety,21139445|C816|A668|2026-01-16|net demand for safety|030083
21139445,C816,A680,2026-01-16,4,net demand for forecast,21139445|C816|A680|2026-01-16|net demand for forecast|030092
21139445,C816,A680,2026-01-16,4,net demand for forecast,21139445|C816|A680|2026-01-16|net demand for forecast|030093
21139445,C816,A680,2026-01-16,4,net demand for forecast,21139445|C816|A680|2026-01-16|net demand for forecast|030094
21139445,C816,A680,2026-01-16,4,net demand for forecast,21139445|C816|A680|2026-01-16|net demand for forecast|030095
21139445,C816,A680,2026-01-16,4,net demand for forecast,21139445|C816|A680|2026-01-16|net demand for forecast|030096
21139445,C816,A680,2026-01-16,4,net demand for forecast,21139445|C816|A680|2026-01-16|net demand for forecast|030097
21139445,C816,A680,2026-01-16,4,net demand for forecast,21139445|C816|A680|2026-01-16|net demand for forecast|030098
21141769,A672,E568,2026-01-16,1,net demand for normal,21141769|A672|E568|2026-01-16|net demand for normal|030099
21141769,C816,E569,2026-01-16,1,net demand for forecast,21141769|C816|E569|2026-01-16|net demand for forecast|030101
21141769,C816,E569,2026-01-16,1,net demand for forecast,21141769|C816|E569|2026-01-16|net demand for forecast|030102
21141769,C816,E569,2026-01-16,1,net demand for forecast,21141769|C816|E569|2026-01-16|net demand for forecast|030103
21141769,C816,E569,2026-01-16,1,net demand for forecast,21141769|C816|E569|2026-01-16|net demand for forecast|030104
21141769,C816,E569,2026-01-16,1,net demand for forecast,21141769|C816|E569|2026-01-16|net demand for forecast|030105
21141769,C816,E569,2026-01-16,1,net demand for forecast,21141769|C816|E569|2026-01-16|net demand for forecast|030106
21141769,C816,E569,2026-01-16,1,net demand for normal,21141769|C816|E569|2026-01-16|net demand for normal|030107
21143110,C816,C563,2026-01-16,1,net demand for forecast,21143110|C816|C563|2026-01-16|net demand for forecast|030121
21143110,C816,C563,2026-01-16,1,net demand for forecast,21143110|C816|C563|2026-01-16|net demand for forecast|030122
21143110,C816,C563,2026-01-16,1,net demand for forecast,21143110|C816|C563|2026-01-16|net demand for forecast|030123
21143110,C816,C563,2026-01-16,1,net demand for forecast,21143110|C816|C563|2026-01-16|net demand for forecast|030124
21143110,C816,C563,2026-01-16,1,net demand for forecast,21143110|C816|C563|2026-01-16|net demand for forecast|030125
21143110,C816,C563,2026-01-16,8,net demand for safety,21143110|C816|C563|2026-01-16|net demand for safety|030126
21151196,C816,C563,2026-01-16,2,net demand for forecast,21151196|C816|C563|2026-01-16|net demand for forecast|030138
21151196,C816,C563,2026-01-16,2,net demand for forecast,21151196|C816|C563|2026-01-16|net demand for forecast|030139
21151196,C816,C563,2026-01-16,2,net demand for forecast,21151196|C816|C563|2026-01-16|net demand for forecast|030140
21151196,C816,C563,2026-01-16,2,net demand for forecast,21151196|C816|C563|2026-01-16|net demand for forecast|030141
21151196,C816,C563,2026-01-16,2,net demand for forecast,21151196|C816|C563|2026-01-16|net demand for forecast|030142
21151196,C816,C563,2026-01-16,2,net demand for normal,21151196|C816|C563|2026-01-16|net demand for normal|030143
21170683,C810,D767,2026-01-16,1,net demand for forecast,21170683|C810|D767|2026-01-16|net demand for forecast|030156
21170683,C810,D767,2026-01-16,1,net demand for forecast,21170683|C810|D767|2026-01-16|net demand for forecast|030157
21170683,C810,D767,2026-01-16,1,net demand for safety,21170683|C810|D767|2026-01-16|net demand for safety|030158
21275914,C810,C937,2026-01-16,28,net demand for safety,21275914|C810|C937|2026-01-16|net demand for safety|030169
21307836,C816,A668,2026-01-16,4,net demand for safety,21307836|C816|A668|2026-01-16|net demand for safety|030177
21307836,C816,A680,2026-01-16,1,net demand for forecast,21307836|C816|A680|2026-01-16|net demand for forecast|030186
21307836,C816,A680,2026-01-16,1,net demand for forecast,21307836|C816|A680|2026-01-16|net demand for forecast|030187
21307836,C816,A680,2026-01-16,1,net demand for forecast,21307836|C816|A680|2026-01-16|net demand for forecast|030188
21307836,C816,A680,2026-01-16,1,net demand for forecast,21307836|C816|A680|2026-01-16|net demand for forecast|030189
21307836,C816,A680,2026-01-16,1,net demand for forecast,21307836|C816|A680|2026-01-16|net demand for forecast|030190
21307836,C816,A680,2026-01-16,1,net demand for forecast,21307836|C816|A680|2026-01-16|net demand for forecast|030191
21307836,C816,A680,2026-01-16,1,net demand for forecast,21307836|C816|A680|2026-01-16|net demand for forecast|030192
21307836,C816,A680,2026-01-16,1,net demand for normal,21307836|C816|A680|2026-01-16|net demand for normal|030193
21315474,C816,C563,2026-01-16,1,net demand for forecast,21315474|C816|C563|2026-01-16|net demand for forecast|030210
21315474,C816,C563,2026-01-16,1,net demand for forecast,21315474|C816|C563|2026-01-16|net demand for forecast|030211
21354246,C816,C937,2026-01-16,2,net demand for safety,21354246|C816|C937|2026-01-16|net demand for safety|030219
21377504,C816,C937,2026-01-16,1,net demand for safety,21377504|C816|C937|2026-01-16|net demand for safety|030220
21377504,C816,D767,2026-01-16,1,net demand for forecast,21377504|C816|D767|2026-01-16|net demand for forecast|030221
21377504,C816,D767,2026-01-16,1,net demand for forecast,21377504|C816|D767|2026-01-16|net demand for forecast|030222
21377504,C816,D767,2026-01-16,1,net demand for forecast,21377504|C816|D767|2026-01-16|net demand for forecast|030223
21377504,C816,D767,2026-01-16,1,net demand for forecast,21377504|C816|D767|2026-01-16|net demand for forecast|030224
21377504,C816,D767,2026-01-16,3,net demand for safety,21377504|C816|D767|2026-01-16|net demand for safety|030225
21428668,C816,A668,2026-01-16,13,net demand for safety,21428668|C816|A668|2026-01-16|net demand for safety|030236
21442897,C816,A668,2026-01-16,17,net demand for safety,21442897|C816|A668|2026-01-16|net demand for safety|030239
80804127,A673,C819,2026-01-16,1,net demand for AO,80804127|A673|C819|2026-01-16|net demand for AO|030247
80804127,A673,C819,2026-01-16,1,net demand for AO,80804127|A673|C819|2026-01-16|net demand for AO|030248
80804127,A673,C819,2026-01-16,2,net demand for AO,80804127|A673|C819|2026-01-16|net demand for AO|030249
80804127,A673,C819,2026-01-16,3,net demand for AO,80804127|A673|C819|2026-01-16|net demand for AO|030250
80804127,A673,C819,2026-01-16,1,net demand for forecast,80804127|A673|C819|2026-01-16|net demand for forecast|030251
80804127,A673,C819,2026-01-16,1,net demand for forecast,80804127|A673|C819|2026-01-16|net demand for forecast|030252
80804127,A673,C819,2026-01-16,1,net demand for forecast,80804127|A673|C819|2026-01-16|net demand for forecast|030253
80804127,A673,C819,2026-01-16,1,net demand for forecast,80804127|A673|C819|2026-01-16|net demand for forecast|030254
80804127,A673,C819,2026-01-16,1,net demand for forecast,80804127|A673|C819|2026-01-16|net demand for forecast|030255
80804127,A673,C819,2026-01-16,1,net demand for forecast,80804127|A673|C819|2026-01-16|net demand for forecast|030256
80804127,A673,C819,2026-01-16,1,net demand for forecast,80804127|A673|C819|2026-01-16|net demand for forecast|030257
80804127,A673,C819,2026-01-16,1,net demand for forecast,80804127|A673|C819|2026-01-16|net demand for forecast|030258
80804127,A673,C819,2026-01-16,1,net demand for forecast,80804127|A673|C819|2026-01-16|net demand for forecast|030259
80804127,A673,C819,2026-01-16,1,net demand for safety,80804127|A673|C819|2026-01-16|net demand for safety|030260
80804128,A673,C819,2026-01-16,1,net demand for forecast,80804128|A673|C819|2026-01-16|net demand for forecast|030265
80804128,A673,C819,2026-01-16,1,net demand for forecast,80804128|A673|C819|2026-01-16|net demand for forecast|030266
80804128,A673,C819,2026-01-16,1,net demand for forecast,80804128|A673|C819|2026-01-16|net demand for forecast|030267
80804128,A673,C819,2026-01-16,5,net demand for safety,80804128|A673|C819|2026-01-16|net demand for safety|030268
80804128,C810,D767,2026-01-16,1,net demand for normal,80804128|C810|D767|2026-01-16|net demand for normal|030272
80804133,C816,E467,2026-01-16,13,net demand for safety,80804133|C816|E467|2026-01-16|net demand for safety|030283
80804134,A672,C819,2026-01-16,2,net demand for AO,80804134|A672|C819|2026-01-16|net demand for AO|030285
80804134,A672,C819,2026-01-16,2,net demand for AO,80804134|A672|C819|2026-01-16|net demand for AO|030286
80804134,A672,C819,2026-01-16,2,net demand for AO,80804134|A672|C819|2026-01-16|net demand for AO|030287
80804134,A672,C819,2026-01-16,3,net demand for AO,80804134|A672|C819|2026-01-16|net demand for AO|030288
80804134,C810,C937,2026-01-16,32,net demand for safety,80804134|C810|C937|2026-01-16|net demand for safety|030289
80804134,C810,D767,2026-01-16,2,net demand for forecast,80804134|C810|D767|2026-01-16|net demand for forecast|030290
80804134,C810,D767,2026-01-16,2,net demand for forecast,80804134|C810|D767|2026-01-16|net demand for forecast|030291
80804134,C810,D767,2026-01-16,2,net demand for forecast,80804134|C810|D767|2026-01-16|net demand for forecast|030292
80804134,C810,D767,2026-01-16,2,net demand for forecast,80804134|C810|D767|2026-01-16|net demand for forecast|030293
80804134,C810,D767,2026-01-16,42,net demand for safety,80804134|C810|D767|2026-01-16|net demand for safety|030294
80804136,A672,C819,2026-01-16,1,net demand for forecast,80804136|A672|C819|2026-01-16|net demand for forecast|030296
80804136,A672,C819,2026-01-16,1,net demand for forecast,80804136|A672|C819|2026-01-16|net demand for forecast|030297
80804136,A672,C819,2026-01-16,1,net demand for forecast,80804136|A672|C819|2026-01-16|net demand for forecast|030298
80804136,A672,C819,2026-01-16,1,net demand for forecast,80804136|A672|C819|2026-01-16|net demand for forecast|030299
80804136,A672,C819,2026-01-16,1,net demand for forecast,80804136|A672|C819|2026-01-16|net demand for forecast|030300
80804136,A672,C819,2026-01-16,1,net demand for forecast,80804136|A672|C819|2026-01-16|net demand for forecast|030301
80804136,A672,C819,2026-01-16,1,net demand for forecast,80804136|A672|C819|2026-01-16|net demand for forecast|030302
80804136,A672,C819,2026-01-16,1,net demand for forecast,80804136|A672|C819|2026-01-16|net demand for forecast|030303
80804137,C810,C937,2026-01-16,1,net demand for forecast,80804137|C810|C937|2026-01-16|net demand for forecast|030313
80804137,C810,C937,2026-01-16,1,net demand for forecast,80804137|C810|C937|2026-01-16|net demand for forecast|030314
80804137,C810,C937,2026-01-16,1,net demand for forecast,80804137|C810|C937|2026-01-16|net demand for forecast|030315
80804137,C810,C937,2026-01-16,1,net demand for forecast,80804137|C810|C937|2026-01-16|net demand for forecast|030316
80804137,C810,C937,2026-01-16,1,net demand for forecast,80804137|C810|C937|2026-01-16|net demand for forecast|030317
80804137,C810,C937,2026-01-16,1,net demand for forecast,80804137|C810|C937|2026-01-16|net demand for forecast|030318
80804137,C810,C937,2026-01-16,1,net demand for forecast,80804137|C810|C937|2026-01-16|net demand for forecast|030319
80804137,C810,C937,2026-01-16,3,net demand for safety,80804137|C810|C937|2026-01-16|net demand for safety|030320
80804137,C810,D767,2026-01-16,2,net demand for forecast,80804137|C810|D767|2026-01-16|net demand for forecast|030321
80804137,C810,D767,2026-01-16,2,net demand for forecast,80804137|C810|D767|2026-01-16|net demand for forecast|030322
80804137,C810,D767,2026-01-16,2,net demand for forecast,80804137|C810|D767|2026-01-16|net demand for forecast|030323
80804137,C810,D767,2026-01-16,3,net demand for forecast,80804137|C810|D767|2026-01-16|net demand for forecast|030324
80804137,C810,D767,2026-01-16,2,net demand for normal,80804137|C810|D767|2026-01-16|net demand for normal|030325
80804137,C810,D767,2026-01-16,4,net demand for safety,80804137|C810|D767|2026-01-16|net demand for safety|030326
80804138,C810,D767,2026-01-16,1,net demand for normal,80804138|C810|D767|2026-01-16|net demand for normal|030335
80804138,C816,E569,2026-01-16,1,net demand for safety,80804138|C816|E569|2026-01-16|net demand for safety|030336
80804698,A673,E556,2026-01-16,1,net demand for forecast,80804698|A673|E556|2026-01-16|net demand for forecast|030337
80804698,A673,E556,2026-01-16,1,net demand for forecast,80804698|A673|E556|2026-01-16|net demand for forecast|030338
80804698,A673,E556,2026-01-16,1,net demand for forecast,80804698|A673|E556|2026-01-16|net demand for forecast|030339
80804698,A673,E556,2026-01-16,1,net demand for normal,80804698|A673|E556|2026-01-16|net demand for normal|030340
80804698,C810,D767,2026-01-16,1,net demand for safety,80804698|C810|D767|2026-01-16|net demand for safety|030341
80804699,C810,D767,2026-01-16,3,net demand for safety,80804699|C810|D767|2026-01-16|net demand for safety|030342
80804699,C816,A668,2026-01-16,1,net demand for forecast,80804699|C816|A668|2026-01-16|net demand for forecast|030343
80804699,C816,A668,2026-01-16,1,net demand for forecast,80804699|C816|A668|2026-01-16|net demand for forecast|030344
80804699,C816,A668,2026-01-16,1,net demand for forecast,80804699|C816|A668|2026-01-16|net demand for forecast|030345
80804699,C816,A668,2026-01-16,1,net demand for forecast,80804699|C816|A668|2026-01-16|net demand for forecast|030346
80804699,C816,A668,2026-01-16,1,net demand for forecast,80804699|C816|A668|2026-01-16|net demand for forecast|030347
80804699,C816,A668,2026-01-16,1,net demand for forecast,80804699|C816|A668|2026-01-16|net demand for forecast|030348
80804699,C816,A668,2026-01-16,1,net demand for normal,80804699|C816|A668|2026-01-16|net demand for normal|030349
80804699,C816,A668,2026-01-16,1,net demand for safety,80804699|C816|A668|2026-01-16|net demand for safety|030350
80804699,C816,A680,2026-01-16,1,net demand for forecast,80804699|C816|A680|2026-01-16|net demand for forecast|030369
80804699,C816,A680,2026-01-16,1,net demand for forecast,80804699|C816|A680|2026-01-16|net demand for forecast|030370
80804699,C816,A680,2026-01-16,1,net demand for forecast,80804699|C816|A680|2026-01-16|net demand for forecast|030371
80804699,C816,A680,2026-01-16,1,net demand for forecast,80804699|C816|A680|2026-01-16|net demand for forecast|030372
80804699,C816,A680,2026-01-16,1,net demand for forecast,80804699|C816|A680|2026-01-16|net demand for forecast|030373
80804699,C816,A680,2026-01-16,1,net demand for forecast,80804699|C816|A680|2026-01-16|net demand for forecast|030374
80804699,C816,A680,2026-01-16,1,net demand for forecast,80804699|C816|A680|2026-01-16|net demand for forecast|030375
80804699,C816,A680,2026-01-16,1,net demand for normal,80804699|C816|A680|2026-01-16|net demand for normal|030376
80804701,C810,D767,2026-01-16,1,net demand for normal,80804701|C810|D767|2026-01-16|net demand for normal|030381
80804702,C816,A668,2026-01-16,2,net demand for normal,80804702|C816|A668|2026-01-16|net demand for normal|030386
80804702,C816,A680,2026-01-16,1,net demand for normal,80804702|C816|A680|2026-01-16|net demand for normal|030389
80804703,C816,A668,2026-01-16,3,net demand for safety,80804703|C816|A668|2026-01-16|net demand for safety|030392
80804704,C810,C937,2026-01-16,27,net demand for safety,80804704|C810|C937|2026-01-16|net demand for safety|030393
80804704,C810,D767,2026-01-16,46,net demand for safety,80804704|C810|D767|2026-01-16|net demand for safety|030394
80804704,C816,A668,2026-01-16,17,net demand for safety,80804704|C816|A668|2026-01-16|net demand for safety|030396
80804704,C816,A680,2026-01-16,6,net demand for forecast,80804704|C816|A680|2026-01-16|net demand for forecast|030412
80804704,C816,A680,2026-01-16,6,net demand for forecast,80804704|C816|A680|2026-01-16|net demand for forecast|030413
80804704,C816,A680,2026-01-16,6,net demand for forecast,80804704|C816|A680|2026-01-16|net demand for forecast|030414
80804704,C816,A680,2026-01-16,6,net demand for forecast,80804704|C816|A680|2026-01-16|net demand for forecast|030415
80804704,C816,A680,2026-01-16,6,net demand for forecast,80804704|C816|A680|2026-01-16|net demand for forecast|030416
80804704,C816,A680,2026-01-16,6,net demand for forecast,80804704|C816|A680|2026-01-16|net demand for forecast|030417
80804704,C816,A680,2026-01-16,6,net demand for forecast,80804704|C816|A680|2026-01-16|net demand for forecast|030418
80804704,C816,D191,2026-01-16,1,net demand for safety,80804704|C816|D191|2026-01-16|net demand for safety|030419
80804705,A673,C819,2026-01-16,2,net demand for forecast,80804705|A673|C819|2026-01-16|net demand for forecast|030428
80804705,A673,C819,2026-01-16,2,net demand for forecast,80804705|A673|C819|2026-01-16|net demand for forecast|030429
80804705,A673,C819,2026-01-16,2,net demand for forecast,80804705|A673|C819|2026-01-16|net demand for forecast|030430
80804705,A673,C819,2026-01-16,2,net demand for forecast,80804705|A673|C819|2026-01-16|net demand for forecast|030431
80804705,A673,C819,2026-01-16,2,net demand for forecast,80804705|A673|C819|2026-01-16|net demand for forecast|030432
80804705,A673,C819,2026-01-16,3,net demand for forecast,80804705|A673|C819|2026-01-16|net demand for forecast|030433
80804705,A673,E556,2026-01-16,1,net demand for forecast,80804705|A673|E556|2026-01-16|net demand for forecast|030439
80804705,A673,E556,2026-01-16,1,net demand for forecast,80804705|A673|E556|2026-01-16|net demand for forecast|030440
80804705,A673,E556,2026-01-16,1,net demand for forecast,80804705|A673|E556|2026-01-16|net demand for forecast|030441
80804705,A673,E556,2026-01-16,1,net demand for forecast,80804705|A673|E556|2026-01-16|net demand for forecast|030442
80804705,A673,E556,2026-01-16,1,net demand for forecast,80804705|A673|E556|2026-01-16|net demand for forecast|030443
80804705,A673,E556,2026-01-16,1,net demand for normal,80804705|A673|E556|2026-01-16|net demand for normal|030444
80804705,C810,D767,2026-01-16,5,net demand for safety,80804705|C810|D767|2026-01-16|net demand for safety|030445
80804705,C816,A680,2026-01-16,1,net demand for forecast,80804705|C816|A680|2026-01-16|net demand for forecast|030462
80804705,C816,A680,2026-01-16,1,net demand for forecast,80804705|C816|A680|2026-01-16|net demand for forecast|030463
80804705,C816,A680,2026-01-16,1,net demand for forecast,80804705|C816|A680|2026-01-16|net demand for forecast|030464
80804705,C816,A680,2026-01-16,1,net demand for forecast,80804705|C816|A680|2026-01-16|net demand for forecast|030465
80804705,C816,A680,2026-01-16,1,net demand for forecast,80804705|C816|A680|2026-01-16|net demand for forecast|030466
80804705,C816,A680,2026-01-16,1,net demand for forecast,80804705|C816|A680|2026-01-16|net demand for forecast|030467
80804705,C816,A680,2026-01-16,1,net demand for forecast,80804705|C816|A680|2026-01-16|net demand for forecast|030468
80805856,C810,D767,2026-01-16,7,net demand for normal,80805856|C810|D767|2026-01-16|net demand for normal|030470
80807089,C810,C937,2026-01-16,22,net demand for safety,80807089|C810|C937|2026-01-16|net demand for safety|030475
80807089,C810,D767,2026-01-16,1,net demand for forecast,80807089|C810|D767|2026-01-16|net demand for forecast|030476
80807089,C810,D767,2026-01-16,2,net demand for forecast,80807089|C810|D767|2026-01-16|net demand for forecast|030477
80807089,C810,D767,2026-01-16,2,net demand for forecast,80807089|C810|D767|2026-01-16|net demand for forecast|030478
80807089,C810,D767,2026-01-16,3,net demand for forecast,80807089|C810|D767|2026-01-16|net demand for forecast|030479
80807089,C810,D767,2026-01-16,17,net demand for safety,80807089|C810|D767|2026-01-16|net demand for safety|030480
80807089,C816,A680,2026-01-16,1,net demand for AO,80807089|C816|A680|2026-01-16|net demand for AO|030481
80807089,C816,A680,2026-01-16,1,net demand for AO,80807089|C816|A680|2026-01-16|net demand for AO|030482
80807089,C816,A680,2026-01-16,1,net demand for AO,80807089|C816|A680|2026-01-16|net demand for AO|030483
80807089,C816,A680,2026-01-16,1,net demand for AO,80807089|C816|A680|2026-01-16|net demand for AO|030484
80807089,C816,A680,2026-01-16,1,net demand for AO,80807089|C816|A680|2026-01-16|net demand for AO|030485
80807089,C816,A680,2026-01-16,1,net demand for AO,80807089|C816|A680|2026-01-16|net demand for AO|030486
80807089,C816,A680,2026-01-16,1,net demand for AO,80807089|C816|A680|2026-01-16|net demand for AO|030487
80807089,C816,A680,2026-01-16,1,net demand for AO,80807089|C816|A680|2026-01-16|net demand for AO|030488
80807089,C816,A680,2026-01-16,1,net demand for AO,80807089|C816|A680|2026-01-16|net demand for AO|030489
80807089,C816,A680,2026-01-16,1,net demand for AO,80807089|C816|A680|2026-01-16|net demand for AO|030490
80807089,C816,A680,2026-01-16,2,net demand for AO,80807089|C816|A680|2026-01-16|net demand for AO|030491
80807089,C816,A680,2026-01-16,2,net demand for AO,80807089|C816|A680|2026-01-16|net demand for AO|030492
80807089,C816,A680,2026-01-16,2,net demand for AO,80807089|C816|A680|2026-01-16|net demand for AO|030493
80807089,C816,A680,2026-01-16,3,net demand for forecast,80807089|C816|A680|2026-01-16|net demand for forecast|030494
80807089,C816,A680,2026-01-16,3,net demand for forecast,80807089|C816|A680|2026-01-16|net demand for forecast|030495
80807089,C816,A680,2026-01-16,3,net demand for forecast,80807089|C816|A680|2026-01-16|net demand for forecast|030496
80807089,C816,A680,2026-01-16,3,net demand for forecast,80807089|C816|A680|2026-01-16|net demand for forecast|030497
80807089,C816,A680,2026-01-16,3,net demand for forecast,80807089|C816|A680|2026-01-16|net demand for forecast|030498
80807089,C816,A680,2026-01-16,3,net demand for forecast,80807089|C816|A680|2026-01-16|net demand for forecast|030499
80807093,C810,C937,2026-01-16,1,net demand for safety,80807093|C810|C937|2026-01-16|net demand for safety|030546
80807095,C810,D767,2026-01-16,2,net demand for normal,80807095|C810|D767|2026-01-16|net demand for normal|030550
80807095,C816,E569,2026-01-16,1,net demand for forecast,80807095|C816|E569|2026-01-16|net demand for forecast|030558
80807095,C816,E569,2026-01-16,1,net demand for forecast,80807095|C816|E569|2026-01-16|net demand for forecast|030559
80807095,C816,E569,2026-01-16,1,net demand for forecast,80807095|C816|E569|2026-01-16|net demand for forecast|030560
80807095,C816,E569,2026-01-16,1,net demand for forecast,80807095|C816|E569|2026-01-16|net demand for forecast|030561
80807095,C816,E569,2026-01-16,1,net demand for forecast,80807095|C816|E569|2026-01-16|net demand for forecast|030562
80807095,C816,E569,2026-01-16,1,net demand for forecast,80807095|C816|E569|2026-01-16|net demand for forecast|030563
80807095,C816,E569,2026-01-16,1,net demand for forecast,80807095|C816|E569|2026-01-16|net demand for forecast|030564
80807096,C810,D767,2026-01-16,2,net demand for forecast,80807096|C810|D767|2026-01-16|net demand for forecast|030566
80807096,C810,D767,2026-01-16,3,net demand for forecast,80807096|C810|D767|2026-01-16|net demand for forecast|030567
80807096,C810,D767,2026-01-16,3,net demand for forecast,80807096|C810|D767|2026-01-16|net demand for forecast|030568
80807096,C810,D767,2026-01-16,3,net demand for forecast,80807096|C810|D767|2026-01-16|net demand for forecast|030569
80807096,C810,D767,2026-01-16,23,net demand for safety,80807096|C810|D767|2026-01-16|net demand for safety|030570
80807097,C810,C937,2026-01-16,1,net demand for safety,80807097|C810|C937|2026-01-16|net demand for safety|030572
80807097,C810,D767,2026-01-16,1,net demand for forecast,80807097|C810|D767|2026-01-16|net demand for forecast|030573
80807097,C810,D767,2026-01-16,1,net demand for forecast,80807097|C810|D767|2026-01-16|net demand for forecast|030574
80807097,C810,D767,2026-01-16,1,net demand for forecast,80807097|C810|D767|2026-01-16|net demand for forecast|030575
80807097,C810,D767,2026-01-16,2,net demand for forecast,80807097|C810|D767|2026-01-16|net demand for forecast|030576
80807097,C810,D767,2026-01-16,6,net demand for safety,80807097|C810|D767|2026-01-16|net demand for safety|030577
80807105,C816,D191,2026-01-16,2,net demand for forecast,80807105|C816|D191|2026-01-16|net demand for forecast|030586
80807105,C816,D191,2026-01-16,2,net demand for forecast,80807105|C816|D191|2026-01-16|net demand for forecast|030587
80807105,C816,D191,2026-01-16,2,net demand for forecast,80807105|C816|D191|2026-01-16|net demand for forecast|030588
80807105,C816,D191,2026-01-16,24,net demand for safety,80807105|C816|D191|2026-01-16|net demand for safety|030589
80807105,C816,E467,2026-01-16,2,net demand for forecast,80807105|C816|E467|2026-01-16|net demand for forecast|030590
80807105,C816,E467,2026-01-16,2,net demand for forecast,80807105|C816|E467|2026-01-16|net demand for forecast|030591
80807105,C816,E467,2026-01-16,2,net demand for forecast,80807105|C816|E467|2026-01-16|net demand for forecast|030592
80807105,C816,E467,2026-01-16,2,net demand for forecast,80807105|C816|E467|2026-01-16|net demand for forecast|030593
80807105,C816,E467,2026-01-16,2,net demand for forecast,80807105|C816|E467|2026-01-16|net demand for forecast|030594
80807105,C816,E467,2026-01-16,18,net demand for safety,80807105|C816|E467|2026-01-16|net demand for safety|030595
80807105,C816,E569,2026-01-16,25,net demand for safety,80807105|C816|E569|2026-01-16|net demand for safety|030597
80807110,A672,C819,2026-01-16,1,net demand for forecast,80807110|A672|C819|2026-01-16|net demand for forecast|030623
80807110,A672,C819,2026-01-16,1,net demand for forecast,80807110|A672|C819|2026-01-16|net demand for forecast|030624
80807110,A672,C819,2026-01-16,1,net demand for forecast,80807110|A672|C819|2026-01-16|net demand for forecast|030625
80807110,A672,C819,2026-01-16,1,net demand for forecast,80807110|A672|C819|2026-01-16|net demand for forecast|030626
80807110,A672,C819,2026-01-16,1,net demand for forecast,80807110|A672|C819|2026-01-16|net demand for forecast|030627
80807110,A672,C819,2026-01-16,1,net demand for forecast,80807110|A672|C819|2026-01-16|net demand for forecast|030628
80807110,A672,C819,2026-01-16,1,net demand for forecast,80807110|A672|C819|2026-01-16|net demand for forecast|030629
80807110,A672,C819,2026-01-16,9,net demand for safety,80807110|A672|C819|2026-01-16|net demand for safety|030630
80807112,A672,C819,2026-01-16,4,net demand for safety,80807112|A672|C819|2026-01-16|net demand for safety|030631
80807112,A672,E568,2026-01-16,1,net demand for safety,80807112|A672|E568|2026-01-16|net demand for safety|030633
80807112,C810,D767,2026-01-16,3,net demand for safety,80807112|C810|D767|2026-01-16|net demand for safety|030635
80807113,C816,E569,2026-01-16,1,net demand for safety,80807113|C816|E569|2026-01-16|net demand for safety|030640
80807114,C810,D767,2026-01-16,1,net demand for forecast,80807114|C810|D767|2026-01-16|net demand for forecast|030641
80807114,C810,D767,2026-01-16,1,net demand for forecast,80807114|C810|D767|2026-01-16|net demand for forecast|030642
80807114,C810,D767,2026-01-16,1,net demand for forecast,80807114|C810|D767|2026-01-16|net demand for forecast|030643
80807114,C810,D767,2026-01-16,1,net demand for forecast,80807114|C810|D767|2026-01-16|net demand for forecast|030644
80807114,C810,D767,2026-01-16,3,net demand for safety,80807114|C810|D767|2026-01-16|net demand for safety|030645
80807116,A672,C819,2026-01-16,2,net demand for AO,80807116|A672|C819|2026-01-16|net demand for AO|030777
80807116,A672,C819,2026-01-16,2,net demand for AO,80807116|A672|C819|2026-01-16|net demand for AO|030778
80807116,A672,C819,2026-01-16,3,net demand for AO,80807116|A672|C819|2026-01-16|net demand for AO|030779
80807116,A672,C819,2026-01-16,4,net demand for AO,80807116|A672|C819|2026-01-16|net demand for AO|030780
80807116,C810,D767,2026-01-16,1,net demand for forecast,80807116|C810|D767|2026-01-16|net demand for forecast|030783
80807116,C810,D767,2026-01-16,1,net demand for forecast,80807116|C810|D767|2026-01-16|net demand for forecast|030784
80807116,C810,D767,2026-01-16,1,net demand for forecast,80807116|C810|D767|2026-01-16|net demand for forecast|030785
80807116,C810,D767,2026-01-16,1,net demand for forecast,80807116|C810|D767|2026-01-16|net demand for forecast|030786
80807116,C810,D767,2026-01-16,1,net demand for normal,80807116|C810|D767|2026-01-16|net demand for normal|030787
80807116,C810,D767,2026-01-16,4,net demand for safety,80807116|C810|D767|2026-01-16|net demand for safety|030788
80807116,C816,E569,2026-01-16,1,net demand for forecast,80807116|C816|E569|2026-01-16|net demand for forecast|030796
80807116,C816,E569,2026-01-16,1,net demand for forecast,80807116|C816|E569|2026-01-16|net demand for forecast|030797
80807116,C816,E569,2026-01-16,1,net demand for forecast,80807116|C816|E569|2026-01-16|net demand for forecast|030798
80807116,C816,E569,2026-01-16,1,net demand for forecast,80807116|C816|E569|2026-01-16|net demand for forecast|030799
80807116,C816,E569,2026-01-16,1,net demand for forecast,80807116|C816|E569|2026-01-16|net demand for forecast|030800
80807116,C816,E569,2026-01-16,1,net demand for forecast,80807116|C816|E569|2026-01-16|net demand for forecast|030801
80807116,C816,E569,2026-01-16,1,net demand for forecast,80807116|C816|E569|2026-01-16|net demand for forecast|030802
80807119,C810,C937,2026-01-16,1,net demand for safety,80807119|C810|C937|2026-01-16|net demand for safety|030806
80807119,C810,D767,2026-01-16,3,net demand for safety,80807119|C810|D767|2026-01-16|net demand for safety|030807
80807120,C816,C563,2026-01-16,1,net demand for forecast,80807120|C816|C563|2026-01-16|net demand for forecast|030809
80807120,C816,C563,2026-01-16,1,net demand for forecast,80807120|C816|C563|2026-01-16|net demand for forecast|030810
80807120,C816,C563,2026-01-16,1,net demand for forecast,80807120|C816|C563|2026-01-16|net demand for forecast|030811
80807120,C816,C563,2026-01-16,2,net demand for forecast,80807120|C816|C563|2026-01-16|net demand for forecast|030812
80812099,C816,E569,2026-01-16,1,net demand for forecast,80812099|C816|E569|2026-01-16|net demand for forecast|030821
80812099,C816,E569,2026-01-16,1,net demand for forecast,80812099|C816|E569|2026-01-16|net demand for forecast|030822
80812099,C816,E569,2026-01-16,1,net demand for forecast,80812099|C816|E569|2026-01-16|net demand for forecast|030823
80812099,C816,E569,2026-01-16,1,net demand for forecast,80812099|C816|E569|2026-01-16|net demand for forecast|030824
80812099,C816,E569,2026-01-16,3,net demand for safety,80812099|C816|E569|2026-01-16|net demand for safety|030825
80812839,C810,C937,2026-01-16,3,net demand for safety,80812839|C810|C937|2026-01-16|net demand for safety|030834
80812839,C810,D767,2026-01-16,6,net demand for safety,80812839|C810|D767|2026-01-16|net demand for safety|030835
80812839,C816,E569,2026-01-16,1,net demand for safety,80812839|C816|E569|2026-01-16|net demand for safety|030837
80812840,C810,D767,2026-01-16,5,net demand for safety,80812840|C810|D767|2026-01-16|net demand for safety|030839
80812841,A672,C819,2026-01-16,1,net demand for normal,80812841|A672|C819|2026-01-16|net demand for normal|030840
80812845,C810,D767,2026-01-16,3,net demand for forecast,80812845|C810|D767|2026-01-16|net demand for forecast|030842
80812845,C810,D767,2026-01-16,3,net demand for forecast,80812845|C810|D767|2026-01-16|net demand for forecast|030843
80812845,C810,D767,2026-01-16,3,net demand for forecast,80812845|C810|D767|2026-01-16|net demand for forecast|030844
80812845,C810,D767,2026-01-16,3,net demand for forecast,80812845|C810|D767|2026-01-16|net demand for forecast|030845
80812845,C816,C563,2026-01-16,2,net demand for forecast,80812845|C816|C563|2026-01-16|net demand for forecast|030852
80812845,C816,C563,2026-01-16,2,net demand for forecast,80812845|C816|C563|2026-01-16|net demand for forecast|030853
80812845,C816,C563,2026-01-16,2,net demand for forecast,80812845|C816|C563|2026-01-16|net demand for forecast|030854
80812845,C816,C563,2026-01-16,2,net demand for forecast,80812845|C816|C563|2026-01-16|net demand for forecast|030855
80812845,C816,C563,2026-01-16,2,net demand for forecast,80812845|C816|C563|2026-01-16|net demand for forecast|030856
80812845,C816,E467,2026-01-16,1,net demand for forecast,80812845|C816|E467|2026-01-16|net demand for forecast|030857
80812845,C816,E467,2026-01-16,1,net demand for forecast,80812845|C816|E467|2026-01-16|net demand for forecast|030858
80812845,C816,E467,2026-01-16,1,net demand for forecast,80812845|C816|E467|2026-01-16|net demand for forecast|030859
80812845,C816,E467,2026-01-16,1,net demand for forecast,80812845|C816|E467|2026-01-16|net demand for forecast|030860
80812845,C816,E467,2026-01-16,1,net demand for forecast,80812845|C816|E467|2026-01-16|net demand for forecast|030861
80812845,C816,E569,2026-01-16,1,net demand for forecast,80812845|C816|E569|2026-01-16|net demand for forecast|030869
80812845,C816,E569,2026-01-16,1,net demand for forecast,80812845|C816|E569|2026-01-16|net demand for forecast|030870
80812845,C816,E569,2026-01-16,1,net demand for forecast,80812845|C816|E569|2026-01-16|net demand for forecast|030871
80812845,C816,E569,2026-01-16,1,net demand for forecast,80812845|C816|E569|2026-01-16|net demand for forecast|030872
80812845,C816,E569,2026-01-16,1,net demand for forecast,80812845|C816|E569|2026-01-16|net demand for forecast|030873
80812845,C816,E569,2026-01-16,1,net demand for forecast,80812845|C816|E569|2026-01-16|net demand for forecast|030874
80812845,C816,E569,2026-01-16,1,net demand for forecast,80812845|C816|E569|2026-01-16|net demand for forecast|030875
80812846,A672,E568,2026-01-16,1,net demand for forecast,80812846|A672|E568|2026-01-16|net demand for forecast|030876
80812846,A672,E568,2026-01-16,1,net demand for forecast,80812846|A672|E568|2026-01-16|net demand for forecast|030877
80812846,A672,E568,2026-01-16,1,net demand for forecast,80812846|A672|E568|2026-01-16|net demand for forecast|030878
80812846,A672,E568,2026-01-16,1,net demand for forecast,80812846|A672|E568|2026-01-16|net demand for forecast|030879
80812846,A672,E568,2026-01-16,1,net demand for forecast,80812846|A672|E568|2026-01-16|net demand for forecast|030880
80812846,A672,E568,2026-01-16,1,net demand for forecast,80812846|A672|E568|2026-01-16|net demand for forecast|030881
80812846,A672,E568,2026-01-16,1,net demand for forecast,80812846|A672|E568|2026-01-16|net demand for forecast|030882
80812846,C810,D767,2026-01-16,5,net demand for safety,80812846|C810|D767|2026-01-16|net demand for safety|030883
80812846,C816,E569,2026-01-16,1,net demand for forecast,80812846|C816|E569|2026-01-16|net demand for forecast|030892
80812846,C816,E569,2026-01-16,1,net demand for forecast,80812846|C816|E569|2026-01-16|net demand for forecast|030893
80812846,C816,E569,2026-01-16,1,net demand for forecast,80812846|C816|E569|2026-01-16|net demand for forecast|030894
80812846,C816,E569,2026-01-16,1,net demand for forecast,80812846|C816|E569|2026-01-16|net demand for forecast|030895
80812846,C816,E569,2026-01-16,1,net demand for forecast,80812846|C816|E569|2026-01-16|net demand for forecast|030896
80812846,C816,E569,2026-01-16,1,net demand for forecast,80812846|C816|E569|2026-01-16|net demand for forecast|030897
80812846,C816,E569,2026-01-16,1,net demand for forecast,80812846|C816|E569|2026-01-16|net demand for forecast|030898
80812846,C816,E569,2026-01-16,3,net demand for safety,80812846|C816|E569|2026-01-16|net demand for safety|030899
80840975,C816,D767,2026-01-16,1,net demand for normal,80840975|C816|D767|2026-01-16|net demand for normal|030901
80848022,A672,E568,2026-01-16,1,net demand for forecast,80848022|A672|E568|2026-01-16|net demand for forecast|030937
80848022,A672,E568,2026-01-16,1,net demand for forecast,80848022|A672|E568|2026-01-16|net demand for forecast|030938
80848022,A672,E568,2026-01-16,1,net demand for forecast,80848022|A672|E568|2026-01-16|net demand for forecast|030939
80848022,A672,E568,2026-01-16,1,net demand for forecast,80848022|A672|E568|2026-01-16|net demand for forecast|030940
80848022,A672,E568,2026-01-16,1,net demand for forecast,80848022|A672|E568|2026-01-16|net demand for forecast|030941
80848022,A672,E568,2026-01-16,1,net demand for forecast,80848022|A672|E568|2026-01-16|net demand for forecast|030942
80848022,A672,E568,2026-01-16,1,net demand for forecast,80848022|A672|E568|2026-01-16|net demand for forecast|030943
80848022,C816,E467,2026-01-16,1,net demand for forecast,80848022|C816|E467|2026-01-16|net demand for forecast|030944
80848022,C816,E467,2026-01-16,1,net demand for forecast,80848022|C816|E467|2026-01-16|net demand for forecast|030945
80848022,C816,E467,2026-01-16,1,net demand for forecast,80848022|C816|E467|2026-01-16|net demand for forecast|030946
80848023,C816,D767,2026-01-16,1,net demand for normal,80848023|C816|D767|2026-01-16|net demand for normal|031021
80848025,C816,A680,2026-01-16,1,net demand for AO,80848025|C816|A680|2026-01-16|net demand for AO|031023
80848025,C816,A680,2026-01-16,1,net demand for AO,80848025|C816|A680|2026-01-16|net demand for AO|031024
80848025,C816,A680,2026-01-16,1,net demand for AO,80848025|C816|A680|2026-01-16|net demand for AO|031025
80848025,C816,A680,2026-01-16,1,net demand for AO,80848025|C816|A680|2026-01-16|net demand for AO|031026
80848025,C816,A680,2026-01-16,1,net demand for AO,80848025|C816|A680|2026-01-16|net demand for AO|031027
80848025,C816,A680,2026-01-16,1,net demand for AO,80848025|C816|A680|2026-01-16|net demand for AO|031028
80848025,C816,A680,2026-01-16,1,net demand for AO,80848025|C816|A680|2026-01-16|net demand for AO|031029
80848025,C816,A680,2026-01-16,1,net demand for AO,80848025|C816|A680|2026-01-16|net demand for AO|031030
80848025,C816,A680,2026-01-16,1,net demand for AO,80848025|C816|A680|2026-01-16|net demand for AO|031031
80848025,C816,A680,2026-01-16,1,net demand for forecast,80848025|C816|A680|2026-01-16|net demand for forecast|031032
80848025,C816,A680,2026-01-16,1,net demand for forecast,80848025|C816|A680|2026-01-16|net demand for forecast|031033
80848025,C816,A680,2026-01-16,1,net demand for forecast,80848025|C816|A680|2026-01-16|net demand for forecast|031034
80848025,C816,A680,2026-01-16,2,net demand for forecast,80848025|C816|A680|2026-01-16|net demand for forecast|031035
80848025,C816,A680,2026-01-16,2,net demand for forecast,80848025|C816|A680|2026-01-16|net demand for forecast|031036
80848025,C816,A680,2026-01-16,2,net demand for forecast,80848025|C816|A680|2026-01-16|net demand for forecast|031037
80848025,C816,A680,2026-01-16,2,net demand for forecast,80848025|C816|A680|2026-01-16|net demand for forecast|031038
80848025,C816,E467,2026-01-16,1,net demand for safety,80848025|C816|E467|2026-01-16|net demand for safety|031039
80848026,A672,C819,2026-01-16,1,net demand for AO,80848026|A672|C819|2026-01-16|net demand for AO|031040
80848026,A672,C819,2026-01-16,1,net demand for AO,80848026|A672|C819|2026-01-16|net demand for AO|031041
80848026,A672,C819,2026-01-16,1,net demand for AO,80848026|A672|C819|2026-01-16|net demand for AO|031042
80848026,A672,C819,2026-01-16,1,net demand for AO,80848026|A672|C819|2026-01-16|net demand for AO|031043
80848026,A672,E568,2026-01-16,1,net demand for normal,80848026|A672|E568|2026-01-16|net demand for normal|031044
80848026,C810,C937,2026-01-16,6,net demand for normal,80848026|C810|C937|2026-01-16|net demand for normal|031046
80848026,C810,D767,2026-01-16,7,net demand for normal,80848026|C810|D767|2026-01-16|net demand for normal|031047
80848026,C816,D191,2026-01-16,1,net demand for AO,80848026|C816|D191|2026-01-16|net demand for AO|031048
80848026,C816,D191,2026-01-16,1,net demand for AO,80848026|C816|D191|2026-01-16|net demand for AO|031049
80848026,C816,D191,2026-01-16,1,net demand for AO,80848026|C816|D191|2026-01-16|net demand for AO|031050
80848026,C816,D191,2026-01-16,2,net demand for AO,80848026|C816|D191|2026-01-16|net demand for AO|031051
80848026,C816,D191,2026-01-16,1,net demand for forecast,80848026|C816|D191|2026-01-16|net demand for forecast|031052
80848026,C816,D191,2026-01-16,2,net demand for forecast,80848026|C816|D191|2026-01-16|net demand for forecast|031053
80848026,C816,D191,2026-01-16,3,net demand for forecast,80848026|C816|D191|2026-01-16|net demand for forecast|031054
80848026,C816,E467,2026-01-16,1,net demand for forecast,80848026|C816|E467|2026-01-16|net demand for forecast|031055
80848026,C816,E467,2026-01-16,1,net demand for forecast,80848026|C816|E467|2026-01-16|net demand for forecast|031056
80848026,C816,E467,2026-01-16,1,net demand for forecast,80848026|C816|E467|2026-01-16|net demand for forecast|031057
80848026,C816,E467,2026-01-16,1,net demand for forecast,80848026|C816|E467|2026-01-16|net demand for forecast|031058
80848026,C816,E467,2026-01-16,1,net demand for forecast,80848026|C816|E467|2026-01-16|net demand for forecast|031059
80848026,C816,E467,2026-01-16,1,net demand for normal,80848026|C816|E467|2026-01-16|net demand for normal|031060
80848026,C816,E569,2026-01-16,2,net demand for forecast,80848026|C816|E569|2026-01-16|net demand for forecast|031061
80848026,C816,E569,2026-01-16,2,net demand for forecast,80848026|C816|E569|2026-01-16|net demand for forecast|031062
80848026,C816,E569,2026-01-16,2,net demand for forecast,80848026|C816|E569|2026-01-16|net demand for forecast|031063
80848026,C816,E569,2026-01-16,2,net demand for forecast,80848026|C816|E569|2026-01-16|net demand for forecast|031064
80848026,C816,E569,2026-01-16,2,net demand for forecast,80848026|C816|E569|2026-01-16|net demand for forecast|031065
80848026,C816,E569,2026-01-16,2,net demand for forecast,80848026|C816|E569|2026-01-16|net demand for forecast|031066
80848026,C816,E569,2026-01-16,2,net demand for forecast,80848026|C816|E569|2026-01-16|net demand for forecast|031067
80848028,A672,E568,2026-01-16,1,net demand for forecast,80848028|A672|E568|2026-01-16|net demand for forecast|031077
80848028,A672,E568,2026-01-16,1,net demand for forecast,80848028|A672|E568|2026-01-16|net demand for forecast|031078
80848028,A672,E568,2026-01-16,1,net demand for forecast,80848028|A672|E568|2026-01-16|net demand for forecast|031079
80848028,A672,E568,2026-01-16,1,net demand for forecast,80848028|A672|E568|2026-01-16|net demand for forecast|031080
80848028,A672,E568,2026-01-16,2,net demand for forecast,80848028|A672|E568|2026-01-16|net demand for forecast|031081
80848028,A672,E568,2026-01-16,2,net demand for forecast,80848028|A672|E568|2026-01-16|net demand for forecast|031082
80848028,A672,E568,2026-01-16,2,net demand for forecast,80848028|A672|E568|2026-01-16|net demand for forecast|031083
80848028,A672,E568,2026-01-16,15,net demand for safety,80848028|A672|E568|2026-01-16|net demand for safety|031084
80848028,C810,C937,2026-01-16,1,net demand for forecast,80848028|C810|C937|2026-01-16|net demand for forecast|031085
80848028,C810,C937,2026-01-16,1,net demand for forecast,80848028|C810|C937|2026-01-16|net demand for forecast|031086
80848028,C810,C937,2026-01-16,1,net demand for forecast,80848028|C810|C937|2026-01-16|net demand for forecast|031087
80848028,C810,C937,2026-01-16,1,net demand for forecast,80848028|C810|C937|2026-01-16|net demand for forecast|031088
80848028,C810,C937,2026-01-16,1,net demand for forecast,80848028|C810|C937|2026-01-16|net demand for forecast|031089
80848028,C810,C937,2026-01-16,1,net demand for forecast,80848028|C810|C937|2026-01-16|net demand for forecast|031090
80848028,C810,C937,2026-01-16,1,net demand for forecast,80848028|C810|C937|2026-01-16|net demand for forecast|031091
80848028,C810,C937,2026-01-16,1,net demand for normal,80848028|C810|C937|2026-01-16|net demand for normal|031092
80848029,C816,E467,2026-01-16,1,net demand for safety,80848029|C816|E467|2026-01-16|net demand for safety|031093
80851898,A672,C819,2026-01-16,4,net demand for safety,80851898|A672|C819|2026-01-16|net demand for safety|031094
80864469,C816,A680,2026-01-16,1,net demand for AO,80864469|C816|A680|2026-01-16|net demand for AO|031104
80864469,C816,A680,2026-01-16,1,net demand for AO,80864469|C816|A680|2026-01-16|net demand for AO|031105
80864469,C816,A680,2026-01-16,1,net demand for AO,80864469|C816|A680|2026-01-16|net demand for AO|031106
80864469,C816,A680,2026-01-16,1,net demand for AO,80864469|C816|A680|2026-01-16|net demand for AO|031107
80864469,C816,A680,2026-01-16,1,net demand for AO,80864469|C816|A680|2026-01-16|net demand for AO|031108
80864469,C816,A680,2026-01-16,1,net demand for AO,80864469|C816|A680|2026-01-16|net demand for AO|031109
80864469,C816,A680,2026-01-16,1,net demand for AO,80864469|C816|A680|2026-01-16|net demand for AO|031110
80864469,C816,A680,2026-01-16,1,net demand for AO,80864469|C816|A680|2026-01-16|net demand for AO|031111
80864469,C816,A680,2026-01-16,1,net demand for AO,80864469|C816|A680|2026-01-16|net demand for AO|031112
80864469,C816,A680,2026-01-16,1,net demand for forecast,80864469|C816|A680|2026-01-16|net demand for forecast|031113
80864469,C816,A680,2026-01-16,2,net demand for forecast,80864469|C816|A680|2026-01-16|net demand for forecast|031114
80864469,C816,A680,2026-01-16,2,net demand for forecast,80864469|C816|A680|2026-01-16|net demand for forecast|031115
80864469,C816,A680,2026-01-16,2,net demand for forecast,80864469|C816|A680|2026-01-16|net demand for forecast|031116
80864469,C816,A680,2026-01-16,2,net demand for forecast,80864469|C816|A680|2026-01-16|net demand for forecast|031117
80864469,C816,A680,2026-01-16,2,net demand for forecast,80864469|C816|A680|2026-01-16|net demand for forecast|031118
80864470,A672,C819,2026-01-16,1,net demand for AO,80864470|A672|C819|2026-01-16|net demand for AO|031119
80864470,A672,C819,2026-01-16,1,net demand for AO,80864470|A672|C819|2026-01-16|net demand for AO|031120
80864470,A672,C819,2026-01-16,1,net demand for AO,80864470|A672|C819|2026-01-16|net demand for AO|031121
80864470,A672,C819,2026-01-16,1,net demand for forecast,80864470|A672|C819|2026-01-16|net demand for forecast|031122
80864470,A672,C819,2026-01-16,1,net demand for forecast,80864470|A672|C819|2026-01-16|net demand for forecast|031123
80864470,A672,C819,2026-01-16,1,net demand for forecast,80864470|A672|C819|2026-01-16|net demand for forecast|031124
80864470,A672,C819,2026-01-16,1,net demand for forecast,80864470|A672|C819|2026-01-16|net demand for forecast|031125
80864470,A672,C819,2026-01-16,2,net demand for forecast,80864470|A672|C819|2026-01-16|net demand for forecast|031126
80864470,A672,C819,2026-01-16,2,net demand for forecast,80864470|A672|C819|2026-01-16|net demand for forecast|031127
80864470,A672,C819,2026-01-16,16,net demand for safety,80864470|A672|C819|2026-01-16|net demand for safety|031128
80864470,A672,E568,2026-01-16,1,net demand for safety,80864470|A672|E568|2026-01-16|net demand for safety|031130
80868100,C816,A668,2026-01-16,1,net demand for forecast,80868100|C816|A668|2026-01-16|net demand for forecast|031131
80868100,C816,A668,2026-01-16,1,net demand for forecast,80868100|C816|A668|2026-01-16|net demand for forecast|031132
80868100,C816,A668,2026-01-16,1,net demand for forecast,80868100|C816|A668|2026-01-16|net demand for forecast|031133
80868100,C816,A668,2026-01-16,1,net demand for forecast,80868100|C816|A668|2026-01-16|net demand for forecast|031134
80868100,C816,A668,2026-01-16,1,net demand for forecast,80868100|C816|A668|2026-01-16|net demand for forecast|031135
80868100,C816,A668,2026-01-16,1,net demand for forecast,80868100|C816|A668|2026-01-16|net demand for forecast|031136
80868100,C816,A668,2026-01-16,13,net demand for safety,80868100|C816|A668|2026-01-16|net demand for safety|031137
80868100,C816,A680,2026-01-16,1,net demand for forecast,80868100|C816|A680|2026-01-16|net demand for forecast|031146
80868100,C816,A680,2026-01-16,1,net demand for forecast,80868100|C816|A680|2026-01-16|net demand for forecast|031147
80868100,C816,A680,2026-01-16,1,net demand for forecast,80868100|C816|A680|2026-01-16|net demand for forecast|031148
80868100,C816,A680,2026-01-16,1,net demand for forecast,80868100|C816|A680|2026-01-16|net demand for forecast|031149
80868100,C816,A680,2026-01-16,1,net demand for forecast,80868100|C816|A680|2026-01-16|net demand for forecast|031150
80868100,C816,A680,2026-01-16,1,net demand for forecast,80868100|C816|A680|2026-01-16|net demand for forecast|031151
80868102,C816,A668,2026-01-16,1,net demand for AO,80868102|C816|A668|2026-01-16|net demand for AO|031152
80868102,C816,A668,2026-01-16,1,net demand for AO,80868102|C816|A668|2026-01-16|net demand for AO|031153
80884846,C816,A668,2026-01-16,1,net demand for safety,80884846|C816|A668|2026-01-16|net demand for safety|031161
80884848,C816,A668,2026-01-16,1,net demand for safety,80884848|C816|A668|2026-01-16|net demand for safety|031163
