material,sending,receiving,planned_deployment_date,deployed_qty,demand_element,ori_deployment_uid
21434946,A673,D901,2025-12-15,1,net demand for normal,21434946|A673|D901|2025-12-15|net demand for normal|000017
80793615,A673,E564,2025-12-15,1,net demand for forecast,80793615|A673|E564|2025-12-15|net demand for forecast|000022
80804699,C816,A673,2025-12-15,1,net demand for net demand for forecast,80804699|C816|A673|2025-12-15|net demand for net demand for forecast|000037
80793615,A673,E564,2025-12-16,1,net demand for forecast,80793615|A673|E564|2025-12-16|net demand for forecast|000100
80812846,A673,C819,2025-12-17,1,net demand for safety,80812846|A673|C819|2025-12-17|net demand for safety|000138
80840976,A673,C819,2025-12-17,1,net demand for safety,80840976|A673|C819|2025-12-17|net demand for safety|000140
80812846,A673,C819,2025-12-18,1,net demand for safety,80812846|A673|C819|2025-12-18|net demand for safety|000162
21128067,A673,C819,2025-12-19,1,net demand for forecast,21128067|A673|C819|2025-12-19|net demand for forecast|000170
21128067,A673,C819,2025-12-19,1,net demand for forecast,21128067|A673|C819|2025-12-19|net demand for forecast|000171
21128067,A673,C819,2025-12-19,1,net demand for forecast,21128067|A673|C819|2025-12-19|net demand for forecast|000172
21128067,A673,C819,2025-12-19,1,net demand for forecast,21128067|A673|C819|2025-12-19|net demand for forecast|000173
21128067,A673,C819,2025-12-19,1,net demand for forecast,21128067|A673|C819|2025-12-19|net demand for forecast|000174
21128067,A673,C819,2025-12-19,1,net demand for forecast,21128067|A673|C819|2025-12-19|net demand for forecast|000175
21128067,A673,C819,2025-12-19,1,net demand for forecast,21128067|A673|C819|2025-12-19|net demand for forecast|000176
21128067,A673,C819,2025-12-19,1,net demand for forecast,21128067|A673|C819|2025-12-19|net demand for forecast|000177
21128067,A673,C819,2025-12-19,1,net demand for forecast,21128067|A673|C819|2025-12-19|net demand for forecast|000178
21132758,C816,D191,2025-12-19,1,net demand for safety,21132758|C816|D191|2025-12-19|net demand for safety|000181
80804135,A673,C819,2025-12-19,2,net demand for safety,80804135|A673|C819|2025-12-19|net demand for safety|000722
80812846,A673,C819,2025-12-19,6,net demand for safety,80812846|A673|C819|2025-12-19|net demand for safety|000728
21128067,A673,C819,2025-12-20,1,net demand for forecast,21128067|A673|C819|2025-12-20|net demand for forecast|000785
21128067,A673,C819,2025-12-20,1,net demand for forecast,21128067|A673|C819|2025-12-20|net demand for forecast|000786
21128067,A673,C819,2025-12-20,1,net demand for forecast,21128067|A673|C819|2025-12-20|net demand for forecast|000787
21128067,A673,C819,2025-12-20,1,net demand for forecast,21128067|A673|C819|2025-12-20|net demand for forecast|000788
21128067,A673,C819,2025-12-20,1,net demand for forecast,21128067|A673|C819|2025-12-20|net demand for forecast|000789
21128067,A673,C819,2025-12-20,1,net demand for forecast,21128067|A673|C819|2025-12-20|net demand for forecast|000790
21128067,A673,C819,2025-12-20,1,net demand for forecast,21128067|A673|C819|2025-12-20|net demand for forecast|000791
21128067,A673,C819,2025-12-20,1,net demand for forecast,21128067|A673|C819|2025-12-20|net demand for forecast|000792
21128067,A673,C819,2025-12-20,1,net demand for forecast,21128067|A673|C819|2025-12-20|net demand for forecast|000793
21447518,A672,A715,2025-12-20,2,net demand for normal,21447518|A672|A715|2025-12-20|net demand for normal|001080
80812846,A673,C819,2025-12-20,2,net demand for safety,80812846|A673|C819|2025-12-20|net demand for safety|001123
80840976,A673,C819,2025-12-20,1,net demand for safety,80840976|A673|C819|2025-12-20|net demand for safety|001128
21128067,A673,C819,2025-12-21,1,net demand for forecast,21128067|A673|C819|2025-12-21|net demand for forecast|001170
21128067,A673,C819,2025-12-21,1,net demand for forecast,21128067|A673|C819|2025-12-21|net demand for forecast|001171
21128067,A673,C819,2025-12-21,1,net demand for forecast,21128067|A673|C819|2025-12-21|net demand for forecast|001172
21128067,A673,C819,2025-12-21,1,net demand for forecast,21128067|A673|C819|2025-12-21|net demand for forecast|001173
21128067,A673,C819,2025-12-21,1,net demand for forecast,21128067|A673|C819|2025-12-21|net demand for forecast|001174
21128067,A673,C819,2025-12-21,1,net demand for forecast,21128067|A673|C819|2025-12-21|net demand for forecast|001175
21128067,A673,C819,2025-12-21,1,net demand for forecast,21128067|A673|C819|2025-12-21|net demand for forecast|001176
21128067,A673,C819,2025-12-21,1,net demand for forecast,21128067|A673|C819|2025-12-21|net demand for forecast|001177
21128067,A673,C819,2025-12-21,1,net demand for forecast,21128067|A673|C819|2025-12-21|net demand for forecast|001178
80804134,C816,D191,2025-12-21,4,net demand for safety,80804134|C816|D191|2025-12-21|net demand for safety|001574
80804698,C816,E564,2025-12-21,4,net demand for normal,80804698|C816|E564|2025-12-21|net demand for normal|001592
80807116,A672,E568,2025-12-21,1,net demand for safety,80807116|A672|E568|2025-12-21|net demand for safety|001605
21118867,A673,E564,2025-12-22,1,net demand for normal,21118867|A673|E564|2025-12-22|net demand for normal|001631
21128067,A672,E568,2025-12-22,2,net demand for safety,21128067|A672|E568|2025-12-22|net demand for safety|001634
80804134,C816,D191,2025-12-22,2,net demand for safety,80804134|C816|D191|2025-12-22|net demand for safety|002335
80804698,C816,E564,2025-12-22,2,net demand for normal,80804698|C816|E564|2025-12-22|net demand for normal|002341
80804699,A673,E556,2025-12-22,1,net demand for normal,80804699|A673|E556|2025-12-22|net demand for normal|002342
80812846,A673,C819,2025-12-22,1,net demand for safety,80812846|A673|C819|2025-12-22|net demand for safety|002346
80804134,C816,D191,2025-12-23,2,net demand for safety,80804134|C816|D191|2025-12-23|net demand for safety|002879
80804698,A673,E556,2025-12-23,1,net demand for normal,80804698|A673|E556|2025-12-23|net demand for normal|002886
80804705,A672,E568,2025-12-23,1,net demand for safety,80804705|A672|E568|2025-12-23|net demand for safety|002890
80807116,A672,E568,2025-12-23,1,net demand for safety,80807116|A672|E568|2025-12-23|net demand for safety|002905
21118867,A673,E564,2025-12-24,1,net demand for normal,21118867|A673|E564|2025-12-24|net demand for normal|002946
21137866,A672,E568,2025-12-24,1,net demand for forecast,21137866|A672|E568|2025-12-24|net demand for forecast|002990
21137866,A672,E568,2025-12-24,1,net demand for forecast,21137866|A672|E568|2025-12-24|net demand for forecast|002991
21137866,A672,E568,2025-12-24,1,net demand for forecast,21137866|A672|E568|2025-12-24|net demand for forecast|002992
21137866,A672,E568,2025-12-24,1,net demand for forecast,21137866|A672|E568|2025-12-24|net demand for forecast|002993
21137866,A672,E568,2025-12-24,1,net demand for forecast,21137866|A672|E568|2025-12-24|net demand for forecast|002994
21137866,A672,E568,2025-12-24,1,net demand for forecast,21137866|A672|E568|2025-12-24|net demand for forecast|002995
21137866,A672,E568,2025-12-24,1,net demand for forecast,21137866|A672|E568|2025-12-24|net demand for forecast|002996
21354246,A672,E556,2025-12-24,1,net demand for normal,21354246|A672|E556|2025-12-24|net demand for normal|003111
80804134,C816,D191,2025-12-24,3,net demand for safety,80804134|C816|D191|2025-12-24|net demand for safety|003336
80804135,A673,C819,2025-12-24,1,net demand for forecast,80804135|A673|C819|2025-12-24|net demand for forecast|003337
80804135,A673,C819,2025-12-24,1,net demand for forecast,80804135|A673|C819|2025-12-24|net demand for forecast|003338
80804135,A673,C819,2025-12-24,1,net demand for forecast,80804135|A673|C819|2025-12-24|net demand for forecast|003339
80804135,A673,C819,2025-12-24,1,net demand for forecast,80804135|A673|C819|2025-12-24|net demand for forecast|003340
80804135,A673,C819,2025-12-24,1,net demand for forecast,80804135|A673|C819|2025-12-24|net demand for forecast|003341
80804135,A673,C819,2025-12-24,1,net demand for forecast,80804135|A673|C819|2025-12-24|net demand for forecast|003342
80804135,A673,C819,2025-12-24,1,net demand for safety,80804135|A673|C819|2025-12-24|net demand for safety|003343
21137866,A672,E568,2025-12-25,1,net demand for forecast,21137866|A672|E568|2025-12-25|net demand for forecast|003715
21137866,A672,E568,2025-12-25,1,net demand for forecast,21137866|A672|E568|2025-12-25|net demand for forecast|003716
21137866,A672,E568,2025-12-25,1,net demand for forecast,21137866|A672|E568|2025-12-25|net demand for forecast|003717
21137866,A672,E568,2025-12-25,1,net demand for forecast,21137866|A672|E568|2025-12-25|net demand for forecast|003718
21137866,A672,E568,2025-12-25,1,net demand for forecast,21137866|A672|E568|2025-12-25|net demand for forecast|003719
21137866,A672,E568,2025-12-25,1,net demand for forecast,21137866|A672|E568|2025-12-25|net demand for forecast|003720
21137866,A672,E568,2025-12-25,1,net demand for forecast,21137866|A672|E568|2025-12-25|net demand for forecast|003721
21354246,A672,E556,2025-12-25,1,net demand for normal,21354246|A672|E556|2025-12-25|net demand for normal|004043
21132758,C816,D191,2025-12-26,1,net demand for forecast,21132758|C816|D191|2025-12-26|net demand for forecast|004852
21132758,C816,D191,2025-12-26,1,net demand for forecast,21132758|C816|D191|2025-12-26|net demand for forecast|004853
21132758,C816,D191,2025-12-26,1,net demand for forecast,21132758|C816|D191|2025-12-26|net demand for forecast|004854
21132758,C816,D191,2025-12-26,1,net demand for forecast,21132758|C816|D191|2025-12-26|net demand for forecast|004855
21137866,A672,E568,2025-12-26,1,net demand for forecast,21137866|A672|E568|2025-12-26|net demand for forecast|004864
21137866,A672,E568,2025-12-26,1,net demand for forecast,21137866|A672|E568|2025-12-26|net demand for forecast|004865
21137866,A672,E568,2025-12-26,1,net demand for forecast,21137866|A672|E568|2025-12-26|net demand for forecast|004866
21137866,A672,E568,2025-12-26,1,net demand for forecast,21137866|A672|E568|2025-12-26|net demand for forecast|004867
21137866,A672,E568,2025-12-26,1,net demand for forecast,21137866|A672|E568|2025-12-26|net demand for forecast|004868
21137866,A672,E568,2025-12-26,1,net demand for forecast,21137866|A672|E568|2025-12-26|net demand for forecast|004869
21137866,A672,E568,2025-12-26,1,net demand for forecast,21137866|A672|E568|2025-12-26|net demand for forecast|004870
21132758,C816,D191,2025-12-27,1,net demand for forecast,21132758|C816|D191|2025-12-27|net demand for forecast|005773
21132758,C816,D191,2025-12-27,2,net demand for forecast,21132758|C816|D191|2025-12-27|net demand for forecast|005774
21132758,C816,D191,2025-12-27,2,net demand for forecast,21132758|C816|D191|2025-12-27|net demand for forecast|005775
21132758,C816,D191,2025-12-27,2,net demand for forecast,21132758|C816|D191|2025-12-27|net demand for forecast|005776
21137866,A672,E568,2025-12-27,1,net demand for forecast,21137866|A672|E568|2025-12-27|net demand for forecast|005785
21137866,A672,E568,2025-12-27,1,net demand for forecast,21137866|A672|E568|2025-12-27|net demand for forecast|005786
21137866,A672,E568,2025-12-27,1,net demand for forecast,21137866|A672|E568|2025-12-27|net demand for forecast|005787
21137866,A672,E568,2025-12-27,1,net demand for forecast,21137866|A672|E568|2025-12-27|net demand for forecast|005788
21137866,A672,E568,2025-12-27,1,net demand for forecast,21137866|A672|E568|2025-12-27|net demand for forecast|005789
21137866,A672,E568,2025-12-27,1,net demand for forecast,21137866|A672|E568|2025-12-27|net demand for forecast|005790
21137866,A672,E568,2025-12-27,1,net demand for forecast,21137866|A672|E568|2025-12-27|net demand for forecast|005791
21151196,C816,D191,2025-12-27,1,net demand for forecast,21151196|C816|D191|2025-12-27|net demand for forecast|005837
21151196,C816,D191,2025-12-27,1,net demand for forecast,21151196|C816|D191|2025-12-27|net demand for forecast|005838
21151196,C816,D191,2025-12-27,1,net demand for forecast,21151196|C816|D191|2025-12-27|net demand for forecast|005839
21151196,C816,D191,2025-12-27,1,net demand for forecast,21151196|C816|D191|2025-12-27|net demand for forecast|005840
21128067,A673,C819,2025-12-28,1,net demand for forecast,21128067|A673|C819|2025-12-28|net demand for forecast|006310
21128067,A673,C819,2025-12-28,1,net demand for forecast,21128067|A673|C819|2025-12-28|net demand for forecast|006311
21128067,A673,C819,2025-12-28,1,net demand for forecast,21128067|A673|C819|2025-12-28|net demand for forecast|006312
21128067,A673,C819,2025-12-28,1,net demand for forecast,21128067|A673|C819|2025-12-28|net demand for forecast|006313
21128067,A673,C819,2025-12-28,1,net demand for forecast,21128067|A673|C819|2025-12-28|net demand for forecast|006314
21128067,A673,C819,2025-12-28,1,net demand for forecast,21128067|A673|C819|2025-12-28|net demand for forecast|006315
21128067,A673,C819,2025-12-28,1,net demand for forecast,21128067|A673|C819|2025-12-28|net demand for forecast|006316
21128067,A673,C819,2025-12-28,1,net demand for forecast,21128067|A673|C819|2025-12-28|net demand for forecast|006317
21128067,A673,C819,2025-12-28,1,net demand for normal,21128067|A673|C819|2025-12-28|net demand for normal|006318
21132758,C816,D191,2025-12-28,1,net demand for forecast,21132758|C816|D191|2025-12-28|net demand for forecast|006321
21132758,C816,D191,2025-12-28,1,net demand for forecast,21132758|C816|D191|2025-12-28|net demand for forecast|006322
21132758,C816,D191,2025-12-28,1,net demand for forecast,21132758|C816|D191|2025-12-28|net demand for forecast|006323
21132758,C816,D191,2025-12-28,1,net demand for forecast,21132758|C816|D191|2025-12-28|net demand for forecast|006324
21143102,C816,D191,2025-12-28,1,net demand for forecast,21143102|C816|D191|2025-12-28|net demand for forecast|006356
21143102,C816,D191,2025-12-28,1,net demand for forecast,21143102|C816|D191|2025-12-28|net demand for forecast|006357
21143102,C816,D191,2025-12-28,1,net demand for forecast,21143102|C816|D191|2025-12-28|net demand for forecast|006358
21143102,C816,D191,2025-12-28,1,net demand for forecast,21143102|C816|D191|2025-12-28|net demand for forecast|006359
21151196,C816,D191,2025-12-28,1,net demand for forecast,21151196|C816|D191|2025-12-28|net demand for forecast|006368
21151196,C816,D191,2025-12-28,1,net demand for forecast,21151196|C816|D191|2025-12-28|net demand for forecast|006369
21151196,C816,D191,2025-12-28,1,net demand for forecast,21151196|C816|D191|2025-12-28|net demand for forecast|006370
21151196,C816,D191,2025-12-28,1,net demand for forecast,21151196|C816|D191|2025-12-28|net demand for forecast|006371
80804134,C816,D191,2025-12-28,5,net demand for safety,80804134|C816|D191|2025-12-28|net demand for safety|007052
21128067,A672,E568,2025-12-29,1,net demand for safety,21128067|A672|E568|2025-12-29|net demand for safety|007304
21132758,C816,D191,2025-12-29,1,net demand for forecast,21132758|C816|D191|2025-12-29|net demand for forecast|007393
21132758,C816,D191,2025-12-29,1,net demand for forecast,21132758|C816|D191|2025-12-29|net demand for forecast|007394
21132758,C816,D191,2025-12-29,1,net demand for forecast,21132758|C816|D191|2025-12-29|net demand for forecast|007395
21132758,C816,D191,2025-12-29,1,net demand for forecast,21132758|C816|D191|2025-12-29|net demand for forecast|007396
21132758,C816,D191,2025-12-29,1,net demand for normal,21132758|C816|D191|2025-12-29|net demand for normal|007397
21143102,C816,D191,2025-12-29,1,net demand for forecast,21143102|C816|D191|2025-12-29|net demand for forecast|007536
21143102,C816,D191,2025-12-29,1,net demand for forecast,21143102|C816|D191|2025-12-29|net demand for forecast|007537
21143102,C816,D191,2025-12-29,1,net demand for forecast,21143102|C816|D191|2025-12-29|net demand for forecast|007538
21143102,C816,D191,2025-12-29,1,net demand for forecast,21143102|C816|D191|2025-12-29|net demand for forecast|007539
21151196,C816,D191,2025-12-29,1,net demand for forecast,21151196|C816|D191|2025-12-29|net demand for forecast|007558
21151196,C816,D191,2025-12-29,2,net demand for forecast,21151196|C816|D191|2025-12-29|net demand for forecast|007559
21151196,C816,D191,2025-12-29,2,net demand for forecast,21151196|C816|D191|2025-12-29|net demand for forecast|007560
21151196,C816,D191,2025-12-29,2,net demand for forecast,21151196|C816|D191|2025-12-29|net demand for forecast|007561
21133312,C816,D191,2025-12-30,1,net demand for forecast,21133312|C816|D191|2025-12-30|net demand for forecast|008176
21133312,C816,D191,2025-12-30,1,net demand for forecast,21133312|C816|D191|2025-12-30|net demand for forecast|008177
21133312,C816,D191,2025-12-30,2,net demand for forecast,21133312|C816|D191|2025-12-30|net demand for forecast|008178
21133312,C816,D191,2025-12-30,2,net demand for forecast,21133312|C816|D191|2025-12-30|net demand for forecast|008179
21133312,C816,D191,2025-12-30,1,net demand for normal,21133312|C816|D191|2025-12-30|net demand for normal|008180
21133312,C816,D191,2025-12-30,3,net demand for safety,21133312|C816|D191|2025-12-30|net demand for safety|008181
21143102,C816,D191,2025-12-30,1,net demand for forecast,21143102|C816|D191|2025-12-30|net demand for forecast|008386
21143102,C816,D191,2025-12-30,1,net demand for forecast,21143102|C816|D191|2025-12-30|net demand for forecast|008387
21143102,C816,D191,2025-12-30,1,net demand for forecast,21143102|C816|D191|2025-12-30|net demand for forecast|008388
21143102,C816,D191,2025-12-30,1,net demand for forecast,21143102|C816|D191|2025-12-30|net demand for forecast|008389
21151196,C816,D191,2025-12-30,1,net demand for forecast,21151196|C816|D191|2025-12-30|net demand for forecast|008541
21151196,C816,D191,2025-12-30,1,net demand for forecast,21151196|C816|D191|2025-12-30|net demand for forecast|008542
21151196,C816,D191,2025-12-30,1,net demand for forecast,21151196|C816|D191|2025-12-30|net demand for forecast|008543
21151196,C816,D191,2025-12-30,1,net demand for forecast,21151196|C816|D191|2025-12-30|net demand for forecast|008544
80812846,A673,C819,2025-12-30,1,net demand for safety,80812846|A673|C819|2025-12-30|net demand for safety|008967
80864469,A673,C819,2025-12-30,1,net demand for forecast,80864469|A673|C819|2025-12-30|net demand for forecast|008981
80864469,A673,C819,2025-12-30,1,net demand for forecast,80864469|A673|C819|2025-12-30|net demand for forecast|008982
80864469,A673,C819,2025-12-30,1,net demand for forecast,80864469|A673|C819|2025-12-30|net demand for forecast|008983
80864469,A673,C819,2025-12-30,1,net demand for forecast,80864469|A673|C819|2025-12-30|net demand for forecast|008984
21133312,C816,D191,2025-12-31,1,net demand for forecast,21133312|C816|D191|2025-12-31|net demand for forecast|009263
21133312,C816,D191,2025-12-31,1,net demand for forecast,21133312|C816|D191|2025-12-31|net demand for forecast|009264
21133312,C816,D191,2025-12-31,1,net demand for forecast,21133312|C816|D191|2025-12-31|net demand for forecast|009265
21133312,C816,D191,2025-12-31,1,net demand for forecast,21133312|C816|D191|2025-12-31|net demand for forecast|009266
21133312,C816,D191,2025-12-31,1,net demand for normal,21133312|C816|D191|2025-12-31|net demand for normal|009267
21143102,C816,D191,2025-12-31,1,net demand for forecast,21143102|C816|D191|2025-12-31|net demand for forecast|009304
21143102,C816,D191,2025-12-31,1,net demand for forecast,21143102|C816|D191|2025-12-31|net demand for forecast|009305
21143102,C816,D191,2025-12-31,1,net demand for forecast,21143102|C816|D191|2025-12-31|net demand for forecast|009306
21143102,C816,D191,2025-12-31,1,net demand for forecast,21143102|C816|D191|2025-12-31|net demand for forecast|009307
21143102,C816,D191,2025-12-31,2,net demand for safety,21143102|C816|D191|2025-12-31|net demand for safety|009308
80804136,C816,D191,2025-12-31,3,net demand for safety,80804136|C816|D191|2025-12-31|net demand for safety|009742
80851898,A672,E568,2025-12-31,3,net demand for safety,80851898|A672|E568|2025-12-31|net demand for safety|010099
80864469,A673,C819,2025-12-31,1,net demand for forecast,80864469|A673|C819|2025-12-31|net demand for forecast|010100
80864469,A673,C819,2025-12-31,1,net demand for forecast,80864469|A673|C819|2025-12-31|net demand for forecast|010101
80864469,A673,C819,2025-12-31,1,net demand for forecast,80864469|A673|C819|2025-12-31|net demand for forecast|010102
80864469,A673,C819,2025-12-31,1,net demand for forecast,80864469|A673|C819|2025-12-31|net demand for forecast|010103
80864469,A673,C819,2025-12-31,1,net demand for forecast,80864469|A673|C819|2025-12-31|net demand for forecast|010104
21128067,A672,E568,2026-01-01,1,net demand for safety,21128067|A672|E568|2026-01-01|net demand for safety|010233
21128377,C816,D191,2026-01-01,1,net demand for forecast,21128377|C816|D191|2026-01-01|net demand for forecast|010240
21128377,C816,D191,2026-01-01,1,net demand for forecast,21128377|C816|D191|2026-01-01|net demand for forecast|010241
21128377,C816,D191,2026-01-01,1,net demand for forecast,21128377|C816|D191|2026-01-01|net demand for forecast|010242
21128377,C816,D191,2026-01-01,1,net demand for forecast,21128377|C816|D191|2026-01-01|net demand for forecast|010243
21128377,C816,D191,2026-01-01,1,net demand for normal,21128377|C816|D191|2026-01-01|net demand for normal|010244
80804134,C816,D191,2026-01-01,1,net demand for forecast,80804134|C816|D191|2026-01-01|net demand for forecast|010684
80804134,C816,D191,2026-01-01,1,net demand for forecast,80804134|C816|D191|2026-01-01|net demand for forecast|010685
80804136,C816,D191,2026-01-01,1,net demand for safety,80804136|C816|D191|2026-01-01|net demand for safety|010794
80804704,A673,C819,2026-01-01,1,net demand for forecast,80804704|A673|C819|2026-01-01|net demand for forecast|010801
80804704,A673,C819,2026-01-01,1,net demand for forecast,80804704|A673|C819|2026-01-01|net demand for forecast|010802
80804704,A673,C819,2026-01-01,1,net demand for forecast,80804704|A673|C819|2026-01-01|net demand for forecast|010803
80804704,A673,C819,2026-01-01,1,net demand for forecast,80804704|A673|C819|2026-01-01|net demand for forecast|010804
80804704,A673,C819,2026-01-01,1,net demand for forecast,80804704|A673|C819|2026-01-01|net demand for forecast|010805
80804704,A673,C819,2026-01-01,1,net demand for forecast,80804704|A673|C819|2026-01-01|net demand for forecast|010806
80807116,C816,D191,2026-01-01,11,net demand for safety,80807116|C816|D191|2026-01-01|net demand for safety|010869
80812840,A672,E568,2026-01-01,11,net demand for safety,80812840|A672|E568|2026-01-01|net demand for safety|010894
80812846,A673,C819,2026-01-01,1,net demand for safety,80812846|A673|C819|2026-01-01|net demand for safety|010912
80851898,A672,E568,2026-01-01,1,net demand for safety,80851898|A672|E568|2026-01-01|net demand for safety|010943
80864469,A673,C819,2026-01-01,1,net demand for forecast,80864469|A673|C819|2026-01-01|net demand for forecast|010967
80864469,A673,C819,2026-01-01,1,net demand for forecast,80864469|A673|C819|2026-01-01|net demand for forecast|010968
80864469,A673,C819,2026-01-01,1,net demand for forecast,80864469|A673|C819|2026-01-01|net demand for forecast|010969
80864469,A673,C819,2026-01-01,1,net demand for forecast,80864469|A673|C819|2026-01-01|net demand for forecast|010970
80864469,A673,C819,2026-01-01,2,net demand for forecast,80864469|A673|C819|2026-01-01|net demand for forecast|010971
80868100,C816,A680,2026-01-01,1,net demand for forecast,80868100|C816|A680|2026-01-01|net demand for forecast|010987
80868100,C816,A680,2026-01-01,1,net demand for forecast,80868100|C816|A680|2026-01-01|net demand for forecast|010988
80868100,C816,A680,2026-01-01,1,net demand for forecast,80868100|C816|A680|2026-01-01|net demand for forecast|010989
80868100,C816,A680,2026-01-01,1,net demand for forecast,80868100|C816|A680|2026-01-01|net demand for forecast|010990
80868100,C816,A680,2026-01-01,1,net demand for forecast,80868100|C816|A680|2026-01-01|net demand for forecast|010991
80868100,C816,A680,2026-01-01,1,net demand for forecast,80868100|C816|A680|2026-01-01|net demand for forecast|010992
80868100,C816,A680,2026-01-01,1,net demand for forecast,80868100|C816|A680|2026-01-01|net demand for forecast|010993
21128067,A672,E568,2026-01-02,2,net demand for safety,21128067|A672|E568|2026-01-02|net demand for safety|011120
21128377,C816,D191,2026-01-02,1,net demand for forecast,21128377|C816|D191|2026-01-02|net demand for forecast|011125
21128377,C816,D191,2026-01-02,1,net demand for forecast,21128377|C816|D191|2026-01-02|net demand for forecast|011126
21128377,C816,D191,2026-01-02,1,net demand for forecast,21128377|C816|D191|2026-01-02|net demand for forecast|011127
21128377,C816,D191,2026-01-02,1,net demand for forecast,21128377|C816|D191|2026-01-02|net demand for forecast|011128
21128377,C816,D191,2026-01-02,1,net demand for normal,21128377|C816|D191|2026-01-02|net demand for normal|011129
21128377,C816,D191,2026-01-02,6,net demand for safety,21128377|C816|D191|2026-01-02|net demand for safety|011130
80804134,C816,D191,2026-01-02,1,net demand for AO,80804134|C816|D191|2026-01-02|net demand for AO|011450
80804134,C816,D191,2026-01-02,1,net demand for AO,80804134|C816|D191|2026-01-02|net demand for AO|011451
80804134,C816,D191,2026-01-02,1,net demand for AO,80804134|C816|D191|2026-01-02|net demand for AO|011452
80804134,C816,D191,2026-01-02,1,net demand for AO,80804134|C816|D191|2026-01-02|net demand for AO|011453
80804134,C816,D191,2026-01-02,1,net demand for forecast,80804134|C816|D191|2026-01-02|net demand for forecast|011454
80804134,C816,D191,2026-01-02,1,net demand for forecast,80804134|C816|D191|2026-01-02|net demand for forecast|011455
80804704,A673,C819,2026-01-02,1,net demand for forecast,80804704|A673|C819|2026-01-02|net demand for forecast|011465
80804704,A673,C819,2026-01-02,1,net demand for forecast,80804704|A673|C819|2026-01-02|net demand for forecast|011466
80804704,A673,C819,2026-01-02,1,net demand for forecast,80804704|A673|C819|2026-01-02|net demand for forecast|011467
80804704,A673,C819,2026-01-02,1,net demand for forecast,80804704|A673|C819|2026-01-02|net demand for forecast|011468
80804704,A673,C819,2026-01-02,1,net demand for forecast,80804704|A673|C819|2026-01-02|net demand for forecast|011469
80804704,A673,C819,2026-01-02,1,net demand for forecast,80804704|A673|C819|2026-01-02|net demand for forecast|011470
80807116,C816,D191,2026-01-02,4,net demand for safety,80807116|C816|D191|2026-01-02|net demand for safety|011515
80812840,A672,E568,2026-01-02,3,net demand for safety,80812840|A672|E568|2026-01-02|net demand for safety|011608
80812841,A672,E568,2026-01-02,1,net demand for forecast,80812841|A672|E568|2026-01-02|net demand for forecast|011617
80812841,A672,E568,2026-01-02,1,net demand for forecast,80812841|A672|E568|2026-01-02|net demand for forecast|011618
80812841,A672,E568,2026-01-02,1,net demand for forecast,80812841|A672|E568|2026-01-02|net demand for forecast|011619
80812841,A672,E568,2026-01-02,1,net demand for forecast,80812841|A672|E568|2026-01-02|net demand for forecast|011620
80812841,A672,E568,2026-01-02,1,net demand for forecast,80812841|A672|E568|2026-01-02|net demand for forecast|011621
80812841,A672,E568,2026-01-02,1,net demand for forecast,80812841|A672|E568|2026-01-02|net demand for forecast|011622
80812841,A672,E568,2026-01-02,1,net demand for forecast,80812841|A672|E568|2026-01-02|net demand for forecast|011623
80812846,A673,C819,2026-01-02,1,net demand for forecast,80812846|A673|C819|2026-01-02|net demand for forecast|011631
80812846,A673,C819,2026-01-02,1,net demand for forecast,80812846|A673|C819|2026-01-02|net demand for forecast|011632
80812846,A673,C819,2026-01-02,1,net demand for forecast,80812846|A673|C819|2026-01-02|net demand for forecast|011633
80812846,A673,C819,2026-01-02,1,net demand for forecast,80812846|A673|C819|2026-01-02|net demand for forecast|011634
80812846,A673,C819,2026-01-02,1,net demand for forecast,80812846|A673|C819|2026-01-02|net demand for forecast|011635
80812846,A673,C819,2026-01-02,1,net demand for forecast,80812846|A673|C819|2026-01-02|net demand for forecast|011636
80812846,A673,C819,2026-01-02,1,net demand for forecast,80812846|A673|C819|2026-01-02|net demand for forecast|011637
80812846,A673,C819,2026-01-02,5,net demand for safety,80812846|A673|C819|2026-01-02|net demand for safety|011638
80851898,A672,E568,2026-01-02,2,net demand for safety,80851898|A672|E568|2026-01-02|net demand for safety|011668
80864469,A673,C819,2026-01-02,1,net demand for forecast,80864469|A673|C819|2026-01-02|net demand for forecast|011671
80864469,A673,C819,2026-01-02,1,net demand for forecast,80864469|A673|C819|2026-01-02|net demand for forecast|011672
80864469,A673,C819,2026-01-02,1,net demand for forecast,80864469|A673|C819|2026-01-02|net demand for forecast|011673
80864469,A673,C819,2026-01-02,1,net demand for forecast,80864469|A673|C819|2026-01-02|net demand for forecast|011674
80864469,A673,C819,2026-01-02,1,net demand for forecast,80864469|A673|C819|2026-01-02|net demand for forecast|011675
21113405,A672,E568,2026-01-03,1,net demand for forecast,21113405|A672|E568|2026-01-03|net demand for forecast|011800
21113405,A672,E568,2026-01-03,1,net demand for forecast,21113405|A672|E568|2026-01-03|net demand for forecast|011801
21113405,A672,E568,2026-01-03,1,net demand for forecast,21113405|A672|E568|2026-01-03|net demand for forecast|011802
21113405,A673,E564,2026-01-03,1,net demand for forecast,21113405|A673|E564|2026-01-03|net demand for forecast|011807
21113405,A673,E564,2026-01-03,1,net demand for forecast,21113405|A673|E564|2026-01-03|net demand for forecast|011808
21113405,A673,E564,2026-01-03,1,net demand for forecast,21113405|A673|E564|2026-01-03|net demand for forecast|011809
21113405,A673,E564,2026-01-03,1,net demand for forecast,21113405|A673|E564|2026-01-03|net demand for forecast|011810
21113405,A673,E564,2026-01-03,1,net demand for forecast,21113405|A673|E564|2026-01-03|net demand for forecast|011811
21113405,A673,E564,2026-01-03,1,net demand for forecast,21113405|A673|E564|2026-01-03|net demand for forecast|011812
21113405,A673,E564,2026-01-03,1,net demand for forecast,21113405|A673|E564|2026-01-03|net demand for forecast|011813
21113405,A673,E564,2026-01-03,1,net demand for normal,21113405|A673|E564|2026-01-03|net demand for normal|011814
21121756,A672,E568,2026-01-03,1,net demand for forecast,21121756|A672|E568|2026-01-03|net demand for forecast|011835
21121756,A672,E568,2026-01-03,1,net demand for forecast,21121756|A672|E568|2026-01-03|net demand for forecast|011836
21121756,A672,E568,2026-01-03,1,net demand for forecast,21121756|A672|E568|2026-01-03|net demand for forecast|011837
21162696,A673,E564,2026-01-03,4,net demand for safety,21162696|A673|E564|2026-01-03|net demand for safety|012011
80804133,A672,E568,2026-01-03,1,net demand for forecast,80804133|A672|E568|2026-01-03|net demand for forecast|012188
80804133,A672,E568,2026-01-03,1,net demand for forecast,80804133|A672|E568|2026-01-03|net demand for forecast|012189
80804133,A672,E568,2026-01-03,1,net demand for forecast,80804133|A672|E568|2026-01-03|net demand for forecast|012190
80804133,A672,E568,2026-01-03,1,net demand for forecast,80804133|A672|E568|2026-01-03|net demand for forecast|012191
80804134,C816,D191,2026-01-03,1,net demand for AO,80804134|C816|D191|2026-01-03|net demand for AO|012192
80804134,C816,D191,2026-01-03,1,net demand for AO,80804134|C816|D191|2026-01-03|net demand for AO|012193
80804134,C816,D191,2026-01-03,1,net demand for AO,80804134|C816|D191|2026-01-03|net demand for AO|012194
80804134,C816,D191,2026-01-03,1,net demand for AO,80804134|C816|D191|2026-01-03|net demand for AO|012195
80804134,C816,D191,2026-01-03,1,net demand for forecast,80804134|C816|D191|2026-01-03|net demand for forecast|012196
80804134,C816,D191,2026-01-03,1,net demand for forecast,80804134|C816|D191|2026-01-03|net demand for forecast|012197
80804134,C816,D191,2026-01-03,1,net demand for forecast,80804134|C816|D191|2026-01-03|net demand for forecast|012198
80804704,A673,C819,2026-01-03,1,net demand for forecast,80804704|A673|C819|2026-01-03|net demand for forecast|012290
80804704,A673,C819,2026-01-03,1,net demand for forecast,80804704|A673|C819|2026-01-03|net demand for forecast|012291
80804704,A673,C819,2026-01-03,1,net demand for forecast,80804704|A673|C819|2026-01-03|net demand for forecast|012292
80804704,A673,C819,2026-01-03,1,net demand for forecast,80804704|A673|C819|2026-01-03|net demand for forecast|012293
80804704,A673,C819,2026-01-03,1,net demand for forecast,80804704|A673|C819|2026-01-03|net demand for forecast|012294
80804704,A673,C819,2026-01-03,1,net demand for forecast,80804704|A673|C819|2026-01-03|net demand for forecast|012295
80807105,C816,D191,2026-01-03,2,net demand for safety,80807105|C816|D191|2026-01-03|net demand for safety|012338
80807116,C816,D191,2026-01-03,4,net demand for safety,80807116|C816|D191|2026-01-03|net demand for safety|012347
80812099,A673,E564,2026-01-03,1,net demand for safety,80812099|A673|E564|2026-01-03|net demand for safety|012357
80812840,A672,E568,2026-01-03,1,net demand for safety,80812840|A672|E568|2026-01-03|net demand for safety|012375
80812841,A672,E568,2026-01-03,1,net demand for forecast,80812841|A672|E568|2026-01-03|net demand for forecast|012384
80812841,A672,E568,2026-01-03,1,net demand for forecast,80812841|A672|E568|2026-01-03|net demand for forecast|012385
80812841,A672,E568,2026-01-03,1,net demand for forecast,80812841|A672|E568|2026-01-03|net demand for forecast|012386
80812841,A672,E568,2026-01-03,1,net demand for forecast,80812841|A672|E568|2026-01-03|net demand for forecast|012387
80812841,A672,E568,2026-01-03,1,net demand for forecast,80812841|A672|E568|2026-01-03|net demand for forecast|012388
80812841,A672,E568,2026-01-03,1,net demand for forecast,80812841|A672|E568|2026-01-03|net demand for forecast|012389
80812841,A672,E568,2026-01-03,1,net demand for forecast,80812841|A672|E568|2026-01-03|net demand for forecast|012390
80851898,A672,E568,2026-01-03,1,net demand for safety,80851898|A672|E568|2026-01-03|net demand for safety|012490
80864469,A673,C819,2026-01-03,1,net demand for forecast,80864469|A673|C819|2026-01-03|net demand for forecast|012495
80864469,A673,C819,2026-01-03,1,net demand for forecast,80864469|A673|C819|2026-01-03|net demand for forecast|012496
80864469,A673,C819,2026-01-03,1,net demand for forecast,80864469|A673|C819|2026-01-03|net demand for forecast|012497
80864469,A673,C819,2026-01-03,1,net demand for forecast,80864469|A673|C819|2026-01-03|net demand for forecast|012498
80864469,A673,C819,2026-01-03,1,net demand for forecast,80864469|A673|C819|2026-01-03|net demand for forecast|012499
21113405,A672,E568,2026-01-04,1,net demand for forecast,21113405|A672|E568|2026-01-04|net demand for forecast|012562
21113405,A672,E568,2026-01-04,1,net demand for forecast,21113405|A672|E568|2026-01-04|net demand for forecast|012563
21113405,A672,E568,2026-01-04,1,net demand for forecast,21113405|A672|E568|2026-01-04|net demand for forecast|012564
21113405,A673,E564,2026-01-04,1,net demand for forecast,21113405|A673|E564|2026-01-04|net demand for forecast|012569
21113405,A673,E564,2026-01-04,1,net demand for forecast,21113405|A673|E564|2026-01-04|net demand for forecast|012570
21113405,A673,E564,2026-01-04,1,net demand for forecast,21113405|A673|E564|2026-01-04|net demand for forecast|012571
21113405,A673,E564,2026-01-04,1,net demand for forecast,21113405|A673|E564|2026-01-04|net demand for forecast|012572
21113405,A673,E564,2026-01-04,1,net demand for forecast,21113405|A673|E564|2026-01-04|net demand for forecast|012573
21113405,A673,E564,2026-01-04,1,net demand for forecast,21113405|A673|E564|2026-01-04|net demand for forecast|012574
21113405,A673,E564,2026-01-04,1,net demand for forecast,21113405|A673|E564|2026-01-04|net demand for forecast|012575
21113405,A673,E564,2026-01-04,1,net demand for normal,21113405|A673|E564|2026-01-04|net demand for normal|012576
21113405,C816,D767,2026-01-04,1,net demand for forecast,21113405|C816|D767|2026-01-04|net demand for forecast|012578
21113405,C816,D767,2026-01-04,1,net demand for forecast,21113405|C816|D767|2026-01-04|net demand for forecast|012579
21113405,C816,D767,2026-01-04,1,net demand for forecast,21113405|C816|D767|2026-01-04|net demand for forecast|012580
21113405,C816,D767,2026-01-04,1,net demand for forecast,21113405|C816|D767|2026-01-04|net demand for forecast|012581
21121752,C816,D767,2026-01-04,1,net demand for forecast,21121752|C816|D767|2026-01-04|net demand for forecast|012584
21121752,C816,D767,2026-01-04,1,net demand for forecast,21121752|C816|D767|2026-01-04|net demand for forecast|012585
21121752,C816,D767,2026-01-04,1,net demand for forecast,21121752|C816|D767|2026-01-04|net demand for forecast|012586
21121752,C816,D767,2026-01-04,1,net demand for forecast,21121752|C816|D767|2026-01-04|net demand for forecast|012587
21121752,C816,D767,2026-01-04,1,net demand for safety,21121752|C816|D767|2026-01-04|net demand for safety|012588
21121756,A672,E568,2026-01-04,1,net demand for forecast,21121756|A672|E568|2026-01-04|net demand for forecast|012602
21121756,A672,E568,2026-01-04,1,net demand for forecast,21121756|A672|E568|2026-01-04|net demand for forecast|012603
21121756,A672,E568,2026-01-04,1,net demand for forecast,21121756|A672|E568|2026-01-04|net demand for forecast|012604
21121756,C816,D767,2026-01-04,1,net demand for normal,21121756|C816|D767|2026-01-04|net demand for normal|012605
21128067,C816,C563,2026-01-04,4,net demand for safety,21128067|C816|C563|2026-01-04|net demand for safety|012608
21132758,A673,C819,2026-01-04,1,net demand for forecast,21132758|A673|C819|2026-01-04|net demand for forecast|012612
21132758,A673,C819,2026-01-04,1,net demand for forecast,21132758|A673|C819|2026-01-04|net demand for forecast|012613
21132758,A673,C819,2026-01-04,1,net demand for forecast,21132758|A673|C819|2026-01-04|net demand for forecast|012614
21132758,A673,C819,2026-01-04,1,net demand for forecast,21132758|A673|C819|2026-01-04|net demand for forecast|012615
21132758,A673,C819,2026-01-04,1,net demand for forecast,21132758|A673|C819|2026-01-04|net demand for forecast|012616
21132758,C816,C563,2026-01-04,2,net demand for forecast,21132758|C816|C563|2026-01-04|net demand for forecast|012631
21132758,C816,C563,2026-01-04,2,net demand for forecast,21132758|C816|C563|2026-01-04|net demand for forecast|012632
21132758,C816,C563,2026-01-04,2,net demand for forecast,21132758|C816|C563|2026-01-04|net demand for forecast|012633
21132758,C816,C563,2026-01-04,2,net demand for forecast,21132758|C816|C563|2026-01-04|net demand for forecast|012634
21132758,C816,C563,2026-01-04,2,net demand for forecast,21132758|C816|C563|2026-01-04|net demand for forecast|012635
21137866,C810,D767,2026-01-04,2,net demand for forecast,21137866|C810|D767|2026-01-04|net demand for forecast|012656
21137866,C810,D767,2026-01-04,2,net demand for forecast,21137866|C810|D767|2026-01-04|net demand for forecast|012657
21151196,C816,C563,2026-01-04,1,net demand for forecast,21151196|C816|C563|2026-01-04|net demand for forecast|012703
21151196,C816,C563,2026-01-04,1,net demand for forecast,21151196|C816|C563|2026-01-04|net demand for forecast|012704
21151196,C816,C563,2026-01-04,1,net demand for forecast,21151196|C816|C563|2026-01-04|net demand for forecast|012705
21151196,C816,C563,2026-01-04,1,net demand for forecast,21151196|C816|C563|2026-01-04|net demand for forecast|012706
21151196,C816,C563,2026-01-04,1,net demand for forecast,21151196|C816|C563|2026-01-04|net demand for forecast|012707
21151196,C816,C563,2026-01-04,2,net demand for normal,21151196|C816|C563|2026-01-04|net demand for normal|012708
21162696,C816,D767,2026-01-04,1,net demand for safety,21162696|C816|D767|2026-01-04|net demand for safety|012709
21304907,C816,D767,2026-01-04,1,net demand for safety,21304907|C816|D767|2026-01-04|net demand for safety|012802
21314602,C816,D767,2026-01-04,1,net demand for safety,21314602|C816|D767|2026-01-04|net demand for safety|012911
21315350,A673,C819,2026-01-04,1,net demand for forecast,21315350|A673|C819|2026-01-04|net demand for forecast|012914
21315350,A673,C819,2026-01-04,1,net demand for forecast,21315350|A673|C819|2026-01-04|net demand for forecast|012915
21315350,A673,C819,2026-01-04,1,net demand for forecast,21315350|A673|C819|2026-01-04|net demand for forecast|012916
21315350,A673,C819,2026-01-04,1,net demand for forecast,21315350|A673|C819|2026-01-04|net demand for forecast|012917
21325292,A672,E568,2026-01-04,7,net demand for safety,21325292|A672|E568|2026-01-04|net demand for safety|013069
21377504,C816,D767,2026-01-04,1,net demand for forecast,21377504|C816|D767|2026-01-04|net demand for forecast|013070
21377504,C816,D767,2026-01-04,1,net demand for forecast,21377504|C816|D767|2026-01-04|net demand for forecast|013071
21377504,C816,D767,2026-01-04,1,net demand for forecast,21377504|C816|D767|2026-01-04|net demand for forecast|013072
21377504,C816,D767,2026-01-04,1,net demand for forecast,21377504|C816|D767|2026-01-04|net demand for forecast|013073
21377504,C816,D767,2026-01-04,1,net demand for normal,21377504|C816|D767|2026-01-04|net demand for normal|013074
21377504,C816,D767,2026-01-04,1,net demand for safety,21377504|C816|D767|2026-01-04|net demand for safety|013075
80804133,A672,E568,2026-01-04,1,net demand for forecast,80804133|A672|E568|2026-01-04|net demand for forecast|013095
80804133,A672,E568,2026-01-04,1,net demand for forecast,80804133|A672|E568|2026-01-04|net demand for forecast|013096
80804133,A672,E568,2026-01-04,1,net demand for forecast,80804133|A672|E568|2026-01-04|net demand for forecast|013097
80804133,A672,E568,2026-01-04,1,net demand for forecast,80804133|A672|E568|2026-01-04|net demand for forecast|013098
80804134,C816,D191,2026-01-04,1,net demand for AO,80804134|C816|D191|2026-01-04|net demand for AO|013113
80804134,C816,D191,2026-01-04,1,net demand for AO,80804134|C816|D191|2026-01-04|net demand for AO|013114
80804134,C816,D191,2026-01-04,1,net demand for AO,80804134|C816|D191|2026-01-04|net demand for AO|013115
80804134,C816,D191,2026-01-04,1,net demand for AO,80804134|C816|D191|2026-01-04|net demand for AO|013116
80804134,C816,D191,2026-01-04,1,net demand for forecast,80804134|C816|D191|2026-01-04|net demand for forecast|013117
80804134,C816,D191,2026-01-04,1,net demand for forecast,80804134|C816|D191|2026-01-04|net demand for forecast|013118
80804134,C816,D191,2026-01-04,1,net demand for forecast,80804134|C816|D191|2026-01-04|net demand for forecast|013119
80804134,C816,D191,2026-01-04,1,net demand for forecast,80804134|C816|D191|2026-01-04|net demand for forecast|013120
80804704,A673,C819,2026-01-04,2,net demand for forecast,80804704|A673|C819|2026-01-04|net demand for forecast|013176
80804704,A673,C819,2026-01-04,2,net demand for forecast,80804704|A673|C819|2026-01-04|net demand for forecast|013177
80804704,A673,C819,2026-01-04,2,net demand for forecast,80804704|A673|C819|2026-01-04|net demand for forecast|013178
80804704,A673,C819,2026-01-04,2,net demand for forecast,80804704|A673|C819|2026-01-04|net demand for forecast|013179
80804704,A673,C819,2026-01-04,2,net demand for forecast,80804704|A673|C819|2026-01-04|net demand for forecast|013180
80804704,A673,C819,2026-01-04,2,net demand for forecast,80804704|A673|C819|2026-01-04|net demand for forecast|013181
80807105,C816,D191,2026-01-04,2,net demand for safety,80807105|C816|D191|2026-01-04|net demand for safety|013211
80807120,C816,C563,2026-01-04,2,net demand for safety,80807120|C816|C563|2026-01-04|net demand for safety|013323
80812099,A673,E564,2026-01-04,1,net demand for safety,80812099|A673|E564|2026-01-04|net demand for safety|013327
80812840,A672,E568,2026-01-04,1,net demand for forecast,80812840|A672|E568|2026-01-04|net demand for forecast|013348
80812840,A672,E568,2026-01-04,1,net demand for forecast,80812840|A672|E568|2026-01-04|net demand for forecast|013349
80812840,A672,E568,2026-01-04,1,net demand for forecast,80812840|A672|E568|2026-01-04|net demand for forecast|013350
80812840,A672,E568,2026-01-04,1,net demand for forecast,80812840|A672|E568|2026-01-04|net demand for forecast|013351
80812840,A672,E568,2026-01-04,1,net demand for forecast,80812840|A672|E568|2026-01-04|net demand for forecast|013352
80812840,A672,E568,2026-01-04,1,net demand for forecast,80812840|A672|E568|2026-01-04|net demand for forecast|013353
80812840,A672,E568,2026-01-04,1,net demand for forecast,80812840|A672|E568|2026-01-04|net demand for forecast|013354
80812840,A672,E568,2026-01-04,6,net demand for safety,80812840|A672|E568|2026-01-04|net demand for safety|013355
80812845,C816,C563,2026-01-04,3,net demand for safety,80812845|C816|C563|2026-01-04|net demand for safety|013386
80840976,A673,C819,2026-01-04,1,net demand for forecast,80840976|A673|C819|2026-01-04|net demand for forecast|013391
80840976,A673,C819,2026-01-04,1,net demand for forecast,80840976|A673|C819|2026-01-04|net demand for forecast|013392
80840976,A673,C819,2026-01-04,1,net demand for forecast,80840976|A673|C819|2026-01-04|net demand for forecast|013393
80840976,A673,C819,2026-01-04,1,net demand for forecast,80840976|A673|C819|2026-01-04|net demand for forecast|013394
80848023,C816,D767,2026-01-04,22,net demand for safety,80848023|C816|D767|2026-01-04|net demand for safety|013398
21132758,C816,C563,2026-01-05,3,net demand for forecast,21132758|C816|C563|2026-01-05|net demand for forecast|013678
21132758,C816,C563,2026-01-05,3,net demand for forecast,21132758|C816|C563|2026-01-05|net demand for forecast|013679
21132758,C816,C563,2026-01-05,3,net demand for forecast,21132758|C816|C563|2026-01-05|net demand for forecast|013680
21132758,C816,C563,2026-01-05,3,net demand for forecast,21132758|C816|C563|2026-01-05|net demand for forecast|013681
21132758,C816,C563,2026-01-05,3,net demand for forecast,21132758|C816|C563|2026-01-05|net demand for forecast|013682
21137866,A672,E568,2026-01-05,1,net demand for normal,21137866|A672|E568|2026-01-05|net demand for normal|013802
21143110,C816,C563,2026-01-05,1,net demand for forecast,21143110|C816|C563|2026-01-05|net demand for forecast|013920
21143110,C816,C563,2026-01-05,1,net demand for forecast,21143110|C816|C563|2026-01-05|net demand for forecast|013921
21143110,C816,C563,2026-01-05,1,net demand for forecast,21143110|C816|C563|2026-01-05|net demand for forecast|013922
21143110,C816,C563,2026-01-05,1,net demand for forecast,21143110|C816|C563|2026-01-05|net demand for forecast|013923
21143110,C816,C563,2026-01-05,1,net demand for forecast,21143110|C816|C563|2026-01-05|net demand for forecast|013924
21143110,C816,C563,2026-01-05,1,net demand for safety,21143110|C816|C563|2026-01-05|net demand for safety|013925
21151196,C816,C563,2026-01-05,1,net demand for forecast,21151196|C816|C563|2026-01-05|net demand for forecast|014079
21151196,C816,C563,2026-01-05,1,net demand for forecast,21151196|C816|C563|2026-01-05|net demand for forecast|014080
21151196,C816,C563,2026-01-05,1,net demand for forecast,21151196|C816|C563|2026-01-05|net demand for forecast|014081
21151196,C816,C563,2026-01-05,1,net demand for forecast,21151196|C816|C563|2026-01-05|net demand for forecast|014082
21151196,C816,C563,2026-01-05,1,net demand for forecast,21151196|C816|C563|2026-01-05|net demand for forecast|014083
21162696,A673,E564,2026-01-05,2,net demand for safety,21162696|A673|E564|2026-01-05|net demand for safety|014085
21162696,C816,D767,2026-01-05,2,net demand for safety,21162696|C816|D767|2026-01-05|net demand for safety|014086
21304907,C816,D767,2026-01-05,1,net demand for safety,21304907|C816|D767|2026-01-05|net demand for safety|014091
21314602,A673,E564,2026-01-05,1,net demand for safety,21314602|A673|E564|2026-01-05|net demand for safety|014103
21315474,C816,C563,2026-01-05,2,net demand for safety,21315474|C816|C563|2026-01-05|net demand for safety|014117
21325292,A672,E568,2026-01-05,1,net demand for safety,21325292|A672|E568|2026-01-05|net demand for safety|014127
80804133,A672,E568,2026-01-05,1,net demand for forecast,80804133|A672|E568|2026-01-05|net demand for forecast|014428
80804133,A672,E568,2026-01-05,1,net demand for forecast,80804133|A672|E568|2026-01-05|net demand for forecast|014429
80804133,A672,E568,2026-01-05,1,net demand for forecast,80804133|A672|E568|2026-01-05|net demand for forecast|014430
80804133,A672,E568,2026-01-05,1,net demand for forecast,80804133|A672|E568|2026-01-05|net demand for forecast|014431
80804134,A672,E568,2026-01-05,1,net demand for forecast,80804134|A672|E568|2026-01-05|net demand for forecast|014501
80804134,A672,E568,2026-01-05,1,net demand for forecast,80804134|A672|E568|2026-01-05|net demand for forecast|014502
80804134,A672,E568,2026-01-05,1,net demand for forecast,80804134|A672|E568|2026-01-05|net demand for forecast|014503
80807120,C816,C563,2026-01-05,2,net demand for safety,80807120|C816|C563|2026-01-05|net demand for safety|014895
80812846,A672,E568,2026-01-05,2,net demand for safety,80812846|A672|E568|2026-01-05|net demand for safety|014937
80851898,A672,E568,2026-01-05,1,net demand for forecast,80851898|A672|E568|2026-01-05|net demand for forecast|015082
80851898,A672,E568,2026-01-05,1,net demand for forecast,80851898|A672|E568|2026-01-05|net demand for forecast|015083
80851898,A672,E568,2026-01-05,1,net demand for forecast,80851898|A672|E568|2026-01-05|net demand for forecast|015084
80851898,A672,E568,2026-01-05,1,net demand for forecast,80851898|A672|E568|2026-01-05|net demand for forecast|015085
80851898,A672,E568,2026-01-05,1,net demand for forecast,80851898|A672|E568|2026-01-05|net demand for forecast|015086
80851898,A672,E568,2026-01-05,3,net demand for safety,80851898|A672|E568|2026-01-05|net demand for safety|015087
21113405,A672,E568,2026-01-06,1,net demand for forecast,21113405|A672|E568|2026-01-06|net demand for forecast|015144
21113405,A672,E568,2026-01-06,1,net demand for forecast,21113405|A672|E568|2026-01-06|net demand for forecast|015145
21113405,A672,E568,2026-01-06,1,net demand for forecast,21113405|A672|E568|2026-01-06|net demand for forecast|015146
21113405,A672,E568,2026-01-06,1,net demand for normal,21113405|A672|E568|2026-01-06|net demand for normal|015147
21127730,C810,E295,2026-01-06,3,net demand for safety,21127730|C810|E295|2026-01-06|net demand for safety|015152
21128067,C816,C563,2026-01-06,1,net demand for safety,21128067|C816|C563|2026-01-06|net demand for safety|015154
21132758,C816,C563,2026-01-06,1,net demand for forecast,21132758|C816|C563|2026-01-06|net demand for forecast|015163
21132758,C816,C563,2026-01-06,1,net demand for forecast,21132758|C816|C563|2026-01-06|net demand for forecast|015164
21132758,C816,C563,2026-01-06,1,net demand for forecast,21132758|C816|C563|2026-01-06|net demand for forecast|015165
21132758,C816,C563,2026-01-06,1,net demand for forecast,21132758|C816|C563|2026-01-06|net demand for forecast|015166
21132758,C816,C563,2026-01-06,1,net demand for forecast,21132758|C816|C563|2026-01-06|net demand for forecast|015167
21132988,C816,C563,2026-01-06,1,net demand for forecast,21132988|C816|C563|2026-01-06|net demand for forecast|015170
21132988,C816,C563,2026-01-06,1,net demand for forecast,21132988|C816|C563|2026-01-06|net demand for forecast|015171
21132988,C816,C563,2026-01-06,1,net demand for forecast,21132988|C816|C563|2026-01-06|net demand for forecast|015172
21132988,C816,C563,2026-01-06,1,net demand for forecast,21132988|C816|C563|2026-01-06|net demand for forecast|015173
21132988,C816,C563,2026-01-06,1,net demand for forecast,21132988|C816|C563|2026-01-06|net demand for forecast|015174
21137866,A672,E568,2026-01-06,1,net demand for forecast,21137866|A672|E568|2026-01-06|net demand for forecast|015183
21137866,A672,E568,2026-01-06,1,net demand for forecast,21137866|A672|E568|2026-01-06|net demand for forecast|015184
21137866,A672,E568,2026-01-06,1,net demand for forecast,21137866|A672|E568|2026-01-06|net demand for forecast|015185
21137866,A672,E568,2026-01-06,1,net demand for forecast,21137866|A672|E568|2026-01-06|net demand for forecast|015186
21137866,A672,E568,2026-01-06,1,net demand for forecast,21137866|A672|E568|2026-01-06|net demand for forecast|015187
21137866,A672,E568,2026-01-06,1,net demand for forecast,21137866|A672|E568|2026-01-06|net demand for forecast|015188
21137866,A672,E568,2026-01-06,1,net demand for forecast,21137866|A672|E568|2026-01-06|net demand for forecast|015189
21137866,A672,E568,2026-01-06,1,net demand for normal,21137866|A672|E568|2026-01-06|net demand for normal|015190
21151196,C810,E295,2026-01-06,1,net demand for forecast,21151196|C810|E295|2026-01-06|net demand for forecast|015287
21151196,C810,E295,2026-01-06,1,net demand for forecast,21151196|C810|E295|2026-01-06|net demand for forecast|015288
21151196,C810,E295,2026-01-06,1,net demand for forecast,21151196|C810|E295|2026-01-06|net demand for forecast|015289
21151196,C810,E295,2026-01-06,1,net demand for forecast,21151196|C810|E295|2026-01-06|net demand for forecast|015290
21151196,C810,E295,2026-01-06,1,net demand for forecast,21151196|C810|E295|2026-01-06|net demand for forecast|015291
21151196,C810,E295,2026-01-06,1,net demand for forecast,21151196|C810|E295|2026-01-06|net demand for forecast|015292
21151196,C810,E295,2026-01-06,1,net demand for forecast,21151196|C810|E295|2026-01-06|net demand for forecast|015293
21162696,A673,E564,2026-01-06,1,net demand for safety,21162696|A673|E564|2026-01-06|net demand for safety|015294
21304907,C816,D767,2026-01-06,1,net demand for safety,21304907|C816|D767|2026-01-06|net demand for safety|015307
21314602,A673,E564,2026-01-06,1,net demand for safety,21314602|A673|E564|2026-01-06|net demand for safety|015435
21354246,C816,D767,2026-01-06,1,net demand for forecast,21354246|C816|D767|2026-01-06|net demand for forecast|015464
21354246,C816,D767,2026-01-06,1,net demand for forecast,21354246|C816|D767|2026-01-06|net demand for forecast|015465
21354246,C816,D767,2026-01-06,1,net demand for forecast,21354246|C816|D767|2026-01-06|net demand for forecast|015466
21354246,C816,D767,2026-01-06,1,net demand for forecast,21354246|C816|D767|2026-01-06|net demand for forecast|015467
21354246,C816,D767,2026-01-06,1,net demand for normal,21354246|C816|D767|2026-01-06|net demand for normal|015468
21354246,C816,D767,2026-01-06,1,net demand for safety,21354246|C816|D767|2026-01-06|net demand for safety|015469
21377504,A672,E568,2026-01-06,1,net demand for safety,21377504|A672|E568|2026-01-06|net demand for safety|015473
80804136,A672,E568,2026-01-06,1,net demand for forecast,80804136|A672|E568|2026-01-06|net demand for forecast|015648
80804136,A672,E568,2026-01-06,1,net demand for forecast,80804136|A672|E568|2026-01-06|net demand for forecast|015649
80804136,A672,E568,2026-01-06,1,net demand for forecast,80804136|A672|E568|2026-01-06|net demand for forecast|015650
80804704,C816,C563,2026-01-06,1,net demand for forecast,80804704|C816|C563|2026-01-06|net demand for forecast|015755
80804704,C816,C563,2026-01-06,2,net demand for forecast,80804704|C816|C563|2026-01-06|net demand for forecast|015756
80804704,C816,C563,2026-01-06,2,net demand for forecast,80804704|C816|C563|2026-01-06|net demand for forecast|015757
80804704,C816,C563,2026-01-06,2,net demand for forecast,80804704|C816|C563|2026-01-06|net demand for forecast|015758
80804704,C816,C563,2026-01-06,2,net demand for forecast,80804704|C816|C563|2026-01-06|net demand for forecast|015759
80804704,C816,C563,2026-01-06,30,net demand for safety,80804704|C816|C563|2026-01-06|net demand for safety|015760
80804704,C816,D191,2026-01-06,4,net demand for safety,80804704|C816|D191|2026-01-06|net demand for safety|015761
80804705,C816,C563,2026-01-06,3,net demand for forecast,80804705|C816|C563|2026-01-06|net demand for forecast|015814
80804705,C816,C563,2026-01-06,3,net demand for forecast,80804705|C816|C563|2026-01-06|net demand for forecast|015815
80804705,C816,C563,2026-01-06,3,net demand for forecast,80804705|C816|C563|2026-01-06|net demand for forecast|015816
80804705,C816,C563,2026-01-06,3,net demand for forecast,80804705|C816|C563|2026-01-06|net demand for forecast|015817
80804705,C816,C563,2026-01-06,4,net demand for forecast,80804705|C816|C563|2026-01-06|net demand for forecast|015818
80804705,C816,C563,2026-01-06,2,net demand for normal,80804705|C816|C563|2026-01-06|net demand for normal|015819
80807120,C816,C563,2026-01-06,2,net demand for safety,80807120|C816|C563|2026-01-06|net demand for safety|016198
80812099,A673,E564,2026-01-06,1,net demand for safety,80812099|A673|E564|2026-01-06|net demand for safety|016201
80812846,A672,E568,2026-01-06,1,net demand for safety,80812846|A672|E568|2026-01-06|net demand for safety|016396
80838164,A673,E564,2026-01-06,1,net demand for normal,80838164|A673|E564|2026-01-06|net demand for normal|016397
80848029,A673,C819,2026-01-06,1,net demand for normal,80848029|A673|C819|2026-01-06|net demand for normal|016538
80848029,A673,D901,2026-01-06,9,net demand for normal,80848029|A673|D901|2026-01-06|net demand for normal|016539
80848029,C816,D191,2026-01-06,3,net demand for safety,80848029|C816|D191|2026-01-06|net demand for safety|016540
80868102,C816,C810,2026-01-06,1,net demand for forecast,80868102|C816|C810|2026-01-06|net demand for forecast|016560
21127730,C810,E295,2026-01-07,1,net demand for safety,21127730|C810|E295|2026-01-07|net demand for safety|016603
21128067,A672,E568,2026-01-07,1,net demand for forecast,21128067|A672|E568|2026-01-07|net demand for forecast|016604
21128067,A672,E568,2026-01-07,1,net demand for forecast,21128067|A672|E568|2026-01-07|net demand for forecast|016605
21128067,A672,E568,2026-01-07,1,net demand for forecast,21128067|A672|E568|2026-01-07|net demand for forecast|016606
21128067,A672,E568,2026-01-07,1,net demand for forecast,21128067|A672|E568|2026-01-07|net demand for forecast|016607
21128067,A672,E568,2026-01-07,1,net demand for forecast,21128067|A672|E568|2026-01-07|net demand for forecast|016608
21128067,A672,E568,2026-01-07,5,net demand for safety,21128067|A672|E568|2026-01-07|net demand for safety|016609
21128067,C816,C563,2026-01-07,4,net demand for safety,21128067|C816|C563|2026-01-07|net demand for safety|016612
21132758,C816,C563,2026-01-07,1,net demand for forecast,21132758|C816|C563|2026-01-07|net demand for forecast|016624
21132758,C816,C563,2026-01-07,1,net demand for forecast,21132758|C816|C563|2026-01-07|net demand for forecast|016625
21132758,C816,C563,2026-01-07,1,net demand for forecast,21132758|C816|C563|2026-01-07|net demand for forecast|016626
21132758,C816,C563,2026-01-07,1,net demand for forecast,21132758|C816|C563|2026-01-07|net demand for forecast|016627
21132758,C816,C563,2026-01-07,1,net demand for forecast,21132758|C816|C563|2026-01-07|net demand for forecast|016628
21132988,C816,C563,2026-01-07,1,net demand for forecast,21132988|C816|C563|2026-01-07|net demand for forecast|016629
21132988,C816,C563,2026-01-07,1,net demand for forecast,21132988|C816|C563|2026-01-07|net demand for forecast|016630
21132988,C816,C563,2026-01-07,1,net demand for forecast,21132988|C816|C563|2026-01-07|net demand for forecast|016631
21132988,C816,C563,2026-01-07,2,net demand for forecast,21132988|C816|C563|2026-01-07|net demand for forecast|016632
21132988,C816,C563,2026-01-07,2,net demand for forecast,21132988|C816|C563|2026-01-07|net demand for forecast|016633
21143110,C810,E295,2026-01-07,39,net demand for safety,21143110|C810|E295|2026-01-07|net demand for safety|016680
21304907,C816,D767,2026-01-07,2,net demand for safety,21304907|C816|D767|2026-01-07|net demand for safety|016708
21315350,A672,E568,2026-01-07,1,net demand for forecast,21315350|A672|E568|2026-01-07|net demand for forecast|016857
21315350,A672,E568,2026-01-07,1,net demand for forecast,21315350|A672|E568|2026-01-07|net demand for forecast|016858
21315350,A672,E568,2026-01-07,1,net demand for forecast,21315350|A672|E568|2026-01-07|net demand for forecast|016859
21315350,A672,E568,2026-01-07,1,net demand for forecast,21315350|A672|E568|2026-01-07|net demand for forecast|016860
21354246,C816,D767,2026-01-07,1,net demand for forecast,21354246|C816|D767|2026-01-07|net demand for forecast|016878
21354246,C816,D767,2026-01-07,1,net demand for forecast,21354246|C816|D767|2026-01-07|net demand for forecast|016879
21354246,C816,D767,2026-01-07,1,net demand for forecast,21354246|C816|D767|2026-01-07|net demand for forecast|016880
21354246,C816,D767,2026-01-07,1,net demand for forecast,21354246|C816|D767|2026-01-07|net demand for forecast|016881
21354246,C816,D767,2026-01-07,1,net demand for normal,21354246|C816|D767|2026-01-07|net demand for normal|016882
21354246,C816,D767,2026-01-07,6,net demand for safety,21354246|C816|D767|2026-01-07|net demand for safety|016883
80804132,C816,E467,2026-01-07,12,net demand for safety,80804132|C816|E467|2026-01-07|net demand for safety|017042
80804134,C810,E295,2026-01-07,1,net demand for forecast,80804134|C810|E295|2026-01-07|net demand for forecast|017071
80804134,C810,E295,2026-01-07,2,net demand for forecast,80804134|C810|E295|2026-01-07|net demand for forecast|017072
80804134,C810,E295,2026-01-07,2,net demand for forecast,80804134|C810|E295|2026-01-07|net demand for forecast|017073
80804134,C810,E295,2026-01-07,2,net demand for forecast,80804134|C810|E295|2026-01-07|net demand for forecast|017074
80804134,C810,E295,2026-01-07,2,net demand for forecast,80804134|C810|E295|2026-01-07|net demand for forecast|017075
80804134,C810,E295,2026-01-07,2,net demand for forecast,80804134|C810|E295|2026-01-07|net demand for forecast|017076
80804134,C810,E295,2026-01-07,2,net demand for forecast,80804134|C810|E295|2026-01-07|net demand for forecast|017077
80804134,C810,E295,2026-01-07,28,net demand for safety,80804134|C810|E295|2026-01-07|net demand for safety|017078
80804134,C816,E467,2026-01-07,1,net demand for forecast,80804134|C816|E467|2026-01-07|net demand for forecast|017079
80804134,C816,E467,2026-01-07,1,net demand for forecast,80804134|C816|E467|2026-01-07|net demand for forecast|017080
80804134,C816,E467,2026-01-07,1,net demand for forecast,80804134|C816|E467|2026-01-07|net demand for forecast|017081
80804134,C816,E467,2026-01-07,1,net demand for forecast,80804134|C816|E467|2026-01-07|net demand for forecast|017082
80804134,C816,E467,2026-01-07,1,net demand for forecast,80804134|C816|E467|2026-01-07|net demand for forecast|017083
80804136,A672,E568,2026-01-07,1,net demand for forecast,80804136|A672|E568|2026-01-07|net demand for forecast|017098
80804136,A672,E568,2026-01-07,1,net demand for forecast,80804136|A672|E568|2026-01-07|net demand for forecast|017099
80804136,A672,E568,2026-01-07,1,net demand for forecast,80804136|A672|E568|2026-01-07|net demand for forecast|017100
80804704,C810,E295,2026-01-07,2,net demand for forecast,80804704|C810|E295|2026-01-07|net demand for forecast|017160
80804704,C810,E295,2026-01-07,2,net demand for forecast,80804704|C810|E295|2026-01-07|net demand for forecast|017161
80804704,C810,E295,2026-01-07,2,net demand for forecast,80804704|C810|E295|2026-01-07|net demand for forecast|017162
80804704,C810,E295,2026-01-07,2,net demand for forecast,80804704|C810|E295|2026-01-07|net demand for forecast|017163
80804704,C810,E295,2026-01-07,2,net demand for forecast,80804704|C810|E295|2026-01-07|net demand for forecast|017164
80804704,C810,E295,2026-01-07,2,net demand for forecast,80804704|C810|E295|2026-01-07|net demand for forecast|017165
80804704,C810,E295,2026-01-07,2,net demand for forecast,80804704|C810|E295|2026-01-07|net demand for forecast|017166
80804704,C810,E295,2026-01-07,93,net demand for safety,80804704|C810|E295|2026-01-07|net demand for safety|017167
80804704,C816,C563,2026-01-07,1,net demand for forecast,80804704|C816|C563|2026-01-07|net demand for forecast|017213
80804704,C816,C563,2026-01-07,1,net demand for forecast,80804704|C816|C563|2026-01-07|net demand for forecast|017214
80804704,C816,C563,2026-01-07,1,net demand for forecast,80804704|C816|C563|2026-01-07|net demand for forecast|017215
80804704,C816,C563,2026-01-07,1,net demand for forecast,80804704|C816|C563|2026-01-07|net demand for forecast|017216
80804704,C816,C563,2026-01-07,2,net demand for forecast,80804704|C816|C563|2026-01-07|net demand for forecast|017217
80804704,C816,C563,2026-01-07,30,net demand for safety,80804704|C816|C563|2026-01-07|net demand for safety|017218
80804704,C816,D191,2026-01-07,5,net demand for safety,80804704|C816|D191|2026-01-07|net demand for safety|017219
80804705,C816,C563,2026-01-07,1,net demand for forecast,80804705|C816|C563|2026-01-07|net demand for forecast|017265
80804705,C816,C563,2026-01-07,1,net demand for forecast,80804705|C816|C563|2026-01-07|net demand for forecast|017266
80804705,C816,C563,2026-01-07,1,net demand for forecast,80804705|C816|C563|2026-01-07|net demand for forecast|017267
80804705,C816,C563,2026-01-07,1,net demand for forecast,80804705|C816|C563|2026-01-07|net demand for forecast|017268
80804705,C816,C563,2026-01-07,1,net demand for forecast,80804705|C816|C563|2026-01-07|net demand for forecast|017269
80804705,C816,C563,2026-01-07,5,net demand for normal,80804705|C816|C563|2026-01-07|net demand for normal|017270
80807105,C816,D191,2026-01-07,4,net demand for safety,80807105|C816|D191|2026-01-07|net demand for safety|017400
80807105,C816,E467,2026-01-07,11,net demand for safety,80807105|C816|E467|2026-01-07|net demand for safety|017401
80807112,A672,E568,2026-01-07,1,net demand for safety,80807112|A672|E568|2026-01-07|net demand for safety|017413
80807120,C816,C563,2026-01-07,6,net demand for safety,80807120|C816|C563|2026-01-07|net demand for safety|017443
80812846,A672,E568,2026-01-07,3,net demand for safety,80812846|A672|E568|2026-01-07|net demand for safety|017537
80848029,C810,E295,2026-01-07,39,net demand for safety,80848029|C810|E295|2026-01-07|net demand for safety|017546
21029016,A673,E556,2026-01-08,1,net demand for forecast,21029016|A673|E556|2026-01-08|net demand for forecast|017672
21029016,A673,E556,2026-01-08,1,net demand for forecast,21029016|A673|E556|2026-01-08|net demand for forecast|017673
21029016,A673,E556,2026-01-08,1,net demand for forecast,21029016|A673|E556|2026-01-08|net demand for forecast|017674
21029016,A673,E556,2026-01-08,1,net demand for forecast,21029016|A673|E556|2026-01-08|net demand for forecast|017675
21029016,A673,E556,2026-01-08,1,net demand for forecast,21029016|A673|E556|2026-01-08|net demand for forecast|017676
21029016,A673,E556,2026-01-08,1,net demand for forecast,21029016|A673|E556|2026-01-08|net demand for forecast|017677
21029016,A673,E556,2026-01-08,1,net demand for forecast,21029016|A673|E556|2026-01-08|net demand for forecast|017678
21103372,A673,E556,2026-01-08,1,net demand for forecast,21103372|A673|E556|2026-01-08|net demand for forecast|017686
21103372,A673,E556,2026-01-08,1,net demand for forecast,21103372|A673|E556|2026-01-08|net demand for forecast|017687
21103372,A673,E556,2026-01-08,1,net demand for forecast,21103372|A673|E556|2026-01-08|net demand for forecast|017688
21103372,A673,E556,2026-01-08,1,net demand for forecast,21103372|A673|E556|2026-01-08|net demand for forecast|017689
21103372,A673,E556,2026-01-08,1,net demand for forecast,21103372|A673|E556|2026-01-08|net demand for forecast|017690
21103372,A673,E556,2026-01-08,1,net demand for forecast,21103372|A673|E556|2026-01-08|net demand for forecast|017691
21103372,A673,E556,2026-01-08,1,net demand for forecast,21103372|A673|E556|2026-01-08|net demand for forecast|017692
21113405,C816,D767,2026-01-08,2,net demand for safety,21113405|C816|D767|2026-01-08|net demand for safety|017702
21121756,A672,E568,2026-01-08,1,net demand for normal,21121756|A672|E568|2026-01-08|net demand for normal|017809
21127730,C816,C563,2026-01-08,5,net demand for safety,21127730|C816|C563|2026-01-08|net demand for safety|017817
21128067,A673,E556,2026-01-08,1,net demand for safety,21128067|A673|E556|2026-01-08|net demand for safety|017837
21128067,C816,C563,2026-01-08,2,net demand for safety,21128067|C816|C563|2026-01-08|net demand for safety|017838
21128067,C816,E569,2026-01-08,2,net demand for safety,21128067|C816|E569|2026-01-08|net demand for safety|017839
21132758,A673,E556,2026-01-08,2,net demand for forecast,21132758|A673|E556|2026-01-08|net demand for forecast|017925
21132758,A673,E556,2026-01-08,2,net demand for forecast,21132758|A673|E556|2026-01-08|net demand for forecast|017926
21132758,A673,E556,2026-01-08,2,net demand for forecast,21132758|A673|E556|2026-01-08|net demand for forecast|017927
21132758,A673,E556,2026-01-08,2,net demand for forecast,21132758|A673|E556|2026-01-08|net demand for forecast|017928
21132758,A673,E556,2026-01-08,2,net demand for forecast,21132758|A673|E556|2026-01-08|net demand for forecast|017929
21132758,A673,E556,2026-01-08,2,net demand for forecast,21132758|A673|E556|2026-01-08|net demand for forecast|017930
21132758,A673,E556,2026-01-08,2,net demand for forecast,21132758|A673|E556|2026-01-08|net demand for forecast|017931
21132758,C816,C563,2026-01-08,1,net demand for forecast,21132758|C816|C563|2026-01-08|net demand for forecast|017932
21132758,C816,C563,2026-01-08,1,net demand for forecast,21132758|C816|C563|2026-01-08|net demand for forecast|017933
21132758,C816,C563,2026-01-08,1,net demand for forecast,21132758|C816|C563|2026-01-08|net demand for forecast|017934
21132758,C816,C563,2026-01-08,1,net demand for forecast,21132758|C816|C563|2026-01-08|net demand for forecast|017935
21132758,C816,C563,2026-01-08,1,net demand for forecast,21132758|C816|C563|2026-01-08|net demand for forecast|017936
21132988,C816,C563,2026-01-08,1,net demand for forecast,21132988|C816|C563|2026-01-08|net demand for forecast|017937
21132988,C816,C563,2026-01-08,1,net demand for forecast,21132988|C816|C563|2026-01-08|net demand for forecast|017938
21132988,C816,C563,2026-01-08,1,net demand for forecast,21132988|C816|C563|2026-01-08|net demand for forecast|017939
21132988,C816,C563,2026-01-08,2,net demand for forecast,21132988|C816|C563|2026-01-08|net demand for forecast|017940
21132988,C816,C563,2026-01-08,2,net demand for forecast,21132988|C816|C563|2026-01-08|net demand for forecast|017941
21132988,C816,D191,2026-01-08,1,net demand for forecast,21132988|C816|D191|2026-01-08|net demand for forecast|017942
21132988,C816,D191,2026-01-08,1,net demand for forecast,21132988|C816|D191|2026-01-08|net demand for forecast|017943
21132988,C816,D191,2026-01-08,1,net demand for forecast,21132988|C816|D191|2026-01-08|net demand for forecast|017944
21132988,C816,E569,2026-01-08,1,net demand for forecast,21132988|C816|E569|2026-01-08|net demand for forecast|017953
21132988,C816,E569,2026-01-08,1,net demand for forecast,21132988|C816|E569|2026-01-08|net demand for forecast|017954
21132988,C816,E569,2026-01-08,1,net demand for forecast,21132988|C816|E569|2026-01-08|net demand for forecast|017955
21132988,C816,E569,2026-01-08,1,net demand for forecast,21132988|C816|E569|2026-01-08|net demand for forecast|017956
21139445,C816,A668,2026-01-08,1,net demand for forecast,21139445|C816|A668|2026-01-08|net demand for forecast|017959
21139445,C816,A668,2026-01-08,1,net demand for forecast,21139445|C816|A668|2026-01-08|net demand for forecast|017960
21139445,C816,A668,2026-01-08,1,net demand for forecast,21139445|C816|A668|2026-01-08|net demand for forecast|017961
21139445,C816,A668,2026-01-08,1,net demand for forecast,21139445|C816|A668|2026-01-08|net demand for forecast|017962
21139445,C816,A668,2026-01-08,1,net demand for forecast,21139445|C816|A668|2026-01-08|net demand for forecast|017963
21139445,C816,A668,2026-01-08,1,net demand for forecast,21139445|C816|A668|2026-01-08|net demand for forecast|017964
21139445,C816,A668,2026-01-08,1,net demand for normal,21139445|C816|A668|2026-01-08|net demand for normal|017965
21139445,C816,A668,2026-01-08,6,net demand for safety,21139445|C816|A668|2026-01-08|net demand for safety|017966
21143110,C816,C563,2026-01-08,2,net demand for safety,21143110|C816|C563|2026-01-08|net demand for safety|017987
21148509,A673,E556,2026-01-08,1,net demand for normal,21148509|A673|E556|2026-01-08|net demand for normal|017997
21151196,C810,E295,2026-01-08,2,net demand for normal,21151196|C810|E295|2026-01-08|net demand for normal|018013
21162696,A673,E564,2026-01-08,1,net demand for forecast,21162696|A673|E564|2026-01-08|net demand for forecast|018019
21162696,A673,E564,2026-01-08,1,net demand for forecast,21162696|A673|E564|2026-01-08|net demand for forecast|018020
21162696,A673,E564,2026-01-08,1,net demand for forecast,21162696|A673|E564|2026-01-08|net demand for forecast|018021
21162696,A673,E564,2026-01-08,1,net demand for forecast,21162696|A673|E564|2026-01-08|net demand for forecast|018022
21162696,A673,E564,2026-01-08,1,net demand for forecast,21162696|A673|E564|2026-01-08|net demand for forecast|018023
21162696,A673,E564,2026-01-08,1,net demand for forecast,21162696|A673|E564|2026-01-08|net demand for forecast|018024
21304907,C816,D767,2026-01-08,1,net demand for safety,21304907|C816|D767|2026-01-08|net demand for safety|018075
21304907,C816,E569,2026-01-08,1,net demand for safety,21304907|C816|E569|2026-01-08|net demand for safety|018076
21307836,C816,A668,2026-01-08,1,net demand for safety,21307836|C816|A668|2026-01-08|net demand for safety|018077
21315350,A672,E568,2026-01-08,1,net demand for forecast,21315350|A672|E568|2026-01-08|net demand for forecast|018091
21315350,A672,E568,2026-01-08,1,net demand for forecast,21315350|A672|E568|2026-01-08|net demand for forecast|018092
21315350,A672,E568,2026-01-08,1,net demand for forecast,21315350|A672|E568|2026-01-08|net demand for forecast|018093
21315350,A672,E568,2026-01-08,1,net demand for forecast,21315350|A672|E568|2026-01-08|net demand for forecast|018094
21315350,C816,E569,2026-01-08,8,net demand for safety,21315350|C816|E569|2026-01-08|net demand for safety|018095
21315474,C816,C563,2026-01-08,1,net demand for safety,21315474|C816|C563|2026-01-08|net demand for safety|018105
21325292,A672,E568,2026-01-08,1,net demand for forecast,21325292|A672|E568|2026-01-08|net demand for forecast|018108
21325292,A672,E568,2026-01-08,1,net demand for forecast,21325292|A672|E568|2026-01-08|net demand for forecast|018109
21325292,A672,E568,2026-01-08,1,net demand for forecast,21325292|A672|E568|2026-01-08|net demand for forecast|018110
21325292,A672,E568,2026-01-08,1,net demand for forecast,21325292|A672|E568|2026-01-08|net demand for forecast|018111
21325292,A672,E568,2026-01-08,3,net demand for safety,21325292|A672|E568|2026-01-08|net demand for safety|018112
21419500,C816,A668,2026-01-08,2,net demand for forecast,21419500|C816|A668|2026-01-08|net demand for forecast|018118
21419500,C816,A668,2026-01-08,2,net demand for forecast,21419500|C816|A668|2026-01-08|net demand for forecast|018119
21419500,C816,A668,2026-01-08,2,net demand for forecast,21419500|C816|A668|2026-01-08|net demand for forecast|018120
21419500,C816,A668,2026-01-08,2,net demand for forecast,21419500|C816|A668|2026-01-08|net demand for forecast|018121
21419500,C816,A668,2026-01-08,2,net demand for forecast,21419500|C816|A668|2026-01-08|net demand for forecast|018122
21419500,C816,A668,2026-01-08,2,net demand for forecast,21419500|C816|A668|2026-01-08|net demand for forecast|018123
21419500,C816,A668,2026-01-08,3,net demand for normal,21419500|C816|A668|2026-01-08|net demand for normal|018124
21419500,C816,A668,2026-01-08,18,net demand for safety,21419500|C816|A668|2026-01-08|net demand for safety|018125
21419500,C816,A672,2026-01-08,4,net demand for forecast,21419500|C816|A672|2026-01-08|net demand for forecast|018126
21419500,C816,A672,2026-01-08,4,net demand for forecast,21419500|C816|A672|2026-01-08|net demand for forecast|018127
21419500,C816,A672,2026-01-08,5,net demand for forecast,21419500|C816|A672|2026-01-08|net demand for forecast|018128
21419500,C816,A672,2026-01-08,5,net demand for forecast,21419500|C816|A672|2026-01-08|net demand for forecast|018129
21419500,C816,A672,2026-01-08,5,net demand for forecast,21419500|C816|A672|2026-01-08|net demand for forecast|018130
21419500,C816,A672,2026-01-08,5,net demand for forecast,21419500|C816|A672|2026-01-08|net demand for forecast|018131
21419500,C816,A672,2026-01-08,5,net demand for forecast,21419500|C816|A672|2026-01-08|net demand for forecast|018132
21419500,C816,A672,2026-01-08,5,net demand for normal,21419500|C816|A672|2026-01-08|net demand for normal|018133
21442897,C816,A668,2026-01-08,2,net demand for safety,21442897|C816|A668|2026-01-08|net demand for safety|018176
80804130,C816,E569,2026-01-08,1,net demand for forecast,80804130|C816|E569|2026-01-08|net demand for forecast|018444
80804130,C816,E569,2026-01-08,1,net demand for forecast,80804130|C816|E569|2026-01-08|net demand for forecast|018445
80804130,C816,E569,2026-01-08,1,net demand for forecast,80804130|C816|E569|2026-01-08|net demand for forecast|018446
80804130,C816,E569,2026-01-08,1,net demand for forecast,80804130|C816|E569|2026-01-08|net demand for forecast|018447
80804130,C816,E569,2026-01-08,1,net demand for forecast,80804130|C816|E569|2026-01-08|net demand for forecast|018448
80804132,C816,E467,2026-01-08,2,net demand for safety,80804132|C816|E467|2026-01-08|net demand for safety|018469
80804132,C816,E569,2026-01-08,5,net demand for safety,80804132|C816|E569|2026-01-08|net demand for safety|018478
80804133,C816,E569,2026-01-08,1,net demand for safety,80804133|C816|E569|2026-01-08|net demand for safety|018489
80804134,C810,E295,2026-01-08,1,net demand for forecast,80804134|C810|E295|2026-01-08|net demand for forecast|018492
80804134,C810,E295,2026-01-08,2,net demand for forecast,80804134|C810|E295|2026-01-08|net demand for forecast|018493
80804134,C810,E295,2026-01-08,2,net demand for forecast,80804134|C810|E295|2026-01-08|net demand for forecast|018494
80804134,C810,E295,2026-01-08,2,net demand for forecast,80804134|C810|E295|2026-01-08|net demand for forecast|018495
80804134,C810,E295,2026-01-08,2,net demand for forecast,80804134|C810|E295|2026-01-08|net demand for forecast|018496
80804134,C810,E295,2026-01-08,2,net demand for forecast,80804134|C810|E295|2026-01-08|net demand for forecast|018497
80804134,C810,E295,2026-01-08,2,net demand for forecast,80804134|C810|E295|2026-01-08|net demand for forecast|018498
80804134,C810,E295,2026-01-08,19,net demand for safety,80804134|C810|E295|2026-01-08|net demand for safety|018499
80804134,C816,E467,2026-01-08,1,net demand for forecast,80804134|C816|E467|2026-01-08|net demand for forecast|018500
80804134,C816,E467,2026-01-08,1,net demand for forecast,80804134|C816|E467|2026-01-08|net demand for forecast|018501
80804134,C816,E467,2026-01-08,1,net demand for forecast,80804134|C816|E467|2026-01-08|net demand for forecast|018502
80804134,C816,E467,2026-01-08,1,net demand for forecast,80804134|C816|E467|2026-01-08|net demand for forecast|018503
80804134,C816,E467,2026-01-08,1,net demand for forecast,80804134|C816|E467|2026-01-08|net demand for forecast|018504
80804136,A672,E568,2026-01-08,1,net demand for forecast,80804136|A672|E568|2026-01-08|net demand for forecast|018518
80804136,A672,E568,2026-01-08,1,net demand for forecast,80804136|A672|E568|2026-01-08|net demand for forecast|018519
80804136,A672,E568,2026-01-08,1,net demand for forecast,80804136|A672|E568|2026-01-08|net demand for forecast|018520
80804136,A672,E568,2026-01-08,1,net demand for forecast,80804136|A672|E568|2026-01-08|net demand for forecast|018521
80804136,C816,D191,2026-01-08,1,net demand for forecast,80804136|C816|D191|2026-01-08|net demand for forecast|018526
80804136,C816,D191,2026-01-08,2,net demand for forecast,80804136|C816|D191|2026-01-08|net demand for forecast|018527
80804703,C816,A672,2026-01-08,1,net demand for forecast,80804703|C816|A672|2026-01-08|net demand for forecast|018614
80804703,C816,A672,2026-01-08,1,net demand for forecast,80804703|C816|A672|2026-01-08|net demand for forecast|018615
80804703,C816,A672,2026-01-08,1,net demand for forecast,80804703|C816|A672|2026-01-08|net demand for forecast|018616
80804703,C816,A672,2026-01-08,2,net demand for forecast,80804703|C816|A672|2026-01-08|net demand for forecast|018617
80804703,C816,A672,2026-01-08,2,net demand for forecast,80804703|C816|A672|2026-01-08|net demand for forecast|018618
80804703,C816,A672,2026-01-08,2,net demand for forecast,80804703|C816|A672|2026-01-08|net demand for forecast|018619
80804703,C816,A672,2026-01-08,2,net demand for forecast,80804703|C816|A672|2026-01-08|net demand for forecast|018620
80804703,C816,A672,2026-01-08,2,net demand for normal,80804703|C816|A672|2026-01-08|net demand for normal|018621
80804704,C810,E295,2026-01-08,1,net demand for forecast,80804704|C810|E295|2026-01-08|net demand for forecast|018638
80804704,C810,E295,2026-01-08,1,net demand for forecast,80804704|C810|E295|2026-01-08|net demand for forecast|018639
80804704,C810,E295,2026-01-08,1,net demand for forecast,80804704|C810|E295|2026-01-08|net demand for forecast|018640
80804704,C810,E295,2026-01-08,1,net demand for forecast,80804704|C810|E295|2026-01-08|net demand for forecast|018641
80804704,C810,E295,2026-01-08,1,net demand for forecast,80804704|C810|E295|2026-01-08|net demand for forecast|018642
80804704,C810,E295,2026-01-08,1,net demand for forecast,80804704|C810|E295|2026-01-08|net demand for forecast|018643
80804704,C810,E295,2026-01-08,1,net demand for forecast,80804704|C810|E295|2026-01-08|net demand for forecast|018644
80804704,C816,A668,2026-01-08,2,net demand for forecast,80804704|C816|A668|2026-01-08|net demand for forecast|018645
80804704,C816,A668,2026-01-08,2,net demand for forecast,80804704|C816|A668|2026-01-08|net demand for forecast|018646
80804704,C816,A668,2026-01-08,2,net demand for forecast,80804704|C816|A668|2026-01-08|net demand for forecast|018647
80804704,C816,A668,2026-01-08,2,net demand for forecast,80804704|C816|A668|2026-01-08|net demand for forecast|018648
80804704,C816,A668,2026-01-08,2,net demand for forecast,80804704|C816|A668|2026-01-08|net demand for forecast|018649
80804704,C816,A668,2026-01-08,2,net demand for forecast,80804704|C816|A668|2026-01-08|net demand for forecast|018650
80804704,C816,A672,2026-01-08,3,net demand for AO,80804704|C816|A672|2026-01-08|net demand for AO|018651
80804704,C816,A672,2026-01-08,13,net demand for AO,80804704|C816|A672|2026-01-08|net demand for AO|018652
80804704,C816,A672,2026-01-08,14,net demand for AO,80804704|C816|A672|2026-01-08|net demand for AO|018653
80804704,C816,A672,2026-01-08,19,net demand for AO,80804704|C816|A672|2026-01-08|net demand for AO|018654
80804704,C816,A672,2026-01-08,15,net demand for forecast,80804704|C816|A672|2026-01-08|net demand for forecast|018655
80804704,C816,A672,2026-01-08,17,net demand for forecast,80804704|C816|A672|2026-01-08|net demand for forecast|018656
80804704,C816,A672,2026-01-08,20,net demand for forecast,80804704|C816|A672|2026-01-08|net demand for forecast|018657
80804704,C816,A672,2026-01-08,20,net demand for forecast,80804704|C816|A672|2026-01-08|net demand for forecast|018658
80804704,C816,A672,2026-01-08,20,net demand for forecast,80804704|C816|A672|2026-01-08|net demand for forecast|018659
80804704,C816,A672,2026-01-08,20,net demand for forecast,80804704|C816|A672|2026-01-08|net demand for forecast|018660
80804705,C816,C563,2026-01-08,5,net demand for normal,80804705|C816|C563|2026-01-08|net demand for normal|018716
80804706,C816,A668,2026-01-08,2,net demand for forecast,80804706|C816|A668|2026-01-08|net demand for forecast|018718
80804706,C816,A668,2026-01-08,2,net demand for forecast,80804706|C816|A668|2026-01-08|net demand for forecast|018719
80804706,C816,A668,2026-01-08,3,net demand for forecast,80804706|C816|A668|2026-01-08|net demand for forecast|018720
80804706,C816,A668,2026-01-08,3,net demand for forecast,80804706|C816|A668|2026-01-08|net demand for forecast|018721
80804706,C816,A668,2026-01-08,4,net demand for forecast,80804706|C816|A668|2026-01-08|net demand for forecast|018722
80804706,C816,A668,2026-01-08,4,net demand for forecast,80804706|C816|A668|2026-01-08|net demand for forecast|018723
80804706,C816,A668,2026-01-08,5,net demand for normal,80804706|C816|A668|2026-01-08|net demand for normal|018724
80804706,C816,A668,2026-01-08,36,net demand for safety,80804706|C816|A668|2026-01-08|net demand for safety|018725
80804706,C816,A672,2026-01-08,4,net demand for forecast,80804706|C816|A672|2026-01-08|net demand for forecast|018726
80804706,C816,A672,2026-01-08,4,net demand for forecast,80804706|C816|A672|2026-01-08|net demand for forecast|018727
80804706,C816,A672,2026-01-08,4,net demand for forecast,80804706|C816|A672|2026-01-08|net demand for forecast|018728
80804706,C816,A672,2026-01-08,5,net demand for forecast,80804706|C816|A672|2026-01-08|net demand for forecast|018729
80804706,C816,A672,2026-01-08,6,net demand for forecast,80804706|C816|A672|2026-01-08|net demand for forecast|018730
80804706,C816,A672,2026-01-08,6,net demand for forecast,80804706|C816|A672|2026-01-08|net demand for forecast|018731
80804706,C816,A672,2026-01-08,6,net demand for forecast,80804706|C816|A672|2026-01-08|net demand for forecast|018732
80804706,C816,A672,2026-01-08,4,net demand for normal,80804706|C816|A672|2026-01-08|net demand for normal|018733
80807092,C816,A668,2026-01-08,6,net demand for safety,80807092|C816|A668|2026-01-08|net demand for safety|018761
80807110,C816,E569,2026-01-08,8,net demand for safety,80807110|C816|E569|2026-01-08|net demand for safety|018966
80807113,C816,E569,2026-01-08,2,net demand for safety,80807113|C816|E569|2026-01-08|net demand for safety|019016
80807116,C816,D191,2026-01-08,1,net demand for forecast,80807116|C816|D191|2026-01-08|net demand for forecast|019036
80807116,C816,D191,2026-01-08,1,net demand for forecast,80807116|C816|D191|2026-01-08|net demand for forecast|019037
80807116,C816,D191,2026-01-08,1,net demand for forecast,80807116|C816|D191|2026-01-08|net demand for forecast|019038
80807116,C816,D191,2026-01-08,1,net demand for forecast,80807116|C816|D191|2026-01-08|net demand for forecast|019039
80807118,C816,E569,2026-01-08,7,net demand for safety,80807118|C816|E569|2026-01-08|net demand for safety|019062
80807120,C816,C563,2026-01-08,5,net demand for safety,80807120|C816|C563|2026-01-08|net demand for safety|019069
80807120,C816,E569,2026-01-08,4,net demand for safety,80807120|C816|E569|2026-01-08|net demand for safety|019071
80812154,C816,D767,2026-01-08,2,net demand for safety,80812154|C816|D767|2026-01-08|net demand for safety|019072
80812338,C816,E569,2026-01-08,1,net demand for safety,80812338|C816|E569|2026-01-08|net demand for safety|019073
80812841,A672,E568,2026-01-08,1,net demand for normal,80812841|A672|E568|2026-01-08|net demand for normal|019076
80812841,C816,E569,2026-01-08,1,net demand for forecast,80812841|C816|E569|2026-01-08|net demand for forecast|019097
80812841,C816,E569,2026-01-08,1,net demand for forecast,80812841|C816|E569|2026-01-08|net demand for forecast|019098
80812841,C816,E569,2026-01-08,1,net demand for forecast,80812841|C816|E569|2026-01-08|net demand for forecast|019099
80812841,C816,E569,2026-01-08,1,net demand for forecast,80812841|C816|E569|2026-01-08|net demand for forecast|019100
80812841,C816,E569,2026-01-08,1,net demand for forecast,80812841|C816|E569|2026-01-08|net demand for forecast|019101
80812841,C816,E569,2026-01-08,1,net demand for forecast,80812841|C816|E569|2026-01-08|net demand for forecast|019102
80812841,C816,E569,2026-01-08,1,net demand for forecast,80812841|C816|E569|2026-01-08|net demand for forecast|019103
80812845,C816,E467,2026-01-08,1,net demand for forecast,80812845|C816|E467|2026-01-08|net demand for forecast|019128
80812845,C816,E467,2026-01-08,1,net demand for forecast,80812845|C816|E467|2026-01-08|net demand for forecast|019129
80812845,C816,E467,2026-01-08,1,net demand for forecast,80812845|C816|E467|2026-01-08|net demand for forecast|019130
80812845,C816,E467,2026-01-08,1,net demand for forecast,80812845|C816|E467|2026-01-08|net demand for forecast|019131
80812845,C816,E467,2026-01-08,1,net demand for forecast,80812845|C816|E467|2026-01-08|net demand for forecast|019132
80812846,A672,E568,2026-01-08,4,net demand for safety,80812846|A672|E568|2026-01-08|net demand for safety|019134
80812846,A673,C819,2026-01-08,1,net demand for forecast,80812846|A673|C819|2026-01-08|net demand for forecast|019135
80812846,A673,C819,2026-01-08,1,net demand for forecast,80812846|A673|C819|2026-01-08|net demand for forecast|019136
80812846,A673,C819,2026-01-08,1,net demand for forecast,80812846|A673|C819|2026-01-08|net demand for forecast|019137
80812846,A673,C819,2026-01-08,1,net demand for forecast,80812846|A673|C819|2026-01-08|net demand for forecast|019138
80812846,A673,C819,2026-01-08,1,net demand for forecast,80812846|A673|C819|2026-01-08|net demand for forecast|019139
80812846,A673,C819,2026-01-08,1,net demand for forecast,80812846|A673|C819|2026-01-08|net demand for forecast|019140
80812846,A673,C819,2026-01-08,1,net demand for forecast,80812846|A673|C819|2026-01-08|net demand for forecast|019141
80812846,A673,C819,2026-01-08,1,net demand for forecast,80812846|A673|C819|2026-01-08|net demand for forecast|019142
80812846,A673,C819,2026-01-08,1,net demand for forecast,80812846|A673|C819|2026-01-08|net demand for forecast|019143
80848022,C816,E569,2026-01-08,2,net demand for safety,80848022|C816|E569|2026-01-08|net demand for safety|019159
80848026,C816,E467,2026-01-08,1,net demand for forecast,80848026|C816|E467|2026-01-08|net demand for forecast|019175
80848026,C816,E467,2026-01-08,1,net demand for forecast,80848026|C816|E467|2026-01-08|net demand for forecast|019176
80848026,C816,E467,2026-01-08,1,net demand for forecast,80848026|C816|E467|2026-01-08|net demand for forecast|019177
80848026,C816,E467,2026-01-08,1,net demand for forecast,80848026|C816|E467|2026-01-08|net demand for forecast|019178
80848026,C816,E467,2026-01-08,1,net demand for forecast,80848026|C816|E467|2026-01-08|net demand for forecast|019179
80848029,C810,E295,2026-01-08,1,net demand for forecast,80848029|C810|E295|2026-01-08|net demand for forecast|019182
80848029,C810,E295,2026-01-08,1,net demand for forecast,80848029|C810|E295|2026-01-08|net demand for forecast|019183
80848029,C810,E295,2026-01-08,1,net demand for forecast,80848029|C810|E295|2026-01-08|net demand for forecast|019184
80848029,C810,E295,2026-01-08,1,net demand for forecast,80848029|C810|E295|2026-01-08|net demand for forecast|019185
80848029,C810,E295,2026-01-08,1,net demand for forecast,80848029|C810|E295|2026-01-08|net demand for forecast|019186
80848029,C810,E295,2026-01-08,8,net demand for safety,80848029|C810|E295|2026-01-08|net demand for safety|019187
80848029,C816,D191,2026-01-08,1,net demand for safety,80848029|C816|D191|2026-01-08|net demand for safety|019188
80851898,C816,D767,2026-01-08,1,net demand for safety,80851898|C816|D767|2026-01-08|net demand for safety|019198
80884846,C816,A668,2026-01-08,1,net demand for safety,80884846|C816|A668|2026-01-08|net demand for safety|019199
80885920,C816,A672,2026-01-08,3,net demand for forecast,80885920|C816|A672|2026-01-08|net demand for forecast|019201
80885920,C816,A672,2026-01-08,3,net demand for forecast,80885920|C816|A672|2026-01-08|net demand for forecast|019202
80885920,C816,A672,2026-01-08,3,net demand for forecast,80885920|C816|A672|2026-01-08|net demand for forecast|019203
80885920,C816,A672,2026-01-08,3,net demand for forecast,80885920|C816|A672|2026-01-08|net demand for forecast|019204
80885920,C816,A672,2026-01-08,3,net demand for forecast,80885920|C816|A672|2026-01-08|net demand for forecast|019205
80885920,C816,A672,2026-01-08,3,net demand for forecast,80885920|C816|A672|2026-01-08|net demand for forecast|019206
80885920,C816,A672,2026-01-08,3,net demand for forecast,80885920|C816|A672|2026-01-08|net demand for forecast|019207
21098519,C810,D767,2026-01-09,1,net demand for safety,21098519|C810|D767|2026-01-09|net demand for safety|019222
21103372,A673,E556,2026-01-09,2,net demand for forecast,21103372|A673|E556|2026-01-09|net demand for forecast|019266
21103372,A673,E556,2026-01-09,2,net demand for forecast,21103372|A673|E556|2026-01-09|net demand for forecast|019267
21103372,A673,E556,2026-01-09,2,net demand for forecast,21103372|A673|E556|2026-01-09|net demand for forecast|019268
21103372,A673,E556,2026-01-09,2,net demand for forecast,21103372|A673|E556|2026-01-09|net demand for forecast|019269
21103372,A673,E556,2026-01-09,2,net demand for forecast,21103372|A673|E556|2026-01-09|net demand for forecast|019270
21103372,A673,E556,2026-01-09,2,net demand for forecast,21103372|A673|E556|2026-01-09|net demand for forecast|019271
21103372,A673,E556,2026-01-09,2,net demand for forecast,21103372|A673|E556|2026-01-09|net demand for forecast|019272
21103372,C810,D767,2026-01-09,5,net demand for safety,21103372|C810|D767|2026-01-09|net demand for safety|019274
21113405,C816,D767,2026-01-09,3,net demand for safety,21113405|C816|D767|2026-01-09|net demand for safety|019276
21121751,A672,E556,2026-01-09,1,net demand for safety,21121751|A672|E556|2026-01-09|net demand for safety|019277
21121751,C816,D767,2026-01-09,2,net demand for safety,21121751|C816|D767|2026-01-09|net demand for safety|019279
21121752,A672,C819,2026-01-09,1,net demand for forecast,21121752|A672|C819|2026-01-09|net demand for forecast|019280
21121752,A672,C819,2026-01-09,1,net demand for forecast,21121752|A672|C819|2026-01-09|net demand for forecast|019281
21121752,A672,C819,2026-01-09,1,net demand for forecast,21121752|A672|C819|2026-01-09|net demand for forecast|019282
21121752,A672,C819,2026-01-09,1,net demand for forecast,21121752|A672|C819|2026-01-09|net demand for forecast|019283
21121752,A672,C819,2026-01-09,1,net demand for forecast,21121752|A672|C819|2026-01-09|net demand for forecast|019284
21121752,A672,C819,2026-01-09,1,net demand for forecast,21121752|A672|C819|2026-01-09|net demand for forecast|019285
21121752,A672,C819,2026-01-09,1,net demand for forecast,21121752|A672|C819|2026-01-09|net demand for forecast|019286
21121752,A672,C819,2026-01-09,1,net demand for normal,21121752|A672|C819|2026-01-09|net demand for normal|019287
21121752,A672,C819,2026-01-09,2,net demand for safety,21121752|A672|C819|2026-01-09|net demand for safety|019288
21121752,A672,E556,2026-01-09,1,net demand for forecast,21121752|A672|E556|2026-01-09|net demand for forecast|019289
21121752,A672,E556,2026-01-09,1,net demand for forecast,21121752|A672|E556|2026-01-09|net demand for forecast|019290
21121752,A672,E556,2026-01-09,1,net demand for forecast,21121752|A672|E556|2026-01-09|net demand for forecast|019291
21121752,A672,E556,2026-01-09,1,net demand for normal,21121752|A672|E556|2026-01-09|net demand for normal|019292
21121752,A672,E556,2026-01-09,1,net demand for safety,21121752|A672|E556|2026-01-09|net demand for safety|019293
21121756,C816,D767,2026-01-09,12,net demand for safety,21121756|C816|D767|2026-01-09|net demand for safety|019294
21121756,C816,E569,2026-01-09,3,net demand for safety,21121756|C816|E569|2026-01-09|net demand for safety|019295
21127730,C816,C563,2026-01-09,8,net demand for safety,21127730|C816|C563|2026-01-09|net demand for safety|019297
21128067,C816,C563,2026-01-09,2,net demand for safety,21128067|C816|C563|2026-01-09|net demand for safety|019301
21132758,A673,E556,2026-01-09,2,net demand for forecast,21132758|A673|E556|2026-01-09|net demand for forecast|019307
21132758,A673,E556,2026-01-09,2,net demand for forecast,21132758|A673|E556|2026-01-09|net demand for forecast|019308
21132758,A673,E556,2026-01-09,2,net demand for forecast,21132758|A673|E556|2026-01-09|net demand for forecast|019309
21132758,A673,E556,2026-01-09,2,net demand for forecast,21132758|A673|E556|2026-01-09|net demand for forecast|019310
21132758,A673,E556,2026-01-09,2,net demand for forecast,21132758|A673|E556|2026-01-09|net demand for forecast|019311
21132758,A673,E556,2026-01-09,2,net demand for forecast,21132758|A673|E556|2026-01-09|net demand for forecast|019312
21132758,A673,E556,2026-01-09,2,net demand for forecast,21132758|A673|E556|2026-01-09|net demand for forecast|019313
21132758,C816,C563,2026-01-09,1,net demand for forecast,21132758|C816|C563|2026-01-09|net demand for forecast|019314
21132758,C816,C563,2026-01-09,1,net demand for forecast,21132758|C816|C563|2026-01-09|net demand for forecast|019315
21132758,C816,C563,2026-01-09,1,net demand for forecast,21132758|C816|C563|2026-01-09|net demand for forecast|019316
21132758,C816,C563,2026-01-09,1,net demand for forecast,21132758|C816|C563|2026-01-09|net demand for forecast|019317
21132758,C816,C563,2026-01-09,1,net demand for forecast,21132758|C816|C563|2026-01-09|net demand for forecast|019318
21132988,C816,D191,2026-01-09,1,net demand for normal,21132988|C816|D191|2026-01-09|net demand for normal|019319
21137866,A673,E556,2026-01-09,1,net demand for forecast,21137866|A673|E556|2026-01-09|net demand for forecast|019374
21137866,A673,E556,2026-01-09,1,net demand for forecast,21137866|A673|E556|2026-01-09|net demand for forecast|019375
21137866,A673,E556,2026-01-09,1,net demand for forecast,21137866|A673|E556|2026-01-09|net demand for forecast|019376
21137866,A673,E556,2026-01-09,1,net demand for forecast,21137866|A673|E556|2026-01-09|net demand for forecast|019377
21137866,A673,E556,2026-01-09,1,net demand for forecast,21137866|A673|E556|2026-01-09|net demand for forecast|019378
21137866,A673,E556,2026-01-09,1,net demand for forecast,21137866|A673|E556|2026-01-09|net demand for forecast|019379
21137866,A673,E556,2026-01-09,1,net demand for forecast,21137866|A673|E556|2026-01-09|net demand for forecast|019380
21139445,C816,A673,2026-01-09,18,net demand for net demand for safety,21139445|C816|A673|2026-01-09|net demand for net demand for safety|019381
21139445,C816,A673,2026-01-09,7,net demand for safety,21139445|C816|A673|2026-01-09|net demand for safety|019382
21143110,C816,C563,2026-01-09,4,net demand for safety,21143110|C816|C563|2026-01-09|net demand for safety|019391
21148509,A673,E556,2026-01-09,1,net demand for normal,21148509|A673|E556|2026-01-09|net demand for normal|019392
21151196,C810,E295,2026-01-09,1,net demand for normal,21151196|C810|E295|2026-01-09|net demand for normal|019405
21162696,A672,E556,2026-01-09,1,net demand for forecast,21162696|A672|E556|2026-01-09|net demand for forecast|019407
21162696,A672,E556,2026-01-09,1,net demand for forecast,21162696|A672|E556|2026-01-09|net demand for forecast|019408
21162696,A672,E556,2026-01-09,1,net demand for forecast,21162696|A672|E556|2026-01-09|net demand for forecast|019409
21162696,A672,E556,2026-01-09,1,net demand for forecast,21162696|A672|E556|2026-01-09|net demand for forecast|019410
21162696,A672,E556,2026-01-09,1,net demand for forecast,21162696|A672|E556|2026-01-09|net demand for forecast|019411
21170683,C810,D767,2026-01-09,1,net demand for forecast,21170683|C810|D767|2026-01-09|net demand for forecast|019418
21304907,C816,D767,2026-01-09,1,net demand for safety,21304907|C816|D767|2026-01-09|net demand for safety|019427
21307836,C816,A668,2026-01-09,2,net demand for safety,21307836|C816|A668|2026-01-09|net demand for safety|019428
21307836,C816,A673,2026-01-09,2,net demand for safety,21307836|C816|A673|2026-01-09|net demand for safety|019429
21314593,A672,E556,2026-01-09,4,net demand for normal,21314593|A672|E556|2026-01-09|net demand for normal|019441
21314593,C810,D767,2026-01-09,1,net demand for forecast,21314593|C810|D767|2026-01-09|net demand for forecast|019447
21314593,C810,D767,2026-01-09,1,net demand for forecast,21314593|C810|D767|2026-01-09|net demand for forecast|019448
21314593,C810,D767,2026-01-09,1,net demand for forecast,21314593|C810|D767|2026-01-09|net demand for forecast|019449
21314593,C810,D767,2026-01-09,1,net demand for forecast,21314593|C810|D767|2026-01-09|net demand for forecast|019450
21315350,C810,D767,2026-01-09,19,net demand for safety,21315350|C810|D767|2026-01-09|net demand for safety|019470
21315350,C816,E569,2026-01-09,3,net demand for safety,21315350|C816|E569|2026-01-09|net demand for safety|019471
21315352,A672,E556,2026-01-09,2,net demand for safety,21315352|A672|E556|2026-01-09|net demand for safety|019472
21315352,C810,D767,2026-01-09,1,net demand for normal,21315352|C810|D767|2026-01-09|net demand for normal|019473
21325164,A672,E556,2026-01-09,2,net demand for normal,21325164|A672|E556|2026-01-09|net demand for normal|019479
21325292,A672,E556,2026-01-09,5,net demand for safety,21325292|A672|E556|2026-01-09|net demand for safety|019480
21419500,C816,A668,2026-01-09,1,net demand for forecast,21419500|C816|A668|2026-01-09|net demand for forecast|019482
21419500,C816,A668,2026-01-09,1,net demand for forecast,21419500|C816|A668|2026-01-09|net demand for forecast|019483
21419500,C816,A668,2026-01-09,1,net demand for forecast,21419500|C816|A668|2026-01-09|net demand for forecast|019484
21419500,C816,A668,2026-01-09,1,net demand for forecast,21419500|C816|A668|2026-01-09|net demand for forecast|019485
21419500,C816,A668,2026-01-09,1,net demand for forecast,21419500|C816|A668|2026-01-09|net demand for forecast|019486
21419500,C816,A668,2026-01-09,1,net demand for forecast,21419500|C816|A668|2026-01-09|net demand for forecast|019487
21419500,C816,A668,2026-01-09,1,net demand for normal,21419500|C816|A668|2026-01-09|net demand for normal|019488
21419500,C816,A668,2026-01-09,3,net demand for safety,21419500|C816|A668|2026-01-09|net demand for safety|019489
21419500,C816,A672,2026-01-09,3,net demand for forecast,21419500|C816|A672|2026-01-09|net demand for forecast|019490
21419500,C816,A672,2026-01-09,3,net demand for forecast,21419500|C816|A672|2026-01-09|net demand for forecast|019491
21419500,C816,A672,2026-01-09,4,net demand for forecast,21419500|C816|A672|2026-01-09|net demand for forecast|019492
21419500,C816,A672,2026-01-09,4,net demand for forecast,21419500|C816|A672|2026-01-09|net demand for forecast|019493
21419500,C816,A672,2026-01-09,4,net demand for forecast,21419500|C816|A672|2026-01-09|net demand for forecast|019494
21419500,C816,A672,2026-01-09,4,net demand for forecast,21419500|C816|A672|2026-01-09|net demand for forecast|019495
21419500,C816,A672,2026-01-09,4,net demand for forecast,21419500|C816|A672|2026-01-09|net demand for forecast|019496
21419500,C816,A672,2026-01-09,3,net demand for normal,21419500|C816|A672|2026-01-09|net demand for normal|019497
21419500,C816,A673,2026-01-09,2,net demand for forecast,21419500|C816|A673|2026-01-09|net demand for forecast|019498
21419500,C816,A673,2026-01-09,2,net demand for forecast,21419500|C816|A673|2026-01-09|net demand for forecast|019499
21419500,C816,A673,2026-01-09,2,net demand for forecast,21419500|C816|A673|2026-01-09|net demand for forecast|019500
21419500,C816,A673,2026-01-09,2,net demand for forecast,21419500|C816|A673|2026-01-09|net demand for forecast|019501
21419500,C816,A673,2026-01-09,2,net demand for forecast,21419500|C816|A673|2026-01-09|net demand for forecast|019502
21419500,C816,A673,2026-01-09,2,net demand for forecast,21419500|C816|A673|2026-01-09|net demand for forecast|019503
21419500,C816,A673,2026-01-09,16,net demand for safety,21419500|C816|A673|2026-01-09|net demand for safety|019504
21425098,C816,A673,2026-01-09,24,net demand for safety,21425098|C816|A673|2026-01-09|net demand for safety|019513
21442896,C816,A668,2026-01-09,4,net demand for forecast,21442896|C816|A668|2026-01-09|net demand for forecast|019514
21442896,C816,A668,2026-01-09,4,net demand for forecast,21442896|C816|A668|2026-01-09|net demand for forecast|019515
21442896,C816,A668,2026-01-09,4,net demand for forecast,21442896|C816|A668|2026-01-09|net demand for forecast|019516
21442896,C816,A668,2026-01-09,4,net demand for forecast,21442896|C816|A668|2026-01-09|net demand for forecast|019517
21442896,C816,A668,2026-01-09,4,net demand for forecast,21442896|C816|A668|2026-01-09|net demand for forecast|019518
21442896,C816,A668,2026-01-09,4,net demand for forecast,21442896|C816|A668|2026-01-09|net demand for forecast|019519
21442896,C816,A668,2026-01-09,7,net demand for normal,21442896|C816|A668|2026-01-09|net demand for normal|019520
21442896,C816,A668,2026-01-09,38,net demand for safety,21442896|C816|A668|2026-01-09|net demand for safety|019521
21442896,C816,A673,2026-01-09,389,net demand for safety,21442896|C816|A673|2026-01-09|net demand for safety|019522
80804128,A672,E556,2026-01-09,2,net demand for normal,80804128|A672|E556|2026-01-09|net demand for normal|019544
80804130,C816,E569,2026-01-09,1,net demand for forecast,80804130|C816|E569|2026-01-09|net demand for forecast|019546
80804130,C816,E569,2026-01-09,1,net demand for forecast,80804130|C816|E569|2026-01-09|net demand for forecast|019547
80804130,C816,E569,2026-01-09,1,net demand for forecast,80804130|C816|E569|2026-01-09|net demand for forecast|019548
80804130,C816,E569,2026-01-09,1,net demand for forecast,80804130|C816|E569|2026-01-09|net demand for forecast|019549
80804130,C816,E569,2026-01-09,1,net demand for forecast,80804130|C816|E569|2026-01-09|net demand for forecast|019550
80804132,A672,C819,2026-01-09,1,net demand for forecast,80804132|A672|C819|2026-01-09|net demand for forecast|019552
80804132,A672,C819,2026-01-09,1,net demand for forecast,80804132|A672|C819|2026-01-09|net demand for forecast|019553
80804132,A672,C819,2026-01-09,1,net demand for forecast,80804132|A672|C819|2026-01-09|net demand for forecast|019554
80804132,A672,C819,2026-01-09,1,net demand for forecast,80804132|A672|C819|2026-01-09|net demand for forecast|019555
80804132,A672,C819,2026-01-09,1,net demand for forecast,80804132|A672|C819|2026-01-09|net demand for forecast|019556
80804132,A672,C819,2026-01-09,1,net demand for forecast,80804132|A672|C819|2026-01-09|net demand for forecast|019557
80804132,A672,C819,2026-01-09,1,net demand for forecast,80804132|A672|C819|2026-01-09|net demand for forecast|019558
80804132,A672,C819,2026-01-09,1,net demand for forecast,80804132|A672|C819|2026-01-09|net demand for forecast|019559
80804132,C810,D767,2026-01-09,1,net demand for forecast,80804132|C810|D767|2026-01-09|net demand for forecast|019564
80804132,C810,D767,2026-01-09,1,net demand for forecast,80804132|C810|D767|2026-01-09|net demand for forecast|019565
80804132,C810,D767,2026-01-09,1,net demand for forecast,80804132|C810|D767|2026-01-09|net demand for forecast|019566
80804132,C810,D767,2026-01-09,1,net demand for forecast,80804132|C810|D767|2026-01-09|net demand for forecast|019567
80804132,C816,E467,2026-01-09,1,net demand for safety,80804132|C816|E467|2026-01-09|net demand for safety|019568
80804132,C816,E569,2026-01-09,1,net demand for forecast,80804132|C816|E569|2026-01-09|net demand for forecast|019577
80804132,C816,E569,2026-01-09,1,net demand for forecast,80804132|C816|E569|2026-01-09|net demand for forecast|019578
80804132,C816,E569,2026-01-09,1,net demand for forecast,80804132|C816|E569|2026-01-09|net demand for forecast|019579
80804132,C816,E569,2026-01-09,1,net demand for forecast,80804132|C816|E569|2026-01-09|net demand for forecast|019580
80804132,C816,E569,2026-01-09,1,net demand for forecast,80804132|C816|E569|2026-01-09|net demand for forecast|019581
80804132,C816,E569,2026-01-09,1,net demand for forecast,80804132|C816|E569|2026-01-09|net demand for forecast|019582
80804132,C816,E569,2026-01-09,1,net demand for forecast,80804132|C816|E569|2026-01-09|net demand for forecast|019583
80804132,C816,E569,2026-01-09,11,net demand for safety,80804132|C816|E569|2026-01-09|net demand for safety|019584
80804133,C816,E569,2026-01-09,1,net demand for forecast,80804133|C816|E569|2026-01-09|net demand for forecast|019594
80804133,C816,E569,2026-01-09,1,net demand for forecast,80804133|C816|E569|2026-01-09|net demand for forecast|019595
80804133,C816,E569,2026-01-09,1,net demand for forecast,80804133|C816|E569|2026-01-09|net demand for forecast|019596
80804133,C816,E569,2026-01-09,1,net demand for forecast,80804133|C816|E569|2026-01-09|net demand for forecast|019597
80804133,C816,E569,2026-01-09,1,net demand for forecast,80804133|C816|E569|2026-01-09|net demand for forecast|019598
80804133,C816,E569,2026-01-09,1,net demand for forecast,80804133|C816|E569|2026-01-09|net demand for forecast|019599
80804133,C816,E569,2026-01-09,1,net demand for forecast,80804133|C816|E569|2026-01-09|net demand for forecast|019600
80804133,C816,E569,2026-01-09,8,net demand for safety,80804133|C816|E569|2026-01-09|net demand for safety|019601
80804134,C810,E295,2026-01-09,1,net demand for forecast,80804134|C810|E295|2026-01-09|net demand for forecast|019602
80804134,C810,E295,2026-01-09,1,net demand for forecast,80804134|C810|E295|2026-01-09|net demand for forecast|019603
80804134,C810,E295,2026-01-09,1,net demand for forecast,80804134|C810|E295|2026-01-09|net demand for forecast|019604
80804134,C810,E295,2026-01-09,1,net demand for forecast,80804134|C810|E295|2026-01-09|net demand for forecast|019605
80804134,C810,E295,2026-01-09,1,net demand for forecast,80804134|C810|E295|2026-01-09|net demand for forecast|019606
80804134,C810,E295,2026-01-09,1,net demand for forecast,80804134|C810|E295|2026-01-09|net demand for forecast|019607
80804134,C816,E569,2026-01-09,1,net demand for forecast,80804134|C816|E569|2026-01-09|net demand for forecast|019615
80804134,C816,E569,2026-01-09,1,net demand for forecast,80804134|C816|E569|2026-01-09|net demand for forecast|019616
80804134,C816,E569,2026-01-09,1,net demand for forecast,80804134|C816|E569|2026-01-09|net demand for forecast|019617
80804134,C816,E569,2026-01-09,1,net demand for forecast,80804134|C816|E569|2026-01-09|net demand for forecast|019618
80804134,C816,E569,2026-01-09,1,net demand for forecast,80804134|C816|E569|2026-01-09|net demand for forecast|019619
80804134,C816,E569,2026-01-09,1,net demand for forecast,80804134|C816|E569|2026-01-09|net demand for forecast|019620
80804134,C816,E569,2026-01-09,1,net demand for forecast,80804134|C816|E569|2026-01-09|net demand for forecast|019621
80804136,A672,C819,2026-01-09,1,net demand for forecast,80804136|A672|C819|2026-01-09|net demand for forecast|019664
80804136,A672,C819,2026-01-09,1,net demand for forecast,80804136|A672|C819|2026-01-09|net demand for forecast|019665
80804136,A672,C819,2026-01-09,2,net demand for forecast,80804136|A672|C819|2026-01-09|net demand for forecast|019666
80804136,A672,C819,2026-01-09,2,net demand for forecast,80804136|A672|C819|2026-01-09|net demand for forecast|019667
80804136,A672,C819,2026-01-09,2,net demand for forecast,80804136|A672|C819|2026-01-09|net demand for forecast|019668
80804136,A672,C819,2026-01-09,2,net demand for forecast,80804136|A672|C819|2026-01-09|net demand for forecast|019669
80804136,A672,C819,2026-01-09,2,net demand for forecast,80804136|A672|C819|2026-01-09|net demand for forecast|019670
80804136,A672,C819,2026-01-09,2,net demand for forecast,80804136|A672|C819|2026-01-09|net demand for forecast|019671
80804136,A672,E556,2026-01-09,1,net demand for forecast,80804136|A672|E556|2026-01-09|net demand for forecast|019672
80804136,A672,E556,2026-01-09,1,net demand for forecast,80804136|A672|E556|2026-01-09|net demand for forecast|019673
80804136,A672,E556,2026-01-09,1,net demand for forecast,80804136|A672|E556|2026-01-09|net demand for forecast|019674
80804136,A672,E556,2026-01-09,1,net demand for forecast,80804136|A672|E556|2026-01-09|net demand for forecast|019675
80804136,A672,E556,2026-01-09,1,net demand for forecast,80804136|A672|E556|2026-01-09|net demand for forecast|019676
80804136,C816,D191,2026-01-09,1,net demand for AO,80804136|C816|D191|2026-01-09|net demand for AO|019681
80804136,C816,D191,2026-01-09,1,net demand for AO,80804136|C816|D191|2026-01-09|net demand for AO|019682
80804136,C816,D191,2026-01-09,1,net demand for AO,80804136|C816|D191|2026-01-09|net demand for AO|019683
80804136,C816,D191,2026-01-09,1,net demand for AO,80804136|C816|D191|2026-01-09|net demand for AO|019684
80804136,C816,D191,2026-01-09,1,net demand for forecast,80804136|C816|D191|2026-01-09|net demand for forecast|019685
80804136,C816,D191,2026-01-09,1,net demand for forecast,80804136|C816|D191|2026-01-09|net demand for forecast|019686
80804137,C816,E569,2026-01-09,1,net demand for forecast,80804137|C816|E569|2026-01-09|net demand for forecast|019687
80804137,C816,E569,2026-01-09,1,net demand for forecast,80804137|C816|E569|2026-01-09|net demand for forecast|019688
80804137,C816,E569,2026-01-09,1,net demand for forecast,80804137|C816|E569|2026-01-09|net demand for forecast|019689
80804137,C816,E569,2026-01-09,1,net demand for forecast,80804137|C816|E569|2026-01-09|net demand for forecast|019690
80804137,C816,E569,2026-01-09,1,net demand for forecast,80804137|C816|E569|2026-01-09|net demand for forecast|019691
80804137,C816,E569,2026-01-09,1,net demand for forecast,80804137|C816|E569|2026-01-09|net demand for forecast|019692
80804138,A672,E556,2026-01-09,1,net demand for forecast,80804138|A672|E556|2026-01-09|net demand for forecast|019693
80804138,A672,E556,2026-01-09,1,net demand for forecast,80804138|A672|E556|2026-01-09|net demand for forecast|019694
80804138,A672,E556,2026-01-09,1,net demand for forecast,80804138|A672|E556|2026-01-09|net demand for forecast|019695
80804138,A672,E556,2026-01-09,1,net demand for forecast,80804138|A672|E556|2026-01-09|net demand for forecast|019696
80804138,A672,E556,2026-01-09,1,net demand for forecast,80804138|A672|E556|2026-01-09|net demand for forecast|019697
80804701,C816,A668,2026-01-09,3,net demand for safety,80804701|C816|A668|2026-01-09|net demand for safety|019706
80804701,C816,A672,2026-01-09,5,net demand for forecast,80804701|C816|A672|2026-01-09|net demand for forecast|019707
80804701,C816,A672,2026-01-09,5,net demand for forecast,80804701|C816|A672|2026-01-09|net demand for forecast|019708
80804701,C816,A672,2026-01-09,6,net demand for forecast,80804701|C816|A672|2026-01-09|net demand for forecast|019709
80804701,C816,A672,2026-01-09,6,net demand for forecast,80804701|C816|A672|2026-01-09|net demand for forecast|019710
80804701,C816,A672,2026-01-09,6,net demand for forecast,80804701|C816|A672|2026-01-09|net demand for forecast|019711
80804701,C816,A672,2026-01-09,6,net demand for forecast,80804701|C816|A672|2026-01-09|net demand for forecast|019712
80804701,C816,A672,2026-01-09,6,net demand for forecast,80804701|C816|A672|2026-01-09|net demand for forecast|019713
80804701,C816,A673,2026-01-09,7,net demand for forecast,80804701|C816|A673|2026-01-09|net demand for forecast|019714
80804701,C816,A673,2026-01-09,7,net demand for forecast,80804701|C816|A673|2026-01-09|net demand for forecast|019715
80804701,C816,A673,2026-01-09,9,net demand for forecast,80804701|C816|A673|2026-01-09|net demand for forecast|019716
80804701,C816,A673,2026-01-09,9,net demand for forecast,80804701|C816|A673|2026-01-09|net demand for forecast|019717
80804701,C816,A673,2026-01-09,9,net demand for forecast,80804701|C816|A673|2026-01-09|net demand for forecast|019718
80804701,C816,A673,2026-01-09,9,net demand for forecast,80804701|C816|A673|2026-01-09|net demand for forecast|019719
80804701,C816,A673,2026-01-09,1,net demand for net demand for forecast,80804701|C816|A673|2026-01-09|net demand for net demand for forecast|019720
80804701,C816,A673,2026-01-09,1,net demand for net demand for forecast,80804701|C816|A673|2026-01-09|net demand for net demand for forecast|019721
80804701,C816,A673,2026-01-09,1,net demand for net demand for forecast,80804701|C816|A673|2026-01-09|net demand for net demand for forecast|019722
80804701,C816,A673,2026-01-09,1,net demand for net demand for forecast,80804701|C816|A673|2026-01-09|net demand for net demand for forecast|019723
80804701,C816,A673,2026-01-09,18,net demand for safety,80804701|C816|A673|2026-01-09|net demand for safety|019724
80804703,C816,A672,2026-01-09,1,net demand for forecast,80804703|C816|A672|2026-01-09|net demand for forecast|019737
80804703,C816,A672,2026-01-09,1,net demand for forecast,80804703|C816|A672|2026-01-09|net demand for forecast|019738
80804703,C816,A672,2026-01-09,2,net demand for forecast,80804703|C816|A672|2026-01-09|net demand for forecast|019739
80804703,C816,A672,2026-01-09,2,net demand for forecast,80804703|C816|A672|2026-01-09|net demand for forecast|019740
80804703,C816,A672,2026-01-09,2,net demand for forecast,80804703|C816|A672|2026-01-09|net demand for forecast|019741
80804703,C816,A672,2026-01-09,2,net demand for forecast,80804703|C816|A672|2026-01-09|net demand for forecast|019742
80804703,C816,A672,2026-01-09,2,net demand for forecast,80804703|C816|A672|2026-01-09|net demand for forecast|019743
80804703,C816,A672,2026-01-09,2,net demand for normal,80804703|C816|A672|2026-01-09|net demand for normal|019744
80804703,C816,A673,2026-01-09,21,net demand for net demand for safety,80804703|C816|A673|2026-01-09|net demand for net demand for safety|019745
80804704,C810,E295,2026-01-09,1,net demand for forecast,80804704|C810|E295|2026-01-09|net demand for forecast|019762
80804704,C810,E295,2026-01-09,1,net demand for forecast,80804704|C810|E295|2026-01-09|net demand for forecast|019763
80804704,C810,E295,2026-01-09,1,net demand for forecast,80804704|C810|E295|2026-01-09|net demand for forecast|019764
80804704,C810,E295,2026-01-09,1,net demand for forecast,80804704|C810|E295|2026-01-09|net demand for forecast|019765
80804704,C810,E295,2026-01-09,1,net demand for forecast,80804704|C810|E295|2026-01-09|net demand for forecast|019766
80804704,C810,E295,2026-01-09,1,net demand for forecast,80804704|C810|E295|2026-01-09|net demand for forecast|019767
80804704,C810,E295,2026-01-09,1,net demand for forecast,80804704|C810|E295|2026-01-09|net demand for forecast|019768
80804704,C810,E295,2026-01-09,9,net demand for safety,80804704|C810|E295|2026-01-09|net demand for safety|019769
80804704,C816,A668,2026-01-09,1,net demand for forecast,80804704|C816|A668|2026-01-09|net demand for forecast|019770
80804704,C816,A668,2026-01-09,1,net demand for forecast,80804704|C816|A668|2026-01-09|net demand for forecast|019771
80804704,C816,A668,2026-01-09,1,net demand for forecast,80804704|C816|A668|2026-01-09|net demand for forecast|019772
80804704,C816,A668,2026-01-09,2,net demand for forecast,80804704|C816|A668|2026-01-09|net demand for forecast|019773
80804704,C816,A668,2026-01-09,2,net demand for forecast,80804704|C816|A668|2026-01-09|net demand for forecast|019774
80804704,C816,A668,2026-01-09,2,net demand for forecast,80804704|C816|A668|2026-01-09|net demand for forecast|019775
80804704,C816,A672,2026-01-09,3,net demand for AO,80804704|C816|A672|2026-01-09|net demand for AO|019776
80804704,C816,A672,2026-01-09,14,net demand for AO,80804704|C816|A672|2026-01-09|net demand for AO|019777
80804704,C816,A672,2026-01-09,20,net demand for AO,80804704|C816|A672|2026-01-09|net demand for AO|019778
80804704,C816,A672,2026-01-09,20,net demand for AO,80804704|C816|A672|2026-01-09|net demand for AO|019779
80804704,C816,A672,2026-01-09,3,net demand for forecast,80804704|C816|A672|2026-01-09|net demand for forecast|019780
80804704,C816,A672,2026-01-09,6,net demand for forecast,80804704|C816|A672|2026-01-09|net demand for forecast|019781
80804704,C816,A672,2026-01-09,7,net demand for forecast,80804704|C816|A672|2026-01-09|net demand for forecast|019782
80804704,C816,A672,2026-01-09,7,net demand for forecast,80804704|C816|A672|2026-01-09|net demand for forecast|019783
80804704,C816,A672,2026-01-09,7,net demand for forecast,80804704|C816|A672|2026-01-09|net demand for forecast|019784
80804704,C816,A672,2026-01-09,7,net demand for forecast,80804704|C816|A672|2026-01-09|net demand for forecast|019785
80804704,C816,A673,2026-01-09,1,net demand for AO,80804704|C816|A673|2026-01-09|net demand for AO|019786
80804704,C816,A673,2026-01-09,3,net demand for AO,80804704|C816|A673|2026-01-09|net demand for AO|019787
80804704,C816,A673,2026-01-09,3,net demand for AO,80804704|C816|A673|2026-01-09|net demand for AO|019788
80804704,C816,A673,2026-01-09,3,net demand for AO,80804704|C816|A673|2026-01-09|net demand for AO|019789
80804704,C816,A673,2026-01-09,1,net demand for forecast,80804704|C816|A673|2026-01-09|net demand for forecast|019790
80804704,C816,A673,2026-01-09,2,net demand for forecast,80804704|C816|A673|2026-01-09|net demand for forecast|019791
80804704,C816,A673,2026-01-09,2,net demand for forecast,80804704|C816|A673|2026-01-09|net demand for forecast|019792
80804704,C816,A673,2026-01-09,2,net demand for forecast,80804704|C816|A673|2026-01-09|net demand for forecast|019793
80804704,C816,A673,2026-01-09,2,net demand for forecast,80804704|C816|A673|2026-01-09|net demand for forecast|019794
80804705,C810,D767,2026-01-09,3,net demand for forecast,80804705|C810|D767|2026-01-09|net demand for forecast|019812
80804705,C810,D767,2026-01-09,4,net demand for forecast,80804705|C810|D767|2026-01-09|net demand for forecast|019813
80804705,C810,D767,2026-01-09,4,net demand for forecast,80804705|C810|D767|2026-01-09|net demand for forecast|019814
80804705,C810,D767,2026-01-09,4,net demand for forecast,80804705|C810|D767|2026-01-09|net demand for forecast|019815
80804705,C816,A668,2026-01-09,7,net demand for normal,80804705|C816|A668|2026-01-09|net demand for normal|019816
80804705,C816,A673,2026-01-09,4,net demand for AO,80804705|C816|A673|2026-01-09|net demand for AO|019817
80804705,C816,A673,2026-01-09,7,net demand for AO,80804705|C816|A673|2026-01-09|net demand for AO|019818
80804705,C816,A673,2026-01-09,9,net demand for AO,80804705|C816|A673|2026-01-09|net demand for AO|019819
80804705,C816,A673,2026-01-09,10,net demand for AO,80804705|C816|A673|2026-01-09|net demand for AO|019820
80804705,C816,C563,2026-01-09,3,net demand for normal,80804705|C816|C563|2026-01-09|net demand for normal|019821
80804706,C816,A672,2026-01-09,3,net demand for forecast,80804706|C816|A672|2026-01-09|net demand for forecast|019823
80804706,C816,A672,2026-01-09,3,net demand for forecast,80804706|C816|A672|2026-01-09|net demand for forecast|019824
80804706,C816,A672,2026-01-09,4,net demand for forecast,80804706|C816|A672|2026-01-09|net demand for forecast|019825
80804706,C816,A672,2026-01-09,4,net demand for forecast,80804706|C816|A672|2026-01-09|net demand for forecast|019826
80804706,C816,A672,2026-01-09,4,net demand for forecast,80804706|C816|A672|2026-01-09|net demand for forecast|019827
80804706,C816,A672,2026-01-09,4,net demand for forecast,80804706|C816|A672|2026-01-09|net demand for forecast|019828
80804706,C816,A672,2026-01-09,4,net demand for forecast,80804706|C816|A672|2026-01-09|net demand for forecast|019829
80804706,C816,A672,2026-01-09,3,net demand for normal,80804706|C816|A672|2026-01-09|net demand for normal|019830
80804706,C816,A673,2026-01-09,1,net demand for net demand for forecast,80804706|C816|A673|2026-01-09|net demand for net demand for forecast|019831
80804706,C816,A673,2026-01-09,1,net demand for net demand for forecast,80804706|C816|A673|2026-01-09|net demand for net demand for forecast|019832
80804706,C816,A673,2026-01-09,1,net demand for net demand for forecast,80804706|C816|A673|2026-01-09|net demand for net demand for forecast|019833
80804706,C816,A673,2026-01-09,1,net demand for net demand for forecast,80804706|C816|A673|2026-01-09|net demand for net demand for forecast|019834
80804706,C816,A673,2026-01-09,21,net demand for net demand for safety,80804706|C816|A673|2026-01-09|net demand for net demand for safety|019835
80807089,A672,E556,2026-01-09,1,net demand for safety,80807089|A672|E556|2026-01-09|net demand for safety|019844
80807089,C816,A668,2026-01-09,1,net demand for forecast,80807089|C816|A668|2026-01-09|net demand for forecast|019845
80807089,C816,A668,2026-01-09,1,net demand for forecast,80807089|C816|A668|2026-01-09|net demand for forecast|019846
80807089,C816,A668,2026-01-09,1,net demand for forecast,80807089|C816|A668|2026-01-09|net demand for forecast|019847
80807089,C816,A668,2026-01-09,1,net demand for forecast,80807089|C816|A668|2026-01-09|net demand for forecast|019848
80807089,C816,A668,2026-01-09,1,net demand for forecast,80807089|C816|A668|2026-01-09|net demand for forecast|019849
80807089,C816,A668,2026-01-09,1,net demand for forecast,80807089|C816|A668|2026-01-09|net demand for forecast|019850
80807091,A672,E556,2026-01-09,1,net demand for forecast,80807091|A672|E556|2026-01-09|net demand for forecast|019852
80807091,A672,E556,2026-01-09,1,net demand for forecast,80807091|A672|E556|2026-01-09|net demand for forecast|019853
80807091,A672,E556,2026-01-09,1,net demand for forecast,80807091|A672|E556|2026-01-09|net demand for forecast|019854
80807091,A672,E556,2026-01-09,1,net demand for forecast,80807091|A672|E556|2026-01-09|net demand for forecast|019855
80807091,A672,E556,2026-01-09,1,net demand for forecast,80807091|A672|E556|2026-01-09|net demand for forecast|019856
80807093,C816,A673,2026-01-09,1,net demand for net demand for safety,80807093|C816|A673|2026-01-09|net demand for net demand for safety|019868
80807093,C816,A673,2026-01-09,11,net demand for safety,80807093|C816|A673|2026-01-09|net demand for safety|019869
80807095,A672,E556,2026-01-09,1,net demand for forecast,80807095|A672|E556|2026-01-09|net demand for forecast|019871
80807095,A672,E556,2026-01-09,1,net demand for forecast,80807095|A672|E556|2026-01-09|net demand for forecast|019872
80807095,A672,E556,2026-01-09,2,net demand for forecast,80807095|A672|E556|2026-01-09|net demand for forecast|019873
80807095,A672,E556,2026-01-09,2,net demand for forecast,80807095|A672|E556|2026-01-09|net demand for forecast|019874
80807095,A672,E556,2026-01-09,2,net demand for forecast,80807095|A672|E556|2026-01-09|net demand for forecast|019875
80807095,A672,E556,2026-01-09,1,net demand for normal,80807095|A672|E556|2026-01-09|net demand for normal|019876
80807100,C816,E569,2026-01-09,9,net demand for safety,80807100|C816|E569|2026-01-09|net demand for safety|019906
80807110,C816,E569,2026-01-09,11,net demand for safety,80807110|C816|E569|2026-01-09|net demand for safety|019929
80807112,A672,E556,2026-01-09,1,net demand for safety,80807112|A672|E556|2026-01-09|net demand for safety|019930
80807112,C816,E569,2026-01-09,11,net demand for safety,80807112|C816|E569|2026-01-09|net demand for safety|019933
80807113,A672,C819,2026-01-09,1,net demand for safety,80807113|A672|C819|2026-01-09|net demand for safety|019936
80807113,A672,E556,2026-01-09,1,net demand for safety,80807113|A672|E556|2026-01-09|net demand for safety|019937
80807113,C816,E569,2026-01-09,1,net demand for safety,80807113|C816|E569|2026-01-09|net demand for safety|019940
80807115,A672,C819,2026-01-09,1,net demand for AO,80807115|A672|C819|2026-01-09|net demand for AO|019945
80807115,A672,C819,2026-01-09,2,net demand for AO,80807115|A672|C819|2026-01-09|net demand for AO|019946
80807115,A672,C819,2026-01-09,4,net demand for AO,80807115|A672|C819|2026-01-09|net demand for AO|019947
80807116,C816,D191,2026-01-09,1,net demand for forecast,80807116|C816|D191|2026-01-09|net demand for forecast|020047
80807116,C816,D191,2026-01-09,2,net demand for forecast,80807116|C816|D191|2026-01-09|net demand for forecast|020048
80807118,A672,C819,2026-01-09,2,net demand for safety,80807118|A672|C819|2026-01-09|net demand for safety|020051
80807118,A672,E556,2026-01-09,7,net demand for safety,80807118|A672|E556|2026-01-09|net demand for safety|020052
80807118,C816,E569,2026-01-09,2,net demand for safety,80807118|C816|E569|2026-01-09|net demand for safety|020055
80807119,A672,E556,2026-01-09,3,net demand for safety,80807119|A672|E556|2026-01-09|net demand for safety|020056
80807120,A672,C819,2026-01-09,17,net demand for safety,80807120|A672|C819|2026-01-09|net demand for safety|020057
80807120,C816,C563,2026-01-09,5,net demand for safety,80807120|C816|C563|2026-01-09|net demand for safety|020063
80807120,C816,E569,2026-01-09,2,net demand for safety,80807120|C816|E569|2026-01-09|net demand for safety|020065
80812840,C810,D767,2026-01-09,8,net demand for forecast,80812840|C810|D767|2026-01-09|net demand for forecast|020077
80812840,C810,D767,2026-01-09,8,net demand for forecast,80812840|C810|D767|2026-01-09|net demand for forecast|020078
80812840,C810,D767,2026-01-09,9,net demand for forecast,80812840|C810|D767|2026-01-09|net demand for forecast|020079
80812840,C810,D767,2026-01-09,9,net demand for forecast,80812840|C810|D767|2026-01-09|net demand for forecast|020080
80812840,C810,D767,2026-01-09,2,net demand for normal,80812840|C810|D767|2026-01-09|net demand for normal|020081
80812840,C810,D767,2026-01-09,44,net demand for safety,80812840|C810|D767|2026-01-09|net demand for safety|020082
80812841,A672,E568,2026-01-09,1,net demand for normal,80812841|A672|E568|2026-01-09|net demand for normal|020084
80812841,C810,D767,2026-01-09,2,net demand for forecast,80812841|C810|D767|2026-01-09|net demand for forecast|020092
80812841,C810,D767,2026-01-09,2,net demand for forecast,80812841|C810|D767|2026-01-09|net demand for forecast|020093
80812841,C810,D767,2026-01-09,2,net demand for forecast,80812841|C810|D767|2026-01-09|net demand for forecast|020094
80812841,C810,D767,2026-01-09,2,net demand for forecast,80812841|C810|D767|2026-01-09|net demand for forecast|020095
80812841,C816,E569,2026-01-09,1,net demand for forecast,80812841|C816|E569|2026-01-09|net demand for forecast|020103
80812841,C816,E569,2026-01-09,1,net demand for forecast,80812841|C816|E569|2026-01-09|net demand for forecast|020104
80812841,C816,E569,2026-01-09,1,net demand for forecast,80812841|C816|E569|2026-01-09|net demand for forecast|020105
80812841,C816,E569,2026-01-09,2,net demand for forecast,80812841|C816|E569|2026-01-09|net demand for forecast|020106
80812841,C816,E569,2026-01-09,2,net demand for forecast,80812841|C816|E569|2026-01-09|net demand for forecast|020107
80812841,C816,E569,2026-01-09,2,net demand for forecast,80812841|C816|E569|2026-01-09|net demand for forecast|020108
80812841,C816,E569,2026-01-09,2,net demand for forecast,80812841|C816|E569|2026-01-09|net demand for forecast|020109
80812845,A672,C819,2026-01-09,1,net demand for AO,80812845|A672|C819|2026-01-09|net demand for AO|020110
80812845,A672,C819,2026-01-09,1,net demand for AO,80812845|A672|C819|2026-01-09|net demand for AO|020111
80812845,A672,C819,2026-01-09,1,net demand for AO,80812845|A672|C819|2026-01-09|net demand for AO|020112
80812845,A672,C819,2026-01-09,2,net demand for AO,80812845|A672|C819|2026-01-09|net demand for AO|020113
80812845,A672,C819,2026-01-09,1,net demand for forecast,80812845|A672|C819|2026-01-09|net demand for forecast|020114
80812845,A672,C819,2026-01-09,1,net demand for forecast,80812845|A672|C819|2026-01-09|net demand for forecast|020115
80812845,A672,C819,2026-01-09,1,net demand for forecast,80812845|A672|C819|2026-01-09|net demand for forecast|020116
80812845,A672,C819,2026-01-09,2,net demand for forecast,80812845|A672|C819|2026-01-09|net demand for forecast|020117
80812845,A672,C819,2026-01-09,2,net demand for forecast,80812845|A672|C819|2026-01-09|net demand for forecast|020118
80812845,A672,C819,2026-01-09,2,net demand for forecast,80812845|A672|C819|2026-01-09|net demand for forecast|020119
80812845,A672,C819,2026-01-09,2,net demand for forecast,80812845|A672|C819|2026-01-09|net demand for forecast|020120
80812845,A672,E556,2026-01-09,1,net demand for forecast,80812845|A672|E556|2026-01-09|net demand for forecast|020121
80812845,A672,E556,2026-01-09,2,net demand for forecast,80812845|A672|E556|2026-01-09|net demand for forecast|020122
80812845,A672,E556,2026-01-09,2,net demand for forecast,80812845|A672|E556|2026-01-09|net demand for forecast|020123
80812845,A672,E556,2026-01-09,2,net demand for forecast,80812845|A672|E556|2026-01-09|net demand for forecast|020124
80812845,A672,E556,2026-01-09,2,net demand for forecast,80812845|A672|E556|2026-01-09|net demand for forecast|020125
80812846,A672,E556,2026-01-09,2,net demand for safety,80812846|A672|E556|2026-01-09|net demand for safety|020126
80812846,A672,E568,2026-01-09,2,net demand for safety,80812846|A672|E568|2026-01-09|net demand for safety|020127
80839736,A672,E556,2026-01-09,19,net demand for normal,80839736|A672|E556|2026-01-09|net demand for normal|020128
80848022,C810,D767,2026-01-09,1,net demand for forecast,80848022|C810|D767|2026-01-09|net demand for forecast|020136
80848022,C810,D767,2026-01-09,1,net demand for forecast,80848022|C810|D767|2026-01-09|net demand for forecast|020137
80848022,C810,D767,2026-01-09,1,net demand for forecast,80848022|C810|D767|2026-01-09|net demand for forecast|020138
80848022,C810,D767,2026-01-09,1,net demand for forecast,80848022|C810|D767|2026-01-09|net demand for forecast|020139
80848022,C816,E467,2026-01-09,1,net demand for safety,80848022|C816|E467|2026-01-09|net demand for safety|020140
80848022,C816,E569,2026-01-09,2,net demand for safety,80848022|C816|E569|2026-01-09|net demand for safety|020141
80848023,C816,D767,2026-01-09,1,net demand for forecast,80848023|C816|D767|2026-01-09|net demand for forecast|020152
80848023,C816,D767,2026-01-09,1,net demand for forecast,80848023|C816|D767|2026-01-09|net demand for forecast|020153
80848023,C816,D767,2026-01-09,1,net demand for forecast,80848023|C816|D767|2026-01-09|net demand for forecast|020154
80848023,C816,D767,2026-01-09,1,net demand for forecast,80848023|C816|D767|2026-01-09|net demand for forecast|020155
80848029,C810,E295,2026-01-09,1,net demand for forecast,80848029|C810|E295|2026-01-09|net demand for forecast|020296
80848029,C810,E295,2026-01-09,1,net demand for forecast,80848029|C810|E295|2026-01-09|net demand for forecast|020297
80848029,C810,E295,2026-01-09,1,net demand for forecast,80848029|C810|E295|2026-01-09|net demand for forecast|020298
80848029,C810,E295,2026-01-09,1,net demand for forecast,80848029|C810|E295|2026-01-09|net demand for forecast|020299
80848029,C810,E295,2026-01-09,1,net demand for forecast,80848029|C810|E295|2026-01-09|net demand for forecast|020300
80848029,C810,E295,2026-01-09,1,net demand for forecast,80848029|C810|E295|2026-01-09|net demand for forecast|020301
80851898,C816,D767,2026-01-09,1,net demand for safety,80851898|C816|D767|2026-01-09|net demand for safety|020302
80884846,C816,A668,2026-01-09,1,net demand for safety,80884846|C816|A668|2026-01-09|net demand for safety|020406
80884846,C816,A673,2026-01-09,4,net demand for safety,80884846|C816|A673|2026-01-09|net demand for safety|020407
80884848,C816,A668,2026-01-09,1,net demand for safety,80884848|C816|A668|2026-01-09|net demand for safety|020408
80885920,C816,A668,2026-01-09,1,net demand for forecast,80885920|C816|A668|2026-01-09|net demand for forecast|020409
80885920,C816,A668,2026-01-09,1,net demand for forecast,80885920|C816|A668|2026-01-09|net demand for forecast|020410
80885920,C816,A668,2026-01-09,1,net demand for forecast,80885920|C816|A668|2026-01-09|net demand for forecast|020411
80885920,C816,A668,2026-01-09,1,net demand for forecast,80885920|C816|A668|2026-01-09|net demand for forecast|020412
80885920,C816,A668,2026-01-09,1,net demand for forecast,80885920|C816|A668|2026-01-09|net demand for forecast|020413
80885920,C816,A668,2026-01-09,1,net demand for forecast,80885920|C816|A668|2026-01-09|net demand for forecast|020414
80885920,C816,A668,2026-01-09,10,net demand for safety,80885920|C816|A668|2026-01-09|net demand for safety|020415
80885920,C816,A672,2026-01-09,5,net demand for forecast,80885920|C816|A672|2026-01-09|net demand for forecast|020416
80885920,C816,A672,2026-01-09,5,net demand for forecast,80885920|C816|A672|2026-01-09|net demand for forecast|020417
80885920,C816,A672,2026-01-09,5,net demand for forecast,80885920|C816|A672|2026-01-09|net demand for forecast|020418
80885920,C816,A672,2026-01-09,5,net demand for forecast,80885920|C816|A672|2026-01-09|net demand for forecast|020419
80885920,C816,A672,2026-01-09,5,net demand for forecast,80885920|C816|A672|2026-01-09|net demand for forecast|020420
80885920,C816,A672,2026-01-09,5,net demand for forecast,80885920|C816|A672|2026-01-09|net demand for forecast|020421
80885920,C816,A672,2026-01-09,5,net demand for forecast,80885920|C816|A672|2026-01-09|net demand for forecast|020422
80885920,C816,A673,2026-01-09,9,net demand for safety,80885920|C816|A673|2026-01-09|net demand for safety|020423
