transit_uid,date,material,sending,receiving,actual_ship_date,actual_delivery_date,quantity,ori_deployment_uid,vehicle_uid
21291975|0386|A672|2025-12-19|net demand for normal|000274_transit_20251219-0386-A672-Train-#1,2025-12-25,21291975,0386,A672,2025-12-19,2025-12-26,59,21291975|0386|A672|2025-12-19|net demand for normal|000274,20251219-0386-A672-Train-#1
21301637|0386|A672|2025-12-19|net demand for normal|000361_transit_20251219-0386-A672-Train-#1,2025-12-25,21301637,0386,A672,2025-12-19,2025-12-26,35,21301637|0386|A672|2025-12-19|net demand for normal|000361,20251219-0386-A672-Train-#1
21357021|0386|A672|2025-12-19|net demand for normal|000502_transit_20251219-0386-A672-Train-#1,2025-12-25,21357021,0386,A672,2025-12-19,2025-12-26,79,21357021|0386|A672|2025-12-19|net demand for normal|000502,20251219-0386-A672-Train-#1
21416910|0386|A672|2025-12-19|net demand for normal|000685_transit_20251219-0386-A672-Train-#1,2025-12-25,21416910,0386,A672,2025-12-19,2025-12-26,67,21416910|0386|A672|2025-12-19|net demand for normal|000685,20251219-0386-A672-Train-#1
21291975|0386|A672|2025-12-19|net demand for forecast|000262_transit_20251219-0386-A672-Train-#1,2025-12-25,21291975,0386,A672,2025-12-19,2025-12-26,14,21291975|0386|A672|2025-12-19|net demand for forecast|000262,20251219-0386-A672-Train-#1
21291975|0386|A672|2025-12-19|net demand for forecast|000263_transit_20251219-0386-A672-Train-#1,2025-12-25,21291975,0386,A672,2025-12-19,2025-12-26,14,21291975|0386|A672|2025-12-19|net demand for forecast|000263,20251219-0386-A672-Train-#1
21291975|0386|A672|2025-12-19|net demand for forecast|000264_transit_20251219-0386-A672-Train-#1,2025-12-25,21291975,0386,A672,2025-12-19,2025-12-26,14,21291975|0386|A672|2025-12-19|net demand for forecast|000264,20251219-0386-A672-Train-#1
21291975|0386|A672|2025-12-19|net demand for forecast|000265_transit_20251219-0386-A672-Train-#1,2025-12-25,21291975,0386,A672,2025-12-19,2025-12-26,27,21291975|0386|A672|2025-12-19|net demand for forecast|000265,20251219-0386-A672-Train-#1
21291975|0386|A672|2025-12-19|net demand for forecast|000266_transit_20251219-0386-A672-Train-#1,2025-12-25,21291975,0386,A672,2025-12-19,2025-12-26,27,21291975|0386|A672|2025-12-19|net demand for forecast|000266,20251219-0386-A672-Train-#1
21291975|0386|A672|2025-12-19|net demand for forecast|000267_transit_20251219-0386-A672-Train-#1,2025-12-25,21291975,0386,A672,2025-12-19,2025-12-26,28,21291975|0386|A672|2025-12-19|net demand for forecast|000267,20251219-0386-A672-Train-#1
21291975|0386|A672|2025-12-19|net demand for forecast|000268_transit_20251219-0386-A672-Train-#1,2025-12-25,21291975,0386,A672,2025-12-19,2025-12-26,28,21291975|0386|A672|2025-12-19|net demand for forecast|000268,20251219-0386-A672-Train-#1
21291975|0386|A672|2025-12-19|net demand for forecast|000269_transit_20251219-0386-A672-Train-#1,2025-12-25,21291975,0386,A672,2025-12-19,2025-12-26,28,21291975|0386|A672|2025-12-19|net demand for forecast|000269,20251219-0386-A672-Train-#1
21291975|0386|A672|2025-12-19|net demand for forecast|000270_transit_20251219-0386-A672-Train-#1,2025-12-25,21291975,0386,A672,2025-12-19,2025-12-26,28,21291975|0386|A672|2025-12-19|net demand for forecast|000270,20251219-0386-A672-Train-#1
21291975|0386|A672|2025-12-19|net demand for forecast|000271_transit_20251219-0386-A672-Train-#1,2025-12-25,21291975,0386,A672,2025-12-19,2025-12-26,28,21291975|0386|A672|2025-12-19|net demand for forecast|000271,20251219-0386-A672-Train-#1
21291975|0386|A672|2025-12-19|net demand for forecast|000272_transit_20251219-0386-A672-Train-#1,2025-12-25,21291975,0386,A672,2025-12-19,2025-12-26,31,21291975|0386|A672|2025-12-19|net demand for forecast|000272,20251219-0386-A672-Train-#1
21291975|0386|A672|2025-12-19|net demand for forecast|000273_transit_20251219-0386-A672-Train-#1,2025-12-25,21291975,0386,A672,2025-12-19,2025-12-26,31,21291975|0386|A672|2025-12-19|net demand for forecast|000273,20251219-0386-A672-Train-#1
21301637|0386|A672|2025-12-19|net demand for forecast|000349_transit_20251219-0386-A672-Train-#1,2025-12-25,21301637,0386,A672,2025-12-19,2025-12-26,18,21301637|0386|A672|2025-12-19|net demand for forecast|000349,20251219-0386-A672-Train-#1
21301637|0386|A672|2025-12-19|net demand for forecast|000350_transit_20251219-0386-A672-Train-#1,2025-12-25,21301637,0386,A672,2025-12-19,2025-12-26,18,21301637|0386|A672|2025-12-19|net demand for forecast|000350,20251219-0386-A672-Train-#1
21301637|0386|A672|2025-12-19|net demand for forecast|000351_transit_20251219-0386-A672-Train-#1,2025-12-25,21301637,0386,A672,2025-12-19,2025-12-26,18,21301637|0386|A672|2025-12-19|net demand for forecast|000351,20251219-0386-A672-Train-#1
21301637|0386|A672|2025-12-19|net demand for forecast|000352_transit_20251219-0386-A672-Train-#1,2025-12-25,21301637,0386,A672,2025-12-19,2025-12-26,35,21301637|0386|A672|2025-12-19|net demand for forecast|000352,20251219-0386-A672-Train-#1
21301637|0386|A672|2025-12-19|net demand for forecast|000353_transit_20251219-0386-A672-Train-#1,2025-12-25,21301637,0386,A672,2025-12-19,2025-12-26,35,21301637|0386|A672|2025-12-19|net demand for forecast|000353,20251219-0386-A672-Train-#1
21301637|0386|A672|2025-12-19|net demand for forecast|000354_transit_20251219-0386-A672-Train-#1,2025-12-25,21301637,0386,A672,2025-12-19,2025-12-26,36,21301637|0386|A672|2025-12-19|net demand for forecast|000354,20251219-0386-A672-Train-#1
21301637|0386|A672|2025-12-19|net demand for forecast|000355_transit_20251219-0386-A672-Train-#1,2025-12-25,21301637,0386,A672,2025-12-19,2025-12-26,36,21301637|0386|A672|2025-12-19|net demand for forecast|000355,20251219-0386-A672-Train-#1
21301637|0386|A672|2025-12-19|net demand for forecast|000356_transit_20251219-0386-A672-Train-#1,2025-12-25,21301637,0386,A672,2025-12-19,2025-12-26,36,21301637|0386|A672|2025-12-19|net demand for forecast|000356,20251219-0386-A672-Train-#1
21301637|0386|A672|2025-12-19|net demand for forecast|000357_transit_20251219-0386-A672-Train-#1,2025-12-25,21301637,0386,A672,2025-12-19,2025-12-26,36,21301637|0386|A672|2025-12-19|net demand for forecast|000357,20251219-0386-A672-Train-#1
21301637|0386|A672|2025-12-19|net demand for forecast|000358_transit_20251219-0386-A672-Train-#1,2025-12-25,21301637,0386,A672,2025-12-19,2025-12-26,36,21301637|0386|A672|2025-12-19|net demand for forecast|000358,20251219-0386-A672-Train-#1
21301637|0386|A672|2025-12-19|net demand for forecast|000359_transit_20251219-0386-A672-Train-#1,2025-12-25,21301637,0386,A672,2025-12-19,2025-12-26,40,21301637|0386|A672|2025-12-19|net demand for forecast|000359,20251219-0386-A672-Train-#1
21301637|0386|A672|2025-12-19|net demand for forecast|000360_transit_20251219-0386-A672-Train-#1,2025-12-25,21301637,0386,A672,2025-12-19,2025-12-26,40,21301637|0386|A672|2025-12-19|net demand for forecast|000360,20251219-0386-A672-Train-#1
21357021|0386|A672|2025-12-19|net demand for forecast|000490_transit_20251219-0386-A672-Train-#1,2025-12-25,21357021,0386,A672,2025-12-19,2025-12-26,80,21357021|0386|A672|2025-12-19|net demand for forecast|000490,20251219-0386-A672-Train-#1
21357021|0386|A672|2025-12-19|net demand for forecast|000491_transit_20251219-0386-A672-Train-#1,2025-12-25,21357021,0386,A672,2025-12-19,2025-12-26,80,21357021|0386|A672|2025-12-19|net demand for forecast|000491,20251219-0386-A672-Train-#1
21357021|0386|A672|2025-12-19|net demand for forecast|000492_transit_20251219-0386-A672-Train-#1,2025-12-25,21357021,0386,A672,2025-12-19,2025-12-26,81,21357021|0386|A672|2025-12-19|net demand for forecast|000492,20251219-0386-A672-Train-#1
21357021|0386|A672|2025-12-19|net demand for forecast|000493_transit_20251219-0386-A672-Train-#1,2025-12-25,21357021,0386,A672,2025-12-19,2025-12-26,187,21357021|0386|A672|2025-12-19|net demand for forecast|000493,20251219-0386-A672-Train-#1
21357021|0386|A672|2025-12-19|net demand for forecast|000494_transit_20251219-0386-A672-Train-#1,2025-12-25,21357021,0386,A672,2025-12-19,2025-12-26,187,21357021|0386|A672|2025-12-19|net demand for forecast|000494,20251219-0386-A672-Train-#1
21357021|0386|A672|2025-12-19|net demand for forecast|000495_transit_20251219-0386-A672-Train-#1,2025-12-25,21357021,0386,A672,2025-12-19,2025-12-26,187,21357021|0386|A672|2025-12-19|net demand for forecast|000495,20251219-0386-A672-Train-#1
21357021|0386|A672|2025-12-19|net demand for forecast|000496_transit_20251219-0386-A672-Train-#1,2025-12-25,21357021,0386,A672,2025-12-19,2025-12-27,187,21357021|0386|A672|2025-12-19|net demand for forecast|000496,20251219-0386-A672-Train-#1
21357021|0386|A672|2025-12-19|net demand for forecast|000497_transit_20251219-0386-A672-Train-#1,2025-12-25,21357021,0386,A672,2025-12-19,2025-12-26,187,21357021|0386|A672|2025-12-19|net demand for forecast|000497,20251219-0386-A672-Train-#1
21357021|0386|A672|2025-12-19|net demand for forecast|000498_transit_20251219-0386-A672-Train-#1,2025-12-25,21357021,0386,A672,2025-12-19,2025-12-26,187,21357021|0386|A672|2025-12-19|net demand for forecast|000498,20251219-0386-A672-Train-#1
21357021|0386|A672|2025-12-19|net demand for forecast|000499_transit_20251219-0386-A672-Train-#1,2025-12-25,21357021,0386,A672,2025-12-19,2025-12-26,187,21357021|0386|A672|2025-12-19|net demand for forecast|000499,20251219-0386-A672-Train-#1
21357021|0386|A672|2025-12-19|net demand for forecast|000500_transit_20251219-0386-A672-Train-#1,2025-12-25,21357021,0386,A672,2025-12-19,2025-12-26,187,21357021|0386|A672|2025-12-19|net demand for forecast|000500,20251219-0386-A672-Train-#1
21357021|0386|A672|2025-12-19|net demand for forecast|000501_transit_20251219-0386-A672-Train-#1,2025-12-25,21357021,0386,A672,2025-12-19,2025-12-26,187,21357021|0386|A672|2025-12-19|net demand for forecast|000501,20251219-0386-A672-Train-#1
21376841|0386|A672|2025-12-19|net demand for forecast|000587_transit_20251219-0386-A672-Train-#1,2025-12-25,21376841,0386,A672,2025-12-19,2025-12-26,106,21376841|0386|A672|2025-12-19|net demand for forecast|000587,20251219-0386-A672-Train-#1
21376841|0386|A672|2025-12-19|net demand for forecast|000588_transit_20251219-0386-A672-Train-#1,2025-12-25,21376841,0386,A672,2025-12-19,2025-12-26,106,21376841|0386|A672|2025-12-19|net demand for forecast|000588,20251219-0386-A672-Train-#1
21376841|0386|A672|2025-12-19|net demand for forecast|000589_transit_20251219-0386-A672-Train-#1,2025-12-25,21376841,0386,A672,2025-12-19,2025-12-27,106,21376841|0386|A672|2025-12-19|net demand for forecast|000589,20251219-0386-A672-Train-#1
21376841|0386|A672|2025-12-19|net demand for forecast|000590_transit_20251219-0386-A672-Train-#1,2025-12-25,21376841,0386,A672,2025-12-19,2025-12-26,249,21376841|0386|A672|2025-12-19|net demand for forecast|000590,20251219-0386-A672-Train-#1
21376841|0386|A672|2025-12-19|net demand for forecast|000591_transit_20251219-0386-A672-Train-#1,2025-12-25,21376841,0386,A672,2025-12-19,2025-12-26,249,21376841|0386|A672|2025-12-19|net demand for forecast|000591,20251219-0386-A672-Train-#1
21376841|0386|A672|2025-12-19|net demand for forecast|000592_transit_20251219-0386-A672-Train-#1,2025-12-25,21376841,0386,A672,2025-12-19,2025-12-26,249,21376841|0386|A672|2025-12-19|net demand for forecast|000592,20251219-0386-A672-Train-#1
21376841|0386|A672|2025-12-19|net demand for forecast|000593_transit_20251219-0386-A672-Train-#1,2025-12-25,21376841,0386,A672,2025-12-19,2025-12-26,249,21376841|0386|A672|2025-12-19|net demand for forecast|000593,20251219-0386-A672-Train-#1
21376841|0386|A672|2025-12-19|net demand for forecast|000594_transit_20251219-0386-A672-Train-#1,2025-12-25,21376841,0386,A672,2025-12-19,2025-12-26,249,21376841|0386|A672|2025-12-19|net demand for forecast|000594,20251219-0386-A672-Train-#1
21376841|0386|A672|2025-12-19|net demand for forecast|000595_transit_20251219-0386-A672-Train-#1,2025-12-25,21376841,0386,A672,2025-12-19,2025-12-26,249,21376841|0386|A672|2025-12-19|net demand for forecast|000595,20251219-0386-A672-Train-#1
21376841|0386|A672|2025-12-19|net demand for forecast|000596_transit_20251219-0386-A672-Train-#1,2025-12-25,21376841,0386,A672,2025-12-19,2025-12-26,249,21376841|0386|A672|2025-12-19|net demand for forecast|000596,20251219-0386-A672-Train-#1
21376841|0386|A672|2025-12-19|net demand for forecast|000597_transit_20251219-0386-A672-Train-#1,2025-12-25,21376841,0386,A672,2025-12-19,2025-12-26,249,21376841|0386|A672|2025-12-19|net demand for forecast|000597,20251219-0386-A672-Train-#1
21376841|0386|A672|2025-12-19|net demand for forecast|000598_transit_20251219-0386-A672-Train-#1,2025-12-25,21376841,0386,A672,2025-12-19,2025-12-26,177,21376841|0386|A672|2025-12-19|net demand for forecast|000598,20251219-0386-A672-Train-#1
21376841|0386|A672|2025-12-19|net demand for forecast|000598_transit_20251219-0386-A672-Train-#2,2025-12-25,21376841,0386,A672,2025-12-19,2025-12-26,72,21376841|0386|A672|2025-12-19|net demand for forecast|000598,20251219-0386-A672-Train-#2
21416910|0386|A672|2025-12-19|net demand for forecast|000673_transit_20251219-0386-A672-Train-#2,2025-12-25,21416910,0386,A672,2025-12-19,2025-12-26,18,21416910|0386|A672|2025-12-19|net demand for forecast|000673,20251219-0386-A672-Train-#2
21416910|0386|A672|2025-12-19|net demand for forecast|000674_transit_20251219-0386-A672-Train-#2,2025-12-25,21416910,0386,A672,2025-12-19,2025-12-26,18,21416910|0386|A672|2025-12-19|net demand for forecast|000674,20251219-0386-A672-Train-#2
21416910|0386|A672|2025-12-19|net demand for forecast|000675_transit_20251219-0386-A672-Train-#2,2025-12-25,21416910,0386,A672,2025-12-19,2025-12-26,18,21416910|0386|A672|2025-12-19|net demand for forecast|000675,20251219-0386-A672-Train-#2
21416910|0386|A672|2025-12-19|net demand for forecast|000676_transit_20251219-0386-A672-Train-#2,2025-12-25,21416910,0386,A672,2025-12-19,2025-12-26,20,21416910|0386|A672|2025-12-19|net demand for forecast|000676,20251219-0386-A672-Train-#2
21416910|0386|A672|2025-12-19|net demand for forecast|000677_transit_20251219-0386-A672-Train-#2,2025-12-25,21416910,0386,A672,2025-12-19,2025-12-26,20,21416910|0386|A672|2025-12-19|net demand for forecast|000677,20251219-0386-A672-Train-#2
21416910|0386|A672|2025-12-19|net demand for forecast|000678_transit_20251219-0386-A672-Train-#2,2025-12-25,21416910,0386,A672,2025-12-19,2025-12-26,41,21416910|0386|A672|2025-12-19|net demand for forecast|000678,20251219-0386-A672-Train-#2
21416910|0386|A672|2025-12-19|net demand for forecast|000679_transit_20251219-0386-A672-Train-#2,2025-12-25,21416910,0386,A672,2025-12-19,2025-12-26,41,21416910|0386|A672|2025-12-19|net demand for forecast|000679,20251219-0386-A672-Train-#2
21416910|0386|A672|2025-12-19|net demand for forecast|000680_transit_20251219-0386-A672-Train-#2,2025-12-25,21416910,0386,A672,2025-12-19,2025-12-26,41,21416910|0386|A672|2025-12-19|net demand for forecast|000680,20251219-0386-A672-Train-#2
21416910|0386|A672|2025-12-19|net demand for forecast|000681_transit_20251219-0386-A672-Train-#2,2025-12-25,21416910,0386,A672,2025-12-19,2025-12-26,41,21416910|0386|A672|2025-12-19|net demand for forecast|000681,20251219-0386-A672-Train-#2
21416910|0386|A672|2025-12-19|net demand for forecast|000682_transit_20251219-0386-A672-Train-#2,2025-12-25,21416910,0386,A672,2025-12-19,2025-12-26,41,21416910|0386|A672|2025-12-19|net demand for forecast|000682,20251219-0386-A672-Train-#2
21416910|0386|A672|2025-12-19|net demand for forecast|000683_transit_20251219-0386-A672-Train-#2,2025-12-25,21416910,0386,A672,2025-12-19,2025-12-26,41,21416910|0386|A672|2025-12-19|net demand for forecast|000683,20251219-0386-A672-Train-#2
21416910|0386|A672|2025-12-19|net demand for forecast|000684_transit_20251219-0386-A672-Train-#2,2025-12-25,21416910,0386,A672,2025-12-19,2025-12-27,41,21416910|0386|A672|2025-12-19|net demand for forecast|000684,20251219-0386-A672-Train-#2
21143102|0386|A672|2025-12-19|net demand for safety|000196_transit_20251219-0386-A672-Train-#2,2025-12-25,21143102,0386,A672,2025-12-19,2025-12-26,266,21143102|0386|A672|2025-12-19|net demand for safety|000196,20251219-0386-A672-Train-#2
21301637|0386|A672|2025-12-19|net demand for safety|000362_transit_20251219-0386-A672-Train-#2,2025-12-25,21301637,0386,A672,2025-12-19,2025-12-26,56,21301637|0386|A672|2025-12-19|net demand for safety|000362,20251219-0386-A672-Train-#2
21357021|0386|A672|2025-12-19|net demand for safety|000503_transit_20251219-0386-A672-Train-#2,2025-12-25,21357021,0386,A672,2025-12-19,2025-12-26,200,21357021|0386|A672|2025-12-19|net demand for safety|000503,20251219-0386-A672-Train-#2
21301637|0386|A672|2025-12-19|push replenishment|000363_transit_20251219-0386-A672-Train-#2,2025-12-25,21301637,0386,A672,2025-12-19,2025-12-26,21,21301637|0386|A672|2025-12-19|push replenishment|000363,20251219-0386-A672-Train-#2
21357021|0386|A672|2025-12-19|push replenishment|000504_transit_20251219-0386-A672-Train-#2,2025-12-25,21357021,0386,A672,2025-12-19,2025-12-27,577,21357021|0386|A672|2025-12-19|push replenishment|000504,20251219-0386-A672-Train-#2
21291975|0386|A680|2025-12-19|net demand for normal|000297_transit_20251219-0386-A680-Train-#1,2025-12-25,21291975,0386,A680,2025-12-19,2025-12-26,26,21291975|0386|A680|2025-12-19|net demand for normal|000297,20251219-0386-A680-Train-#1
21301637|0386|A680|2025-12-19|net demand for normal|000393_transit_20251219-0386-A680-Train-#1,2025-12-25,21301637,0386,A680,2025-12-19,2025-12-26,34,21301637|0386|A680|2025-12-19|net demand for normal|000393,20251219-0386-A680-Train-#1
21416910|0386|A680|2025-12-19|net demand for normal|000707_transit_20251219-0386-A680-Train-#1,2025-12-25,21416910,0386,A680,2025-12-19,2025-12-26,67,21416910|0386|A680|2025-12-19|net demand for normal|000707,20251219-0386-A680-Train-#1
21143102|0386|A680|2025-12-19|net demand for forecast|000199_transit_20251219-0386-A680-Train-#1,2025-12-25,21143102,0386,A680,2025-12-19,2025-12-26,1,21143102|0386|A680|2025-12-19|net demand for forecast|000199,20251219-0386-A680-Train-#1
21143102|0386|A680|2025-12-19|net demand for forecast|000200_transit_20251219-0386-A680-Train-#1,2025-12-25,21143102,0386,A680,2025-12-19,2025-12-26,1,21143102|0386|A680|2025-12-19|net demand for forecast|000200,20251219-0386-A680-Train-#1
21143102|0386|A680|2025-12-19|net demand for forecast|000201_transit_20251219-0386-A680-Train-#1,2025-12-25,21143102,0386,A680,2025-12-19,2025-12-26,1,21143102|0386|A680|2025-12-19|net demand for forecast|000201,20251219-0386-A680-Train-#1
21143102|0386|A680|2025-12-19|net demand for forecast|000202_transit_20251219-0386-A680-Train-#1,2025-12-25,21143102,0386,A680,2025-12-19,2025-12-26,1,21143102|0386|A680|2025-12-19|net demand for forecast|000202,20251219-0386-A680-Train-#1
21143102|0386|A680|2025-12-19|net demand for forecast|000203_transit_20251219-0386-A680-Train-#1,2025-12-25,21143102,0386,A680,2025-12-19,2025-12-26,1,21143102|0386|A680|2025-12-19|net demand for forecast|000203,20251219-0386-A680-Train-#1
21143102|0386|A680|2025-12-19|net demand for forecast|000204_transit_20251219-0386-A680-Train-#1,2025-12-25,21143102,0386,A680,2025-12-19,2025-12-26,1,21143102|0386|A680|2025-12-19|net demand for forecast|000204,20251219-0386-A680-Train-#1
21143102|0386|A680|2025-12-19|net demand for forecast|000205_transit_20251219-0386-A680-Train-#1,2025-12-25,21143102,0386,A680,2025-12-19,2025-12-26,1,21143102|0386|A680|2025-12-19|net demand for forecast|000205,20251219-0386-A680-Train-#1
21143102|0386|A680|2025-12-19|net demand for forecast|000206_transit_20251219-0386-A680-Train-#1,2025-12-25,21143102,0386,A680,2025-12-19,2025-12-26,1,21143102|0386|A680|2025-12-19|net demand for forecast|000206,20251219-0386-A680-Train-#1
21143102|0386|A680|2025-12-19|net demand for forecast|000207_transit_20251219-0386-A680-Train-#1,2025-12-25,21143102,0386,A680,2025-12-19,2025-12-26,1,21143102|0386|A680|2025-12-19|net demand for forecast|000207,20251219-0386-A680-Train-#1
21143102|0386|A680|2025-12-19|net demand for forecast|000208_transit_20251219-0386-A680-Train-#1,2025-12-25,21143102,0386,A680,2025-12-19,2025-12-26,1,21143102|0386|A680|2025-12-19|net demand for forecast|000208,20251219-0386-A680-Train-#1
21143102|0386|A680|2025-12-19|net demand for forecast|000209_transit_20251219-0386-A680-Train-#1,2025-12-25,21143102,0386,A680,2025-12-19,2025-12-26,1,21143102|0386|A680|2025-12-19|net demand for forecast|000209,20251219-0386-A680-Train-#1
21143102|0386|A680|2025-12-19|net demand for forecast|000210_transit_20251219-0386-A680-Train-#1,2025-12-25,21143102,0386,A680,2025-12-19,2025-12-26,1,21143102|0386|A680|2025-12-19|net demand for forecast|000210,20251219-0386-A680-Train-#1
21291975|0386|A680|2025-12-19|net demand for forecast|000285_transit_20251219-0386-A680-Train-#1,2025-12-25,21291975,0386,A680,2025-12-19,2025-12-26,10,21291975|0386|A680|2025-12-19|net demand for forecast|000285,20251219-0386-A680-Train-#1
21291975|0386|A680|2025-12-19|net demand for forecast|000286_transit_20251219-0386-A680-Train-#1,2025-12-25,21291975,0386,A680,2025-12-19,2025-12-26,10,21291975|0386|A680|2025-12-19|net demand for forecast|000286,20251219-0386-A680-Train-#1
21291975|0386|A680|2025-12-19|net demand for forecast|000287_transit_20251219-0386-A680-Train-#1,2025-12-25,21291975,0386,A680,2025-12-19,2025-12-26,10,21291975|0386|A680|2025-12-19|net demand for forecast|000287,20251219-0386-A680-Train-#1
21291975|0386|A680|2025-12-19|net demand for forecast|000288_transit_20251219-0386-A680-Train-#1,2025-12-25,21291975,0386,A680,2025-12-19,2025-12-26,19,21291975|0386|A680|2025-12-19|net demand for forecast|000288,20251219-0386-A680-Train-#1
21291975|0386|A680|2025-12-19|net demand for forecast|000289_transit_20251219-0386-A680-Train-#1,2025-12-25,21291975,0386,A680,2025-12-19,2025-12-26,19,21291975|0386|A680|2025-12-19|net demand for forecast|000289,20251219-0386-A680-Train-#1
21291975|0386|A680|2025-12-19|net demand for forecast|000290_transit_20251219-0386-A680-Train-#1,2025-12-25,21291975,0386,A680,2025-12-19,2025-12-26,19,21291975|0386|A680|2025-12-19|net demand for forecast|000290,20251219-0386-A680-Train-#1
21291975|0386|A680|2025-12-19|net demand for forecast|000291_transit_20251219-0386-A680-Train-#1,2025-12-25,21291975,0386,A680,2025-12-19,2025-12-26,19,21291975|0386|A680|2025-12-19|net demand for forecast|000291,20251219-0386-A680-Train-#1
21291975|0386|A680|2025-12-19|net demand for forecast|000292_transit_20251219-0386-A680-Train-#1,2025-12-25,21291975,0386,A680,2025-12-19,2025-12-26,19,21291975|0386|A680|2025-12-19|net demand for forecast|000292,20251219-0386-A680-Train-#1
21291975|0386|A680|2025-12-19|net demand for forecast|000293_transit_20251219-0386-A680-Train-#1,2025-12-25,21291975,0386,A680,2025-12-19,2025-12-27,19,21291975|0386|A680|2025-12-19|net demand for forecast|000293,20251219-0386-A680-Train-#1
21291975|0386|A680|2025-12-19|net demand for forecast|000294_transit_20251219-0386-A680-Train-#1,2025-12-25,21291975,0386,A680,2025-12-19,2025-12-26,19,21291975|0386|A680|2025-12-19|net demand for forecast|000294,20251219-0386-A680-Train-#1
21291975|0386|A680|2025-12-19|net demand for forecast|000295_transit_20251219-0386-A680-Train-#1,2025-12-25,21291975,0386,A680,2025-12-19,2025-12-26,20,21291975|0386|A680|2025-12-19|net demand for forecast|000295,20251219-0386-A680-Train-#1
21291975|0386|A680|2025-12-19|net demand for forecast|000296_transit_20251219-0386-A680-Train-#1,2025-12-25,21291975,0386,A680,2025-12-19,2025-12-26,20,21291975|0386|A680|2025-12-19|net demand for forecast|000296,20251219-0386-A680-Train-#1
21301637|0386|A680|2025-12-19|net demand for forecast|000381_transit_20251219-0386-A680-Train-#1,2025-12-25,21301637,0386,A680,2025-12-19,2025-12-26,13,21301637|0386|A680|2025-12-19|net demand for forecast|000381,20251219-0386-A680-Train-#1
21301637|0386|A680|2025-12-19|net demand for forecast|000382_transit_20251219-0386-A680-Train-#1,2025-12-25,21301637,0386,A680,2025-12-19,2025-12-26,13,21301637|0386|A680|2025-12-19|net demand for forecast|000382,20251219-0386-A680-Train-#1
21301637|0386|A680|2025-12-19|net demand for forecast|000383_transit_20251219-0386-A680-Train-#1,2025-12-25,21301637,0386,A680,2025-12-19,2025-12-26,13,21301637|0386|A680|2025-12-19|net demand for forecast|000383,20251219-0386-A680-Train-#1
21301637|0386|A680|2025-12-19|net demand for forecast|000384_transit_20251219-0386-A680-Train-#1,2025-12-25,21301637,0386,A680,2025-12-19,2025-12-26,24,21301637|0386|A680|2025-12-19|net demand for forecast|000384,20251219-0386-A680-Train-#1
21301637|0386|A680|2025-12-19|net demand for forecast|000385_transit_20251219-0386-A680-Train-#1,2025-12-25,21301637,0386,A680,2025-12-19,2025-12-26,24,21301637|0386|A680|2025-12-19|net demand for forecast|000385,20251219-0386-A680-Train-#1
21301637|0386|A680|2025-12-19|net demand for forecast|000386_transit_20251219-0386-A680-Train-#1,2025-12-25,21301637,0386,A680,2025-12-19,2025-12-26,24,21301637|0386|A680|2025-12-19|net demand for forecast|000386,20251219-0386-A680-Train-#1
21301637|0386|A680|2025-12-19|net demand for forecast|000387_transit_20251219-0386-A680-Train-#1,2025-12-25,21301637,0386,A680,2025-12-19,2025-12-26,24,21301637|0386|A680|2025-12-19|net demand for forecast|000387,20251219-0386-A680-Train-#1
21301637|0386|A680|2025-12-19|net demand for forecast|000388_transit_20251219-0386-A680-Train-#1,2025-12-25,21301637,0386,A680,2025-12-19,2025-12-26,25,21301637|0386|A680|2025-12-19|net demand for forecast|000388,20251219-0386-A680-Train-#1
21301637|0386|A680|2025-12-19|net demand for forecast|000389_transit_20251219-0386-A680-Train-#1,2025-12-25,21301637,0386,A680,2025-12-19,2025-12-26,25,21301637|0386|A680|2025-12-19|net demand for forecast|000389,20251219-0386-A680-Train-#1
21301637|0386|A680|2025-12-19|net demand for forecast|000390_transit_20251219-0386-A680-Train-#1,2025-12-25,21301637,0386,A680,2025-12-19,2025-12-26,25,21301637|0386|A680|2025-12-19|net demand for forecast|000390,20251219-0386-A680-Train-#1
21301637|0386|A680|2025-12-19|net demand for forecast|000391_transit_20251219-0386-A680-Train-#1,2025-12-25,21301637,0386,A680,2025-12-19,2025-12-27,26,21301637|0386|A680|2025-12-19|net demand for forecast|000391,20251219-0386-A680-Train-#1
21301637|0386|A680|2025-12-19|net demand for forecast|000392_transit_20251219-0386-A680-Train-#1,2025-12-25,21301637,0386,A680,2025-12-19,2025-12-27,26,21301637|0386|A680|2025-12-19|net demand for forecast|000392,20251219-0386-A680-Train-#1
21357021|0386|A680|2025-12-19|net demand for forecast|000517_transit_20251219-0386-A680-Train-#1,2025-12-25,21357021,0386,A680,2025-12-19,2025-12-27,7,21357021|0386|A680|2025-12-19|net demand for forecast|000517,20251219-0386-A680-Train-#1
21357021|0386|A680|2025-12-19|net demand for forecast|000518_transit_20251219-0386-A680-Train-#1,2025-12-25,21357021,0386,A680,2025-12-19,2025-12-26,7,21357021|0386|A680|2025-12-19|net demand for forecast|000518,20251219-0386-A680-Train-#1
21357021|0386|A680|2025-12-19|net demand for forecast|000519_transit_20251219-0386-A680-Train-#1,2025-12-25,21357021,0386,A680,2025-12-19,2025-12-26,7,21357021|0386|A680|2025-12-19|net demand for forecast|000519,20251219-0386-A680-Train-#1
21357021|0386|A680|2025-12-19|net demand for forecast|000520_transit_20251219-0386-A680-Train-#1,2025-12-25,21357021,0386,A680,2025-12-19,2025-12-27,16,21357021|0386|A680|2025-12-19|net demand for forecast|000520,20251219-0386-A680-Train-#1
21357021|0386|A680|2025-12-19|net demand for forecast|000521_transit_20251219-0386-A680-Train-#1,2025-12-25,21357021,0386,A680,2025-12-19,2025-12-26,16,21357021|0386|A680|2025-12-19|net demand for forecast|000521,20251219-0386-A680-Train-#1
21357021|0386|A680|2025-12-19|net demand for forecast|000522_transit_20251219-0386-A680-Train-#1,2025-12-25,21357021,0386,A680,2025-12-19,2025-12-27,16,21357021|0386|A680|2025-12-19|net demand for forecast|000522,20251219-0386-A680-Train-#1
21357021|0386|A680|2025-12-19|net demand for forecast|000523_transit_20251219-0386-A680-Train-#1,2025-12-25,21357021,0386,A680,2025-12-19,2025-12-27,16,21357021|0386|A680|2025-12-19|net demand for forecast|000523,20251219-0386-A680-Train-#1
21357021|0386|A680|2025-12-19|net demand for forecast|000524_transit_20251219-0386-A680-Train-#1,2025-12-25,21357021,0386,A680,2025-12-19,2025-12-26,17,21357021|0386|A680|2025-12-19|net demand for forecast|000524,20251219-0386-A680-Train-#1
21357021|0386|A680|2025-12-19|net demand for forecast|000525_transit_20251219-0386-A680-Train-#1,2025-12-25,21357021,0386,A680,2025-12-19,2025-12-26,17,21357021|0386|A680|2025-12-19|net demand for forecast|000525,20251219-0386-A680-Train-#1
21357021|0386|A680|2025-12-19|net demand for forecast|000526_transit_20251219-0386-A680-Train-#1,2025-12-25,21357021,0386,A680,2025-12-19,2025-12-26,17,21357021|0386|A680|2025-12-19|net demand for forecast|000526,20251219-0386-A680-Train-#1
21357021|0386|A680|2025-12-19|net demand for forecast|000527_transit_20251219-0386-A680-Train-#1,2025-12-25,21357021,0386,A680,2025-12-19,2025-12-26,17,21357021|0386|A680|2025-12-19|net demand for forecast|000527,20251219-0386-A680-Train-#1
21357021|0386|A680|2025-12-19|net demand for forecast|000528_transit_20251219-0386-A680-Train-#1,2025-12-25,21357021,0386,A680,2025-12-19,2025-12-26,17,21357021|0386|A680|2025-12-19|net demand for forecast|000528,20251219-0386-A680-Train-#1
21376841|0386|A680|2025-12-19|net demand for forecast|000610_transit_20251219-0386-A680-Train-#1,2025-12-25,21376841,0386,A680,2025-12-19,2025-12-26,10,21376841|0386|A680|2025-12-19|net demand for forecast|000610,20251219-0386-A680-Train-#1
21376841|0386|A680|2025-12-19|net demand for forecast|000611_transit_20251219-0386-A680-Train-#1,2025-12-25,21376841,0386,A680,2025-12-19,2025-12-26,10,21376841|0386|A680|2025-12-19|net demand for forecast|000611,20251219-0386-A680-Train-#1
21376841|0386|A680|2025-12-19|net demand for forecast|000612_transit_20251219-0386-A680-Train-#1,2025-12-25,21376841,0386,A680,2025-12-19,2025-12-27,10,21376841|0386|A680|2025-12-19|net demand for forecast|000612,20251219-0386-A680-Train-#1
21376841|0386|A680|2025-12-19|net demand for forecast|000613_transit_20251219-0386-A680-Train-#1,2025-12-25,21376841,0386,A680,2025-12-19,2025-12-26,23,21376841|0386|A680|2025-12-19|net demand for forecast|000613,20251219-0386-A680-Train-#1
21376841|0386|A680|2025-12-19|net demand for forecast|000614_transit_20251219-0386-A680-Train-#1,2025-12-25,21376841,0386,A680,2025-12-19,2025-12-26,23,21376841|0386|A680|2025-12-19|net demand for forecast|000614,20251219-0386-A680-Train-#1
21376841|0386|A680|2025-12-19|net demand for forecast|000615_transit_20251219-0386-A680-Train-#1,2025-12-25,21376841,0386,A680,2025-12-19,2025-12-26,23,21376841|0386|A680|2025-12-19|net demand for forecast|000615,20251219-0386-A680-Train-#1
21376841|0386|A680|2025-12-19|net demand for forecast|000616_transit_20251219-0386-A680-Train-#1,2025-12-25,21376841,0386,A680,2025-12-19,2025-12-26,23,21376841|0386|A680|2025-12-19|net demand for forecast|000616,20251219-0386-A680-Train-#1
21376841|0386|A680|2025-12-19|net demand for forecast|000617_transit_20251219-0386-A680-Train-#1,2025-12-25,21376841,0386,A680,2025-12-19,2025-12-27,23,21376841|0386|A680|2025-12-19|net demand for forecast|000617,20251219-0386-A680-Train-#1
21376841|0386|A680|2025-12-19|net demand for forecast|000618_transit_20251219-0386-A680-Train-#1,2025-12-25,21376841,0386,A680,2025-12-19,2025-12-26,24,21376841|0386|A680|2025-12-19|net demand for forecast|000618,20251219-0386-A680-Train-#1
21376841|0386|A680|2025-12-19|net demand for forecast|000619_transit_20251219-0386-A680-Train-#1,2025-12-25,21376841,0386,A680,2025-12-19,2025-12-26,24,21376841|0386|A680|2025-12-19|net demand for forecast|000619,20251219-0386-A680-Train-#1
21376841|0386|A680|2025-12-19|net demand for forecast|000620_transit_20251219-0386-A680-Train-#1,2025-12-25,21376841,0386,A680,2025-12-19,2025-12-26,24,21376841|0386|A680|2025-12-19|net demand for forecast|000620,20251219-0386-A680-Train-#1
21376841|0386|A680|2025-12-19|net demand for forecast|000621_transit_20251219-0386-A680-Train-#1,2025-12-25,21376841,0386,A680,2025-12-19,2025-12-26,24,21376841|0386|A680|2025-12-19|net demand for forecast|000621,20251219-0386-A680-Train-#1
21416910|0386|A680|2025-12-19|net demand for forecast|000696_transit_20251219-0386-A680-Train-#1,2025-12-25,21416910,0386,A680,2025-12-19,2025-12-26,10,21416910|0386|A680|2025-12-19|net demand for forecast|000696,20251219-0386-A680-Train-#1
21416910|0386|A680|2025-12-19|net demand for forecast|000697_transit_20251219-0386-A680-Train-#1,2025-12-25,21416910,0386,A680,2025-12-19,2025-12-26,11,21416910|0386|A680|2025-12-19|net demand for forecast|000697,20251219-0386-A680-Train-#1
21416910|0386|A680|2025-12-19|net demand for forecast|000698_transit_20251219-0386-A680-Train-#1,2025-12-25,21416910,0386,A680,2025-12-19,2025-12-26,11,21416910|0386|A680|2025-12-19|net demand for forecast|000698,20251219-0386-A680-Train-#1
21416910|0386|A680|2025-12-19|net demand for forecast|000699_transit_20251219-0386-A680-Train-#1,2025-12-25,21416910,0386,A680,2025-12-19,2025-12-26,11,21416910|0386|A680|2025-12-19|net demand for forecast|000699,20251219-0386-A680-Train-#1
21416910|0386|A680|2025-12-19|net demand for forecast|000700_transit_20251219-0386-A680-Train-#1,2025-12-25,21416910,0386,A680,2025-12-19,2025-12-26,23,21416910|0386|A680|2025-12-19|net demand for forecast|000700,20251219-0386-A680-Train-#1
21416910|0386|A680|2025-12-19|net demand for forecast|000701_transit_20251219-0386-A680-Train-#1,2025-12-25,21416910,0386,A680,2025-12-19,2025-12-26,23,21416910|0386|A680|2025-12-19|net demand for forecast|000701,20251219-0386-A680-Train-#1
21416910|0386|A680|2025-12-19|net demand for forecast|000702_transit_20251219-0386-A680-Train-#1,2025-12-25,21416910,0386,A680,2025-12-19,2025-12-26,23,21416910|0386|A680|2025-12-19|net demand for forecast|000702,20251219-0386-A680-Train-#1
21416910|0386|A680|2025-12-19|net demand for forecast|000703_transit_20251219-0386-A680-Train-#1,2025-12-25,21416910,0386,A680,2025-12-19,2025-12-27,23,21416910|0386|A680|2025-12-19|net demand for forecast|000703,20251219-0386-A680-Train-#1
21416910|0386|A680|2025-12-19|net demand for forecast|000704_transit_20251219-0386-A680-Train-#1,2025-12-25,21416910,0386,A680,2025-12-19,2025-12-26,23,21416910|0386|A680|2025-12-19|net demand for forecast|000704,20251219-0386-A680-Train-#1
21416910|0386|A680|2025-12-19|net demand for forecast|000705_transit_20251219-0386-A680-Train-#1,2025-12-25,21416910,0386,A680,2025-12-19,2025-12-26,23,21416910|0386|A680|2025-12-19|net demand for forecast|000705,20251219-0386-A680-Train-#1
21416910|0386|A680|2025-12-19|net demand for forecast|000706_transit_20251219-0386-A680-Train-#1,2025-12-25,21416910,0386,A680,2025-12-19,2025-12-26,23,21416910|0386|A680|2025-12-19|net demand for forecast|000706,20251219-0386-A680-Train-#1
21143102|0386|A680|2025-12-19|net demand for safety|000211_transit_20251219-0386-A680-Train-#1,2025-12-25,21143102,0386,A680,2025-12-19,2025-12-26,79,21143102|0386|A680|2025-12-19|net demand for safety|000211,20251219-0386-A680-Train-#1
21301637|0386|A680|2025-12-19|net demand for safety|000394_transit_20251219-0386-A680-Train-#1,2025-12-25,21301637,0386,A680,2025-12-19,2025-12-26,52,21301637|0386|A680|2025-12-19|net demand for safety|000394,20251219-0386-A680-Train-#1
21357021|0386|A680|2025-12-19|net demand for safety|000529_transit_20251219-0386-A680-Train-#1,2025-12-25,21357021,0386,A680,2025-12-19,2025-12-26,19,21357021|0386|A680|2025-12-19|net demand for safety|000529,20251219-0386-A680-Train-#1
21301637|0386|A680|2025-12-19|push replenishment|000395_transit_20251219-0386-A680-Train-#1,2025-12-25,21301637,0386,A680,2025-12-19,2025-12-26,20,21301637|0386|A680|2025-12-19|push replenishment|000395,20251219-0386-A680-Train-#1
21357021|0386|A680|2025-12-19|push replenishment|000530_transit_20251219-0386-A680-Train-#1,2025-12-25,21357021,0386,A680,2025-12-19,2025-12-26,54,21357021|0386|A680|2025-12-19|push replenishment|000530,20251219-0386-A680-Train-#1
21301637|0386|A715|2025-12-19|net demand for normal|000411_transit_20251219-0386-A715-Train-#1,2025-12-25,21301637,0386,A715,2025-12-19,2025-12-29,7,21301637|0386|A715|2025-12-19|net demand for normal|000411,20251219-0386-A715-Train-#1
21357021|0386|A715|2025-12-19|net demand for normal|000546_transit_20251219-0386-A715-Train-#1,2025-12-25,21357021,0386,A715,2025-12-19,2025-12-29,10,21357021|0386|A715|2025-12-19|net demand for normal|000546,20251219-0386-A715-Train-#1
21143102|0386|A715|2025-12-19|net demand for forecast|000212_transit_20251219-0386-A715-Train-#1,2025-12-25,21143102,0386,A715,2025-12-19,2025-12-29,2,21143102|0386|A715|2025-12-19|net demand for forecast|000212,20251219-0386-A715-Train-#1
21143102|0386|A715|2025-12-19|net demand for forecast|000213_transit_20251219-0386-A715-Train-#1,2025-12-25,21143102,0386,A715,2025-12-19,2025-12-29,2,21143102|0386|A715|2025-12-19|net demand for forecast|000213,20251219-0386-A715-Train-#1
21143102|0386|A715|2025-12-19|net demand for forecast|000214_transit_20251219-0386-A715-Train-#1,2025-12-25,21143102,0386,A715,2025-12-19,2025-12-29,2,21143102|0386|A715|2025-12-19|net demand for forecast|000214,20251219-0386-A715-Train-#1
21143102|0386|A715|2025-12-19|net demand for forecast|000215_transit_20251219-0386-A715-Train-#1,2025-12-25,21143102,0386,A715,2025-12-19,2025-12-29,2,21143102|0386|A715|2025-12-19|net demand for forecast|000215,20251219-0386-A715-Train-#1
21143102|0386|A715|2025-12-19|net demand for forecast|000216_transit_20251219-0386-A715-Train-#1,2025-12-25,21143102,0386,A715,2025-12-19,2025-12-29,2,21143102|0386|A715|2025-12-19|net demand for forecast|000216,20251219-0386-A715-Train-#1
21143102|0386|A715|2025-12-19|net demand for forecast|000217_transit_20251219-0386-A715-Train-#1,2025-12-25,21143102,0386,A715,2025-12-19,2025-12-29,2,21143102|0386|A715|2025-12-19|net demand for forecast|000217,20251219-0386-A715-Train-#1
21143102|0386|A715|2025-12-19|net demand for forecast|000218_transit_20251219-0386-A715-Train-#1,2025-12-25,21143102,0386,A715,2025-12-19,2025-12-29,2,21143102|0386|A715|2025-12-19|net demand for forecast|000218,20251219-0386-A715-Train-#1
21143102|0386|A715|2025-12-19|net demand for forecast|000219_transit_20251219-0386-A715-Train-#1,2025-12-25,21143102,0386,A715,2025-12-19,2025-12-29,2,21143102|0386|A715|2025-12-19|net demand for forecast|000219,20251219-0386-A715-Train-#1
21143102|0386|A715|2025-12-19|net demand for forecast|000220_transit_20251219-0386-A715-Train-#1,2025-12-25,21143102,0386,A715,2025-12-19,2025-12-29,2,21143102|0386|A715|2025-12-19|net demand for forecast|000220,20251219-0386-A715-Train-#1
21143102|0386|A715|2025-12-19|net demand for forecast|000221_transit_20251219-0386-A715-Train-#1,2025-12-25,21143102,0386,A715,2025-12-19,2025-12-29,2,21143102|0386|A715|2025-12-19|net demand for forecast|000221,20251219-0386-A715-Train-#1
21143102|0386|A715|2025-12-19|net demand for forecast|000222_transit_20251219-0386-A715-Train-#1,2025-12-25,21143102,0386,A715,2025-12-19,2025-12-29,2,21143102|0386|A715|2025-12-19|net demand for forecast|000222,20251219-0386-A715-Train-#1
21143102|0386|A715|2025-12-19|net demand for forecast|000223_transit_20251219-0386-A715-Train-#1,2025-12-25,21143102,0386,A715,2025-12-19,2025-12-29,2,21143102|0386|A715|2025-12-19|net demand for forecast|000223,20251219-0386-A715-Train-#1
21143102|0386|A715|2025-12-19|net demand for forecast|000224_transit_20251219-0386-A715-Train-#1,2025-12-25,21143102,0386,A715,2025-12-19,2025-12-29,2,21143102|0386|A715|2025-12-19|net demand for forecast|000224,20251219-0386-A715-Train-#1
21143102|0386|A715|2025-12-19|net demand for forecast|000225_transit_20251219-0386-A715-Train-#1,2025-12-25,21143102,0386,A715,2025-12-19,2025-12-29,2,21143102|0386|A715|2025-12-19|net demand for forecast|000225,20251219-0386-A715-Train-#1
21143102|0386|A715|2025-12-19|net demand for forecast|000226_transit_20251219-0386-A715-Train-#1,2025-12-25,21143102,0386,A715,2025-12-19,2025-12-29,2,21143102|0386|A715|2025-12-19|net demand for forecast|000226,20251219-0386-A715-Train-#1
21291975|0386|A715|2025-12-19|net demand for forecast|000298_transit_20251219-0386-A715-Train-#1,2025-12-25,21291975,0386,A715,2025-12-19,2025-12-29,1,21291975|0386|A715|2025-12-19|net demand for forecast|000298,20251219-0386-A715-Train-#1
21291975|0386|A715|2025-12-19|net demand for forecast|000299_transit_20251219-0386-A715-Train-#1,2025-12-25,21291975,0386,A715,2025-12-19,2025-12-29,1,21291975|0386|A715|2025-12-19|net demand for forecast|000299,20251219-0386-A715-Train-#1
21291975|0386|A715|2025-12-19|net demand for forecast|000300_transit_20251219-0386-A715-Train-#1,2025-12-25,21291975,0386,A715,2025-12-19,2025-12-29,1,21291975|0386|A715|2025-12-19|net demand for forecast|000300,20251219-0386-A715-Train-#1
21291975|0386|A715|2025-12-19|net demand for forecast|000301_transit_20251219-0386-A715-Train-#1,2025-12-25,21291975,0386,A715,2025-12-19,2025-12-29,1,21291975|0386|A715|2025-12-19|net demand for forecast|000301,20251219-0386-A715-Train-#1
21291975|0386|A715|2025-12-19|net demand for forecast|000302_transit_20251219-0386-A715-Train-#1,2025-12-25,21291975,0386,A715,2025-12-19,2025-12-29,2,21291975|0386|A715|2025-12-19|net demand for forecast|000302,20251219-0386-A715-Train-#1
21291975|0386|A715|2025-12-19|net demand for forecast|000303_transit_20251219-0386-A715-Train-#1,2025-12-25,21291975,0386,A715,2025-12-19,2025-12-29,2,21291975|0386|A715|2025-12-19|net demand for forecast|000303,20251219-0386-A715-Train-#1
21291975|0386|A715|2025-12-19|net demand for forecast|000304_transit_20251219-0386-A715-Train-#1,2025-12-25,21291975,0386,A715,2025-12-19,2025-12-30,2,21291975|0386|A715|2025-12-19|net demand for forecast|000304,20251219-0386-A715-Train-#1
21291975|0386|A715|2025-12-19|net demand for forecast|000305_transit_20251219-0386-A715-Train-#1,2025-12-25,21291975,0386,A715,2025-12-19,2025-12-29,2,21291975|0386|A715|2025-12-19|net demand for forecast|000305,20251219-0386-A715-Train-#1
21291975|0386|A715|2025-12-19|net demand for forecast|000306_transit_20251219-0386-A715-Train-#1,2025-12-25,21291975,0386,A715,2025-12-19,2025-12-29,2,21291975|0386|A715|2025-12-19|net demand for forecast|000306,20251219-0386-A715-Train-#1
21291975|0386|A715|2025-12-19|net demand for forecast|000307_transit_20251219-0386-A715-Train-#1,2025-12-25,21291975,0386,A715,2025-12-19,2025-12-29,2,21291975|0386|A715|2025-12-19|net demand for forecast|000307,20251219-0386-A715-Train-#1
21291975|0386|A715|2025-12-19|net demand for forecast|000308_transit_20251219-0386-A715-Train-#1,2025-12-25,21291975,0386,A715,2025-12-19,2025-12-29,2,21291975|0386|A715|2025-12-19|net demand for forecast|000308,20251219-0386-A715-Train-#1
21291975|0386|A715|2025-12-19|net demand for forecast|000309_transit_20251219-0386-A715-Train-#1,2025-12-25,21291975,0386,A715,2025-12-19,2025-12-29,3,21291975|0386|A715|2025-12-19|net demand for forecast|000309,20251219-0386-A715-Train-#1
21291975|0386|A715|2025-12-19|net demand for forecast|000310_transit_20251219-0386-A715-Train-#1,2025-12-25,21291975,0386,A715,2025-12-19,2025-12-29,3,21291975|0386|A715|2025-12-19|net demand for forecast|000310,20251219-0386-A715-Train-#1
21301637|0386|A715|2025-12-19|net demand for forecast|000396_transit_20251219-0386-A715-Train-#1,2025-12-25,21301637,0386,A715,2025-12-19,2025-12-29,1,21301637|0386|A715|2025-12-19|net demand for forecast|000396,20251219-0386-A715-Train-#1
21301637|0386|A715|2025-12-19|net demand for forecast|000397_transit_20251219-0386-A715-Train-#1,2025-12-25,21301637,0386,A715,2025-12-19,2025-12-30,1,21301637|0386|A715|2025-12-19|net demand for forecast|000397,20251219-0386-A715-Train-#1
21301637|0386|A715|2025-12-19|net demand for forecast|000398_transit_20251219-0386-A715-Train-#1,2025-12-25,21301637,0386,A715,2025-12-19,2025-12-29,2,21301637|0386|A715|2025-12-19|net demand for forecast|000398,20251219-0386-A715-Train-#1
21301637|0386|A715|2025-12-19|net demand for forecast|000399_transit_20251219-0386-A715-Train-#1,2025-12-25,21301637,0386,A715,2025-12-19,2025-12-29,2,21301637|0386|A715|2025-12-19|net demand for forecast|000399,20251219-0386-A715-Train-#1
21301637|0386|A715|2025-12-19|net demand for forecast|000400_transit_20251219-0386-A715-Train-#1,2025-12-25,21301637,0386,A715,2025-12-19,2025-12-29,2,21301637|0386|A715|2025-12-19|net demand for forecast|000400,20251219-0386-A715-Train-#1
21301637|0386|A715|2025-12-19|net demand for forecast|000401_transit_20251219-0386-A715-Train-#1,2025-12-25,21301637,0386,A715,2025-12-19,2025-12-29,2,21301637|0386|A715|2025-12-19|net demand for forecast|000401,20251219-0386-A715-Train-#1
21301637|0386|A715|2025-12-19|net demand for forecast|000402_transit_20251219-0386-A715-Train-#1,2025-12-25,21301637,0386,A715,2025-12-19,2025-12-29,3,21301637|0386|A715|2025-12-19|net demand for forecast|000402,20251219-0386-A715-Train-#1
21301637|0386|A715|2025-12-19|net demand for forecast|000403_transit_20251219-0386-A715-Train-#1,2025-12-25,21301637,0386,A715,2025-12-19,2025-12-29,3,21301637|0386|A715|2025-12-19|net demand for forecast|000403,20251219-0386-A715-Train-#1
21301637|0386|A715|2025-12-19|net demand for forecast|000404_transit_20251219-0386-A715-Train-#1,2025-12-25,21301637,0386,A715,2025-12-19,2025-12-29,3,21301637|0386|A715|2025-12-19|net demand for forecast|000404,20251219-0386-A715-Train-#1
21301637|0386|A715|2025-12-19|net demand for forecast|000405_transit_20251219-0386-A715-Train-#1,2025-12-25,21301637,0386,A715,2025-12-19,2025-12-29,3,21301637|0386|A715|2025-12-19|net demand for forecast|000405,20251219-0386-A715-Train-#1
21301637|0386|A715|2025-12-19|net demand for forecast|000406_transit_20251219-0386-A715-Train-#1,2025-12-25,21301637,0386,A715,2025-12-19,2025-12-29,3,21301637|0386|A715|2025-12-19|net demand for forecast|000406,20251219-0386-A715-Train-#1
21301637|0386|A715|2025-12-19|net demand for forecast|000407_transit_20251219-0386-A715-Train-#1,2025-12-25,21301637,0386,A715,2025-12-19,2025-12-29,3,21301637|0386|A715|2025-12-19|net demand for forecast|000407,20251219-0386-A715-Train-#1
21301637|0386|A715|2025-12-19|net demand for forecast|000408_transit_20251219-0386-A715-Train-#1,2025-12-25,21301637,0386,A715,2025-12-19,2025-12-30,3,21301637|0386|A715|2025-12-19|net demand for forecast|000408,20251219-0386-A715-Train-#1
21301637|0386|A715|2025-12-19|net demand for forecast|000409_transit_20251219-0386-A715-Train-#1,2025-12-25,21301637,0386,A715,2025-12-19,2025-12-29,4,21301637|0386|A715|2025-12-19|net demand for forecast|000409,20251219-0386-A715-Train-#1
21301637|0386|A715|2025-12-19|net demand for forecast|000410_transit_20251219-0386-A715-Train-#1,2025-12-25,21301637,0386,A715,2025-12-19,2025-12-29,4,21301637|0386|A715|2025-12-19|net demand for forecast|000410,20251219-0386-A715-Train-#1
21357021|0386|A715|2025-12-19|net demand for forecast|000531_transit_20251219-0386-A715-Train-#1,2025-12-25,21357021,0386,A715,2025-12-19,2025-12-29,8,21357021|0386|A715|2025-12-19|net demand for forecast|000531,20251219-0386-A715-Train-#1
21357021|0386|A715|2025-12-19|net demand for forecast|000532_transit_20251219-0386-A715-Train-#1,2025-12-25,21357021,0386,A715,2025-12-19,2025-12-29,8,21357021|0386|A715|2025-12-19|net demand for forecast|000532,20251219-0386-A715-Train-#1
21357021|0386|A715|2025-12-19|net demand for forecast|000533_transit_20251219-0386-A715-Train-#1,2025-12-25,21357021,0386,A715,2025-12-19,2025-12-29,8,21357021|0386|A715|2025-12-19|net demand for forecast|000533,20251219-0386-A715-Train-#1
21357021|0386|A715|2025-12-19|net demand for forecast|000534_transit_20251219-0386-A715-Train-#1,2025-12-25,21357021,0386,A715,2025-12-19,2025-12-29,8,21357021|0386|A715|2025-12-19|net demand for forecast|000534,20251219-0386-A715-Train-#1
21357021|0386|A715|2025-12-19|net demand for forecast|000535_transit_20251219-0386-A715-Train-#1,2025-12-25,21357021,0386,A715,2025-12-19,2025-12-29,8,21357021|0386|A715|2025-12-19|net demand for forecast|000535,20251219-0386-A715-Train-#1
21357021|0386|A715|2025-12-19|net demand for forecast|000536_transit_20251219-0386-A715-Train-#1,2025-12-25,21357021,0386,A715,2025-12-19,2025-12-29,8,21357021|0386|A715|2025-12-19|net demand for forecast|000536,20251219-0386-A715-Train-#1
21357021|0386|A715|2025-12-19|net demand for forecast|000537_transit_20251219-0386-A715-Train-#1,2025-12-25,21357021,0386,A715,2025-12-19,2025-12-29,18,21357021|0386|A715|2025-12-19|net demand for forecast|000537,20251219-0386-A715-Train-#1
21357021|0386|A715|2025-12-19|net demand for forecast|000538_transit_20251219-0386-A715-Train-#1,2025-12-25,21357021,0386,A715,2025-12-19,2025-12-29,18,21357021|0386|A715|2025-12-19|net demand for forecast|000538,20251219-0386-A715-Train-#1
21357021|0386|A715|2025-12-19|net demand for forecast|000539_transit_20251219-0386-A715-Train-#1,2025-12-25,21357021,0386,A715,2025-12-19,2025-12-29,18,21357021|0386|A715|2025-12-19|net demand for forecast|000539,20251219-0386-A715-Train-#1
21357021|0386|A715|2025-12-19|net demand for forecast|000540_transit_20251219-0386-A715-Train-#1,2025-12-25,21357021,0386,A715,2025-12-19,2025-12-29,18,21357021|0386|A715|2025-12-19|net demand for forecast|000540,20251219-0386-A715-Train-#1
21357021|0386|A715|2025-12-19|net demand for forecast|000541_transit_20251219-0386-A715-Train-#1,2025-12-25,21357021,0386,A715,2025-12-19,2025-12-29,19,21357021|0386|A715|2025-12-19|net demand for forecast|000541,20251219-0386-A715-Train-#1
21357021|0386|A715|2025-12-19|net demand for forecast|000542_transit_20251219-0386-A715-Train-#1,2025-12-25,21357021,0386,A715,2025-12-19,2025-12-29,19,21357021|0386|A715|2025-12-19|net demand for forecast|000542,20251219-0386-A715-Train-#1
21357021|0386|A715|2025-12-19|net demand for forecast|000543_transit_20251219-0386-A715-Train-#1,2025-12-25,21357021,0386,A715,2025-12-19,2025-12-29,19,21357021|0386|A715|2025-12-19|net demand for forecast|000543,20251219-0386-A715-Train-#1
21357021|0386|A715|2025-12-19|net demand for forecast|000544_transit_20251219-0386-A715-Train-#1,2025-12-25,21357021,0386,A715,2025-12-19,2025-12-29,19,21357021|0386|A715|2025-12-19|net demand for forecast|000544,20251219-0386-A715-Train-#1
21357021|0386|A715|2025-12-19|net demand for forecast|000545_transit_20251219-0386-A715-Train-#1,2025-12-25,21357021,0386,A715,2025-12-19,2025-12-29,19,21357021|0386|A715|2025-12-19|net demand for forecast|000545,20251219-0386-A715-Train-#1
21376841|0386|A715|2025-12-19|net demand for forecast|000622_transit_20251219-0386-A715-Train-#1,2025-12-25,21376841,0386,A715,2025-12-19,2025-12-29,10,21376841|0386|A715|2025-12-19|net demand for forecast|000622,20251219-0386-A715-Train-#1
21376841|0386|A715|2025-12-19|net demand for forecast|000623_transit_20251219-0386-A715-Train-#1,2025-12-25,21376841,0386,A715,2025-12-19,2025-12-29,11,21376841|0386|A715|2025-12-19|net demand for forecast|000623,20251219-0386-A715-Train-#1
21376841|0386|A715|2025-12-19|net demand for forecast|000624_transit_20251219-0386-A715-Train-#1,2025-12-25,21376841,0386,A715,2025-12-19,2025-12-29,11,21376841|0386|A715|2025-12-19|net demand for forecast|000624,20251219-0386-A715-Train-#1
21376841|0386|A715|2025-12-19|net demand for forecast|000625_transit_20251219-0386-A715-Train-#1,2025-12-25,21376841,0386,A715,2025-12-19,2025-12-29,11,21376841|0386|A715|2025-12-19|net demand for forecast|000625,20251219-0386-A715-Train-#1
21376841|0386|A715|2025-12-19|net demand for forecast|000626_transit_20251219-0386-A715-Train-#1,2025-12-25,21376841,0386,A715,2025-12-19,2025-12-29,11,21376841|0386|A715|2025-12-19|net demand for forecast|000626,20251219-0386-A715-Train-#1
21376841|0386|A715|2025-12-19|net demand for forecast|000627_transit_20251219-0386-A715-Train-#1,2025-12-25,21376841,0386,A715,2025-12-19,2025-12-29,11,21376841|0386|A715|2025-12-19|net demand for forecast|000627,20251219-0386-A715-Train-#1
21376841|0386|A715|2025-12-19|net demand for forecast|000628_transit_20251219-0386-A715-Train-#1,2025-12-25,21376841,0386,A715,2025-12-19,2025-12-29,26,21376841|0386|A715|2025-12-19|net demand for forecast|000628,20251219-0386-A715-Train-#1
21376841|0386|A715|2025-12-19|net demand for forecast|000629_transit_20251219-0386-A715-Train-#1,2025-12-25,21376841,0386,A715,2025-12-19,2025-12-29,26,21376841|0386|A715|2025-12-19|net demand for forecast|000629,20251219-0386-A715-Train-#1
21376841|0386|A715|2025-12-19|net demand for forecast|000630_transit_20251219-0386-A715-Train-#1,2025-12-25,21376841,0386,A715,2025-12-19,2025-12-29,26,21376841|0386|A715|2025-12-19|net demand for forecast|000630,20251219-0386-A715-Train-#1
21376841|0386|A715|2025-12-19|net demand for forecast|000631_transit_20251219-0386-A715-Train-#1,2025-12-25,21376841,0386,A715,2025-12-19,2025-12-29,26,21376841|0386|A715|2025-12-19|net demand for forecast|000631,20251219-0386-A715-Train-#1
21376841|0386|A715|2025-12-19|net demand for forecast|000632_transit_20251219-0386-A715-Train-#1,2025-12-25,21376841,0386,A715,2025-12-19,2025-12-29,26,21376841|0386|A715|2025-12-19|net demand for forecast|000632,20251219-0386-A715-Train-#1
21376841|0386|A715|2025-12-19|net demand for forecast|000633_transit_20251219-0386-A715-Train-#1,2025-12-25,21376841,0386,A715,2025-12-19,2025-12-29,26,21376841|0386|A715|2025-12-19|net demand for forecast|000633,20251219-0386-A715-Train-#1
21376841|0386|A715|2025-12-19|net demand for forecast|000634_transit_20251219-0386-A715-Train-#1,2025-12-25,21376841,0386,A715,2025-12-19,2025-12-29,26,21376841|0386|A715|2025-12-19|net demand for forecast|000634,20251219-0386-A715-Train-#1
21376841|0386|A715|2025-12-19|net demand for forecast|000635_transit_20251219-0386-A715-Train-#1,2025-12-25,21376841,0386,A715,2025-12-19,2025-12-29,26,21376841|0386|A715|2025-12-19|net demand for forecast|000635,20251219-0386-A715-Train-#1
21376841|0386|A715|2025-12-19|net demand for forecast|000636_transit_20251219-0386-A715-Train-#1,2025-12-25,21376841,0386,A715,2025-12-19,2025-12-29,26,21376841|0386|A715|2025-12-19|net demand for forecast|000636,20251219-0386-A715-Train-#1
21143102|0386|A715|2025-12-19|net demand for safety|000227_transit_20251219-0386-A715-Train-#1,2025-12-25,21143102,0386,A715,2025-12-19,2025-12-29,56,21143102|0386|A715|2025-12-19|net demand for safety|000227,20251219-0386-A715-Train-#1
21301637|0386|A715|2025-12-19|net demand for safety|000412_transit_20251219-0386-A715-Train-#1,2025-12-25,21301637,0386,A715,2025-12-19,2025-12-30,7,21301637|0386|A715|2025-12-19|net demand for safety|000412,20251219-0386-A715-Train-#1
21357021|0386|A715|2025-12-19|net demand for safety|000547_transit_20251219-0386-A715-Train-#1,2025-12-25,21357021,0386,A715,2025-12-19,2025-12-29,25,21357021|0386|A715|2025-12-19|net demand for safety|000547,20251219-0386-A715-Train-#1
21301637|0386|A715|2025-12-19|push replenishment|000413_transit_20251219-0386-A715-Train-#1,2025-12-25,21301637,0386,A715,2025-12-19,2025-12-29,2,21301637|0386|A715|2025-12-19|push replenishment|000413,20251219-0386-A715-Train-#1
21357021|0386|A715|2025-12-19|push replenishment|000548_transit_20251219-0386-A715-Train-#1,2025-12-25,21357021,0386,A715,2025-12-19,2025-12-29,72,21357021|0386|A715|2025-12-19|push replenishment|000548,20251219-0386-A715-Train-#1
21291975|0386|A716|2025-12-19|net demand for normal|000325_transit_20251219-0386-A716-Train-#1,2025-12-25,21291975,0386,A716,2025-12-19,2026-01-02,2,21291975|0386|A716|2025-12-19|net demand for normal|000325,20251219-0386-A716-Train-#1
21357021|0386|A716|2025-12-19|net demand for normal|000565_transit_20251219-0386-A716-Train-#1,2025-12-25,21357021,0386,A716,2025-12-19,2026-01-02,26,21357021|0386|A716|2025-12-19|net demand for normal|000565,20251219-0386-A716-Train-#1
21376841|0386|A716|2025-12-19|net demand for normal|000653_transit_20251219-0386-A716-Train-#1,2025-12-25,21376841,0386,A716,2025-12-19,2026-01-03,23,21376841|0386|A716|2025-12-19|net demand for normal|000653,20251219-0386-A716-Train-#1
21143102|0386|A716|2025-12-19|net demand for forecast|000228_transit_20251219-0386-A716-Train-#1,2025-12-25,21143102,0386,A716,2025-12-19,2026-01-02,2,21143102|0386|A716|2025-12-19|net demand for forecast|000228,20251219-0386-A716-Train-#1
21143102|0386|A716|2025-12-19|net demand for forecast|000229_transit_20251219-0386-A716-Train-#1,2025-12-25,21143102,0386,A716,2025-12-19,2026-01-03,2,21143102|0386|A716|2025-12-19|net demand for forecast|000229,20251219-0386-A716-Train-#1
21143102|0386|A716|2025-12-19|net demand for forecast|000230_transit_20251219-0386-A716-Train-#1,2025-12-25,21143102,0386,A716,2025-12-19,2026-01-03,2,21143102|0386|A716|2025-12-19|net demand for forecast|000230,20251219-0386-A716-Train-#1
21143102|0386|A716|2025-12-19|net demand for forecast|000231_transit_20251219-0386-A716-Train-#1,2025-12-25,21143102,0386,A716,2025-12-19,2026-01-02,2,21143102|0386|A716|2025-12-19|net demand for forecast|000231,20251219-0386-A716-Train-#1
21143102|0386|A716|2025-12-19|net demand for forecast|000232_transit_20251219-0386-A716-Train-#1,2025-12-25,21143102,0386,A716,2025-12-19,2026-01-02,2,21143102|0386|A716|2025-12-19|net demand for forecast|000232,20251219-0386-A716-Train-#1
21143102|0386|A716|2025-12-19|net demand for forecast|000233_transit_20251219-0386-A716-Train-#1,2025-12-25,21143102,0386,A716,2025-12-19,2026-01-02,2,21143102|0386|A716|2025-12-19|net demand for forecast|000233,20251219-0386-A716-Train-#1
21143102|0386|A716|2025-12-19|net demand for forecast|000234_transit_20251219-0386-A716-Train-#1,2025-12-25,21143102,0386,A716,2025-12-19,2026-01-02,2,21143102|0386|A716|2025-12-19|net demand for forecast|000234,20251219-0386-A716-Train-#1
21143102|0386|A716|2025-12-19|net demand for forecast|000235_transit_20251219-0386-A716-Train-#1,2025-12-25,21143102,0386,A716,2025-12-19,2026-01-02,2,21143102|0386|A716|2025-12-19|net demand for forecast|000235,20251219-0386-A716-Train-#1
21143102|0386|A716|2025-12-19|net demand for forecast|000236_transit_20251219-0386-A716-Train-#1,2025-12-25,21143102,0386,A716,2025-12-19,2026-01-02,2,21143102|0386|A716|2025-12-19|net demand for forecast|000236,20251219-0386-A716-Train-#1
21143102|0386|A716|2025-12-19|net demand for forecast|000237_transit_20251219-0386-A716-Train-#1,2025-12-25,21143102,0386,A716,2025-12-19,2026-01-02,2,21143102|0386|A716|2025-12-19|net demand for forecast|000237,20251219-0386-A716-Train-#1
21143102|0386|A716|2025-12-19|net demand for forecast|000238_transit_20251219-0386-A716-Train-#1,2025-12-25,21143102,0386,A716,2025-12-19,2026-01-02,2,21143102|0386|A716|2025-12-19|net demand for forecast|000238,20251219-0386-A716-Train-#1
21143102|0386|A716|2025-12-19|net demand for forecast|000239_transit_20251219-0386-A716-Train-#1,2025-12-25,21143102,0386,A716,2025-12-19,2026-01-02,2,21143102|0386|A716|2025-12-19|net demand for forecast|000239,20251219-0386-A716-Train-#1
21143102|0386|A716|2025-12-19|net demand for forecast|000240_transit_20251219-0386-A716-Train-#1,2025-12-25,21143102,0386,A716,2025-12-19,2026-01-02,3,21143102|0386|A716|2025-12-19|net demand for forecast|000240,20251219-0386-A716-Train-#1
21143102|0386|A716|2025-12-19|net demand for forecast|000241_transit_20251219-0386-A716-Train-#1,2025-12-25,21143102,0386,A716,2025-12-19,2026-01-02,3,21143102|0386|A716|2025-12-19|net demand for forecast|000241,20251219-0386-A716-Train-#1
21143102|0386|A716|2025-12-19|net demand for forecast|000242_transit_20251219-0386-A716-Train-#1,2025-12-25,21143102,0386,A716,2025-12-19,2026-01-02,3,21143102|0386|A716|2025-12-19|net demand for forecast|000242,20251219-0386-A716-Train-#1
21143102|0386|A716|2025-12-19|net demand for forecast|000243_transit_20251219-0386-A716-Train-#1,2025-12-25,21143102,0386,A716,2025-12-19,2026-01-02,3,21143102|0386|A716|2025-12-19|net demand for forecast|000243,20251219-0386-A716-Train-#1
21143102|0386|A716|2025-12-19|net demand for forecast|000244_transit_20251219-0386-A716-Train-#1,2025-12-25,21143102,0386,A716,2025-12-19,2026-01-02,3,21143102|0386|A716|2025-12-19|net demand for forecast|000244,20251219-0386-A716-Train-#1
21143102|0386|A716|2025-12-19|net demand for forecast|000245_transit_20251219-0386-A716-Train-#1,2025-12-25,21143102,0386,A716,2025-12-19,2026-01-02,3,21143102|0386|A716|2025-12-19|net demand for forecast|000245,20251219-0386-A716-Train-#1
21143102|0386|A716|2025-12-19|net demand for forecast|000246_transit_20251219-0386-A716-Train-#1,2025-12-25,21143102,0386,A716,2025-12-19,2026-01-02,3,21143102|0386|A716|2025-12-19|net demand for forecast|000246,20251219-0386-A716-Train-#1
21291975|0386|A716|2025-12-19|net demand for forecast|000311_transit_20251219-0386-A716-Train-#1,2025-12-25,21291975,0386,A716,2025-12-19,2026-01-02,1,21291975|0386|A716|2025-12-19|net demand for forecast|000311,20251219-0386-A716-Train-#1
21291975|0386|A716|2025-12-19|net demand for forecast|000312_transit_20251219-0386-A716-Train-#1,2025-12-25,21291975,0386,A716,2025-12-19,2026-01-02,1,21291975|0386|A716|2025-12-19|net demand for forecast|000312,20251219-0386-A716-Train-#1
21291975|0386|A716|2025-12-19|net demand for forecast|000313_transit_20251219-0386-A716-Train-#1,2025-12-25,21291975,0386,A716,2025-12-19,2026-01-02,1,21291975|0386|A716|2025-12-19|net demand for forecast|000313,20251219-0386-A716-Train-#1
21291975|0386|A716|2025-12-19|net demand for forecast|000314_transit_20251219-0386-A716-Train-#1,2025-12-25,21291975,0386,A716,2025-12-19,2026-01-02,1,21291975|0386|A716|2025-12-19|net demand for forecast|000314,20251219-0386-A716-Train-#1
21291975|0386|A716|2025-12-19|net demand for forecast|000315_transit_20251219-0386-A716-Train-#1,2025-12-25,21291975,0386,A716,2025-12-19,2026-01-02,1,21291975|0386|A716|2025-12-19|net demand for forecast|000315,20251219-0386-A716-Train-#1
21291975|0386|A716|2025-12-19|net demand for forecast|000316_transit_20251219-0386-A716-Train-#1,2025-12-25,21291975,0386,A716,2025-12-19,2026-01-02,2,21291975|0386|A716|2025-12-19|net demand for forecast|000316,20251219-0386-A716-Train-#1
21291975|0386|A716|2025-12-19|net demand for forecast|000317_transit_20251219-0386-A716-Train-#1,2025-12-25,21291975,0386,A716,2025-12-19,2026-01-03,2,21291975|0386|A716|2025-12-19|net demand for forecast|000317,20251219-0386-A716-Train-#1
21291975|0386|A716|2025-12-19|net demand for forecast|000318_transit_20251219-0386-A716-Train-#1,2025-12-25,21291975,0386,A716,2025-12-19,2026-01-02,2,21291975|0386|A716|2025-12-19|net demand for forecast|000318,20251219-0386-A716-Train-#1
21291975|0386|A716|2025-12-19|net demand for forecast|000319_transit_20251219-0386-A716-Train-#1,2025-12-25,21291975,0386,A716,2025-12-19,2026-01-02,2,21291975|0386|A716|2025-12-19|net demand for forecast|000319,20251219-0386-A716-Train-#1
21291975|0386|A716|2025-12-19|net demand for forecast|000320_transit_20251219-0386-A716-Train-#1,2025-12-25,21291975,0386,A716,2025-12-19,2026-01-02,2,21291975|0386|A716|2025-12-19|net demand for forecast|000320,20251219-0386-A716-Train-#1
21291975|0386|A716|2025-12-19|net demand for forecast|000321_transit_20251219-0386-A716-Train-#1,2025-12-25,21291975,0386,A716,2025-12-19,2026-01-02,2,21291975|0386|A716|2025-12-19|net demand for forecast|000321,20251219-0386-A716-Train-#1
21291975|0386|A716|2025-12-19|net demand for forecast|000322_transit_20251219-0386-A716-Train-#1,2025-12-25,21291975,0386,A716,2025-12-19,2026-01-03,2,21291975|0386|A716|2025-12-19|net demand for forecast|000322,20251219-0386-A716-Train-#1
21291975|0386|A716|2025-12-19|net demand for forecast|000323_transit_20251219-0386-A716-Train-#1,2025-12-25,21291975,0386,A716,2025-12-19,2026-01-02,2,21291975|0386|A716|2025-12-19|net demand for forecast|000323,20251219-0386-A716-Train-#1
21291975|0386|A716|2025-12-19|net demand for forecast|000324_transit_20251219-0386-A716-Train-#1,2025-12-25,21291975,0386,A716,2025-12-19,2026-01-02,2,21291975|0386|A716|2025-12-19|net demand for forecast|000324,20251219-0386-A716-Train-#1
21301637|0386|A716|2025-12-19|net demand for forecast|000414_transit_20251219-0386-A716-Train-#1,2025-12-25,21301637,0386,A716,2025-12-19,2026-01-02,1,21301637|0386|A716|2025-12-19|net demand for forecast|000414,20251219-0386-A716-Train-#1
21301637|0386|A716|2025-12-19|net demand for forecast|000415_transit_20251219-0386-A716-Train-#1,2025-12-25,21301637,0386,A716,2025-12-19,2026-01-02,1,21301637|0386|A716|2025-12-19|net demand for forecast|000415,20251219-0386-A716-Train-#1
21301637|0386|A716|2025-12-19|net demand for forecast|000416_transit_20251219-0386-A716-Train-#1,2025-12-25,21301637,0386,A716,2025-12-19,2026-01-02,1,21301637|0386|A716|2025-12-19|net demand for forecast|000416,20251219-0386-A716-Train-#1
21301637|0386|A716|2025-12-19|net demand for forecast|000417_transit_20251219-0386-A716-Train-#1,2025-12-25,21301637,0386,A716,2025-12-19,2026-01-03,1,21301637|0386|A716|2025-12-19|net demand for forecast|000417,20251219-0386-A716-Train-#1
21301637|0386|A716|2025-12-19|net demand for forecast|000418_transit_20251219-0386-A716-Train-#1,2025-12-25,21301637,0386,A716,2025-12-19,2026-01-02,1,21301637|0386|A716|2025-12-19|net demand for forecast|000418,20251219-0386-A716-Train-#1
21301637|0386|A716|2025-12-19|net demand for forecast|000419_transit_20251219-0386-A716-Train-#1,2025-12-25,21301637,0386,A716,2025-12-19,2026-01-02,2,21301637|0386|A716|2025-12-19|net demand for forecast|000419,20251219-0386-A716-Train-#1
21301637|0386|A716|2025-12-19|net demand for forecast|000420_transit_20251219-0386-A716-Train-#1,2025-12-25,21301637,0386,A716,2025-12-19,2026-01-02,2,21301637|0386|A716|2025-12-19|net demand for forecast|000420,20251219-0386-A716-Train-#1
21301637|0386|A716|2025-12-19|net demand for forecast|000421_transit_20251219-0386-A716-Train-#1,2025-12-25,21301637,0386,A716,2025-12-19,2026-01-02,2,21301637|0386|A716|2025-12-19|net demand for forecast|000421,20251219-0386-A716-Train-#1
21301637|0386|A716|2025-12-19|net demand for forecast|000422_transit_20251219-0386-A716-Train-#1,2025-12-25,21301637,0386,A716,2025-12-19,2026-01-02,2,21301637|0386|A716|2025-12-19|net demand for forecast|000422,20251219-0386-A716-Train-#1
21301637|0386|A716|2025-12-19|net demand for forecast|000423_transit_20251219-0386-A716-Train-#1,2025-12-25,21301637,0386,A716,2025-12-19,2026-01-02,2,21301637|0386|A716|2025-12-19|net demand for forecast|000423,20251219-0386-A716-Train-#1
21301637|0386|A716|2025-12-19|net demand for forecast|000424_transit_20251219-0386-A716-Train-#1,2025-12-25,21301637,0386,A716,2025-12-19,2026-01-03,3,21301637|0386|A716|2025-12-19|net demand for forecast|000424,20251219-0386-A716-Train-#1
21301637|0386|A716|2025-12-19|net demand for forecast|000425_transit_20251219-0386-A716-Train-#1,2025-12-25,21301637,0386,A716,2025-12-19,2026-01-02,3,21301637|0386|A716|2025-12-19|net demand for forecast|000425,20251219-0386-A716-Train-#1
21301637|0386|A716|2025-12-19|net demand for forecast|000426_transit_20251219-0386-A716-Train-#1,2025-12-25,21301637,0386,A716,2025-12-19,2026-01-02,3,21301637|0386|A716|2025-12-19|net demand for forecast|000426,20251219-0386-A716-Train-#1
21301637|0386|A716|2025-12-19|net demand for forecast|000427_transit_20251219-0386-A716-Train-#1,2025-12-25,21301637,0386,A716,2025-12-19,2026-01-03,3,21301637|0386|A716|2025-12-19|net demand for forecast|000427,20251219-0386-A716-Train-#1
21301637|0386|A716|2025-12-19|net demand for forecast|000428_transit_20251219-0386-A716-Train-#1,2025-12-25,21301637,0386,A716,2025-12-19,2026-01-03,3,21301637|0386|A716|2025-12-19|net demand for forecast|000428,20251219-0386-A716-Train-#1
21301637|0386|A716|2025-12-19|net demand for forecast|000429_transit_20251219-0386-A716-Train-#1,2025-12-25,21301637,0386,A716,2025-12-19,2026-01-02,3,21301637|0386|A716|2025-12-19|net demand for forecast|000429,20251219-0386-A716-Train-#1
21301637|0386|A716|2025-12-19|net demand for forecast|000430_transit_20251219-0386-A716-Train-#1,2025-12-25,21301637,0386,A716,2025-12-19,2026-01-02,3,21301637|0386|A716|2025-12-19|net demand for forecast|000430,20251219-0386-A716-Train-#1
21301637|0386|A716|2025-12-19|net demand for forecast|000431_transit_20251219-0386-A716-Train-#1,2025-12-25,21301637,0386,A716,2025-12-19,2026-01-02,3,21301637|0386|A716|2025-12-19|net demand for forecast|000431,20251219-0386-A716-Train-#1
21301637|0386|A716|2025-12-19|net demand for forecast|000432_transit_20251219-0386-A716-Train-#1,2025-12-25,21301637,0386,A716,2025-12-19,2026-01-02,3,21301637|0386|A716|2025-12-19|net demand for forecast|000432,20251219-0386-A716-Train-#1
21357021|0386|A716|2025-12-19|net demand for forecast|000549_transit_20251219-0386-A716-Train-#1,2025-12-25,21357021,0386,A716,2025-12-19,2026-01-02,7,21357021|0386|A716|2025-12-19|net demand for forecast|000549,20251219-0386-A716-Train-#1
21357021|0386|A716|2025-12-19|net demand for forecast|000550_transit_20251219-0386-A716-Train-#1,2025-12-25,21357021,0386,A716,2025-12-19,2026-01-02,8,21357021|0386|A716|2025-12-19|net demand for forecast|000550,20251219-0386-A716-Train-#1
21357021|0386|A716|2025-12-19|net demand for forecast|000551_transit_20251219-0386-A716-Train-#1,2025-12-25,21357021,0386,A716,2025-12-19,2026-01-02,8,21357021|0386|A716|2025-12-19|net demand for forecast|000551,20251219-0386-A716-Train-#1
21357021|0386|A716|2025-12-19|net demand for forecast|000552_transit_20251219-0386-A716-Train-#1,2025-12-25,21357021,0386,A716,2025-12-19,2026-01-02,8,21357021|0386|A716|2025-12-19|net demand for forecast|000552,20251219-0386-A716-Train-#1
21357021|0386|A716|2025-12-19|net demand for forecast|000553_transit_20251219-0386-A716-Train-#1,2025-12-25,21357021,0386,A716,2025-12-19,2026-01-02,8,21357021|0386|A716|2025-12-19|net demand for forecast|000553,20251219-0386-A716-Train-#1
21357021|0386|A716|2025-12-19|net demand for forecast|000554_transit_20251219-0386-A716-Train-#1,2025-12-25,21357021,0386,A716,2025-12-19,2026-01-02,8,21357021|0386|A716|2025-12-19|net demand for forecast|000554,20251219-0386-A716-Train-#1
21357021|0386|A716|2025-12-19|net demand for forecast|000555_transit_20251219-0386-A716-Train-#1,2025-12-25,21357021,0386,A716,2025-12-19,2026-01-02,8,21357021|0386|A716|2025-12-19|net demand for forecast|000555,20251219-0386-A716-Train-#1
21357021|0386|A716|2025-12-19|net demand for forecast|000556_transit_20251219-0386-A716-Train-#1,2025-12-25,21357021,0386,A716,2025-12-19,2026-01-02,18,21357021|0386|A716|2025-12-19|net demand for forecast|000556,20251219-0386-A716-Train-#1
21357021|0386|A716|2025-12-19|net demand for forecast|000557_transit_20251219-0386-A716-Train-#1,2025-12-25,21357021,0386,A716,2025-12-19,2026-01-02,18,21357021|0386|A716|2025-12-19|net demand for forecast|000557,20251219-0386-A716-Train-#1
21357021|0386|A716|2025-12-19|net demand for forecast|000558_transit_20251219-0386-A716-Train-#1,2025-12-25,21357021,0386,A716,2025-12-19,2026-01-02,18,21357021|0386|A716|2025-12-19|net demand for forecast|000558,20251219-0386-A716-Train-#1
21357021|0386|A716|2025-12-19|net demand for forecast|000559_transit_20251219-0386-A716-Train-#1,2025-12-25,21357021,0386,A716,2025-12-19,2026-01-02,18,21357021|0386|A716|2025-12-19|net demand for forecast|000559,20251219-0386-A716-Train-#1
21357021|0386|A716|2025-12-19|net demand for forecast|000560_transit_20251219-0386-A716-Train-#1,2025-12-25,21357021,0386,A716,2025-12-19,2026-01-02,19,21357021|0386|A716|2025-12-19|net demand for forecast|000560,20251219-0386-A716-Train-#1
21357021|0386|A716|2025-12-19|net demand for forecast|000561_transit_20251219-0386-A716-Train-#1,2025-12-25,21357021,0386,A716,2025-12-19,2026-01-02,19,21357021|0386|A716|2025-12-19|net demand for forecast|000561,20251219-0386-A716-Train-#1
21357021|0386|A716|2025-12-19|net demand for forecast|000562_transit_20251219-0386-A716-Train-#1,2025-12-25,21357021,0386,A716,2025-12-19,2026-01-02,19,21357021|0386|A716|2025-12-19|net demand for forecast|000562,20251219-0386-A716-Train-#1
21357021|0386|A716|2025-12-19|net demand for forecast|000563_transit_20251219-0386-A716-Train-#1,2025-12-25,21357021,0386,A716,2025-12-19,2026-01-02,19,21357021|0386|A716|2025-12-19|net demand for forecast|000563,20251219-0386-A716-Train-#1
21357021|0386|A716|2025-12-19|net demand for forecast|000564_transit_20251219-0386-A716-Train-#1,2025-12-25,21357021,0386,A716,2025-12-19,2026-01-02,19,21357021|0386|A716|2025-12-19|net demand for forecast|000564,20251219-0386-A716-Train-#1
21376841|0386|A716|2025-12-19|net demand for forecast|000637_transit_20251219-0386-A716-Train-#1,2025-12-25,21376841,0386,A716,2025-12-19,2026-01-02,12,21376841|0386|A716|2025-12-19|net demand for forecast|000637,20251219-0386-A716-Train-#1
21376841|0386|A716|2025-12-19|net demand for forecast|000638_transit_20251219-0386-A716-Train-#1,2025-12-25,21376841,0386,A716,2025-12-19,2026-01-02,12,21376841|0386|A716|2025-12-19|net demand for forecast|000638,20251219-0386-A716-Train-#1
21376841|0386|A716|2025-12-19|net demand for forecast|000639_transit_20251219-0386-A716-Train-#1,2025-12-25,21376841,0386,A716,2025-12-19,2026-01-02,12,21376841|0386|A716|2025-12-19|net demand for forecast|000639,20251219-0386-A716-Train-#1
21376841|0386|A716|2025-12-19|net demand for forecast|000640_transit_20251219-0386-A716-Train-#1,2025-12-25,21376841,0386,A716,2025-12-19,2026-01-02,12,21376841|0386|A716|2025-12-19|net demand for forecast|000640,20251219-0386-A716-Train-#1
21376841|0386|A716|2025-12-19|net demand for forecast|000641_transit_20251219-0386-A716-Train-#1,2025-12-25,21376841,0386,A716,2025-12-19,2026-01-02,12,21376841|0386|A716|2025-12-19|net demand for forecast|000641,20251219-0386-A716-Train-#1
21376841|0386|A716|2025-12-19|net demand for forecast|000642_transit_20251219-0386-A716-Train-#1,2025-12-25,21376841,0386,A716,2025-12-19,2026-01-02,12,21376841|0386|A716|2025-12-19|net demand for forecast|000642,20251219-0386-A716-Train-#1
21376841|0386|A716|2025-12-19|net demand for forecast|000643_transit_20251219-0386-A716-Train-#1,2025-12-25,21376841,0386,A716,2025-12-19,2026-01-02,12,21376841|0386|A716|2025-12-19|net demand for forecast|000643,20251219-0386-A716-Train-#1
21376841|0386|A716|2025-12-19|net demand for forecast|000644_transit_20251219-0386-A716-Train-#1,2025-12-25,21376841,0386,A716,2025-12-19,2026-01-02,28,21376841|0386|A716|2025-12-19|net demand for forecast|000644,20251219-0386-A716-Train-#1
21376841|0386|A716|2025-12-19|net demand for forecast|000645_transit_20251219-0386-A716-Train-#1,2025-12-25,21376841,0386,A716,2025-12-19,2026-01-03,28,21376841|0386|A716|2025-12-19|net demand for forecast|000645,20251219-0386-A716-Train-#1
21376841|0386|A716|2025-12-19|net demand for forecast|000646_transit_20251219-0386-A716-Train-#1,2025-12-25,21376841,0386,A716,2025-12-19,2026-01-02,28,21376841|0386|A716|2025-12-19|net demand for forecast|000646,20251219-0386-A716-Train-#1
21376841|0386|A716|2025-12-19|net demand for forecast|000647_transit_20251219-0386-A716-Train-#1,2025-12-25,21376841,0386,A716,2025-12-19,2026-01-02,28,21376841|0386|A716|2025-12-19|net demand for forecast|000647,20251219-0386-A716-Train-#1
21376841|0386|A716|2025-12-19|net demand for forecast|000648_transit_20251219-0386-A716-Train-#1,2025-12-25,21376841,0386,A716,2025-12-19,2026-01-02,28,21376841|0386|A716|2025-12-19|net demand for forecast|000648,20251219-0386-A716-Train-#1
21376841|0386|A716|2025-12-19|net demand for forecast|000649_transit_20251219-0386-A716-Train-#1,2025-12-25,21376841,0386,A716,2025-12-19,2026-01-03,29,21376841|0386|A716|2025-12-19|net demand for forecast|000649,20251219-0386-A716-Train-#1
21376841|0386|A716|2025-12-19|net demand for forecast|000650_transit_20251219-0386-A716-Train-#1,2025-12-25,21376841,0386,A716,2025-12-19,2026-01-03,29,21376841|0386|A716|2025-12-19|net demand for forecast|000650,20251219-0386-A716-Train-#1
21376841|0386|A716|2025-12-19|net demand for forecast|000651_transit_20251219-0386-A716-Train-#1,2025-12-25,21376841,0386,A716,2025-12-19,2026-01-02,29,21376841|0386|A716|2025-12-19|net demand for forecast|000651,20251219-0386-A716-Train-#1
21376841|0386|A716|2025-12-19|net demand for forecast|000652_transit_20251219-0386-A716-Train-#1,2025-12-25,21376841,0386,A716,2025-12-19,2026-01-02,29,21376841|0386|A716|2025-12-19|net demand for forecast|000652,20251219-0386-A716-Train-#1
21143102|0386|A716|2025-12-19|net demand for safety|000247_transit_20251219-0386-A716-Train-#1,2025-12-25,21143102,0386,A716,2025-12-19,2026-01-02,66,21143102|0386|A716|2025-12-19|net demand for safety|000247,20251219-0386-A716-Train-#1
21301637|0386|A716|2025-12-19|net demand for safety|000433_transit_20251219-0386-A716-Train-#1,2025-12-25,21301637,0386,A716,2025-12-19,2026-01-02,6,21301637|0386|A716|2025-12-19|net demand for safety|000433,20251219-0386-A716-Train-#1
21301637|0386|A716|2025-12-19|push replenishment|000434_transit_20251219-0386-A716-Train-#1,2025-12-25,21301637,0386,A716,2025-12-19,2026-01-02,2,21301637|0386|A716|2025-12-19|push replenishment|000434,20251219-0386-A716-Train-#1
21366842|0386|A668|2025-12-20|net demand for normal|000858_transit_20251220-0386-A668-Train-#1,2025-12-25,21366842,0386,A668,2025-12-20,2025-12-26,6,21366842|0386|A668|2025-12-20|net demand for normal|000858,20251220-0386-A668-Train-#1
21128067|0386|A668|2025-12-20|net demand for forecast|000750_transit_20251220-0386-A668-Train-#1,2025-12-25,21128067,0386,A668,2025-12-20,2025-12-26,11,21128067|0386|A668|2025-12-20|net demand for forecast|000750,20251220-0386-A668-Train-#1
21416910|0386|A668|2025-12-20|net demand for forecast|000958_transit_20251220-0386-A668-Train-#1,2025-12-25,21416910,0386,A668,2025-12-20,2025-12-26,26,21416910|0386|A668|2025-12-20|net demand for forecast|000958,20251220-0386-A668-Train-#1
21128067|0386|A668|2025-12-20|net demand for safety|000753_transit_20251220-0386-A668-Train-#1,2025-12-25,21128067,0386,A668,2025-12-20,2025-12-26,122,21128067|0386|A668|2025-12-20|net demand for safety|000753,20251220-0386-A668-Train-#1
21291975|0386|A672|2025-12-20|net demand for normal|000801_transit_20251220-0386-A672-Train-#1,2025-12-25,21291975,0386,A672,2025-12-20,2025-12-27,5,21291975|0386|A672|2025-12-20|net demand for normal|000801,20251220-0386-A672-Train-#1
21366842|0386|A672|2025-12-20|net demand for normal|000872_transit_20251220-0386-A672-Train-#1,2025-12-25,21366842,0386,A672,2025-12-20,2025-12-27,172,21366842|0386|A672|2025-12-20|net demand for normal|000872,20251220-0386-A672-Train-#1
21416910|0386|A672|2025-12-20|net demand for normal|000974_transit_20251220-0386-A672-Train-#1,2025-12-25,21416910,0386,A672,2025-12-20,2025-12-27,33,21416910|0386|A672|2025-12-20|net demand for normal|000974,20251220-0386-A672-Train-#1
21366842|0386|A672|2025-12-20|net demand for forecast|000860_transit_20251220-0386-A672-Train-#1,2025-12-25,21366842,0386,A672,2025-12-20,2025-12-27,40,21366842|0386|A672|2025-12-20|net demand for forecast|000860,20251220-0386-A672-Train-#1
21366842|0386|A672|2025-12-20|net demand for forecast|000861_transit_20251220-0386-A672-Train-#1,2025-12-25,21366842,0386,A672,2025-12-20,2025-12-28,40,21366842|0386|A672|2025-12-20|net demand for forecast|000861,20251220-0386-A672-Train-#1
21366842|0386|A672|2025-12-20|net demand for forecast|000862_transit_20251220-0386-A672-Train-#1,2025-12-25,21366842,0386,A672,2025-12-20,2025-12-27,40,21366842|0386|A672|2025-12-20|net demand for forecast|000862,20251220-0386-A672-Train-#1
21366842|0386|A672|2025-12-20|net demand for forecast|000863_transit_20251220-0386-A672-Train-#1,2025-12-25,21366842,0386,A672,2025-12-20,2025-12-27,40,21366842|0386|A672|2025-12-20|net demand for forecast|000863,20251220-0386-A672-Train-#1
21366842|0386|A672|2025-12-20|net demand for forecast|000864_transit_20251220-0386-A672-Train-#1,2025-12-25,21366842,0386,A672,2025-12-20,2025-12-27,93,21366842|0386|A672|2025-12-20|net demand for forecast|000864,20251220-0386-A672-Train-#1
21366842|0386|A672|2025-12-20|net demand for forecast|000865_transit_20251220-0386-A672-Train-#1,2025-12-25,21366842,0386,A672,2025-12-20,2025-12-27,93,21366842|0386|A672|2025-12-20|net demand for forecast|000865,20251220-0386-A672-Train-#1
21366842|0386|A672|2025-12-20|net demand for forecast|000866_transit_20251220-0386-A672-Train-#1,2025-12-25,21366842,0386,A672,2025-12-20,2025-12-27,93,21366842|0386|A672|2025-12-20|net demand for forecast|000866,20251220-0386-A672-Train-#1
21366842|0386|A672|2025-12-20|net demand for forecast|000867_transit_20251220-0386-A672-Train-#1,2025-12-25,21366842,0386,A672,2025-12-20,2025-12-27,93,21366842|0386|A672|2025-12-20|net demand for forecast|000867,20251220-0386-A672-Train-#1
21366842|0386|A672|2025-12-20|net demand for forecast|000868_transit_20251220-0386-A672-Train-#1,2025-12-25,21366842,0386,A672,2025-12-20,2025-12-28,94,21366842|0386|A672|2025-12-20|net demand for forecast|000868,20251220-0386-A672-Train-#1
21366842|0386|A672|2025-12-20|net demand for forecast|000869_transit_20251220-0386-A672-Train-#1,2025-12-25,21366842,0386,A672,2025-12-20,2025-12-27,94,21366842|0386|A672|2025-12-20|net demand for forecast|000869,20251220-0386-A672-Train-#1
21366842|0386|A672|2025-12-20|net demand for forecast|000870_transit_20251220-0386-A672-Train-#1,2025-12-25,21366842,0386,A672,2025-12-20,2025-12-28,94,21366842|0386|A672|2025-12-20|net demand for forecast|000870,20251220-0386-A672-Train-#1
21366842|0386|A672|2025-12-20|net demand for forecast|000871_transit_20251220-0386-A672-Train-#1,2025-12-25,21366842,0386,A672,2025-12-20,2025-12-27,94,21366842|0386|A672|2025-12-20|net demand for forecast|000871,20251220-0386-A672-Train-#1
21416910|0386|A672|2025-12-20|net demand for forecast|000962_transit_20251220-0386-A672-Train-#1,2025-12-25,21416910,0386,A672,2025-12-20,2025-12-27,15,21416910|0386|A672|2025-12-20|net demand for forecast|000962,20251220-0386-A672-Train-#1
21416910|0386|A672|2025-12-20|net demand for forecast|000963_transit_20251220-0386-A672-Train-#1,2025-12-25,21416910,0386,A672,2025-12-20,2025-12-28,15,21416910|0386|A672|2025-12-20|net demand for forecast|000963,20251220-0386-A672-Train-#1
21416910|0386|A672|2025-12-20|net demand for forecast|000964_transit_20251220-0386-A672-Train-#1,2025-12-25,21416910,0386,A672,2025-12-20,2025-12-27,15,21416910|0386|A672|2025-12-20|net demand for forecast|000964,20251220-0386-A672-Train-#1
21416910|0386|A672|2025-12-20|net demand for forecast|000965_transit_20251220-0386-A672-Train-#1,2025-12-25,21416910,0386,A672,2025-12-20,2025-12-27,15,21416910|0386|A672|2025-12-20|net demand for forecast|000965,20251220-0386-A672-Train-#1
21416910|0386|A672|2025-12-20|net demand for forecast|000966_transit_20251220-0386-A672-Train-#1,2025-12-25,21416910,0386,A672,2025-12-20,2025-12-27,16,21416910|0386|A672|2025-12-20|net demand for forecast|000966,20251220-0386-A672-Train-#1
21416910|0386|A672|2025-12-20|net demand for forecast|000967_transit_20251220-0386-A672-Train-#1,2025-12-25,21416910,0386,A672,2025-12-20,2025-12-27,32,21416910|0386|A672|2025-12-20|net demand for forecast|000967,20251220-0386-A672-Train-#1
21416910|0386|A672|2025-12-20|net demand for forecast|000968_transit_20251220-0386-A672-Train-#1,2025-12-25,21416910,0386,A672,2025-12-20,2025-12-27,32,21416910|0386|A672|2025-12-20|net demand for forecast|000968,20251220-0386-A672-Train-#1
21416910|0386|A672|2025-12-20|net demand for forecast|000969_transit_20251220-0386-A672-Train-#1,2025-12-25,21416910,0386,A672,2025-12-20,2025-12-27,32,21416910|0386|A672|2025-12-20|net demand for forecast|000969,20251220-0386-A672-Train-#1
21416910|0386|A672|2025-12-20|net demand for forecast|000970_transit_20251220-0386-A672-Train-#1,2025-12-25,21416910,0386,A672,2025-12-20,2025-12-27,32,21416910|0386|A672|2025-12-20|net demand for forecast|000970,20251220-0386-A672-Train-#1
21416910|0386|A672|2025-12-20|net demand for forecast|000971_transit_20251220-0386-A672-Train-#1,2025-12-25,21416910,0386,A672,2025-12-20,2025-12-27,32,21416910|0386|A672|2025-12-20|net demand for forecast|000971,20251220-0386-A672-Train-#1
21416910|0386|A672|2025-12-20|net demand for forecast|000972_transit_20251220-0386-A672-Train-#1,2025-12-25,21416910,0386,A672,2025-12-20,2025-12-27,32,21416910|0386|A672|2025-12-20|net demand for forecast|000972,20251220-0386-A672-Train-#1
21416910|0386|A672|2025-12-20|net demand for forecast|000973_transit_20251220-0386-A672-Train-#1,2025-12-25,21416910,0386,A672,2025-12-20,2025-12-27,32,21416910|0386|A672|2025-12-20|net demand for forecast|000973,20251220-0386-A672-Train-#1
21128067|0386|A672|2025-12-20|net demand for safety|000756_transit_20251220-0386-A672-Train-#1,2025-12-25,21128067,0386,A672,2025-12-20,2025-12-27,50,21128067|0386|A672|2025-12-20|net demand for safety|000756,20251220-0386-A672-Train-#1
21366842|0386|A672|2025-12-20|net demand for safety|000873_transit_20251220-0386-A672-Train-#1,2025-12-25,21366842,0386,A672,2025-12-20,2025-12-27,100,21366842|0386|A672|2025-12-20|net demand for safety|000873,20251220-0386-A672-Train-#1
21416910|0386|A672|2025-12-20|net demand for safety|000975_transit_20251220-0386-A672-Train-#1,2025-12-25,21416910,0386,A672,2025-12-20,2025-12-27,36,21416910|0386|A672|2025-12-20|net demand for safety|000975,20251220-0386-A672-Train-#1
21128067|0386|A672|2025-12-20|net demand for net demand for safety|000755_transit_20251220-0386-A672-Train-#1,2025-12-25,21128067,0386,A672,2025-12-20,2025-12-28,1,21128067|0386|A672|2025-12-20|net demand for net demand for safety|000755,20251220-0386-A672-Train-#1
21128067|0386|A672|2025-12-20|push replenishment|000757_transit_20251220-0386-A672-Train-#1,2025-12-25,21128067,0386,A672,2025-12-20,2025-12-27,277,21128067|0386|A672|2025-12-20|push replenishment|000757,20251220-0386-A672-Train-#1
21366842|0386|A672|2025-12-20|push replenishment|000874_transit_20251220-0386-A672-Train-#1,2025-12-25,21366842,0386,A672,2025-12-20,2025-12-27,5,21366842|0386|A672|2025-12-20|push replenishment|000874,20251220-0386-A672-Train-#1
21416910|0386|A672|2025-12-20|push replenishment|000976_transit_20251220-0386-A672-Train-#1,2025-12-25,21416910,0386,A672,2025-12-20,2025-12-27,4,21416910|0386|A672|2025-12-20|push replenishment|000976,20251220-0386-A672-Train-#1
21291975|0386|A715|2025-12-20|net demand for normal|000804_transit_20251220-0386-A715-Train-#1,2025-12-25,21291975,0386,A715,2025-12-20,2025-12-31,2,21291975|0386|A715|2025-12-20|net demand for normal|000804,20251220-0386-A715-Train-#1
21366842|0386|A715|2025-12-20|net demand for normal|000916_transit_20251220-0386-A715-Train-#1,2025-12-25,21366842,0386,A715,2025-12-20,2025-12-30,17,21366842|0386|A715|2025-12-20|net demand for normal|000916,20251220-0386-A715-Train-#1
21376841|0386|A715|2025-12-20|net demand for normal|000946_transit_20251220-0386-A715-Train-#1,2025-12-25,21376841,0386,A715,2025-12-20,2025-12-30,1,21376841|0386|A715|2025-12-20|net demand for normal|000946,20251220-0386-A715-Train-#1
21366842|0386|A715|2025-12-20|net demand for forecast|000901_transit_20251220-0386-A715-Train-#1,2025-12-25,21366842,0386,A715,2025-12-20,2025-12-30,4,21366842|0386|A715|2025-12-20|net demand for forecast|000901,20251220-0386-A715-Train-#1
21366842|0386|A715|2025-12-20|net demand for forecast|000902_transit_20251220-0386-A715-Train-#1,2025-12-25,21366842,0386,A715,2025-12-20,2025-12-30,4,21366842|0386|A715|2025-12-20|net demand for forecast|000902,20251220-0386-A715-Train-#1
21366842|0386|A715|2025-12-20|net demand for forecast|000903_transit_20251220-0386-A715-Train-#1,2025-12-25,21366842,0386,A715,2025-12-20,2025-12-30,4,21366842|0386|A715|2025-12-20|net demand for forecast|000903,20251220-0386-A715-Train-#1
21366842|0386|A715|2025-12-20|net demand for forecast|000904_transit_20251220-0386-A715-Train-#1,2025-12-25,21366842,0386,A715,2025-12-20,2025-12-30,4,21366842|0386|A715|2025-12-20|net demand for forecast|000904,20251220-0386-A715-Train-#1
21366842|0386|A715|2025-12-20|net demand for forecast|000905_transit_20251220-0386-A715-Train-#1,2025-12-25,21366842,0386,A715,2025-12-20,2025-12-30,4,21366842|0386|A715|2025-12-20|net demand for forecast|000905,20251220-0386-A715-Train-#1
21366842|0386|A715|2025-12-20|net demand for forecast|000906_transit_20251220-0386-A715-Train-#1,2025-12-25,21366842,0386,A715,2025-12-20,2025-12-31,4,21366842|0386|A715|2025-12-20|net demand for forecast|000906,20251220-0386-A715-Train-#1
21366842|0386|A715|2025-12-20|net demand for forecast|000907_transit_20251220-0386-A715-Train-#1,2025-12-25,21366842,0386,A715,2025-12-20,2025-12-30,4,21366842|0386|A715|2025-12-20|net demand for forecast|000907,20251220-0386-A715-Train-#1
21366842|0386|A715|2025-12-20|net demand for forecast|000908_transit_20251220-0386-A715-Train-#1,2025-12-25,21366842,0386,A715,2025-12-20,2025-12-30,9,21366842|0386|A715|2025-12-20|net demand for forecast|000908,20251220-0386-A715-Train-#1
21366842|0386|A715|2025-12-20|net demand for forecast|000909_transit_20251220-0386-A715-Train-#1,2025-12-25,21366842,0386,A715,2025-12-20,2025-12-30,9,21366842|0386|A715|2025-12-20|net demand for forecast|000909,20251220-0386-A715-Train-#1
21366842|0386|A715|2025-12-20|net demand for forecast|000910_transit_20251220-0386-A715-Train-#1,2025-12-25,21366842,0386,A715,2025-12-20,2025-12-30,9,21366842|0386|A715|2025-12-20|net demand for forecast|000910,20251220-0386-A715-Train-#1
21366842|0386|A715|2025-12-20|net demand for forecast|000911_transit_20251220-0386-A715-Train-#1,2025-12-25,21366842,0386,A715,2025-12-20,2025-12-30,9,21366842|0386|A715|2025-12-20|net demand for forecast|000911,20251220-0386-A715-Train-#1
21366842|0386|A715|2025-12-20|net demand for forecast|000912_transit_20251220-0386-A715-Train-#1,2025-12-25,21366842,0386,A715,2025-12-20,2025-12-30,9,21366842|0386|A715|2025-12-20|net demand for forecast|000912,20251220-0386-A715-Train-#1
21366842|0386|A715|2025-12-20|net demand for forecast|000913_transit_20251220-0386-A715-Train-#1,2025-12-25,21366842,0386,A715,2025-12-20,2025-12-30,9,21366842|0386|A715|2025-12-20|net demand for forecast|000913,20251220-0386-A715-Train-#1
21366842|0386|A715|2025-12-20|net demand for forecast|000914_transit_20251220-0386-A715-Train-#1,2025-12-25,21366842,0386,A715,2025-12-20,2025-12-30,10,21366842|0386|A715|2025-12-20|net demand for forecast|000914,20251220-0386-A715-Train-#1
21366842|0386|A715|2025-12-20|net demand for forecast|000915_transit_20251220-0386-A715-Train-#1,2025-12-25,21366842,0386,A715,2025-12-20,2025-12-30,10,21366842|0386|A715|2025-12-20|net demand for forecast|000915,20251220-0386-A715-Train-#1
21442422|0386|A715|2025-12-20|net demand for forecast|001020_transit_20251220-0386-A715-Train-#1,2025-12-25,21442422,0386,A715,2025-12-20,2025-12-30,11,21442422|0386|A715|2025-12-20|net demand for forecast|001020,20251220-0386-A715-Train-#1
21442422|0386|A715|2025-12-20|net demand for forecast|001021_transit_20251220-0386-A715-Train-#1,2025-12-25,21442422,0386,A715,2025-12-20,2025-12-30,11,21442422|0386|A715|2025-12-20|net demand for forecast|001021,20251220-0386-A715-Train-#1
21442422|0386|A715|2025-12-20|net demand for forecast|001022_transit_20251220-0386-A715-Train-#1,2025-12-25,21442422,0386,A715,2025-12-20,2025-12-30,12,21442422|0386|A715|2025-12-20|net demand for forecast|001022,20251220-0386-A715-Train-#1
21442422|0386|A715|2025-12-20|net demand for forecast|001023_transit_20251220-0386-A715-Train-#1,2025-12-25,21442422,0386,A715,2025-12-20,2025-12-30,12,21442422|0386|A715|2025-12-20|net demand for forecast|001023,20251220-0386-A715-Train-#1
21442422|0386|A715|2025-12-20|net demand for forecast|001024_transit_20251220-0386-A715-Train-#1,2025-12-25,21442422,0386,A715,2025-12-20,2025-12-30,12,21442422|0386|A715|2025-12-20|net demand for forecast|001024,20251220-0386-A715-Train-#1
21442422|0386|A715|2025-12-20|net demand for forecast|001025_transit_20251220-0386-A715-Train-#1,2025-12-25,21442422,0386,A715,2025-12-20,2025-12-30,12,21442422|0386|A715|2025-12-20|net demand for forecast|001025,20251220-0386-A715-Train-#1
21442422|0386|A715|2025-12-20|net demand for forecast|001026_transit_20251220-0386-A715-Train-#1,2025-12-25,21442422,0386,A715,2025-12-20,2025-12-30,12,21442422|0386|A715|2025-12-20|net demand for forecast|001026,20251220-0386-A715-Train-#1
21442422|0386|A715|2025-12-20|net demand for forecast|001027_transit_20251220-0386-A715-Train-#1,2025-12-25,21442422,0386,A715,2025-12-20,2025-12-30,18,21442422|0386|A715|2025-12-20|net demand for forecast|001027,20251220-0386-A715-Train-#1
21442422|0386|A715|2025-12-20|net demand for forecast|001028_transit_20251220-0386-A715-Train-#1,2025-12-25,21442422,0386,A715,2025-12-20,2025-12-30,73,21442422|0386|A715|2025-12-20|net demand for forecast|001028,20251220-0386-A715-Train-#1
21442422|0386|A715|2025-12-20|net demand for forecast|001029_transit_20251220-0386-A715-Train-#1,2025-12-25,21442422,0386,A715,2025-12-20,2025-12-30,73,21442422|0386|A715|2025-12-20|net demand for forecast|001029,20251220-0386-A715-Train-#1
21442422|0386|A715|2025-12-20|net demand for forecast|001030_transit_20251220-0386-A715-Train-#1,2025-12-25,21442422,0386,A715,2025-12-20,2025-12-30,73,21442422|0386|A715|2025-12-20|net demand for forecast|001030,20251220-0386-A715-Train-#1
21442422|0386|A715|2025-12-20|net demand for forecast|001031_transit_20251220-0386-A715-Train-#1,2025-12-25,21442422,0386,A715,2025-12-20,2025-12-30,73,21442422|0386|A715|2025-12-20|net demand for forecast|001031,20251220-0386-A715-Train-#1
21442422|0386|A715|2025-12-20|net demand for forecast|001032_transit_20251220-0386-A715-Train-#1,2025-12-25,21442422,0386,A715,2025-12-20,2025-12-31,73,21442422|0386|A715|2025-12-20|net demand for forecast|001032,20251220-0386-A715-Train-#1
21442422|0386|A715|2025-12-20|net demand for forecast|001033_transit_20251220-0386-A715-Train-#1,2025-12-25,21442422,0386,A715,2025-12-20,2025-12-30,74,21442422|0386|A715|2025-12-20|net demand for forecast|001033,20251220-0386-A715-Train-#1
21128067|0386|A715|2025-12-20|net demand for safety|000764_transit_20251220-0386-A715-Train-#1,2025-12-25,21128067,0386,A715,2025-12-20,2025-12-30,44,21128067|0386|A715|2025-12-20|net demand for safety|000764,20251220-0386-A715-Train-#1
21366842|0386|A715|2025-12-20|net demand for safety|000917_transit_20251220-0386-A715-Train-#1,2025-12-25,21366842,0386,A715,2025-12-20,2025-12-30,13,21366842|0386|A715|2025-12-20|net demand for safety|000917,20251220-0386-A715-Train-#1
21128067|0386|A715|2025-12-20|push replenishment|000765_transit_20251220-0386-A715-Train-#1,2025-12-25,21128067,0386,A715,2025-12-20,2025-12-30,55,21128067|0386|A715|2025-12-20|push replenishment|000765,20251220-0386-A715-Train-#1
21291975|0386|A716|2025-12-20|net demand for normal|000805_transit_20251220-0386-A716-Train-#1,2025-12-25,21291975,0386,A716,2025-12-20,2026-01-04,2,21291975|0386|A716|2025-12-20|net demand for normal|000805,20251220-0386-A716-Train-#1
21366842|0386|A716|2025-12-20|net demand for normal|000933_transit_20251220-0386-A716-Train-#1,2025-12-25,21366842,0386,A716,2025-12-20,2026-01-04,5,21366842|0386|A716|2025-12-20|net demand for normal|000933,20251220-0386-A716-Train-#1
21376841|0386|A716|2025-12-20|net demand for normal|000947_transit_20251220-0386-A716-Train-#1,2025-12-25,21376841,0386,A716,2025-12-20,2026-01-03,2,21376841|0386|A716|2025-12-20|net demand for normal|000947,20251220-0386-A716-Train-#1
21366842|0386|A716|2025-12-20|net demand for forecast|000918_transit_20251220-0386-A716-Train-#1,2025-12-25,21366842,0386,A716,2025-12-20,2026-01-03,4,21366842|0386|A716|2025-12-20|net demand for forecast|000918,20251220-0386-A716-Train-#1
21366842|0386|A716|2025-12-20|net demand for forecast|000919_transit_20251220-0386-A716-Train-#1,2025-12-25,21366842,0386,A716,2025-12-20,2026-01-03,4,21366842|0386|A716|2025-12-20|net demand for forecast|000919,20251220-0386-A716-Train-#1
21366842|0386|A716|2025-12-20|net demand for forecast|000920_transit_20251220-0386-A716-Train-#1,2025-12-25,21366842,0386,A716,2025-12-20,2026-01-03,4,21366842|0386|A716|2025-12-20|net demand for forecast|000920,20251220-0386-A716-Train-#1
21366842|0386|A716|2025-12-20|net demand for forecast|000921_transit_20251220-0386-A716-Train-#1,2025-12-25,21366842,0386,A716,2025-12-20,2026-01-03,4,21366842|0386|A716|2025-12-20|net demand for forecast|000921,20251220-0386-A716-Train-#1
21366842|0386|A716|2025-12-20|net demand for forecast|000922_transit_20251220-0386-A716-Train-#1,2025-12-25,21366842,0386,A716,2025-12-20,2026-01-03,4,21366842|0386|A716|2025-12-20|net demand for forecast|000922,20251220-0386-A716-Train-#1
21366842|0386|A716|2025-12-20|net demand for forecast|000923_transit_20251220-0386-A716-Train-#1,2025-12-25,21366842,0386,A716,2025-12-20,2026-01-03,4,21366842|0386|A716|2025-12-20|net demand for forecast|000923,20251220-0386-A716-Train-#1
21366842|0386|A716|2025-12-20|net demand for forecast|000924_transit_20251220-0386-A716-Train-#1,2025-12-25,21366842,0386,A716,2025-12-20,2026-01-03,4,21366842|0386|A716|2025-12-20|net demand for forecast|000924,20251220-0386-A716-Train-#1
21366842|0386|A716|2025-12-20|net demand for forecast|000925_transit_20251220-0386-A716-Train-#1,2025-12-25,21366842,0386,A716,2025-12-20,2026-01-03,9,21366842|0386|A716|2025-12-20|net demand for forecast|000925,20251220-0386-A716-Train-#1
21366842|0386|A716|2025-12-20|net demand for forecast|000926_transit_20251220-0386-A716-Train-#1,2025-12-25,21366842,0386,A716,2025-12-20,2026-01-04,9,21366842|0386|A716|2025-12-20|net demand for forecast|000926,20251220-0386-A716-Train-#1
21366842|0386|A716|2025-12-20|net demand for forecast|000927_transit_20251220-0386-A716-Train-#1,2025-12-25,21366842,0386,A716,2025-12-20,2026-01-03,9,21366842|0386|A716|2025-12-20|net demand for forecast|000927,20251220-0386-A716-Train-#1
21366842|0386|A716|2025-12-20|net demand for forecast|000928_transit_20251220-0386-A716-Train-#1,2025-12-25,21366842,0386,A716,2025-12-20,2026-01-03,9,21366842|0386|A716|2025-12-20|net demand for forecast|000928,20251220-0386-A716-Train-#1
21366842|0386|A716|2025-12-20|net demand for forecast|000929_transit_20251220-0386-A716-Train-#1,2025-12-25,21366842,0386,A716,2025-12-20,2026-01-03,9,21366842|0386|A716|2025-12-20|net demand for forecast|000929,20251220-0386-A716-Train-#1
21366842|0386|A716|2025-12-20|net demand for forecast|000930_transit_20251220-0386-A716-Train-#1,2025-12-25,21366842,0386,A716,2025-12-20,2026-01-04,9,21366842|0386|A716|2025-12-20|net demand for forecast|000930,20251220-0386-A716-Train-#1
21366842|0386|A716|2025-12-20|net demand for forecast|000931_transit_20251220-0386-A716-Train-#1,2025-12-25,21366842,0386,A716,2025-12-20,2026-01-03,10,21366842|0386|A716|2025-12-20|net demand for forecast|000931,20251220-0386-A716-Train-#1
21366842|0386|A716|2025-12-20|net demand for forecast|000932_transit_20251220-0386-A716-Train-#1,2025-12-25,21366842,0386,A716,2025-12-20,2026-01-03,10,21366842|0386|A716|2025-12-20|net demand for forecast|000932,20251220-0386-A716-Train-#1
21442422|0386|A716|2025-12-20|net demand for forecast|001034_transit_20251220-0386-A716-Train-#1,2025-12-25,21442422,0386,A716,2025-12-20,2026-01-03,3,21442422|0386|A716|2025-12-20|net demand for forecast|001034,20251220-0386-A716-Train-#1
21442422|0386|A716|2025-12-20|net demand for forecast|001035_transit_20251220-0386-A716-Train-#1,2025-12-25,21442422,0386,A716,2025-12-20,2026-01-03,4,21442422|0386|A716|2025-12-20|net demand for forecast|001035,20251220-0386-A716-Train-#1
21442422|0386|A716|2025-12-20|net demand for forecast|001036_transit_20251220-0386-A716-Train-#1,2025-12-25,21442422,0386,A716,2025-12-20,2026-01-03,4,21442422|0386|A716|2025-12-20|net demand for forecast|001036,20251220-0386-A716-Train-#1
21442422|0386|A716|2025-12-20|net demand for forecast|001037_transit_20251220-0386-A716-Train-#1,2025-12-25,21442422,0386,A716,2025-12-20,2026-01-03,4,21442422|0386|A716|2025-12-20|net demand for forecast|001037,20251220-0386-A716-Train-#1
21442422|0386|A716|2025-12-20|net demand for forecast|001038_transit_20251220-0386-A716-Train-#1,2025-12-25,21442422,0386,A716,2025-12-20,2026-01-03,9,21442422|0386|A716|2025-12-20|net demand for forecast|001038,20251220-0386-A716-Train-#1
21442422|0386|A716|2025-12-20|net demand for forecast|001039_transit_20251220-0386-A716-Train-#1,2025-12-25,21442422,0386,A716,2025-12-20,2026-01-03,9,21442422|0386|A716|2025-12-20|net demand for forecast|001039,20251220-0386-A716-Train-#1
21442422|0386|A716|2025-12-20|net demand for forecast|001040_transit_20251220-0386-A716-Train-#1,2025-12-25,21442422,0386,A716,2025-12-20,2026-01-03,10,21442422|0386|A716|2025-12-20|net demand for forecast|001040,20251220-0386-A716-Train-#1
21442422|0386|A716|2025-12-20|net demand for forecast|001041_transit_20251220-0386-A716-Train-#1,2025-12-25,21442422,0386,A716,2025-12-20,2026-01-03,10,21442422|0386|A716|2025-12-20|net demand for forecast|001041,20251220-0386-A716-Train-#1
21442422|0386|A716|2025-12-20|net demand for forecast|001042_transit_20251220-0386-A716-Train-#1,2025-12-25,21442422,0386,A716,2025-12-20,2026-01-03,10,21442422|0386|A716|2025-12-20|net demand for forecast|001042,20251220-0386-A716-Train-#1
21442422|0386|A716|2025-12-20|net demand for forecast|001043_transit_20251220-0386-A716-Train-#1,2025-12-25,21442422,0386,A716,2025-12-20,2026-01-03,10,21442422|0386|A716|2025-12-20|net demand for forecast|001043,20251220-0386-A716-Train-#1
21442422|0386|A716|2025-12-20|net demand for forecast|001044_transit_20251220-0386-A716-Train-#1,2025-12-25,21442422,0386,A716,2025-12-20,2026-01-03,10,21442422|0386|A716|2025-12-20|net demand for forecast|001044,20251220-0386-A716-Train-#1
21442422|0386|A716|2025-12-20|net demand for forecast|001045_transit_20251220-0386-A716-Train-#1,2025-12-25,21442422,0386,A716,2025-12-20,2026-01-03,32,21442422|0386|A716|2025-12-20|net demand for forecast|001045,20251220-0386-A716-Train-#1
21442422|0386|A716|2025-12-20|net demand for forecast|001046_transit_20251220-0386-A716-Train-#1,2025-12-25,21442422,0386,A716,2025-12-20,2026-01-03,58,21442422|0386|A716|2025-12-20|net demand for forecast|001046,20251220-0386-A716-Train-#1
21442422|0386|A716|2025-12-20|net demand for forecast|001047_transit_20251220-0386-A716-Train-#1,2025-12-25,21442422,0386,A716,2025-12-20,2026-01-03,58,21442422|0386|A716|2025-12-20|net demand for forecast|001047,20251220-0386-A716-Train-#1
21442422|0386|A716|2025-12-20|net demand for forecast|001048_transit_20251220-0386-A716-Train-#1,2025-12-25,21442422,0386,A716,2025-12-20,2026-01-03,59,21442422|0386|A716|2025-12-20|net demand for forecast|001048,20251220-0386-A716-Train-#1
21442422|0386|A716|2025-12-20|net demand for forecast|001049_transit_20251220-0386-A716-Train-#1,2025-12-25,21442422,0386,A716,2025-12-20,2026-01-03,59,21442422|0386|A716|2025-12-20|net demand for forecast|001049,20251220-0386-A716-Train-#1
21442422|0386|A716|2025-12-20|net demand for forecast|001050_transit_20251220-0386-A716-Train-#1,2025-12-25,21442422,0386,A716,2025-12-20,2026-01-03,59,21442422|0386|A716|2025-12-20|net demand for forecast|001050,20251220-0386-A716-Train-#1
21442422|0386|A716|2025-12-20|net demand for forecast|001051_transit_20251220-0386-A716-Train-#1,2025-12-25,21442422,0386,A716,2025-12-20,2026-01-03,59,21442422|0386|A716|2025-12-20|net demand for forecast|001051,20251220-0386-A716-Train-#1
21128067|0386|A716|2025-12-20|net demand for safety|000766_transit_20251220-0386-A716-Train-#1,2025-12-25,21128067,0386,A716,2025-12-20,2026-01-03,79,21128067|0386|A716|2025-12-20|net demand for safety|000766,20251220-0386-A716-Train-#1
21128067|0386|A716|2025-12-20|push replenishment|000767_transit_20251220-0386-A716-Train-#1,2025-12-25,21128067,0386,A716,2025-12-20,2026-01-03,96,21128067|0386|A716|2025-12-20|push replenishment|000767,20251220-0386-A716-Train-#1
21291975|0386|A680|2025-12-20|net demand for normal|000803_transit_20251221-0386-A680-Train-#1,2025-12-25,21291975,0386,A680,2025-12-21,2025-12-28,11,21291975|0386|A680|2025-12-20|net demand for normal|000803,20251221-0386-A680-Train-#1
21366842|0386|A680|2025-12-20|net demand for normal|000899_transit_20251221-0386-A680-Train-#1,2025-12-25,21366842,0386,A680,2025-12-21,2025-12-29,4,21366842|0386|A680|2025-12-20|net demand for normal|000899,20251221-0386-A680-Train-#1
21416910|0386|A680|2025-12-20|net demand for normal|001001_transit_20251221-0386-A680-Train-#1,2025-12-25,21416910,0386,A680,2025-12-21,2025-12-28,17,21416910|0386|A680|2025-12-20|net demand for normal|001001,20251221-0386-A680-Train-#1
21291975|0386|A680|2025-12-21|net demand for normal|001445_transit_20251221-0386-A680-Train-#1,2025-12-25,21291975,0386,A680,2025-12-21,2025-12-28,1,21291975|0386|A680|2025-12-21|net demand for normal|001445,20251221-0386-A680-Train-#1
21366842|0386|A680|2025-12-21|net demand for normal|001467_transit_20251221-0386-A680-Train-#1,2025-12-25,21366842,0386,A680,2025-12-21,2025-12-28,1,21366842|0386|A680|2025-12-21|net demand for normal|001467,20251221-0386-A680-Train-#1
21366842|0386|A680|2025-12-20|net demand for forecast|000887_transit_20251221-0386-A680-Train-#1,2025-12-25,21366842,0386,A680,2025-12-21,2025-12-28,4,21366842|0386|A680|2025-12-20|net demand for forecast|000887,20251221-0386-A680-Train-#1
21366842|0386|A680|2025-12-20|net demand for forecast|000888_transit_20251221-0386-A680-Train-#1,2025-12-25,21366842,0386,A680,2025-12-21,2025-12-28,4,21366842|0386|A680|2025-12-20|net demand for forecast|000888,20251221-0386-A680-Train-#1
21366842|0386|A680|2025-12-20|net demand for forecast|000889_transit_20251221-0386-A680-Train-#1,2025-12-25,21366842,0386,A680,2025-12-21,2025-12-28,4,21366842|0386|A680|2025-12-20|net demand for forecast|000889,20251221-0386-A680-Train-#1
21366842|0386|A680|2025-12-20|net demand for forecast|000890_transit_20251221-0386-A680-Train-#1,2025-12-25,21366842,0386,A680,2025-12-21,2025-12-28,4,21366842|0386|A680|2025-12-20|net demand for forecast|000890,20251221-0386-A680-Train-#1
21366842|0386|A680|2025-12-20|net demand for forecast|000891_transit_20251221-0386-A680-Train-#1,2025-12-25,21366842,0386,A680,2025-12-21,2025-12-28,9,21366842|0386|A680|2025-12-20|net demand for forecast|000891,20251221-0386-A680-Train-#1
21366842|0386|A680|2025-12-20|net demand for forecast|000892_transit_20251221-0386-A680-Train-#1,2025-12-25,21366842,0386,A680,2025-12-21,2025-12-28,9,21366842|0386|A680|2025-12-20|net demand for forecast|000892,20251221-0386-A680-Train-#1
21366842|0386|A680|2025-12-20|net demand for forecast|000893_transit_20251221-0386-A680-Train-#1,2025-12-25,21366842,0386,A680,2025-12-21,2025-12-29,9,21366842|0386|A680|2025-12-20|net demand for forecast|000893,20251221-0386-A680-Train-#1
21366842|0386|A680|2025-12-20|net demand for forecast|000894_transit_20251221-0386-A680-Train-#1,2025-12-25,21366842,0386,A680,2025-12-21,2025-12-28,9,21366842|0386|A680|2025-12-20|net demand for forecast|000894,20251221-0386-A680-Train-#1
21366842|0386|A680|2025-12-20|net demand for forecast|000895_transit_20251221-0386-A680-Train-#1,2025-12-25,21366842,0386,A680,2025-12-21,2025-12-28,9,21366842|0386|A680|2025-12-20|net demand for forecast|000895,20251221-0386-A680-Train-#1
21366842|0386|A680|2025-12-20|net demand for forecast|000896_transit_20251221-0386-A680-Train-#1,2025-12-25,21366842,0386,A680,2025-12-21,2025-12-28,9,21366842|0386|A680|2025-12-20|net demand for forecast|000896,20251221-0386-A680-Train-#1
21366842|0386|A680|2025-12-20|net demand for forecast|000897_transit_20251221-0386-A680-Train-#1,2025-12-25,21366842,0386,A680,2025-12-21,2025-12-28,10,21366842|0386|A680|2025-12-20|net demand for forecast|000897,20251221-0386-A680-Train-#1
21366842|0386|A680|2025-12-20|net demand for forecast|000898_transit_20251221-0386-A680-Train-#1,2025-12-25,21366842,0386,A680,2025-12-21,2025-12-28,10,21366842|0386|A680|2025-12-20|net demand for forecast|000898,20251221-0386-A680-Train-#1
21416910|0386|A680|2025-12-20|net demand for forecast|000989_transit_20251221-0386-A680-Train-#1,2025-12-25,21416910,0386,A680,2025-12-21,2025-12-28,8,21416910|0386|A680|2025-12-20|net demand for forecast|000989,20251221-0386-A680-Train-#1
21416910|0386|A680|2025-12-20|net demand for forecast|000990_transit_20251221-0386-A680-Train-#1,2025-12-25,21416910,0386,A680,2025-12-21,2025-12-28,8,21416910|0386|A680|2025-12-20|net demand for forecast|000990,20251221-0386-A680-Train-#1
21416910|0386|A680|2025-12-20|net demand for forecast|000991_transit_20251221-0386-A680-Train-#1,2025-12-25,21416910,0386,A680,2025-12-21,2025-12-28,8,21416910|0386|A680|2025-12-20|net demand for forecast|000991,20251221-0386-A680-Train-#1
21416910|0386|A680|2025-12-20|net demand for forecast|000992_transit_20251221-0386-A680-Train-#1,2025-12-25,21416910,0386,A680,2025-12-21,2025-12-28,8,21416910|0386|A680|2025-12-20|net demand for forecast|000992,20251221-0386-A680-Train-#1
21416910|0386|A680|2025-12-20|net demand for forecast|000993_transit_20251221-0386-A680-Train-#1,2025-12-25,21416910,0386,A680,2025-12-21,2025-12-28,8,21416910|0386|A680|2025-12-20|net demand for forecast|000993,20251221-0386-A680-Train-#1
21416910|0386|A680|2025-12-20|net demand for forecast|000994_transit_20251221-0386-A680-Train-#1,2025-12-25,21416910,0386,A680,2025-12-21,2025-12-28,17,21416910|0386|A680|2025-12-20|net demand for forecast|000994,20251221-0386-A680-Train-#1
21416910|0386|A680|2025-12-20|net demand for forecast|000995_transit_20251221-0386-A680-Train-#1,2025-12-25,21416910,0386,A680,2025-12-21,2025-12-28,17,21416910|0386|A680|2025-12-20|net demand for forecast|000995,20251221-0386-A680-Train-#1
21416910|0386|A680|2025-12-20|net demand for forecast|000996_transit_20251221-0386-A680-Train-#1,2025-12-25,21416910,0386,A680,2025-12-21,2025-12-28,17,21416910|0386|A680|2025-12-20|net demand for forecast|000996,20251221-0386-A680-Train-#1
21416910|0386|A680|2025-12-20|net demand for forecast|000997_transit_20251221-0386-A680-Train-#1,2025-12-25,21416910,0386,A680,2025-12-21,2025-12-28,17,21416910|0386|A680|2025-12-20|net demand for forecast|000997,20251221-0386-A680-Train-#1
21416910|0386|A680|2025-12-20|net demand for forecast|000998_transit_20251221-0386-A680-Train-#1,2025-12-25,21416910,0386,A680,2025-12-21,2025-12-28,17,21416910|0386|A680|2025-12-20|net demand for forecast|000998,20251221-0386-A680-Train-#1
21416910|0386|A680|2025-12-20|net demand for forecast|000999_transit_20251221-0386-A680-Train-#1,2025-12-25,21416910,0386,A680,2025-12-21,2025-12-28,17,21416910|0386|A680|2025-12-20|net demand for forecast|000999,20251221-0386-A680-Train-#1
21416910|0386|A680|2025-12-20|net demand for forecast|001000_transit_20251221-0386-A680-Train-#1,2025-12-25,21416910,0386,A680,2025-12-21,2025-12-28,17,21416910|0386|A680|2025-12-20|net demand for forecast|001000,20251221-0386-A680-Train-#1
21165946|0386|A680|2025-12-21|net demand for forecast|001250_transit_20251221-0386-A680-Train-#1,2025-12-25,21165946,0386,A680,2025-12-21,2025-12-28,7,21165946|0386|A680|2025-12-21|net demand for forecast|001250,20251221-0386-A680-Train-#1
21165946|0386|A680|2025-12-21|net demand for forecast|001251_transit_20251221-0386-A680-Train-#1,2025-12-25,21165946,0386,A680,2025-12-21,2025-12-28,7,21165946|0386|A680|2025-12-21|net demand for forecast|001251,20251221-0386-A680-Train-#1
21165946|0386|A680|2025-12-21|net demand for forecast|001252_transit_20251221-0386-A680-Train-#1,2025-12-25,21165946,0386,A680,2025-12-21,2025-12-28,7,21165946|0386|A680|2025-12-21|net demand for forecast|001252,20251221-0386-A680-Train-#1
21165946|0386|A680|2025-12-21|net demand for forecast|001253_transit_20251221-0386-A680-Train-#1,2025-12-25,21165946,0386,A680,2025-12-21,2025-12-28,7,21165946|0386|A680|2025-12-21|net demand for forecast|001253,20251221-0386-A680-Train-#1
21165946|0386|A680|2025-12-21|net demand for forecast|001254_transit_20251221-0386-A680-Train-#1,2025-12-25,21165946,0386,A680,2025-12-21,2025-12-29,7,21165946|0386|A680|2025-12-21|net demand for forecast|001254,20251221-0386-A680-Train-#1
21165946|0386|A680|2025-12-21|net demand for forecast|001255_transit_20251221-0386-A680-Train-#1,2025-12-25,21165946,0386,A680,2025-12-21,2025-12-29,8,21165946|0386|A680|2025-12-21|net demand for forecast|001255,20251221-0386-A680-Train-#1
21165946|0386|A680|2025-12-21|net demand for forecast|001256_transit_20251221-0386-A680-Train-#1,2025-12-25,21165946,0386,A680,2025-12-21,2025-12-28,10,21165946|0386|A680|2025-12-21|net demand for forecast|001256,20251221-0386-A680-Train-#1
21165946|0386|A680|2025-12-21|net demand for forecast|001257_transit_20251221-0386-A680-Train-#1,2025-12-25,21165946,0386,A680,2025-12-21,2025-12-28,10,21165946|0386|A680|2025-12-21|net demand for forecast|001257,20251221-0386-A680-Train-#1
21165946|0386|A680|2025-12-21|net demand for forecast|001258_transit_20251221-0386-A680-Train-#1,2025-12-25,21165946,0386,A680,2025-12-21,2025-12-28,11,21165946|0386|A680|2025-12-21|net demand for forecast|001258,20251221-0386-A680-Train-#1
21165946|0386|A680|2025-12-21|net demand for forecast|001259_transit_20251221-0386-A680-Train-#1,2025-12-25,21165946,0386,A680,2025-12-21,2025-12-28,11,21165946|0386|A680|2025-12-21|net demand for forecast|001259,20251221-0386-A680-Train-#1
21165946|0386|A680|2025-12-21|net demand for forecast|001260_transit_20251221-0386-A680-Train-#1,2025-12-25,21165946,0386,A680,2025-12-21,2025-12-28,11,21165946|0386|A680|2025-12-21|net demand for forecast|001260,20251221-0386-A680-Train-#1
21165946|0386|A680|2025-12-21|net demand for forecast|001261_transit_20251221-0386-A680-Train-#1,2025-12-25,21165946,0386,A680,2025-12-21,2025-12-28,11,21165946|0386|A680|2025-12-21|net demand for forecast|001261,20251221-0386-A680-Train-#1
21170683|0386|A680|2025-12-21|net demand for forecast|001367_transit_20251221-0386-A680-Train-#1,2025-12-25,21170683,0386,A680,2025-12-21,2025-12-28,7,21170683|0386|A680|2025-12-21|net demand for forecast|001367,20251221-0386-A680-Train-#1
21170683|0386|A680|2025-12-21|net demand for forecast|001368_transit_20251221-0386-A680-Train-#1,2025-12-25,21170683,0386,A680,2025-12-21,2025-12-28,7,21170683|0386|A680|2025-12-21|net demand for forecast|001368,20251221-0386-A680-Train-#1
21170683|0386|A680|2025-12-21|net demand for forecast|001369_transit_20251221-0386-A680-Train-#1,2025-12-25,21170683,0386,A680,2025-12-21,2025-12-29,7,21170683|0386|A680|2025-12-21|net demand for forecast|001369,20251221-0386-A680-Train-#1
21170683|0386|A680|2025-12-21|net demand for forecast|001370_transit_20251221-0386-A680-Train-#1,2025-12-25,21170683,0386,A680,2025-12-21,2025-12-28,8,21170683|0386|A680|2025-12-21|net demand for forecast|001370,20251221-0386-A680-Train-#1
21170683|0386|A680|2025-12-21|net demand for forecast|001371_transit_20251221-0386-A680-Train-#1,2025-12-25,21170683,0386,A680,2025-12-21,2025-12-28,8,21170683|0386|A680|2025-12-21|net demand for forecast|001371,20251221-0386-A680-Train-#1
21170683|0386|A680|2025-12-21|net demand for forecast|001372_transit_20251221-0386-A680-Train-#1,2025-12-25,21170683,0386,A680,2025-12-21,2025-12-28,8,21170683|0386|A680|2025-12-21|net demand for forecast|001372,20251221-0386-A680-Train-#1
21170683|0386|A680|2025-12-21|net demand for forecast|001373_transit_20251221-0386-A680-Train-#1,2025-12-25,21170683,0386,A680,2025-12-21,2025-12-28,11,21170683|0386|A680|2025-12-21|net demand for forecast|001373,20251221-0386-A680-Train-#1
21170683|0386|A680|2025-12-21|net demand for forecast|001374_transit_20251221-0386-A680-Train-#1,2025-12-25,21170683,0386,A680,2025-12-21,2025-12-28,11,21170683|0386|A680|2025-12-21|net demand for forecast|001374,20251221-0386-A680-Train-#1
21170683|0386|A680|2025-12-21|net demand for forecast|001375_transit_20251221-0386-A680-Train-#1,2025-12-25,21170683,0386,A680,2025-12-21,2025-12-28,11,21170683|0386|A680|2025-12-21|net demand for forecast|001375,20251221-0386-A680-Train-#1
21170683|0386|A680|2025-12-21|net demand for forecast|001376_transit_20251221-0386-A680-Train-#1,2025-12-25,21170683,0386,A680,2025-12-21,2025-12-29,11,21170683|0386|A680|2025-12-21|net demand for forecast|001376,20251221-0386-A680-Train-#1
21170683|0386|A680|2025-12-21|net demand for forecast|001377_transit_20251221-0386-A680-Train-#1,2025-12-25,21170683,0386,A680,2025-12-21,2025-12-28,11,21170683|0386|A680|2025-12-21|net demand for forecast|001377,20251221-0386-A680-Train-#1
21170683|0386|A680|2025-12-21|net demand for forecast|001378_transit_20251221-0386-A680-Train-#1,2025-12-25,21170683,0386,A680,2025-12-21,2025-12-29,11,21170683|0386|A680|2025-12-21|net demand for forecast|001378,20251221-0386-A680-Train-#1
21128067|0386|A680|2025-12-20|net demand for safety|000762_transit_20251221-0386-A680-Train-#1,2025-12-25,21128067,0386,A680,2025-12-21,2025-12-28,15,21128067|0386|A680|2025-12-20|net demand for safety|000762,20251221-0386-A680-Train-#1
21366842|0386|A680|2025-12-20|net demand for safety|000900_transit_20251221-0386-A680-Train-#1,2025-12-25,21366842,0386,A680,2025-12-21,2025-12-28,10,21366842|0386|A680|2025-12-20|net demand for safety|000900,20251221-0386-A680-Train-#1
21416910|0386|A680|2025-12-20|net demand for safety|001002_transit_20251221-0386-A680-Train-#1,2025-12-25,21416910,0386,A680,2025-12-21,2025-12-29,19,21416910|0386|A680|2025-12-20|net demand for safety|001002,20251221-0386-A680-Train-#1
21165946|0386|A680|2025-12-21|net demand for safety|001262_transit_20251221-0386-A680-Train-#1,2025-12-25,21165946,0386,A680,2025-12-21,2025-12-28,37,21165946|0386|A680|2025-12-21|net demand for safety|001262,20251221-0386-A680-Train-#1
21170683|0386|A680|2025-12-21|net demand for safety|001379_transit_20251221-0386-A680-Train-#1,2025-12-25,21170683,0386,A680,2025-12-21,2025-12-28,62,21170683|0386|A680|2025-12-21|net demand for safety|001379,20251221-0386-A680-Train-#1
21128067|0386|A680|2025-12-20|push replenishment|000763_transit_20251221-0386-A680-Train-#1,2025-12-25,21128067,0386,A680,2025-12-21,2025-12-28,41,21128067|0386|A680|2025-12-20|push replenishment|000763,20251221-0386-A680-Train-#1
21416910|0386|A680|2025-12-20|push replenishment|001003_transit_20251221-0386-A680-Train-#1,2025-12-25,21416910,0386,A680,2025-12-21,2025-12-28,2,21416910|0386|A680|2025-12-20|push replenishment|001003,20251221-0386-A680-Train-#1
21291975|0386|A672|2025-12-21|net demand for normal|001443_transit_20251221-0386-A672-Train-#1,2025-12-25,21291975,0386,A672,2025-12-21,2025-12-28,2,21291975|0386|A672|2025-12-21|net demand for normal|001443,20251221-0386-A672-Train-#1
21376841|0386|A672|2025-12-21|net demand for normal|001469_transit_20251221-0386-A672-Train-#1,2025-12-25,21376841,0386,A672,2025-12-21,2025-12-28,1,21376841|0386|A672|2025-12-21|net demand for normal|001469,20251221-0386-A672-Train-#1
21165946|0386|A672|2025-12-21|net demand for forecast|001215_transit_20251221-0386-A672-Train-#1,2025-12-25,21165946,0386,A672,2025-12-21,2025-12-28,12,21165946|0386|A672|2025-12-21|net demand for forecast|001215,20251221-0386-A672-Train-#1
21165946|0386|A672|2025-12-21|net demand for forecast|001216_transit_20251221-0386-A672-Train-#1,2025-12-25,21165946,0386,A672,2025-12-21,2025-12-28,12,21165946|0386|A672|2025-12-21|net demand for forecast|001216,20251221-0386-A672-Train-#1
21165946|0386|A672|2025-12-21|net demand for forecast|001217_transit_20251221-0386-A672-Train-#1,2025-12-25,21165946,0386,A672,2025-12-21,2025-12-28,12,21165946|0386|A672|2025-12-21|net demand for forecast|001217,20251221-0386-A672-Train-#1
21165946|0386|A672|2025-12-21|net demand for forecast|001218_transit_20251221-0386-A672-Train-#1,2025-12-25,21165946,0386,A672,2025-12-21,2025-12-28,12,21165946|0386|A672|2025-12-21|net demand for forecast|001218,20251221-0386-A672-Train-#1
21165946|0386|A672|2025-12-21|net demand for forecast|001219_transit_20251221-0386-A672-Train-#1,2025-12-25,21165946,0386,A672,2025-12-21,2025-12-28,12,21165946|0386|A672|2025-12-21|net demand for forecast|001219,20251221-0386-A672-Train-#1
21165946|0386|A672|2025-12-21|net demand for forecast|001220_transit_20251221-0386-A672-Train-#1,2025-12-25,21165946,0386,A672,2025-12-21,2025-12-28,17,21165946|0386|A672|2025-12-21|net demand for forecast|001220,20251221-0386-A672-Train-#1
21165946|0386|A672|2025-12-21|net demand for forecast|001221_transit_20251221-0386-A672-Train-#1,2025-12-25,21165946,0386,A672,2025-12-21,2025-12-28,17,21165946|0386|A672|2025-12-21|net demand for forecast|001221,20251221-0386-A672-Train-#1
21165946|0386|A672|2025-12-21|net demand for forecast|001222_transit_20251221-0386-A672-Train-#1,2025-12-25,21165946,0386,A672,2025-12-21,2025-12-29,18,21165946|0386|A672|2025-12-21|net demand for forecast|001222,20251221-0386-A672-Train-#1
21165946|0386|A672|2025-12-21|net demand for forecast|001223_transit_20251221-0386-A672-Train-#1,2025-12-25,21165946,0386,A672,2025-12-21,2025-12-28,18,21165946|0386|A672|2025-12-21|net demand for forecast|001223,20251221-0386-A672-Train-#1
21165946|0386|A672|2025-12-21|net demand for forecast|001224_transit_20251221-0386-A672-Train-#1,2025-12-25,21165946,0386,A672,2025-12-21,2025-12-28,18,21165946|0386|A672|2025-12-21|net demand for forecast|001224,20251221-0386-A672-Train-#1
21165946|0386|A672|2025-12-21|net demand for forecast|001225_transit_20251221-0386-A672-Train-#1,2025-12-25,21165946,0386,A672,2025-12-21,2025-12-28,18,21165946|0386|A672|2025-12-21|net demand for forecast|001225,20251221-0386-A672-Train-#1
21165946|0386|A672|2025-12-21|net demand for forecast|001226_transit_20251221-0386-A672-Train-#1,2025-12-25,21165946,0386,A672,2025-12-21,2025-12-28,18,21165946|0386|A672|2025-12-21|net demand for forecast|001226,20251221-0386-A672-Train-#1
21170683|0386|A672|2025-12-21|net demand for forecast|001325_transit_20251221-0386-A672-Train-#1,2025-12-25,21170683,0386,A672,2025-12-21,2025-12-28,14,21170683|0386|A672|2025-12-21|net demand for forecast|001325,20251221-0386-A672-Train-#1
21170683|0386|A672|2025-12-21|net demand for forecast|001326_transit_20251221-0386-A672-Train-#1,2025-12-25,21170683,0386,A672,2025-12-21,2025-12-28,14,21170683|0386|A672|2025-12-21|net demand for forecast|001326,20251221-0386-A672-Train-#1
21170683|0386|A672|2025-12-21|net demand for forecast|001327_transit_20251221-0386-A672-Train-#1,2025-12-25,21170683,0386,A672,2025-12-21,2025-12-28,14,21170683|0386|A672|2025-12-21|net demand for forecast|001327,20251221-0386-A672-Train-#1
21170683|0386|A672|2025-12-21|net demand for forecast|001328_transit_20251221-0386-A672-Train-#1,2025-12-25,21170683,0386,A672,2025-12-21,2025-12-28,14,21170683|0386|A672|2025-12-21|net demand for forecast|001328,20251221-0386-A672-Train-#1
21170683|0386|A672|2025-12-21|net demand for forecast|001329_transit_20251221-0386-A672-Train-#1,2025-12-25,21170683,0386,A672,2025-12-21,2025-12-28,14,21170683|0386|A672|2025-12-21|net demand for forecast|001329,20251221-0386-A672-Train-#1
21170683|0386|A672|2025-12-21|net demand for forecast|001330_transit_20251221-0386-A672-Train-#1,2025-12-25,21170683,0386,A672,2025-12-21,2025-12-28,21,21170683|0386|A672|2025-12-21|net demand for forecast|001330,20251221-0386-A672-Train-#1
21170683|0386|A672|2025-12-21|net demand for forecast|001331_transit_20251221-0386-A672-Train-#1,2025-12-25,21170683,0386,A672,2025-12-21,2025-12-28,21,21170683|0386|A672|2025-12-21|net demand for forecast|001331,20251221-0386-A672-Train-#1
21170683|0386|A672|2025-12-21|net demand for forecast|001332_transit_20251221-0386-A672-Train-#1,2025-12-25,21170683,0386,A672,2025-12-21,2025-12-28,21,21170683|0386|A672|2025-12-21|net demand for forecast|001332,20251221-0386-A672-Train-#1
21170683|0386|A672|2025-12-21|net demand for forecast|001333_transit_20251221-0386-A672-Train-#1,2025-12-25,21170683,0386,A672,2025-12-21,2025-12-28,21,21170683|0386|A672|2025-12-21|net demand for forecast|001333,20251221-0386-A672-Train-#1
21170683|0386|A672|2025-12-21|net demand for forecast|001334_transit_20251221-0386-A672-Train-#1,2025-12-25,21170683,0386,A672,2025-12-21,2025-12-28,21,21170683|0386|A672|2025-12-21|net demand for forecast|001334,20251221-0386-A672-Train-#1
21170683|0386|A672|2025-12-21|net demand for forecast|001335_transit_20251221-0386-A672-Train-#1,2025-12-25,21170683,0386,A672,2025-12-21,2025-12-28,22,21170683|0386|A672|2025-12-21|net demand for forecast|001335,20251221-0386-A672-Train-#1
21170683|0386|A672|2025-12-21|net demand for forecast|001336_transit_20251221-0386-A672-Train-#1,2025-12-25,21170683,0386,A672,2025-12-21,2025-12-28,22,21170683|0386|A672|2025-12-21|net demand for forecast|001336,20251221-0386-A672-Train-#1
21170683|0386|A672|2025-12-21|net demand for net demand for forecast|001337_transit_20251221-0386-A672-Train-#1,2025-12-25,21170683,0386,A672,2025-12-21,2025-12-28,1,21170683|0386|A672|2025-12-21|net demand for net demand for forecast|001337,20251221-0386-A672-Train-#1
21170683|0386|A672|2025-12-21|net demand for net demand for forecast|001338_transit_20251221-0386-A672-Train-#1,2025-12-25,21170683,0386,A672,2025-12-21,2025-12-28,1,21170683|0386|A672|2025-12-21|net demand for net demand for forecast|001338,20251221-0386-A672-Train-#1
21170683|0386|A672|2025-12-21|net demand for net demand for forecast|001339_transit_20251221-0386-A672-Train-#1,2025-12-25,21170683,0386,A672,2025-12-21,2025-12-28,1,21170683|0386|A672|2025-12-21|net demand for net demand for forecast|001339,20251221-0386-A672-Train-#1
21170683|0386|A672|2025-12-21|net demand for net demand for forecast|001340_transit_20251221-0386-A672-Train-#1,2025-12-25,21170683,0386,A672,2025-12-21,2025-12-28,1,21170683|0386|A672|2025-12-21|net demand for net demand for forecast|001340,20251221-0386-A672-Train-#1
21170683|0386|A672|2025-12-21|net demand for net demand for forecast|001341_transit_20251221-0386-A672-Train-#1,2025-12-25,21170683,0386,A672,2025-12-21,2025-12-28,1,21170683|0386|A672|2025-12-21|net demand for net demand for forecast|001341,20251221-0386-A672-Train-#1
21165946|0386|A672|2025-12-21|net demand for safety|001227_transit_20251221-0386-A672-Train-#1,2025-12-25,21165946,0386,A672,2025-12-21,2025-12-28,58,21165946|0386|A672|2025-12-21|net demand for safety|001227,20251221-0386-A672-Train-#1
21170683|0386|A672|2025-12-21|net demand for safety|001342_transit_20251221-0386-A672-Train-#1,2025-12-25,21170683,0386,A672,2025-12-21,2025-12-28,126,21170683|0386|A672|2025-12-21|net demand for safety|001342,20251221-0386-A672-Train-#1
21291975|0386|A673|2025-12-21|net demand for normal|001444_transit_20251221-0386-A673-LARGE-#1,2025-12-25,21291975,0386,A673,2025-12-21,2025-12-26,6,21291975|0386|A673|2025-12-21|net demand for normal|001444,20251221-0386-A673-LARGE-#1
21165946|0386|A673|2025-12-21|net demand for forecast|001228_transit_20251221-0386-A673-LARGE-#1,2025-12-25,21165946,0386,A673,2025-12-21,2025-12-26,28,21165946|0386|A673|2025-12-21|net demand for forecast|001228,20251221-0386-A673-LARGE-#1
21165946|0386|A673|2025-12-21|net demand for forecast|001229_transit_20251221-0386-A673-LARGE-#1,2025-12-25,21165946,0386,A673,2025-12-21,2025-12-26,28,21165946|0386|A673|2025-12-21|net demand for forecast|001229,20251221-0386-A673-LARGE-#1
21165946|0386|A673|2025-12-21|net demand for forecast|001230_transit_20251221-0386-A673-LARGE-#1,2025-12-25,21165946,0386,A673,2025-12-21,2025-12-26,29,21165946|0386|A673|2025-12-21|net demand for forecast|001230,20251221-0386-A673-LARGE-#1
21165946|0386|A673|2025-12-21|net demand for forecast|001231_transit_20251221-0386-A673-LARGE-#1,2025-12-25,21165946,0386,A673,2025-12-21,2025-12-26,44,21165946|0386|A673|2025-12-21|net demand for forecast|001231,20251221-0386-A673-LARGE-#1
21165946|0386|A673|2025-12-21|net demand for forecast|001232_transit_20251221-0386-A673-LARGE-#1,2025-12-25,21165946,0386,A673,2025-12-21,2025-12-26,44,21165946|0386|A673|2025-12-21|net demand for forecast|001232,20251221-0386-A673-LARGE-#1
21165946|0386|A673|2025-12-21|net demand for forecast|001233_transit_20251221-0386-A673-LARGE-#1,2025-12-25,21165946,0386,A673,2025-12-21,2025-12-26,44,21165946|0386|A673|2025-12-21|net demand for forecast|001233,20251221-0386-A673-LARGE-#1
21165946|0386|A673|2025-12-21|net demand for forecast|001234_transit_20251221-0386-A673-LARGE-#1,2025-12-25,21165946,0386,A673,2025-12-21,2025-12-26,44,21165946|0386|A673|2025-12-21|net demand for forecast|001234,20251221-0386-A673-LARGE-#1
21165946|0386|A673|2025-12-21|net demand for forecast|001235_transit_20251221-0386-A673-LARGE-#1,2025-12-25,21165946,0386,A673,2025-12-21,2025-12-26,44,21165946|0386|A673|2025-12-21|net demand for forecast|001235,20251221-0386-A673-LARGE-#1
21165946|0386|A673|2025-12-21|net demand for forecast|001236_transit_20251221-0386-A673-LARGE-#1,2025-12-25,21165946,0386,A673,2025-12-21,2025-12-26,44,21165946|0386|A673|2025-12-21|net demand for forecast|001236,20251221-0386-A673-LARGE-#1
21165946|0386|A673|2025-12-21|net demand for forecast|001237_transit_20251221-0386-A673-LARGE-#1,2025-12-25,21165946,0386,A673,2025-12-21,2025-12-26,44,21165946|0386|A673|2025-12-21|net demand for forecast|001237,20251221-0386-A673-LARGE-#1
21170683|0386|A673|2025-12-21|net demand for forecast|001343_transit_20251221-0386-A673-LARGE-#1,2025-12-25,21170683,0386,A673,2025-12-21,2025-12-27,34,21170683|0386|A673|2025-12-21|net demand for forecast|001343,20251221-0386-A673-LARGE-#1
21170683|0386|A673|2025-12-21|net demand for forecast|001344_transit_20251221-0386-A673-LARGE-#1,2025-12-25,21170683,0386,A673,2025-12-21,2025-12-26,34,21170683|0386|A673|2025-12-21|net demand for forecast|001344,20251221-0386-A673-LARGE-#1
21170683|0386|A673|2025-12-21|net demand for forecast|001345_transit_20251221-0386-A673-LARGE-#1,2025-12-25,21170683,0386,A673,2025-12-21,2025-12-26,34,21170683|0386|A673|2025-12-21|net demand for forecast|001345,20251221-0386-A673-LARGE-#1
21170683|0386|A673|2025-12-21|net demand for forecast|001346_transit_20251221-0386-A673-LARGE-#1,2025-12-25,21170683,0386,A673,2025-12-21,2025-12-26,52,21170683|0386|A673|2025-12-21|net demand for forecast|001346,20251221-0386-A673-LARGE-#1
21170683|0386|A673|2025-12-21|net demand for forecast|001347_transit_20251221-0386-A673-LARGE-#1,2025-12-25,21170683,0386,A673,2025-12-21,2025-12-26,52,21170683|0386|A673|2025-12-21|net demand for forecast|001347,20251221-0386-A673-LARGE-#1
21170683|0386|A673|2025-12-21|net demand for forecast|001348_transit_20251221-0386-A673-LARGE-#1,2025-12-25,21170683,0386,A673,2025-12-21,2025-12-26,53,21170683|0386|A673|2025-12-21|net demand for forecast|001348,20251221-0386-A673-LARGE-#1
21170683|0386|A673|2025-12-21|net demand for forecast|001349_transit_20251221-0386-A673-LARGE-#1,2025-12-25,21170683,0386,A673,2025-12-21,2025-12-26,53,21170683|0386|A673|2025-12-21|net demand for forecast|001349,20251221-0386-A673-LARGE-#1
21170683|0386|A673|2025-12-21|net demand for forecast|001350_transit_20251221-0386-A673-LARGE-#1,2025-12-25,21170683,0386,A673,2025-12-21,2025-12-26,53,21170683|0386|A673|2025-12-21|net demand for forecast|001350,20251221-0386-A673-LARGE-#1
21170683|0386|A673|2025-12-21|net demand for forecast|001351_transit_20251221-0386-A673-LARGE-#1,2025-12-25,21170683,0386,A673,2025-12-21,2025-12-27,53,21170683|0386|A673|2025-12-21|net demand for forecast|001351,20251221-0386-A673-LARGE-#1
21170683|0386|A673|2025-12-21|net demand for forecast|001352_transit_20251221-0386-A673-LARGE-#1,2025-12-25,21170683,0386,A673,2025-12-21,2025-12-26,53,21170683|0386|A673|2025-12-21|net demand for forecast|001352,20251221-0386-A673-LARGE-#1
21165946|0386|A673|2025-12-21|net demand for net demand for forecast|001238_transit_20251221-0386-A673-LARGE-#1,2025-12-25,21165946,0386,A673,2025-12-21,2025-12-26,2,21165946|0386|A673|2025-12-21|net demand for net demand for forecast|001238,20251221-0386-A673-LARGE-#1
21165946|0386|A673|2025-12-21|net demand for net demand for forecast|001239_transit_20251221-0386-A673-LARGE-#1,2025-12-25,21165946,0386,A673,2025-12-21,2025-12-26,2,21165946|0386|A673|2025-12-21|net demand for net demand for forecast|001239,20251221-0386-A673-LARGE-#1
21165946|0386|A673|2025-12-21|net demand for net demand for forecast|001240_transit_20251221-0386-A673-LARGE-#1,2025-12-25,21165946,0386,A673,2025-12-21,2025-12-26,2,21165946|0386|A673|2025-12-21|net demand for net demand for forecast|001240,20251221-0386-A673-LARGE-#1
21165946|0386|A673|2025-12-21|net demand for net demand for forecast|001241_transit_20251221-0386-A673-LARGE-#1,2025-12-25,21165946,0386,A673,2025-12-21,2025-12-26,2,21165946|0386|A673|2025-12-21|net demand for net demand for forecast|001241,20251221-0386-A673-LARGE-#1
21165946|0386|A673|2025-12-21|net demand for net demand for forecast|001242_transit_20251221-0386-A673-LARGE-#1,2025-12-25,21165946,0386,A673,2025-12-21,2025-12-26,2,21165946|0386|A673|2025-12-21|net demand for net demand for forecast|001242,20251221-0386-A673-LARGE-#1
21165946|0386|A673|2025-12-21|net demand for net demand for forecast|001243_transit_20251221-0386-A673-LARGE-#1,2025-12-25,21165946,0386,A673,2025-12-21,2025-12-26,3,21165946|0386|A673|2025-12-21|net demand for net demand for forecast|001243,20251221-0386-A673-LARGE-#1
21165946|0386|A673|2025-12-21|net demand for net demand for forecast|001244_transit_20251221-0386-A673-LARGE-#1,2025-12-25,21165946,0386,A673,2025-12-21,2025-12-26,3,21165946|0386|A673|2025-12-21|net demand for net demand for forecast|001244,20251221-0386-A673-LARGE-#1
21165946|0386|A673|2025-12-21|net demand for net demand for forecast|001245_transit_20251221-0386-A673-LARGE-#1,2025-12-25,21165946,0386,A673,2025-12-21,2025-12-26,7,21165946|0386|A673|2025-12-21|net demand for net demand for forecast|001245,20251221-0386-A673-LARGE-#1
21165946|0386|A673|2025-12-21|net demand for net demand for forecast|001246_transit_20251221-0386-A673-LARGE-#1,2025-12-25,21165946,0386,A673,2025-12-21,2025-12-26,7,21165946|0386|A673|2025-12-21|net demand for net demand for forecast|001246,20251221-0386-A673-LARGE-#1
21165946|0386|A673|2025-12-21|net demand for net demand for forecast|001247_transit_20251221-0386-A673-LARGE-#1,2025-12-25,21165946,0386,A673,2025-12-21,2025-12-26,7,21165946|0386|A673|2025-12-21|net demand for net demand for forecast|001247,20251221-0386-A673-LARGE-#1
21165946|0386|A673|2025-12-21|net demand for net demand for forecast|001248_transit_20251221-0386-A673-LARGE-#1,2025-12-25,21165946,0386,A673,2025-12-21,2025-12-26,7,21165946|0386|A673|2025-12-21|net demand for net demand for forecast|001248,20251221-0386-A673-LARGE-#1
21170683|0386|A673|2025-12-21|net demand for net demand for forecast|001353_transit_20251221-0386-A673-LARGE-#1,2025-12-25,21170683,0386,A673,2025-12-21,2025-12-26,2,21170683|0386|A673|2025-12-21|net demand for net demand for forecast|001353,20251221-0386-A673-LARGE-#1
21170683|0386|A673|2025-12-21|net demand for net demand for forecast|001354_transit_20251221-0386-A673-LARGE-#1,2025-12-25,21170683,0386,A673,2025-12-21,2025-12-26,2,21170683|0386|A673|2025-12-21|net demand for net demand for forecast|001354,20251221-0386-A673-LARGE-#1
21170683|0386|A673|2025-12-21|net demand for net demand for forecast|001355_transit_20251221-0386-A673-LARGE-#1,2025-12-25,21170683,0386,A673,2025-12-21,2025-12-26,3,21170683|0386|A673|2025-12-21|net demand for net demand for forecast|001355,20251221-0386-A673-LARGE-#1
21170683|0386|A673|2025-12-21|net demand for net demand for forecast|001356_transit_20251221-0386-A673-LARGE-#1,2025-12-25,21170683,0386,A673,2025-12-21,2025-12-26,3,21170683|0386|A673|2025-12-21|net demand for net demand for forecast|001356,20251221-0386-A673-LARGE-#1
21170683|0386|A673|2025-12-21|net demand for net demand for forecast|001357_transit_20251221-0386-A673-LARGE-#1,2025-12-25,21170683,0386,A673,2025-12-21,2025-12-26,3,21170683|0386|A673|2025-12-21|net demand for net demand for forecast|001357,20251221-0386-A673-LARGE-#1
21170683|0386|A673|2025-12-21|net demand for net demand for forecast|001358_transit_20251221-0386-A673-LARGE-#1,2025-12-25,21170683,0386,A673,2025-12-21,2025-12-26,3,21170683|0386|A673|2025-12-21|net demand for net demand for forecast|001358,20251221-0386-A673-LARGE-#1
21170683|0386|A673|2025-12-21|net demand for net demand for forecast|001359_transit_20251221-0386-A673-LARGE-#1,2025-12-25,21170683,0386,A673,2025-12-21,2025-12-26,3,21170683|0386|A673|2025-12-21|net demand for net demand for forecast|001359,20251221-0386-A673-LARGE-#1
21170683|0386|A673|2025-12-21|net demand for net demand for forecast|001360_transit_20251221-0386-A673-LARGE-#1,2025-12-25,21170683,0386,A673,2025-12-21,2025-12-26,17,21170683|0386|A673|2025-12-21|net demand for net demand for forecast|001360,20251221-0386-A673-LARGE-#1
21170683|0386|A673|2025-12-21|net demand for net demand for forecast|001361_transit_20251221-0386-A673-LARGE-#1,2025-12-25,21170683,0386,A673,2025-12-21,2025-12-26,17,21170683|0386|A673|2025-12-21|net demand for net demand for forecast|001361,20251221-0386-A673-LARGE-#1
21170683|0386|A673|2025-12-21|net demand for net demand for forecast|001362_transit_20251221-0386-A673-LARGE-#1,2025-12-25,21170683,0386,A673,2025-12-21,2025-12-27,17,21170683|0386|A673|2025-12-21|net demand for net demand for forecast|001362,20251221-0386-A673-LARGE-#1
21170683|0386|A673|2025-12-21|net demand for net demand for forecast|001363_transit_20251221-0386-A673-LARGE-#1,2025-12-25,21170683,0386,A673,2025-12-21,2025-12-26,18,21170683|0386|A673|2025-12-21|net demand for net demand for forecast|001363,20251221-0386-A673-LARGE-#1
21165946|0386|A673|2025-12-21|net demand for safety|001249_transit_20251221-0386-A673-LARGE-#1,2025-12-25,21165946,0386,A673,2025-12-21,2025-12-26,201,21165946|0386|A673|2025-12-21|net demand for safety|001249,20251221-0386-A673-LARGE-#1
21170683|0386|A673|2025-12-21|net demand for safety|001366_transit_20251221-0386-A673-LARGE-#1,2025-12-25,21170683,0386,A673,2025-12-21,2025-12-26,444,21170683|0386|A673|2025-12-21|net demand for safety|001366,20251221-0386-A673-LARGE-#1
21128067|0386|A673|2025-12-21|net demand for net demand for safety|001169_transit_20251221-0386-A673-LARGE-#1,2025-12-25,21128067,0386,A673,2025-12-21,2025-12-26,1,21128067|0386|A673|2025-12-21|net demand for net demand for safety|001169,20251221-0386-A673-LARGE-#1
21170683|0386|A673|2025-12-21|net demand for net demand for safety|001364_transit_20251221-0386-A673-LARGE-#1,2025-12-25,21170683,0386,A673,2025-12-21,2025-12-27,7,21170683|0386|A673|2025-12-21|net demand for net demand for safety|001364,20251221-0386-A673-LARGE-#1
21170683|0386|A673|2025-12-21|net demand for net demand for safety|001365_transit_20251221-0386-A673-LARGE-#1,2025-12-25,21170683,0386,A673,2025-12-21,2025-12-27,60,21170683|0386|A673|2025-12-21|net demand for net demand for safety|001365,20251221-0386-A673-LARGE-#1
21428668|0386|A715|2025-12-21|net demand for normal|001493_transit_20251221-0386-A715-Train-#1,2025-12-25,21428668,0386,A715,2025-12-21,2025-12-31,42,21428668|0386|A715|2025-12-21|net demand for normal|001493,20251221-0386-A715-Train-#1
21442422|0386|A715|2025-12-21|net demand for normal|001547_transit_20251221-0386-A715-Train-#1,2025-12-25,21442422,0386,A715,2025-12-21,2025-12-31,3,21442422|0386|A715|2025-12-21|net demand for normal|001547,20251221-0386-A715-Train-#1
21165946|0386|A715|2025-12-21|net demand for forecast|001263_transit_20251221-0386-A715-Train-#1,2025-12-25,21165946,0386,A715,2025-12-21,2025-12-31,1,21165946|0386|A715|2025-12-21|net demand for forecast|001263,20251221-0386-A715-Train-#1
21165946|0386|A715|2025-12-21|net demand for forecast|001264_transit_20251221-0386-A715-Train-#1,2025-12-25,21165946,0386,A715,2025-12-21,2025-12-31,1,21165946|0386|A715|2025-12-21|net demand for forecast|001264,20251221-0386-A715-Train-#1
21165946|0386|A715|2025-12-21|net demand for forecast|001265_transit_20251221-0386-A715-Train-#1,2025-12-25,21165946,0386,A715,2025-12-21,2025-12-31,1,21165946|0386|A715|2025-12-21|net demand for forecast|001265,20251221-0386-A715-Train-#1
21165946|0386|A715|2025-12-21|net demand for forecast|001266_transit_20251221-0386-A715-Train-#1,2025-12-25,21165946,0386,A715,2025-12-21,2025-12-31,1,21165946|0386|A715|2025-12-21|net demand for forecast|001266,20251221-0386-A715-Train-#1
21165946|0386|A715|2025-12-21|net demand for forecast|001267_transit_20251221-0386-A715-Train-#1,2025-12-25,21165946,0386,A715,2025-12-21,2025-12-31,1,21165946|0386|A715|2025-12-21|net demand for forecast|001267,20251221-0386-A715-Train-#1
21165946|0386|A715|2025-12-21|net demand for forecast|001268_transit_20251221-0386-A715-Train-#1,2025-12-25,21165946,0386,A715,2025-12-21,2025-12-31,1,21165946|0386|A715|2025-12-21|net demand for forecast|001268,20251221-0386-A715-Train-#1
21165946|0386|A715|2025-12-21|net demand for forecast|001269_transit_20251221-0386-A715-Train-#1,2025-12-25,21165946,0386,A715,2025-12-21,2025-12-31,1,21165946|0386|A715|2025-12-21|net demand for forecast|001269,20251221-0386-A715-Train-#1
21165946|0386|A715|2025-12-21|net demand for forecast|001270_transit_20251221-0386-A715-Train-#1,2025-12-25,21165946,0386,A715,2025-12-21,2026-01-01,1,21165946|0386|A715|2025-12-21|net demand for forecast|001270,20251221-0386-A715-Train-#1
21165946|0386|A715|2025-12-21|net demand for forecast|001271_transit_20251221-0386-A715-Train-#1,2025-12-25,21165946,0386,A715,2025-12-21,2025-12-31,1,21165946|0386|A715|2025-12-21|net demand for forecast|001271,20251221-0386-A715-Train-#1
21170683|0386|A715|2025-12-21|net demand for forecast|001380_transit_20251221-0386-A715-Train-#1,2025-12-25,21170683,0386,A715,2025-12-21,2025-12-31,1,21170683|0386|A715|2025-12-21|net demand for forecast|001380,20251221-0386-A715-Train-#1
21170683|0386|A715|2025-12-21|net demand for forecast|001381_transit_20251221-0386-A715-Train-#1,2025-12-25,21170683,0386,A715,2025-12-21,2025-12-31,1,21170683|0386|A715|2025-12-21|net demand for forecast|001381,20251221-0386-A715-Train-#1
21170683|0386|A715|2025-12-21|net demand for forecast|001382_transit_20251221-0386-A715-Train-#1,2025-12-25,21170683,0386,A715,2025-12-21,2026-01-01,1,21170683|0386|A715|2025-12-21|net demand for forecast|001382,20251221-0386-A715-Train-#1
21170683|0386|A715|2025-12-21|net demand for forecast|001383_transit_20251221-0386-A715-Train-#1,2025-12-25,21170683,0386,A715,2025-12-21,2025-12-31,1,21170683|0386|A715|2025-12-21|net demand for forecast|001383,20251221-0386-A715-Train-#1
21170683|0386|A715|2025-12-21|net demand for forecast|001384_transit_20251221-0386-A715-Train-#1,2025-12-25,21170683,0386,A715,2025-12-21,2025-12-31,1,21170683|0386|A715|2025-12-21|net demand for forecast|001384,20251221-0386-A715-Train-#1
21170683|0386|A715|2025-12-21|net demand for forecast|001385_transit_20251221-0386-A715-Train-#1,2025-12-25,21170683,0386,A715,2025-12-21,2025-12-31,1,21170683|0386|A715|2025-12-21|net demand for forecast|001385,20251221-0386-A715-Train-#1
21170683|0386|A715|2025-12-21|net demand for forecast|001386_transit_20251221-0386-A715-Train-#1,2025-12-25,21170683,0386,A715,2025-12-21,2025-12-31,1,21170683|0386|A715|2025-12-21|net demand for forecast|001386,20251221-0386-A715-Train-#1
21170683|0386|A715|2025-12-21|net demand for forecast|001387_transit_20251221-0386-A715-Train-#1,2025-12-25,21170683,0386,A715,2025-12-21,2025-12-31,1,21170683|0386|A715|2025-12-21|net demand for forecast|001387,20251221-0386-A715-Train-#1
21170683|0386|A715|2025-12-21|net demand for forecast|001388_transit_20251221-0386-A715-Train-#1,2025-12-25,21170683,0386,A715,2025-12-21,2025-12-31,1,21170683|0386|A715|2025-12-21|net demand for forecast|001388,20251221-0386-A715-Train-#1
21428668|0386|A715|2025-12-21|net demand for forecast|001480_transit_20251221-0386-A715-Train-#1,2025-12-25,21428668,0386,A715,2025-12-21,2025-12-31,5,21428668|0386|A715|2025-12-21|net demand for forecast|001480,20251221-0386-A715-Train-#1
21428668|0386|A715|2025-12-21|net demand for forecast|001481_transit_20251221-0386-A715-Train-#1,2025-12-25,21428668,0386,A715,2025-12-21,2025-12-31,10,21428668|0386|A715|2025-12-21|net demand for forecast|001481,20251221-0386-A715-Train-#1
21428668|0386|A715|2025-12-21|net demand for forecast|001482_transit_20251221-0386-A715-Train-#1,2025-12-25,21428668,0386,A715,2025-12-21,2025-12-31,10,21428668|0386|A715|2025-12-21|net demand for forecast|001482,20251221-0386-A715-Train-#1
21428668|0386|A715|2025-12-21|net demand for forecast|001483_transit_20251221-0386-A715-Train-#1,2025-12-25,21428668,0386,A715,2025-12-21,2025-12-31,10,21428668|0386|A715|2025-12-21|net demand for forecast|001483,20251221-0386-A715-Train-#1
21428668|0386|A715|2025-12-21|net demand for forecast|001484_transit_20251221-0386-A715-Train-#1,2025-12-25,21428668,0386,A715,2025-12-21,2025-12-31,10,21428668|0386|A715|2025-12-21|net demand for forecast|001484,20251221-0386-A715-Train-#1
21428668|0386|A715|2025-12-21|net demand for forecast|001485_transit_20251221-0386-A715-Train-#1,2025-12-25,21428668,0386,A715,2025-12-21,2025-12-31,10,21428668|0386|A715|2025-12-21|net demand for forecast|001485,20251221-0386-A715-Train-#1
21428668|0386|A715|2025-12-21|net demand for forecast|001486_transit_20251221-0386-A715-Train-#1,2025-12-25,21428668,0386,A715,2025-12-21,2025-12-31,11,21428668|0386|A715|2025-12-21|net demand for forecast|001486,20251221-0386-A715-Train-#1
21428668|0386|A715|2025-12-21|net demand for forecast|001487_transit_20251221-0386-A715-Train-#1,2025-12-25,21428668,0386,A715,2025-12-21,2025-12-31,11,21428668|0386|A715|2025-12-21|net demand for forecast|001487,20251221-0386-A715-Train-#1
21428668|0386|A715|2025-12-21|net demand for forecast|001488_transit_20251221-0386-A715-Train-#1,2025-12-25,21428668,0386,A715,2025-12-21,2025-12-31,62,21428668|0386|A715|2025-12-21|net demand for forecast|001488,20251221-0386-A715-Train-#1
21428668|0386|A715|2025-12-21|net demand for forecast|001489_transit_20251221-0386-A715-Train-#1,2025-12-25,21428668,0386,A715,2025-12-21,2025-12-31,69,21428668|0386|A715|2025-12-21|net demand for forecast|001489,20251221-0386-A715-Train-#1
21428668|0386|A715|2025-12-21|net demand for forecast|001490_transit_20251221-0386-A715-Train-#1,2025-12-25,21428668,0386,A715,2025-12-21,2025-12-31,69,21428668|0386|A715|2025-12-21|net demand for forecast|001490,20251221-0386-A715-Train-#1
21428668|0386|A715|2025-12-21|net demand for forecast|001491_transit_20251221-0386-A715-Train-#1,2025-12-25,21428668,0386,A715,2025-12-21,2025-12-31,69,21428668|0386|A715|2025-12-21|net demand for forecast|001491,20251221-0386-A715-Train-#1
21428668|0386|A715|2025-12-21|net demand for forecast|001492_transit_20251221-0386-A715-Train-#1,2025-12-25,21428668,0386,A715,2025-12-21,2025-12-31,69,21428668|0386|A715|2025-12-21|net demand for forecast|001492,20251221-0386-A715-Train-#1
21165946|0386|A715|2025-12-21|net demand for safety|001272_transit_20251221-0386-A715-Train-#1,2025-12-25,21165946,0386,A715,2025-12-21,2025-12-31,2,21165946|0386|A715|2025-12-21|net demand for safety|001272,20251221-0386-A715-Train-#1
21170683|0386|A715|2025-12-21|net demand for safety|001389_transit_20251221-0386-A715-Train-#1,2025-12-25,21170683,0386,A715,2025-12-21,2025-12-31,5,21170683|0386|A715|2025-12-21|net demand for safety|001389,20251221-0386-A715-Train-#1
21366842|0386|A716|2025-12-21|net demand for normal|001468_transit_20251221-0386-A716-Train-#1,2025-12-25,21366842,0386,A716,2025-12-21,2026-01-04,1,21366842|0386|A716|2025-12-21|net demand for normal|001468,20251221-0386-A716-Train-#1
21428668|0386|A716|2025-12-21|net demand for normal|001511_transit_20251221-0386-A716-Train-#1,2025-12-25,21428668,0386,A716,2025-12-21,2026-01-04,102,21428668|0386|A716|2025-12-21|net demand for normal|001511,20251221-0386-A716-Train-#1
21442422|0386|A716|2025-12-21|net demand for normal|001548_transit_20251221-0386-A716-Train-#1,2025-12-25,21442422,0386,A716,2025-12-21,2026-01-05,5,21442422|0386|A716|2025-12-21|net demand for normal|001548,20251221-0386-A716-Train-#1
21165946|0386|A716|2025-12-21|net demand for forecast|001273_transit_20251221-0386-A716-Train-#1,2025-12-25,21165946,0386,A716,2025-12-21,2026-01-04,2,21165946|0386|A716|2025-12-21|net demand for forecast|001273,20251221-0386-A716-Train-#1
21165946|0386|A716|2025-12-21|net demand for forecast|001274_transit_20251221-0386-A716-Train-#1,2025-12-25,21165946,0386,A716,2025-12-21,2026-01-04,2,21165946|0386|A716|2025-12-21|net demand for forecast|001274,20251221-0386-A716-Train-#1
21165946|0386|A716|2025-12-21|net demand for forecast|001275_transit_20251221-0386-A716-Train-#1,2025-12-25,21165946,0386,A716,2025-12-21,2026-01-04,2,21165946|0386|A716|2025-12-21|net demand for forecast|001275,20251221-0386-A716-Train-#1
21165946|0386|A716|2025-12-21|net demand for forecast|001276_transit_20251221-0386-A716-Train-#1,2025-12-25,21165946,0386,A716,2025-12-21,2026-01-05,2,21165946|0386|A716|2025-12-21|net demand for forecast|001276,20251221-0386-A716-Train-#1
21165946|0386|A716|2025-12-21|net demand for forecast|001277_transit_20251221-0386-A716-Train-#1,2025-12-25,21165946,0386,A716,2025-12-21,2026-01-04,3,21165946|0386|A716|2025-12-21|net demand for forecast|001277,20251221-0386-A716-Train-#1
21165946|0386|A716|2025-12-21|net demand for forecast|001278_transit_20251221-0386-A716-Train-#1,2025-12-25,21165946,0386,A716,2025-12-21,2026-01-04,3,21165946|0386|A716|2025-12-21|net demand for forecast|001278,20251221-0386-A716-Train-#1
21165946|0386|A716|2025-12-21|net demand for forecast|001279_transit_20251221-0386-A716-Train-#1,2025-12-25,21165946,0386,A716,2025-12-21,2026-01-04,3,21165946|0386|A716|2025-12-21|net demand for forecast|001279,20251221-0386-A716-Train-#1
21165946|0386|A716|2025-12-21|net demand for forecast|001280_transit_20251221-0386-A716-Train-#1,2025-12-25,21165946,0386,A716,2025-12-21,2026-01-04,3,21165946|0386|A716|2025-12-21|net demand for forecast|001280,20251221-0386-A716-Train-#1
21165946|0386|A716|2025-12-21|net demand for forecast|001281_transit_20251221-0386-A716-Train-#1,2025-12-25,21165946,0386,A716,2025-12-21,2026-01-04,3,21165946|0386|A716|2025-12-21|net demand for forecast|001281,20251221-0386-A716-Train-#1
21165946|0386|A716|2025-12-21|net demand for forecast|001282_transit_20251221-0386-A716-Train-#1,2025-12-25,21165946,0386,A716,2025-12-21,2026-01-04,3,21165946|0386|A716|2025-12-21|net demand for forecast|001282,20251221-0386-A716-Train-#1
21165946|0386|A716|2025-12-21|net demand for forecast|001283_transit_20251221-0386-A716-Train-#1,2025-12-25,21165946,0386,A716,2025-12-21,2026-01-04,4,21165946|0386|A716|2025-12-21|net demand for forecast|001283,20251221-0386-A716-Train-#1
21165946|0386|A716|2025-12-21|net demand for forecast|001284_transit_20251221-0386-A716-Train-#1,2025-12-25,21165946,0386,A716,2025-12-21,2026-01-04,4,21165946|0386|A716|2025-12-21|net demand for forecast|001284,20251221-0386-A716-Train-#1
21165946|0386|A716|2025-12-21|net demand for forecast|001285_transit_20251221-0386-A716-Train-#1,2025-12-25,21165946,0386,A716,2025-12-21,2026-01-04,5,21165946|0386|A716|2025-12-21|net demand for forecast|001285,20251221-0386-A716-Train-#1
21165946|0386|A716|2025-12-21|net demand for forecast|001286_transit_20251221-0386-A716-Train-#1,2025-12-25,21165946,0386,A716,2025-12-21,2026-01-05,5,21165946|0386|A716|2025-12-21|net demand for forecast|001286,20251221-0386-A716-Train-#1
21165946|0386|A716|2025-12-21|net demand for forecast|001287_transit_20251221-0386-A716-Train-#1,2025-12-25,21165946,0386,A716,2025-12-21,2026-01-04,5,21165946|0386|A716|2025-12-21|net demand for forecast|001287,20251221-0386-A716-Train-#1
21165946|0386|A716|2025-12-21|net demand for forecast|001288_transit_20251221-0386-A716-Train-#1,2025-12-25,21165946,0386,A716,2025-12-21,2026-01-04,5,21165946|0386|A716|2025-12-21|net demand for forecast|001288,20251221-0386-A716-Train-#1
21165946|0386|A716|2025-12-21|net demand for forecast|001289_transit_20251221-0386-A716-Train-#1,2025-12-25,21165946,0386,A716,2025-12-21,2026-01-04,5,21165946|0386|A716|2025-12-21|net demand for forecast|001289,20251221-0386-A716-Train-#1
21165946|0386|A716|2025-12-21|net demand for forecast|001290_transit_20251221-0386-A716-Train-#1,2025-12-25,21165946,0386,A716,2025-12-21,2026-01-04,5,21165946|0386|A716|2025-12-21|net demand for forecast|001290,20251221-0386-A716-Train-#1
21165946|0386|A716|2025-12-21|net demand for forecast|001291_transit_20251221-0386-A716-Train-#1,2025-12-25,21165946,0386,A716,2025-12-21,2026-01-04,5,21165946|0386|A716|2025-12-21|net demand for forecast|001291,20251221-0386-A716-Train-#1
21170683|0386|A716|2025-12-21|net demand for forecast|001390_transit_20251221-0386-A716-Train-#1,2025-12-25,21170683,0386,A716,2025-12-21,2026-01-04,2,21170683|0386|A716|2025-12-21|net demand for forecast|001390,20251221-0386-A716-Train-#1
21170683|0386|A716|2025-12-21|net demand for forecast|001391_transit_20251221-0386-A716-Train-#1,2025-12-25,21170683,0386,A716,2025-12-21,2026-01-04,2,21170683|0386|A716|2025-12-21|net demand for forecast|001391,20251221-0386-A716-Train-#1
21170683|0386|A716|2025-12-21|net demand for forecast|001392_transit_20251221-0386-A716-Train-#1,2025-12-25,21170683,0386,A716,2025-12-21,2026-01-04,2,21170683|0386|A716|2025-12-21|net demand for forecast|001392,20251221-0386-A716-Train-#1
21170683|0386|A716|2025-12-21|net demand for forecast|001393_transit_20251221-0386-A716-Train-#1,2025-12-25,21170683,0386,A716,2025-12-21,2026-01-04,3,21170683|0386|A716|2025-12-21|net demand for forecast|001393,20251221-0386-A716-Train-#1
21170683|0386|A716|2025-12-21|net demand for forecast|001394_transit_20251221-0386-A716-Train-#1,2025-12-25,21170683,0386,A716,2025-12-21,2026-01-04,3,21170683|0386|A716|2025-12-21|net demand for forecast|001394,20251221-0386-A716-Train-#1
21170683|0386|A716|2025-12-21|net demand for forecast|001395_transit_20251221-0386-A716-Train-#1,2025-12-25,21170683,0386,A716,2025-12-21,2026-01-04,3,21170683|0386|A716|2025-12-21|net demand for forecast|001395,20251221-0386-A716-Train-#1
21170683|0386|A716|2025-12-21|net demand for forecast|001396_transit_20251221-0386-A716-Train-#1,2025-12-25,21170683,0386,A716,2025-12-21,2026-01-04,3,21170683|0386|A716|2025-12-21|net demand for forecast|001396,20251221-0386-A716-Train-#1
21170683|0386|A716|2025-12-21|net demand for forecast|001397_transit_20251221-0386-A716-Train-#1,2025-12-25,21170683,0386,A716,2025-12-21,2026-01-04,3,21170683|0386|A716|2025-12-21|net demand for forecast|001397,20251221-0386-A716-Train-#1
21170683|0386|A716|2025-12-21|net demand for forecast|001398_transit_20251221-0386-A716-Train-#1,2025-12-25,21170683,0386,A716,2025-12-21,2026-01-04,3,21170683|0386|A716|2025-12-21|net demand for forecast|001398,20251221-0386-A716-Train-#1
21170683|0386|A716|2025-12-21|net demand for forecast|001399_transit_20251221-0386-A716-Train-#1,2025-12-25,21170683,0386,A716,2025-12-21,2026-01-04,3,21170683|0386|A716|2025-12-21|net demand for forecast|001399,20251221-0386-A716-Train-#1
21170683|0386|A716|2025-12-21|net demand for forecast|001400_transit_20251221-0386-A716-Train-#1,2025-12-25,21170683,0386,A716,2025-12-21,2026-01-04,3,21170683|0386|A716|2025-12-21|net demand for forecast|001400,20251221-0386-A716-Train-#1
21170683|0386|A716|2025-12-21|net demand for forecast|001401_transit_20251221-0386-A716-Train-#1,2025-12-25,21170683,0386,A716,2025-12-21,2026-01-04,3,21170683|0386|A716|2025-12-21|net demand for forecast|001401,20251221-0386-A716-Train-#1
21170683|0386|A716|2025-12-21|net demand for forecast|001402_transit_20251221-0386-A716-Train-#1,2025-12-25,21170683,0386,A716,2025-12-21,2026-01-04,4,21170683|0386|A716|2025-12-21|net demand for forecast|001402,20251221-0386-A716-Train-#1
21170683|0386|A716|2025-12-21|net demand for forecast|001403_transit_20251221-0386-A716-Train-#1,2025-12-25,21170683,0386,A716,2025-12-21,2026-01-04,4,21170683|0386|A716|2025-12-21|net demand for forecast|001403,20251221-0386-A716-Train-#1
21170683|0386|A716|2025-12-21|net demand for forecast|001404_transit_20251221-0386-A716-Train-#1,2025-12-25,21170683,0386,A716,2025-12-21,2026-01-04,4,21170683|0386|A716|2025-12-21|net demand for forecast|001404,20251221-0386-A716-Train-#1
21170683|0386|A716|2025-12-21|net demand for forecast|001405_transit_20251221-0386-A716-Train-#1,2025-12-25,21170683,0386,A716,2025-12-21,2026-01-04,4,21170683|0386|A716|2025-12-21|net demand for forecast|001405,20251221-0386-A716-Train-#1
21170683|0386|A716|2025-12-21|net demand for forecast|001406_transit_20251221-0386-A716-Train-#1,2025-12-25,21170683,0386,A716,2025-12-21,2026-01-04,4,21170683|0386|A716|2025-12-21|net demand for forecast|001406,20251221-0386-A716-Train-#1
21170683|0386|A716|2025-12-21|net demand for forecast|001407_transit_20251221-0386-A716-Train-#1,2025-12-25,21170683,0386,A716,2025-12-21,2026-01-04,5,21170683|0386|A716|2025-12-21|net demand for forecast|001407,20251221-0386-A716-Train-#1
21170683|0386|A716|2025-12-21|net demand for forecast|001408_transit_20251221-0386-A716-Train-#1,2025-12-25,21170683,0386,A716,2025-12-21,2026-01-04,5,21170683|0386|A716|2025-12-21|net demand for forecast|001408,20251221-0386-A716-Train-#1
21428668|0386|A716|2025-12-21|net demand for forecast|001494_transit_20251221-0386-A716-Train-#1,2025-12-25,21428668,0386,A716,2025-12-21,2026-01-04,3,21428668|0386|A716|2025-12-21|net demand for forecast|001494,20251221-0386-A716-Train-#1
21428668|0386|A716|2025-12-21|net demand for forecast|001495_transit_20251221-0386-A716-Train-#1,2025-12-25,21428668,0386,A716,2025-12-21,2026-01-04,3,21428668|0386|A716|2025-12-21|net demand for forecast|001495,20251221-0386-A716-Train-#1
21428668|0386|A716|2025-12-21|net demand for forecast|001496_transit_20251221-0386-A716-Train-#1,2025-12-25,21428668,0386,A716,2025-12-21,2026-01-04,4,21428668|0386|A716|2025-12-21|net demand for forecast|001496,20251221-0386-A716-Train-#1
21428668|0386|A716|2025-12-21|net demand for forecast|001497_transit_20251221-0386-A716-Train-#1,2025-12-25,21428668,0386,A716,2025-12-21,2026-01-04,4,21428668|0386|A716|2025-12-21|net demand for forecast|001497,20251221-0386-A716-Train-#1
21428668|0386|A716|2025-12-21|net demand for forecast|001498_transit_20251221-0386-A716-Train-#1,2025-12-25,21428668,0386,A716,2025-12-21,2026-01-04,4,21428668|0386|A716|2025-12-21|net demand for forecast|001498,20251221-0386-A716-Train-#1
21428668|0386|A716|2025-12-21|net demand for forecast|001499_transit_20251221-0386-A716-Train-#1,2025-12-25,21428668,0386,A716,2025-12-21,2026-01-04,8,21428668|0386|A716|2025-12-21|net demand for forecast|001499,20251221-0386-A716-Train-#1
21428668|0386|A716|2025-12-21|net demand for forecast|001500_transit_20251221-0386-A716-Train-#1,2025-12-25,21428668,0386,A716,2025-12-21,2026-01-04,8,21428668|0386|A716|2025-12-21|net demand for forecast|001500,20251221-0386-A716-Train-#1
21428668|0386|A716|2025-12-21|net demand for forecast|001501_transit_20251221-0386-A716-Train-#1,2025-12-25,21428668,0386,A716,2025-12-21,2026-01-04,8,21428668|0386|A716|2025-12-21|net demand for forecast|001501,20251221-0386-A716-Train-#1
21428668|0386|A716|2025-12-21|net demand for forecast|001502_transit_20251221-0386-A716-Train-#1,2025-12-25,21428668,0386,A716,2025-12-21,2026-01-04,8,21428668|0386|A716|2025-12-21|net demand for forecast|001502,20251221-0386-A716-Train-#1
21428668|0386|A716|2025-12-21|net demand for forecast|001503_transit_20251221-0386-A716-Train-#1,2025-12-25,21428668,0386,A716,2025-12-21,2026-01-05,8,21428668|0386|A716|2025-12-21|net demand for forecast|001503,20251221-0386-A716-Train-#1
21428668|0386|A716|2025-12-21|net demand for forecast|001504_transit_20251221-0386-A716-Train-#1,2025-12-25,21428668,0386,A716,2025-12-21,2026-01-04,8,21428668|0386|A716|2025-12-21|net demand for forecast|001504,20251221-0386-A716-Train-#1
21428668|0386|A716|2025-12-21|net demand for forecast|001505_transit_20251221-0386-A716-Train-#1,2025-12-25,21428668,0386,A716,2025-12-21,2026-01-04,8,21428668|0386|A716|2025-12-21|net demand for forecast|001505,20251221-0386-A716-Train-#1
21428668|0386|A716|2025-12-21|net demand for forecast|001506_transit_20251221-0386-A716-Train-#1,2025-12-25,21428668,0386,A716,2025-12-21,2026-01-04,37,21428668|0386|A716|2025-12-21|net demand for forecast|001506,20251221-0386-A716-Train-#1
21428668|0386|A716|2025-12-21|net demand for forecast|001507_transit_20251221-0386-A716-Train-#1,2025-12-25,21428668,0386,A716,2025-12-21,2026-01-04,53,21428668|0386|A716|2025-12-21|net demand for forecast|001507,20251221-0386-A716-Train-#1
21428668|0386|A716|2025-12-21|net demand for forecast|001508_transit_20251221-0386-A716-Train-#1,2025-12-25,21428668,0386,A716,2025-12-21,2026-01-04,54,21428668|0386|A716|2025-12-21|net demand for forecast|001508,20251221-0386-A716-Train-#1
21428668|0386|A716|2025-12-21|net demand for forecast|001509_transit_20251221-0386-A716-Train-#1,2025-12-25,21428668,0386,A716,2025-12-21,2026-01-04,54,21428668|0386|A716|2025-12-21|net demand for forecast|001509,20251221-0386-A716-Train-#1
21428668|0386|A716|2025-12-21|net demand for forecast|001510_transit_20251221-0386-A716-Train-#1,2025-12-25,21428668,0386,A716,2025-12-21,2026-01-04,54,21428668|0386|A716|2025-12-21|net demand for forecast|001510,20251221-0386-A716-Train-#1
21165946|0386|A716|2025-12-21|net demand for safety|001292_transit_20251221-0386-A716-Train-#1,2025-12-25,21165946,0386,A716,2025-12-21,2026-01-04,16,21165946|0386|A716|2025-12-21|net demand for safety|001292,20251221-0386-A716-Train-#1
21170683|0386|A716|2025-12-21|net demand for safety|001409_transit_20251221-0386-A716-Train-#1,2025-12-25,21170683,0386,A716,2025-12-21,2026-01-04,29,21170683|0386|A716|2025-12-21|net demand for safety|001409,20251221-0386-A716-Train-#1
21419485|C816|A672|2025-12-21|net demand for normal|001470_transit_20251221-C816-A672-Train-#1,2025-12-25,21419485,C816,A672,2025-12-21,2025-12-29,19,21419485|C816|A672|2025-12-21|net demand for normal|001470,20251221-C816-A672-Train-#1
80804706|C816|A672|2025-12-17|net demand for forecast|000129_transit_20251221-C816-A672-Train-#1,2025-12-25,80804706,C816,A672,2025-12-21,2025-12-29,1,80804706|C816|A672|2025-12-17|net demand for forecast|000129,20251221-C816-A672-Train-#1
80804706|C816|A672|2025-12-17|net demand for forecast|000130_transit_20251221-C816-A672-Train-#1,2025-12-25,80804706,C816,A672,2025-12-21,2025-12-29,1,80804706|C816|A672|2025-12-17|net demand for forecast|000130,20251221-C816-A672-Train-#1
80804706|C816|A672|2025-12-17|net demand for forecast|000131_transit_20251221-C816-A672-Train-#1,2025-12-25,80804706,C816,A672,2025-12-21,2025-12-29,1,80804706|C816|A672|2025-12-17|net demand for forecast|000131,20251221-C816-A672-Train-#1
80804706|C816|A672|2025-12-17|net demand for forecast|000132_transit_20251221-C816-A672-Train-#1,2025-12-25,80804706,C816,A672,2025-12-21,2025-12-30,1,80804706|C816|A672|2025-12-17|net demand for forecast|000132,20251221-C816-A672-Train-#1
80804706|C816|A672|2025-12-17|net demand for forecast|000133_transit_20251221-C816-A672-Train-#1,2025-12-25,80804706,C816,A672,2025-12-21,2025-12-30,1,80804706|C816|A672|2025-12-17|net demand for forecast|000133,20251221-C816-A672-Train-#1
80804706|C816|A672|2025-12-17|net demand for forecast|000134_transit_20251221-C816-A672-Train-#1,2025-12-25,80804706,C816,A672,2025-12-21,2025-12-30,1,80804706|C816|A672|2025-12-17|net demand for forecast|000134,20251221-C816-A672-Train-#1
80804706|C816|A672|2025-12-17|net demand for forecast|000135_transit_20251221-C816-A672-Train-#1,2025-12-25,80804706,C816,A672,2025-12-21,2025-12-29,1,80804706|C816|A672|2025-12-17|net demand for forecast|000135,20251221-C816-A672-Train-#1
21419500|C816|A672|2025-12-18|net demand for forecast|000156_transit_20251221-C816-A672-Train-#1,2025-12-25,21419500,C816,A672,2025-12-21,2025-12-29,1,21419500|C816|A672|2025-12-18|net demand for forecast|000156,20251221-C816-A672-Train-#1
21419500|C816|A672|2025-12-18|net demand for forecast|000157_transit_20251221-C816-A672-Train-#1,2025-12-25,21419500,C816,A672,2025-12-21,2025-12-30,1,21419500|C816|A672|2025-12-18|net demand for forecast|000157,20251221-C816-A672-Train-#1
21419500|C816|A672|2025-12-18|net demand for forecast|000158_transit_20251221-C816-A672-Train-#1,2025-12-25,21419500,C816,A672,2025-12-21,2025-12-29,1,21419500|C816|A672|2025-12-18|net demand for forecast|000158,20251221-C816-A672-Train-#1
21419500|C816|A672|2025-12-18|net demand for forecast|000159_transit_20251221-C816-A672-Train-#1,2025-12-25,21419500,C816,A672,2025-12-21,2025-12-30,1,21419500|C816|A672|2025-12-18|net demand for forecast|000159,20251221-C816-A672-Train-#1
21419500|C816|A672|2025-12-19|net demand for forecast|000716_transit_20251221-C816-A672-Train-#1,2025-12-25,21419500,C816,A672,2025-12-21,2025-12-30,2,21419500|C816|A672|2025-12-19|net demand for forecast|000716,20251221-C816-A672-Train-#1
21419500|C816|A672|2025-12-19|net demand for forecast|000717_transit_20251221-C816-A672-Train-#1,2025-12-25,21419500,C816,A672,2025-12-21,2025-12-29,2,21419500|C816|A672|2025-12-19|net demand for forecast|000717,20251221-C816-A672-Train-#1
21419500|C816|A672|2025-12-19|net demand for forecast|000718_transit_20251221-C816-A672-Train-#1,2025-12-25,21419500,C816,A672,2025-12-21,2025-12-29,2,21419500|C816|A672|2025-12-19|net demand for forecast|000718,20251221-C816-A672-Train-#1
21419500|C816|A672|2025-12-19|net demand for forecast|000719_transit_20251221-C816-A672-Train-#1,2025-12-25,21419500,C816,A672,2025-12-21,2025-12-29,2,21419500|C816|A672|2025-12-19|net demand for forecast|000719,20251221-C816-A672-Train-#1
21419500|C816|A672|2025-12-19|net demand for forecast|000720_transit_20251221-C816-A672-Train-#1,2025-12-25,21419500,C816,A672,2025-12-21,2025-12-29,2,21419500|C816|A672|2025-12-19|net demand for forecast|000720,20251221-C816-A672-Train-#1
80884845|C816|A672|2025-12-20|net demand for forecast|001143_transit_20251221-C816-A672-Train-#1,2025-12-25,80884845,C816,A672,2025-12-21,2025-12-29,1,80884845|C816|A672|2025-12-20|net demand for forecast|001143,20251221-C816-A672-Train-#1
80884845|C816|A672|2025-12-20|net demand for forecast|001144_transit_20251221-C816-A672-Train-#1,2025-12-25,80884845,C816,A672,2025-12-21,2025-12-29,2,80884845|C816|A672|2025-12-20|net demand for forecast|001144,20251221-C816-A672-Train-#1
80884845|C816|A672|2025-12-20|net demand for forecast|001145_transit_20251221-C816-A672-Train-#1,2025-12-25,80884845,C816,A672,2025-12-21,2025-12-29,2,80884845|C816|A672|2025-12-20|net demand for forecast|001145,20251221-C816-A672-Train-#1
80884845|C816|A672|2025-12-20|net demand for forecast|001146_transit_20251221-C816-A672-Train-#1,2025-12-25,80884845,C816,A672,2025-12-21,2025-12-30,2,80884845|C816|A672|2025-12-20|net demand for forecast|001146,20251221-C816-A672-Train-#1
80884845|C816|A672|2025-12-20|net demand for forecast|001147_transit_20251221-C816-A672-Train-#1,2025-12-25,80884845,C816,A672,2025-12-21,2025-12-29,2,80884845|C816|A672|2025-12-20|net demand for forecast|001147,20251221-C816-A672-Train-#1
80884845|C816|A672|2025-12-20|net demand for forecast|001148_transit_20251221-C816-A672-Train-#1,2025-12-25,80884845,C816,A672,2025-12-21,2025-12-29,2,80884845|C816|A672|2025-12-20|net demand for forecast|001148,20251221-C816-A672-Train-#1
80884846|C816|A672|2025-12-20|net demand for forecast|001153_transit_20251221-C816-A672-Train-#1,2025-12-25,80884846,C816,A672,2025-12-21,2025-12-29,1,80884846|C816|A672|2025-12-20|net demand for forecast|001153,20251221-C816-A672-Train-#1
80884846|C816|A672|2025-12-20|net demand for forecast|001154_transit_20251221-C816-A672-Train-#1,2025-12-25,80884846,C816,A672,2025-12-21,2025-12-29,3,80884846|C816|A672|2025-12-20|net demand for forecast|001154,20251221-C816-A672-Train-#1
80884846|C816|A672|2025-12-20|net demand for forecast|001155_transit_20251221-C816-A672-Train-#1,2025-12-25,80884846,C816,A672,2025-12-21,2025-12-30,3,80884846|C816|A672|2025-12-20|net demand for forecast|001155,20251221-C816-A672-Train-#1
80884846|C816|A672|2025-12-20|net demand for forecast|001156_transit_20251221-C816-A672-Train-#1,2025-12-25,80884846,C816,A672,2025-12-21,2025-12-29,3,80884846|C816|A672|2025-12-20|net demand for forecast|001156,20251221-C816-A672-Train-#1
80884846|C816|A672|2025-12-20|net demand for forecast|001157_transit_20251221-C816-A672-Train-#1,2025-12-25,80884846,C816,A672,2025-12-21,2025-12-29,3,80884846|C816|A672|2025-12-20|net demand for forecast|001157,20251221-C816-A672-Train-#1
80884846|C816|A672|2025-12-20|net demand for forecast|001158_transit_20251221-C816-A672-Train-#1,2025-12-25,80884846,C816,A672,2025-12-21,2025-12-29,3,80884846|C816|A672|2025-12-20|net demand for forecast|001158,20251221-C816-A672-Train-#1
80884848|C816|A672|2025-12-20|net demand for forecast|001159_transit_20251221-C816-A672-Train-#1,2025-12-25,80884848,C816,A672,2025-12-21,2025-12-29,1,80884848|C816|A672|2025-12-20|net demand for forecast|001159,20251221-C816-A672-Train-#1
80884848|C816|A672|2025-12-20|net demand for forecast|001160_transit_20251221-C816-A672-Train-#1,2025-12-25,80884848,C816,A672,2025-12-21,2025-12-29,1,80884848|C816|A672|2025-12-20|net demand for forecast|001160,20251221-C816-A672-Train-#1
80884848|C816|A672|2025-12-20|net demand for forecast|001161_transit_20251221-C816-A672-Train-#1,2025-12-25,80884848,C816,A672,2025-12-21,2025-12-29,1,80884848|C816|A672|2025-12-20|net demand for forecast|001161,20251221-C816-A672-Train-#1
80884848|C816|A672|2025-12-20|net demand for forecast|001162_transit_20251221-C816-A672-Train-#1,2025-12-25,80884848,C816,A672,2025-12-21,2025-12-29,1,80884848|C816|A672|2025-12-20|net demand for forecast|001162,20251221-C816-A672-Train-#1
80884848|C816|A672|2025-12-20|net demand for forecast|001163_transit_20251221-C816-A672-Train-#1,2025-12-25,80884848,C816,A672,2025-12-21,2025-12-29,1,80884848|C816|A672|2025-12-20|net demand for forecast|001163,20251221-C816-A672-Train-#1
80884848|C816|A672|2025-12-20|net demand for forecast|001164_transit_20251221-C816-A672-Train-#1,2025-12-25,80884848,C816,A672,2025-12-21,2025-12-29,1,80884848|C816|A672|2025-12-20|net demand for forecast|001164,20251221-C816-A672-Train-#1
21442422|C816|A672|2025-12-21|net demand for forecast|001555_transit_20251221-C816-A672-Train-#1,2025-12-25,21442422,C816,A672,2025-12-21,2025-12-29,13,21442422|C816|A672|2025-12-21|net demand for forecast|001555,20251221-C816-A672-Train-#1
21442422|C816|A672|2025-12-21|net demand for forecast|001556_transit_20251221-C816-A672-Train-#1,2025-12-25,21442422,C816,A672,2025-12-21,2025-12-29,102,21442422|C816|A672|2025-12-21|net demand for forecast|001556,20251221-C816-A672-Train-#1
21442422|C816|A672|2025-12-21|net demand for forecast|001557_transit_20251221-C816-A672-Train-#1,2025-12-25,21442422,C816,A672,2025-12-21,2025-12-30,102,21442422|C816|A672|2025-12-21|net demand for forecast|001557,20251221-C816-A672-Train-#1
21442422|C816|A672|2025-12-21|net demand for forecast|001558_transit_20251221-C816-A672-Train-#1,2025-12-25,21442422,C816,A672,2025-12-21,2025-12-29,102,21442422|C816|A672|2025-12-21|net demand for forecast|001558,20251221-C816-A672-Train-#1
21442422|C816|A672|2025-12-21|net demand for forecast|001559_transit_20251221-C816-A672-Train-#1,2025-12-25,21442422,C816,A672,2025-12-21,2025-12-29,102,21442422|C816|A672|2025-12-21|net demand for forecast|001559,20251221-C816-A672-Train-#1
21442422|C816|A672|2025-12-21|net demand for forecast|001560_transit_20251221-C816-A672-Train-#1,2025-12-25,21442422,C816,A672,2025-12-21,2025-12-29,102,21442422|C816|A672|2025-12-21|net demand for forecast|001560,20251221-C816-A672-Train-#1
21442422|C816|A672|2025-12-21|net demand for forecast|001561_transit_20251221-C816-A672-Train-#1,2025-12-25,21442422,C816,A672,2025-12-21,2025-12-29,103,21442422|C816|A672|2025-12-21|net demand for forecast|001561,20251221-C816-A672-Train-#1
80885920|C816|A672|2025-12-21|net demand for forecast|001622_transit_20251221-C816-A672-Train-#1,2025-12-25,80885920,C816,A672,2025-12-21,2025-12-29,4,80885920|C816|A672|2025-12-21|net demand for forecast|001622,20251221-C816-A672-Train-#1
80885920|C816|A672|2025-12-21|net demand for forecast|001623_transit_20251221-C816-A672-Train-#1,2025-12-25,80885920,C816,A672,2025-12-21,2025-12-29,4,80885920|C816|A672|2025-12-21|net demand for forecast|001623,20251221-C816-A672-Train-#1
80885920|C816|A672|2025-12-21|net demand for forecast|001624_transit_20251221-C816-A672-Train-#1,2025-12-25,80885920,C816,A672,2025-12-21,2025-12-29,4,80885920|C816|A672|2025-12-21|net demand for forecast|001624,20251221-C816-A672-Train-#1
80885920|C816|A672|2025-12-21|net demand for forecast|001625_transit_20251221-C816-A672-Train-#1,2025-12-25,80885920,C816,A672,2025-12-21,2025-12-29,4,80885920|C816|A672|2025-12-21|net demand for forecast|001625,20251221-C816-A672-Train-#1
80885920|C816|A672|2025-12-21|net demand for forecast|001626_transit_20251221-C816-A672-Train-#1,2025-12-25,80885920,C816,A672,2025-12-21,2025-12-29,4,80885920|C816|A672|2025-12-21|net demand for forecast|001626,20251221-C816-A672-Train-#1
80885920|C816|A672|2025-12-21|net demand for forecast|001627_transit_20251221-C816-A672-Train-#1,2025-12-25,80885920,C816,A672,2025-12-21,2025-12-29,4,80885920|C816|A672|2025-12-21|net demand for forecast|001627,20251221-C816-A672-Train-#1
80885920|C816|A672|2025-12-21|net demand for forecast|001628_transit_20251221-C816-A672-Train-#1,2025-12-25,80885920,C816,A672,2025-12-21,2025-12-29,4,80885920|C816|A672|2025-12-21|net demand for forecast|001628,20251221-C816-A672-Train-#1
80804699|C816|A673|2025-12-15|net demand for forecast|000034_transit_20251221-C816-A673-LARGE-#1,2025-12-25,80804699,C816,A673,2025-12-21,2025-12-26,1,80804699|C816|A673|2025-12-15|net demand for forecast|000034,20251221-C816-A673-LARGE-#1
80807093|C816|A673|2025-12-15|net demand for forecast|000057_transit_20251221-C816-A673-LARGE-#1,2025-12-25,80807093,C816,A673,2025-12-21,2025-12-26,9,80807093|C816|A673|2025-12-15|net demand for forecast|000057,20251221-C816-A673-LARGE-#1
80807093|C816|A673|2025-12-16|net demand for forecast|000108_transit_20251221-C816-A673-LARGE-#1,2025-12-25,80807093,C816,A673,2025-12-21,2025-12-26,12,80807093|C816|A673|2025-12-16|net demand for forecast|000108,20251221-C816-A673-LARGE-#1
21428668|C816|A680|2025-12-20|net demand for normal|001019_transit_20251222-C816-A680-Train-#1,2025-12-25,21428668,C816,A680,2025-12-22,2025-12-28,51,21428668|C816|A680|2025-12-20|net demand for normal|001019,20251222-C816-A680-Train-#1
80804703|C816|A680|2025-12-20|net demand for normal|001099_transit_20251222-C816-A680-Train-#1,2025-12-25,80804703,C816,A680,2025-12-22,2025-12-29,3,80804703|C816|A680|2025-12-20|net demand for normal|001099,20251222-C816-A680-Train-#1
21419485|C816|A680|2025-12-21|net demand for normal|001471_transit_20251222-C816-A680-Train-#1,2025-12-25,21419485,C816,A680,2025-12-22,2025-12-28,14,21419485|C816|A680|2025-12-21|net demand for normal|001471,20251222-C816-A680-Train-#1
21428668|C816|A680|2025-12-21|net demand for normal|001546_transit_20251222-C816-A680-Train-#1,2025-12-25,21428668,C816,A680,2025-12-22,2025-12-28,20,21428668|C816|A680|2025-12-21|net demand for normal|001546,20251222-C816-A680-Train-#1
80804703|C816|A680|2025-12-21|net demand for normal|001594_transit_20251222-C816-A680-Train-#1,2025-12-25,80804703,C816,A680,2025-12-22,2025-12-28,2,80804703|C816|A680|2025-12-21|net demand for normal|001594,20251222-C816-A680-Train-#1
21428668|C816|A680|2025-12-22|net demand for normal|002329_transit_20251222-C816-A680-Train-#1,2025-12-25,21428668,C816,A680,2025-12-22,2025-12-28,157,21428668|C816|A680|2025-12-22|net demand for normal|002329,20251222-C816-A680-Train-#1
80804703|C816|A680|2025-12-22|net demand for normal|002343_transit_20251222-C816-A680-Train-#1,2025-12-25,80804703,C816,A680,2025-12-22,2025-12-28,1,80804703|C816|A680|2025-12-22|net demand for normal|002343,20251222-C816-A680-Train-#1
80804703|C816|A680|2025-12-15|net demand for forecast|000045_transit_20251222-C816-A680-Train-#1,2025-12-25,80804703,C816,A680,2025-12-22,2025-12-28,1,80804703|C816|A680|2025-12-15|net demand for forecast|000045,20251222-C816-A680-Train-#1
80804703|C816|A680|2025-12-15|net demand for forecast|000046_transit_20251222-C816-A680-Train-#1,2025-12-25,80804703,C816,A680,2025-12-22,2025-12-28,1,80804703|C816|A680|2025-12-15|net demand for forecast|000046,20251222-C816-A680-Train-#1
80804703|C816|A680|2025-12-15|net demand for forecast|000047_transit_20251222-C816-A680-Train-#1,2025-12-25,80804703,C816,A680,2025-12-22,2025-12-28,1,80804703|C816|A680|2025-12-15|net demand for forecast|000047,20251222-C816-A680-Train-#1
80804703|C816|A680|2025-12-15|net demand for forecast|000048_transit_20251222-C816-A680-Train-#1,2025-12-25,80804703,C816,A680,2025-12-22,2025-12-28,1,80804703|C816|A680|2025-12-15|net demand for forecast|000048,20251222-C816-A680-Train-#1
80804703|C816|A680|2025-12-15|net demand for forecast|000049_transit_20251222-C816-A680-Train-#1,2025-12-25,80804703,C816,A680,2025-12-22,2025-12-29,1,80804703|C816|A680|2025-12-15|net demand for forecast|000049,20251222-C816-A680-Train-#1
80804703|C816|A680|2025-12-15|net demand for forecast|000050_transit_20251222-C816-A680-Train-#1,2025-12-25,80804703,C816,A680,2025-12-22,2025-12-28,1,80804703|C816|A680|2025-12-15|net demand for forecast|000050,20251222-C816-A680-Train-#1
80804703|C816|A680|2025-12-15|net demand for forecast|000051_transit_20251222-C816-A680-Train-#1,2025-12-25,80804703,C816,A680,2025-12-22,2025-12-28,2,80804703|C816|A680|2025-12-15|net demand for forecast|000051,20251222-C816-A680-Train-#1
80804703|C816|A680|2025-12-16|net demand for forecast|000101_transit_20251222-C816-A680-Train-#1,2025-12-25,80804703,C816,A680,2025-12-22,2025-12-28,1,80804703|C816|A680|2025-12-16|net demand for forecast|000101,20251222-C816-A680-Train-#1
80804703|C816|A680|2025-12-16|net demand for forecast|000102_transit_20251222-C816-A680-Train-#1,2025-12-25,80804703,C816,A680,2025-12-22,2025-12-28,1,80804703|C816|A680|2025-12-16|net demand for forecast|000102,20251222-C816-A680-Train-#1
80884845|C816|A680|2025-12-20|net demand for forecast|001149_transit_20251222-C816-A680-Train-#1,2025-12-25,80884845,C816,A680,2025-12-22,2025-12-28,1,80884845|C816|A680|2025-12-20|net demand for forecast|001149,20251222-C816-A680-Train-#1
80884845|C816|A680|2025-12-20|net demand for forecast|001150_transit_20251222-C816-A680-Train-#1,2025-12-25,80884845,C816,A680,2025-12-22,2025-12-28,1,80884845|C816|A680|2025-12-20|net demand for forecast|001150,20251222-C816-A680-Train-#1
80884845|C816|A680|2025-12-20|net demand for forecast|001151_transit_20251222-C816-A680-Train-#1,2025-12-25,80884845,C816,A680,2025-12-22,2025-12-28,1,80884845|C816|A680|2025-12-20|net demand for forecast|001151,20251222-C816-A680-Train-#1
80884845|C816|A680|2025-12-20|net demand for forecast|001152_transit_20251222-C816-A680-Train-#1,2025-12-25,80884845,C816,A680,2025-12-22,2025-12-28,1,80884845|C816|A680|2025-12-20|net demand for forecast|001152,20251222-C816-A680-Train-#1
21442422|C816|A680|2025-12-21|net demand for forecast|001568_transit_20251222-C816-A680-Train-#1,2025-12-25,21442422,C816,A680,2025-12-22,2025-12-28,51,21442422|C816|A680|2025-12-21|net demand for forecast|001568,20251222-C816-A680-Train-#1
21442422|C816|A680|2025-12-21|net demand for forecast|001569_transit_20251222-C816-A680-Train-#1,2025-12-25,21442422,C816,A680,2025-12-22,2025-12-28,66,21442422|C816|A680|2025-12-21|net demand for forecast|001569,20251222-C816-A680-Train-#1
21442422|C816|A680|2025-12-21|net demand for forecast|001570_transit_20251222-C816-A680-Train-#1,2025-12-25,21442422,C816,A680,2025-12-22,2025-12-28,66,21442422|C816|A680|2025-12-21|net demand for forecast|001570,20251222-C816-A680-Train-#1
21442422|C816|A680|2025-12-21|net demand for forecast|001571_transit_20251222-C816-A680-Train-#1,2025-12-25,21442422,C816,A680,2025-12-22,2025-12-28,67,21442422|C816|A680|2025-12-21|net demand for forecast|001571,20251222-C816-A680-Train-#1
21442422|C816|A680|2025-12-21|net demand for forecast|001572_transit_20251222-C816-A680-Train-#1,2025-12-25,21442422,C816,A680,2025-12-22,2025-12-28,67,21442422|C816|A680|2025-12-21|net demand for forecast|001572,20251222-C816-A680-Train-#1
21442422|C816|A680|2025-12-21|net demand for forecast|001573_transit_20251222-C816-A680-Train-#1,2025-12-25,21442422,C816,A680,2025-12-22,2025-12-28,67,21442422|C816|A680|2025-12-21|net demand for forecast|001573,20251222-C816-A680-Train-#1
21428668|C816|A680|2025-12-22|net demand for forecast|002322_transit_20251222-C816-A680-Train-#1,2025-12-25,21428668,C816,A680,2025-12-22,2025-12-28,10,21428668|C816|A680|2025-12-22|net demand for forecast|002322,20251222-C816-A680-Train-#1
21428668|C816|A680|2025-12-22|net demand for forecast|002323_transit_20251222-C816-A680-Train-#1,2025-12-25,21428668,C816,A680,2025-12-22,2025-12-28,68,21428668|C816|A680|2025-12-22|net demand for forecast|002323,20251222-C816-A680-Train-#1
21428668|C816|A680|2025-12-22|net demand for forecast|002324_transit_20251222-C816-A680-Train-#1,2025-12-25,21428668,C816,A680,2025-12-22,2025-12-28,68,21428668|C816|A680|2025-12-22|net demand for forecast|002324,20251222-C816-A680-Train-#1
21428668|C816|A680|2025-12-22|net demand for forecast|002325_transit_20251222-C816-A680-Train-#1,2025-12-25,21428668,C816,A680,2025-12-22,2025-12-28,68,21428668|C816|A680|2025-12-22|net demand for forecast|002325,20251222-C816-A680-Train-#1
21428668|C816|A680|2025-12-22|net demand for forecast|002326_transit_20251222-C816-A680-Train-#1,2025-12-25,21428668,C816,A680,2025-12-22,2025-12-28,68,21428668|C816|A680|2025-12-22|net demand for forecast|002326,20251222-C816-A680-Train-#1
21428668|C816|A680|2025-12-22|net demand for forecast|002327_transit_20251222-C816-A680-Train-#1,2025-12-25,21428668,C816,A680,2025-12-22,2025-12-28,68,21428668|C816|A680|2025-12-22|net demand for forecast|002327,20251222-C816-A680-Train-#1
21428668|C816|A680|2025-12-22|net demand for forecast|002328_transit_20251222-C816-A680-Train-#1,2025-12-25,21428668,C816,A680,2025-12-22,2025-12-28,68,21428668|C816|A680|2025-12-22|net demand for forecast|002328,20251222-C816-A680-Train-#1
21291975|0386|A668|2025-12-21|net demand for normal|001442_transit_20251222-0386-A668-Train-#1,2025-12-25,21291975,0386,A668,2025-12-22,2025-12-28,1,21291975|0386|A668|2025-12-21|net demand for normal|001442,20251222-0386-A668-Train-#1
21377091|0386|A668|2025-12-22|net demand for normal|002152_transit_20251222-0386-A668-Train-#1,2025-12-25,21377091,0386,A668,2025-12-22,2025-12-28,82,21377091|0386|A668|2025-12-22|net demand for normal|002152,20251222-0386-A668-Train-#1
21165946|0386|A668|2025-12-21|net demand for forecast|001204_transit_20251222-0386-A668-Train-#1,2025-12-25,21165946,0386,A668,2025-12-22,2025-12-27,1,21165946|0386|A668|2025-12-21|net demand for forecast|001204,20251222-0386-A668-Train-#1
21165946|0386|A668|2025-12-21|net demand for forecast|001205_transit_20251222-0386-A668-Train-#1,2025-12-25,21165946,0386,A668,2025-12-22,2025-12-27,1,21165946|0386|A668|2025-12-21|net demand for forecast|001205,20251222-0386-A668-Train-#1
21165946|0386|A668|2025-12-21|net demand for forecast|001206_transit_20251222-0386-A668-Train-#1,2025-12-25,21165946,0386,A668,2025-12-22,2025-12-27,1,21165946|0386|A668|2025-12-21|net demand for forecast|001206,20251222-0386-A668-Train-#1
21165946|0386|A668|2025-12-21|net demand for forecast|001207_transit_20251222-0386-A668-Train-#1,2025-12-25,21165946,0386,A668,2025-12-22,2025-12-27,2,21165946|0386|A668|2025-12-21|net demand for forecast|001207,20251222-0386-A668-Train-#1
21165946|0386|A668|2025-12-21|net demand for forecast|001208_transit_20251222-0386-A668-Train-#1,2025-12-25,21165946,0386,A668,2025-12-22,2025-12-27,2,21165946|0386|A668|2025-12-21|net demand for forecast|001208,20251222-0386-A668-Train-#1
21165946|0386|A668|2025-12-21|net demand for forecast|001209_transit_20251222-0386-A668-Train-#1,2025-12-25,21165946,0386,A668,2025-12-22,2025-12-27,2,21165946|0386|A668|2025-12-21|net demand for forecast|001209,20251222-0386-A668-Train-#1
21165946|0386|A668|2025-12-21|net demand for forecast|001210_transit_20251222-0386-A668-Train-#1,2025-12-25,21165946,0386,A668,2025-12-22,2025-12-27,2,21165946|0386|A668|2025-12-21|net demand for forecast|001210,20251222-0386-A668-Train-#1
21165946|0386|A668|2025-12-21|net demand for forecast|001211_transit_20251222-0386-A668-Train-#1,2025-12-25,21165946,0386,A668,2025-12-22,2025-12-27,2,21165946|0386|A668|2025-12-21|net demand for forecast|001211,20251222-0386-A668-Train-#1
21165946|0386|A668|2025-12-21|net demand for forecast|001212_transit_20251222-0386-A668-Train-#1,2025-12-25,21165946,0386,A668,2025-12-22,2025-12-28,2,21165946|0386|A668|2025-12-21|net demand for forecast|001212,20251222-0386-A668-Train-#1
21165946|0386|A668|2025-12-21|net demand for forecast|001213_transit_20251222-0386-A668-Train-#1,2025-12-25,21165946,0386,A668,2025-12-22,2025-12-27,2,21165946|0386|A668|2025-12-21|net demand for forecast|001213,20251222-0386-A668-Train-#1
21170683|0386|A668|2025-12-21|net demand for forecast|001314_transit_20251222-0386-A668-Train-#1,2025-12-25,21170683,0386,A668,2025-12-22,2025-12-27,2,21170683|0386|A668|2025-12-21|net demand for forecast|001314,20251222-0386-A668-Train-#1
21170683|0386|A668|2025-12-21|net demand for forecast|001315_transit_20251222-0386-A668-Train-#1,2025-12-25,21170683,0386,A668,2025-12-22,2025-12-27,3,21170683|0386|A668|2025-12-21|net demand for forecast|001315,20251222-0386-A668-Train-#1
21170683|0386|A668|2025-12-21|net demand for forecast|001316_transit_20251222-0386-A668-Train-#1,2025-12-25,21170683,0386,A668,2025-12-22,2025-12-27,3,21170683|0386|A668|2025-12-21|net demand for forecast|001316,20251222-0386-A668-Train-#1
21170683|0386|A668|2025-12-21|net demand for forecast|001317_transit_20251222-0386-A668-Train-#1,2025-12-25,21170683,0386,A668,2025-12-22,2025-12-27,3,21170683|0386|A668|2025-12-21|net demand for forecast|001317,20251222-0386-A668-Train-#1
21170683|0386|A668|2025-12-21|net demand for forecast|001318_transit_20251222-0386-A668-Train-#1,2025-12-25,21170683,0386,A668,2025-12-22,2025-12-27,3,21170683|0386|A668|2025-12-21|net demand for forecast|001318,20251222-0386-A668-Train-#1
21170683|0386|A668|2025-12-21|net demand for forecast|001319_transit_20251222-0386-A668-Train-#1,2025-12-25,21170683,0386,A668,2025-12-22,2025-12-28,3,21170683|0386|A668|2025-12-21|net demand for forecast|001319,20251222-0386-A668-Train-#1
21170683|0386|A668|2025-12-21|net demand for forecast|001320_transit_20251222-0386-A668-Train-#1,2025-12-25,21170683,0386,A668,2025-12-22,2025-12-27,4,21170683|0386|A668|2025-12-21|net demand for forecast|001320,20251222-0386-A668-Train-#1
21170683|0386|A668|2025-12-21|net demand for forecast|001321_transit_20251222-0386-A668-Train-#1,2025-12-25,21170683,0386,A668,2025-12-22,2025-12-28,4,21170683|0386|A668|2025-12-21|net demand for forecast|001321,20251222-0386-A668-Train-#1
21170683|0386|A668|2025-12-21|net demand for forecast|001322_transit_20251222-0386-A668-Train-#1,2025-12-25,21170683,0386,A668,2025-12-22,2025-12-27,4,21170683|0386|A668|2025-12-21|net demand for forecast|001322,20251222-0386-A668-Train-#1
21170683|0386|A668|2025-12-21|net demand for forecast|001323_transit_20251222-0386-A668-Train-#1,2025-12-25,21170683,0386,A668,2025-12-22,2025-12-27,4,21170683|0386|A668|2025-12-21|net demand for forecast|001323,20251222-0386-A668-Train-#1
21165946|0386|A668|2025-12-22|net demand for forecast|001906_transit_20251222-0386-A668-Train-#1,2025-12-25,21165946,0386,A668,2025-12-22,2025-12-28,1,21165946|0386|A668|2025-12-22|net demand for forecast|001906,20251222-0386-A668-Train-#1
21165946|0386|A668|2025-12-22|net demand for forecast|001907_transit_20251222-0386-A668-Train-#1,2025-12-25,21165946,0386,A668,2025-12-22,2025-12-27,1,21165946|0386|A668|2025-12-22|net demand for forecast|001907,20251222-0386-A668-Train-#1
21165946|0386|A668|2025-12-22|net demand for forecast|001908_transit_20251222-0386-A668-Train-#1,2025-12-25,21165946,0386,A668,2025-12-22,2025-12-27,1,21165946|0386|A668|2025-12-22|net demand for forecast|001908,20251222-0386-A668-Train-#1
21165946|0386|A668|2025-12-22|net demand for forecast|001909_transit_20251222-0386-A668-Train-#1,2025-12-25,21165946,0386,A668,2025-12-22,2025-12-27,1,21165946|0386|A668|2025-12-22|net demand for forecast|001909,20251222-0386-A668-Train-#1
21165946|0386|A668|2025-12-22|net demand for forecast|001910_transit_20251222-0386-A668-Train-#1,2025-12-25,21165946,0386,A668,2025-12-22,2025-12-27,1,21165946|0386|A668|2025-12-22|net demand for forecast|001910,20251222-0386-A668-Train-#1
21165946|0386|A668|2025-12-22|net demand for forecast|001911_transit_20251222-0386-A668-Train-#1,2025-12-25,21165946,0386,A668,2025-12-22,2025-12-27,1,21165946|0386|A668|2025-12-22|net demand for forecast|001911,20251222-0386-A668-Train-#1
21165946|0386|A668|2025-12-22|net demand for forecast|001912_transit_20251222-0386-A668-Train-#1,2025-12-25,21165946,0386,A668,2025-12-22,2025-12-27,1,21165946|0386|A668|2025-12-22|net demand for forecast|001912,20251222-0386-A668-Train-#1
21165946|0386|A668|2025-12-22|net demand for forecast|001913_transit_20251222-0386-A668-Train-#1,2025-12-25,21165946,0386,A668,2025-12-22,2025-12-27,1,21165946|0386|A668|2025-12-22|net demand for forecast|001913,20251222-0386-A668-Train-#1
21165946|0386|A668|2025-12-22|net demand for forecast|001914_transit_20251222-0386-A668-Train-#1,2025-12-25,21165946,0386,A668,2025-12-22,2025-12-27,1,21165946|0386|A668|2025-12-22|net demand for forecast|001914,20251222-0386-A668-Train-#1
21165946|0386|A668|2025-12-22|net demand for forecast|001915_transit_20251222-0386-A668-Train-#1,2025-12-25,21165946,0386,A668,2025-12-22,2025-12-27,1,21165946|0386|A668|2025-12-22|net demand for forecast|001915,20251222-0386-A668-Train-#1
21377091|0386|A668|2025-12-22|net demand for forecast|002142_transit_20251222-0386-A668-Train-#1,2025-12-25,21377091,0386,A668,2025-12-22,2025-12-27,5,21377091|0386|A668|2025-12-22|net demand for forecast|002142,20251222-0386-A668-Train-#1
21377091|0386|A668|2025-12-22|net demand for forecast|002143_transit_20251222-0386-A668-Train-#1,2025-12-25,21377091,0386,A668,2025-12-22,2025-12-27,5,21377091|0386|A668|2025-12-22|net demand for forecast|002143,20251222-0386-A668-Train-#1
21377091|0386|A668|2025-12-22|net demand for forecast|002144_transit_20251222-0386-A668-Train-#1,2025-12-25,21377091,0386,A668,2025-12-22,2025-12-27,5,21377091|0386|A668|2025-12-22|net demand for forecast|002144,20251222-0386-A668-Train-#1
21377091|0386|A668|2025-12-22|net demand for forecast|002145_transit_20251222-0386-A668-Train-#1,2025-12-25,21377091,0386,A668,2025-12-22,2025-12-27,5,21377091|0386|A668|2025-12-22|net demand for forecast|002145,20251222-0386-A668-Train-#1
21377091|0386|A668|2025-12-22|net demand for forecast|002146_transit_20251222-0386-A668-Train-#1,2025-12-25,21377091,0386,A668,2025-12-22,2025-12-28,12,21377091|0386|A668|2025-12-22|net demand for forecast|002146,20251222-0386-A668-Train-#1
21377091|0386|A668|2025-12-22|net demand for forecast|002147_transit_20251222-0386-A668-Train-#1,2025-12-25,21377091,0386,A668,2025-12-22,2025-12-27,12,21377091|0386|A668|2025-12-22|net demand for forecast|002147,20251222-0386-A668-Train-#1
21377091|0386|A668|2025-12-22|net demand for forecast|002148_transit_20251222-0386-A668-Train-#1,2025-12-25,21377091,0386,A668,2025-12-22,2025-12-27,13,21377091|0386|A668|2025-12-22|net demand for forecast|002148,20251222-0386-A668-Train-#1
21377091|0386|A668|2025-12-22|net demand for forecast|002149_transit_20251222-0386-A668-Train-#1,2025-12-25,21377091,0386,A668,2025-12-22,2025-12-27,13,21377091|0386|A668|2025-12-22|net demand for forecast|002149,20251222-0386-A668-Train-#1
21377091|0386|A668|2025-12-22|net demand for forecast|002150_transit_20251222-0386-A668-Train-#1,2025-12-25,21377091,0386,A668,2025-12-22,2025-12-27,13,21377091|0386|A668|2025-12-22|net demand for forecast|002150,20251222-0386-A668-Train-#1
21377091|0386|A668|2025-12-22|net demand for forecast|002151_transit_20251222-0386-A668-Train-#1,2025-12-25,21377091,0386,A668,2025-12-22,2025-12-27,13,21377091|0386|A668|2025-12-22|net demand for forecast|002151,20251222-0386-A668-Train-#1
21165946|0386|A668|2025-12-21|net demand for safety|001214_transit_20251222-0386-A668-Train-#1,2025-12-25,21165946,0386,A668,2025-12-22,2025-12-27,7,21165946|0386|A668|2025-12-21|net demand for safety|001214,20251222-0386-A668-Train-#1
21170683|0386|A668|2025-12-21|net demand for safety|001324_transit_20251222-0386-A668-Train-#1,2025-12-25,21170683,0386,A668,2025-12-22,2025-12-27,17,21170683|0386|A668|2025-12-21|net demand for safety|001324,20251222-0386-A668-Train-#1
21143110|0386|A668|2025-12-22|net demand for safety|001797_transit_20251222-0386-A668-Train-#1,2025-12-25,21143110,0386,A668,2025-12-22,2025-12-27,45,21143110|0386|A668|2025-12-22|net demand for safety|001797,20251222-0386-A668-Train-#1
21165946|0386|A668|2025-12-22|net demand for safety|001916_transit_20251222-0386-A668-Train-#1,2025-12-25,21165946,0386,A668,2025-12-22,2025-12-27,3,21165946|0386|A668|2025-12-22|net demand for safety|001916,20251222-0386-A668-Train-#1
21143103|0386|A668|2025-12-22|push replenishment|001738_transit_20251222-0386-A668-Train-#1,2025-12-25,21143103,0386,A668,2025-12-22,2025-12-27,20,21143103|0386|A668|2025-12-22|push replenishment|001738,20251222-0386-A668-Train-#1
21143110|0386|A668|2025-12-22|push replenishment|001798_transit_20251222-0386-A668-Train-#1,2025-12-25,21143110,0386,A668,2025-12-22,2025-12-27,80,21143110|0386|A668|2025-12-22|push replenishment|001798,20251222-0386-A668-Train-#1
21165868|0386|A668|2025-12-22|push replenishment|001867_transit_20251222-0386-A668-Train-#1,2025-12-25,21165868,0386,A668,2025-12-22,2025-12-27,51,21165868|0386|A668|2025-12-22|push replenishment|001867,20251222-0386-A668-Train-#1
21165946|0386|A668|2025-12-22|push replenishment|001917_transit_20251222-0386-A668-Train-#1,2025-12-25,21165946,0386,A668,2025-12-22,2025-12-27,11,21165946|0386|A668|2025-12-22|push replenishment|001917,20251222-0386-A668-Train-#1
21377091|0386|A672|2025-12-22|net demand for normal|002165_transit_20251222-0386-A672-Train-#1,2025-12-25,21377091,0386,A672,2025-12-22,2025-12-29,334,21377091|0386|A672|2025-12-22|net demand for normal|002165,20251222-0386-A672-Train-#1
21143103|0386|A672|2025-12-22|net demand for forecast|001739_transit_20251222-0386-A672-Train-#1,2025-12-25,21143103,0386,A672,2025-12-22,2025-12-29,2,21143103|0386|A672|2025-12-22|net demand for forecast|001739,20251222-0386-A672-Train-#1
21143103|0386|A672|2025-12-22|net demand for forecast|001740_transit_20251222-0386-A672-Train-#1,2025-12-25,21143103,0386,A672,2025-12-22,2025-12-29,2,21143103|0386|A672|2025-12-22|net demand for forecast|001740,20251222-0386-A672-Train-#1
21143103|0386|A672|2025-12-22|net demand for forecast|001741_transit_20251222-0386-A672-Train-#1,2025-12-25,21143103,0386,A672,2025-12-22,2025-12-29,2,21143103|0386|A672|2025-12-22|net demand for forecast|001741,20251222-0386-A672-Train-#1
21143103|0386|A672|2025-12-22|net demand for forecast|001742_transit_20251222-0386-A672-Train-#1,2025-12-25,21143103,0386,A672,2025-12-22,2025-12-29,2,21143103|0386|A672|2025-12-22|net demand for forecast|001742,20251222-0386-A672-Train-#1
21143103|0386|A672|2025-12-22|net demand for forecast|001743_transit_20251222-0386-A672-Train-#1,2025-12-25,21143103,0386,A672,2025-12-22,2025-12-29,2,21143103|0386|A672|2025-12-22|net demand for forecast|001743,20251222-0386-A672-Train-#1
21143103|0386|A672|2025-12-22|net demand for forecast|001744_transit_20251222-0386-A672-Train-#1,2025-12-25,21143103,0386,A672,2025-12-22,2025-12-29,2,21143103|0386|A672|2025-12-22|net demand for forecast|001744,20251222-0386-A672-Train-#1
21143103|0386|A672|2025-12-22|net demand for forecast|001745_transit_20251222-0386-A672-Train-#1,2025-12-25,21143103,0386,A672,2025-12-22,2025-12-29,2,21143103|0386|A672|2025-12-22|net demand for forecast|001745,20251222-0386-A672-Train-#1
21143103|0386|A672|2025-12-22|net demand for forecast|001746_transit_20251222-0386-A672-Train-#1,2025-12-25,21143103,0386,A672,2025-12-22,2025-12-29,2,21143103|0386|A672|2025-12-22|net demand for forecast|001746,20251222-0386-A672-Train-#1
21143103|0386|A672|2025-12-22|net demand for forecast|001747_transit_20251222-0386-A672-Train-#1,2025-12-25,21143103,0386,A672,2025-12-22,2025-12-29,2,21143103|0386|A672|2025-12-22|net demand for forecast|001747,20251222-0386-A672-Train-#1
21143103|0386|A672|2025-12-22|net demand for forecast|001748_transit_20251222-0386-A672-Train-#1,2025-12-25,21143103,0386,A672,2025-12-22,2025-12-29,2,21143103|0386|A672|2025-12-22|net demand for forecast|001748,20251222-0386-A672-Train-#1
21143103|0386|A672|2025-12-22|net demand for forecast|001749_transit_20251222-0386-A672-Train-#1,2025-12-25,21143103,0386,A672,2025-12-22,2025-12-29,2,21143103|0386|A672|2025-12-22|net demand for forecast|001749,20251222-0386-A672-Train-#1
21143103|0386|A672|2025-12-22|net demand for forecast|001750_transit_20251222-0386-A672-Train-#1,2025-12-25,21143103,0386,A672,2025-12-22,2025-12-29,2,21143103|0386|A672|2025-12-22|net demand for forecast|001750,20251222-0386-A672-Train-#1
21143110|0386|A672|2025-12-22|net demand for forecast|001799_transit_20251222-0386-A672-Train-#1,2025-12-25,21143110,0386,A672,2025-12-22,2025-12-29,1,21143110|0386|A672|2025-12-22|net demand for forecast|001799,20251222-0386-A672-Train-#1
21143110|0386|A672|2025-12-22|net demand for forecast|001800_transit_20251222-0386-A672-Train-#1,2025-12-25,21143110,0386,A672,2025-12-22,2025-12-29,1,21143110|0386|A672|2025-12-22|net demand for forecast|001800,20251222-0386-A672-Train-#1
21143110|0386|A672|2025-12-22|net demand for forecast|001801_transit_20251222-0386-A672-Train-#1,2025-12-25,21143110,0386,A672,2025-12-22,2025-12-29,1,21143110|0386|A672|2025-12-22|net demand for forecast|001801,20251222-0386-A672-Train-#1
21143110|0386|A672|2025-12-22|net demand for forecast|001802_transit_20251222-0386-A672-Train-#1,2025-12-25,21143110,0386,A672,2025-12-22,2025-12-29,1,21143110|0386|A672|2025-12-22|net demand for forecast|001802,20251222-0386-A672-Train-#1
21143110|0386|A672|2025-12-22|net demand for forecast|001803_transit_20251222-0386-A672-Train-#1,2025-12-25,21143110,0386,A672,2025-12-22,2025-12-29,1,21143110|0386|A672|2025-12-22|net demand for forecast|001803,20251222-0386-A672-Train-#1
21143110|0386|A672|2025-12-22|net demand for forecast|001804_transit_20251222-0386-A672-Train-#1,2025-12-25,21143110,0386,A672,2025-12-22,2025-12-29,1,21143110|0386|A672|2025-12-22|net demand for forecast|001804,20251222-0386-A672-Train-#1
21143110|0386|A672|2025-12-22|net demand for forecast|001805_transit_20251222-0386-A672-Train-#1,2025-12-25,21143110,0386,A672,2025-12-22,2025-12-29,2,21143110|0386|A672|2025-12-22|net demand for forecast|001805,20251222-0386-A672-Train-#1
21143110|0386|A672|2025-12-22|net demand for forecast|001806_transit_20251222-0386-A672-Train-#1,2025-12-25,21143110,0386,A672,2025-12-22,2025-12-29,2,21143110|0386|A672|2025-12-22|net demand for forecast|001806,20251222-0386-A672-Train-#1
21143110|0386|A672|2025-12-22|net demand for forecast|001807_transit_20251222-0386-A672-Train-#1,2025-12-25,21143110,0386,A672,2025-12-22,2025-12-30,2,21143110|0386|A672|2025-12-22|net demand for forecast|001807,20251222-0386-A672-Train-#1
21143110|0386|A672|2025-12-22|net demand for forecast|001808_transit_20251222-0386-A672-Train-#1,2025-12-25,21143110,0386,A672,2025-12-22,2025-12-29,2,21143110|0386|A672|2025-12-22|net demand for forecast|001808,20251222-0386-A672-Train-#1
21143110|0386|A672|2025-12-22|net demand for forecast|001809_transit_20251222-0386-A672-Train-#1,2025-12-25,21143110,0386,A672,2025-12-22,2025-12-29,2,21143110|0386|A672|2025-12-22|net demand for forecast|001809,20251222-0386-A672-Train-#1
21143110|0386|A672|2025-12-22|net demand for forecast|001810_transit_20251222-0386-A672-Train-#1,2025-12-25,21143110,0386,A672,2025-12-22,2025-12-29,2,21143110|0386|A672|2025-12-22|net demand for forecast|001810,20251222-0386-A672-Train-#1
21165946|0386|A672|2025-12-22|net demand for forecast|001918_transit_20251222-0386-A672-Train-#1,2025-12-25,21165946,0386,A672,2025-12-22,2025-12-29,3,21165946|0386|A672|2025-12-22|net demand for forecast|001918,20251222-0386-A672-Train-#1
21165946|0386|A672|2025-12-22|net demand for forecast|001919_transit_20251222-0386-A672-Train-#1,2025-12-25,21165946,0386,A672,2025-12-22,2025-12-29,3,21165946|0386|A672|2025-12-22|net demand for forecast|001919,20251222-0386-A672-Train-#1
21165946|0386|A672|2025-12-22|net demand for forecast|001920_transit_20251222-0386-A672-Train-#1,2025-12-25,21165946,0386,A672,2025-12-22,2025-12-29,3,21165946|0386|A672|2025-12-22|net demand for forecast|001920,20251222-0386-A672-Train-#1
21165946|0386|A672|2025-12-22|net demand for forecast|001921_transit_20251222-0386-A672-Train-#1,2025-12-25,21165946,0386,A672,2025-12-22,2025-12-29,3,21165946|0386|A672|2025-12-22|net demand for forecast|001921,20251222-0386-A672-Train-#1
21165946|0386|A672|2025-12-22|net demand for forecast|001922_transit_20251222-0386-A672-Train-#1,2025-12-25,21165946,0386,A672,2025-12-22,2025-12-30,3,21165946|0386|A672|2025-12-22|net demand for forecast|001922,20251222-0386-A672-Train-#1
21165946|0386|A672|2025-12-22|net demand for forecast|001923_transit_20251222-0386-A672-Train-#1,2025-12-25,21165946,0386,A672,2025-12-22,2025-12-29,3,21165946|0386|A672|2025-12-22|net demand for forecast|001923,20251222-0386-A672-Train-#1
21165946|0386|A672|2025-12-22|net demand for forecast|001924_transit_20251222-0386-A672-Train-#1,2025-12-25,21165946,0386,A672,2025-12-22,2025-12-29,4,21165946|0386|A672|2025-12-22|net demand for forecast|001924,20251222-0386-A672-Train-#1
21165946|0386|A672|2025-12-22|net demand for forecast|001925_transit_20251222-0386-A672-Train-#1,2025-12-25,21165946,0386,A672,2025-12-22,2025-12-29,4,21165946|0386|A672|2025-12-22|net demand for forecast|001925,20251222-0386-A672-Train-#1
21165946|0386|A672|2025-12-22|net demand for forecast|001926_transit_20251222-0386-A672-Train-#1,2025-12-25,21165946,0386,A672,2025-12-22,2025-12-29,4,21165946|0386|A672|2025-12-22|net demand for forecast|001926,20251222-0386-A672-Train-#1
21165946|0386|A672|2025-12-22|net demand for forecast|001927_transit_20251222-0386-A672-Train-#1,2025-12-25,21165946,0386,A672,2025-12-22,2025-12-29,4,21165946|0386|A672|2025-12-22|net demand for forecast|001927,20251222-0386-A672-Train-#1
21165946|0386|A672|2025-12-22|net demand for forecast|001928_transit_20251222-0386-A672-Train-#1,2025-12-25,21165946,0386,A672,2025-12-22,2025-12-29,4,21165946|0386|A672|2025-12-22|net demand for forecast|001928,20251222-0386-A672-Train-#1
21165946|0386|A672|2025-12-22|net demand for forecast|001929_transit_20251222-0386-A672-Train-#1,2025-12-25,21165946,0386,A672,2025-12-22,2025-12-29,4,21165946|0386|A672|2025-12-22|net demand for forecast|001929,20251222-0386-A672-Train-#1
21377091|0386|A672|2025-12-22|net demand for forecast|002153_transit_20251222-0386-A672-Train-#1,2025-12-25,21377091,0386,A672,2025-12-22,2025-12-29,56,21377091|0386|A672|2025-12-22|net demand for forecast|002153,20251222-0386-A672-Train-#1
21377091|0386|A672|2025-12-22|net demand for forecast|002154_transit_20251222-0386-A672-Train-#1,2025-12-25,21377091,0386,A672,2025-12-22,2025-12-29,56,21377091|0386|A672|2025-12-22|net demand for forecast|002154,20251222-0386-A672-Train-#1
21377091|0386|A672|2025-12-22|net demand for forecast|002155_transit_20251222-0386-A672-Train-#1,2025-12-25,21377091,0386,A672,2025-12-22,2025-12-29,56,21377091|0386|A672|2025-12-22|net demand for forecast|002155,20251222-0386-A672-Train-#1
21377091|0386|A672|2025-12-22|net demand for forecast|002156_transit_20251222-0386-A672-Train-#1,2025-12-25,21377091,0386,A672,2025-12-22,2025-12-29,56,21377091|0386|A672|2025-12-22|net demand for forecast|002156,20251222-0386-A672-Train-#1
21377091|0386|A672|2025-12-22|net demand for forecast|002157_transit_20251222-0386-A672-Train-#1,2025-12-25,21377091,0386,A672,2025-12-22,2025-12-29,56,21377091|0386|A672|2025-12-22|net demand for forecast|002157,20251222-0386-A672-Train-#1
21377091|0386|A672|2025-12-22|net demand for forecast|002158_transit_20251222-0386-A672-Train-#1,2025-12-25,21377091,0386,A672,2025-12-22,2025-12-29,57,21377091|0386|A672|2025-12-22|net demand for forecast|002158,20251222-0386-A672-Train-#1
21377091|0386|A672|2025-12-22|net demand for forecast|002159_transit_20251222-0386-A672-Train-#1,2025-12-25,21377091,0386,A672,2025-12-22,2025-12-29,132,21377091|0386|A672|2025-12-22|net demand for forecast|002159,20251222-0386-A672-Train-#1
21377091|0386|A672|2025-12-22|net demand for forecast|002160_transit_20251222-0386-A672-Train-#1,2025-12-25,21377091,0386,A672,2025-12-22,2025-12-29,132,21377091|0386|A672|2025-12-22|net demand for forecast|002160,20251222-0386-A672-Train-#1
21377091|0386|A672|2025-12-22|net demand for forecast|002161_transit_20251222-0386-A672-Train-#1,2025-12-25,21377091,0386,A672,2025-12-22,2025-12-29,132,21377091|0386|A672|2025-12-22|net demand for forecast|002161,20251222-0386-A672-Train-#1
21377091|0386|A672|2025-12-22|net demand for forecast|002162_transit_20251222-0386-A672-Train-#1,2025-12-25,21377091,0386,A672,2025-12-22,2025-12-29,132,21377091|0386|A672|2025-12-22|net demand for forecast|002162,20251222-0386-A672-Train-#1
21377091|0386|A672|2025-12-22|net demand for forecast|002163_transit_20251222-0386-A672-Train-#1,2025-12-25,21377091,0386,A672,2025-12-22,2025-12-29,132,21377091|0386|A672|2025-12-22|net demand for forecast|002163,20251222-0386-A672-Train-#1
21377091|0386|A672|2025-12-22|net demand for forecast|002164_transit_20251222-0386-A672-Train-#1,2025-12-25,21377091,0386,A672,2025-12-22,2025-12-29,132,21377091|0386|A672|2025-12-22|net demand for forecast|002164,20251222-0386-A672-Train-#1
21143103|0386|A672|2025-12-22|net demand for safety|001751_transit_20251222-0386-A672-Train-#1,2025-12-25,21143103,0386,A672,2025-12-22,2025-12-29,123,21143103|0386|A672|2025-12-22|net demand for safety|001751,20251222-0386-A672-Train-#1
21143110|0386|A672|2025-12-22|net demand for safety|001811_transit_20251222-0386-A672-Train-#1,2025-12-25,21143110,0386,A672,2025-12-22,2025-12-29,186,21143110|0386|A672|2025-12-22|net demand for safety|001811,20251222-0386-A672-Train-#1
21165868|0386|A672|2025-12-22|net demand for safety|001868_transit_20251222-0386-A672-Train-#1,2025-12-25,21165868,0386,A672,2025-12-22,2025-12-30,17,21165868|0386|A672|2025-12-22|net demand for safety|001868,20251222-0386-A672-Train-#1
21165946|0386|A672|2025-12-22|net demand for safety|001930_transit_20251222-0386-A672-Train-#1,2025-12-25,21165946,0386,A672,2025-12-22,2025-12-29,21,21165946|0386|A672|2025-12-22|net demand for safety|001930,20251222-0386-A672-Train-#1
21143103|0386|A672|2025-12-22|push replenishment|001752_transit_20251222-0386-A672-Train-#1,2025-12-25,21143103,0386,A672,2025-12-22,2025-12-29,77,21143103|0386|A672|2025-12-22|push replenishment|001752,20251222-0386-A672-Train-#1
21143110|0386|A672|2025-12-22|push replenishment|001812_transit_20251222-0386-A672-Train-#1,2025-12-25,21143110,0386,A672,2025-12-22,2025-12-29,210,21143110|0386|A672|2025-12-22|push replenishment|001812,20251222-0386-A672-Train-#1
21165868|0386|A672|2025-12-22|push replenishment|001869_transit_20251222-0386-A672-Train-#1,2025-12-25,21165868,0386,A672,2025-12-22,2025-12-29,100,21165868|0386|A672|2025-12-22|push replenishment|001869,20251222-0386-A672-Train-#1
21165946|0386|A672|2025-12-22|push replenishment|001931_transit_20251222-0386-A672-Train-#1,2025-12-25,21165946,0386,A672,2025-12-22,2025-12-30,83,21165946|0386|A672|2025-12-22|push replenishment|001931,20251222-0386-A672-Train-#1
21291975|0386|A673|2025-12-22|net demand for normal|002042_transit_20251222-0386-A673-LARGE-#1,2025-12-25,21291975,0386,A673,2025-12-22,2025-12-28,1,21291975|0386|A673|2025-12-22|net demand for normal|002042,20251222-0386-A673-LARGE-#1
21377091|0386|A673|2025-12-22|net demand for normal|002176_transit_20251222-0386-A673-LARGE-#1,2025-12-25,21377091,0386,A673,2025-12-22,2025-12-27,135,21377091|0386|A673|2025-12-22|net demand for normal|002176,20251222-0386-A673-LARGE-#1
21301637|0386|A673|2025-12-22|net demand for net demand for normal|002045_transit_20251222-0386-A673-LARGE-#1,2025-12-25,21301637,0386,A673,2025-12-22,2025-12-27,3,21301637|0386|A673|2025-12-22|net demand for net demand for normal|002045,20251222-0386-A673-LARGE-#1
21143110|0386|A673|2025-12-22|net demand for forecast|001813_transit_20251222-0386-A673-LARGE-#1,2025-12-25,21143110,0386,A673,2025-12-22,2025-12-27,1,21143110|0386|A673|2025-12-22|net demand for forecast|001813,20251222-0386-A673-LARGE-#1
21143110|0386|A673|2025-12-22|net demand for forecast|001814_transit_20251222-0386-A673-LARGE-#1,2025-12-25,21143110,0386,A673,2025-12-22,2025-12-27,1,21143110|0386|A673|2025-12-22|net demand for forecast|001814,20251222-0386-A673-LARGE-#1
21143110|0386|A673|2025-12-22|net demand for forecast|001815_transit_20251222-0386-A673-LARGE-#1,2025-12-25,21143110,0386,A673,2025-12-22,2025-12-27,1,21143110|0386|A673|2025-12-22|net demand for forecast|001815,20251222-0386-A673-LARGE-#1
21143110|0386|A673|2025-12-22|net demand for forecast|001816_transit_20251222-0386-A673-LARGE-#1,2025-12-25,21143110,0386,A673,2025-12-22,2025-12-27,1,21143110|0386|A673|2025-12-22|net demand for forecast|001816,20251222-0386-A673-LARGE-#1
21143110|0386|A673|2025-12-22|net demand for forecast|001817_transit_20251222-0386-A673-LARGE-#1,2025-12-25,21143110,0386,A673,2025-12-22,2025-12-27,1,21143110|0386|A673|2025-12-22|net demand for forecast|001817,20251222-0386-A673-LARGE-#1
21143110|0386|A673|2025-12-22|net demand for forecast|001818_transit_20251222-0386-A673-LARGE-#1,2025-12-25,21143110,0386,A673,2025-12-22,2025-12-27,1,21143110|0386|A673|2025-12-22|net demand for forecast|001818,20251222-0386-A673-LARGE-#1
21143110|0386|A673|2025-12-22|net demand for forecast|001819_transit_20251222-0386-A673-LARGE-#1,2025-12-25,21143110,0386,A673,2025-12-22,2025-12-27,1,21143110|0386|A673|2025-12-22|net demand for forecast|001819,20251222-0386-A673-LARGE-#1
21143110|0386|A673|2025-12-22|net demand for forecast|001820_transit_20251222-0386-A673-LARGE-#1,2025-12-25,21143110,0386,A673,2025-12-22,2025-12-28,1,21143110|0386|A673|2025-12-22|net demand for forecast|001820,20251222-0386-A673-LARGE-#1
21143110|0386|A673|2025-12-22|net demand for forecast|001821_transit_20251222-0386-A673-LARGE-#1,2025-12-25,21143110,0386,A673,2025-12-22,2025-12-27,1,21143110|0386|A673|2025-12-22|net demand for forecast|001821,20251222-0386-A673-LARGE-#1
21143110|0386|A673|2025-12-22|net demand for forecast|001822_transit_20251222-0386-A673-LARGE-#1,2025-12-25,21143110,0386,A673,2025-12-22,2025-12-27,1,21143110|0386|A673|2025-12-22|net demand for forecast|001822,20251222-0386-A673-LARGE-#1
21165868|0386|A673|2025-12-22|net demand for forecast|001870_transit_20251222-0386-A673-LARGE-#1,2025-12-25,21165868,0386,A673,2025-12-22,2025-12-27,2,21165868|0386|A673|2025-12-22|net demand for forecast|001870,20251222-0386-A673-LARGE-#1
21165868|0386|A673|2025-12-22|net demand for forecast|001871_transit_20251222-0386-A673-LARGE-#1,2025-12-25,21165868,0386,A673,2025-12-22,2025-12-28,2,21165868|0386|A673|2025-12-22|net demand for forecast|001871,20251222-0386-A673-LARGE-#1
21165868|0386|A673|2025-12-22|net demand for forecast|001872_transit_20251222-0386-A673-LARGE-#1,2025-12-25,21165868,0386,A673,2025-12-22,2025-12-27,2,21165868|0386|A673|2025-12-22|net demand for forecast|001872,20251222-0386-A673-LARGE-#1
21165868|0386|A673|2025-12-22|net demand for forecast|001873_transit_20251222-0386-A673-LARGE-#1,2025-12-25,21165868,0386,A673,2025-12-22,2025-12-27,2,21165868|0386|A673|2025-12-22|net demand for forecast|001873,20251222-0386-A673-LARGE-#1
21165868|0386|A673|2025-12-22|net demand for forecast|001874_transit_20251222-0386-A673-LARGE-#1,2025-12-25,21165868,0386,A673,2025-12-22,2025-12-27,4,21165868|0386|A673|2025-12-22|net demand for forecast|001874,20251222-0386-A673-LARGE-#1
21165868|0386|A673|2025-12-22|net demand for forecast|001875_transit_20251222-0386-A673-LARGE-#1,2025-12-25,21165868,0386,A673,2025-12-22,2025-12-27,4,21165868|0386|A673|2025-12-22|net demand for forecast|001875,20251222-0386-A673-LARGE-#1
21165868|0386|A673|2025-12-22|net demand for forecast|001876_transit_20251222-0386-A673-LARGE-#1,2025-12-25,21165868,0386,A673,2025-12-22,2025-12-27,4,21165868|0386|A673|2025-12-22|net demand for forecast|001876,20251222-0386-A673-LARGE-#1
21165868|0386|A673|2025-12-22|net demand for forecast|001877_transit_20251222-0386-A673-LARGE-#1,2025-12-25,21165868,0386,A673,2025-12-22,2025-12-27,4,21165868|0386|A673|2025-12-22|net demand for forecast|001877,20251222-0386-A673-LARGE-#1
21165868|0386|A673|2025-12-22|net demand for forecast|001878_transit_20251222-0386-A673-LARGE-#1,2025-12-25,21165868,0386,A673,2025-12-22,2025-12-27,4,21165868|0386|A673|2025-12-22|net demand for forecast|001878,20251222-0386-A673-LARGE-#1
21165868|0386|A673|2025-12-22|net demand for forecast|001879_transit_20251222-0386-A673-LARGE-#1,2025-12-25,21165868,0386,A673,2025-12-22,2025-12-27,4,21165868|0386|A673|2025-12-22|net demand for forecast|001879,20251222-0386-A673-LARGE-#1
21165946|0386|A673|2025-12-22|net demand for forecast|001932_transit_20251222-0386-A673-LARGE-#1,2025-12-25,21165946,0386,A673,2025-12-22,2025-12-27,8,21165946|0386|A673|2025-12-22|net demand for forecast|001932,20251222-0386-A673-LARGE-#1
21165946|0386|A673|2025-12-22|net demand for forecast|001933_transit_20251222-0386-A673-LARGE-#1,2025-12-25,21165946,0386,A673,2025-12-22,2025-12-27,8,21165946|0386|A673|2025-12-22|net demand for forecast|001933,20251222-0386-A673-LARGE-#1
21165946|0386|A673|2025-12-22|net demand for forecast|001934_transit_20251222-0386-A673-LARGE-#1,2025-12-25,21165946,0386,A673,2025-12-22,2025-12-27,8,21165946|0386|A673|2025-12-22|net demand for forecast|001934,20251222-0386-A673-LARGE-#1
21165946|0386|A673|2025-12-22|net demand for forecast|001935_transit_20251222-0386-A673-LARGE-#1,2025-12-25,21165946,0386,A673,2025-12-22,2025-12-27,8,21165946|0386|A673|2025-12-22|net demand for forecast|001935,20251222-0386-A673-LARGE-#1
21165946|0386|A673|2025-12-22|net demand for forecast|001936_transit_20251222-0386-A673-LARGE-#1,2025-12-25,21165946,0386,A673,2025-12-22,2025-12-27,13,21165946|0386|A673|2025-12-22|net demand for forecast|001936,20251222-0386-A673-LARGE-#1
21165946|0386|A673|2025-12-22|net demand for forecast|001937_transit_20251222-0386-A673-LARGE-#1,2025-12-25,21165946,0386,A673,2025-12-22,2025-12-27,13,21165946|0386|A673|2025-12-22|net demand for forecast|001937,20251222-0386-A673-LARGE-#1
21165946|0386|A673|2025-12-22|net demand for forecast|001938_transit_20251222-0386-A673-LARGE-#1,2025-12-25,21165946,0386,A673,2025-12-22,2025-12-27,13,21165946|0386|A673|2025-12-22|net demand for forecast|001938,20251222-0386-A673-LARGE-#1
21165946|0386|A673|2025-12-22|net demand for forecast|001939_transit_20251222-0386-A673-LARGE-#1,2025-12-25,21165946,0386,A673,2025-12-22,2025-12-27,13,21165946|0386|A673|2025-12-22|net demand for forecast|001939,20251222-0386-A673-LARGE-#1
21165946|0386|A673|2025-12-22|net demand for forecast|001940_transit_20251222-0386-A673-LARGE-#1,2025-12-25,21165946,0386,A673,2025-12-22,2025-12-27,13,21165946|0386|A673|2025-12-22|net demand for forecast|001940,20251222-0386-A673-LARGE-#1
21165946|0386|A673|2025-12-22|net demand for forecast|001941_transit_20251222-0386-A673-LARGE-#1,2025-12-25,21165946,0386,A673,2025-12-22,2025-12-27,13,21165946|0386|A673|2025-12-22|net demand for forecast|001941,20251222-0386-A673-LARGE-#1
21377091|0386|A673|2025-12-22|net demand for forecast|002166_transit_20251222-0386-A673-LARGE-#1,2025-12-25,21377091,0386,A673,2025-12-22,2025-12-27,56,21377091|0386|A673|2025-12-22|net demand for forecast|002166,20251222-0386-A673-LARGE-#1
21377091|0386|A673|2025-12-22|net demand for forecast|002167_transit_20251222-0386-A673-LARGE-#1,2025-12-25,21377091,0386,A673,2025-12-22,2025-12-27,56,21377091|0386|A673|2025-12-22|net demand for forecast|002167,20251222-0386-A673-LARGE-#1
21377091|0386|A673|2025-12-22|net demand for forecast|002168_transit_20251222-0386-A673-LARGE-#1,2025-12-25,21377091,0386,A673,2025-12-22,2025-12-27,56,21377091|0386|A673|2025-12-22|net demand for forecast|002168,20251222-0386-A673-LARGE-#1
21377091|0386|A673|2025-12-22|net demand for forecast|002169_transit_20251222-0386-A673-LARGE-#1,2025-12-25,21377091,0386,A673,2025-12-22,2025-12-27,57,21377091|0386|A673|2025-12-22|net demand for forecast|002169,20251222-0386-A673-LARGE-#1
21377091|0386|A673|2025-12-22|net demand for forecast|002170_transit_20251222-0386-A673-LARGE-#1,2025-12-25,21377091,0386,A673,2025-12-22,2025-12-27,132,21377091|0386|A673|2025-12-22|net demand for forecast|002170,20251222-0386-A673-LARGE-#1
21377091|0386|A673|2025-12-22|net demand for forecast|002171_transit_20251222-0386-A673-LARGE-#1,2025-12-25,21377091,0386,A673,2025-12-22,2025-12-28,132,21377091|0386|A673|2025-12-22|net demand for forecast|002171,20251222-0386-A673-LARGE-#1
21377091|0386|A673|2025-12-22|net demand for forecast|002172_transit_20251222-0386-A673-LARGE-#1,2025-12-25,21377091,0386,A673,2025-12-22,2025-12-27,132,21377091|0386|A673|2025-12-22|net demand for forecast|002172,20251222-0386-A673-LARGE-#1
21377091|0386|A673|2025-12-22|net demand for forecast|002173_transit_20251222-0386-A673-LARGE-#1,2025-12-25,21377091,0386,A673,2025-12-22,2025-12-27,132,21377091|0386|A673|2025-12-22|net demand for forecast|002173,20251222-0386-A673-LARGE-#1
21377091|0386|A673|2025-12-22|net demand for forecast|002174_transit_20251222-0386-A673-LARGE-#1,2025-12-25,21377091,0386,A673,2025-12-22,2025-12-27,132,21377091|0386|A673|2025-12-22|net demand for forecast|002174,20251222-0386-A673-LARGE-#1
21377091|0386|A673|2025-12-22|net demand for forecast|002175_transit_20251222-0386-A673-LARGE-#1,2025-12-25,21377091,0386,A673,2025-12-22,2025-12-28,132,21377091|0386|A673|2025-12-22|net demand for forecast|002175,20251222-0386-A673-LARGE-#1
21165946|0386|A673|2025-12-22|net demand for net demand for forecast|001942_transit_20251222-0386-A673-LARGE-#1,2025-12-25,21165946,0386,A673,2025-12-22,2025-12-27,2,21165946|0386|A673|2025-12-22|net demand for net demand for forecast|001942,20251222-0386-A673-LARGE-#1
21165946|0386|A673|2025-12-22|net demand for net demand for forecast|001943_transit_20251222-0386-A673-LARGE-#1,2025-12-25,21165946,0386,A673,2025-12-22,2025-12-27,2,21165946|0386|A673|2025-12-22|net demand for net demand for forecast|001943,20251222-0386-A673-LARGE-#1
21165946|0386|A673|2025-12-22|net demand for net demand for forecast|001944_transit_20251222-0386-A673-LARGE-#1,2025-12-25,21165946,0386,A673,2025-12-22,2025-12-27,2,21165946|0386|A673|2025-12-22|net demand for net demand for forecast|001944,20251222-0386-A673-LARGE-#1
21165946|0386|A673|2025-12-22|net demand for net demand for forecast|001945_transit_20251222-0386-A673-LARGE-#1,2025-12-25,21165946,0386,A673,2025-12-22,2025-12-27,2,21165946|0386|A673|2025-12-22|net demand for net demand for forecast|001945,20251222-0386-A673-LARGE-#1
21165946|0386|A673|2025-12-22|net demand for net demand for forecast|001946_transit_20251222-0386-A673-LARGE-#1,2025-12-25,21165946,0386,A673,2025-12-22,2025-12-27,2,21165946|0386|A673|2025-12-22|net demand for net demand for forecast|001946,20251222-0386-A673-LARGE-#1
21165946|0386|A673|2025-12-22|net demand for net demand for forecast|001947_transit_20251222-0386-A673-LARGE-#1,2025-12-25,21165946,0386,A673,2025-12-22,2025-12-27,3,21165946|0386|A673|2025-12-22|net demand for net demand for forecast|001947,20251222-0386-A673-LARGE-#1
21165946|0386|A673|2025-12-22|net demand for net demand for forecast|001948_transit_20251222-0386-A673-LARGE-#1,2025-12-25,21165946,0386,A673,2025-12-22,2025-12-27,3,21165946|0386|A673|2025-12-22|net demand for net demand for forecast|001948,20251222-0386-A673-LARGE-#1
21165946|0386|A673|2025-12-22|net demand for net demand for forecast|001949_transit_20251222-0386-A673-LARGE-#1,2025-12-25,21165946,0386,A673,2025-12-22,2025-12-27,15,21165946|0386|A673|2025-12-22|net demand for net demand for forecast|001949,20251222-0386-A673-LARGE-#1
21165946|0386|A673|2025-12-22|net demand for net demand for forecast|001950_transit_20251222-0386-A673-LARGE-#1,2025-12-25,21165946,0386,A673,2025-12-22,2025-12-27,16,21165946|0386|A673|2025-12-22|net demand for net demand for forecast|001950,20251222-0386-A673-LARGE-#1
21165946|0386|A673|2025-12-22|net demand for net demand for forecast|001951_transit_20251222-0386-A673-LARGE-#1,2025-12-25,21165946,0386,A673,2025-12-22,2025-12-28,16,21165946|0386|A673|2025-12-22|net demand for net demand for forecast|001951,20251222-0386-A673-LARGE-#1
21165946|0386|A673|2025-12-22|net demand for net demand for forecast|001952_transit_20251222-0386-A673-LARGE-#1,2025-12-25,21165946,0386,A673,2025-12-22,2025-12-27,16,21165946|0386|A673|2025-12-22|net demand for net demand for forecast|001952,20251222-0386-A673-LARGE-#1
21143103|0386|A673|2025-12-22|net demand for safety|001753_transit_20251222-0386-A673-LARGE-#1,2025-12-25,21143103,0386,A673,2025-12-22,2025-12-27,83,21143103|0386|A673|2025-12-22|net demand for safety|001753,20251222-0386-A673-LARGE-#1
21143110|0386|A673|2025-12-22|net demand for safety|001823_transit_20251222-0386-A673-LARGE-#1,2025-12-25,21143110,0386,A673,2025-12-22,2025-12-27,27,21143110|0386|A673|2025-12-22|net demand for safety|001823,20251222-0386-A673-LARGE-#1
21165868|0386|A673|2025-12-22|net demand for safety|001881_transit_20251222-0386-A673-LARGE-#1,2025-12-25,21165868,0386,A673,2025-12-22,2025-12-27,43,21165868|0386|A673|2025-12-22|net demand for safety|001881,20251222-0386-A673-LARGE-#1
21165946|0386|A673|2025-12-22|net demand for safety|001955_transit_20251222-0386-A673-LARGE-#1,2025-12-25,21165946,0386,A673,2025-12-22,2025-12-27,82,21165946|0386|A673|2025-12-22|net demand for safety|001955,20251222-0386-A673-LARGE-#1
21128067|0386|A673|2025-12-22|net demand for net demand for safety|001633_transit_20251222-0386-A673-LARGE-#1,2025-12-25,21128067,0386,A673,2025-12-22,2025-12-27,1,21128067|0386|A673|2025-12-22|net demand for net demand for safety|001633,20251222-0386-A673-LARGE-#1
21165868|0386|A673|2025-12-22|net demand for net demand for safety|001880_transit_20251222-0386-A673-LARGE-#1,2025-12-25,21165868,0386,A673,2025-12-22,2025-12-27,3,21165868|0386|A673|2025-12-22|net demand for net demand for safety|001880,20251222-0386-A673-LARGE-#1
21165946|0386|A673|2025-12-22|net demand for net demand for safety|001953_transit_20251222-0386-A673-LARGE-#1,2025-12-25,21165946,0386,A673,2025-12-22,2025-12-27,11,21165946|0386|A673|2025-12-22|net demand for net demand for safety|001953,20251222-0386-A673-LARGE-#1
21165946|0386|A673|2025-12-22|net demand for net demand for safety|001954_transit_20251222-0386-A673-LARGE-#1,2025-12-25,21165946,0386,A673,2025-12-22,2025-12-27,142,21165946|0386|A673|2025-12-22|net demand for net demand for safety|001954,20251222-0386-A673-LARGE-#1
21143103|0386|A673|2025-12-22|push replenishment|001754_transit_20251222-0386-A673-LARGE-#1,2025-12-25,21143103,0386,A673,2025-12-22,2025-12-27,100,21143103|0386|A673|2025-12-22|push replenishment|001754,20251222-0386-A673-LARGE-#1
21143110|0386|A673|2025-12-22|push replenishment|001824_transit_20251222-0386-A673-LARGE-#1,2025-12-25,21143110,0386,A673,2025-12-22,2025-12-27,30,21143110|0386|A673|2025-12-22|push replenishment|001824,20251222-0386-A673-LARGE-#1
21165868|0386|A673|2025-12-22|push replenishment|001882_transit_20251222-0386-A673-LARGE-#1,2025-12-25,21165868,0386,A673,2025-12-22,2025-12-27,188,21165868|0386|A673|2025-12-22|push replenishment|001882,20251222-0386-A673-LARGE-#1
21165946|0386|A673|2025-12-22|push replenishment|001956_transit_20251222-0386-A673-LARGE-#1,2025-12-25,21165946,0386,A673,2025-12-22,2025-12-27,287,21165946|0386|A673|2025-12-22|push replenishment|001956,20251222-0386-A673-LARGE-#1
21165946|0386|A680|2025-12-22|net demand for normal|001969_transit_20251222-0386-A680-Train-#1,2025-12-25,21165946,0386,A680,2025-12-22,2025-12-29,1,21165946|0386|A680|2025-12-22|net demand for normal|001969,20251222-0386-A680-Train-#1
21377091|0386|A680|2025-12-22|net demand for normal|002189_transit_20251222-0386-A680-Train-#1,2025-12-25,21377091,0386,A680,2025-12-22,2025-12-29,31,21377091|0386|A680|2025-12-22|net demand for normal|002189,20251222-0386-A680-Train-#1
21416910|0386|A680|2025-12-22|net demand for normal|002226_transit_20251222-0386-A680-Train-#1,2025-12-25,21416910,0386,A680,2025-12-22,2025-12-29,2,21416910|0386|A680|2025-12-22|net demand for normal|002226,20251222-0386-A680-Train-#1
21143110|0386|A680|2025-12-22|net demand for forecast|001825_transit_20251222-0386-A680-Train-#1,2025-12-25,21143110,0386,A680,2025-12-22,2025-12-29,2,21143110|0386|A680|2025-12-22|net demand for forecast|001825,20251222-0386-A680-Train-#1
21143110|0386|A680|2025-12-22|net demand for forecast|001826_transit_20251222-0386-A680-Train-#1,2025-12-25,21143110,0386,A680,2025-12-22,2025-12-29,2,21143110|0386|A680|2025-12-22|net demand for forecast|001826,20251222-0386-A680-Train-#1
21143110|0386|A680|2025-12-22|net demand for forecast|001827_transit_20251222-0386-A680-Train-#1,2025-12-25,21143110,0386,A680,2025-12-22,2025-12-29,2,21143110|0386|A680|2025-12-22|net demand for forecast|001827,20251222-0386-A680-Train-#1
21143110|0386|A680|2025-12-22|net demand for forecast|001828_transit_20251222-0386-A680-Train-#1,2025-12-25,21143110,0386,A680,2025-12-22,2025-12-29,2,21143110|0386|A680|2025-12-22|net demand for forecast|001828,20251222-0386-A680-Train-#1
21143110|0386|A680|2025-12-22|net demand for forecast|001829_transit_20251222-0386-A680-Train-#1,2025-12-25,21143110,0386,A680,2025-12-22,2025-12-29,2,21143110|0386|A680|2025-12-22|net demand for forecast|001829,20251222-0386-A680-Train-#1
21143110|0386|A680|2025-12-22|net demand for forecast|001830_transit_20251222-0386-A680-Train-#1,2025-12-25,21143110,0386,A680,2025-12-22,2025-12-29,2,21143110|0386|A680|2025-12-22|net demand for forecast|001830,20251222-0386-A680-Train-#1
21143110|0386|A680|2025-12-22|net demand for forecast|001831_transit_20251222-0386-A680-Train-#1,2025-12-25,21143110,0386,A680,2025-12-22,2025-12-29,3,21143110|0386|A680|2025-12-22|net demand for forecast|001831,20251222-0386-A680-Train-#1
21143110|0386|A680|2025-12-22|net demand for forecast|001832_transit_20251222-0386-A680-Train-#1,2025-12-25,21143110,0386,A680,2025-12-22,2025-12-29,3,21143110|0386|A680|2025-12-22|net demand for forecast|001832,20251222-0386-A680-Train-#1
21143110|0386|A680|2025-12-22|net demand for forecast|001833_transit_20251222-0386-A680-Train-#1,2025-12-25,21143110,0386,A680,2025-12-22,2025-12-29,3,21143110|0386|A680|2025-12-22|net demand for forecast|001833,20251222-0386-A680-Train-#1
21143110|0386|A680|2025-12-22|net demand for forecast|001834_transit_20251222-0386-A680-Train-#1,2025-12-25,21143110,0386,A680,2025-12-22,2025-12-29,3,21143110|0386|A680|2025-12-22|net demand for forecast|001834,20251222-0386-A680-Train-#1
21143110|0386|A680|2025-12-22|net demand for forecast|001835_transit_20251222-0386-A680-Train-#1,2025-12-25,21143110,0386,A680,2025-12-22,2025-12-29,3,21143110|0386|A680|2025-12-22|net demand for forecast|001835,20251222-0386-A680-Train-#1
21143110|0386|A680|2025-12-22|net demand for forecast|001836_transit_20251222-0386-A680-Train-#1,2025-12-25,21143110,0386,A680,2025-12-22,2025-12-29,3,21143110|0386|A680|2025-12-22|net demand for forecast|001836,20251222-0386-A680-Train-#1
21165946|0386|A680|2025-12-22|net demand for forecast|001957_transit_20251222-0386-A680-Train-#1,2025-12-25,21165946,0386,A680,2025-12-22,2025-12-29,1,21165946|0386|A680|2025-12-22|net demand for forecast|001957,20251222-0386-A680-Train-#1
21165946|0386|A680|2025-12-22|net demand for forecast|001958_transit_20251222-0386-A680-Train-#1,2025-12-25,21165946,0386,A680,2025-12-22,2025-12-29,3,21165946|0386|A680|2025-12-22|net demand for forecast|001958,20251222-0386-A680-Train-#1
21165946|0386|A680|2025-12-22|net demand for forecast|001959_transit_20251222-0386-A680-Train-#1,2025-12-25,21165946,0386,A680,2025-12-22,2025-12-29,3,21165946|0386|A680|2025-12-22|net demand for forecast|001959,20251222-0386-A680-Train-#1
21165946|0386|A680|2025-12-22|net demand for forecast|001960_transit_20251222-0386-A680-Train-#1,2025-12-25,21165946,0386,A680,2025-12-22,2025-12-29,3,21165946|0386|A680|2025-12-22|net demand for forecast|001960,20251222-0386-A680-Train-#1
21165946|0386|A680|2025-12-22|net demand for forecast|001961_transit_20251222-0386-A680-Train-#1,2025-12-25,21165946,0386,A680,2025-12-22,2025-12-29,3,21165946|0386|A680|2025-12-22|net demand for forecast|001961,20251222-0386-A680-Train-#1
21165946|0386|A680|2025-12-22|net demand for forecast|001962_transit_20251222-0386-A680-Train-#1,2025-12-25,21165946,0386,A680,2025-12-22,2025-12-30,3,21165946|0386|A680|2025-12-22|net demand for forecast|001962,20251222-0386-A680-Train-#1
21165946|0386|A680|2025-12-22|net demand for forecast|001963_transit_20251222-0386-A680-Train-#1,2025-12-25,21165946,0386,A680,2025-12-22,2025-12-29,3,21165946|0386|A680|2025-12-22|net demand for forecast|001963,20251222-0386-A680-Train-#1
21165946|0386|A680|2025-12-22|net demand for forecast|001964_transit_20251222-0386-A680-Train-#1,2025-12-25,21165946,0386,A680,2025-12-22,2025-12-29,4,21165946|0386|A680|2025-12-22|net demand for forecast|001964,20251222-0386-A680-Train-#1
21165946|0386|A680|2025-12-22|net demand for forecast|001965_transit_20251222-0386-A680-Train-#1,2025-12-25,21165946,0386,A680,2025-12-22,2025-12-29,4,21165946|0386|A680|2025-12-22|net demand for forecast|001965,20251222-0386-A680-Train-#1
21165946|0386|A680|2025-12-22|net demand for forecast|001966_transit_20251222-0386-A680-Train-#1,2025-12-25,21165946,0386,A680,2025-12-22,2025-12-29,4,21165946|0386|A680|2025-12-22|net demand for forecast|001966,20251222-0386-A680-Train-#1
21165946|0386|A680|2025-12-22|net demand for forecast|001967_transit_20251222-0386-A680-Train-#1,2025-12-25,21165946,0386,A680,2025-12-22,2025-12-29,4,21165946|0386|A680|2025-12-22|net demand for forecast|001967,20251222-0386-A680-Train-#1
21165946|0386|A680|2025-12-22|net demand for forecast|001968_transit_20251222-0386-A680-Train-#1,2025-12-25,21165946,0386,A680,2025-12-22,2025-12-29,4,21165946|0386|A680|2025-12-22|net demand for forecast|001968,20251222-0386-A680-Train-#1
21377091|0386|A680|2025-12-22|net demand for forecast|002177_transit_20251222-0386-A680-Train-#1,2025-12-25,21377091,0386,A680,2025-12-22,2025-12-29,5,21377091|0386|A680|2025-12-22|net demand for forecast|002177,20251222-0386-A680-Train-#1
21377091|0386|A680|2025-12-22|net demand for forecast|002178_transit_20251222-0386-A680-Train-#1,2025-12-25,21377091,0386,A680,2025-12-22,2025-12-29,5,21377091|0386|A680|2025-12-22|net demand for forecast|002178,20251222-0386-A680-Train-#1
21377091|0386|A680|2025-12-22|net demand for forecast|002179_transit_20251222-0386-A680-Train-#1,2025-12-25,21377091,0386,A680,2025-12-22,2025-12-29,5,21377091|0386|A680|2025-12-22|net demand for forecast|002179,20251222-0386-A680-Train-#1
21377091|0386|A680|2025-12-22|net demand for forecast|002180_transit_20251222-0386-A680-Train-#1,2025-12-25,21377091,0386,A680,2025-12-22,2025-12-29,5,21377091|0386|A680|2025-12-22|net demand for forecast|002180,20251222-0386-A680-Train-#1
21377091|0386|A680|2025-12-22|net demand for forecast|002181_transit_20251222-0386-A680-Train-#1,2025-12-25,21377091,0386,A680,2025-12-22,2025-12-29,5,21377091|0386|A680|2025-12-22|net demand for forecast|002181,20251222-0386-A680-Train-#1
21377091|0386|A680|2025-12-22|net demand for forecast|002182_transit_20251222-0386-A680-Train-#1,2025-12-25,21377091,0386,A680,2025-12-22,2025-12-29,5,21377091|0386|A680|2025-12-22|net demand for forecast|002182,20251222-0386-A680-Train-#1
21377091|0386|A680|2025-12-22|net demand for forecast|002183_transit_20251222-0386-A680-Train-#1,2025-12-25,21377091,0386,A680,2025-12-22,2025-12-29,12,21377091|0386|A680|2025-12-22|net demand for forecast|002183,20251222-0386-A680-Train-#1
21377091|0386|A680|2025-12-22|net demand for forecast|002184_transit_20251222-0386-A680-Train-#1,2025-12-25,21377091,0386,A680,2025-12-22,2025-12-30,12,21377091|0386|A680|2025-12-22|net demand for forecast|002184,20251222-0386-A680-Train-#1
21377091|0386|A680|2025-12-22|net demand for forecast|002185_transit_20251222-0386-A680-Train-#1,2025-12-25,21377091,0386,A680,2025-12-22,2025-12-30,13,21377091|0386|A680|2025-12-22|net demand for forecast|002185,20251222-0386-A680-Train-#1
21377091|0386|A680|2025-12-22|net demand for forecast|002186_transit_20251222-0386-A680-Train-#1,2025-12-25,21377091,0386,A680,2025-12-22,2025-12-30,13,21377091|0386|A680|2025-12-22|net demand for forecast|002186,20251222-0386-A680-Train-#1
21377091|0386|A680|2025-12-22|net demand for forecast|002187_transit_20251222-0386-A680-Train-#1,2025-12-25,21377091,0386,A680,2025-12-22,2025-12-29,13,21377091|0386|A680|2025-12-22|net demand for forecast|002187,20251222-0386-A680-Train-#1
21377091|0386|A680|2025-12-22|net demand for forecast|002188_transit_20251222-0386-A680-Train-#1,2025-12-25,21377091,0386,A680,2025-12-22,2025-12-29,13,21377091|0386|A680|2025-12-22|net demand for forecast|002188,20251222-0386-A680-Train-#1
21143103|0386|A680|2025-12-22|net demand for safety|001755_transit_20251222-0386-A680-Train-#1,2025-12-25,21143103,0386,A680,2025-12-22,2025-12-30,6,21143103|0386|A680|2025-12-22|net demand for safety|001755,20251222-0386-A680-Train-#1
21143110|0386|A680|2025-12-22|net demand for safety|001837_transit_20251222-0386-A680-Train-#1,2025-12-25,21143110,0386,A680,2025-12-22,2025-12-29,52,21143110|0386|A680|2025-12-22|net demand for safety|001837,20251222-0386-A680-Train-#1
21165868|0386|A680|2025-12-22|net demand for safety|001883_transit_20251222-0386-A680-Train-#1,2025-12-25,21165868,0386,A680,2025-12-22,2025-12-30,5,21165868|0386|A680|2025-12-22|net demand for safety|001883,20251222-0386-A680-Train-#1
21165946|0386|A680|2025-12-22|net demand for safety|001970_transit_20251222-0386-A680-Train-#1,2025-12-25,21165946,0386,A680,2025-12-22,2025-12-30,18,21165946|0386|A680|2025-12-22|net demand for safety|001970,20251222-0386-A680-Train-#1
21143103|0386|A680|2025-12-22|push replenishment|001756_transit_20251222-0386-A680-Train-#1,2025-12-25,21143103,0386,A680,2025-12-22,2025-12-29,11,21143103|0386|A680|2025-12-22|push replenishment|001756,20251222-0386-A680-Train-#1
21143110|0386|A680|2025-12-22|push replenishment|001838_transit_20251222-0386-A680-Train-#1,2025-12-25,21143110,0386,A680,2025-12-22,2025-12-29,58,21143110|0386|A680|2025-12-22|push replenishment|001838,20251222-0386-A680-Train-#1
21165868|0386|A680|2025-12-22|push replenishment|001884_transit_20251222-0386-A680-Train-#1,2025-12-25,21165868,0386,A680,2025-12-22,2025-12-29,26,21165868|0386|A680|2025-12-22|push replenishment|001884,20251222-0386-A680-Train-#1
21165946|0386|A680|2025-12-22|push replenishment|001971_transit_20251222-0386-A680-Train-#1,2025-12-25,21165946,0386,A680,2025-12-22,2025-12-29,53,21165946|0386|A680|2025-12-22|push replenishment|001971,20251222-0386-A680-Train-#1
21377091|0386|A715|2025-12-22|net demand for normal|002203_transit_20251222-0386-A715-Train-#1,2025-12-25,21377091,0386,A715,2025-12-22,2026-01-01,14,21377091|0386|A715|2025-12-22|net demand for normal|002203,20251222-0386-A715-Train-#1
21419490|0386|A715|2025-12-22|net demand for normal|002242_transit_20251222-0386-A715-Train-#1,2025-12-25,21419490,0386,A715,2025-12-22,2026-01-01,23,21419490|0386|A715|2025-12-22|net demand for normal|002242,20251222-0386-A715-Train-#1
21428668|0386|A715|2025-12-22|net demand for normal|002300_transit_20251222-0386-A715-Train-#1,2025-12-25,21428668,0386,A715,2025-12-22,2026-01-01,3,21428668|0386|A715|2025-12-22|net demand for normal|002300,20251222-0386-A715-Train-#1
21442422|0386|A715|2025-12-22|net demand for normal|002330_transit_20251222-0386-A715-Train-#1,2025-12-25,21442422,0386,A715,2025-12-22,2026-01-02,3,21442422|0386|A715|2025-12-22|net demand for normal|002330,20251222-0386-A715-Train-#1
21139445|0386|A715|2025-12-22|net demand for forecast|001643_transit_20251222-0386-A715-Train-#1,2025-12-25,21139445,0386,A715,2025-12-22,2026-01-01,2,21139445|0386|A715|2025-12-22|net demand for forecast|001643,20251222-0386-A715-Train-#1
21139445|0386|A715|2025-12-22|net demand for forecast|001644_transit_20251222-0386-A715-Train-#1,2025-12-25,21139445,0386,A715,2025-12-22,2026-01-01,2,21139445|0386|A715|2025-12-22|net demand for forecast|001644,20251222-0386-A715-Train-#1
21139445|0386|A715|2025-12-22|net demand for forecast|001645_transit_20251222-0386-A715-Train-#1,2025-12-25,21139445,0386,A715,2025-12-22,2026-01-01,2,21139445|0386|A715|2025-12-22|net demand for forecast|001645,20251222-0386-A715-Train-#1
21139445|0386|A715|2025-12-22|net demand for forecast|001646_transit_20251222-0386-A715-Train-#1,2025-12-25,21139445,0386,A715,2025-12-22,2026-01-01,2,21139445|0386|A715|2025-12-22|net demand for forecast|001646,20251222-0386-A715-Train-#1
21139445|0386|A715|2025-12-22|net demand for forecast|001647_transit_20251222-0386-A715-Train-#1,2025-12-25,21139445,0386,A715,2025-12-22,2026-01-02,3,21139445|0386|A715|2025-12-22|net demand for forecast|001647,20251222-0386-A715-Train-#1
21139445|0386|A715|2025-12-22|net demand for forecast|001648_transit_20251222-0386-A715-Train-#1,2025-12-25,21139445,0386,A715,2025-12-22,2026-01-01,3,21139445|0386|A715|2025-12-22|net demand for forecast|001648,20251222-0386-A715-Train-#1
21139445|0386|A715|2025-12-22|net demand for forecast|001649_transit_20251222-0386-A715-Train-#1,2025-12-25,21139445,0386,A715,2025-12-22,2026-01-01,3,21139445|0386|A715|2025-12-22|net demand for forecast|001649,20251222-0386-A715-Train-#1
21139445|0386|A715|2025-12-22|net demand for forecast|001650_transit_20251222-0386-A715-Train-#1,2025-12-25,21139445,0386,A715,2025-12-22,2026-01-01,3,21139445|0386|A715|2025-12-22|net demand for forecast|001650,20251222-0386-A715-Train-#1
21139445|0386|A715|2025-12-22|net demand for forecast|001651_transit_20251222-0386-A715-Train-#1,2025-12-25,21139445,0386,A715,2025-12-22,2026-01-01,3,21139445|0386|A715|2025-12-22|net demand for forecast|001651,20251222-0386-A715-Train-#1
21139445|0386|A715|2025-12-22|net demand for forecast|001652_transit_20251222-0386-A715-Train-#1,2025-12-25,21139445,0386,A715,2025-12-22,2026-01-01,4,21139445|0386|A715|2025-12-22|net demand for forecast|001652,20251222-0386-A715-Train-#1
21139445|0386|A715|2025-12-22|net demand for forecast|001653_transit_20251222-0386-A715-Train-#1,2025-12-25,21139445,0386,A715,2025-12-22,2026-01-01,4,21139445|0386|A715|2025-12-22|net demand for forecast|001653,20251222-0386-A715-Train-#1
21139445|0386|A715|2025-12-22|net demand for forecast|001654_transit_20251222-0386-A715-Train-#1,2025-12-25,21139445,0386,A715,2025-12-22,2026-01-01,4,21139445|0386|A715|2025-12-22|net demand for forecast|001654,20251222-0386-A715-Train-#1
21139445|0386|A715|2025-12-22|net demand for forecast|001655_transit_20251222-0386-A715-Train-#1,2025-12-25,21139445,0386,A715,2025-12-22,2026-01-01,4,21139445|0386|A715|2025-12-22|net demand for forecast|001655,20251222-0386-A715-Train-#1
21139445|0386|A715|2025-12-22|net demand for forecast|001656_transit_20251222-0386-A715-Train-#1,2025-12-25,21139445,0386,A715,2025-12-22,2026-01-01,4,21139445|0386|A715|2025-12-22|net demand for forecast|001656,20251222-0386-A715-Train-#1
21139445|0386|A715|2025-12-22|net demand for forecast|001657_transit_20251222-0386-A715-Train-#1,2025-12-25,21139445,0386,A715,2025-12-22,2026-01-01,4,21139445|0386|A715|2025-12-22|net demand for forecast|001657,20251222-0386-A715-Train-#1
21143103|0386|A715|2025-12-22|net demand for forecast|001757_transit_20251222-0386-A715-Train-#1,2025-12-25,21143103,0386,A715,2025-12-22,2026-01-01,1,21143103|0386|A715|2025-12-22|net demand for forecast|001757,20251222-0386-A715-Train-#1
21143103|0386|A715|2025-12-22|net demand for forecast|001758_transit_20251222-0386-A715-Train-#1,2025-12-25,21143103,0386,A715,2025-12-22,2026-01-02,1,21143103|0386|A715|2025-12-22|net demand for forecast|001758,20251222-0386-A715-Train-#1
21143103|0386|A715|2025-12-22|net demand for forecast|001759_transit_20251222-0386-A715-Train-#1,2025-12-25,21143103,0386,A715,2025-12-22,2026-01-01,1,21143103|0386|A715|2025-12-22|net demand for forecast|001759,20251222-0386-A715-Train-#1
21143103|0386|A715|2025-12-22|net demand for forecast|001760_transit_20251222-0386-A715-Train-#1,2025-12-25,21143103,0386,A715,2025-12-22,2026-01-01,1,21143103|0386|A715|2025-12-22|net demand for forecast|001760,20251222-0386-A715-Train-#1
21143103|0386|A715|2025-12-22|net demand for forecast|001761_transit_20251222-0386-A715-Train-#1,2025-12-25,21143103,0386,A715,2025-12-22,2026-01-01,1,21143103|0386|A715|2025-12-22|net demand for forecast|001761,20251222-0386-A715-Train-#1
21143103|0386|A715|2025-12-22|net demand for forecast|001762_transit_20251222-0386-A715-Train-#1,2025-12-25,21143103,0386,A715,2025-12-22,2026-01-01,1,21143103|0386|A715|2025-12-22|net demand for forecast|001762,20251222-0386-A715-Train-#1
21143103|0386|A715|2025-12-22|net demand for forecast|001763_transit_20251222-0386-A715-Train-#1,2025-12-25,21143103,0386,A715,2025-12-22,2026-01-01,1,21143103|0386|A715|2025-12-22|net demand for forecast|001763,20251222-0386-A715-Train-#1
21143103|0386|A715|2025-12-22|net demand for forecast|001764_transit_20251222-0386-A715-Train-#1,2025-12-25,21143103,0386,A715,2025-12-22,2026-01-01,1,21143103|0386|A715|2025-12-22|net demand for forecast|001764,20251222-0386-A715-Train-#1
21143103|0386|A715|2025-12-22|net demand for forecast|001765_transit_20251222-0386-A715-Train-#1,2025-12-25,21143103,0386,A715,2025-12-22,2026-01-01,1,21143103|0386|A715|2025-12-22|net demand for forecast|001765,20251222-0386-A715-Train-#1
21143103|0386|A715|2025-12-22|net demand for forecast|001766_transit_20251222-0386-A715-Train-#1,2025-12-25,21143103,0386,A715,2025-12-22,2026-01-01,1,21143103|0386|A715|2025-12-22|net demand for forecast|001766,20251222-0386-A715-Train-#1
21143103|0386|A715|2025-12-22|net demand for forecast|001767_transit_20251222-0386-A715-Train-#1,2025-12-25,21143103,0386,A715,2025-12-22,2026-01-01,1,21143103|0386|A715|2025-12-22|net demand for forecast|001767,20251222-0386-A715-Train-#1
21143103|0386|A715|2025-12-22|net demand for forecast|001768_transit_20251222-0386-A715-Train-#1,2025-12-25,21143103,0386,A715,2025-12-22,2026-01-01,1,21143103|0386|A715|2025-12-22|net demand for forecast|001768,20251222-0386-A715-Train-#1
21143103|0386|A715|2025-12-22|net demand for forecast|001769_transit_20251222-0386-A715-Train-#1,2025-12-25,21143103,0386,A715,2025-12-22,2026-01-01,1,21143103|0386|A715|2025-12-22|net demand for forecast|001769,20251222-0386-A715-Train-#1
21143103|0386|A715|2025-12-22|net demand for forecast|001770_transit_20251222-0386-A715-Train-#1,2025-12-25,21143103,0386,A715,2025-12-22,2026-01-01,1,21143103|0386|A715|2025-12-22|net demand for forecast|001770,20251222-0386-A715-Train-#1
21143103|0386|A715|2025-12-22|net demand for forecast|001771_transit_20251222-0386-A715-Train-#1,2025-12-25,21143103,0386,A715,2025-12-22,2026-01-01,1,21143103|0386|A715|2025-12-22|net demand for forecast|001771,20251222-0386-A715-Train-#1
21165868|0386|A715|2025-12-22|net demand for forecast|001885_transit_20251222-0386-A715-Train-#1,2025-12-25,21165868,0386,A715,2025-12-22,2026-01-01,1,21165868|0386|A715|2025-12-22|net demand for forecast|001885,20251222-0386-A715-Train-#1
21165868|0386|A715|2025-12-22|net demand for forecast|001886_transit_20251222-0386-A715-Train-#1,2025-12-25,21165868,0386,A715,2025-12-22,2026-01-01,1,21165868|0386|A715|2025-12-22|net demand for forecast|001886,20251222-0386-A715-Train-#1
21165868|0386|A715|2025-12-22|net demand for forecast|001887_transit_20251222-0386-A715-Train-#1,2025-12-25,21165868,0386,A715,2025-12-22,2026-01-01,1,21165868|0386|A715|2025-12-22|net demand for forecast|001887,20251222-0386-A715-Train-#1
21165868|0386|A715|2025-12-22|net demand for forecast|001888_transit_20251222-0386-A715-Train-#1,2025-12-25,21165868,0386,A715,2025-12-22,2026-01-01,1,21165868|0386|A715|2025-12-22|net demand for forecast|001888,20251222-0386-A715-Train-#1
21165868|0386|A715|2025-12-22|net demand for forecast|001889_transit_20251222-0386-A715-Train-#1,2025-12-25,21165868,0386,A715,2025-12-22,2026-01-01,1,21165868|0386|A715|2025-12-22|net demand for forecast|001889,20251222-0386-A715-Train-#1
21165868|0386|A715|2025-12-22|net demand for forecast|001890_transit_20251222-0386-A715-Train-#1,2025-12-25,21165868,0386,A715,2025-12-22,2026-01-01,1,21165868|0386|A715|2025-12-22|net demand for forecast|001890,20251222-0386-A715-Train-#1
21165868|0386|A715|2025-12-22|net demand for forecast|001891_transit_20251222-0386-A715-Train-#1,2025-12-25,21165868,0386,A715,2025-12-22,2026-01-01,1,21165868|0386|A715|2025-12-22|net demand for forecast|001891,20251222-0386-A715-Train-#1
21165868|0386|A715|2025-12-22|net demand for forecast|001892_transit_20251222-0386-A715-Train-#1,2025-12-25,21165868,0386,A715,2025-12-22,2026-01-01,1,21165868|0386|A715|2025-12-22|net demand for forecast|001892,20251222-0386-A715-Train-#1
21165946|0386|A715|2025-12-22|net demand for forecast|001972_transit_20251222-0386-A715-Train-#1,2025-12-25,21165946,0386,A715,2025-12-22,2026-01-01,1,21165946|0386|A715|2025-12-22|net demand for forecast|001972,20251222-0386-A715-Train-#1
21165946|0386|A715|2025-12-22|net demand for forecast|001973_transit_20251222-0386-A715-Train-#1,2025-12-25,21165946,0386,A715,2025-12-22,2026-01-01,1,21165946|0386|A715|2025-12-22|net demand for forecast|001973,20251222-0386-A715-Train-#1
21165946|0386|A715|2025-12-22|net demand for forecast|001974_transit_20251222-0386-A715-Train-#1,2025-12-25,21165946,0386,A715,2025-12-22,2026-01-01,1,21165946|0386|A715|2025-12-22|net demand for forecast|001974,20251222-0386-A715-Train-#1
21165946|0386|A715|2025-12-22|net demand for forecast|001975_transit_20251222-0386-A715-Train-#1,2025-12-25,21165946,0386,A715,2025-12-22,2026-01-01,1,21165946|0386|A715|2025-12-22|net demand for forecast|001975,20251222-0386-A715-Train-#1
21165946|0386|A715|2025-12-22|net demand for forecast|001976_transit_20251222-0386-A715-Train-#1,2025-12-25,21165946,0386,A715,2025-12-22,2026-01-01,1,21165946|0386|A715|2025-12-22|net demand for forecast|001976,20251222-0386-A715-Train-#1
21165946|0386|A715|2025-12-22|net demand for forecast|001977_transit_20251222-0386-A715-Train-#1,2025-12-25,21165946,0386,A715,2025-12-22,2026-01-01,1,21165946|0386|A715|2025-12-22|net demand for forecast|001977,20251222-0386-A715-Train-#1
21165946|0386|A715|2025-12-22|net demand for forecast|001978_transit_20251222-0386-A715-Train-#1,2025-12-25,21165946,0386,A715,2025-12-22,2026-01-01,1,21165946|0386|A715|2025-12-22|net demand for forecast|001978,20251222-0386-A715-Train-#1
21165946|0386|A715|2025-12-22|net demand for forecast|001979_transit_20251222-0386-A715-Train-#1,2025-12-25,21165946,0386,A715,2025-12-22,2026-01-01,1,21165946|0386|A715|2025-12-22|net demand for forecast|001979,20251222-0386-A715-Train-#1
21165946|0386|A715|2025-12-22|net demand for forecast|001980_transit_20251222-0386-A715-Train-#1,2025-12-25,21165946,0386,A715,2025-12-22,2026-01-01,1,21165946|0386|A715|2025-12-22|net demand for forecast|001980,20251222-0386-A715-Train-#1
21307836|0386|A715|2025-12-22|net demand for forecast|002046_transit_20251222-0386-A715-Train-#1,2025-12-25,21307836,0386,A715,2025-12-22,2026-01-01,1,21307836|0386|A715|2025-12-22|net demand for forecast|002046,20251222-0386-A715-Train-#1
21307836|0386|A715|2025-12-22|net demand for forecast|002047_transit_20251222-0386-A715-Train-#1,2025-12-25,21307836,0386,A715,2025-12-22,2026-01-02,1,21307836|0386|A715|2025-12-22|net demand for forecast|002047,20251222-0386-A715-Train-#1
21307836|0386|A715|2025-12-22|net demand for forecast|002048_transit_20251222-0386-A715-Train-#1,2025-12-25,21307836,0386,A715,2025-12-22,2026-01-01,1,21307836|0386|A715|2025-12-22|net demand for forecast|002048,20251222-0386-A715-Train-#1
21307836|0386|A715|2025-12-22|net demand for forecast|002049_transit_20251222-0386-A715-Train-#1,2025-12-25,21307836,0386,A715,2025-12-22,2026-01-01,1,21307836|0386|A715|2025-12-22|net demand for forecast|002049,20251222-0386-A715-Train-#1
21307836|0386|A715|2025-12-22|net demand for forecast|002050_transit_20251222-0386-A715-Train-#1,2025-12-25,21307836,0386,A715,2025-12-22,2026-01-01,1,21307836|0386|A715|2025-12-22|net demand for forecast|002050,20251222-0386-A715-Train-#1
21307836|0386|A715|2025-12-22|net demand for forecast|002051_transit_20251222-0386-A715-Train-#1,2025-12-25,21307836,0386,A715,2025-12-22,2026-01-01,1,21307836|0386|A715|2025-12-22|net demand for forecast|002051,20251222-0386-A715-Train-#1
21307836|0386|A715|2025-12-22|net demand for forecast|002052_transit_20251222-0386-A715-Train-#1,2025-12-25,21307836,0386,A715,2025-12-22,2026-01-01,1,21307836|0386|A715|2025-12-22|net demand for forecast|002052,20251222-0386-A715-Train-#1
21307836|0386|A715|2025-12-22|net demand for forecast|002053_transit_20251222-0386-A715-Train-#1,2025-12-25,21307836,0386,A715,2025-12-22,2026-01-01,2,21307836|0386|A715|2025-12-22|net demand for forecast|002053,20251222-0386-A715-Train-#1
21307836|0386|A715|2025-12-22|net demand for forecast|002054_transit_20251222-0386-A715-Train-#1,2025-12-25,21307836,0386,A715,2025-12-22,2026-01-01,2,21307836|0386|A715|2025-12-22|net demand for forecast|002054,20251222-0386-A715-Train-#1
21307836|0386|A715|2025-12-22|net demand for forecast|002055_transit_20251222-0386-A715-Train-#1,2025-12-25,21307836,0386,A715,2025-12-22,2026-01-02,2,21307836|0386|A715|2025-12-22|net demand for forecast|002055,20251222-0386-A715-Train-#1
21307836|0386|A715|2025-12-22|net demand for forecast|002056_transit_20251222-0386-A715-Train-#1,2025-12-25,21307836,0386,A715,2025-12-22,2026-01-01,2,21307836|0386|A715|2025-12-22|net demand for forecast|002056,20251222-0386-A715-Train-#1
21307836|0386|A715|2025-12-22|net demand for forecast|002057_transit_20251222-0386-A715-Train-#1,2025-12-25,21307836,0386,A715,2025-12-22,2026-01-01,2,21307836|0386|A715|2025-12-22|net demand for forecast|002057,20251222-0386-A715-Train-#1
21307836|0386|A715|2025-12-22|net demand for forecast|002058_transit_20251222-0386-A715-Train-#1,2025-12-25,21307836,0386,A715,2025-12-22,2026-01-01,2,21307836|0386|A715|2025-12-22|net demand for forecast|002058,20251222-0386-A715-Train-#1
21307836|0386|A715|2025-12-22|net demand for forecast|002059_transit_20251222-0386-A715-Train-#1,2025-12-25,21307836,0386,A715,2025-12-22,2026-01-01,2,21307836|0386|A715|2025-12-22|net demand for forecast|002059,20251222-0386-A715-Train-#1
21307836|0386|A715|2025-12-22|net demand for forecast|002060_transit_20251222-0386-A715-Train-#1,2025-12-25,21307836,0386,A715,2025-12-22,2026-01-01,2,21307836|0386|A715|2025-12-22|net demand for forecast|002060,20251222-0386-A715-Train-#1
21377091|0386|A715|2025-12-22|net demand for forecast|002190_transit_20251222-0386-A715-Train-#1,2025-12-25,21377091,0386,A715,2025-12-22,2026-01-01,5,21377091|0386|A715|2025-12-22|net demand for forecast|002190,20251222-0386-A715-Train-#1
21377091|0386|A715|2025-12-22|net demand for forecast|002191_transit_20251222-0386-A715-Train-#1,2025-12-25,21377091,0386,A715,2025-12-22,2026-01-01,5,21377091|0386|A715|2025-12-22|net demand for forecast|002191,20251222-0386-A715-Train-#1
21377091|0386|A715|2025-12-22|net demand for forecast|002192_transit_20251222-0386-A715-Train-#1,2025-12-25,21377091,0386,A715,2025-12-22,2026-01-01,5,21377091|0386|A715|2025-12-22|net demand for forecast|002192,20251222-0386-A715-Train-#1
21377091|0386|A715|2025-12-22|net demand for forecast|002193_transit_20251222-0386-A715-Train-#1,2025-12-25,21377091,0386,A715,2025-12-22,2026-01-01,5,21377091|0386|A715|2025-12-22|net demand for forecast|002193,20251222-0386-A715-Train-#1
21377091|0386|A715|2025-12-22|net demand for forecast|002194_transit_20251222-0386-A715-Train-#1,2025-12-25,21377091,0386,A715,2025-12-22,2026-01-01,5,21377091|0386|A715|2025-12-22|net demand for forecast|002194,20251222-0386-A715-Train-#1
21377091|0386|A715|2025-12-22|net demand for forecast|002195_transit_20251222-0386-A715-Train-#1,2025-12-25,21377091,0386,A715,2025-12-22,2026-01-02,5,21377091|0386|A715|2025-12-22|net demand for forecast|002195,20251222-0386-A715-Train-#1
21377091|0386|A715|2025-12-22|net demand for forecast|002196_transit_20251222-0386-A715-Train-#1,2025-12-25,21377091,0386,A715,2025-12-22,2026-01-01,5,21377091|0386|A715|2025-12-22|net demand for forecast|002196,20251222-0386-A715-Train-#1
21377091|0386|A715|2025-12-22|net demand for forecast|002197_transit_20251222-0386-A715-Train-#1,2025-12-25,21377091,0386,A715,2025-12-22,2026-01-01,12,21377091|0386|A715|2025-12-22|net demand for forecast|002197,20251222-0386-A715-Train-#1
21377091|0386|A715|2025-12-22|net demand for forecast|002198_transit_20251222-0386-A715-Train-#1,2025-12-25,21377091,0386,A715,2025-12-22,2026-01-01,12,21377091|0386|A715|2025-12-22|net demand for forecast|002198,20251222-0386-A715-Train-#1
21377091|0386|A715|2025-12-22|net demand for forecast|002199_transit_20251222-0386-A715-Train-#1,2025-12-25,21377091,0386,A715,2025-12-22,2026-01-01,13,21377091|0386|A715|2025-12-22|net demand for forecast|002199,20251222-0386-A715-Train-#1
21377091|0386|A715|2025-12-22|net demand for forecast|002200_transit_20251222-0386-A715-Train-#1,2025-12-25,21377091,0386,A715,2025-12-22,2026-01-01,13,21377091|0386|A715|2025-12-22|net demand for forecast|002200,20251222-0386-A715-Train-#1
21377091|0386|A715|2025-12-22|net demand for forecast|002201_transit_20251222-0386-A715-Train-#1,2025-12-25,21377091,0386,A715,2025-12-22,2026-01-01,13,21377091|0386|A715|2025-12-22|net demand for forecast|002201,20251222-0386-A715-Train-#1
21377091|0386|A715|2025-12-22|net demand for forecast|002202_transit_20251222-0386-A715-Train-#1,2025-12-25,21377091,0386,A715,2025-12-22,2026-01-01,13,21377091|0386|A715|2025-12-22|net demand for forecast|002202,20251222-0386-A715-Train-#1
21419490|0386|A715|2025-12-22|net demand for forecast|002227_transit_20251222-0386-A715-Train-#1,2025-12-25,21419490,0386,A715,2025-12-22,2026-01-01,3,21419490|0386|A715|2025-12-22|net demand for forecast|002227,20251222-0386-A715-Train-#1
21419490|0386|A715|2025-12-22|net demand for forecast|002228_transit_20251222-0386-A715-Train-#1,2025-12-25,21419490,0386,A715,2025-12-22,2026-01-01,3,21419490|0386|A715|2025-12-22|net demand for forecast|002228,20251222-0386-A715-Train-#1
21419490|0386|A715|2025-12-22|net demand for forecast|002229_transit_20251222-0386-A715-Train-#1,2025-12-25,21419490,0386,A715,2025-12-22,2026-01-01,5,21419490|0386|A715|2025-12-22|net demand for forecast|002229,20251222-0386-A715-Train-#1
21419490|0386|A715|2025-12-22|net demand for forecast|002230_transit_20251222-0386-A715-Train-#1,2025-12-25,21419490,0386,A715,2025-12-22,2026-01-01,6,21419490|0386|A715|2025-12-22|net demand for forecast|002230,20251222-0386-A715-Train-#1
21419490|0386|A715|2025-12-22|net demand for forecast|002231_transit_20251222-0386-A715-Train-#1,2025-12-25,21419490,0386,A715,2025-12-22,2026-01-01,6,21419490|0386|A715|2025-12-22|net demand for forecast|002231,20251222-0386-A715-Train-#1
21419490|0386|A715|2025-12-22|net demand for forecast|002232_transit_20251222-0386-A715-Train-#1,2025-12-25,21419490,0386,A715,2025-12-22,2026-01-01,6,21419490|0386|A715|2025-12-22|net demand for forecast|002232,20251222-0386-A715-Train-#1
21419490|0386|A715|2025-12-22|net demand for forecast|002233_transit_20251222-0386-A715-Train-#1,2025-12-25,21419490,0386,A715,2025-12-22,2026-01-01,6,21419490|0386|A715|2025-12-22|net demand for forecast|002233,20251222-0386-A715-Train-#1
21419490|0386|A715|2025-12-22|net demand for forecast|002234_transit_20251222-0386-A715-Train-#1,2025-12-25,21419490,0386,A715,2025-12-22,2026-01-01,6,21419490|0386|A715|2025-12-22|net demand for forecast|002234,20251222-0386-A715-Train-#1
21419490|0386|A715|2025-12-22|net demand for forecast|002235_transit_20251222-0386-A715-Train-#1,2025-12-25,21419490,0386,A715,2025-12-22,2026-01-01,6,21419490|0386|A715|2025-12-22|net demand for forecast|002235,20251222-0386-A715-Train-#1
21419490|0386|A715|2025-12-22|net demand for forecast|002236_transit_20251222-0386-A715-Train-#1,2025-12-25,21419490,0386,A715,2025-12-22,2026-01-01,40,21419490|0386|A715|2025-12-22|net demand for forecast|002236,20251222-0386-A715-Train-#1
21419490|0386|A715|2025-12-22|net demand for forecast|002237_transit_20251222-0386-A715-Train-#1,2025-12-25,21419490,0386,A715,2025-12-22,2026-01-01,41,21419490|0386|A715|2025-12-22|net demand for forecast|002237,20251222-0386-A715-Train-#1
21419490|0386|A715|2025-12-22|net demand for forecast|002238_transit_20251222-0386-A715-Train-#1,2025-12-25,21419490,0386,A715,2025-12-22,2026-01-01,41,21419490|0386|A715|2025-12-22|net demand for forecast|002238,20251222-0386-A715-Train-#1
21419490|0386|A715|2025-12-22|net demand for forecast|002239_transit_20251222-0386-A715-Train-#1,2025-12-25,21419490,0386,A715,2025-12-22,2026-01-01,41,21419490|0386|A715|2025-12-22|net demand for forecast|002239,20251222-0386-A715-Train-#1
21419490|0386|A715|2025-12-22|net demand for forecast|002240_transit_20251222-0386-A715-Train-#1,2025-12-25,21419490,0386,A715,2025-12-22,2026-01-01,41,21419490|0386|A715|2025-12-22|net demand for forecast|002240,20251222-0386-A715-Train-#1
21419490|0386|A715|2025-12-22|net demand for forecast|002241_transit_20251222-0386-A715-Train-#1,2025-12-25,21419490,0386,A715,2025-12-22,2026-01-01,41,21419490|0386|A715|2025-12-22|net demand for forecast|002241,20251222-0386-A715-Train-#1
21139445|0386|A715|2025-12-22|net demand for safety|001658_transit_20251222-0386-A715-Train-#1,2025-12-25,21139445,0386,A715,2025-12-22,2026-01-01,45,21139445|0386|A715|2025-12-22|net demand for safety|001658,20251222-0386-A715-Train-#1
21143103|0386|A715|2025-12-22|net demand for safety|001772_transit_20251222-0386-A715-Train-#1,2025-12-25,21143103,0386,A715,2025-12-22,2026-01-01,27,21143103|0386|A715|2025-12-22|net demand for safety|001772,20251222-0386-A715-Train-#1
21143110|0386|A715|2025-12-22|net demand for safety|001839_transit_20251222-0386-A715-Train-#1,2025-12-25,21143110,0386,A715,2025-12-22,2026-01-01,1,21143110|0386|A715|2025-12-22|net demand for safety|001839,20251222-0386-A715-Train-#1
21165868|0386|A715|2025-12-22|net demand for safety|001893_transit_20251222-0386-A715-Train-#1,2025-12-25,21165868,0386,A715,2025-12-22,2026-01-01,5,21165868|0386|A715|2025-12-22|net demand for safety|001893,20251222-0386-A715-Train-#1
21165946|0386|A715|2025-12-22|net demand for safety|001981_transit_20251222-0386-A715-Train-#1,2025-12-25,21165946,0386,A715,2025-12-22,2026-01-01,1,21165946|0386|A715|2025-12-22|net demand for safety|001981,20251222-0386-A715-Train-#1
21307836|0386|A715|2025-12-22|net demand for safety|002061_transit_20251222-0386-A715-Train-#1,2025-12-25,21307836,0386,A715,2025-12-22,2026-01-01,19,21307836|0386|A715|2025-12-22|net demand for safety|002061,20251222-0386-A715-Train-#1
21139445|0386|A715|2025-12-22|push replenishment|001659_transit_20251222-0386-A715-Train-#1,2025-12-25,21139445,0386,A715,2025-12-22,2026-01-01,78,21139445|0386|A715|2025-12-22|push replenishment|001659,20251222-0386-A715-Train-#1
21143103|0386|A715|2025-12-22|push replenishment|001773_transit_20251222-0386-A715-Train-#1,2025-12-25,21143103,0386,A715,2025-12-22,2026-01-01,16,21143103|0386|A715|2025-12-22|push replenishment|001773,20251222-0386-A715-Train-#1
21143110|0386|A715|2025-12-22|push replenishment|001840_transit_20251222-0386-A715-Train-#1,2025-12-25,21143110,0386,A715,2025-12-22,2026-01-01,9,21143110|0386|A715|2025-12-22|push replenishment|001840,20251222-0386-A715-Train-#1
21165868|0386|A715|2025-12-22|push replenishment|001894_transit_20251222-0386-A715-Train-#1,2025-12-25,21165868,0386,A715,2025-12-22,2026-01-01,21,21165868|0386|A715|2025-12-22|push replenishment|001894,20251222-0386-A715-Train-#1
21165946|0386|A715|2025-12-22|push replenishment|001982_transit_20251222-0386-A715-Train-#1,2025-12-25,21165946,0386,A715,2025-12-22,2026-01-01,3,21165946|0386|A715|2025-12-22|push replenishment|001982,20251222-0386-A715-Train-#1
21307836|0386|A715|2025-12-22|push replenishment|002062_transit_20251222-0386-A715-Train-#1,2025-12-25,21307836,0386,A715,2025-12-22,2026-01-02,34,21307836|0386|A715|2025-12-22|push replenishment|002062,20251222-0386-A715-Train-#1
21307836|0386|A716|2025-12-22|net demand for normal|002082_transit_20251222-0386-A716-Train-#1,2025-12-25,21307836,0386,A716,2025-12-22,2026-01-05,2,21307836|0386|A716|2025-12-22|net demand for normal|002082,20251222-0386-A716-Train-#1
21377091|0386|A716|2025-12-22|net demand for normal|002217_transit_20251222-0386-A716-Train-#1,2025-12-25,21377091,0386,A716,2025-12-22,2026-01-05,11,21377091|0386|A716|2025-12-22|net demand for normal|002217,20251222-0386-A716-Train-#1
21419490|0386|A716|2025-12-22|net demand for normal|002262_transit_20251222-0386-A716-Train-#1,2025-12-25,21419490,0386,A716,2025-12-22,2026-01-05,20,21419490|0386|A716|2025-12-22|net demand for normal|002262,20251222-0386-A716-Train-#1
21428668|0386|A716|2025-12-22|net demand for normal|002301_transit_20251222-0386-A716-Train-#1,2025-12-25,21428668,0386,A716,2025-12-22,2026-01-05,3,21428668|0386|A716|2025-12-22|net demand for normal|002301,20251222-0386-A716-Train-#1
21442422|0386|A716|2025-12-22|net demand for normal|002331_transit_20251222-0386-A716-Train-#1,2025-12-25,21442422,0386,A716,2025-12-22,2026-01-05,2,21442422|0386|A716|2025-12-22|net demand for normal|002331,20251222-0386-A716-Train-#1
21139445|0386|A716|2025-12-22|net demand for forecast|001660_transit_20251222-0386-A716-Train-#1,2025-12-25,21139445,0386,A716,2025-12-22,2026-01-06,2,21139445|0386|A716|2025-12-22|net demand for forecast|001660,20251222-0386-A716-Train-#1
21139445|0386|A716|2025-12-22|net demand for forecast|001661_transit_20251222-0386-A716-Train-#1,2025-12-25,21139445,0386,A716,2025-12-22,2026-01-05,2,21139445|0386|A716|2025-12-22|net demand for forecast|001661,20251222-0386-A716-Train-#1
21139445|0386|A716|2025-12-22|net demand for forecast|001662_transit_20251222-0386-A716-Train-#1,2025-12-25,21139445,0386,A716,2025-12-22,2026-01-06,2,21139445|0386|A716|2025-12-22|net demand for forecast|001662,20251222-0386-A716-Train-#1
21139445|0386|A716|2025-12-22|net demand for forecast|001663_transit_20251222-0386-A716-Train-#1,2025-12-25,21139445,0386,A716,2025-12-22,2026-01-06,2,21139445|0386|A716|2025-12-22|net demand for forecast|001663,20251222-0386-A716-Train-#1
21139445|0386|A716|2025-12-22|net demand for forecast|001664_transit_20251222-0386-A716-Train-#1,2025-12-25,21139445,0386,A716,2025-12-22,2026-01-05,3,21139445|0386|A716|2025-12-22|net demand for forecast|001664,20251222-0386-A716-Train-#1
21139445|0386|A716|2025-12-22|net demand for forecast|001665_transit_20251222-0386-A716-Train-#1,2025-12-25,21139445,0386,A716,2025-12-22,2026-01-05,3,21139445|0386|A716|2025-12-22|net demand for forecast|001665,20251222-0386-A716-Train-#1
21139445|0386|A716|2025-12-22|net demand for forecast|001666_transit_20251222-0386-A716-Train-#1,2025-12-25,21139445,0386,A716,2025-12-22,2026-01-05,3,21139445|0386|A716|2025-12-22|net demand for forecast|001666,20251222-0386-A716-Train-#1
21139445|0386|A716|2025-12-22|net demand for forecast|001667_transit_20251222-0386-A716-Train-#1,2025-12-25,21139445,0386,A716,2025-12-22,2026-01-05,3,21139445|0386|A716|2025-12-22|net demand for forecast|001667,20251222-0386-A716-Train-#1
21139445|0386|A716|2025-12-22|net demand for forecast|001668_transit_20251222-0386-A716-Train-#1,2025-12-25,21139445,0386,A716,2025-12-22,2026-01-05,3,21139445|0386|A716|2025-12-22|net demand for forecast|001668,20251222-0386-A716-Train-#1
21139445|0386|A716|2025-12-22|net demand for forecast|001669_transit_20251222-0386-A716-Train-#1,2025-12-25,21139445,0386,A716,2025-12-22,2026-01-05,3,21139445|0386|A716|2025-12-22|net demand for forecast|001669,20251222-0386-A716-Train-#1
21139445|0386|A716|2025-12-22|net demand for forecast|001670_transit_20251222-0386-A716-Train-#1,2025-12-25,21139445,0386,A716,2025-12-22,2026-01-05,3,21139445|0386|A716|2025-12-22|net demand for forecast|001670,20251222-0386-A716-Train-#1
21139445|0386|A716|2025-12-22|net demand for forecast|001671_transit_20251222-0386-A716-Train-#1,2025-12-25,21139445,0386,A716,2025-12-22,2026-01-05,3,21139445|0386|A716|2025-12-22|net demand for forecast|001671,20251222-0386-A716-Train-#1
21139445|0386|A716|2025-12-22|net demand for forecast|001672_transit_20251222-0386-A716-Train-#1,2025-12-25,21139445,0386,A716,2025-12-22,2026-01-05,3,21139445|0386|A716|2025-12-22|net demand for forecast|001672,20251222-0386-A716-Train-#1
21139445|0386|A716|2025-12-22|net demand for forecast|001673_transit_20251222-0386-A716-Train-#1,2025-12-25,21139445,0386,A716,2025-12-22,2026-01-05,5,21139445|0386|A716|2025-12-22|net demand for forecast|001673,20251222-0386-A716-Train-#1
21139445|0386|A716|2025-12-22|net demand for forecast|001674_transit_20251222-0386-A716-Train-#1,2025-12-25,21139445,0386,A716,2025-12-22,2026-01-05,5,21139445|0386|A716|2025-12-22|net demand for forecast|001674,20251222-0386-A716-Train-#1
21139445|0386|A716|2025-12-22|net demand for forecast|001675_transit_20251222-0386-A716-Train-#1,2025-12-25,21139445,0386,A716,2025-12-22,2026-01-05,5,21139445|0386|A716|2025-12-22|net demand for forecast|001675,20251222-0386-A716-Train-#1
21139445|0386|A716|2025-12-22|net demand for forecast|001676_transit_20251222-0386-A716-Train-#1,2025-12-25,21139445,0386,A716,2025-12-22,2026-01-05,5,21139445|0386|A716|2025-12-22|net demand for forecast|001676,20251222-0386-A716-Train-#1
21139445|0386|A716|2025-12-22|net demand for forecast|001677_transit_20251222-0386-A716-Train-#1,2025-12-25,21139445,0386,A716,2025-12-22,2026-01-05,5,21139445|0386|A716|2025-12-22|net demand for forecast|001677,20251222-0386-A716-Train-#1
21139445|0386|A716|2025-12-22|net demand for forecast|001678_transit_20251222-0386-A716-Train-#1,2025-12-25,21139445,0386,A716,2025-12-22,2026-01-05,6,21139445|0386|A716|2025-12-22|net demand for forecast|001678,20251222-0386-A716-Train-#1
21143103|0386|A716|2025-12-22|net demand for forecast|001774_transit_20251222-0386-A716-Train-#1,2025-12-25,21143103,0386,A716,2025-12-22,2026-01-05,1,21143103|0386|A716|2025-12-22|net demand for forecast|001774,20251222-0386-A716-Train-#1
21143103|0386|A716|2025-12-22|net demand for forecast|001775_transit_20251222-0386-A716-Train-#1,2025-12-25,21143103,0386,A716,2025-12-22,2026-01-05,1,21143103|0386|A716|2025-12-22|net demand for forecast|001775,20251222-0386-A716-Train-#1
21143103|0386|A716|2025-12-22|net demand for forecast|001776_transit_20251222-0386-A716-Train-#1,2025-12-25,21143103,0386,A716,2025-12-22,2026-01-05,1,21143103|0386|A716|2025-12-22|net demand for forecast|001776,20251222-0386-A716-Train-#1
21143103|0386|A716|2025-12-22|net demand for forecast|001777_transit_20251222-0386-A716-Train-#1,2025-12-25,21143103,0386,A716,2025-12-22,2026-01-05,1,21143103|0386|A716|2025-12-22|net demand for forecast|001777,20251222-0386-A716-Train-#1
21143103|0386|A716|2025-12-22|net demand for forecast|001778_transit_20251222-0386-A716-Train-#1,2025-12-25,21143103,0386,A716,2025-12-22,2026-01-05,1,21143103|0386|A716|2025-12-22|net demand for forecast|001778,20251222-0386-A716-Train-#1
21143103|0386|A716|2025-12-22|net demand for forecast|001779_transit_20251222-0386-A716-Train-#1,2025-12-25,21143103,0386,A716,2025-12-22,2026-01-05,1,21143103|0386|A716|2025-12-22|net demand for forecast|001779,20251222-0386-A716-Train-#1
21143103|0386|A716|2025-12-22|net demand for forecast|001780_transit_20251222-0386-A716-Train-#1,2025-12-25,21143103,0386,A716,2025-12-22,2026-01-05,1,21143103|0386|A716|2025-12-22|net demand for forecast|001780,20251222-0386-A716-Train-#1
21143103|0386|A716|2025-12-22|net demand for forecast|001781_transit_20251222-0386-A716-Train-#1,2025-12-25,21143103,0386,A716,2025-12-22,2026-01-06,1,21143103|0386|A716|2025-12-22|net demand for forecast|001781,20251222-0386-A716-Train-#1
21143103|0386|A716|2025-12-22|net demand for forecast|001782_transit_20251222-0386-A716-Train-#1,2025-12-25,21143103,0386,A716,2025-12-22,2026-01-05,1,21143103|0386|A716|2025-12-22|net demand for forecast|001782,20251222-0386-A716-Train-#1
21143103|0386|A716|2025-12-22|net demand for forecast|001783_transit_20251222-0386-A716-Train-#1,2025-12-25,21143103,0386,A716,2025-12-22,2026-01-05,1,21143103|0386|A716|2025-12-22|net demand for forecast|001783,20251222-0386-A716-Train-#1
21143103|0386|A716|2025-12-22|net demand for forecast|001784_transit_20251222-0386-A716-Train-#1,2025-12-25,21143103,0386,A716,2025-12-22,2026-01-05,1,21143103|0386|A716|2025-12-22|net demand for forecast|001784,20251222-0386-A716-Train-#1
21143103|0386|A716|2025-12-22|net demand for forecast|001785_transit_20251222-0386-A716-Train-#1,2025-12-25,21143103,0386,A716,2025-12-22,2026-01-05,1,21143103|0386|A716|2025-12-22|net demand for forecast|001785,20251222-0386-A716-Train-#1
21143103|0386|A716|2025-12-22|net demand for forecast|001786_transit_20251222-0386-A716-Train-#1,2025-12-25,21143103,0386,A716,2025-12-22,2026-01-06,1,21143103|0386|A716|2025-12-22|net demand for forecast|001786,20251222-0386-A716-Train-#1
21143103|0386|A716|2025-12-22|net demand for forecast|001787_transit_20251222-0386-A716-Train-#1,2025-12-25,21143103,0386,A716,2025-12-22,2026-01-05,2,21143103|0386|A716|2025-12-22|net demand for forecast|001787,20251222-0386-A716-Train-#1
21143103|0386|A716|2025-12-22|net demand for forecast|001788_transit_20251222-0386-A716-Train-#1,2025-12-25,21143103,0386,A716,2025-12-22,2026-01-05,2,21143103|0386|A716|2025-12-22|net demand for forecast|001788,20251222-0386-A716-Train-#1
21143103|0386|A716|2025-12-22|net demand for forecast|001789_transit_20251222-0386-A716-Train-#1,2025-12-25,21143103,0386,A716,2025-12-22,2026-01-05,2,21143103|0386|A716|2025-12-22|net demand for forecast|001789,20251222-0386-A716-Train-#1
21143103|0386|A716|2025-12-22|net demand for forecast|001790_transit_20251222-0386-A716-Train-#1,2025-12-25,21143103,0386,A716,2025-12-22,2026-01-05,2,21143103|0386|A716|2025-12-22|net demand for forecast|001790,20251222-0386-A716-Train-#1
21143103|0386|A716|2025-12-22|net demand for forecast|001791_transit_20251222-0386-A716-Train-#1,2025-12-25,21143103,0386,A716,2025-12-22,2026-01-05,2,21143103|0386|A716|2025-12-22|net demand for forecast|001791,20251222-0386-A716-Train-#1
21143103|0386|A716|2025-12-22|net demand for forecast|001792_transit_20251222-0386-A716-Train-#1,2025-12-25,21143103,0386,A716,2025-12-22,2026-01-06,2,21143103|0386|A716|2025-12-22|net demand for forecast|001792,20251222-0386-A716-Train-#1
21165946|0386|A716|2025-12-22|net demand for forecast|001983_transit_20251222-0386-A716-Train-#1,2025-12-25,21165946,0386,A716,2025-12-22,2026-01-05,1,21165946|0386|A716|2025-12-22|net demand for forecast|001983,20251222-0386-A716-Train-#1
21165946|0386|A716|2025-12-22|net demand for forecast|001984_transit_20251222-0386-A716-Train-#1,2025-12-25,21165946,0386,A716,2025-12-22,2026-01-05,1,21165946|0386|A716|2025-12-22|net demand for forecast|001984,20251222-0386-A716-Train-#1
21165946|0386|A716|2025-12-22|net demand for forecast|001985_transit_20251222-0386-A716-Train-#1,2025-12-25,21165946,0386,A716,2025-12-22,2026-01-05,1,21165946|0386|A716|2025-12-22|net demand for forecast|001985,20251222-0386-A716-Train-#1
21165946|0386|A716|2025-12-22|net demand for forecast|001986_transit_20251222-0386-A716-Train-#1,2025-12-25,21165946,0386,A716,2025-12-22,2026-01-05,1,21165946|0386|A716|2025-12-22|net demand for forecast|001986,20251222-0386-A716-Train-#1
21165946|0386|A716|2025-12-22|net demand for forecast|001987_transit_20251222-0386-A716-Train-#1,2025-12-25,21165946,0386,A716,2025-12-22,2026-01-05,1,21165946|0386|A716|2025-12-22|net demand for forecast|001987,20251222-0386-A716-Train-#1
21165946|0386|A716|2025-12-22|net demand for forecast|001988_transit_20251222-0386-A716-Train-#1,2025-12-25,21165946,0386,A716,2025-12-22,2026-01-05,1,21165946|0386|A716|2025-12-22|net demand for forecast|001988,20251222-0386-A716-Train-#1
21165946|0386|A716|2025-12-22|net demand for forecast|001989_transit_20251222-0386-A716-Train-#1,2025-12-25,21165946,0386,A716,2025-12-22,2026-01-06,1,21165946|0386|A716|2025-12-22|net demand for forecast|001989,20251222-0386-A716-Train-#1
21165946|0386|A716|2025-12-22|net demand for forecast|001990_transit_20251222-0386-A716-Train-#1,2025-12-25,21165946,0386,A716,2025-12-22,2026-01-05,1,21165946|0386|A716|2025-12-22|net demand for forecast|001990,20251222-0386-A716-Train-#1
21165946|0386|A716|2025-12-22|net demand for forecast|001991_transit_20251222-0386-A716-Train-#1,2025-12-25,21165946,0386,A716,2025-12-22,2026-01-05,1,21165946|0386|A716|2025-12-22|net demand for forecast|001991,20251222-0386-A716-Train-#1
21165946|0386|A716|2025-12-22|net demand for forecast|001992_transit_20251222-0386-A716-Train-#1,2025-12-25,21165946,0386,A716,2025-12-22,2026-01-06,1,21165946|0386|A716|2025-12-22|net demand for forecast|001992,20251222-0386-A716-Train-#1
21165946|0386|A716|2025-12-22|net demand for forecast|001993_transit_20251222-0386-A716-Train-#1,2025-12-25,21165946,0386,A716,2025-12-22,2026-01-06,1,21165946|0386|A716|2025-12-22|net demand for forecast|001993,20251222-0386-A716-Train-#1
21165946|0386|A716|2025-12-22|net demand for forecast|001994_transit_20251222-0386-A716-Train-#1,2025-12-25,21165946,0386,A716,2025-12-22,2026-01-05,1,21165946|0386|A716|2025-12-22|net demand for forecast|001994,20251222-0386-A716-Train-#1
21165946|0386|A716|2025-12-22|net demand for forecast|001995_transit_20251222-0386-A716-Train-#1,2025-12-25,21165946,0386,A716,2025-12-22,2026-01-05,1,21165946|0386|A716|2025-12-22|net demand for forecast|001995,20251222-0386-A716-Train-#1
21165946|0386|A716|2025-12-22|net demand for forecast|001996_transit_20251222-0386-A716-Train-#1,2025-12-25,21165946,0386,A716,2025-12-22,2026-01-05,1,21165946|0386|A716|2025-12-22|net demand for forecast|001996,20251222-0386-A716-Train-#1
21165946|0386|A716|2025-12-22|net demand for forecast|001997_transit_20251222-0386-A716-Train-#1,2025-12-25,21165946,0386,A716,2025-12-22,2026-01-05,1,21165946|0386|A716|2025-12-22|net demand for forecast|001997,20251222-0386-A716-Train-#1
21165946|0386|A716|2025-12-22|net demand for forecast|001998_transit_20251222-0386-A716-Train-#1,2025-12-25,21165946,0386,A716,2025-12-22,2026-01-05,1,21165946|0386|A716|2025-12-22|net demand for forecast|001998,20251222-0386-A716-Train-#1
21165946|0386|A716|2025-12-22|net demand for forecast|001999_transit_20251222-0386-A716-Train-#1,2025-12-25,21165946,0386,A716,2025-12-22,2026-01-05,1,21165946|0386|A716|2025-12-22|net demand for forecast|001999,20251222-0386-A716-Train-#1
21165946|0386|A716|2025-12-22|net demand for forecast|002000_transit_20251222-0386-A716-Train-#1,2025-12-25,21165946,0386,A716,2025-12-22,2026-01-05,1,21165946|0386|A716|2025-12-22|net demand for forecast|002000,20251222-0386-A716-Train-#1
21165946|0386|A716|2025-12-22|net demand for forecast|002001_transit_20251222-0386-A716-Train-#1,2025-12-25,21165946,0386,A716,2025-12-22,2026-01-05,1,21165946|0386|A716|2025-12-22|net demand for forecast|002001,20251222-0386-A716-Train-#1
21307836|0386|A716|2025-12-22|net demand for forecast|002063_transit_20251222-0386-A716-Train-#1,2025-12-25,21307836,0386,A716,2025-12-22,2026-01-05,1,21307836|0386|A716|2025-12-22|net demand for forecast|002063,20251222-0386-A716-Train-#1
21307836|0386|A716|2025-12-22|net demand for forecast|002064_transit_20251222-0386-A716-Train-#1,2025-12-25,21307836,0386,A716,2025-12-22,2026-01-05,1,21307836|0386|A716|2025-12-22|net demand for forecast|002064,20251222-0386-A716-Train-#1
21307836|0386|A716|2025-12-22|net demand for forecast|002065_transit_20251222-0386-A716-Train-#1,2025-12-25,21307836,0386,A716,2025-12-22,2026-01-05,1,21307836|0386|A716|2025-12-22|net demand for forecast|002065,20251222-0386-A716-Train-#1
21307836|0386|A716|2025-12-22|net demand for forecast|002066_transit_20251222-0386-A716-Train-#1,2025-12-25,21307836,0386,A716,2025-12-22,2026-01-05,1,21307836|0386|A716|2025-12-22|net demand for forecast|002066,20251222-0386-A716-Train-#1
21307836|0386|A716|2025-12-22|net demand for forecast|002067_transit_20251222-0386-A716-Train-#1,2025-12-25,21307836,0386,A716,2025-12-22,2026-01-05,1,21307836|0386|A716|2025-12-22|net demand for forecast|002067,20251222-0386-A716-Train-#1
21307836|0386|A716|2025-12-22|net demand for forecast|002068_transit_20251222-0386-A716-Train-#1,2025-12-25,21307836,0386,A716,2025-12-22,2026-01-05,1,21307836|0386|A716|2025-12-22|net demand for forecast|002068,20251222-0386-A716-Train-#1
21307836|0386|A716|2025-12-22|net demand for forecast|002069_transit_20251222-0386-A716-Train-#1,2025-12-25,21307836,0386,A716,2025-12-22,2026-01-05,1,21307836|0386|A716|2025-12-22|net demand for forecast|002069,20251222-0386-A716-Train-#1
21307836|0386|A716|2025-12-22|net demand for forecast|002070_transit_20251222-0386-A716-Train-#1,2025-12-25,21307836,0386,A716,2025-12-22,2026-01-05,1,21307836|0386|A716|2025-12-22|net demand for forecast|002070,20251222-0386-A716-Train-#1
21307836|0386|A716|2025-12-22|net demand for forecast|002071_transit_20251222-0386-A716-Train-#1,2025-12-25,21307836,0386,A716,2025-12-22,2026-01-05,1,21307836|0386|A716|2025-12-22|net demand for forecast|002071,20251222-0386-A716-Train-#1
21307836|0386|A716|2025-12-22|net demand for forecast|002072_transit_20251222-0386-A716-Train-#1,2025-12-25,21307836,0386,A716,2025-12-22,2026-01-05,1,21307836|0386|A716|2025-12-22|net demand for forecast|002072,20251222-0386-A716-Train-#1
21307836|0386|A716|2025-12-22|net demand for forecast|002073_transit_20251222-0386-A716-Train-#1,2025-12-25,21307836,0386,A716,2025-12-22,2026-01-05,1,21307836|0386|A716|2025-12-22|net demand for forecast|002073,20251222-0386-A716-Train-#1
21307836|0386|A716|2025-12-22|net demand for forecast|002074_transit_20251222-0386-A716-Train-#1,2025-12-25,21307836,0386,A716,2025-12-22,2026-01-05,2,21307836|0386|A716|2025-12-22|net demand for forecast|002074,20251222-0386-A716-Train-#1
21307836|0386|A716|2025-12-22|net demand for forecast|002075_transit_20251222-0386-A716-Train-#1,2025-12-25,21307836,0386,A716,2025-12-22,2026-01-05,2,21307836|0386|A716|2025-12-22|net demand for forecast|002075,20251222-0386-A716-Train-#1
21307836|0386|A716|2025-12-22|net demand for forecast|002076_transit_20251222-0386-A716-Train-#1,2025-12-25,21307836,0386,A716,2025-12-22,2026-01-05,2,21307836|0386|A716|2025-12-22|net demand for forecast|002076,20251222-0386-A716-Train-#1
21307836|0386|A716|2025-12-22|net demand for forecast|002077_transit_20251222-0386-A716-Train-#1,2025-12-25,21307836,0386,A716,2025-12-22,2026-01-05,2,21307836|0386|A716|2025-12-22|net demand for forecast|002077,20251222-0386-A716-Train-#1
21307836|0386|A716|2025-12-22|net demand for forecast|002078_transit_20251222-0386-A716-Train-#1,2025-12-25,21307836,0386,A716,2025-12-22,2026-01-05,2,21307836|0386|A716|2025-12-22|net demand for forecast|002078,20251222-0386-A716-Train-#1
21307836|0386|A716|2025-12-22|net demand for forecast|002079_transit_20251222-0386-A716-Train-#1,2025-12-25,21307836,0386,A716,2025-12-22,2026-01-05,2,21307836|0386|A716|2025-12-22|net demand for forecast|002079,20251222-0386-A716-Train-#1
21307836|0386|A716|2025-12-22|net demand for forecast|002080_transit_20251222-0386-A716-Train-#1,2025-12-25,21307836,0386,A716,2025-12-22,2026-01-05,2,21307836|0386|A716|2025-12-22|net demand for forecast|002080,20251222-0386-A716-Train-#1
21307836|0386|A716|2025-12-22|net demand for forecast|002081_transit_20251222-0386-A716-Train-#1,2025-12-25,21307836,0386,A716,2025-12-22,2026-01-05,2,21307836|0386|A716|2025-12-22|net demand for forecast|002081,20251222-0386-A716-Train-#1
21377091|0386|A716|2025-12-22|net demand for forecast|002204_transit_20251222-0386-A716-Train-#1,2025-12-25,21377091,0386,A716,2025-12-22,2026-01-05,5,21377091|0386|A716|2025-12-22|net demand for forecast|002204,20251222-0386-A716-Train-#1
21377091|0386|A716|2025-12-22|net demand for forecast|002205_transit_20251222-0386-A716-Train-#1,2025-12-25,21377091,0386,A716,2025-12-22,2026-01-06,5,21377091|0386|A716|2025-12-22|net demand for forecast|002205,20251222-0386-A716-Train-#1
21377091|0386|A716|2025-12-22|net demand for forecast|002206_transit_20251222-0386-A716-Train-#1,2025-12-25,21377091,0386,A716,2025-12-22,2026-01-05,5,21377091|0386|A716|2025-12-22|net demand for forecast|002206,20251222-0386-A716-Train-#1
21377091|0386|A716|2025-12-22|net demand for forecast|002207_transit_20251222-0386-A716-Train-#1,2025-12-25,21377091,0386,A716,2025-12-22,2026-01-05,5,21377091|0386|A716|2025-12-22|net demand for forecast|002207,20251222-0386-A716-Train-#1
21377091|0386|A716|2025-12-22|net demand for forecast|002208_transit_20251222-0386-A716-Train-#1,2025-12-25,21377091,0386,A716,2025-12-22,2026-01-05,5,21377091|0386|A716|2025-12-22|net demand for forecast|002208,20251222-0386-A716-Train-#1
21377091|0386|A716|2025-12-22|net demand for forecast|002209_transit_20251222-0386-A716-Train-#1,2025-12-25,21377091,0386,A716,2025-12-22,2026-01-06,5,21377091|0386|A716|2025-12-22|net demand for forecast|002209,20251222-0386-A716-Train-#1
21377091|0386|A716|2025-12-22|net demand for forecast|002210_transit_20251222-0386-A716-Train-#1,2025-12-25,21377091,0386,A716,2025-12-22,2026-01-06,5,21377091|0386|A716|2025-12-22|net demand for forecast|002210,20251222-0386-A716-Train-#1
21377091|0386|A716|2025-12-22|net demand for forecast|002211_transit_20251222-0386-A716-Train-#1,2025-12-25,21377091,0386,A716,2025-12-22,2026-01-05,12,21377091|0386|A716|2025-12-22|net demand for forecast|002211,20251222-0386-A716-Train-#1
21377091|0386|A716|2025-12-22|net demand for forecast|002212_transit_20251222-0386-A716-Train-#1,2025-12-25,21377091,0386,A716,2025-12-22,2026-01-05,12,21377091|0386|A716|2025-12-22|net demand for forecast|002212,20251222-0386-A716-Train-#1
21377091|0386|A716|2025-12-22|net demand for forecast|002213_transit_20251222-0386-A716-Train-#1,2025-12-25,21377091,0386,A716,2025-12-22,2026-01-05,13,21377091|0386|A716|2025-12-22|net demand for forecast|002213,20251222-0386-A716-Train-#1
21377091|0386|A716|2025-12-22|net demand for forecast|002214_transit_20251222-0386-A716-Train-#1,2025-12-25,21377091,0386,A716,2025-12-22,2026-01-05,13,21377091|0386|A716|2025-12-22|net demand for forecast|002214,20251222-0386-A716-Train-#1
21377091|0386|A716|2025-12-22|net demand for forecast|002215_transit_20251222-0386-A716-Train-#1,2025-12-25,21377091,0386,A716,2025-12-22,2026-01-05,13,21377091|0386|A716|2025-12-22|net demand for forecast|002215,20251222-0386-A716-Train-#1
21377091|0386|A716|2025-12-22|net demand for forecast|002216_transit_20251222-0386-A716-Train-#1,2025-12-25,21377091,0386,A716,2025-12-22,2026-01-05,13,21377091|0386|A716|2025-12-22|net demand for forecast|002216,20251222-0386-A716-Train-#1
21419490|0386|A716|2025-12-22|net demand for forecast|002243_transit_20251222-0386-A716-Train-#1,2025-12-25,21419490,0386,A716,2025-12-22,2026-01-06,2,21419490|0386|A716|2025-12-22|net demand for forecast|002243,20251222-0386-A716-Train-#1
21419490|0386|A716|2025-12-22|net demand for forecast|002244_transit_20251222-0386-A716-Train-#1,2025-12-25,21419490,0386,A716,2025-12-22,2026-01-05,2,21419490|0386|A716|2025-12-22|net demand for forecast|002244,20251222-0386-A716-Train-#1
21419490|0386|A716|2025-12-22|net demand for forecast|002245_transit_20251222-0386-A716-Train-#1,2025-12-25,21419490,0386,A716,2025-12-22,2026-01-05,2,21419490|0386|A716|2025-12-22|net demand for forecast|002245,20251222-0386-A716-Train-#1
21419490|0386|A716|2025-12-22|net demand for forecast|002246_transit_20251222-0386-A716-Train-#1,2025-12-25,21419490,0386,A716,2025-12-22,2026-01-05,2,21419490|0386|A716|2025-12-22|net demand for forecast|002246,20251222-0386-A716-Train-#1
21419490|0386|A716|2025-12-22|net demand for forecast|002247_transit_20251222-0386-A716-Train-#1,2025-12-25,21419490,0386,A716,2025-12-22,2026-01-05,2,21419490|0386|A716|2025-12-22|net demand for forecast|002247,20251222-0386-A716-Train-#1
21419490|0386|A716|2025-12-22|net demand for forecast|002248_transit_20251222-0386-A716-Train-#1,2025-12-25,21419490,0386,A716,2025-12-22,2026-01-05,2,21419490|0386|A716|2025-12-22|net demand for forecast|002248,20251222-0386-A716-Train-#1
21419490|0386|A716|2025-12-22|net demand for forecast|002249_transit_20251222-0386-A716-Train-#1,2025-12-25,21419490,0386,A716,2025-12-22,2026-01-05,4,21419490|0386|A716|2025-12-22|net demand for forecast|002249,20251222-0386-A716-Train-#1
21419490|0386|A716|2025-12-22|net demand for forecast|002250_transit_20251222-0386-A716-Train-#1,2025-12-25,21419490,0386,A716,2025-12-22,2026-01-05,4,21419490|0386|A716|2025-12-22|net demand for forecast|002250,20251222-0386-A716-Train-#1
21419490|0386|A716|2025-12-22|net demand for forecast|002251_transit_20251222-0386-A716-Train-#1,2025-12-25,21419490,0386,A716,2025-12-22,2026-01-05,4,21419490|0386|A716|2025-12-22|net demand for forecast|002251,20251222-0386-A716-Train-#1
21419490|0386|A716|2025-12-22|net demand for forecast|002252_transit_20251222-0386-A716-Train-#1,2025-12-25,21419490,0386,A716,2025-12-22,2026-01-05,4,21419490|0386|A716|2025-12-22|net demand for forecast|002252,20251222-0386-A716-Train-#1
21419490|0386|A716|2025-12-22|net demand for forecast|002253_transit_20251222-0386-A716-Train-#1,2025-12-25,21419490,0386,A716,2025-12-22,2026-01-05,5,21419490|0386|A716|2025-12-22|net demand for forecast|002253,20251222-0386-A716-Train-#1
21419490|0386|A716|2025-12-22|net demand for forecast|002254_transit_20251222-0386-A716-Train-#1,2025-12-25,21419490,0386,A716,2025-12-22,2026-01-06,5,21419490|0386|A716|2025-12-22|net demand for forecast|002254,20251222-0386-A716-Train-#1
21419490|0386|A716|2025-12-22|net demand for forecast|002255_transit_20251222-0386-A716-Train-#1,2025-12-25,21419490,0386,A716,2025-12-22,2026-01-05,5,21419490|0386|A716|2025-12-22|net demand for forecast|002255,20251222-0386-A716-Train-#1
21419490|0386|A716|2025-12-22|net demand for forecast|002256_transit_20251222-0386-A716-Train-#1,2025-12-25,21419490,0386,A716,2025-12-22,2026-01-05,31,21419490|0386|A716|2025-12-22|net demand for forecast|002256,20251222-0386-A716-Train-#1
21419490|0386|A716|2025-12-22|net demand for forecast|002257_transit_20251222-0386-A716-Train-#1,2025-12-25,21419490,0386,A716,2025-12-22,2026-01-05,31,21419490|0386|A716|2025-12-22|net demand for forecast|002257,20251222-0386-A716-Train-#1
21419490|0386|A716|2025-12-22|net demand for forecast|002258_transit_20251222-0386-A716-Train-#1,2025-12-25,21419490,0386,A716,2025-12-22,2026-01-05,31,21419490|0386|A716|2025-12-22|net demand for forecast|002258,20251222-0386-A716-Train-#1
21419490|0386|A716|2025-12-22|net demand for forecast|002259_transit_20251222-0386-A716-Train-#1,2025-12-25,21419490,0386,A716,2025-12-22,2026-01-06,31,21419490|0386|A716|2025-12-22|net demand for forecast|002259,20251222-0386-A716-Train-#1
21419490|0386|A716|2025-12-22|net demand for forecast|002260_transit_20251222-0386-A716-Train-#1,2025-12-25,21419490,0386,A716,2025-12-22,2026-01-05,31,21419490|0386|A716|2025-12-22|net demand for forecast|002260,20251222-0386-A716-Train-#1
21419490|0386|A716|2025-12-22|net demand for forecast|002261_transit_20251222-0386-A716-Train-#1,2025-12-25,21419490,0386,A716,2025-12-22,2026-01-06,31,21419490|0386|A716|2025-12-22|net demand for forecast|002261,20251222-0386-A716-Train-#1
21139445|0386|A716|2025-12-22|net demand for safety|001679_transit_20251222-0386-A716-Train-#1,2025-12-25,21139445,0386,A716,2025-12-22,2026-01-05,44,21139445|0386|A716|2025-12-22|net demand for safety|001679,20251222-0386-A716-Train-#1
21143103|0386|A716|2025-12-22|net demand for safety|001793_transit_20251222-0386-A716-Train-#1,2025-12-25,21143103,0386,A716,2025-12-22,2026-01-05,30,21143103|0386|A716|2025-12-22|net demand for safety|001793,20251222-0386-A716-Train-#1
21165868|0386|A716|2025-12-22|net demand for safety|001895_transit_20251222-0386-A716-Train-#1,2025-12-25,21165868,0386,A716,2025-12-22,2026-01-05,3,21165868|0386|A716|2025-12-22|net demand for safety|001895,20251222-0386-A716-Train-#1
21165946|0386|A716|2025-12-22|net demand for safety|002002_transit_20251222-0386-A716-Train-#1,2025-12-25,21165946,0386,A716,2025-12-22,2026-01-06,4,21165946|0386|A716|2025-12-22|net demand for safety|002002,20251222-0386-A716-Train-#1
21307836|0386|A716|2025-12-22|net demand for safety|002083_transit_20251222-0386-A716-Train-#1,2025-12-25,21307836,0386,A716,2025-12-22,2026-01-05,18,21307836|0386|A716|2025-12-22|net demand for safety|002083,20251222-0386-A716-Train-#1
21139445|0386|A716|2025-12-22|push replenishment|001680_transit_20251222-0386-A716-Train-#1,2025-12-25,21139445,0386,A716,2025-12-22,2026-01-05,76,21139445|0386|A716|2025-12-22|push replenishment|001680,20251222-0386-A716-Train-#1
21143103|0386|A716|2025-12-22|push replenishment|001794_transit_20251222-0386-A716-Train-#1,2025-12-25,21143103,0386,A716,2025-12-22,2026-01-06,18,21143103|0386|A716|2025-12-22|push replenishment|001794,20251222-0386-A716-Train-#1
21165868|0386|A716|2025-12-22|push replenishment|001896_transit_20251222-0386-A716-Train-#1,2025-12-25,21165868,0386,A716,2025-12-22,2026-01-05,21,21165868|0386|A716|2025-12-22|push replenishment|001896,20251222-0386-A716-Train-#1
21165946|0386|A716|2025-12-22|push replenishment|002003_transit_20251222-0386-A716-Train-#1,2025-12-25,21165946,0386,A716,2025-12-22,2026-01-05,23,21165946|0386|A716|2025-12-22|push replenishment|002003,20251222-0386-A716-Train-#1
21307836|0386|A716|2025-12-22|push replenishment|002084_transit_20251222-0386-A716-Train-#1,2025-12-25,21307836,0386,A716,2025-12-22,2026-01-05,32,21307836|0386|A716|2025-12-22|push replenishment|002084,20251222-0386-A716-Train-#1
21428668|C816|A673|2025-12-22|net demand for normal|002321_transit_20251222-C816-A673-LARGE-#1,2025-12-25,21428668,C816,A673,2025-12-22,2025-12-26,91,21428668|C816|A673|2025-12-22|net demand for normal|002321,20251222-C816-A673-LARGE-#1
21442422|C816|A673|2025-12-22|net demand for normal|002332_transit_20251222-C816-A673-LARGE-#1,2025-12-25,21442422,C816,A673,2025-12-22,2025-12-26,72,21442422|C816|A673|2025-12-22|net demand for normal|002332,20251222-C816-A673-LARGE-#1
21428668|C816|A673|2025-12-22|net demand for forecast|002315_transit_20251222-C816-A673-LARGE-#1,2025-12-25,21428668,C816,A673,2025-12-22,2025-12-26,205,21428668|C816|A673|2025-12-22|net demand for forecast|002315,20251222-C816-A673-LARGE-#1
21428668|C816|A673|2025-12-22|net demand for forecast|002316_transit_20251222-C816-A673-LARGE-#1,2025-12-25,21428668,C816,A673,2025-12-22,2025-12-26,205,21428668|C816|A673|2025-12-22|net demand for forecast|002316,20251222-C816-A673-LARGE-#1
21428668|C816|A673|2025-12-22|net demand for forecast|002317_transit_20251222-C816-A673-LARGE-#1,2025-12-25,21428668,C816,A673,2025-12-22,2025-12-26,205,21428668|C816|A673|2025-12-22|net demand for forecast|002317,20251222-C816-A673-LARGE-#1
21428668|C816|A673|2025-12-22|net demand for forecast|002318_transit_20251222-C816-A673-LARGE-#1,2025-12-25,21428668,C816,A673,2025-12-22,2025-12-26,205,21428668|C816|A673|2025-12-22|net demand for forecast|002318,20251222-C816-A673-LARGE-#1
21428668|C816|A673|2025-12-22|net demand for forecast|002319_transit_20251222-C816-A673-LARGE-#1,2025-12-25,21428668,C816,A673,2025-12-22,2025-12-26,205,21428668|C816|A673|2025-12-22|net demand for forecast|002319,20251222-C816-A673-LARGE-#1
21428668|C816|A673|2025-12-22|net demand for forecast|002320_transit_20251222-C816-A673-LARGE-#1,2025-12-25,21428668,C816,A673,2025-12-22,2025-12-26,205,21428668|C816|A673|2025-12-22|net demand for forecast|002320,20251222-C816-A673-LARGE-#1
80848021|C816|A673|2025-12-22|net demand for safety|002348_transit_20251222-C816-A673-LARGE-#1,2025-12-25,80848021,C816,A673,2025-12-22,2025-12-26,10,80848021|C816|A673|2025-12-22|net demand for safety|002348,20251222-C816-A673-LARGE-#1
21442422|C816|A668|2025-12-21|net demand for forecast|001549_transit_20251222-C816-A668-LARGE-#1,2025-12-25,21442422,C816,A668,2025-12-22,2025-12-26,57,21442422|C816|A668|2025-12-21|net demand for forecast|001549,20251222-C816-A668-LARGE-#1
21442422|C816|A668|2025-12-21|net demand for forecast|001550_transit_20251222-C816-A668-LARGE-#1,2025-12-25,21442422,C816,A668,2025-12-22,2025-12-26,57,21442422|C816|A668|2025-12-21|net demand for forecast|001550,20251222-C816-A668-LARGE-#1
21442422|C816|A668|2025-12-21|net demand for forecast|001551_transit_20251222-C816-A668-LARGE-#1,2025-12-25,21442422,C816,A668,2025-12-22,2025-12-26,58,21442422|C816|A668|2025-12-21|net demand for forecast|001551,20251222-C816-A668-LARGE-#1
21442422|C816|A668|2025-12-21|net demand for forecast|001552_transit_20251222-C816-A668-LARGE-#1,2025-12-25,21442422,C816,A668,2025-12-22,2025-12-26,58,21442422|C816|A668|2025-12-21|net demand for forecast|001552,20251222-C816-A668-LARGE-#1
21442422|C816|A668|2025-12-21|net demand for forecast|001553_transit_20251222-C816-A668-LARGE-#1,2025-12-25,21442422,C816,A668,2025-12-22,2025-12-26,58,21442422|C816|A668|2025-12-21|net demand for forecast|001553,20251222-C816-A668-LARGE-#1
21442422|C816|A668|2025-12-21|net demand for forecast|001554_transit_20251222-C816-A668-LARGE-#1,2025-12-25,21442422,C816,A668,2025-12-22,2025-12-26,58,21442422|C816|A668|2025-12-21|net demand for forecast|001554,20251222-C816-A668-LARGE-#1
80848031|C816|A668|2025-12-21|net demand for forecast|001617_transit_20251222-C816-A668-LARGE-#1,2025-12-25,80848031,C816,A668,2025-12-22,2025-12-26,1,80848031|C816|A668|2025-12-21|net demand for forecast|001617,20251222-C816-A668-LARGE-#1
80848031|C816|A668|2025-12-21|net demand for forecast|001618_transit_20251222-C816-A668-LARGE-#1,2025-12-25,80848031,C816,A668,2025-12-22,2025-12-26,1,80848031|C816|A668|2025-12-21|net demand for forecast|001618,20251222-C816-A668-LARGE-#1
80848031|C816|A668|2025-12-21|net demand for forecast|001619_transit_20251222-C816-A668-LARGE-#1,2025-12-25,80848031,C816,A668,2025-12-22,2025-12-26,1,80848031|C816|A668|2025-12-21|net demand for forecast|001619,20251222-C816-A668-LARGE-#1
80848031|C816|A668|2025-12-21|net demand for forecast|001620_transit_20251222-C816-A668-LARGE-#1,2025-12-25,80848031,C816,A668,2025-12-22,2025-12-26,1,80848031|C816|A668|2025-12-21|net demand for forecast|001620,20251222-C816-A668-LARGE-#1
80848031|C816|A668|2025-12-21|net demand for forecast|001621_transit_20251222-C816-A668-LARGE-#1,2025-12-25,80848031,C816,A668,2025-12-22,2025-12-26,1,80848031|C816|A668|2025-12-21|net demand for forecast|001621,20251222-C816-A668-LARGE-#1
21428668|C816|A668|2025-12-22|net demand for forecast|002302_transit_20251222-C816-A668-LARGE-#1,2025-12-25,21428668,C816,A668,2025-12-22,2025-12-26,60,21428668|C816|A668|2025-12-22|net demand for forecast|002302,20251222-C816-A668-LARGE-#1
21428668|C816|A668|2025-12-22|net demand for forecast|002303_transit_20251222-C816-A668-LARGE-#1,2025-12-25,21428668,C816,A668,2025-12-22,2025-12-26,61,21428668|C816|A668|2025-12-22|net demand for forecast|002303,20251222-C816-A668-LARGE-#1
21428668|C816|A668|2025-12-22|net demand for forecast|002304_transit_20251222-C816-A668-LARGE-#1,2025-12-25,21428668,C816,A668,2025-12-22,2025-12-26,61,21428668|C816|A668|2025-12-22|net demand for forecast|002304,20251222-C816-A668-LARGE-#1
21428668|C816|A668|2025-12-22|net demand for forecast|002305_transit_20251222-C816-A668-LARGE-#1,2025-12-25,21428668,C816,A668,2025-12-22,2025-12-27,61,21428668|C816|A668|2025-12-22|net demand for forecast|002305,20251222-C816-A668-LARGE-#1
21428668|C816|A668|2025-12-22|net demand for forecast|002306_transit_20251222-C816-A668-LARGE-#1,2025-12-25,21428668,C816,A668,2025-12-22,2025-12-26,61,21428668|C816|A668|2025-12-22|net demand for forecast|002306,20251222-C816-A668-LARGE-#1
21428668|C816|A668|2025-12-22|net demand for forecast|002307_transit_20251222-C816-A668-LARGE-#1,2025-12-25,21428668,C816,A668,2025-12-22,2025-12-26,61,21428668|C816|A668|2025-12-22|net demand for forecast|002307,20251222-C816-A668-LARGE-#1
80848031|C816|A668|2025-12-22|net demand for forecast|002358_transit_20251222-C816-A668-LARGE-#1,2025-12-25,80848031,C816,A668,2025-12-22,2025-12-26,1,80848031|C816|A668|2025-12-22|net demand for forecast|002358,20251222-C816-A668-LARGE-#1
80848031|C816|A668|2025-12-22|net demand for forecast|002359_transit_20251222-C816-A668-LARGE-#1,2025-12-25,80848031,C816,A668,2025-12-22,2025-12-26,2,80848031|C816|A668|2025-12-22|net demand for forecast|002359,20251222-C816-A668-LARGE-#1
80848031|C816|A668|2025-12-22|net demand for forecast|002360_transit_20251222-C816-A668-LARGE-#1,2025-12-25,80848031,C816,A668,2025-12-22,2025-12-26,2,80848031|C816|A668|2025-12-22|net demand for forecast|002360,20251222-C816-A668-LARGE-#1
80848031|C816|A668|2025-12-22|net demand for forecast|002361_transit_20251222-C816-A668-LARGE-#1,2025-12-25,80848031,C816,A668,2025-12-22,2025-12-26,2,80848031|C816|A668|2025-12-22|net demand for forecast|002361,20251222-C816-A668-LARGE-#1
80848031|C816|A668|2025-12-22|net demand for forecast|002362_transit_20251222-C816-A668-LARGE-#1,2025-12-25,80848031,C816,A668,2025-12-22,2025-12-26,2,80848031|C816|A668|2025-12-22|net demand for forecast|002362,20251222-C816-A668-LARGE-#1
80848031|C816|A668|2025-12-22|net demand for forecast|002363_transit_20251222-C816-A668-LARGE-#1,2025-12-25,80848031,C816,A668,2025-12-22,2025-12-26,2,80848031|C816|A668|2025-12-22|net demand for forecast|002363,20251222-C816-A668-LARGE-#1
80848031|C816|A668|2025-12-15|net demand for safety|000069_transit_20251222-C816-A668-LARGE-#1,2025-12-25,80848031,C816,A668,2025-12-22,2025-12-26,4,80848031|C816|A668|2025-12-15|net demand for safety|000069,20251222-C816-A668-LARGE-#1
80848031|C816|A668|2025-12-17|net demand for safety|000143_transit_20251222-C816-A668-LARGE-#1,2025-12-25,80848031,C816,A668,2025-12-22,2025-12-26,1,80848031|C816|A668|2025-12-17|net demand for safety|000143,20251222-C816-A668-LARGE-#1
80848031|C816|A668|2025-12-18|net demand for safety|000165_transit_20251222-C816-A668-LARGE-#1,2025-12-25,80848031,C816,A668,2025-12-22,2025-12-26,5,80848031|C816|A668|2025-12-18|net demand for safety|000165,20251222-C816-A668-LARGE-#1
80884846|C816|A668|2025-12-19|net demand for safety|000737_transit_20251222-C816-A668-LARGE-#1,2025-12-25,80884846,C816,A668,2025-12-22,2025-12-26,1,80884846|C816|A668|2025-12-19|net demand for safety|000737,20251222-C816-A668-LARGE-#1
80807089|C816|A668|2025-12-22|net demand for safety|002344_transit_20251222-C816-A668-LARGE-#1,2025-12-25,80807089,C816,A668,2025-12-22,2025-12-26,5,80807089|C816|A668|2025-12-22|net demand for safety|002344,20251222-C816-A668-LARGE-#1
21428668|C816|A672|2025-12-22|net demand for forecast|002308_transit_20251222-C816-A672-Train-#1,2025-12-25,21428668,C816,A672,2025-12-22,2025-12-31,19,21428668|C816|A672|2025-12-22|net demand for forecast|002308,20251222-C816-A672-Train-#1
21428668|C816|A672|2025-12-22|net demand for forecast|002309_transit_20251222-C816-A672-Train-#1,2025-12-25,21428668,C816,A672,2025-12-22,2025-12-30,126,21428668|C816|A672|2025-12-22|net demand for forecast|002309,20251222-C816-A672-Train-#1
21428668|C816|A672|2025-12-22|net demand for forecast|002310_transit_20251222-C816-A672-Train-#1,2025-12-25,21428668,C816,A672,2025-12-22,2025-12-30,126,21428668|C816|A672|2025-12-22|net demand for forecast|002310,20251222-C816-A672-Train-#1
21428668|C816|A672|2025-12-22|net demand for forecast|002311_transit_20251222-C816-A672-Train-#1,2025-12-25,21428668,C816,A672,2025-12-22,2025-12-31,126,21428668|C816|A672|2025-12-22|net demand for forecast|002311,20251222-C816-A672-Train-#1
21428668|C816|A672|2025-12-22|net demand for forecast|002312_transit_20251222-C816-A672-Train-#1,2025-12-25,21428668,C816,A672,2025-12-22,2025-12-30,126,21428668|C816|A672|2025-12-22|net demand for forecast|002312,20251222-C816-A672-Train-#1
21428668|C816|A672|2025-12-22|net demand for forecast|002313_transit_20251222-C816-A672-Train-#1,2025-12-25,21428668,C816,A672,2025-12-22,2025-12-30,126,21428668|C816|A672|2025-12-22|net demand for forecast|002313,20251222-C816-A672-Train-#1
21428668|C816|A672|2025-12-22|net demand for forecast|002314_transit_20251222-C816-A672-Train-#1,2025-12-25,21428668,C816,A672,2025-12-22,2025-12-30,126,21428668|C816|A672|2025-12-22|net demand for forecast|002314,20251222-C816-A672-Train-#1
80848025|A673|D901|2025-12-20|net demand for normal|001134_transit_20251223-A673-D901-SMALL-#1,2025-12-25,80848025,A673,D901,2025-12-23,2025-12-26,1,80848025|A673|D901|2025-12-20|net demand for normal|001134,20251223-A673-D901-SMALL-#1
80848025|A673|D901|2025-12-15|net demand for forecast|000065_transit_20251223-A673-D901-SMALL-#1,2025-12-25,80848025,A673,D901,2025-12-23,2025-12-26,1,80848025|A673|D901|2025-12-15|net demand for forecast|000065,20251223-A673-D901-SMALL-#1
80848025|A673|D901|2025-12-20|net demand for forecast|001130_transit_20251223-A673-D901-SMALL-#1,2025-12-25,80848025,A673,D901,2025-12-23,2025-12-26,1,80848025|A673|D901|2025-12-20|net demand for forecast|001130,20251223-A673-D901-SMALL-#1
80848025|A673|D901|2025-12-20|net demand for forecast|001131_transit_20251223-A673-D901-SMALL-#1,2025-12-25,80848025,A673,D901,2025-12-23,2025-12-26,1,80848025|A673|D901|2025-12-20|net demand for forecast|001131,20251223-A673-D901-SMALL-#1
21315350|A673|D901|2025-12-21|net demand for forecast|001458_transit_20251223-A673-D901-SMALL-#1,2025-12-25,21315350,A673,D901,2025-12-23,2025-12-26,10,21315350|A673|D901|2025-12-21|net demand for forecast|001458,20251223-A673-D901-SMALL-#1
80848031|A673|D901|2025-12-21|net demand for forecast|001614_transit_20251223-A673-D901-SMALL-#1,2025-12-25,80848031,A673,D901,2025-12-23,2025-12-26,1,80848031|A673|D901|2025-12-21|net demand for forecast|001614,20251223-A673-D901-SMALL-#1
80848031|A673|D901|2025-12-21|net demand for forecast|001616_transit_20251223-A673-D901-SMALL-#1,2025-12-25,80848031,A673,D901,2025-12-23,2025-12-26,1,80848031|A673|D901|2025-12-21|net demand for forecast|001616,20251223-A673-D901-SMALL-#1
21128067|A673|D901|2025-12-22|net demand for forecast|001637_transit_20251223-A673-D901-SMALL-#1,2025-12-25,21128067,A673,D901,2025-12-23,2025-12-26,2,21128067|A673|D901|2025-12-22|net demand for forecast|001637,20251223-A673-D901-SMALL-#1
80804135|A673|D901|2025-12-22|net demand for forecast|002336_transit_20251223-A673-D901-SMALL-#1,2025-12-25,80804135,A673,D901,2025-12-23,2025-12-26,1,80804135|A673|D901|2025-12-22|net demand for forecast|002336,20251223-A673-D901-SMALL-#1
80848031|A673|D901|2025-12-16|net demand for safety|000114_transit_20251223-A673-D901-SMALL-#1,2025-12-25,80848031,A673,D901,2025-12-23,2025-12-26,1,80848031|A673|D901|2025-12-16|net demand for safety|000114,20251223-A673-D901-SMALL-#1
80848031|A673|D901|2025-12-19|net demand for safety|000736_transit_20251223-A673-D901-SMALL-#1,2025-12-25,80848031,A673,D901,2025-12-23,2025-12-26,1,80848031|A673|D901|2025-12-19|net demand for safety|000736,20251223-A673-D901-SMALL-#1
21419490|C816|A680|2025-12-19|net demand for normal|000715_transit_20251223-C816-A680-Train-#1,2025-12-25,21419490,C816,A680,2025-12-23,2025-12-29,21,21419490|C816|A680|2025-12-19|net demand for normal|000715,20251223-C816-A680-Train-#1
21419490|C816|A680|2025-12-23|net demand for normal|002808_transit_20251223-C816-A680-Train-#1,2025-12-25,21419490,C816,A680,2025-12-23,2025-12-29,12,21419490|C816|A680|2025-12-23|net demand for normal|002808,20251223-C816-A680-Train-#1
21428668|C816|A680|2025-12-23|net demand for normal|002821_transit_20251223-C816-A680-Train-#1,2025-12-25,21428668,C816,A680,2025-12-23,2025-12-29,106,21428668|C816|A680|2025-12-23|net demand for normal|002821,20251223-C816-A680-Train-#1
21442422|C816|A680|2025-12-23|net demand for normal|002825_transit_20251223-C816-A680-Train-#1,2025-12-25,21442422,C816,A680,2025-12-23,2025-12-29,20,21442422|C816|A680|2025-12-23|net demand for normal|002825,20251223-C816-A680-Train-#1
80804703|C816|A680|2025-12-23|net demand for normal|002887_transit_20251223-C816-A680-Train-#1,2025-12-25,80804703,C816,A680,2025-12-23,2025-12-29,2,80804703|C816|A680|2025-12-23|net demand for normal|002887,20251223-C816-A680-Train-#1
21419490|C816|A680|2025-12-16|net demand for forecast|000088_transit_20251223-C816-A680-Train-#1,2025-12-25,21419490,C816,A680,2025-12-23,2025-12-29,2,21419490|C816|A680|2025-12-16|net demand for forecast|000088,20251223-C816-A680-Train-#1
21419490|C816|A680|2025-12-16|net demand for forecast|000089_transit_20251223-C816-A680-Train-#1,2025-12-25,21419490,C816,A680,2025-12-23,2025-12-29,2,21419490|C816|A680|2025-12-16|net demand for forecast|000089,20251223-C816-A680-Train-#1
21139445|C816|A680|2025-12-23|net demand for forecast|002518_transit_20251223-C816-A680-Train-#1,2025-12-25,21139445,C816,A680,2025-12-23,2025-12-29,5,21139445|C816|A680|2025-12-23|net demand for forecast|002518,20251223-C816-A680-Train-#1
21139445|C816|A680|2025-12-23|net demand for forecast|002519_transit_20251223-C816-A680-Train-#1,2025-12-25,21139445,C816,A680,2025-12-23,2025-12-30,5,21139445|C816|A680|2025-12-23|net demand for forecast|002519,20251223-C816-A680-Train-#1
21139445|C816|A680|2025-12-23|net demand for forecast|002520_transit_20251223-C816-A680-Train-#1,2025-12-25,21139445,C816,A680,2025-12-23,2025-12-29,10,21139445|C816|A680|2025-12-23|net demand for forecast|002520,20251223-C816-A680-Train-#1
21139445|C816|A680|2025-12-23|net demand for forecast|002521_transit_20251223-C816-A680-Train-#1,2025-12-25,21139445,C816,A680,2025-12-23,2025-12-29,10,21139445|C816|A680|2025-12-23|net demand for forecast|002521,20251223-C816-A680-Train-#1
21139445|C816|A680|2025-12-23|net demand for forecast|002522_transit_20251223-C816-A680-Train-#1,2025-12-25,21139445,C816,A680,2025-12-23,2025-12-29,10,21139445|C816|A680|2025-12-23|net demand for forecast|002522,20251223-C816-A680-Train-#1
21139445|C816|A680|2025-12-23|net demand for forecast|002523_transit_20251223-C816-A680-Train-#1,2025-12-25,21139445,C816,A680,2025-12-23,2025-12-29,11,21139445|C816|A680|2025-12-23|net demand for forecast|002523,20251223-C816-A680-Train-#1
21139445|C816|A680|2025-12-23|net demand for forecast|002524_transit_20251223-C816-A680-Train-#1,2025-12-25,21139445,C816,A680,2025-12-23,2025-12-30,11,21139445|C816|A680|2025-12-23|net demand for forecast|002524,20251223-C816-A680-Train-#1
21307836|C816|A680|2025-12-23|net demand for forecast|002583_transit_20251223-C816-A680-Train-#1,2025-12-25,21307836,C816,A680,2025-12-23,2025-12-30,2,21307836|C816|A680|2025-12-23|net demand for forecast|002583,20251223-C816-A680-Train-#1
21307836|C816|A680|2025-12-23|net demand for forecast|002584_transit_20251223-C816-A680-Train-#1,2025-12-25,21307836,C816,A680,2025-12-23,2025-12-29,3,21307836|C816|A680|2025-12-23|net demand for forecast|002584,20251223-C816-A680-Train-#1
21307836|C816|A680|2025-12-23|net demand for forecast|002585_transit_20251223-C816-A680-Train-#1,2025-12-25,21307836,C816,A680,2025-12-23,2025-12-29,4,21307836|C816|A680|2025-12-23|net demand for forecast|002585,20251223-C816-A680-Train-#1
21307836|C816|A680|2025-12-23|net demand for forecast|002586_transit_20251223-C816-A680-Train-#1,2025-12-25,21307836,C816,A680,2025-12-23,2025-12-29,4,21307836|C816|A680|2025-12-23|net demand for forecast|002586,20251223-C816-A680-Train-#1
21307836|C816|A680|2025-12-23|net demand for forecast|002587_transit_20251223-C816-A680-Train-#1,2025-12-25,21307836,C816,A680,2025-12-23,2025-12-29,4,21307836|C816|A680|2025-12-23|net demand for forecast|002587,20251223-C816-A680-Train-#1
21307836|C816|A680|2025-12-23|net demand for forecast|002588_transit_20251223-C816-A680-Train-#1,2025-12-25,21307836,C816,A680,2025-12-23,2025-12-29,4,21307836|C816|A680|2025-12-23|net demand for forecast|002588,20251223-C816-A680-Train-#1
21307836|C816|A680|2025-12-23|net demand for forecast|002589_transit_20251223-C816-A680-Train-#1,2025-12-25,21307836,C816,A680,2025-12-23,2025-12-29,5,21307836|C816|A680|2025-12-23|net demand for forecast|002589,20251223-C816-A680-Train-#1
21419490|C816|A680|2025-12-23|net demand for forecast|002801_transit_20251223-C816-A680-Train-#1,2025-12-25,21419490,C816,A680,2025-12-23,2025-12-29,17,21419490|C816|A680|2025-12-23|net demand for forecast|002801,20251223-C816-A680-Train-#1
21419490|C816|A680|2025-12-23|net demand for forecast|002802_transit_20251223-C816-A680-Train-#1,2025-12-25,21419490,C816,A680,2025-12-23,2025-12-29,17,21419490|C816|A680|2025-12-23|net demand for forecast|002802,20251223-C816-A680-Train-#1
21419490|C816|A680|2025-12-23|net demand for forecast|002803_transit_20251223-C816-A680-Train-#1,2025-12-25,21419490,C816,A680,2025-12-23,2025-12-29,115,21419490|C816|A680|2025-12-23|net demand for forecast|002803,20251223-C816-A680-Train-#1
21419490|C816|A680|2025-12-23|net demand for forecast|002804_transit_20251223-C816-A680-Train-#1,2025-12-25,21419490,C816,A680,2025-12-23,2025-12-30,115,21419490|C816|A680|2025-12-23|net demand for forecast|002804,20251223-C816-A680-Train-#1
21419490|C816|A680|2025-12-23|net demand for forecast|002805_transit_20251223-C816-A680-Train-#1,2025-12-25,21419490,C816,A680,2025-12-23,2025-12-29,115,21419490|C816|A680|2025-12-23|net demand for forecast|002805,20251223-C816-A680-Train-#1
21419490|C816|A680|2025-12-23|net demand for forecast|002806_transit_20251223-C816-A680-Train-#1,2025-12-25,21419490,C816,A680,2025-12-23,2025-12-29,115,21419490|C816|A680|2025-12-23|net demand for forecast|002806,20251223-C816-A680-Train-#1
21419490|C816|A680|2025-12-23|net demand for forecast|002807_transit_20251223-C816-A680-Train-#1,2025-12-25,21419490,C816,A680,2025-12-23,2025-12-29,115,21419490|C816|A680|2025-12-23|net demand for forecast|002807,20251223-C816-A680-Train-#1
80868100|C816|A680|2025-12-23|net demand for forecast|002918_transit_20251223-C816-A680-Train-#1,2025-12-25,80868100,C816,A680,2025-12-23,2025-12-30,1,80868100|C816|A680|2025-12-23|net demand for forecast|002918,20251223-C816-A680-Train-#1
80868100|C816|A680|2025-12-23|net demand for forecast|002919_transit_20251223-C816-A680-Train-#1,2025-12-25,80868100,C816,A680,2025-12-23,2025-12-29,1,80868100|C816|A680|2025-12-23|net demand for forecast|002919,20251223-C816-A680-Train-#1
80868100|C816|A680|2025-12-23|net demand for forecast|002920_transit_20251223-C816-A680-Train-#1,2025-12-25,80868100,C816,A680,2025-12-23,2025-12-29,1,80868100|C816|A680|2025-12-23|net demand for forecast|002920,20251223-C816-A680-Train-#1
80868100|C816|A680|2025-12-23|net demand for forecast|002921_transit_20251223-C816-A680-Train-#1,2025-12-25,80868100,C816,A680,2025-12-23,2025-12-29,1,80868100|C816|A680|2025-12-23|net demand for forecast|002921,20251223-C816-A680-Train-#1
80868100|C816|A680|2025-12-23|net demand for forecast|002922_transit_20251223-C816-A680-Train-#1,2025-12-25,80868100,C816,A680,2025-12-23,2025-12-29,1,80868100|C816|A680|2025-12-23|net demand for forecast|002922,20251223-C816-A680-Train-#1
80868100|C816|A680|2025-12-23|net demand for forecast|002923_transit_20251223-C816-A680-Train-#1,2025-12-25,80868100,C816,A680,2025-12-23,2025-12-29,1,80868100|C816|A680|2025-12-23|net demand for forecast|002923,20251223-C816-A680-Train-#1
80885920|C816|A680|2025-12-23|net demand for forecast|002929_transit_20251223-C816-A680-Train-#1,2025-12-25,80885920,C816,A680,2025-12-23,2025-12-29,2,80885920|C816|A680|2025-12-23|net demand for forecast|002929,20251223-C816-A680-Train-#1
80885920|C816|A680|2025-12-23|net demand for forecast|002930_transit_20251223-C816-A680-Train-#1,2025-12-25,80885920,C816,A680,2025-12-23,2025-12-29,2,80885920|C816|A680|2025-12-23|net demand for forecast|002930,20251223-C816-A680-Train-#1
80885920|C816|A680|2025-12-23|net demand for forecast|002931_transit_20251223-C816-A680-Train-#1,2025-12-25,80885920,C816,A680,2025-12-23,2025-12-29,2,80885920|C816|A680|2025-12-23|net demand for forecast|002931,20251223-C816-A680-Train-#1
80885920|C816|A680|2025-12-23|net demand for forecast|002932_transit_20251223-C816-A680-Train-#1,2025-12-25,80885920,C816,A680,2025-12-23,2025-12-29,2,80885920|C816|A680|2025-12-23|net demand for forecast|002932,20251223-C816-A680-Train-#1
80885920|C816|A680|2025-12-23|net demand for forecast|002933_transit_20251223-C816-A680-Train-#1,2025-12-25,80885920,C816,A680,2025-12-23,2025-12-29,2,80885920|C816|A680|2025-12-23|net demand for forecast|002933,20251223-C816-A680-Train-#1
21377091|0386|A672|2025-12-23|net demand for normal|002636_transit_20251223-0386-A672-Train-#1,2025-12-25,21377091,0386,A672,2025-12-23,2025-12-30,179,21377091|0386|A672|2025-12-23|net demand for normal|002636,20251223-0386-A672-Train-#1
21463645|0386|A672|2025-12-23|net demand for normal|002838_transit_20251223-0386-A672-Train-#1,2025-12-25,21463645,0386,A672,2025-12-23,2025-12-30,10,21463645|0386|A672|2025-12-23|net demand for normal|002838,20251223-0386-A672-Train-#1
21121751|0386|A672|2025-12-23|net demand for forecast|002385_transit_20251223-0386-A672-Train-#1,2025-12-25,21121751,0386,A672,2025-12-23,2025-12-30,3,21121751|0386|A672|2025-12-23|net demand for forecast|002385,20251223-0386-A672-Train-#1
21121751|0386|A672|2025-12-23|net demand for forecast|002386_transit_20251223-0386-A672-Train-#1,2025-12-25,21121751,0386,A672,2025-12-23,2025-12-30,3,21121751|0386|A672|2025-12-23|net demand for forecast|002386,20251223-0386-A672-Train-#1
21121751|0386|A672|2025-12-23|net demand for forecast|002387_transit_20251223-0386-A672-Train-#1,2025-12-25,21121751,0386,A672,2025-12-23,2025-12-30,3,21121751|0386|A672|2025-12-23|net demand for forecast|002387,20251223-0386-A672-Train-#1
21121751|0386|A672|2025-12-23|net demand for forecast|002388_transit_20251223-0386-A672-Train-#1,2025-12-25,21121751,0386,A672,2025-12-23,2025-12-30,3,21121751|0386|A672|2025-12-23|net demand for forecast|002388,20251223-0386-A672-Train-#1
21121751|0386|A672|2025-12-23|net demand for forecast|002389_transit_20251223-0386-A672-Train-#1,2025-12-25,21121751,0386,A672,2025-12-23,2025-12-30,3,21121751|0386|A672|2025-12-23|net demand for forecast|002389,20251223-0386-A672-Train-#1
21121751|0386|A672|2025-12-23|net demand for forecast|002390_transit_20251223-0386-A672-Train-#1,2025-12-25,21121751,0386,A672,2025-12-23,2025-12-30,3,21121751|0386|A672|2025-12-23|net demand for forecast|002390,20251223-0386-A672-Train-#1
21121751|0386|A672|2025-12-23|net demand for forecast|002391_transit_20251223-0386-A672-Train-#1,2025-12-25,21121751,0386,A672,2025-12-23,2025-12-30,3,21121751|0386|A672|2025-12-23|net demand for forecast|002391,20251223-0386-A672-Train-#1
21121751|0386|A672|2025-12-23|net demand for forecast|002392_transit_20251223-0386-A672-Train-#1,2025-12-25,21121751,0386,A672,2025-12-23,2025-12-30,3,21121751|0386|A672|2025-12-23|net demand for forecast|002392,20251223-0386-A672-Train-#1
21121751|0386|A672|2025-12-23|net demand for forecast|002393_transit_20251223-0386-A672-Train-#1,2025-12-25,21121751,0386,A672,2025-12-23,2025-12-30,3,21121751|0386|A672|2025-12-23|net demand for forecast|002393,20251223-0386-A672-Train-#1
21121751|0386|A672|2025-12-23|net demand for forecast|002394_transit_20251223-0386-A672-Train-#1,2025-12-25,21121751,0386,A672,2025-12-23,2025-12-30,3,21121751|0386|A672|2025-12-23|net demand for forecast|002394,20251223-0386-A672-Train-#1
21121751|0386|A672|2025-12-23|net demand for forecast|002395_transit_20251223-0386-A672-Train-#1,2025-12-25,21121751,0386,A672,2025-12-23,2025-12-30,3,21121751|0386|A672|2025-12-23|net demand for forecast|002395,20251223-0386-A672-Train-#1
21121751|0386|A672|2025-12-23|net demand for forecast|002396_transit_20251223-0386-A672-Train-#1,2025-12-25,21121751,0386,A672,2025-12-23,2025-12-31,3,21121751|0386|A672|2025-12-23|net demand for forecast|002396,20251223-0386-A672-Train-#1
21377091|0386|A672|2025-12-23|net demand for forecast|002624_transit_20251223-0386-A672-Train-#1,2025-12-25,21377091,0386,A672,2025-12-23,2025-12-30,59,21377091|0386|A672|2025-12-23|net demand for forecast|002624,20251223-0386-A672-Train-#1
21377091|0386|A672|2025-12-23|net demand for forecast|002625_transit_20251223-0386-A672-Train-#1,2025-12-25,21377091,0386,A672,2025-12-23,2025-12-30,59,21377091|0386|A672|2025-12-23|net demand for forecast|002625,20251223-0386-A672-Train-#1
21377091|0386|A672|2025-12-23|net demand for forecast|002626_transit_20251223-0386-A672-Train-#1,2025-12-25,21377091,0386,A672,2025-12-23,2025-12-30,59,21377091|0386|A672|2025-12-23|net demand for forecast|002626,20251223-0386-A672-Train-#1
21377091|0386|A672|2025-12-23|net demand for forecast|002627_transit_20251223-0386-A672-Train-#1,2025-12-25,21377091,0386,A672,2025-12-23,2025-12-31,59,21377091|0386|A672|2025-12-23|net demand for forecast|002627,20251223-0386-A672-Train-#1
21377091|0386|A672|2025-12-23|net demand for forecast|002628_transit_20251223-0386-A672-Train-#1,2025-12-25,21377091,0386,A672,2025-12-23,2025-12-30,59,21377091|0386|A672|2025-12-23|net demand for forecast|002628,20251223-0386-A672-Train-#1
21377091|0386|A672|2025-12-23|net demand for forecast|002629_transit_20251223-0386-A672-Train-#1,2025-12-25,21377091,0386,A672,2025-12-23,2025-12-30,59,21377091|0386|A672|2025-12-23|net demand for forecast|002629,20251223-0386-A672-Train-#1
21377091|0386|A672|2025-12-23|net demand for forecast|002630_transit_20251223-0386-A672-Train-#1,2025-12-25,21377091,0386,A672,2025-12-23,2025-12-30,60,21377091|0386|A672|2025-12-23|net demand for forecast|002630,20251223-0386-A672-Train-#1
21377091|0386|A672|2025-12-23|net demand for forecast|002631_transit_20251223-0386-A672-Train-#1,2025-12-25,21377091,0386,A672,2025-12-23,2025-12-30,137,21377091|0386|A672|2025-12-23|net demand for forecast|002631,20251223-0386-A672-Train-#1
21377091|0386|A672|2025-12-23|net demand for forecast|002632_transit_20251223-0386-A672-Train-#1,2025-12-25,21377091,0386,A672,2025-12-23,2025-12-30,137,21377091|0386|A672|2025-12-23|net demand for forecast|002632,20251223-0386-A672-Train-#1
21377091|0386|A672|2025-12-23|net demand for forecast|002633_transit_20251223-0386-A672-Train-#1,2025-12-25,21377091,0386,A672,2025-12-23,2025-12-30,137,21377091|0386|A672|2025-12-23|net demand for forecast|002633,20251223-0386-A672-Train-#1
21377091|0386|A672|2025-12-23|net demand for forecast|002634_transit_20251223-0386-A672-Train-#1,2025-12-25,21377091,0386,A672,2025-12-23,2025-12-30,137,21377091|0386|A672|2025-12-23|net demand for forecast|002634,20251223-0386-A672-Train-#1
21377091|0386|A672|2025-12-23|net demand for forecast|002635_transit_20251223-0386-A672-Train-#1,2025-12-25,21377091,0386,A672,2025-12-23,2025-12-30,137,21377091|0386|A672|2025-12-23|net demand for forecast|002635,20251223-0386-A672-Train-#1
21463645|0386|A672|2025-12-23|net demand for forecast|002826_transit_20251223-0386-A672-Train-#1,2025-12-25,21463645,0386,A672,2025-12-23,2025-12-30,6,21463645|0386|A672|2025-12-23|net demand for forecast|002826,20251223-0386-A672-Train-#1
21463645|0386|A672|2025-12-23|net demand for forecast|002827_transit_20251223-0386-A672-Train-#1,2025-12-25,21463645,0386,A672,2025-12-23,2025-12-31,6,21463645|0386|A672|2025-12-23|net demand for forecast|002827,20251223-0386-A672-Train-#1
21463645|0386|A672|2025-12-23|net demand for forecast|002828_transit_20251223-0386-A672-Train-#1,2025-12-25,21463645,0386,A672,2025-12-23,2025-12-30,7,21463645|0386|A672|2025-12-23|net demand for forecast|002828,20251223-0386-A672-Train-#1
21463645|0386|A672|2025-12-23|net demand for forecast|002829_transit_20251223-0386-A672-Train-#1,2025-12-25,21463645,0386,A672,2025-12-23,2025-12-30,7,21463645|0386|A672|2025-12-23|net demand for forecast|002829,20251223-0386-A672-Train-#1
21463645|0386|A672|2025-12-23|net demand for forecast|002830_transit_20251223-0386-A672-Train-#1,2025-12-25,21463645,0386,A672,2025-12-23,2025-12-30,7,21463645|0386|A672|2025-12-23|net demand for forecast|002830,20251223-0386-A672-Train-#1
21463645|0386|A672|2025-12-23|net demand for forecast|002831_transit_20251223-0386-A672-Train-#1,2025-12-25,21463645,0386,A672,2025-12-23,2025-12-30,7,21463645|0386|A672|2025-12-23|net demand for forecast|002831,20251223-0386-A672-Train-#1
21463645|0386|A672|2025-12-23|net demand for forecast|002832_transit_20251223-0386-A672-Train-#1,2025-12-25,21463645,0386,A672,2025-12-23,2025-12-30,7,21463645|0386|A672|2025-12-23|net demand for forecast|002832,20251223-0386-A672-Train-#1
21463645|0386|A672|2025-12-23|net demand for forecast|002833_transit_20251223-0386-A672-Train-#1,2025-12-25,21463645,0386,A672,2025-12-23,2025-12-30,14,21463645|0386|A672|2025-12-23|net demand for forecast|002833,20251223-0386-A672-Train-#1
21463645|0386|A672|2025-12-23|net demand for forecast|002834_transit_20251223-0386-A672-Train-#1,2025-12-25,21463645,0386,A672,2025-12-23,2025-12-30,14,21463645|0386|A672|2025-12-23|net demand for forecast|002834,20251223-0386-A672-Train-#1
21463645|0386|A672|2025-12-23|net demand for forecast|002835_transit_20251223-0386-A672-Train-#1,2025-12-25,21463645,0386,A672,2025-12-23,2025-12-30,14,21463645|0386|A672|2025-12-23|net demand for forecast|002835,20251223-0386-A672-Train-#1
21463645|0386|A672|2025-12-23|net demand for forecast|002836_transit_20251223-0386-A672-Train-#1,2025-12-25,21463645,0386,A672,2025-12-23,2025-12-30,14,21463645|0386|A672|2025-12-23|net demand for forecast|002836,20251223-0386-A672-Train-#1
21463645|0386|A672|2025-12-23|net demand for forecast|002837_transit_20251223-0386-A672-Train-#1,2025-12-25,21463645,0386,A672,2025-12-23,2025-12-30,14,21463645|0386|A672|2025-12-23|net demand for forecast|002837,20251223-0386-A672-Train-#1
21121751|0386|A672|2025-12-23|net demand for net demand for forecast|002397_transit_20251223-0386-A672-Train-#1,2025-12-25,21121751,0386,A672,2025-12-23,2025-12-30,1,21121751|0386|A672|2025-12-23|net demand for net demand for forecast|002397,20251223-0386-A672-Train-#1
21121751|0386|A672|2025-12-23|net demand for net demand for forecast|002398_transit_20251223-0386-A672-Train-#1,2025-12-25,21121751,0386,A672,2025-12-23,2025-12-30,1,21121751|0386|A672|2025-12-23|net demand for net demand for forecast|002398,20251223-0386-A672-Train-#1
21121751|0386|A672|2025-12-23|net demand for net demand for forecast|002399_transit_20251223-0386-A672-Train-#1,2025-12-25,21121751,0386,A672,2025-12-23,2025-12-30,1,21121751|0386|A672|2025-12-23|net demand for net demand for forecast|002399,20251223-0386-A672-Train-#1
21121751|0386|A672|2025-12-23|net demand for net demand for forecast|002400_transit_20251223-0386-A672-Train-#1,2025-12-25,21121751,0386,A672,2025-12-23,2025-12-30,1,21121751|0386|A672|2025-12-23|net demand for net demand for forecast|002400,20251223-0386-A672-Train-#1
21121751|0386|A672|2025-12-23|net demand for net demand for forecast|002401_transit_20251223-0386-A672-Train-#1,2025-12-25,21121751,0386,A672,2025-12-23,2025-12-30,1,21121751|0386|A672|2025-12-23|net demand for net demand for forecast|002401,20251223-0386-A672-Train-#1
21121751|0386|A672|2025-12-23|net demand for net demand for forecast|002402_transit_20251223-0386-A672-Train-#1,2025-12-25,21121751,0386,A672,2025-12-23,2025-12-30,1,21121751|0386|A672|2025-12-23|net demand for net demand for forecast|002402,20251223-0386-A672-Train-#1
21121751|0386|A672|2025-12-23|net demand for net demand for forecast|002403_transit_20251223-0386-A672-Train-#1,2025-12-25,21121751,0386,A672,2025-12-23,2025-12-30,1,21121751|0386|A672|2025-12-23|net demand for net demand for forecast|002403,20251223-0386-A672-Train-#1
21121751|0386|A672|2025-12-23|net demand for net demand for forecast|002404_transit_20251223-0386-A672-Train-#1,2025-12-25,21121751,0386,A672,2025-12-23,2025-12-30,1,21121751|0386|A672|2025-12-23|net demand for net demand for forecast|002404,20251223-0386-A672-Train-#1
21121751|0386|A672|2025-12-23|net demand for safety|002407_transit_20251223-0386-A672-Train-#1,2025-12-25,21121751,0386,A672,2025-12-23,2025-12-30,70,21121751|0386|A672|2025-12-23|net demand for safety|002407,20251223-0386-A672-Train-#1
21377091|0386|A672|2025-12-23|net demand for safety|002637_transit_20251223-0386-A672-Train-#1,2025-12-25,21377091,0386,A672,2025-12-23,2025-12-30,147,21377091|0386|A672|2025-12-23|net demand for safety|002637,20251223-0386-A672-Train-#1
21463645|0386|A672|2025-12-23|net demand for safety|002839_transit_20251223-0386-A672-Train-#1,2025-12-25,21463645,0386,A672,2025-12-23,2025-12-30,16,21463645|0386|A672|2025-12-23|net demand for safety|002839,20251223-0386-A672-Train-#1
80807089|0386|A672|2025-12-23|net demand for safety|002892_transit_20251223-0386-A672-Train-#1,2025-12-25,80807089,0386,A672,2025-12-23,2025-12-30,84,80807089|0386|A672|2025-12-23|net demand for safety|002892,20251223-0386-A672-Train-#1
21121751|0386|A672|2025-12-23|net demand for net demand for safety|002405_transit_20251223-0386-A672-Train-#1,2025-12-25,21121751,0386,A672,2025-12-23,2025-12-30,10,21121751|0386|A672|2025-12-23|net demand for net demand for safety|002405,20251223-0386-A672-Train-#1
21121751|0386|A672|2025-12-23|net demand for net demand for safety|002406_transit_20251223-0386-A672-Train-#1,2025-12-25,21121751,0386,A672,2025-12-23,2025-12-30,19,21121751|0386|A672|2025-12-23|net demand for net demand for safety|002406,20251223-0386-A672-Train-#1
21121751|0386|A672|2025-12-23|push replenishment|002408_transit_20251223-0386-A672-Train-#1,2025-12-25,21121751,0386,A672,2025-12-23,2025-12-30,151,21121751|0386|A672|2025-12-23|push replenishment|002408,20251223-0386-A672-Train-#1
21377091|0386|A672|2025-12-23|push replenishment|002638_transit_20251223-0386-A672-Train-#1,2025-12-25,21377091,0386,A672,2025-12-23,2025-12-30,1318,21377091|0386|A672|2025-12-23|push replenishment|002638,20251223-0386-A672-Train-#1
21463645|0386|A672|2025-12-23|push replenishment|002840_transit_20251223-0386-A672-Train-#1,2025-12-25,21463645,0386,A672,2025-12-23,2025-12-30,149,21463645|0386|A672|2025-12-23|push replenishment|002840,20251223-0386-A672-Train-#1
80807089|0386|A672|2025-12-23|push replenishment|002893_transit_20251223-0386-A672-Train-#1,2025-12-25,80807089,0386,A672,2025-12-23,2025-12-30,867,80807089|0386|A672|2025-12-23|push replenishment|002893,20251223-0386-A672-Train-#1
21377091|0386|A673|2025-12-23|net demand for normal|002649_transit_20251223-0386-A673-LARGE-#1,2025-12-25,21377091,0386,A673,2025-12-23,2025-12-28,230,21377091|0386|A673|2025-12-23|net demand for normal|002649,20251223-0386-A673-LARGE-#1
21463645|0386|A673|2025-12-23|net demand for normal|002851_transit_20251223-0386-A673-LARGE-#1,2025-12-25,21463645,0386,A673,2025-12-23,2025-12-28,13,21463645|0386|A673|2025-12-23|net demand for normal|002851,20251223-0386-A673-LARGE-#1
21121751|0386|A673|2025-12-23|net demand for forecast|002409_transit_20251223-0386-A673-LARGE-#1,2025-12-25,21121751,0386,A673,2025-12-23,2025-12-28,4,21121751|0386|A673|2025-12-23|net demand for forecast|002409,20251223-0386-A673-LARGE-#1
21121751|0386|A673|2025-12-23|net demand for forecast|002410_transit_20251223-0386-A673-LARGE-#1,2025-12-25,21121751,0386,A673,2025-12-23,2025-12-28,4,21121751|0386|A673|2025-12-23|net demand for forecast|002410,20251223-0386-A673-LARGE-#1
21121751|0386|A673|2025-12-23|net demand for forecast|002411_transit_20251223-0386-A673-LARGE-#1,2025-12-25,21121751,0386,A673,2025-12-23,2025-12-28,4,21121751|0386|A673|2025-12-23|net demand for forecast|002411,20251223-0386-A673-LARGE-#1
21121751|0386|A673|2025-12-23|net demand for forecast|002412_transit_20251223-0386-A673-LARGE-#1,2025-12-25,21121751,0386,A673,2025-12-23,2025-12-29,4,21121751|0386|A673|2025-12-23|net demand for forecast|002412,20251223-0386-A673-LARGE-#1
21121751|0386|A673|2025-12-23|net demand for forecast|002413_transit_20251223-0386-A673-LARGE-#1,2025-12-25,21121751,0386,A673,2025-12-23,2025-12-28,4,21121751|0386|A673|2025-12-23|net demand for forecast|002413,20251223-0386-A673-LARGE-#1
21121751|0386|A673|2025-12-23|net demand for forecast|002414_transit_20251223-0386-A673-LARGE-#1,2025-12-25,21121751,0386,A673,2025-12-23,2025-12-28,4,21121751|0386|A673|2025-12-23|net demand for forecast|002414,20251223-0386-A673-LARGE-#1
21121751|0386|A673|2025-12-23|net demand for forecast|002415_transit_20251223-0386-A673-LARGE-#1,2025-12-25,21121751,0386,A673,2025-12-23,2025-12-28,4,21121751|0386|A673|2025-12-23|net demand for forecast|002415,20251223-0386-A673-LARGE-#1
21121751|0386|A673|2025-12-23|net demand for forecast|002416_transit_20251223-0386-A673-LARGE-#1,2025-12-25,21121751,0386,A673,2025-12-23,2025-12-28,4,21121751|0386|A673|2025-12-23|net demand for forecast|002416,20251223-0386-A673-LARGE-#1
21121751|0386|A673|2025-12-23|net demand for forecast|002417_transit_20251223-0386-A673-LARGE-#1,2025-12-25,21121751,0386,A673,2025-12-23,2025-12-28,4,21121751|0386|A673|2025-12-23|net demand for forecast|002417,20251223-0386-A673-LARGE-#1
21121751|0386|A673|2025-12-23|net demand for forecast|002418_transit_20251223-0386-A673-LARGE-#1,2025-12-25,21121751,0386,A673,2025-12-23,2025-12-28,4,21121751|0386|A673|2025-12-23|net demand for forecast|002418,20251223-0386-A673-LARGE-#1
21377091|0386|A673|2025-12-23|net demand for forecast|002639_transit_20251223-0386-A673-LARGE-#1,2025-12-25,21377091,0386,A673,2025-12-23,2025-12-28,68,21377091|0386|A673|2025-12-23|net demand for forecast|002639,20251223-0386-A673-LARGE-#1
21377091|0386|A673|2025-12-23|net demand for forecast|002640_transit_20251223-0386-A673-LARGE-#1,2025-12-25,21377091,0386,A673,2025-12-23,2025-12-28,68,21377091|0386|A673|2025-12-23|net demand for forecast|002640,20251223-0386-A673-LARGE-#1
21377091|0386|A673|2025-12-23|net demand for forecast|002641_transit_20251223-0386-A673-LARGE-#1,2025-12-25,21377091,0386,A673,2025-12-23,2025-12-28,68,21377091|0386|A673|2025-12-23|net demand for forecast|002641,20251223-0386-A673-LARGE-#1
21377091|0386|A673|2025-12-23|net demand for forecast|002642_transit_20251223-0386-A673-LARGE-#1,2025-12-25,21377091,0386,A673,2025-12-23,2025-12-28,68,21377091|0386|A673|2025-12-23|net demand for forecast|002642,20251223-0386-A673-LARGE-#1
21377091|0386|A673|2025-12-23|net demand for forecast|002643_transit_20251223-0386-A673-LARGE-#1,2025-12-25,21377091,0386,A673,2025-12-23,2025-12-28,69,21377091|0386|A673|2025-12-23|net demand for forecast|002643,20251223-0386-A673-LARGE-#1
21377091|0386|A673|2025-12-23|net demand for forecast|002644_transit_20251223-0386-A673-LARGE-#1,2025-12-25,21377091,0386,A673,2025-12-23,2025-12-28,159,21377091|0386|A673|2025-12-23|net demand for forecast|002644,20251223-0386-A673-LARGE-#1
21377091|0386|A673|2025-12-23|net demand for forecast|002645_transit_20251223-0386-A673-LARGE-#1,2025-12-25,21377091,0386,A673,2025-12-23,2025-12-28,159,21377091|0386|A673|2025-12-23|net demand for forecast|002645,20251223-0386-A673-LARGE-#1
21377091|0386|A673|2025-12-23|net demand for forecast|002646_transit_20251223-0386-A673-LARGE-#1,2025-12-25,21377091,0386,A673,2025-12-23,2025-12-29,159,21377091|0386|A673|2025-12-23|net demand for forecast|002646,20251223-0386-A673-LARGE-#1
21377091|0386|A673|2025-12-23|net demand for forecast|002647_transit_20251223-0386-A673-LARGE-#1,2025-12-25,21377091,0386,A673,2025-12-23,2025-12-29,159,21377091|0386|A673|2025-12-23|net demand for forecast|002647,20251223-0386-A673-LARGE-#1
21377091|0386|A673|2025-12-23|net demand for forecast|002648_transit_20251223-0386-A673-LARGE-#1,2025-12-25,21377091,0386,A673,2025-12-23,2025-12-29,159,21377091|0386|A673|2025-12-23|net demand for forecast|002648,20251223-0386-A673-LARGE-#1
21463645|0386|A673|2025-12-23|net demand for forecast|002841_transit_20251223-0386-A673-LARGE-#1,2025-12-25,21463645,0386,A673,2025-12-23,2025-12-28,27,21463645|0386|A673|2025-12-23|net demand for forecast|002841,20251223-0386-A673-LARGE-#1
21463645|0386|A673|2025-12-23|net demand for forecast|002842_transit_20251223-0386-A673-LARGE-#1,2025-12-25,21463645,0386,A673,2025-12-23,2025-12-28,28,21463645|0386|A673|2025-12-23|net demand for forecast|002842,20251223-0386-A673-LARGE-#1
21463645|0386|A673|2025-12-23|net demand for forecast|002843_transit_20251223-0386-A673-LARGE-#1,2025-12-25,21463645,0386,A673,2025-12-23,2025-12-29,28,21463645|0386|A673|2025-12-23|net demand for forecast|002843,20251223-0386-A673-LARGE-#1
21463645|0386|A673|2025-12-23|net demand for forecast|002844_transit_20251223-0386-A673-LARGE-#1,2025-12-25,21463645,0386,A673,2025-12-23,2025-12-28,28,21463645|0386|A673|2025-12-23|net demand for forecast|002844,20251223-0386-A673-LARGE-#1
21463645|0386|A673|2025-12-23|net demand for forecast|002845_transit_20251223-0386-A673-LARGE-#1,2025-12-25,21463645,0386,A673,2025-12-23,2025-12-29,28,21463645|0386|A673|2025-12-23|net demand for forecast|002845,20251223-0386-A673-LARGE-#1
21463645|0386|A673|2025-12-23|net demand for forecast|002846_transit_20251223-0386-A673-LARGE-#1,2025-12-25,21463645,0386,A673,2025-12-23,2025-12-29,58,21463645|0386|A673|2025-12-23|net demand for forecast|002846,20251223-0386-A673-LARGE-#1
21463645|0386|A673|2025-12-23|net demand for forecast|002847_transit_20251223-0386-A673-LARGE-#1,2025-12-25,21463645,0386,A673,2025-12-23,2025-12-28,59,21463645|0386|A673|2025-12-23|net demand for forecast|002847,20251223-0386-A673-LARGE-#1
21463645|0386|A673|2025-12-23|net demand for forecast|002848_transit_20251223-0386-A673-LARGE-#1,2025-12-25,21463645,0386,A673,2025-12-23,2025-12-28,59,21463645|0386|A673|2025-12-23|net demand for forecast|002848,20251223-0386-A673-LARGE-#1
21463645|0386|A673|2025-12-23|net demand for forecast|002849_transit_20251223-0386-A673-LARGE-#1,2025-12-25,21463645,0386,A673,2025-12-23,2025-12-28,59,21463645|0386|A673|2025-12-23|net demand for forecast|002849,20251223-0386-A673-LARGE-#1
21463645|0386|A673|2025-12-23|net demand for forecast|002850_transit_20251223-0386-A673-LARGE-#1,2025-12-25,21463645,0386,A673,2025-12-23,2025-12-28,59,21463645|0386|A673|2025-12-23|net demand for forecast|002850,20251223-0386-A673-LARGE-#1
21121751|0386|A673|2025-12-23|net demand for net demand for forecast|002419_transit_20251223-0386-A673-LARGE-#1,2025-12-25,21121751,0386,A673,2025-12-23,2025-12-28,1,21121751|0386|A673|2025-12-23|net demand for net demand for forecast|002419,20251223-0386-A673-LARGE-#1
21121751|0386|A673|2025-12-23|net demand for net demand for forecast|002420_transit_20251223-0386-A673-LARGE-#1,2025-12-25,21121751,0386,A673,2025-12-23,2025-12-28,1,21121751|0386|A673|2025-12-23|net demand for net demand for forecast|002420,20251223-0386-A673-LARGE-#1
21121751|0386|A673|2025-12-23|net demand for net demand for forecast|002421_transit_20251223-0386-A673-LARGE-#1,2025-12-25,21121751,0386,A673,2025-12-23,2025-12-28,1,21121751|0386|A673|2025-12-23|net demand for net demand for forecast|002421,20251223-0386-A673-LARGE-#1
21121751|0386|A673|2025-12-23|net demand for net demand for forecast|002422_transit_20251223-0386-A673-LARGE-#1,2025-12-25,21121751,0386,A673,2025-12-23,2025-12-29,1,21121751|0386|A673|2025-12-23|net demand for net demand for forecast|002422,20251223-0386-A673-LARGE-#1
21121751|0386|A673|2025-12-23|net demand for safety|002425_transit_20251223-0386-A673-LARGE-#1,2025-12-25,21121751,0386,A673,2025-12-23,2025-12-28,107,21121751|0386|A673|2025-12-23|net demand for safety|002425,20251223-0386-A673-LARGE-#1
21377091|0386|A673|2025-12-23|net demand for safety|002650_transit_20251223-0386-A673-LARGE-#1,2025-12-25,21377091,0386,A673,2025-12-23,2025-12-28,170,21377091|0386|A673|2025-12-23|net demand for safety|002650,20251223-0386-A673-LARGE-#1
21463645|0386|A673|2025-12-23|net demand for safety|002852_transit_20251223-0386-A673-LARGE-#1,2025-12-25,21463645,0386,A673,2025-12-23,2025-12-28,69,21463645|0386|A673|2025-12-23|net demand for safety|002852,20251223-0386-A673-LARGE-#1
21121751|0386|A673|2025-12-23|net demand for net demand for safety|002423_transit_20251223-0386-A673-LARGE-#1,2025-12-25,21121751,0386,A673,2025-12-23,2025-12-28,4,21121751|0386|A673|2025-12-23|net demand for net demand for safety|002423,20251223-0386-A673-LARGE-#1
21121751|0386|A673|2025-12-23|net demand for net demand for safety|002424_transit_20251223-0386-A673-LARGE-#1,2025-12-25,21121751,0386,A673,2025-12-23,2025-12-29,7,21121751|0386|A673|2025-12-23|net demand for net demand for safety|002424,20251223-0386-A673-LARGE-#1
21143103|0386|A673|2025-12-23|net demand for net demand for safety|002525_transit_20251223-0386-A673-LARGE-#1,2025-12-25,21143103,0386,A673,2025-12-23,2025-12-28,3,21143103|0386|A673|2025-12-23|net demand for net demand for safety|002525,20251223-0386-A673-LARGE-#1
21165868|0386|A673|2025-12-23|net demand for net demand for safety|002527_transit_20251223-0386-A673-LARGE-#1,2025-12-25,21165868,0386,A673,2025-12-23,2025-12-28,3,21165868|0386|A673|2025-12-23|net demand for net demand for safety|002527,20251223-0386-A673-LARGE-#1
21098519|0386|A673|2025-12-23|push replenishment|002365_transit_20251223-0386-A673-LARGE-#1,2025-12-25,21098519,0386,A673,2025-12-23,2025-12-28,236,21098519|0386|A673|2025-12-23|push replenishment|002365,20251223-0386-A673-LARGE-#1
21121751|0386|A673|2025-12-23|push replenishment|002426_transit_20251223-0386-A673-LARGE-#1,2025-12-25,21121751,0386,A673,2025-12-23,2025-12-28,232,21121751|0386|A673|2025-12-23|push replenishment|002426,20251223-0386-A673-LARGE-#1
21377091|0386|A673|2025-12-23|push replenishment|002651_transit_20251223-0386-A673-LARGE-#1,2025-12-25,21377091,0386,A673,2025-12-23,2025-12-28,1318,21377091|0386|A673|2025-12-23|push replenishment|002651,20251223-0386-A673-LARGE-#1
21463645|0386|A673|2025-12-23|push replenishment|002853_transit_20251223-0386-A673-LARGE-#1,2025-12-25,21463645,0386,A673,2025-12-23,2025-12-28,644,21463645|0386|A673|2025-12-23|push replenishment|002853,20251223-0386-A673-LARGE-#1
21463645|0386|A680|2025-12-23|net demand for normal|002865_transit_20251223-0386-A680-Train-#1,2025-12-25,21463645,0386,A680,2025-12-23,2025-12-30,2,21463645|0386|A680|2025-12-23|net demand for normal|002865,20251223-0386-A680-Train-#1
21121751|0386|A680|2025-12-23|net demand for forecast|002427_transit_20251223-0386-A680-Train-#1,2025-12-25,21121751,0386,A680,2025-12-23,2025-12-30,1,21121751|0386|A680|2025-12-23|net demand for forecast|002427,20251223-0386-A680-Train-#1
21121751|0386|A680|2025-12-23|net demand for forecast|002428_transit_20251223-0386-A680-Train-#1,2025-12-25,21121751,0386,A680,2025-12-23,2025-12-30,1,21121751|0386|A680|2025-12-23|net demand for forecast|002428,20251223-0386-A680-Train-#1
21121751|0386|A680|2025-12-23|net demand for forecast|002429_transit_20251223-0386-A680-Train-#1,2025-12-25,21121751,0386,A680,2025-12-23,2025-12-30,1,21121751|0386|A680|2025-12-23|net demand for forecast|002429,20251223-0386-A680-Train-#1
21121751|0386|A680|2025-12-23|net demand for forecast|002430_transit_20251223-0386-A680-Train-#1,2025-12-25,21121751,0386,A680,2025-12-23,2025-12-30,1,21121751|0386|A680|2025-12-23|net demand for forecast|002430,20251223-0386-A680-Train-#1
21121751|0386|A680|2025-12-23|net demand for forecast|002431_transit_20251223-0386-A680-Train-#1,2025-12-25,21121751,0386,A680,2025-12-23,2025-12-31,1,21121751|0386|A680|2025-12-23|net demand for forecast|002431,20251223-0386-A680-Train-#1
21121751|0386|A680|2025-12-23|net demand for forecast|002432_transit_20251223-0386-A680-Train-#1,2025-12-25,21121751,0386,A680,2025-12-23,2025-12-30,1,21121751|0386|A680|2025-12-23|net demand for forecast|002432,20251223-0386-A680-Train-#1
21121751|0386|A680|2025-12-23|net demand for forecast|002433_transit_20251223-0386-A680-Train-#1,2025-12-25,21121751,0386,A680,2025-12-23,2025-12-30,1,21121751|0386|A680|2025-12-23|net demand for forecast|002433,20251223-0386-A680-Train-#1
21121751|0386|A680|2025-12-23|net demand for forecast|002434_transit_20251223-0386-A680-Train-#1,2025-12-25,21121751,0386,A680,2025-12-23,2025-12-30,1,21121751|0386|A680|2025-12-23|net demand for forecast|002434,20251223-0386-A680-Train-#1
21121751|0386|A680|2025-12-23|net demand for forecast|002435_transit_20251223-0386-A680-Train-#1,2025-12-25,21121751,0386,A680,2025-12-23,2025-12-30,1,21121751|0386|A680|2025-12-23|net demand for forecast|002435,20251223-0386-A680-Train-#1
21121751|0386|A680|2025-12-23|net demand for forecast|002436_transit_20251223-0386-A680-Train-#1,2025-12-25,21121751,0386,A680,2025-12-23,2025-12-30,1,21121751|0386|A680|2025-12-23|net demand for forecast|002436,20251223-0386-A680-Train-#1
21121751|0386|A680|2025-12-23|net demand for forecast|002437_transit_20251223-0386-A680-Train-#1,2025-12-25,21121751,0386,A680,2025-12-23,2025-12-30,1,21121751|0386|A680|2025-12-23|net demand for forecast|002437,20251223-0386-A680-Train-#1
21121751|0386|A680|2025-12-23|net demand for forecast|002438_transit_20251223-0386-A680-Train-#1,2025-12-25,21121751,0386,A680,2025-12-23,2025-12-30,1,21121751|0386|A680|2025-12-23|net demand for forecast|002438,20251223-0386-A680-Train-#1
21377091|0386|A680|2025-12-23|net demand for forecast|002652_transit_20251223-0386-A680-Train-#1,2025-12-25,21377091,0386,A680,2025-12-23,2025-12-30,5,21377091|0386|A680|2025-12-23|net demand for forecast|002652,20251223-0386-A680-Train-#1
21377091|0386|A680|2025-12-23|net demand for forecast|002653_transit_20251223-0386-A680-Train-#1,2025-12-25,21377091,0386,A680,2025-12-23,2025-12-30,6,21377091|0386|A680|2025-12-23|net demand for forecast|002653,20251223-0386-A680-Train-#1
21377091|0386|A680|2025-12-23|net demand for forecast|002654_transit_20251223-0386-A680-Train-#1,2025-12-25,21377091,0386,A680,2025-12-23,2025-12-30,6,21377091|0386|A680|2025-12-23|net demand for forecast|002654,20251223-0386-A680-Train-#1
21377091|0386|A680|2025-12-23|net demand for forecast|002655_transit_20251223-0386-A680-Train-#1,2025-12-25,21377091,0386,A680,2025-12-23,2025-12-30,6,21377091|0386|A680|2025-12-23|net demand for forecast|002655,20251223-0386-A680-Train-#1
21377091|0386|A680|2025-12-23|net demand for forecast|002656_transit_20251223-0386-A680-Train-#1,2025-12-25,21377091,0386,A680,2025-12-23,2025-12-30,6,21377091|0386|A680|2025-12-23|net demand for forecast|002656,20251223-0386-A680-Train-#1
21377091|0386|A680|2025-12-23|net demand for forecast|002657_transit_20251223-0386-A680-Train-#1,2025-12-25,21377091,0386,A680,2025-12-23,2025-12-30,6,21377091|0386|A680|2025-12-23|net demand for forecast|002657,20251223-0386-A680-Train-#1
21377091|0386|A680|2025-12-23|net demand for forecast|002658_transit_20251223-0386-A680-Train-#1,2025-12-25,21377091,0386,A680,2025-12-23,2025-12-30,6,21377091|0386|A680|2025-12-23|net demand for forecast|002658,20251223-0386-A680-Train-#1
21377091|0386|A680|2025-12-23|net demand for forecast|002659_transit_20251223-0386-A680-Train-#1,2025-12-25,21377091,0386,A680,2025-12-23,2025-12-30,13,21377091|0386|A680|2025-12-23|net demand for forecast|002659,20251223-0386-A680-Train-#1
21377091|0386|A680|2025-12-23|net demand for forecast|002660_transit_20251223-0386-A680-Train-#1,2025-12-25,21377091,0386,A680,2025-12-23,2025-12-30,13,21377091|0386|A680|2025-12-23|net demand for forecast|002660,20251223-0386-A680-Train-#1
21377091|0386|A680|2025-12-23|net demand for forecast|002661_transit_20251223-0386-A680-Train-#1,2025-12-25,21377091,0386,A680,2025-12-23,2025-12-30,13,21377091|0386|A680|2025-12-23|net demand for forecast|002661,20251223-0386-A680-Train-#1
21377091|0386|A680|2025-12-23|net demand for forecast|002662_transit_20251223-0386-A680-Train-#1,2025-12-25,21377091,0386,A680,2025-12-23,2025-12-30,13,21377091|0386|A680|2025-12-23|net demand for forecast|002662,20251223-0386-A680-Train-#1
21377091|0386|A680|2025-12-23|net demand for forecast|002663_transit_20251223-0386-A680-Train-#1,2025-12-25,21377091,0386,A680,2025-12-23,2025-12-30,13,21377091|0386|A680|2025-12-23|net demand for forecast|002663,20251223-0386-A680-Train-#1
21463645|0386|A680|2025-12-23|net demand for forecast|002854_transit_20251223-0386-A680-Train-#1,2025-12-25,21463645,0386,A680,2025-12-23,2025-12-30,1,21463645|0386|A680|2025-12-23|net demand for forecast|002854,20251223-0386-A680-Train-#1
21463645|0386|A680|2025-12-23|net demand for forecast|002855_transit_20251223-0386-A680-Train-#1,2025-12-25,21463645,0386,A680,2025-12-23,2025-12-30,1,21463645|0386|A680|2025-12-23|net demand for forecast|002855,20251223-0386-A680-Train-#1
21463645|0386|A680|2025-12-23|net demand for forecast|002856_transit_20251223-0386-A680-Train-#1,2025-12-25,21463645,0386,A680,2025-12-23,2025-12-30,1,21463645|0386|A680|2025-12-23|net demand for forecast|002856,20251223-0386-A680-Train-#1
21463645|0386|A680|2025-12-23|net demand for forecast|002857_transit_20251223-0386-A680-Train-#1,2025-12-25,21463645,0386,A680,2025-12-23,2025-12-30,1,21463645|0386|A680|2025-12-23|net demand for forecast|002857,20251223-0386-A680-Train-#1
21463645|0386|A680|2025-12-23|net demand for forecast|002858_transit_20251223-0386-A680-Train-#1,2025-12-25,21463645,0386,A680,2025-12-23,2025-12-30,1,21463645|0386|A680|2025-12-23|net demand for forecast|002858,20251223-0386-A680-Train-#1
21463645|0386|A680|2025-12-23|net demand for forecast|002859_transit_20251223-0386-A680-Train-#1,2025-12-25,21463645,0386,A680,2025-12-23,2025-12-30,1,21463645|0386|A680|2025-12-23|net demand for forecast|002859,20251223-0386-A680-Train-#1
21463645|0386|A680|2025-12-23|net demand for forecast|002860_transit_20251223-0386-A680-Train-#1,2025-12-25,21463645,0386,A680,2025-12-23,2025-12-30,1,21463645|0386|A680|2025-12-23|net demand for forecast|002860,20251223-0386-A680-Train-#1
21463645|0386|A680|2025-12-23|net demand for forecast|002861_transit_20251223-0386-A680-Train-#1,2025-12-25,21463645,0386,A680,2025-12-23,2025-12-30,2,21463645|0386|A680|2025-12-23|net demand for forecast|002861,20251223-0386-A680-Train-#1
21463645|0386|A680|2025-12-23|net demand for forecast|002862_transit_20251223-0386-A680-Train-#1,2025-12-25,21463645,0386,A680,2025-12-23,2025-12-30,2,21463645|0386|A680|2025-12-23|net demand for forecast|002862,20251223-0386-A680-Train-#1
21463645|0386|A680|2025-12-23|net demand for forecast|002863_transit_20251223-0386-A680-Train-#1,2025-12-25,21463645,0386,A680,2025-12-23,2025-12-30,2,21463645|0386|A680|2025-12-23|net demand for forecast|002863,20251223-0386-A680-Train-#1
21463645|0386|A680|2025-12-23|net demand for forecast|002864_transit_20251223-0386-A680-Train-#1,2025-12-25,21463645,0386,A680,2025-12-23,2025-12-30,2,21463645|0386|A680|2025-12-23|net demand for forecast|002864,20251223-0386-A680-Train-#1
21121751|0386|A680|2025-12-23|net demand for safety|002439_transit_20251223-0386-A680-Train-#1,2025-12-25,21121751,0386,A680,2025-12-23,2025-12-30,23,21121751|0386|A680|2025-12-23|net demand for safety|002439,20251223-0386-A680-Train-#1
21377091|0386|A680|2025-12-23|net demand for safety|002664_transit_20251223-0386-A680-Train-#1,2025-12-25,21377091,0386,A680,2025-12-23,2025-12-31,14,21377091|0386|A680|2025-12-23|net demand for safety|002664,20251223-0386-A680-Train-#1
21463645|0386|A680|2025-12-23|net demand for safety|002866_transit_20251223-0386-A680-Train-#1,2025-12-25,21463645,0386,A680,2025-12-23,2025-12-30,2,21463645|0386|A680|2025-12-23|net demand for safety|002866,20251223-0386-A680-Train-#1
21121751|0386|A680|2025-12-23|push replenishment|002440_transit_20251223-0386-A680-Train-#1,2025-12-25,21121751,0386,A680,2025-12-23,2025-12-30,49,21121751|0386|A680|2025-12-23|push replenishment|002440,20251223-0386-A680-Train-#1
21377091|0386|A680|2025-12-23|push replenishment|002665_transit_20251223-0386-A680-Train-#1,2025-12-25,21377091,0386,A680,2025-12-23,2025-12-30,128,21377091|0386|A680|2025-12-23|push replenishment|002665,20251223-0386-A680-Train-#1
21463645|0386|A680|2025-12-23|push replenishment|002867_transit_20251223-0386-A680-Train-#1,2025-12-25,21463645,0386,A680,2025-12-23,2025-12-30,18,21463645|0386|A680|2025-12-23|push replenishment|002867,20251223-0386-A680-Train-#1
21377091|0386|A715|2025-12-23|net demand for normal|002678_transit_20251223-0386-A715-Train-#1,2025-12-25,21377091,0386,A715,2025-12-23,2026-01-02,6,21377091|0386|A715|2025-12-23|net demand for normal|002678,20251223-0386-A715-Train-#1
21414747|0386|A715|2025-12-23|net demand for normal|002716_transit_20251223-0386-A715-Train-#1,2025-12-25,21414747,0386,A715,2025-12-23,2026-01-02,66,21414747|0386|A715|2025-12-23|net demand for normal|002716,20251223-0386-A715-Train-#1
21419490|0386|A715|2025-12-23|net demand for normal|002779_transit_20251223-0386-A715-Train-#1,2025-12-25,21419490,0386,A715,2025-12-23,2026-01-02,3,21419490|0386|A715|2025-12-23|net demand for normal|002779,20251223-0386-A715-Train-#1
21377091|0386|A715|2025-12-23|net demand for forecast|002666_transit_20251223-0386-A715-Train-#1,2025-12-25,21377091,0386,A715,2025-12-23,2026-01-03,6,21377091|0386|A715|2025-12-23|net demand for forecast|002666,20251223-0386-A715-Train-#1
21377091|0386|A715|2025-12-23|net demand for forecast|002667_transit_20251223-0386-A715-Train-#1,2025-12-25,21377091,0386,A715,2025-12-23,2026-01-02,6,21377091|0386|A715|2025-12-23|net demand for forecast|002667,20251223-0386-A715-Train-#1
21377091|0386|A715|2025-12-23|net demand for forecast|002668_transit_20251223-0386-A715-Train-#1,2025-12-25,21377091,0386,A715,2025-12-23,2026-01-02,6,21377091|0386|A715|2025-12-23|net demand for forecast|002668,20251223-0386-A715-Train-#1
21377091|0386|A715|2025-12-23|net demand for forecast|002669_transit_20251223-0386-A715-Train-#1,2025-12-25,21377091,0386,A715,2025-12-23,2026-01-02,6,21377091|0386|A715|2025-12-23|net demand for forecast|002669,20251223-0386-A715-Train-#1
21377091|0386|A715|2025-12-23|net demand for forecast|002670_transit_20251223-0386-A715-Train-#1,2025-12-25,21377091,0386,A715,2025-12-23,2026-01-02,6,21377091|0386|A715|2025-12-23|net demand for forecast|002670,20251223-0386-A715-Train-#1
21377091|0386|A715|2025-12-23|net demand for forecast|002671_transit_20251223-0386-A715-Train-#1,2025-12-25,21377091,0386,A715,2025-12-23,2026-01-02,6,21377091|0386|A715|2025-12-23|net demand for forecast|002671,20251223-0386-A715-Train-#1
21377091|0386|A715|2025-12-23|net demand for forecast|002672_transit_20251223-0386-A715-Train-#1,2025-12-25,21377091,0386,A715,2025-12-23,2026-01-02,6,21377091|0386|A715|2025-12-23|net demand for forecast|002672,20251223-0386-A715-Train-#1
21377091|0386|A715|2025-12-23|net demand for forecast|002673_transit_20251223-0386-A715-Train-#1,2025-12-25,21377091,0386,A715,2025-12-23,2026-01-02,13,21377091|0386|A715|2025-12-23|net demand for forecast|002673,20251223-0386-A715-Train-#1
21377091|0386|A715|2025-12-23|net demand for forecast|002674_transit_20251223-0386-A715-Train-#1,2025-12-25,21377091,0386,A715,2025-12-23,2026-01-02,13,21377091|0386|A715|2025-12-23|net demand for forecast|002674,20251223-0386-A715-Train-#1
21377091|0386|A715|2025-12-23|net demand for forecast|002675_transit_20251223-0386-A715-Train-#1,2025-12-25,21377091,0386,A715,2025-12-23,2026-01-02,13,21377091|0386|A715|2025-12-23|net demand for forecast|002675,20251223-0386-A715-Train-#1
21377091|0386|A715|2025-12-23|net demand for forecast|002676_transit_20251223-0386-A715-Train-#1,2025-12-25,21377091,0386,A715,2025-12-23,2026-01-02,13,21377091|0386|A715|2025-12-23|net demand for forecast|002676,20251223-0386-A715-Train-#1
21377091|0386|A715|2025-12-23|net demand for forecast|002677_transit_20251223-0386-A715-Train-#1,2025-12-25,21377091,0386,A715,2025-12-23,2026-01-03,13,21377091|0386|A715|2025-12-23|net demand for forecast|002677,20251223-0386-A715-Train-#1
21414747|0386|A715|2025-12-23|net demand for forecast|002701_transit_20251223-0386-A715-Train-#1,2025-12-25,21414747,0386,A715,2025-12-23,2026-01-02,4,21414747|0386|A715|2025-12-23|net demand for forecast|002701,20251223-0386-A715-Train-#1
21414747|0386|A715|2025-12-23|net demand for forecast|002702_transit_20251223-0386-A715-Train-#1,2025-12-25,21414747,0386,A715,2025-12-23,2026-01-02,4,21414747|0386|A715|2025-12-23|net demand for forecast|002702,20251223-0386-A715-Train-#1
21414747|0386|A715|2025-12-23|net demand for forecast|002703_transit_20251223-0386-A715-Train-#1,2025-12-25,21414747,0386,A715,2025-12-23,2026-01-02,4,21414747|0386|A715|2025-12-23|net demand for forecast|002703,20251223-0386-A715-Train-#1
21414747|0386|A715|2025-12-23|net demand for forecast|002704_transit_20251223-0386-A715-Train-#1,2025-12-25,21414747,0386,A715,2025-12-23,2026-01-02,7,21414747|0386|A715|2025-12-23|net demand for forecast|002704,20251223-0386-A715-Train-#1
21414747|0386|A715|2025-12-23|net demand for forecast|002705_transit_20251223-0386-A715-Train-#1,2025-12-25,21414747,0386,A715,2025-12-23,2026-01-02,7,21414747|0386|A715|2025-12-23|net demand for forecast|002705,20251223-0386-A715-Train-#1
21414747|0386|A715|2025-12-23|net demand for forecast|002706_transit_20251223-0386-A715-Train-#1,2025-12-25,21414747,0386,A715,2025-12-23,2026-01-02,7,21414747|0386|A715|2025-12-23|net demand for forecast|002706,20251223-0386-A715-Train-#1
21414747|0386|A715|2025-12-23|net demand for forecast|002707_transit_20251223-0386-A715-Train-#1,2025-12-25,21414747,0386,A715,2025-12-23,2026-01-02,7,21414747|0386|A715|2025-12-23|net demand for forecast|002707,20251223-0386-A715-Train-#1
21414747|0386|A715|2025-12-23|net demand for forecast|002708_transit_20251223-0386-A715-Train-#1,2025-12-25,21414747,0386,A715,2025-12-23,2026-01-02,7,21414747|0386|A715|2025-12-23|net demand for forecast|002708,20251223-0386-A715-Train-#1
21414747|0386|A715|2025-12-23|net demand for forecast|002709_transit_20251223-0386-A715-Train-#1,2025-12-25,21414747,0386,A715,2025-12-23,2026-01-02,7,21414747|0386|A715|2025-12-23|net demand for forecast|002709,20251223-0386-A715-Train-#1
21414747|0386|A715|2025-12-23|net demand for forecast|002710_transit_20251223-0386-A715-Train-#1,2025-12-25,21414747,0386,A715,2025-12-23,2026-01-02,8,21414747|0386|A715|2025-12-23|net demand for forecast|002710,20251223-0386-A715-Train-#1
21414747|0386|A715|2025-12-23|net demand for forecast|002711_transit_20251223-0386-A715-Train-#1,2025-12-25,21414747,0386,A715,2025-12-23,2026-01-02,46,21414747|0386|A715|2025-12-23|net demand for forecast|002711,20251223-0386-A715-Train-#1
21414747|0386|A715|2025-12-23|net demand for forecast|002712_transit_20251223-0386-A715-Train-#1,2025-12-25,21414747,0386,A715,2025-12-23,2026-01-02,46,21414747|0386|A715|2025-12-23|net demand for forecast|002712,20251223-0386-A715-Train-#1
21414747|0386|A715|2025-12-23|net demand for forecast|002713_transit_20251223-0386-A715-Train-#1,2025-12-25,21414747,0386,A715,2025-12-23,2026-01-02,46,21414747|0386|A715|2025-12-23|net demand for forecast|002713,20251223-0386-A715-Train-#1
21414747|0386|A715|2025-12-23|net demand for forecast|002714_transit_20251223-0386-A715-Train-#1,2025-12-25,21414747,0386,A715,2025-12-23,2026-01-02,46,21414747|0386|A715|2025-12-23|net demand for forecast|002714,20251223-0386-A715-Train-#1
21414747|0386|A715|2025-12-23|net demand for forecast|002715_transit_20251223-0386-A715-Train-#1,2025-12-25,21414747,0386,A715,2025-12-23,2026-01-02,46,21414747|0386|A715|2025-12-23|net demand for forecast|002715,20251223-0386-A715-Train-#1
21419490|0386|A715|2025-12-23|net demand for forecast|002774_transit_20251223-0386-A715-Train-#1,2025-12-25,21419490,0386,A715,2025-12-23,2026-01-02,1,21419490|0386|A715|2025-12-23|net demand for forecast|002774,20251223-0386-A715-Train-#1
21419490|0386|A715|2025-12-23|net demand for forecast|002775_transit_20251223-0386-A715-Train-#1,2025-12-25,21419490,0386,A715,2025-12-23,2026-01-02,1,21419490|0386|A715|2025-12-23|net demand for forecast|002775,20251223-0386-A715-Train-#1
21419490|0386|A715|2025-12-23|net demand for forecast|002776_transit_20251223-0386-A715-Train-#1,2025-12-25,21419490,0386,A715,2025-12-23,2026-01-02,1,21419490|0386|A715|2025-12-23|net demand for forecast|002776,20251223-0386-A715-Train-#1
21419490|0386|A715|2025-12-23|net demand for forecast|002777_transit_20251223-0386-A715-Train-#1,2025-12-25,21419490,0386,A715,2025-12-23,2026-01-02,1,21419490|0386|A715|2025-12-23|net demand for forecast|002777,20251223-0386-A715-Train-#1
21419490|0386|A715|2025-12-23|net demand for forecast|002778_transit_20251223-0386-A715-Train-#1,2025-12-25,21419490,0386,A715,2025-12-23,2026-01-02,1,21419490|0386|A715|2025-12-23|net demand for forecast|002778,20251223-0386-A715-Train-#1
21098519|0386|A715|2025-12-23|net demand for safety|002366_transit_20251223-0386-A715-Train-#1,2025-12-25,21098519,0386,A715,2025-12-23,2026-01-02,16,21098519|0386|A715|2025-12-23|net demand for safety|002366,20251223-0386-A715-Train-#1
80807089|0386|A715|2025-12-23|net demand for safety|002894_transit_20251223-0386-A715-Train-#1,2025-12-25,80807089,0386,A715,2025-12-23,2026-01-02,2,80807089|0386|A715|2025-12-23|net demand for safety|002894,20251223-0386-A715-Train-#1
21098519|0386|A715|2025-12-23|push replenishment|002367_transit_20251223-0386-A715-Train-#1,2025-12-25,21098519,0386,A715,2025-12-23,2026-01-02,51,21098519|0386|A715|2025-12-23|push replenishment|002367,20251223-0386-A715-Train-#1
21121751|0386|A715|2025-12-23|push replenishment|002441_transit_20251223-0386-A715-Train-#1,2025-12-25,21121751,0386,A715,2025-12-23,2026-01-02,3,21121751|0386|A715|2025-12-23|push replenishment|002441,20251223-0386-A715-Train-#1
80807089|0386|A715|2025-12-23|push replenishment|002895_transit_20251223-0386-A715-Train-#1,2025-12-25,80807089,0386,A715,2025-12-23,2026-01-02,177,80807089|0386|A715|2025-12-23|push replenishment|002895,20251223-0386-A715-Train-#1
21377091|0386|A716|2025-12-23|net demand for normal|002691_transit_20251223-0386-A716-Train-#1,2025-12-25,21377091,0386,A716,2025-12-23,2026-01-06,5,21377091|0386|A716|2025-12-23|net demand for normal|002691,20251223-0386-A716-Train-#1
21414747|0386|A716|2025-12-23|net demand for normal|002736_transit_20251223-0386-A716-Train-#1,2025-12-25,21414747,0386,A716,2025-12-23,2026-01-06,59,21414747|0386|A716|2025-12-23|net demand for normal|002736,20251223-0386-A716-Train-#1
21121751|0386|A716|2025-12-23|net demand for forecast|002442_transit_20251223-0386-A716-Train-#1,2025-12-25,21121751,0386,A716,2025-12-23,2026-01-06,1,21121751|0386|A716|2025-12-23|net demand for forecast|002442,20251223-0386-A716-Train-#1
21121751|0386|A716|2025-12-23|net demand for forecast|002443_transit_20251223-0386-A716-Train-#1,2025-12-25,21121751,0386,A716,2025-12-23,2026-01-06,1,21121751|0386|A716|2025-12-23|net demand for forecast|002443,20251223-0386-A716-Train-#1
21121751|0386|A716|2025-12-23|net demand for forecast|002444_transit_20251223-0386-A716-Train-#1,2025-12-25,21121751,0386,A716,2025-12-23,2026-01-06,1,21121751|0386|A716|2025-12-23|net demand for forecast|002444,20251223-0386-A716-Train-#1
21121751|0386|A716|2025-12-23|net demand for forecast|002445_transit_20251223-0386-A716-Train-#1,2025-12-25,21121751,0386,A716,2025-12-23,2026-01-06,1,21121751|0386|A716|2025-12-23|net demand for forecast|002445,20251223-0386-A716-Train-#1
21121751|0386|A716|2025-12-23|net demand for forecast|002446_transit_20251223-0386-A716-Train-#1,2025-12-25,21121751,0386,A716,2025-12-23,2026-01-06,1,21121751|0386|A716|2025-12-23|net demand for forecast|002446,20251223-0386-A716-Train-#1
21121751|0386|A716|2025-12-23|net demand for forecast|002447_transit_20251223-0386-A716-Train-#1,2025-12-25,21121751,0386,A716,2025-12-23,2026-01-06,1,21121751|0386|A716|2025-12-23|net demand for forecast|002447,20251223-0386-A716-Train-#1
21121751|0386|A716|2025-12-23|net demand for forecast|002448_transit_20251223-0386-A716-Train-#1,2025-12-25,21121751,0386,A716,2025-12-23,2026-01-07,1,21121751|0386|A716|2025-12-23|net demand for forecast|002448,20251223-0386-A716-Train-#1
21121751|0386|A716|2025-12-23|net demand for forecast|002449_transit_20251223-0386-A716-Train-#1,2025-12-25,21121751,0386,A716,2025-12-23,2026-01-06,1,21121751|0386|A716|2025-12-23|net demand for forecast|002449,20251223-0386-A716-Train-#1
21121751|0386|A716|2025-12-23|net demand for forecast|002450_transit_20251223-0386-A716-Train-#1,2025-12-25,21121751,0386,A716,2025-12-23,2026-01-06,1,21121751|0386|A716|2025-12-23|net demand for forecast|002450,20251223-0386-A716-Train-#1
21121751|0386|A716|2025-12-23|net demand for forecast|002451_transit_20251223-0386-A716-Train-#1,2025-12-25,21121751,0386,A716,2025-12-23,2026-01-06,1,21121751|0386|A716|2025-12-23|net demand for forecast|002451,20251223-0386-A716-Train-#1
21121751|0386|A716|2025-12-23|net demand for forecast|002452_transit_20251223-0386-A716-Train-#1,2025-12-25,21121751,0386,A716,2025-12-23,2026-01-06,1,21121751|0386|A716|2025-12-23|net demand for forecast|002452,20251223-0386-A716-Train-#1
21121751|0386|A716|2025-12-23|net demand for forecast|002453_transit_20251223-0386-A716-Train-#1,2025-12-25,21121751,0386,A716,2025-12-23,2026-01-06,1,21121751|0386|A716|2025-12-23|net demand for forecast|002453,20251223-0386-A716-Train-#1
21121751|0386|A716|2025-12-23|net demand for forecast|002454_transit_20251223-0386-A716-Train-#1,2025-12-25,21121751,0386,A716,2025-12-23,2026-01-07,1,21121751|0386|A716|2025-12-23|net demand for forecast|002454,20251223-0386-A716-Train-#1
21121751|0386|A716|2025-12-23|net demand for forecast|002455_transit_20251223-0386-A716-Train-#1,2025-12-25,21121751,0386,A716,2025-12-23,2026-01-06,1,21121751|0386|A716|2025-12-23|net demand for forecast|002455,20251223-0386-A716-Train-#1
21121751|0386|A716|2025-12-23|net demand for forecast|002456_transit_20251223-0386-A716-Train-#1,2025-12-25,21121751,0386,A716,2025-12-23,2026-01-07,1,21121751|0386|A716|2025-12-23|net demand for forecast|002456,20251223-0386-A716-Train-#1
21121751|0386|A716|2025-12-23|net demand for forecast|002457_transit_20251223-0386-A716-Train-#1,2025-12-25,21121751,0386,A716,2025-12-23,2026-01-07,1,21121751|0386|A716|2025-12-23|net demand for forecast|002457,20251223-0386-A716-Train-#1
21121751|0386|A716|2025-12-23|net demand for forecast|002458_transit_20251223-0386-A716-Train-#1,2025-12-25,21121751,0386,A716,2025-12-23,2026-01-06,1,21121751|0386|A716|2025-12-23|net demand for forecast|002458,20251223-0386-A716-Train-#1
21121751|0386|A716|2025-12-23|net demand for forecast|002459_transit_20251223-0386-A716-Train-#1,2025-12-25,21121751,0386,A716,2025-12-23,2026-01-06,1,21121751|0386|A716|2025-12-23|net demand for forecast|002459,20251223-0386-A716-Train-#1
21121751|0386|A716|2025-12-23|net demand for forecast|002460_transit_20251223-0386-A716-Train-#1,2025-12-25,21121751,0386,A716,2025-12-23,2026-01-06,1,21121751|0386|A716|2025-12-23|net demand for forecast|002460,20251223-0386-A716-Train-#1
21377091|0386|A716|2025-12-23|net demand for forecast|002679_transit_20251223-0386-A716-Train-#1,2025-12-25,21377091,0386,A716,2025-12-23,2026-01-06,6,21377091|0386|A716|2025-12-23|net demand for forecast|002679,20251223-0386-A716-Train-#1
21377091|0386|A716|2025-12-23|net demand for forecast|002680_transit_20251223-0386-A716-Train-#1,2025-12-25,21377091,0386,A716,2025-12-23,2026-01-06,6,21377091|0386|A716|2025-12-23|net demand for forecast|002680,20251223-0386-A716-Train-#1
21377091|0386|A716|2025-12-23|net demand for forecast|002681_transit_20251223-0386-A716-Train-#1,2025-12-25,21377091,0386,A716,2025-12-23,2026-01-06,6,21377091|0386|A716|2025-12-23|net demand for forecast|002681,20251223-0386-A716-Train-#1
21377091|0386|A716|2025-12-23|net demand for forecast|002682_transit_20251223-0386-A716-Train-#1,2025-12-25,21377091,0386,A716,2025-12-23,2026-01-06,6,21377091|0386|A716|2025-12-23|net demand for forecast|002682,20251223-0386-A716-Train-#1
21377091|0386|A716|2025-12-23|net demand for forecast|002683_transit_20251223-0386-A716-Train-#1,2025-12-25,21377091,0386,A716,2025-12-23,2026-01-06,6,21377091|0386|A716|2025-12-23|net demand for forecast|002683,20251223-0386-A716-Train-#1
21377091|0386|A716|2025-12-23|net demand for forecast|002684_transit_20251223-0386-A716-Train-#1,2025-12-25,21377091,0386,A716,2025-12-23,2026-01-06,6,21377091|0386|A716|2025-12-23|net demand for forecast|002684,20251223-0386-A716-Train-#1
21377091|0386|A716|2025-12-23|net demand for forecast|002685_transit_20251223-0386-A716-Train-#1,2025-12-25,21377091,0386,A716,2025-12-23,2026-01-06,6,21377091|0386|A716|2025-12-23|net demand for forecast|002685,20251223-0386-A716-Train-#1
21377091|0386|A716|2025-12-23|net demand for forecast|002686_transit_20251223-0386-A716-Train-#1,2025-12-25,21377091,0386,A716,2025-12-23,2026-01-06,13,21377091|0386|A716|2025-12-23|net demand for forecast|002686,20251223-0386-A716-Train-#1
21377091|0386|A716|2025-12-23|net demand for forecast|002687_transit_20251223-0386-A716-Train-#1,2025-12-25,21377091,0386,A716,2025-12-23,2026-01-06,13,21377091|0386|A716|2025-12-23|net demand for forecast|002687,20251223-0386-A716-Train-#1
21377091|0386|A716|2025-12-23|net demand for forecast|002688_transit_20251223-0386-A716-Train-#1,2025-12-25,21377091,0386,A716,2025-12-23,2026-01-06,14,21377091|0386|A716|2025-12-23|net demand for forecast|002688,20251223-0386-A716-Train-#1
21377091|0386|A716|2025-12-23|net demand for forecast|002689_transit_20251223-0386-A716-Train-#1,2025-12-25,21377091,0386,A716,2025-12-23,2026-01-06,14,21377091|0386|A716|2025-12-23|net demand for forecast|002689,20251223-0386-A716-Train-#1
21377091|0386|A716|2025-12-23|net demand for forecast|002690_transit_20251223-0386-A716-Train-#1,2025-12-25,21377091,0386,A716,2025-12-23,2026-01-06,14,21377091|0386|A716|2025-12-23|net demand for forecast|002690,20251223-0386-A716-Train-#1
21414747|0386|A716|2025-12-23|net demand for forecast|002717_transit_20251223-0386-A716-Train-#1,2025-12-25,21414747,0386,A716,2025-12-23,2026-01-06,2,21414747|0386|A716|2025-12-23|net demand for forecast|002717,20251223-0386-A716-Train-#1
21414747|0386|A716|2025-12-23|net demand for forecast|002718_transit_20251223-0386-A716-Train-#1,2025-12-25,21414747,0386,A716,2025-12-23,2026-01-06,2,21414747|0386|A716|2025-12-23|net demand for forecast|002718,20251223-0386-A716-Train-#1
21414747|0386|A716|2025-12-23|net demand for forecast|002719_transit_20251223-0386-A716-Train-#1,2025-12-25,21414747,0386,A716,2025-12-23,2026-01-06,2,21414747|0386|A716|2025-12-23|net demand for forecast|002719,20251223-0386-A716-Train-#1
21414747|0386|A716|2025-12-23|net demand for forecast|002720_transit_20251223-0386-A716-Train-#1,2025-12-25,21414747,0386,A716,2025-12-23,2026-01-06,3,21414747|0386|A716|2025-12-23|net demand for forecast|002720,20251223-0386-A716-Train-#1
21414747|0386|A716|2025-12-23|net demand for forecast|002721_transit_20251223-0386-A716-Train-#1,2025-12-25,21414747,0386,A716,2025-12-23,2026-01-06,3,21414747|0386|A716|2025-12-23|net demand for forecast|002721,20251223-0386-A716-Train-#1
21414747|0386|A716|2025-12-23|net demand for forecast|002722_transit_20251223-0386-A716-Train-#1,2025-12-25,21414747,0386,A716,2025-12-23,2026-01-06,3,21414747|0386|A716|2025-12-23|net demand for forecast|002722,20251223-0386-A716-Train-#1
21414747|0386|A716|2025-12-23|net demand for forecast|002723_transit_20251223-0386-A716-Train-#1,2025-12-25,21414747,0386,A716,2025-12-23,2026-01-06,3,21414747|0386|A716|2025-12-23|net demand for forecast|002723,20251223-0386-A716-Train-#1
21414747|0386|A716|2025-12-23|net demand for forecast|002724_transit_20251223-0386-A716-Train-#1,2025-12-25,21414747,0386,A716,2025-12-23,2026-01-07,5,21414747|0386|A716|2025-12-23|net demand for forecast|002724,20251223-0386-A716-Train-#1
21414747|0386|A716|2025-12-23|net demand for forecast|002725_transit_20251223-0386-A716-Train-#1,2025-12-25,21414747,0386,A716,2025-12-23,2026-01-06,5,21414747|0386|A716|2025-12-23|net demand for forecast|002725,20251223-0386-A716-Train-#1
21414747|0386|A716|2025-12-23|net demand for forecast|002726_transit_20251223-0386-A716-Train-#1,2025-12-25,21414747,0386,A716,2025-12-23,2026-01-06,5,21414747|0386|A716|2025-12-23|net demand for forecast|002726,20251223-0386-A716-Train-#1
21414747|0386|A716|2025-12-23|net demand for forecast|002727_transit_20251223-0386-A716-Train-#1,2025-12-25,21414747,0386,A716,2025-12-23,2026-01-06,6,21414747|0386|A716|2025-12-23|net demand for forecast|002727,20251223-0386-A716-Train-#1
21414747|0386|A716|2025-12-23|net demand for forecast|002728_transit_20251223-0386-A716-Train-#1,2025-12-25,21414747,0386,A716,2025-12-23,2026-01-06,6,21414747|0386|A716|2025-12-23|net demand for forecast|002728,20251223-0386-A716-Train-#1
21414747|0386|A716|2025-12-23|net demand for forecast|002729_transit_20251223-0386-A716-Train-#1,2025-12-25,21414747,0386,A716,2025-12-23,2026-01-07,6,21414747|0386|A716|2025-12-23|net demand for forecast|002729,20251223-0386-A716-Train-#1
21414747|0386|A716|2025-12-23|net demand for forecast|002730_transit_20251223-0386-A716-Train-#1,2025-12-25,21414747,0386,A716,2025-12-23,2026-01-06,6,21414747|0386|A716|2025-12-23|net demand for forecast|002730,20251223-0386-A716-Train-#1
21414747|0386|A716|2025-12-23|net demand for forecast|002731_transit_20251223-0386-A716-Train-#1,2025-12-25,21414747,0386,A716,2025-12-23,2026-01-06,36,21414747|0386|A716|2025-12-23|net demand for forecast|002731,20251223-0386-A716-Train-#1
21414747|0386|A716|2025-12-23|net demand for forecast|002732_transit_20251223-0386-A716-Train-#1,2025-12-25,21414747,0386,A716,2025-12-23,2026-01-06,36,21414747|0386|A716|2025-12-23|net demand for forecast|002732,20251223-0386-A716-Train-#1
21414747|0386|A716|2025-12-23|net demand for forecast|002733_transit_20251223-0386-A716-Train-#1,2025-12-25,21414747,0386,A716,2025-12-23,2026-01-06,36,21414747|0386|A716|2025-12-23|net demand for forecast|002733,20251223-0386-A716-Train-#1
21414747|0386|A716|2025-12-23|net demand for forecast|002734_transit_20251223-0386-A716-Train-#1,2025-12-25,21414747,0386,A716,2025-12-23,2026-01-06,36,21414747|0386|A716|2025-12-23|net demand for forecast|002734,20251223-0386-A716-Train-#1
21414747|0386|A716|2025-12-23|net demand for forecast|002735_transit_20251223-0386-A716-Train-#1,2025-12-25,21414747,0386,A716,2025-12-23,2026-01-07,36,21414747|0386|A716|2025-12-23|net demand for forecast|002735,20251223-0386-A716-Train-#1
21098519|0386|A716|2025-12-23|net demand for safety|002368_transit_20251223-0386-A716-Train-#1,2025-12-25,21098519,0386,A716,2025-12-23,2026-01-06,46,21098519|0386|A716|2025-12-23|net demand for safety|002368,20251223-0386-A716-Train-#1
21121751|0386|A716|2025-12-23|net demand for safety|002461_transit_20251223-0386-A716-Train-#1,2025-12-25,21121751,0386,A716,2025-12-23,2026-01-06,13,21121751|0386|A716|2025-12-23|net demand for safety|002461,20251223-0386-A716-Train-#1
80807089|0386|A716|2025-12-23|net demand for safety|002896_transit_20251223-0386-A716-Train-#1,2025-12-25,80807089,0386,A716,2025-12-23,2026-01-06,84,80807089|0386|A716|2025-12-23|net demand for safety|002896,20251223-0386-A716-Train-#1
21098519|0386|A716|2025-12-23|push replenishment|002369_transit_20251223-0386-A716-Train-#1,2025-12-25,21098519,0386,A716,2025-12-23,2026-01-06,39,21098519|0386|A716|2025-12-23|push replenishment|002369,20251223-0386-A716-Train-#1
21121751|0386|A716|2025-12-23|push replenishment|002462_transit_20251223-0386-A716-Train-#1,2025-12-25,21121751,0386,A716,2025-12-23,2026-01-06,28,21121751|0386|A716|2025-12-23|push replenishment|002462,20251223-0386-A716-Train-#1
80807089|0386|A716|2025-12-23|push replenishment|002897_transit_20251223-0386-A716-Train-#1,2025-12-25,80807089,0386,A716,2025-12-23,2026-01-06,343,80807089|0386|A716|2025-12-23|push replenishment|002897,20251223-0386-A716-Train-#1
21139445|C816|A668|2025-12-23|net demand for normal|002496_transit_20251223-C816-A668-LARGE-#1,2025-12-25,21139445,C816,A668,2025-12-23,2025-12-27,12,21139445|C816|A668|2025-12-23|net demand for normal|002496,20251223-C816-A668-LARGE-#1
21307836|C816|A668|2025-12-23|net demand for normal|002565_transit_20251223-C816-A668-LARGE-#1,2025-12-25,21307836,C816,A668,2025-12-23,2025-12-27,9,21307836|C816|A668|2025-12-23|net demand for normal|002565,20251223-C816-A668-LARGE-#1
21419490|C816|A668|2025-12-23|net demand for normal|002786_transit_20251223-C816-A668-LARGE-#1,2025-12-25,21419490,C816,A668,2025-12-23,2025-12-28,164,21419490|C816|A668|2025-12-23|net demand for normal|002786,20251223-C816-A668-LARGE-#1
21442422|C816|A668|2025-12-23|net demand for normal|002822_transit_20251223-C816-A668-LARGE-#1,2025-12-25,21442422,C816,A668,2025-12-23,2025-12-27,200,21442422|C816|A668|2025-12-23|net demand for normal|002822,20251223-C816-A668-LARGE-#1
21139445|C816|A668|2025-12-23|net demand for forecast|002490_transit_20251223-C816-A668-LARGE-#1,2025-12-25,21139445,C816,A668,2025-12-23,2025-12-27,5,21139445|C816|A668|2025-12-23|net demand for forecast|002490,20251223-C816-A668-LARGE-#1
21139445|C816|A668|2025-12-23|net demand for forecast|002491_transit_20251223-C816-A668-LARGE-#1,2025-12-25,21139445,C816,A668,2025-12-23,2025-12-27,10,21139445|C816|A668|2025-12-23|net demand for forecast|002491,20251223-C816-A668-LARGE-#1
21139445|C816|A668|2025-12-23|net demand for forecast|002492_transit_20251223-C816-A668-LARGE-#1,2025-12-25,21139445,C816,A668,2025-12-23,2025-12-27,10,21139445|C816|A668|2025-12-23|net demand for forecast|002492,20251223-C816-A668-LARGE-#1
21139445|C816|A668|2025-12-23|net demand for forecast|002493_transit_20251223-C816-A668-LARGE-#1,2025-12-25,21139445,C816,A668,2025-12-23,2025-12-27,10,21139445|C816|A668|2025-12-23|net demand for forecast|002493,20251223-C816-A668-LARGE-#1
21139445|C816|A668|2025-12-23|net demand for forecast|002494_transit_20251223-C816-A668-LARGE-#1,2025-12-25,21139445,C816,A668,2025-12-23,2025-12-27,10,21139445|C816|A668|2025-12-23|net demand for forecast|002494,20251223-C816-A668-LARGE-#1
21139445|C816|A668|2025-12-23|net demand for forecast|002495_transit_20251223-C816-A668-LARGE-#1,2025-12-25,21139445,C816,A668,2025-12-23,2025-12-28,10,21139445|C816|A668|2025-12-23|net demand for forecast|002495,20251223-C816-A668-LARGE-#1
21307836|C816|A668|2025-12-23|net demand for forecast|002559_transit_20251223-C816-A668-LARGE-#1,2025-12-25,21307836,C816,A668,2025-12-23,2025-12-27,3,21307836|C816|A668|2025-12-23|net demand for forecast|002559,20251223-C816-A668-LARGE-#1
21307836|C816|A668|2025-12-23|net demand for forecast|002560_transit_20251223-C816-A668-LARGE-#1,2025-12-25,21307836,C816,A668,2025-12-23,2025-12-27,4,21307836|C816|A668|2025-12-23|net demand for forecast|002560,20251223-C816-A668-LARGE-#1
21307836|C816|A668|2025-12-23|net demand for forecast|002561_transit_20251223-C816-A668-LARGE-#1,2025-12-25,21307836,C816,A668,2025-12-23,2025-12-28,4,21307836|C816|A668|2025-12-23|net demand for forecast|002561,20251223-C816-A668-LARGE-#1
21307836|C816|A668|2025-12-23|net demand for forecast|002562_transit_20251223-C816-A668-LARGE-#1,2025-12-25,21307836,C816,A668,2025-12-23,2025-12-27,4,21307836|C816|A668|2025-12-23|net demand for forecast|002562,20251223-C816-A668-LARGE-#1
21307836|C816|A668|2025-12-23|net demand for forecast|002563_transit_20251223-C816-A668-LARGE-#1,2025-12-25,21307836,C816,A668,2025-12-23,2025-12-27,5,21307836|C816|A668|2025-12-23|net demand for forecast|002563,20251223-C816-A668-LARGE-#1
21307836|C816|A668|2025-12-23|net demand for forecast|002564_transit_20251223-C816-A668-LARGE-#1,2025-12-25,21307836,C816,A668,2025-12-23,2025-12-27,5,21307836|C816|A668|2025-12-23|net demand for forecast|002564,20251223-C816-A668-LARGE-#1
21419490|C816|A668|2025-12-23|net demand for forecast|002780_transit_20251223-C816-A668-LARGE-#1,2025-12-25,21419490,C816,A668,2025-12-23,2025-12-27,16,21419490|C816|A668|2025-12-23|net demand for forecast|002780,20251223-C816-A668-LARGE-#1
21419490|C816|A668|2025-12-23|net demand for forecast|002781_transit_20251223-C816-A668-LARGE-#1,2025-12-25,21419490,C816,A668,2025-12-23,2025-12-27,110,21419490|C816|A668|2025-12-23|net demand for forecast|002781,20251223-C816-A668-LARGE-#1
21419490|C816|A668|2025-12-23|net demand for forecast|002782_transit_20251223-C816-A668-LARGE-#1,2025-12-25,21419490,C816,A668,2025-12-23,2025-12-27,110,21419490|C816|A668|2025-12-23|net demand for forecast|002782,20251223-C816-A668-LARGE-#1
21419490|C816|A668|2025-12-23|net demand for forecast|002783_transit_20251223-C816-A668-LARGE-#1,2025-12-25,21419490,C816,A668,2025-12-23,2025-12-27,110,21419490|C816|A668|2025-12-23|net demand for forecast|002783,20251223-C816-A668-LARGE-#1
21419490|C816|A668|2025-12-23|net demand for forecast|002784_transit_20251223-C816-A668-LARGE-#1,2025-12-25,21419490,C816,A668,2025-12-23,2025-12-27,110,21419490|C816|A668|2025-12-23|net demand for forecast|002784,20251223-C816-A668-LARGE-#1
21419490|C816|A668|2025-12-23|net demand for forecast|002785_transit_20251223-C816-A668-LARGE-#1,2025-12-25,21419490,C816,A668,2025-12-23,2025-12-27,111,21419490|C816|A668|2025-12-23|net demand for forecast|002785,20251223-C816-A668-LARGE-#1
21139445|C816|A668|2025-12-23|net demand for safety|002497_transit_20251223-C816-A668-LARGE-#1,2025-12-25,21139445,C816,A668,2025-12-23,2025-12-28,59,21139445|C816|A668|2025-12-23|net demand for safety|002497,20251223-C816-A668-LARGE-#1
21307836|C816|A668|2025-12-23|net demand for safety|002566_transit_20251223-C816-A668-LARGE-#1,2025-12-25,21307836,C816,A668,2025-12-23,2025-12-28,26,21307836|C816|A668|2025-12-23|net demand for safety|002566,20251223-C816-A668-LARGE-#1
80804704|C816|A668|2025-12-23|net demand for safety|002888_transit_20251223-C816-A668-LARGE-#1,2025-12-25,80804704,C816,A668,2025-12-23,2025-12-27,10,80804704|C816|A668|2025-12-23|net demand for safety|002888,20251223-C816-A668-LARGE-#1
80807089|C816|A668|2025-12-23|net demand for safety|002901_transit_20251223-C816-A668-LARGE-#1,2025-12-25,80807089,C816,A668,2025-12-23,2025-12-27,1,80807089|C816|A668|2025-12-23|net demand for safety|002901,20251223-C816-A668-LARGE-#1
21307836|C816|A672|2025-12-23|net demand for normal|002574_transit_20251223-C816-A672-Train-#1,2025-12-25,21307836,C816,A672,2025-12-23,2025-12-31,8,21307836|C816|A672|2025-12-23|net demand for normal|002574,20251223-C816-A672-Train-#1
21428668|C816|A672|2025-12-23|net demand for normal|002814_transit_20251223-C816-A672-Train-#1,2025-12-25,21428668,C816,A672,2025-12-23,2025-12-31,198,21428668|C816|A672|2025-12-23|net demand for normal|002814,20251223-C816-A672-Train-#1
21442422|C816|A672|2025-12-23|net demand for normal|002823_transit_20251223-C816-A672-Train-#1,2025-12-25,21442422,C816,A672,2025-12-23,2025-12-31,43,21442422|C816|A672|2025-12-23|net demand for normal|002823,20251223-C816-A672-Train-#1
21139445|C816|A672|2025-12-23|net demand for forecast|002498_transit_20251223-C816-A672-Train-#1,2025-12-25,21139445,C816,A672,2025-12-23,2025-12-31,12,21139445|C816|A672|2025-12-23|net demand for forecast|002498,20251223-C816-A672-Train-#1
21139445|C816|A672|2025-12-23|net demand for forecast|002499_transit_20251223-C816-A672-Train-#1,2025-12-25,21139445,C816,A672,2025-12-23,2026-01-01,12,21139445|C816|A672|2025-12-23|net demand for forecast|002499,20251223-C816-A672-Train-#1
21139445|C816|A672|2025-12-23|net demand for forecast|002500_transit_20251223-C816-A672-Train-#1,2025-12-25,21139445,C816,A672,2025-12-23,2025-12-31,24,21139445|C816|A672|2025-12-23|net demand for forecast|002500,20251223-C816-A672-Train-#1
21139445|C816|A672|2025-12-23|net demand for forecast|002501_transit_20251223-C816-A672-Train-#1,2025-12-25,21139445,C816,A672,2025-12-23,2026-01-01,25,21139445|C816|A672|2025-12-23|net demand for forecast|002501,20251223-C816-A672-Train-#1
21139445|C816|A672|2025-12-23|net demand for forecast|002502_transit_20251223-C816-A672-Train-#1,2025-12-25,21139445,C816,A672,2025-12-23,2025-12-31,25,21139445|C816|A672|2025-12-23|net demand for forecast|002502,20251223-C816-A672-Train-#1
21139445|C816|A672|2025-12-23|net demand for forecast|002503_transit_20251223-C816-A672-Train-#1,2025-12-25,21139445,C816,A672,2025-12-23,2025-12-31,25,21139445|C816|A672|2025-12-23|net demand for forecast|002503,20251223-C816-A672-Train-#1
21139445|C816|A672|2025-12-23|net demand for forecast|002504_transit_20251223-C816-A672-Train-#1,2025-12-25,21139445,C816,A672,2025-12-23,2025-12-31,25,21139445|C816|A672|2025-12-23|net demand for forecast|002504,20251223-C816-A672-Train-#1
21307836|C816|A672|2025-12-23|net demand for forecast|002567_transit_20251223-C816-A672-Train-#1,2025-12-25,21307836,C816,A672,2025-12-23,2026-01-01,6,21307836|C816|A672|2025-12-23|net demand for forecast|002567,20251223-C816-A672-Train-#1
21307836|C816|A672|2025-12-23|net demand for forecast|002568_transit_20251223-C816-A672-Train-#1,2025-12-25,21307836,C816,A672,2025-12-23,2025-12-31,6,21307836|C816|A672|2025-12-23|net demand for forecast|002568,20251223-C816-A672-Train-#1
21307836|C816|A672|2025-12-23|net demand for forecast|002569_transit_20251223-C816-A672-Train-#1,2025-12-25,21307836,C816,A672,2025-12-23,2025-12-31,10,21307836|C816|A672|2025-12-23|net demand for forecast|002569,20251223-C816-A672-Train-#1
21307836|C816|A672|2025-12-23|net demand for forecast|002570_transit_20251223-C816-A672-Train-#1,2025-12-25,21307836,C816,A672,2025-12-23,2025-12-31,10,21307836|C816|A672|2025-12-23|net demand for forecast|002570,20251223-C816-A672-Train-#1
21307836|C816|A672|2025-12-23|net demand for forecast|002571_transit_20251223-C816-A672-Train-#1,2025-12-25,21307836,C816,A672,2025-12-23,2025-12-31,10,21307836|C816|A672|2025-12-23|net demand for forecast|002571,20251223-C816-A672-Train-#1
21307836|C816|A672|2025-12-23|net demand for forecast|002572_transit_20251223-C816-A672-Train-#1,2025-12-25,21307836,C816,A672,2025-12-23,2025-12-31,10,21307836|C816|A672|2025-12-23|net demand for forecast|002572,20251223-C816-A672-Train-#1
21307836|C816|A672|2025-12-23|net demand for forecast|002573_transit_20251223-C816-A672-Train-#1,2025-12-25,21307836,C816,A672,2025-12-23,2026-01-01,11,21307836|C816|A672|2025-12-23|net demand for forecast|002573,20251223-C816-A672-Train-#1
21419490|C816|A672|2025-12-23|net demand for forecast|002787_transit_20251223-C816-A672-Train-#1,2025-12-25,21419490,C816,A672,2025-12-23,2025-12-31,30,21419490|C816|A672|2025-12-23|net demand for forecast|002787,20251223-C816-A672-Train-#1
21419490|C816|A672|2025-12-23|net demand for forecast|002788_transit_20251223-C816-A672-Train-#1,2025-12-25,21419490,C816,A672,2025-12-23,2025-12-31,30,21419490|C816|A672|2025-12-23|net demand for forecast|002788,20251223-C816-A672-Train-#1
21419490|C816|A672|2025-12-23|net demand for forecast|002789_transit_20251223-C816-A672-Train-#1,2025-12-25,21419490,C816,A672,2025-12-23,2025-12-31,203,21419490|C816|A672|2025-12-23|net demand for forecast|002789,20251223-C816-A672-Train-#1
21419490|C816|A672|2025-12-23|net demand for forecast|002790_transit_20251223-C816-A672-Train-#1,2025-12-25,21419490,C816,A672,2025-12-23,2026-01-01,203,21419490|C816|A672|2025-12-23|net demand for forecast|002790,20251223-C816-A672-Train-#1
21419490|C816|A672|2025-12-23|net demand for forecast|002791_transit_20251223-C816-A672-Train-#1,2025-12-25,21419490,C816,A672,2025-12-23,2025-12-31,203,21419490|C816|A672|2025-12-23|net demand for forecast|002791,20251223-C816-A672-Train-#1
21419490|C816|A672|2025-12-23|net demand for forecast|002792_transit_20251223-C816-A672-Train-#1,2025-12-25,21419490,C816,A672,2025-12-23,2025-12-31,204,21419490|C816|A672|2025-12-23|net demand for forecast|002792,20251223-C816-A672-Train-#1
21419490|C816|A672|2025-12-23|net demand for forecast|002793_transit_20251223-C816-A672-Train-#1,2025-12-25,21419490,C816,A672,2025-12-23,2025-12-31,204,21419490|C816|A672|2025-12-23|net demand for forecast|002793,20251223-C816-A672-Train-#1
21428668|C816|A672|2025-12-23|net demand for forecast|002809_transit_20251223-C816-A672-Train-#1,2025-12-25,21428668,C816,A672,2025-12-23,2025-12-31,1,21428668|C816|A672|2025-12-23|net demand for forecast|002809,20251223-C816-A672-Train-#1
21428668|C816|A672|2025-12-23|net demand for forecast|002810_transit_20251223-C816-A672-Train-#1,2025-12-25,21428668,C816,A672,2025-12-23,2025-12-31,1,21428668|C816|A672|2025-12-23|net demand for forecast|002810,20251223-C816-A672-Train-#1
21428668|C816|A672|2025-12-23|net demand for forecast|002811_transit_20251223-C816-A672-Train-#1,2025-12-25,21428668,C816,A672,2025-12-23,2025-12-31,1,21428668|C816|A672|2025-12-23|net demand for forecast|002811,20251223-C816-A672-Train-#1
21428668|C816|A672|2025-12-23|net demand for forecast|002812_transit_20251223-C816-A672-Train-#1,2025-12-25,21428668,C816,A672,2025-12-23,2025-12-31,1,21428668|C816|A672|2025-12-23|net demand for forecast|002812,20251223-C816-A672-Train-#1
21428668|C816|A672|2025-12-23|net demand for forecast|002813_transit_20251223-C816-A672-Train-#1,2025-12-25,21428668,C816,A672,2025-12-23,2025-12-31,1,21428668|C816|A672|2025-12-23|net demand for forecast|002813,20251223-C816-A672-Train-#1
21139445|C816|A673|2025-12-23|net demand for normal|002516_transit_20251223-C816-A673-LARGE-#1,2025-12-25,21139445,C816,A673,2025-12-23,2025-12-28,40,21139445|C816|A673|2025-12-23|net demand for normal|002516,20251223-C816-A673-LARGE-#1
21307836|C816|A673|2025-12-23|net demand for normal|002581_transit_20251223-C816-A673-LARGE-#1,2025-12-25,21307836,C816,A673,2025-12-23,2025-12-28,17,21307836|C816|A673|2025-12-23|net demand for normal|002581,20251223-C816-A673-LARGE-#1
21419490|C816|A673|2025-12-23|net demand for normal|002800_transit_20251223-C816-A673-LARGE-#1,2025-12-25,21419490,C816,A673,2025-12-23,2025-12-27,450,21419490|C816|A673|2025-12-23|net demand for normal|002800,20251223-C816-A673-LARGE-#1
21428668|C816|A673|2025-12-23|net demand for normal|002820_transit_20251223-C816-A673-LARGE-#1,2025-12-25,21428668,C816,A673,2025-12-23,2025-12-27,237,21428668|C816|A673|2025-12-23|net demand for normal|002820,20251223-C816-A673-LARGE-#1
21442422|C816|A673|2025-12-23|net demand for normal|002824_transit_20251223-C816-A673-LARGE-#1,2025-12-25,21442422,C816,A673,2025-12-23,2025-12-28,229,21442422|C816|A673|2025-12-23|net demand for normal|002824,20251223-C816-A673-LARGE-#1
21139445|C816|A673|2025-12-23|net demand for forecast|002505_transit_20251223-C816-A673-LARGE-#1,2025-12-25,21139445,C816,A673,2025-12-23,2025-12-27,15,21139445|C816|A673|2025-12-23|net demand for forecast|002505,20251223-C816-A673-LARGE-#1
21139445|C816|A673|2025-12-23|net demand for forecast|002506_transit_20251223-C816-A673-LARGE-#1,2025-12-25,21139445,C816,A673,2025-12-23,2025-12-27,31,21139445|C816|A673|2025-12-23|net demand for forecast|002506,20251223-C816-A673-LARGE-#1
21139445|C816|A673|2025-12-23|net demand for forecast|002507_transit_20251223-C816-A673-LARGE-#1,2025-12-25,21139445,C816,A673,2025-12-23,2025-12-27,31,21139445|C816|A673|2025-12-23|net demand for forecast|002507,20251223-C816-A673-LARGE-#1
21139445|C816|A673|2025-12-23|net demand for forecast|002508_transit_20251223-C816-A673-LARGE-#1,2025-12-25,21139445,C816,A673,2025-12-23,2025-12-27,32,21139445|C816|A673|2025-12-23|net demand for forecast|002508,20251223-C816-A673-LARGE-#1
21139445|C816|A673|2025-12-23|net demand for forecast|002509_transit_20251223-C816-A673-LARGE-#1,2025-12-25,21139445,C816,A673,2025-12-23,2025-12-28,32,21139445|C816|A673|2025-12-23|net demand for forecast|002509,20251223-C816-A673-LARGE-#1
21139445|C816|A673|2025-12-23|net demand for forecast|002510_transit_20251223-C816-A673-LARGE-#1,2025-12-25,21139445,C816,A673,2025-12-23,2025-12-27,32,21139445|C816|A673|2025-12-23|net demand for forecast|002510,20251223-C816-A673-LARGE-#1
21307836|C816|A673|2025-12-23|net demand for forecast|002575_transit_20251223-C816-A673-LARGE-#1,2025-12-25,21307836,C816,A673,2025-12-23,2025-12-27,9,21307836|C816|A673|2025-12-23|net demand for forecast|002575,20251223-C816-A673-LARGE-#1
21307836|C816|A673|2025-12-23|net demand for forecast|002576_transit_20251223-C816-A673-LARGE-#1,2025-12-25,21307836,C816,A673,2025-12-23,2025-12-27,16,21307836|C816|A673|2025-12-23|net demand for forecast|002576,20251223-C816-A673-LARGE-#1
21307836|C816|A673|2025-12-23|net demand for forecast|002577_transit_20251223-C816-A673-LARGE-#1,2025-12-25,21307836,C816,A673,2025-12-23,2025-12-27,16,21307836|C816|A673|2025-12-23|net demand for forecast|002577,20251223-C816-A673-LARGE-#1
21307836|C816|A673|2025-12-23|net demand for forecast|002578_transit_20251223-C816-A673-LARGE-#1,2025-12-25,21307836,C816,A673,2025-12-23,2025-12-27,16,21307836|C816|A673|2025-12-23|net demand for forecast|002578,20251223-C816-A673-LARGE-#1
21307836|C816|A673|2025-12-23|net demand for forecast|002579_transit_20251223-C816-A673-LARGE-#1,2025-12-25,21307836,C816,A673,2025-12-23,2025-12-27,16,21307836|C816|A673|2025-12-23|net demand for forecast|002579,20251223-C816-A673-LARGE-#1
21307836|C816|A673|2025-12-23|net demand for forecast|002580_transit_20251223-C816-A673-LARGE-#1,2025-12-25,21307836,C816,A673,2025-12-23,2025-12-27,16,21307836|C816|A673|2025-12-23|net demand for forecast|002580,20251223-C816-A673-LARGE-#1
21419490|C816|A673|2025-12-23|net demand for forecast|002794_transit_20251223-C816-A673-LARGE-#1,2025-12-25,21419490,C816,A673,2025-12-23,2025-12-27,39,21419490|C816|A673|2025-12-23|net demand for forecast|002794,20251223-C816-A673-LARGE-#1
21419490|C816|A673|2025-12-23|net demand for forecast|002795_transit_20251223-C816-A673-LARGE-#1,2025-12-25,21419490,C816,A673,2025-12-23,2025-12-27,266,21419490|C816|A673|2025-12-23|net demand for forecast|002795,20251223-C816-A673-LARGE-#1
21419490|C816|A673|2025-12-23|net demand for forecast|002796_transit_20251223-C816-A673-LARGE-#1,2025-12-25,21419490,C816,A673,2025-12-23,2025-12-27,266,21419490|C816|A673|2025-12-23|net demand for forecast|002796,20251223-C816-A673-LARGE-#1
21419490|C816|A673|2025-12-23|net demand for forecast|002797_transit_20251223-C816-A673-LARGE-#1,2025-12-25,21419490,C816,A673,2025-12-23,2025-12-27,266,21419490|C816|A673|2025-12-23|net demand for forecast|002797,20251223-C816-A673-LARGE-#1
21419490|C816|A673|2025-12-23|net demand for forecast|002798_transit_20251223-C816-A673-LARGE-#1,2025-12-25,21419490,C816,A673,2025-12-23,2025-12-27,266,21419490|C816|A673|2025-12-23|net demand for forecast|002798,20251223-C816-A673-LARGE-#1
21419490|C816|A673|2025-12-23|net demand for forecast|002799_transit_20251223-C816-A673-LARGE-#1,2025-12-25,21419490,C816,A673,2025-12-23,2025-12-27,266,21419490|C816|A673|2025-12-23|net demand for forecast|002799,20251223-C816-A673-LARGE-#1
21428668|C816|A673|2025-12-23|net demand for forecast|002815_transit_20251223-C816-A673-LARGE-#1,2025-12-25,21428668,C816,A673,2025-12-23,2025-12-27,1,21428668|C816|A673|2025-12-23|net demand for forecast|002815,20251223-C816-A673-LARGE-#1
21428668|C816|A673|2025-12-23|net demand for forecast|002816_transit_20251223-C816-A673-LARGE-#1,2025-12-25,21428668,C816,A673,2025-12-23,2025-12-27,1,21428668|C816|A673|2025-12-23|net demand for forecast|002816,20251223-C816-A673-LARGE-#1
21428668|C816|A673|2025-12-23|net demand for forecast|002817_transit_20251223-C816-A673-LARGE-#1,2025-12-25,21428668,C816,A673,2025-12-23,2025-12-27,1,21428668|C816|A673|2025-12-23|net demand for forecast|002817,20251223-C816-A673-LARGE-#1
21428668|C816|A673|2025-12-23|net demand for forecast|002818_transit_20251223-C816-A673-LARGE-#1,2025-12-25,21428668,C816,A673,2025-12-23,2025-12-27,1,21428668|C816|A673|2025-12-23|net demand for forecast|002818,20251223-C816-A673-LARGE-#1
21428668|C816|A673|2025-12-23|net demand for forecast|002819_transit_20251223-C816-A673-LARGE-#1,2025-12-25,21428668,C816,A673,2025-12-23,2025-12-27,1,21428668|C816|A673|2025-12-23|net demand for forecast|002819,20251223-C816-A673-LARGE-#1
80885920|C816|A673|2025-12-23|net demand for forecast|002924_transit_20251223-C816-A673-LARGE-#1,2025-12-25,80885920,C816,A673,2025-12-23,2025-12-27,1,80885920|C816|A673|2025-12-23|net demand for forecast|002924,20251223-C816-A673-LARGE-#1
80885920|C816|A673|2025-12-23|net demand for forecast|002925_transit_20251223-C816-A673-LARGE-#1,2025-12-25,80885920,C816,A673,2025-12-23,2025-12-27,1,80885920|C816|A673|2025-12-23|net demand for forecast|002925,20251223-C816-A673-LARGE-#1
80885920|C816|A673|2025-12-23|net demand for forecast|002926_transit_20251223-C816-A673-LARGE-#1,2025-12-25,80885920,C816,A673,2025-12-23,2025-12-27,1,80885920|C816|A673|2025-12-23|net demand for forecast|002926,20251223-C816-A673-LARGE-#1
80885920|C816|A673|2025-12-23|net demand for forecast|002927_transit_20251223-C816-A673-LARGE-#1,2025-12-25,80885920,C816,A673,2025-12-23,2025-12-27,1,80885920|C816|A673|2025-12-23|net demand for forecast|002927,20251223-C816-A673-LARGE-#1
80885920|C816|A673|2025-12-23|net demand for forecast|002928_transit_20251223-C816-A673-LARGE-#1,2025-12-25,80885920,C816,A673,2025-12-23,2025-12-27,1,80885920|C816|A673|2025-12-23|net demand for forecast|002928,20251223-C816-A673-LARGE-#1
21139445|C816|A673|2025-12-23|net demand for net demand for forecast|002511_transit_20251223-C816-A673-LARGE-#1,2025-12-25,21139445,C816,A673,2025-12-23,2025-12-27,4,21139445|C816|A673|2025-12-23|net demand for net demand for forecast|002511,20251223-C816-A673-LARGE-#1
21139445|C816|A673|2025-12-23|net demand for net demand for forecast|002512_transit_20251223-C816-A673-LARGE-#1,2025-12-25,21139445,C816,A673,2025-12-23,2025-12-27,4,21139445|C816|A673|2025-12-23|net demand for net demand for forecast|002512,20251223-C816-A673-LARGE-#1
21139445|C816|A673|2025-12-23|net demand for net demand for forecast|002513_transit_20251223-C816-A673-LARGE-#1,2025-12-25,21139445,C816,A673,2025-12-23,2025-12-27,5,21139445|C816|A673|2025-12-23|net demand for net demand for forecast|002513,20251223-C816-A673-LARGE-#1
21139445|C816|A673|2025-12-23|net demand for net demand for forecast|002514_transit_20251223-C816-A673-LARGE-#1,2025-12-25,21139445,C816,A673,2025-12-23,2025-12-27,5,21139445|C816|A673|2025-12-23|net demand for net demand for forecast|002514,20251223-C816-A673-LARGE-#1
21139445|C816|A673|2025-12-23|net demand for safety|002517_transit_20251223-C816-A673-LARGE-#1,2025-12-25,21139445,C816,A673,2025-12-23,2025-12-28,187,21139445|C816|A673|2025-12-23|net demand for safety|002517,20251223-C816-A673-LARGE-#1
21307836|C816|A673|2025-12-23|net demand for safety|002582_transit_20251223-C816-A673-LARGE-#1,2025-12-25,21307836,C816,A673,2025-12-23,2025-12-27,95,21307836|C816|A673|2025-12-23|net demand for safety|002582,20251223-C816-A673-LARGE-#1
80848021|C816|A673|2025-12-23|net demand for safety|002911_transit_20251223-C816-A673-LARGE-#1,2025-12-25,80848021,C816,A673,2025-12-23,2025-12-27,1,80848021|C816|A673|2025-12-23|net demand for safety|002911,20251223-C816-A673-LARGE-#1
21139445|C816|A673|2025-12-23|net demand for net demand for safety|002515_transit_20251223-C816-A673-LARGE-#1,2025-12-25,21139445,C816,A673,2025-12-23,2025-12-27,29,21139445|C816|A673|2025-12-23|net demand for net demand for safety|002515,20251223-C816-A673-LARGE-#1
21165946|0386|C810|2025-12-21|net demand for net demand for forecast|001296_transit_20251223-0386-C810-LARGE-#1,2025-12-25,21165946,0386,C810,2025-12-23,2025-12-26,1,21165946|0386|C810|2025-12-21|net demand for net demand for forecast|001296,20251223-0386-C810-LARGE-#1
21165946|0386|C810|2025-12-21|net demand for net demand for forecast|001298_transit_20251223-0386-C810-LARGE-#1,2025-12-25,21165946,0386,C810,2025-12-23,2025-12-26,1,21165946|0386|C810|2025-12-21|net demand for net demand for forecast|001298,20251223-0386-C810-LARGE-#1
21170683|0386|C810|2025-12-21|net demand for net demand for forecast|001413_transit_20251223-0386-C810-LARGE-#1,2025-12-25,21170683,0386,C810,2025-12-23,2025-12-26,1,21170683|0386|C810|2025-12-21|net demand for net demand for forecast|001413,20251223-0386-C810-LARGE-#1
21291975|A673|D901|2025-12-16|net demand for normal|000075_transit_20251224-A673-D901-SMALL-#1,2025-12-25,21291975,A673,D901,2025-12-24,2025-12-26,22,21291975|A673|D901|2025-12-16|net demand for normal|000075,20251224-A673-D901-SMALL-#1
21301637|A673|D901|2025-12-16|net demand for normal|000076_transit_20251224-A673-D901-SMALL-#1,2025-12-25,21301637,A673,D901,2025-12-24,2025-12-27,53,21301637|A673|D901|2025-12-16|net demand for normal|000076,20251224-A673-D901-SMALL-#1
21291975|A673|D901|2025-12-18|net demand for normal|000150_transit_20251224-A673-D901-SMALL-#1,2025-12-25,21291975,A673,D901,2025-12-24,2025-12-26,23,21291975|A673|D901|2025-12-18|net demand for normal|000150,20251224-A673-D901-SMALL-#1
21301637|A673|D901|2025-12-18|net demand for normal|000151_transit_20251224-A673-D901-SMALL-#1,2025-12-25,21301637,A673,D901,2025-12-24,2025-12-26,42,21301637|A673|D901|2025-12-18|net demand for normal|000151,20251224-A673-D901-SMALL-#1
21291975|A673|D901|2025-12-19|net demand for normal|000335_transit_20251224-A673-D901-SMALL-#1,2025-12-25,21291975,A673,D901,2025-12-24,2025-12-26,20,21291975|A673|D901|2025-12-19|net demand for normal|000335,20251224-A673-D901-SMALL-#1
21301637|A673|D901|2025-12-19|net demand for normal|000460_transit_20251224-A673-D901-SMALL-#1,2025-12-25,21301637,A673,D901,2025-12-24,2025-12-26,33,21301637|A673|D901|2025-12-19|net demand for normal|000460,20251224-A673-D901-SMALL-#1
21291975|A673|D901|2025-12-20|net demand for normal|000806_transit_20251224-A673-D901-SMALL-#1,2025-12-25,21291975,A673,D901,2025-12-24,2025-12-26,25,21291975|A673|D901|2025-12-20|net demand for normal|000806,20251224-A673-D901-SMALL-#1
21301637|A673|D901|2025-12-20|net demand for normal|000810_transit_20251224-A673-D901-SMALL-#1,2025-12-25,21301637,A673,D901,2025-12-24,2025-12-26,4,21301637|A673|D901|2025-12-20|net demand for normal|000810,20251224-A673-D901-SMALL-#1
21165946|A673|D901|2025-12-24|net demand for normal|003041_transit_20251224-A673-D901-SMALL-#1,2025-12-25,21165946,A673,D901,2025-12-24,2025-12-26,2,21165946|A673|D901|2025-12-24|net demand for normal|003041,20251224-A673-D901-SMALL-#1
21170683|A673|D901|2025-12-24|net demand for normal|003045_transit_20251224-A673-D901-SMALL-#1,2025-12-25,21170683,A673,D901,2025-12-24,2025-12-26,33,21170683|A673|D901|2025-12-24|net demand for normal|003045,20251224-A673-D901-SMALL-#1
21325292|A673|D901|2025-12-24|net demand for normal|003101_transit_20251224-A673-D901-SMALL-#1,2025-12-25,21325292,A673,D901,2025-12-24,2025-12-26,7,21325292|A673|D901|2025-12-24|net demand for normal|003101,20251224-A673-D901-SMALL-#1
21137866|A673|D901|2025-12-24|net demand for forecast|002997_transit_20251224-A673-D901-SMALL-#1,2025-12-25,21137866,A673,D901,2025-12-24,2025-12-27,12,21137866|A673|D901|2025-12-24|net demand for forecast|002997,20251224-A673-D901-SMALL-#1
21137866|A673|D901|2025-12-24|net demand for forecast|002998_transit_20251224-A673-D901-SMALL-#1,2025-12-25,21137866,A673,D901,2025-12-24,2025-12-26,12,21137866|A673|D901|2025-12-24|net demand for forecast|002998,20251224-A673-D901-SMALL-#1
21137866|A673|D901|2025-12-24|net demand for forecast|002999_transit_20251224-A673-D901-SMALL-#1,2025-12-25,21137866,A673,D901,2025-12-24,2025-12-26,12,21137866|A673|D901|2025-12-24|net demand for forecast|002999,20251224-A673-D901-SMALL-#1
21137866|A673|D901|2025-12-24|net demand for forecast|003000_transit_20251224-A673-D901-SMALL-#1,2025-12-25,21137866,A673,D901,2025-12-24,2025-12-26,12,21137866|A673|D901|2025-12-24|net demand for forecast|003000,20251224-A673-D901-SMALL-#1
21301637|A673|D901|2025-12-24|net demand for forecast|003063_transit_20251224-A673-D901-SMALL-#1,2025-12-25,21301637,A673,D901,2025-12-24,2025-12-26,11,21301637|A673|D901|2025-12-24|net demand for forecast|003063,20251224-A673-D901-SMALL-#1
21301637|A673|D901|2025-12-24|net demand for forecast|003064_transit_20251224-A673-D901-SMALL-#1,2025-12-25,21301637,A673,D901,2025-12-24,2025-12-26,11,21301637|A673|D901|2025-12-24|net demand for forecast|003064,20251224-A673-D901-SMALL-#1
21301637|A673|D901|2025-12-24|net demand for forecast|003065_transit_20251224-A673-D901-SMALL-#1,2025-12-25,21301637,A673,D901,2025-12-24,2025-12-26,11,21301637|A673|D901|2025-12-24|net demand for forecast|003065,20251224-A673-D901-SMALL-#1
21301637|A673|D901|2025-12-24|net demand for forecast|003066_transit_20251224-A673-D901-SMALL-#1,2025-12-25,21301637,A673,D901,2025-12-24,2025-12-26,11,21301637|A673|D901|2025-12-24|net demand for forecast|003066,20251224-A673-D901-SMALL-#1
21314875|A673|D901|2025-12-24|net demand for forecast|003084_transit_20251224-A673-D901-SMALL-#1,2025-12-25,21314875,A673,D901,2025-12-24,2025-12-26,1,21314875|A673|D901|2025-12-24|net demand for forecast|003084,20251224-A673-D901-SMALL-#1
21314875|A673|D901|2025-12-24|net demand for forecast|003085_transit_20251224-A673-D901-SMALL-#1,2025-12-25,21314875,A673,D901,2025-12-24,2025-12-26,1,21314875|A673|D901|2025-12-24|net demand for forecast|003085,20251224-A673-D901-SMALL-#1
21314875|A673|D901|2025-12-24|net demand for forecast|003086_transit_20251224-A673-D901-SMALL-#1,2025-12-25,21314875,A673,D901,2025-12-24,2025-12-26,1,21314875|A673|D901|2025-12-24|net demand for forecast|003086,20251224-A673-D901-SMALL-#1
21314875|A673|D901|2025-12-24|net demand for forecast|003087_transit_20251224-A673-D901-SMALL-#1,2025-12-25,21314875,A673,D901,2025-12-24,2025-12-26,1,21314875|A673|D901|2025-12-24|net demand for forecast|003087,20251224-A673-D901-SMALL-#1
80804135|A673|D901|2025-12-24|net demand for forecast|003344_transit_20251224-A673-D901-SMALL-#1,2025-12-25,80804135,A673,D901,2025-12-24,2025-12-26,2,80804135|A673|D901|2025-12-24|net demand for forecast|003344,20251224-A673-D901-SMALL-#1
80804135|A673|D901|2025-12-24|net demand for forecast|003345_transit_20251224-A673-D901-SMALL-#1,2025-12-25,80804135,A673,D901,2025-12-24,2025-12-26,2,80804135|A673|D901|2025-12-24|net demand for forecast|003345,20251224-A673-D901-SMALL-#1
80804135|A673|D901|2025-12-24|net demand for forecast|003346_transit_20251224-A673-D901-SMALL-#1,2025-12-25,80804135,A673,D901,2025-12-24,2025-12-26,2,80804135|A673|D901|2025-12-24|net demand for forecast|003346,20251224-A673-D901-SMALL-#1
80804135|A673|D901|2025-12-24|net demand for forecast|003347_transit_20251224-A673-D901-SMALL-#1,2025-12-25,80804135,A673,D901,2025-12-24,2025-12-26,2,80804135|A673|D901|2025-12-24|net demand for forecast|003347,20251224-A673-D901-SMALL-#1
80804135|A673|D901|2025-12-24|net demand for safety|003348_transit_20251224-A673-D901-SMALL-#1,2025-12-25,80804135,A673,D901,2025-12-24,2025-12-26,10,80804135|A673|D901|2025-12-24|net demand for safety|003348,20251224-A673-D901-SMALL-#1
80807089|A673|D901|2025-12-24|net demand for safety|003405_transit_20251224-A673-D901-SMALL-#1,2025-12-25,80807089,A673,D901,2025-12-24,2025-12-26,14,80807089|A673|D901|2025-12-24|net demand for safety|003405,20251224-A673-D901-SMALL-#1
80807110|A673|D901|2025-12-24|net demand for safety|003453_transit_20251224-A673-D901-SMALL-#1,2025-12-25,80807110,A673,D901,2025-12-24,2025-12-26,66,80807110|A673|D901|2025-12-24|net demand for safety|003453,20251224-A673-D901-SMALL-#1
80812846|A673|D901|2025-12-24|net demand for safety|003560_transit_20251224-A673-D901-SMALL-#1,2025-12-25,80812846,A673,D901,2025-12-24,2025-12-26,23,80812846|A673|D901|2025-12-24|net demand for safety|003560,20251224-A673-D901-SMALL-#1
80848028|A673|D901|2025-12-24|net demand for safety|003566_transit_20251224-A673-D901-SMALL-#1,2025-12-25,80848028,A673,D901,2025-12-24,2025-12-26,8,80848028|A673|D901|2025-12-24|net demand for safety|003566,20251224-A673-D901-SMALL-#1
21414747|C816|A680|2025-12-20|net demand for normal|000948_transit_20251224-C816-A680-Train-#1,2025-12-25,21414747,C816,A680,2025-12-24,2025-12-30,44,21414747|C816|A680|2025-12-20|net demand for normal|000948,20251224-C816-A680-Train-#1
21307836|C816|A680|2025-12-24|net demand for normal|003082_transit_20251224-C816-A680-Train-#1,2025-12-25,21307836,C816,A680,2025-12-24,2025-12-31,3,21307836|C816|A680|2025-12-24|net demand for normal|003082,20251224-C816-A680-Train-#1
21414747|C816|A680|2025-12-24|net demand for normal|003226_transit_20251224-C816-A680-Train-#1,2025-12-25,21414747,C816,A680,2025-12-24,2025-12-31,102,21414747|C816|A680|2025-12-24|net demand for normal|003226,20251224-C816-A680-Train-#1
21419490|C816|A680|2025-12-24|net demand for normal|003321_transit_20251224-C816-A680-Train-#1,2025-12-25,21419490,C816,A680,2025-12-24,2025-12-30,9,21419490|C816|A680|2025-12-24|net demand for normal|003321,20251224-C816-A680-Train-#1
21428668|C816|A680|2025-12-24|net demand for normal|003326_transit_20251224-C816-A680-Train-#1,2025-12-25,21428668,C816,A680,2025-12-24,2025-12-30,91,21428668|C816|A680|2025-12-24|net demand for normal|003326,20251224-C816-A680-Train-#1
21442422|C816|A680|2025-12-24|net demand for normal|003330_transit_20251224-C816-A680-Train-#1,2025-12-25,21442422,C816,A680,2025-12-24,2025-12-30,30,21442422|C816|A680|2025-12-24|net demand for normal|003330,20251224-C816-A680-Train-#1
21139445|C816|A680|2025-12-24|net demand for forecast|003021_transit_20251224-C816-A680-Train-#1,2025-12-25,21139445,C816,A680,2025-12-24,2025-12-30,3,21139445|C816|A680|2025-12-24|net demand for forecast|003021,20251224-C816-A680-Train-#1
21139445|C816|A680|2025-12-24|net demand for forecast|003022_transit_20251224-C816-A680-Train-#1,2025-12-25,21139445,C816,A680,2025-12-24,2025-12-30,3,21139445|C816|A680|2025-12-24|net demand for forecast|003022,20251224-C816-A680-Train-#1
21139445|C816|A680|2025-12-24|net demand for forecast|003023_transit_20251224-C816-A680-Train-#1,2025-12-25,21139445,C816,A680,2025-12-24,2025-12-30,3,21139445|C816|A680|2025-12-24|net demand for forecast|003023,20251224-C816-A680-Train-#1
21139445|C816|A680|2025-12-24|net demand for forecast|003024_transit_20251224-C816-A680-Train-#1,2025-12-25,21139445,C816,A680,2025-12-24,2025-12-30,5,21139445|C816|A680|2025-12-24|net demand for forecast|003024,20251224-C816-A680-Train-#1
21139445|C816|A680|2025-12-24|net demand for forecast|003025_transit_20251224-C816-A680-Train-#1,2025-12-25,21139445,C816,A680,2025-12-24,2025-12-30,5,21139445|C816|A680|2025-12-24|net demand for forecast|003025,20251224-C816-A680-Train-#1
21139445|C816|A680|2025-12-24|net demand for forecast|003026_transit_20251224-C816-A680-Train-#1,2025-12-25,21139445,C816,A680,2025-12-24,2025-12-31,5,21139445|C816|A680|2025-12-24|net demand for forecast|003026,20251224-C816-A680-Train-#1
21139445|C816|A680|2025-12-24|net demand for forecast|003027_transit_20251224-C816-A680-Train-#1,2025-12-25,21139445,C816,A680,2025-12-24,2025-12-30,6,21139445|C816|A680|2025-12-24|net demand for forecast|003027,20251224-C816-A680-Train-#1
21307836|C816|A680|2025-12-24|net demand for forecast|003075_transit_20251224-C816-A680-Train-#1,2025-12-25,21307836,C816,A680,2025-12-24,2025-12-30,2,21307836|C816|A680|2025-12-24|net demand for forecast|003075,20251224-C816-A680-Train-#1
21307836|C816|A680|2025-12-24|net demand for forecast|003076_transit_20251224-C816-A680-Train-#1,2025-12-25,21307836,C816,A680,2025-12-24,2025-12-30,2,21307836|C816|A680|2025-12-24|net demand for forecast|003076,20251224-C816-A680-Train-#1
21307836|C816|A680|2025-12-24|net demand for forecast|003077_transit_20251224-C816-A680-Train-#1,2025-12-25,21307836,C816,A680,2025-12-24,2025-12-30,2,21307836|C816|A680|2025-12-24|net demand for forecast|003077,20251224-C816-A680-Train-#1
21307836|C816|A680|2025-12-24|net demand for forecast|003078_transit_20251224-C816-A680-Train-#1,2025-12-25,21307836,C816,A680,2025-12-24,2025-12-30,3,21307836|C816|A680|2025-12-24|net demand for forecast|003078,20251224-C816-A680-Train-#1
21307836|C816|A680|2025-12-24|net demand for forecast|003079_transit_20251224-C816-A680-Train-#1,2025-12-25,21307836,C816,A680,2025-12-24,2025-12-30,3,21307836|C816|A680|2025-12-24|net demand for forecast|003079,20251224-C816-A680-Train-#1
21307836|C816|A680|2025-12-24|net demand for forecast|003080_transit_20251224-C816-A680-Train-#1,2025-12-25,21307836,C816,A680,2025-12-24,2025-12-31,3,21307836|C816|A680|2025-12-24|net demand for forecast|003080,20251224-C816-A680-Train-#1
21307836|C816|A680|2025-12-24|net demand for forecast|003081_transit_20251224-C816-A680-Train-#1,2025-12-25,21307836,C816,A680,2025-12-24,2025-12-30,3,21307836|C816|A680|2025-12-24|net demand for forecast|003081,20251224-C816-A680-Train-#1
21414747|C816|A680|2025-12-24|net demand for forecast|003219_transit_20251224-C816-A680-Train-#1,2025-12-25,21414747,C816,A680,2025-12-24,2025-12-31,10,21414747|C816|A680|2025-12-24|net demand for forecast|003219,20251224-C816-A680-Train-#1
21414747|C816|A680|2025-12-24|net demand for forecast|003220_transit_20251224-C816-A680-Train-#1,2025-12-25,21414747,C816,A680,2025-12-24,2025-12-30,10,21414747|C816|A680|2025-12-24|net demand for forecast|003220,20251224-C816-A680-Train-#1
21414747|C816|A680|2025-12-24|net demand for forecast|003221_transit_20251224-C816-A680-Train-#1,2025-12-25,21414747,C816,A680,2025-12-24,2025-12-30,10,21414747|C816|A680|2025-12-24|net demand for forecast|003221,20251224-C816-A680-Train-#1
21414747|C816|A680|2025-12-24|net demand for forecast|003222_transit_20251224-C816-A680-Train-#1,2025-12-25,21414747,C816,A680,2025-12-24,2025-12-31,66,21414747|C816|A680|2025-12-24|net demand for forecast|003222,20251224-C816-A680-Train-#1
21414747|C816|A680|2025-12-24|net demand for forecast|003223_transit_20251224-C816-A680-Train-#1,2025-12-25,21414747,C816,A680,2025-12-24,2025-12-30,66,21414747|C816|A680|2025-12-24|net demand for forecast|003223,20251224-C816-A680-Train-#1
21414747|C816|A680|2025-12-24|net demand for forecast|003224_transit_20251224-C816-A680-Train-#1,2025-12-25,21414747,C816,A680,2025-12-24,2025-12-30,66,21414747|C816|A680|2025-12-24|net demand for forecast|003224,20251224-C816-A680-Train-#1
21414747|C816|A680|2025-12-24|net demand for forecast|003225_transit_20251224-C816-A680-Train-#1,2025-12-25,21414747,C816,A680,2025-12-24,2025-12-30,66,21414747|C816|A680|2025-12-24|net demand for forecast|003225,20251224-C816-A680-Train-#1
21419490|C816|A680|2025-12-24|net demand for forecast|003314_transit_20251224-C816-A680-Train-#1,2025-12-25,21419490,C816,A680,2025-12-24,2025-12-30,3,21419490|C816|A680|2025-12-24|net demand for forecast|003314,20251224-C816-A680-Train-#1
21419490|C816|A680|2025-12-24|net demand for forecast|003315_transit_20251224-C816-A680-Train-#1,2025-12-25,21419490,C816,A680,2025-12-24,2025-12-30,3,21419490|C816|A680|2025-12-24|net demand for forecast|003315,20251224-C816-A680-Train-#1
21419490|C816|A680|2025-12-24|net demand for forecast|003316_transit_20251224-C816-A680-Train-#1,2025-12-25,21419490,C816,A680,2025-12-24,2025-12-30,3,21419490|C816|A680|2025-12-24|net demand for forecast|003316,20251224-C816-A680-Train-#1
21419490|C816|A680|2025-12-24|net demand for forecast|003317_transit_20251224-C816-A680-Train-#1,2025-12-25,21419490,C816,A680,2025-12-24,2025-12-30,19,21419490|C816|A680|2025-12-24|net demand for forecast|003317,20251224-C816-A680-Train-#1
21419490|C816|A680|2025-12-24|net demand for forecast|003318_transit_20251224-C816-A680-Train-#1,2025-12-25,21419490,C816,A680,2025-12-24,2025-12-30,19,21419490|C816|A680|2025-12-24|net demand for forecast|003318,20251224-C816-A680-Train-#1
21419490|C816|A680|2025-12-24|net demand for forecast|003319_transit_20251224-C816-A680-Train-#1,2025-12-25,21419490,C816,A680,2025-12-24,2025-12-30,19,21419490|C816|A680|2025-12-24|net demand for forecast|003319,20251224-C816-A680-Train-#1
21419490|C816|A680|2025-12-24|net demand for forecast|003320_transit_20251224-C816-A680-Train-#1,2025-12-25,21419490,C816,A680,2025-12-24,2025-12-30,19,21419490|C816|A680|2025-12-24|net demand for forecast|003320,20251224-C816-A680-Train-#1
80868100|C816|A680|2025-12-24|net demand for forecast|003625_transit_20251224-C816-A680-Train-#1,2025-12-25,80868100,C816,A680,2025-12-24,2025-12-30,1,80868100|C816|A680|2025-12-24|net demand for forecast|003625,20251224-C816-A680-Train-#1
80868100|C816|A680|2025-12-24|net demand for forecast|003626_transit_20251224-C816-A680-Train-#1,2025-12-25,80868100,C816,A680,2025-12-24,2025-12-30,1,80868100|C816|A680|2025-12-24|net demand for forecast|003626,20251224-C816-A680-Train-#1
80868100|C816|A680|2025-12-24|net demand for forecast|003627_transit_20251224-C816-A680-Train-#1,2025-12-25,80868100,C816,A680,2025-12-24,2025-12-30,1,80868100|C816|A680|2025-12-24|net demand for forecast|003627,20251224-C816-A680-Train-#1
80868100|C816|A680|2025-12-24|net demand for forecast|003628_transit_20251224-C816-A680-Train-#1,2025-12-25,80868100,C816,A680,2025-12-24,2025-12-31,1,80868100|C816|A680|2025-12-24|net demand for forecast|003628,20251224-C816-A680-Train-#1
80868100|C816|A680|2025-12-24|net demand for forecast|003629_transit_20251224-C816-A680-Train-#1,2025-12-25,80868100,C816,A680,2025-12-24,2025-12-30,1,80868100|C816|A680|2025-12-24|net demand for forecast|003629,20251224-C816-A680-Train-#1
80868100|C816|A680|2025-12-24|net demand for forecast|003630_transit_20251224-C816-A680-Train-#1,2025-12-25,80868100,C816,A680,2025-12-24,2025-12-30,1,80868100|C816|A680|2025-12-24|net demand for forecast|003630,20251224-C816-A680-Train-#1
80868100|C816|A680|2025-12-24|net demand for forecast|003631_transit_20251224-C816-A680-Train-#1,2025-12-25,80868100,C816,A680,2025-12-24,2025-12-30,1,80868100|C816|A680|2025-12-24|net demand for forecast|003631,20251224-C816-A680-Train-#1
21170683|0386|A668|2025-12-23|net demand for normal|002542_transit_20251224-0386-A668-Train-#1,2025-12-25,21170683,0386,A668,2025-12-24,2025-12-29,1,21170683|0386|A668|2025-12-23|net demand for normal|002542,20251224-0386-A668-Train-#1
21377091|0386|A668|2025-12-23|net demand for normal|002621_transit_20251224-0386-A668-Train-#1,2025-12-25,21377091,0386,A668,2025-12-24,2025-12-29,11,21377091|0386|A668|2025-12-23|net demand for normal|002621,20251224-0386-A668-Train-#1
21121751|0386|A668|2025-12-23|net demand for forecast|002373_transit_20251224-0386-A668-Train-#1,2025-12-25,21121751,0386,A668,2025-12-24,2025-12-29,1,21121751|0386|A668|2025-12-23|net demand for forecast|002373,20251224-0386-A668-Train-#1
21121751|0386|A668|2025-12-23|net demand for forecast|002374_transit_20251224-0386-A668-Train-#1,2025-12-25,21121751,0386,A668,2025-12-24,2025-12-29,1,21121751|0386|A668|2025-12-23|net demand for forecast|002374,20251224-0386-A668-Train-#1
21121751|0386|A668|2025-12-23|net demand for forecast|002375_transit_20251224-0386-A668-Train-#1,2025-12-25,21121751,0386,A668,2025-12-24,2025-12-29,1,21121751|0386|A668|2025-12-23|net demand for forecast|002375,20251224-0386-A668-Train-#1
21121751|0386|A668|2025-12-23|net demand for forecast|002376_transit_20251224-0386-A668-Train-#1,2025-12-25,21121751,0386,A668,2025-12-24,2025-12-29,1,21121751|0386|A668|2025-12-23|net demand for forecast|002376,20251224-0386-A668-Train-#1
21121751|0386|A668|2025-12-23|net demand for forecast|002377_transit_20251224-0386-A668-Train-#1,2025-12-25,21121751,0386,A668,2025-12-24,2025-12-29,1,21121751|0386|A668|2025-12-23|net demand for forecast|002377,20251224-0386-A668-Train-#1
21121751|0386|A668|2025-12-23|net demand for forecast|002378_transit_20251224-0386-A668-Train-#1,2025-12-25,21121751,0386,A668,2025-12-24,2025-12-29,1,21121751|0386|A668|2025-12-23|net demand for forecast|002378,20251224-0386-A668-Train-#1
21121751|0386|A668|2025-12-23|net demand for forecast|002379_transit_20251224-0386-A668-Train-#1,2025-12-25,21121751,0386,A668,2025-12-24,2025-12-29,1,21121751|0386|A668|2025-12-23|net demand for forecast|002379,20251224-0386-A668-Train-#1
21121751|0386|A668|2025-12-23|net demand for forecast|002380_transit_20251224-0386-A668-Train-#1,2025-12-25,21121751,0386,A668,2025-12-24,2025-12-29,1,21121751|0386|A668|2025-12-23|net demand for forecast|002380,20251224-0386-A668-Train-#1
21121751|0386|A668|2025-12-23|net demand for forecast|002381_transit_20251224-0386-A668-Train-#1,2025-12-25,21121751,0386,A668,2025-12-24,2025-12-29,1,21121751|0386|A668|2025-12-23|net demand for forecast|002381,20251224-0386-A668-Train-#1
21121751|0386|A668|2025-12-23|net demand for forecast|002382_transit_20251224-0386-A668-Train-#1,2025-12-25,21121751,0386,A668,2025-12-24,2025-12-29,1,21121751|0386|A668|2025-12-23|net demand for forecast|002382,20251224-0386-A668-Train-#1
21377091|0386|A668|2025-12-23|net demand for forecast|002611_transit_20251224-0386-A668-Train-#1,2025-12-25,21377091,0386,A668,2025-12-24,2025-12-29,4,21377091|0386|A668|2025-12-23|net demand for forecast|002611,20251224-0386-A668-Train-#1
21377091|0386|A668|2025-12-23|net demand for forecast|002612_transit_20251224-0386-A668-Train-#1,2025-12-25,21377091,0386,A668,2025-12-24,2025-12-29,4,21377091|0386|A668|2025-12-23|net demand for forecast|002612,20251224-0386-A668-Train-#1
21377091|0386|A668|2025-12-23|net demand for forecast|002613_transit_20251224-0386-A668-Train-#1,2025-12-25,21377091,0386,A668,2025-12-24,2025-12-29,4,21377091|0386|A668|2025-12-23|net demand for forecast|002613,20251224-0386-A668-Train-#1
21377091|0386|A668|2025-12-23|net demand for forecast|002614_transit_20251224-0386-A668-Train-#1,2025-12-25,21377091,0386,A668,2025-12-24,2025-12-29,4,21377091|0386|A668|2025-12-23|net demand for forecast|002614,20251224-0386-A668-Train-#1
21377091|0386|A668|2025-12-23|net demand for forecast|002615_transit_20251224-0386-A668-Train-#1,2025-12-25,21377091,0386,A668,2025-12-24,2025-12-29,4,21377091|0386|A668|2025-12-23|net demand for forecast|002615,20251224-0386-A668-Train-#1
21377091|0386|A668|2025-12-23|net demand for forecast|002616_transit_20251224-0386-A668-Train-#1,2025-12-25,21377091,0386,A668,2025-12-24,2025-12-29,9,21377091|0386|A668|2025-12-23|net demand for forecast|002616,20251224-0386-A668-Train-#1
21377091|0386|A668|2025-12-23|net demand for forecast|002617_transit_20251224-0386-A668-Train-#1,2025-12-25,21377091,0386,A668,2025-12-24,2025-12-29,9,21377091|0386|A668|2025-12-23|net demand for forecast|002617,20251224-0386-A668-Train-#1
21377091|0386|A668|2025-12-23|net demand for forecast|002618_transit_20251224-0386-A668-Train-#1,2025-12-25,21377091,0386,A668,2025-12-24,2025-12-29,9,21377091|0386|A668|2025-12-23|net demand for forecast|002618,20251224-0386-A668-Train-#1
21377091|0386|A668|2025-12-23|net demand for forecast|002619_transit_20251224-0386-A668-Train-#1,2025-12-25,21377091,0386,A668,2025-12-24,2025-12-29,9,21377091|0386|A668|2025-12-23|net demand for forecast|002619,20251224-0386-A668-Train-#1
21377091|0386|A668|2025-12-23|net demand for forecast|002620_transit_20251224-0386-A668-Train-#1,2025-12-25,21377091,0386,A668,2025-12-24,2025-12-29,9,21377091|0386|A668|2025-12-23|net demand for forecast|002620,20251224-0386-A668-Train-#1
21376841|0386|A668|2025-12-24|net demand for forecast|003112_transit_20251224-0386-A668-Train-#1,2025-12-25,21376841,0386,A668,2025-12-24,2025-12-29,5,21376841|0386|A668|2025-12-24|net demand for forecast|003112,20251224-0386-A668-Train-#1
21376841|0386|A668|2025-12-24|net demand for forecast|003113_transit_20251224-0386-A668-Train-#1,2025-12-25,21376841,0386,A668,2025-12-24,2025-12-29,6,21376841|0386|A668|2025-12-24|net demand for forecast|003113,20251224-0386-A668-Train-#1
21376841|0386|A668|2025-12-24|net demand for forecast|003114_transit_20251224-0386-A668-Train-#1,2025-12-25,21376841,0386,A668,2025-12-24,2025-12-29,6,21376841|0386|A668|2025-12-24|net demand for forecast|003114,20251224-0386-A668-Train-#1
21376841|0386|A668|2025-12-24|net demand for forecast|003115_transit_20251224-0386-A668-Train-#1,2025-12-25,21376841,0386,A668,2025-12-24,2025-12-29,6,21376841|0386|A668|2025-12-24|net demand for forecast|003115,20251224-0386-A668-Train-#1
21376841|0386|A668|2025-12-24|net demand for forecast|003116_transit_20251224-0386-A668-Train-#1,2025-12-25,21376841,0386,A668,2025-12-24,2025-12-29,6,21376841|0386|A668|2025-12-24|net demand for forecast|003116,20251224-0386-A668-Train-#1
21376841|0386|A668|2025-12-24|net demand for forecast|003117_transit_20251224-0386-A668-Train-#1,2025-12-25,21376841,0386,A668,2025-12-24,2025-12-29,6,21376841|0386|A668|2025-12-24|net demand for forecast|003117,20251224-0386-A668-Train-#1
21376841|0386|A668|2025-12-24|net demand for forecast|003118_transit_20251224-0386-A668-Train-#1,2025-12-25,21376841,0386,A668,2025-12-24,2025-12-29,11,21376841|0386|A668|2025-12-24|net demand for forecast|003118,20251224-0386-A668-Train-#1
21376841|0386|A668|2025-12-24|net demand for forecast|003119_transit_20251224-0386-A668-Train-#1,2025-12-25,21376841,0386,A668,2025-12-24,2025-12-29,11,21376841|0386|A668|2025-12-24|net demand for forecast|003119,20251224-0386-A668-Train-#1
21376841|0386|A668|2025-12-24|net demand for forecast|003120_transit_20251224-0386-A668-Train-#1,2025-12-25,21376841,0386,A668,2025-12-24,2025-12-29,11,21376841|0386|A668|2025-12-24|net demand for forecast|003120,20251224-0386-A668-Train-#1
21376841|0386|A668|2025-12-24|net demand for forecast|003121_transit_20251224-0386-A668-Train-#1,2025-12-25,21376841,0386,A668,2025-12-24,2025-12-30,11,21376841|0386|A668|2025-12-24|net demand for forecast|003121,20251224-0386-A668-Train-#1
21121751|0386|A668|2025-12-23|net demand for safety|002383_transit_20251224-0386-A668-Train-#1,2025-12-25,21121751,0386,A668,2025-12-24,2025-12-29,8,21121751|0386|A668|2025-12-23|net demand for safety|002383,20251224-0386-A668-Train-#1
21377091|0386|A668|2025-12-23|net demand for safety|002622_transit_20251224-0386-A668-Train-#1,2025-12-25,21377091,0386,A668,2025-12-24,2025-12-29,10,21377091|0386|A668|2025-12-23|net demand for safety|002622,20251224-0386-A668-Train-#1
21118864|0386|A668|2025-12-24|net demand for safety|002936_transit_20251224-0386-A668-Train-#1,2025-12-25,21118864,0386,A668,2025-12-24,2025-12-29,2,21118864|0386|A668|2025-12-24|net demand for safety|002936,20251224-0386-A668-Train-#1
21127730|0386|A668|2025-12-24|net demand for safety|002948_transit_20251224-0386-A668-Train-#1,2025-12-25,21127730,0386,A668,2025-12-24,2025-12-29,83,21127730|0386|A668|2025-12-24|net demand for safety|002948,20251224-0386-A668-Train-#1
21376841|0386|A668|2025-12-24|net demand for safety|003122_transit_20251224-0386-A668-Train-#1,2025-12-25,21376841,0386,A668,2025-12-24,2025-12-29,38,21376841|0386|A668|2025-12-24|net demand for safety|003122,20251224-0386-A668-Train-#1
80805856|0386|A668|2025-12-24|net demand for safety|003351_transit_20251224-0386-A668-Train-#1,2025-12-25,80805856,0386,A668,2025-12-24,2025-12-29,157,80805856|0386|A668|2025-12-24|net demand for safety|003351,20251224-0386-A668-Train-#1
80807090|0386|A668|2025-12-24|net demand for safety|003408_transit_20251224-0386-A668-Train-#1,2025-12-25,80807090,0386,A668,2025-12-24,2025-12-29,3,80807090|0386|A668|2025-12-24|net demand for safety|003408,20251224-0386-A668-Train-#1
80812154|0386|A668|2025-12-24|net demand for safety|003459_transit_20251224-0386-A668-Train-#1,2025-12-25,80812154,0386,A668,2025-12-24,2025-12-30,2,80812154|0386|A668|2025-12-24|net demand for safety|003459,20251224-0386-A668-Train-#1
80812840|0386|A668|2025-12-24|net demand for safety|003509_transit_20251224-0386-A668-Train-#1,2025-12-25,80812840,0386,A668,2025-12-24,2025-12-29,48,80812840|0386|A668|2025-12-24|net demand for safety|003509,20251224-0386-A668-Train-#1
21098519|0386|A668|2025-12-23|push replenishment|002364_transit_20251224-0386-A668-Train-#1,2025-12-25,21098519,0386,A668,2025-12-24,2025-12-29,18,21098519|0386|A668|2025-12-23|push replenishment|002364,20251224-0386-A668-Train-#1
21121751|0386|A668|2025-12-23|push replenishment|002384_transit_20251224-0386-A668-Train-#1,2025-12-25,21121751,0386,A668,2025-12-24,2025-12-29,17,21121751|0386|A668|2025-12-23|push replenishment|002384,20251224-0386-A668-Train-#1
21377091|0386|A668|2025-12-23|push replenishment|002623_transit_20251224-0386-A668-Train-#1,2025-12-25,21377091,0386,A668,2025-12-24,2025-12-29,128,21377091|0386|A668|2025-12-23|push replenishment|002623,20251224-0386-A668-Train-#1
21118864|0386|A668|2025-12-24|push replenishment|002937_transit_20251224-0386-A668-Train-#1,2025-12-25,21118864,0386,A668,2025-12-24,2025-12-29,102,21118864|0386|A668|2025-12-24|push replenishment|002937,20251224-0386-A668-Train-#1
21127730|0386|A668|2025-12-24|push replenishment|002949_transit_20251224-0386-A668-Train-#1,2025-12-25,21127730,0386,A668,2025-12-24,2025-12-29,165,21127730|0386|A668|2025-12-24|push replenishment|002949,20251224-0386-A668-Train-#1
21376841|0386|A668|2025-12-24|push replenishment|003123_transit_20251224-0386-A668-Train-#1,2025-12-25,21376841,0386,A668,2025-12-24,2025-12-29,309,21376841|0386|A668|2025-12-24|push replenishment|003123,20251224-0386-A668-Train-#1
80807090|0386|A668|2025-12-24|push replenishment|003409_transit_20251224-0386-A668-Train-#1,2025-12-25,80807090,0386,A668,2025-12-24,2025-12-29,5,80807090|0386|A668|2025-12-24|push replenishment|003409,20251224-0386-A668-Train-#1
80812154|0386|A668|2025-12-24|push replenishment|003460_transit_20251224-0386-A668-Train-#1,2025-12-25,80812154,0386,A668,2025-12-24,2025-12-29,19,80812154|0386|A668|2025-12-24|push replenishment|003460,20251224-0386-A668-Train-#1
80851898|0386|A668|2025-12-24|push replenishment|003568_transit_20251224-0386-A668-Train-#1,2025-12-25,80851898,0386,A668,2025-12-24,2025-12-29,5,80851898|0386|A668|2025-12-24|push replenishment|003568,20251224-0386-A668-Train-#1
21170683|0386|A672|2025-12-24|net demand for normal|003043_transit_20251224-0386-A672-Train-#1,2025-12-25,21170683,0386,A672,2025-12-24,2025-12-31,1,21170683|0386|A672|2025-12-24|net demand for normal|003043,20251224-0386-A672-Train-#1
21376841|0386|A672|2025-12-24|net demand for normal|003135_transit_20251224-0386-A672-Train-#1,2025-12-25,21376841,0386,A672,2025-12-24,2025-12-31,180,21376841|0386|A672|2025-12-24|net demand for normal|003135,20251224-0386-A672-Train-#1
21472283|0386|A672|2025-12-24|net demand for normal|003331_transit_20251224-0386-A672-Train-#1,2025-12-25,21472283,0386,A672,2025-12-24,2025-12-31,12,21472283|0386|A672|2025-12-24|net demand for normal|003331,20251224-0386-A672-Train-#1
21127730|0386|A672|2025-12-24|net demand for forecast|002950_transit_20251224-0386-A672-Train-#1,2025-12-25,21127730,0386,A672,2025-12-24,2025-12-31,7,21127730|0386|A672|2025-12-24|net demand for forecast|002950,20251224-0386-A672-Train-#1
21127730|0386|A672|2025-12-24|net demand for forecast|002951_transit_20251224-0386-A672-Train-#1,2025-12-25,21127730,0386,A672,2025-12-24,2025-12-31,8,21127730|0386|A672|2025-12-24|net demand for forecast|002951,20251224-0386-A672-Train-#1
21127730|0386|A672|2025-12-24|net demand for forecast|002952_transit_20251224-0386-A672-Train-#1,2025-12-25,21127730,0386,A672,2025-12-24,2025-12-31,8,21127730|0386|A672|2025-12-24|net demand for forecast|002952,20251224-0386-A672-Train-#1
21127730|0386|A672|2025-12-24|net demand for forecast|002953_transit_20251224-0386-A672-Train-#1,2025-12-25,21127730,0386,A672,2025-12-24,2025-12-31,8,21127730|0386|A672|2025-12-24|net demand for forecast|002953,20251224-0386-A672-Train-#1
21127730|0386|A672|2025-12-24|net demand for forecast|002954_transit_20251224-0386-A672-Train-#1,2025-12-25,21127730,0386,A672,2025-12-24,2025-12-31,8,21127730|0386|A672|2025-12-24|net demand for forecast|002954,20251224-0386-A672-Train-#1
21127730|0386|A672|2025-12-24|net demand for forecast|002955_transit_20251224-0386-A672-Train-#1,2025-12-25,21127730,0386,A672,2025-12-24,2025-12-31,10,21127730|0386|A672|2025-12-24|net demand for forecast|002955,20251224-0386-A672-Train-#1
21127730|0386|A672|2025-12-24|net demand for forecast|002956_transit_20251224-0386-A672-Train-#1,2025-12-25,21127730,0386,A672,2025-12-24,2025-12-31,10,21127730|0386|A672|2025-12-24|net demand for forecast|002956,20251224-0386-A672-Train-#1
21127730|0386|A672|2025-12-24|net demand for forecast|002957_transit_20251224-0386-A672-Train-#1,2025-12-25,21127730,0386,A672,2025-12-24,2025-12-31,10,21127730|0386|A672|2025-12-24|net demand for forecast|002957,20251224-0386-A672-Train-#1
21127730|0386|A672|2025-12-24|net demand for forecast|002958_transit_20251224-0386-A672-Train-#1,2025-12-25,21127730,0386,A672,2025-12-24,2026-01-01,10,21127730|0386|A672|2025-12-24|net demand for forecast|002958,20251224-0386-A672-Train-#1
21127730|0386|A672|2025-12-24|net demand for forecast|002959_transit_20251224-0386-A672-Train-#1,2025-12-25,21127730,0386,A672,2025-12-24,2025-12-31,10,21127730|0386|A672|2025-12-24|net demand for forecast|002959,20251224-0386-A672-Train-#1
21127730|0386|A672|2025-12-24|net demand for forecast|002960_transit_20251224-0386-A672-Train-#1,2025-12-25,21127730,0386,A672,2025-12-24,2025-12-31,10,21127730|0386|A672|2025-12-24|net demand for forecast|002960,20251224-0386-A672-Train-#1
21127730|0386|A672|2025-12-24|net demand for forecast|002961_transit_20251224-0386-A672-Train-#1,2025-12-25,21127730,0386,A672,2025-12-24,2025-12-31,10,21127730|0386|A672|2025-12-24|net demand for forecast|002961,20251224-0386-A672-Train-#1
21376841|0386|A672|2025-12-24|net demand for forecast|003124_transit_20251224-0386-A672-Train-#1,2025-12-25,21376841,0386,A672,2025-12-24,2025-12-31,98,21376841|0386|A672|2025-12-24|net demand for forecast|003124,20251224-0386-A672-Train-#1
21376841|0386|A672|2025-12-24|net demand for forecast|003125_transit_20251224-0386-A672-Train-#1,2025-12-25,21376841,0386,A672,2025-12-24,2026-01-01,98,21376841|0386|A672|2025-12-24|net demand for forecast|003125,20251224-0386-A672-Train-#1
21376841|0386|A672|2025-12-24|net demand for forecast|003126_transit_20251224-0386-A672-Train-#1,2025-12-25,21376841,0386,A672,2025-12-24,2026-01-01,98,21376841|0386|A672|2025-12-24|net demand for forecast|003126,20251224-0386-A672-Train-#1
21376841|0386|A672|2025-12-24|net demand for forecast|003127_transit_20251224-0386-A672-Train-#1,2025-12-25,21376841,0386,A672,2025-12-24,2025-12-31,98,21376841|0386|A672|2025-12-24|net demand for forecast|003127,20251224-0386-A672-Train-#1
21376841|0386|A672|2025-12-24|net demand for forecast|003128_transit_20251224-0386-A672-Train-#1,2025-12-25,21376841,0386,A672,2025-12-24,2025-12-31,98,21376841|0386|A672|2025-12-24|net demand for forecast|003128,20251224-0386-A672-Train-#1
21376841|0386|A672|2025-12-24|net demand for forecast|003129_transit_20251224-0386-A672-Train-#1,2025-12-25,21376841,0386,A672,2025-12-24,2025-12-31,98,21376841|0386|A672|2025-12-24|net demand for forecast|003129,20251224-0386-A672-Train-#1
21376841|0386|A672|2025-12-24|net demand for forecast|003130_transit_20251224-0386-A672-Train-#1,2025-12-25,21376841,0386,A672,2025-12-24,2025-12-31,98,21376841|0386|A672|2025-12-24|net demand for forecast|003130,20251224-0386-A672-Train-#1
21376841|0386|A672|2025-12-24|net demand for forecast|003131_transit_20251224-0386-A672-Train-#1,2025-12-25,21376841,0386,A672,2025-12-24,2025-12-31,227,21376841|0386|A672|2025-12-24|net demand for forecast|003131,20251224-0386-A672-Train-#1
21376841|0386|A672|2025-12-24|net demand for forecast|003132_transit_20251224-0386-A672-Train-#1,2025-12-25,21376841,0386,A672,2025-12-24,2025-12-31,227,21376841|0386|A672|2025-12-24|net demand for forecast|003132,20251224-0386-A672-Train-#1
21376841|0386|A672|2025-12-24|net demand for forecast|003133_transit_20251224-0386-A672-Train-#1,2025-12-25,21376841,0386,A672,2025-12-24,2025-12-31,227,21376841|0386|A672|2025-12-24|net demand for forecast|003133,20251224-0386-A672-Train-#1
21376841|0386|A672|2025-12-24|net demand for forecast|003134_transit_20251224-0386-A672-Train-#1,2025-12-25,21376841,0386,A672,2025-12-24,2025-12-31,227,21376841|0386|A672|2025-12-24|net demand for forecast|003134,20251224-0386-A672-Train-#1
21118864|0386|A672|2025-12-24|net demand for safety|002938_transit_20251224-0386-A672-Train-#1,2025-12-25,21118864,0386,A672,2025-12-24,2025-12-31,5,21118864|0386|A672|2025-12-24|net demand for safety|002938,20251224-0386-A672-Train-#1
21127730|0386|A672|2025-12-24|net demand for safety|002962_transit_20251224-0386-A672-Train-#1,2025-12-25,21127730,0386,A672,2025-12-24,2026-01-01,127,21127730|0386|A672|2025-12-24|net demand for safety|002962,20251224-0386-A672-Train-#1
80805856|0386|A672|2025-12-24|net demand for safety|003352_transit_20251224-0386-A672-Train-#1,2025-12-25,80805856,0386,A672,2025-12-24,2025-12-31,391,80805856|0386|A672|2025-12-24|net demand for safety|003352,20251224-0386-A672-Train-#1
80807090|0386|A672|2025-12-24|net demand for safety|003410_transit_20251224-0386-A672-Train-#1,2025-12-25,80807090,0386,A672,2025-12-24,2025-12-31,4,80807090|0386|A672|2025-12-24|net demand for safety|003410,20251224-0386-A672-Train-#1
80812154|0386|A672|2025-12-24|net demand for safety|003461_transit_20251224-0386-A672-Train-#1,2025-12-25,80812154,0386,A672,2025-12-24,2025-12-31,171,80812154|0386|A672|2025-12-24|net demand for safety|003461,20251224-0386-A672-Train-#1
80812840|0386|A672|2025-12-24|net demand for safety|003510_transit_20251224-0386-A672-Train-#1,2025-12-25,80812840,0386,A672,2025-12-24,2026-01-01,268,80812840|0386|A672|2025-12-24|net demand for safety|003510,20251224-0386-A672-Train-#1
80851898|0386|A672|2025-12-24|net demand for safety|003569_transit_20251224-0386-A672-Train-#1,2025-12-25,80851898,0386,A672,2025-12-24,2025-12-31,184,80851898|0386|A672|2025-12-24|net demand for safety|003569,20251224-0386-A672-Train-#1
80884852|0386|A672|2025-12-24|net demand for safety|003632_transit_20251224-0386-A672-Train-#1,2025-12-25,80884852,0386,A672,2025-12-24,2025-12-31,12,80884852|0386|A672|2025-12-24|net demand for safety|003632,20251224-0386-A672-Train-#1
21118864|0386|A672|2025-12-24|push replenishment|002939_transit_20251224-0386-A672-Train-#1,2025-12-25,21118864,0386,A672,2025-12-24,2025-12-31,131,21118864|0386|A672|2025-12-24|push replenishment|002939,20251224-0386-A672-Train-#1
21127730|0386|A672|2025-12-24|push replenishment|002963_transit_20251224-0386-A672-Train-#1,2025-12-25,21127730,0386,A672,2025-12-24,2025-12-31,238,21127730|0386|A672|2025-12-24|push replenishment|002963,20251224-0386-A672-Train-#1
80807090|0386|A672|2025-12-24|push replenishment|003411_transit_20251224-0386-A672-Train-#1,2025-12-25,80807090,0386,A672,2025-12-24,2025-12-31,13,80807090|0386|A672|2025-12-24|push replenishment|003411,20251224-0386-A672-Train-#1
80812154|0386|A672|2025-12-24|push replenishment|003462_transit_20251224-0386-A672-Train-#1,2025-12-25,80812154,0386,A672,2025-12-24,2025-12-31,513,80812154|0386|A672|2025-12-24|push replenishment|003462,20251224-0386-A672-Train-#1
80851898|0386|A672|2025-12-24|push replenishment|003570_transit_20251224-0386-A672-Train-#1,2025-12-25,80851898,0386,A672,2025-12-24,2025-12-31,1088,80851898|0386|A672|2025-12-24|push replenishment|003570,20251224-0386-A672-Train-#1
80884852|0386|A672|2025-12-24|push replenishment|003633_transit_20251224-0386-A672-Train-#1,2025-12-25,80884852,0386,A672,2025-12-24,2025-12-31,1,80884852|0386|A672|2025-12-24|push replenishment|003633,20251224-0386-A672-Train-#1
80851898|0386|A672|2025-12-24|push replenishment|003570_transit_20251224-0386-A672-Train-#2,2025-12-25,80851898,0386,A672,2025-12-24,2025-12-31,763,80851898|0386|A672|2025-12-24|push replenishment|003570,20251224-0386-A672-Train-#2
80884852|0386|A672|2025-12-24|push replenishment|003633_transit_20251224-0386-A672-Train-#2,2025-12-25,80884852,0386,A672,2025-12-24,2025-12-31,229,80884852|0386|A672|2025-12-24|push replenishment|003633,20251224-0386-A672-Train-#2
21472283|0386|A673|2025-12-24|net demand for normal|003332_transit_20251224-0386-A673-LARGE-#1,2025-12-25,21472283,0386,A673,2025-12-24,2025-12-29,68,21472283|0386|A673|2025-12-24|net demand for normal|003332,20251224-0386-A673-LARGE-#1
80807090|0386|A673|2025-12-24|net demand for AO|003412_transit_20251224-0386-A673-LARGE-#1,2025-12-25,80807090,0386,A673,2025-12-24,2025-12-29,1,80807090|0386|A673|2025-12-24|net demand for AO|003412,20251224-0386-A673-LARGE-#1
80807090|0386|A673|2025-12-24|net demand for AO|003413_transit_20251224-0386-A673-LARGE-#1,2025-12-25,80807090,0386,A673,2025-12-24,2025-12-29,2,80807090|0386|A673|2025-12-24|net demand for AO|003413,20251224-0386-A673-LARGE-#1
80807090|0386|A673|2025-12-24|net demand for AO|003414_transit_20251224-0386-A673-LARGE-#1,2025-12-25,80807090,0386,A673,2025-12-24,2025-12-29,2,80807090|0386|A673|2025-12-24|net demand for AO|003414,20251224-0386-A673-LARGE-#1
80807090|0386|A673|2025-12-24|net demand for AO|003415_transit_20251224-0386-A673-LARGE-#1,2025-12-25,80807090,0386,A673,2025-12-24,2025-12-29,3,80807090|0386|A673|2025-12-24|net demand for AO|003415,20251224-0386-A673-LARGE-#1
80807090|0386|A673|2025-12-24|net demand for AO|003416_transit_20251224-0386-A673-LARGE-#1,2025-12-25,80807090,0386,A673,2025-12-24,2025-12-29,4,80807090|0386|A673|2025-12-24|net demand for AO|003416,20251224-0386-A673-LARGE-#1
80807090|0386|A673|2025-12-24|net demand for AO|003417_transit_20251224-0386-A673-LARGE-#1,2025-12-25,80807090,0386,A673,2025-12-24,2025-12-29,22,80807090|0386|A673|2025-12-24|net demand for AO|003417,20251224-0386-A673-LARGE-#1
80807090|0386|A673|2025-12-24|net demand for AO|003418_transit_20251224-0386-A673-LARGE-#1,2025-12-25,80807090,0386,A673,2025-12-24,2025-12-29,33,80807090|0386|A673|2025-12-24|net demand for AO|003418,20251224-0386-A673-LARGE-#1
80807090|0386|A673|2025-12-24|net demand for AO|003419_transit_20251224-0386-A673-LARGE-#1,2025-12-25,80807090,0386,A673,2025-12-24,2025-12-29,38,80807090|0386|A673|2025-12-24|net demand for AO|003419,20251224-0386-A673-LARGE-#1
80807090|0386|A673|2025-12-24|net demand for AO|003420_transit_20251224-0386-A673-LARGE-#1,2025-12-25,80807090,0386,A673,2025-12-24,2025-12-29,93,80807090|0386|A673|2025-12-24|net demand for AO|003420,20251224-0386-A673-LARGE-#1
80807090|0386|A673|2025-12-24|net demand for AO|003421_transit_20251224-0386-A673-LARGE-#1,2025-12-25,80807090,0386,A673,2025-12-24,2025-12-29,114,80807090|0386|A673|2025-12-24|net demand for AO|003421,20251224-0386-A673-LARGE-#1
21376841|0386|A673|2025-12-24|net demand for forecast|003136_transit_20251224-0386-A673-LARGE-#1,2025-12-25,21376841,0386,A673,2025-12-24,2025-12-29,63,21376841|0386|A673|2025-12-24|net demand for forecast|003136,20251224-0386-A673-LARGE-#1
21376841|0386|A673|2025-12-24|net demand for forecast|003137_transit_20251224-0386-A673-LARGE-#1,2025-12-25,21376841,0386,A673,2025-12-24,2025-12-29,63,21376841|0386|A673|2025-12-24|net demand for forecast|003137,20251224-0386-A673-LARGE-#1
21376841|0386|A673|2025-12-24|net demand for forecast|003138_transit_20251224-0386-A673-LARGE-#1,2025-12-25,21376841,0386,A673,2025-12-24,2025-12-30,63,21376841|0386|A673|2025-12-24|net demand for forecast|003138,20251224-0386-A673-LARGE-#1
21376841|0386|A673|2025-12-24|net demand for forecast|003139_transit_20251224-0386-A673-LARGE-#1,2025-12-25,21376841,0386,A673,2025-12-24,2025-12-29,63,21376841|0386|A673|2025-12-24|net demand for forecast|003139,20251224-0386-A673-LARGE-#1
21376841|0386|A673|2025-12-24|net demand for forecast|003140_transit_20251224-0386-A673-LARGE-#1,2025-12-25,21376841,0386,A673,2025-12-24,2025-12-29,63,21376841|0386|A673|2025-12-24|net demand for forecast|003140,20251224-0386-A673-LARGE-#1
21376841|0386|A673|2025-12-24|net demand for forecast|003141_transit_20251224-0386-A673-LARGE-#1,2025-12-25,21376841,0386,A673,2025-12-24,2025-12-29,63,21376841|0386|A673|2025-12-24|net demand for forecast|003141,20251224-0386-A673-LARGE-#1
21376841|0386|A673|2025-12-24|net demand for forecast|003142_transit_20251224-0386-A673-LARGE-#1,2025-12-25,21376841,0386,A673,2025-12-24,2025-12-30,147,21376841|0386|A673|2025-12-24|net demand for forecast|003142,20251224-0386-A673-LARGE-#1
21376841|0386|A673|2025-12-24|net demand for forecast|003143_transit_20251224-0386-A673-LARGE-#1,2025-12-25,21376841,0386,A673,2025-12-24,2025-12-29,147,21376841|0386|A673|2025-12-24|net demand for forecast|003143,20251224-0386-A673-LARGE-#1
21376841|0386|A673|2025-12-24|net demand for forecast|003144_transit_20251224-0386-A673-LARGE-#1,2025-12-25,21376841,0386,A673,2025-12-24,2025-12-29,147,21376841|0386|A673|2025-12-24|net demand for forecast|003144,20251224-0386-A673-LARGE-#1
21376841|0386|A673|2025-12-24|net demand for forecast|003145_transit_20251224-0386-A673-LARGE-#1,2025-12-25,21376841,0386,A673,2025-12-24,2025-12-29,147,21376841|0386|A673|2025-12-24|net demand for forecast|003145,20251224-0386-A673-LARGE-#1
80807090|0386|A673|2025-12-24|net demand for forecast|003422_transit_20251224-0386-A673-LARGE-#1,2025-12-25,80807090,0386,A673,2025-12-24,2025-12-29,20,80807090|0386|A673|2025-12-24|net demand for forecast|003422,20251224-0386-A673-LARGE-#1
80807090|0386|A673|2025-12-24|net demand for forecast|003423_transit_20251224-0386-A673-LARGE-#1,2025-12-25,80807090,0386,A673,2025-12-24,2025-12-29,20,80807090|0386|A673|2025-12-24|net demand for forecast|003423,20251224-0386-A673-LARGE-#1
80807090|0386|A673|2025-12-24|net demand for forecast|003424_transit_20251224-0386-A673-LARGE-#1,2025-12-25,80807090,0386,A673,2025-12-24,2025-12-29,20,80807090|0386|A673|2025-12-24|net demand for forecast|003424,20251224-0386-A673-LARGE-#1
80807090|0386|A673|2025-12-24|net demand for forecast|003425_transit_20251224-0386-A673-LARGE-#1,2025-12-25,80807090,0386,A673,2025-12-24,2025-12-29,20,80807090|0386|A673|2025-12-24|net demand for forecast|003425,20251224-0386-A673-LARGE-#1
80807090|0386|A673|2025-12-24|net demand for forecast|003426_transit_20251224-0386-A673-LARGE-#1,2025-12-25,80807090,0386,A673,2025-12-24,2025-12-29,21,80807090|0386|A673|2025-12-24|net demand for forecast|003426,20251224-0386-A673-LARGE-#1
80807090|0386|A673|2025-12-24|net demand for forecast|003427_transit_20251224-0386-A673-LARGE-#1,2025-12-25,80807090,0386,A673,2025-12-24,2025-12-29,21,80807090|0386|A673|2025-12-24|net demand for forecast|003427,20251224-0386-A673-LARGE-#1
80807090|0386|A673|2025-12-24|net demand for forecast|003428_transit_20251224-0386-A673-LARGE-#1,2025-12-25,80807090,0386,A673,2025-12-24,2025-12-30,52,80807090|0386|A673|2025-12-24|net demand for forecast|003428,20251224-0386-A673-LARGE-#1
80807090|0386|A673|2025-12-24|net demand for forecast|003429_transit_20251224-0386-A673-LARGE-#1,2025-12-25,80807090,0386,A673,2025-12-24,2025-12-29,56,80807090|0386|A673|2025-12-24|net demand for forecast|003429,20251224-0386-A673-LARGE-#1
21118864|0386|A673|2025-12-24|net demand for safety|002940_transit_20251224-0386-A673-LARGE-#1,2025-12-25,21118864,0386,A673,2025-12-24,2025-12-29,18,21118864|0386|A673|2025-12-24|net demand for safety|002940,20251224-0386-A673-LARGE-#1
21127730|0386|A673|2025-12-24|net demand for safety|002964_transit_20251224-0386-A673-LARGE-#1,2025-12-25,21127730,0386,A673,2025-12-24,2025-12-29,59,21127730|0386|A673|2025-12-24|net demand for safety|002964,20251224-0386-A673-LARGE-#1
21376841|0386|A673|2025-12-24|net demand for safety|003146_transit_20251224-0386-A673-LARGE-#1,2025-12-25,21376841,0386,A673,2025-12-24,2025-12-29,273,21376841|0386|A673|2025-12-24|net demand for safety|003146,20251224-0386-A673-LARGE-#1
80805856|0386|A673|2025-12-24|net demand for safety|003353_transit_20251224-0386-A673-LARGE-#1,2025-12-25,80805856,0386,A673,2025-12-24,2025-12-29,476,80805856|0386|A673|2025-12-24|net demand for safety|003353,20251224-0386-A673-LARGE-#1
80807090|0386|A673|2025-12-24|net demand for safety|003430_transit_20251224-0386-A673-LARGE-#1,2025-12-25,80807090,0386,A673,2025-12-24,2025-12-29,191,80807090|0386|A673|2025-12-24|net demand for safety|003430,20251224-0386-A673-LARGE-#1
80812154|0386|A673|2025-12-24|net demand for safety|003463_transit_20251224-0386-A673-LARGE-#1,2025-12-25,80812154,0386,A673,2025-12-24,2025-12-29,79,80812154|0386|A673|2025-12-24|net demand for safety|003463,20251224-0386-A673-LARGE-#1
80812840|0386|A673|2025-12-24|net demand for safety|003511_transit_20251224-0386-A673-LARGE-#1,2025-12-25,80812840,0386,A673,2025-12-24,2025-12-29,196,80812840|0386|A673|2025-12-24|net demand for safety|003511,20251224-0386-A673-LARGE-#1
80851898|0386|A673|2025-12-24|net demand for safety|003571_transit_20251224-0386-A673-LARGE-#1,2025-12-25,80851898,0386,A673,2025-12-24,2025-12-29,54,80851898|0386|A673|2025-12-24|net demand for safety|003571,20251224-0386-A673-LARGE-#1
21143103|0386|A673|2025-12-24|net demand for net demand for safety|003036_transit_20251224-0386-A673-LARGE-#1,2025-12-25,21143103,0386,A673,2025-12-24,2025-12-29,1,21143103|0386|A673|2025-12-24|net demand for net demand for safety|003036,20251224-0386-A673-LARGE-#1
21165868|0386|A673|2025-12-24|net demand for net demand for safety|003040_transit_20251224-0386-A673-LARGE-#1,2025-12-25,21165868,0386,A673,2025-12-24,2025-12-29,1,21165868|0386|A673|2025-12-24|net demand for net demand for safety|003040,20251224-0386-A673-LARGE-#1
21118864|0386|A673|2025-12-24|push replenishment|002941_transit_20251224-0386-A673-LARGE-#1,2025-12-25,21118864,0386,A673,2025-12-24,2025-12-29,526,21118864|0386|A673|2025-12-24|push replenishment|002941,20251224-0386-A673-LARGE-#1
21127730|0386|A673|2025-12-24|push replenishment|002965_transit_20251224-0386-A673-LARGE-#1,2025-12-25,21127730,0386,A673,2025-12-24,2025-12-29,163,21127730|0386|A673|2025-12-24|push replenishment|002965,20251224-0386-A673-LARGE-#1
21376841|0386|A673|2025-12-24|push replenishment|003147_transit_20251224-0386-A673-LARGE-#1,2025-12-25,21376841,0386,A673,2025-12-24,2025-12-29,1349,21376841|0386|A673|2025-12-24|push replenishment|003147,20251224-0386-A673-LARGE-#1
21376841|0386|A673|2025-12-24|push replenishment|003147_transit_20251224-0386-A673-LARGE-#2,2025-12-25,21376841,0386,A673,2025-12-24,2025-12-29,1774,21376841|0386|A673|2025-12-24|push replenishment|003147,20251224-0386-A673-LARGE-#2
80807090|0386|A673|2025-12-24|push replenishment|003431_transit_20251224-0386-A673-LARGE-#2,2025-12-25,80807090,0386,A673,2025-12-24,2025-12-29,202,80807090|0386|A673|2025-12-24|push replenishment|003431,20251224-0386-A673-LARGE-#2
80812154|0386|A673|2025-12-24|push replenishment|003464_transit_20251224-0386-A673-LARGE-#2,2025-12-25,80812154,0386,A673,2025-12-24,2025-12-29,232,80812154|0386|A673|2025-12-24|push replenishment|003464,20251224-0386-A673-LARGE-#2
80851898|0386|A673|2025-12-24|push replenishment|003572_transit_20251224-0386-A673-LARGE-#2,2025-12-25,80851898,0386,A673,2025-12-24,2025-12-29,654,80851898|0386|A673|2025-12-24|push replenishment|003572,20251224-0386-A673-LARGE-#2
21170683|0386|A680|2025-12-24|net demand for normal|003044_transit_20251224-0386-A680-Train-#1,2025-12-25,21170683,0386,A680,2025-12-24,2025-12-31,1,21170683|0386|A680|2025-12-24|net demand for normal|003044,20251224-0386-A680-Train-#1
21376841|0386|A680|2025-12-24|net demand for normal|003159_transit_20251224-0386-A680-Train-#1,2025-12-25,21376841,0386,A680,2025-12-24,2025-12-31,14,21376841|0386|A680|2025-12-24|net demand for normal|003159,20251224-0386-A680-Train-#1
21472283|0386|A680|2025-12-24|net demand for normal|003333_transit_20251224-0386-A680-Train-#1,2025-12-25,21472283,0386,A680,2025-12-24,2025-12-31,2,21472283|0386|A680|2025-12-24|net demand for normal|003333,20251224-0386-A680-Train-#1
21127730|0386|A680|2025-12-24|net demand for forecast|002966_transit_20251224-0386-A680-Train-#1,2025-12-25,21127730,0386,A680,2025-12-24,2025-12-31,1,21127730|0386|A680|2025-12-24|net demand for forecast|002966,20251224-0386-A680-Train-#1
21127730|0386|A680|2025-12-24|net demand for forecast|002967_transit_20251224-0386-A680-Train-#1,2025-12-25,21127730,0386,A680,2025-12-24,2025-12-31,1,21127730|0386|A680|2025-12-24|net demand for forecast|002967,20251224-0386-A680-Train-#1
21127730|0386|A680|2025-12-24|net demand for forecast|002968_transit_20251224-0386-A680-Train-#1,2025-12-25,21127730,0386,A680,2025-12-24,2025-12-31,1,21127730|0386|A680|2025-12-24|net demand for forecast|002968,20251224-0386-A680-Train-#1
21127730|0386|A680|2025-12-24|net demand for forecast|002969_transit_20251224-0386-A680-Train-#1,2025-12-25,21127730,0386,A680,2025-12-24,2025-12-31,1,21127730|0386|A680|2025-12-24|net demand for forecast|002969,20251224-0386-A680-Train-#1
21127730|0386|A680|2025-12-24|net demand for forecast|002970_transit_20251224-0386-A680-Train-#1,2025-12-25,21127730,0386,A680,2025-12-24,2025-12-31,1,21127730|0386|A680|2025-12-24|net demand for forecast|002970,20251224-0386-A680-Train-#1
21127730|0386|A680|2025-12-24|net demand for forecast|002971_transit_20251224-0386-A680-Train-#1,2025-12-25,21127730,0386,A680,2025-12-24,2025-12-31,1,21127730|0386|A680|2025-12-24|net demand for forecast|002971,20251224-0386-A680-Train-#1
21127730|0386|A680|2025-12-24|net demand for forecast|002972_transit_20251224-0386-A680-Train-#1,2025-12-25,21127730,0386,A680,2025-12-24,2025-12-31,1,21127730|0386|A680|2025-12-24|net demand for forecast|002972,20251224-0386-A680-Train-#1
21127730|0386|A680|2025-12-24|net demand for forecast|002973_transit_20251224-0386-A680-Train-#1,2025-12-25,21127730,0386,A680,2025-12-24,2025-12-31,1,21127730|0386|A680|2025-12-24|net demand for forecast|002973,20251224-0386-A680-Train-#1
21127730|0386|A680|2025-12-24|net demand for forecast|002974_transit_20251224-0386-A680-Train-#1,2025-12-25,21127730,0386,A680,2025-12-24,2025-12-31,1,21127730|0386|A680|2025-12-24|net demand for forecast|002974,20251224-0386-A680-Train-#1
21127730|0386|A680|2025-12-24|net demand for forecast|002975_transit_20251224-0386-A680-Train-#1,2025-12-25,21127730,0386,A680,2025-12-24,2025-12-31,1,21127730|0386|A680|2025-12-24|net demand for forecast|002975,20251224-0386-A680-Train-#1
21127730|0386|A680|2025-12-24|net demand for forecast|002976_transit_20251224-0386-A680-Train-#1,2025-12-25,21127730,0386,A680,2025-12-24,2025-12-31,1,21127730|0386|A680|2025-12-24|net demand for forecast|002976,20251224-0386-A680-Train-#1
21127730|0386|A680|2025-12-24|net demand for forecast|002977_transit_20251224-0386-A680-Train-#1,2025-12-25,21127730,0386,A680,2025-12-24,2025-12-31,1,21127730|0386|A680|2025-12-24|net demand for forecast|002977,20251224-0386-A680-Train-#1
21376841|0386|A680|2025-12-24|net demand for forecast|003148_transit_20251224-0386-A680-Train-#1,2025-12-25,21376841,0386,A680,2025-12-24,2026-01-01,10,21376841|0386|A680|2025-12-24|net demand for forecast|003148,20251224-0386-A680-Train-#1
21376841|0386|A680|2025-12-24|net demand for forecast|003149_transit_20251224-0386-A680-Train-#1,2025-12-25,21376841,0386,A680,2025-12-24,2025-12-31,10,21376841|0386|A680|2025-12-24|net demand for forecast|003149,20251224-0386-A680-Train-#1
21376841|0386|A680|2025-12-24|net demand for forecast|003150_transit_20251224-0386-A680-Train-#1,2025-12-25,21376841,0386,A680,2025-12-24,2025-12-31,11,21376841|0386|A680|2025-12-24|net demand for forecast|003150,20251224-0386-A680-Train-#1
21376841|0386|A680|2025-12-24|net demand for forecast|003151_transit_20251224-0386-A680-Train-#1,2025-12-25,21376841,0386,A680,2025-12-24,2025-12-31,11,21376841|0386|A680|2025-12-24|net demand for forecast|003151,20251224-0386-A680-Train-#1
21376841|0386|A680|2025-12-24|net demand for forecast|003152_transit_20251224-0386-A680-Train-#1,2025-12-25,21376841,0386,A680,2025-12-24,2025-12-31,11,21376841|0386|A680|2025-12-24|net demand for forecast|003152,20251224-0386-A680-Train-#1
21376841|0386|A680|2025-12-24|net demand for forecast|003153_transit_20251224-0386-A680-Train-#1,2025-12-25,21376841,0386,A680,2025-12-24,2025-12-31,11,21376841|0386|A680|2025-12-24|net demand for forecast|003153,20251224-0386-A680-Train-#1
21376841|0386|A680|2025-12-24|net demand for forecast|003154_transit_20251224-0386-A680-Train-#1,2025-12-25,21376841,0386,A680,2025-12-24,2025-12-31,11,21376841|0386|A680|2025-12-24|net demand for forecast|003154,20251224-0386-A680-Train-#1
21376841|0386|A680|2025-12-24|net demand for forecast|003155_transit_20251224-0386-A680-Train-#1,2025-12-25,21376841,0386,A680,2025-12-24,2025-12-31,24,21376841|0386|A680|2025-12-24|net demand for forecast|003155,20251224-0386-A680-Train-#1
21376841|0386|A680|2025-12-24|net demand for forecast|003156_transit_20251224-0386-A680-Train-#1,2025-12-25,21376841,0386,A680,2025-12-24,2025-12-31,24,21376841|0386|A680|2025-12-24|net demand for forecast|003156,20251224-0386-A680-Train-#1
21376841|0386|A680|2025-12-24|net demand for forecast|003157_transit_20251224-0386-A680-Train-#1,2025-12-25,21376841,0386,A680,2025-12-24,2025-12-31,24,21376841|0386|A680|2025-12-24|net demand for forecast|003157,20251224-0386-A680-Train-#1
21376841|0386|A680|2025-12-24|net demand for forecast|003158_transit_20251224-0386-A680-Train-#1,2025-12-25,21376841,0386,A680,2025-12-24,2025-12-31,24,21376841|0386|A680|2025-12-24|net demand for forecast|003158,20251224-0386-A680-Train-#1
21127730|0386|A680|2025-12-24|net demand for safety|002978_transit_20251224-0386-A680-Train-#1,2025-12-25,21127730,0386,A680,2025-12-24,2025-12-31,39,21127730|0386|A680|2025-12-24|net demand for safety|002978,20251224-0386-A680-Train-#1
80805856|0386|A680|2025-12-24|net demand for safety|003354_transit_20251224-0386-A680-Train-#1,2025-12-25,80805856,0386,A680,2025-12-24,2025-12-31,44,80805856|0386|A680|2025-12-24|net demand for safety|003354,20251224-0386-A680-Train-#1
80812154|0386|A680|2025-12-24|net demand for safety|003465_transit_20251224-0386-A680-Train-#1,2025-12-25,80812154,0386,A680,2025-12-24,2025-12-31,9,80812154|0386|A680|2025-12-24|net demand for safety|003465,20251224-0386-A680-Train-#1
80812840|0386|A680|2025-12-24|net demand for safety|003512_transit_20251224-0386-A680-Train-#1,2025-12-25,80812840,0386,A680,2025-12-24,2026-01-01,26,80812840|0386|A680|2025-12-24|net demand for safety|003512,20251224-0386-A680-Train-#1
80851898|0386|A680|2025-12-24|net demand for safety|003573_transit_20251224-0386-A680-Train-#1,2025-12-25,80851898,0386,A680,2025-12-24,2026-01-01,11,80851898|0386|A680|2025-12-24|net demand for safety|003573,20251224-0386-A680-Train-#1
21118864|0386|A680|2025-12-24|push replenishment|002942_transit_20251224-0386-A680-Train-#1,2025-12-25,21118864,0386,A680,2025-12-24,2026-01-01,53,21118864|0386|A680|2025-12-24|push replenishment|002942,20251224-0386-A680-Train-#1
21127730|0386|A680|2025-12-24|push replenishment|002979_transit_20251224-0386-A680-Train-#1,2025-12-25,21127730,0386,A680,2025-12-24,2025-12-31,73,21127730|0386|A680|2025-12-24|push replenishment|002979,20251224-0386-A680-Train-#1
80812154|0386|A680|2025-12-24|push replenishment|003466_transit_20251224-0386-A680-Train-#1,2025-12-25,80812154,0386,A680,2025-12-24,2025-12-31,49,80812154|0386|A680|2025-12-24|push replenishment|003466,20251224-0386-A680-Train-#1
80851898|0386|A680|2025-12-24|push replenishment|003574_transit_20251224-0386-A680-Train-#1,2025-12-25,80851898,0386,A680,2025-12-24,2026-01-01,167,80851898|0386|A680|2025-12-24|push replenishment|003574,20251224-0386-A680-Train-#1
21376841|0386|A715|2025-12-24|net demand for normal|003171_transit_20251224-0386-A715-Train-#1,2025-12-25,21376841,0386,A715,2025-12-24,2026-01-03,10,21376841|0386|A715|2025-12-24|net demand for normal|003171,20251224-0386-A715-Train-#1
21419485|0386|A715|2025-12-24|net demand for normal|003242_transit_20251224-0386-A715-Train-#1,2025-12-25,21419485,0386,A715,2025-12-24,2026-01-04,36,21419485|0386|A715|2025-12-24|net demand for normal|003242,20251224-0386-A715-Train-#1
21428668|0386|A715|2025-12-24|net demand for normal|003322_transit_20251224-0386-A715-Train-#1,2025-12-25,21428668,0386,A715,2025-12-24,2026-01-04,1,21428668|0386|A715|2025-12-24|net demand for normal|003322,20251224-0386-A715-Train-#1
21376841|0386|A715|2025-12-24|net demand for forecast|003160_transit_20251224-0386-A715-Train-#1,2025-12-25,21376841,0386,A715,2025-12-24,2026-01-03,7,21376841|0386|A715|2025-12-24|net demand for forecast|003160,20251224-0386-A715-Train-#1
21376841|0386|A715|2025-12-24|net demand for forecast|003161_transit_20251224-0386-A715-Train-#1,2025-12-25,21376841,0386,A715,2025-12-24,2026-01-03,7,21376841|0386|A715|2025-12-24|net demand for forecast|003161,20251224-0386-A715-Train-#1
21376841|0386|A715|2025-12-24|net demand for forecast|003162_transit_20251224-0386-A715-Train-#1,2025-12-25,21376841,0386,A715,2025-12-24,2026-01-03,7,21376841|0386|A715|2025-12-24|net demand for forecast|003162,20251224-0386-A715-Train-#1
21376841|0386|A715|2025-12-24|net demand for forecast|003163_transit_20251224-0386-A715-Train-#1,2025-12-25,21376841,0386,A715,2025-12-24,2026-01-03,7,21376841|0386|A715|2025-12-24|net demand for forecast|003163,20251224-0386-A715-Train-#1
21376841|0386|A715|2025-12-24|net demand for forecast|003164_transit_20251224-0386-A715-Train-#1,2025-12-25,21376841,0386,A715,2025-12-24,2026-01-03,7,21376841|0386|A715|2025-12-24|net demand for forecast|003164,20251224-0386-A715-Train-#1
21376841|0386|A715|2025-12-24|net demand for forecast|003165_transit_20251224-0386-A715-Train-#1,2025-12-25,21376841,0386,A715,2025-12-24,2026-01-03,7,21376841|0386|A715|2025-12-24|net demand for forecast|003165,20251224-0386-A715-Train-#1
21376841|0386|A715|2025-12-24|net demand for forecast|003166_transit_20251224-0386-A715-Train-#1,2025-12-25,21376841,0386,A715,2025-12-24,2026-01-03,7,21376841|0386|A715|2025-12-24|net demand for forecast|003166,20251224-0386-A715-Train-#1
21376841|0386|A715|2025-12-24|net demand for forecast|003167_transit_20251224-0386-A715-Train-#1,2025-12-25,21376841,0386,A715,2025-12-24,2026-01-04,16,21376841|0386|A715|2025-12-24|net demand for forecast|003167,20251224-0386-A715-Train-#1
21376841|0386|A715|2025-12-24|net demand for forecast|003168_transit_20251224-0386-A715-Train-#1,2025-12-25,21376841,0386,A715,2025-12-24,2026-01-03,16,21376841|0386|A715|2025-12-24|net demand for forecast|003168,20251224-0386-A715-Train-#1
21376841|0386|A715|2025-12-24|net demand for forecast|003169_transit_20251224-0386-A715-Train-#1,2025-12-25,21376841,0386,A715,2025-12-24,2026-01-03,16,21376841|0386|A715|2025-12-24|net demand for forecast|003169,20251224-0386-A715-Train-#1
21376841|0386|A715|2025-12-24|net demand for forecast|003170_transit_20251224-0386-A715-Train-#1,2025-12-25,21376841,0386,A715,2025-12-24,2026-01-03,16,21376841|0386|A715|2025-12-24|net demand for forecast|003170,20251224-0386-A715-Train-#1
21419485|0386|A715|2025-12-24|net demand for forecast|003227_transit_20251224-0386-A715-Train-#1,2025-12-25,21419485,0386,A715,2025-12-24,2026-01-03,3,21419485|0386|A715|2025-12-24|net demand for forecast|003227,20251224-0386-A715-Train-#1
21419485|0386|A715|2025-12-24|net demand for forecast|003228_transit_20251224-0386-A715-Train-#1,2025-12-25,21419485,0386,A715,2025-12-24,2026-01-04,3,21419485|0386|A715|2025-12-24|net demand for forecast|003228,20251224-0386-A715-Train-#1
21419485|0386|A715|2025-12-24|net demand for forecast|003229_transit_20251224-0386-A715-Train-#1,2025-12-25,21419485,0386,A715,2025-12-24,2026-01-03,3,21419485|0386|A715|2025-12-24|net demand for forecast|003229,20251224-0386-A715-Train-#1
21419485|0386|A715|2025-12-24|net demand for forecast|003230_transit_20251224-0386-A715-Train-#1,2025-12-25,21419485,0386,A715,2025-12-24,2026-01-03,3,21419485|0386|A715|2025-12-24|net demand for forecast|003230,20251224-0386-A715-Train-#1
21419485|0386|A715|2025-12-24|net demand for forecast|003231_transit_20251224-0386-A715-Train-#1,2025-12-25,21419485,0386,A715,2025-12-24,2026-01-03,5,21419485|0386|A715|2025-12-24|net demand for forecast|003231,20251224-0386-A715-Train-#1
21419485|0386|A715|2025-12-24|net demand for forecast|003232_transit_20251224-0386-A715-Train-#1,2025-12-25,21419485,0386,A715,2025-12-24,2026-01-03,5,21419485|0386|A715|2025-12-24|net demand for forecast|003232,20251224-0386-A715-Train-#1
21419485|0386|A715|2025-12-24|net demand for forecast|003233_transit_20251224-0386-A715-Train-#1,2025-12-25,21419485,0386,A715,2025-12-24,2026-01-03,5,21419485|0386|A715|2025-12-24|net demand for forecast|003233,20251224-0386-A715-Train-#1
21419485|0386|A715|2025-12-24|net demand for forecast|003234_transit_20251224-0386-A715-Train-#1,2025-12-25,21419485,0386,A715,2025-12-24,2026-01-03,5,21419485|0386|A715|2025-12-24|net demand for forecast|003234,20251224-0386-A715-Train-#1
21419485|0386|A715|2025-12-24|net demand for forecast|003235_transit_20251224-0386-A715-Train-#1,2025-12-25,21419485,0386,A715,2025-12-24,2026-01-03,5,21419485|0386|A715|2025-12-24|net demand for forecast|003235,20251224-0386-A715-Train-#1
21419485|0386|A715|2025-12-24|net demand for forecast|003236_transit_20251224-0386-A715-Train-#1,2025-12-25,21419485,0386,A715,2025-12-24,2026-01-03,6,21419485|0386|A715|2025-12-24|net demand for forecast|003236,20251224-0386-A715-Train-#1
21419485|0386|A715|2025-12-24|net demand for forecast|003237_transit_20251224-0386-A715-Train-#1,2025-12-25,21419485,0386,A715,2025-12-24,2026-01-03,6,21419485|0386|A715|2025-12-24|net demand for forecast|003237,20251224-0386-A715-Train-#1
21419485|0386|A715|2025-12-24|net demand for forecast|003238_transit_20251224-0386-A715-Train-#1,2025-12-25,21419485,0386,A715,2025-12-24,2026-01-03,32,21419485|0386|A715|2025-12-24|net demand for forecast|003238,20251224-0386-A715-Train-#1
21419485|0386|A715|2025-12-24|net demand for forecast|003239_transit_20251224-0386-A715-Train-#1,2025-12-25,21419485,0386,A715,2025-12-24,2026-01-03,32,21419485|0386|A715|2025-12-24|net demand for forecast|003239,20251224-0386-A715-Train-#1
21419485|0386|A715|2025-12-24|net demand for forecast|003240_transit_20251224-0386-A715-Train-#1,2025-12-25,21419485,0386,A715,2025-12-24,2026-01-04,32,21419485|0386|A715|2025-12-24|net demand for forecast|003240,20251224-0386-A715-Train-#1
21419485|0386|A715|2025-12-24|net demand for forecast|003241_transit_20251224-0386-A715-Train-#1,2025-12-25,21419485,0386,A715,2025-12-24,2026-01-03,32,21419485|0386|A715|2025-12-24|net demand for forecast|003241,20251224-0386-A715-Train-#1
80805856|0386|A715|2025-12-24|net demand for forecast|003355_transit_20251224-0386-A715-Train-#1,2025-12-25,80805856,0386,A715,2025-12-24,2026-01-03,1,80805856|0386|A715|2025-12-24|net demand for forecast|003355,20251224-0386-A715-Train-#1
80805856|0386|A715|2025-12-24|net demand for forecast|003356_transit_20251224-0386-A715-Train-#1,2025-12-25,80805856,0386,A715,2025-12-24,2026-01-03,1,80805856|0386|A715|2025-12-24|net demand for forecast|003356,20251224-0386-A715-Train-#1
80805856|0386|A715|2025-12-24|net demand for forecast|003357_transit_20251224-0386-A715-Train-#1,2025-12-25,80805856,0386,A715,2025-12-24,2026-01-03,1,80805856|0386|A715|2025-12-24|net demand for forecast|003357,20251224-0386-A715-Train-#1
80805856|0386|A715|2025-12-24|net demand for forecast|003358_transit_20251224-0386-A715-Train-#1,2025-12-25,80805856,0386,A715,2025-12-24,2026-01-03,1,80805856|0386|A715|2025-12-24|net demand for forecast|003358,20251224-0386-A715-Train-#1
80805856|0386|A715|2025-12-24|net demand for forecast|003359_transit_20251224-0386-A715-Train-#1,2025-12-25,80805856,0386,A715,2025-12-24,2026-01-03,1,80805856|0386|A715|2025-12-24|net demand for forecast|003359,20251224-0386-A715-Train-#1
80805856|0386|A715|2025-12-24|net demand for forecast|003360_transit_20251224-0386-A715-Train-#1,2025-12-25,80805856,0386,A715,2025-12-24,2026-01-03,1,80805856|0386|A715|2025-12-24|net demand for forecast|003360,20251224-0386-A715-Train-#1
80805856|0386|A715|2025-12-24|net demand for forecast|003361_transit_20251224-0386-A715-Train-#1,2025-12-25,80805856,0386,A715,2025-12-24,2026-01-03,1,80805856|0386|A715|2025-12-24|net demand for forecast|003361,20251224-0386-A715-Train-#1
80805856|0386|A715|2025-12-24|net demand for forecast|003362_transit_20251224-0386-A715-Train-#1,2025-12-25,80805856,0386,A715,2025-12-24,2026-01-03,1,80805856|0386|A715|2025-12-24|net demand for forecast|003362,20251224-0386-A715-Train-#1
80805856|0386|A715|2025-12-24|net demand for forecast|003363_transit_20251224-0386-A715-Train-#1,2025-12-25,80805856,0386,A715,2025-12-24,2026-01-03,1,80805856|0386|A715|2025-12-24|net demand for forecast|003363,20251224-0386-A715-Train-#1
80805856|0386|A715|2025-12-24|net demand for forecast|003364_transit_20251224-0386-A715-Train-#1,2025-12-25,80805856,0386,A715,2025-12-24,2026-01-03,1,80805856|0386|A715|2025-12-24|net demand for forecast|003364,20251224-0386-A715-Train-#1
80805856|0386|A715|2025-12-24|net demand for forecast|003365_transit_20251224-0386-A715-Train-#1,2025-12-25,80805856,0386,A715,2025-12-24,2026-01-03,1,80805856|0386|A715|2025-12-24|net demand for forecast|003365,20251224-0386-A715-Train-#1
80805856|0386|A715|2025-12-24|net demand for forecast|003366_transit_20251224-0386-A715-Train-#1,2025-12-25,80805856,0386,A715,2025-12-24,2026-01-03,1,80805856|0386|A715|2025-12-24|net demand for forecast|003366,20251224-0386-A715-Train-#1
80805856|0386|A715|2025-12-24|net demand for forecast|003367_transit_20251224-0386-A715-Train-#1,2025-12-25,80805856,0386,A715,2025-12-24,2026-01-03,1,80805856|0386|A715|2025-12-24|net demand for forecast|003367,20251224-0386-A715-Train-#1
80805856|0386|A715|2025-12-24|net demand for forecast|003368_transit_20251224-0386-A715-Train-#1,2025-12-25,80805856,0386,A715,2025-12-24,2026-01-03,1,80805856|0386|A715|2025-12-24|net demand for forecast|003368,20251224-0386-A715-Train-#1
80805856|0386|A715|2025-12-24|net demand for forecast|003369_transit_20251224-0386-A715-Train-#1,2025-12-25,80805856,0386,A715,2025-12-24,2026-01-03,1,80805856|0386|A715|2025-12-24|net demand for forecast|003369,20251224-0386-A715-Train-#1
80805856|0386|A715|2025-12-24|net demand for forecast|003370_transit_20251224-0386-A715-Train-#1,2025-12-25,80805856,0386,A715,2025-12-24,2026-01-03,1,80805856|0386|A715|2025-12-24|net demand for forecast|003370,20251224-0386-A715-Train-#1
80805856|0386|A715|2025-12-24|net demand for forecast|003371_transit_20251224-0386-A715-Train-#1,2025-12-25,80805856,0386,A715,2025-12-24,2026-01-03,1,80805856|0386|A715|2025-12-24|net demand for forecast|003371,20251224-0386-A715-Train-#1
80805856|0386|A715|2025-12-24|net demand for forecast|003372_transit_20251224-0386-A715-Train-#1,2025-12-25,80805856,0386,A715,2025-12-24,2026-01-03,1,80805856|0386|A715|2025-12-24|net demand for forecast|003372,20251224-0386-A715-Train-#1
80805856|0386|A715|2025-12-24|net demand for forecast|003373_transit_20251224-0386-A715-Train-#1,2025-12-25,80805856,0386,A715,2025-12-24,2026-01-03,1,80805856|0386|A715|2025-12-24|net demand for forecast|003373,20251224-0386-A715-Train-#1
80805856|0386|A715|2025-12-24|net demand for forecast|003374_transit_20251224-0386-A715-Train-#1,2025-12-25,80805856,0386,A715,2025-12-24,2026-01-03,1,80805856|0386|A715|2025-12-24|net demand for forecast|003374,20251224-0386-A715-Train-#1
80805856|0386|A715|2025-12-24|net demand for forecast|003375_transit_20251224-0386-A715-Train-#1,2025-12-25,80805856,0386,A715,2025-12-24,2026-01-03,1,80805856|0386|A715|2025-12-24|net demand for forecast|003375,20251224-0386-A715-Train-#1
80807090|0386|A715|2025-12-24|net demand for forecast|003432_transit_20251224-0386-A715-Train-#1,2025-12-25,80807090,0386,A715,2025-12-24,2026-01-03,1,80807090|0386|A715|2025-12-24|net demand for forecast|003432,20251224-0386-A715-Train-#1
80807090|0386|A715|2025-12-24|net demand for forecast|003433_transit_20251224-0386-A715-Train-#1,2025-12-25,80807090,0386,A715,2025-12-24,2026-01-03,1,80807090|0386|A715|2025-12-24|net demand for forecast|003433,20251224-0386-A715-Train-#1
80807090|0386|A715|2025-12-24|net demand for forecast|003434_transit_20251224-0386-A715-Train-#1,2025-12-25,80807090,0386,A715,2025-12-24,2026-01-03,1,80807090|0386|A715|2025-12-24|net demand for forecast|003434,20251224-0386-A715-Train-#1
80807090|0386|A715|2025-12-24|net demand for forecast|003435_transit_20251224-0386-A715-Train-#1,2025-12-25,80807090,0386,A715,2025-12-24,2026-01-03,1,80807090|0386|A715|2025-12-24|net demand for forecast|003435,20251224-0386-A715-Train-#1
80807090|0386|A715|2025-12-24|net demand for forecast|003436_transit_20251224-0386-A715-Train-#1,2025-12-25,80807090,0386,A715,2025-12-24,2026-01-03,1,80807090|0386|A715|2025-12-24|net demand for forecast|003436,20251224-0386-A715-Train-#1
80807090|0386|A715|2025-12-24|net demand for forecast|003437_transit_20251224-0386-A715-Train-#1,2025-12-25,80807090,0386,A715,2025-12-24,2026-01-03,1,80807090|0386|A715|2025-12-24|net demand for forecast|003437,20251224-0386-A715-Train-#1
80807090|0386|A715|2025-12-24|net demand for forecast|003438_transit_20251224-0386-A715-Train-#1,2025-12-25,80807090,0386,A715,2025-12-24,2026-01-03,1,80807090|0386|A715|2025-12-24|net demand for forecast|003438,20251224-0386-A715-Train-#1
80807090|0386|A715|2025-12-24|net demand for forecast|003439_transit_20251224-0386-A715-Train-#1,2025-12-25,80807090,0386,A715,2025-12-24,2026-01-03,1,80807090|0386|A715|2025-12-24|net demand for forecast|003439,20251224-0386-A715-Train-#1
80807090|0386|A715|2025-12-24|net demand for forecast|003440_transit_20251224-0386-A715-Train-#1,2025-12-25,80807090,0386,A715,2025-12-24,2026-01-03,1,80807090|0386|A715|2025-12-24|net demand for forecast|003440,20251224-0386-A715-Train-#1
80807090|0386|A715|2025-12-24|net demand for forecast|003441_transit_20251224-0386-A715-Train-#1,2025-12-25,80807090,0386,A715,2025-12-24,2026-01-04,1,80807090|0386|A715|2025-12-24|net demand for forecast|003441,20251224-0386-A715-Train-#1
80807090|0386|A715|2025-12-24|net demand for forecast|003442_transit_20251224-0386-A715-Train-#1,2025-12-25,80807090,0386,A715,2025-12-24,2026-01-03,1,80807090|0386|A715|2025-12-24|net demand for forecast|003442,20251224-0386-A715-Train-#1
80807090|0386|A715|2025-12-24|net demand for forecast|003443_transit_20251224-0386-A715-Train-#1,2025-12-25,80807090,0386,A715,2025-12-24,2026-01-03,1,80807090|0386|A715|2025-12-24|net demand for forecast|003443,20251224-0386-A715-Train-#1
80807090|0386|A715|2025-12-24|net demand for forecast|003444_transit_20251224-0386-A715-Train-#1,2025-12-25,80807090,0386,A715,2025-12-24,2026-01-03,1,80807090|0386|A715|2025-12-24|net demand for forecast|003444,20251224-0386-A715-Train-#1
80807090|0386|A715|2025-12-24|net demand for forecast|003445_transit_20251224-0386-A715-Train-#1,2025-12-25,80807090,0386,A715,2025-12-24,2026-01-03,1,80807090|0386|A715|2025-12-24|net demand for forecast|003445,20251224-0386-A715-Train-#1
80807090|0386|A715|2025-12-24|net demand for forecast|003446_transit_20251224-0386-A715-Train-#1,2025-12-25,80807090,0386,A715,2025-12-24,2026-01-03,1,80807090|0386|A715|2025-12-24|net demand for forecast|003446,20251224-0386-A715-Train-#1
80812154|0386|A715|2025-12-24|net demand for forecast|003467_transit_20251224-0386-A715-Train-#1,2025-12-25,80812154,0386,A715,2025-12-24,2026-01-03,1,80812154|0386|A715|2025-12-24|net demand for forecast|003467,20251224-0386-A715-Train-#1
80812154|0386|A715|2025-12-24|net demand for forecast|003468_transit_20251224-0386-A715-Train-#1,2025-12-25,80812154,0386,A715,2025-12-24,2026-01-03,1,80812154|0386|A715|2025-12-24|net demand for forecast|003468,20251224-0386-A715-Train-#1
80812154|0386|A715|2025-12-24|net demand for forecast|003469_transit_20251224-0386-A715-Train-#1,2025-12-25,80812154,0386,A715,2025-12-24,2026-01-04,1,80812154|0386|A715|2025-12-24|net demand for forecast|003469,20251224-0386-A715-Train-#1
80812154|0386|A715|2025-12-24|net demand for forecast|003470_transit_20251224-0386-A715-Train-#1,2025-12-25,80812154,0386,A715,2025-12-24,2026-01-03,1,80812154|0386|A715|2025-12-24|net demand for forecast|003470,20251224-0386-A715-Train-#1
80812154|0386|A715|2025-12-24|net demand for forecast|003471_transit_20251224-0386-A715-Train-#1,2025-12-25,80812154,0386,A715,2025-12-24,2026-01-03,1,80812154|0386|A715|2025-12-24|net demand for forecast|003471,20251224-0386-A715-Train-#1
80812154|0386|A715|2025-12-24|net demand for forecast|003472_transit_20251224-0386-A715-Train-#1,2025-12-25,80812154,0386,A715,2025-12-24,2026-01-03,1,80812154|0386|A715|2025-12-24|net demand for forecast|003472,20251224-0386-A715-Train-#1
80812154|0386|A715|2025-12-24|net demand for forecast|003473_transit_20251224-0386-A715-Train-#1,2025-12-25,80812154,0386,A715,2025-12-24,2026-01-03,1,80812154|0386|A715|2025-12-24|net demand for forecast|003473,20251224-0386-A715-Train-#1
80812154|0386|A715|2025-12-24|net demand for forecast|003474_transit_20251224-0386-A715-Train-#1,2025-12-25,80812154,0386,A715,2025-12-24,2026-01-03,1,80812154|0386|A715|2025-12-24|net demand for forecast|003474,20251224-0386-A715-Train-#1
80812154|0386|A715|2025-12-24|net demand for forecast|003475_transit_20251224-0386-A715-Train-#1,2025-12-25,80812154,0386,A715,2025-12-24,2026-01-03,1,80812154|0386|A715|2025-12-24|net demand for forecast|003475,20251224-0386-A715-Train-#1
80812154|0386|A715|2025-12-24|net demand for forecast|003476_transit_20251224-0386-A715-Train-#1,2025-12-25,80812154,0386,A715,2025-12-24,2026-01-03,1,80812154|0386|A715|2025-12-24|net demand for forecast|003476,20251224-0386-A715-Train-#1
80812154|0386|A715|2025-12-24|net demand for forecast|003477_transit_20251224-0386-A715-Train-#1,2025-12-25,80812154,0386,A715,2025-12-24,2026-01-03,1,80812154|0386|A715|2025-12-24|net demand for forecast|003477,20251224-0386-A715-Train-#1
80812154|0386|A715|2025-12-24|net demand for forecast|003478_transit_20251224-0386-A715-Train-#1,2025-12-25,80812154,0386,A715,2025-12-24,2026-01-03,1,80812154|0386|A715|2025-12-24|net demand for forecast|003478,20251224-0386-A715-Train-#1
80812154|0386|A715|2025-12-24|net demand for forecast|003479_transit_20251224-0386-A715-Train-#1,2025-12-25,80812154,0386,A715,2025-12-24,2026-01-03,1,80812154|0386|A715|2025-12-24|net demand for forecast|003479,20251224-0386-A715-Train-#1
80812154|0386|A715|2025-12-24|net demand for forecast|003480_transit_20251224-0386-A715-Train-#1,2025-12-25,80812154,0386,A715,2025-12-24,2026-01-04,1,80812154|0386|A715|2025-12-24|net demand for forecast|003480,20251224-0386-A715-Train-#1
80812154|0386|A715|2025-12-24|net demand for forecast|003481_transit_20251224-0386-A715-Train-#1,2025-12-25,80812154,0386,A715,2025-12-24,2026-01-03,1,80812154|0386|A715|2025-12-24|net demand for forecast|003481,20251224-0386-A715-Train-#1
80812154|0386|A715|2025-12-24|net demand for forecast|003482_transit_20251224-0386-A715-Train-#1,2025-12-25,80812154,0386,A715,2025-12-24,2026-01-03,1,80812154|0386|A715|2025-12-24|net demand for forecast|003482,20251224-0386-A715-Train-#1
80812154|0386|A715|2025-12-24|net demand for forecast|003483_transit_20251224-0386-A715-Train-#1,2025-12-25,80812154,0386,A715,2025-12-24,2026-01-03,1,80812154|0386|A715|2025-12-24|net demand for forecast|003483,20251224-0386-A715-Train-#1
80812154|0386|A715|2025-12-24|net demand for forecast|003484_transit_20251224-0386-A715-Train-#1,2025-12-25,80812154,0386,A715,2025-12-24,2026-01-03,1,80812154|0386|A715|2025-12-24|net demand for forecast|003484,20251224-0386-A715-Train-#1
80812154|0386|A715|2025-12-24|net demand for forecast|003485_transit_20251224-0386-A715-Train-#1,2025-12-25,80812154,0386,A715,2025-12-24,2026-01-03,1,80812154|0386|A715|2025-12-24|net demand for forecast|003485,20251224-0386-A715-Train-#1
80812154|0386|A715|2025-12-24|net demand for forecast|003486_transit_20251224-0386-A715-Train-#1,2025-12-25,80812154,0386,A715,2025-12-24,2026-01-03,1,80812154|0386|A715|2025-12-24|net demand for forecast|003486,20251224-0386-A715-Train-#1
80812154|0386|A715|2025-12-24|net demand for forecast|003487_transit_20251224-0386-A715-Train-#1,2025-12-25,80812154,0386,A715,2025-12-24,2026-01-03,1,80812154|0386|A715|2025-12-24|net demand for forecast|003487,20251224-0386-A715-Train-#1
80812840|0386|A715|2025-12-24|net demand for forecast|003513_transit_20251224-0386-A715-Train-#1,2025-12-25,80812840,0386,A715,2025-12-24,2026-01-03,1,80812840|0386|A715|2025-12-24|net demand for forecast|003513,20251224-0386-A715-Train-#1
80812840|0386|A715|2025-12-24|net demand for forecast|003514_transit_20251224-0386-A715-Train-#1,2025-12-25,80812840,0386,A715,2025-12-24,2026-01-03,1,80812840|0386|A715|2025-12-24|net demand for forecast|003514,20251224-0386-A715-Train-#1
80812840|0386|A715|2025-12-24|net demand for forecast|003515_transit_20251224-0386-A715-Train-#1,2025-12-25,80812840,0386,A715,2025-12-24,2026-01-03,1,80812840|0386|A715|2025-12-24|net demand for forecast|003515,20251224-0386-A715-Train-#1
80812840|0386|A715|2025-12-24|net demand for forecast|003516_transit_20251224-0386-A715-Train-#1,2025-12-25,80812840,0386,A715,2025-12-24,2026-01-03,1,80812840|0386|A715|2025-12-24|net demand for forecast|003516,20251224-0386-A715-Train-#1
80812840|0386|A715|2025-12-24|net demand for forecast|003517_transit_20251224-0386-A715-Train-#1,2025-12-25,80812840,0386,A715,2025-12-24,2026-01-03,1,80812840|0386|A715|2025-12-24|net demand for forecast|003517,20251224-0386-A715-Train-#1
80812840|0386|A715|2025-12-24|net demand for forecast|003518_transit_20251224-0386-A715-Train-#1,2025-12-25,80812840,0386,A715,2025-12-24,2026-01-03,1,80812840|0386|A715|2025-12-24|net demand for forecast|003518,20251224-0386-A715-Train-#1
80812840|0386|A715|2025-12-24|net demand for forecast|003519_transit_20251224-0386-A715-Train-#1,2025-12-25,80812840,0386,A715,2025-12-24,2026-01-03,1,80812840|0386|A715|2025-12-24|net demand for forecast|003519,20251224-0386-A715-Train-#1
80812840|0386|A715|2025-12-24|net demand for forecast|003520_transit_20251224-0386-A715-Train-#1,2025-12-25,80812840,0386,A715,2025-12-24,2026-01-03,1,80812840|0386|A715|2025-12-24|net demand for forecast|003520,20251224-0386-A715-Train-#1
80812840|0386|A715|2025-12-24|net demand for forecast|003521_transit_20251224-0386-A715-Train-#1,2025-12-25,80812840,0386,A715,2025-12-24,2026-01-03,1,80812840|0386|A715|2025-12-24|net demand for forecast|003521,20251224-0386-A715-Train-#1
80812840|0386|A715|2025-12-24|net demand for forecast|003522_transit_20251224-0386-A715-Train-#1,2025-12-25,80812840,0386,A715,2025-12-24,2026-01-03,1,80812840|0386|A715|2025-12-24|net demand for forecast|003522,20251224-0386-A715-Train-#1
80812840|0386|A715|2025-12-24|net demand for forecast|003523_transit_20251224-0386-A715-Train-#1,2025-12-25,80812840,0386,A715,2025-12-24,2026-01-03,1,80812840|0386|A715|2025-12-24|net demand for forecast|003523,20251224-0386-A715-Train-#1
80812840|0386|A715|2025-12-24|net demand for forecast|003524_transit_20251224-0386-A715-Train-#1,2025-12-25,80812840,0386,A715,2025-12-24,2026-01-03,1,80812840|0386|A715|2025-12-24|net demand for forecast|003524,20251224-0386-A715-Train-#1
80812840|0386|A715|2025-12-24|net demand for forecast|003525_transit_20251224-0386-A715-Train-#1,2025-12-25,80812840,0386,A715,2025-12-24,2026-01-03,1,80812840|0386|A715|2025-12-24|net demand for forecast|003525,20251224-0386-A715-Train-#1
80812840|0386|A715|2025-12-24|net demand for forecast|003526_transit_20251224-0386-A715-Train-#1,2025-12-25,80812840,0386,A715,2025-12-24,2026-01-03,1,80812840|0386|A715|2025-12-24|net demand for forecast|003526,20251224-0386-A715-Train-#1
80812840|0386|A715|2025-12-24|net demand for forecast|003527_transit_20251224-0386-A715-Train-#1,2025-12-25,80812840,0386,A715,2025-12-24,2026-01-03,1,80812840|0386|A715|2025-12-24|net demand for forecast|003527,20251224-0386-A715-Train-#1
80812840|0386|A715|2025-12-24|net demand for forecast|003528_transit_20251224-0386-A715-Train-#1,2025-12-25,80812840,0386,A715,2025-12-24,2026-01-03,1,80812840|0386|A715|2025-12-24|net demand for forecast|003528,20251224-0386-A715-Train-#1
80812840|0386|A715|2025-12-24|net demand for forecast|003529_transit_20251224-0386-A715-Train-#1,2025-12-25,80812840,0386,A715,2025-12-24,2026-01-03,1,80812840|0386|A715|2025-12-24|net demand for forecast|003529,20251224-0386-A715-Train-#1
80812840|0386|A715|2025-12-24|net demand for forecast|003530_transit_20251224-0386-A715-Train-#1,2025-12-25,80812840,0386,A715,2025-12-24,2026-01-03,1,80812840|0386|A715|2025-12-24|net demand for forecast|003530,20251224-0386-A715-Train-#1
80812840|0386|A715|2025-12-24|net demand for forecast|003531_transit_20251224-0386-A715-Train-#1,2025-12-25,80812840,0386,A715,2025-12-24,2026-01-03,1,80812840|0386|A715|2025-12-24|net demand for forecast|003531,20251224-0386-A715-Train-#1
80851898|0386|A715|2025-12-24|net demand for forecast|003575_transit_20251224-0386-A715-Train-#1,2025-12-25,80851898,0386,A715,2025-12-24,2026-01-03,1,80851898|0386|A715|2025-12-24|net demand for forecast|003575,20251224-0386-A715-Train-#1
80851898|0386|A715|2025-12-24|net demand for forecast|003576_transit_20251224-0386-A715-Train-#1,2025-12-25,80851898,0386,A715,2025-12-24,2026-01-03,1,80851898|0386|A715|2025-12-24|net demand for forecast|003576,20251224-0386-A715-Train-#1
80851898|0386|A715|2025-12-24|net demand for forecast|003577_transit_20251224-0386-A715-Train-#1,2025-12-25,80851898,0386,A715,2025-12-24,2026-01-03,1,80851898|0386|A715|2025-12-24|net demand for forecast|003577,20251224-0386-A715-Train-#1
80851898|0386|A715|2025-12-24|net demand for forecast|003578_transit_20251224-0386-A715-Train-#1,2025-12-25,80851898,0386,A715,2025-12-24,2026-01-03,1,80851898|0386|A715|2025-12-24|net demand for forecast|003578,20251224-0386-A715-Train-#1
80851898|0386|A715|2025-12-24|net demand for forecast|003579_transit_20251224-0386-A715-Train-#1,2025-12-25,80851898,0386,A715,2025-12-24,2026-01-03,1,80851898|0386|A715|2025-12-24|net demand for forecast|003579,20251224-0386-A715-Train-#1
80851898|0386|A715|2025-12-24|net demand for forecast|003580_transit_20251224-0386-A715-Train-#1,2025-12-25,80851898,0386,A715,2025-12-24,2026-01-03,1,80851898|0386|A715|2025-12-24|net demand for forecast|003580,20251224-0386-A715-Train-#1
80851898|0386|A715|2025-12-24|net demand for forecast|003581_transit_20251224-0386-A715-Train-#1,2025-12-25,80851898,0386,A715,2025-12-24,2026-01-03,1,80851898|0386|A715|2025-12-24|net demand for forecast|003581,20251224-0386-A715-Train-#1
80851898|0386|A715|2025-12-24|net demand for forecast|003582_transit_20251224-0386-A715-Train-#1,2025-12-25,80851898,0386,A715,2025-12-24,2026-01-04,1,80851898|0386|A715|2025-12-24|net demand for forecast|003582,20251224-0386-A715-Train-#1
80851898|0386|A715|2025-12-24|net demand for forecast|003583_transit_20251224-0386-A715-Train-#1,2025-12-25,80851898,0386,A715,2025-12-24,2026-01-03,1,80851898|0386|A715|2025-12-24|net demand for forecast|003583,20251224-0386-A715-Train-#1
80851898|0386|A715|2025-12-24|net demand for forecast|003584_transit_20251224-0386-A715-Train-#1,2025-12-25,80851898,0386,A715,2025-12-24,2026-01-03,1,80851898|0386|A715|2025-12-24|net demand for forecast|003584,20251224-0386-A715-Train-#1
80851898|0386|A715|2025-12-24|net demand for forecast|003585_transit_20251224-0386-A715-Train-#1,2025-12-25,80851898,0386,A715,2025-12-24,2026-01-03,1,80851898|0386|A715|2025-12-24|net demand for forecast|003585,20251224-0386-A715-Train-#1
80851898|0386|A715|2025-12-24|net demand for forecast|003586_transit_20251224-0386-A715-Train-#1,2025-12-25,80851898,0386,A715,2025-12-24,2026-01-03,1,80851898|0386|A715|2025-12-24|net demand for forecast|003586,20251224-0386-A715-Train-#1
80851898|0386|A715|2025-12-24|net demand for forecast|003587_transit_20251224-0386-A715-Train-#1,2025-12-25,80851898,0386,A715,2025-12-24,2026-01-03,1,80851898|0386|A715|2025-12-24|net demand for forecast|003587,20251224-0386-A715-Train-#1
80851898|0386|A715|2025-12-24|net demand for forecast|003588_transit_20251224-0386-A715-Train-#1,2025-12-25,80851898,0386,A715,2025-12-24,2026-01-04,1,80851898|0386|A715|2025-12-24|net demand for forecast|003588,20251224-0386-A715-Train-#1
80851898|0386|A715|2025-12-24|net demand for forecast|003589_transit_20251224-0386-A715-Train-#1,2025-12-25,80851898,0386,A715,2025-12-24,2026-01-03,1,80851898|0386|A715|2025-12-24|net demand for forecast|003589,20251224-0386-A715-Train-#1
80851898|0386|A715|2025-12-24|net demand for forecast|003590_transit_20251224-0386-A715-Train-#1,2025-12-25,80851898,0386,A715,2025-12-24,2026-01-04,1,80851898|0386|A715|2025-12-24|net demand for forecast|003590,20251224-0386-A715-Train-#1
80851898|0386|A715|2025-12-24|net demand for forecast|003591_transit_20251224-0386-A715-Train-#1,2025-12-25,80851898,0386,A715,2025-12-24,2026-01-04,1,80851898|0386|A715|2025-12-24|net demand for forecast|003591,20251224-0386-A715-Train-#1
80851898|0386|A715|2025-12-24|net demand for forecast|003592_transit_20251224-0386-A715-Train-#1,2025-12-25,80851898,0386,A715,2025-12-24,2026-01-03,1,80851898|0386|A715|2025-12-24|net demand for forecast|003592,20251224-0386-A715-Train-#1
80851898|0386|A715|2025-12-24|net demand for forecast|003593_transit_20251224-0386-A715-Train-#1,2025-12-25,80851898,0386,A715,2025-12-24,2026-01-03,1,80851898|0386|A715|2025-12-24|net demand for forecast|003593,20251224-0386-A715-Train-#1
80884852|0386|A715|2025-12-24|net demand for forecast|003634_transit_20251224-0386-A715-Train-#1,2025-12-25,80884852,0386,A715,2025-12-24,2026-01-03,1,80884852|0386|A715|2025-12-24|net demand for forecast|003634,20251224-0386-A715-Train-#1
80884852|0386|A715|2025-12-24|net demand for forecast|003635_transit_20251224-0386-A715-Train-#1,2025-12-25,80884852,0386,A715,2025-12-24,2026-01-03,1,80884852|0386|A715|2025-12-24|net demand for forecast|003635,20251224-0386-A715-Train-#1
80884852|0386|A715|2025-12-24|net demand for forecast|003636_transit_20251224-0386-A715-Train-#1,2025-12-25,80884852,0386,A715,2025-12-24,2026-01-03,1,80884852|0386|A715|2025-12-24|net demand for forecast|003636,20251224-0386-A715-Train-#1
80884852|0386|A715|2025-12-24|net demand for forecast|003637_transit_20251224-0386-A715-Train-#1,2025-12-25,80884852,0386,A715,2025-12-24,2026-01-03,1,80884852|0386|A715|2025-12-24|net demand for forecast|003637,20251224-0386-A715-Train-#1
80884852|0386|A715|2025-12-24|net demand for forecast|003638_transit_20251224-0386-A715-Train-#1,2025-12-25,80884852,0386,A715,2025-12-24,2026-01-03,1,80884852|0386|A715|2025-12-24|net demand for forecast|003638,20251224-0386-A715-Train-#1
80884852|0386|A715|2025-12-24|net demand for forecast|003639_transit_20251224-0386-A715-Train-#1,2025-12-25,80884852,0386,A715,2025-12-24,2026-01-03,1,80884852|0386|A715|2025-12-24|net demand for forecast|003639,20251224-0386-A715-Train-#1
80884852|0386|A715|2025-12-24|net demand for forecast|003640_transit_20251224-0386-A715-Train-#1,2025-12-25,80884852,0386,A715,2025-12-24,2026-01-03,1,80884852|0386|A715|2025-12-24|net demand for forecast|003640,20251224-0386-A715-Train-#1
80884852|0386|A715|2025-12-24|net demand for forecast|003641_transit_20251224-0386-A715-Train-#1,2025-12-25,80884852,0386,A715,2025-12-24,2026-01-03,1,80884852|0386|A715|2025-12-24|net demand for forecast|003641,20251224-0386-A715-Train-#1
80884852|0386|A715|2025-12-24|net demand for forecast|003642_transit_20251224-0386-A715-Train-#1,2025-12-25,80884852,0386,A715,2025-12-24,2026-01-03,1,80884852|0386|A715|2025-12-24|net demand for forecast|003642,20251224-0386-A715-Train-#1
80884852|0386|A715|2025-12-24|net demand for forecast|003643_transit_20251224-0386-A715-Train-#1,2025-12-25,80884852,0386,A715,2025-12-24,2026-01-03,1,80884852|0386|A715|2025-12-24|net demand for forecast|003643,20251224-0386-A715-Train-#1
80884852|0386|A715|2025-12-24|net demand for forecast|003644_transit_20251224-0386-A715-Train-#1,2025-12-25,80884852,0386,A715,2025-12-24,2026-01-03,1,80884852|0386|A715|2025-12-24|net demand for forecast|003644,20251224-0386-A715-Train-#1
80884852|0386|A715|2025-12-24|net demand for forecast|003645_transit_20251224-0386-A715-Train-#1,2025-12-25,80884852,0386,A715,2025-12-24,2026-01-03,6,80884852|0386|A715|2025-12-24|net demand for forecast|003645,20251224-0386-A715-Train-#1
80884852|0386|A715|2025-12-24|net demand for forecast|003646_transit_20251224-0386-A715-Train-#1,2025-12-25,80884852,0386,A715,2025-12-24,2026-01-03,6,80884852|0386|A715|2025-12-24|net demand for forecast|003646,20251224-0386-A715-Train-#1
80884852|0386|A715|2025-12-24|net demand for forecast|003647_transit_20251224-0386-A715-Train-#1,2025-12-25,80884852,0386,A715,2025-12-24,2026-01-03,6,80884852|0386|A715|2025-12-24|net demand for forecast|003647,20251224-0386-A715-Train-#1
80884852|0386|A715|2025-12-24|net demand for forecast|003648_transit_20251224-0386-A715-Train-#1,2025-12-25,80884852,0386,A715,2025-12-24,2026-01-03,6,80884852|0386|A715|2025-12-24|net demand for forecast|003648,20251224-0386-A715-Train-#1
21127730|0386|A715|2025-12-24|net demand for safety|002980_transit_20251224-0386-A715-Train-#1,2025-12-25,21127730,0386,A715,2025-12-24,2026-01-03,13,21127730|0386|A715|2025-12-24|net demand for safety|002980,20251224-0386-A715-Train-#1
21419485|0386|A715|2025-12-24|net demand for safety|003243_transit_20251224-0386-A715-Train-#1,2025-12-25,21419485,0386,A715,2025-12-24,2026-01-03,39,21419485|0386|A715|2025-12-24|net demand for safety|003243,20251224-0386-A715-Train-#1
80805856|0386|A715|2025-12-24|net demand for safety|003376_transit_20251224-0386-A715-Train-#1,2025-12-25,80805856,0386,A715,2025-12-24,2026-01-03,68,80805856|0386|A715|2025-12-24|net demand for safety|003376,20251224-0386-A715-Train-#1
80807090|0386|A715|2025-12-24|net demand for safety|003447_transit_20251224-0386-A715-Train-#1,2025-12-25,80807090,0386,A715,2025-12-24,2026-01-03,17,80807090|0386|A715|2025-12-24|net demand for safety|003447,20251224-0386-A715-Train-#1
80812154|0386|A715|2025-12-24|net demand for safety|003488_transit_20251224-0386-A715-Train-#1,2025-12-25,80812154,0386,A715,2025-12-24,2026-01-03,45,80812154|0386|A715|2025-12-24|net demand for safety|003488,20251224-0386-A715-Train-#1
80812840|0386|A715|2025-12-24|net demand for safety|003532_transit_20251224-0386-A715-Train-#1,2025-12-25,80812840,0386,A715,2025-12-24,2026-01-04,36,80812840|0386|A715|2025-12-24|net demand for safety|003532,20251224-0386-A715-Train-#1
80851898|0386|A715|2025-12-24|net demand for safety|003594_transit_20251224-0386-A715-Train-#1,2025-12-25,80851898,0386,A715,2025-12-24,2026-01-03,39,80851898|0386|A715|2025-12-24|net demand for safety|003594,20251224-0386-A715-Train-#1
80884852|0386|A715|2025-12-24|net demand for safety|003649_transit_20251224-0386-A715-Train-#1,2025-12-25,80884852,0386,A715,2025-12-24,2026-01-03,13,80884852|0386|A715|2025-12-24|net demand for safety|003649,20251224-0386-A715-Train-#1
21118864|0386|A715|2025-12-24|push replenishment|002943_transit_20251224-0386-A715-Train-#1,2025-12-25,21118864,0386,A715,2025-12-24,2026-01-03,14,21118864|0386|A715|2025-12-24|push replenishment|002943,20251224-0386-A715-Train-#1
21127730|0386|A715|2025-12-24|push replenishment|002981_transit_20251224-0386-A715-Train-#1,2025-12-25,21127730,0386,A715,2025-12-24,2026-01-03,24,21127730|0386|A715|2025-12-24|push replenishment|002981,20251224-0386-A715-Train-#1
21419485|0386|A715|2025-12-24|push replenishment|003244_transit_20251224-0386-A715-Train-#1,2025-12-25,21419485,0386,A715,2025-12-24,2026-01-04,124,21419485|0386|A715|2025-12-24|push replenishment|003244,20251224-0386-A715-Train-#1
80807090|0386|A715|2025-12-24|push replenishment|003448_transit_20251224-0386-A715-Train-#1,2025-12-25,80807090,0386,A715,2025-12-24,2026-01-03,17,80807090|0386|A715|2025-12-24|push replenishment|003448,20251224-0386-A715-Train-#1
80812154|0386|A715|2025-12-24|push replenishment|003489_transit_20251224-0386-A715-Train-#1,2025-12-25,80812154,0386,A715,2025-12-24,2026-01-03,122,80812154|0386|A715|2025-12-24|push replenishment|003489,20251224-0386-A715-Train-#1
80851898|0386|A715|2025-12-24|push replenishment|003595_transit_20251224-0386-A715-Train-#1,2025-12-25,80851898,0386,A715,2025-12-24,2026-01-03,311,80851898|0386|A715|2025-12-24|push replenishment|003595,20251224-0386-A715-Train-#1
80884852|0386|A715|2025-12-24|push replenishment|003650_transit_20251224-0386-A715-Train-#1,2025-12-25,80884852,0386,A715,2025-12-24,2026-01-03,66,80884852|0386|A715|2025-12-24|push replenishment|003650,20251224-0386-A715-Train-#1
21291975|0386|A716|2025-12-24|net demand for normal|003060_transit_20251224-0386-A716-Train-#1,2025-12-25,21291975,0386,A716,2025-12-24,2026-01-07,1,21291975|0386|A716|2025-12-24|net demand for normal|003060,20251224-0386-A716-Train-#1
21376841|0386|A716|2025-12-24|net demand for normal|003183_transit_20251224-0386-A716-Train-#1,2025-12-25,21376841,0386,A716,2025-12-24,2026-01-08,30,21376841|0386|A716|2025-12-24|net demand for normal|003183,20251224-0386-A716-Train-#1
21376841|0386|A716|2025-12-24|net demand for forecast|003172_transit_20251224-0386-A716-Train-#1,2025-12-25,21376841,0386,A716,2025-12-24,2026-01-07,7,21376841|0386|A716|2025-12-24|net demand for forecast|003172,20251224-0386-A716-Train-#1
21376841|0386|A716|2025-12-24|net demand for forecast|003173_transit_20251224-0386-A716-Train-#1,2025-12-25,21376841,0386,A716,2025-12-24,2026-01-07,7,21376841|0386|A716|2025-12-24|net demand for forecast|003173,20251224-0386-A716-Train-#1
21376841|0386|A716|2025-12-24|net demand for forecast|003174_transit_20251224-0386-A716-Train-#1,2025-12-25,21376841,0386,A716,2025-12-24,2026-01-07,7,21376841|0386|A716|2025-12-24|net demand for forecast|003174,20251224-0386-A716-Train-#1
21376841|0386|A716|2025-12-24|net demand for forecast|003175_transit_20251224-0386-A716-Train-#1,2025-12-25,21376841,0386,A716,2025-12-24,2026-01-07,7,21376841|0386|A716|2025-12-24|net demand for forecast|003175,20251224-0386-A716-Train-#1
21376841|0386|A716|2025-12-24|net demand for forecast|003176_transit_20251224-0386-A716-Train-#1,2025-12-25,21376841,0386,A716,2025-12-24,2026-01-07,7,21376841|0386|A716|2025-12-24|net demand for forecast|003176,20251224-0386-A716-Train-#1
21376841|0386|A716|2025-12-24|net demand for forecast|003177_transit_20251224-0386-A716-Train-#1,2025-12-25,21376841,0386,A716,2025-12-24,2026-01-07,7,21376841|0386|A716|2025-12-24|net demand for forecast|003177,20251224-0386-A716-Train-#1
21376841|0386|A716|2025-12-24|net demand for forecast|003178_transit_20251224-0386-A716-Train-#1,2025-12-25,21376841,0386,A716,2025-12-24,2026-01-08,7,21376841|0386|A716|2025-12-24|net demand for forecast|003178,20251224-0386-A716-Train-#1
21376841|0386|A716|2025-12-24|net demand for forecast|003179_transit_20251224-0386-A716-Train-#1,2025-12-25,21376841,0386,A716,2025-12-24,2026-01-07,15,21376841|0386|A716|2025-12-24|net demand for forecast|003179,20251224-0386-A716-Train-#1
21376841|0386|A716|2025-12-24|net demand for forecast|003180_transit_20251224-0386-A716-Train-#1,2025-12-25,21376841,0386,A716,2025-12-24,2026-01-07,15,21376841|0386|A716|2025-12-24|net demand for forecast|003180,20251224-0386-A716-Train-#1
21376841|0386|A716|2025-12-24|net demand for forecast|003181_transit_20251224-0386-A716-Train-#1,2025-12-25,21376841,0386,A716,2025-12-24,2026-01-08,15,21376841|0386|A716|2025-12-24|net demand for forecast|003181,20251224-0386-A716-Train-#1
21376841|0386|A716|2025-12-24|net demand for forecast|003182_transit_20251224-0386-A716-Train-#1,2025-12-25,21376841,0386,A716,2025-12-24,2026-01-08,15,21376841|0386|A716|2025-12-24|net demand for forecast|003182,20251224-0386-A716-Train-#1
21419485|0386|A716|2025-12-24|net demand for forecast|003245_transit_20251224-0386-A716-Train-#1,2025-12-25,21419485,0386,A716,2025-12-24,2026-01-07,2,21419485|0386|A716|2025-12-24|net demand for forecast|003245,20251224-0386-A716-Train-#1
21419485|0386|A716|2025-12-24|net demand for forecast|003246_transit_20251224-0386-A716-Train-#1,2025-12-25,21419485,0386,A716,2025-12-24,2026-01-07,2,21419485|0386|A716|2025-12-24|net demand for forecast|003246,20251224-0386-A716-Train-#1
21419485|0386|A716|2025-12-24|net demand for forecast|003247_transit_20251224-0386-A716-Train-#1,2025-12-25,21419485,0386,A716,2025-12-24,2026-01-07,2,21419485|0386|A716|2025-12-24|net demand for forecast|003247,20251224-0386-A716-Train-#1
21419485|0386|A716|2025-12-24|net demand for forecast|003248_transit_20251224-0386-A716-Train-#1,2025-12-25,21419485,0386,A716,2025-12-24,2026-01-07,2,21419485|0386|A716|2025-12-24|net demand for forecast|003248,20251224-0386-A716-Train-#1
21419485|0386|A716|2025-12-24|net demand for forecast|003249_transit_20251224-0386-A716-Train-#1,2025-12-25,21419485,0386,A716,2025-12-24,2026-01-07,2,21419485|0386|A716|2025-12-24|net demand for forecast|003249,20251224-0386-A716-Train-#1
21419485|0386|A716|2025-12-24|net demand for forecast|003250_transit_20251224-0386-A716-Train-#1,2025-12-25,21419485,0386,A716,2025-12-24,2026-01-07,2,21419485|0386|A716|2025-12-24|net demand for forecast|003250,20251224-0386-A716-Train-#1
21419485|0386|A716|2025-12-24|net demand for forecast|003251_transit_20251224-0386-A716-Train-#1,2025-12-25,21419485,0386,A716,2025-12-24,2026-01-07,3,21419485|0386|A716|2025-12-24|net demand for forecast|003251,20251224-0386-A716-Train-#1
21419485|0386|A716|2025-12-24|net demand for forecast|003252_transit_20251224-0386-A716-Train-#1,2025-12-25,21419485,0386,A716,2025-12-24,2026-01-07,3,21419485|0386|A716|2025-12-24|net demand for forecast|003252,20251224-0386-A716-Train-#1
21419485|0386|A716|2025-12-24|net demand for forecast|003253_transit_20251224-0386-A716-Train-#1,2025-12-25,21419485,0386,A716,2025-12-24,2026-01-07,4,21419485|0386|A716|2025-12-24|net demand for forecast|003253,20251224-0386-A716-Train-#1
21419485|0386|A716|2025-12-24|net demand for forecast|003254_transit_20251224-0386-A716-Train-#1,2025-12-25,21419485,0386,A716,2025-12-24,2026-01-07,4,21419485|0386|A716|2025-12-24|net demand for forecast|003254,20251224-0386-A716-Train-#1
21419485|0386|A716|2025-12-24|net demand for forecast|003255_transit_20251224-0386-A716-Train-#1,2025-12-25,21419485,0386,A716,2025-12-24,2026-01-07,4,21419485|0386|A716|2025-12-24|net demand for forecast|003255,20251224-0386-A716-Train-#1
21419485|0386|A716|2025-12-24|net demand for forecast|003256_transit_20251224-0386-A716-Train-#1,2025-12-25,21419485,0386,A716,2025-12-24,2026-01-07,4,21419485|0386|A716|2025-12-24|net demand for forecast|003256,20251224-0386-A716-Train-#1
21419485|0386|A716|2025-12-24|net demand for forecast|003257_transit_20251224-0386-A716-Train-#1,2025-12-25,21419485,0386,A716,2025-12-24,2026-01-07,4,21419485|0386|A716|2025-12-24|net demand for forecast|003257,20251224-0386-A716-Train-#1
21419485|0386|A716|2025-12-24|net demand for forecast|003258_transit_20251224-0386-A716-Train-#1,2025-12-25,21419485,0386,A716,2025-12-24,2026-01-07,4,21419485|0386|A716|2025-12-24|net demand for forecast|003258,20251224-0386-A716-Train-#1
21419485|0386|A716|2025-12-24|net demand for forecast|003259_transit_20251224-0386-A716-Train-#1,2025-12-25,21419485,0386,A716,2025-12-24,2026-01-07,4,21419485|0386|A716|2025-12-24|net demand for forecast|003259,20251224-0386-A716-Train-#1
21419485|0386|A716|2025-12-24|net demand for forecast|003260_transit_20251224-0386-A716-Train-#1,2025-12-25,21419485,0386,A716,2025-12-24,2026-01-07,24,21419485|0386|A716|2025-12-24|net demand for forecast|003260,20251224-0386-A716-Train-#1
21419485|0386|A716|2025-12-24|net demand for forecast|003261_transit_20251224-0386-A716-Train-#1,2025-12-25,21419485,0386,A716,2025-12-24,2026-01-07,25,21419485|0386|A716|2025-12-24|net demand for forecast|003261,20251224-0386-A716-Train-#1
21419485|0386|A716|2025-12-24|net demand for forecast|003262_transit_20251224-0386-A716-Train-#1,2025-12-25,21419485,0386,A716,2025-12-24,2026-01-07,25,21419485|0386|A716|2025-12-24|net demand for forecast|003262,20251224-0386-A716-Train-#1
21419485|0386|A716|2025-12-24|net demand for forecast|003263_transit_20251224-0386-A716-Train-#1,2025-12-25,21419485,0386,A716,2025-12-24,2026-01-07,25,21419485|0386|A716|2025-12-24|net demand for forecast|003263,20251224-0386-A716-Train-#1
80805856|0386|A716|2025-12-24|net demand for forecast|003377_transit_20251224-0386-A716-Train-#1,2025-12-25,80805856,0386,A716,2025-12-24,2026-01-07,1,80805856|0386|A716|2025-12-24|net demand for forecast|003377,20251224-0386-A716-Train-#1
80805856|0386|A716|2025-12-24|net demand for forecast|003378_transit_20251224-0386-A716-Train-#1,2025-12-25,80805856,0386,A716,2025-12-24,2026-01-07,1,80805856|0386|A716|2025-12-24|net demand for forecast|003378,20251224-0386-A716-Train-#1
80805856|0386|A716|2025-12-24|net demand for forecast|003379_transit_20251224-0386-A716-Train-#1,2025-12-25,80805856,0386,A716,2025-12-24,2026-01-07,2,80805856|0386|A716|2025-12-24|net demand for forecast|003379,20251224-0386-A716-Train-#1
80805856|0386|A716|2025-12-24|net demand for forecast|003380_transit_20251224-0386-A716-Train-#1,2025-12-25,80805856,0386,A716,2025-12-24,2026-01-07,2,80805856|0386|A716|2025-12-24|net demand for forecast|003380,20251224-0386-A716-Train-#1
80805856|0386|A716|2025-12-24|net demand for forecast|003381_transit_20251224-0386-A716-Train-#1,2025-12-25,80805856,0386,A716,2025-12-24,2026-01-07,2,80805856|0386|A716|2025-12-24|net demand for forecast|003381,20251224-0386-A716-Train-#1
80805856|0386|A716|2025-12-24|net demand for forecast|003382_transit_20251224-0386-A716-Train-#1,2025-12-25,80805856,0386,A716,2025-12-24,2026-01-07,2,80805856|0386|A716|2025-12-24|net demand for forecast|003382,20251224-0386-A716-Train-#1
80805856|0386|A716|2025-12-24|net demand for forecast|003383_transit_20251224-0386-A716-Train-#1,2025-12-25,80805856,0386,A716,2025-12-24,2026-01-07,2,80805856|0386|A716|2025-12-24|net demand for forecast|003383,20251224-0386-A716-Train-#1
80805856|0386|A716|2025-12-24|net demand for forecast|003384_transit_20251224-0386-A716-Train-#1,2025-12-25,80805856,0386,A716,2025-12-24,2026-01-07,2,80805856|0386|A716|2025-12-24|net demand for forecast|003384,20251224-0386-A716-Train-#1
80805856|0386|A716|2025-12-24|net demand for forecast|003385_transit_20251224-0386-A716-Train-#1,2025-12-25,80805856,0386,A716,2025-12-24,2026-01-07,2,80805856|0386|A716|2025-12-24|net demand for forecast|003385,20251224-0386-A716-Train-#1
80805856|0386|A716|2025-12-24|net demand for forecast|003386_transit_20251224-0386-A716-Train-#1,2025-12-25,80805856,0386,A716,2025-12-24,2026-01-08,2,80805856|0386|A716|2025-12-24|net demand for forecast|003386,20251224-0386-A716-Train-#1
80805856|0386|A716|2025-12-24|net demand for forecast|003387_transit_20251224-0386-A716-Train-#1,2025-12-25,80805856,0386,A716,2025-12-24,2026-01-07,2,80805856|0386|A716|2025-12-24|net demand for forecast|003387,20251224-0386-A716-Train-#1
80805856|0386|A716|2025-12-24|net demand for forecast|003388_transit_20251224-0386-A716-Train-#1,2025-12-25,80805856,0386,A716,2025-12-24,2026-01-07,2,80805856|0386|A716|2025-12-24|net demand for forecast|003388,20251224-0386-A716-Train-#1
80805856|0386|A716|2025-12-24|net demand for forecast|003389_transit_20251224-0386-A716-Train-#1,2025-12-25,80805856,0386,A716,2025-12-24,2026-01-07,2,80805856|0386|A716|2025-12-24|net demand for forecast|003389,20251224-0386-A716-Train-#1
80805856|0386|A716|2025-12-24|net demand for forecast|003390_transit_20251224-0386-A716-Train-#1,2025-12-25,80805856,0386,A716,2025-12-24,2026-01-08,2,80805856|0386|A716|2025-12-24|net demand for forecast|003390,20251224-0386-A716-Train-#1
80805856|0386|A716|2025-12-24|net demand for forecast|003391_transit_20251224-0386-A716-Train-#1,2025-12-25,80805856,0386,A716,2025-12-24,2026-01-08,2,80805856|0386|A716|2025-12-24|net demand for forecast|003391,20251224-0386-A716-Train-#1
80805856|0386|A716|2025-12-24|net demand for forecast|003392_transit_20251224-0386-A716-Train-#1,2025-12-25,80805856,0386,A716,2025-12-24,2026-01-07,2,80805856|0386|A716|2025-12-24|net demand for forecast|003392,20251224-0386-A716-Train-#1
80805856|0386|A716|2025-12-24|net demand for forecast|003393_transit_20251224-0386-A716-Train-#1,2025-12-25,80805856,0386,A716,2025-12-24,2026-01-07,2,80805856|0386|A716|2025-12-24|net demand for forecast|003393,20251224-0386-A716-Train-#1
80805856|0386|A716|2025-12-24|net demand for forecast|003394_transit_20251224-0386-A716-Train-#1,2025-12-25,80805856,0386,A716,2025-12-24,2026-01-07,2,80805856|0386|A716|2025-12-24|net demand for forecast|003394,20251224-0386-A716-Train-#1
80805856|0386|A716|2025-12-24|net demand for forecast|003395_transit_20251224-0386-A716-Train-#1,2025-12-25,80805856,0386,A716,2025-12-24,2026-01-07,2,80805856|0386|A716|2025-12-24|net demand for forecast|003395,20251224-0386-A716-Train-#1
80805856|0386|A716|2025-12-24|net demand for forecast|003396_transit_20251224-0386-A716-Train-#1,2025-12-25,80805856,0386,A716,2025-12-24,2026-01-07,2,80805856|0386|A716|2025-12-24|net demand for forecast|003396,20251224-0386-A716-Train-#1
80805856|0386|A716|2025-12-24|net demand for forecast|003397_transit_20251224-0386-A716-Train-#1,2025-12-25,80805856,0386,A716,2025-12-24,2026-01-07,2,80805856|0386|A716|2025-12-24|net demand for forecast|003397,20251224-0386-A716-Train-#1
80805856|0386|A716|2025-12-24|net demand for forecast|003398_transit_20251224-0386-A716-Train-#1,2025-12-25,80805856,0386,A716,2025-12-24,2026-01-08,2,80805856|0386|A716|2025-12-24|net demand for forecast|003398,20251224-0386-A716-Train-#1
80805856|0386|A716|2025-12-24|net demand for forecast|003399_transit_20251224-0386-A716-Train-#1,2025-12-25,80805856,0386,A716,2025-12-24,2026-01-07,2,80805856|0386|A716|2025-12-24|net demand for forecast|003399,20251224-0386-A716-Train-#1
80805856|0386|A716|2025-12-24|net demand for forecast|003400_transit_20251224-0386-A716-Train-#1,2025-12-25,80805856,0386,A716,2025-12-24,2026-01-07,2,80805856|0386|A716|2025-12-24|net demand for forecast|003400,20251224-0386-A716-Train-#1
80805856|0386|A716|2025-12-24|net demand for forecast|003401_transit_20251224-0386-A716-Train-#1,2025-12-25,80805856,0386,A716,2025-12-24,2026-01-07,2,80805856|0386|A716|2025-12-24|net demand for forecast|003401,20251224-0386-A716-Train-#1
80812154|0386|A716|2025-12-24|net demand for forecast|003490_transit_20251224-0386-A716-Train-#1,2025-12-25,80812154,0386,A716,2025-12-24,2026-01-07,1,80812154|0386|A716|2025-12-24|net demand for forecast|003490,20251224-0386-A716-Train-#1
80812154|0386|A716|2025-12-24|net demand for forecast|003491_transit_20251224-0386-A716-Train-#1,2025-12-25,80812154,0386,A716,2025-12-24,2026-01-07,1,80812154|0386|A716|2025-12-24|net demand for forecast|003491,20251224-0386-A716-Train-#1
80812154|0386|A716|2025-12-24|net demand for forecast|003492_transit_20251224-0386-A716-Train-#1,2025-12-25,80812154,0386,A716,2025-12-24,2026-01-07,1,80812154|0386|A716|2025-12-24|net demand for forecast|003492,20251224-0386-A716-Train-#1
80812154|0386|A716|2025-12-24|net demand for forecast|003493_transit_20251224-0386-A716-Train-#1,2025-12-25,80812154,0386,A716,2025-12-24,2026-01-07,1,80812154|0386|A716|2025-12-24|net demand for forecast|003493,20251224-0386-A716-Train-#1
80812154|0386|A716|2025-12-24|net demand for forecast|003494_transit_20251224-0386-A716-Train-#1,2025-12-25,80812154,0386,A716,2025-12-24,2026-01-07,1,80812154|0386|A716|2025-12-24|net demand for forecast|003494,20251224-0386-A716-Train-#1
80812154|0386|A716|2025-12-24|net demand for forecast|003495_transit_20251224-0386-A716-Train-#1,2025-12-25,80812154,0386,A716,2025-12-24,2026-01-07,1,80812154|0386|A716|2025-12-24|net demand for forecast|003495,20251224-0386-A716-Train-#1
80812154|0386|A716|2025-12-24|net demand for forecast|003496_transit_20251224-0386-A716-Train-#1,2025-12-25,80812154,0386,A716,2025-12-24,2026-01-07,1,80812154|0386|A716|2025-12-24|net demand for forecast|003496,20251224-0386-A716-Train-#1
80812154|0386|A716|2025-12-24|net demand for forecast|003497_transit_20251224-0386-A716-Train-#1,2025-12-25,80812154,0386,A716,2025-12-24,2026-01-08,1,80812154|0386|A716|2025-12-24|net demand for forecast|003497,20251224-0386-A716-Train-#1
80812154|0386|A716|2025-12-24|net demand for forecast|003498_transit_20251224-0386-A716-Train-#1,2025-12-25,80812154,0386,A716,2025-12-24,2026-01-07,1,80812154|0386|A716|2025-12-24|net demand for forecast|003498,20251224-0386-A716-Train-#1
80812154|0386|A716|2025-12-24|net demand for forecast|003499_transit_20251224-0386-A716-Train-#1,2025-12-25,80812154,0386,A716,2025-12-24,2026-01-07,1,80812154|0386|A716|2025-12-24|net demand for forecast|003499,20251224-0386-A716-Train-#1
80812154|0386|A716|2025-12-24|net demand for forecast|003500_transit_20251224-0386-A716-Train-#1,2025-12-25,80812154,0386,A716,2025-12-24,2026-01-07,1,80812154|0386|A716|2025-12-24|net demand for forecast|003500,20251224-0386-A716-Train-#1
80812154|0386|A716|2025-12-24|net demand for forecast|003501_transit_20251224-0386-A716-Train-#1,2025-12-25,80812154,0386,A716,2025-12-24,2026-01-07,1,80812154|0386|A716|2025-12-24|net demand for forecast|003501,20251224-0386-A716-Train-#1
80812154|0386|A716|2025-12-24|net demand for forecast|003502_transit_20251224-0386-A716-Train-#1,2025-12-25,80812154,0386,A716,2025-12-24,2026-01-08,1,80812154|0386|A716|2025-12-24|net demand for forecast|003502,20251224-0386-A716-Train-#1
80812154|0386|A716|2025-12-24|net demand for forecast|003503_transit_20251224-0386-A716-Train-#1,2025-12-25,80812154,0386,A716,2025-12-24,2026-01-07,1,80812154|0386|A716|2025-12-24|net demand for forecast|003503,20251224-0386-A716-Train-#1
80812840|0386|A716|2025-12-24|net demand for forecast|003533_transit_20251224-0386-A716-Train-#1,2025-12-25,80812840,0386,A716,2025-12-24,2026-01-08,1,80812840|0386|A716|2025-12-24|net demand for forecast|003533,20251224-0386-A716-Train-#1
80812840|0386|A716|2025-12-24|net demand for forecast|003534_transit_20251224-0386-A716-Train-#1,2025-12-25,80812840,0386,A716,2025-12-24,2026-01-07,1,80812840|0386|A716|2025-12-24|net demand for forecast|003534,20251224-0386-A716-Train-#1
80812840|0386|A716|2025-12-24|net demand for forecast|003535_transit_20251224-0386-A716-Train-#1,2025-12-25,80812840,0386,A716,2025-12-24,2026-01-07,1,80812840|0386|A716|2025-12-24|net demand for forecast|003535,20251224-0386-A716-Train-#1
80812840|0386|A716|2025-12-24|net demand for forecast|003536_transit_20251224-0386-A716-Train-#1,2025-12-25,80812840,0386,A716,2025-12-24,2026-01-07,1,80812840|0386|A716|2025-12-24|net demand for forecast|003536,20251224-0386-A716-Train-#1
80812840|0386|A716|2025-12-24|net demand for forecast|003537_transit_20251224-0386-A716-Train-#1,2025-12-25,80812840,0386,A716,2025-12-24,2026-01-08,2,80812840|0386|A716|2025-12-24|net demand for forecast|003537,20251224-0386-A716-Train-#1
80812840|0386|A716|2025-12-24|net demand for forecast|003538_transit_20251224-0386-A716-Train-#1,2025-12-25,80812840,0386,A716,2025-12-24,2026-01-07,2,80812840|0386|A716|2025-12-24|net demand for forecast|003538,20251224-0386-A716-Train-#1
80812840|0386|A716|2025-12-24|net demand for forecast|003539_transit_20251224-0386-A716-Train-#1,2025-12-25,80812840,0386,A716,2025-12-24,2026-01-07,2,80812840|0386|A716|2025-12-24|net demand for forecast|003539,20251224-0386-A716-Train-#1
80812840|0386|A716|2025-12-24|net demand for forecast|003540_transit_20251224-0386-A716-Train-#1,2025-12-25,80812840,0386,A716,2025-12-24,2026-01-08,2,80812840|0386|A716|2025-12-24|net demand for forecast|003540,20251224-0386-A716-Train-#1
80812840|0386|A716|2025-12-24|net demand for forecast|003541_transit_20251224-0386-A716-Train-#1,2025-12-25,80812840,0386,A716,2025-12-24,2026-01-07,2,80812840|0386|A716|2025-12-24|net demand for forecast|003541,20251224-0386-A716-Train-#1
80812840|0386|A716|2025-12-24|net demand for forecast|003542_transit_20251224-0386-A716-Train-#1,2025-12-25,80812840,0386,A716,2025-12-24,2026-01-07,2,80812840|0386|A716|2025-12-24|net demand for forecast|003542,20251224-0386-A716-Train-#1
80812840|0386|A716|2025-12-24|net demand for forecast|003543_transit_20251224-0386-A716-Train-#1,2025-12-25,80812840,0386,A716,2025-12-24,2026-01-07,2,80812840|0386|A716|2025-12-24|net demand for forecast|003543,20251224-0386-A716-Train-#1
80812840|0386|A716|2025-12-24|net demand for forecast|003544_transit_20251224-0386-A716-Train-#1,2025-12-25,80812840,0386,A716,2025-12-24,2026-01-07,2,80812840|0386|A716|2025-12-24|net demand for forecast|003544,20251224-0386-A716-Train-#1
80812840|0386|A716|2025-12-24|net demand for forecast|003545_transit_20251224-0386-A716-Train-#1,2025-12-25,80812840,0386,A716,2025-12-24,2026-01-07,2,80812840|0386|A716|2025-12-24|net demand for forecast|003545,20251224-0386-A716-Train-#1
80812840|0386|A716|2025-12-24|net demand for forecast|003546_transit_20251224-0386-A716-Train-#1,2025-12-25,80812840,0386,A716,2025-12-24,2026-01-07,2,80812840|0386|A716|2025-12-24|net demand for forecast|003546,20251224-0386-A716-Train-#1
80812840|0386|A716|2025-12-24|net demand for forecast|003547_transit_20251224-0386-A716-Train-#1,2025-12-25,80812840,0386,A716,2025-12-24,2026-01-08,2,80812840|0386|A716|2025-12-24|net demand for forecast|003547,20251224-0386-A716-Train-#1
80812840|0386|A716|2025-12-24|net demand for forecast|003548_transit_20251224-0386-A716-Train-#1,2025-12-25,80812840,0386,A716,2025-12-24,2026-01-07,2,80812840|0386|A716|2025-12-24|net demand for forecast|003548,20251224-0386-A716-Train-#1
80812840|0386|A716|2025-12-24|net demand for forecast|003549_transit_20251224-0386-A716-Train-#1,2025-12-25,80812840,0386,A716,2025-12-24,2026-01-07,2,80812840|0386|A716|2025-12-24|net demand for forecast|003549,20251224-0386-A716-Train-#1
80812840|0386|A716|2025-12-24|net demand for forecast|003550_transit_20251224-0386-A716-Train-#1,2025-12-25,80812840,0386,A716,2025-12-24,2026-01-08,2,80812840|0386|A716|2025-12-24|net demand for forecast|003550,20251224-0386-A716-Train-#1
80812840|0386|A716|2025-12-24|net demand for forecast|003551_transit_20251224-0386-A716-Train-#1,2025-12-25,80812840,0386,A716,2025-12-24,2026-01-07,2,80812840|0386|A716|2025-12-24|net demand for forecast|003551,20251224-0386-A716-Train-#1
80812840|0386|A716|2025-12-24|net demand for forecast|003552_transit_20251224-0386-A716-Train-#1,2025-12-25,80812840,0386,A716,2025-12-24,2026-01-07,2,80812840|0386|A716|2025-12-24|net demand for forecast|003552,20251224-0386-A716-Train-#1
80812840|0386|A716|2025-12-24|net demand for forecast|003553_transit_20251224-0386-A716-Train-#1,2025-12-25,80812840,0386,A716,2025-12-24,2026-01-07,2,80812840|0386|A716|2025-12-24|net demand for forecast|003553,20251224-0386-A716-Train-#1
80812840|0386|A716|2025-12-24|net demand for forecast|003554_transit_20251224-0386-A716-Train-#1,2025-12-25,80812840,0386,A716,2025-12-24,2026-01-07,2,80812840|0386|A716|2025-12-24|net demand for forecast|003554,20251224-0386-A716-Train-#1
80812840|0386|A716|2025-12-24|net demand for forecast|003555_transit_20251224-0386-A716-Train-#1,2025-12-25,80812840,0386,A716,2025-12-24,2026-01-07,2,80812840|0386|A716|2025-12-24|net demand for forecast|003555,20251224-0386-A716-Train-#1
80812840|0386|A716|2025-12-24|net demand for forecast|003556_transit_20251224-0386-A716-Train-#1,2025-12-25,80812840,0386,A716,2025-12-24,2026-01-07,2,80812840|0386|A716|2025-12-24|net demand for forecast|003556,20251224-0386-A716-Train-#1
80851898|0386|A716|2025-12-24|net demand for forecast|003596_transit_20251224-0386-A716-Train-#1,2025-12-25,80851898,0386,A716,2025-12-24,2026-01-07,1,80851898|0386|A716|2025-12-24|net demand for forecast|003596,20251224-0386-A716-Train-#1
80851898|0386|A716|2025-12-24|net demand for forecast|003597_transit_20251224-0386-A716-Train-#1,2025-12-25,80851898,0386,A716,2025-12-24,2026-01-07,1,80851898|0386|A716|2025-12-24|net demand for forecast|003597,20251224-0386-A716-Train-#1
80851898|0386|A716|2025-12-24|net demand for forecast|003598_transit_20251224-0386-A716-Train-#1,2025-12-25,80851898,0386,A716,2025-12-24,2026-01-07,1,80851898|0386|A716|2025-12-24|net demand for forecast|003598,20251224-0386-A716-Train-#1
80851898|0386|A716|2025-12-24|net demand for forecast|003599_transit_20251224-0386-A716-Train-#1,2025-12-25,80851898,0386,A716,2025-12-24,2026-01-08,1,80851898|0386|A716|2025-12-24|net demand for forecast|003599,20251224-0386-A716-Train-#1
80851898|0386|A716|2025-12-24|net demand for forecast|003600_transit_20251224-0386-A716-Train-#1,2025-12-25,80851898,0386,A716,2025-12-24,2026-01-08,1,80851898|0386|A716|2025-12-24|net demand for forecast|003600,20251224-0386-A716-Train-#1
80851898|0386|A716|2025-12-24|net demand for forecast|003601_transit_20251224-0386-A716-Train-#1,2025-12-25,80851898,0386,A716,2025-12-24,2026-01-07,1,80851898|0386|A716|2025-12-24|net demand for forecast|003601,20251224-0386-A716-Train-#1
80851898|0386|A716|2025-12-24|net demand for forecast|003602_transit_20251224-0386-A716-Train-#1,2025-12-25,80851898,0386,A716,2025-12-24,2026-01-07,1,80851898|0386|A716|2025-12-24|net demand for forecast|003602,20251224-0386-A716-Train-#1
80851898|0386|A716|2025-12-24|net demand for forecast|003603_transit_20251224-0386-A716-Train-#1,2025-12-25,80851898,0386,A716,2025-12-24,2026-01-07,1,80851898|0386|A716|2025-12-24|net demand for forecast|003603,20251224-0386-A716-Train-#1
80851898|0386|A716|2025-12-24|net demand for forecast|003604_transit_20251224-0386-A716-Train-#1,2025-12-25,80851898,0386,A716,2025-12-24,2026-01-07,1,80851898|0386|A716|2025-12-24|net demand for forecast|003604,20251224-0386-A716-Train-#1
80851898|0386|A716|2025-12-24|net demand for forecast|003605_transit_20251224-0386-A716-Train-#1,2025-12-25,80851898,0386,A716,2025-12-24,2026-01-07,1,80851898|0386|A716|2025-12-24|net demand for forecast|003605,20251224-0386-A716-Train-#1
80851898|0386|A716|2025-12-24|net demand for forecast|003606_transit_20251224-0386-A716-Train-#1,2025-12-25,80851898,0386,A716,2025-12-24,2026-01-07,1,80851898|0386|A716|2025-12-24|net demand for forecast|003606,20251224-0386-A716-Train-#1
80851898|0386|A716|2025-12-24|net demand for forecast|003607_transit_20251224-0386-A716-Train-#1,2025-12-25,80851898,0386,A716,2025-12-24,2026-01-08,1,80851898|0386|A716|2025-12-24|net demand for forecast|003607,20251224-0386-A716-Train-#1
80851898|0386|A716|2025-12-24|net demand for forecast|003608_transit_20251224-0386-A716-Train-#1,2025-12-25,80851898,0386,A716,2025-12-24,2026-01-07,1,80851898|0386|A716|2025-12-24|net demand for forecast|003608,20251224-0386-A716-Train-#1
80851898|0386|A716|2025-12-24|net demand for forecast|003609_transit_20251224-0386-A716-Train-#1,2025-12-25,80851898,0386,A716,2025-12-24,2026-01-08,1,80851898|0386|A716|2025-12-24|net demand for forecast|003609,20251224-0386-A716-Train-#1
80851898|0386|A716|2025-12-24|net demand for forecast|003610_transit_20251224-0386-A716-Train-#1,2025-12-25,80851898,0386,A716,2025-12-24,2026-01-07,1,80851898|0386|A716|2025-12-24|net demand for forecast|003610,20251224-0386-A716-Train-#1
80851898|0386|A716|2025-12-24|net demand for forecast|003611_transit_20251224-0386-A716-Train-#1,2025-12-25,80851898,0386,A716,2025-12-24,2026-01-07,1,80851898|0386|A716|2025-12-24|net demand for forecast|003611,20251224-0386-A716-Train-#1
80851898|0386|A716|2025-12-24|net demand for forecast|003612_transit_20251224-0386-A716-Train-#1,2025-12-25,80851898,0386,A716,2025-12-24,2026-01-07,1,80851898|0386|A716|2025-12-24|net demand for forecast|003612,20251224-0386-A716-Train-#1
80851898|0386|A716|2025-12-24|net demand for forecast|003613_transit_20251224-0386-A716-Train-#1,2025-12-25,80851898,0386,A716,2025-12-24,2026-01-08,1,80851898|0386|A716|2025-12-24|net demand for forecast|003613,20251224-0386-A716-Train-#1
80851898|0386|A716|2025-12-24|net demand for forecast|003614_transit_20251224-0386-A716-Train-#1,2025-12-25,80851898,0386,A716,2025-12-24,2026-01-07,1,80851898|0386|A716|2025-12-24|net demand for forecast|003614,20251224-0386-A716-Train-#1
80851898|0386|A716|2025-12-24|net demand for forecast|003615_transit_20251224-0386-A716-Train-#1,2025-12-25,80851898,0386,A716,2025-12-24,2026-01-07,1,80851898|0386|A716|2025-12-24|net demand for forecast|003615,20251224-0386-A716-Train-#1
80851898|0386|A716|2025-12-24|net demand for forecast|003616_transit_20251224-0386-A716-Train-#1,2025-12-25,80851898,0386,A716,2025-12-24,2026-01-07,1,80851898|0386|A716|2025-12-24|net demand for forecast|003616,20251224-0386-A716-Train-#1
80851898|0386|A716|2025-12-24|net demand for forecast|003617_transit_20251224-0386-A716-Train-#1,2025-12-25,80851898,0386,A716,2025-12-24,2026-01-07,1,80851898|0386|A716|2025-12-24|net demand for forecast|003617,20251224-0386-A716-Train-#1
80851898|0386|A716|2025-12-24|net demand for forecast|003618_transit_20251224-0386-A716-Train-#1,2025-12-25,80851898,0386,A716,2025-12-24,2026-01-07,1,80851898|0386|A716|2025-12-24|net demand for forecast|003618,20251224-0386-A716-Train-#1
80851898|0386|A716|2025-12-24|net demand for forecast|003619_transit_20251224-0386-A716-Train-#1,2025-12-25,80851898,0386,A716,2025-12-24,2026-01-08,1,80851898|0386|A716|2025-12-24|net demand for forecast|003619,20251224-0386-A716-Train-#1
80851898|0386|A716|2025-12-24|net demand for forecast|003620_transit_20251224-0386-A716-Train-#1,2025-12-25,80851898,0386,A716,2025-12-24,2026-01-07,1,80851898|0386|A716|2025-12-24|net demand for forecast|003620,20251224-0386-A716-Train-#1
80884852|0386|A716|2025-12-24|net demand for forecast|003651_transit_20251224-0386-A716-Train-#1,2025-12-25,80884852,0386,A716,2025-12-24,2026-01-07,1,80884852|0386|A716|2025-12-24|net demand for forecast|003651,20251224-0386-A716-Train-#1
80884852|0386|A716|2025-12-24|net demand for forecast|003652_transit_20251224-0386-A716-Train-#1,2025-12-25,80884852,0386,A716,2025-12-24,2026-01-07,1,80884852|0386|A716|2025-12-24|net demand for forecast|003652,20251224-0386-A716-Train-#1
80884852|0386|A716|2025-12-24|net demand for forecast|003653_transit_20251224-0386-A716-Train-#1,2025-12-25,80884852,0386,A716,2025-12-24,2026-01-08,1,80884852|0386|A716|2025-12-24|net demand for forecast|003653,20251224-0386-A716-Train-#1
80884852|0386|A716|2025-12-24|net demand for forecast|003654_transit_20251224-0386-A716-Train-#1,2025-12-25,80884852,0386,A716,2025-12-24,2026-01-07,1,80884852|0386|A716|2025-12-24|net demand for forecast|003654,20251224-0386-A716-Train-#1
80884852|0386|A716|2025-12-24|net demand for forecast|003655_transit_20251224-0386-A716-Train-#1,2025-12-25,80884852,0386,A716,2025-12-24,2026-01-07,1,80884852|0386|A716|2025-12-24|net demand for forecast|003655,20251224-0386-A716-Train-#1
80884852|0386|A716|2025-12-24|net demand for forecast|003656_transit_20251224-0386-A716-Train-#1,2025-12-25,80884852,0386,A716,2025-12-24,2026-01-07,1,80884852|0386|A716|2025-12-24|net demand for forecast|003656,20251224-0386-A716-Train-#1
80884852|0386|A716|2025-12-24|net demand for forecast|003657_transit_20251224-0386-A716-Train-#1,2025-12-25,80884852,0386,A716,2025-12-24,2026-01-07,1,80884852|0386|A716|2025-12-24|net demand for forecast|003657,20251224-0386-A716-Train-#1
80884852|0386|A716|2025-12-24|net demand for forecast|003658_transit_20251224-0386-A716-Train-#1,2025-12-25,80884852,0386,A716,2025-12-24,2026-01-07,1,80884852|0386|A716|2025-12-24|net demand for forecast|003658,20251224-0386-A716-Train-#1
80884852|0386|A716|2025-12-24|net demand for forecast|003659_transit_20251224-0386-A716-Train-#1,2025-12-25,80884852,0386,A716,2025-12-24,2026-01-07,1,80884852|0386|A716|2025-12-24|net demand for forecast|003659,20251224-0386-A716-Train-#1
80884852|0386|A716|2025-12-24|net demand for forecast|003660_transit_20251224-0386-A716-Train-#1,2025-12-25,80884852,0386,A716,2025-12-24,2026-01-07,1,80884852|0386|A716|2025-12-24|net demand for forecast|003660,20251224-0386-A716-Train-#1
80884852|0386|A716|2025-12-24|net demand for forecast|003661_transit_20251224-0386-A716-Train-#1,2025-12-25,80884852,0386,A716,2025-12-24,2026-01-07,1,80884852|0386|A716|2025-12-24|net demand for forecast|003661,20251224-0386-A716-Train-#1
80884852|0386|A716|2025-12-24|net demand for forecast|003662_transit_20251224-0386-A716-Train-#1,2025-12-25,80884852,0386,A716,2025-12-24,2026-01-08,2,80884852|0386|A716|2025-12-24|net demand for forecast|003662,20251224-0386-A716-Train-#1
80884852|0386|A716|2025-12-24|net demand for forecast|003663_transit_20251224-0386-A716-Train-#1,2025-12-25,80884852,0386,A716,2025-12-24,2026-01-08,2,80884852|0386|A716|2025-12-24|net demand for forecast|003663,20251224-0386-A716-Train-#1
80884852|0386|A716|2025-12-24|net demand for forecast|003664_transit_20251224-0386-A716-Train-#1,2025-12-25,80884852,0386,A716,2025-12-24,2026-01-07,2,80884852|0386|A716|2025-12-24|net demand for forecast|003664,20251224-0386-A716-Train-#1
80884852|0386|A716|2025-12-24|net demand for forecast|003665_transit_20251224-0386-A716-Train-#1,2025-12-25,80884852,0386,A716,2025-12-24,2026-01-07,2,80884852|0386|A716|2025-12-24|net demand for forecast|003665,20251224-0386-A716-Train-#1
80884852|0386|A716|2025-12-24|net demand for forecast|003666_transit_20251224-0386-A716-Train-#1,2025-12-25,80884852,0386,A716,2025-12-24,2026-01-08,8,80884852|0386|A716|2025-12-24|net demand for forecast|003666,20251224-0386-A716-Train-#1
80884852|0386|A716|2025-12-24|net demand for forecast|003667_transit_20251224-0386-A716-Train-#1,2025-12-25,80884852,0386,A716,2025-12-24,2026-01-07,8,80884852|0386|A716|2025-12-24|net demand for forecast|003667,20251224-0386-A716-Train-#1
80884852|0386|A716|2025-12-24|net demand for forecast|003668_transit_20251224-0386-A716-Train-#1,2025-12-25,80884852,0386,A716,2025-12-24,2026-01-07,8,80884852|0386|A716|2025-12-24|net demand for forecast|003668,20251224-0386-A716-Train-#1
80884852|0386|A716|2025-12-24|net demand for forecast|003669_transit_20251224-0386-A716-Train-#1,2025-12-25,80884852,0386,A716,2025-12-24,2026-01-07,8,80884852|0386|A716|2025-12-24|net demand for forecast|003669,20251224-0386-A716-Train-#1
21127730|0386|A716|2025-12-24|net demand for safety|002982_transit_20251224-0386-A716-Train-#1,2025-12-25,21127730,0386,A716,2025-12-24,2026-01-07,9,21127730|0386|A716|2025-12-24|net demand for safety|002982,20251224-0386-A716-Train-#1
21419485|0386|A716|2025-12-24|net demand for safety|003264_transit_20251224-0386-A716-Train-#1,2025-12-25,21419485,0386,A716,2025-12-24,2026-01-08,32,21419485|0386|A716|2025-12-24|net demand for safety|003264,20251224-0386-A716-Train-#1
80805856|0386|A716|2025-12-24|net demand for safety|003402_transit_20251224-0386-A716-Train-#1,2025-12-25,80805856,0386,A716,2025-12-24,2026-01-07,57,80805856|0386|A716|2025-12-24|net demand for safety|003402,20251224-0386-A716-Train-#1
80812154|0386|A716|2025-12-24|net demand for safety|003504_transit_20251224-0386-A716-Train-#1,2025-12-25,80812154,0386,A716,2025-12-24,2026-01-07,8,80812154|0386|A716|2025-12-24|net demand for safety|003504,20251224-0386-A716-Train-#1
80812840|0386|A716|2025-12-24|net demand for safety|003557_transit_20251224-0386-A716-Train-#1,2025-12-25,80812840,0386,A716,2025-12-24,2026-01-07,39,80812840|0386|A716|2025-12-24|net demand for safety|003557,20251224-0386-A716-Train-#1
80851898|0386|A716|2025-12-24|net demand for safety|003621_transit_20251224-0386-A716-Train-#1,2025-12-25,80851898,0386,A716,2025-12-24,2026-01-07,29,80851898|0386|A716|2025-12-24|net demand for safety|003621,20251224-0386-A716-Train-#1
80884852|0386|A716|2025-12-24|net demand for safety|003670_transit_20251224-0386-A716-Train-#1,2025-12-25,80884852,0386,A716,2025-12-24,2026-01-07,13,80884852|0386|A716|2025-12-24|net demand for safety|003670,20251224-0386-A716-Train-#1
21118864|0386|A716|2025-12-24|push replenishment|002944_transit_20251224-0386-A716-Train-#1,2025-12-25,21118864,0386,A716,2025-12-24,2026-01-07,24,21118864|0386|A716|2025-12-24|push replenishment|002944,20251224-0386-A716-Train-#1
21127730|0386|A716|2025-12-24|push replenishment|002983_transit_20251224-0386-A716-Train-#1,2025-12-25,21127730,0386,A716,2025-12-24,2026-01-07,24,21127730|0386|A716|2025-12-24|push replenishment|002983,20251224-0386-A716-Train-#1
21419485|0386|A716|2025-12-24|push replenishment|003265_transit_20251224-0386-A716-Train-#1,2025-12-25,21419485,0386,A716,2025-12-24,2026-01-07,102,21419485|0386|A716|2025-12-24|push replenishment|003265,20251224-0386-A716-Train-#1
80812154|0386|A716|2025-12-24|push replenishment|003505_transit_20251224-0386-A716-Train-#1,2025-12-25,80812154,0386,A716,2025-12-24,2026-01-07,21,80812154|0386|A716|2025-12-24|push replenishment|003505,20251224-0386-A716-Train-#1
80851898|0386|A716|2025-12-24|push replenishment|003622_transit_20251224-0386-A716-Train-#1,2025-12-25,80851898,0386,A716,2025-12-24,2026-01-07,231,80851898|0386|A716|2025-12-24|push replenishment|003622,20251224-0386-A716-Train-#1
80884852|0386|A716|2025-12-24|push replenishment|003671_transit_20251224-0386-A716-Train-#1,2025-12-25,80884852,0386,A716,2025-12-24,2026-01-07,66,80884852|0386|A716|2025-12-24|push replenishment|003671,20251224-0386-A716-Train-#1
21419485|0386|C816|2025-12-24|net demand for forecast|003270_transit_20251224-0386-C816-LARGE-#1,2025-12-25,21419485,0386,C816,2025-12-24,2025-12-26,105,21419485|0386|C816|2025-12-24|net demand for forecast|003270,20251224-0386-C816-LARGE-#1
80884852|0386|C816|2025-12-24|net demand for forecast|003676_transit_20251224-0386-C816-LARGE-#1,2025-12-25,80884852,0386,C816,2025-12-24,2025-12-26,23,80884852|0386|C816|2025-12-24|net demand for forecast|003676,20251224-0386-C816-LARGE-#1
80884852|0386|C816|2025-12-24|net demand for forecast|003678_transit_20251224-0386-C816-LARGE-#1,2025-12-25,80884852,0386,C816,2025-12-24,2025-12-26,23,80884852|0386|C816|2025-12-24|net demand for forecast|003678,20251224-0386-C816-LARGE-#1
21414747|0386|C816|2025-12-24|net demand for net demand for forecast|003196_transit_20251224-0386-C816-LARGE-#1,2025-12-25,21414747,0386,C816,2025-12-24,2025-12-26,1,21414747|0386|C816|2025-12-24|net demand for net demand for forecast|003196,20251224-0386-C816-LARGE-#1
21127730|0386|C816|2025-12-24|net demand for safety|002986_transit_20251224-0386-C816-LARGE-#1,2025-12-25,21127730,0386,C816,2025-12-24,2025-12-26,14,21127730|0386|C816|2025-12-24|net demand for safety|002986,20251224-0386-C816-LARGE-#1
21414747|C816|A668|2025-12-24|net demand for normal|003203_transit_20251224-C816-A668-LARGE-#1,2025-12-25,21414747,C816,A668,2025-12-24,2025-12-28,67,21414747|C816|A668|2025-12-24|net demand for normal|003203,20251224-C816-A668-LARGE-#1
21428668|C816|A668|2025-12-24|net demand for normal|003323_transit_20251224-C816-A668-LARGE-#1,2025-12-25,21428668,C816,A668,2025-12-24,2025-12-28,146,21428668|C816|A668|2025-12-24|net demand for normal|003323,20251224-C816-A668-LARGE-#1
21442422|C816|A668|2025-12-24|net demand for normal|003327_transit_20251224-C816-A668-LARGE-#1,2025-12-25,21442422,C816,A668,2025-12-24,2025-12-28,10,21442422|C816|A668|2025-12-24|net demand for normal|003327,20251224-C816-A668-LARGE-#1
21414747|C816|A668|2025-12-24|net demand for forecast|003197_transit_20251224-C816-A668-LARGE-#1,2025-12-25,21414747,C816,A668,2025-12-24,2025-12-28,10,21414747|C816|A668|2025-12-24|net demand for forecast|003197,20251224-C816-A668-LARGE-#1
21414747|C816|A668|2025-12-24|net demand for forecast|003198_transit_20251224-C816-A668-LARGE-#1,2025-12-25,21414747,C816,A668,2025-12-24,2025-12-28,11,21414747|C816|A668|2025-12-24|net demand for forecast|003198,20251224-C816-A668-LARGE-#1
21414747|C816|A668|2025-12-24|net demand for forecast|003199_transit_20251224-C816-A668-LARGE-#1,2025-12-25,21414747,C816,A668,2025-12-24,2025-12-28,69,21414747|C816|A668|2025-12-24|net demand for forecast|003199,20251224-C816-A668-LARGE-#1
21414747|C816|A668|2025-12-24|net demand for forecast|003200_transit_20251224-C816-A668-LARGE-#1,2025-12-25,21414747,C816,A668,2025-12-24,2025-12-28,69,21414747|C816|A668|2025-12-24|net demand for forecast|003200,20251224-C816-A668-LARGE-#1
21414747|C816|A668|2025-12-24|net demand for forecast|003201_transit_20251224-C816-A668-LARGE-#1,2025-12-25,21414747,C816,A668,2025-12-24,2025-12-28,69,21414747|C816|A668|2025-12-24|net demand for forecast|003201,20251224-C816-A668-LARGE-#1
21414747|C816|A668|2025-12-24|net demand for forecast|003202_transit_20251224-C816-A668-LARGE-#1,2025-12-25,21414747,C816,A668,2025-12-24,2025-12-28,69,21414747|C816|A668|2025-12-24|net demand for forecast|003202,20251224-C816-A668-LARGE-#1
80807089|C816|A668|2025-12-24|net demand for safety|003406_transit_20251224-C816-A668-LARGE-#1,2025-12-25,80807089,C816,A668,2025-12-24,2025-12-28,5,80807089|C816|A668|2025-12-24|net demand for safety|003406,20251224-C816-A668-LARGE-#1
21307836|C816|A672|2025-12-24|net demand for normal|003074_transit_20251224-C816-A672-Train-#1,2025-12-25,21307836,C816,A672,2025-12-24,2026-01-01,6,21307836|C816|A672|2025-12-24|net demand for normal|003074,20251224-C816-A672-Train-#1
21414747|C816|A672|2025-12-24|net demand for normal|003211_transit_20251224-C816-A672-Train-#1,2025-12-25,21414747,C816,A672,2025-12-24,2026-01-01,90,21414747|C816|A672|2025-12-24|net demand for normal|003211,20251224-C816-A672-Train-#1
21428668|C816|A672|2025-12-24|net demand for normal|003324_transit_20251224-C816-A672-Train-#1,2025-12-25,21428668,C816,A672,2025-12-24,2026-01-01,234,21428668|C816|A672|2025-12-24|net demand for normal|003324,20251224-C816-A672-Train-#1
21442422|C816|A672|2025-12-24|net demand for normal|003328_transit_20251224-C816-A672-Train-#1,2025-12-25,21442422,C816,A672,2025-12-24,2026-01-01,130,21442422|C816|A672|2025-12-24|net demand for normal|003328,20251224-C816-A672-Train-#1
21139445|C816|A672|2025-12-24|net demand for forecast|003008_transit_20251224-C816-A672-Train-#1,2025-12-25,21139445,C816,A672,2025-12-24,2026-01-01,7,21139445|C816|A672|2025-12-24|net demand for forecast|003008,20251224-C816-A672-Train-#1
21139445|C816|A672|2025-12-24|net demand for forecast|003009_transit_20251224-C816-A672-Train-#1,2025-12-25,21139445,C816,A672,2025-12-24,2026-01-01,8,21139445|C816|A672|2025-12-24|net demand for forecast|003009,20251224-C816-A672-Train-#1
21139445|C816|A672|2025-12-24|net demand for forecast|003010_transit_20251224-C816-A672-Train-#1,2025-12-25,21139445,C816,A672,2025-12-24,2026-01-01,8,21139445|C816|A672|2025-12-24|net demand for forecast|003010,20251224-C816-A672-Train-#1
21139445|C816|A672|2025-12-24|net demand for forecast|003011_transit_20251224-C816-A672-Train-#1,2025-12-25,21139445,C816,A672,2025-12-24,2026-01-01,16,21139445|C816|A672|2025-12-24|net demand for forecast|003011,20251224-C816-A672-Train-#1
21139445|C816|A672|2025-12-24|net demand for forecast|003012_transit_20251224-C816-A672-Train-#1,2025-12-25,21139445,C816,A672,2025-12-24,2026-01-01,16,21139445|C816|A672|2025-12-24|net demand for forecast|003012,20251224-C816-A672-Train-#1
21139445|C816|A672|2025-12-24|net demand for forecast|003013_transit_20251224-C816-A672-Train-#1,2025-12-25,21139445,C816,A672,2025-12-24,2026-01-01,16,21139445|C816|A672|2025-12-24|net demand for forecast|003013,20251224-C816-A672-Train-#1
21139445|C816|A672|2025-12-24|net demand for forecast|003014_transit_20251224-C816-A672-Train-#1,2025-12-25,21139445,C816,A672,2025-12-24,2026-01-01,16,21139445|C816|A672|2025-12-24|net demand for forecast|003014,20251224-C816-A672-Train-#1
21307836|C816|A672|2025-12-24|net demand for forecast|003067_transit_20251224-C816-A672-Train-#1,2025-12-25,21307836,C816,A672,2025-12-24,2026-01-01,3,21307836|C816|A672|2025-12-24|net demand for forecast|003067,20251224-C816-A672-Train-#1
21307836|C816|A672|2025-12-24|net demand for forecast|003068_transit_20251224-C816-A672-Train-#1,2025-12-25,21307836,C816,A672,2025-12-24,2026-01-01,4,21307836|C816|A672|2025-12-24|net demand for forecast|003068,20251224-C816-A672-Train-#1
21307836|C816|A672|2025-12-24|net demand for forecast|003069_transit_20251224-C816-A672-Train-#1,2025-12-25,21307836,C816,A672,2025-12-24,2026-01-01,4,21307836|C816|A672|2025-12-24|net demand for forecast|003069,20251224-C816-A672-Train-#1
21307836|C816|A672|2025-12-24|net demand for forecast|003070_transit_20251224-C816-A672-Train-#1,2025-12-25,21307836,C816,A672,2025-12-24,2026-01-01,6,21307836|C816|A672|2025-12-24|net demand for forecast|003070,20251224-C816-A672-Train-#1
21307836|C816|A672|2025-12-24|net demand for forecast|003071_transit_20251224-C816-A672-Train-#1,2025-12-25,21307836,C816,A672,2025-12-24,2026-01-01,6,21307836|C816|A672|2025-12-24|net demand for forecast|003071,20251224-C816-A672-Train-#1
21307836|C816|A672|2025-12-24|net demand for forecast|003072_transit_20251224-C816-A672-Train-#1,2025-12-25,21307836,C816,A672,2025-12-24,2026-01-02,6,21307836|C816|A672|2025-12-24|net demand for forecast|003072,20251224-C816-A672-Train-#1
21307836|C816|A672|2025-12-24|net demand for forecast|003073_transit_20251224-C816-A672-Train-#1,2025-12-25,21307836,C816,A672,2025-12-24,2026-01-01,6,21307836|C816|A672|2025-12-24|net demand for forecast|003073,20251224-C816-A672-Train-#1
21414747|C816|A672|2025-12-24|net demand for forecast|003204_transit_20251224-C816-A672-Train-#1,2025-12-25,21414747,C816,A672,2025-12-24,2026-01-01,21,21414747|C816|A672|2025-12-24|net demand for forecast|003204,20251224-C816-A672-Train-#1
21414747|C816|A672|2025-12-24|net demand for forecast|003205_transit_20251224-C816-A672-Train-#1,2025-12-25,21414747,C816,A672,2025-12-24,2026-01-01,21,21414747|C816|A672|2025-12-24|net demand for forecast|003205,20251224-C816-A672-Train-#1
21414747|C816|A672|2025-12-24|net demand for forecast|003206_transit_20251224-C816-A672-Train-#1,2025-12-25,21414747,C816,A672,2025-12-24,2026-01-01,21,21414747|C816|A672|2025-12-24|net demand for forecast|003206,20251224-C816-A672-Train-#1
21414747|C816|A672|2025-12-24|net demand for forecast|003207_transit_20251224-C816-A672-Train-#1,2025-12-25,21414747,C816,A672,2025-12-24,2026-01-01,133,21414747|C816|A672|2025-12-24|net demand for forecast|003207,20251224-C816-A672-Train-#1
21414747|C816|A672|2025-12-24|net demand for forecast|003208_transit_20251224-C816-A672-Train-#1,2025-12-25,21414747,C816,A672,2025-12-24,2026-01-01,133,21414747|C816|A672|2025-12-24|net demand for forecast|003208,20251224-C816-A672-Train-#1
21414747|C816|A672|2025-12-24|net demand for forecast|003209_transit_20251224-C816-A672-Train-#1,2025-12-25,21414747,C816,A672,2025-12-24,2026-01-01,133,21414747|C816|A672|2025-12-24|net demand for forecast|003209,20251224-C816-A672-Train-#1
21414747|C816|A672|2025-12-24|net demand for forecast|003210_transit_20251224-C816-A672-Train-#1,2025-12-25,21414747,C816,A672,2025-12-24,2026-01-01,133,21414747|C816|A672|2025-12-24|net demand for forecast|003210,20251224-C816-A672-Train-#1
21419490|C816|A672|2025-12-24|net demand for forecast|003307_transit_20251224-C816-A672-Train-#1,2025-12-25,21419490,C816,A672,2025-12-24,2026-01-01,5,21419490|C816|A672|2025-12-24|net demand for forecast|003307,20251224-C816-A672-Train-#1
21419490|C816|A672|2025-12-24|net demand for forecast|003308_transit_20251224-C816-A672-Train-#1,2025-12-25,21419490,C816,A672,2025-12-24,2026-01-01,5,21419490|C816|A672|2025-12-24|net demand for forecast|003308,20251224-C816-A672-Train-#1
21419490|C816|A672|2025-12-24|net demand for forecast|003309_transit_20251224-C816-A672-Train-#1,2025-12-25,21419490,C816,A672,2025-12-24,2026-01-01,5,21419490|C816|A672|2025-12-24|net demand for forecast|003309,20251224-C816-A672-Train-#1
21419490|C816|A672|2025-12-24|net demand for forecast|003310_transit_20251224-C816-A672-Train-#1,2025-12-25,21419490,C816,A672,2025-12-24,2026-01-01,31,21419490|C816|A672|2025-12-24|net demand for forecast|003310,20251224-C816-A672-Train-#1
21419490|C816|A672|2025-12-24|net demand for forecast|003311_transit_20251224-C816-A672-Train-#1,2025-12-25,21419490,C816,A672,2025-12-24,2026-01-01,31,21419490|C816|A672|2025-12-24|net demand for forecast|003311,20251224-C816-A672-Train-#1
21419490|C816|A672|2025-12-24|net demand for forecast|003312_transit_20251224-C816-A672-Train-#1,2025-12-25,21419490,C816,A672,2025-12-24,2026-01-02,31,21419490|C816|A672|2025-12-24|net demand for forecast|003312,20251224-C816-A672-Train-#1
21419490|C816|A672|2025-12-24|net demand for forecast|003313_transit_20251224-C816-A672-Train-#1,2025-12-25,21419490,C816,A672,2025-12-24,2026-01-01,31,21419490|C816|A672|2025-12-24|net demand for forecast|003313,20251224-C816-A672-Train-#1
21414747|C816|A673|2025-12-24|net demand for normal|003218_transit_20251224-C816-A673-LARGE-#1,2025-12-25,21414747,C816,A673,2025-12-24,2025-12-28,440,21414747|C816|A673|2025-12-24|net demand for normal|003218,20251224-C816-A673-LARGE-#1
21428668|C816|A673|2025-12-24|net demand for normal|003325_transit_20251224-C816-A673-LARGE-#1,2025-12-25,21428668,C816,A673,2025-12-24,2025-12-29,312,21428668|C816|A673|2025-12-24|net demand for normal|003325,20251224-C816-A673-LARGE-#1
21442422|C816|A673|2025-12-24|net demand for normal|003329_transit_20251224-C816-A673-LARGE-#1,2025-12-25,21442422,C816,A673,2025-12-24,2025-12-28,177,21442422|C816|A673|2025-12-24|net demand for normal|003329,20251224-C816-A673-LARGE-#1
21139445|C816|A673|2025-12-24|net demand for net demand for normal|003019_transit_20251224-C816-A673-LARGE-#1,2025-12-25,21139445,C816,A673,2025-12-24,2025-12-28,5,21139445|C816|A673|2025-12-24|net demand for net demand for normal|003019,20251224-C816-A673-LARGE-#1
21414747|C816|A673|2025-12-24|net demand for forecast|003212_transit_20251224-C816-A673-LARGE-#1,2025-12-25,21414747,C816,A673,2025-12-24,2025-12-28,30,21414747|C816|A673|2025-12-24|net demand for forecast|003212,20251224-C816-A673-LARGE-#1
21414747|C816|A673|2025-12-24|net demand for forecast|003213_transit_20251224-C816-A673-LARGE-#1,2025-12-25,21414747,C816,A673,2025-12-24,2025-12-28,30,21414747|C816|A673|2025-12-24|net demand for forecast|003213,20251224-C816-A673-LARGE-#1
21414747|C816|A673|2025-12-24|net demand for forecast|003214_transit_20251224-C816-A673-LARGE-#1,2025-12-25,21414747,C816,A673,2025-12-24,2025-12-28,195,21414747|C816|A673|2025-12-24|net demand for forecast|003214,20251224-C816-A673-LARGE-#1
21414747|C816|A673|2025-12-24|net demand for forecast|003215_transit_20251224-C816-A673-LARGE-#1,2025-12-25,21414747,C816,A673,2025-12-24,2025-12-29,196,21414747|C816|A673|2025-12-24|net demand for forecast|003215,20251224-C816-A673-LARGE-#1
21414747|C816|A673|2025-12-24|net demand for forecast|003216_transit_20251224-C816-A673-LARGE-#1,2025-12-25,21414747,C816,A673,2025-12-24,2025-12-28,196,21414747|C816|A673|2025-12-24|net demand for forecast|003216,20251224-C816-A673-LARGE-#1
21414747|C816|A673|2025-12-24|net demand for forecast|003217_transit_20251224-C816-A673-LARGE-#1,2025-12-25,21414747,C816,A673,2025-12-24,2025-12-28,196,21414747|C816|A673|2025-12-24|net demand for forecast|003217,20251224-C816-A673-LARGE-#1
21139445|C816|A673|2025-12-24|net demand for net demand for forecast|003015_transit_20251224-C816-A673-LARGE-#1,2025-12-25,21139445,C816,A673,2025-12-24,2025-12-28,4,21139445|C816|A673|2025-12-24|net demand for net demand for forecast|003015,20251224-C816-A673-LARGE-#1
21139445|C816|A673|2025-12-24|net demand for net demand for forecast|003016_transit_20251224-C816-A673-LARGE-#1,2025-12-25,21139445,C816,A673,2025-12-24,2025-12-28,4,21139445|C816|A673|2025-12-24|net demand for net demand for forecast|003016,20251224-C816-A673-LARGE-#1
21139445|C816|A673|2025-12-24|net demand for net demand for forecast|003017_transit_20251224-C816-A673-LARGE-#1,2025-12-25,21139445,C816,A673,2025-12-24,2025-12-28,4,21139445|C816|A673|2025-12-24|net demand for net demand for forecast|003017,20251224-C816-A673-LARGE-#1
21139445|C816|A673|2025-12-24|net demand for net demand for forecast|003018_transit_20251224-C816-A673-LARGE-#1,2025-12-25,21139445,C816,A673,2025-12-24,2025-12-28,5,21139445|C816|A673|2025-12-24|net demand for net demand for forecast|003018,20251224-C816-A673-LARGE-#1
80804701|C816|A673|2025-12-24|net demand for safety|003350_transit_20251224-C816-A673-LARGE-#1,2025-12-25,80804701,C816,A673,2025-12-24,2025-12-28,7,80804701|C816|A673|2025-12-24|net demand for safety|003350,20251224-C816-A673-LARGE-#1
80848021|C816|A673|2025-12-24|net demand for safety|003561_transit_20251224-C816-A673-LARGE-#1,2025-12-25,80848021,C816,A673,2025-12-24,2025-12-28,2,80848021|C816|A673|2025-12-24|net demand for safety|003561,20251224-C816-A673-LARGE-#1
21139445|C816|A673|2025-12-24|net demand for net demand for safety|003020_transit_20251224-C816-A673-LARGE-#1,2025-12-25,21139445,C816,A673,2025-12-24,2025-12-28,29,21139445|C816|A673|2025-12-24|net demand for net demand for safety|003020,20251224-C816-A673-LARGE-#1
21155895|0386|A668|2025-12-25|net demand for normal|003841_transit_20251225-0386-A668-Train-#1,2025-12-25,21155895,0386,A668,2025-12-25,2025-12-30,4,21155895|0386|A668|2025-12-25|net demand for normal|003841,20251225-0386-A668-Train-#1
21155895|0386|A668|2025-12-25|net demand for forecast|003831_transit_20251225-0386-A668-Train-#1,2025-12-25,21155895,0386,A668,2025-12-25,2025-12-31,2,21155895|0386|A668|2025-12-25|net demand for forecast|003831,20251225-0386-A668-Train-#1
21155895|0386|A668|2025-12-25|net demand for forecast|003832_transit_20251225-0386-A668-Train-#1,2025-12-25,21155895,0386,A668,2025-12-25,2025-12-30,2,21155895|0386|A668|2025-12-25|net demand for forecast|003832,20251225-0386-A668-Train-#1
21155895|0386|A668|2025-12-25|net demand for forecast|003833_transit_20251225-0386-A668-Train-#1,2025-12-25,21155895,0386,A668,2025-12-25,2025-12-30,3,21155895|0386|A668|2025-12-25|net demand for forecast|003833,20251225-0386-A668-Train-#1
21155895|0386|A668|2025-12-25|net demand for forecast|003834_transit_20251225-0386-A668-Train-#1,2025-12-25,21155895,0386,A668,2025-12-25,2025-12-30,3,21155895|0386|A668|2025-12-25|net demand for forecast|003834,20251225-0386-A668-Train-#1
21155895|0386|A668|2025-12-25|net demand for forecast|003835_transit_20251225-0386-A668-Train-#1,2025-12-25,21155895,0386,A668,2025-12-25,2025-12-30,3,21155895|0386|A668|2025-12-25|net demand for forecast|003835,20251225-0386-A668-Train-#1
21155895|0386|A668|2025-12-25|net demand for forecast|003836_transit_20251225-0386-A668-Train-#1,2025-12-25,21155895,0386,A668,2025-12-25,2025-12-30,3,21155895|0386|A668|2025-12-25|net demand for forecast|003836,20251225-0386-A668-Train-#1
21155895|0386|A668|2025-12-25|net demand for forecast|003837_transit_20251225-0386-A668-Train-#1,2025-12-25,21155895,0386,A668,2025-12-25,2025-12-30,3,21155895|0386|A668|2025-12-25|net demand for forecast|003837,20251225-0386-A668-Train-#1
21155895|0386|A668|2025-12-25|net demand for forecast|003838_transit_20251225-0386-A668-Train-#1,2025-12-25,21155895,0386,A668,2025-12-25,2025-12-30,4,21155895|0386|A668|2025-12-25|net demand for forecast|003838,20251225-0386-A668-Train-#1
21155895|0386|A668|2025-12-25|net demand for forecast|003839_transit_20251225-0386-A668-Train-#1,2025-12-25,21155895,0386,A668,2025-12-25,2025-12-30,4,21155895|0386|A668|2025-12-25|net demand for forecast|003839,20251225-0386-A668-Train-#1
21155895|0386|A668|2025-12-25|net demand for forecast|003840_transit_20251225-0386-A668-Train-#1,2025-12-25,21155895,0386,A668,2025-12-25,2025-12-30,4,21155895|0386|A668|2025-12-25|net demand for forecast|003840,20251225-0386-A668-Train-#1
80807110|0386|A668|2025-12-25|net demand for forecast|004291_transit_20251225-0386-A668-Train-#1,2025-12-25,80807110,0386,A668,2025-12-25,2025-12-31,7,80807110|0386|A668|2025-12-25|net demand for forecast|004291,20251225-0386-A668-Train-#1
80807110|0386|A668|2025-12-25|net demand for forecast|004292_transit_20251225-0386-A668-Train-#1,2025-12-25,80807110,0386,A668,2025-12-25,2025-12-30,7,80807110|0386|A668|2025-12-25|net demand for forecast|004292,20251225-0386-A668-Train-#1
80807110|0386|A668|2025-12-25|net demand for forecast|004293_transit_20251225-0386-A668-Train-#1,2025-12-25,80807110,0386,A668,2025-12-25,2025-12-30,7,80807110|0386|A668|2025-12-25|net demand for forecast|004293,20251225-0386-A668-Train-#1
80807110|0386|A668|2025-12-25|net demand for forecast|004294_transit_20251225-0386-A668-Train-#1,2025-12-25,80807110,0386,A668,2025-12-25,2025-12-30,7,80807110|0386|A668|2025-12-25|net demand for forecast|004294,20251225-0386-A668-Train-#1
80807110|0386|A668|2025-12-25|net demand for forecast|004295_transit_20251225-0386-A668-Train-#1,2025-12-25,80807110,0386,A668,2025-12-25,2025-12-30,7,80807110|0386|A668|2025-12-25|net demand for forecast|004295,20251225-0386-A668-Train-#1
80807110|0386|A668|2025-12-25|net demand for forecast|004296_transit_20251225-0386-A668-Train-#1,2025-12-25,80807110,0386,A668,2025-12-25,2025-12-30,7,80807110|0386|A668|2025-12-25|net demand for forecast|004296,20251225-0386-A668-Train-#1
80807110|0386|A668|2025-12-25|net demand for forecast|004297_transit_20251225-0386-A668-Train-#1,2025-12-25,80807110,0386,A668,2025-12-25,2025-12-30,7,80807110|0386|A668|2025-12-25|net demand for forecast|004297,20251225-0386-A668-Train-#1
80807110|0386|A668|2025-12-25|net demand for forecast|004298_transit_20251225-0386-A668-Train-#1,2025-12-25,80807110,0386,A668,2025-12-25,2025-12-30,10,80807110|0386|A668|2025-12-25|net demand for forecast|004298,20251225-0386-A668-Train-#1
80807110|0386|A668|2025-12-25|net demand for forecast|004299_transit_20251225-0386-A668-Train-#1,2025-12-25,80807110,0386,A668,2025-12-25,2025-12-30,13,80807110|0386|A668|2025-12-25|net demand for forecast|004299,20251225-0386-A668-Train-#1
80807110|0386|A668|2025-12-25|net demand for forecast|004300_transit_20251225-0386-A668-Train-#1,2025-12-25,80807110,0386,A668,2025-12-25,2025-12-30,18,80807110|0386|A668|2025-12-25|net demand for forecast|004300,20251225-0386-A668-Train-#1
80812839|0386|A668|2025-12-25|net demand for forecast|004386_transit_20251225-0386-A668-Train-#1,2025-12-25,80812839,0386,A668,2025-12-25,2025-12-30,1,80812839|0386|A668|2025-12-25|net demand for forecast|004386,20251225-0386-A668-Train-#1
80812839|0386|A668|2025-12-25|net demand for forecast|004387_transit_20251225-0386-A668-Train-#1,2025-12-25,80812839,0386,A668,2025-12-25,2025-12-30,1,80812839|0386|A668|2025-12-25|net demand for forecast|004387,20251225-0386-A668-Train-#1
80812839|0386|A668|2025-12-25|net demand for forecast|004388_transit_20251225-0386-A668-Train-#1,2025-12-25,80812839,0386,A668,2025-12-25,2025-12-30,1,80812839|0386|A668|2025-12-25|net demand for forecast|004388,20251225-0386-A668-Train-#1
80812839|0386|A668|2025-12-25|net demand for forecast|004389_transit_20251225-0386-A668-Train-#1,2025-12-25,80812839,0386,A668,2025-12-25,2025-12-30,1,80812839|0386|A668|2025-12-25|net demand for forecast|004389,20251225-0386-A668-Train-#1
80812839|0386|A668|2025-12-25|net demand for forecast|004390_transit_20251225-0386-A668-Train-#1,2025-12-25,80812839,0386,A668,2025-12-25,2025-12-30,1,80812839|0386|A668|2025-12-25|net demand for forecast|004390,20251225-0386-A668-Train-#1
80812839|0386|A668|2025-12-25|net demand for forecast|004391_transit_20251225-0386-A668-Train-#1,2025-12-25,80812839,0386,A668,2025-12-25,2025-12-30,1,80812839|0386|A668|2025-12-25|net demand for forecast|004391,20251225-0386-A668-Train-#1
80812839|0386|A668|2025-12-25|net demand for forecast|004392_transit_20251225-0386-A668-Train-#1,2025-12-25,80812839,0386,A668,2025-12-25,2025-12-30,1,80812839|0386|A668|2025-12-25|net demand for forecast|004392,20251225-0386-A668-Train-#1
80812839|0386|A668|2025-12-25|net demand for forecast|004393_transit_20251225-0386-A668-Train-#1,2025-12-25,80812839,0386,A668,2025-12-25,2025-12-30,1,80812839|0386|A668|2025-12-25|net demand for forecast|004393,20251225-0386-A668-Train-#1
80812839|0386|A668|2025-12-25|net demand for forecast|004394_transit_20251225-0386-A668-Train-#1,2025-12-25,80812839,0386,A668,2025-12-25,2025-12-30,1,80812839|0386|A668|2025-12-25|net demand for forecast|004394,20251225-0386-A668-Train-#1
80812839|0386|A668|2025-12-25|net demand for forecast|004395_transit_20251225-0386-A668-Train-#1,2025-12-25,80812839,0386,A668,2025-12-25,2025-12-30,1,80812839|0386|A668|2025-12-25|net demand for forecast|004395,20251225-0386-A668-Train-#1
80812839|0386|A668|2025-12-25|net demand for forecast|004396_transit_20251225-0386-A668-Train-#1,2025-12-25,80812839,0386,A668,2025-12-25,2025-12-30,1,80812839|0386|A668|2025-12-25|net demand for forecast|004396,20251225-0386-A668-Train-#1
80812839|0386|A668|2025-12-25|net demand for forecast|004397_transit_20251225-0386-A668-Train-#1,2025-12-25,80812839,0386,A668,2025-12-25,2025-12-30,1,80812839|0386|A668|2025-12-25|net demand for forecast|004397,20251225-0386-A668-Train-#1
80812839|0386|A668|2025-12-25|net demand for forecast|004398_transit_20251225-0386-A668-Train-#1,2025-12-25,80812839,0386,A668,2025-12-25,2025-12-31,1,80812839|0386|A668|2025-12-25|net demand for forecast|004398,20251225-0386-A668-Train-#1
80812839|0386|A668|2025-12-25|net demand for forecast|004399_transit_20251225-0386-A668-Train-#1,2025-12-25,80812839,0386,A668,2025-12-25,2025-12-31,1,80812839|0386|A668|2025-12-25|net demand for forecast|004399,20251225-0386-A668-Train-#1
80812839|0386|A668|2025-12-25|net demand for forecast|004400_transit_20251225-0386-A668-Train-#1,2025-12-25,80812839,0386,A668,2025-12-25,2025-12-30,1,80812839|0386|A668|2025-12-25|net demand for forecast|004400,20251225-0386-A668-Train-#1
80812839|0386|A668|2025-12-25|net demand for forecast|004401_transit_20251225-0386-A668-Train-#1,2025-12-25,80812839,0386,A668,2025-12-25,2025-12-30,1,80812839|0386|A668|2025-12-25|net demand for forecast|004401,20251225-0386-A668-Train-#1
80812846|0386|A668|2025-12-25|net demand for forecast|004639_transit_20251225-0386-A668-Train-#1,2025-12-25,80812846,0386,A668,2025-12-25,2025-12-30,4,80812846|0386|A668|2025-12-25|net demand for forecast|004639,20251225-0386-A668-Train-#1
80812846|0386|A668|2025-12-25|net demand for forecast|004640_transit_20251225-0386-A668-Train-#1,2025-12-25,80812846,0386,A668,2025-12-25,2025-12-30,4,80812846|0386|A668|2025-12-25|net demand for forecast|004640,20251225-0386-A668-Train-#1
80812846|0386|A668|2025-12-25|net demand for forecast|004641_transit_20251225-0386-A668-Train-#1,2025-12-25,80812846,0386,A668,2025-12-25,2025-12-30,4,80812846|0386|A668|2025-12-25|net demand for forecast|004641,20251225-0386-A668-Train-#1
80812846|0386|A668|2025-12-25|net demand for forecast|004642_transit_20251225-0386-A668-Train-#1,2025-12-25,80812846,0386,A668,2025-12-25,2025-12-30,4,80812846|0386|A668|2025-12-25|net demand for forecast|004642,20251225-0386-A668-Train-#1
80812846|0386|A668|2025-12-25|net demand for forecast|004643_transit_20251225-0386-A668-Train-#1,2025-12-25,80812846,0386,A668,2025-12-25,2025-12-30,4,80812846|0386|A668|2025-12-25|net demand for forecast|004643,20251225-0386-A668-Train-#1
80812846|0386|A668|2025-12-25|net demand for forecast|004644_transit_20251225-0386-A668-Train-#1,2025-12-25,80812846,0386,A668,2025-12-25,2025-12-30,4,80812846|0386|A668|2025-12-25|net demand for forecast|004644,20251225-0386-A668-Train-#1
80812846|0386|A668|2025-12-25|net demand for forecast|004645_transit_20251225-0386-A668-Train-#1,2025-12-25,80812846,0386,A668,2025-12-25,2025-12-31,4,80812846|0386|A668|2025-12-25|net demand for forecast|004645,20251225-0386-A668-Train-#1
80812846|0386|A668|2025-12-25|net demand for forecast|004646_transit_20251225-0386-A668-Train-#1,2025-12-25,80812846,0386,A668,2025-12-25,2025-12-30,9,80812846|0386|A668|2025-12-25|net demand for forecast|004646,20251225-0386-A668-Train-#1
80812846|0386|A668|2025-12-25|net demand for forecast|004647_transit_20251225-0386-A668-Train-#1,2025-12-25,80812846,0386,A668,2025-12-25,2025-12-30,10,80812846|0386|A668|2025-12-25|net demand for forecast|004647,20251225-0386-A668-Train-#1
80812846|0386|A668|2025-12-25|net demand for forecast|004648_transit_20251225-0386-A668-Train-#1,2025-12-25,80812846,0386,A668,2025-12-25,2025-12-30,10,80812846|0386|A668|2025-12-25|net demand for forecast|004648,20251225-0386-A668-Train-#1
21143102|0386|A668|2025-12-25|net demand for safety|003747_transit_20251225-0386-A668-Train-#1,2025-12-25,21143102,0386,A668,2025-12-25,2025-12-30,57,21143102|0386|A668|2025-12-25|net demand for safety|003747,20251225-0386-A668-Train-#1
21155895|0386|A668|2025-12-25|net demand for safety|003842_transit_20251225-0386-A668-Train-#1,2025-12-25,21155895,0386,A668,2025-12-25,2025-12-30,20,21155895|0386|A668|2025-12-25|net demand for safety|003842,20251225-0386-A668-Train-#1
80807110|0386|A668|2025-12-25|net demand for safety|004301_transit_20251225-0386-A668-Train-#1,2025-12-25,80807110,0386,A668,2025-12-25,2025-12-30,126,80807110|0386|A668|2025-12-25|net demand for safety|004301,20251225-0386-A668-Train-#1
80812103|0386|A668|2025-12-25|net demand for safety|004370_transit_20251225-0386-A668-Train-#1,2025-12-25,80812103,0386,A668,2025-12-25,2025-12-31,2,80812103|0386|A668|2025-12-25|net demand for safety|004370,20251225-0386-A668-Train-#1
80812839|0386|A668|2025-12-25|net demand for safety|004402_transit_20251225-0386-A668-Train-#1,2025-12-25,80812839,0386,A668,2025-12-25,2025-12-30,131,80812839|0386|A668|2025-12-25|net demand for safety|004402,20251225-0386-A668-Train-#1
80812840|0386|A668|2025-12-25|net demand for safety|004467_transit_20251225-0386-A668-Train-#1,2025-12-25,80812840,0386,A668,2025-12-25,2025-12-31,34,80812840|0386|A668|2025-12-25|net demand for safety|004467,20251225-0386-A668-Train-#1
80812841|0386|A668|2025-12-25|net demand for safety|004549_transit_20251225-0386-A668-Train-#1,2025-12-25,80812841,0386,A668,2025-12-25,2025-12-30,35,80812841|0386|A668|2025-12-25|net demand for safety|004549,20251225-0386-A668-Train-#1
80812846|0386|A668|2025-12-25|net demand for safety|004649_transit_20251225-0386-A668-Train-#1,2025-12-25,80812846,0386,A668,2025-12-25,2025-12-30,104,80812846|0386|A668|2025-12-25|net demand for safety|004649,20251225-0386-A668-Train-#1
21155895|0386|A668|2025-12-25|push replenishment|003843_transit_20251225-0386-A668-Train-#1,2025-12-25,21155895,0386,A668,2025-12-25,2025-12-31,23,21155895|0386|A668|2025-12-25|push replenishment|003843,20251225-0386-A668-Train-#1
80807097|0386|A668|2025-12-25|push replenishment|004263_transit_20251225-0386-A668-Train-#1,2025-12-25,80807097,0386,A668,2025-12-25,2025-12-30,26,80807097|0386|A668|2025-12-25|push replenishment|004263,20251225-0386-A668-Train-#1
80807110|0386|A668|2025-12-25|push replenishment|004302_transit_20251225-0386-A668-Train-#1,2025-12-25,80807110,0386,A668,2025-12-25,2025-12-30,78,80807110|0386|A668|2025-12-25|push replenishment|004302,20251225-0386-A668-Train-#1
80812103|0386|A668|2025-12-25|push replenishment|004371_transit_20251225-0386-A668-Train-#1,2025-12-25,80812103,0386,A668,2025-12-25,2025-12-30,10,80812103|0386|A668|2025-12-25|push replenishment|004371,20251225-0386-A668-Train-#1
80812839|0386|A668|2025-12-25|push replenishment|004403_transit_20251225-0386-A668-Train-#1,2025-12-25,80812839,0386,A668,2025-12-25,2025-12-30,303,80812839|0386|A668|2025-12-25|push replenishment|004403,20251225-0386-A668-Train-#1
80812840|0386|A668|2025-12-25|push replenishment|004468_transit_20251225-0386-A668-Train-#1,2025-12-25,80812840,0386,A668,2025-12-25,2025-12-30,218,80812840|0386|A668|2025-12-25|push replenishment|004468,20251225-0386-A668-Train-#1
80812846|0386|A668|2025-12-25|push replenishment|004650_transit_20251225-0386-A668-Train-#1,2025-12-25,80812846,0386,A668,2025-12-25,2025-12-30,160,80812846|0386|A668|2025-12-25|push replenishment|004650,20251225-0386-A668-Train-#1
21155895|0386|A672|2025-12-25|net demand for normal|003866_transit_20251225-0386-A672-Train-#1,2025-12-25,21155895,0386,A672,2025-12-25,2026-01-01,40,21155895|0386|A672|2025-12-25|net demand for normal|003866,20251225-0386-A672-Train-#1
21472283|0386|A672|2025-12-25|net demand for normal|004169_transit_20251225-0386-A672-Train-#1,2025-12-25,21472283,0386,A672,2025-12-25,2026-01-01,10,21472283|0386|A672|2025-12-25|net demand for normal|004169,20251225-0386-A672-Train-#1
21155895|0386|A672|2025-12-25|net demand for net demand for normal|003864_transit_20251225-0386-A672-Train-#1,2025-12-25,21155895,0386,A672,2025-12-25,2026-01-01,2,21155895|0386|A672|2025-12-25|net demand for net demand for normal|003864,20251225-0386-A672-Train-#1
21143102|0386|A672|2025-12-25|net demand for forecast|003748_transit_20251225-0386-A672-Train-#1,2025-12-25,21143102,0386,A672,2025-12-25,2026-01-01,11,21143102|0386|A672|2025-12-25|net demand for forecast|003748,20251225-0386-A672-Train-#1
21143102|0386|A672|2025-12-25|net demand for forecast|003749_transit_20251225-0386-A672-Train-#1,2025-12-25,21143102,0386,A672,2025-12-25,2026-01-01,11,21143102|0386|A672|2025-12-25|net demand for forecast|003749,20251225-0386-A672-Train-#1
21143102|0386|A672|2025-12-25|net demand for forecast|003750_transit_20251225-0386-A672-Train-#1,2025-12-25,21143102,0386,A672,2025-12-25,2026-01-01,16,21143102|0386|A672|2025-12-25|net demand for forecast|003750,20251225-0386-A672-Train-#1
21143102|0386|A672|2025-12-25|net demand for forecast|003751_transit_20251225-0386-A672-Train-#1,2025-12-25,21143102,0386,A672,2025-12-25,2026-01-01,16,21143102|0386|A672|2025-12-25|net demand for forecast|003751,20251225-0386-A672-Train-#1
21143102|0386|A672|2025-12-25|net demand for forecast|003752_transit_20251225-0386-A672-Train-#1,2025-12-25,21143102,0386,A672,2025-12-25,2026-01-02,16,21143102|0386|A672|2025-12-25|net demand for forecast|003752,20251225-0386-A672-Train-#1
21143102|0386|A672|2025-12-25|net demand for forecast|003753_transit_20251225-0386-A672-Train-#1,2025-12-25,21143102,0386,A672,2025-12-25,2026-01-01,17,21143102|0386|A672|2025-12-25|net demand for forecast|003753,20251225-0386-A672-Train-#1
21143102|0386|A672|2025-12-25|net demand for forecast|003754_transit_20251225-0386-A672-Train-#1,2025-12-25,21143102,0386,A672,2025-12-25,2026-01-01,18,21143102|0386|A672|2025-12-25|net demand for forecast|003754,20251225-0386-A672-Train-#1
21143102|0386|A672|2025-12-25|net demand for forecast|003755_transit_20251225-0386-A672-Train-#1,2025-12-25,21143102,0386,A672,2025-12-25,2026-01-01,18,21143102|0386|A672|2025-12-25|net demand for forecast|003755,20251225-0386-A672-Train-#1
21143102|0386|A672|2025-12-25|net demand for forecast|003756_transit_20251225-0386-A672-Train-#1,2025-12-25,21143102,0386,A672,2025-12-25,2026-01-01,18,21143102|0386|A672|2025-12-25|net demand for forecast|003756,20251225-0386-A672-Train-#1
21143102|0386|A672|2025-12-25|net demand for forecast|003757_transit_20251225-0386-A672-Train-#1,2025-12-25,21143102,0386,A672,2025-12-25,2026-01-01,18,21143102|0386|A672|2025-12-25|net demand for forecast|003757,20251225-0386-A672-Train-#1
21143102|0386|A672|2025-12-25|net demand for forecast|003758_transit_20251225-0386-A672-Train-#1,2025-12-25,21143102,0386,A672,2025-12-25,2026-01-01,18,21143102|0386|A672|2025-12-25|net demand for forecast|003758,20251225-0386-A672-Train-#1
21143102|0386|A672|2025-12-25|net demand for forecast|003759_transit_20251225-0386-A672-Train-#1,2025-12-25,21143102,0386,A672,2025-12-25,2026-01-01,18,21143102|0386|A672|2025-12-25|net demand for forecast|003759,20251225-0386-A672-Train-#1
21155895|0386|A672|2025-12-25|net demand for forecast|003844_transit_20251225-0386-A672-Train-#1,2025-12-25,21155895,0386,A672,2025-12-25,2026-01-01,14,21155895|0386|A672|2025-12-25|net demand for forecast|003844,20251225-0386-A672-Train-#1
21155895|0386|A672|2025-12-25|net demand for forecast|003845_transit_20251225-0386-A672-Train-#1,2025-12-25,21155895,0386,A672,2025-12-25,2026-01-01,14,21155895|0386|A672|2025-12-25|net demand for forecast|003845,20251225-0386-A672-Train-#1
21155895|0386|A672|2025-12-25|net demand for forecast|003846_transit_20251225-0386-A672-Train-#1,2025-12-25,21155895,0386,A672,2025-12-25,2026-01-01,20,21155895|0386|A672|2025-12-25|net demand for forecast|003846,20251225-0386-A672-Train-#1
21155895|0386|A672|2025-12-25|net demand for forecast|003847_transit_20251225-0386-A672-Train-#1,2025-12-25,21155895,0386,A672,2025-12-25,2026-01-01,20,21155895|0386|A672|2025-12-25|net demand for forecast|003847,20251225-0386-A672-Train-#1
21155895|0386|A672|2025-12-25|net demand for forecast|003848_transit_20251225-0386-A672-Train-#1,2025-12-25,21155895,0386,A672,2025-12-25,2026-01-01,20,21155895|0386|A672|2025-12-25|net demand for forecast|003848,20251225-0386-A672-Train-#1
21155895|0386|A672|2025-12-25|net demand for forecast|003849_transit_20251225-0386-A672-Train-#1,2025-12-25,21155895,0386,A672,2025-12-25,2026-01-01,20,21155895|0386|A672|2025-12-25|net demand for forecast|003849,20251225-0386-A672-Train-#1
21155895|0386|A672|2025-12-25|net demand for forecast|003850_transit_20251225-0386-A672-Train-#1,2025-12-25,21155895,0386,A672,2025-12-25,2026-01-01,20,21155895|0386|A672|2025-12-25|net demand for forecast|003850,20251225-0386-A672-Train-#1
21155895|0386|A672|2025-12-25|net demand for forecast|003851_transit_20251225-0386-A672-Train-#1,2025-12-25,21155895,0386,A672,2025-12-25,2026-01-01,21,21155895|0386|A672|2025-12-25|net demand for forecast|003851,20251225-0386-A672-Train-#1
21155895|0386|A672|2025-12-25|net demand for forecast|003852_transit_20251225-0386-A672-Train-#1,2025-12-25,21155895,0386,A672,2025-12-25,2026-01-01,21,21155895|0386|A672|2025-12-25|net demand for forecast|003852,20251225-0386-A672-Train-#1
21155895|0386|A672|2025-12-25|net demand for forecast|003853_transit_20251225-0386-A672-Train-#1,2025-12-25,21155895,0386,A672,2025-12-25,2026-01-01,31,21155895|0386|A672|2025-12-25|net demand for forecast|003853,20251225-0386-A672-Train-#1
21155895|0386|A672|2025-12-25|net demand for forecast|003854_transit_20251225-0386-A672-Train-#1,2025-12-25,21155895,0386,A672,2025-12-25,2026-01-01,31,21155895|0386|A672|2025-12-25|net demand for forecast|003854,20251225-0386-A672-Train-#1
21155895|0386|A672|2025-12-25|net demand for forecast|003855_transit_20251225-0386-A672-Train-#1,2025-12-25,21155895,0386,A672,2025-12-25,2026-01-01,31,21155895|0386|A672|2025-12-25|net demand for forecast|003855,20251225-0386-A672-Train-#1
21472283|0386|A672|2025-12-25|net demand for forecast|004159_transit_20251225-0386-A672-Train-#1,2025-12-25,21472283,0386,A672,2025-12-25,2026-01-01,6,21472283|0386|A672|2025-12-25|net demand for forecast|004159,20251225-0386-A672-Train-#1
21472283|0386|A672|2025-12-25|net demand for forecast|004160_transit_20251225-0386-A672-Train-#1,2025-12-25,21472283,0386,A672,2025-12-25,2026-01-01,6,21472283|0386|A672|2025-12-25|net demand for forecast|004160,20251225-0386-A672-Train-#1
21472283|0386|A672|2025-12-25|net demand for forecast|004161_transit_20251225-0386-A672-Train-#1,2025-12-25,21472283,0386,A672,2025-12-25,2026-01-01,7,21472283|0386|A672|2025-12-25|net demand for forecast|004161,20251225-0386-A672-Train-#1
21472283|0386|A672|2025-12-25|net demand for forecast|004162_transit_20251225-0386-A672-Train-#1,2025-12-25,21472283,0386,A672,2025-12-25,2026-01-01,7,21472283|0386|A672|2025-12-25|net demand for forecast|004162,20251225-0386-A672-Train-#1
21472283|0386|A672|2025-12-25|net demand for forecast|004163_transit_20251225-0386-A672-Train-#1,2025-12-25,21472283,0386,A672,2025-12-25,2026-01-01,7,21472283|0386|A672|2025-12-25|net demand for forecast|004163,20251225-0386-A672-Train-#1
21472283|0386|A672|2025-12-25|net demand for forecast|004164_transit_20251225-0386-A672-Train-#1,2025-12-25,21472283,0386,A672,2025-12-25,2026-01-01,7,21472283|0386|A672|2025-12-25|net demand for forecast|004164,20251225-0386-A672-Train-#1
21472283|0386|A672|2025-12-25|net demand for forecast|004165_transit_20251225-0386-A672-Train-#1,2025-12-25,21472283,0386,A672,2025-12-25,2026-01-01,7,21472283|0386|A672|2025-12-25|net demand for forecast|004165,20251225-0386-A672-Train-#1
21472283|0386|A672|2025-12-25|net demand for forecast|004166_transit_20251225-0386-A672-Train-#1,2025-12-25,21472283,0386,A672,2025-12-25,2026-01-01,13,21472283|0386|A672|2025-12-25|net demand for forecast|004166,20251225-0386-A672-Train-#1
21472283|0386|A672|2025-12-25|net demand for forecast|004167_transit_20251225-0386-A672-Train-#1,2025-12-25,21472283,0386,A672,2025-12-25,2026-01-01,13,21472283|0386|A672|2025-12-25|net demand for forecast|004167,20251225-0386-A672-Train-#1
21472283|0386|A672|2025-12-25|net demand for forecast|004168_transit_20251225-0386-A672-Train-#1,2025-12-25,21472283,0386,A672,2025-12-25,2026-01-01,13,21472283|0386|A672|2025-12-25|net demand for forecast|004168,20251225-0386-A672-Train-#1
80807110|0386|A672|2025-12-25|net demand for forecast|004303_transit_20251225-0386-A672-Train-#1,2025-12-25,80807110,0386,A672,2025-12-25,2026-01-01,7,80807110|0386|A672|2025-12-25|net demand for forecast|004303,20251225-0386-A672-Train-#1
80807110|0386|A672|2025-12-25|net demand for forecast|004304_transit_20251225-0386-A672-Train-#1,2025-12-25,80807110,0386,A672,2025-12-25,2026-01-01,9,80807110|0386|A672|2025-12-25|net demand for forecast|004304,20251225-0386-A672-Train-#1
80807110|0386|A672|2025-12-25|net demand for forecast|004305_transit_20251225-0386-A672-Train-#1,2025-12-25,80807110,0386,A672,2025-12-25,2026-01-01,10,80807110|0386|A672|2025-12-25|net demand for forecast|004305,20251225-0386-A672-Train-#1
80807110|0386|A672|2025-12-25|net demand for forecast|004306_transit_20251225-0386-A672-Train-#1,2025-12-25,80807110,0386,A672,2025-12-25,2026-01-01,10,80807110|0386|A672|2025-12-25|net demand for forecast|004306,20251225-0386-A672-Train-#1
80807110|0386|A672|2025-12-25|net demand for forecast|004307_transit_20251225-0386-A672-Train-#1,2025-12-25,80807110,0386,A672,2025-12-25,2026-01-01,10,80807110|0386|A672|2025-12-25|net demand for forecast|004307,20251225-0386-A672-Train-#1
80807110|0386|A672|2025-12-25|net demand for forecast|004308_transit_20251225-0386-A672-Train-#1,2025-12-25,80807110,0386,A672,2025-12-25,2026-01-02,10,80807110|0386|A672|2025-12-25|net demand for forecast|004308,20251225-0386-A672-Train-#1
80807110|0386|A672|2025-12-25|net demand for forecast|004309_transit_20251225-0386-A672-Train-#1,2025-12-25,80807110,0386,A672,2025-12-25,2026-01-01,10,80807110|0386|A672|2025-12-25|net demand for forecast|004309,20251225-0386-A672-Train-#1
80807110|0386|A672|2025-12-25|net demand for forecast|004310_transit_20251225-0386-A672-Train-#1,2025-12-25,80807110,0386,A672,2025-12-25,2026-01-01,16,80807110|0386|A672|2025-12-25|net demand for forecast|004310,20251225-0386-A672-Train-#1
80807110|0386|A672|2025-12-25|net demand for forecast|004311_transit_20251225-0386-A672-Train-#1,2025-12-25,80807110,0386,A672,2025-12-25,2026-01-01,16,80807110|0386|A672|2025-12-25|net demand for forecast|004311,20251225-0386-A672-Train-#1
80807110|0386|A672|2025-12-25|net demand for forecast|004312_transit_20251225-0386-A672-Train-#1,2025-12-25,80807110,0386,A672,2025-12-25,2026-01-01,23,80807110|0386|A672|2025-12-25|net demand for forecast|004312,20251225-0386-A672-Train-#1
80812840|0386|A672|2025-12-25|net demand for forecast|004469_transit_20251225-0386-A672-Train-#1,2025-12-25,80812840,0386,A672,2025-12-25,2026-01-01,1,80812840|0386|A672|2025-12-25|net demand for forecast|004469,20251225-0386-A672-Train-#1
80812840|0386|A672|2025-12-25|net demand for forecast|004470_transit_20251225-0386-A672-Train-#1,2025-12-25,80812840,0386,A672,2025-12-25,2026-01-01,1,80812840|0386|A672|2025-12-25|net demand for forecast|004470,20251225-0386-A672-Train-#1
80812840|0386|A672|2025-12-25|net demand for forecast|004471_transit_20251225-0386-A672-Train-#1,2025-12-25,80812840,0386,A672,2025-12-25,2026-01-01,1,80812840|0386|A672|2025-12-25|net demand for forecast|004471,20251225-0386-A672-Train-#1
80812840|0386|A672|2025-12-25|net demand for forecast|004472_transit_20251225-0386-A672-Train-#1,2025-12-25,80812840,0386,A672,2025-12-25,2026-01-02,1,80812840|0386|A672|2025-12-25|net demand for forecast|004472,20251225-0386-A672-Train-#1
80812840|0386|A672|2025-12-25|net demand for forecast|004473_transit_20251225-0386-A672-Train-#1,2025-12-25,80812840,0386,A672,2025-12-25,2026-01-01,2,80812840|0386|A672|2025-12-25|net demand for forecast|004473,20251225-0386-A672-Train-#1
80812840|0386|A672|2025-12-25|net demand for forecast|004474_transit_20251225-0386-A672-Train-#1,2025-12-25,80812840,0386,A672,2025-12-25,2026-01-01,2,80812840|0386|A672|2025-12-25|net demand for forecast|004474,20251225-0386-A672-Train-#1
80812840|0386|A672|2025-12-25|net demand for forecast|004475_transit_20251225-0386-A672-Train-#1,2025-12-25,80812840,0386,A672,2025-12-25,2026-01-01,2,80812840|0386|A672|2025-12-25|net demand for forecast|004475,20251225-0386-A672-Train-#1
80812840|0386|A672|2025-12-25|net demand for forecast|004476_transit_20251225-0386-A672-Train-#1,2025-12-25,80812840,0386,A672,2025-12-25,2026-01-01,2,80812840|0386|A672|2025-12-25|net demand for forecast|004476,20251225-0386-A672-Train-#1
80812840|0386|A672|2025-12-25|net demand for forecast|004477_transit_20251225-0386-A672-Train-#1,2025-12-25,80812840,0386,A672,2025-12-25,2026-01-01,2,80812840|0386|A672|2025-12-25|net demand for forecast|004477,20251225-0386-A672-Train-#1
80812840|0386|A672|2025-12-25|net demand for forecast|004478_transit_20251225-0386-A672-Train-#1,2025-12-25,80812840,0386,A672,2025-12-25,2026-01-01,2,80812840|0386|A672|2025-12-25|net demand for forecast|004478,20251225-0386-A672-Train-#1
80812840|0386|A672|2025-12-25|net demand for forecast|004479_transit_20251225-0386-A672-Train-#1,2025-12-25,80812840,0386,A672,2025-12-25,2026-01-01,2,80812840|0386|A672|2025-12-25|net demand for forecast|004479,20251225-0386-A672-Train-#1
80812840|0386|A672|2025-12-25|net demand for forecast|004480_transit_20251225-0386-A672-Train-#1,2025-12-25,80812840,0386,A672,2025-12-25,2026-01-01,2,80812840|0386|A672|2025-12-25|net demand for forecast|004480,20251225-0386-A672-Train-#1
80812840|0386|A672|2025-12-25|net demand for forecast|004481_transit_20251225-0386-A672-Train-#1,2025-12-25,80812840,0386,A672,2025-12-25,2026-01-01,2,80812840|0386|A672|2025-12-25|net demand for forecast|004481,20251225-0386-A672-Train-#1
80812840|0386|A672|2025-12-25|net demand for forecast|004482_transit_20251225-0386-A672-Train-#1,2025-12-25,80812840,0386,A672,2025-12-25,2026-01-01,2,80812840|0386|A672|2025-12-25|net demand for forecast|004482,20251225-0386-A672-Train-#1
80812840|0386|A672|2025-12-25|net demand for forecast|004483_transit_20251225-0386-A672-Train-#1,2025-12-25,80812840,0386,A672,2025-12-25,2026-01-01,2,80812840|0386|A672|2025-12-25|net demand for forecast|004483,20251225-0386-A672-Train-#1
80812840|0386|A672|2025-12-25|net demand for forecast|004484_transit_20251225-0386-A672-Train-#1,2025-12-25,80812840,0386,A672,2025-12-25,2026-01-01,2,80812840|0386|A672|2025-12-25|net demand for forecast|004484,20251225-0386-A672-Train-#1
80812840|0386|A672|2025-12-25|net demand for forecast|004485_transit_20251225-0386-A672-Train-#1,2025-12-25,80812840,0386,A672,2025-12-25,2026-01-01,2,80812840|0386|A672|2025-12-25|net demand for forecast|004485,20251225-0386-A672-Train-#1
80812840|0386|A672|2025-12-25|net demand for forecast|004486_transit_20251225-0386-A672-Train-#1,2025-12-25,80812840,0386,A672,2025-12-25,2026-01-01,2,80812840|0386|A672|2025-12-25|net demand for forecast|004486,20251225-0386-A672-Train-#1
80812841|0386|A672|2025-12-25|net demand for forecast|004550_transit_20251225-0386-A672-Train-#1,2025-12-25,80812841,0386,A672,2025-12-25,2026-01-01,1,80812841|0386|A672|2025-12-25|net demand for forecast|004550,20251225-0386-A672-Train-#1
80812841|0386|A672|2025-12-25|net demand for forecast|004551_transit_20251225-0386-A672-Train-#1,2025-12-25,80812841,0386,A672,2025-12-25,2026-01-01,2,80812841|0386|A672|2025-12-25|net demand for forecast|004551,20251225-0386-A672-Train-#1
80812841|0386|A672|2025-12-25|net demand for forecast|004552_transit_20251225-0386-A672-Train-#1,2025-12-25,80812841,0386,A672,2025-12-25,2026-01-01,3,80812841|0386|A672|2025-12-25|net demand for forecast|004552,20251225-0386-A672-Train-#1
80812841|0386|A672|2025-12-25|net demand for forecast|004553_transit_20251225-0386-A672-Train-#1,2025-12-25,80812841,0386,A672,2025-12-25,2026-01-01,4,80812841|0386|A672|2025-12-25|net demand for forecast|004553,20251225-0386-A672-Train-#1
80812841|0386|A672|2025-12-25|net demand for forecast|004554_transit_20251225-0386-A672-Train-#1,2025-12-25,80812841,0386,A672,2025-12-25,2026-01-01,4,80812841|0386|A672|2025-12-25|net demand for forecast|004554,20251225-0386-A672-Train-#1
80812841|0386|A672|2025-12-25|net demand for forecast|004555_transit_20251225-0386-A672-Train-#1,2025-12-25,80812841,0386,A672,2025-12-25,2026-01-01,4,80812841|0386|A672|2025-12-25|net demand for forecast|004555,20251225-0386-A672-Train-#1
80812841|0386|A672|2025-12-25|net demand for forecast|004556_transit_20251225-0386-A672-Train-#1,2025-12-25,80812841,0386,A672,2025-12-25,2026-01-01,4,80812841|0386|A672|2025-12-25|net demand for forecast|004556,20251225-0386-A672-Train-#1
80812841|0386|A672|2025-12-25|net demand for forecast|004557_transit_20251225-0386-A672-Train-#1,2025-12-25,80812841,0386,A672,2025-12-25,2026-01-02,4,80812841|0386|A672|2025-12-25|net demand for forecast|004557,20251225-0386-A672-Train-#1
80812841|0386|A672|2025-12-25|net demand for forecast|004558_transit_20251225-0386-A672-Train-#1,2025-12-25,80812841,0386,A672,2025-12-25,2026-01-01,4,80812841|0386|A672|2025-12-25|net demand for forecast|004558,20251225-0386-A672-Train-#1
80812841|0386|A672|2025-12-25|net demand for forecast|004559_transit_20251225-0386-A672-Train-#1,2025-12-25,80812841,0386,A672,2025-12-25,2026-01-01,4,80812841|0386|A672|2025-12-25|net demand for forecast|004559,20251225-0386-A672-Train-#1
80812841|0386|A672|2025-12-25|net demand for forecast|004560_transit_20251225-0386-A672-Train-#1,2025-12-25,80812841,0386,A672,2025-12-25,2026-01-01,5,80812841|0386|A672|2025-12-25|net demand for forecast|004560,20251225-0386-A672-Train-#1
80812841|0386|A672|2025-12-25|net demand for forecast|004561_transit_20251225-0386-A672-Train-#1,2025-12-25,80812841,0386,A672,2025-12-25,2026-01-01,5,80812841|0386|A672|2025-12-25|net demand for forecast|004561,20251225-0386-A672-Train-#1
80812841|0386|A672|2025-12-25|net demand for forecast|004562_transit_20251225-0386-A672-Train-#1,2025-12-25,80812841,0386,A672,2025-12-25,2026-01-02,5,80812841|0386|A672|2025-12-25|net demand for forecast|004562,20251225-0386-A672-Train-#1
80812841|0386|A672|2025-12-25|net demand for forecast|004563_transit_20251225-0386-A672-Train-#1,2025-12-25,80812841,0386,A672,2025-12-25,2026-01-02,5,80812841|0386|A672|2025-12-25|net demand for forecast|004563,20251225-0386-A672-Train-#1
80812841|0386|A672|2025-12-25|net demand for forecast|004564_transit_20251225-0386-A672-Train-#1,2025-12-25,80812841,0386,A672,2025-12-25,2026-01-01,5,80812841|0386|A672|2025-12-25|net demand for forecast|004564,20251225-0386-A672-Train-#1
80812841|0386|A672|2025-12-25|net demand for forecast|004565_transit_20251225-0386-A672-Train-#1,2025-12-25,80812841,0386,A672,2025-12-25,2026-01-01,5,80812841|0386|A672|2025-12-25|net demand for forecast|004565,20251225-0386-A672-Train-#1
80812841|0386|A672|2025-12-25|net demand for forecast|004566_transit_20251225-0386-A672-Train-#1,2025-12-25,80812841,0386,A672,2025-12-25,2026-01-01,5,80812841|0386|A672|2025-12-25|net demand for forecast|004566,20251225-0386-A672-Train-#1
80812841|0386|A672|2025-12-25|net demand for forecast|004567_transit_20251225-0386-A672-Train-#1,2025-12-25,80812841,0386,A672,2025-12-25,2026-01-01,5,80812841|0386|A672|2025-12-25|net demand for forecast|004567,20251225-0386-A672-Train-#1
21155895|0386|A672|2025-12-25|net demand for net demand for forecast|003856_transit_20251225-0386-A672-Train-#1,2025-12-25,21155895,0386,A672,2025-12-25,2026-01-01,1,21155895|0386|A672|2025-12-25|net demand for net demand for forecast|003856,20251225-0386-A672-Train-#1
21155895|0386|A672|2025-12-25|net demand for net demand for forecast|003857_transit_20251225-0386-A672-Train-#1,2025-12-25,21155895,0386,A672,2025-12-25,2026-01-01,1,21155895|0386|A672|2025-12-25|net demand for net demand for forecast|003857,20251225-0386-A672-Train-#1
21155895|0386|A672|2025-12-25|net demand for net demand for forecast|003858_transit_20251225-0386-A672-Train-#1,2025-12-25,21155895,0386,A672,2025-12-25,2026-01-01,1,21155895|0386|A672|2025-12-25|net demand for net demand for forecast|003858,20251225-0386-A672-Train-#1
21155895|0386|A672|2025-12-25|net demand for net demand for forecast|003859_transit_20251225-0386-A672-Train-#1,2025-12-25,21155895,0386,A672,2025-12-25,2026-01-01,1,21155895|0386|A672|2025-12-25|net demand for net demand for forecast|003859,20251225-0386-A672-Train-#1
21155895|0386|A672|2025-12-25|net demand for net demand for forecast|003860_transit_20251225-0386-A672-Train-#1,2025-12-25,21155895,0386,A672,2025-12-25,2026-01-01,1,21155895|0386|A672|2025-12-25|net demand for net demand for forecast|003860,20251225-0386-A672-Train-#1
21155895|0386|A672|2025-12-25|net demand for net demand for forecast|003861_transit_20251225-0386-A672-Train-#1,2025-12-25,21155895,0386,A672,2025-12-25,2026-01-02,1,21155895|0386|A672|2025-12-25|net demand for net demand for forecast|003861,20251225-0386-A672-Train-#1
21155895|0386|A672|2025-12-25|net demand for net demand for forecast|003862_transit_20251225-0386-A672-Train-#1,2025-12-25,21155895,0386,A672,2025-12-25,2026-01-01,1,21155895|0386|A672|2025-12-25|net demand for net demand for forecast|003862,20251225-0386-A672-Train-#1
21155895|0386|A672|2025-12-25|net demand for net demand for forecast|003863_transit_20251225-0386-A672-Train-#1,2025-12-25,21155895,0386,A672,2025-12-25,2026-01-01,1,21155895|0386|A672|2025-12-25|net demand for net demand for forecast|003863,20251225-0386-A672-Train-#1
21143102|0386|A672|2025-12-25|net demand for safety|003760_transit_20251225-0386-A672-Train-#1,2025-12-25,21143102,0386,A672,2025-12-25,2026-01-01,164,21143102|0386|A672|2025-12-25|net demand for safety|003760,20251225-0386-A672-Train-#1
21155895|0386|A672|2025-12-25|net demand for safety|003867_transit_20251225-0386-A672-Train-#1,2025-12-25,21155895,0386,A672,2025-12-25,2026-01-02,127,21155895|0386|A672|2025-12-25|net demand for safety|003867,20251225-0386-A672-Train-#1
80807097|0386|A672|2025-12-25|net demand for safety|004265_transit_20251225-0386-A672-Train-#1,2025-12-25,80807097,0386,A672,2025-12-25,2026-01-01,193,80807097|0386|A672|2025-12-25|net demand for safety|004265,20251225-0386-A672-Train-#1
80807110|0386|A672|2025-12-25|net demand for safety|004314_transit_20251225-0386-A672-Train-#1,2025-12-25,80807110,0386,A672,2025-12-25,2026-01-01,461,80807110|0386|A672|2025-12-25|net demand for safety|004314,20251225-0386-A672-Train-#1
80812103|0386|A672|2025-12-25|net demand for safety|004372_transit_20251225-0386-A672-Train-#1,2025-12-25,80812103,0386,A672,2025-12-25,2026-01-01,16,80812103|0386|A672|2025-12-25|net demand for safety|004372,20251225-0386-A672-Train-#1
80812839|0386|A672|2025-12-25|net demand for safety|004405_transit_20251225-0386-A672-Train-#1,2025-12-25,80812839,0386,A672,2025-12-25,2026-01-01,118,80812839|0386|A672|2025-12-25|net demand for safety|004405,20251225-0386-A672-Train-#1
80812840|0386|A672|2025-12-25|net demand for safety|004489_transit_20251225-0386-A672-Train-#1,2025-12-25,80812840,0386,A672,2025-12-25,2026-01-01,161,80812840|0386|A672|2025-12-25|net demand for safety|004489,20251225-0386-A672-Train-#1
80812841|0386|A672|2025-12-25|net demand for safety|004568_transit_20251225-0386-A672-Train-#1,2025-12-25,80812841,0386,A672,2025-12-25,2026-01-01,177,80812841|0386|A672|2025-12-25|net demand for safety|004568,20251225-0386-A672-Train-#1
80812846|0386|A672|2025-12-25|net demand for safety|004651_transit_20251225-0386-A672-Train-#1,2025-12-25,80812846,0386,A672,2025-12-25,2026-01-01,45,80812846|0386|A672|2025-12-25|net demand for safety|004651,20251225-0386-A672-Train-#1
21155895|0386|A672|2025-12-25|net demand for net demand for safety|003865_transit_20251225-0386-A672-Train-#1,2025-12-25,21155895,0386,A672,2025-12-25,2026-01-01,5,21155895|0386|A672|2025-12-25|net demand for net demand for safety|003865,20251225-0386-A672-Train-#1
80807097|0386|A672|2025-12-25|net demand for net demand for safety|004264_transit_20251225-0386-A672-Train-#1,2025-12-25,80807097,0386,A672,2025-12-25,2026-01-01,2,80807097|0386|A672|2025-12-25|net demand for net demand for safety|004264,20251225-0386-A672-Train-#1
80807110|0386|A672|2025-12-25|net demand for net demand for safety|004313_transit_20251225-0386-A672-Train-#1,2025-12-25,80807110,0386,A672,2025-12-25,2026-01-01,13,80807110|0386|A672|2025-12-25|net demand for net demand for safety|004313,20251225-0386-A672-Train-#1
80812154|0386|A672|2025-12-25|net demand for net demand for safety|004384_transit_20251225-0386-A672-Train-#1,2025-12-25,80812154,0386,A672,2025-12-25,2026-01-01,1,80812154|0386|A672|2025-12-25|net demand for net demand for safety|004384,20251225-0386-A672-Train-#1
80812839|0386|A672|2025-12-25|net demand for net demand for safety|004404_transit_20251225-0386-A672-Train-#1,2025-12-25,80812839,0386,A672,2025-12-25,2026-01-01,1,80812839|0386|A672|2025-12-25|net demand for net demand for safety|004404,20251225-0386-A672-Train-#1
80812840|0386|A672|2025-12-25|net demand for net demand for safety|004487_transit_20251225-0386-A672-Train-#1,2025-12-25,80812840,0386,A672,2025-12-25,2026-01-01,2,80812840|0386|A672|2025-12-25|net demand for net demand for safety|004487,20251225-0386-A672-Train-#1
80812840|0386|A672|2025-12-25|net demand for net demand for safety|004488_transit_20251225-0386-A672-Train-#1,2025-12-25,80812840,0386,A672,2025-12-25,2026-01-01,5,80812840|0386|A672|2025-12-25|net demand for net demand for safety|004488,20251225-0386-A672-Train-#1
21155895|0386|A672|2025-12-25|push replenishment|003868_transit_20251225-0386-A672-Train-#1,2025-12-25,21155895,0386,A672,2025-12-25,2026-01-01,149,21155895|0386|A672|2025-12-25|push replenishment|003868,20251225-0386-A672-Train-#1
80807093|0386|A672|2025-12-25|push replenishment|004209_transit_20251225-0386-A672-Train-#1,2025-12-25,80807093,0386,A672,2025-12-25,2026-01-01,358,80807093|0386|A672|2025-12-25|push replenishment|004209,20251225-0386-A672-Train-#1
80807097|0386|A672|2025-12-25|push replenishment|004266_transit_20251225-0386-A672-Train-#1,2025-12-25,80807097,0386,A672,2025-12-25,2026-01-01,467,80807097|0386|A672|2025-12-25|push replenishment|004266,20251225-0386-A672-Train-#1
80807110|0386|A672|2025-12-25|push replenishment|004315_transit_20251225-0386-A672-Train-#1,2025-12-25,80807110,0386,A672,2025-12-25,2026-01-01,286,80807110|0386|A672|2025-12-25|push replenishment|004315,20251225-0386-A672-Train-#1
80812103|0386|A672|2025-12-25|push replenishment|004373_transit_20251225-0386-A672-Train-#1,2025-12-25,80812103,0386,A672,2025-12-25,2026-01-01,44,80812103|0386|A672|2025-12-25|push replenishment|004373,20251225-0386-A672-Train-#1
80812154|0386|A672|2025-12-25|push replenishment|004385_transit_20251225-0386-A672-Train-#1,2025-12-25,80812154,0386,A672,2025-12-25,2026-01-01,1,80812154|0386|A672|2025-12-25|push replenishment|004385,20251225-0386-A672-Train-#1
80812839|0386|A672|2025-12-25|push replenishment|004406_transit_20251225-0386-A672-Train-#1,2025-12-25,80812839,0386,A672,2025-12-25,2026-01-01,277,80812839|0386|A672|2025-12-25|push replenishment|004406,20251225-0386-A672-Train-#1
80812840|0386|A672|2025-12-25|push replenishment|004490_transit_20251225-0386-A672-Train-#1,2025-12-25,80812840,0386,A672,2025-12-25,2026-01-01,760,80812840|0386|A672|2025-12-25|push replenishment|004490,20251225-0386-A672-Train-#1
80812846|0386|A672|2025-12-25|push replenishment|004652_transit_20251225-0386-A672-Train-#1,2025-12-25,80812846,0386,A672,2025-12-25,2026-01-01,597,80812846|0386|A672|2025-12-25|push replenishment|004652,20251225-0386-A672-Train-#1
80812846|0386|A672|2025-12-25|push replenishment|004652_transit_20251225-0386-A672-Train-#2,2025-12-25,80812846,0386,A672,2025-12-25,2026-01-02,689,80812846|0386|A672|2025-12-25|push replenishment|004652,20251225-0386-A672-Train-#2
21472283|0386|A673|2025-12-25|net demand for normal|004180_transit_20251225-0386-A673-LARGE-#1,2025-12-25,21472283,0386,A673,2025-12-25,2025-12-30,22,21472283|0386|A673|2025-12-25|net demand for normal|004180,20251225-0386-A673-LARGE-#1
21165946|0386|A673|2025-12-25|net demand for net demand for normal|003978_transit_20251225-0386-A673-LARGE-#1,2025-12-25,21165946,0386,A673,2025-12-25,2025-12-30,3,21165946|0386|A673|2025-12-25|net demand for net demand for normal|003978,20251225-0386-A673-LARGE-#1
21155895|0386|A673|2025-12-25|net demand for forecast|003869_transit_20251225-0386-A673-LARGE-#1,2025-12-25,21155895,0386,A673,2025-12-25,2025-12-30,69,21155895|0386|A673|2025-12-25|net demand for forecast|003869,20251225-0386-A673-LARGE-#1
21155895|0386|A673|2025-12-25|net demand for forecast|003870_transit_20251225-0386-A673-LARGE-#1,2025-12-25,21155895,0386,A673,2025-12-25,2025-12-31,69,21155895|0386|A673|2025-12-25|net demand for forecast|003870,20251225-0386-A673-LARGE-#1
21155895|0386|A673|2025-12-25|net demand for forecast|003871_transit_20251225-0386-A673-LARGE-#1,2025-12-25,21155895,0386,A673,2025-12-25,2025-12-30,70,21155895|0386|A673|2025-12-25|net demand for forecast|003871,20251225-0386-A673-LARGE-#1
21155895|0386|A673|2025-12-25|net demand for forecast|003872_transit_20251225-0386-A673-LARGE-#1,2025-12-25,21155895,0386,A673,2025-12-25,2025-12-30,70,21155895|0386|A673|2025-12-25|net demand for forecast|003872,20251225-0386-A673-LARGE-#1
21155895|0386|A673|2025-12-25|net demand for forecast|003873_transit_20251225-0386-A673-LARGE-#1,2025-12-25,21155895,0386,A673,2025-12-25,2025-12-30,70,21155895|0386|A673|2025-12-25|net demand for forecast|003873,20251225-0386-A673-LARGE-#1
21155895|0386|A673|2025-12-25|net demand for forecast|003874_transit_20251225-0386-A673-LARGE-#1,2025-12-25,21155895,0386,A673,2025-12-25,2025-12-30,70,21155895|0386|A673|2025-12-25|net demand for forecast|003874,20251225-0386-A673-LARGE-#1
21155895|0386|A673|2025-12-25|net demand for forecast|003875_transit_20251225-0386-A673-LARGE-#1,2025-12-25,21155895,0386,A673,2025-12-25,2025-12-30,70,21155895|0386|A673|2025-12-25|net demand for forecast|003875,20251225-0386-A673-LARGE-#1
21155895|0386|A673|2025-12-25|net demand for forecast|003876_transit_20251225-0386-A673-LARGE-#1,2025-12-25,21155895,0386,A673,2025-12-25,2025-12-30,106,21155895|0386|A673|2025-12-25|net demand for forecast|003876,20251225-0386-A673-LARGE-#1
21155895|0386|A673|2025-12-25|net demand for forecast|003877_transit_20251225-0386-A673-LARGE-#1,2025-12-25,21155895,0386,A673,2025-12-25,2025-12-30,106,21155895|0386|A673|2025-12-25|net demand for forecast|003877,20251225-0386-A673-LARGE-#1
21155895|0386|A673|2025-12-25|net demand for forecast|003878_transit_20251225-0386-A673-LARGE-#1,2025-12-25,21155895,0386,A673,2025-12-25,2025-12-30,106,21155895|0386|A673|2025-12-25|net demand for forecast|003878,20251225-0386-A673-LARGE-#1
21472283|0386|A673|2025-12-25|net demand for forecast|004170_transit_20251225-0386-A673-LARGE-#1,2025-12-25,21472283,0386,A673,2025-12-25,2025-12-30,24,21472283|0386|A673|2025-12-25|net demand for forecast|004170,20251225-0386-A673-LARGE-#1
21472283|0386|A673|2025-12-25|net demand for forecast|004171_transit_20251225-0386-A673-LARGE-#1,2025-12-25,21472283,0386,A673,2025-12-25,2025-12-31,24,21472283|0386|A673|2025-12-25|net demand for forecast|004171,20251225-0386-A673-LARGE-#1
21472283|0386|A673|2025-12-25|net demand for forecast|004172_transit_20251225-0386-A673-LARGE-#1,2025-12-25,21472283,0386,A673,2025-12-25,2025-12-30,24,21472283|0386|A673|2025-12-25|net demand for forecast|004172,20251225-0386-A673-LARGE-#1
21472283|0386|A673|2025-12-25|net demand for forecast|004173_transit_20251225-0386-A673-LARGE-#1,2025-12-25,21472283,0386,A673,2025-12-25,2025-12-30,24,21472283|0386|A673|2025-12-25|net demand for forecast|004173,20251225-0386-A673-LARGE-#1
21472283|0386|A673|2025-12-25|net demand for forecast|004174_transit_20251225-0386-A673-LARGE-#1,2025-12-25,21472283,0386,A673,2025-12-25,2025-12-30,24,21472283|0386|A673|2025-12-25|net demand for forecast|004174,20251225-0386-A673-LARGE-#1
21472283|0386|A673|2025-12-25|net demand for forecast|004175_transit_20251225-0386-A673-LARGE-#1,2025-12-25,21472283,0386,A673,2025-12-25,2025-12-30,24,21472283|0386|A673|2025-12-25|net demand for forecast|004175,20251225-0386-A673-LARGE-#1
21472283|0386|A673|2025-12-25|net demand for forecast|004176_transit_20251225-0386-A673-LARGE-#1,2025-12-25,21472283,0386,A673,2025-12-25,2025-12-30,24,21472283|0386|A673|2025-12-25|net demand for forecast|004176,20251225-0386-A673-LARGE-#1
21472283|0386|A673|2025-12-25|net demand for forecast|004177_transit_20251225-0386-A673-LARGE-#1,2025-12-25,21472283,0386,A673,2025-12-25,2025-12-30,50,21472283|0386|A673|2025-12-25|net demand for forecast|004177,20251225-0386-A673-LARGE-#1
21472283|0386|A673|2025-12-25|net demand for forecast|004178_transit_20251225-0386-A673-LARGE-#1,2025-12-25,21472283,0386,A673,2025-12-25,2025-12-30,51,21472283|0386|A673|2025-12-25|net demand for forecast|004178,20251225-0386-A673-LARGE-#1
21472283|0386|A673|2025-12-25|net demand for forecast|004179_transit_20251225-0386-A673-LARGE-#1,2025-12-25,21472283,0386,A673,2025-12-25,2025-12-30,51,21472283|0386|A673|2025-12-25|net demand for forecast|004179,20251225-0386-A673-LARGE-#1
21155895|0386|A673|2025-12-25|net demand for net demand for forecast|003879_transit_20251225-0386-A673-LARGE-#1,2025-12-25,21155895,0386,A673,2025-12-25,2025-12-30,2,21155895|0386|A673|2025-12-25|net demand for net demand for forecast|003879,20251225-0386-A673-LARGE-#1
21155895|0386|A673|2025-12-25|net demand for net demand for forecast|003880_transit_20251225-0386-A673-LARGE-#1,2025-12-25,21155895,0386,A673,2025-12-25,2025-12-30,2,21155895|0386|A673|2025-12-25|net demand for net demand for forecast|003880,20251225-0386-A673-LARGE-#1
21155895|0386|A673|2025-12-25|net demand for net demand for forecast|003881_transit_20251225-0386-A673-LARGE-#1,2025-12-25,21155895,0386,A673,2025-12-25,2025-12-30,2,21155895|0386|A673|2025-12-25|net demand for net demand for forecast|003881,20251225-0386-A673-LARGE-#1
21155895|0386|A673|2025-12-25|net demand for net demand for forecast|003882_transit_20251225-0386-A673-LARGE-#1,2025-12-25,21155895,0386,A673,2025-12-25,2025-12-30,3,21155895|0386|A673|2025-12-25|net demand for net demand for forecast|003882,20251225-0386-A673-LARGE-#1
21155895|0386|A673|2025-12-25|net demand for net demand for forecast|003883_transit_20251225-0386-A673-LARGE-#1,2025-12-25,21155895,0386,A673,2025-12-25,2025-12-30,3,21155895|0386|A673|2025-12-25|net demand for net demand for forecast|003883,20251225-0386-A673-LARGE-#1
21155895|0386|A673|2025-12-25|net demand for net demand for forecast|003884_transit_20251225-0386-A673-LARGE-#1,2025-12-25,21155895,0386,A673,2025-12-25,2025-12-30,3,21155895|0386|A673|2025-12-25|net demand for net demand for forecast|003884,20251225-0386-A673-LARGE-#1
21155895|0386|A673|2025-12-25|net demand for net demand for forecast|003885_transit_20251225-0386-A673-LARGE-#1,2025-12-25,21155895,0386,A673,2025-12-25,2025-12-30,3,21155895|0386|A673|2025-12-25|net demand for net demand for forecast|003885,20251225-0386-A673-LARGE-#1
21155895|0386|A673|2025-12-25|net demand for net demand for forecast|003886_transit_20251225-0386-A673-LARGE-#1,2025-12-25,21155895,0386,A673,2025-12-25,2025-12-30,12,21155895|0386|A673|2025-12-25|net demand for net demand for forecast|003886,20251225-0386-A673-LARGE-#1
21155895|0386|A673|2025-12-25|net demand for net demand for forecast|003887_transit_20251225-0386-A673-LARGE-#1,2025-12-25,21155895,0386,A673,2025-12-25,2025-12-30,17,21155895|0386|A673|2025-12-25|net demand for net demand for forecast|003887,20251225-0386-A673-LARGE-#1
21155895|0386|A673|2025-12-25|net demand for net demand for forecast|003888_transit_20251225-0386-A673-LARGE-#1,2025-12-25,21155895,0386,A673,2025-12-25,2025-12-30,17,21155895|0386|A673|2025-12-25|net demand for net demand for forecast|003888,20251225-0386-A673-LARGE-#1
21155895|0386|A673|2025-12-25|net demand for net demand for forecast|003889_transit_20251225-0386-A673-LARGE-#1,2025-12-25,21155895,0386,A673,2025-12-25,2025-12-30,18,21155895|0386|A673|2025-12-25|net demand for net demand for forecast|003889,20251225-0386-A673-LARGE-#1
21143102|0386|A673|2025-12-25|net demand for safety|003761_transit_20251225-0386-A673-LARGE-#1,2025-12-25,21143102,0386,A673,2025-12-25,2025-12-30,228,21143102|0386|A673|2025-12-25|net demand for safety|003761,20251225-0386-A673-LARGE-#1
21155895|0386|A673|2025-12-25|net demand for safety|003892_transit_20251225-0386-A673-LARGE-#1,2025-12-25,21155895,0386,A673,2025-12-25,2025-12-30,528,21155895|0386|A673|2025-12-25|net demand for safety|003892,20251225-0386-A673-LARGE-#1
21472283|0386|A673|2025-12-25|net demand for safety|004181_transit_20251225-0386-A673-LARGE-#1,2025-12-25,21472283,0386,A673,2025-12-25,2025-12-30,59,21472283|0386|A673|2025-12-25|net demand for safety|004181,20251225-0386-A673-LARGE-#1
80812839|0386|A673|2025-12-25|net demand for safety|004407_transit_20251225-0386-A673-LARGE-#1,2025-12-25,80812839,0386,A673,2025-12-25,2025-12-30,261,80812839|0386|A673|2025-12-25|net demand for safety|004407,20251225-0386-A673-LARGE-#1
80812840|0386|A673|2025-12-25|net demand for safety|004491_transit_20251225-0386-A673-LARGE-#1,2025-12-25,80812840,0386,A673,2025-12-25,2025-12-30,141,80812840|0386|A673|2025-12-25|net demand for safety|004491,20251225-0386-A673-LARGE-#1
80812841|0386|A673|2025-12-25|net demand for safety|004569_transit_20251225-0386-A673-LARGE-#1,2025-12-25,80812841,0386,A673,2025-12-25,2025-12-30,155,80812841|0386|A673|2025-12-25|net demand for safety|004569,20251225-0386-A673-LARGE-#1
21155895|0386|A673|2025-12-25|net demand for net demand for safety|003890_transit_20251225-0386-A673-LARGE-#1,2025-12-25,21155895,0386,A673,2025-12-25,2025-12-30,15,21155895|0386|A673|2025-12-25|net demand for net demand for safety|003890,20251225-0386-A673-LARGE-#1
21155895|0386|A673|2025-12-25|net demand for net demand for safety|003891_transit_20251225-0386-A673-LARGE-#1,2025-12-25,21155895,0386,A673,2025-12-25,2025-12-30,112,21155895|0386|A673|2025-12-25|net demand for net demand for safety|003891,20251225-0386-A673-LARGE-#1
21155895|0386|A673|2025-12-25|push replenishment|003893_transit_20251225-0386-A673-LARGE-#1,2025-12-25,21155895,0386,A673,2025-12-25,2025-12-30,623,21155895|0386|A673|2025-12-25|push replenishment|003893,20251225-0386-A673-LARGE-#1
21472283|0386|A673|2025-12-25|push replenishment|004182_transit_20251225-0386-A673-LARGE-#1,2025-12-25,21472283,0386,A673,2025-12-25,2025-12-30,938,21472283|0386|A673|2025-12-25|push replenishment|004182,20251225-0386-A673-LARGE-#1
80807090|0386|A673|2025-12-25|push replenishment|004207_transit_20251225-0386-A673-LARGE-#1,2025-12-25,80807090,0386,A673,2025-12-25,2025-12-30,2,80807090|0386|A673|2025-12-25|push replenishment|004207,20251225-0386-A673-LARGE-#1
80807097|0386|A673|2025-12-25|push replenishment|004267_transit_20251225-0386-A673-LARGE-#1,2025-12-25,80807097,0386,A673,2025-12-25,2025-12-30,82,80807097|0386|A673|2025-12-25|push replenishment|004267,20251225-0386-A673-LARGE-#1
80807110|0386|A673|2025-12-25|push replenishment|004316_transit_20251225-0386-A673-LARGE-#1,2025-12-25,80807110,0386,A673,2025-12-25,2025-12-30,85,80807110|0386|A673|2025-12-25|push replenishment|004316,20251225-0386-A673-LARGE-#1
80812103|0386|A673|2025-12-25|push replenishment|004374_transit_20251225-0386-A673-LARGE-#1,2025-12-25,80812103,0386,A673,2025-12-25,2025-12-30,24,80812103|0386|A673|2025-12-25|push replenishment|004374,20251225-0386-A673-LARGE-#1
80812839|0386|A673|2025-12-25|push replenishment|004408_transit_20251225-0386-A673-LARGE-#1,2025-12-25,80812839,0386,A673,2025-12-25,2025-12-31,677,80812839|0386|A673|2025-12-25|push replenishment|004408,20251225-0386-A673-LARGE-#1
80812840|0386|A673|2025-12-25|push replenishment|004492_transit_20251225-0386-A673-LARGE-#1,2025-12-25,80812840,0386,A673,2025-12-25,2025-12-30,691,80812840|0386|A673|2025-12-25|push replenishment|004492,20251225-0386-A673-LARGE-#1
80812840|0386|A673|2025-12-25|push replenishment|004492_transit_20251225-0386-A673-LARGE-#2,2025-12-25,80812840,0386,A673,2025-12-25,2025-12-30,42,80812840|0386|A673|2025-12-25|push replenishment|004492,20251225-0386-A673-LARGE-#2
80812846|0386|A673|2025-12-25|push replenishment|004653_transit_20251225-0386-A673-LARGE-#2,2025-12-25,80812846,0386,A673,2025-12-25,2025-12-30,305,80812846|0386|A673|2025-12-25|push replenishment|004653,20251225-0386-A673-LARGE-#2
21472283|0386|A680|2025-12-25|net demand for normal|004192_transit_20251225-0386-A680-Train-#1,2025-12-25,21472283,0386,A680,2025-12-25,2026-01-01,1,21472283|0386|A680|2025-12-25|net demand for normal|004192,20251225-0386-A680-Train-#1
21143102|0386|A680|2025-12-25|net demand for forecast|003762_transit_20251225-0386-A680-Train-#1,2025-12-25,21143102,0386,A680,2025-12-25,2026-01-01,3,21143102|0386|A680|2025-12-25|net demand for forecast|003762,20251225-0386-A680-Train-#1
21143102|0386|A680|2025-12-25|net demand for forecast|003763_transit_20251225-0386-A680-Train-#1,2025-12-25,21143102,0386,A680,2025-12-25,2026-01-01,3,21143102|0386|A680|2025-12-25|net demand for forecast|003763,20251225-0386-A680-Train-#1
21143102|0386|A680|2025-12-25|net demand for forecast|003764_transit_20251225-0386-A680-Train-#1,2025-12-25,21143102,0386,A680,2025-12-25,2026-01-01,4,21143102|0386|A680|2025-12-25|net demand for forecast|003764,20251225-0386-A680-Train-#1
21143102|0386|A680|2025-12-25|net demand for forecast|003765_transit_20251225-0386-A680-Train-#1,2025-12-25,21143102,0386,A680,2025-12-25,2026-01-01,4,21143102|0386|A680|2025-12-25|net demand for forecast|003765,20251225-0386-A680-Train-#1
21143102|0386|A680|2025-12-25|net demand for forecast|003766_transit_20251225-0386-A680-Train-#1,2025-12-25,21143102,0386,A680,2025-12-25,2026-01-01,4,21143102|0386|A680|2025-12-25|net demand for forecast|003766,20251225-0386-A680-Train-#1
21143102|0386|A680|2025-12-25|net demand for forecast|003767_transit_20251225-0386-A680-Train-#1,2025-12-25,21143102,0386,A680,2025-12-25,2026-01-01,4,21143102|0386|A680|2025-12-25|net demand for forecast|003767,20251225-0386-A680-Train-#1
21143102|0386|A680|2025-12-25|net demand for forecast|003768_transit_20251225-0386-A680-Train-#1,2025-12-25,21143102,0386,A680,2025-12-25,2026-01-01,4,21143102|0386|A680|2025-12-25|net demand for forecast|003768,20251225-0386-A680-Train-#1
21143102|0386|A680|2025-12-25|net demand for forecast|003769_transit_20251225-0386-A680-Train-#1,2025-12-25,21143102,0386,A680,2025-12-25,2026-01-01,4,21143102|0386|A680|2025-12-25|net demand for forecast|003769,20251225-0386-A680-Train-#1
21143102|0386|A680|2025-12-25|net demand for forecast|003770_transit_20251225-0386-A680-Train-#1,2025-12-25,21143102,0386,A680,2025-12-25,2026-01-01,4,21143102|0386|A680|2025-12-25|net demand for forecast|003770,20251225-0386-A680-Train-#1
21143102|0386|A680|2025-12-25|net demand for forecast|003771_transit_20251225-0386-A680-Train-#1,2025-12-25,21143102,0386,A680,2025-12-25,2026-01-02,4,21143102|0386|A680|2025-12-25|net demand for forecast|003771,20251225-0386-A680-Train-#1
21143102|0386|A680|2025-12-25|net demand for forecast|003772_transit_20251225-0386-A680-Train-#1,2025-12-25,21143102,0386,A680,2025-12-25,2026-01-02,4,21143102|0386|A680|2025-12-25|net demand for forecast|003772,20251225-0386-A680-Train-#1
21143102|0386|A680|2025-12-25|net demand for forecast|003773_transit_20251225-0386-A680-Train-#1,2025-12-25,21143102,0386,A680,2025-12-25,2026-01-02,4,21143102|0386|A680|2025-12-25|net demand for forecast|003773,20251225-0386-A680-Train-#1
21155895|0386|A680|2025-12-25|net demand for forecast|003894_transit_20251225-0386-A680-Train-#1,2025-12-25,21155895,0386,A680,2025-12-25,2026-01-01,6,21155895|0386|A680|2025-12-25|net demand for forecast|003894,20251225-0386-A680-Train-#1
21155895|0386|A680|2025-12-25|net demand for forecast|003895_transit_20251225-0386-A680-Train-#1,2025-12-25,21155895,0386,A680,2025-12-25,2026-01-01,6,21155895|0386|A680|2025-12-25|net demand for forecast|003895,20251225-0386-A680-Train-#1
21155895|0386|A680|2025-12-25|net demand for forecast|003896_transit_20251225-0386-A680-Train-#1,2025-12-25,21155895,0386,A680,2025-12-25,2026-01-02,8,21155895|0386|A680|2025-12-25|net demand for forecast|003896,20251225-0386-A680-Train-#1
21155895|0386|A680|2025-12-25|net demand for forecast|003897_transit_20251225-0386-A680-Train-#1,2025-12-25,21155895,0386,A680,2025-12-25,2026-01-01,8,21155895|0386|A680|2025-12-25|net demand for forecast|003897,20251225-0386-A680-Train-#1
21155895|0386|A680|2025-12-25|net demand for forecast|003898_transit_20251225-0386-A680-Train-#1,2025-12-25,21155895,0386,A680,2025-12-25,2026-01-02,8,21155895|0386|A680|2025-12-25|net demand for forecast|003898,20251225-0386-A680-Train-#1
21155895|0386|A680|2025-12-25|net demand for forecast|003899_transit_20251225-0386-A680-Train-#1,2025-12-25,21155895,0386,A680,2025-12-25,2026-01-02,8,21155895|0386|A680|2025-12-25|net demand for forecast|003899,20251225-0386-A680-Train-#1
21155895|0386|A680|2025-12-25|net demand for forecast|003900_transit_20251225-0386-A680-Train-#1,2025-12-25,21155895,0386,A680,2025-12-25,2026-01-01,8,21155895|0386|A680|2025-12-25|net demand for forecast|003900,20251225-0386-A680-Train-#1
21155895|0386|A680|2025-12-25|net demand for forecast|003901_transit_20251225-0386-A680-Train-#1,2025-12-25,21155895,0386,A680,2025-12-25,2026-01-01,8,21155895|0386|A680|2025-12-25|net demand for forecast|003901,20251225-0386-A680-Train-#1
21155895|0386|A680|2025-12-25|net demand for forecast|003902_transit_20251225-0386-A680-Train-#1,2025-12-25,21155895,0386,A680,2025-12-25,2026-01-01,8,21155895|0386|A680|2025-12-25|net demand for forecast|003902,20251225-0386-A680-Train-#1
21155895|0386|A680|2025-12-25|net demand for forecast|003903_transit_20251225-0386-A680-Train-#1,2025-12-25,21155895,0386,A680,2025-12-25,2026-01-01,12,21155895|0386|A680|2025-12-25|net demand for forecast|003903,20251225-0386-A680-Train-#1
21155895|0386|A680|2025-12-25|net demand for forecast|003904_transit_20251225-0386-A680-Train-#1,2025-12-25,21155895,0386,A680,2025-12-25,2026-01-01,12,21155895|0386|A680|2025-12-25|net demand for forecast|003904,20251225-0386-A680-Train-#1
21155895|0386|A680|2025-12-25|net demand for forecast|003905_transit_20251225-0386-A680-Train-#1,2025-12-25,21155895,0386,A680,2025-12-25,2026-01-01,12,21155895|0386|A680|2025-12-25|net demand for forecast|003905,20251225-0386-A680-Train-#1
21472283|0386|A680|2025-12-25|net demand for forecast|004183_transit_20251225-0386-A680-Train-#1,2025-12-25,21472283,0386,A680,2025-12-25,2026-01-01,1,21472283|0386|A680|2025-12-25|net demand for forecast|004183,20251225-0386-A680-Train-#1
21472283|0386|A680|2025-12-25|net demand for forecast|004184_transit_20251225-0386-A680-Train-#1,2025-12-25,21472283,0386,A680,2025-12-25,2026-01-02,1,21472283|0386|A680|2025-12-25|net demand for forecast|004184,20251225-0386-A680-Train-#1
21472283|0386|A680|2025-12-25|net demand for forecast|004185_transit_20251225-0386-A680-Train-#1,2025-12-25,21472283,0386,A680,2025-12-25,2026-01-01,1,21472283|0386|A680|2025-12-25|net demand for forecast|004185,20251225-0386-A680-Train-#1
21472283|0386|A680|2025-12-25|net demand for forecast|004186_transit_20251225-0386-A680-Train-#1,2025-12-25,21472283,0386,A680,2025-12-25,2026-01-01,1,21472283|0386|A680|2025-12-25|net demand for forecast|004186,20251225-0386-A680-Train-#1
21472283|0386|A680|2025-12-25|net demand for forecast|004187_transit_20251225-0386-A680-Train-#1,2025-12-25,21472283,0386,A680,2025-12-25,2026-01-01,1,21472283|0386|A680|2025-12-25|net demand for forecast|004187,20251225-0386-A680-Train-#1
21472283|0386|A680|2025-12-25|net demand for forecast|004188_transit_20251225-0386-A680-Train-#1,2025-12-25,21472283,0386,A680,2025-12-25,2026-01-01,1,21472283|0386|A680|2025-12-25|net demand for forecast|004188,20251225-0386-A680-Train-#1
21472283|0386|A680|2025-12-25|net demand for forecast|004189_transit_20251225-0386-A680-Train-#1,2025-12-25,21472283,0386,A680,2025-12-25,2026-01-02,1,21472283|0386|A680|2025-12-25|net demand for forecast|004189,20251225-0386-A680-Train-#1
21472283|0386|A680|2025-12-25|net demand for forecast|004190_transit_20251225-0386-A680-Train-#1,2025-12-25,21472283,0386,A680,2025-12-25,2026-01-01,2,21472283|0386|A680|2025-12-25|net demand for forecast|004190,20251225-0386-A680-Train-#1
21472283|0386|A680|2025-12-25|net demand for forecast|004191_transit_20251225-0386-A680-Train-#1,2025-12-25,21472283,0386,A680,2025-12-25,2026-01-01,2,21472283|0386|A680|2025-12-25|net demand for forecast|004191,20251225-0386-A680-Train-#1
80807097|0386|A680|2025-12-25|net demand for forecast|004268_transit_20251225-0386-A680-Train-#1,2025-12-25,80807097,0386,A680,2025-12-25,2026-01-01,1,80807097|0386|A680|2025-12-25|net demand for forecast|004268,20251225-0386-A680-Train-#1
80807097|0386|A680|2025-12-25|net demand for forecast|004269_transit_20251225-0386-A680-Train-#1,2025-12-25,80807097,0386,A680,2025-12-25,2026-01-01,1,80807097|0386|A680|2025-12-25|net demand for forecast|004269,20251225-0386-A680-Train-#1
80807097|0386|A680|2025-12-25|net demand for forecast|004270_transit_20251225-0386-A680-Train-#1,2025-12-25,80807097,0386,A680,2025-12-25,2026-01-01,1,80807097|0386|A680|2025-12-25|net demand for forecast|004270,20251225-0386-A680-Train-#1
80807097|0386|A680|2025-12-25|net demand for forecast|004271_transit_20251225-0386-A680-Train-#1,2025-12-25,80807097,0386,A680,2025-12-25,2026-01-01,1,80807097|0386|A680|2025-12-25|net demand for forecast|004271,20251225-0386-A680-Train-#1
80807097|0386|A680|2025-12-25|net demand for forecast|004272_transit_20251225-0386-A680-Train-#1,2025-12-25,80807097,0386,A680,2025-12-25,2026-01-01,1,80807097|0386|A680|2025-12-25|net demand for forecast|004272,20251225-0386-A680-Train-#1
80807097|0386|A680|2025-12-25|net demand for forecast|004273_transit_20251225-0386-A680-Train-#1,2025-12-25,80807097,0386,A680,2025-12-25,2026-01-01,1,80807097|0386|A680|2025-12-25|net demand for forecast|004273,20251225-0386-A680-Train-#1
80807097|0386|A680|2025-12-25|net demand for forecast|004274_transit_20251225-0386-A680-Train-#1,2025-12-25,80807097,0386,A680,2025-12-25,2026-01-01,1,80807097|0386|A680|2025-12-25|net demand for forecast|004274,20251225-0386-A680-Train-#1
80807097|0386|A680|2025-12-25|net demand for forecast|004275_transit_20251225-0386-A680-Train-#1,2025-12-25,80807097,0386,A680,2025-12-25,2026-01-01,1,80807097|0386|A680|2025-12-25|net demand for forecast|004275,20251225-0386-A680-Train-#1
80807097|0386|A680|2025-12-25|net demand for forecast|004276_transit_20251225-0386-A680-Train-#1,2025-12-25,80807097,0386,A680,2025-12-25,2026-01-01,1,80807097|0386|A680|2025-12-25|net demand for forecast|004276,20251225-0386-A680-Train-#1
80807097|0386|A680|2025-12-25|net demand for forecast|004277_transit_20251225-0386-A680-Train-#1,2025-12-25,80807097,0386,A680,2025-12-25,2026-01-02,1,80807097|0386|A680|2025-12-25|net demand for forecast|004277,20251225-0386-A680-Train-#1
80807097|0386|A680|2025-12-25|net demand for forecast|004278_transit_20251225-0386-A680-Train-#1,2025-12-25,80807097,0386,A680,2025-12-25,2026-01-01,1,80807097|0386|A680|2025-12-25|net demand for forecast|004278,20251225-0386-A680-Train-#1
80807097|0386|A680|2025-12-25|net demand for forecast|004279_transit_20251225-0386-A680-Train-#1,2025-12-25,80807097,0386,A680,2025-12-25,2026-01-01,1,80807097|0386|A680|2025-12-25|net demand for forecast|004279,20251225-0386-A680-Train-#1
80812839|0386|A680|2025-12-25|net demand for forecast|004409_transit_20251225-0386-A680-Train-#1,2025-12-25,80812839,0386,A680,2025-12-25,2026-01-01,1,80812839|0386|A680|2025-12-25|net demand for forecast|004409,20251225-0386-A680-Train-#1
80812839|0386|A680|2025-12-25|net demand for forecast|004410_transit_20251225-0386-A680-Train-#1,2025-12-25,80812839,0386,A680,2025-12-25,2026-01-01,1,80812839|0386|A680|2025-12-25|net demand for forecast|004410,20251225-0386-A680-Train-#1
80812839|0386|A680|2025-12-25|net demand for forecast|004411_transit_20251225-0386-A680-Train-#1,2025-12-25,80812839,0386,A680,2025-12-25,2026-01-01,1,80812839|0386|A680|2025-12-25|net demand for forecast|004411,20251225-0386-A680-Train-#1
80812839|0386|A680|2025-12-25|net demand for forecast|004412_transit_20251225-0386-A680-Train-#1,2025-12-25,80812839,0386,A680,2025-12-25,2026-01-01,1,80812839|0386|A680|2025-12-25|net demand for forecast|004412,20251225-0386-A680-Train-#1
80812839|0386|A680|2025-12-25|net demand for forecast|004413_transit_20251225-0386-A680-Train-#1,2025-12-25,80812839,0386,A680,2025-12-25,2026-01-01,1,80812839|0386|A680|2025-12-25|net demand for forecast|004413,20251225-0386-A680-Train-#1
80812839|0386|A680|2025-12-25|net demand for forecast|004414_transit_20251225-0386-A680-Train-#1,2025-12-25,80812839,0386,A680,2025-12-25,2026-01-01,1,80812839|0386|A680|2025-12-25|net demand for forecast|004414,20251225-0386-A680-Train-#1
80812839|0386|A680|2025-12-25|net demand for forecast|004415_transit_20251225-0386-A680-Train-#1,2025-12-25,80812839,0386,A680,2025-12-25,2026-01-01,1,80812839|0386|A680|2025-12-25|net demand for forecast|004415,20251225-0386-A680-Train-#1
80812839|0386|A680|2025-12-25|net demand for forecast|004416_transit_20251225-0386-A680-Train-#1,2025-12-25,80812839,0386,A680,2025-12-25,2026-01-01,1,80812839|0386|A680|2025-12-25|net demand for forecast|004416,20251225-0386-A680-Train-#1
80812839|0386|A680|2025-12-25|net demand for forecast|004417_transit_20251225-0386-A680-Train-#1,2025-12-25,80812839,0386,A680,2025-12-25,2026-01-01,1,80812839|0386|A680|2025-12-25|net demand for forecast|004417,20251225-0386-A680-Train-#1
80812839|0386|A680|2025-12-25|net demand for forecast|004418_transit_20251225-0386-A680-Train-#1,2025-12-25,80812839,0386,A680,2025-12-25,2026-01-01,1,80812839|0386|A680|2025-12-25|net demand for forecast|004418,20251225-0386-A680-Train-#1
80812839|0386|A680|2025-12-25|net demand for forecast|004419_transit_20251225-0386-A680-Train-#1,2025-12-25,80812839,0386,A680,2025-12-25,2026-01-01,1,80812839|0386|A680|2025-12-25|net demand for forecast|004419,20251225-0386-A680-Train-#1
80812839|0386|A680|2025-12-25|net demand for forecast|004420_transit_20251225-0386-A680-Train-#1,2025-12-25,80812839,0386,A680,2025-12-25,2026-01-01,1,80812839|0386|A680|2025-12-25|net demand for forecast|004420,20251225-0386-A680-Train-#1
80812839|0386|A680|2025-12-25|net demand for forecast|004421_transit_20251225-0386-A680-Train-#1,2025-12-25,80812839,0386,A680,2025-12-25,2026-01-01,1,80812839|0386|A680|2025-12-25|net demand for forecast|004421,20251225-0386-A680-Train-#1
80812839|0386|A680|2025-12-25|net demand for forecast|004422_transit_20251225-0386-A680-Train-#1,2025-12-25,80812839,0386,A680,2025-12-25,2026-01-01,1,80812839|0386|A680|2025-12-25|net demand for forecast|004422,20251225-0386-A680-Train-#1
80812839|0386|A680|2025-12-25|net demand for forecast|004423_transit_20251225-0386-A680-Train-#1,2025-12-25,80812839,0386,A680,2025-12-25,2026-01-01,1,80812839|0386|A680|2025-12-25|net demand for forecast|004423,20251225-0386-A680-Train-#1
80812839|0386|A680|2025-12-25|net demand for forecast|004424_transit_20251225-0386-A680-Train-#1,2025-12-25,80812839,0386,A680,2025-12-25,2026-01-01,1,80812839|0386|A680|2025-12-25|net demand for forecast|004424,20251225-0386-A680-Train-#1
80812839|0386|A680|2025-12-25|net demand for forecast|004425_transit_20251225-0386-A680-Train-#1,2025-12-25,80812839,0386,A680,2025-12-25,2026-01-01,1,80812839|0386|A680|2025-12-25|net demand for forecast|004425,20251225-0386-A680-Train-#1
80812839|0386|A680|2025-12-25|net demand for forecast|004426_transit_20251225-0386-A680-Train-#1,2025-12-25,80812839,0386,A680,2025-12-25,2026-01-01,1,80812839|0386|A680|2025-12-25|net demand for forecast|004426,20251225-0386-A680-Train-#1
80812841|0386|A680|2025-12-25|net demand for forecast|004570_transit_20251225-0386-A680-Train-#1,2025-12-25,80812841,0386,A680,2025-12-25,2026-01-01,1,80812841|0386|A680|2025-12-25|net demand for forecast|004570,20251225-0386-A680-Train-#1
80812841|0386|A680|2025-12-25|net demand for forecast|004571_transit_20251225-0386-A680-Train-#1,2025-12-25,80812841,0386,A680,2025-12-25,2026-01-01,1,80812841|0386|A680|2025-12-25|net demand for forecast|004571,20251225-0386-A680-Train-#1
80812841|0386|A680|2025-12-25|net demand for forecast|004572_transit_20251225-0386-A680-Train-#1,2025-12-25,80812841,0386,A680,2025-12-25,2026-01-01,1,80812841|0386|A680|2025-12-25|net demand for forecast|004572,20251225-0386-A680-Train-#1
80812841|0386|A680|2025-12-25|net demand for forecast|004573_transit_20251225-0386-A680-Train-#1,2025-12-25,80812841,0386,A680,2025-12-25,2026-01-01,1,80812841|0386|A680|2025-12-25|net demand for forecast|004573,20251225-0386-A680-Train-#1
80812841|0386|A680|2025-12-25|net demand for forecast|004574_transit_20251225-0386-A680-Train-#1,2025-12-25,80812841,0386,A680,2025-12-25,2026-01-01,1,80812841|0386|A680|2025-12-25|net demand for forecast|004574,20251225-0386-A680-Train-#1
80812841|0386|A680|2025-12-25|net demand for forecast|004575_transit_20251225-0386-A680-Train-#1,2025-12-25,80812841,0386,A680,2025-12-25,2026-01-01,1,80812841|0386|A680|2025-12-25|net demand for forecast|004575,20251225-0386-A680-Train-#1
80812841|0386|A680|2025-12-25|net demand for forecast|004576_transit_20251225-0386-A680-Train-#1,2025-12-25,80812841,0386,A680,2025-12-25,2026-01-01,1,80812841|0386|A680|2025-12-25|net demand for forecast|004576,20251225-0386-A680-Train-#1
80812841|0386|A680|2025-12-25|net demand for forecast|004577_transit_20251225-0386-A680-Train-#1,2025-12-25,80812841,0386,A680,2025-12-25,2026-01-01,1,80812841|0386|A680|2025-12-25|net demand for forecast|004577,20251225-0386-A680-Train-#1
80812841|0386|A680|2025-12-25|net demand for forecast|004578_transit_20251225-0386-A680-Train-#1,2025-12-25,80812841,0386,A680,2025-12-25,2026-01-01,1,80812841|0386|A680|2025-12-25|net demand for forecast|004578,20251225-0386-A680-Train-#1
80812841|0386|A680|2025-12-25|net demand for forecast|004579_transit_20251225-0386-A680-Train-#1,2025-12-25,80812841,0386,A680,2025-12-25,2026-01-01,1,80812841|0386|A680|2025-12-25|net demand for forecast|004579,20251225-0386-A680-Train-#1
80812841|0386|A680|2025-12-25|net demand for forecast|004580_transit_20251225-0386-A680-Train-#1,2025-12-25,80812841,0386,A680,2025-12-25,2026-01-01,1,80812841|0386|A680|2025-12-25|net demand for forecast|004580,20251225-0386-A680-Train-#1
80812841|0386|A680|2025-12-25|net demand for forecast|004581_transit_20251225-0386-A680-Train-#1,2025-12-25,80812841,0386,A680,2025-12-25,2026-01-02,1,80812841|0386|A680|2025-12-25|net demand for forecast|004581,20251225-0386-A680-Train-#1
80812841|0386|A680|2025-12-25|net demand for forecast|004582_transit_20251225-0386-A680-Train-#1,2025-12-25,80812841,0386,A680,2025-12-25,2026-01-01,1,80812841|0386|A680|2025-12-25|net demand for forecast|004582,20251225-0386-A680-Train-#1
80812841|0386|A680|2025-12-25|net demand for forecast|004583_transit_20251225-0386-A680-Train-#1,2025-12-25,80812841,0386,A680,2025-12-25,2026-01-01,1,80812841|0386|A680|2025-12-25|net demand for forecast|004583,20251225-0386-A680-Train-#1
80812841|0386|A680|2025-12-25|net demand for forecast|004584_transit_20251225-0386-A680-Train-#1,2025-12-25,80812841,0386,A680,2025-12-25,2026-01-01,1,80812841|0386|A680|2025-12-25|net demand for forecast|004584,20251225-0386-A680-Train-#1
80812841|0386|A680|2025-12-25|net demand for forecast|004585_transit_20251225-0386-A680-Train-#1,2025-12-25,80812841,0386,A680,2025-12-25,2026-01-01,1,80812841|0386|A680|2025-12-25|net demand for forecast|004585,20251225-0386-A680-Train-#1
80812841|0386|A680|2025-12-25|net demand for forecast|004586_transit_20251225-0386-A680-Train-#1,2025-12-25,80812841,0386,A680,2025-12-25,2026-01-01,1,80812841|0386|A680|2025-12-25|net demand for forecast|004586,20251225-0386-A680-Train-#1
80812841|0386|A680|2025-12-25|net demand for forecast|004587_transit_20251225-0386-A680-Train-#1,2025-12-25,80812841,0386,A680,2025-12-25,2026-01-01,1,80812841|0386|A680|2025-12-25|net demand for forecast|004587,20251225-0386-A680-Train-#1
21143102|0386|A680|2025-12-25|net demand for safety|003774_transit_20251225-0386-A680-Train-#1,2025-12-25,21143102,0386,A680,2025-12-25,2026-01-01,32,21143102|0386|A680|2025-12-25|net demand for safety|003774,20251225-0386-A680-Train-#1
21155895|0386|A680|2025-12-25|net demand for safety|003906_transit_20251225-0386-A680-Train-#1,2025-12-25,21155895,0386,A680,2025-12-25,2026-01-02,50,21155895|0386|A680|2025-12-25|net demand for safety|003906,20251225-0386-A680-Train-#1
80807097|0386|A680|2025-12-25|net demand for safety|004280_transit_20251225-0386-A680-Train-#1,2025-12-25,80807097,0386,A680,2025-12-25,2026-01-01,13,80807097|0386|A680|2025-12-25|net demand for safety|004280,20251225-0386-A680-Train-#1
80812103|0386|A680|2025-12-25|net demand for safety|004375_transit_20251225-0386-A680-Train-#1,2025-12-25,80812103,0386,A680,2025-12-25,2026-01-01,37,80812103|0386|A680|2025-12-25|net demand for safety|004375,20251225-0386-A680-Train-#1
80812839|0386|A680|2025-12-25|net demand for safety|004427_transit_20251225-0386-A680-Train-#1,2025-12-25,80812839,0386,A680,2025-12-25,2026-01-01,48,80812839|0386|A680|2025-12-25|net demand for safety|004427,20251225-0386-A680-Train-#1
80812840|0386|A680|2025-12-25|net demand for safety|004493_transit_20251225-0386-A680-Train-#1,2025-12-25,80812840,0386,A680,2025-12-25,2026-01-01,18,80812840|0386|A680|2025-12-25|net demand for safety|004493,20251225-0386-A680-Train-#1
80812841|0386|A680|2025-12-25|net demand for safety|004588_transit_20251225-0386-A680-Train-#1,2025-12-25,80812841,0386,A680,2025-12-25,2026-01-01,25,80812841|0386|A680|2025-12-25|net demand for safety|004588,20251225-0386-A680-Train-#1
80812846|0386|A680|2025-12-25|net demand for safety|004654_transit_20251225-0386-A680-Train-#1,2025-12-25,80812846,0386,A680,2025-12-25,2026-01-01,2,80812846|0386|A680|2025-12-25|net demand for safety|004654,20251225-0386-A680-Train-#1
21155895|0386|A680|2025-12-25|push replenishment|003907_transit_20251225-0386-A680-Train-#1,2025-12-25,21155895,0386,A680,2025-12-25,2026-01-01,59,21155895|0386|A680|2025-12-25|push replenishment|003907,20251225-0386-A680-Train-#1
80807097|0386|A680|2025-12-25|push replenishment|004281_transit_20251225-0386-A680-Train-#1,2025-12-25,80807097,0386,A680,2025-12-25,2026-01-01,21,80807097|0386|A680|2025-12-25|push replenishment|004281,20251225-0386-A680-Train-#1
80807110|0386|A680|2025-12-25|push replenishment|004317_transit_20251225-0386-A680-Train-#1,2025-12-25,80807110,0386,A680,2025-12-25,2026-01-01,35,80807110|0386|A680|2025-12-25|push replenishment|004317,20251225-0386-A680-Train-#1
80812103|0386|A680|2025-12-25|push replenishment|004376_transit_20251225-0386-A680-Train-#1,2025-12-25,80812103,0386,A680,2025-12-25,2026-01-01,44,80812103|0386|A680|2025-12-25|push replenishment|004376,20251225-0386-A680-Train-#1
80812839|0386|A680|2025-12-25|push replenishment|004428_transit_20251225-0386-A680-Train-#1,2025-12-25,80812839,0386,A680,2025-12-25,2026-01-02,111,80812839|0386|A680|2025-12-25|push replenishment|004428,20251225-0386-A680-Train-#1
80812840|0386|A680|2025-12-25|push replenishment|004494_transit_20251225-0386-A680-Train-#1,2025-12-25,80812840,0386,A680,2025-12-25,2026-01-01,106,80812840|0386|A680|2025-12-25|push replenishment|004494,20251225-0386-A680-Train-#1
80812846|0386|A680|2025-12-25|push replenishment|004655_transit_20251225-0386-A680-Train-#1,2025-12-25,80812846,0386,A680,2025-12-25,2026-01-01,73,80812846|0386|A680|2025-12-25|push replenishment|004655,20251225-0386-A680-Train-#1
21155895|0386|A716|2025-12-25|net demand for normal|003941_transit_20251225-0386-A716-Train-#1,2025-12-25,21155895,0386,A716,2025-12-25,2026-01-08,4,21155895|0386|A716|2025-12-25|net demand for normal|003941,20251225-0386-A716-Train-#1
21143102|0386|A716|2025-12-25|net demand for forecast|003791_transit_20251225-0386-A716-Train-#1,2025-12-25,21143102,0386,A716,2025-12-25,2026-01-08,1,21143102|0386|A716|2025-12-25|net demand for forecast|003791,20251225-0386-A716-Train-#1
21143102|0386|A716|2025-12-25|net demand for forecast|003792_transit_20251225-0386-A716-Train-#1,2025-12-25,21143102,0386,A716,2025-12-25,2026-01-08,1,21143102|0386|A716|2025-12-25|net demand for forecast|003792,20251225-0386-A716-Train-#1
21143102|0386|A716|2025-12-25|net demand for forecast|003793_transit_20251225-0386-A716-Train-#1,2025-12-25,21143102,0386,A716,2025-12-25,2026-01-08,1,21143102|0386|A716|2025-12-25|net demand for forecast|003793,20251225-0386-A716-Train-#1
21143102|0386|A716|2025-12-25|net demand for forecast|003794_transit_20251225-0386-A716-Train-#1,2025-12-25,21143102,0386,A716,2025-12-25,2026-01-08,1,21143102|0386|A716|2025-12-25|net demand for forecast|003794,20251225-0386-A716-Train-#1
21143102|0386|A716|2025-12-25|net demand for forecast|003795_transit_20251225-0386-A716-Train-#1,2025-12-25,21143102,0386,A716,2025-12-25,2026-01-08,2,21143102|0386|A716|2025-12-25|net demand for forecast|003795,20251225-0386-A716-Train-#1
21143102|0386|A716|2025-12-25|net demand for forecast|003796_transit_20251225-0386-A716-Train-#1,2025-12-25,21143102,0386,A716,2025-12-25,2026-01-08,2,21143102|0386|A716|2025-12-25|net demand for forecast|003796,20251225-0386-A716-Train-#1
21143102|0386|A716|2025-12-25|net demand for forecast|003797_transit_20251225-0386-A716-Train-#1,2025-12-25,21143102,0386,A716,2025-12-25,2026-01-08,2,21143102|0386|A716|2025-12-25|net demand for forecast|003797,20251225-0386-A716-Train-#1
21143102|0386|A716|2025-12-25|net demand for forecast|003798_transit_20251225-0386-A716-Train-#1,2025-12-25,21143102,0386,A716,2025-12-25,2026-01-08,2,21143102|0386|A716|2025-12-25|net demand for forecast|003798,20251225-0386-A716-Train-#1
21143102|0386|A716|2025-12-25|net demand for forecast|003799_transit_20251225-0386-A716-Train-#1,2025-12-25,21143102,0386,A716,2025-12-25,2026-01-08,2,21143102|0386|A716|2025-12-25|net demand for forecast|003799,20251225-0386-A716-Train-#1
21143102|0386|A716|2025-12-25|net demand for forecast|003800_transit_20251225-0386-A716-Train-#1,2025-12-25,21143102,0386,A716,2025-12-25,2026-01-08,2,21143102|0386|A716|2025-12-25|net demand for forecast|003800,20251225-0386-A716-Train-#1
21143102|0386|A716|2025-12-25|net demand for forecast|003801_transit_20251225-0386-A716-Train-#1,2025-12-25,21143102,0386,A716,2025-12-25,2026-01-08,2,21143102|0386|A716|2025-12-25|net demand for forecast|003801,20251225-0386-A716-Train-#1
21143102|0386|A716|2025-12-25|net demand for forecast|003802_transit_20251225-0386-A716-Train-#1,2025-12-25,21143102,0386,A716,2025-12-25,2026-01-08,2,21143102|0386|A716|2025-12-25|net demand for forecast|003802,20251225-0386-A716-Train-#1
21143102|0386|A716|2025-12-25|net demand for forecast|003803_transit_20251225-0386-A716-Train-#1,2025-12-25,21143102,0386,A716,2025-12-25,2026-01-08,2,21143102|0386|A716|2025-12-25|net demand for forecast|003803,20251225-0386-A716-Train-#1
21143102|0386|A716|2025-12-25|net demand for forecast|003804_transit_20251225-0386-A716-Train-#1,2025-12-25,21143102,0386,A716,2025-12-25,2026-01-08,2,21143102|0386|A716|2025-12-25|net demand for forecast|003804,20251225-0386-A716-Train-#1
21143102|0386|A716|2025-12-25|net demand for forecast|003805_transit_20251225-0386-A716-Train-#1,2025-12-25,21143102,0386,A716,2025-12-25,2026-01-08,2,21143102|0386|A716|2025-12-25|net demand for forecast|003805,20251225-0386-A716-Train-#1
21143102|0386|A716|2025-12-25|net demand for forecast|003806_transit_20251225-0386-A716-Train-#1,2025-12-25,21143102,0386,A716,2025-12-25,2026-01-08,2,21143102|0386|A716|2025-12-25|net demand for forecast|003806,20251225-0386-A716-Train-#1
21143102|0386|A716|2025-12-25|net demand for forecast|003807_transit_20251225-0386-A716-Train-#1,2025-12-25,21143102,0386,A716,2025-12-25,2026-01-08,2,21143102|0386|A716|2025-12-25|net demand for forecast|003807,20251225-0386-A716-Train-#1
21143102|0386|A716|2025-12-25|net demand for forecast|003808_transit_20251225-0386-A716-Train-#1,2025-12-25,21143102,0386,A716,2025-12-25,2026-01-08,2,21143102|0386|A716|2025-12-25|net demand for forecast|003808,20251225-0386-A716-Train-#1
21143102|0386|A716|2025-12-25|net demand for forecast|003809_transit_20251225-0386-A716-Train-#1,2025-12-25,21143102,0386,A716,2025-12-25,2026-01-08,2,21143102|0386|A716|2025-12-25|net demand for forecast|003809,20251225-0386-A716-Train-#1
21155895|0386|A716|2025-12-25|net demand for forecast|003922_transit_20251225-0386-A716-Train-#1,2025-12-25,21155895,0386,A716,2025-12-25,2026-01-08,2,21155895|0386|A716|2025-12-25|net demand for forecast|003922,20251225-0386-A716-Train-#1
21155895|0386|A716|2025-12-25|net demand for forecast|003923_transit_20251225-0386-A716-Train-#1,2025-12-25,21155895,0386,A716,2025-12-25,2026-01-08,2,21155895|0386|A716|2025-12-25|net demand for forecast|003923,20251225-0386-A716-Train-#1
21155895|0386|A716|2025-12-25|net demand for forecast|003924_transit_20251225-0386-A716-Train-#1,2025-12-25,21155895,0386,A716,2025-12-25,2026-01-08,2,21155895|0386|A716|2025-12-25|net demand for forecast|003924,20251225-0386-A716-Train-#1
21155895|0386|A716|2025-12-25|net demand for forecast|003925_transit_20251225-0386-A716-Train-#1,2025-12-25,21155895,0386,A716,2025-12-25,2026-01-08,2,21155895|0386|A716|2025-12-25|net demand for forecast|003925,20251225-0386-A716-Train-#1
21155895|0386|A716|2025-12-25|net demand for forecast|003926_transit_20251225-0386-A716-Train-#1,2025-12-25,21155895,0386,A716,2025-12-25,2026-01-08,3,21155895|0386|A716|2025-12-25|net demand for forecast|003926,20251225-0386-A716-Train-#1
21155895|0386|A716|2025-12-25|net demand for forecast|003927_transit_20251225-0386-A716-Train-#1,2025-12-25,21155895,0386,A716,2025-12-25,2026-01-08,3,21155895|0386|A716|2025-12-25|net demand for forecast|003927,20251225-0386-A716-Train-#1
21155895|0386|A716|2025-12-25|net demand for forecast|003928_transit_20251225-0386-A716-Train-#1,2025-12-25,21155895,0386,A716,2025-12-25,2026-01-08,3,21155895|0386|A716|2025-12-25|net demand for forecast|003928,20251225-0386-A716-Train-#1
21155895|0386|A716|2025-12-25|net demand for forecast|003929_transit_20251225-0386-A716-Train-#1,2025-12-25,21155895,0386,A716,2025-12-25,2026-01-08,3,21155895|0386|A716|2025-12-25|net demand for forecast|003929,20251225-0386-A716-Train-#1
21155895|0386|A716|2025-12-25|net demand for forecast|003930_transit_20251225-0386-A716-Train-#1,2025-12-25,21155895,0386,A716,2025-12-25,2026-01-08,3,21155895|0386|A716|2025-12-25|net demand for forecast|003930,20251225-0386-A716-Train-#1
21155895|0386|A716|2025-12-25|net demand for forecast|003931_transit_20251225-0386-A716-Train-#1,2025-12-25,21155895,0386,A716,2025-12-25,2026-01-08,3,21155895|0386|A716|2025-12-25|net demand for forecast|003931,20251225-0386-A716-Train-#1
21155895|0386|A716|2025-12-25|net demand for forecast|003932_transit_20251225-0386-A716-Train-#1,2025-12-25,21155895,0386,A716,2025-12-25,2026-01-08,3,21155895|0386|A716|2025-12-25|net demand for forecast|003932,20251225-0386-A716-Train-#1
21155895|0386|A716|2025-12-25|net demand for forecast|003933_transit_20251225-0386-A716-Train-#1,2025-12-25,21155895,0386,A716,2025-12-25,2026-01-09,3,21155895|0386|A716|2025-12-25|net demand for forecast|003933,20251225-0386-A716-Train-#1
21155895|0386|A716|2025-12-25|net demand for forecast|003934_transit_20251225-0386-A716-Train-#1,2025-12-25,21155895,0386,A716,2025-12-25,2026-01-08,3,21155895|0386|A716|2025-12-25|net demand for forecast|003934,20251225-0386-A716-Train-#1
21155895|0386|A716|2025-12-25|net demand for forecast|003935_transit_20251225-0386-A716-Train-#1,2025-12-25,21155895,0386,A716,2025-12-25,2026-01-08,4,21155895|0386|A716|2025-12-25|net demand for forecast|003935,20251225-0386-A716-Train-#1
21155895|0386|A716|2025-12-25|net demand for forecast|003936_transit_20251225-0386-A716-Train-#1,2025-12-25,21155895,0386,A716,2025-12-25,2026-01-08,4,21155895|0386|A716|2025-12-25|net demand for forecast|003936,20251225-0386-A716-Train-#1
21155895|0386|A716|2025-12-25|net demand for forecast|003937_transit_20251225-0386-A716-Train-#1,2025-12-25,21155895,0386,A716,2025-12-25,2026-01-08,4,21155895|0386|A716|2025-12-25|net demand for forecast|003937,20251225-0386-A716-Train-#1
21155895|0386|A716|2025-12-25|net demand for forecast|003938_transit_20251225-0386-A716-Train-#1,2025-12-25,21155895,0386,A716,2025-12-25,2026-01-08,5,21155895|0386|A716|2025-12-25|net demand for forecast|003938,20251225-0386-A716-Train-#1
21155895|0386|A716|2025-12-25|net demand for forecast|003939_transit_20251225-0386-A716-Train-#1,2025-12-25,21155895,0386,A716,2025-12-25,2026-01-09,5,21155895|0386|A716|2025-12-25|net demand for forecast|003939,20251225-0386-A716-Train-#1
21155895|0386|A716|2025-12-25|net demand for forecast|003940_transit_20251225-0386-A716-Train-#1,2025-12-25,21155895,0386,A716,2025-12-25,2026-01-08,5,21155895|0386|A716|2025-12-25|net demand for forecast|003940,20251225-0386-A716-Train-#1
80807093|0386|A716|2025-12-25|net demand for forecast|004211_transit_20251225-0386-A716-Train-#1,2025-12-25,80807093,0386,A716,2025-12-25,2026-01-09,1,80807093|0386|A716|2025-12-25|net demand for forecast|004211,20251225-0386-A716-Train-#1
80807093|0386|A716|2025-12-25|net demand for forecast|004212_transit_20251225-0386-A716-Train-#1,2025-12-25,80807093,0386,A716,2025-12-25,2026-01-09,1,80807093|0386|A716|2025-12-25|net demand for forecast|004212,20251225-0386-A716-Train-#1
80807093|0386|A716|2025-12-25|net demand for forecast|004213_transit_20251225-0386-A716-Train-#1,2025-12-25,80807093,0386,A716,2025-12-25,2026-01-08,1,80807093|0386|A716|2025-12-25|net demand for forecast|004213,20251225-0386-A716-Train-#1
80807093|0386|A716|2025-12-25|net demand for forecast|004214_transit_20251225-0386-A716-Train-#1,2025-12-25,80807093,0386,A716,2025-12-25,2026-01-08,1,80807093|0386|A716|2025-12-25|net demand for forecast|004214,20251225-0386-A716-Train-#1
80807093|0386|A716|2025-12-25|net demand for forecast|004215_transit_20251225-0386-A716-Train-#1,2025-12-25,80807093,0386,A716,2025-12-25,2026-01-08,1,80807093|0386|A716|2025-12-25|net demand for forecast|004215,20251225-0386-A716-Train-#1
80807093|0386|A716|2025-12-25|net demand for forecast|004216_transit_20251225-0386-A716-Train-#1,2025-12-25,80807093,0386,A716,2025-12-25,2026-01-08,1,80807093|0386|A716|2025-12-25|net demand for forecast|004216,20251225-0386-A716-Train-#1
80807093|0386|A716|2025-12-25|net demand for forecast|004217_transit_20251225-0386-A716-Train-#1,2025-12-25,80807093,0386,A716,2025-12-25,2026-01-08,1,80807093|0386|A716|2025-12-25|net demand for forecast|004217,20251225-0386-A716-Train-#1
80807093|0386|A716|2025-12-25|net demand for forecast|004218_transit_20251225-0386-A716-Train-#1,2025-12-25,80807093,0386,A716,2025-12-25,2026-01-08,1,80807093|0386|A716|2025-12-25|net demand for forecast|004218,20251225-0386-A716-Train-#1
80807093|0386|A716|2025-12-25|net demand for forecast|004219_transit_20251225-0386-A716-Train-#1,2025-12-25,80807093,0386,A716,2025-12-25,2026-01-08,1,80807093|0386|A716|2025-12-25|net demand for forecast|004219,20251225-0386-A716-Train-#1
80807093|0386|A716|2025-12-25|net demand for forecast|004220_transit_20251225-0386-A716-Train-#1,2025-12-25,80807093,0386,A716,2025-12-25,2026-01-08,1,80807093|0386|A716|2025-12-25|net demand for forecast|004220,20251225-0386-A716-Train-#1
80807093|0386|A716|2025-12-25|net demand for forecast|004221_transit_20251225-0386-A716-Train-#1,2025-12-25,80807093,0386,A716,2025-12-25,2026-01-08,1,80807093|0386|A716|2025-12-25|net demand for forecast|004221,20251225-0386-A716-Train-#1
80807093|0386|A716|2025-12-25|net demand for forecast|004222_transit_20251225-0386-A716-Train-#1,2025-12-25,80807093,0386,A716,2025-12-25,2026-01-08,1,80807093|0386|A716|2025-12-25|net demand for forecast|004222,20251225-0386-A716-Train-#1
80807093|0386|A716|2025-12-25|net demand for forecast|004223_transit_20251225-0386-A716-Train-#1,2025-12-25,80807093,0386,A716,2025-12-25,2026-01-08,1,80807093|0386|A716|2025-12-25|net demand for forecast|004223,20251225-0386-A716-Train-#1
80807093|0386|A716|2025-12-25|net demand for forecast|004224_transit_20251225-0386-A716-Train-#1,2025-12-25,80807093,0386,A716,2025-12-25,2026-01-08,1,80807093|0386|A716|2025-12-25|net demand for forecast|004224,20251225-0386-A716-Train-#1
80807110|0386|A716|2025-12-25|net demand for forecast|004320_transit_20251225-0386-A716-Train-#1,2025-12-25,80807110,0386,A716,2025-12-25,2026-01-08,1,80807110|0386|A716|2025-12-25|net demand for forecast|004320,20251225-0386-A716-Train-#1
80807110|0386|A716|2025-12-25|net demand for forecast|004321_transit_20251225-0386-A716-Train-#1,2025-12-25,80807110,0386,A716,2025-12-25,2026-01-08,1,80807110|0386|A716|2025-12-25|net demand for forecast|004321,20251225-0386-A716-Train-#1
80807110|0386|A716|2025-12-25|net demand for forecast|004322_transit_20251225-0386-A716-Train-#1,2025-12-25,80807110,0386,A716,2025-12-25,2026-01-08,1,80807110|0386|A716|2025-12-25|net demand for forecast|004322,20251225-0386-A716-Train-#1
80807110|0386|A716|2025-12-25|net demand for forecast|004323_transit_20251225-0386-A716-Train-#1,2025-12-25,80807110,0386,A716,2025-12-25,2026-01-08,1,80807110|0386|A716|2025-12-25|net demand for forecast|004323,20251225-0386-A716-Train-#1
80807110|0386|A716|2025-12-25|net demand for forecast|004324_transit_20251225-0386-A716-Train-#1,2025-12-25,80807110,0386,A716,2025-12-25,2026-01-08,1,80807110|0386|A716|2025-12-25|net demand for forecast|004324,20251225-0386-A716-Train-#1
80807110|0386|A716|2025-12-25|net demand for forecast|004325_transit_20251225-0386-A716-Train-#1,2025-12-25,80807110,0386,A716,2025-12-25,2026-01-08,1,80807110|0386|A716|2025-12-25|net demand for forecast|004325,20251225-0386-A716-Train-#1
80807110|0386|A716|2025-12-25|net demand for forecast|004326_transit_20251225-0386-A716-Train-#1,2025-12-25,80807110,0386,A716,2025-12-25,2026-01-08,1,80807110|0386|A716|2025-12-25|net demand for forecast|004326,20251225-0386-A716-Train-#1
80807110|0386|A716|2025-12-25|net demand for forecast|004327_transit_20251225-0386-A716-Train-#1,2025-12-25,80807110,0386,A716,2025-12-25,2026-01-08,1,80807110|0386|A716|2025-12-25|net demand for forecast|004327,20251225-0386-A716-Train-#1
80807110|0386|A716|2025-12-25|net demand for forecast|004328_transit_20251225-0386-A716-Train-#1,2025-12-25,80807110,0386,A716,2025-12-25,2026-01-08,1,80807110|0386|A716|2025-12-25|net demand for forecast|004328,20251225-0386-A716-Train-#1
80807110|0386|A716|2025-12-25|net demand for forecast|004329_transit_20251225-0386-A716-Train-#1,2025-12-25,80807110,0386,A716,2025-12-25,2026-01-08,1,80807110|0386|A716|2025-12-25|net demand for forecast|004329,20251225-0386-A716-Train-#1
80807110|0386|A716|2025-12-25|net demand for forecast|004330_transit_20251225-0386-A716-Train-#1,2025-12-25,80807110,0386,A716,2025-12-25,2026-01-09,1,80807110|0386|A716|2025-12-25|net demand for forecast|004330,20251225-0386-A716-Train-#1
80807110|0386|A716|2025-12-25|net demand for forecast|004331_transit_20251225-0386-A716-Train-#1,2025-12-25,80807110,0386,A716,2025-12-25,2026-01-08,1,80807110|0386|A716|2025-12-25|net demand for forecast|004331,20251225-0386-A716-Train-#1
80807110|0386|A716|2025-12-25|net demand for forecast|004332_transit_20251225-0386-A716-Train-#1,2025-12-25,80807110,0386,A716,2025-12-25,2026-01-08,1,80807110|0386|A716|2025-12-25|net demand for forecast|004332,20251225-0386-A716-Train-#1
80807110|0386|A716|2025-12-25|net demand for forecast|004333_transit_20251225-0386-A716-Train-#1,2025-12-25,80807110,0386,A716,2025-12-25,2026-01-08,1,80807110|0386|A716|2025-12-25|net demand for forecast|004333,20251225-0386-A716-Train-#1
80807110|0386|A716|2025-12-25|net demand for forecast|004334_transit_20251225-0386-A716-Train-#1,2025-12-25,80807110,0386,A716,2025-12-25,2026-01-08,1,80807110|0386|A716|2025-12-25|net demand for forecast|004334,20251225-0386-A716-Train-#1
80807110|0386|A716|2025-12-25|net demand for forecast|004335_transit_20251225-0386-A716-Train-#1,2025-12-25,80807110,0386,A716,2025-12-25,2026-01-09,1,80807110|0386|A716|2025-12-25|net demand for forecast|004335,20251225-0386-A716-Train-#1
80807110|0386|A716|2025-12-25|net demand for forecast|004336_transit_20251225-0386-A716-Train-#1,2025-12-25,80807110,0386,A716,2025-12-25,2026-01-08,1,80807110|0386|A716|2025-12-25|net demand for forecast|004336,20251225-0386-A716-Train-#1
80807110|0386|A716|2025-12-25|net demand for forecast|004337_transit_20251225-0386-A716-Train-#1,2025-12-25,80807110,0386,A716,2025-12-25,2026-01-08,1,80807110|0386|A716|2025-12-25|net demand for forecast|004337,20251225-0386-A716-Train-#1
80807110|0386|A716|2025-12-25|net demand for forecast|004338_transit_20251225-0386-A716-Train-#1,2025-12-25,80807110,0386,A716,2025-12-25,2026-01-08,2,80807110|0386|A716|2025-12-25|net demand for forecast|004338,20251225-0386-A716-Train-#1
80812839|0386|A716|2025-12-25|net demand for forecast|004450_transit_20251225-0386-A716-Train-#1,2025-12-25,80812839,0386,A716,2025-12-25,2026-01-08,1,80812839|0386|A716|2025-12-25|net demand for forecast|004450,20251225-0386-A716-Train-#1
80812839|0386|A716|2025-12-25|net demand for forecast|004451_transit_20251225-0386-A716-Train-#1,2025-12-25,80812839,0386,A716,2025-12-25,2026-01-08,1,80812839|0386|A716|2025-12-25|net demand for forecast|004451,20251225-0386-A716-Train-#1
80812839|0386|A716|2025-12-25|net demand for forecast|004452_transit_20251225-0386-A716-Train-#1,2025-12-25,80812839,0386,A716,2025-12-25,2026-01-09,1,80812839|0386|A716|2025-12-25|net demand for forecast|004452,20251225-0386-A716-Train-#1
80812839|0386|A716|2025-12-25|net demand for forecast|004453_transit_20251225-0386-A716-Train-#1,2025-12-25,80812839,0386,A716,2025-12-25,2026-01-08,1,80812839|0386|A716|2025-12-25|net demand for forecast|004453,20251225-0386-A716-Train-#1
80812839|0386|A716|2025-12-25|net demand for forecast|004454_transit_20251225-0386-A716-Train-#1,2025-12-25,80812839,0386,A716,2025-12-25,2026-01-08,1,80812839|0386|A716|2025-12-25|net demand for forecast|004454,20251225-0386-A716-Train-#1
80812839|0386|A716|2025-12-25|net demand for forecast|004455_transit_20251225-0386-A716-Train-#1,2025-12-25,80812839,0386,A716,2025-12-25,2026-01-08,1,80812839|0386|A716|2025-12-25|net demand for forecast|004455,20251225-0386-A716-Train-#1
80812839|0386|A716|2025-12-25|net demand for forecast|004456_transit_20251225-0386-A716-Train-#1,2025-12-25,80812839,0386,A716,2025-12-25,2026-01-08,1,80812839|0386|A716|2025-12-25|net demand for forecast|004456,20251225-0386-A716-Train-#1
80812839|0386|A716|2025-12-25|net demand for forecast|004457_transit_20251225-0386-A716-Train-#1,2025-12-25,80812839,0386,A716,2025-12-25,2026-01-08,1,80812839|0386|A716|2025-12-25|net demand for forecast|004457,20251225-0386-A716-Train-#1
80812839|0386|A716|2025-12-25|net demand for forecast|004458_transit_20251225-0386-A716-Train-#1,2025-12-25,80812839,0386,A716,2025-12-25,2026-01-08,1,80812839|0386|A716|2025-12-25|net demand for forecast|004458,20251225-0386-A716-Train-#1
80812840|0386|A716|2025-12-25|net demand for forecast|004517_transit_20251225-0386-A716-Train-#1,2025-12-25,80812840,0386,A716,2025-12-25,2026-01-09,1,80812840|0386|A716|2025-12-25|net demand for forecast|004517,20251225-0386-A716-Train-#1
80812840|0386|A716|2025-12-25|net demand for forecast|004518_transit_20251225-0386-A716-Train-#1,2025-12-25,80812840,0386,A716,2025-12-25,2026-01-08,1,80812840|0386|A716|2025-12-25|net demand for forecast|004518,20251225-0386-A716-Train-#1
80812840|0386|A716|2025-12-25|net demand for forecast|004519_transit_20251225-0386-A716-Train-#1,2025-12-25,80812840,0386,A716,2025-12-25,2026-01-08,1,80812840|0386|A716|2025-12-25|net demand for forecast|004519,20251225-0386-A716-Train-#1
80812840|0386|A716|2025-12-25|net demand for forecast|004520_transit_20251225-0386-A716-Train-#1,2025-12-25,80812840,0386,A716,2025-12-25,2026-01-09,1,80812840|0386|A716|2025-12-25|net demand for forecast|004520,20251225-0386-A716-Train-#1
80812840|0386|A716|2025-12-25|net demand for forecast|004521_transit_20251225-0386-A716-Train-#1,2025-12-25,80812840,0386,A716,2025-12-25,2026-01-09,1,80812840|0386|A716|2025-12-25|net demand for forecast|004521,20251225-0386-A716-Train-#1
80812840|0386|A716|2025-12-25|net demand for forecast|004522_transit_20251225-0386-A716-Train-#1,2025-12-25,80812840,0386,A716,2025-12-25,2026-01-08,1,80812840|0386|A716|2025-12-25|net demand for forecast|004522,20251225-0386-A716-Train-#1
80812840|0386|A716|2025-12-25|net demand for forecast|004523_transit_20251225-0386-A716-Train-#1,2025-12-25,80812840,0386,A716,2025-12-25,2026-01-08,1,80812840|0386|A716|2025-12-25|net demand for forecast|004523,20251225-0386-A716-Train-#1
80812840|0386|A716|2025-12-25|net demand for forecast|004524_transit_20251225-0386-A716-Train-#1,2025-12-25,80812840,0386,A716,2025-12-25,2026-01-08,1,80812840|0386|A716|2025-12-25|net demand for forecast|004524,20251225-0386-A716-Train-#1
80812840|0386|A716|2025-12-25|net demand for forecast|004525_transit_20251225-0386-A716-Train-#1,2025-12-25,80812840,0386,A716,2025-12-25,2026-01-08,1,80812840|0386|A716|2025-12-25|net demand for forecast|004525,20251225-0386-A716-Train-#1
80812840|0386|A716|2025-12-25|net demand for forecast|004526_transit_20251225-0386-A716-Train-#1,2025-12-25,80812840,0386,A716,2025-12-25,2026-01-08,1,80812840|0386|A716|2025-12-25|net demand for forecast|004526,20251225-0386-A716-Train-#1
80812840|0386|A716|2025-12-25|net demand for forecast|004527_transit_20251225-0386-A716-Train-#1,2025-12-25,80812840,0386,A716,2025-12-25,2026-01-08,1,80812840|0386|A716|2025-12-25|net demand for forecast|004527,20251225-0386-A716-Train-#1
80812840|0386|A716|2025-12-25|net demand for forecast|004528_transit_20251225-0386-A716-Train-#1,2025-12-25,80812840,0386,A716,2025-12-25,2026-01-08,1,80812840|0386|A716|2025-12-25|net demand for forecast|004528,20251225-0386-A716-Train-#1
80812840|0386|A716|2025-12-25|net demand for forecast|004529_transit_20251225-0386-A716-Train-#1,2025-12-25,80812840,0386,A716,2025-12-25,2026-01-08,1,80812840|0386|A716|2025-12-25|net demand for forecast|004529,20251225-0386-A716-Train-#1
80812840|0386|A716|2025-12-25|net demand for forecast|004530_transit_20251225-0386-A716-Train-#1,2025-12-25,80812840,0386,A716,2025-12-25,2026-01-08,1,80812840|0386|A716|2025-12-25|net demand for forecast|004530,20251225-0386-A716-Train-#1
80812840|0386|A716|2025-12-25|net demand for forecast|004531_transit_20251225-0386-A716-Train-#1,2025-12-25,80812840,0386,A716,2025-12-25,2026-01-08,1,80812840|0386|A716|2025-12-25|net demand for forecast|004531,20251225-0386-A716-Train-#1
80812840|0386|A716|2025-12-25|net demand for forecast|004532_transit_20251225-0386-A716-Train-#1,2025-12-25,80812840,0386,A716,2025-12-25,2026-01-08,1,80812840|0386|A716|2025-12-25|net demand for forecast|004532,20251225-0386-A716-Train-#1
80812840|0386|A716|2025-12-25|net demand for forecast|004533_transit_20251225-0386-A716-Train-#1,2025-12-25,80812840,0386,A716,2025-12-25,2026-01-08,1,80812840|0386|A716|2025-12-25|net demand for forecast|004533,20251225-0386-A716-Train-#1
80812840|0386|A716|2025-12-25|net demand for forecast|004534_transit_20251225-0386-A716-Train-#1,2025-12-25,80812840,0386,A716,2025-12-25,2026-01-08,1,80812840|0386|A716|2025-12-25|net demand for forecast|004534,20251225-0386-A716-Train-#1
80812840|0386|A716|2025-12-25|net demand for forecast|004535_transit_20251225-0386-A716-Train-#1,2025-12-25,80812840,0386,A716,2025-12-25,2026-01-08,1,80812840|0386|A716|2025-12-25|net demand for forecast|004535,20251225-0386-A716-Train-#1
80812840|0386|A716|2025-12-25|net demand for forecast|004536_transit_20251225-0386-A716-Train-#1,2025-12-25,80812840,0386,A716,2025-12-25,2026-01-08,1,80812840|0386|A716|2025-12-25|net demand for forecast|004536,20251225-0386-A716-Train-#1
80812840|0386|A716|2025-12-25|net demand for forecast|004537_transit_20251225-0386-A716-Train-#1,2025-12-25,80812840,0386,A716,2025-12-25,2026-01-08,1,80812840|0386|A716|2025-12-25|net demand for forecast|004537,20251225-0386-A716-Train-#1
80812840|0386|A716|2025-12-25|net demand for forecast|004538_transit_20251225-0386-A716-Train-#1,2025-12-25,80812840,0386,A716,2025-12-25,2026-01-08,1,80812840|0386|A716|2025-12-25|net demand for forecast|004538,20251225-0386-A716-Train-#1
80812840|0386|A716|2025-12-25|net demand for forecast|004539_transit_20251225-0386-A716-Train-#1,2025-12-25,80812840,0386,A716,2025-12-25,2026-01-08,1,80812840|0386|A716|2025-12-25|net demand for forecast|004539,20251225-0386-A716-Train-#1
80812840|0386|A716|2025-12-25|net demand for forecast|004540_transit_20251225-0386-A716-Train-#1,2025-12-25,80812840,0386,A716,2025-12-25,2026-01-08,1,80812840|0386|A716|2025-12-25|net demand for forecast|004540,20251225-0386-A716-Train-#1
80812840|0386|A716|2025-12-25|net demand for forecast|004541_transit_20251225-0386-A716-Train-#1,2025-12-25,80812840,0386,A716,2025-12-25,2026-01-08,1,80812840|0386|A716|2025-12-25|net demand for forecast|004541,20251225-0386-A716-Train-#1
80812841|0386|A716|2025-12-25|net demand for forecast|004611_transit_20251225-0386-A716-Train-#1,2025-12-25,80812841,0386,A716,2025-12-25,2026-01-08,2,80812841|0386|A716|2025-12-25|net demand for forecast|004611,20251225-0386-A716-Train-#1
80812841|0386|A716|2025-12-25|net demand for forecast|004612_transit_20251225-0386-A716-Train-#1,2025-12-25,80812841,0386,A716,2025-12-25,2026-01-08,2,80812841|0386|A716|2025-12-25|net demand for forecast|004612,20251225-0386-A716-Train-#1
80812841|0386|A716|2025-12-25|net demand for forecast|004613_transit_20251225-0386-A716-Train-#1,2025-12-25,80812841,0386,A716,2025-12-25,2026-01-08,2,80812841|0386|A716|2025-12-25|net demand for forecast|004613,20251225-0386-A716-Train-#1
80812841|0386|A716|2025-12-25|net demand for forecast|004614_transit_20251225-0386-A716-Train-#1,2025-12-25,80812841,0386,A716,2025-12-25,2026-01-08,3,80812841|0386|A716|2025-12-25|net demand for forecast|004614,20251225-0386-A716-Train-#1
80812841|0386|A716|2025-12-25|net demand for forecast|004615_transit_20251225-0386-A716-Train-#1,2025-12-25,80812841,0386,A716,2025-12-25,2026-01-08,3,80812841|0386|A716|2025-12-25|net demand for forecast|004615,20251225-0386-A716-Train-#1
80812841|0386|A716|2025-12-25|net demand for forecast|004616_transit_20251225-0386-A716-Train-#1,2025-12-25,80812841,0386,A716,2025-12-25,2026-01-08,3,80812841|0386|A716|2025-12-25|net demand for forecast|004616,20251225-0386-A716-Train-#1
80812841|0386|A716|2025-12-25|net demand for forecast|004617_transit_20251225-0386-A716-Train-#1,2025-12-25,80812841,0386,A716,2025-12-25,2026-01-08,3,80812841|0386|A716|2025-12-25|net demand for forecast|004617,20251225-0386-A716-Train-#1
80812841|0386|A716|2025-12-25|net demand for forecast|004618_transit_20251225-0386-A716-Train-#1,2025-12-25,80812841,0386,A716,2025-12-25,2026-01-08,3,80812841|0386|A716|2025-12-25|net demand for forecast|004618,20251225-0386-A716-Train-#1
80812841|0386|A716|2025-12-25|net demand for forecast|004619_transit_20251225-0386-A716-Train-#1,2025-12-25,80812841,0386,A716,2025-12-25,2026-01-09,4,80812841|0386|A716|2025-12-25|net demand for forecast|004619,20251225-0386-A716-Train-#1
80812841|0386|A716|2025-12-25|net demand for forecast|004620_transit_20251225-0386-A716-Train-#1,2025-12-25,80812841,0386,A716,2025-12-25,2026-01-08,4,80812841|0386|A716|2025-12-25|net demand for forecast|004620,20251225-0386-A716-Train-#1
80812841|0386|A716|2025-12-25|net demand for forecast|004621_transit_20251225-0386-A716-Train-#1,2025-12-25,80812841,0386,A716,2025-12-25,2026-01-08,4,80812841|0386|A716|2025-12-25|net demand for forecast|004621,20251225-0386-A716-Train-#1
80812841|0386|A716|2025-12-25|net demand for forecast|004622_transit_20251225-0386-A716-Train-#1,2025-12-25,80812841,0386,A716,2025-12-25,2026-01-08,4,80812841|0386|A716|2025-12-25|net demand for forecast|004622,20251225-0386-A716-Train-#1
80812841|0386|A716|2025-12-25|net demand for forecast|004623_transit_20251225-0386-A716-Train-#1,2025-12-25,80812841,0386,A716,2025-12-25,2026-01-09,4,80812841|0386|A716|2025-12-25|net demand for forecast|004623,20251225-0386-A716-Train-#1
80812841|0386|A716|2025-12-25|net demand for forecast|004624_transit_20251225-0386-A716-Train-#1,2025-12-25,80812841,0386,A716,2025-12-25,2026-01-09,4,80812841|0386|A716|2025-12-25|net demand for forecast|004624,20251225-0386-A716-Train-#1
80812841|0386|A716|2025-12-25|net demand for forecast|004625_transit_20251225-0386-A716-Train-#1,2025-12-25,80812841,0386,A716,2025-12-25,2026-01-08,4,80812841|0386|A716|2025-12-25|net demand for forecast|004625,20251225-0386-A716-Train-#1
80812841|0386|A716|2025-12-25|net demand for forecast|004626_transit_20251225-0386-A716-Train-#1,2025-12-25,80812841,0386,A716,2025-12-25,2026-01-08,4,80812841|0386|A716|2025-12-25|net demand for forecast|004626,20251225-0386-A716-Train-#1
80812841|0386|A716|2025-12-25|net demand for forecast|004627_transit_20251225-0386-A716-Train-#1,2025-12-25,80812841,0386,A716,2025-12-25,2026-01-08,4,80812841|0386|A716|2025-12-25|net demand for forecast|004627,20251225-0386-A716-Train-#1
80812841|0386|A716|2025-12-25|net demand for forecast|004628_transit_20251225-0386-A716-Train-#1,2025-12-25,80812841,0386,A716,2025-12-25,2026-01-08,4,80812841|0386|A716|2025-12-25|net demand for forecast|004628,20251225-0386-A716-Train-#1
80812841|0386|A716|2025-12-25|net demand for forecast|004629_transit_20251225-0386-A716-Train-#1,2025-12-25,80812841,0386,A716,2025-12-25,2026-01-08,4,80812841|0386|A716|2025-12-25|net demand for forecast|004629,20251225-0386-A716-Train-#1
80812841|0386|A716|2025-12-25|net demand for forecast|004630_transit_20251225-0386-A716-Train-#1,2025-12-25,80812841,0386,A716,2025-12-25,2026-01-08,4,80812841|0386|A716|2025-12-25|net demand for forecast|004630,20251225-0386-A716-Train-#1
80812841|0386|A716|2025-12-25|net demand for forecast|004631_transit_20251225-0386-A716-Train-#1,2025-12-25,80812841,0386,A716,2025-12-25,2026-01-09,4,80812841|0386|A716|2025-12-25|net demand for forecast|004631,20251225-0386-A716-Train-#1
80812841|0386|A716|2025-12-25|net demand for forecast|004632_transit_20251225-0386-A716-Train-#1,2025-12-25,80812841,0386,A716,2025-12-25,2026-01-08,4,80812841|0386|A716|2025-12-25|net demand for forecast|004632,20251225-0386-A716-Train-#1
80812841|0386|A716|2025-12-25|net demand for forecast|004633_transit_20251225-0386-A716-Train-#1,2025-12-25,80812841,0386,A716,2025-12-25,2026-01-08,4,80812841|0386|A716|2025-12-25|net demand for forecast|004633,20251225-0386-A716-Train-#1
80812841|0386|A716|2025-12-25|net demand for forecast|004634_transit_20251225-0386-A716-Train-#1,2025-12-25,80812841,0386,A716,2025-12-25,2026-01-08,4,80812841|0386|A716|2025-12-25|net demand for forecast|004634,20251225-0386-A716-Train-#1
80812841|0386|A716|2025-12-25|net demand for forecast|004635_transit_20251225-0386-A716-Train-#1,2025-12-25,80812841,0386,A716,2025-12-25,2026-01-08,4,80812841|0386|A716|2025-12-25|net demand for forecast|004635,20251225-0386-A716-Train-#1
21143102|0386|A716|2025-12-25|net demand for safety|003810_transit_20251225-0386-A716-Train-#1,2025-12-25,21143102,0386,A716,2025-12-25,2026-01-08,19,21143102|0386|A716|2025-12-25|net demand for safety|003810,20251225-0386-A716-Train-#1
21155895|0386|A716|2025-12-25|net demand for safety|003942_transit_20251225-0386-A716-Train-#1,2025-12-25,21155895,0386,A716,2025-12-25,2026-01-08,26,21155895|0386|A716|2025-12-25|net demand for safety|003942,20251225-0386-A716-Train-#1
80807093|0386|A716|2025-12-25|net demand for safety|004225_transit_20251225-0386-A716-Train-#1,2025-12-25,80807093,0386,A716,2025-12-25,2026-01-08,11,80807093|0386|A716|2025-12-25|net demand for safety|004225,20251225-0386-A716-Train-#1
80807097|0386|A716|2025-12-25|net demand for safety|004284_transit_20251225-0386-A716-Train-#1,2025-12-25,80807097,0386,A716,2025-12-25,2026-01-08,3,80807097|0386|A716|2025-12-25|net demand for safety|004284,20251225-0386-A716-Train-#1
80807110|0386|A716|2025-12-25|net demand for safety|004339_transit_20251225-0386-A716-Train-#1,2025-12-25,80807110,0386,A716,2025-12-25,2026-01-08,57,80807110|0386|A716|2025-12-25|net demand for safety|004339,20251225-0386-A716-Train-#1
80812103|0386|A716|2025-12-25|net demand for safety|004379_transit_20251225-0386-A716-Train-#1,2025-12-25,80812103,0386,A716,2025-12-25,2026-01-08,34,80812103|0386|A716|2025-12-25|net demand for safety|004379,20251225-0386-A716-Train-#1
80812839|0386|A716|2025-12-25|net demand for safety|004459_transit_20251225-0386-A716-Train-#1,2025-12-25,80812839,0386,A716,2025-12-25,2026-01-09,5,80812839|0386|A716|2025-12-25|net demand for safety|004459,20251225-0386-A716-Train-#1
80812840|0386|A716|2025-12-25|net demand for safety|004542_transit_20251225-0386-A716-Train-#1,2025-12-25,80812840,0386,A716,2025-12-25,2026-01-08,12,80812840|0386|A716|2025-12-25|net demand for safety|004542,20251225-0386-A716-Train-#1
80812841|0386|A716|2025-12-25|net demand for safety|004636_transit_20251225-0386-A716-Train-#1,2025-12-25,80812841,0386,A716,2025-12-25,2026-01-08,20,80812841|0386|A716|2025-12-25|net demand for safety|004636,20251225-0386-A716-Train-#1
80812846|0386|A716|2025-12-25|net demand for safety|004658_transit_20251225-0386-A716-Train-#1,2025-12-25,80812846,0386,A716,2025-12-25,2026-01-08,33,80812846|0386|A716|2025-12-25|net demand for safety|004658,20251225-0386-A716-Train-#1
21155895|0386|A716|2025-12-25|push replenishment|003943_transit_20251225-0386-A716-Train-#1,2025-12-25,21155895,0386,A716,2025-12-25,2026-01-08,30,21155895|0386|A716|2025-12-25|push replenishment|003943,20251225-0386-A716-Train-#1
21442422|0386|A716|2025-12-25|push replenishment|004117_transit_20251225-0386-A716-Train-#1,2025-12-25,21442422,0386,A716,2025-12-25,2026-01-09,188,21442422|0386|A716|2025-12-25|push replenishment|004117,20251225-0386-A716-Train-#1
80807093|0386|A716|2025-12-25|push replenishment|004226_transit_20251225-0386-A716-Train-#1,2025-12-25,80807093,0386,A716,2025-12-25,2026-01-08,251,80807093|0386|A716|2025-12-25|push replenishment|004226,20251225-0386-A716-Train-#1
80807097|0386|A716|2025-12-25|push replenishment|004285_transit_20251225-0386-A716-Train-#1,2025-12-25,80807097,0386,A716,2025-12-25,2026-01-09,9,80807097|0386|A716|2025-12-25|push replenishment|004285,20251225-0386-A716-Train-#1
80807110|0386|A716|2025-12-25|push replenishment|004340_transit_20251225-0386-A716-Train-#1,2025-12-25,80807110,0386,A716,2025-12-25,2026-01-08,35,80807110|0386|A716|2025-12-25|push replenishment|004340,20251225-0386-A716-Train-#1
80807117|0386|A716|2025-12-25|push replenishment|004346_transit_20251225-0386-A716-Train-#1,2025-12-25,80807117,0386,A716,2025-12-25,2026-01-08,10,80807117|0386|A716|2025-12-25|push replenishment|004346,20251225-0386-A716-Train-#1
80812103|0386|A716|2025-12-25|push replenishment|004380_transit_20251225-0386-A716-Train-#1,2025-12-25,80812103,0386,A716,2025-12-25,2026-01-08,38,80812103|0386|A716|2025-12-25|push replenishment|004380,20251225-0386-A716-Train-#1
80812839|0386|A716|2025-12-25|push replenishment|004460_transit_20251225-0386-A716-Train-#1,2025-12-25,80812839,0386,A716,2025-12-25,2026-01-09,11,80812839|0386|A716|2025-12-25|push replenishment|004460,20251225-0386-A716-Train-#1
80812840|0386|A716|2025-12-25|push replenishment|004543_transit_20251225-0386-A716-Train-#1,2025-12-25,80812840,0386,A716,2025-12-25,2026-01-08,108,80812840|0386|A716|2025-12-25|push replenishment|004543,20251225-0386-A716-Train-#1
80812846|0386|A716|2025-12-25|push replenishment|004659_transit_20251225-0386-A716-Train-#1,2025-12-25,80812846,0386,A716,2025-12-25,2026-01-08,69,80812846|0386|A716|2025-12-25|push replenishment|004659,20251225-0386-A716-Train-#1
21155895|0386|C816|2025-12-25|net demand for normal|003975_transit_20251225-0386-C816-LARGE-#1,2025-12-25,21155895,0386,C816,2025-12-25,2025-12-27,16,21155895|0386|C816|2025-12-25|net demand for normal|003975,20251225-0386-C816-LARGE-#1
21442422|0386|C816|2025-12-25|net demand for normal|004156_transit_20251225-0386-C816-LARGE-#1,2025-12-25,21442422,0386,C816,2025-12-25,2025-12-26,88,21442422|0386|C816|2025-12-25|net demand for normal|004156,20251225-0386-C816-LARGE-#1
21472283|0386|C816|2025-12-25|net demand for normal|004200_transit_20251225-0386-C816-LARGE-#1,2025-12-25,21472283,0386,C816,2025-12-25,2025-12-26,3,21472283|0386|C816|2025-12-25|net demand for normal|004200,20251225-0386-C816-LARGE-#1
21155895|0386|C816|2025-12-25|net demand for net demand for normal|003973_transit_20251225-0386-C816-LARGE-#1,2025-12-25,21155895,0386,C816,2025-12-25,2025-12-26,2,21155895|0386|C816|2025-12-25|net demand for net demand for normal|003973,20251225-0386-C816-LARGE-#1
21442422|0386|C816|2025-12-25|net demand for net demand for normal|004151_transit_20251225-0386-C816-LARGE-#1,2025-12-25,21442422,0386,C816,2025-12-25,2025-12-26,19,21442422|0386|C816|2025-12-25|net demand for net demand for normal|004151,20251225-0386-C816-LARGE-#1
21442422|0386|C816|2025-12-25|net demand for net demand for normal|004152_transit_20251225-0386-C816-LARGE-#1,2025-12-25,21442422,0386,C816,2025-12-25,2025-12-26,43,21442422|0386|C816|2025-12-25|net demand for net demand for normal|004152,20251225-0386-C816-LARGE-#1
21442422|0386|C816|2025-12-25|net demand for net demand for normal|004153_transit_20251225-0386-C816-LARGE-#1,2025-12-25,21442422,0386,C816,2025-12-25,2025-12-26,147,21442422|0386|C816|2025-12-25|net demand for net demand for normal|004153,20251225-0386-C816-LARGE-#1
80807093|0386|C816|2025-12-25|net demand for AO|004230_transit_20251225-0386-C816-LARGE-#1,2025-12-25,80807093,0386,C816,2025-12-25,2025-12-27,1,80807093|0386|C816|2025-12-25|net demand for AO|004230,20251225-0386-C816-LARGE-#1
80807093|0386|C816|2025-12-25|net demand for AO|004231_transit_20251225-0386-C816-LARGE-#1,2025-12-25,80807093,0386,C816,2025-12-25,2025-12-26,1,80807093|0386|C816|2025-12-25|net demand for AO|004231,20251225-0386-C816-LARGE-#1
80807093|0386|C816|2025-12-25|net demand for AO|004232_transit_20251225-0386-C816-LARGE-#1,2025-12-25,80807093,0386,C816,2025-12-25,2025-12-26,2,80807093|0386|C816|2025-12-25|net demand for AO|004232,20251225-0386-C816-LARGE-#1
80807093|0386|C816|2025-12-25|net demand for AO|004233_transit_20251225-0386-C816-LARGE-#1,2025-12-25,80807093,0386,C816,2025-12-25,2025-12-27,2,80807093|0386|C816|2025-12-25|net demand for AO|004233,20251225-0386-C816-LARGE-#1
80807093|0386|C816|2025-12-25|net demand for AO|004234_transit_20251225-0386-C816-LARGE-#1,2025-12-25,80807093,0386,C816,2025-12-25,2025-12-26,6,80807093|0386|C816|2025-12-25|net demand for AO|004234,20251225-0386-C816-LARGE-#1
80807093|0386|C816|2025-12-25|net demand for AO|004235_transit_20251225-0386-C816-LARGE-#1,2025-12-25,80807093,0386,C816,2025-12-25,2025-12-26,6,80807093|0386|C816|2025-12-25|net demand for AO|004235,20251225-0386-C816-LARGE-#1
80807093|0386|C816|2025-12-25|net demand for AO|004236_transit_20251225-0386-C816-LARGE-#1,2025-12-25,80807093,0386,C816,2025-12-25,2025-12-26,11,80807093|0386|C816|2025-12-25|net demand for AO|004236,20251225-0386-C816-LARGE-#1
80807117|0386|C816|2025-12-25|net demand for AO|004347_transit_20251225-0386-C816-LARGE-#1,2025-12-25,80807117,0386,C816,2025-12-25,2025-12-26,1,80807117|0386|C816|2025-12-25|net demand for AO|004347,20251225-0386-C816-LARGE-#1
80807093|0386|C816|2025-12-25|net demand for net demand for AO|004244_transit_20251225-0386-C816-LARGE-#1,2025-12-25,80807093,0386,C816,2025-12-25,2025-12-26,1,80807093|0386|C816|2025-12-25|net demand for net demand for AO|004244,20251225-0386-C816-LARGE-#1
80807093|0386|C816|2025-12-25|net demand for net demand for AO|004245_transit_20251225-0386-C816-LARGE-#1,2025-12-25,80807093,0386,C816,2025-12-25,2025-12-26,1,80807093|0386|C816|2025-12-25|net demand for net demand for AO|004245,20251225-0386-C816-LARGE-#1
80807093|0386|C816|2025-12-25|net demand for net demand for AO|004246_transit_20251225-0386-C816-LARGE-#1,2025-12-25,80807093,0386,C816,2025-12-25,2025-12-26,1,80807093|0386|C816|2025-12-25|net demand for net demand for AO|004246,20251225-0386-C816-LARGE-#1
80807093|0386|C816|2025-12-25|net demand for net demand for AO|004247_transit_20251225-0386-C816-LARGE-#1,2025-12-25,80807093,0386,C816,2025-12-25,2025-12-26,3,80807093|0386|C816|2025-12-25|net demand for net demand for AO|004247,20251225-0386-C816-LARGE-#1
80807093|0386|C816|2025-12-25|net demand for net demand for AO|004248_transit_20251225-0386-C816-LARGE-#1,2025-12-25,80807093,0386,C816,2025-12-25,2025-12-26,4,80807093|0386|C816|2025-12-25|net demand for net demand for AO|004248,20251225-0386-C816-LARGE-#1
80807093|0386|C816|2025-12-25|net demand for net demand for AO|004249_transit_20251225-0386-C816-LARGE-#1,2025-12-25,80807093,0386,C816,2025-12-25,2025-12-27,5,80807093|0386|C816|2025-12-25|net demand for net demand for AO|004249,20251225-0386-C816-LARGE-#1
80807093|0386|C816|2025-12-25|net demand for net demand for AO|004250_transit_20251225-0386-C816-LARGE-#1,2025-12-25,80807093,0386,C816,2025-12-25,2025-12-27,5,80807093|0386|C816|2025-12-25|net demand for net demand for AO|004250,20251225-0386-C816-LARGE-#1
80807093|0386|C816|2025-12-25|net demand for net demand for AO|004251_transit_20251225-0386-C816-LARGE-#1,2025-12-25,80807093,0386,C816,2025-12-25,2025-12-26,8,80807093|0386|C816|2025-12-25|net demand for net demand for AO|004251,20251225-0386-C816-LARGE-#1
80807093|0386|C816|2025-12-25|net demand for net demand for AO|004252_transit_20251225-0386-C816-LARGE-#1,2025-12-25,80807093,0386,C816,2025-12-25,2025-12-26,9,80807093|0386|C816|2025-12-25|net demand for net demand for AO|004252,20251225-0386-C816-LARGE-#1
80807117|0386|C816|2025-12-25|net demand for net demand for AO|004353_transit_20251225-0386-C816-LARGE-#1,2025-12-25,80807117,0386,C816,2025-12-25,2025-12-26,6,80807117|0386|C816|2025-12-25|net demand for net demand for AO|004353,20251225-0386-C816-LARGE-#1
80807117|0386|C816|2025-12-25|net demand for net demand for AO|004354_transit_20251225-0386-C816-LARGE-#1,2025-12-25,80807117,0386,C816,2025-12-25,2025-12-26,16,80807117|0386|C816|2025-12-25|net demand for net demand for AO|004354,20251225-0386-C816-LARGE-#1
80807117|0386|C816|2025-12-25|net demand for net demand for AO|004355_transit_20251225-0386-C816-LARGE-#1,2025-12-25,80807117,0386,C816,2025-12-25,2025-12-26,19,80807117|0386|C816|2025-12-25|net demand for net demand for AO|004355,20251225-0386-C816-LARGE-#1
80807117|0386|C816|2025-12-25|net demand for net demand for AO|004356_transit_20251225-0386-C816-LARGE-#1,2025-12-25,80807117,0386,C816,2025-12-25,2025-12-26,21,80807117|0386|C816|2025-12-25|net demand for net demand for AO|004356,20251225-0386-C816-LARGE-#1
80807117|0386|C816|2025-12-25|net demand for net demand for AO|004357_transit_20251225-0386-C816-LARGE-#1,2025-12-25,80807117,0386,C816,2025-12-25,2025-12-27,28,80807117|0386|C816|2025-12-25|net demand for net demand for AO|004357,20251225-0386-C816-LARGE-#1
80807117|0386|C816|2025-12-25|net demand for net demand for AO|004358_transit_20251225-0386-C816-LARGE-#1,2025-12-25,80807117,0386,C816,2025-12-25,2025-12-26,30,80807117|0386|C816|2025-12-25|net demand for net demand for AO|004358,20251225-0386-C816-LARGE-#1
80807117|0386|C816|2025-12-25|net demand for net demand for AO|004359_transit_20251225-0386-C816-LARGE-#1,2025-12-25,80807117,0386,C816,2025-12-25,2025-12-27,31,80807117|0386|C816|2025-12-25|net demand for net demand for AO|004359,20251225-0386-C816-LARGE-#1
21155895|0386|C816|2025-12-25|net demand for forecast|003959_transit_20251225-0386-C816-LARGE-#1,2025-12-25,21155895,0386,C816,2025-12-25,2025-12-26,10,21155895|0386|C816|2025-12-25|net demand for forecast|003959,20251225-0386-C816-LARGE-#1
21155895|0386|C816|2025-12-25|net demand for forecast|003960_transit_20251225-0386-C816-LARGE-#1,2025-12-25,21155895,0386,C816,2025-12-25,2025-12-26,10,21155895|0386|C816|2025-12-25|net demand for forecast|003960,20251225-0386-C816-LARGE-#1
21155895|0386|C816|2025-12-25|net demand for forecast|003961_transit_20251225-0386-C816-LARGE-#1,2025-12-25,21155895,0386,C816,2025-12-25,2025-12-26,10,21155895|0386|C816|2025-12-25|net demand for forecast|003961,20251225-0386-C816-LARGE-#1
21155895|0386|C816|2025-12-25|net demand for forecast|003962_transit_20251225-0386-C816-LARGE-#1,2025-12-25,21155895,0386,C816,2025-12-25,2025-12-27,10,21155895|0386|C816|2025-12-25|net demand for forecast|003962,20251225-0386-C816-LARGE-#1
21155895|0386|C816|2025-12-25|net demand for forecast|003963_transit_20251225-0386-C816-LARGE-#1,2025-12-25,21155895,0386,C816,2025-12-25,2025-12-26,15,21155895|0386|C816|2025-12-25|net demand for forecast|003963,20251225-0386-C816-LARGE-#1
21155895|0386|C816|2025-12-25|net demand for forecast|003964_transit_20251225-0386-C816-LARGE-#1,2025-12-25,21155895,0386,C816,2025-12-25,2025-12-26,15,21155895|0386|C816|2025-12-25|net demand for forecast|003964,20251225-0386-C816-LARGE-#1
21155895|0386|C816|2025-12-25|net demand for forecast|003965_transit_20251225-0386-C816-LARGE-#1,2025-12-25,21155895,0386,C816,2025-12-25,2025-12-26,15,21155895|0386|C816|2025-12-25|net demand for forecast|003965,20251225-0386-C816-LARGE-#1
21442422|0386|C816|2025-12-25|net demand for forecast|004118_transit_20251225-0386-C816-LARGE-#1,2025-12-25,21442422,0386,C816,2025-12-25,2025-12-26,40,21442422|0386|C816|2025-12-25|net demand for forecast|004118,20251225-0386-C816-LARGE-#1
21442422|0386|C816|2025-12-25|net demand for forecast|004119_transit_20251225-0386-C816-LARGE-#1,2025-12-25,21442422,0386,C816,2025-12-25,2025-12-26,40,21442422|0386|C816|2025-12-25|net demand for forecast|004119,20251225-0386-C816-LARGE-#1
21442422|0386|C816|2025-12-25|net demand for forecast|004120_transit_20251225-0386-C816-LARGE-#1,2025-12-25,21442422,0386,C816,2025-12-25,2025-12-27,40,21442422|0386|C816|2025-12-25|net demand for forecast|004120,20251225-0386-C816-LARGE-#1
21442422|0386|C816|2025-12-25|net demand for forecast|004121_transit_20251225-0386-C816-LARGE-#1,2025-12-25,21442422,0386,C816,2025-12-25,2025-12-26,40,21442422|0386|C816|2025-12-25|net demand for forecast|004121,20251225-0386-C816-LARGE-#1
21442422|0386|C816|2025-12-25|net demand for forecast|004122_transit_20251225-0386-C816-LARGE-#1,2025-12-25,21442422,0386,C816,2025-12-25,2025-12-26,256,21442422|0386|C816|2025-12-25|net demand for forecast|004122,20251225-0386-C816-LARGE-#1
21442422|0386|C816|2025-12-25|net demand for forecast|004123_transit_20251225-0386-C816-LARGE-#1,2025-12-25,21442422,0386,C816,2025-12-25,2025-12-26,256,21442422|0386|C816|2025-12-25|net demand for forecast|004123,20251225-0386-C816-LARGE-#1
21442422|0386|C816|2025-12-25|net demand for forecast|004124_transit_20251225-0386-C816-LARGE-#1,2025-12-25,21442422,0386,C816,2025-12-25,2025-12-27,256,21442422|0386|C816|2025-12-25|net demand for forecast|004124,20251225-0386-C816-LARGE-#1
21472283|0386|C816|2025-12-25|net demand for forecast|004193_transit_20251225-0386-C816-LARGE-#1,2025-12-25,21472283,0386,C816,2025-12-25,2025-12-26,10,21472283|0386|C816|2025-12-25|net demand for forecast|004193,20251225-0386-C816-LARGE-#1
21472283|0386|C816|2025-12-25|net demand for forecast|004194_transit_20251225-0386-C816-LARGE-#1,2025-12-25,21472283,0386,C816,2025-12-25,2025-12-26,10,21472283|0386|C816|2025-12-25|net demand for forecast|004194,20251225-0386-C816-LARGE-#1
21472283|0386|C816|2025-12-25|net demand for forecast|004195_transit_20251225-0386-C816-LARGE-#1,2025-12-25,21472283,0386,C816,2025-12-25,2025-12-26,10,21472283|0386|C816|2025-12-25|net demand for forecast|004195,20251225-0386-C816-LARGE-#1
21472283|0386|C816|2025-12-25|net demand for forecast|004196_transit_20251225-0386-C816-LARGE-#1,2025-12-25,21472283,0386,C816,2025-12-25,2025-12-26,10,21472283|0386|C816|2025-12-25|net demand for forecast|004196,20251225-0386-C816-LARGE-#1
21472283|0386|C816|2025-12-25|net demand for forecast|004197_transit_20251225-0386-C816-LARGE-#1,2025-12-25,21472283,0386,C816,2025-12-25,2025-12-26,20,21472283|0386|C816|2025-12-25|net demand for forecast|004197,20251225-0386-C816-LARGE-#1
21472283|0386|C816|2025-12-25|net demand for forecast|004198_transit_20251225-0386-C816-LARGE-#1,2025-12-25,21472283,0386,C816,2025-12-25,2025-12-26,21,21472283|0386|C816|2025-12-25|net demand for forecast|004198,20251225-0386-C816-LARGE-#1
21472283|0386|C816|2025-12-25|net demand for forecast|004199_transit_20251225-0386-C816-LARGE-#1,2025-12-25,21472283,0386,C816,2025-12-25,2025-12-26,21,21472283|0386|C816|2025-12-25|net demand for forecast|004199,20251225-0386-C816-LARGE-#1
80807093|0386|C816|2025-12-25|net demand for forecast|004237_transit_20251225-0386-C816-LARGE-#1,2025-12-25,80807093,0386,C816,2025-12-25,2025-12-26,1,80807093|0386|C816|2025-12-25|net demand for forecast|004237,20251225-0386-C816-LARGE-#1
80807093|0386|C816|2025-12-25|net demand for forecast|004238_transit_20251225-0386-C816-LARGE-#1,2025-12-25,80807093,0386,C816,2025-12-25,2025-12-27,5,80807093|0386|C816|2025-12-25|net demand for forecast|004238,20251225-0386-C816-LARGE-#1
80807093|0386|C816|2025-12-25|net demand for forecast|004239_transit_20251225-0386-C816-LARGE-#1,2025-12-25,80807093,0386,C816,2025-12-25,2025-12-27,5,80807093|0386|C816|2025-12-25|net demand for forecast|004239,20251225-0386-C816-LARGE-#1
80807093|0386|C816|2025-12-25|net demand for forecast|004240_transit_20251225-0386-C816-LARGE-#1,2025-12-25,80807093,0386,C816,2025-12-25,2025-12-26,5,80807093|0386|C816|2025-12-25|net demand for forecast|004240,20251225-0386-C816-LARGE-#1
80807093|0386|C816|2025-12-25|net demand for forecast|004241_transit_20251225-0386-C816-LARGE-#1,2025-12-25,80807093,0386,C816,2025-12-25,2025-12-26,5,80807093|0386|C816|2025-12-25|net demand for forecast|004241,20251225-0386-C816-LARGE-#1
80807093|0386|C816|2025-12-25|net demand for forecast|004242_transit_20251225-0386-C816-LARGE-#1,2025-12-25,80807093,0386,C816,2025-12-25,2025-12-27,5,80807093|0386|C816|2025-12-25|net demand for forecast|004242,20251225-0386-C816-LARGE-#1
80807093|0386|C816|2025-12-25|net demand for forecast|004243_transit_20251225-0386-C816-LARGE-#1,2025-12-25,80807093,0386,C816,2025-12-25,2025-12-26,7,80807093|0386|C816|2025-12-25|net demand for forecast|004243,20251225-0386-C816-LARGE-#1
80807117|0386|C816|2025-12-25|net demand for forecast|004348_transit_20251225-0386-C816-LARGE-#1,2025-12-25,80807117,0386,C816,2025-12-25,2025-12-26,1,80807117|0386|C816|2025-12-25|net demand for forecast|004348,20251225-0386-C816-LARGE-#1
80807117|0386|C816|2025-12-25|net demand for forecast|004349_transit_20251225-0386-C816-LARGE-#1,2025-12-25,80807117,0386,C816,2025-12-25,2025-12-26,1,80807117|0386|C816|2025-12-25|net demand for forecast|004349,20251225-0386-C816-LARGE-#1
80807117|0386|C816|2025-12-25|net demand for forecast|004350_transit_20251225-0386-C816-LARGE-#1,2025-12-25,80807117,0386,C816,2025-12-25,2025-12-26,1,80807117|0386|C816|2025-12-25|net demand for forecast|004350,20251225-0386-C816-LARGE-#1
80807117|0386|C816|2025-12-25|net demand for forecast|004351_transit_20251225-0386-C816-LARGE-#1,2025-12-25,80807117,0386,C816,2025-12-25,2025-12-27,1,80807117|0386|C816|2025-12-25|net demand for forecast|004351,20251225-0386-C816-LARGE-#1
80807117|0386|C816|2025-12-25|net demand for forecast|004352_transit_20251225-0386-C816-LARGE-#1,2025-12-25,80807117,0386,C816,2025-12-25,2025-12-26,1,80807117|0386|C816|2025-12-25|net demand for forecast|004352,20251225-0386-C816-LARGE-#1
21155895|0386|C816|2025-12-25|net demand for net demand for forecast|003966_transit_20251225-0386-C816-LARGE-#1,2025-12-25,21155895,0386,C816,2025-12-25,2025-12-26,1,21155895|0386|C816|2025-12-25|net demand for net demand for forecast|003966,20251225-0386-C816-LARGE-#1
21155895|0386|C816|2025-12-25|net demand for net demand for forecast|003967_transit_20251225-0386-C816-LARGE-#1,2025-12-25,21155895,0386,C816,2025-12-25,2025-12-26,1,21155895|0386|C816|2025-12-25|net demand for net demand for forecast|003967,20251225-0386-C816-LARGE-#1
21155895|0386|C816|2025-12-25|net demand for net demand for forecast|003968_transit_20251225-0386-C816-LARGE-#1,2025-12-25,21155895,0386,C816,2025-12-25,2025-12-26,2,21155895|0386|C816|2025-12-25|net demand for net demand for forecast|003968,20251225-0386-C816-LARGE-#1
21155895|0386|C816|2025-12-25|net demand for net demand for forecast|003969_transit_20251225-0386-C816-LARGE-#1,2025-12-25,21155895,0386,C816,2025-12-25,2025-12-26,2,21155895|0386|C816|2025-12-25|net demand for net demand for forecast|003969,20251225-0386-C816-LARGE-#1
21155895|0386|C816|2025-12-25|net demand for net demand for forecast|003970_transit_20251225-0386-C816-LARGE-#1,2025-12-25,21155895,0386,C816,2025-12-25,2025-12-26,2,21155895|0386|C816|2025-12-25|net demand for net demand for forecast|003970,20251225-0386-C816-LARGE-#1
21155895|0386|C816|2025-12-25|net demand for net demand for forecast|003971_transit_20251225-0386-C816-LARGE-#1,2025-12-25,21155895,0386,C816,2025-12-25,2025-12-26,2,21155895|0386|C816|2025-12-25|net demand for net demand for forecast|003971,20251225-0386-C816-LARGE-#1
21155895|0386|C816|2025-12-25|net demand for net demand for forecast|003972_transit_20251225-0386-C816-LARGE-#1,2025-12-25,21155895,0386,C816,2025-12-25,2025-12-26,2,21155895|0386|C816|2025-12-25|net demand for net demand for forecast|003972,20251225-0386-C816-LARGE-#1
21442422|0386|C816|2025-12-25|net demand for net demand for forecast|004125_transit_20251225-0386-C816-LARGE-#1,2025-12-25,21442422,0386,C816,2025-12-25,2025-12-26,14,21442422|0386|C816|2025-12-25|net demand for net demand for forecast|004125,20251225-0386-C816-LARGE-#1
21442422|0386|C816|2025-12-25|net demand for net demand for forecast|004126_transit_20251225-0386-C816-LARGE-#1,2025-12-25,21442422,0386,C816,2025-12-25,2025-12-26,14,21442422|0386|C816|2025-12-25|net demand for net demand for forecast|004126,20251225-0386-C816-LARGE-#1
21442422|0386|C816|2025-12-25|net demand for net demand for forecast|004127_transit_20251225-0386-C816-LARGE-#1,2025-12-25,21442422,0386,C816,2025-12-25,2025-12-26,14,21442422|0386|C816|2025-12-25|net demand for net demand for forecast|004127,20251225-0386-C816-LARGE-#1
21442422|0386|C816|2025-12-25|net demand for net demand for forecast|004128_transit_20251225-0386-C816-LARGE-#1,2025-12-25,21442422,0386,C816,2025-12-25,2025-12-26,21,21442422|0386|C816|2025-12-25|net demand for net demand for forecast|004128,20251225-0386-C816-LARGE-#1
21442422|0386|C816|2025-12-25|net demand for net demand for forecast|004129_transit_20251225-0386-C816-LARGE-#1,2025-12-25,21442422,0386,C816,2025-12-25,2025-12-26,21,21442422|0386|C816|2025-12-25|net demand for net demand for forecast|004129,20251225-0386-C816-LARGE-#1
21442422|0386|C816|2025-12-25|net demand for net demand for forecast|004130_transit_20251225-0386-C816-LARGE-#1,2025-12-25,21442422,0386,C816,2025-12-25,2025-12-26,21,21442422|0386|C816|2025-12-25|net demand for net demand for forecast|004130,20251225-0386-C816-LARGE-#1
21442422|0386|C816|2025-12-25|net demand for net demand for forecast|004131_transit_20251225-0386-C816-LARGE-#1,2025-12-25,21442422,0386,C816,2025-12-25,2025-12-26,21,21442422|0386|C816|2025-12-25|net demand for net demand for forecast|004131,20251225-0386-C816-LARGE-#1
21442422|0386|C816|2025-12-25|net demand for net demand for forecast|004132_transit_20251225-0386-C816-LARGE-#1,2025-12-25,21442422,0386,C816,2025-12-25,2025-12-26,43,21442422|0386|C816|2025-12-25|net demand for net demand for forecast|004132,20251225-0386-C816-LARGE-#1
21442422|0386|C816|2025-12-25|net demand for net demand for forecast|004133_transit_20251225-0386-C816-LARGE-#1,2025-12-25,21442422,0386,C816,2025-12-25,2025-12-26,43,21442422|0386|C816|2025-12-25|net demand for net demand for forecast|004133,20251225-0386-C816-LARGE-#1
21442422|0386|C816|2025-12-25|net demand for net demand for forecast|004134_transit_20251225-0386-C816-LARGE-#1,2025-12-25,21442422,0386,C816,2025-12-25,2025-12-26,43,21442422|0386|C816|2025-12-25|net demand for net demand for forecast|004134,20251225-0386-C816-LARGE-#1
21442422|0386|C816|2025-12-25|net demand for net demand for forecast|004135_transit_20251225-0386-C816-LARGE-#1,2025-12-25,21442422,0386,C816,2025-12-25,2025-12-26,44,21442422|0386|C816|2025-12-25|net demand for net demand for forecast|004135,20251225-0386-C816-LARGE-#1
21442422|0386|C816|2025-12-25|net demand for net demand for forecast|004136_transit_20251225-0386-C816-LARGE-#1,2025-12-25,21442422,0386,C816,2025-12-25,2025-12-26,63,21442422|0386|C816|2025-12-25|net demand for net demand for forecast|004136,20251225-0386-C816-LARGE-#1
21442422|0386|C816|2025-12-25|net demand for net demand for forecast|004137_transit_20251225-0386-C816-LARGE-#1,2025-12-25,21442422,0386,C816,2025-12-25,2025-12-26,63,21442422|0386|C816|2025-12-25|net demand for net demand for forecast|004137,20251225-0386-C816-LARGE-#1
21442422|0386|C816|2025-12-25|net demand for net demand for forecast|004138_transit_20251225-0386-C816-LARGE-#1,2025-12-25,21442422,0386,C816,2025-12-25,2025-12-26,63,21442422|0386|C816|2025-12-25|net demand for net demand for forecast|004138,20251225-0386-C816-LARGE-#1
21442422|0386|C816|2025-12-25|net demand for net demand for forecast|004139_transit_20251225-0386-C816-LARGE-#1,2025-12-25,21442422,0386,C816,2025-12-25,2025-12-26,86,21442422|0386|C816|2025-12-25|net demand for net demand for forecast|004139,20251225-0386-C816-LARGE-#1
21442422|0386|C816|2025-12-25|net demand for net demand for forecast|004140_transit_20251225-0386-C816-LARGE-#1,2025-12-25,21442422,0386,C816,2025-12-25,2025-12-26,86,21442422|0386|C816|2025-12-25|net demand for net demand for forecast|004140,20251225-0386-C816-LARGE-#1
21442422|0386|C816|2025-12-25|net demand for net demand for forecast|004141_transit_20251225-0386-C816-LARGE-#1,2025-12-25,21442422,0386,C816,2025-12-25,2025-12-26,86,21442422|0386|C816|2025-12-25|net demand for net demand for forecast|004141,20251225-0386-C816-LARGE-#1
21442422|0386|C816|2025-12-25|net demand for net demand for forecast|004142_transit_20251225-0386-C816-LARGE-#1,2025-12-25,21442422,0386,C816,2025-12-25,2025-12-26,130,21442422|0386|C816|2025-12-25|net demand for net demand for forecast|004142,20251225-0386-C816-LARGE-#1
21442422|0386|C816|2025-12-25|net demand for net demand for forecast|004143_transit_20251225-0386-C816-LARGE-#1,2025-12-25,21442422,0386,C816,2025-12-25,2025-12-26,130,21442422|0386|C816|2025-12-25|net demand for net demand for forecast|004143,20251225-0386-C816-LARGE-#1
21442422|0386|C816|2025-12-25|net demand for net demand for forecast|004144_transit_20251225-0386-C816-LARGE-#1,2025-12-25,21442422,0386,C816,2025-12-25,2025-12-27,131,21442422|0386|C816|2025-12-25|net demand for net demand for forecast|004144,20251225-0386-C816-LARGE-#1
21442422|0386|C816|2025-12-25|net demand for net demand for forecast|004145_transit_20251225-0386-C816-LARGE-#1,2025-12-25,21442422,0386,C816,2025-12-25,2025-12-26,275,21442422|0386|C816|2025-12-25|net demand for net demand for forecast|004145,20251225-0386-C816-LARGE-#1
21442422|0386|C816|2025-12-25|net demand for net demand for forecast|004146_transit_20251225-0386-C816-LARGE-#1,2025-12-25,21442422,0386,C816,2025-12-25,2025-12-26,275,21442422|0386|C816|2025-12-25|net demand for net demand for forecast|004146,20251225-0386-C816-LARGE-#1
21442422|0386|C816|2025-12-25|net demand for net demand for forecast|004147_transit_20251225-0386-C816-LARGE-#1,2025-12-25,21442422,0386,C816,2025-12-25,2025-12-26,275,21442422|0386|C816|2025-12-25|net demand for net demand for forecast|004147,20251225-0386-C816-LARGE-#1
21442422|0386|C816|2025-12-25|net demand for net demand for forecast|004148_transit_20251225-0386-C816-LARGE-#1,2025-12-25,21442422,0386,C816,2025-12-25,2025-12-26,391,21442422|0386|C816|2025-12-25|net demand for net demand for forecast|004148,20251225-0386-C816-LARGE-#1
21442422|0386|C816|2025-12-25|net demand for net demand for forecast|004149_transit_20251225-0386-C816-LARGE-#1,2025-12-25,21442422,0386,C816,2025-12-25,2025-12-26,391,21442422|0386|C816|2025-12-25|net demand for net demand for forecast|004149,20251225-0386-C816-LARGE-#1
21442422|0386|C816|2025-12-25|net demand for net demand for forecast|004150_transit_20251225-0386-C816-LARGE-#1,2025-12-25,21442422,0386,C816,2025-12-25,2025-12-26,392,21442422|0386|C816|2025-12-25|net demand for net demand for forecast|004150,20251225-0386-C816-LARGE-#1
80807093|0386|C816|2025-12-25|net demand for net demand for forecast|004253_transit_20251225-0386-C816-LARGE-#1,2025-12-25,80807093,0386,C816,2025-12-25,2025-12-27,11,80807093|0386|C816|2025-12-25|net demand for net demand for forecast|004253,20251225-0386-C816-LARGE-#1
80807093|0386|C816|2025-12-25|net demand for net demand for forecast|004254_transit_20251225-0386-C816-LARGE-#1,2025-12-25,80807093,0386,C816,2025-12-25,2025-12-26,11,80807093|0386|C816|2025-12-25|net demand for net demand for forecast|004254,20251225-0386-C816-LARGE-#1
80807093|0386|C816|2025-12-25|net demand for net demand for forecast|004255_transit_20251225-0386-C816-LARGE-#1,2025-12-25,80807093,0386,C816,2025-12-25,2025-12-27,11,80807093|0386|C816|2025-12-25|net demand for net demand for forecast|004255,20251225-0386-C816-LARGE-#1
80807093|0386|C816|2025-12-25|net demand for net demand for forecast|004256_transit_20251225-0386-C816-LARGE-#1,2025-12-25,80807093,0386,C816,2025-12-25,2025-12-26,21,80807093|0386|C816|2025-12-25|net demand for net demand for forecast|004256,20251225-0386-C816-LARGE-#1
80807093|0386|C816|2025-12-25|net demand for net demand for forecast|004257_transit_20251225-0386-C816-LARGE-#1,2025-12-25,80807093,0386,C816,2025-12-25,2025-12-26,29,80807093|0386|C816|2025-12-25|net demand for net demand for forecast|004257,20251225-0386-C816-LARGE-#1
80807093|0386|C816|2025-12-25|net demand for net demand for forecast|004258_transit_20251225-0386-C816-LARGE-#1,2025-12-25,80807093,0386,C816,2025-12-25,2025-12-26,39,80807093|0386|C816|2025-12-25|net demand for net demand for forecast|004258,20251225-0386-C816-LARGE-#1
80807117|0386|C816|2025-12-25|net demand for net demand for forecast|004360_transit_20251225-0386-C816-LARGE-#1,2025-12-25,80807117,0386,C816,2025-12-25,2025-12-27,10,80807117|0386|C816|2025-12-25|net demand for net demand for forecast|004360,20251225-0386-C816-LARGE-#1
80807117|0386|C816|2025-12-25|net demand for net demand for forecast|004361_transit_20251225-0386-C816-LARGE-#1,2025-12-25,80807117,0386,C816,2025-12-25,2025-12-26,10,80807117|0386|C816|2025-12-25|net demand for net demand for forecast|004361,20251225-0386-C816-LARGE-#1
80807117|0386|C816|2025-12-25|net demand for net demand for forecast|004362_transit_20251225-0386-C816-LARGE-#1,2025-12-25,80807117,0386,C816,2025-12-25,2025-12-26,10,80807117|0386|C816|2025-12-25|net demand for net demand for forecast|004362,20251225-0386-C816-LARGE-#1
80807117|0386|C816|2025-12-25|net demand for net demand for forecast|004363_transit_20251225-0386-C816-LARGE-#1,2025-12-25,80807117,0386,C816,2025-12-25,2025-12-26,11,80807117|0386|C816|2025-12-25|net demand for net demand for forecast|004363,20251225-0386-C816-LARGE-#1
80807117|0386|C816|2025-12-25|net demand for net demand for forecast|004364_transit_20251225-0386-C816-LARGE-#1,2025-12-25,80807117,0386,C816,2025-12-25,2025-12-26,35,80807117|0386|C816|2025-12-25|net demand for net demand for forecast|004364,20251225-0386-C816-LARGE-#1
80807117|0386|C816|2025-12-25|net demand for net demand for forecast|004365_transit_20251225-0386-C816-LARGE-#1,2025-12-25,80807117,0386,C816,2025-12-25,2025-12-26,41,80807117|0386|C816|2025-12-25|net demand for net demand for forecast|004365,20251225-0386-C816-LARGE-#1
21143102|0386|C816|2025-12-25|net demand for safety|003818_transit_20251225-0386-C816-LARGE-#1,2025-12-25,21143102,0386,C816,2025-12-25,2025-12-26,110,21143102|0386|C816|2025-12-25|net demand for safety|003818,20251225-0386-C816-LARGE-#1
21155895|0386|C816|2025-12-25|net demand for safety|003976_transit_20251225-0386-C816-LARGE-#1,2025-12-25,21155895,0386,C816,2025-12-25,2025-12-26,69,21155895|0386|C816|2025-12-25|net demand for safety|003976,20251225-0386-C816-LARGE-#1
21442422|0386|C816|2025-12-25|net demand for safety|004157_transit_20251225-0386-C816-LARGE-#1,2025-12-25,21442422,0386,C816,2025-12-25,2025-12-26,202,21442422|0386|C816|2025-12-25|net demand for safety|004157,20251225-0386-C816-LARGE-#1
21472283|0386|C816|2025-12-25|net demand for safety|004201_transit_20251225-0386-C816-LARGE-#1,2025-12-25,21472283,0386,C816,2025-12-25,2025-12-26,24,21472283|0386|C816|2025-12-25|net demand for safety|004201,20251225-0386-C816-LARGE-#1
80807093|0386|C816|2025-12-25|net demand for safety|004261_transit_20251225-0386-C816-LARGE-#1,2025-12-25,80807093,0386,C816,2025-12-25,2025-12-26,43,80807093|0386|C816|2025-12-25|net demand for safety|004261,20251225-0386-C816-LARGE-#1
80807117|0386|C816|2025-12-25|net demand for safety|004367_transit_20251225-0386-C816-LARGE-#1,2025-12-25,80807117,0386,C816,2025-12-25,2025-12-26,4,80807117|0386|C816|2025-12-25|net demand for safety|004367,20251225-0386-C816-LARGE-#1
80812103|0386|C816|2025-12-25|net demand for safety|004382_transit_20251225-0386-C816-LARGE-#1,2025-12-25,80812103,0386,C816,2025-12-25,2025-12-26,22,80812103|0386|C816|2025-12-25|net demand for safety|004382,20251225-0386-C816-LARGE-#1
80812839|0386|C816|2025-12-25|net demand for safety|004465_transit_20251225-0386-C816-LARGE-#1,2025-12-25,80812839,0386,C816,2025-12-25,2025-12-26,62,80812839|0386|C816|2025-12-25|net demand for safety|004465,20251225-0386-C816-LARGE-#1
80812840|0386|C816|2025-12-25|net demand for safety|004547_transit_20251225-0386-C816-LARGE-#1,2025-12-25,80812840,0386,C816,2025-12-25,2025-12-26,29,80812840|0386|C816|2025-12-25|net demand for safety|004547,20251225-0386-C816-LARGE-#1
80812841|0386|C816|2025-12-25|net demand for safety|004638_transit_20251225-0386-C816-LARGE-#1,2025-12-25,80812841,0386,C816,2025-12-25,2025-12-26,23,80812841|0386|C816|2025-12-25|net demand for safety|004638,20251225-0386-C816-LARGE-#1
21155895|0386|C816|2025-12-25|net demand for net demand for safety|003974_transit_20251225-0386-C816-LARGE-#1,2025-12-25,21155895,0386,C816,2025-12-25,2025-12-26,9,21155895|0386|C816|2025-12-25|net demand for net demand for safety|003974,20251225-0386-C816-LARGE-#1
21425098|0386|C816|2025-12-25|net demand for net demand for safety|004115_transit_20251225-0386-C816-LARGE-#1,2025-12-25,21425098,0386,C816,2025-12-25,2025-12-26,134,21425098|0386|C816|2025-12-25|net demand for net demand for safety|004115,20251225-0386-C816-LARGE-#1
21442422|0386|C816|2025-12-25|net demand for net demand for safety|004154_transit_20251225-0386-C816-LARGE-#1,2025-12-25,21442422,0386,C816,2025-12-25,2025-12-26,68,21442422|0386|C816|2025-12-25|net demand for net demand for safety|004154,20251225-0386-C816-LARGE-#1
21442422|0386|C816|2025-12-25|net demand for net demand for safety|004155_transit_20251225-0386-C816-LARGE-#1,2025-12-25,21442422,0386,C816,2025-12-25,2025-12-26,402,21442422|0386|C816|2025-12-25|net demand for net demand for safety|004155,20251225-0386-C816-LARGE-#1
80807093|0386|C816|2025-12-25|net demand for net demand for safety|004259_transit_20251225-0386-C816-LARGE-#1,2025-12-25,80807093,0386,C816,2025-12-25,2025-12-26,1,80807093|0386|C816|2025-12-25|net demand for net demand for safety|004259,20251225-0386-C816-LARGE-#1
80807093|0386|C816|2025-12-25|net demand for net demand for safety|004260_transit_20251225-0386-C816-LARGE-#1,2025-12-25,80807093,0386,C816,2025-12-25,2025-12-26,94,80807093|0386|C816|2025-12-25|net demand for net demand for safety|004260,20251225-0386-C816-LARGE-#1
80807117|0386|C816|2025-12-25|net demand for net demand for safety|004366_transit_20251225-0386-C816-LARGE-#1,2025-12-25,80807117,0386,C816,2025-12-25,2025-12-26,94,80807117|0386|C816|2025-12-25|net demand for net demand for safety|004366,20251225-0386-C816-LARGE-#1
80812103|0386|C816|2025-12-25|net demand for net demand for safety|004381_transit_20251225-0386-C816-LARGE-#1,2025-12-25,80812103,0386,C816,2025-12-25,2025-12-26,2,80812103|0386|C816|2025-12-25|net demand for net demand for safety|004381,20251225-0386-C816-LARGE-#1
80812839|0386|C816|2025-12-25|net demand for net demand for safety|004463_transit_20251225-0386-C816-LARGE-#1,2025-12-25,80812839,0386,C816,2025-12-25,2025-12-26,4,80812839|0386|C816|2025-12-25|net demand for net demand for safety|004463,20251225-0386-C816-LARGE-#1
80812839|0386|C816|2025-12-25|net demand for net demand for safety|004464_transit_20251225-0386-C816-LARGE-#1,2025-12-25,80812839,0386,C816,2025-12-25,2025-12-26,6,80812839|0386|C816|2025-12-25|net demand for net demand for safety|004464,20251225-0386-C816-LARGE-#1
80812840|0386|C816|2025-12-25|net demand for net demand for safety|004546_transit_20251225-0386-C816-LARGE-#1,2025-12-25,80812840,0386,C816,2025-12-25,2025-12-26,12,80812840|0386|C816|2025-12-25|net demand for net demand for safety|004546,20251225-0386-C816-LARGE-#1
21155895|0386|C816|2025-12-25|push replenishment|003977_transit_20251225-0386-C816-LARGE-#1,2025-12-25,21155895,0386,C816,2025-12-25,2025-12-26,81,21155895|0386|C816|2025-12-25|push replenishment|003977,20251225-0386-C816-LARGE-#1
21442422|0386|C816|2025-12-25|push replenishment|004158_transit_20251225-0386-C816-LARGE-#1,2025-12-25,21442422,0386,C816,2025-12-25,2025-12-26,770,21442422|0386|C816|2025-12-25|push replenishment|004158,20251225-0386-C816-LARGE-#1
21442422|0386|C816|2025-12-25|push replenishment|004158_transit_20251225-0386-C816-LARGE-#2,2025-12-25,21442422,0386,C816,2025-12-25,2025-12-26,6,21442422|0386|C816|2025-12-25|push replenishment|004158,20251225-0386-C816-LARGE-#2
21472283|0386|C816|2025-12-25|push replenishment|004202_transit_20251225-0386-C816-LARGE-#2,2025-12-25,21472283,0386,C816,2025-12-25,2025-12-26,326,21472283|0386|C816|2025-12-25|push replenishment|004202,20251225-0386-C816-LARGE-#2
80807093|0386|C816|2025-12-25|push replenishment|004262_transit_20251225-0386-C816-LARGE-#2,2025-12-25,80807093,0386,C816,2025-12-25,2025-12-26,984,80807093|0386|C816|2025-12-25|push replenishment|004262,20251225-0386-C816-LARGE-#2
80807097|0386|C816|2025-12-25|push replenishment|004288_transit_20251225-0386-C816-LARGE-#2,2025-12-25,80807097,0386,C816,2025-12-25,2025-12-26,115,80807097|0386|C816|2025-12-25|push replenishment|004288,20251225-0386-C816-LARGE-#2
80807117|0386|C816|2025-12-25|push replenishment|004368_transit_20251225-0386-C816-LARGE-#2,2025-12-25,80807117,0386,C816,2025-12-25,2025-12-26,43,80807117|0386|C816|2025-12-25|push replenishment|004368,20251225-0386-C816-LARGE-#2
80812103|0386|C816|2025-12-25|push replenishment|004383_transit_20251225-0386-C816-LARGE-#2,2025-12-25,80812103,0386,C816,2025-12-25,2025-12-27,39,80812103|0386|C816|2025-12-25|push replenishment|004383,20251225-0386-C816-LARGE-#2
80812839|0386|C816|2025-12-25|push replenishment|004466_transit_20251225-0386-C816-LARGE-#2,2025-12-25,80812839,0386,C816,2025-12-25,2025-12-26,222,80812839|0386|C816|2025-12-25|push replenishment|004466,20251225-0386-C816-LARGE-#2
80812840|0386|C816|2025-12-25|push replenishment|004548_transit_20251225-0386-C816-LARGE-#2,2025-12-25,80812840,0386,C816,2025-12-25,2025-12-26,207,80812840|0386|C816|2025-12-25|push replenishment|004548,20251225-0386-C816-LARGE-#2
80812846|0386|C816|2025-12-25|push replenishment|004662_transit_20251225-0386-C816-LARGE-#2,2025-12-25,80812846,0386,C816,2025-12-25,2025-12-26,100,80812846|0386|C816|2025-12-25|push replenishment|004662,20251225-0386-C816-LARGE-#2
21143110|C810|E295|2025-12-25|net demand for normal|003827_transit_20251225-C810-E295-SMALL-#1,2025-12-25,21143110,C810,E295,2025-12-25,2025-12-30,19,21143110|C810|E295|2025-12-25|net demand for normal|003827,20251225-C810-E295-SMALL-#1
21143110|C810|E295|2025-12-25|net demand for forecast|003820_transit_20251225-C810-E295-SMALL-#1,2025-12-25,21143110,C810,E295,2025-12-25,2025-12-30,14,21143110|C810|E295|2025-12-25|net demand for forecast|003820,20251225-C810-E295-SMALL-#1
21143110|C810|E295|2025-12-25|net demand for forecast|003821_transit_20251225-C810-E295-SMALL-#1,2025-12-25,21143110,C810,E295,2025-12-25,2025-12-30,14,21143110|C810|E295|2025-12-25|net demand for forecast|003821,20251225-C810-E295-SMALL-#1
21143110|C810|E295|2025-12-25|net demand for forecast|003822_transit_20251225-C810-E295-SMALL-#1,2025-12-25,21143110,C810,E295,2025-12-25,2025-12-30,14,21143110|C810|E295|2025-12-25|net demand for forecast|003822,20251225-C810-E295-SMALL-#1
21143110|C810|E295|2025-12-25|net demand for forecast|003823_transit_20251225-C810-E295-SMALL-#1,2025-12-25,21143110,C810,E295,2025-12-25,2025-12-30,14,21143110|C810|E295|2025-12-25|net demand for forecast|003823,20251225-C810-E295-SMALL-#1
21143110|C810|E295|2025-12-25|net demand for forecast|003824_transit_20251225-C810-E295-SMALL-#1,2025-12-25,21143110,C810,E295,2025-12-25,2025-12-30,17,21143110|C810|E295|2025-12-25|net demand for forecast|003824,20251225-C810-E295-SMALL-#1
21143110|C810|E295|2025-12-25|net demand for forecast|003825_transit_20251225-C810-E295-SMALL-#1,2025-12-25,21143110,C810,E295,2025-12-25,2025-12-30,17,21143110|C810|E295|2025-12-25|net demand for forecast|003825,20251225-C810-E295-SMALL-#1
21143110|C810|E295|2025-12-25|net demand for forecast|003826_transit_20251225-C810-E295-SMALL-#1,2025-12-25,21143110,C810,E295,2025-12-25,2025-12-30,18,21143110|C810|E295|2025-12-25|net demand for forecast|003826,20251225-C810-E295-SMALL-#1
21132758|C810|E295|2025-12-16|net demand for safety|000070_transit_20251225-C810-E295-SMALL-#1,2025-12-25,21132758,C810,E295,2025-12-25,2025-12-30,34,21132758|C810|E295|2025-12-16|net demand for safety|000070,20251225-C810-E295-SMALL-#1
21143110|C810|E295|2025-12-16|net demand for safety|000071_transit_20251225-C810-E295-SMALL-#1,2025-12-25,21143110,C810,E295,2025-12-25,2025-12-30,3,21143110|C810|E295|2025-12-16|net demand for safety|000071,20251225-C810-E295-SMALL-#1
21151196|C810|E295|2025-12-16|net demand for safety|000072_transit_20251225-C810-E295-SMALL-#1,2025-12-25,21151196,C810,E295,2025-12-25,2025-12-30,27,21151196|C810|E295|2025-12-16|net demand for safety|000072,20251225-C810-E295-SMALL-#1
21132758|C810|E295|2025-12-17|net demand for safety|000116_transit_20251225-C810-E295-SMALL-#1,2025-12-25,21132758,C810,E295,2025-12-25,2025-12-30,3,21132758|C810|E295|2025-12-17|net demand for safety|000116,20251225-C810-E295-SMALL-#1
21151196|C810|E295|2025-12-17|net demand for safety|000119_transit_20251225-C810-E295-SMALL-#1,2025-12-25,21151196,C810,E295,2025-12-25,2025-12-30,6,21151196|C810|E295|2025-12-17|net demand for safety|000119,20251225-C810-E295-SMALL-#1
21127730|C810|E295|2025-12-19|net demand for safety|000169_transit_20251225-C810-E295-SMALL-#1,2025-12-25,21127730,C810,E295,2025-12-25,2025-12-30,2,21127730|C810|E295|2025-12-19|net demand for safety|000169,20251225-C810-E295-SMALL-#1
21103371|C810|E295|2025-12-20|net demand for safety|000739_transit_20251225-C810-E295-SMALL-#1,2025-12-25,21103371,C810,E295,2025-12-25,2025-12-30,22,21103371|C810|E295|2025-12-20|net demand for safety|000739,20251225-C810-E295-SMALL-#1
21103371|C810|E295|2025-12-21|net demand for safety|001165_transit_20251225-C810-E295-SMALL-#1,2025-12-25,21103371,C810,E295,2025-12-25,2025-12-30,42,21103371|C810|E295|2025-12-21|net demand for safety|001165,20251225-C810-E295-SMALL-#1
21103371|C810|E295|2025-12-23|net demand for safety|002372_transit_20251225-C810-E295-SMALL-#1,2025-12-25,21103371,C810,E295,2025-12-25,2025-12-30,2,21103371|C810|E295|2025-12-23|net demand for safety|002372,20251225-C810-E295-SMALL-#1
21103371|C810|E295|2025-12-24|net demand for safety|002934_transit_20251225-C810-E295-SMALL-#1,2025-12-25,21103371,C810,E295,2025-12-25,2025-12-30,21,21103371|C810|E295|2025-12-24|net demand for safety|002934,20251225-C810-E295-SMALL-#1
21103371|C810|E295|2025-12-25|net demand for safety|003691_transit_20251225-C810-E295-SMALL-#1,2025-12-25,21103371,C810,E295,2025-12-25,2025-12-30,24,21103371|C810|E295|2025-12-25|net demand for safety|003691,20251225-C810-E295-SMALL-#1
21143110|C810|E295|2025-12-25|net demand for safety|003828_transit_20251225-C810-E295-SMALL-#1,2025-12-25,21143110,C810,E295,2025-12-25,2025-12-30,72,21143110|C810|E295|2025-12-25|net demand for safety|003828,20251225-C810-E295-SMALL-#1
21414747|C816|A668|2025-12-25|net demand for normal|004050_transit_20251225-C816-A668-LARGE-#1,2025-12-25,21414747,C816,A668,2025-12-25,2025-12-29,32,21414747|C816|A668|2025-12-25|net demand for normal|004050,20251225-C816-A668-LARGE-#1
21419485|C816|A668|2025-12-25|net demand for normal|004080_transit_20251225-C816-A668-LARGE-#1,2025-12-25,21419485,C816,A668,2025-12-25,2025-12-29,6,21419485|C816|A668|2025-12-25|net demand for normal|004080,20251225-C816-A668-LARGE-#1
21419500|C816|A668|2025-12-25|net demand for normal|004114_transit_20251225-C816-A668-LARGE-#1,2025-12-25,21419500,C816,A668,2025-12-25,2025-12-29,2,21419500|C816|A668|2025-12-25|net demand for normal|004114,20251225-C816-A668-LARGE-#1
21414747|C816|A668|2025-12-25|net demand for forecast|004044_transit_20251225-C816-A668-LARGE-#1,2025-12-25,21414747,C816,A668,2025-12-25,2025-12-29,7,21414747|C816|A668|2025-12-25|net demand for forecast|004044,20251225-C816-A668-LARGE-#1
21414747|C816|A668|2025-12-25|net demand for forecast|004045_transit_20251225-C816-A668-LARGE-#1,2025-12-25,21414747,C816,A668,2025-12-25,2025-12-29,7,21414747|C816|A668|2025-12-25|net demand for forecast|004045,20251225-C816-A668-LARGE-#1
21414747|C816|A668|2025-12-25|net demand for forecast|004046_transit_20251225-C816-A668-LARGE-#1,2025-12-25,21414747,C816,A668,2025-12-25,2025-12-29,7,21414747|C816|A668|2025-12-25|net demand for forecast|004046,20251225-C816-A668-LARGE-#1
21414747|C816|A668|2025-12-25|net demand for forecast|004047_transit_20251225-C816-A668-LARGE-#1,2025-12-25,21414747,C816,A668,2025-12-25,2025-12-29,46,21414747|C816|A668|2025-12-25|net demand for forecast|004047,20251225-C816-A668-LARGE-#1
21414747|C816|A668|2025-12-25|net demand for forecast|004048_transit_20251225-C816-A668-LARGE-#1,2025-12-25,21414747,C816,A668,2025-12-25,2025-12-29,46,21414747|C816|A668|2025-12-25|net demand for forecast|004048,20251225-C816-A668-LARGE-#1
21414747|C816|A668|2025-12-25|net demand for forecast|004049_transit_20251225-C816-A668-LARGE-#1,2025-12-25,21414747,C816,A668,2025-12-25,2025-12-29,46,21414747|C816|A668|2025-12-25|net demand for forecast|004049,20251225-C816-A668-LARGE-#1
21419485|C816|A668|2025-12-25|net demand for forecast|004074_transit_20251225-C816-A668-LARGE-#1,2025-12-25,21419485,C816,A668,2025-12-25,2025-12-29,14,21419485|C816|A668|2025-12-25|net demand for forecast|004074,20251225-C816-A668-LARGE-#1
21419485|C816|A668|2025-12-25|net demand for forecast|004075_transit_20251225-C816-A668-LARGE-#1,2025-12-25,21419485,C816,A668,2025-12-25,2025-12-29,14,21419485|C816|A668|2025-12-25|net demand for forecast|004075,20251225-C816-A668-LARGE-#1
21419485|C816|A668|2025-12-25|net demand for forecast|004076_transit_20251225-C816-A668-LARGE-#1,2025-12-25,21419485,C816,A668,2025-12-25,2025-12-29,14,21419485|C816|A668|2025-12-25|net demand for forecast|004076,20251225-C816-A668-LARGE-#1
21419485|C816|A668|2025-12-25|net demand for forecast|004077_transit_20251225-C816-A668-LARGE-#1,2025-12-25,21419485,C816,A668,2025-12-25,2025-12-29,84,21419485|C816|A668|2025-12-25|net demand for forecast|004077,20251225-C816-A668-LARGE-#1
21419485|C816|A668|2025-12-25|net demand for forecast|004078_transit_20251225-C816-A668-LARGE-#1,2025-12-25,21419485,C816,A668,2025-12-25,2025-12-29,85,21419485|C816|A668|2025-12-25|net demand for forecast|004078,20251225-C816-A668-LARGE-#1
21419485|C816|A668|2025-12-25|net demand for forecast|004079_transit_20251225-C816-A668-LARGE-#1,2025-12-25,21419485,C816,A668,2025-12-25,2025-12-29,85,21419485|C816|A668|2025-12-25|net demand for forecast|004079,20251225-C816-A668-LARGE-#1
21419485|C816|A668|2025-12-25|net demand for safety|004081_transit_20251225-C816-A668-LARGE-#1,2025-12-25,21419485,C816,A668,2025-12-25,2025-12-29,95,21419485|C816|A668|2025-12-25|net demand for safety|004081,20251225-C816-A668-LARGE-#1
80807089|C816|A668|2025-12-25|net demand for safety|004205_transit_20251225-C816-A668-LARGE-#1,2025-12-25,80807089,C816,A668,2025-12-25,2025-12-29,2,80807089|C816|A668|2025-12-25|net demand for safety|004205,20251225-C816-A668-LARGE-#1
80884852|C816|A668|2025-12-25|net demand for safety|004678_transit_20251225-C816-A668-LARGE-#1,2025-12-25,80884852,C816,A668,2025-12-25,2025-12-29,11,80884852|C816|A668|2025-12-25|net demand for safety|004678,20251225-C816-A668-LARGE-#1
21307836|C816|A672|2025-12-25|net demand for normal|004025_transit_20251225-C816-A672-Train-#1,2025-12-25,21307836,C816,A672,2025-12-25,2026-01-02,1,21307836|C816|A672|2025-12-25|net demand for normal|004025,20251225-C816-A672-Train-#1
21414747|C816|A672|2025-12-25|net demand for normal|004058_transit_20251225-C816-A672-Train-#1,2025-12-25,21414747,C816,A672,2025-12-25,2026-01-02,72,21414747|C816|A672|2025-12-25|net demand for normal|004058,20251225-C816-A672-Train-#1
21419485|C816|A672|2025-12-25|net demand for normal|004089_transit_20251225-C816-A672-Train-#1,2025-12-25,21419485,C816,A672,2025-12-25,2026-01-02,30,21419485|C816|A672|2025-12-25|net demand for normal|004089,20251225-C816-A672-Train-#1
21419490|C816|A672|2025-12-25|net demand for normal|004113_transit_20251225-C816-A672-Train-#1,2025-12-25,21419490,C816,A672,2025-12-25,2026-01-02,10,21419490|C816|A672|2025-12-25|net demand for normal|004113,20251225-C816-A672-Train-#1
21139445|C816|A672|2025-12-25|net demand for forecast|003726_transit_20251225-C816-A672-Train-#1,2025-12-25,21139445,C816,A672,2025-12-25,2026-01-03,4,21139445|C816|A672|2025-12-25|net demand for forecast|003726,20251225-C816-A672-Train-#1
21139445|C816|A672|2025-12-25|net demand for forecast|003727_transit_20251225-C816-A672-Train-#1,2025-12-25,21139445,C816,A672,2025-12-25,2026-01-02,4,21139445|C816|A672|2025-12-25|net demand for forecast|003727,20251225-C816-A672-Train-#1
21139445|C816|A672|2025-12-25|net demand for forecast|003728_transit_20251225-C816-A672-Train-#1,2025-12-25,21139445,C816,A672,2025-12-25,2026-01-02,4,21139445|C816|A672|2025-12-25|net demand for forecast|003728,20251225-C816-A672-Train-#1
21139445|C816|A672|2025-12-25|net demand for forecast|003729_transit_20251225-C816-A672-Train-#1,2025-12-25,21139445,C816,A672,2025-12-25,2026-01-02,4,21139445|C816|A672|2025-12-25|net demand for forecast|003729,20251225-C816-A672-Train-#1
21139445|C816|A672|2025-12-25|net demand for forecast|003730_transit_20251225-C816-A672-Train-#1,2025-12-25,21139445,C816,A672,2025-12-25,2026-01-02,8,21139445|C816|A672|2025-12-25|net demand for forecast|003730,20251225-C816-A672-Train-#1
21139445|C816|A672|2025-12-25|net demand for forecast|003731_transit_20251225-C816-A672-Train-#1,2025-12-25,21139445,C816,A672,2025-12-25,2026-01-02,9,21139445|C816|A672|2025-12-25|net demand for forecast|003731,20251225-C816-A672-Train-#1
21139445|C816|A672|2025-12-25|net demand for forecast|003732_transit_20251225-C816-A672-Train-#1,2025-12-25,21139445,C816,A672,2025-12-25,2026-01-02,9,21139445|C816|A672|2025-12-25|net demand for forecast|003732,20251225-C816-A672-Train-#1
21307836|C816|A672|2025-12-25|net demand for forecast|004018_transit_20251225-C816-A672-Train-#1,2025-12-25,21307836,C816,A672,2025-12-25,2026-01-02,1,21307836|C816|A672|2025-12-25|net demand for forecast|004018,20251225-C816-A672-Train-#1
21307836|C816|A672|2025-12-25|net demand for forecast|004019_transit_20251225-C816-A672-Train-#1,2025-12-25,21307836,C816,A672,2025-12-25,2026-01-02,1,21307836|C816|A672|2025-12-25|net demand for forecast|004019,20251225-C816-A672-Train-#1
21307836|C816|A672|2025-12-25|net demand for forecast|004020_transit_20251225-C816-A672-Train-#1,2025-12-25,21307836,C816,A672,2025-12-25,2026-01-02,1,21307836|C816|A672|2025-12-25|net demand for forecast|004020,20251225-C816-A672-Train-#1
21307836|C816|A672|2025-12-25|net demand for forecast|004021_transit_20251225-C816-A672-Train-#1,2025-12-25,21307836,C816,A672,2025-12-25,2026-01-02,1,21307836|C816|A672|2025-12-25|net demand for forecast|004021,20251225-C816-A672-Train-#1
21307836|C816|A672|2025-12-25|net demand for forecast|004022_transit_20251225-C816-A672-Train-#1,2025-12-25,21307836,C816,A672,2025-12-25,2026-01-02,2,21307836|C816|A672|2025-12-25|net demand for forecast|004022,20251225-C816-A672-Train-#1
21307836|C816|A672|2025-12-25|net demand for forecast|004023_transit_20251225-C816-A672-Train-#1,2025-12-25,21307836,C816,A672,2025-12-25,2026-01-02,2,21307836|C816|A672|2025-12-25|net demand for forecast|004023,20251225-C816-A672-Train-#1
21307836|C816|A672|2025-12-25|net demand for forecast|004024_transit_20251225-C816-A672-Train-#1,2025-12-25,21307836,C816,A672,2025-12-25,2026-01-02,2,21307836|C816|A672|2025-12-25|net demand for forecast|004024,20251225-C816-A672-Train-#1
21414747|C816|A672|2025-12-25|net demand for forecast|004051_transit_20251225-C816-A672-Train-#1,2025-12-25,21414747,C816,A672,2025-12-25,2026-01-03,17,21414747|C816|A672|2025-12-25|net demand for forecast|004051,20251225-C816-A672-Train-#1
21414747|C816|A672|2025-12-25|net demand for forecast|004052_transit_20251225-C816-A672-Train-#1,2025-12-25,21414747,C816,A672,2025-12-25,2026-01-02,17,21414747|C816|A672|2025-12-25|net demand for forecast|004052,20251225-C816-A672-Train-#1
21414747|C816|A672|2025-12-25|net demand for forecast|004053_transit_20251225-C816-A672-Train-#1,2025-12-25,21414747,C816,A672,2025-12-25,2026-01-02,17,21414747|C816|A672|2025-12-25|net demand for forecast|004053,20251225-C816-A672-Train-#1
21414747|C816|A672|2025-12-25|net demand for forecast|004054_transit_20251225-C816-A672-Train-#1,2025-12-25,21414747,C816,A672,2025-12-25,2026-01-03,17,21414747|C816|A672|2025-12-25|net demand for forecast|004054,20251225-C816-A672-Train-#1
21414747|C816|A672|2025-12-25|net demand for forecast|004055_transit_20251225-C816-A672-Train-#1,2025-12-25,21414747,C816,A672,2025-12-25,2026-01-02,109,21414747|C816|A672|2025-12-25|net demand for forecast|004055,20251225-C816-A672-Train-#1
21414747|C816|A672|2025-12-25|net demand for forecast|004056_transit_20251225-C816-A672-Train-#1,2025-12-25,21414747,C816,A672,2025-12-25,2026-01-02,109,21414747|C816|A672|2025-12-25|net demand for forecast|004056,20251225-C816-A672-Train-#1
21414747|C816|A672|2025-12-25|net demand for forecast|004057_transit_20251225-C816-A672-Train-#1,2025-12-25,21414747,C816,A672,2025-12-25,2026-01-02,109,21414747|C816|A672|2025-12-25|net demand for forecast|004057,20251225-C816-A672-Train-#1
21419485|C816|A672|2025-12-25|net demand for forecast|004082_transit_20251225-C816-A672-Train-#1,2025-12-25,21419485,C816,A672,2025-12-25,2026-01-02,28,21419485|C816|A672|2025-12-25|net demand for forecast|004082,20251225-C816-A672-Train-#1
21419485|C816|A672|2025-12-25|net demand for forecast|004083_transit_20251225-C816-A672-Train-#1,2025-12-25,21419485,C816,A672,2025-12-25,2026-01-02,29,21419485|C816|A672|2025-12-25|net demand for forecast|004083,20251225-C816-A672-Train-#1
21419485|C816|A672|2025-12-25|net demand for forecast|004084_transit_20251225-C816-A672-Train-#1,2025-12-25,21419485,C816,A672,2025-12-25,2026-01-03,29,21419485|C816|A672|2025-12-25|net demand for forecast|004084,20251225-C816-A672-Train-#1
21419485|C816|A672|2025-12-25|net demand for forecast|004085_transit_20251225-C816-A672-Train-#1,2025-12-25,21419485,C816,A672,2025-12-25,2026-01-02,29,21419485|C816|A672|2025-12-25|net demand for forecast|004085,20251225-C816-A672-Train-#1
21419485|C816|A672|2025-12-25|net demand for forecast|004086_transit_20251225-C816-A672-Train-#1,2025-12-25,21419485,C816,A672,2025-12-25,2026-01-02,167,21419485|C816|A672|2025-12-25|net demand for forecast|004086,20251225-C816-A672-Train-#1
21419485|C816|A672|2025-12-25|net demand for forecast|004087_transit_20251225-C816-A672-Train-#1,2025-12-25,21419485,C816,A672,2025-12-25,2026-01-02,168,21419485|C816|A672|2025-12-25|net demand for forecast|004087,20251225-C816-A672-Train-#1
21419485|C816|A672|2025-12-25|net demand for forecast|004088_transit_20251225-C816-A672-Train-#1,2025-12-25,21419485,C816,A672,2025-12-25,2026-01-02,168,21419485|C816|A672|2025-12-25|net demand for forecast|004088,20251225-C816-A672-Train-#1
21419490|C816|A672|2025-12-25|net demand for forecast|004106_transit_20251225-C816-A672-Train-#1,2025-12-25,21419490,C816,A672,2025-12-25,2026-01-02,3,21419490|C816|A672|2025-12-25|net demand for forecast|004106,20251225-C816-A672-Train-#1
21419490|C816|A672|2025-12-25|net demand for forecast|004107_transit_20251225-C816-A672-Train-#1,2025-12-25,21419490,C816,A672,2025-12-25,2026-01-02,3,21419490|C816|A672|2025-12-25|net demand for forecast|004107,20251225-C816-A672-Train-#1
21419490|C816|A672|2025-12-25|net demand for forecast|004108_transit_20251225-C816-A672-Train-#1,2025-12-25,21419490,C816,A672,2025-12-25,2026-01-02,3,21419490|C816|A672|2025-12-25|net demand for forecast|004108,20251225-C816-A672-Train-#1
21419490|C816|A672|2025-12-25|net demand for forecast|004109_transit_20251225-C816-A672-Train-#1,2025-12-25,21419490,C816,A672,2025-12-25,2026-01-02,3,21419490|C816|A672|2025-12-25|net demand for forecast|004109,20251225-C816-A672-Train-#1
21419490|C816|A672|2025-12-25|net demand for forecast|004110_transit_20251225-C816-A672-Train-#1,2025-12-25,21419490,C816,A672,2025-12-25,2026-01-02,15,21419490|C816|A672|2025-12-25|net demand for forecast|004110,20251225-C816-A672-Train-#1
21419490|C816|A672|2025-12-25|net demand for forecast|004111_transit_20251225-C816-A672-Train-#1,2025-12-25,21419490,C816,A672,2025-12-25,2026-01-02,15,21419490|C816|A672|2025-12-25|net demand for forecast|004111,20251225-C816-A672-Train-#1
21419490|C816|A672|2025-12-25|net demand for forecast|004112_transit_20251225-C816-A672-Train-#1,2025-12-25,21419490,C816,A672,2025-12-25,2026-01-02,15,21419490|C816|A672|2025-12-25|net demand for forecast|004112,20251225-C816-A672-Train-#1
21414747|C816|A673|2025-12-25|net demand for normal|004065_transit_20251225-C816-A673-LARGE-#1,2025-12-25,21414747,C816,A673,2025-12-25,2025-12-29,69,21414747|C816|A673|2025-12-25|net demand for normal|004065,20251225-C816-A673-LARGE-#1
21419485|C816|A673|2025-12-25|net demand for normal|004096_transit_20251225-C816-A673-LARGE-#1,2025-12-25,21419485,C816,A673,2025-12-25,2025-12-29,59,21419485|C816|A673|2025-12-25|net demand for normal|004096,20251225-C816-A673-LARGE-#1
21139445|C816|A673|2025-12-25|net demand for net demand for normal|003737_transit_20251225-C816-A673-LARGE-#1,2025-12-25,21139445,C816,A673,2025-12-25,2025-12-29,5,21139445|C816|A673|2025-12-25|net demand for net demand for normal|003737,20251225-C816-A673-LARGE-#1
21414747|C816|A673|2025-12-25|net demand for forecast|004059_transit_20251225-C816-A673-LARGE-#1,2025-12-25,21414747,C816,A673,2025-12-25,2025-12-29,13,21414747|C816|A673|2025-12-25|net demand for forecast|004059,20251225-C816-A673-LARGE-#1
21414747|C816|A673|2025-12-25|net demand for forecast|004060_transit_20251225-C816-A673-LARGE-#1,2025-12-25,21414747,C816,A673,2025-12-25,2025-12-29,13,21414747|C816|A673|2025-12-25|net demand for forecast|004060,20251225-C816-A673-LARGE-#1
21414747|C816|A673|2025-12-25|net demand for forecast|004061_transit_20251225-C816-A673-LARGE-#1,2025-12-25,21414747,C816,A673,2025-12-25,2025-12-29,13,21414747|C816|A673|2025-12-25|net demand for forecast|004061,20251225-C816-A673-LARGE-#1
21414747|C816|A673|2025-12-25|net demand for forecast|004062_transit_20251225-C816-A673-LARGE-#1,2025-12-25,21414747,C816,A673,2025-12-25,2025-12-29,84,21414747|C816|A673|2025-12-25|net demand for forecast|004062,20251225-C816-A673-LARGE-#1
21414747|C816|A673|2025-12-25|net demand for forecast|004063_transit_20251225-C816-A673-LARGE-#1,2025-12-25,21414747,C816,A673,2025-12-25,2025-12-29,85,21414747|C816|A673|2025-12-25|net demand for forecast|004063,20251225-C816-A673-LARGE-#1
21414747|C816|A673|2025-12-25|net demand for forecast|004064_transit_20251225-C816-A673-LARGE-#1,2025-12-25,21414747,C816,A673,2025-12-25,2025-12-29,85,21414747|C816|A673|2025-12-25|net demand for forecast|004064,20251225-C816-A673-LARGE-#1
21419485|C816|A673|2025-12-25|net demand for forecast|004090_transit_20251225-C816-A673-LARGE-#1,2025-12-25,21419485,C816,A673,2025-12-25,2025-12-30,41,21419485|C816|A673|2025-12-25|net demand for forecast|004090,20251225-C816-A673-LARGE-#1
21419485|C816|A673|2025-12-25|net demand for forecast|004091_transit_20251225-C816-A673-LARGE-#1,2025-12-25,21419485,C816,A673,2025-12-25,2025-12-29,41,21419485|C816|A673|2025-12-25|net demand for forecast|004091,20251225-C816-A673-LARGE-#1
21419485|C816|A673|2025-12-25|net demand for forecast|004092_transit_20251225-C816-A673-LARGE-#1,2025-12-25,21419485,C816,A673,2025-12-25,2025-12-29,42,21419485|C816|A673|2025-12-25|net demand for forecast|004092,20251225-C816-A673-LARGE-#1
21419485|C816|A673|2025-12-25|net demand for forecast|004093_transit_20251225-C816-A673-LARGE-#1,2025-12-25,21419485,C816,A673,2025-12-25,2025-12-29,249,21419485|C816|A673|2025-12-25|net demand for forecast|004093,20251225-C816-A673-LARGE-#1
21419485|C816|A673|2025-12-25|net demand for forecast|004094_transit_20251225-C816-A673-LARGE-#1,2025-12-25,21419485,C816,A673,2025-12-25,2025-12-29,249,21419485|C816|A673|2025-12-25|net demand for forecast|004094,20251225-C816-A673-LARGE-#1
21419485|C816|A673|2025-12-25|net demand for forecast|004095_transit_20251225-C816-A673-LARGE-#1,2025-12-25,21419485,C816,A673,2025-12-25,2025-12-29,250,21419485|C816|A673|2025-12-25|net demand for forecast|004095,20251225-C816-A673-LARGE-#1
21139445|C816|A673|2025-12-25|net demand for net demand for forecast|003733_transit_20251225-C816-A673-LARGE-#1,2025-12-25,21139445,C816,A673,2025-12-25,2025-12-29,3,21139445|C816|A673|2025-12-25|net demand for net demand for forecast|003733,20251225-C816-A673-LARGE-#1
21139445|C816|A673|2025-12-25|net demand for net demand for forecast|003734_transit_20251225-C816-A673-LARGE-#1,2025-12-25,21139445,C816,A673,2025-12-25,2025-12-29,4,21139445|C816|A673|2025-12-25|net demand for net demand for forecast|003734,20251225-C816-A673-LARGE-#1
21139445|C816|A673|2025-12-25|net demand for net demand for forecast|003735_transit_20251225-C816-A673-LARGE-#1,2025-12-25,21139445,C816,A673,2025-12-25,2025-12-29,4,21139445|C816|A673|2025-12-25|net demand for net demand for forecast|003735,20251225-C816-A673-LARGE-#1
21139445|C816|A673|2025-12-25|net demand for net demand for forecast|003736_transit_20251225-C816-A673-LARGE-#1,2025-12-25,21139445,C816,A673,2025-12-25,2025-12-29,4,21139445|C816|A673|2025-12-25|net demand for net demand for forecast|003736,20251225-C816-A673-LARGE-#1
21419485|C816|A673|2025-12-25|net demand for safety|004097_transit_20251225-C816-A673-LARGE-#1,2025-12-25,21419485,C816,A673,2025-12-25,2025-12-30,279,21419485|C816|A673|2025-12-25|net demand for safety|004097,20251225-C816-A673-LARGE-#1
80804701|C816|A673|2025-12-25|net demand for safety|004204_transit_20251225-C816-A673-LARGE-#1,2025-12-25,80804701,C816,A673,2025-12-25,2025-12-29,17,80804701|C816|A673|2025-12-25|net demand for safety|004204,20251225-C816-A673-LARGE-#1
80848021|C816|A673|2025-12-25|net demand for safety|004664_transit_20251225-C816-A673-LARGE-#1,2025-12-25,80848021,C816,A673,2025-12-25,2025-12-30,2,80848021|C816|A673|2025-12-25|net demand for safety|004664,20251225-C816-A673-LARGE-#1
80884852|C816|A673|2025-12-25|net demand for safety|004679_transit_20251225-C816-A673-LARGE-#1,2025-12-25,80884852,C816,A673,2025-12-25,2025-12-29,49,80884852|C816|A673|2025-12-25|net demand for safety|004679,20251225-C816-A673-LARGE-#1
21139445|C816|A673|2025-12-25|net demand for net demand for safety|003738_transit_20251225-C816-A673-LARGE-#1,2025-12-25,21139445,C816,A673,2025-12-25,2025-12-29,25,21139445|C816|A673|2025-12-25|net demand for net demand for safety|003738,20251225-C816-A673-LARGE-#1
21139445|C816|A680|2025-12-25|net demand for normal|003746_transit_20251225-C816-A680-Train-#1,2025-12-25,21139445,C816,A680,2025-12-25,2026-01-01,6,21139445|C816|A680|2025-12-25|net demand for normal|003746,20251225-C816-A680-Train-#1
21307836|C816|A680|2025-12-25|net demand for normal|004033_transit_20251225-C816-A680-Train-#1,2025-12-25,21307836,C816,A680,2025-12-25,2025-12-31,1,21307836|C816|A680|2025-12-25|net demand for normal|004033,20251225-C816-A680-Train-#1
21414747|C816|A680|2025-12-25|net demand for normal|004073_transit_20251225-C816-A680-Train-#1,2025-12-25,21414747,C816,A680,2025-12-25,2025-12-31,56,21414747|C816|A680|2025-12-25|net demand for normal|004073,20251225-C816-A680-Train-#1
21419485|C816|A680|2025-12-25|net demand for normal|004105_transit_20251225-C816-A680-Train-#1,2025-12-25,21419485,C816,A680,2025-12-25,2025-12-31,79,21419485|C816|A680|2025-12-25|net demand for normal|004105,20251225-C816-A680-Train-#1
21139445|C816|A680|2025-12-25|net demand for forecast|003739_transit_20251225-C816-A680-Train-#1,2025-12-25,21139445,C816,A680,2025-12-25,2025-12-31,2,21139445|C816|A680|2025-12-25|net demand for forecast|003739,20251225-C816-A680-Train-#1
21139445|C816|A680|2025-12-25|net demand for forecast|003740_transit_20251225-C816-A680-Train-#1,2025-12-25,21139445,C816,A680,2025-12-25,2025-12-31,2,21139445|C816|A680|2025-12-25|net demand for forecast|003740,20251225-C816-A680-Train-#1
21139445|C816|A680|2025-12-25|net demand for forecast|003741_transit_20251225-C816-A680-Train-#1,2025-12-25,21139445,C816,A680,2025-12-25,2025-12-31,2,21139445|C816|A680|2025-12-25|net demand for forecast|003741,20251225-C816-A680-Train-#1
21139445|C816|A680|2025-12-25|net demand for forecast|003742_transit_20251225-C816-A680-Train-#1,2025-12-25,21139445,C816,A680,2025-12-25,2025-12-31,2,21139445|C816|A680|2025-12-25|net demand for forecast|003742,20251225-C816-A680-Train-#1
21139445|C816|A680|2025-12-25|net demand for forecast|003743_transit_20251225-C816-A680-Train-#1,2025-12-25,21139445,C816,A680,2025-12-25,2025-12-31,4,21139445|C816|A680|2025-12-25|net demand for forecast|003743,20251225-C816-A680-Train-#1
21139445|C816|A680|2025-12-25|net demand for forecast|003744_transit_20251225-C816-A680-Train-#1,2025-12-25,21139445,C816,A680,2025-12-25,2025-12-31,4,21139445|C816|A680|2025-12-25|net demand for forecast|003744,20251225-C816-A680-Train-#1
21139445|C816|A680|2025-12-25|net demand for forecast|003745_transit_20251225-C816-A680-Train-#1,2025-12-25,21139445,C816,A680,2025-12-25,2025-12-31,4,21139445|C816|A680|2025-12-25|net demand for forecast|003745,20251225-C816-A680-Train-#1
21307836|C816|A680|2025-12-25|net demand for forecast|004026_transit_20251225-C816-A680-Train-#1,2025-12-25,21307836,C816,A680,2025-12-25,2025-12-31,1,21307836|C816|A680|2025-12-25|net demand for forecast|004026,20251225-C816-A680-Train-#1
21307836|C816|A680|2025-12-25|net demand for forecast|004027_transit_20251225-C816-A680-Train-#1,2025-12-25,21307836,C816,A680,2025-12-25,2025-12-31,1,21307836|C816|A680|2025-12-25|net demand for forecast|004027,20251225-C816-A680-Train-#1
21307836|C816|A680|2025-12-25|net demand for forecast|004028_transit_20251225-C816-A680-Train-#1,2025-12-25,21307836,C816,A680,2025-12-25,2025-12-31,1,21307836|C816|A680|2025-12-25|net demand for forecast|004028,20251225-C816-A680-Train-#1
21307836|C816|A680|2025-12-25|net demand for forecast|004029_transit_20251225-C816-A680-Train-#1,2025-12-25,21307836,C816,A680,2025-12-25,2025-12-31,1,21307836|C816|A680|2025-12-25|net demand for forecast|004029,20251225-C816-A680-Train-#1
21307836|C816|A680|2025-12-25|net demand for forecast|004030_transit_20251225-C816-A680-Train-#1,2025-12-25,21307836,C816,A680,2025-12-25,2025-12-31,1,21307836|C816|A680|2025-12-25|net demand for forecast|004030,20251225-C816-A680-Train-#1
21307836|C816|A680|2025-12-25|net demand for forecast|004031_transit_20251225-C816-A680-Train-#1,2025-12-25,21307836,C816,A680,2025-12-25,2025-12-31,1,21307836|C816|A680|2025-12-25|net demand for forecast|004031,20251225-C816-A680-Train-#1
21307836|C816|A680|2025-12-25|net demand for forecast|004032_transit_20251225-C816-A680-Train-#1,2025-12-25,21307836,C816,A680,2025-12-25,2025-12-31,1,21307836|C816|A680|2025-12-25|net demand for forecast|004032,20251225-C816-A680-Train-#1
21414747|C816|A680|2025-12-25|net demand for forecast|004066_transit_20251225-C816-A680-Train-#1,2025-12-25,21414747,C816,A680,2025-12-25,2025-12-31,6,21414747|C816|A680|2025-12-25|net demand for forecast|004066,20251225-C816-A680-Train-#1
21414747|C816|A680|2025-12-25|net demand for forecast|004067_transit_20251225-C816-A680-Train-#1,2025-12-25,21414747,C816,A680,2025-12-25,2025-12-31,6,21414747|C816|A680|2025-12-25|net demand for forecast|004067,20251225-C816-A680-Train-#1
21414747|C816|A680|2025-12-25|net demand for forecast|004068_transit_20251225-C816-A680-Train-#1,2025-12-25,21414747,C816,A680,2025-12-25,2025-12-31,6,21414747|C816|A680|2025-12-25|net demand for forecast|004068,20251225-C816-A680-Train-#1
21414747|C816|A680|2025-12-25|net demand for forecast|004069_transit_20251225-C816-A680-Train-#1,2025-12-25,21414747,C816,A680,2025-12-25,2025-12-31,6,21414747|C816|A680|2025-12-25|net demand for forecast|004069,20251225-C816-A680-Train-#1
21414747|C816|A680|2025-12-25|net demand for forecast|004070_transit_20251225-C816-A680-Train-#1,2025-12-25,21414747,C816,A680,2025-12-25,2025-12-31,44,21414747|C816|A680|2025-12-25|net demand for forecast|004070,20251225-C816-A680-Train-#1
21414747|C816|A680|2025-12-25|net demand for forecast|004071_transit_20251225-C816-A680-Train-#1,2025-12-25,21414747,C816,A680,2025-12-25,2025-12-31,44,21414747|C816|A680|2025-12-25|net demand for forecast|004071,20251225-C816-A680-Train-#1
21414747|C816|A680|2025-12-25|net demand for forecast|004072_transit_20251225-C816-A680-Train-#1,2025-12-25,21414747,C816,A680,2025-12-25,2025-12-31,44,21414747|C816|A680|2025-12-25|net demand for forecast|004072,20251225-C816-A680-Train-#1
21419485|C816|A680|2025-12-25|net demand for forecast|004098_transit_20251225-C816-A680-Train-#1,2025-12-25,21419485,C816,A680,2025-12-25,2025-12-31,13,21419485|C816|A680|2025-12-25|net demand for forecast|004098,20251225-C816-A680-Train-#1
21419485|C816|A680|2025-12-25|net demand for forecast|004099_transit_20251225-C816-A680-Train-#1,2025-12-25,21419485,C816,A680,2025-12-25,2025-12-31,13,21419485|C816|A680|2025-12-25|net demand for forecast|004099,20251225-C816-A680-Train-#1
21419485|C816|A680|2025-12-25|net demand for forecast|004100_transit_20251225-C816-A680-Train-#1,2025-12-25,21419485,C816,A680,2025-12-25,2025-12-31,13,21419485|C816|A680|2025-12-25|net demand for forecast|004100,20251225-C816-A680-Train-#1
21419485|C816|A680|2025-12-25|net demand for forecast|004101_transit_20251225-C816-A680-Train-#1,2025-12-25,21419485,C816,A680,2025-12-25,2026-01-01,13,21419485|C816|A680|2025-12-25|net demand for forecast|004101,20251225-C816-A680-Train-#1
21419485|C816|A680|2025-12-25|net demand for forecast|004102_transit_20251225-C816-A680-Train-#1,2025-12-25,21419485,C816,A680,2025-12-25,2025-12-31,89,21419485|C816|A680|2025-12-25|net demand for forecast|004102,20251225-C816-A680-Train-#1
21419485|C816|A680|2025-12-25|net demand for forecast|004103_transit_20251225-C816-A680-Train-#1,2025-12-25,21419485,C816,A680,2025-12-25,2025-12-31,89,21419485|C816|A680|2025-12-25|net demand for forecast|004103,20251225-C816-A680-Train-#1
21419485|C816|A680|2025-12-25|net demand for forecast|004104_transit_20251225-C816-A680-Train-#1,2025-12-25,21419485,C816,A680,2025-12-25,2026-01-01,89,21419485|C816|A680|2025-12-25|net demand for forecast|004104,20251225-C816-A680-Train-#1
80868100|C816|A680|2025-12-25|net demand for forecast|004672_transit_20251225-C816-A680-Train-#1,2025-12-25,80868100,C816,A680,2025-12-25,2025-12-31,1,80868100|C816|A680|2025-12-25|net demand for forecast|004672,20251225-C816-A680-Train-#1
80868100|C816|A680|2025-12-25|net demand for forecast|004673_transit_20251225-C816-A680-Train-#1,2025-12-25,80868100,C816,A680,2025-12-25,2025-12-31,1,80868100|C816|A680|2025-12-25|net demand for forecast|004673,20251225-C816-A680-Train-#1
80868100|C816|A680|2025-12-25|net demand for forecast|004674_transit_20251225-C816-A680-Train-#1,2025-12-25,80868100,C816,A680,2025-12-25,2025-12-31,1,80868100|C816|A680|2025-12-25|net demand for forecast|004674,20251225-C816-A680-Train-#1
80868100|C816|A680|2025-12-25|net demand for forecast|004675_transit_20251225-C816-A680-Train-#1,2025-12-25,80868100,C816,A680,2025-12-25,2025-12-31,1,80868100|C816|A680|2025-12-25|net demand for forecast|004675,20251225-C816-A680-Train-#1
80868100|C816|A680|2025-12-25|net demand for forecast|004676_transit_20251225-C816-A680-Train-#1,2025-12-25,80868100,C816,A680,2025-12-25,2025-12-31,1,80868100|C816|A680|2025-12-25|net demand for forecast|004676,20251225-C816-A680-Train-#1
80868100|C816|A680|2025-12-25|net demand for forecast|004677_transit_20251225-C816-A680-Train-#1,2025-12-25,80868100,C816,A680,2025-12-25,2025-12-31,1,80868100|C816|A680|2025-12-25|net demand for forecast|004677,20251225-C816-A680-Train-#1
80884852|C816|A680|2025-12-25|net demand for forecast|004680_transit_20251225-C816-A680-Train-#1,2025-12-25,80884852,C816,A680,2025-12-25,2025-12-31,1,80884852|C816|A680|2025-12-25|net demand for forecast|004680,20251225-C816-A680-Train-#1
80884852|C816|A680|2025-12-25|net demand for forecast|004681_transit_20251225-C816-A680-Train-#1,2025-12-25,80884852,C816,A680,2025-12-25,2025-12-31,1,80884852|C816|A680|2025-12-25|net demand for forecast|004681,20251225-C816-A680-Train-#1
80884852|C816|A680|2025-12-25|net demand for forecast|004682_transit_20251225-C816-A680-Train-#1,2025-12-25,80884852,C816,A680,2025-12-25,2025-12-31,1,80884852|C816|A680|2025-12-25|net demand for forecast|004682,20251225-C816-A680-Train-#1
80884852|C816|A680|2025-12-25|net demand for forecast|004683_transit_20251225-C816-A680-Train-#1,2025-12-25,80884852,C816,A680,2025-12-25,2025-12-31,2,80884852|C816|A680|2025-12-25|net demand for forecast|004683,20251225-C816-A680-Train-#1
80884852|C816|A680|2025-12-25|net demand for forecast|004684_transit_20251225-C816-A680-Train-#1,2025-12-25,80884852,C816,A680,2025-12-25,2025-12-31,7,80884852|C816|A680|2025-12-25|net demand for forecast|004684,20251225-C816-A680-Train-#1
80884852|C816|A680|2025-12-25|net demand for forecast|004685_transit_20251225-C816-A680-Train-#1,2025-12-25,80884852,C816,A680,2025-12-25,2025-12-31,7,80884852|C816|A680|2025-12-25|net demand for forecast|004685,20251225-C816-A680-Train-#1
80884852|C816|A680|2025-12-25|net demand for forecast|004686_transit_20251225-C816-A680-Train-#1,2025-12-25,80884852,C816,A680,2025-12-25,2025-12-31,7,80884852|C816|A680|2025-12-25|net demand for forecast|004686,20251225-C816-A680-Train-#1
21143110|0386|C810|2025-12-24|net demand for net demand for normal|003037_transit_20251225-0386-C810-LARGE-#1,2025-12-25,21143110,0386,C810,2025-12-25,2025-12-27,3,21143110|0386|C810|2025-12-24|net demand for net demand for normal|003037,20251225-0386-C810-LARGE-#1
21143102|0386|C810|2025-12-25|net demand for net demand for forecast|003811_transit_20251225-0386-C810-LARGE-#1,2025-12-25,21143102,0386,C810,2025-12-25,2025-12-27,1,21143102|0386|C810|2025-12-25|net demand for net demand for forecast|003811,20251225-0386-C810-LARGE-#1
21143102|0386|C810|2025-12-25|net demand for net demand for forecast|003812_transit_20251225-0386-C810-LARGE-#1,2025-12-25,21143102,0386,C810,2025-12-25,2025-12-27,1,21143102|0386|C810|2025-12-25|net demand for net demand for forecast|003812,20251225-0386-C810-LARGE-#1
21143102|0386|C810|2025-12-25|net demand for net demand for forecast|003813_transit_20251225-0386-C810-LARGE-#1,2025-12-25,21143102,0386,C810,2025-12-25,2025-12-27,1,21143102|0386|C810|2025-12-25|net demand for net demand for forecast|003813,20251225-0386-C810-LARGE-#1
21143102|0386|C810|2025-12-25|net demand for net demand for forecast|003814_transit_20251225-0386-C810-LARGE-#1,2025-12-25,21143102,0386,C810,2025-12-25,2025-12-27,1,21143102|0386|C810|2025-12-25|net demand for net demand for forecast|003814,20251225-0386-C810-LARGE-#1
21143102|0386|C810|2025-12-25|net demand for net demand for forecast|003815_transit_20251225-0386-C810-LARGE-#1,2025-12-25,21143102,0386,C810,2025-12-25,2025-12-27,1,21143102|0386|C810|2025-12-25|net demand for net demand for forecast|003815,20251225-0386-C810-LARGE-#1
21143102|0386|C810|2025-12-25|net demand for net demand for forecast|003816_transit_20251225-0386-C810-LARGE-#1,2025-12-25,21143102,0386,C810,2025-12-25,2025-12-27,1,21143102|0386|C810|2025-12-25|net demand for net demand for forecast|003816,20251225-0386-C810-LARGE-#1
21143102|0386|C810|2025-12-25|net demand for net demand for forecast|003817_transit_20251225-0386-C810-LARGE-#1,2025-12-25,21143102,0386,C810,2025-12-25,2025-12-27,1,21143102|0386|C810|2025-12-25|net demand for net demand for forecast|003817,20251225-0386-C810-LARGE-#1
21155895|0386|C810|2025-12-25|net demand for net demand for forecast|003944_transit_20251225-0386-C810-LARGE-#1,2025-12-25,21155895,0386,C810,2025-12-25,2025-12-27,1,21155895|0386|C810|2025-12-25|net demand for net demand for forecast|003944,20251225-0386-C810-LARGE-#1
21155895|0386|C810|2025-12-25|net demand for net demand for forecast|003945_transit_20251225-0386-C810-LARGE-#1,2025-12-25,21155895,0386,C810,2025-12-25,2025-12-27,1,21155895|0386|C810|2025-12-25|net demand for net demand for forecast|003945,20251225-0386-C810-LARGE-#1
21155895|0386|C810|2025-12-25|net demand for net demand for forecast|003946_transit_20251225-0386-C810-LARGE-#1,2025-12-25,21155895,0386,C810,2025-12-25,2025-12-27,1,21155895|0386|C810|2025-12-25|net demand for net demand for forecast|003946,20251225-0386-C810-LARGE-#1
21155895|0386|C810|2025-12-25|net demand for net demand for forecast|003947_transit_20251225-0386-C810-LARGE-#1,2025-12-25,21155895,0386,C810,2025-12-25,2025-12-27,1,21155895|0386|C810|2025-12-25|net demand for net demand for forecast|003947,20251225-0386-C810-LARGE-#1
21155895|0386|C810|2025-12-25|net demand for net demand for forecast|003948_transit_20251225-0386-C810-LARGE-#1,2025-12-25,21155895,0386,C810,2025-12-25,2025-12-27,1,21155895|0386|C810|2025-12-25|net demand for net demand for forecast|003948,20251225-0386-C810-LARGE-#1
21155895|0386|C810|2025-12-25|net demand for net demand for forecast|003949_transit_20251225-0386-C810-LARGE-#1,2025-12-25,21155895,0386,C810,2025-12-25,2025-12-27,1,21155895|0386|C810|2025-12-25|net demand for net demand for forecast|003949,20251225-0386-C810-LARGE-#1
21155895|0386|C810|2025-12-25|net demand for net demand for forecast|003950_transit_20251225-0386-C810-LARGE-#1,2025-12-25,21155895,0386,C810,2025-12-25,2025-12-27,1,21155895|0386|C810|2025-12-25|net demand for net demand for forecast|003950,20251225-0386-C810-LARGE-#1
21155895|0386|C810|2025-12-25|net demand for net demand for forecast|003951_transit_20251225-0386-C810-LARGE-#1,2025-12-25,21155895,0386,C810,2025-12-25,2025-12-27,1,21155895|0386|C810|2025-12-25|net demand for net demand for forecast|003951,20251225-0386-C810-LARGE-#1
21155895|0386|C810|2025-12-25|net demand for net demand for forecast|003952_transit_20251225-0386-C810-LARGE-#1,2025-12-25,21155895,0386,C810,2025-12-25,2025-12-27,1,21155895|0386|C810|2025-12-25|net demand for net demand for forecast|003952,20251225-0386-C810-LARGE-#1
21155895|0386|C810|2025-12-25|net demand for net demand for forecast|003953_transit_20251225-0386-C810-LARGE-#1,2025-12-25,21155895,0386,C810,2025-12-25,2025-12-27,2,21155895|0386|C810|2025-12-25|net demand for net demand for forecast|003953,20251225-0386-C810-LARGE-#1
21155895|0386|C810|2025-12-25|net demand for net demand for forecast|003954_transit_20251225-0386-C810-LARGE-#1,2025-12-25,21155895,0386,C810,2025-12-25,2025-12-27,2,21155895|0386|C810|2025-12-25|net demand for net demand for forecast|003954,20251225-0386-C810-LARGE-#1
80805856|0386|C810|2025-12-24|net demand for safety|003403_transit_20251225-0386-C810-LARGE-#1,2025-12-25,80805856,0386,C810,2025-12-25,2025-12-27,15,80805856|0386|C810|2025-12-24|net demand for safety|003403,20251225-0386-C810-LARGE-#1
80807090|0386|C810|2025-12-24|net demand for safety|003449_transit_20251225-0386-C810-LARGE-#1,2025-12-25,80807090,0386,C810,2025-12-25,2025-12-28,5,80807090|0386|C810|2025-12-24|net demand for safety|003449,20251225-0386-C810-LARGE-#1
80812840|0386|C810|2025-12-24|net demand for safety|003558_transit_20251225-0386-C810-LARGE-#1,2025-12-25,80812840,0386,C810,2025-12-25,2025-12-27,8,80812840|0386|C810|2025-12-24|net demand for safety|003558,20251225-0386-C810-LARGE-#1
21155895|0386|C810|2025-12-25|net demand for safety|003957_transit_20251225-0386-C810-LARGE-#1,2025-12-25,21155895,0386,C810,2025-12-25,2025-12-27,4,21155895|0386|C810|2025-12-25|net demand for safety|003957,20251225-0386-C810-LARGE-#1
80807093|0386|C810|2025-12-25|net demand for safety|004228_transit_20251225-0386-C810-LARGE-#1,2025-12-25,80807093,0386,C810,2025-12-25,2025-12-27,4,80807093|0386|C810|2025-12-25|net demand for safety|004228,20251225-0386-C810-LARGE-#1
80807097|0386|C810|2025-12-25|net demand for safety|004286_transit_20251225-0386-C810-LARGE-#1,2025-12-25,80807097,0386,C810,2025-12-25,2025-12-28,1,80807097|0386|C810|2025-12-25|net demand for safety|004286,20251225-0386-C810-LARGE-#1
80807110|0386|C810|2025-12-25|net demand for safety|004341_transit_20251225-0386-C810-LARGE-#1,2025-12-25,80807110,0386,C810,2025-12-25,2025-12-27,12,80807110|0386|C810|2025-12-25|net demand for safety|004341,20251225-0386-C810-LARGE-#1
80812839|0386|C810|2025-12-25|net demand for safety|004461_transit_20251225-0386-C810-LARGE-#1,2025-12-25,80812839,0386,C810,2025-12-25,2025-12-27,8,80812839|0386|C810|2025-12-25|net demand for safety|004461,20251225-0386-C810-LARGE-#1
80812840|0386|C810|2025-12-25|net demand for safety|004544_transit_20251225-0386-C810-LARGE-#1,2025-12-25,80812840,0386,C810,2025-12-25,2025-12-27,5,80812840|0386|C810|2025-12-25|net demand for safety|004544,20251225-0386-C810-LARGE-#1
80812841|0386|C810|2025-12-25|net demand for safety|004637_transit_20251225-0386-C810-LARGE-#1,2025-12-25,80812841,0386,C810,2025-12-25,2025-12-27,2,80812841|0386|C810|2025-12-25|net demand for safety|004637,20251225-0386-C810-LARGE-#1
80812846|0386|C810|2025-12-25|net demand for safety|004660_transit_20251225-0386-C810-LARGE-#1,2025-12-25,80812846,0386,C810,2025-12-25,2025-12-27,15,80812846|0386|C810|2025-12-25|net demand for safety|004660,20251225-0386-C810-LARGE-#1
21127730|0386|C810|2025-12-24|net demand for net demand for safety|002984_transit_20251225-0386-C810-LARGE-#1,2025-12-25,21127730,0386,C810,2025-12-25,2025-12-27,1,21127730|0386|C810|2025-12-24|net demand for net demand for safety|002984,20251225-0386-C810-LARGE-#1
21127730|0386|C810|2025-12-24|net demand for net demand for safety|002985_transit_20251225-0386-C810-LARGE-#1,2025-12-25,21127730,0386,C810,2025-12-25,2025-12-28,279,21127730|0386|C810|2025-12-24|net demand for net demand for safety|002985,20251225-0386-C810-LARGE-#1
21127730|0386|C810|2025-12-25|net demand for net demand for safety|003692_transit_20251225-0386-C810-LARGE-#1,2025-12-25,21127730,0386,C810,2025-12-25,2025-12-27,2,21127730|0386|C810|2025-12-25|net demand for net demand for safety|003692,20251225-0386-C810-LARGE-#1
21155895|0386|C810|2025-12-25|net demand for net demand for safety|003955_transit_20251225-0386-C810-LARGE-#1,2025-12-25,21155895,0386,C810,2025-12-25,2025-12-27,5,21155895|0386|C810|2025-12-25|net demand for net demand for safety|003955,20251225-0386-C810-LARGE-#1
21155895|0386|C810|2025-12-25|net demand for net demand for safety|003956_transit_20251225-0386-C810-LARGE-#1,2025-12-25,21155895,0386,C810,2025-12-25,2025-12-28,5,21155895|0386|C810|2025-12-25|net demand for net demand for safety|003956,20251225-0386-C810-LARGE-#1
80807090|0386|C810|2025-12-25|net demand for net demand for safety|004208_transit_20251225-0386-C810-LARGE-#1,2025-12-25,80807090,0386,C810,2025-12-25,2025-12-27,1,80807090|0386|C810|2025-12-25|net demand for net demand for safety|004208,20251225-0386-C810-LARGE-#1
80807093|0386|C810|2025-12-25|net demand for net demand for safety|004227_transit_20251225-0386-C810-LARGE-#1,2025-12-25,80807093,0386,C810,2025-12-25,2025-12-27,2,80807093|0386|C810|2025-12-25|net demand for net demand for safety|004227,20251225-0386-C810-LARGE-#1
80807090|0386|C810|2025-12-24|push replenishment|003450_transit_20251225-0386-C810-LARGE-#1,2025-12-25,80807090,0386,C810,2025-12-25,2025-12-27,5,80807090|0386|C810|2025-12-24|push replenishment|003450,20251225-0386-C810-LARGE-#1
21155895|0386|C810|2025-12-25|push replenishment|003958_transit_20251225-0386-C810-LARGE-#1,2025-12-25,21155895,0386,C810,2025-12-25,2025-12-27,4,21155895|0386|C810|2025-12-25|push replenishment|003958,20251225-0386-C810-LARGE-#1
80807093|0386|C810|2025-12-25|push replenishment|004229_transit_20251225-0386-C810-LARGE-#1,2025-12-25,80807093,0386,C810,2025-12-25,2025-12-27,91,80807093|0386|C810|2025-12-25|push replenishment|004229,20251225-0386-C810-LARGE-#1
80807097|0386|C810|2025-12-25|push replenishment|004287_transit_20251225-0386-C810-LARGE-#1,2025-12-25,80807097,0386,C810,2025-12-25,2025-12-27,1,80807097|0386|C810|2025-12-25|push replenishment|004287,20251225-0386-C810-LARGE-#1
80807110|0386|C810|2025-12-25|push replenishment|004342_transit_20251225-0386-C810-LARGE-#1,2025-12-25,80807110,0386,C810,2025-12-25,2025-12-28,7,80807110|0386|C810|2025-12-25|push replenishment|004342,20251225-0386-C810-LARGE-#1
80812839|0386|C810|2025-12-25|push replenishment|004462_transit_20251225-0386-C810-LARGE-#1,2025-12-25,80812839,0386,C810,2025-12-25,2025-12-28,18,80812839|0386|C810|2025-12-25|push replenishment|004462,20251225-0386-C810-LARGE-#1
80812840|0386|C810|2025-12-25|push replenishment|004545_transit_20251225-0386-C810-LARGE-#1,2025-12-25,80812840,0386,C810,2025-12-25,2025-12-27,24,80812840|0386|C810|2025-12-25|push replenishment|004545,20251225-0386-C810-LARGE-#1
80812846|0386|C810|2025-12-25|push replenishment|004661_transit_20251225-0386-C810-LARGE-#1,2025-12-25,80812846,0386,C810,2025-12-25,2025-12-27,23,80812846|0386|C810|2025-12-25|push replenishment|004661,20251225-0386-C810-LARGE-#1
21143102|0386|A715|2025-12-25|net demand for forecast|003775_transit_20251225-0386-A715-Train-#1,2025-12-25,21143102,0386,A715,2025-12-25,2026-01-05,1,21143102|0386|A715|2025-12-25|net demand for forecast|003775,20251225-0386-A715-Train-#1
21143102|0386|A715|2025-12-25|net demand for forecast|003776_transit_20251225-0386-A715-Train-#1,2025-12-25,21143102,0386,A715,2025-12-25,2026-01-04,1,21143102|0386|A715|2025-12-25|net demand for forecast|003776,20251225-0386-A715-Train-#1
21143102|0386|A715|2025-12-25|net demand for forecast|003777_transit_20251225-0386-A715-Train-#1,2025-12-25,21143102,0386,A715,2025-12-25,2026-01-04,2,21143102|0386|A715|2025-12-25|net demand for forecast|003777,20251225-0386-A715-Train-#1
21143102|0386|A715|2025-12-25|net demand for forecast|003778_transit_20251225-0386-A715-Train-#1,2025-12-25,21143102,0386,A715,2025-12-25,2026-01-05,2,21143102|0386|A715|2025-12-25|net demand for forecast|003778,20251225-0386-A715-Train-#1
21143102|0386|A715|2025-12-25|net demand for forecast|003779_transit_20251225-0386-A715-Train-#1,2025-12-25,21143102,0386,A715,2025-12-25,2026-01-04,2,21143102|0386|A715|2025-12-25|net demand for forecast|003779,20251225-0386-A715-Train-#1
21143102|0386|A715|2025-12-25|net demand for forecast|003780_transit_20251225-0386-A715-Train-#1,2025-12-25,21143102,0386,A715,2025-12-25,2026-01-04,2,21143102|0386|A715|2025-12-25|net demand for forecast|003780,20251225-0386-A715-Train-#1
21143102|0386|A715|2025-12-25|net demand for forecast|003781_transit_20251225-0386-A715-Train-#1,2025-12-25,21143102,0386,A715,2025-12-25,2026-01-04,2,21143102|0386|A715|2025-12-25|net demand for forecast|003781,20251225-0386-A715-Train-#1
21143102|0386|A715|2025-12-25|net demand for forecast|003782_transit_20251225-0386-A715-Train-#1,2025-12-25,21143102,0386,A715,2025-12-25,2026-01-04,2,21143102|0386|A715|2025-12-25|net demand for forecast|003782,20251225-0386-A715-Train-#1
21143102|0386|A715|2025-12-25|net demand for forecast|003783_transit_20251225-0386-A715-Train-#1,2025-12-25,21143102,0386,A715,2025-12-25,2026-01-04,2,21143102|0386|A715|2025-12-25|net demand for forecast|003783,20251225-0386-A715-Train-#1
21143102|0386|A715|2025-12-25|net demand for forecast|003784_transit_20251225-0386-A715-Train-#1,2025-12-25,21143102,0386,A715,2025-12-25,2026-01-04,2,21143102|0386|A715|2025-12-25|net demand for forecast|003784,20251225-0386-A715-Train-#1
21143102|0386|A715|2025-12-25|net demand for forecast|003785_transit_20251225-0386-A715-Train-#1,2025-12-25,21143102,0386,A715,2025-12-25,2026-01-04,2,21143102|0386|A715|2025-12-25|net demand for forecast|003785,20251225-0386-A715-Train-#1
21143102|0386|A715|2025-12-25|net demand for forecast|003786_transit_20251225-0386-A715-Train-#1,2025-12-25,21143102,0386,A715,2025-12-25,2026-01-04,2,21143102|0386|A715|2025-12-25|net demand for forecast|003786,20251225-0386-A715-Train-#1
21143102|0386|A715|2025-12-25|net demand for forecast|003787_transit_20251225-0386-A715-Train-#1,2025-12-25,21143102,0386,A715,2025-12-25,2026-01-04,2,21143102|0386|A715|2025-12-25|net demand for forecast|003787,20251225-0386-A715-Train-#1
21143102|0386|A715|2025-12-25|net demand for forecast|003788_transit_20251225-0386-A715-Train-#1,2025-12-25,21143102,0386,A715,2025-12-25,2026-01-04,2,21143102|0386|A715|2025-12-25|net demand for forecast|003788,20251225-0386-A715-Train-#1
21143102|0386|A715|2025-12-25|net demand for forecast|003789_transit_20251225-0386-A715-Train-#1,2025-12-25,21143102,0386,A715,2025-12-25,2026-01-04,2,21143102|0386|A715|2025-12-25|net demand for forecast|003789,20251225-0386-A715-Train-#1
21155895|0386|A715|2025-12-25|net demand for forecast|003908_transit_20251225-0386-A715-Train-#1,2025-12-25,21155895,0386,A715,2025-12-25,2026-01-05,1,21155895|0386|A715|2025-12-25|net demand for forecast|003908,20251225-0386-A715-Train-#1
21155895|0386|A715|2025-12-25|net demand for forecast|003909_transit_20251225-0386-A715-Train-#1,2025-12-25,21155895,0386,A715,2025-12-25,2026-01-04,1,21155895|0386|A715|2025-12-25|net demand for forecast|003909,20251225-0386-A715-Train-#1
21155895|0386|A715|2025-12-25|net demand for forecast|003910_transit_20251225-0386-A715-Train-#1,2025-12-25,21155895,0386,A715,2025-12-25,2026-01-04,1,21155895|0386|A715|2025-12-25|net demand for forecast|003910,20251225-0386-A715-Train-#1
21155895|0386|A715|2025-12-25|net demand for forecast|003911_transit_20251225-0386-A715-Train-#1,2025-12-25,21155895,0386,A715,2025-12-25,2026-01-04,1,21155895|0386|A715|2025-12-25|net demand for forecast|003911,20251225-0386-A715-Train-#1
21155895|0386|A715|2025-12-25|net demand for forecast|003912_transit_20251225-0386-A715-Train-#1,2025-12-25,21155895,0386,A715,2025-12-25,2026-01-04,1,21155895|0386|A715|2025-12-25|net demand for forecast|003912,20251225-0386-A715-Train-#1
21155895|0386|A715|2025-12-25|net demand for forecast|003913_transit_20251225-0386-A715-Train-#1,2025-12-25,21155895,0386,A715,2025-12-25,2026-01-04,1,21155895|0386|A715|2025-12-25|net demand for forecast|003913,20251225-0386-A715-Train-#1
21155895|0386|A715|2025-12-25|net demand for forecast|003914_transit_20251225-0386-A715-Train-#1,2025-12-25,21155895,0386,A715,2025-12-25,2026-01-04,1,21155895|0386|A715|2025-12-25|net demand for forecast|003914,20251225-0386-A715-Train-#1
21155895|0386|A715|2025-12-25|net demand for forecast|003915_transit_20251225-0386-A715-Train-#1,2025-12-25,21155895,0386,A715,2025-12-25,2026-01-04,1,21155895|0386|A715|2025-12-25|net demand for forecast|003915,20251225-0386-A715-Train-#1
21155895|0386|A715|2025-12-25|net demand for forecast|003916_transit_20251225-0386-A715-Train-#1,2025-12-25,21155895,0386,A715,2025-12-25,2026-01-04,1,21155895|0386|A715|2025-12-25|net demand for forecast|003916,20251225-0386-A715-Train-#1
21155895|0386|A715|2025-12-25|net demand for forecast|003917_transit_20251225-0386-A715-Train-#1,2025-12-25,21155895,0386,A715,2025-12-25,2026-01-04,1,21155895|0386|A715|2025-12-25|net demand for forecast|003917,20251225-0386-A715-Train-#1
21155895|0386|A715|2025-12-25|net demand for forecast|003918_transit_20251225-0386-A715-Train-#1,2025-12-25,21155895,0386,A715,2025-12-25,2026-01-04,1,21155895|0386|A715|2025-12-25|net demand for forecast|003918,20251225-0386-A715-Train-#1
21155895|0386|A715|2025-12-25|net demand for forecast|003919_transit_20251225-0386-A715-Train-#1,2025-12-25,21155895,0386,A715,2025-12-25,2026-01-05,1,21155895|0386|A715|2025-12-25|net demand for forecast|003919,20251225-0386-A715-Train-#1
80812839|0386|A715|2025-12-25|net demand for forecast|004429_transit_20251225-0386-A715-Train-#1,2025-12-25,80812839,0386,A715,2025-12-25,2026-01-04,1,80812839|0386|A715|2025-12-25|net demand for forecast|004429,20251225-0386-A715-Train-#1
80812839|0386|A715|2025-12-25|net demand for forecast|004430_transit_20251225-0386-A715-Train-#1,2025-12-25,80812839,0386,A715,2025-12-25,2026-01-04,1,80812839|0386|A715|2025-12-25|net demand for forecast|004430,20251225-0386-A715-Train-#1
80812839|0386|A715|2025-12-25|net demand for forecast|004431_transit_20251225-0386-A715-Train-#1,2025-12-25,80812839,0386,A715,2025-12-25,2026-01-04,1,80812839|0386|A715|2025-12-25|net demand for forecast|004431,20251225-0386-A715-Train-#1
80812839|0386|A715|2025-12-25|net demand for forecast|004432_transit_20251225-0386-A715-Train-#1,2025-12-25,80812839,0386,A715,2025-12-25,2026-01-04,1,80812839|0386|A715|2025-12-25|net demand for forecast|004432,20251225-0386-A715-Train-#1
80812839|0386|A715|2025-12-25|net demand for forecast|004433_transit_20251225-0386-A715-Train-#1,2025-12-25,80812839,0386,A715,2025-12-25,2026-01-04,1,80812839|0386|A715|2025-12-25|net demand for forecast|004433,20251225-0386-A715-Train-#1
80812839|0386|A715|2025-12-25|net demand for forecast|004434_transit_20251225-0386-A715-Train-#1,2025-12-25,80812839,0386,A715,2025-12-25,2026-01-04,1,80812839|0386|A715|2025-12-25|net demand for forecast|004434,20251225-0386-A715-Train-#1
80812839|0386|A715|2025-12-25|net demand for forecast|004435_transit_20251225-0386-A715-Train-#1,2025-12-25,80812839,0386,A715,2025-12-25,2026-01-05,1,80812839|0386|A715|2025-12-25|net demand for forecast|004435,20251225-0386-A715-Train-#1
80812839|0386|A715|2025-12-25|net demand for forecast|004436_transit_20251225-0386-A715-Train-#1,2025-12-25,80812839,0386,A715,2025-12-25,2026-01-04,1,80812839|0386|A715|2025-12-25|net demand for forecast|004436,20251225-0386-A715-Train-#1
80812839|0386|A715|2025-12-25|net demand for forecast|004437_transit_20251225-0386-A715-Train-#1,2025-12-25,80812839,0386,A715,2025-12-25,2026-01-04,1,80812839|0386|A715|2025-12-25|net demand for forecast|004437,20251225-0386-A715-Train-#1
80812839|0386|A715|2025-12-25|net demand for forecast|004438_transit_20251225-0386-A715-Train-#1,2025-12-25,80812839,0386,A715,2025-12-25,2026-01-04,1,80812839|0386|A715|2025-12-25|net demand for forecast|004438,20251225-0386-A715-Train-#1
80812839|0386|A715|2025-12-25|net demand for forecast|004439_transit_20251225-0386-A715-Train-#1,2025-12-25,80812839,0386,A715,2025-12-25,2026-01-05,1,80812839|0386|A715|2025-12-25|net demand for forecast|004439,20251225-0386-A715-Train-#1
80812839|0386|A715|2025-12-25|net demand for forecast|004440_transit_20251225-0386-A715-Train-#1,2025-12-25,80812839,0386,A715,2025-12-25,2026-01-04,1,80812839|0386|A715|2025-12-25|net demand for forecast|004440,20251225-0386-A715-Train-#1
80812839|0386|A715|2025-12-25|net demand for forecast|004441_transit_20251225-0386-A715-Train-#1,2025-12-25,80812839,0386,A715,2025-12-25,2026-01-04,1,80812839|0386|A715|2025-12-25|net demand for forecast|004441,20251225-0386-A715-Train-#1
80812839|0386|A715|2025-12-25|net demand for forecast|004442_transit_20251225-0386-A715-Train-#1,2025-12-25,80812839,0386,A715,2025-12-25,2026-01-04,1,80812839|0386|A715|2025-12-25|net demand for forecast|004442,20251225-0386-A715-Train-#1
80812839|0386|A715|2025-12-25|net demand for forecast|004443_transit_20251225-0386-A715-Train-#1,2025-12-25,80812839,0386,A715,2025-12-25,2026-01-04,1,80812839|0386|A715|2025-12-25|net demand for forecast|004443,20251225-0386-A715-Train-#1
80812839|0386|A715|2025-12-25|net demand for forecast|004444_transit_20251225-0386-A715-Train-#1,2025-12-25,80812839,0386,A715,2025-12-25,2026-01-04,1,80812839|0386|A715|2025-12-25|net demand for forecast|004444,20251225-0386-A715-Train-#1
80812839|0386|A715|2025-12-25|net demand for forecast|004445_transit_20251225-0386-A715-Train-#1,2025-12-25,80812839,0386,A715,2025-12-25,2026-01-04,1,80812839|0386|A715|2025-12-25|net demand for forecast|004445,20251225-0386-A715-Train-#1
80812839|0386|A715|2025-12-25|net demand for forecast|004446_transit_20251225-0386-A715-Train-#1,2025-12-25,80812839,0386,A715,2025-12-25,2026-01-04,1,80812839|0386|A715|2025-12-25|net demand for forecast|004446,20251225-0386-A715-Train-#1
80812839|0386|A715|2025-12-25|net demand for forecast|004447_transit_20251225-0386-A715-Train-#1,2025-12-25,80812839,0386,A715,2025-12-25,2026-01-04,1,80812839|0386|A715|2025-12-25|net demand for forecast|004447,20251225-0386-A715-Train-#1
80812840|0386|A715|2025-12-25|net demand for forecast|004495_transit_20251225-0386-A715-Train-#1,2025-12-25,80812840,0386,A715,2025-12-25,2026-01-04,1,80812840|0386|A715|2025-12-25|net demand for forecast|004495,20251225-0386-A715-Train-#1
80812840|0386|A715|2025-12-25|net demand for forecast|004496_transit_20251225-0386-A715-Train-#1,2025-12-25,80812840,0386,A715,2025-12-25,2026-01-04,1,80812840|0386|A715|2025-12-25|net demand for forecast|004496,20251225-0386-A715-Train-#1
80812840|0386|A715|2025-12-25|net demand for forecast|004497_transit_20251225-0386-A715-Train-#1,2025-12-25,80812840,0386,A715,2025-12-25,2026-01-04,1,80812840|0386|A715|2025-12-25|net demand for forecast|004497,20251225-0386-A715-Train-#1
80812840|0386|A715|2025-12-25|net demand for forecast|004498_transit_20251225-0386-A715-Train-#1,2025-12-25,80812840,0386,A715,2025-12-25,2026-01-04,1,80812840|0386|A715|2025-12-25|net demand for forecast|004498,20251225-0386-A715-Train-#1
80812840|0386|A715|2025-12-25|net demand for forecast|004499_transit_20251225-0386-A715-Train-#1,2025-12-25,80812840,0386,A715,2025-12-25,2026-01-04,1,80812840|0386|A715|2025-12-25|net demand for forecast|004499,20251225-0386-A715-Train-#1
80812840|0386|A715|2025-12-25|net demand for forecast|004500_transit_20251225-0386-A715-Train-#1,2025-12-25,80812840,0386,A715,2025-12-25,2026-01-04,1,80812840|0386|A715|2025-12-25|net demand for forecast|004500,20251225-0386-A715-Train-#1
80812840|0386|A715|2025-12-25|net demand for forecast|004501_transit_20251225-0386-A715-Train-#1,2025-12-25,80812840,0386,A715,2025-12-25,2026-01-04,1,80812840|0386|A715|2025-12-25|net demand for forecast|004501,20251225-0386-A715-Train-#1
80812840|0386|A715|2025-12-25|net demand for forecast|004502_transit_20251225-0386-A715-Train-#1,2025-12-25,80812840,0386,A715,2025-12-25,2026-01-04,1,80812840|0386|A715|2025-12-25|net demand for forecast|004502,20251225-0386-A715-Train-#1
80812840|0386|A715|2025-12-25|net demand for forecast|004503_transit_20251225-0386-A715-Train-#1,2025-12-25,80812840,0386,A715,2025-12-25,2026-01-04,1,80812840|0386|A715|2025-12-25|net demand for forecast|004503,20251225-0386-A715-Train-#1
80812840|0386|A715|2025-12-25|net demand for forecast|004504_transit_20251225-0386-A715-Train-#1,2025-12-25,80812840,0386,A715,2025-12-25,2026-01-04,1,80812840|0386|A715|2025-12-25|net demand for forecast|004504,20251225-0386-A715-Train-#1
80812840|0386|A715|2025-12-25|net demand for forecast|004505_transit_20251225-0386-A715-Train-#1,2025-12-25,80812840,0386,A715,2025-12-25,2026-01-04,1,80812840|0386|A715|2025-12-25|net demand for forecast|004505,20251225-0386-A715-Train-#1
80812840|0386|A715|2025-12-25|net demand for forecast|004506_transit_20251225-0386-A715-Train-#1,2025-12-25,80812840,0386,A715,2025-12-25,2026-01-04,1,80812840|0386|A715|2025-12-25|net demand for forecast|004506,20251225-0386-A715-Train-#1
80812840|0386|A715|2025-12-25|net demand for forecast|004507_transit_20251225-0386-A715-Train-#1,2025-12-25,80812840,0386,A715,2025-12-25,2026-01-04,1,80812840|0386|A715|2025-12-25|net demand for forecast|004507,20251225-0386-A715-Train-#1
80812840|0386|A715|2025-12-25|net demand for forecast|004508_transit_20251225-0386-A715-Train-#1,2025-12-25,80812840,0386,A715,2025-12-25,2026-01-05,1,80812840|0386|A715|2025-12-25|net demand for forecast|004508,20251225-0386-A715-Train-#1
80812840|0386|A715|2025-12-25|net demand for forecast|004509_transit_20251225-0386-A715-Train-#1,2025-12-25,80812840,0386,A715,2025-12-25,2026-01-04,1,80812840|0386|A715|2025-12-25|net demand for forecast|004509,20251225-0386-A715-Train-#1
80812840|0386|A715|2025-12-25|net demand for forecast|004510_transit_20251225-0386-A715-Train-#1,2025-12-25,80812840,0386,A715,2025-12-25,2026-01-04,1,80812840|0386|A715|2025-12-25|net demand for forecast|004510,20251225-0386-A715-Train-#1
80812840|0386|A715|2025-12-25|net demand for forecast|004511_transit_20251225-0386-A715-Train-#1,2025-12-25,80812840,0386,A715,2025-12-25,2026-01-04,1,80812840|0386|A715|2025-12-25|net demand for forecast|004511,20251225-0386-A715-Train-#1
80812840|0386|A715|2025-12-25|net demand for forecast|004512_transit_20251225-0386-A715-Train-#1,2025-12-25,80812840,0386,A715,2025-12-25,2026-01-04,1,80812840|0386|A715|2025-12-25|net demand for forecast|004512,20251225-0386-A715-Train-#1
80812840|0386|A715|2025-12-25|net demand for forecast|004513_transit_20251225-0386-A715-Train-#1,2025-12-25,80812840,0386,A715,2025-12-25,2026-01-04,1,80812840|0386|A715|2025-12-25|net demand for forecast|004513,20251225-0386-A715-Train-#1
80812840|0386|A715|2025-12-25|net demand for forecast|004514_transit_20251225-0386-A715-Train-#1,2025-12-25,80812840,0386,A715,2025-12-25,2026-01-04,1,80812840|0386|A715|2025-12-25|net demand for forecast|004514,20251225-0386-A715-Train-#1
80812841|0386|A715|2025-12-25|net demand for forecast|004589_transit_20251225-0386-A715-Train-#1,2025-12-25,80812841,0386,A715,2025-12-25,2026-01-04,2,80812841|0386|A715|2025-12-25|net demand for forecast|004589,20251225-0386-A715-Train-#1
80812841|0386|A715|2025-12-25|net demand for forecast|004590_transit_20251225-0386-A715-Train-#1,2025-12-25,80812841,0386,A715,2025-12-25,2026-01-04,2,80812841|0386|A715|2025-12-25|net demand for forecast|004590,20251225-0386-A715-Train-#1
80812841|0386|A715|2025-12-25|net demand for forecast|004591_transit_20251225-0386-A715-Train-#1,2025-12-25,80812841,0386,A715,2025-12-25,2026-01-04,3,80812841|0386|A715|2025-12-25|net demand for forecast|004591,20251225-0386-A715-Train-#1
80812841|0386|A715|2025-12-25|net demand for forecast|004592_transit_20251225-0386-A715-Train-#1,2025-12-25,80812841,0386,A715,2025-12-25,2026-01-04,3,80812841|0386|A715|2025-12-25|net demand for forecast|004592,20251225-0386-A715-Train-#1
80812841|0386|A715|2025-12-25|net demand for forecast|004593_transit_20251225-0386-A715-Train-#1,2025-12-25,80812841,0386,A715,2025-12-25,2026-01-04,3,80812841|0386|A715|2025-12-25|net demand for forecast|004593,20251225-0386-A715-Train-#1
80812841|0386|A715|2025-12-25|net demand for forecast|004594_transit_20251225-0386-A715-Train-#1,2025-12-25,80812841,0386,A715,2025-12-25,2026-01-04,4,80812841|0386|A715|2025-12-25|net demand for forecast|004594,20251225-0386-A715-Train-#1
80812841|0386|A715|2025-12-25|net demand for forecast|004595_transit_20251225-0386-A715-Train-#1,2025-12-25,80812841,0386,A715,2025-12-25,2026-01-04,4,80812841|0386|A715|2025-12-25|net demand for forecast|004595,20251225-0386-A715-Train-#1
80812841|0386|A715|2025-12-25|net demand for forecast|004596_transit_20251225-0386-A715-Train-#1,2025-12-25,80812841,0386,A715,2025-12-25,2026-01-04,4,80812841|0386|A715|2025-12-25|net demand for forecast|004596,20251225-0386-A715-Train-#1
80812841|0386|A715|2025-12-25|net demand for forecast|004597_transit_20251225-0386-A715-Train-#1,2025-12-25,80812841,0386,A715,2025-12-25,2026-01-04,4,80812841|0386|A715|2025-12-25|net demand for forecast|004597,20251225-0386-A715-Train-#1
80812841|0386|A715|2025-12-25|net demand for forecast|004598_transit_20251225-0386-A715-Train-#1,2025-12-25,80812841,0386,A715,2025-12-25,2026-01-04,4,80812841|0386|A715|2025-12-25|net demand for forecast|004598,20251225-0386-A715-Train-#1
80812841|0386|A715|2025-12-25|net demand for forecast|004599_transit_20251225-0386-A715-Train-#1,2025-12-25,80812841,0386,A715,2025-12-25,2026-01-04,4,80812841|0386|A715|2025-12-25|net demand for forecast|004599,20251225-0386-A715-Train-#1
80812841|0386|A715|2025-12-25|net demand for forecast|004600_transit_20251225-0386-A715-Train-#1,2025-12-25,80812841,0386,A715,2025-12-25,2026-01-04,4,80812841|0386|A715|2025-12-25|net demand for forecast|004600,20251225-0386-A715-Train-#1
80812841|0386|A715|2025-12-25|net demand for forecast|004601_transit_20251225-0386-A715-Train-#1,2025-12-25,80812841,0386,A715,2025-12-25,2026-01-04,4,80812841|0386|A715|2025-12-25|net demand for forecast|004601,20251225-0386-A715-Train-#1
80812841|0386|A715|2025-12-25|net demand for forecast|004602_transit_20251225-0386-A715-Train-#1,2025-12-25,80812841,0386,A715,2025-12-25,2026-01-04,5,80812841|0386|A715|2025-12-25|net demand for forecast|004602,20251225-0386-A715-Train-#1
80812841|0386|A715|2025-12-25|net demand for forecast|004603_transit_20251225-0386-A715-Train-#1,2025-12-25,80812841,0386,A715,2025-12-25,2026-01-04,5,80812841|0386|A715|2025-12-25|net demand for forecast|004603,20251225-0386-A715-Train-#1
80812841|0386|A715|2025-12-25|net demand for forecast|004604_transit_20251225-0386-A715-Train-#1,2025-12-25,80812841,0386,A715,2025-12-25,2026-01-04,5,80812841|0386|A715|2025-12-25|net demand for forecast|004604,20251225-0386-A715-Train-#1
80812841|0386|A715|2025-12-25|net demand for forecast|004605_transit_20251225-0386-A715-Train-#1,2025-12-25,80812841,0386,A715,2025-12-25,2026-01-04,5,80812841|0386|A715|2025-12-25|net demand for forecast|004605,20251225-0386-A715-Train-#1
80812841|0386|A715|2025-12-25|net demand for forecast|004606_transit_20251225-0386-A715-Train-#1,2025-12-25,80812841,0386,A715,2025-12-25,2026-01-04,5,80812841|0386|A715|2025-12-25|net demand for forecast|004606,20251225-0386-A715-Train-#1
80812841|0386|A715|2025-12-25|net demand for forecast|004607_transit_20251225-0386-A715-Train-#1,2025-12-25,80812841,0386,A715,2025-12-25,2026-01-04,5,80812841|0386|A715|2025-12-25|net demand for forecast|004607,20251225-0386-A715-Train-#1
80812841|0386|A715|2025-12-25|net demand for forecast|004608_transit_20251225-0386-A715-Train-#1,2025-12-25,80812841,0386,A715,2025-12-25,2026-01-04,5,80812841|0386|A715|2025-12-25|net demand for forecast|004608,20251225-0386-A715-Train-#1
80812841|0386|A715|2025-12-25|net demand for forecast|004609_transit_20251225-0386-A715-Train-#1,2025-12-25,80812841,0386,A715,2025-12-25,2026-01-04,5,80812841|0386|A715|2025-12-25|net demand for forecast|004609,20251225-0386-A715-Train-#1
21143102|0386|A715|2025-12-25|net demand for safety|003790_transit_20251225-0386-A715-Train-#1,2025-12-25,21143102,0386,A715,2025-12-25,2026-01-04,13,21143102|0386|A715|2025-12-25|net demand for safety|003790,20251225-0386-A715-Train-#1
21155895|0386|A715|2025-12-25|net demand for safety|003920_transit_20251225-0386-A715-Train-#1,2025-12-25,21155895,0386,A715,2025-12-25,2026-01-04,6,21155895|0386|A715|2025-12-25|net demand for safety|003920,20251225-0386-A715-Train-#1
80807097|0386|A715|2025-12-25|net demand for safety|004282_transit_20251225-0386-A715-Train-#1,2025-12-25,80807097,0386,A715,2025-12-25,2026-01-04,12,80807097|0386|A715|2025-12-25|net demand for safety|004282,20251225-0386-A715-Train-#1
80807110|0386|A715|2025-12-25|net demand for safety|004318_transit_20251225-0386-A715-Train-#1,2025-12-25,80807110,0386,A715,2025-12-25,2026-01-04,54,80807110|0386|A715|2025-12-25|net demand for safety|004318,20251225-0386-A715-Train-#1
80807117|0386|A715|2025-12-25|net demand for safety|004344_transit_20251225-0386-A715-Train-#1,2025-12-25,80807117,0386,A715,2025-12-25,2026-01-04,14,80807117|0386|A715|2025-12-25|net demand for safety|004344,20251225-0386-A715-Train-#1
80812103|0386|A715|2025-12-25|net demand for safety|004377_transit_20251225-0386-A715-Train-#1,2025-12-25,80812103,0386,A715,2025-12-25,2026-01-04,8,80812103|0386|A715|2025-12-25|net demand for safety|004377,20251225-0386-A715-Train-#1
80812839|0386|A715|2025-12-25|net demand for safety|004448_transit_20251225-0386-A715-Train-#1,2025-12-25,80812839,0386,A715,2025-12-25,2026-01-04,23,80812839|0386|A715|2025-12-25|net demand for safety|004448,20251225-0386-A715-Train-#1
80812840|0386|A715|2025-12-25|net demand for safety|004515_transit_20251225-0386-A715-Train-#1,2025-12-25,80812840,0386,A715,2025-12-25,2026-01-04,19,80812840|0386|A715|2025-12-25|net demand for safety|004515,20251225-0386-A715-Train-#1
80812841|0386|A715|2025-12-25|net demand for safety|004610_transit_20251225-0386-A715-Train-#1,2025-12-25,80812841,0386,A715,2025-12-25,2026-01-04,37,80812841|0386|A715|2025-12-25|net demand for safety|004610,20251225-0386-A715-Train-#1
80812846|0386|A715|2025-12-25|net demand for safety|004656_transit_20251225-0386-A715-Train-#1,2025-12-25,80812846,0386,A715,2025-12-25,2026-01-04,77,80812846|0386|A715|2025-12-25|net demand for safety|004656,20251225-0386-A715-Train-#1
21155895|0386|A715|2025-12-25|push replenishment|003921_transit_20251225-0386-A715-Train-#1,2025-12-25,21155895,0386,A715,2025-12-25,2026-01-04,7,21155895|0386|A715|2025-12-25|push replenishment|003921,20251225-0386-A715-Train-#1
21442422|0386|A715|2025-12-25|push replenishment|004116_transit_20251225-0386-A715-Train-#1,2025-12-25,21442422,0386,A715,2025-12-25,2026-01-04,234,21442422|0386|A715|2025-12-25|push replenishment|004116,20251225-0386-A715-Train-#1
80807093|0386|A715|2025-12-25|push replenishment|004210_transit_20251225-0386-A715-Train-#1,2025-12-25,80807093,0386,A715,2025-12-25,2026-01-04,53,80807093|0386|A715|2025-12-25|push replenishment|004210,20251225-0386-A715-Train-#1
80807097|0386|A715|2025-12-25|push replenishment|004283_transit_20251225-0386-A715-Train-#1,2025-12-25,80807097,0386,A715,2025-12-25,2026-01-04,21,80807097|0386|A715|2025-12-25|push replenishment|004283,20251225-0386-A715-Train-#1
80807110|0386|A715|2025-12-25|push replenishment|004319_transit_20251225-0386-A715-Train-#1,2025-12-25,80807110,0386,A715,2025-12-25,2026-01-04,110,80807110|0386|A715|2025-12-25|push replenishment|004319,20251225-0386-A715-Train-#1
80807117|0386|A715|2025-12-25|push replenishment|004345_transit_20251225-0386-A715-Train-#1,2025-12-25,80807117,0386,A715,2025-12-25,2026-01-04,239,80807117|0386|A715|2025-12-25|push replenishment|004345,20251225-0386-A715-Train-#1
80812103|0386|A715|2025-12-25|push replenishment|004378_transit_20251225-0386-A715-Train-#1,2025-12-25,80812103,0386,A715,2025-12-25,2026-01-04,9,80812103|0386|A715|2025-12-25|push replenishment|004378,20251225-0386-A715-Train-#1
80812839|0386|A715|2025-12-25|push replenishment|004449_transit_20251225-0386-A715-Train-#1,2025-12-25,80812839,0386,A715,2025-12-25,2026-01-04,53,80812839|0386|A715|2025-12-25|push replenishment|004449,20251225-0386-A715-Train-#1
80812840|0386|A715|2025-12-25|push replenishment|004516_transit_20251225-0386-A715-Train-#1,2025-12-25,80812840,0386,A715,2025-12-25,2026-01-04,104,80812840|0386|A715|2025-12-25|push replenishment|004516,20251225-0386-A715-Train-#1
80812846|0386|A715|2025-12-25|push replenishment|004657_transit_20251225-0386-A715-Train-#1,2025-12-25,80812846,0386,A715,2025-12-25,2026-01-04,180,80812846|0386|A715|2025-12-25|push replenishment|004657,20251225-0386-A715-Train-#1
